session_id,predicted_ts,score
ses_20260630-121953-LAPTOP-R36BQBTE,2026-06-30 12:20:11.821000+00:00,3.0
ses_20260630-121953-LAPTOP-R36BQBTE,2026-06-30 12:21:11.821000+00:00,12.0
ses_20260630-121953-LAPTOP-R36BQBTE,2026-06-30 12:21:43.821000+00:00,13.0
ses_20260630-121953-LAPTOP-R36BQBTE,2026-06-30 12:22:17.821000+00:00,13.0
ses_20260630-121953-LAPTOP-R36BQBTE,2026-06-30 12:23:45.821000+00:00,13.0
ses_20260630-121953-LAPTOP-R36BQBTE,2026-06-30 12:23:55.821000+00:00,3.25
ses_20260630-121953-LAPTOP-R36BQBTE,2026-06-30 12:24:13.821000+00:00,12.5
ses_20260630-121953-LAPTOP-R36BQBTE,2026-06-30 12:24:19.821000+00:00,12.0
ses_20260630-121953-LAPTOP-R36BQBTE,2026-06-30 12:24:23.821000+00:00,11.0
ses_20260630-121953-LAPTOP-R36BQBTE,2026-06-30 12:26:01.821000+00:00,13.0
ses_20260630-121953-LAPTOP-R36BQBTE,2026-06-30 12:26:23.821000+00:00,9.0
ses_20260630-121953-LAPTOP-R36BQBTE,2026-06-30 12:26:31.821000+00:00,12.0
ses_20260630-121953-LAPTOP-R36BQBTE,2026-06-30 12:26:35.821000+00:00,13.5
ses_20260630-121953-LAPTOP-R36BQBTE,2026-06-30 12:26:57.821000+00:00,12.0
ses_20260630-121953-LAPTOP-R36BQBTE,2026-06-30 12:27:17.821000+00:00,3.0
ses_20260630-121953-LAPTOP-R36BQBTE,2026-06-30 12:27:23.821000+00:00,13.0
ses_20260630-121953-LAPTOP-R36BQBTE,2026-06-30 12:27:39.821000+00:00,12.0
ses_20260630-121953-LAPTOP-R36BQBTE,2026-06-30 12:28:21.821000+00:00,13.5
ses_20260630-121953-LAPTOP-R36BQBTE,2026-06-30 12:28:33.821000+00:00,10.5
ses_20260630-121953-LAPTOP-R36BQBTE,2026-06-30 12:29:47.821000+00:00,13.0
ses_20260630-121953-LAPTOP-R36BQBTE,2026-06-30 12:29:51.821000+00:00,13.0
ses_20260630-121953-LAPTOP-R36BQBTE,2026-06-30 12:30:07.821000+00:00,9.0
ses_20260630-121953-LAPTOP-R36BQBTE,2026-06-30 12:32:21.821000+00:00,13.0
ses_20260630-121953-LAPTOP-R36BQBTE,2026-06-30 12:33:13.821000+00:00,14.0
ses_20260630-121953-LAPTOP-R36BQBTE,2026-06-30 12:33:17.821000+00:00,12.0
ses_20260630-121953-LAPTOP-R36BQBTE,2026-06-30 12:33:45.821000+00:00,9.5
ses_20260630-121953-LAPTOP-R36BQBTE,2026-06-30 12:34:27.821000+00:00,14.0
ses_20260630-121953-LAPTOP-R36BQBTE,2026-06-30 12:36:19.821000+00:00,8.0
ses_20260630-121953-LAPTOP-R36BQBTE,2026-06-30 12:36:27.821000+00:00,13.0
ses_20260630-121953-LAPTOP-R36BQBTE,2026-06-30 12:36:31.821000+00:00,12.0
ses_20260630-121953-LAPTOP-R36BQBTE,2026-06-30 12:36:59.821000+00:00,11.0
ses_20260630-121953-LAPTOP-R36BQBTE,2026-06-30 12:37:21.821000+00:00,11.0
ses_20260630-121953-LAPTOP-R36BQBTE,2026-06-30 12:37:57.821000+00:00,3.0
ses_20260630-121953-LAPTOP-R36BQBTE,2026-06-30 12:38:01.821000+00:00,14.0
ses_20260630-121953-LAPTOP-R36BQBTE,2026-06-30 12:38:31.821000+00:00,7.5
ses_20260630-121953-LAPTOP-R36BQBTE,2026-06-30 12:39:09.821000+00:00,13.0
ses_20260630-121953-LAPTOP-R36BQBTE,2026-06-30 12:39:13.821000+00:00,11.0
ses_20260630-121953-LAPTOP-R36BQBTE,2026-06-30 12:39:27.821000+00:00,13.0
ses_20260630-121953-LAPTOP-R36BQBTE,2026-06-30 12:41:15.821000+00:00,13.5
ses_20260630-121953-LAPTOP-R36BQBTE,2026-06-30 12:45:01.821000+00:00,5.0
ses_20260630-124826-CHAITANYA0BCF,2026-06-30 12:49:20.691000+00:00,14.0
ses_20260630-124826-CHAITANYA0BCF,2026-06-30 12:49:50.691000+00:00,14.0
ses_20260630-124826-CHAITANYA0BCF,2026-06-30 12:50:16.691000+00:00,14.0
ses_20260630-124826-CHAITANYA0BCF,2026-06-30 12:51:00.691000+00:00,14.0
ses_20260630-124826-CHAITANYA0BCF,2026-06-30 12:51:28.691000+00:00,11.0
ses_20260630-124826-CHAITANYA0BCF,2026-06-30 12:51:52.691000+00:00,13.0
ses_20260630-124826-CHAITANYA0BCF,2026-06-30 12:53:14.691000+00:00,14.0
ses_20260630-124826-CHAITANYA0BCF,2026-06-30 12:53:38.691000+00:00,14.0
ses_20260630-124826-CHAITANYA0BCF,2026-06-30 12:54:46.691000+00:00,13.0
ses_20260630-124826-CHAITANYA0BCF,2026-06-30 12:55:12.691000+00:00,13.0
ses_20260630-124826-CHAITANYA0BCF,2026-06-30 12:56:28.691000+00:00,10.0
ses_20260630-124826-CHAITANYA0BCF,2026-06-30 12:56:40.691000+00:00,13.0
ses_20260630-124826-CHAITANYA0BCF,2026-06-30 12:57:08.691000+00:00,13.5
ses_20260630-124826-CHAITANYA0BCF,2026-06-30 12:57:28.691000+00:00,13.0
ses_20260630-124826-CHAITANYA0BCF,2026-06-30 12:57:36.691000+00:00,12.0
ses_20260630-124826-CHAITANYA0BCF,2026-06-30 12:58:04.691000+00:00,12.0
ses_20260630-124826-CHAITANYA0BCF,2026-06-30 12:58:08.691000+00:00,13.0
ses_20260630-124826-CHAITANYA0BCF,2026-06-30 12:58:28.691000+00:00,13.0
ses_20260630-124826-CHAITANYA0BCF,2026-06-30 12:59:20.691000+00:00,14.0
ses_20260630-124826-CHAITANYA0BCF,2026-06-30 12:59:28.691000+00:00,14.0
ses_20260630-124826-CHAITANYA0BCF,2026-06-30 12:59:32.691000+00:00,13.0
ses_20260630-124826-CHAITANYA0BCF,2026-06-30 12:59:54.691000+00:00,13.0
ses_20260630-124826-CHAITANYA0BCF,2026-06-30 13:00:34.691000+00:00,14.0
ses_20260630-124826-CHAITANYA0BCF,2026-06-30 13:00:54.691000+00:00,13.0
ses_20260630-124826-CHAITANYA0BCF,2026-06-30 13:01:04.691000+00:00,13.0
ses_20260630-124826-CHAITANYA0BCF,2026-06-30 13:01:26.691000+00:00,13.0
ses_20260630-124826-CHAITANYA0BCF,2026-06-30 13:02:34.691000+00:00,14.0
ses_20260630-124826-CHAITANYA0BCF,2026-06-30 13:02:44.691000+00:00,13.0
ses_20260630-124826-CHAITANYA0BCF,2026-06-30 13:03:50.691000+00:00,12.0
ses_20260630-124826-CHAITANYA0BCF,2026-06-30 13:04:04.691000+00:00,11.0
ses_20260630-124826-CHAITANYA0BCF,2026-06-30 13:04:24.691000+00:00,13.0
ses_20260630-124826-CHAITANYA0BCF,2026-06-30 13:05:02.691000+00:00,13.0
ses_20260630-124826-CHAITANYA0BCF,2026-06-30 13:05:20.691000+00:00,3.0
ses_20260630-124826-CHAITANYA0BCF,2026-06-30 13:05:26.691000+00:00,13.0
ses_20260630-124826-CHAITANYA0BCF,2026-06-30 13:05:34.691000+00:00,14.0
ses_20260630-124826-CHAITANYA0BCF,2026-06-30 13:05:58.691000+00:00,13.0
ses_20260630-124826-CHAITANYA0BCF,2026-06-30 13:06:28.691000+00:00,13.0
ses_20260630-124826-CHAITANYA0BCF,2026-06-30 13:06:36.691000+00:00,12.0
ses_20260630-124826-CHAITANYA0BCF,2026-06-30 13:07:06.691000+00:00,14.0
ses_20260630-124826-CHAITANYA0BCF,2026-06-30 13:07:14.691000+00:00,14.0
ses_20260630-124826-CHAITANYA0BCF,2026-06-30 13:07:38.691000+00:00,14.0
ses_20260630-124826-CHAITANYA0BCF,2026-06-30 13:07:42.691000+00:00,13.0
ses_20260630-124826-CHAITANYA0BCF,2026-06-30 13:08:10.691000+00:00,9.0
ses_20260630-124826-CHAITANYA0BCF,2026-06-30 13:08:24.691000+00:00,13.0
ses_20260630-124826-CHAITANYA0BCF,2026-06-30 13:08:52.691000+00:00,14.0
ses_20260630-124826-CHAITANYA0BCF,2026-06-30 13:09:24.691000+00:00,14.0
ses_20260630-124826-CHAITANYA0BCF,2026-06-30 13:10:28.691000+00:00,14.0
ses_20260630-125757-LAPTOP-R36BQBTE,2026-06-30 12:58:09.404000+00:00,9.25
ses_20260630-125757-LAPTOP-R36BQBTE,2026-06-30 12:59:09.404000+00:00,12.0
ses_20260630-125757-LAPTOP-R36BQBTE,2026-06-30 12:59:33.404000+00:00,12.0
ses_20260630-125757-LAPTOP-R36BQBTE,2026-06-30 13:00:07.404000+00:00,13.0
ses_20260630-125757-LAPTOP-R36BQBTE,2026-06-30 13:00:15.404000+00:00,13.0
ses_20260630-125757-LAPTOP-R36BQBTE,2026-06-30 13:00:43.404000+00:00,13.0
ses_20260630-125757-LAPTOP-R36BQBTE,2026-06-30 13:01:31.404000+00:00,12.0
ses_20260630-125757-LAPTOP-R36BQBTE,2026-06-30 13:01:55.404000+00:00,13.0
ses_20260630-125757-LAPTOP-R36BQBTE,2026-06-30 13:02:27.404000+00:00,12.0
ses_20260630-125757-LAPTOP-R36BQBTE,2026-06-30 13:03:39.404000+00:00,11.0
ses_20260630-125757-LAPTOP-R36BQBTE,2026-06-30 13:03:43.404000+00:00,13.5
ses_20260630-125757-LAPTOP-R36BQBTE,2026-06-30 13:04:03.404000+00:00,13.5
ses_20260630-125757-LAPTOP-R36BQBTE,2026-06-30 13:04:13.404000+00:00,13.0
ses_20260630-125757-LAPTOP-R36BQBTE,2026-06-30 13:06:09.404000+00:00,11.0
ses_20260630-125757-LAPTOP-R36BQBTE,2026-06-30 13:06:43.404000+00:00,12.5
ses_20260630-125757-LAPTOP-R36BQBTE,2026-06-30 13:07:19.404000+00:00,13.0
ses_20260630-125757-LAPTOP-R36BQBTE,2026-06-30 13:08:05.404000+00:00,13.0
ses_20260630-125757-LAPTOP-R36BQBTE,2026-06-30 13:08:43.404000+00:00,12.0
ses_20260630-125757-LAPTOP-R36BQBTE,2026-06-30 13:08:59.404000+00:00,13.0
ses_20260630-125757-LAPTOP-R36BQBTE,2026-06-30 13:09:07.404000+00:00,13.0
ses_20260630-125757-LAPTOP-R36BQBTE,2026-06-30 13:09:11.404000+00:00,13.0
ses_20260630-125757-LAPTOP-R36BQBTE,2026-06-30 13:09:33.404000+00:00,13.0
ses_20260630-125757-LAPTOP-R36BQBTE,2026-06-30 13:09:37.404000+00:00,13.0
ses_20260630-125757-LAPTOP-R36BQBTE,2026-06-30 13:10:07.404000+00:00,14.0
ses_20260630-125757-LAPTOP-R36BQBTE,2026-06-30 13:10:15.404000+00:00,13.0
ses_20260630-125757-LAPTOP-R36BQBTE,2026-06-30 13:10:45.404000+00:00,14.0
ses_20260630-125757-LAPTOP-R36BQBTE,2026-06-30 13:10:49.404000+00:00,12.0
ses_20260630-125757-LAPTOP-R36BQBTE,2026-06-30 13:12:19.404000+00:00,13.5
ses_20260630-125757-LAPTOP-R36BQBTE,2026-06-30 13:12:45.404000+00:00,12.0
ses_20260630-125757-LAPTOP-R36BQBTE,2026-06-30 13:13:05.404000+00:00,13.0
ses_20260630-125757-LAPTOP-R36BQBTE,2026-06-30 13:14:15.404000+00:00,13.0
ses_20260630-125757-LAPTOP-R36BQBTE,2026-06-30 13:14:53.404000+00:00,11.0
ses_20260630-125757-LAPTOP-R36BQBTE,2026-06-30 13:15:01.404000+00:00,13.0
ses_20260630-125757-LAPTOP-R36BQBTE,2026-06-30 13:15:45.404000+00:00,13.0
ses_20260630-125757-LAPTOP-R36BQBTE,2026-06-30 13:17:19.404000+00:00,5.5
ses_20260630-131729-CHAITANYA0BCF,2026-06-30 13:18:23.721000+00:00,14.0
ses_20260630-131729-CHAITANYA0BCF,2026-06-30 13:18:57.721000+00:00,13.0
ses_20260630-131729-CHAITANYA0BCF,2026-06-30 13:19:47.721000+00:00,13.0
ses_20260630-131729-CHAITANYA0BCF,2026-06-30 13:19:53.721000+00:00,14.0
ses_20260630-131729-CHAITANYA0BCF,2026-06-30 13:19:57.721000+00:00,14.0
ses_20260630-131729-CHAITANYA0BCF,2026-06-30 13:20:43.721000+00:00,11.0
ses_20260630-131729-CHAITANYA0BCF,2026-06-30 13:20:49.721000+00:00,13.0
ses_20260630-131729-CHAITANYA0BCF,2026-06-30 13:20:53.721000+00:00,12.0
ses_20260630-131729-CHAITANYA0BCF,2026-06-30 13:21:45.721000+00:00,12.0
ses_20260630-131729-CHAITANYA0BCF,2026-06-30 13:21:53.721000+00:00,14.0
ses_20260630-131729-CHAITANYA0BCF,2026-06-30 13:21:57.721000+00:00,13.0
ses_20260630-131729-CHAITANYA0BCF,2026-06-30 13:22:41.721000+00:00,11.0
ses_20260630-131729-CHAITANYA0BCF,2026-06-30 13:22:59.721000+00:00,14.0
ses_20260630-131729-CHAITANYA0BCF,2026-06-30 13:23:33.721000+00:00,13.0
ses_20260630-131729-CHAITANYA0BCF,2026-06-30 13:24:39.721000+00:00,12.0
ses_20260630-131729-CHAITANYA0BCF,2026-06-30 13:24:43.721000+00:00,13.0
ses_20260630-131729-CHAITANYA0BCF,2026-06-30 13:25:17.721000+00:00,14.0
ses_20260630-131729-CHAITANYA0BCF,2026-06-30 13:25:21.721000+00:00,13.0
ses_20260630-131729-CHAITANYA0BCF,2026-06-30 13:25:45.721000+00:00,13.0
ses_20260630-131729-CHAITANYA0BCF,2026-06-30 13:25:53.721000+00:00,13.0
ses_20260630-131729-CHAITANYA0BCF,2026-06-30 13:26:19.721000+00:00,3.0
ses_20260630-131729-CHAITANYA0BCF,2026-06-30 13:26:23.721000+00:00,13.0
ses_20260630-131729-CHAITANYA0BCF,2026-06-30 13:26:31.721000+00:00,13.0
ses_20260630-131729-CHAITANYA0BCF,2026-06-30 13:26:35.721000+00:00,12.0
ses_20260630-131729-CHAITANYA0BCF,2026-06-30 13:27:01.721000+00:00,13.0
ses_20260630-131729-CHAITANYA0BCF,2026-06-30 13:27:09.721000+00:00,14.0
ses_20260630-131729-CHAITANYA0BCF,2026-06-30 13:27:59.721000+00:00,14.0
ses_20260630-131729-CHAITANYA0BCF,2026-06-30 13:28:29.721000+00:00,14.0
ses_20260630-131729-CHAITANYA0BCF,2026-06-30 13:28:33.721000+00:00,13.0
ses_20260630-131729-CHAITANYA0BCF,2026-06-30 13:28:55.721000+00:00,3.25
ses_20260630-131729-CHAITANYA0BCF,2026-06-30 13:30:57.721000+00:00,3.0
ses_20260630-131729-CHAITANYA0BCF,2026-06-30 13:32:37.721000+00:00,12.0
ses_20260630-131729-CHAITANYA0BCF,2026-06-30 13:32:53.721000+00:00,14.0
ses_20260630-131729-CHAITANYA0BCF,2026-06-30 13:33:01.721000+00:00,13.0
ses_20260630-131729-CHAITANYA0BCF,2026-06-30 13:33:05.721000+00:00,13.0
ses_20260630-131729-CHAITANYA0BCF,2026-06-30 13:33:31.721000+00:00,14.0
ses_20260630-131729-CHAITANYA0BCF,2026-06-30 13:33:39.721000+00:00,13.0
ses_20260630-131729-CHAITANYA0BCF,2026-06-30 13:34:07.721000+00:00,13.0
ses_20260630-131729-CHAITANYA0BCF,2026-06-30 13:34:11.721000+00:00,13.0
ses_20260630-131729-CHAITANYA0BCF,2026-06-30 13:34:41.721000+00:00,14.0
ses_20260630-131729-CHAITANYA0BCF,2026-06-30 13:35:55.721000+00:00,14.0
ses_20260630-131729-CHAITANYA0BCF,2026-06-30 13:36:31.721000+00:00,13.0
ses_20260630-132737-LAPTOP-R36BQBTE,2026-06-30 13:27:55.277000+00:00,6.0
ses_20260630-132737-LAPTOP-R36BQBTE,2026-06-30 13:28:55.277000+00:00,13.0
ses_20260630-132737-LAPTOP-R36BQBTE,2026-06-30 13:29:25.277000+00:00,13.0
ses_20260630-132737-LAPTOP-R36BQBTE,2026-06-30 13:29:29.277000+00:00,13.5
ses_20260630-132737-LAPTOP-R36BQBTE,2026-06-30 13:29:47.277000+00:00,13.0
ses_20260630-132737-LAPTOP-R36BQBTE,2026-06-30 13:30:03.277000+00:00,3.25
ses_20260630-132737-LAPTOP-R36BQBTE,2026-06-30 13:30:23.277000+00:00,13.0
ses_20260630-132737-LAPTOP-R36BQBTE,2026-06-30 13:32:25.277000+00:00,13.0
ses_20260630-132737-LAPTOP-R36BQBTE,2026-06-30 13:34:13.277000+00:00,13.0
ses_20260630-132737-LAPTOP-R36BQBTE,2026-06-30 13:34:37.277000+00:00,12.0
ses_20260630-132737-LAPTOP-R36BQBTE,2026-06-30 13:34:45.277000+00:00,12.0
ses_20260630-132737-LAPTOP-R36BQBTE,2026-06-30 13:35:45.277000+00:00,14.0
ses_20260630-132737-LAPTOP-R36BQBTE,2026-06-30 13:35:49.277000+00:00,14.5
ses_20260630-132737-LAPTOP-R36BQBTE,2026-06-30 13:36:19.277000+00:00,12.0
ses_20260630-132737-LAPTOP-R36BQBTE,2026-06-30 13:36:49.277000+00:00,12.0
ses_20260630-132737-LAPTOP-R36BQBTE,2026-06-30 13:36:55.277000+00:00,13.0
ses_20260630-132737-LAPTOP-R36BQBTE,2026-06-30 13:37:27.277000+00:00,13.0
ses_20260630-132737-LAPTOP-R36BQBTE,2026-06-30 13:37:55.277000+00:00,3.0
ses_20260630-132737-LAPTOP-R36BQBTE,2026-06-30 13:37:59.277000+00:00,13.0
ses_20260630-132737-LAPTOP-R36BQBTE,2026-06-30 13:38:53.277000+00:00,12.0
ses_20260630-132737-LAPTOP-R36BQBTE,2026-06-30 13:39:03.277000+00:00,12.0
ses_20260630-132737-LAPTOP-R36BQBTE,2026-06-30 13:40:35.277000+00:00,13.0
ses_20260630-132737-LAPTOP-R36BQBTE,2026-06-30 13:41:03.277000+00:00,13.0
ses_20260630-132737-LAPTOP-R36BQBTE,2026-06-30 13:41:37.277000+00:00,13.0
ses_20260630-132737-LAPTOP-R36BQBTE,2026-06-30 13:42:07.277000+00:00,12.0
ses_20260630-132737-LAPTOP-R36BQBTE,2026-06-30 13:42:45.277000+00:00,13.0
ses_20260630-132737-LAPTOP-R36BQBTE,2026-06-30 13:43:15.277000+00:00,13.0
ses_20260630-132737-LAPTOP-R36BQBTE,2026-06-30 13:44:33.277000+00:00,10.0
ses_20260630-132737-LAPTOP-R36BQBTE,2026-06-30 13:45:51.277000+00:00,13.0
ses_20260630-132737-LAPTOP-R36BQBTE,2026-06-30 13:46:45.277000+00:00,13.0
ses_20260630-132737-LAPTOP-R36BQBTE,2026-06-30 13:47:03.277000+00:00,10.5
ses_20260630-132737-LAPTOP-R36BQBTE,2026-06-30 13:47:09.277000+00:00,11.0
ses_20260630-132737-LAPTOP-R36BQBTE,2026-06-30 13:48:57.277000+00:00,5.0
ses_20260630-135201-LAPTOP-R36BQBTE,2026-06-30 13:52:11.354000+00:00,9.0
ses_20260630-135201-LAPTOP-R36BQBTE,2026-06-30 13:53:11.354000+00:00,13.0
ses_20260630-135201-LAPTOP-R36BQBTE,2026-06-30 13:53:15.354000+00:00,12.0
ses_20260630-135201-LAPTOP-R36BQBTE,2026-06-30 13:54:09.354000+00:00,10.0
ses_20260630-135201-LAPTOP-R36BQBTE,2026-06-30 13:55:07.354000+00:00,13.0
ses_20260630-135201-LAPTOP-R36BQBTE,2026-06-30 13:55:19.354000+00:00,13.0
ses_20260630-135201-LAPTOP-R36BQBTE,2026-06-30 13:55:23.354000+00:00,14.5
ses_20260630-135201-LAPTOP-R36BQBTE,2026-06-30 13:56:31.354000+00:00,13.0
ses_20260630-135201-LAPTOP-R36BQBTE,2026-06-30 13:56:35.354000+00:00,14.0
ses_20260630-135201-LAPTOP-R36BQBTE,2026-06-30 13:57:05.354000+00:00,10.5
ses_20260630-135201-LAPTOP-R36BQBTE,2026-06-30 13:59:37.354000+00:00,13.0
ses_20260630-135201-LAPTOP-R36BQBTE,2026-06-30 13:59:47.354000+00:00,12.0
ses_20260630-135201-LAPTOP-R36BQBTE,2026-06-30 14:00:07.354000+00:00,14.0
ses_20260630-135201-LAPTOP-R36BQBTE,2026-06-30 14:00:11.354000+00:00,13.5
ses_20260630-135201-LAPTOP-R36BQBTE,2026-06-30 14:00:31.354000+00:00,13.0
ses_20260630-135201-LAPTOP-R36BQBTE,2026-06-30 14:00:35.354000+00:00,13.0
ses_20260630-135201-LAPTOP-R36BQBTE,2026-06-30 14:00:55.354000+00:00,13.0
ses_20260630-135201-LAPTOP-R36BQBTE,2026-06-30 14:00:59.354000+00:00,13.0
ses_20260630-135201-LAPTOP-R36BQBTE,2026-06-30 14:01:49.354000+00:00,14.0
ses_20260630-135201-LAPTOP-R36BQBTE,2026-06-30 14:01:59.354000+00:00,13.0
ses_20260630-135201-LAPTOP-R36BQBTE,2026-06-30 14:02:57.354000+00:00,9.0
ses_20260630-135201-LAPTOP-R36BQBTE,2026-06-30 14:03:55.354000+00:00,14.0
ses_20260630-135201-LAPTOP-R36BQBTE,2026-06-30 14:04:29.354000+00:00,14.0
ses_20260630-135201-LAPTOP-R36BQBTE,2026-06-30 14:04:33.354000+00:00,11.5
ses_20260630-135201-LAPTOP-R36BQBTE,2026-06-30 14:05:23.354000+00:00,13.0
ses_20260630-135201-LAPTOP-R36BQBTE,2026-06-30 14:05:27.354000+00:00,14.5
ses_20260630-135201-LAPTOP-R36BQBTE,2026-06-30 14:06:19.354000+00:00,11.5
ses_20260630-135201-LAPTOP-R36BQBTE,2026-06-30 14:07:13.354000+00:00,13.0
ses_20260630-135201-LAPTOP-R36BQBTE,2026-06-30 14:07:33.354000+00:00,12.0
ses_20260630-135201-LAPTOP-R36BQBTE,2026-06-30 14:07:53.354000+00:00,13.0
ses_20260630-135201-LAPTOP-R36BQBTE,2026-06-30 14:08:23.354000+00:00,13.0
ses_20260630-135201-LAPTOP-R36BQBTE,2026-06-30 14:08:27.354000+00:00,14.5
ses_20260630-135201-LAPTOP-R36BQBTE,2026-06-30 14:09:19.354000+00:00,12.0
ses_20260630-135201-LAPTOP-R36BQBTE,2026-06-30 14:09:51.354000+00:00,7.5
ses_20260630-135201-LAPTOP-R36BQBTE,2026-06-30 14:11:09.354000+00:00,10.0
ses_20260630-135201-LAPTOP-R36BQBTE,2026-06-30 14:11:37.354000+00:00,13.0
ses_20260630-135201-LAPTOP-R36BQBTE,2026-06-30 14:12:05.354000+00:00,13.0
ses_20260630-135201-LAPTOP-R36BQBTE,2026-06-30 14:18:19.354000+00:00,5.0
ses_20260630-135451-CHAITANYA0BCF,2026-06-30 13:55:45.177000+00:00,13.0
ses_20260630-135451-CHAITANYA0BCF,2026-06-30 13:56:25.177000+00:00,10.0
ses_20260630-135451-CHAITANYA0BCF,2026-06-30 13:56:33.177000+00:00,14.0
ses_20260630-135451-CHAITANYA0BCF,2026-06-30 13:56:37.177000+00:00,13.0
ses_20260630-135451-CHAITANYA0BCF,2026-06-30 13:57:01.177000+00:00,3.0
ses_20260630-135451-CHAITANYA0BCF,2026-06-30 13:57:07.177000+00:00,9.0
ses_20260630-135451-CHAITANYA0BCF,2026-06-30 13:57:43.177000+00:00,14.0
ses_20260630-135451-CHAITANYA0BCF,2026-06-30 13:58:29.177000+00:00,10.0
ses_20260630-135451-CHAITANYA0BCF,2026-06-30 13:58:57.177000+00:00,13.0
ses_20260630-135451-CHAITANYA0BCF,2026-06-30 13:59:43.177000+00:00,12.0
ses_20260630-135451-CHAITANYA0BCF,2026-06-30 13:59:51.177000+00:00,13.0
ses_20260630-135451-CHAITANYA0BCF,2026-06-30 14:00:17.177000+00:00,12.0
ses_20260630-135451-CHAITANYA0BCF,2026-06-30 14:01:07.177000+00:00,3.0
ses_20260630-135451-CHAITANYA0BCF,2026-06-30 14:01:39.177000+00:00,13.0
ses_20260630-135451-CHAITANYA0BCF,2026-06-30 14:02:05.177000+00:00,3.0
ses_20260630-135451-CHAITANYA0BCF,2026-06-30 14:02:11.177000+00:00,12.0
ses_20260630-135451-CHAITANYA0BCF,2026-06-30 14:02:21.177000+00:00,14.0
ses_20260630-135451-CHAITANYA0BCF,2026-06-30 14:02:47.177000+00:00,13.0
ses_20260630-135451-CHAITANYA0BCF,2026-06-30 14:03:05.177000+00:00,12.0
ses_20260630-135451-CHAITANYA0BCF,2026-06-30 14:03:13.177000+00:00,13.0
ses_20260630-135451-CHAITANYA0BCF,2026-06-30 14:03:17.177000+00:00,11.0
ses_20260630-135451-CHAITANYA0BCF,2026-06-30 14:03:51.177000+00:00,13.0
ses_20260630-135451-CHAITANYA0BCF,2026-06-30 14:04:15.177000+00:00,13.0
ses_20260630-135451-CHAITANYA0BCF,2026-06-30 14:04:23.177000+00:00,13.0
ses_20260630-135451-CHAITANYA0BCF,2026-06-30 14:04:49.177000+00:00,12.0
ses_20260630-135451-CHAITANYA0BCF,2026-06-30 14:04:53.177000+00:00,13.5
ses_20260630-135451-CHAITANYA0BCF,2026-06-30 14:05:51.177000+00:00,11.0
ses_20260630-135451-CHAITANYA0BCF,2026-06-30 14:06:23.177000+00:00,3.0
ses_20260630-135451-CHAITANYA0BCF,2026-06-30 14:06:27.177000+00:00,8.0
ses_20260630-135451-CHAITANYA0BCF,2026-06-30 14:06:35.177000+00:00,12.0
ses_20260630-135451-CHAITANYA0BCF,2026-06-30 14:06:57.177000+00:00,5.0
ses_20260630-135451-CHAITANYA0BCF,2026-06-30 14:07:05.177000+00:00,10.0
ses_20260630-135451-CHAITANYA0BCF,2026-06-30 14:07:35.177000+00:00,13.0
ses_20260630-135451-CHAITANYA0BCF,2026-06-30 14:08:21.177000+00:00,14.0
ses_20260630-135451-CHAITANYA0BCF,2026-06-30 14:08:27.177000+00:00,13.0
ses_20260630-135451-CHAITANYA0BCF,2026-06-30 14:08:31.177000+00:00,12.0
ses_20260630-135451-CHAITANYA0BCF,2026-06-30 14:08:57.177000+00:00,12.0
ses_20260630-135451-CHAITANYA0BCF,2026-06-30 14:09:17.177000+00:00,13.0
ses_20260630-135451-CHAITANYA0BCF,2026-06-30 14:09:25.177000+00:00,14.0
ses_20260630-135451-CHAITANYA0BCF,2026-06-30 14:09:57.177000+00:00,10.0
ses_20260630-135451-CHAITANYA0BCF,2026-06-30 14:10:35.177000+00:00,11.0
ses_20260630-135451-CHAITANYA0BCF,2026-06-30 14:10:45.177000+00:00,12.0
ses_20260630-135451-CHAITANYA0BCF,2026-06-30 14:11:43.177000+00:00,12.0
ses_20260630-135451-CHAITANYA0BCF,2026-06-30 14:11:53.177000+00:00,12.0
ses_20260630-135451-CHAITANYA0BCF,2026-06-30 14:12:21.177000+00:00,13.0
ses_20260630-135451-CHAITANYA0BCF,2026-06-30 14:12:29.177000+00:00,13.0
ses_20260630-135451-CHAITANYA0BCF,2026-06-30 14:13:31.177000+00:00,3.0
ses_20260630-135451-CHAITANYA0BCF,2026-06-30 14:13:37.177000+00:00,13.0
ses_20260630-135451-CHAITANYA0BCF,2026-06-30 14:13:41.177000+00:00,12.0
ses_20260630-135451-CHAITANYA0BCF,2026-06-30 14:14:03.177000+00:00,14.0
ses_20260630-135451-CHAITANYA0BCF,2026-06-30 14:14:11.177000+00:00,13.0
ses_20260630-135451-CHAITANYA0BCF,2026-06-30 14:14:15.177000+00:00,14.0
ses_20260630-135451-CHAITANYA0BCF,2026-06-30 14:14:53.177000+00:00,13.0
ses_20260630-135451-CHAITANYA0BCF,2026-06-30 14:15:11.177000+00:00,12.0
ses_20260630-135451-CHAITANYA0BCF,2026-06-30 14:15:55.177000+00:00,5.5
ses_20260630-145433-JAYESH,2026-06-30 14:55:21.445000+00:00,13.0
ses_20260630-145433-JAYESH,2026-06-30 14:55:25.445000+00:00,12.0
ses_20260630-145433-JAYESH,2026-06-30 14:55:55.445000+00:00,13.0
ses_20260630-145433-JAYESH,2026-06-30 14:56:19.445000+00:00,11.0
ses_20260630-145433-JAYESH,2026-06-30 14:56:37.445000+00:00,11.0
ses_20260630-145433-JAYESH,2026-06-30 14:57:39.445000+00:00,13.0
ses_20260630-145433-JAYESH,2026-06-30 14:57:47.445000+00:00,13.0
ses_20260630-145433-JAYESH,2026-06-30 14:58:11.445000+00:00,12.0
ses_20260630-145433-JAYESH,2026-06-30 14:58:45.445000+00:00,12.0
ses_20260630-145433-JAYESH,2026-06-30 14:59:23.445000+00:00,13.0
ses_20260630-145433-JAYESH,2026-06-30 14:59:41.445000+00:00,11.0
ses_20260630-145433-JAYESH,2026-06-30 14:59:49.445000+00:00,13.0
ses_20260630-145433-JAYESH,2026-06-30 15:02:03.445000+00:00,13.0
ses_20260630-145433-JAYESH,2026-06-30 15:02:07.445000+00:00,11.0
ses_20260630-145433-JAYESH,2026-06-30 15:02:35.445000+00:00,11.0
ses_20260630-145433-JAYESH,2026-06-30 15:03:03.445000+00:00,13.0
ses_20260630-145433-JAYESH,2026-06-30 15:03:39.445000+00:00,9.0
ses_20260630-145433-JAYESH,2026-06-30 15:03:45.445000+00:00,13.0
ses_20260630-145433-JAYESH,2026-06-30 15:03:53.445000+00:00,4.25
ses_20260630-145433-JAYESH,2026-06-30 15:04:15.445000+00:00,12.0
ses_20260630-145433-JAYESH,2026-06-30 15:04:23.445000+00:00,10.0
ses_20260630-145433-JAYESH,2026-06-30 15:04:27.445000+00:00,11.0
ses_20260630-145433-JAYESH,2026-06-30 15:04:41.445000+00:00,12.0
ses_20260630-145433-JAYESH,2026-06-30 15:04:49.445000+00:00,14.0
ses_20260630-145433-JAYESH,2026-06-30 15:05:09.445000+00:00,12.0
ses_20260630-145433-JAYESH,2026-06-30 15:05:41.445000+00:00,12.0
ses_20260630-145433-JAYESH,2026-06-30 15:06:27.445000+00:00,9.0
ses_20260630-145433-JAYESH,2026-06-30 15:08:05.445000+00:00,12.0
ses_20260630-145433-JAYESH,2026-06-30 15:08:33.445000+00:00,27.0
ses_20260630-145433-JAYESH,2026-06-30 15:08:53.445000+00:00,11.0
ses_20260630-145433-JAYESH,2026-06-30 15:08:59.445000+00:00,12.0
ses_20260630-145433-JAYESH,2026-06-30 15:09:45.445000+00:00,13.0
ses_20260630-145433-JAYESH,2026-06-30 15:09:57.445000+00:00,11.0
ses_20260630-145433-JAYESH,2026-06-30 15:10:11.445000+00:00,12.0
ses_20260630-145433-JAYESH,2026-06-30 15:10:39.445000+00:00,14.0
ses_20260630-145433-JAYESH,2026-06-30 15:11:39.445000+00:00,13.0
ses_20260630-145433-JAYESH,2026-06-30 15:11:51.445000+00:00,8.0
ses_20260630-145433-JAYESH,2026-06-30 15:12:41.445000+00:00,11.0
ses_20260630-145433-JAYESH,2026-06-30 15:12:49.445000+00:00,14.0
ses_20260630-145433-JAYESH,2026-06-30 15:13:15.445000+00:00,3.0
ses_20260630-145433-JAYESH,2026-06-30 15:13:21.445000+00:00,12.0
ses_20260630-145433-JAYESH,2026-06-30 15:13:31.445000+00:00,13.0
ses_20260630-145433-JAYESH,2026-06-30 15:13:45.445000+00:00,12.0
ses_20260630-145433-JAYESH,2026-06-30 15:14:45.445000+00:00,8.0
ses_20260630-145433-JAYESH,2026-06-30 15:14:55.445000+00:00,12.0
ses_20260630-145433-JAYESH,2026-06-30 15:15:21.445000+00:00,11.0
ses_20260630-145433-JAYESH,2026-06-30 15:15:53.445000+00:00,11.0
ses_20260630-145433-JAYESH,2026-06-30 15:16:01.445000+00:00,13.0
ses_20260630-145433-JAYESH,2026-06-30 15:16:35.445000+00:00,13.0
ses_20260630-145433-JAYESH,2026-06-30 15:16:55.445000+00:00,12.0
ses_20260630-145433-JAYESH,2026-06-30 15:17:49.445000+00:00,12.0
ses_20260630-145433-JAYESH,2026-06-30 15:18:21.445000+00:00,3.0
ses_20260630-145433-JAYESH,2026-06-30 15:18:27.445000+00:00,3.0
ses_20260630-163424-SIDDHIGUPTAB00B,2026-06-30 16:35:10.194000+00:00,13.0
ses_20260630-163424-SIDDHIGUPTAB00B,2026-06-30 16:36:18.194000+00:00,10.0
ses_20260630-163424-SIDDHIGUPTAB00B,2026-06-30 16:36:44.194000+00:00,4.0
ses_20260630-163424-SIDDHIGUPTAB00B,2026-06-30 16:37:06.194000+00:00,11.0
ses_20260630-163424-SIDDHIGUPTAB00B,2026-06-30 16:37:28.194000+00:00,13.0
ses_20260630-163424-SIDDHIGUPTAB00B,2026-06-30 16:37:56.194000+00:00,14.0
ses_20260630-163424-SIDDHIGUPTAB00B,2026-06-30 16:38:00.194000+00:00,11.0
ses_20260630-163424-SIDDHIGUPTAB00B,2026-06-30 16:38:16.194000+00:00,12.0
ses_20260630-163424-SIDDHIGUPTAB00B,2026-06-30 16:39:26.194000+00:00,14.0
ses_20260630-163424-SIDDHIGUPTAB00B,2026-06-30 16:40:14.194000+00:00,11.0
ses_20260630-163424-SIDDHIGUPTAB00B,2026-06-30 16:40:18.194000+00:00,13.0
ses_20260630-163424-SIDDHIGUPTAB00B,2026-06-30 16:40:44.194000+00:00,9.0
ses_20260630-163424-SIDDHIGUPTAB00B,2026-06-30 16:40:48.194000+00:00,12.0
ses_20260630-163424-SIDDHIGUPTAB00B,2026-06-30 16:41:10.194000+00:00,10.0
ses_20260630-163424-SIDDHIGUPTAB00B,2026-06-30 16:41:18.194000+00:00,14.0
ses_20260630-163424-SIDDHIGUPTAB00B,2026-06-30 16:42:52.194000+00:00,12.0
ses_20260630-163424-SIDDHIGUPTAB00B,2026-06-30 16:43:42.194000+00:00,14.0
ses_20260630-163424-SIDDHIGUPTAB00B,2026-06-30 16:45:40.194000+00:00,13.0
ses_20260630-163424-SIDDHIGUPTAB00B,2026-06-30 16:46:06.194000+00:00,11.0
ses_20260630-163424-SIDDHIGUPTAB00B,2026-06-30 16:46:10.194000+00:00,12.0
ses_20260630-163424-SIDDHIGUPTAB00B,2026-06-30 16:46:38.194000+00:00,9.0
ses_20260630-163424-SIDDHIGUPTAB00B,2026-06-30 16:47:00.194000+00:00,12.0
ses_20260630-163424-SIDDHIGUPTAB00B,2026-06-30 16:47:22.194000+00:00,13.0
ses_20260630-163424-SIDDHIGUPTAB00B,2026-06-30 16:48:04.194000+00:00,14.0
ses_20260630-163424-SIDDHIGUPTAB00B,2026-06-30 16:48:26.194000+00:00,12.0
ses_20260630-163424-SIDDHIGUPTAB00B,2026-06-30 16:49:30.194000+00:00,14.0
ses_20260630-163424-SIDDHIGUPTAB00B,2026-06-30 16:49:48.194000+00:00,8.0
ses_20260630-163424-SIDDHIGUPTAB00B,2026-06-30 16:49:56.194000+00:00,10.0
ses_20260630-163424-SIDDHIGUPTAB00B,2026-06-30 16:50:00.194000+00:00,13.0
ses_20260630-163424-SIDDHIGUPTAB00B,2026-06-30 16:50:28.194000+00:00,12.0
ses_20260630-163424-SIDDHIGUPTAB00B,2026-06-30 16:51:20.194000+00:00,12.0
ses_20260630-163424-SIDDHIGUPTAB00B,2026-06-30 16:52:12.194000+00:00,14.0
ses_20260630-163424-SIDDHIGUPTAB00B,2026-06-30 16:53:42.194000+00:00,10.0
ses_20260630-163424-SIDDHIGUPTAB00B,2026-06-30 16:54:26.194000+00:00,13.0
ses_20260630-163424-SIDDHIGUPTAB00B,2026-06-30 16:54:30.194000+00:00,13.0
ses_20260630-163424-SIDDHIGUPTAB00B,2026-06-30 16:54:58.194000+00:00,11.0
ses_20260630-163424-SIDDHIGUPTAB00B,2026-06-30 16:55:18.194000+00:00,3.0
ses_20260630-164418-MSI,2026-06-30 16:44:18.982000+00:00,3.0
ses_20260630-164418-MSI,2026-06-30 16:44:34.982000+00:00,6.5
ses_20260630-164418-MSI,2026-06-30 16:45:22.982000+00:00,13.0
ses_20260630-164418-MSI,2026-06-30 16:46:24.982000+00:00,13.0
ses_20260630-164418-MSI,2026-06-30 16:46:32.982000+00:00,13.0
ses_20260630-164418-MSI,2026-06-30 16:46:56.982000+00:00,12.0
ses_20260630-164418-MSI,2026-06-30 16:47:00.982000+00:00,12.0
ses_20260630-164418-MSI,2026-06-30 16:47:14.982000+00:00,12.0
ses_20260630-164418-MSI,2026-06-30 16:47:20.982000+00:00,14.0
ses_20260630-164418-MSI,2026-06-30 16:48:08.982000+00:00,10.0
ses_20260630-164418-MSI,2026-06-30 16:48:36.982000+00:00,13.0
ses_20260630-164418-MSI,2026-06-30 16:49:02.982000+00:00,14.0
ses_20260630-164418-MSI,2026-06-30 16:49:10.982000+00:00,14.0
ses_20260630-164418-MSI,2026-06-30 16:49:14.982000+00:00,14.0
ses_20260630-164418-MSI,2026-06-30 16:49:58.982000+00:00,3.0
ses_20260630-164418-MSI,2026-06-30 16:50:02.982000+00:00,13.0
ses_20260630-164418-MSI,2026-06-30 16:50:28.982000+00:00,14.0
ses_20260630-164418-MSI,2026-06-30 16:50:54.982000+00:00,15.0
ses_20260630-164418-MSI,2026-06-30 16:51:30.982000+00:00,13.0
ses_20260630-164418-MSI,2026-06-30 16:52:14.982000+00:00,13.0
ses_20260630-164418-MSI,2026-06-30 16:52:38.982000+00:00,11.0
ses_20260630-164418-MSI,2026-06-30 16:52:48.982000+00:00,13.0
ses_20260630-164418-MSI,2026-06-30 16:54:02.982000+00:00,12.0
ses_20260630-164418-MSI,2026-06-30 16:54:40.982000+00:00,14.0
ses_20260630-164418-MSI,2026-06-30 16:54:50.982000+00:00,13.0
ses_20260630-164418-MSI,2026-06-30 16:54:58.982000+00:00,3.25
ses_20260630-164418-MSI,2026-06-30 16:55:14.982000+00:00,3.0
ses_20260630-164418-MSI,2026-06-30 16:55:20.982000+00:00,13.0
ses_20260630-164418-MSI,2026-06-30 16:55:28.982000+00:00,13.0
ses_20260630-164418-MSI,2026-06-30 16:55:44.982000+00:00,13.0
ses_20260630-164418-MSI,2026-06-30 16:55:52.982000+00:00,14.0
ses_20260630-164418-MSI,2026-06-30 16:55:56.982000+00:00,13.0
ses_20260630-164418-MSI,2026-06-30 16:58:06.982000+00:00,13.0
ses_20260630-164418-MSI,2026-06-30 16:58:38.982000+00:00,13.0
ses_20260630-164418-MSI,2026-06-30 16:59:06.982000+00:00,9.0
ses_20260630-164418-MSI,2026-06-30 16:59:14.982000+00:00,11.0
ses_20260630-164418-MSI,2026-06-30 16:59:18.982000+00:00,14.5
ses_20260630-164418-MSI,2026-06-30 16:59:42.982000+00:00,13.0
ses_20260630-164418-MSI,2026-06-30 16:59:46.982000+00:00,14.0
ses_20260630-164418-MSI,2026-06-30 17:00:12.982000+00:00,14.0
ses_20260630-164418-MSI,2026-06-30 17:00:44.982000+00:00,3.0
ses_20260630-164418-MSI,2026-06-30 17:00:48.982000+00:00,8.0
ses_20260630-164418-MSI,2026-06-30 17:01:16.982000+00:00,13.0
ses_20260630-164418-MSI,2026-06-30 17:02:00.982000+00:00,14.0
ses_20260630-164418-MSI,2026-06-30 17:02:40.982000+00:00,15.0
ses_20260630-164418-MSI,2026-06-30 17:03:56.982000+00:00,14.0
ses_20260630-164418-MSI,2026-06-30 17:04:18.982000+00:00,9.0
ses_20260630-164418-MSI,2026-06-30 17:04:26.982000+00:00,13.0
ses_20260630-164418-MSI,2026-06-30 17:04:30.982000+00:00,12.5
ses_20260630-164418-MSI,2026-06-30 17:04:56.982000+00:00,12.0
ses_20260630-164418-MSI,2026-06-30 17:05:06.982000+00:00,13.0
ses_20260630-164418-MSI,2026-06-30 17:05:26.982000+00:00,12.0
ses_20260630-164418-MSI,2026-06-30 17:09:18.982000+00:00,3.0
ses_20260630-164418-MSI,2026-06-30 17:09:30.982000+00:00,3.0
ses_20260630-164418-MSI,2026-06-30 17:09:36.982000+00:00,3.0
ses_20260701-005920-yuvraj,2026-07-01 01:00:40.021000+00:00,14.0
ses_20260701-005920-yuvraj,2026-07-01 01:00:58.021000+00:00,12.0
ses_20260701-005920-yuvraj,2026-07-01 01:02:20.021000+00:00,14.0
ses_20260701-005920-yuvraj,2026-07-01 01:03:06.021000+00:00,8.0
ses_20260701-005920-yuvraj,2026-07-01 01:04:36.021000+00:00,12.0
ses_20260701-005920-yuvraj,2026-07-01 01:05:06.021000+00:00,10.0
ses_20260701-005920-yuvraj,2026-07-01 01:06:32.021000+00:00,13.0
ses_20260701-005920-yuvraj,2026-07-01 01:07:12.021000+00:00,12.0
ses_20260701-005920-yuvraj,2026-07-01 01:07:30.021000+00:00,10.0
ses_20260701-005920-yuvraj,2026-07-01 01:07:40.021000+00:00,12.0
ses_20260701-005920-yuvraj,2026-07-01 01:08:06.021000+00:00,3.0
ses_20260701-005920-yuvraj,2026-07-01 01:09:40.021000+00:00,13.0
ses_20260701-005920-yuvraj,2026-07-01 01:09:48.021000+00:00,13.0
ses_20260701-005920-yuvraj,2026-07-01 01:10:22.021000+00:00,13.0
ses_20260701-005920-yuvraj,2026-07-01 01:11:22.021000+00:00,13.0
ses_20260701-005920-yuvraj,2026-07-01 01:11:38.021000+00:00,13.0
ses_20260701-005920-yuvraj,2026-07-01 01:11:50.021000+00:00,12.0
ses_20260701-005920-yuvraj,2026-07-01 01:12:14.021000+00:00,12.0
ses_20260701-005920-yuvraj,2026-07-01 01:12:46.021000+00:00,9.0
ses_20260701-005920-yuvraj,2026-07-01 01:12:54.021000+00:00,13.0
ses_20260701-005920-yuvraj,2026-07-01 01:13:18.021000+00:00,14.0
ses_20260701-005920-yuvraj,2026-07-01 01:13:22.021000+00:00,13.0
ses_20260701-005920-yuvraj,2026-07-01 01:13:42.021000+00:00,14.0
ses_20260701-005920-yuvraj,2026-07-01 01:14:02.021000+00:00,13.0
ses_20260701-005920-yuvraj,2026-07-01 01:14:10.021000+00:00,13.0
ses_20260701-005920-yuvraj,2026-07-01 01:14:14.021000+00:00,12.0
ses_20260701-005920-yuvraj,2026-07-01 01:14:40.021000+00:00,12.0
ses_20260701-005920-yuvraj,2026-07-01 01:15:52.021000+00:00,13.0
ses_20260701-005920-yuvraj,2026-07-01 01:16:20.021000+00:00,12.0
ses_20260701-005920-yuvraj,2026-07-01 01:17:00.021000+00:00,12.0
ses_20260701-005920-yuvraj,2026-07-01 01:17:08.021000+00:00,12.0
ses_20260701-005920-yuvraj,2026-07-01 01:19:12.021000+00:00,3.0
ses_20260701-005920-yuvraj,2026-07-01 01:19:16.021000+00:00,12.0
ses_20260701-005920-yuvraj,2026-07-01 01:20:10.021000+00:00,12.0
ses_20260701-005920-yuvraj,2026-07-01 01:20:36.021000+00:00,9.0
ses_20260701-005920-yuvraj,2026-07-01 01:21:52.021000+00:00,12.0
ses_20260701-005920-yuvraj,2026-07-01 01:22:50.021000+00:00,10.0
ses_20260701-005920-yuvraj,2026-07-01 01:25:40.021000+00:00,7.0
ses_20260701-005920-yuvraj,2026-07-01 01:25:50.021000+00:00,3.0
ses_20260701-005920-yuvraj,2026-07-01 01:27:34.021000+00:00,3.75
ses_20260701-014804-yuvraj,2026-07-01 01:49:34.380000+00:00,12.0
ses_20260701-014804-yuvraj,2026-07-01 01:49:56.380000+00:00,12.0
ses_20260701-014804-yuvraj,2026-07-01 01:50:32.380000+00:00,13.0
ses_20260701-014804-yuvraj,2026-07-01 01:51:00.380000+00:00,10.0
ses_20260701-014804-yuvraj,2026-07-01 01:51:10.380000+00:00,12.0
ses_20260701-014804-yuvraj,2026-07-01 01:51:36.380000+00:00,12.0
ses_20260701-014804-yuvraj,2026-07-01 01:51:58.380000+00:00,8.0
ses_20260701-014804-yuvraj,2026-07-01 01:53:22.380000+00:00,13.0
ses_20260701-014804-yuvraj,2026-07-01 01:53:26.380000+00:00,11.0
ses_20260701-014804-yuvraj,2026-07-01 01:53:44.380000+00:00,9.0
ses_20260701-014804-yuvraj,2026-07-01 01:53:56.380000+00:00,12.0
ses_20260701-014804-yuvraj,2026-07-01 01:54:54.380000+00:00,12.0
ses_20260701-014804-yuvraj,2026-07-01 01:55:14.380000+00:00,11.0
ses_20260701-014804-yuvraj,2026-07-01 01:55:56.380000+00:00,4.25
ses_20260701-014804-yuvraj,2026-07-01 01:57:04.380000+00:00,11.0
ses_20260701-014804-yuvraj,2026-07-01 01:57:44.380000+00:00,12.0
ses_20260701-014804-yuvraj,2026-07-01 01:57:48.380000+00:00,14.0
ses_20260701-014804-yuvraj,2026-07-01 01:58:12.380000+00:00,12.0
ses_20260701-014804-yuvraj,2026-07-01 02:00:02.380000+00:00,11.0
ses_20260701-014804-yuvraj,2026-07-01 02:00:12.380000+00:00,12.0
ses_20260701-014804-yuvraj,2026-07-01 02:00:36.380000+00:00,11.0
ses_20260701-014804-yuvraj,2026-07-01 02:01:00.380000+00:00,9.0
ses_20260701-014804-yuvraj,2026-07-01 02:01:08.380000+00:00,12.0
ses_20260701-014804-yuvraj,2026-07-01 02:01:12.380000+00:00,12.0
ses_20260701-014804-yuvraj,2026-07-01 02:01:16.380000+00:00,3.0
ses_20260701-014804-yuvraj,2026-07-01 02:01:34.380000+00:00,3.0
ses_20260701-014804-yuvraj,2026-07-01 02:01:38.380000+00:00,12.0
ses_20260701-014804-yuvraj,2026-07-01 02:01:46.380000+00:00,12.0
ses_20260701-014804-yuvraj,2026-07-01 02:02:16.380000+00:00,13.0
ses_20260701-014804-yuvraj,2026-07-01 02:02:26.380000+00:00,11.0
ses_20260701-014804-yuvraj,2026-07-01 02:02:58.380000+00:00,12.0
ses_20260701-014804-yuvraj,2026-07-01 02:04:02.380000+00:00,11.0
ses_20260701-014804-yuvraj,2026-07-01 02:04:56.380000+00:00,13.0
ses_20260701-014804-yuvraj,2026-07-01 02:05:00.380000+00:00,13.0
ses_20260701-014804-yuvraj,2026-07-01 02:05:24.380000+00:00,13.0
ses_20260701-014804-yuvraj,2026-07-01 02:05:32.380000+00:00,13.0
ses_20260701-014804-yuvraj,2026-07-01 02:06:02.380000+00:00,11.0
ses_20260701-014804-yuvraj,2026-07-01 02:06:28.380000+00:00,13.0
ses_20260701-014804-yuvraj,2026-07-01 02:06:38.380000+00:00,12.0
ses_20260701-014804-yuvraj,2026-07-01 02:07:24.380000+00:00,12.0
ses_20260701-014804-yuvraj,2026-07-01 02:08:12.380000+00:00,11.0
ses_20260701-014804-yuvraj,2026-07-01 02:08:16.380000+00:00,14.0
ses_20260701-014804-yuvraj,2026-07-01 02:08:30.380000+00:00,10.0
ses_20260701-014804-yuvraj,2026-07-01 02:09:26.380000+00:00,13.0
ses_20260701-014804-yuvraj,2026-07-01 02:09:34.380000+00:00,13.0
ses_20260701-014804-yuvraj,2026-07-01 02:10:30.380000+00:00,13.0
ses_20260701-014804-yuvraj,2026-07-01 02:19:42.380000+00:00,3.0
ses_20260701-014804-yuvraj,2026-07-01 02:19:52.380000+00:00,7.0
ses_20260701-014804-yuvraj,2026-07-01 02:19:56.380000+00:00,3.0
ses_20260701-014804-yuvraj,2026-07-01 02:20:10.380000+00:00,4.0
ses_20260701-022828-yuvraj,2026-07-01 02:30:54.374000+00:00,13.0
ses_20260701-022828-yuvraj,2026-07-01 02:31:52.374000+00:00,13.0
ses_20260701-022828-yuvraj,2026-07-01 02:32:04.374000+00:00,10.0
ses_20260701-022828-yuvraj,2026-07-01 02:33:06.374000+00:00,14.0
ses_20260701-022828-yuvraj,2026-07-01 02:33:14.374000+00:00,13.0
ses_20260701-022828-yuvraj,2026-07-01 02:33:52.374000+00:00,12.0
ses_20260701-022828-yuvraj,2026-07-01 02:34:24.374000+00:00,12.0
ses_20260701-022828-yuvraj,2026-07-01 02:34:54.374000+00:00,12.0
ses_20260701-022828-yuvraj,2026-07-01 02:35:48.374000+00:00,12.0
ses_20260701-022828-yuvraj,2026-07-01 02:36:44.374000+00:00,10.0
ses_20260701-022828-yuvraj,2026-07-01 02:36:52.374000+00:00,13.0
ses_20260701-022828-yuvraj,2026-07-01 02:36:56.374000+00:00,14.0
ses_20260701-022828-yuvraj,2026-07-01 02:37:20.374000+00:00,13.0
ses_20260701-022828-yuvraj,2026-07-01 02:37:30.374000+00:00,12.0
ses_20260701-022828-yuvraj,2026-07-01 02:39:00.374000+00:00,12.0
ses_20260701-022828-yuvraj,2026-07-01 02:39:46.374000+00:00,3.0
ses_20260701-022828-yuvraj,2026-07-01 02:40:48.374000+00:00,13.0
ses_20260701-022828-yuvraj,2026-07-01 02:41:16.374000+00:00,13.0
ses_20260701-022828-yuvraj,2026-07-01 02:41:48.374000+00:00,12.0
ses_20260701-022828-yuvraj,2026-07-01 02:42:36.374000+00:00,11.0
ses_20260701-022828-yuvraj,2026-07-01 02:43:06.374000+00:00,12.0
ses_20260701-022828-yuvraj,2026-07-01 02:43:22.374000+00:00,12.0
ses_20260701-022828-yuvraj,2026-07-01 02:43:52.374000+00:00,13.0
ses_20260701-022828-yuvraj,2026-07-01 02:44:10.374000+00:00,13.0
ses_20260701-022828-yuvraj,2026-07-01 02:44:16.374000+00:00,12.0
ses_20260701-022828-yuvraj,2026-07-01 02:44:46.374000+00:00,12.0
ses_20260701-022828-yuvraj,2026-07-01 02:45:16.374000+00:00,12.0
ses_20260701-022828-yuvraj,2026-07-01 02:46:16.374000+00:00,10.0
ses_20260701-022828-yuvraj,2026-07-01 02:46:24.374000+00:00,13.0
ses_20260701-022828-yuvraj,2026-07-01 02:46:50.374000+00:00,13.0
ses_20260701-022828-yuvraj,2026-07-01 02:47:34.374000+00:00,11.5
ses_20260701-022828-yuvraj,2026-07-01 02:47:42.374000+00:00,14.0
ses_20260701-022828-yuvraj,2026-07-01 02:48:08.374000+00:00,12.0
ses_20260701-022828-yuvraj,2026-07-01 02:48:48.374000+00:00,13.0
ses_20260701-022828-yuvraj,2026-07-01 02:48:56.374000+00:00,12.0
ses_20260701-030836-yuvraj,2026-07-01 03:09:54.377000+00:00,10.0
ses_20260701-030836-yuvraj,2026-07-01 03:11:26.377000+00:00,13.0
ses_20260701-030836-yuvraj,2026-07-01 03:11:34.377000+00:00,12.0
ses_20260701-030836-yuvraj,2026-07-01 03:12:04.377000+00:00,9.0
ses_20260701-030836-yuvraj,2026-07-01 03:12:10.377000+00:00,12.0
ses_20260701-030836-yuvraj,2026-07-01 03:12:14.377000+00:00,13.0
ses_20260701-030836-yuvraj,2026-07-01 03:12:54.377000+00:00,12.0
ses_20260701-030836-yuvraj,2026-07-01 03:13:30.377000+00:00,27.0
ses_20260701-030836-yuvraj,2026-07-01 03:14:06.377000+00:00,10.0
ses_20260701-030836-yuvraj,2026-07-01 03:14:34.377000+00:00,14.0
ses_20260701-030836-yuvraj,2026-07-01 03:14:44.377000+00:00,12.0
ses_20260701-030836-yuvraj,2026-07-01 03:15:06.377000+00:00,11.0
ses_20260701-030836-yuvraj,2026-07-01 03:15:10.377000+00:00,13.0
ses_20260701-030836-yuvraj,2026-07-01 03:16:06.377000+00:00,3.0
ses_20260701-030836-yuvraj,2026-07-01 03:17:50.377000+00:00,12.0
ses_20260701-030836-yuvraj,2026-07-01 03:18:50.377000+00:00,12.0
ses_20260701-030836-yuvraj,2026-07-01 03:19:26.377000+00:00,13.0
ses_20260701-030836-yuvraj,2026-07-01 03:19:44.377000+00:00,13.0
ses_20260701-030836-yuvraj,2026-07-01 03:20:28.377000+00:00,12.0
ses_20260701-030836-yuvraj,2026-07-01 03:20:56.377000+00:00,13.0
ses_20260701-030836-yuvraj,2026-07-01 03:22:04.377000+00:00,23.0
ses_20260701-030836-yuvraj,2026-07-01 03:22:24.377000+00:00,12.0
ses_20260701-030836-yuvraj,2026-07-01 03:22:54.377000+00:00,10.0
ses_20260701-030836-yuvraj,2026-07-01 03:23:04.377000+00:00,14.0
ses_20260701-030836-yuvraj,2026-07-01 03:23:34.377000+00:00,12.0
ses_20260701-030836-yuvraj,2026-07-01 03:23:58.377000+00:00,12.0
ses_20260701-030836-yuvraj,2026-07-01 03:24:02.377000+00:00,13.0
ses_20260701-030836-yuvraj,2026-07-01 03:24:34.377000+00:00,13.0
ses_20260701-030836-yuvraj,2026-07-01 03:25:16.377000+00:00,13.0
ses_20260701-030836-yuvraj,2026-07-01 03:25:38.377000+00:00,13.0
ses_20260701-030836-yuvraj,2026-07-01 03:25:50.377000+00:00,11.0
ses_20260701-030836-yuvraj,2026-07-01 03:26:06.377000+00:00,12.0
ses_20260701-032825-CHAITANYA0BCF,2026-07-01 03:29:19.360000+00:00,4.0
ses_20260701-032825-CHAITANYA0BCF,2026-07-01 03:29:51.360000+00:00,12.0
ses_20260701-032825-CHAITANYA0BCF,2026-07-01 03:29:59.360000+00:00,13.0
ses_20260701-032825-CHAITANYA0BCF,2026-07-01 03:30:31.360000+00:00,14.0
ses_20260701-032825-CHAITANYA0BCF,2026-07-01 03:30:41.360000+00:00,12.0
ses_20260701-032825-CHAITANYA0BCF,2026-07-01 03:31:47.360000+00:00,13.0
ses_20260701-032825-CHAITANYA0BCF,2026-07-01 03:32:03.360000+00:00,11.0
ses_20260701-032825-CHAITANYA0BCF,2026-07-01 03:32:11.360000+00:00,13.0
ses_20260701-032825-CHAITANYA0BCF,2026-07-01 03:33:31.360000+00:00,13.0
ses_20260701-032825-CHAITANYA0BCF,2026-07-01 03:34:33.360000+00:00,12.0
ses_20260701-032825-CHAITANYA0BCF,2026-07-01 03:34:41.360000+00:00,14.0
ses_20260701-032825-CHAITANYA0BCF,2026-07-01 03:35:07.360000+00:00,13.0
ses_20260701-032825-CHAITANYA0BCF,2026-07-01 03:35:15.360000+00:00,14.0
ses_20260701-032825-CHAITANYA0BCF,2026-07-01 03:36:37.360000+00:00,11.0
ses_20260701-032825-CHAITANYA0BCF,2026-07-01 03:36:43.360000+00:00,13.0
ses_20260701-032825-CHAITANYA0BCF,2026-07-01 03:36:47.360000+00:00,13.0
ses_20260701-032825-CHAITANYA0BCF,2026-07-01 03:37:49.360000+00:00,13.0
ses_20260701-032825-CHAITANYA0BCF,2026-07-01 03:38:57.360000+00:00,13.0
ses_20260701-032825-CHAITANYA0BCF,2026-07-01 03:39:17.360000+00:00,4.25
ses_20260701-032825-CHAITANYA0BCF,2026-07-01 03:40:29.360000+00:00,13.0
ses_20260701-032825-CHAITANYA0BCF,2026-07-01 03:40:33.360000+00:00,12.0
ses_20260701-032825-CHAITANYA0BCF,2026-07-01 03:43:11.360000+00:00,13.0
ses_20260701-032825-CHAITANYA0BCF,2026-07-01 03:44:07.360000+00:00,12.0
ses_20260701-032825-CHAITANYA0BCF,2026-07-01 03:44:31.360000+00:00,3.0
ses_20260701-032825-CHAITANYA0BCF,2026-07-01 03:45:03.360000+00:00,11.0
ses_20260701-032825-CHAITANYA0BCF,2026-07-01 03:45:33.360000+00:00,9.0
ses_20260701-032825-CHAITANYA0BCF,2026-07-01 03:46:07.360000+00:00,13.0
ses_20260701-032825-CHAITANYA0BCF,2026-07-01 03:46:13.360000+00:00,14.0
ses_20260701-032825-CHAITANYA0BCF,2026-07-01 03:46:17.360000+00:00,12.0
ses_20260701-032825-CHAITANYA0BCF,2026-07-01 03:47:03.360000+00:00,3.0
ses_20260701-032825-CHAITANYA0BCF,2026-07-01 03:47:07.360000+00:00,13.0
ses_20260701-032825-CHAITANYA0BCF,2026-07-01 03:48:19.360000+00:00,9.0
ses_20260701-032825-CHAITANYA0BCF,2026-07-01 03:48:25.360000+00:00,13.0
ses_20260701-032825-CHAITANYA0BCF,2026-07-01 03:48:55.360000+00:00,14.0
ses_20260701-032825-CHAITANYA0BCF,2026-07-01 03:48:59.360000+00:00,13.0
ses_20260701-032825-CHAITANYA0BCF,2026-07-01 03:49:19.360000+00:00,12.0
ses_20260701-032825-CHAITANYA0BCF,2026-07-01 03:49:29.360000+00:00,14.0
ses_20260701-032825-CHAITANYA0BCF,2026-07-01 03:49:55.360000+00:00,12.0
ses_20260701-032825-CHAITANYA0BCF,2026-07-01 03:49:59.360000+00:00,14.0
ses_20260701-032825-CHAITANYA0BCF,2026-07-01 03:50:19.360000+00:00,11.0
ses_20260701-032825-CHAITANYA0BCF,2026-07-01 03:51:21.360000+00:00,13.0
ses_20260701-032825-CHAITANYA0BCF,2026-07-01 03:51:29.360000+00:00,12.0
ses_20260701-032825-CHAITANYA0BCF,2026-07-01 03:51:51.360000+00:00,13.0
ses_20260701-035622-SIDDHIGUPTAB00B,2026-07-01 03:56:32.434000+00:00,4.5
ses_20260701-035622-SIDDHIGUPTAB00B,2026-07-01 03:56:52.434000+00:00,3.0
ses_20260701-035622-SIDDHIGUPTAB00B,2026-07-01 03:57:44.434000+00:00,9.0
ses_20260701-035622-SIDDHIGUPTAB00B,2026-07-01 03:57:48.434000+00:00,5.0
ses_20260701-035622-SIDDHIGUPTAB00B,2026-07-01 03:58:14.434000+00:00,8.0
ses_20260701-035622-SIDDHIGUPTAB00B,2026-07-01 03:58:34.434000+00:00,12.0
ses_20260701-035622-SIDDHIGUPTAB00B,2026-07-01 04:00:22.434000+00:00,5.0
ses_20260701-035622-SIDDHIGUPTAB00B,2026-07-01 04:00:46.434000+00:00,8.0
ses_20260701-035622-SIDDHIGUPTAB00B,2026-07-01 04:00:50.434000+00:00,7.0
ses_20260701-035622-SIDDHIGUPTAB00B,2026-07-01 04:01:18.434000+00:00,12.0
ses_20260701-035622-SIDDHIGUPTAB00B,2026-07-01 04:01:30.434000+00:00,13.0
ses_20260701-035622-SIDDHIGUPTAB00B,2026-07-01 04:02:24.434000+00:00,10.0
ses_20260701-035622-SIDDHIGUPTAB00B,2026-07-01 04:03:00.434000+00:00,12.0
ses_20260701-035622-SIDDHIGUPTAB00B,2026-07-01 04:03:04.434000+00:00,11.0
ses_20260701-035622-SIDDHIGUPTAB00B,2026-07-01 04:03:24.434000+00:00,12.0
ses_20260701-035622-SIDDHIGUPTAB00B,2026-07-01 04:03:32.434000+00:00,11.0
ses_20260701-035622-SIDDHIGUPTAB00B,2026-07-01 04:04:08.434000+00:00,3.0
ses_20260701-035622-SIDDHIGUPTAB00B,2026-07-01 04:05:54.434000+00:00,12.0
ses_20260701-035622-SIDDHIGUPTAB00B,2026-07-01 04:06:24.434000+00:00,12.0
ses_20260701-035622-SIDDHIGUPTAB00B,2026-07-01 04:07:26.434000+00:00,12.0
ses_20260701-035622-SIDDHIGUPTAB00B,2026-07-01 04:07:30.434000+00:00,11.0
ses_20260701-035622-SIDDHIGUPTAB00B,2026-07-01 04:07:56.434000+00:00,12.0
ses_20260701-035622-SIDDHIGUPTAB00B,2026-07-01 04:08:40.434000+00:00,7.0
ses_20260701-035622-SIDDHIGUPTAB00B,2026-07-01 04:10:06.434000+00:00,15.0
ses_20260701-035622-SIDDHIGUPTAB00B,2026-07-01 04:10:32.434000+00:00,10.0
ses_20260701-035622-SIDDHIGUPTAB00B,2026-07-01 04:11:02.434000+00:00,3.5
ses_20260701-035622-SIDDHIGUPTAB00B,2026-07-01 04:12:06.434000+00:00,13.0
ses_20260701-035622-SIDDHIGUPTAB00B,2026-07-01 04:12:32.434000+00:00,13.0
ses_20260701-035622-SIDDHIGUPTAB00B,2026-07-01 04:12:56.434000+00:00,9.0
ses_20260701-035622-SIDDHIGUPTAB00B,2026-07-01 04:13:00.434000+00:00,12.0
ses_20260701-035622-SIDDHIGUPTAB00B,2026-07-01 04:13:06.434000+00:00,10.0
ses_20260701-035622-SIDDHIGUPTAB00B,2026-07-01 04:13:42.434000+00:00,9.0
ses_20260701-035622-SIDDHIGUPTAB00B,2026-07-01 04:13:46.434000+00:00,12.0
ses_20260701-035622-SIDDHIGUPTAB00B,2026-07-01 04:14:12.434000+00:00,11.0
ses_20260701-035622-SIDDHIGUPTAB00B,2026-07-01 04:14:22.434000+00:00,8.5
ses_20260701-035622-SIDDHIGUPTAB00B,2026-07-01 04:14:58.434000+00:00,13.0
ses_20260701-035622-SIDDHIGUPTAB00B,2026-07-01 04:15:02.434000+00:00,12.0
ses_20260701-035622-SIDDHIGUPTAB00B,2026-07-01 04:15:32.434000+00:00,11.0
ses_20260701-035622-SIDDHIGUPTAB00B,2026-07-01 04:16:10.434000+00:00,10.0
ses_20260701-035622-SIDDHIGUPTAB00B,2026-07-01 04:16:20.434000+00:00,14.0
ses_20260701-035622-SIDDHIGUPTAB00B,2026-07-01 04:16:58.434000+00:00,4.0
ses_20260701-035622-SIDDHIGUPTAB00B,2026-07-01 04:17:20.434000+00:00,11.0
ses_20260701-035622-SIDDHIGUPTAB00B,2026-07-01 04:17:24.434000+00:00,9.5
ses_20260701-035622-SIDDHIGUPTAB00B,2026-07-01 04:17:30.434000+00:00,8.0
ses_20260701-035622-SIDDHIGUPTAB00B,2026-07-01 04:17:48.434000+00:00,11.0
ses_20260701-035622-SIDDHIGUPTAB00B,2026-07-01 04:17:58.434000+00:00,12.0
ses_20260701-035622-SIDDHIGUPTAB00B,2026-07-01 04:18:30.434000+00:00,14.0
ses_20260701-035622-SIDDHIGUPTAB00B,2026-07-01 04:18:34.434000+00:00,11.0
ses_20260701-035622-SIDDHIGUPTAB00B,2026-07-01 04:18:50.434000+00:00,7.0
ses_20260701-035622-SIDDHIGUPTAB00B,2026-07-01 04:19:14.434000+00:00,4.0
ses_20260701-035622-SIDDHIGUPTAB00B,2026-07-01 04:20:08.434000+00:00,9.0
ses_20260701-035622-SIDDHIGUPTAB00B,2026-07-01 04:20:16.434000+00:00,5.0
ses_20260701-035622-SIDDHIGUPTAB00B,2026-07-01 04:20:40.434000+00:00,10.0
ses_20260701-035622-SIDDHIGUPTAB00B,2026-07-01 04:20:48.434000+00:00,10.0
ses_20260701-035622-SIDDHIGUPTAB00B,2026-07-01 04:20:52.434000+00:00,10.0
ses_20260701-035622-SIDDHIGUPTAB00B,2026-07-01 04:21:58.434000+00:00,13.0
ses_20260701-035622-SIDDHIGUPTAB00B,2026-07-01 04:22:06.434000+00:00,6.0
ses_20260701-035622-SIDDHIGUPTAB00B,2026-07-01 04:22:10.434000+00:00,11.0
ses_20260701-035622-SIDDHIGUPTAB00B,2026-07-01 04:23:04.434000+00:00,8.0
ses_20260701-035622-SIDDHIGUPTAB00B,2026-07-01 04:23:14.434000+00:00,3.0
ses_20260701-035622-SIDDHIGUPTAB00B,2026-07-01 04:23:38.434000+00:00,4.5
ses_20260701-035622-SIDDHIGUPTAB00B,2026-07-01 04:23:42.434000+00:00,8.0
ses_20260701-035622-SIDDHIGUPTAB00B,2026-07-01 04:24:04.434000+00:00,3.0
ses_20260701-043922-SIDDHIGUPTAB00B,2026-07-01 04:40:14.341000+00:00,5.0
ses_20260701-043922-SIDDHIGUPTAB00B,2026-07-01 04:41:14.341000+00:00,11.0
ses_20260701-043922-SIDDHIGUPTAB00B,2026-07-01 04:41:32.341000+00:00,11.0
ses_20260701-043922-SIDDHIGUPTAB00B,2026-07-01 04:42:10.341000+00:00,13.0
ses_20260701-043922-SIDDHIGUPTAB00B,2026-07-01 04:42:54.341000+00:00,12.0
ses_20260701-043922-SIDDHIGUPTAB00B,2026-07-01 04:43:02.341000+00:00,13.0
ses_20260701-043922-SIDDHIGUPTAB00B,2026-07-01 04:45:06.341000+00:00,12.0
ses_20260701-043922-SIDDHIGUPTAB00B,2026-07-01 04:45:52.341000+00:00,13.0
ses_20260701-043922-SIDDHIGUPTAB00B,2026-07-01 04:46:56.341000+00:00,12.0
ses_20260701-043922-SIDDHIGUPTAB00B,2026-07-01 04:47:04.341000+00:00,13.0
ses_20260701-043922-SIDDHIGUPTAB00B,2026-07-01 04:47:08.341000+00:00,13.5
ses_20260701-043922-SIDDHIGUPTAB00B,2026-07-01 04:47:40.341000+00:00,13.0
ses_20260701-043922-SIDDHIGUPTAB00B,2026-07-01 04:48:20.341000+00:00,13.0
ses_20260701-043922-SIDDHIGUPTAB00B,2026-07-01 04:48:32.341000+00:00,7.0
ses_20260701-043922-SIDDHIGUPTAB00B,2026-07-01 04:49:06.341000+00:00,3.0
ses_20260701-043922-SIDDHIGUPTAB00B,2026-07-01 04:49:48.341000+00:00,14.0
ses_20260701-043922-SIDDHIGUPTAB00B,2026-07-01 04:50:02.341000+00:00,12.0
ses_20260701-043922-SIDDHIGUPTAB00B,2026-07-01 04:52:44.341000+00:00,13.0
ses_20260701-043922-SIDDHIGUPTAB00B,2026-07-01 04:52:48.341000+00:00,13.0
ses_20260701-043922-SIDDHIGUPTAB00B,2026-07-01 04:52:58.341000+00:00,9.0
ses_20260701-043922-SIDDHIGUPTAB00B,2026-07-01 04:53:38.341000+00:00,11.0
ses_20260701-043922-SIDDHIGUPTAB00B,2026-07-01 04:53:48.341000+00:00,12.0
ses_20260701-043922-SIDDHIGUPTAB00B,2026-07-01 04:54:20.341000+00:00,10.0
ses_20260701-043922-SIDDHIGUPTAB00B,2026-07-01 04:54:24.341000+00:00,12.0
ses_20260701-043922-SIDDHIGUPTAB00B,2026-07-01 04:54:30.341000+00:00,11.0
ses_20260701-043922-SIDDHIGUPTAB00B,2026-07-01 04:55:06.341000+00:00,13.0
ses_20260701-043922-SIDDHIGUPTAB00B,2026-07-01 04:55:16.341000+00:00,11.0
ses_20260701-043922-SIDDHIGUPTAB00B,2026-07-01 04:56:08.341000+00:00,12.0
ses_20260701-043922-SIDDHIGUPTAB00B,2026-07-01 04:56:14.341000+00:00,13.0
ses_20260701-043922-SIDDHIGUPTAB00B,2026-07-01 04:56:52.341000+00:00,14.0
ses_20260701-043922-SIDDHIGUPTAB00B,2026-07-01 04:57:02.341000+00:00,7.0
ses_20260701-043922-SIDDHIGUPTAB00B,2026-07-01 04:57:42.341000+00:00,12.0
ses_20260701-043922-SIDDHIGUPTAB00B,2026-07-01 04:57:46.341000+00:00,11.0
ses_20260701-043922-SIDDHIGUPTAB00B,2026-07-01 04:57:52.341000+00:00,10.0
ses_20260701-043922-SIDDHIGUPTAB00B,2026-07-01 04:58:34.341000+00:00,14.0
ses_20260701-043922-SIDDHIGUPTAB00B,2026-07-01 04:58:38.341000+00:00,14.0
ses_20260701-043922-SIDDHIGUPTAB00B,2026-07-01 04:58:48.341000+00:00,9.0
ses_20260701-043922-SIDDHIGUPTAB00B,2026-07-01 05:00:04.341000+00:00,13.0
ses_20260701-043922-SIDDHIGUPTAB00B,2026-07-01 05:00:14.341000+00:00,11.0
ses_20260701-043922-SIDDHIGUPTAB00B,2026-07-01 05:01:32.341000+00:00,10.0
ses_20260701-043922-SIDDHIGUPTAB00B,2026-07-01 05:01:36.341000+00:00,12.0
ses_20260701-043922-SIDDHIGUPTAB00B,2026-07-01 05:01:42.341000+00:00,12.0
ses_20260701-043922-SIDDHIGUPTAB00B,2026-07-01 05:02:18.341000+00:00,11.0
ses_20260701-043922-SIDDHIGUPTAB00B,2026-07-01 05:03:36.341000+00:00,12.0
ses_20260701-043922-SIDDHIGUPTAB00B,2026-07-01 05:03:42.341000+00:00,11.0
ses_20260701-043922-SIDDHIGUPTAB00B,2026-07-01 05:04:20.341000+00:00,12.0
ses_20260701-043922-SIDDHIGUPTAB00B,2026-07-01 05:04:24.341000+00:00,12.0
ses_20260701-043922-SIDDHIGUPTAB00B,2026-07-01 05:04:30.341000+00:00,12.0
ses_20260701-043922-SIDDHIGUPTAB00B,2026-07-01 05:05:00.341000+00:00,12.0
ses_20260701-043922-SIDDHIGUPTAB00B,2026-07-01 05:05:10.341000+00:00,9.0
ses_20260701-043922-SIDDHIGUPTAB00B,2026-07-01 05:05:56.341000+00:00,9.0
ses_20260701-043922-SIDDHIGUPTAB00B,2026-07-01 05:06:00.341000+00:00,11.0
ses_20260701-043922-SIDDHIGUPTAB00B,2026-07-01 05:06:06.341000+00:00,10.0
ses_20260701-043922-SIDDHIGUPTAB00B,2026-07-01 05:06:46.341000+00:00,11.0
ses_20260701-043922-SIDDHIGUPTAB00B,2026-07-01 05:06:58.341000+00:00,7.0
ses_20260701-043922-SIDDHIGUPTAB00B,2026-07-01 05:07:34.341000+00:00,12.0
ses_20260701-043922-SIDDHIGUPTAB00B,2026-07-01 05:07:44.341000+00:00,10.0
ses_20260701-043922-SIDDHIGUPTAB00B,2026-07-01 05:08:22.341000+00:00,3.0
ses_20260701-043922-SIDDHIGUPTAB00B,2026-07-01 05:10:40.341000+00:00,8.0
ses_20260701-043922-SIDDHIGUPTAB00B,2026-07-01 05:10:44.341000+00:00,12.0
ses_20260701-043922-SIDDHIGUPTAB00B,2026-07-01 05:10:50.341000+00:00,8.0
ses_20260701-043922-SIDDHIGUPTAB00B,2026-07-01 05:11:50.341000+00:00,5.0
ses_20260701-043922-SIDDHIGUPTAB00B,2026-07-01 05:12:00.341000+00:00,4.0
ses_20260701-043922-SIDDHIGUPTAB00B,2026-07-01 05:12:52.341000+00:00,10.0
ses_20260701-043922-SIDDHIGUPTAB00B,2026-07-01 05:13:00.341000+00:00,7.0
ses_20260701-043922-SIDDHIGUPTAB00B,2026-07-01 05:14:00.341000+00:00,11.0
ses_20260701-043922-SIDDHIGUPTAB00B,2026-07-01 05:14:10.341000+00:00,8.0
ses_20260701-043922-SIDDHIGUPTAB00B,2026-07-01 05:15:02.341000+00:00,13.0
ses_20260701-043922-SIDDHIGUPTAB00B,2026-07-01 05:15:08.341000+00:00,7.0
ses_20260701-043922-SIDDHIGUPTAB00B,2026-07-01 05:15:42.341000+00:00,3.0
ses_20260701-043922-SIDDHIGUPTAB00B,2026-07-01 05:15:58.341000+00:00,9.0
ses_20260701-043922-SIDDHIGUPTAB00B,2026-07-01 05:16:02.341000+00:00,10.0
ses_20260701-043922-SIDDHIGUPTAB00B,2026-07-01 05:17:02.341000+00:00,14.0
ses_20260701-051820-CHAITANYA0BCF,2026-07-01 05:19:14.677000+00:00,12.0
ses_20260701-051820-CHAITANYA0BCF,2026-07-01 05:20:06.677000+00:00,12.0
ses_20260701-051820-CHAITANYA0BCF,2026-07-01 05:20:14.677000+00:00,12.0
ses_20260701-051820-CHAITANYA0BCF,2026-07-01 05:20:18.677000+00:00,12.0
ses_20260701-051820-CHAITANYA0BCF,2026-07-01 05:20:44.677000+00:00,3.0
ses_20260701-051820-CHAITANYA0BCF,2026-07-01 05:20:50.677000+00:00,14.0
ses_20260701-051820-CHAITANYA0BCF,2026-07-01 05:21:00.677000+00:00,13.0
ses_20260701-051820-CHAITANYA0BCF,2026-07-01 05:21:22.677000+00:00,3.0
ses_20260701-051820-CHAITANYA0BCF,2026-07-01 05:21:26.677000+00:00,13.0
ses_20260701-051820-CHAITANYA0BCF,2026-07-01 05:21:58.677000+00:00,13.0
ses_20260701-051820-CHAITANYA0BCF,2026-07-01 05:22:54.677000+00:00,10.0
ses_20260701-051820-CHAITANYA0BCF,2026-07-01 05:24:00.677000+00:00,4.0
ses_20260701-051820-CHAITANYA0BCF,2026-07-01 05:24:08.677000+00:00,13.0
ses_20260701-051820-CHAITANYA0BCF,2026-07-01 05:24:12.677000+00:00,13.0
ses_20260701-051820-CHAITANYA0BCF,2026-07-01 05:25:12.677000+00:00,13.0
ses_20260701-051820-CHAITANYA0BCF,2026-07-01 05:25:36.677000+00:00,3.0
ses_20260701-051820-CHAITANYA0BCF,2026-07-01 05:25:40.677000+00:00,12.0
ses_20260701-051820-CHAITANYA0BCF,2026-07-01 05:25:48.677000+00:00,13.0
ses_20260701-051820-CHAITANYA0BCF,2026-07-01 05:26:22.677000+00:00,14.0
ses_20260701-051820-CHAITANYA0BCF,2026-07-01 05:26:30.677000+00:00,10.0
ses_20260701-051820-CHAITANYA0BCF,2026-07-01 05:27:12.677000+00:00,14.0
ses_20260701-051820-CHAITANYA0BCF,2026-07-01 05:27:58.677000+00:00,3.0
ses_20260701-051820-CHAITANYA0BCF,2026-07-01 05:28:02.677000+00:00,9.0
ses_20260701-051820-CHAITANYA0BCF,2026-07-01 05:28:12.677000+00:00,12.0
ses_20260701-051820-CHAITANYA0BCF,2026-07-01 05:29:08.677000+00:00,14.0
ses_20260701-051820-CHAITANYA0BCF,2026-07-01 05:29:18.677000+00:00,12.0
ses_20260701-051820-CHAITANYA0BCF,2026-07-01 05:29:48.677000+00:00,12.0
ses_20260701-051820-CHAITANYA0BCF,2026-07-01 05:30:18.677000+00:00,9.0
ses_20260701-051820-CHAITANYA0BCF,2026-07-01 05:30:56.677000+00:00,13.0
ses_20260701-051820-CHAITANYA0BCF,2026-07-01 05:31:26.677000+00:00,13.0
ses_20260701-051820-CHAITANYA0BCF,2026-07-01 05:32:52.677000+00:00,13.0
ses_20260701-051820-CHAITANYA0BCF,2026-07-01 05:33:26.677000+00:00,14.0
ses_20260701-051820-CHAITANYA0BCF,2026-07-01 05:33:30.677000+00:00,12.0
ses_20260701-051820-CHAITANYA0BCF,2026-07-01 05:34:10.677000+00:00,13.0
ses_20260701-051820-CHAITANYA0BCF,2026-07-01 05:34:44.677000+00:00,14.0
ses_20260701-051820-CHAITANYA0BCF,2026-07-01 05:35:06.677000+00:00,13.0
ses_20260701-051820-CHAITANYA0BCF,2026-07-01 05:36:10.677000+00:00,3.0
ses_20260701-051820-CHAITANYA0BCF,2026-07-01 05:37:06.677000+00:00,3.0
ses_20260701-051850-LAPTOP-R36BQBTE,2026-07-01 05:19:02.953000+00:00,3.0
ses_20260701-051850-LAPTOP-R36BQBTE,2026-07-01 05:20:04.953000+00:00,13.0
ses_20260701-051850-LAPTOP-R36BQBTE,2026-07-01 05:20:08.953000+00:00,12.5
ses_20260701-051850-LAPTOP-R36BQBTE,2026-07-01 05:20:14.953000+00:00,3.25
ses_20260701-051850-LAPTOP-R36BQBTE,2026-07-01 05:20:36.953000+00:00,12.0
ses_20260701-051850-LAPTOP-R36BQBTE,2026-07-01 05:20:46.953000+00:00,14.0
ses_20260701-051850-LAPTOP-R36BQBTE,2026-07-01 05:21:44.953000+00:00,11.0
ses_20260701-051850-LAPTOP-R36BQBTE,2026-07-01 05:21:52.953000+00:00,12.0
ses_20260701-051850-LAPTOP-R36BQBTE,2026-07-01 05:22:26.953000+00:00,12.0
ses_20260701-051850-LAPTOP-R36BQBTE,2026-07-01 05:23:20.953000+00:00,12.0
ses_20260701-051850-LAPTOP-R36BQBTE,2026-07-01 05:23:56.953000+00:00,12.0
ses_20260701-051850-LAPTOP-R36BQBTE,2026-07-01 05:24:22.953000+00:00,11.0
ses_20260701-051850-LAPTOP-R36BQBTE,2026-07-01 05:24:56.953000+00:00,11.0
ses_20260701-051850-LAPTOP-R36BQBTE,2026-07-01 05:25:26.953000+00:00,12.0
ses_20260701-051850-LAPTOP-R36BQBTE,2026-07-01 05:25:30.953000+00:00,11.5
ses_20260701-051850-LAPTOP-R36BQBTE,2026-07-01 05:26:00.953000+00:00,13.0
ses_20260701-051850-LAPTOP-R36BQBTE,2026-07-01 05:26:28.953000+00:00,3.0
ses_20260701-051850-LAPTOP-R36BQBTE,2026-07-01 05:26:34.953000+00:00,11.5
ses_20260701-051850-LAPTOP-R36BQBTE,2026-07-01 05:27:52.953000+00:00,11.0
ses_20260701-051850-LAPTOP-R36BQBTE,2026-07-01 05:28:02.953000+00:00,11.0
ses_20260701-051850-LAPTOP-R36BQBTE,2026-07-01 05:28:24.953000+00:00,13.0
ses_20260701-051850-LAPTOP-R36BQBTE,2026-07-01 05:28:50.953000+00:00,13.0
ses_20260701-051850-LAPTOP-R36BQBTE,2026-07-01 05:29:14.953000+00:00,13.0
ses_20260701-051850-LAPTOP-R36BQBTE,2026-07-01 05:30:02.953000+00:00,12.0
ses_20260701-051850-LAPTOP-R36BQBTE,2026-07-01 05:30:28.953000+00:00,11.0
ses_20260701-051850-LAPTOP-R36BQBTE,2026-07-01 05:31:00.953000+00:00,12.5
ses_20260701-051850-LAPTOP-R36BQBTE,2026-07-01 05:32:12.953000+00:00,12.0
ses_20260701-051850-LAPTOP-R36BQBTE,2026-07-01 05:32:40.953000+00:00,11.0
ses_20260701-051850-LAPTOP-R36BQBTE,2026-07-01 05:32:54.953000+00:00,13.0
ses_20260701-051850-LAPTOP-R36BQBTE,2026-07-01 05:33:02.953000+00:00,13.0
ses_20260701-051850-LAPTOP-R36BQBTE,2026-07-01 05:33:32.953000+00:00,12.0
ses_20260701-051850-LAPTOP-R36BQBTE,2026-07-01 05:34:06.953000+00:00,12.0
ses_20260701-051850-LAPTOP-R36BQBTE,2026-07-01 05:34:32.953000+00:00,13.0
ses_20260701-051850-LAPTOP-R36BQBTE,2026-07-01 05:34:36.953000+00:00,12.5
ses_20260701-051850-LAPTOP-R36BQBTE,2026-07-01 05:34:58.953000+00:00,12.0
ses_20260701-051850-LAPTOP-R36BQBTE,2026-07-01 05:35:06.953000+00:00,12.0
ses_20260701-051850-LAPTOP-R36BQBTE,2026-07-01 05:35:10.953000+00:00,10.5
ses_20260701-051850-LAPTOP-R36BQBTE,2026-07-01 05:35:40.953000+00:00,13.0
ses_20260701-051850-LAPTOP-R36BQBTE,2026-07-01 05:37:12.953000+00:00,13.0
ses_20260701-051850-LAPTOP-R36BQBTE,2026-07-01 05:37:16.953000+00:00,10.0
ses_20260701-051850-LAPTOP-R36BQBTE,2026-07-01 05:37:42.953000+00:00,12.0
ses_20260701-051850-LAPTOP-R36BQBTE,2026-07-01 05:38:58.953000+00:00,12.0
ses_20260701-051850-LAPTOP-R36BQBTE,2026-07-01 05:39:06.953000+00:00,12.0
ses_20260701-051850-LAPTOP-R36BQBTE,2026-07-01 05:40:22.953000+00:00,3.0
ses_20260701-051850-LAPTOP-R36BQBTE,2026-07-01 05:40:26.953000+00:00,11.0
ses_20260701-051850-LAPTOP-R36BQBTE,2026-07-01 05:46:54.953000+00:00,5.0
ses_20260701-053005-MSI,2026-07-01 05:30:09.181000+00:00,3.0
ses_20260701-053005-MSI,2026-07-01 05:30:23.181000+00:00,7.0
ses_20260701-053005-MSI,2026-07-01 05:31:25.181000+00:00,13.0
ses_20260701-053005-MSI,2026-07-01 05:31:51.181000+00:00,13.0
ses_20260701-053005-MSI,2026-07-01 05:32:01.181000+00:00,3.0
ses_20260701-053005-MSI,2026-07-01 05:32:19.181000+00:00,3.0
ses_20260701-053005-MSI,2026-07-01 05:32:23.181000+00:00,9.0
ses_20260701-053005-MSI,2026-07-01 05:32:49.181000+00:00,13.0
ses_20260701-053005-MSI,2026-07-01 05:33:21.181000+00:00,10.0
ses_20260701-053005-MSI,2026-07-01 05:35:31.181000+00:00,10.0
ses_20260701-053005-MSI,2026-07-01 05:36:05.181000+00:00,14.0
ses_20260701-053005-MSI,2026-07-01 05:36:11.181000+00:00,14.0
ses_20260701-053005-MSI,2026-07-01 05:36:15.181000+00:00,13.0
ses_20260701-053005-MSI,2026-07-01 05:37:01.181000+00:00,13.0
ses_20260701-053005-MSI,2026-07-01 05:38:05.181000+00:00,14.0
ses_20260701-053005-MSI,2026-07-01 05:38:13.181000+00:00,14.0
ses_20260701-053005-MSI,2026-07-01 05:38:39.181000+00:00,13.0
ses_20260701-053005-MSI,2026-07-01 05:38:59.181000+00:00,13.0
ses_20260701-053005-MSI,2026-07-01 05:40:05.181000+00:00,14.0
ses_20260701-053005-MSI,2026-07-01 05:41:15.181000+00:00,14.0
ses_20260701-053005-MSI,2026-07-01 05:41:47.181000+00:00,12.0
ses_20260701-053005-MSI,2026-07-01 05:41:55.181000+00:00,3.25
ses_20260701-053005-MSI,2026-07-01 05:42:15.181000+00:00,3.0
ses_20260701-053005-MSI,2026-07-01 05:42:21.181000+00:00,12.0
ses_20260701-053005-MSI,2026-07-01 05:42:55.181000+00:00,14.0
ses_20260701-053005-MSI,2026-07-01 05:44:09.181000+00:00,12.0
ses_20260701-053005-MSI,2026-07-01 05:45:11.181000+00:00,11.0
ses_20260701-053005-MSI,2026-07-01 05:45:17.181000+00:00,13.0
ses_20260701-053005-MSI,2026-07-01 05:46:03.181000+00:00,13.0
ses_20260701-053005-MSI,2026-07-01 05:46:39.181000+00:00,13.0
ses_20260701-053005-MSI,2026-07-01 05:47:13.181000+00:00,12.0
ses_20260701-053005-MSI,2026-07-01 05:47:41.181000+00:00,14.0
ses_20260701-053005-MSI,2026-07-01 05:47:45.181000+00:00,14.0
ses_20260701-053005-MSI,2026-07-01 05:48:39.181000+00:00,12.0
ses_20260701-053005-MSI,2026-07-01 05:49:23.181000+00:00,14.0
ses_20260701-053005-MSI,2026-07-01 05:50:07.181000+00:00,10.0
ses_20260701-053005-MSI,2026-07-01 05:51:25.181000+00:00,3.0
ses_20260701-053005-MSI,2026-07-01 05:51:45.181000+00:00,3.0
ses_20260701-053720-SIDDHIGUPTAB00B,2026-07-01 05:38:08.510000+00:00,13.0
ses_20260701-053720-SIDDHIGUPTAB00B,2026-07-01 05:39:08.510000+00:00,8.0
ses_20260701-053720-SIDDHIGUPTAB00B,2026-07-01 05:39:48.510000+00:00,13.0
ses_20260701-053720-SIDDHIGUPTAB00B,2026-07-01 05:41:38.510000+00:00,12.0
ses_20260701-053720-SIDDHIGUPTAB00B,2026-07-01 05:41:46.510000+00:00,13.0
ses_20260701-053720-SIDDHIGUPTAB00B,2026-07-01 05:41:50.510000+00:00,14.0
ses_20260701-053720-SIDDHIGUPTAB00B,2026-07-01 05:42:20.510000+00:00,13.0
ses_20260701-053720-SIDDHIGUPTAB00B,2026-07-01 05:42:30.510000+00:00,13.0
ses_20260701-053720-SIDDHIGUPTAB00B,2026-07-01 05:42:56.510000+00:00,12.0
ses_20260701-053720-SIDDHIGUPTAB00B,2026-07-01 05:43:20.510000+00:00,13.0
ses_20260701-053720-SIDDHIGUPTAB00B,2026-07-01 05:43:36.510000+00:00,14.0
ses_20260701-053720-SIDDHIGUPTAB00B,2026-07-01 05:46:26.510000+00:00,12.0
ses_20260701-053720-SIDDHIGUPTAB00B,2026-07-01 05:46:56.510000+00:00,12.0
ses_20260701-053720-SIDDHIGUPTAB00B,2026-07-01 05:47:00.510000+00:00,11.5
ses_20260701-053720-SIDDHIGUPTAB00B,2026-07-01 05:47:24.510000+00:00,10.0
ses_20260701-053720-SIDDHIGUPTAB00B,2026-07-01 05:47:28.510000+00:00,4.0
ses_20260701-053720-SIDDHIGUPTAB00B,2026-07-01 05:48:00.510000+00:00,9.0
ses_20260701-053720-SIDDHIGUPTAB00B,2026-07-01 05:48:08.510000+00:00,14.0
ses_20260701-053720-SIDDHIGUPTAB00B,2026-07-01 05:48:34.510000+00:00,12.0
ses_20260701-053720-SIDDHIGUPTAB00B,2026-07-01 05:50:04.510000+00:00,15.0
ses_20260701-053720-SIDDHIGUPTAB00B,2026-07-01 05:50:14.510000+00:00,12.0
ses_20260701-053720-SIDDHIGUPTAB00B,2026-07-01 05:50:42.510000+00:00,12.0
ses_20260701-053720-SIDDHIGUPTAB00B,2026-07-01 05:50:50.510000+00:00,9.0
ses_20260701-053720-SIDDHIGUPTAB00B,2026-07-01 05:50:54.510000+00:00,14.5
ses_20260701-053720-SIDDHIGUPTAB00B,2026-07-01 05:51:48.510000+00:00,13.0
ses_20260701-053720-SIDDHIGUPTAB00B,2026-07-01 05:51:58.510000+00:00,12.0
ses_20260701-053720-SIDDHIGUPTAB00B,2026-07-01 05:52:02.510000+00:00,13.0
ses_20260701-053720-SIDDHIGUPTAB00B,2026-07-01 05:52:28.510000+00:00,13.0
ses_20260701-053720-SIDDHIGUPTAB00B,2026-07-01 05:53:10.510000+00:00,11.0
ses_20260701-053720-SIDDHIGUPTAB00B,2026-07-01 05:53:14.510000+00:00,13.0
ses_20260701-053720-SIDDHIGUPTAB00B,2026-07-01 05:53:28.510000+00:00,11.0
ses_20260701-053720-SIDDHIGUPTAB00B,2026-07-01 05:53:46.510000+00:00,12.0
ses_20260701-053720-SIDDHIGUPTAB00B,2026-07-01 05:54:12.510000+00:00,12.0
ses_20260701-053720-SIDDHIGUPTAB00B,2026-07-01 05:54:16.510000+00:00,13.0
ses_20260701-053720-SIDDHIGUPTAB00B,2026-07-01 05:54:38.510000+00:00,10.0
ses_20260701-053720-SIDDHIGUPTAB00B,2026-07-01 05:54:46.510000+00:00,13.0
ses_20260701-053720-SIDDHIGUPTAB00B,2026-07-01 05:55:36.510000+00:00,13.0
ses_20260701-053720-SIDDHIGUPTAB00B,2026-07-01 05:55:40.510000+00:00,7.0
ses_20260701-053720-SIDDHIGUPTAB00B,2026-07-01 05:56:16.510000+00:00,12.0
ses_20260701-053720-SIDDHIGUPTAB00B,2026-07-01 05:56:46.510000+00:00,15.0
ses_20260701-053720-SIDDHIGUPTAB00B,2026-07-01 05:56:56.510000+00:00,11.0
ses_20260701-053720-SIDDHIGUPTAB00B,2026-07-01 05:57:22.510000+00:00,11.0
ses_20260701-053720-SIDDHIGUPTAB00B,2026-07-01 05:57:46.510000+00:00,9.0
ses_20260701-053720-SIDDHIGUPTAB00B,2026-07-01 05:58:10.510000+00:00,5.0
ses_20260701-053720-SIDDHIGUPTAB00B,2026-07-01 05:59:00.510000+00:00,8.0
ses_20260701-053720-SIDDHIGUPTAB00B,2026-07-01 05:59:24.510000+00:00,3.0
ses_20260701-053720-SIDDHIGUPTAB00B,2026-07-01 05:59:28.510000+00:00,9.0
ses_20260701-053720-SIDDHIGUPTAB00B,2026-07-01 06:01:26.510000+00:00,12.0
ses_20260701-053720-SIDDHIGUPTAB00B,2026-07-01 06:01:44.510000+00:00,10.0
ses_20260701-054901-LAPTOP-R36BQBTE,2026-07-01 05:49:15.927000+00:00,6.0
ses_20260701-054901-LAPTOP-R36BQBTE,2026-07-01 05:50:13.927000+00:00,11.0
ses_20260701-054901-LAPTOP-R36BQBTE,2026-07-01 05:50:57.927000+00:00,13.0
ses_20260701-054901-LAPTOP-R36BQBTE,2026-07-01 05:51:01.927000+00:00,12.5
ses_20260701-054901-LAPTOP-R36BQBTE,2026-07-01 05:51:23.927000+00:00,13.0
ses_20260701-054901-LAPTOP-R36BQBTE,2026-07-01 05:51:47.927000+00:00,11.0
ses_20260701-054901-LAPTOP-R36BQBTE,2026-07-01 05:52:11.927000+00:00,13.0
ses_20260701-054901-LAPTOP-R36BQBTE,2026-07-01 05:52:19.927000+00:00,13.0
ses_20260701-054901-LAPTOP-R36BQBTE,2026-07-01 05:52:47.927000+00:00,11.0
ses_20260701-054901-LAPTOP-R36BQBTE,2026-07-01 05:53:09.927000+00:00,3.0
ses_20260701-054901-LAPTOP-R36BQBTE,2026-07-01 05:53:15.927000+00:00,6.5
ses_20260701-054901-LAPTOP-R36BQBTE,2026-07-01 05:53:21.927000+00:00,12.0
ses_20260701-054901-LAPTOP-R36BQBTE,2026-07-01 05:53:25.927000+00:00,13.5
ses_20260701-054901-LAPTOP-R36BQBTE,2026-07-01 05:53:29.927000+00:00,3.0
ses_20260701-054901-LAPTOP-R36BQBTE,2026-07-01 05:53:47.927000+00:00,12.0
ses_20260701-054901-LAPTOP-R36BQBTE,2026-07-01 05:54:07.927000+00:00,12.0
ses_20260701-054901-LAPTOP-R36BQBTE,2026-07-01 05:54:11.927000+00:00,11.0
ses_20260701-054901-LAPTOP-R36BQBTE,2026-07-01 05:55:03.927000+00:00,10.5
ses_20260701-054901-LAPTOP-R36BQBTE,2026-07-01 05:55:39.927000+00:00,3.0
ses_20260701-054901-LAPTOP-R36BQBTE,2026-07-01 05:55:43.927000+00:00,12.0
ses_20260701-054901-LAPTOP-R36BQBTE,2026-07-01 05:56:45.927000+00:00,12.5
ses_20260701-054901-LAPTOP-R36BQBTE,2026-07-01 05:56:51.927000+00:00,13.0
ses_20260701-054901-LAPTOP-R36BQBTE,2026-07-01 05:57:49.927000+00:00,13.5
ses_20260701-054901-LAPTOP-R36BQBTE,2026-07-01 05:57:57.927000+00:00,12.0
ses_20260701-054901-LAPTOP-R36BQBTE,2026-07-01 05:58:31.927000+00:00,12.0
ses_20260701-054901-LAPTOP-R36BQBTE,2026-07-01 05:58:57.927000+00:00,13.0
ses_20260701-054901-LAPTOP-R36BQBTE,2026-07-01 05:59:05.927000+00:00,12.0
ses_20260701-054901-LAPTOP-R36BQBTE,2026-07-01 06:00:01.927000+00:00,7.0
ses_20260701-054901-LAPTOP-R36BQBTE,2026-07-01 06:00:09.927000+00:00,11.0
ses_20260701-054901-LAPTOP-R36BQBTE,2026-07-01 06:00:13.927000+00:00,11.0
ses_20260701-054901-LAPTOP-R36BQBTE,2026-07-01 06:00:41.927000+00:00,12.0
ses_20260701-054901-LAPTOP-R36BQBTE,2026-07-01 06:01:15.927000+00:00,13.0
ses_20260701-054901-LAPTOP-R36BQBTE,2026-07-01 06:01:23.927000+00:00,12.0
ses_20260701-054901-LAPTOP-R36BQBTE,2026-07-01 06:01:27.927000+00:00,12.5
ses_20260701-054901-LAPTOP-R36BQBTE,2026-07-01 06:01:57.927000+00:00,12.0
ses_20260701-054901-LAPTOP-R36BQBTE,2026-07-01 06:02:05.927000+00:00,12.0
ses_20260701-054901-LAPTOP-R36BQBTE,2026-07-01 06:02:25.927000+00:00,8.0
ses_20260701-054901-LAPTOP-R36BQBTE,2026-07-01 06:02:33.927000+00:00,13.0
ses_20260701-054901-LAPTOP-R36BQBTE,2026-07-01 06:02:37.927000+00:00,13.5
ses_20260701-054901-LAPTOP-R36BQBTE,2026-07-01 06:02:59.927000+00:00,3.0
ses_20260701-054901-LAPTOP-R36BQBTE,2026-07-01 06:03:03.927000+00:00,12.0
ses_20260701-054901-LAPTOP-R36BQBTE,2026-07-01 06:03:41.927000+00:00,13.0
ses_20260701-054901-LAPTOP-R36BQBTE,2026-07-01 06:04:15.927000+00:00,3.0
ses_20260701-054901-LAPTOP-R36BQBTE,2026-07-01 06:04:21.927000+00:00,9.5
ses_20260701-054901-LAPTOP-R36BQBTE,2026-07-01 06:04:27.927000+00:00,13.0
ses_20260701-054901-LAPTOP-R36BQBTE,2026-07-01 06:04:31.927000+00:00,12.0
ses_20260701-054901-LAPTOP-R36BQBTE,2026-07-01 06:04:51.927000+00:00,12.0
ses_20260701-054901-LAPTOP-R36BQBTE,2026-07-01 06:04:59.927000+00:00,12.0
ses_20260701-054901-LAPTOP-R36BQBTE,2026-07-01 06:05:41.927000+00:00,10.5
ses_20260701-054901-LAPTOP-R36BQBTE,2026-07-01 06:06:11.927000+00:00,13.0
ses_20260701-054901-LAPTOP-R36BQBTE,2026-07-01 06:07:11.927000+00:00,13.0
ses_20260701-054901-LAPTOP-R36BQBTE,2026-07-01 06:07:19.927000+00:00,12.0
ses_20260701-054901-LAPTOP-R36BQBTE,2026-07-01 06:08:07.927000+00:00,12.0
ses_20260701-054901-LAPTOP-R36BQBTE,2026-07-01 06:18:37.927000+00:00,3.0
ses_20260701-054901-LAPTOP-R36BQBTE,2026-07-01 06:18:41.927000+00:00,3.0
ses_20260701-054930-CHAITANYA0BCF,2026-07-01 05:50:24.898000+00:00,13.0
ses_20260701-054930-CHAITANYA0BCF,2026-07-01 05:50:56.898000+00:00,13.0
ses_20260701-054930-CHAITANYA0BCF,2026-07-01 05:51:12.898000+00:00,14.0
ses_20260701-054930-CHAITANYA0BCF,2026-07-01 05:51:20.898000+00:00,13.0
ses_20260701-054930-CHAITANYA0BCF,2026-07-01 05:51:44.898000+00:00,14.0
ses_20260701-054930-CHAITANYA0BCF,2026-07-01 05:51:48.898000+00:00,11.5
ses_20260701-054930-CHAITANYA0BCF,2026-07-01 05:52:48.898000+00:00,13.0
ses_20260701-054930-CHAITANYA0BCF,2026-07-01 05:53:12.898000+00:00,13.0
ses_20260701-054930-CHAITANYA0BCF,2026-07-01 05:53:16.898000+00:00,13.0
ses_20260701-054930-CHAITANYA0BCF,2026-07-01 05:53:40.898000+00:00,14.0
ses_20260701-054930-CHAITANYA0BCF,2026-07-01 05:53:44.898000+00:00,12.0
ses_20260701-054930-CHAITANYA0BCF,2026-07-01 05:54:44.898000+00:00,13.0
ses_20260701-054930-CHAITANYA0BCF,2026-07-01 05:54:52.898000+00:00,14.0
ses_20260701-054930-CHAITANYA0BCF,2026-07-01 05:55:44.898000+00:00,13.0
ses_20260701-054930-CHAITANYA0BCF,2026-07-01 05:56:10.898000+00:00,13.0
ses_20260701-054930-CHAITANYA0BCF,2026-07-01 05:56:32.898000+00:00,10.0
ses_20260701-054930-CHAITANYA0BCF,2026-07-01 05:56:44.898000+00:00,13.0
ses_20260701-054930-CHAITANYA0BCF,2026-07-01 05:58:10.898000+00:00,13.0
ses_20260701-054930-CHAITANYA0BCF,2026-07-01 05:59:04.898000+00:00,3.0
ses_20260701-054930-CHAITANYA0BCF,2026-07-01 05:59:12.898000+00:00,14.0
ses_20260701-054930-CHAITANYA0BCF,2026-07-01 05:59:24.898000+00:00,14.0
ses_20260701-054930-CHAITANYA0BCF,2026-07-01 05:59:28.898000+00:00,14.0
ses_20260701-054930-CHAITANYA0BCF,2026-07-01 05:59:44.898000+00:00,14.0
ses_20260701-054930-CHAITANYA0BCF,2026-07-01 05:59:52.898000+00:00,14.0
ses_20260701-054930-CHAITANYA0BCF,2026-07-01 06:00:42.898000+00:00,10.0
ses_20260701-054930-CHAITANYA0BCF,2026-07-01 06:00:48.898000+00:00,3.0
ses_20260701-054930-CHAITANYA0BCF,2026-07-01 06:01:58.898000+00:00,12.0
ses_20260701-054930-CHAITANYA0BCF,2026-07-01 06:03:52.898000+00:00,3.0
ses_20260701-054930-CHAITANYA0BCF,2026-07-01 06:04:42.898000+00:00,15.0
ses_20260701-054930-CHAITANYA0BCF,2026-07-01 06:05:54.898000+00:00,11.0
ses_20260701-054930-CHAITANYA0BCF,2026-07-01 06:06:02.898000+00:00,12.0
ses_20260701-054930-CHAITANYA0BCF,2026-07-01 06:06:06.898000+00:00,13.0
ses_20260701-054930-CHAITANYA0BCF,2026-07-01 06:07:08.898000+00:00,14.0
ses_20260701-054930-CHAITANYA0BCF,2026-07-01 06:07:24.898000+00:00,14.0
ses_20260701-054930-CHAITANYA0BCF,2026-07-01 06:07:34.898000+00:00,13.0
ses_20260701-054930-CHAITANYA0BCF,2026-07-01 06:08:00.898000+00:00,12.0
ses_20260701-054930-CHAITANYA0BCF,2026-07-01 06:08:36.898000+00:00,12.0
ses_20260701-054930-CHAITANYA0BCF,2026-07-01 06:08:42.898000+00:00,12.0
ses_20260701-054930-CHAITANYA0BCF,2026-07-01 06:08:46.898000+00:00,14.0
ses_20260701-054930-CHAITANYA0BCF,2026-07-01 06:09:34.898000+00:00,12.5
ses_20260701-054930-CHAITANYA0BCF,2026-07-01 06:09:44.898000+00:00,12.0
ses_20260701-054930-CHAITANYA0BCF,2026-07-01 06:10:08.898000+00:00,12.0
ses_20260701-055037-Marcos,2026-07-01 05:51:25.051000+00:00,13.0
ses_20260701-055037-Marcos,2026-07-01 05:52:27.051000+00:00,12.0
ses_20260701-055037-Marcos,2026-07-01 05:52:31.051000+00:00,13.0
ses_20260701-055037-Marcos,2026-07-01 05:53:05.051000+00:00,24.0
ses_20260701-055037-Marcos,2026-07-01 05:53:23.051000+00:00,9.0
ses_20260701-055037-Marcos,2026-07-01 05:53:31.051000+00:00,11.0
ses_20260701-055037-Marcos,2026-07-01 05:54:03.051000+00:00,12.0
ses_20260701-055037-Marcos,2026-07-01 05:54:23.051000+00:00,9.0
ses_20260701-055037-Marcos,2026-07-01 05:55:01.051000+00:00,12.0
ses_20260701-055037-Marcos,2026-07-01 05:55:31.051000+00:00,13.0
ses_20260701-055037-Marcos,2026-07-01 05:55:37.051000+00:00,12.0
ses_20260701-055037-Marcos,2026-07-01 05:55:41.051000+00:00,11.0
ses_20260701-055037-Marcos,2026-07-01 05:56:05.051000+00:00,11.0
ses_20260701-055037-Marcos,2026-07-01 05:56:27.051000+00:00,11.0
ses_20260701-055037-Marcos,2026-07-01 05:56:49.051000+00:00,10.0
ses_20260701-055037-Marcos,2026-07-01 05:57:25.051000+00:00,13.0
ses_20260701-055037-Marcos,2026-07-01 05:57:29.051000+00:00,13.0
ses_20260701-055037-Marcos,2026-07-01 05:59:15.051000+00:00,3.0
ses_20260701-055037-Marcos,2026-07-01 05:59:19.051000+00:00,13.0
ses_20260701-055037-Marcos,2026-07-01 06:00:07.051000+00:00,9.0
ses_20260701-055037-Marcos,2026-07-01 06:00:15.051000+00:00,13.0
ses_20260701-055037-Marcos,2026-07-01 06:01:05.051000+00:00,13.0
ses_20260701-055037-Marcos,2026-07-01 06:01:35.051000+00:00,12.0
ses_20260701-055037-Marcos,2026-07-01 06:02:33.051000+00:00,12.0
ses_20260701-055037-Marcos,2026-07-01 06:02:49.051000+00:00,11.0
ses_20260701-055037-Marcos,2026-07-01 06:03:29.051000+00:00,9.0
ses_20260701-055037-Marcos,2026-07-01 06:03:35.051000+00:00,13.0
ses_20260701-055037-Marcos,2026-07-01 06:03:39.051000+00:00,12.0
ses_20260701-055037-Marcos,2026-07-01 06:04:03.051000+00:00,11.0
ses_20260701-055037-Marcos,2026-07-01 06:04:33.051000+00:00,12.0
ses_20260701-055037-Marcos,2026-07-01 06:04:41.051000+00:00,12.0
ses_20260701-055037-Marcos,2026-07-01 06:05:23.051000+00:00,11.0
ses_20260701-055037-Marcos,2026-07-01 06:05:55.051000+00:00,13.0
ses_20260701-055037-Marcos,2026-07-01 06:06:15.051000+00:00,13.0
ses_20260701-055037-Marcos,2026-07-01 06:08:09.051000+00:00,13.0
ses_20260701-055037-Marcos,2026-07-01 06:08:17.051000+00:00,13.0
ses_20260701-055037-Marcos,2026-07-01 06:08:21.051000+00:00,14.0
ses_20260701-055037-Marcos,2026-07-01 06:09:25.051000+00:00,11.0
ses_20260701-055037-Marcos,2026-07-01 06:09:57.051000+00:00,14.0
ses_20260701-055037-Marcos,2026-07-01 06:10:53.051000+00:00,8.0
ses_20260701-055037-Marcos,2026-07-01 06:13:47.051000+00:00,12.0
ses_20260701-055918-MSI,2026-07-01 05:59:18.567000+00:00,5.0
ses_20260701-055918-MSI,2026-07-01 05:59:30.567000+00:00,7.0
ses_20260701-055918-MSI,2026-07-01 06:00:28.567000+00:00,13.0
ses_20260701-055918-MSI,2026-07-01 06:00:32.567000+00:00,13.0
ses_20260701-055918-MSI,2026-07-01 06:01:02.567000+00:00,13.0
ses_20260701-055918-MSI,2026-07-01 06:01:12.567000+00:00,13.0
ses_20260701-055918-MSI,2026-07-01 06:01:32.567000+00:00,13.0
ses_20260701-055918-MSI,2026-07-01 06:01:36.567000+00:00,15.0
ses_20260701-055918-MSI,2026-07-01 06:02:14.567000+00:00,13.0
ses_20260701-055918-MSI,2026-07-01 06:02:42.567000+00:00,13.0
ses_20260701-055918-MSI,2026-07-01 06:03:10.567000+00:00,13.0
ses_20260701-055918-MSI,2026-07-01 06:03:32.567000+00:00,8.0
ses_20260701-055918-MSI,2026-07-01 06:03:38.567000+00:00,14.0
ses_20260701-055918-MSI,2026-07-01 06:04:06.567000+00:00,12.0
ses_20260701-055918-MSI,2026-07-01 06:04:42.567000+00:00,13.0
ses_20260701-055918-MSI,2026-07-01 06:05:14.567000+00:00,10.0
ses_20260701-055918-MSI,2026-07-01 06:06:04.567000+00:00,13.0
ses_20260701-055918-MSI,2026-07-01 06:06:12.567000+00:00,14.0
ses_20260701-055918-MSI,2026-07-01 06:06:36.567000+00:00,13.0
ses_20260701-055918-MSI,2026-07-01 06:06:58.567000+00:00,13.0
ses_20260701-055918-MSI,2026-07-01 06:07:06.567000+00:00,14.0
ses_20260701-055918-MSI,2026-07-01 06:07:10.567000+00:00,13.0
ses_20260701-055918-MSI,2026-07-01 06:08:12.567000+00:00,13.0
ses_20260701-055918-MSI,2026-07-01 06:08:20.567000+00:00,12.0
ses_20260701-055918-MSI,2026-07-01 06:08:50.567000+00:00,13.0
ses_20260701-055918-MSI,2026-07-01 06:09:00.567000+00:00,12.0
ses_20260701-055918-MSI,2026-07-01 06:09:44.567000+00:00,14.0
ses_20260701-055918-MSI,2026-07-01 06:10:14.567000+00:00,13.0
ses_20260701-055918-MSI,2026-07-01 06:12:38.567000+00:00,13.0
ses_20260701-055918-MSI,2026-07-01 06:12:48.567000+00:00,12.0
ses_20260701-055918-MSI,2026-07-01 06:13:14.567000+00:00,13.0
ses_20260701-055918-MSI,2026-07-01 06:13:18.567000+00:00,14.0
ses_20260701-055918-MSI,2026-07-01 06:13:48.567000+00:00,8.0
ses_20260701-055918-MSI,2026-07-01 06:14:46.567000+00:00,13.0
ses_20260701-055918-MSI,2026-07-01 06:15:08.567000+00:00,14.0
ses_20260701-055918-MSI,2026-07-01 06:15:16.567000+00:00,13.0
ses_20260701-055918-MSI,2026-07-01 06:15:20.567000+00:00,14.0
ses_20260701-055918-MSI,2026-07-01 06:17:18.567000+00:00,14.0
ses_20260701-055918-MSI,2026-07-01 06:17:22.567000+00:00,13.0
ses_20260701-055918-MSI,2026-07-01 06:17:56.567000+00:00,14.0
ses_20260701-055918-MSI,2026-07-01 06:18:00.567000+00:00,13.0
ses_20260701-055918-MSI,2026-07-01 06:18:16.567000+00:00,9.0
ses_20260701-055918-MSI,2026-07-01 06:18:48.567000+00:00,13.0
ses_20260701-055918-MSI,2026-07-01 06:18:56.567000+00:00,13.0
ses_20260701-055918-MSI,2026-07-01 06:19:26.567000+00:00,14.0
ses_20260701-055918-MSI,2026-07-01 06:19:56.567000+00:00,14.0
ses_20260701-055918-MSI,2026-07-01 06:20:02.567000+00:00,13.0
ses_20260701-055918-MSI,2026-07-01 06:20:06.567000+00:00,14.0
ses_20260701-055918-MSI,2026-07-01 06:21:22.567000+00:00,15.0
ses_20260701-055918-MSI,2026-07-01 06:22:14.567000+00:00,3.0
ses_20260701-055918-MSI,2026-07-01 06:22:18.567000+00:00,3.0
ses_20260701-062250-Marcos,2026-07-01 06:23:38.558000+00:00,13.0
ses_20260701-062250-Marcos,2026-07-01 06:24:04.558000+00:00,13.0
ses_20260701-062250-Marcos,2026-07-01 06:24:16.558000+00:00,4.25
ses_20260701-062250-Marcos,2026-07-01 06:24:28.558000+00:00,3.0
ses_20260701-062250-Marcos,2026-07-01 06:24:32.558000+00:00,13.0
ses_20260701-062250-Marcos,2026-07-01 06:24:40.558000+00:00,13.0
ses_20260701-062250-Marcos,2026-07-01 06:25:14.558000+00:00,8.0
ses_20260701-062250-Marcos,2026-07-01 06:25:52.558000+00:00,11.0
ses_20260701-062250-Marcos,2026-07-01 06:26:30.558000+00:00,11.0
ses_20260701-062250-Marcos,2026-07-01 06:27:08.558000+00:00,12.0
ses_20260701-062250-Marcos,2026-07-01 06:27:52.558000+00:00,13.0
ses_20260701-062250-Marcos,2026-07-01 06:27:58.558000+00:00,12.0
ses_20260701-062250-Marcos,2026-07-01 06:28:02.558000+00:00,12.0
ses_20260701-062250-Marcos,2026-07-01 06:28:42.558000+00:00,11.0
ses_20260701-062250-Marcos,2026-07-01 06:29:32.558000+00:00,14.0
ses_20260701-062250-Marcos,2026-07-01 06:29:40.558000+00:00,13.0
ses_20260701-062250-Marcos,2026-07-01 06:30:26.558000+00:00,14.0
ses_20260701-062250-Marcos,2026-07-01 06:30:32.558000+00:00,13.0
ses_20260701-062250-Marcos,2026-07-01 06:31:18.558000+00:00,11.0
ses_20260701-062250-Marcos,2026-07-01 06:31:40.558000+00:00,13.0
ses_20260701-062250-Marcos,2026-07-01 06:32:22.558000+00:00,10.0
ses_20260701-062250-Marcos,2026-07-01 06:32:28.558000+00:00,12.0
ses_20260701-062250-Marcos,2026-07-01 06:32:32.558000+00:00,10.0
ses_20260701-062250-Marcos,2026-07-01 06:32:54.558000+00:00,13.0
ses_20260701-062250-Marcos,2026-07-01 06:33:52.558000+00:00,12.0
ses_20260701-062250-Marcos,2026-07-01 06:34:58.558000+00:00,13.0
ses_20260701-062250-Marcos,2026-07-01 06:35:06.558000+00:00,13.0
ses_20260701-062250-Marcos,2026-07-01 06:35:10.558000+00:00,10.0
ses_20260701-062250-Marcos,2026-07-01 06:35:36.558000+00:00,11.0
ses_20260701-062250-Marcos,2026-07-01 06:36:08.558000+00:00,3.25
ses_20260701-062250-Marcos,2026-07-01 06:36:34.558000+00:00,12.0
ses_20260701-062250-Marcos,2026-07-01 06:37:02.558000+00:00,7.0
ses_20260701-062250-Marcos,2026-07-01 06:37:08.558000+00:00,13.0
ses_20260701-062250-Marcos,2026-07-01 06:37:46.558000+00:00,12.0
ses_20260701-062250-Marcos,2026-07-01 06:38:20.558000+00:00,12.0
ses_20260701-062250-Marcos,2026-07-01 06:38:28.558000+00:00,13.0
ses_20260701-062250-Marcos,2026-07-01 06:39:26.558000+00:00,11.0
ses_20260701-062250-Marcos,2026-07-01 06:39:56.558000+00:00,12.0
ses_20260701-062250-Marcos,2026-07-01 06:40:26.558000+00:00,13.0
ses_20260701-062250-Marcos,2026-07-01 06:42:40.558000+00:00,13.0
ses_20260701-062250-Marcos,2026-07-01 06:42:50.558000+00:00,12.0
ses_20260701-062250-Marcos,2026-07-01 06:43:16.558000+00:00,3.0
ses_20260701-062250-Marcos,2026-07-01 06:43:20.558000+00:00,12.0
ses_20260701-062250-Marcos,2026-07-01 06:43:28.558000+00:00,13.0
ses_20260701-062732-MSI,2026-07-01 06:27:34.080000+00:00,3.0
ses_20260701-062732-MSI,2026-07-01 06:27:56.080000+00:00,9.25
ses_20260701-062732-MSI,2026-07-01 06:28:58.080000+00:00,13.0
ses_20260701-062732-MSI,2026-07-01 06:29:20.080000+00:00,13.0
ses_20260701-062732-MSI,2026-07-01 06:29:24.080000+00:00,14.0
ses_20260701-062732-MSI,2026-07-01 06:29:42.080000+00:00,14.0
ses_20260701-062732-MSI,2026-07-01 06:30:06.080000+00:00,3.0
ses_20260701-062732-MSI,2026-07-01 06:30:28.080000+00:00,13.0
ses_20260701-062732-MSI,2026-07-01 06:30:56.080000+00:00,14.0
ses_20260701-062732-MSI,2026-07-01 06:31:00.080000+00:00,13.0
ses_20260701-062732-MSI,2026-07-01 06:31:42.080000+00:00,12.0
ses_20260701-062732-MSI,2026-07-01 06:32:48.080000+00:00,11.0
ses_20260701-062732-MSI,2026-07-01 06:33:24.080000+00:00,12.0
ses_20260701-062732-MSI,2026-07-01 06:33:46.080000+00:00,13.0
ses_20260701-062732-MSI,2026-07-01 06:34:16.080000+00:00,11.0
ses_20260701-062732-MSI,2026-07-01 06:34:44.080000+00:00,7.0
ses_20260701-062732-MSI,2026-07-01 06:37:18.080000+00:00,13.0
ses_20260701-062732-MSI,2026-07-01 06:37:28.080000+00:00,12.0
ses_20260701-062732-MSI,2026-07-01 06:37:52.080000+00:00,13.0
ses_20260701-062732-MSI,2026-07-01 06:37:56.080000+00:00,12.0
ses_20260701-062732-MSI,2026-07-01 06:39:00.080000+00:00,12.0
ses_20260701-062732-MSI,2026-07-01 06:39:10.080000+00:00,12.0
ses_20260701-062732-MSI,2026-07-01 06:40:14.080000+00:00,11.0
ses_20260701-062732-MSI,2026-07-01 06:41:22.080000+00:00,13.0
ses_20260701-062732-MSI,2026-07-01 06:41:30.080000+00:00,14.0
ses_20260701-062732-MSI,2026-07-01 06:42:00.080000+00:00,14.0
ses_20260701-062732-MSI,2026-07-01 06:42:26.080000+00:00,12.0
ses_20260701-062732-MSI,2026-07-01 06:42:58.080000+00:00,13.0
ses_20260701-062732-MSI,2026-07-01 06:43:30.080000+00:00,13.0
ses_20260701-062732-MSI,2026-07-01 06:44:52.080000+00:00,14.0
ses_20260701-062732-MSI,2026-07-01 06:44:56.080000+00:00,13.0
ses_20260701-062732-MSI,2026-07-01 06:45:22.080000+00:00,8.0
ses_20260701-062732-MSI,2026-07-01 06:45:26.080000+00:00,3.0
ses_20260701-062732-MSI,2026-07-01 06:45:34.080000+00:00,10.0
ses_20260701-062732-MSI,2026-07-01 06:46:44.080000+00:00,12.0
ses_20260701-062732-MSI,2026-07-01 06:47:48.080000+00:00,13.0
ses_20260701-062732-MSI,2026-07-01 06:48:24.080000+00:00,11.0
ses_20260701-062732-MSI,2026-07-01 06:48:40.080000+00:00,13.0
ses_20260701-062732-MSI,2026-07-01 06:49:46.080000+00:00,5.0
ses_20260701-063106-LAPTOP-R36BQBTE,2026-07-01 06:31:22.557000+00:00,11.5
ses_20260701-063106-LAPTOP-R36BQBTE,2026-07-01 06:32:18.557000+00:00,13.0
ses_20260701-063106-LAPTOP-R36BQBTE,2026-07-01 06:32:40.557000+00:00,6.0
ses_20260701-063106-LAPTOP-R36BQBTE,2026-07-01 06:33:12.557000+00:00,13.0
ses_20260701-063106-LAPTOP-R36BQBTE,2026-07-01 06:33:22.557000+00:00,13.5
ses_20260701-063106-LAPTOP-R36BQBTE,2026-07-01 06:34:46.557000+00:00,10.5
ses_20260701-063106-LAPTOP-R36BQBTE,2026-07-01 06:35:00.557000+00:00,3.0
ses_20260701-063106-LAPTOP-R36BQBTE,2026-07-01 06:35:18.557000+00:00,26.5
ses_20260701-063106-LAPTOP-R36BQBTE,2026-07-01 06:36:12.557000+00:00,12.0
ses_20260701-063106-LAPTOP-R36BQBTE,2026-07-01 06:38:08.557000+00:00,12.0
ses_20260701-063106-LAPTOP-R36BQBTE,2026-07-01 06:39:18.557000+00:00,13.0
ses_20260701-063106-LAPTOP-R36BQBTE,2026-07-01 06:40:18.557000+00:00,12.0
ses_20260701-063106-LAPTOP-R36BQBTE,2026-07-01 06:40:26.557000+00:00,12.0
ses_20260701-063106-LAPTOP-R36BQBTE,2026-07-01 06:40:54.557000+00:00,11.0
ses_20260701-063106-LAPTOP-R36BQBTE,2026-07-01 06:41:48.557000+00:00,13.0
ses_20260701-063106-LAPTOP-R36BQBTE,2026-07-01 06:42:16.557000+00:00,13.0
ses_20260701-063106-LAPTOP-R36BQBTE,2026-07-01 06:42:26.557000+00:00,12.0
ses_20260701-063106-LAPTOP-R36BQBTE,2026-07-01 06:43:24.557000+00:00,13.0
ses_20260701-063106-LAPTOP-R36BQBTE,2026-07-01 06:43:28.557000+00:00,12.0
ses_20260701-063106-LAPTOP-R36BQBTE,2026-07-01 06:43:54.557000+00:00,13.0
ses_20260701-063106-LAPTOP-R36BQBTE,2026-07-01 06:44:56.557000+00:00,14.5
ses_20260701-063106-LAPTOP-R36BQBTE,2026-07-01 06:45:08.557000+00:00,14.0
ses_20260701-063106-LAPTOP-R36BQBTE,2026-07-01 06:45:12.557000+00:00,13.0
ses_20260701-063106-LAPTOP-R36BQBTE,2026-07-01 06:45:44.557000+00:00,11.0
ses_20260701-063106-LAPTOP-R36BQBTE,2026-07-01 06:45:48.557000+00:00,12.5
ses_20260701-063106-LAPTOP-R36BQBTE,2026-07-01 06:46:16.557000+00:00,13.0
ses_20260701-063106-LAPTOP-R36BQBTE,2026-07-01 06:46:24.557000+00:00,14.0
ses_20260701-063106-LAPTOP-R36BQBTE,2026-07-01 06:46:44.557000+00:00,12.0
ses_20260701-063106-LAPTOP-R36BQBTE,2026-07-01 06:47:12.557000+00:00,12.0
ses_20260701-063106-LAPTOP-R36BQBTE,2026-07-01 06:48:06.557000+00:00,12.0
ses_20260701-063106-LAPTOP-R36BQBTE,2026-07-01 06:48:10.557000+00:00,11.5
ses_20260701-063106-LAPTOP-R36BQBTE,2026-07-01 06:48:40.557000+00:00,12.0
ses_20260701-063106-LAPTOP-R36BQBTE,2026-07-01 06:48:50.557000+00:00,12.0
ses_20260701-063106-LAPTOP-R36BQBTE,2026-07-01 06:49:38.557000+00:00,13.0
ses_20260701-063106-LAPTOP-R36BQBTE,2026-07-01 06:50:34.557000+00:00,12.0
ses_20260701-063106-LAPTOP-R36BQBTE,2026-07-01 06:50:56.557000+00:00,13.0
ses_20260701-065151-CHAITANYA0BCF,2026-07-01 06:52:47.427000+00:00,13.0
ses_20260701-065151-CHAITANYA0BCF,2026-07-01 06:53:09.427000+00:00,11.0
ses_20260701-065151-CHAITANYA0BCF,2026-07-01 06:53:13.427000+00:00,14.0
ses_20260701-065151-CHAITANYA0BCF,2026-07-01 06:53:33.427000+00:00,3.0
ses_20260701-065151-CHAITANYA0BCF,2026-07-01 06:53:37.427000+00:00,9.0
ses_20260701-065151-CHAITANYA0BCF,2026-07-01 06:54:29.427000+00:00,4.0
ses_20260701-065151-CHAITANYA0BCF,2026-07-01 06:55:19.427000+00:00,14.0
ses_20260701-065151-CHAITANYA0BCF,2026-07-01 06:55:49.427000+00:00,13.0
ses_20260701-065151-CHAITANYA0BCF,2026-07-01 06:56:31.427000+00:00,4.0
ses_20260701-065151-CHAITANYA0BCF,2026-07-01 06:56:47.427000+00:00,14.0
ses_20260701-065151-CHAITANYA0BCF,2026-07-01 06:56:51.427000+00:00,13.0
ses_20260701-065151-CHAITANYA0BCF,2026-07-01 06:57:41.427000+00:00,14.0
ses_20260701-065151-CHAITANYA0BCF,2026-07-01 06:57:49.427000+00:00,14.0
ses_20260701-065151-CHAITANYA0BCF,2026-07-01 06:58:37.427000+00:00,13.0
ses_20260701-065151-CHAITANYA0BCF,2026-07-01 06:59:25.427000+00:00,13.0
ses_20260701-065151-CHAITANYA0BCF,2026-07-01 06:59:45.427000+00:00,14.0
ses_20260701-065151-CHAITANYA0BCF,2026-07-01 06:59:49.427000+00:00,15.0
ses_20260701-065151-CHAITANYA0BCF,2026-07-01 07:00:05.427000+00:00,14.0
ses_20260701-065151-CHAITANYA0BCF,2026-07-01 07:00:11.427000+00:00,14.0
ses_20260701-065151-CHAITANYA0BCF,2026-07-01 07:01:29.427000+00:00,10.0
ses_20260701-065151-CHAITANYA0BCF,2026-07-01 07:01:37.427000+00:00,14.0
ses_20260701-065151-CHAITANYA0BCF,2026-07-01 07:02:11.427000+00:00,14.0
ses_20260701-065151-CHAITANYA0BCF,2026-07-01 07:02:33.427000+00:00,14.0
ses_20260701-065151-CHAITANYA0BCF,2026-07-01 07:02:41.427000+00:00,14.0
ses_20260701-065151-CHAITANYA0BCF,2026-07-01 07:03:09.427000+00:00,14.0
ses_20260701-065151-CHAITANYA0BCF,2026-07-01 07:03:13.427000+00:00,12.0
ses_20260701-065151-CHAITANYA0BCF,2026-07-01 07:03:39.427000+00:00,14.0
ses_20260701-065151-CHAITANYA0BCF,2026-07-01 07:03:45.427000+00:00,13.0
ses_20260701-065151-CHAITANYA0BCF,2026-07-01 07:03:49.427000+00:00,13.0
ses_20260701-065151-CHAITANYA0BCF,2026-07-01 07:04:11.427000+00:00,14.0
ses_20260701-065151-CHAITANYA0BCF,2026-07-01 07:04:37.427000+00:00,14.0
ses_20260701-065151-CHAITANYA0BCF,2026-07-01 07:04:59.427000+00:00,10.0
ses_20260701-065151-CHAITANYA0BCF,2026-07-01 07:06:09.427000+00:00,14.0
ses_20260701-065151-CHAITANYA0BCF,2026-07-01 07:07:07.427000+00:00,14.0
ses_20260701-065151-CHAITANYA0BCF,2026-07-01 07:07:15.427000+00:00,14.0
ses_20260701-065151-CHAITANYA0BCF,2026-07-01 07:07:47.427000+00:00,14.0
ses_20260701-065151-CHAITANYA0BCF,2026-07-01 07:08:41.427000+00:00,13.0
ses_20260701-065151-CHAITANYA0BCF,2026-07-01 07:09:37.427000+00:00,14.0
ses_20260701-065151-CHAITANYA0BCF,2026-07-01 07:10:15.427000+00:00,13.5
ses_20260701-065151-CHAITANYA0BCF,2026-07-01 07:10:31.427000+00:00,14.0
ses_20260701-065151-CHAITANYA0BCF,2026-07-01 07:10:41.427000+00:00,12.0
ses_20260701-065151-CHAITANYA0BCF,2026-07-01 07:11:07.427000+00:00,3.0
ses_20260701-065151-CHAITANYA0BCF,2026-07-01 07:11:13.427000+00:00,11.0
ses_20260701-065151-CHAITANYA0BCF,2026-07-01 07:11:23.427000+00:00,13.0
ses_20260701-065151-CHAITANYA0BCF,2026-07-01 07:11:53.427000+00:00,13.0
ses_20260701-065151-CHAITANYA0BCF,2026-07-01 07:12:03.427000+00:00,12.0
ses_20260701-065151-CHAITANYA0BCF,2026-07-01 07:12:23.427000+00:00,3.0
ses_20260701-065151-CHAITANYA0BCF,2026-07-01 07:12:29.427000+00:00,10.0
ses_20260701-065151-CHAITANYA0BCF,2026-07-01 07:12:35.427000+00:00,14.0
ses_20260701-065151-CHAITANYA0BCF,2026-07-01 07:12:53.427000+00:00,14.0
ses_20260701-065151-CHAITANYA0BCF,2026-07-01 07:13:03.427000+00:00,13.0
ses_20260701-065151-CHAITANYA0BCF,2026-07-01 07:13:49.427000+00:00,12.0
ses_20260701-065151-CHAITANYA0BCF,2026-07-01 07:13:59.427000+00:00,13.0
ses_20260701-065151-CHAITANYA0BCF,2026-07-01 07:16:53.427000+00:00,3.5
ses_20260701-070320-JAYESH,2026-07-01 07:04:10.759000+00:00,14.0
ses_20260701-070320-JAYESH,2026-07-01 07:04:56.759000+00:00,12.0
ses_20260701-070320-JAYESH,2026-07-01 07:05:04.759000+00:00,14.0
ses_20260701-070320-JAYESH,2026-07-01 07:05:34.759000+00:00,13.0
ses_20260701-070320-JAYESH,2026-07-01 07:06:02.759000+00:00,13.0
ses_20260701-070320-JAYESH,2026-07-01 07:06:20.759000+00:00,12.0
ses_20260701-070320-JAYESH,2026-07-01 07:06:28.759000+00:00,12.0
ses_20260701-070320-JAYESH,2026-07-01 07:07:02.759000+00:00,13.0
ses_20260701-070320-JAYESH,2026-07-01 07:07:34.759000+00:00,8.0
ses_20260701-070320-JAYESH,2026-07-01 07:07:42.759000+00:00,3.5
ses_20260701-070320-JAYESH,2026-07-01 07:08:34.759000+00:00,3.0
ses_20260701-070320-JAYESH,2026-07-01 07:08:44.759000+00:00,13.0
ses_20260701-070320-JAYESH,2026-07-01 07:09:12.759000+00:00,13.0
ses_20260701-070320-JAYESH,2026-07-01 07:09:44.759000+00:00,14.0
ses_20260701-070320-JAYESH,2026-07-01 07:11:56.759000+00:00,13.0
ses_20260701-070320-JAYESH,2026-07-01 07:12:34.759000+00:00,12.0
ses_20260701-070320-JAYESH,2026-07-01 07:12:40.759000+00:00,3.25
ses_20260701-070320-JAYESH,2026-07-01 07:12:58.759000+00:00,3.0
ses_20260701-070320-JAYESH,2026-07-01 07:13:02.759000+00:00,12.0
ses_20260701-070320-JAYESH,2026-07-01 07:13:10.759000+00:00,13.0
ses_20260701-070320-JAYESH,2026-07-01 07:14:10.759000+00:00,12.0
ses_20260701-070320-JAYESH,2026-07-01 07:14:24.759000+00:00,11.0
ses_20260701-070320-JAYESH,2026-07-01 07:14:28.759000+00:00,12.0
ses_20260701-070320-JAYESH,2026-07-01 07:15:14.759000+00:00,3.0
ses_20260701-070320-JAYESH,2026-07-01 07:15:36.759000+00:00,24.0
ses_20260701-070320-JAYESH,2026-07-01 07:15:52.759000+00:00,13.0
ses_20260701-070320-JAYESH,2026-07-01 07:15:56.759000+00:00,14.0
ses_20260701-070320-JAYESH,2026-07-01 07:16:30.759000+00:00,12.0
ses_20260701-070320-JAYESH,2026-07-01 07:17:18.759000+00:00,3.0
ses_20260701-070320-JAYESH,2026-07-01 07:17:22.759000+00:00,13.0
ses_20260701-070320-JAYESH,2026-07-01 07:17:34.759000+00:00,13.0
ses_20260701-070320-JAYESH,2026-07-01 07:18:00.759000+00:00,12.0
ses_20260701-070320-JAYESH,2026-07-01 07:18:08.759000+00:00,12.0
ses_20260701-070320-JAYESH,2026-07-01 07:19:20.759000+00:00,11.0
ses_20260701-070320-JAYESH,2026-07-01 07:20:12.759000+00:00,13.0
ses_20260701-070320-JAYESH,2026-07-01 07:20:22.759000+00:00,14.0
ses_20260701-070320-JAYESH,2026-07-01 07:21:18.759000+00:00,13.0
ses_20260701-070320-JAYESH,2026-07-01 07:21:26.759000+00:00,14.0
ses_20260701-070320-JAYESH,2026-07-01 07:21:30.759000+00:00,12.0
ses_20260701-070320-JAYESH,2026-07-01 07:22:24.759000+00:00,9.0
ses_20260701-070320-JAYESH,2026-07-01 07:22:32.759000+00:00,13.0
ses_20260701-070320-JAYESH,2026-07-01 07:22:54.759000+00:00,9.0
ses_20260701-070320-JAYESH,2026-07-01 07:23:02.759000+00:00,11.0
ses_20260701-070320-JAYESH,2026-07-01 07:23:38.759000+00:00,11.0
ses_20260701-070320-JAYESH,2026-07-01 07:23:48.759000+00:00,11.0
ses_20260701-070320-JAYESH,2026-07-01 07:24:06.759000+00:00,11.0
ses_20260701-070320-JAYESH,2026-07-01 07:24:14.759000+00:00,13.0
ses_20260701-070320-JAYESH,2026-07-01 07:24:18.759000+00:00,12.0
ses_20260701-070320-JAYESH,2026-07-01 07:24:44.759000+00:00,12.0
ses_20260701-070320-JAYESH,2026-07-01 07:24:52.759000+00:00,13.0
ses_20260701-070320-JAYESH,2026-07-01 07:25:20.759000+00:00,14.0
ses_20260701-070320-JAYESH,2026-07-01 07:25:26.759000+00:00,12.0
ses_20260701-070320-JAYESH,2026-07-01 07:25:30.759000+00:00,12.0
ses_20260701-070320-JAYESH,2026-07-01 07:25:52.759000+00:00,13.0
ses_20260701-070320-JAYESH,2026-07-01 07:26:12.759000+00:00,13.0
ses_20260701-070320-JAYESH,2026-07-01 07:26:32.759000+00:00,3.0
ses_20260701-070320-JAYESH,2026-07-01 07:27:00.759000+00:00,3.0
ses_20260701-070320-JAYESH,2026-07-01 07:27:14.759000+00:00,3.0
ses_20260701-070320-JAYESH,2026-07-01 07:27:18.759000+00:00,12.0
ses_20260701-070320-JAYESH,2026-07-01 07:27:40.759000+00:00,13.0
ses_20260701-070320-JAYESH,2026-07-01 07:28:06.759000+00:00,27.0
ses_20260701-070320-JAYESH,2026-07-01 07:28:24.759000+00:00,11.0
ses_20260701-070320-JAYESH,2026-07-01 07:28:44.759000+00:00,14.0
ses_20260701-070320-JAYESH,2026-07-01 07:29:10.759000+00:00,12.0
ses_20260701-070320-JAYESH,2026-07-01 07:29:32.759000+00:00,12.0
ses_20260701-070320-JAYESH,2026-07-01 07:29:42.759000+00:00,3.0
ses_20260701-071849-Marcos,2026-07-01 07:19:35.937000+00:00,12.0
ses_20260701-071849-Marcos,2026-07-01 07:20:05.937000+00:00,12.0
ses_20260701-071849-Marcos,2026-07-01 07:21:21.937000+00:00,3.0
ses_20260701-071849-Marcos,2026-07-01 07:21:25.937000+00:00,13.0
ses_20260701-071849-Marcos,2026-07-01 07:21:33.937000+00:00,12.0
ses_20260701-071849-Marcos,2026-07-01 07:22:15.937000+00:00,12.0
ses_20260701-071849-Marcos,2026-07-01 07:24:45.937000+00:00,13.0
ses_20260701-071849-Marcos,2026-07-01 07:26:41.937000+00:00,13.0
ses_20260701-071849-Marcos,2026-07-01 07:27:01.937000+00:00,12.0
ses_20260701-071849-Marcos,2026-07-01 07:27:51.937000+00:00,8.0
ses_20260701-071849-Marcos,2026-07-01 07:27:59.937000+00:00,13.0
ses_20260701-071849-Marcos,2026-07-01 07:28:03.937000+00:00,12.0
ses_20260701-071849-Marcos,2026-07-01 07:28:23.937000+00:00,13.0
ses_20260701-071849-Marcos,2026-07-01 07:29:43.937000+00:00,10.0
ses_20260701-071849-Marcos,2026-07-01 07:29:49.937000+00:00,12.0
ses_20260701-071849-Marcos,2026-07-01 07:29:53.937000+00:00,12.0
ses_20260701-071849-Marcos,2026-07-01 07:30:25.937000+00:00,11.0
ses_20260701-071849-Marcos,2026-07-01 07:30:29.937000+00:00,12.0
ses_20260701-071849-Marcos,2026-07-01 07:30:47.937000+00:00,12.0
ses_20260701-071849-Marcos,2026-07-01 07:30:55.937000+00:00,13.0
ses_20260701-071849-Marcos,2026-07-01 07:30:59.937000+00:00,11.0
ses_20260701-071849-Marcos,2026-07-01 07:31:27.937000+00:00,3.0
ses_20260701-071849-Marcos,2026-07-01 07:31:31.937000+00:00,12.0
ses_20260701-071849-Marcos,2026-07-01 07:32:53.937000+00:00,12.0
ses_20260701-071849-Marcos,2026-07-01 07:33:01.937000+00:00,3.25
ses_20260701-071849-Marcos,2026-07-01 07:33:19.937000+00:00,3.0
ses_20260701-071849-Marcos,2026-07-01 07:33:25.937000+00:00,9.0
ses_20260701-071849-Marcos,2026-07-01 07:34:31.937000+00:00,13.0
ses_20260701-071849-Marcos,2026-07-01 07:34:41.937000+00:00,12.0
ses_20260701-071849-Marcos,2026-07-01 07:35:21.937000+00:00,12.0
ses_20260701-071849-Marcos,2026-07-01 07:35:25.937000+00:00,14.0
ses_20260701-071849-Marcos,2026-07-01 07:35:45.937000+00:00,3.0
ses_20260701-071849-Marcos,2026-07-01 07:35:49.937000+00:00,12.0
ses_20260701-071849-Marcos,2026-07-01 07:36:21.937000+00:00,12.0
ses_20260701-071849-Marcos,2026-07-01 07:36:25.937000+00:00,14.0
ses_20260701-071849-Marcos,2026-07-01 07:36:51.937000+00:00,12.0
ses_20260701-071849-Marcos,2026-07-01 07:37:13.937000+00:00,13.0
ses_20260701-071849-Marcos,2026-07-01 07:37:49.937000+00:00,11.0
ses_20260701-071849-Marcos,2026-07-01 07:37:53.937000+00:00,11.0
ses_20260701-071849-Marcos,2026-07-01 07:38:07.937000+00:00,11.0
ses_20260701-071849-Marcos,2026-07-01 07:38:15.937000+00:00,13.0
ses_20260701-071849-Marcos,2026-07-01 07:38:19.937000+00:00,12.0
ses_20260701-071849-Marcos,2026-07-01 07:39:27.937000+00:00,13.0
ses_20260701-071849-Marcos,2026-07-01 07:39:31.937000+00:00,14.0
ses_20260701-071849-Marcos,2026-07-01 07:40:11.937000+00:00,13.0
ses_20260701-071849-Marcos,2026-07-01 07:40:23.937000+00:00,12.0
ses_20260701-072319-MSI,2026-07-01 07:23:19.696000+00:00,5.0
ses_20260701-072319-MSI,2026-07-01 07:23:31.696000+00:00,12.25
ses_20260701-072319-MSI,2026-07-01 07:24:31.696000+00:00,12.0
ses_20260701-072319-MSI,2026-07-01 07:25:07.696000+00:00,13.0
ses_20260701-072319-MSI,2026-07-01 07:25:39.696000+00:00,12.0
ses_20260701-072319-MSI,2026-07-01 07:26:29.696000+00:00,13.0
ses_20260701-072319-MSI,2026-07-01 07:26:57.696000+00:00,14.0
ses_20260701-072319-MSI,2026-07-01 07:27:01.696000+00:00,13.0
ses_20260701-072319-MSI,2026-07-01 07:27:33.696000+00:00,11.0
ses_20260701-072319-MSI,2026-07-01 07:28:23.696000+00:00,9.0
ses_20260701-072319-MSI,2026-07-01 07:28:55.696000+00:00,13.0
ses_20260701-072319-MSI,2026-07-01 07:29:47.696000+00:00,12.0
ses_20260701-072319-MSI,2026-07-01 07:30:19.696000+00:00,14.0
ses_20260701-072319-MSI,2026-07-01 07:30:59.696000+00:00,9.0
ses_20260701-072319-MSI,2026-07-01 07:31:49.696000+00:00,13.0
ses_20260701-072319-MSI,2026-07-01 07:32:07.696000+00:00,12.0
ses_20260701-072319-MSI,2026-07-01 07:32:33.696000+00:00,3.0
ses_20260701-072319-MSI,2026-07-01 07:34:21.696000+00:00,12.0
ses_20260701-072319-MSI,2026-07-01 07:35:35.696000+00:00,13.0
ses_20260701-072319-MSI,2026-07-01 07:36:03.696000+00:00,12.0
ses_20260701-072319-MSI,2026-07-01 07:37:07.696000+00:00,14.0
ses_20260701-072319-MSI,2026-07-01 07:37:13.696000+00:00,13.0
ses_20260701-072319-MSI,2026-07-01 07:37:41.696000+00:00,12.0
ses_20260701-072319-MSI,2026-07-01 07:38:07.696000+00:00,12.0
ses_20260701-072319-MSI,2026-07-01 07:39:17.696000+00:00,14.0
ses_20260701-072319-MSI,2026-07-01 07:39:35.696000+00:00,13.0
ses_20260701-072319-MSI,2026-07-01 07:39:45.696000+00:00,12.0
ses_20260701-072319-MSI,2026-07-01 07:40:11.696000+00:00,13.0
ses_20260701-072319-MSI,2026-07-01 07:40:23.696000+00:00,13.0
ses_20260701-072319-MSI,2026-07-01 07:40:49.696000+00:00,12.0
ses_20260701-072319-MSI,2026-07-01 07:40:57.696000+00:00,12.0
ses_20260701-072319-MSI,2026-07-01 07:41:25.696000+00:00,13.0
ses_20260701-072319-MSI,2026-07-01 07:41:47.696000+00:00,11.0
ses_20260701-072319-MSI,2026-07-01 07:42:23.696000+00:00,13.0
ses_20260701-072319-MSI,2026-07-01 07:42:39.696000+00:00,10.0
ses_20260701-072319-MSI,2026-07-01 07:42:53.696000+00:00,13.0
ses_20260701-072319-MSI,2026-07-01 07:43:23.696000+00:00,13.0
ses_20260701-072319-MSI,2026-07-01 07:44:11.696000+00:00,14.0
ses_20260701-072319-MSI,2026-07-01 07:49:19.696000+00:00,5.0
ses_20260701-072435-CHAITANYA0BCF,2026-07-01 07:25:31.424000+00:00,15.0
ses_20260701-072435-CHAITANYA0BCF,2026-07-01 07:26:33.424000+00:00,14.0
ses_20260701-072435-CHAITANYA0BCF,2026-07-01 07:27:33.424000+00:00,14.0
ses_20260701-072435-CHAITANYA0BCF,2026-07-01 07:27:41.424000+00:00,14.0
ses_20260701-072435-CHAITANYA0BCF,2026-07-01 07:27:45.424000+00:00,13.0
ses_20260701-072435-CHAITANYA0BCF,2026-07-01 07:28:11.424000+00:00,13.0
ses_20260701-072435-CHAITANYA0BCF,2026-07-01 07:28:19.424000+00:00,14.0
ses_20260701-072435-CHAITANYA0BCF,2026-07-01 07:28:47.424000+00:00,13.0
ses_20260701-072435-CHAITANYA0BCF,2026-07-01 07:29:05.424000+00:00,14.0
ses_20260701-072435-CHAITANYA0BCF,2026-07-01 07:29:25.424000+00:00,13.0
ses_20260701-072435-CHAITANYA0BCF,2026-07-01 07:29:49.424000+00:00,13.0
ses_20260701-072435-CHAITANYA0BCF,2026-07-01 07:30:11.424000+00:00,14.0
ses_20260701-072435-CHAITANYA0BCF,2026-07-01 07:31:31.424000+00:00,13.0
ses_20260701-072435-CHAITANYA0BCF,2026-07-01 07:31:53.424000+00:00,13.0
ses_20260701-072435-CHAITANYA0BCF,2026-07-01 07:33:23.424000+00:00,14.0
ses_20260701-072435-CHAITANYA0BCF,2026-07-01 07:33:53.424000+00:00,13.0
ses_20260701-072435-CHAITANYA0BCF,2026-07-01 07:34:13.424000+00:00,13.0
ses_20260701-072435-CHAITANYA0BCF,2026-07-01 07:34:45.424000+00:00,14.0
ses_20260701-072435-CHAITANYA0BCF,2026-07-01 07:35:01.424000+00:00,14.0
ses_20260701-072435-CHAITANYA0BCF,2026-07-01 07:35:37.424000+00:00,14.0
ses_20260701-072435-CHAITANYA0BCF,2026-07-01 07:35:41.424000+00:00,13.0
ses_20260701-072435-CHAITANYA0BCF,2026-07-01 07:36:03.424000+00:00,13.0
ses_20260701-072435-CHAITANYA0BCF,2026-07-01 07:36:55.424000+00:00,13.0
ses_20260701-072435-CHAITANYA0BCF,2026-07-01 07:37:03.424000+00:00,14.0
ses_20260701-072435-CHAITANYA0BCF,2026-07-01 07:37:07.424000+00:00,13.0
ses_20260701-072435-CHAITANYA0BCF,2026-07-01 07:38:27.424000+00:00,12.0
ses_20260701-072435-CHAITANYA0BCF,2026-07-01 07:38:37.424000+00:00,13.0
ses_20260701-072435-CHAITANYA0BCF,2026-07-01 07:39:29.424000+00:00,8.0
ses_20260701-072435-CHAITANYA0BCF,2026-07-01 07:39:41.424000+00:00,12.0
ses_20260701-072435-CHAITANYA0BCF,2026-07-01 07:40:57.424000+00:00,11.0
ses_20260701-072435-CHAITANYA0BCF,2026-07-01 07:41:37.424000+00:00,13.0
ses_20260701-072435-CHAITANYA0BCF,2026-07-01 07:42:01.424000+00:00,3.0
ses_20260701-072435-CHAITANYA0BCF,2026-07-01 07:42:05.424000+00:00,10.0
ses_20260701-072435-CHAITANYA0BCF,2026-07-01 07:42:41.424000+00:00,12.0
ses_20260701-072435-CHAITANYA0BCF,2026-07-01 07:42:49.424000+00:00,14.0
ses_20260701-072435-CHAITANYA0BCF,2026-07-01 07:42:53.424000+00:00,13.0
ses_20260701-072435-CHAITANYA0BCF,2026-07-01 07:43:19.424000+00:00,13.0
ses_20260701-072435-CHAITANYA0BCF,2026-07-01 07:43:47.424000+00:00,3.0
ses_20260701-072435-CHAITANYA0BCF,2026-07-01 07:43:51.424000+00:00,14.0
ses_20260701-072435-CHAITANYA0BCF,2026-07-01 07:43:59.424000+00:00,14.0
ses_20260701-072435-CHAITANYA0BCF,2026-07-01 07:44:03.424000+00:00,14.0
ses_20260701-072435-CHAITANYA0BCF,2026-07-01 07:44:29.424000+00:00,3.25
ses_20260701-072435-CHAITANYA0BCF,2026-07-01 07:46:17.424000+00:00,13.0
ses_20260701-072435-CHAITANYA0BCF,2026-07-01 07:46:53.424000+00:00,12.0
ses_20260701-072435-CHAITANYA0BCF,2026-07-01 07:47:45.424000+00:00,13.0
ses_20260701-074424-SIDDHIGUPTAB00B,2026-07-01 07:45:12.948000+00:00,11.0
ses_20260701-074424-SIDDHIGUPTAB00B,2026-07-01 07:45:38.948000+00:00,8.0
ses_20260701-074424-SIDDHIGUPTAB00B,2026-07-01 07:45:42.948000+00:00,14.0
ses_20260701-074424-SIDDHIGUPTAB00B,2026-07-01 07:46:12.948000+00:00,12.0
ses_20260701-074424-SIDDHIGUPTAB00B,2026-07-01 07:47:04.948000+00:00,8.0
ses_20260701-074424-SIDDHIGUPTAB00B,2026-07-01 07:47:26.948000+00:00,12.0
ses_20260701-074424-SIDDHIGUPTAB00B,2026-07-01 07:47:34.948000+00:00,13.0
ses_20260701-074424-SIDDHIGUPTAB00B,2026-07-01 07:48:20.948000+00:00,3.0
ses_20260701-074424-SIDDHIGUPTAB00B,2026-07-01 07:48:26.948000+00:00,10.0
ses_20260701-074424-SIDDHIGUPTAB00B,2026-07-01 07:49:32.948000+00:00,12.0
ses_20260701-074424-SIDDHIGUPTAB00B,2026-07-01 07:49:48.948000+00:00,10.0
ses_20260701-074424-SIDDHIGUPTAB00B,2026-07-01 07:50:10.948000+00:00,9.0
ses_20260701-074424-SIDDHIGUPTAB00B,2026-07-01 07:50:18.948000+00:00,12.0
ses_20260701-074424-SIDDHIGUPTAB00B,2026-07-01 07:50:22.948000+00:00,7.5
ses_20260701-074424-SIDDHIGUPTAB00B,2026-07-01 07:51:00.948000+00:00,3.0
ses_20260701-074424-SIDDHIGUPTAB00B,2026-07-01 07:51:14.948000+00:00,14.0
ses_20260701-074424-SIDDHIGUPTAB00B,2026-07-01 07:51:18.948000+00:00,11.0
ses_20260701-074424-SIDDHIGUPTAB00B,2026-07-01 07:51:56.948000+00:00,8.0
ses_20260701-074424-SIDDHIGUPTAB00B,2026-07-01 07:52:34.948000+00:00,3.0
ses_20260701-074424-SIDDHIGUPTAB00B,2026-07-01 07:53:00.948000+00:00,4.0
ses_20260701-074424-SIDDHIGUPTAB00B,2026-07-01 07:54:10.948000+00:00,11.0
ses_20260701-074424-SIDDHIGUPTAB00B,2026-07-01 07:55:08.948000+00:00,13.0
ses_20260701-074424-SIDDHIGUPTAB00B,2026-07-01 07:55:12.948000+00:00,15.0
ses_20260701-074424-SIDDHIGUPTAB00B,2026-07-01 07:55:34.948000+00:00,10.0
ses_20260701-074424-SIDDHIGUPTAB00B,2026-07-01 07:55:40.948000+00:00,13.0
ses_20260701-074424-SIDDHIGUPTAB00B,2026-07-01 07:55:44.948000+00:00,9.0
ses_20260701-074424-SIDDHIGUPTAB00B,2026-07-01 07:56:46.948000+00:00,13.0
ses_20260701-074424-SIDDHIGUPTAB00B,2026-07-01 07:56:54.948000+00:00,13.0
ses_20260701-074424-SIDDHIGUPTAB00B,2026-07-01 07:56:58.948000+00:00,12.0
ses_20260701-074424-SIDDHIGUPTAB00B,2026-07-01 07:59:42.948000+00:00,9.0
ses_20260701-074424-SIDDHIGUPTAB00B,2026-07-01 07:59:46.948000+00:00,13.0
ses_20260701-074424-SIDDHIGUPTAB00B,2026-07-01 08:02:00.948000+00:00,12.0
ses_20260701-074424-SIDDHIGUPTAB00B,2026-07-01 08:02:26.948000+00:00,11.0
ses_20260701-074424-SIDDHIGUPTAB00B,2026-07-01 08:02:30.948000+00:00,8.0
ses_20260701-074424-SIDDHIGUPTAB00B,2026-07-01 08:03:02.948000+00:00,12.0
ses_20260701-074424-SIDDHIGUPTAB00B,2026-07-01 08:03:08.948000+00:00,9.0
ses_20260701-074424-SIDDHIGUPTAB00B,2026-07-01 08:03:12.948000+00:00,14.0
ses_20260701-074424-SIDDHIGUPTAB00B,2026-07-01 08:04:08.948000+00:00,10.0
ses_20260701-074424-SIDDHIGUPTAB00B,2026-07-01 08:04:18.948000+00:00,10.0
ses_20260701-074424-SIDDHIGUPTAB00B,2026-07-01 08:05:28.948000+00:00,13.0
ses_20260701-074424-SIDDHIGUPTAB00B,2026-07-01 08:06:26.948000+00:00,12.0
ses_20260701-074424-SIDDHIGUPTAB00B,2026-07-01 08:06:34.948000+00:00,14.0
ses_20260701-074424-SIDDHIGUPTAB00B,2026-07-01 08:07:36.948000+00:00,8.0
ses_20260701-075548-CHAITANYA0BCF,2026-07-01 07:57:06.056000+00:00,14.0
ses_20260701-075548-CHAITANYA0BCF,2026-07-01 07:57:30.056000+00:00,12.0
ses_20260701-075548-CHAITANYA0BCF,2026-07-01 07:57:44.056000+00:00,13.0
ses_20260701-075548-CHAITANYA0BCF,2026-07-01 07:57:56.056000+00:00,13.0
ses_20260701-075548-CHAITANYA0BCF,2026-07-01 07:58:42.056000+00:00,14.0
ses_20260701-075548-CHAITANYA0BCF,2026-07-01 07:59:10.056000+00:00,13.0
ses_20260701-075548-CHAITANYA0BCF,2026-07-01 08:00:00.056000+00:00,13.0
ses_20260701-075548-CHAITANYA0BCF,2026-07-01 08:01:02.056000+00:00,14.0
ses_20260701-075548-CHAITANYA0BCF,2026-07-01 08:01:40.056000+00:00,13.0
ses_20260701-075548-CHAITANYA0BCF,2026-07-01 08:01:52.056000+00:00,12.0
ses_20260701-075548-CHAITANYA0BCF,2026-07-01 08:02:18.056000+00:00,14.0
ses_20260701-075548-CHAITANYA0BCF,2026-07-01 08:03:12.056000+00:00,11.0
ses_20260701-075548-CHAITANYA0BCF,2026-07-01 08:04:06.056000+00:00,3.0
ses_20260701-075548-CHAITANYA0BCF,2026-07-01 08:05:22.056000+00:00,12.0
ses_20260701-075548-CHAITANYA0BCF,2026-07-01 08:05:56.056000+00:00,13.0
ses_20260701-075548-CHAITANYA0BCF,2026-07-01 08:06:18.056000+00:00,13.0
ses_20260701-075548-CHAITANYA0BCF,2026-07-01 08:06:30.056000+00:00,13.0
ses_20260701-075548-CHAITANYA0BCF,2026-07-01 08:07:24.056000+00:00,15.0
ses_20260701-075548-CHAITANYA0BCF,2026-07-01 08:08:00.056000+00:00,13.0
ses_20260701-075548-CHAITANYA0BCF,2026-07-01 08:08:04.056000+00:00,14.0
ses_20260701-075548-CHAITANYA0BCF,2026-07-01 08:08:22.056000+00:00,14.0
ses_20260701-075548-CHAITANYA0BCF,2026-07-01 08:08:26.056000+00:00,14.0
ses_20260701-075548-CHAITANYA0BCF,2026-07-01 08:08:54.056000+00:00,12.0
ses_20260701-075548-CHAITANYA0BCF,2026-07-01 08:09:40.056000+00:00,13.0
ses_20260701-075548-CHAITANYA0BCF,2026-07-01 08:10:00.056000+00:00,14.0
ses_20260701-075548-CHAITANYA0BCF,2026-07-01 08:10:20.056000+00:00,3.0
ses_20260701-075604-LAPTOP-0IM1OHQH,2026-07-01 07:56:42.438000+00:00,10.0
ses_20260701-075604-LAPTOP-0IM1OHQH,2026-07-01 07:57:12.438000+00:00,13.0
ses_20260701-075604-LAPTOP-0IM1OHQH,2026-07-01 07:57:32.438000+00:00,7.0
ses_20260701-075604-LAPTOP-0IM1OHQH,2026-07-01 07:57:38.438000+00:00,13.0
ses_20260701-075604-LAPTOP-0IM1OHQH,2026-07-01 07:57:42.438000+00:00,12.0
ses_20260701-075604-LAPTOP-0IM1OHQH,2026-07-01 07:58:08.438000+00:00,14.0
ses_20260701-075604-LAPTOP-0IM1OHQH,2026-07-01 07:58:42.438000+00:00,6.0
ses_20260701-075604-LAPTOP-0IM1OHQH,2026-07-01 07:59:58.438000+00:00,6.0
ses_20260701-075604-LAPTOP-0IM1OHQH,2026-07-01 08:00:02.438000+00:00,8.0
ses_20260701-075604-LAPTOP-0IM1OHQH,2026-07-01 08:00:28.438000+00:00,9.0
ses_20260701-075604-LAPTOP-0IM1OHQH,2026-07-01 08:00:58.438000+00:00,12.0
ses_20260701-075604-LAPTOP-0IM1OHQH,2026-07-01 08:01:02.438000+00:00,11.0
ses_20260701-075604-LAPTOP-0IM1OHQH,2026-07-01 08:01:22.438000+00:00,6.5
ses_20260701-075604-LAPTOP-0IM1OHQH,2026-07-01 08:02:08.438000+00:00,5.0
ses_20260701-075604-LAPTOP-0IM1OHQH,2026-07-01 08:02:12.438000+00:00,7.0
ses_20260701-075604-LAPTOP-0IM1OHQH,2026-07-01 08:02:28.438000+00:00,9.0
ses_20260701-075604-LAPTOP-0IM1OHQH,2026-07-01 08:02:38.438000+00:00,10.0
ses_20260701-075604-LAPTOP-0IM1OHQH,2026-07-01 08:03:48.438000+00:00,8.0
ses_20260701-075604-LAPTOP-0IM1OHQH,2026-07-01 08:04:38.438000+00:00,17.0
ses_20260701-075604-LAPTOP-0IM1OHQH,2026-07-01 08:05:02.438000+00:00,8.0
ses_20260701-075604-LAPTOP-0IM1OHQH,2026-07-01 08:05:12.438000+00:00,13.0
ses_20260701-075604-LAPTOP-0IM1OHQH,2026-07-01 08:05:58.438000+00:00,8.0
ses_20260701-075604-LAPTOP-0IM1OHQH,2026-07-01 08:06:02.438000+00:00,12.0
ses_20260701-075604-LAPTOP-0IM1OHQH,2026-07-01 08:06:42.438000+00:00,8.0
ses_20260701-075604-LAPTOP-0IM1OHQH,2026-07-01 08:07:36.438000+00:00,9.0
ses_20260701-075604-LAPTOP-0IM1OHQH,2026-07-01 08:07:58.438000+00:00,7.0
ses_20260701-075604-LAPTOP-0IM1OHQH,2026-07-01 08:08:06.438000+00:00,14.0
ses_20260701-075604-LAPTOP-0IM1OHQH,2026-07-01 08:08:10.438000+00:00,14.0
ses_20260701-075604-LAPTOP-0IM1OHQH,2026-07-01 08:09:14.438000+00:00,8.0
ses_20260701-075604-LAPTOP-0IM1OHQH,2026-07-01 08:09:54.438000+00:00,9.5
ses_20260701-075604-LAPTOP-0IM1OHQH,2026-07-01 08:10:04.438000+00:00,12.0
ses_20260701-075604-LAPTOP-0IM1OHQH,2026-07-01 08:10:32.438000+00:00,6.0
ses_20260701-075604-LAPTOP-0IM1OHQH,2026-07-01 08:10:42.438000+00:00,13.0
ses_20260701-075604-LAPTOP-0IM1OHQH,2026-07-01 08:12:04.438000+00:00,6.0
ses_20260701-075604-LAPTOP-0IM1OHQH,2026-07-01 08:12:34.438000+00:00,13.0
ses_20260701-075604-LAPTOP-0IM1OHQH,2026-07-01 08:12:38.438000+00:00,9.5
ses_20260701-075604-LAPTOP-0IM1OHQH,2026-07-01 08:13:00.438000+00:00,8.5
ses_20260701-075604-LAPTOP-0IM1OHQH,2026-07-01 08:13:06.438000+00:00,14.0
ses_20260701-075604-LAPTOP-0IM1OHQH,2026-07-01 08:13:58.438000+00:00,12.0
ses_20260701-075604-LAPTOP-0IM1OHQH,2026-07-01 08:14:06.438000+00:00,7.0
ses_20260701-081120-SIDDHIGUPTAB00B,2026-07-01 08:12:10.537000+00:00,11.0
ses_20260701-081120-SIDDHIGUPTAB00B,2026-07-01 08:13:02.537000+00:00,11.0
ses_20260701-081120-SIDDHIGUPTAB00B,2026-07-01 08:13:14.537000+00:00,13.0
ses_20260701-081120-SIDDHIGUPTAB00B,2026-07-01 08:13:46.537000+00:00,13.0
ses_20260701-081120-SIDDHIGUPTAB00B,2026-07-01 08:14:18.537000+00:00,13.0
ses_20260701-081120-SIDDHIGUPTAB00B,2026-07-01 08:14:26.537000+00:00,13.0
ses_20260701-081120-SIDDHIGUPTAB00B,2026-07-01 08:14:30.537000+00:00,11.0
ses_20260701-081120-SIDDHIGUPTAB00B,2026-07-01 08:15:46.537000+00:00,13.0
ses_20260701-081120-SIDDHIGUPTAB00B,2026-07-01 08:35:26.537000+00:00,14.0
ses_20260701-081120-SIDDHIGUPTAB00B,2026-07-01 08:35:36.537000+00:00,3.25
ses_20260701-081120-SIDDHIGUPTAB00B,2026-07-01 08:36:38.537000+00:00,14.0
ses_20260701-081120-SIDDHIGUPTAB00B,2026-07-01 08:37:06.537000+00:00,13.0
ses_20260701-081120-SIDDHIGUPTAB00B,2026-07-01 08:37:10.537000+00:00,11.0
ses_20260701-081120-SIDDHIGUPTAB00B,2026-07-01 08:38:02.537000+00:00,13.0
ses_20260701-081120-SIDDHIGUPTAB00B,2026-07-01 08:40:12.537000+00:00,4.0
ses_20260701-081120-SIDDHIGUPTAB00B,2026-07-01 08:49:04.537000+00:00,12.0
ses_20260701-081120-SIDDHIGUPTAB00B,2026-07-01 08:49:08.537000+00:00,15.0
ses_20260701-081120-SIDDHIGUPTAB00B,2026-07-01 08:49:38.537000+00:00,9.0
ses_20260701-081120-SIDDHIGUPTAB00B,2026-07-01 08:49:48.537000+00:00,12.0
ses_20260701-081120-SIDDHIGUPTAB00B,2026-07-01 08:50:12.537000+00:00,12.0
ses_20260701-081120-SIDDHIGUPTAB00B,2026-07-01 08:50:22.537000+00:00,12.0
ses_20260701-081120-SIDDHIGUPTAB00B,2026-07-01 08:51:28.537000+00:00,9.0
ses_20260701-081120-SIDDHIGUPTAB00B,2026-07-01 08:51:36.537000+00:00,13.0
ses_20260701-081120-SIDDHIGUPTAB00B,2026-07-01 08:52:20.537000+00:00,13.0
ses_20260701-081120-SIDDHIGUPTAB00B,2026-07-01 08:52:24.537000+00:00,12.0
ses_20260701-081120-SIDDHIGUPTAB00B,2026-07-01 08:52:50.537000+00:00,12.0
ses_20260701-081120-SIDDHIGUPTAB00B,2026-07-01 08:52:54.537000+00:00,12.0
ses_20260701-081120-SIDDHIGUPTAB00B,2026-07-01 08:53:20.537000+00:00,13.0
ses_20260701-081120-SIDDHIGUPTAB00B,2026-07-01 08:53:24.537000+00:00,14.0
ses_20260701-081120-SIDDHIGUPTAB00B,2026-07-01 08:53:50.537000+00:00,11.0
ses_20260701-081120-SIDDHIGUPTAB00B,2026-07-01 08:55:18.537000+00:00,10.5
ses_20260701-081120-SIDDHIGUPTAB00B,2026-07-01 08:56:16.537000+00:00,12.0
ses_20260701-081120-SIDDHIGUPTAB00B,2026-07-01 08:56:38.537000+00:00,12.0
ses_20260701-081120-SIDDHIGUPTAB00B,2026-07-01 08:56:58.537000+00:00,12.0
ses_20260701-081732-CHAITANYA0BCF,2026-07-01 08:18:26.141000+00:00,14.0
ses_20260701-081732-CHAITANYA0BCF,2026-07-01 08:18:30.141000+00:00,14.0
ses_20260701-081732-CHAITANYA0BCF,2026-07-01 08:18:48.141000+00:00,14.0
ses_20260701-081732-CHAITANYA0BCF,2026-07-01 08:18:52.141000+00:00,14.0
ses_20260701-081732-CHAITANYA0BCF,2026-07-01 08:20:14.141000+00:00,13.0
ses_20260701-081732-CHAITANYA0BCF,2026-07-01 08:20:52.141000+00:00,13.0
ses_20260701-081732-CHAITANYA0BCF,2026-07-01 08:21:32.141000+00:00,14.0
ses_20260701-081732-CHAITANYA0BCF,2026-07-01 08:21:36.141000+00:00,13.0
ses_20260701-081732-CHAITANYA0BCF,2026-07-01 08:21:56.141000+00:00,14.0
ses_20260701-081732-CHAITANYA0BCF,2026-07-01 08:22:30.141000+00:00,13.0
ses_20260701-081732-CHAITANYA0BCF,2026-07-01 08:22:52.141000+00:00,13.0
ses_20260701-081732-CHAITANYA0BCF,2026-07-01 08:23:04.141000+00:00,12.0
ses_20260701-081732-CHAITANYA0BCF,2026-07-01 08:23:26.141000+00:00,13.0
ses_20260701-081732-CHAITANYA0BCF,2026-07-01 08:23:30.141000+00:00,12.0
ses_20260701-081732-CHAITANYA0BCF,2026-07-01 08:24:24.141000+00:00,3.0
ses_20260701-081732-CHAITANYA0BCF,2026-07-01 08:25:28.141000+00:00,12.0
ses_20260701-081732-CHAITANYA0BCF,2026-07-01 08:25:52.141000+00:00,12.0
ses_20260701-081732-CHAITANYA0BCF,2026-07-01 08:26:28.141000+00:00,12.0
ses_20260701-081732-CHAITANYA0BCF,2026-07-01 08:26:32.141000+00:00,12.0
ses_20260701-081732-CHAITANYA0BCF,2026-07-01 08:26:48.141000+00:00,4.0
ses_20260701-081732-CHAITANYA0BCF,2026-07-01 08:27:24.141000+00:00,13.0
ses_20260701-081732-CHAITANYA0BCF,2026-07-01 08:27:34.141000+00:00,12.0
ses_20260701-081732-CHAITANYA0BCF,2026-07-01 08:28:34.141000+00:00,11.0
ses_20260701-081732-CHAITANYA0BCF,2026-07-01 08:28:40.141000+00:00,14.0
ses_20260701-081732-CHAITANYA0BCF,2026-07-01 08:28:44.141000+00:00,14.0
ses_20260701-081732-CHAITANYA0BCF,2026-07-01 08:29:06.141000+00:00,14.0
ses_20260701-081732-CHAITANYA0BCF,2026-07-01 08:30:00.141000+00:00,12.0
ses_20260701-081732-CHAITANYA0BCF,2026-07-01 08:30:34.141000+00:00,13.0
ses_20260701-081732-CHAITANYA0BCF,2026-07-01 08:30:44.141000+00:00,12.0
ses_20260701-081732-CHAITANYA0BCF,2026-07-01 08:31:36.141000+00:00,15.0
ses_20260701-081732-CHAITANYA0BCF,2026-07-01 08:31:48.141000+00:00,13.0
ses_20260701-081732-CHAITANYA0BCF,2026-07-01 08:33:10.141000+00:00,13.0
ses_20260701-081732-CHAITANYA0BCF,2026-07-01 08:33:18.141000+00:00,14.0
ses_20260701-081732-CHAITANYA0BCF,2026-07-01 08:33:22.141000+00:00,14.0
ses_20260701-081732-CHAITANYA0BCF,2026-07-01 08:34:50.141000+00:00,11.0
ses_20260701-081732-CHAITANYA0BCF,2026-07-01 08:34:54.141000+00:00,12.0
ses_20260701-081732-CHAITANYA0BCF,2026-07-01 08:35:32.141000+00:00,13.0
ses_20260701-081732-CHAITANYA0BCF,2026-07-01 08:36:04.141000+00:00,3.0
ses_20260701-081732-CHAITANYA0BCF,2026-07-01 08:36:24.141000+00:00,3.0
ses_20260701-083656-LAPTOP-0IM1OHQH,2026-07-01 08:38:06.616000+00:00,13.0
ses_20260701-083656-LAPTOP-0IM1OHQH,2026-07-01 08:38:28.616000+00:00,8.0
ses_20260701-083656-LAPTOP-0IM1OHQH,2026-07-01 08:38:38.616000+00:00,11.0
ses_20260701-083656-LAPTOP-0IM1OHQH,2026-07-01 08:39:28.616000+00:00,13.0
ses_20260701-083656-LAPTOP-0IM1OHQH,2026-07-01 08:39:54.616000+00:00,5.0
ses_20260701-083656-LAPTOP-0IM1OHQH,2026-07-01 08:39:58.616000+00:00,9.0
ses_20260701-083656-LAPTOP-0IM1OHQH,2026-07-01 08:40:16.616000+00:00,7.0
ses_20260701-083656-LAPTOP-0IM1OHQH,2026-07-01 08:40:54.616000+00:00,12.0
ses_20260701-083656-LAPTOP-0IM1OHQH,2026-07-01 08:41:42.616000+00:00,13.0
ses_20260701-083656-LAPTOP-0IM1OHQH,2026-07-01 08:42:04.616000+00:00,11.0
ses_20260701-083656-LAPTOP-0IM1OHQH,2026-07-01 08:42:12.616000+00:00,12.0
ses_20260701-083656-LAPTOP-0IM1OHQH,2026-07-01 08:42:16.616000+00:00,13.0
ses_20260701-083656-LAPTOP-0IM1OHQH,2026-07-01 08:42:38.616000+00:00,7.0
ses_20260701-083656-LAPTOP-0IM1OHQH,2026-07-01 08:42:48.616000+00:00,8.0
ses_20260701-083656-LAPTOP-0IM1OHQH,2026-07-01 08:43:34.616000+00:00,11.0
ses_20260701-083656-LAPTOP-0IM1OHQH,2026-07-01 08:44:06.616000+00:00,13.0
ses_20260701-083656-LAPTOP-0IM1OHQH,2026-07-01 08:44:22.616000+00:00,11.0
ses_20260701-083656-LAPTOP-0IM1OHQH,2026-07-01 08:45:04.616000+00:00,3.0
ses_20260701-083656-LAPTOP-0IM1OHQH,2026-07-01 08:46:20.616000+00:00,8.0
ses_20260701-083656-LAPTOP-0IM1OHQH,2026-07-01 08:46:24.616000+00:00,8.0
ses_20260701-083656-LAPTOP-0IM1OHQH,2026-07-01 08:47:04.616000+00:00,9.0
ses_20260701-083656-LAPTOP-0IM1OHQH,2026-07-01 08:47:08.616000+00:00,15.0
ses_20260701-083656-LAPTOP-0IM1OHQH,2026-07-01 08:47:34.616000+00:00,7.0
ses_20260701-083656-LAPTOP-0IM1OHQH,2026-07-01 08:47:42.616000+00:00,14.0
ses_20260701-083656-LAPTOP-0IM1OHQH,2026-07-01 08:47:46.616000+00:00,14.0
ses_20260701-083656-LAPTOP-0IM1OHQH,2026-07-01 08:48:16.616000+00:00,9.0
ses_20260701-083656-LAPTOP-0IM1OHQH,2026-07-01 08:48:22.616000+00:00,14.0
ses_20260701-083656-LAPTOP-0IM1OHQH,2026-07-01 08:49:04.616000+00:00,10.0
ses_20260701-083656-LAPTOP-0IM1OHQH,2026-07-01 08:49:08.616000+00:00,7.0
ses_20260701-083656-LAPTOP-0IM1OHQH,2026-07-01 08:49:50.616000+00:00,15.0
ses_20260701-083656-LAPTOP-0IM1OHQH,2026-07-01 08:49:58.616000+00:00,8.0
ses_20260701-083656-LAPTOP-0IM1OHQH,2026-07-01 08:50:50.616000+00:00,12.0
ses_20260701-083656-LAPTOP-0IM1OHQH,2026-07-01 08:51:18.616000+00:00,7.0
ses_20260701-083656-LAPTOP-0IM1OHQH,2026-07-01 08:51:50.616000+00:00,10.0
ses_20260701-083656-LAPTOP-0IM1OHQH,2026-07-01 08:52:18.616000+00:00,14.0
ses_20260701-083656-LAPTOP-0IM1OHQH,2026-07-01 08:52:36.616000+00:00,13.0
ses_20260701-083656-LAPTOP-0IM1OHQH,2026-07-01 08:53:10.616000+00:00,7.0
ses_20260701-083656-LAPTOP-0IM1OHQH,2026-07-01 08:53:32.616000+00:00,14.0
ses_20260701-083656-LAPTOP-0IM1OHQH,2026-07-01 08:53:36.616000+00:00,13.0
ses_20260701-083656-LAPTOP-0IM1OHQH,2026-07-01 08:53:52.616000+00:00,13.0
ses_20260701-083656-LAPTOP-0IM1OHQH,2026-07-01 08:54:02.616000+00:00,7.0
ses_20260701-083656-LAPTOP-0IM1OHQH,2026-07-01 08:54:54.616000+00:00,13.0
ses_20260701-083656-LAPTOP-0IM1OHQH,2026-07-01 08:54:58.616000+00:00,8.0
ses_20260701-083656-LAPTOP-0IM1OHQH,2026-07-01 08:55:18.616000+00:00,9.0
ses_20260701-090300-Marcos,2026-07-01 09:03:30.724000+00:00,12.0
ses_20260701-090300-Marcos,2026-07-01 09:03:56.724000+00:00,13.0
ses_20260701-090300-Marcos,2026-07-01 09:04:18.724000+00:00,12.0
ses_20260701-090300-Marcos,2026-07-01 09:05:02.724000+00:00,13.0
ses_20260701-090300-Marcos,2026-07-01 09:05:06.724000+00:00,13.0
ses_20260701-090300-Marcos,2026-07-01 09:05:28.724000+00:00,3.0
ses_20260701-090300-Marcos,2026-07-01 09:05:32.724000+00:00,12.0
ses_20260701-090300-Marcos,2026-07-01 09:05:42.724000+00:00,13.0
ses_20260701-090300-Marcos,2026-07-01 09:06:00.724000+00:00,13.0
ses_20260701-090300-Marcos,2026-07-01 09:07:10.724000+00:00,3.0
ses_20260701-090300-Marcos,2026-07-01 09:07:16.724000+00:00,13.0
ses_20260701-090300-Marcos,2026-07-01 09:07:32.724000+00:00,3.0
ses_20260701-090300-Marcos,2026-07-01 09:07:46.724000+00:00,13.0
ses_20260701-090300-Marcos,2026-07-01 09:08:30.724000+00:00,11.0
ses_20260701-090300-Marcos,2026-07-01 09:08:38.724000+00:00,12.0
ses_20260701-090300-Marcos,2026-07-01 09:09:50.724000+00:00,12.0
ses_20260701-090300-Marcos,2026-07-01 09:10:18.724000+00:00,8.0
ses_20260701-090300-Marcos,2026-07-01 09:10:26.724000+00:00,13.0
ses_20260701-090300-Marcos,2026-07-01 09:10:30.724000+00:00,11.0
ses_20260701-090300-Marcos,2026-07-01 09:11:50.724000+00:00,12.0
ses_20260701-090300-Marcos,2026-07-01 09:11:54.724000+00:00,13.0
ses_20260701-090300-Marcos,2026-07-01 09:12:12.724000+00:00,13.0
ses_20260701-090300-Marcos,2026-07-01 09:12:24.724000+00:00,11.0
ses_20260701-090300-Marcos,2026-07-01 09:12:36.724000+00:00,13.0
ses_20260701-090300-Marcos,2026-07-01 09:12:40.724000+00:00,11.0
ses_20260701-090300-Marcos,2026-07-01 09:13:18.724000+00:00,13.0
ses_20260701-090300-Marcos,2026-07-01 09:13:26.724000+00:00,13.0
ses_20260701-090300-Marcos,2026-07-01 09:15:00.724000+00:00,13.0
ses_20260701-090300-Marcos,2026-07-01 09:15:04.724000+00:00,13.0
ses_20260701-090300-Marcos,2026-07-01 09:15:28.724000+00:00,12.0
ses_20260701-090300-Marcos,2026-07-01 09:16:44.724000+00:00,13.0
ses_20260701-090300-Marcos,2026-07-01 09:17:58.724000+00:00,13.0
ses_20260701-090300-Marcos,2026-07-01 09:18:08.724000+00:00,12.0
ses_20260701-090300-Marcos,2026-07-01 09:18:22.724000+00:00,12.0
ses_20260701-090300-Marcos,2026-07-01 09:18:30.724000+00:00,13.0
ses_20260701-090300-Marcos,2026-07-01 09:19:00.724000+00:00,8.0
ses_20260701-090300-Marcos,2026-07-01 09:19:12.724000+00:00,13.0
ses_20260701-090300-Marcos,2026-07-01 09:19:34.724000+00:00,3.0
ses_20260701-090300-Marcos,2026-07-01 09:19:38.724000+00:00,13.0
ses_20260701-090300-Marcos,2026-07-01 09:19:46.724000+00:00,13.0
ses_20260701-090300-Marcos,2026-07-01 09:20:56.724000+00:00,13.0
ses_20260701-090300-Marcos,2026-07-01 09:22:16.724000+00:00,13.0
ses_20260701-090300-Marcos,2026-07-01 09:22:24.724000+00:00,13.0
ses_20260701-090300-Marcos,2026-07-01 09:23:14.724000+00:00,10.0
ses_20260701-090300-Marcos,2026-07-01 09:25:38.724000+00:00,13.0
ses_20260701-090300-Marcos,2026-07-01 09:26:42.724000+00:00,10.0
ses_20260701-090300-Marcos,2026-07-01 09:26:48.724000+00:00,13.0
ses_20260701-090300-Marcos,2026-07-01 09:26:52.724000+00:00,12.0
ses_20260701-090300-Marcos,2026-07-01 09:27:30.724000+00:00,13.0
ses_20260701-090300-Marcos,2026-07-01 09:28:22.724000+00:00,12.0
ses_20260701-092027-SIDDHIGUPTAB00B,2026-07-01 09:21:59.981000+00:00,11.0
ses_20260701-092027-SIDDHIGUPTAB00B,2026-07-01 09:22:03.981000+00:00,14.0
ses_20260701-092027-SIDDHIGUPTAB00B,2026-07-01 09:22:47.981000+00:00,13.0
ses_20260701-092027-SIDDHIGUPTAB00B,2026-07-01 09:23:17.981000+00:00,7.0
ses_20260701-092027-SIDDHIGUPTAB00B,2026-07-01 09:23:49.981000+00:00,7.0
ses_20260701-092027-SIDDHIGUPTAB00B,2026-07-01 09:24:29.981000+00:00,7.0
ses_20260701-092027-SIDDHIGUPTAB00B,2026-07-01 09:24:39.981000+00:00,12.0
ses_20260701-092027-SIDDHIGUPTAB00B,2026-07-01 09:25:09.981000+00:00,9.0
ses_20260701-092027-SIDDHIGUPTAB00B,2026-07-01 09:25:17.981000+00:00,12.0
ses_20260701-092027-SIDDHIGUPTAB00B,2026-07-01 09:25:39.981000+00:00,9.0
ses_20260701-092027-SIDDHIGUPTAB00B,2026-07-01 09:26:15.981000+00:00,14.0
ses_20260701-092027-SIDDHIGUPTAB00B,2026-07-01 09:26:19.981000+00:00,14.0
ses_20260701-092027-SIDDHIGUPTAB00B,2026-07-01 09:26:35.981000+00:00,13.0
ses_20260701-092027-SIDDHIGUPTAB00B,2026-07-01 09:26:43.981000+00:00,3.0
ses_20260701-092027-SIDDHIGUPTAB00B,2026-07-01 09:26:47.981000+00:00,9.0
ses_20260701-092027-SIDDHIGUPTAB00B,2026-07-01 09:28:27.981000+00:00,12.0
ses_20260701-092027-SIDDHIGUPTAB00B,2026-07-01 09:29:07.981000+00:00,11.0
ses_20260701-092027-SIDDHIGUPTAB00B,2026-07-01 09:29:39.981000+00:00,11.0
ses_20260701-092027-SIDDHIGUPTAB00B,2026-07-01 09:29:47.981000+00:00,11.0
ses_20260701-092027-SIDDHIGUPTAB00B,2026-07-01 09:29:51.981000+00:00,13.0
ses_20260701-092027-SIDDHIGUPTAB00B,2026-07-01 09:30:21.981000+00:00,9.0
ses_20260701-092027-SIDDHIGUPTAB00B,2026-07-01 09:30:33.981000+00:00,11.0
ses_20260701-092027-SIDDHIGUPTAB00B,2026-07-01 09:31:09.981000+00:00,10.0
ses_20260701-092027-SIDDHIGUPTAB00B,2026-07-01 09:31:29.981000+00:00,10.0
ses_20260701-092027-SIDDHIGUPTAB00B,2026-07-01 09:33:25.981000+00:00,5.0
ses_20260701-092027-SIDDHIGUPTAB00B,2026-07-01 09:34:01.981000+00:00,11.0
ses_20260701-092027-SIDDHIGUPTAB00B,2026-07-01 09:34:09.981000+00:00,12.0
ses_20260701-092027-SIDDHIGUPTAB00B,2026-07-01 09:34:13.981000+00:00,13.0
ses_20260701-092027-SIDDHIGUPTAB00B,2026-07-01 09:34:43.981000+00:00,11.0
ses_20260701-092027-SIDDHIGUPTAB00B,2026-07-01 09:34:53.981000+00:00,13.0
ses_20260701-092027-SIDDHIGUPTAB00B,2026-07-01 09:35:15.981000+00:00,3.0
ses_20260701-092027-SIDDHIGUPTAB00B,2026-07-01 09:35:19.981000+00:00,11.0
ses_20260701-092027-SIDDHIGUPTAB00B,2026-07-01 09:35:27.981000+00:00,10.0
ses_20260701-092027-SIDDHIGUPTAB00B,2026-07-01 09:36:05.981000+00:00,13.0
ses_20260701-092027-SIDDHIGUPTAB00B,2026-07-01 09:37:07.981000+00:00,12.0
ses_20260701-092027-SIDDHIGUPTAB00B,2026-07-01 09:37:11.981000+00:00,12.0
ses_20260701-092027-SIDDHIGUPTAB00B,2026-07-01 09:37:37.981000+00:00,12.0
ses_20260701-092027-SIDDHIGUPTAB00B,2026-07-01 09:37:59.981000+00:00,14.0
ses_20260701-092027-SIDDHIGUPTAB00B,2026-07-01 09:38:49.981000+00:00,8.0
ses_20260701-092027-SIDDHIGUPTAB00B,2026-07-01 09:39:41.981000+00:00,7.0
ses_20260701-092027-SIDDHIGUPTAB00B,2026-07-01 09:39:45.981000+00:00,13.0
ses_20260701-092027-SIDDHIGUPTAB00B,2026-07-01 09:40:27.981000+00:00,14.0
ses_20260701-092027-SIDDHIGUPTAB00B,2026-07-01 09:41:31.981000+00:00,13.0
ses_20260701-092027-SIDDHIGUPTAB00B,2026-07-01 09:41:35.981000+00:00,11.0
ses_20260701-092027-SIDDHIGUPTAB00B,2026-07-01 09:42:39.981000+00:00,13.0
ses_20260701-092027-SIDDHIGUPTAB00B,2026-07-01 09:42:59.981000+00:00,9.0
ses_20260701-092027-SIDDHIGUPTAB00B,2026-07-01 09:43:07.981000+00:00,12.0
ses_20260701-092027-SIDDHIGUPTAB00B,2026-07-01 09:43:31.981000+00:00,13.0
ses_20260701-092027-SIDDHIGUPTAB00B,2026-07-01 09:43:35.981000+00:00,13.0
ses_20260701-092027-SIDDHIGUPTAB00B,2026-07-01 09:44:21.981000+00:00,8.0
ses_20260701-092027-SIDDHIGUPTAB00B,2026-07-01 09:45:13.981000+00:00,13.0
ses_20260701-093900-Marcos,2026-07-01 09:39:28.252000+00:00,13.0
ses_20260701-093900-Marcos,2026-07-01 09:39:32.252000+00:00,10.0
ses_20260701-093900-Marcos,2026-07-01 09:40:26.252000+00:00,13.0
ses_20260701-093900-Marcos,2026-07-01 09:40:32.252000+00:00,11.0
ses_20260701-093900-Marcos,2026-07-01 09:41:22.252000+00:00,13.0
ses_20260701-093900-Marcos,2026-07-01 09:42:56.252000+00:00,12.0
ses_20260701-093900-Marcos,2026-07-01 09:43:00.252000+00:00,14.0
ses_20260701-093900-Marcos,2026-07-01 09:43:24.252000+00:00,13.0
ses_20260701-093900-Marcos,2026-07-01 09:43:58.252000+00:00,13.0
ses_20260701-093900-Marcos,2026-07-01 09:44:20.252000+00:00,15.0
ses_20260701-093900-Marcos,2026-07-01 09:45:18.252000+00:00,12.0
ses_20260701-093900-Marcos,2026-07-01 09:45:46.252000+00:00,13.0
ses_20260701-093900-Marcos,2026-07-01 09:46:34.252000+00:00,12.0
ses_20260701-093900-Marcos,2026-07-01 09:46:42.252000+00:00,12.0
ses_20260701-093900-Marcos,2026-07-01 09:46:46.252000+00:00,12.0
ses_20260701-093900-Marcos,2026-07-01 09:47:40.252000+00:00,13.0
ses_20260701-093900-Marcos,2026-07-01 09:47:48.252000+00:00,11.0
ses_20260701-093900-Marcos,2026-07-01 09:48:16.252000+00:00,11.0
ses_20260701-093900-Marcos,2026-07-01 09:48:42.252000+00:00,13.0
ses_20260701-093900-Marcos,2026-07-01 09:49:04.252000+00:00,11.0
ses_20260701-093900-Marcos,2026-07-01 09:49:14.252000+00:00,12.0
ses_20260701-093900-Marcos,2026-07-01 09:50:34.252000+00:00,12.0
ses_20260701-093900-Marcos,2026-07-01 09:52:00.252000+00:00,12.0
ses_20260701-093900-Marcos,2026-07-01 09:52:48.252000+00:00,13.0
ses_20260701-093900-Marcos,2026-07-01 09:53:24.252000+00:00,10.0
ses_20260701-093900-Marcos,2026-07-01 09:53:44.252000+00:00,9.0
ses_20260701-093900-Marcos,2026-07-01 09:55:48.252000+00:00,13.0
ses_20260701-093900-Marcos,2026-07-01 09:57:02.252000+00:00,12.0
ses_20260701-093900-Marcos,2026-07-01 09:57:10.252000+00:00,12.0
ses_20260701-093900-Marcos,2026-07-01 09:57:58.252000+00:00,13.0
ses_20260701-093900-Marcos,2026-07-01 09:58:02.252000+00:00,12.0
ses_20260701-093900-Marcos,2026-07-01 09:58:22.252000+00:00,10.0
ses_20260701-095337-LAPTOP-0IM1OHQH,2026-07-01 09:53:55.095000+00:00,12.0
ses_20260701-095337-LAPTOP-0IM1OHQH,2026-07-01 09:53:59.095000+00:00,13.0
ses_20260701-095337-LAPTOP-0IM1OHQH,2026-07-01 09:56:25.095000+00:00,11.0
ses_20260701-095337-LAPTOP-0IM1OHQH,2026-07-01 09:56:29.095000+00:00,12.0
ses_20260701-095337-LAPTOP-0IM1OHQH,2026-07-01 09:57:03.095000+00:00,13.0
ses_20260701-095337-LAPTOP-0IM1OHQH,2026-07-01 09:57:13.095000+00:00,12.0
ses_20260701-095337-LAPTOP-0IM1OHQH,2026-07-01 09:57:55.095000+00:00,12.0
ses_20260701-095337-LAPTOP-0IM1OHQH,2026-07-01 09:58:01.095000+00:00,4.25
ses_20260701-095337-LAPTOP-0IM1OHQH,2026-07-01 10:00:11.095000+00:00,13.0
ses_20260701-095337-LAPTOP-0IM1OHQH,2026-07-01 10:00:21.095000+00:00,13.0
ses_20260701-095337-LAPTOP-0IM1OHQH,2026-07-01 10:01:07.095000+00:00,13.0
ses_20260701-095337-LAPTOP-0IM1OHQH,2026-07-01 10:01:35.095000+00:00,13.0
ses_20260701-095337-LAPTOP-0IM1OHQH,2026-07-01 10:01:39.095000+00:00,13.0
ses_20260701-095337-LAPTOP-0IM1OHQH,2026-07-01 10:02:29.095000+00:00,11.0
ses_20260701-095337-LAPTOP-0IM1OHQH,2026-07-01 10:03:45.095000+00:00,12.0
ses_20260701-095337-LAPTOP-0IM1OHQH,2026-07-01 10:04:09.095000+00:00,13.0
ses_20260701-095337-LAPTOP-0IM1OHQH,2026-07-01 10:04:13.095000+00:00,12.0
ses_20260701-095337-LAPTOP-0IM1OHQH,2026-07-01 10:05:17.095000+00:00,13.0
ses_20260701-095337-LAPTOP-0IM1OHQH,2026-07-01 10:06:55.095000+00:00,11.0
ses_20260701-095337-LAPTOP-0IM1OHQH,2026-07-01 10:07:43.095000+00:00,12.0
ses_20260701-095337-LAPTOP-0IM1OHQH,2026-07-01 10:07:59.095000+00:00,11.0
ses_20260701-095337-LAPTOP-0IM1OHQH,2026-07-01 10:09:07.095000+00:00,13.0
ses_20260701-095337-LAPTOP-0IM1OHQH,2026-07-01 10:09:55.095000+00:00,13.0
ses_20260701-095337-LAPTOP-0IM1OHQH,2026-07-01 10:13:03.095000+00:00,11.0
ses_20260701-095337-LAPTOP-0IM1OHQH,2026-07-01 10:13:47.095000+00:00,8.0
ses_20260701-095337-LAPTOP-0IM1OHQH,2026-07-01 10:14:41.095000+00:00,13.0
ses_20260701-095337-LAPTOP-0IM1OHQH,2026-07-01 10:14:45.095000+00:00,13.0
ses_20260701-095337-LAPTOP-0IM1OHQH,2026-07-01 10:15:03.095000+00:00,13.0
ses_20260701-095337-LAPTOP-0IM1OHQH,2026-07-01 10:15:39.095000+00:00,13.0
ses_20260701-095337-LAPTOP-0IM1OHQH,2026-07-01 10:15:47.095000+00:00,13.0
ses_20260701-095337-LAPTOP-0IM1OHQH,2026-07-01 10:16:11.095000+00:00,13.0
ses_20260701-095337-LAPTOP-0IM1OHQH,2026-07-01 10:16:29.095000+00:00,13.0
ses_20260701-095337-LAPTOP-0IM1OHQH,2026-07-01 10:16:35.095000+00:00,11.0
ses_20260701-095337-LAPTOP-0IM1OHQH,2026-07-01 10:16:39.095000+00:00,12.0
ses_20260701-095337-LAPTOP-0IM1OHQH,2026-07-01 10:17:01.095000+00:00,13.0
ses_20260701-095337-LAPTOP-0IM1OHQH,2026-07-01 10:17:19.095000+00:00,13.0
ses_20260701-095337-LAPTOP-0IM1OHQH,2026-07-01 10:17:29.095000+00:00,12.0
ses_20260701-095337-LAPTOP-0IM1OHQH,2026-07-01 10:19:15.095000+00:00,12.0
ses_20260701-095337-LAPTOP-0IM1OHQH,2026-07-01 10:20:25.095000+00:00,12.0
ses_20260701-095337-LAPTOP-0IM1OHQH,2026-07-01 10:21:35.095000+00:00,13.0
ses_20260701-095337-LAPTOP-0IM1OHQH,2026-07-01 10:21:39.095000+00:00,11.0
ses_20260701-095337-LAPTOP-0IM1OHQH,2026-07-01 10:22:19.095000+00:00,13.0
ses_20260701-100550-Marcos,2026-07-01 10:06:18.981000+00:00,13.0
ses_20260701-100550-Marcos,2026-07-01 10:06:22.981000+00:00,13.0
ses_20260701-100550-Marcos,2026-07-01 10:06:40.981000+00:00,13.0
ses_20260701-100550-Marcos,2026-07-01 10:06:44.981000+00:00,13.0
ses_20260701-100550-Marcos,2026-07-01 10:07:32.981000+00:00,12.0
ses_20260701-100550-Marcos,2026-07-01 10:08:32.981000+00:00,9.0
ses_20260701-100550-Marcos,2026-07-01 10:08:38.981000+00:00,12.0
ses_20260701-100550-Marcos,2026-07-01 10:08:42.981000+00:00,14.0
ses_20260701-100550-Marcos,2026-07-01 10:09:36.981000+00:00,12.0
ses_20260701-100550-Marcos,2026-07-01 10:09:56.981000+00:00,12.0
ses_20260701-100550-Marcos,2026-07-01 10:10:00.981000+00:00,13.0
ses_20260701-100550-Marcos,2026-07-01 10:10:42.981000+00:00,13.0
ses_20260701-100550-Marcos,2026-07-01 10:12:00.981000+00:00,12.0
ses_20260701-100550-Marcos,2026-07-01 10:12:48.981000+00:00,11.0
ses_20260701-100550-Marcos,2026-07-01 10:13:12.981000+00:00,13.0
ses_20260701-100550-Marcos,2026-07-01 10:14:52.981000+00:00,13.0
ses_20260701-100550-Marcos,2026-07-01 10:14:58.981000+00:00,11.0
ses_20260701-100550-Marcos,2026-07-01 10:15:48.981000+00:00,13.0
ses_20260701-100550-Marcos,2026-07-01 10:16:06.981000+00:00,11.0
ses_20260701-100550-Marcos,2026-07-01 10:16:14.981000+00:00,13.0
ses_20260701-100550-Marcos,2026-07-01 10:17:14.981000+00:00,13.0
ses_20260701-100550-Marcos,2026-07-01 10:17:18.981000+00:00,12.0
ses_20260701-100550-Marcos,2026-07-01 10:18:00.981000+00:00,13.0
ses_20260701-100550-Marcos,2026-07-01 10:18:08.981000+00:00,13.0
ses_20260701-100550-Marcos,2026-07-01 10:18:52.981000+00:00,10.0
ses_20260701-100550-Marcos,2026-07-01 10:19:00.981000+00:00,13.0
ses_20260701-100550-Marcos,2026-07-01 10:19:04.981000+00:00,12.0
ses_20260701-100550-Marcos,2026-07-01 10:19:30.981000+00:00,13.0
ses_20260701-100550-Marcos,2026-07-01 10:19:34.981000+00:00,14.0
ses_20260701-100550-Marcos,2026-07-01 10:20:40.981000+00:00,12.0
ses_20260701-100550-Marcos,2026-07-01 10:21:02.981000+00:00,11.0
ses_20260701-100550-Marcos,2026-07-01 10:21:24.981000+00:00,10.0
ses_20260701-100550-Marcos,2026-07-01 10:22:02.981000+00:00,12.0
ses_20260701-100550-Marcos,2026-07-01 10:22:18.981000+00:00,11.0
ses_20260701-100550-Marcos,2026-07-01 10:22:26.981000+00:00,12.0
ses_20260701-100550-Marcos,2026-07-01 10:23:24.981000+00:00,13.0
ses_20260701-100550-Marcos,2026-07-01 10:23:28.981000+00:00,11.0
ses_20260701-100550-Marcos,2026-07-01 10:23:54.981000+00:00,13.0
ses_20260701-100550-Marcos,2026-07-01 10:25:12.981000+00:00,13.0
ses_20260701-100550-Marcos,2026-07-01 10:25:20.981000+00:00,11.0
ses_20260701-100550-Marcos,2026-07-01 10:25:24.981000+00:00,13.0
ses_20260701-100550-Marcos,2026-07-01 10:25:56.981000+00:00,12.0
ses_20260701-100550-Marcos,2026-07-01 10:26:12.981000+00:00,8.0
ses_20260701-100550-Marcos,2026-07-01 10:27:06.981000+00:00,14.0
ses_20260701-100550-Marcos,2026-07-01 10:28:12.981000+00:00,12.0
ses_20260701-100550-Marcos,2026-07-01 10:30:08.981000+00:00,9.0
ses_20260701-100550-Marcos,2026-07-01 10:30:16.981000+00:00,13.0
ses_20260701-100550-Marcos,2026-07-01 10:30:20.981000+00:00,14.0
ses_20260701-100550-Marcos,2026-07-01 10:30:58.981000+00:00,13.0
ses_20260701-100550-Marcos,2026-07-01 10:31:06.981000+00:00,12.0
ses_20260701-100550-Marcos,2026-07-01 10:32:08.981000+00:00,12.0
ses_20260701-100550-Marcos,2026-07-01 10:32:16.981000+00:00,12.0
ses_20260701-103521-LAPTOP-0IM1OHQH,2026-07-01 10:35:39.671000+00:00,13.0
ses_20260701-103521-LAPTOP-0IM1OHQH,2026-07-01 10:35:43.671000+00:00,12.0
ses_20260701-103521-LAPTOP-0IM1OHQH,2026-07-01 10:36:09.671000+00:00,13.0
ses_20260701-103521-LAPTOP-0IM1OHQH,2026-07-01 10:36:47.671000+00:00,12.0
ses_20260701-103521-LAPTOP-0IM1OHQH,2026-07-01 10:36:55.671000+00:00,13.0
ses_20260701-103521-LAPTOP-0IM1OHQH,2026-07-01 10:37:19.671000+00:00,13.0
ses_20260701-103521-LAPTOP-0IM1OHQH,2026-07-01 10:37:23.671000+00:00,11.0
ses_20260701-103521-LAPTOP-0IM1OHQH,2026-07-01 10:38:15.671000+00:00,13.0
ses_20260701-103521-LAPTOP-0IM1OHQH,2026-07-01 10:38:19.671000+00:00,14.0
ses_20260701-103521-LAPTOP-0IM1OHQH,2026-07-01 10:38:53.671000+00:00,13.0
ses_20260701-103521-LAPTOP-0IM1OHQH,2026-07-01 10:39:01.671000+00:00,12.0
ses_20260701-103521-LAPTOP-0IM1OHQH,2026-07-01 10:39:51.671000+00:00,12.0
ses_20260701-103521-LAPTOP-0IM1OHQH,2026-07-01 10:40:15.671000+00:00,12.0
ses_20260701-103521-LAPTOP-0IM1OHQH,2026-07-01 10:40:53.671000+00:00,14.0
ses_20260701-103521-LAPTOP-0IM1OHQH,2026-07-01 10:41:07.671000+00:00,14.0
ses_20260701-103521-LAPTOP-0IM1OHQH,2026-07-01 10:41:29.671000+00:00,13.0
ses_20260701-103521-LAPTOP-0IM1OHQH,2026-07-01 10:41:37.671000+00:00,12.0
ses_20260701-103521-LAPTOP-0IM1OHQH,2026-07-01 10:42:27.671000+00:00,13.0
ses_20260701-103521-LAPTOP-0IM1OHQH,2026-07-01 10:43:11.671000+00:00,12.0
ses_20260701-103521-LAPTOP-0IM1OHQH,2026-07-01 10:43:21.671000+00:00,12.0
ses_20260701-103521-LAPTOP-0IM1OHQH,2026-07-01 10:44:23.671000+00:00,13.0
ses_20260701-103521-LAPTOP-0IM1OHQH,2026-07-01 10:44:45.671000+00:00,15.0
ses_20260701-103521-LAPTOP-0IM1OHQH,2026-07-01 10:45:27.671000+00:00,12.0
ses_20260701-103521-LAPTOP-0IM1OHQH,2026-07-01 10:45:35.671000+00:00,12.0
ses_20260701-103521-LAPTOP-0IM1OHQH,2026-07-01 10:46:27.671000+00:00,12.0
ses_20260701-103521-LAPTOP-0IM1OHQH,2026-07-01 10:47:29.671000+00:00,13.0
ses_20260701-103521-LAPTOP-0IM1OHQH,2026-07-01 10:47:39.671000+00:00,13.0
ses_20260701-103521-LAPTOP-0IM1OHQH,2026-07-01 10:48:11.671000+00:00,11.0
ses_20260701-103521-LAPTOP-0IM1OHQH,2026-07-01 10:48:35.671000+00:00,12.0
ses_20260701-103521-LAPTOP-0IM1OHQH,2026-07-01 10:48:55.671000+00:00,10.0
ses_20260701-103521-LAPTOP-0IM1OHQH,2026-07-01 10:49:01.671000+00:00,13.0
ses_20260701-103521-LAPTOP-0IM1OHQH,2026-07-01 10:50:05.671000+00:00,11.0
ses_20260701-103521-LAPTOP-0IM1OHQH,2026-07-01 10:50:09.671000+00:00,12.0
ses_20260701-103521-LAPTOP-0IM1OHQH,2026-07-01 10:50:23.671000+00:00,13.0
ses_20260701-103521-LAPTOP-0IM1OHQH,2026-07-01 10:51:53.671000+00:00,13.0
ses_20260701-103521-LAPTOP-0IM1OHQH,2026-07-01 10:52:41.671000+00:00,12.0
ses_20260701-103521-LAPTOP-0IM1OHQH,2026-07-01 10:52:49.671000+00:00,13.0
ses_20260701-103521-LAPTOP-0IM1OHQH,2026-07-01 10:53:23.671000+00:00,12.0
ses_20260701-103521-LAPTOP-0IM1OHQH,2026-07-01 10:54:11.671000+00:00,13.0
ses_20260701-103521-LAPTOP-0IM1OHQH,2026-07-01 10:54:53.671000+00:00,14.0
ses_20260701-103853-Marcos,2026-07-01 10:39:21.553000+00:00,13.0
ses_20260701-103853-Marcos,2026-07-01 10:39:25.553000+00:00,12.0
ses_20260701-103853-Marcos,2026-07-01 10:39:47.553000+00:00,3.0
ses_20260701-103853-Marcos,2026-07-01 10:39:53.553000+00:00,13.0
ses_20260701-103853-Marcos,2026-07-01 10:40:07.553000+00:00,3.0
ses_20260701-103853-Marcos,2026-07-01 10:40:21.553000+00:00,22.0
ses_20260701-103853-Marcos,2026-07-01 10:41:09.553000+00:00,11.0
ses_20260701-103853-Marcos,2026-07-01 10:41:33.553000+00:00,13.0
ses_20260701-103853-Marcos,2026-07-01 10:42:43.553000+00:00,12.0
ses_20260701-103853-Marcos,2026-07-01 10:43:07.553000+00:00,13.0
ses_20260701-103853-Marcos,2026-07-01 10:44:03.553000+00:00,7.0
ses_20260701-103853-Marcos,2026-07-01 10:44:11.553000+00:00,12.0
ses_20260701-103853-Marcos,2026-07-01 10:44:15.553000+00:00,14.0
ses_20260701-103853-Marcos,2026-07-01 10:44:35.553000+00:00,12.0
ses_20260701-103853-Marcos,2026-07-01 10:45:29.553000+00:00,12.0
ses_20260701-103853-Marcos,2026-07-01 10:46:07.553000+00:00,11.0
ses_20260701-103853-Marcos,2026-07-01 10:46:31.553000+00:00,13.0
ses_20260701-103853-Marcos,2026-07-01 10:46:39.553000+00:00,11.0
ses_20260701-103853-Marcos,2026-07-01 10:46:43.553000+00:00,14.0
ses_20260701-103853-Marcos,2026-07-01 10:47:29.553000+00:00,12.0
ses_20260701-103853-Marcos,2026-07-01 10:47:37.553000+00:00,12.0
ses_20260701-103853-Marcos,2026-07-01 10:48:05.553000+00:00,11.0
ses_20260701-103853-Marcos,2026-07-01 10:48:35.553000+00:00,14.0
ses_20260701-103853-Marcos,2026-07-01 10:50:33.553000+00:00,14.0
ses_20260701-103853-Marcos,2026-07-01 10:50:55.553000+00:00,12.0
ses_20260701-103853-Marcos,2026-07-01 10:51:35.553000+00:00,12.0
ses_20260701-103853-Marcos,2026-07-01 10:52:55.553000+00:00,11.0
ses_20260701-103853-Marcos,2026-07-01 10:54:07.553000+00:00,5.0
ses_20260701-103853-Marcos,2026-07-01 10:54:13.553000+00:00,13.0
ses_20260701-103853-Marcos,2026-07-01 10:54:29.553000+00:00,13.0
ses_20260701-103853-Marcos,2026-07-01 10:54:35.553000+00:00,13.0
ses_20260701-103853-Marcos,2026-07-01 10:54:59.553000+00:00,12.0
ses_20260701-103853-Marcos,2026-07-01 10:55:27.553000+00:00,13.0
ses_20260701-103853-Marcos,2026-07-01 10:55:35.553000+00:00,13.0
ses_20260701-103853-Marcos,2026-07-01 10:55:59.553000+00:00,12.0
ses_20260701-103853-Marcos,2026-07-01 10:56:15.553000+00:00,10.0
ses_20260701-103853-Marcos,2026-07-01 10:57:43.553000+00:00,12.0
ses_20260701-103853-Marcos,2026-07-01 10:57:53.553000+00:00,11.0
ses_20260701-103853-Marcos,2026-07-01 10:58:19.553000+00:00,12.0
ses_20260701-103853-Marcos,2026-07-01 10:58:59.553000+00:00,9.0
ses_20260701-110548-LAPTOP-0IM1OHQH,2026-07-01 11:06:06.720000+00:00,13.0
ses_20260701-110548-LAPTOP-0IM1OHQH,2026-07-01 11:06:10.720000+00:00,5.0
ses_20260701-110548-LAPTOP-0IM1OHQH,2026-07-01 11:07:06.720000+00:00,13.0
ses_20260701-110548-LAPTOP-0IM1OHQH,2026-07-01 11:07:10.720000+00:00,5.0
ses_20260701-110548-LAPTOP-0IM1OHQH,2026-07-01 11:07:34.720000+00:00,14.0
ses_20260701-110548-LAPTOP-0IM1OHQH,2026-07-01 11:09:16.720000+00:00,6.0
ses_20260701-110548-LAPTOP-0IM1OHQH,2026-07-01 11:09:22.720000+00:00,9.0
ses_20260701-110548-LAPTOP-0IM1OHQH,2026-07-01 11:09:26.720000+00:00,9.0
ses_20260701-110548-LAPTOP-0IM1OHQH,2026-07-01 11:10:10.720000+00:00,12.0
ses_20260701-110548-LAPTOP-0IM1OHQH,2026-07-01 11:10:14.720000+00:00,13.0
ses_20260701-110548-LAPTOP-0IM1OHQH,2026-07-01 11:10:28.720000+00:00,7.0
ses_20260701-110548-LAPTOP-0IM1OHQH,2026-07-01 11:10:40.720000+00:00,15.0
ses_20260701-110548-LAPTOP-0IM1OHQH,2026-07-01 11:11:12.720000+00:00,7.0
ses_20260701-110548-LAPTOP-0IM1OHQH,2026-07-01 11:11:40.720000+00:00,14.0
ses_20260701-110548-LAPTOP-0IM1OHQH,2026-07-01 11:11:48.720000+00:00,10.0
ses_20260701-110548-LAPTOP-0IM1OHQH,2026-07-01 11:12:18.720000+00:00,14.0
ses_20260701-110548-LAPTOP-0IM1OHQH,2026-07-01 11:13:34.720000+00:00,13.0
ses_20260701-110548-LAPTOP-0IM1OHQH,2026-07-01 11:13:42.720000+00:00,14.0
ses_20260701-110548-LAPTOP-0IM1OHQH,2026-07-01 11:13:46.720000+00:00,11.0
ses_20260701-110548-LAPTOP-0IM1OHQH,2026-07-01 11:14:30.720000+00:00,14.0
ses_20260701-110548-LAPTOP-0IM1OHQH,2026-07-01 11:14:52.720000+00:00,10.0
ses_20260701-110548-LAPTOP-0IM1OHQH,2026-07-01 11:15:16.720000+00:00,14.0
ses_20260701-110548-LAPTOP-0IM1OHQH,2026-07-01 11:15:52.720000+00:00,8.0
ses_20260701-110548-LAPTOP-0IM1OHQH,2026-07-01 11:16:20.720000+00:00,5.0
ses_20260701-110548-LAPTOP-0IM1OHQH,2026-07-01 11:16:36.720000+00:00,13.0
ses_20260701-110548-LAPTOP-0IM1OHQH,2026-07-01 11:17:10.720000+00:00,14.0
ses_20260701-110548-LAPTOP-0IM1OHQH,2026-07-01 11:18:22.720000+00:00,6.0
ses_20260701-110548-LAPTOP-0IM1OHQH,2026-07-01 11:19:50.720000+00:00,3.0
ses_20260701-110548-LAPTOP-0IM1OHQH,2026-07-01 11:19:54.720000+00:00,10.0
ses_20260701-110548-LAPTOP-0IM1OHQH,2026-07-01 11:20:14.720000+00:00,14.0
ses_20260701-110548-LAPTOP-0IM1OHQH,2026-07-01 11:20:52.720000+00:00,14.0
ses_20260701-110548-LAPTOP-0IM1OHQH,2026-07-01 11:21:08.720000+00:00,10.0
ses_20260701-110548-LAPTOP-0IM1OHQH,2026-07-01 11:21:50.720000+00:00,14.0
ses_20260701-110548-LAPTOP-0IM1OHQH,2026-07-01 11:22:44.720000+00:00,11.0
ses_20260701-110548-LAPTOP-0IM1OHQH,2026-07-01 11:23:30.720000+00:00,9.0
ses_20260701-110548-LAPTOP-0IM1OHQH,2026-07-01 11:23:38.720000+00:00,14.0
ses_20260701-110548-LAPTOP-0IM1OHQH,2026-07-01 11:23:42.720000+00:00,10.5
ses_20260701-110548-LAPTOP-0IM1OHQH,2026-07-01 11:24:04.720000+00:00,13.0
ses_20260701-110548-LAPTOP-0IM1OHQH,2026-07-01 11:24:28.720000+00:00,9.0
ses_20260701-110548-LAPTOP-0IM1OHQH,2026-07-01 11:25:18.720000+00:00,12.0
ses_20260701-110548-LAPTOP-0IM1OHQH,2026-07-01 11:26:08.720000+00:00,7.0
ses_20260701-110917-Marcos,2026-07-01 11:09:45.034000+00:00,13.0
ses_20260701-110917-Marcos,2026-07-01 11:09:49.034000+00:00,13.0
ses_20260701-110917-Marcos,2026-07-01 11:10:09.034000+00:00,13.0
ses_20260701-110917-Marcos,2026-07-01 11:10:13.034000+00:00,6.0
ses_20260701-110917-Marcos,2026-07-01 11:10:47.034000+00:00,3.0
ses_20260701-110917-Marcos,2026-07-01 11:10:53.034000+00:00,13.0
ses_20260701-110917-Marcos,2026-07-01 11:11:27.034000+00:00,13.0
ses_20260701-110917-Marcos,2026-07-01 11:11:47.034000+00:00,10.0
ses_20260701-110917-Marcos,2026-07-01 11:11:55.034000+00:00,13.0
ses_20260701-110917-Marcos,2026-07-01 11:12:23.034000+00:00,12.0
ses_20260701-110917-Marcos,2026-07-01 11:12:27.034000+00:00,13.0
ses_20260701-110917-Marcos,2026-07-01 11:13:09.034000+00:00,7.0
ses_20260701-110917-Marcos,2026-07-01 11:14:45.034000+00:00,13.0
ses_20260701-110917-Marcos,2026-07-01 11:14:49.034000+00:00,14.0
ses_20260701-110917-Marcos,2026-07-01 11:15:29.034000+00:00,13.0
ses_20260701-110917-Marcos,2026-07-01 11:17:07.034000+00:00,9.0
ses_20260701-110917-Marcos,2026-07-01 11:17:15.034000+00:00,13.0
ses_20260701-110917-Marcos,2026-07-01 11:17:19.034000+00:00,11.0
ses_20260701-110917-Marcos,2026-07-01 11:17:41.034000+00:00,13.0
ses_20260701-110917-Marcos,2026-07-01 11:18:37.034000+00:00,13.0
ses_20260701-110917-Marcos,2026-07-01 11:19:27.034000+00:00,13.0
ses_20260701-110917-Marcos,2026-07-01 11:20:29.034000+00:00,11.0
ses_20260701-110917-Marcos,2026-07-01 11:20:39.034000+00:00,14.0
ses_20260701-110917-Marcos,2026-07-01 11:23:47.034000+00:00,11.0
ses_20260701-110917-Marcos,2026-07-01 11:24:15.034000+00:00,12.0
ses_20260701-110917-Marcos,2026-07-01 11:24:51.034000+00:00,14.0
ses_20260701-110917-Marcos,2026-07-01 11:25:31.034000+00:00,13.0
ses_20260701-110917-Marcos,2026-07-01 11:27:35.034000+00:00,12.0
ses_20260701-110917-Marcos,2026-07-01 11:28:57.034000+00:00,13.0
ses_20260701-110917-Marcos,2026-07-01 11:29:37.034000+00:00,12.0
ses_20260701-110917-Marcos,2026-07-01 11:29:59.034000+00:00,13.0
ses_20260701-110917-Marcos,2026-07-01 11:30:21.034000+00:00,11.0
ses_20260701-110917-Marcos,2026-07-01 11:31:09.034000+00:00,12.0
ses_20260701-110917-Marcos,2026-07-01 11:31:13.034000+00:00,14.0
ses_20260701-110917-Marcos,2026-07-01 11:31:41.034000+00:00,11.0
ses_20260701-110917-Marcos,2026-07-01 11:32:01.034000+00:00,12.0
ses_20260701-110917-Marcos,2026-07-01 11:32:55.034000+00:00,12.0
ses_20260701-110917-Marcos,2026-07-01 11:32:59.034000+00:00,12.0
ses_20260701-110917-Marcos,2026-07-01 11:33:49.034000+00:00,9.0
ses_20260701-115141-SIDDHIGUPTAB00B,2026-07-01 11:51:47.548000+00:00,5.0
ses_20260701-115141-SIDDHIGUPTAB00B,2026-07-01 11:51:51.548000+00:00,3.0
ses_20260701-115141-SIDDHIGUPTAB00B,2026-07-01 11:52:05.548000+00:00,3.0
ses_20260701-115141-SIDDHIGUPTAB00B,2026-07-01 11:52:39.548000+00:00,4.0
ses_20260701-115141-SIDDHIGUPTAB00B,2026-07-01 11:53:51.548000+00:00,13.0
ses_20260701-115141-SIDDHIGUPTAB00B,2026-07-01 11:53:59.548000+00:00,12.0
ses_20260701-115141-SIDDHIGUPTAB00B,2026-07-01 11:55:21.548000+00:00,12.0
ses_20260701-115141-SIDDHIGUPTAB00B,2026-07-01 11:55:29.548000+00:00,11.0
ses_20260701-115141-SIDDHIGUPTAB00B,2026-07-01 11:55:33.548000+00:00,12.5
ses_20260701-115141-SIDDHIGUPTAB00B,2026-07-01 11:56:01.548000+00:00,13.0
ses_20260701-115141-SIDDHIGUPTAB00B,2026-07-01 11:56:59.548000+00:00,11.0
ses_20260701-115141-SIDDHIGUPTAB00B,2026-07-01 11:57:07.548000+00:00,12.0
ses_20260701-115141-SIDDHIGUPTAB00B,2026-07-01 11:57:53.548000+00:00,14.0
ses_20260701-115141-SIDDHIGUPTAB00B,2026-07-01 11:58:35.548000+00:00,4.0
ses_20260701-115141-SIDDHIGUPTAB00B,2026-07-01 12:10:55.548000+00:00,10.0
ses_20260701-115141-SIDDHIGUPTAB00B,2026-07-01 12:11:29.548000+00:00,11.0
ses_20260701-115141-SIDDHIGUPTAB00B,2026-07-01 12:11:59.548000+00:00,8.0
ses_20260701-115141-SIDDHIGUPTAB00B,2026-07-01 12:12:07.548000+00:00,13.0
ses_20260701-115141-SIDDHIGUPTAB00B,2026-07-01 12:12:11.548000+00:00,13.0
ses_20260701-115141-SIDDHIGUPTAB00B,2026-07-01 12:12:35.548000+00:00,12.0
ses_20260701-115141-SIDDHIGUPTAB00B,2026-07-01 12:12:51.548000+00:00,10.0
ses_20260701-115141-SIDDHIGUPTAB00B,2026-07-01 12:13:01.548000+00:00,12.0
ses_20260701-115141-SIDDHIGUPTAB00B,2026-07-01 12:13:21.548000+00:00,13.0
ses_20260701-115141-SIDDHIGUPTAB00B,2026-07-01 12:13:45.548000+00:00,13.0
ses_20260701-115141-SIDDHIGUPTAB00B,2026-07-01 12:14:11.548000+00:00,11.0
ses_20260701-115141-SIDDHIGUPTAB00B,2026-07-01 12:14:57.548000+00:00,11.0
ses_20260701-115141-SIDDHIGUPTAB00B,2026-07-01 12:15:27.548000+00:00,12.0
ses_20260701-115141-SIDDHIGUPTAB00B,2026-07-01 12:15:49.548000+00:00,11.0
ses_20260701-115141-SIDDHIGUPTAB00B,2026-07-01 12:16:01.548000+00:00,11.0
ses_20260701-115141-SIDDHIGUPTAB00B,2026-07-01 12:16:39.548000+00:00,13.0
ses_20260701-115141-SIDDHIGUPTAB00B,2026-07-01 12:16:55.548000+00:00,10.0
ses_20260701-115141-SIDDHIGUPTAB00B,2026-07-01 12:17:01.548000+00:00,13.0
ses_20260701-115141-SIDDHIGUPTAB00B,2026-07-01 12:17:05.548000+00:00,12.0
ses_20260701-115141-SIDDHIGUPTAB00B,2026-07-01 12:17:45.548000+00:00,13.0
ses_20260701-115141-SIDDHIGUPTAB00B,2026-07-01 12:18:13.548000+00:00,13.0
ses_20260701-115141-SIDDHIGUPTAB00B,2026-07-01 12:19:17.548000+00:00,12.0
ses_20260701-115141-SIDDHIGUPTAB00B,2026-07-01 12:19:49.548000+00:00,12.0
ses_20260701-115141-SIDDHIGUPTAB00B,2026-07-01 12:21:09.548000+00:00,12.0
ses_20260701-115141-SIDDHIGUPTAB00B,2026-07-01 12:21:47.548000+00:00,14.0
ses_20260701-115141-SIDDHIGUPTAB00B,2026-07-01 12:21:51.548000+00:00,13.0
ses_20260701-115141-SIDDHIGUPTAB00B,2026-07-01 12:22:43.548000+00:00,12.0
ses_20260701-115141-SIDDHIGUPTAB00B,2026-07-01 12:22:53.548000+00:00,13.0
ses_20260701-115141-SIDDHIGUPTAB00B,2026-07-01 12:23:15.548000+00:00,10.0
ses_20260701-115141-SIDDHIGUPTAB00B,2026-07-01 12:23:19.548000+00:00,13.0
ses_20260701-115141-SIDDHIGUPTAB00B,2026-07-01 12:23:33.548000+00:00,12.0
ses_20260701-115141-SIDDHIGUPTAB00B,2026-07-01 12:23:41.548000+00:00,11.0
ses_20260701-115141-SIDDHIGUPTAB00B,2026-07-01 12:24:25.548000+00:00,12.0
ses_20260701-115141-SIDDHIGUPTAB00B,2026-07-01 12:24:33.548000+00:00,12.0
ses_20260701-115141-SIDDHIGUPTAB00B,2026-07-01 12:25:03.548000+00:00,13.0
ses_20260701-115141-SIDDHIGUPTAB00B,2026-07-01 12:26:33.548000+00:00,11.0
ses_20260701-115141-SIDDHIGUPTAB00B,2026-07-01 12:27:33.548000+00:00,14.0
ses_20260701-115141-SIDDHIGUPTAB00B,2026-07-01 12:27:53.548000+00:00,13.0
ses_20260701-115141-SIDDHIGUPTAB00B,2026-07-01 12:28:01.548000+00:00,13.0
ses_20260701-115141-SIDDHIGUPTAB00B,2026-07-01 12:30:55.548000+00:00,14.0
ses_20260701-115141-SIDDHIGUPTAB00B,2026-07-01 12:30:59.548000+00:00,13.0
ses_20260701-115141-SIDDHIGUPTAB00B,2026-07-01 12:31:13.548000+00:00,12.0
ses_20260701-115141-SIDDHIGUPTAB00B,2026-07-01 12:31:21.548000+00:00,14.0
ses_20260701-115141-SIDDHIGUPTAB00B,2026-07-01 12:31:49.548000+00:00,13.0
ses_20260701-115141-SIDDHIGUPTAB00B,2026-07-01 12:31:53.548000+00:00,12.0
ses_20260701-115141-SIDDHIGUPTAB00B,2026-07-01 12:32:47.548000+00:00,3.25
ses_20260701-120612-Marcos,2026-07-01 12:06:38.794000+00:00,13.0
ses_20260701-120612-Marcos,2026-07-01 12:06:42.794000+00:00,13.0
ses_20260701-120612-Marcos,2026-07-01 12:07:30.794000+00:00,13.0
ses_20260701-120612-Marcos,2026-07-01 12:07:34.794000+00:00,11.0
ses_20260701-120612-Marcos,2026-07-01 12:08:44.794000+00:00,12.0
ses_20260701-120612-Marcos,2026-07-01 12:09:34.794000+00:00,12.0
ses_20260701-120612-Marcos,2026-07-01 12:10:08.794000+00:00,13.0
ses_20260701-120612-Marcos,2026-07-01 12:10:34.794000+00:00,11.0
ses_20260701-120612-Marcos,2026-07-01 12:11:04.794000+00:00,9.0
ses_20260701-120612-Marcos,2026-07-01 12:11:08.794000+00:00,14.0
ses_20260701-120612-Marcos,2026-07-01 12:11:32.794000+00:00,13.0
ses_20260701-120612-Marcos,2026-07-01 12:11:36.794000+00:00,12.0
ses_20260701-120612-Marcos,2026-07-01 12:12:06.794000+00:00,12.0
ses_20260701-120612-Marcos,2026-07-01 12:13:36.794000+00:00,13.0
ses_20260701-120612-Marcos,2026-07-01 12:14:06.794000+00:00,12.0
ses_20260701-120612-Marcos,2026-07-01 12:14:24.794000+00:00,11.0
ses_20260701-120612-Marcos,2026-07-01 12:15:42.794000+00:00,13.0
ses_20260701-120612-Marcos,2026-07-01 12:15:50.794000+00:00,13.0
ses_20260701-120612-Marcos,2026-07-01 12:16:14.794000+00:00,12.0
ses_20260701-120612-Marcos,2026-07-01 12:16:38.794000+00:00,10.0
ses_20260701-120612-Marcos,2026-07-01 12:16:44.794000+00:00,13.0
ses_20260701-120612-Marcos,2026-07-01 12:17:56.794000+00:00,13.0
ses_20260701-120612-Marcos,2026-07-01 12:18:24.794000+00:00,13.0
ses_20260701-120612-Marcos,2026-07-01 12:19:00.794000+00:00,13.0
ses_20260701-120612-Marcos,2026-07-01 12:19:56.794000+00:00,12.0
ses_20260701-120612-Marcos,2026-07-01 12:20:48.794000+00:00,13.0
ses_20260701-120612-Marcos,2026-07-01 12:20:56.794000+00:00,12.0
ses_20260701-120612-Marcos,2026-07-01 12:21:44.794000+00:00,13.0
ses_20260701-120612-Marcos,2026-07-01 12:21:48.794000+00:00,13.0
ses_20260701-120612-Marcos,2026-07-01 12:22:06.794000+00:00,11.0
ses_20260701-120612-Marcos,2026-07-01 12:22:14.794000+00:00,13.0
ses_20260701-120612-Marcos,2026-07-01 12:23:22.794000+00:00,12.0
ses_20260701-120612-Marcos,2026-07-01 12:24:00.794000+00:00,13.0
ses_20260701-120612-Marcos,2026-07-01 12:25:12.794000+00:00,14.0
ses_20260701-120612-Marcos,2026-07-01 12:27:08.794000+00:00,11.0
ses_20260701-120612-Marcos,2026-07-01 12:27:28.794000+00:00,12.0
ses_20260701-120612-Marcos,2026-07-01 12:27:32.794000+00:00,12.0
ses_20260701-120828-LAPTOP-0IM1OHQH,2026-07-01 12:08:46.693000+00:00,10.0
ses_20260701-120828-LAPTOP-0IM1OHQH,2026-07-01 12:08:50.693000+00:00,6.0
ses_20260701-120828-LAPTOP-0IM1OHQH,2026-07-01 12:09:16.693000+00:00,13.0
ses_20260701-120828-LAPTOP-0IM1OHQH,2026-07-01 12:09:58.693000+00:00,8.0
ses_20260701-120828-LAPTOP-0IM1OHQH,2026-07-01 12:10:02.693000+00:00,14.0
ses_20260701-120828-LAPTOP-0IM1OHQH,2026-07-01 12:10:46.693000+00:00,6.0
ses_20260701-120828-LAPTOP-0IM1OHQH,2026-07-01 12:10:56.693000+00:00,13.0
ses_20260701-120828-LAPTOP-0IM1OHQH,2026-07-01 12:11:28.693000+00:00,9.0
ses_20260701-120828-LAPTOP-0IM1OHQH,2026-07-01 12:11:46.693000+00:00,9.0
ses_20260701-120828-LAPTOP-0IM1OHQH,2026-07-01 12:11:54.693000+00:00,12.0
ses_20260701-120828-LAPTOP-0IM1OHQH,2026-07-01 12:13:06.693000+00:00,14.0
ses_20260701-120828-LAPTOP-0IM1OHQH,2026-07-01 12:13:30.693000+00:00,13.0
ses_20260701-120828-LAPTOP-0IM1OHQH,2026-07-01 12:13:34.693000+00:00,13.0
ses_20260701-120828-LAPTOP-0IM1OHQH,2026-07-01 12:14:04.693000+00:00,11.0
ses_20260701-120828-LAPTOP-0IM1OHQH,2026-07-01 12:14:18.693000+00:00,8.0
ses_20260701-120828-LAPTOP-0IM1OHQH,2026-07-01 12:14:22.693000+00:00,7.0
ses_20260701-120828-LAPTOP-0IM1OHQH,2026-07-01 12:14:52.693000+00:00,3.0
ses_20260701-120828-LAPTOP-0IM1OHQH,2026-07-01 12:15:26.693000+00:00,9.0
ses_20260701-120828-LAPTOP-0IM1OHQH,2026-07-01 12:15:34.693000+00:00,11.0
ses_20260701-120828-LAPTOP-0IM1OHQH,2026-07-01 12:16:02.693000+00:00,9.0
ses_20260701-120828-LAPTOP-0IM1OHQH,2026-07-01 12:16:06.693000+00:00,9.0
ses_20260701-120828-LAPTOP-0IM1OHQH,2026-07-01 12:16:50.693000+00:00,7.0
ses_20260701-120828-LAPTOP-0IM1OHQH,2026-07-01 12:17:28.693000+00:00,9.5
ses_20260701-120828-LAPTOP-0IM1OHQH,2026-07-01 12:18:16.693000+00:00,11.0
ses_20260701-120828-LAPTOP-0IM1OHQH,2026-07-01 12:18:44.693000+00:00,14.0
ses_20260701-120828-LAPTOP-0IM1OHQH,2026-07-01 12:21:02.693000+00:00,7.0
ses_20260701-120828-LAPTOP-0IM1OHQH,2026-07-01 12:21:58.693000+00:00,9.0
ses_20260701-120828-LAPTOP-0IM1OHQH,2026-07-01 12:22:26.693000+00:00,7.0
ses_20260701-120828-LAPTOP-0IM1OHQH,2026-07-01 12:22:36.693000+00:00,15.0
ses_20260701-120828-LAPTOP-0IM1OHQH,2026-07-01 12:23:00.693000+00:00,11.0
ses_20260701-120828-LAPTOP-0IM1OHQH,2026-07-01 12:23:04.693000+00:00,9.0
ses_20260701-120828-LAPTOP-0IM1OHQH,2026-07-01 12:23:24.693000+00:00,7.0
ses_20260701-120828-LAPTOP-0IM1OHQH,2026-07-01 12:23:30.693000+00:00,14.0
ses_20260701-120828-LAPTOP-0IM1OHQH,2026-07-01 12:23:56.693000+00:00,8.0
ses_20260701-120828-LAPTOP-0IM1OHQH,2026-07-01 12:24:00.693000+00:00,7.0
ses_20260701-120828-LAPTOP-0IM1OHQH,2026-07-01 12:24:36.693000+00:00,6.0
ses_20260701-120828-LAPTOP-0IM1OHQH,2026-07-01 12:26:40.693000+00:00,12.0
ses_20260701-120828-LAPTOP-0IM1OHQH,2026-07-01 12:27:12.693000+00:00,14.0
ses_20260701-120828-LAPTOP-0IM1OHQH,2026-07-01 12:28:18.693000+00:00,10.0
ses_20260701-120828-LAPTOP-0IM1OHQH,2026-07-01 12:29:12.693000+00:00,9.0
ses_20260701-120828-LAPTOP-0IM1OHQH,2026-07-01 12:30:10.693000+00:00,7.0
ses_20260701-123729-Marcos,2026-07-01 12:37:57.139000+00:00,12.0
ses_20260701-123729-Marcos,2026-07-01 12:38:01.139000+00:00,13.0
ses_20260701-123729-Marcos,2026-07-01 12:38:43.139000+00:00,13.0
ses_20260701-123729-Marcos,2026-07-01 12:39:23.139000+00:00,13.0
ses_20260701-123729-Marcos,2026-07-01 12:39:27.139000+00:00,11.0
ses_20260701-123729-Marcos,2026-07-01 12:39:53.139000+00:00,13.0
ses_20260701-123729-Marcos,2026-07-01 12:40:01.139000+00:00,12.0
ses_20260701-123729-Marcos,2026-07-01 12:40:05.139000+00:00,14.0
ses_20260701-123729-Marcos,2026-07-01 12:40:47.139000+00:00,11.0
ses_20260701-123729-Marcos,2026-07-01 12:41:39.139000+00:00,11.0
ses_20260701-123729-Marcos,2026-07-01 12:42:01.139000+00:00,8.0
ses_20260701-123729-Marcos,2026-07-01 12:42:41.139000+00:00,12.0
ses_20260701-123729-Marcos,2026-07-01 12:43:01.139000+00:00,13.0
ses_20260701-123729-Marcos,2026-07-01 12:43:05.139000+00:00,12.0
ses_20260701-123729-Marcos,2026-07-01 12:43:31.139000+00:00,8.0
ses_20260701-123729-Marcos,2026-07-01 12:43:41.139000+00:00,14.0
ses_20260701-123729-Marcos,2026-07-01 12:44:05.139000+00:00,12.0
ses_20260701-123729-Marcos,2026-07-01 12:45:11.139000+00:00,11.0
ses_20260701-123729-Marcos,2026-07-01 12:46:15.139000+00:00,11.0
ses_20260701-123729-Marcos,2026-07-01 12:46:23.139000+00:00,13.0
ses_20260701-123729-Marcos,2026-07-01 12:46:47.139000+00:00,13.0
ses_20260701-123729-Marcos,2026-07-01 12:46:51.139000+00:00,14.0
ses_20260701-123729-Marcos,2026-07-01 12:47:07.139000+00:00,12.0
ses_20260701-123729-Marcos,2026-07-01 12:47:35.139000+00:00,13.0
ses_20260701-123729-Marcos,2026-07-01 12:49:33.139000+00:00,12.0
ses_20260701-123729-Marcos,2026-07-01 12:50:35.139000+00:00,13.0
ses_20260701-123729-Marcos,2026-07-01 12:50:55.139000+00:00,10.0
ses_20260701-123729-Marcos,2026-07-01 12:51:01.139000+00:00,13.0
ses_20260701-123729-Marcos,2026-07-01 12:51:31.139000+00:00,13.0
ses_20260701-123729-Marcos,2026-07-01 12:51:35.139000+00:00,14.0
ses_20260701-123729-Marcos,2026-07-01 12:51:53.139000+00:00,13.0
ses_20260701-123729-Marcos,2026-07-01 12:53:35.139000+00:00,11.0
ses_20260701-123729-Marcos,2026-07-01 12:53:57.139000+00:00,12.0
ses_20260701-123729-Marcos,2026-07-01 12:54:05.139000+00:00,12.0
ses_20260701-123729-Marcos,2026-07-01 12:55:33.139000+00:00,13.0
ses_20260701-123729-Marcos,2026-07-01 12:55:43.139000+00:00,13.0
ses_20260701-123729-Marcos,2026-07-01 12:56:27.139000+00:00,11.0
ses_20260701-123729-Marcos,2026-07-01 12:58:07.139000+00:00,12.0
ses_20260701-123729-Marcos,2026-07-01 12:58:15.139000+00:00,12.0
ses_20260701-123729-Marcos,2026-07-01 12:58:57.139000+00:00,11.0
ses_20260701-123729-Marcos,2026-07-01 12:59:07.139000+00:00,14.0
ses_20260701-123729-Marcos,2026-07-01 13:00:03.139000+00:00,11.0
ses_20260701-124033-SIDDHIGUPTAB00B,2026-07-01 12:41:31.775000+00:00,14.0
ses_20260701-124033-SIDDHIGUPTAB00B,2026-07-01 12:41:49.775000+00:00,13.0
ses_20260701-124033-SIDDHIGUPTAB00B,2026-07-01 12:42:29.775000+00:00,11.0
ses_20260701-124033-SIDDHIGUPTAB00B,2026-07-01 12:42:51.775000+00:00,14.0
ses_20260701-124033-SIDDHIGUPTAB00B,2026-07-01 12:43:11.775000+00:00,13.0
ses_20260701-124033-SIDDHIGUPTAB00B,2026-07-01 12:44:57.775000+00:00,12.0
ses_20260701-124033-SIDDHIGUPTAB00B,2026-07-01 12:45:55.775000+00:00,13.0
ses_20260701-124033-SIDDHIGUPTAB00B,2026-07-01 12:46:43.775000+00:00,14.0
ses_20260701-124033-SIDDHIGUPTAB00B,2026-07-01 12:46:51.775000+00:00,14.0
ses_20260701-124033-SIDDHIGUPTAB00B,2026-07-01 12:47:23.775000+00:00,13.0
ses_20260701-124033-SIDDHIGUPTAB00B,2026-07-01 12:48:55.775000+00:00,12.0
ses_20260701-124033-SIDDHIGUPTAB00B,2026-07-01 12:49:13.775000+00:00,14.0
ses_20260701-124033-SIDDHIGUPTAB00B,2026-07-01 12:49:47.775000+00:00,14.5
ses_20260701-124033-SIDDHIGUPTAB00B,2026-07-01 12:50:07.775000+00:00,14.0
ses_20260701-124033-SIDDHIGUPTAB00B,2026-07-01 12:50:17.775000+00:00,12.0
ses_20260701-124033-SIDDHIGUPTAB00B,2026-07-01 12:51:01.775000+00:00,13.0
ses_20260701-124033-SIDDHIGUPTAB00B,2026-07-01 12:51:05.775000+00:00,13.0
ses_20260701-124033-SIDDHIGUPTAB00B,2026-07-01 12:51:33.775000+00:00,14.0
ses_20260701-124033-SIDDHIGUPTAB00B,2026-07-01 12:52:15.775000+00:00,14.0
ses_20260701-124033-SIDDHIGUPTAB00B,2026-07-01 12:53:17.775000+00:00,13.0
ses_20260701-124033-SIDDHIGUPTAB00B,2026-07-01 12:54:01.775000+00:00,13.0
ses_20260701-124033-SIDDHIGUPTAB00B,2026-07-01 12:54:09.775000+00:00,14.0
ses_20260701-124033-SIDDHIGUPTAB00B,2026-07-01 12:54:13.775000+00:00,14.0
ses_20260701-124033-SIDDHIGUPTAB00B,2026-07-01 12:54:59.775000+00:00,14.0
ses_20260701-124033-SIDDHIGUPTAB00B,2026-07-01 12:55:07.775000+00:00,14.0
ses_20260701-124033-SIDDHIGUPTAB00B,2026-07-01 12:55:11.775000+00:00,14.0
ses_20260701-124033-SIDDHIGUPTAB00B,2026-07-01 12:56:01.775000+00:00,13.0
ses_20260701-124033-SIDDHIGUPTAB00B,2026-07-01 12:56:21.775000+00:00,14.0
ses_20260701-124033-SIDDHIGUPTAB00B,2026-07-01 12:57:19.775000+00:00,13.0
ses_20260701-124033-SIDDHIGUPTAB00B,2026-07-01 12:57:23.775000+00:00,14.0
ses_20260701-124033-SIDDHIGUPTAB00B,2026-07-01 12:58:07.775000+00:00,13.0
ses_20260701-124033-SIDDHIGUPTAB00B,2026-07-01 12:59:59.775000+00:00,14.0
ses_20260701-124033-SIDDHIGUPTAB00B,2026-07-01 13:00:07.775000+00:00,14.0
ses_20260701-124033-SIDDHIGUPTAB00B,2026-07-01 13:01:27.775000+00:00,13.0
ses_20260701-124033-SIDDHIGUPTAB00B,2026-07-01 13:01:35.775000+00:00,12.0
ses_20260701-124033-SIDDHIGUPTAB00B,2026-07-01 13:03:33.775000+00:00,12.0
ses_20260701-124033-SIDDHIGUPTAB00B,2026-07-01 13:04:45.775000+00:00,14.0
ses_20260701-124033-SIDDHIGUPTAB00B,2026-07-01 13:04:51.775000+00:00,11.0
ses_20260701-124033-SIDDHIGUPTAB00B,2026-07-01 13:05:19.775000+00:00,3.0
ses_20260701-124033-SIDDHIGUPTAB00B,2026-07-01 13:05:25.775000+00:00,12.0
ses_20260701-124033-SIDDHIGUPTAB00B,2026-07-01 13:06:15.775000+00:00,15.0
ses_20260701-124033-SIDDHIGUPTAB00B,2026-07-01 13:06:21.775000+00:00,14.0
ses_20260701-124550-LAPTOP-0IM1OHQH,2026-07-01 12:46:08.894000+00:00,13.0
ses_20260701-124550-LAPTOP-0IM1OHQH,2026-07-01 12:46:48.894000+00:00,10.0
ses_20260701-124550-LAPTOP-0IM1OHQH,2026-07-01 12:47:00.894000+00:00,12.0
ses_20260701-124550-LAPTOP-0IM1OHQH,2026-07-01 12:47:38.894000+00:00,12.0
ses_20260701-124550-LAPTOP-0IM1OHQH,2026-07-01 12:47:46.894000+00:00,14.0
ses_20260701-124550-LAPTOP-0IM1OHQH,2026-07-01 12:48:42.894000+00:00,6.0
ses_20260701-124550-LAPTOP-0IM1OHQH,2026-07-01 12:48:48.894000+00:00,13.0
ses_20260701-124550-LAPTOP-0IM1OHQH,2026-07-01 12:48:52.894000+00:00,13.0
ses_20260701-124550-LAPTOP-0IM1OHQH,2026-07-01 12:50:02.894000+00:00,13.0
ses_20260701-124550-LAPTOP-0IM1OHQH,2026-07-01 12:50:18.894000+00:00,10.0
ses_20260701-124550-LAPTOP-0IM1OHQH,2026-07-01 12:50:32.894000+00:00,14.0
ses_20260701-124550-LAPTOP-0IM1OHQH,2026-07-01 12:50:58.894000+00:00,8.0
ses_20260701-124550-LAPTOP-0IM1OHQH,2026-07-01 12:51:02.894000+00:00,6.0
ses_20260701-124550-LAPTOP-0IM1OHQH,2026-07-01 12:51:58.894000+00:00,13.0
ses_20260701-124550-LAPTOP-0IM1OHQH,2026-07-01 12:52:18.894000+00:00,13.0
ses_20260701-124550-LAPTOP-0IM1OHQH,2026-07-01 12:53:44.894000+00:00,11.5
ses_20260701-124550-LAPTOP-0IM1OHQH,2026-07-01 12:53:54.894000+00:00,13.0
ses_20260701-124550-LAPTOP-0IM1OHQH,2026-07-01 12:54:20.894000+00:00,12.0
ses_20260701-124550-LAPTOP-0IM1OHQH,2026-07-01 12:55:46.894000+00:00,9.0
ses_20260701-124550-LAPTOP-0IM1OHQH,2026-07-01 12:56:20.894000+00:00,7.0
ses_20260701-124550-LAPTOP-0IM1OHQH,2026-07-01 12:56:38.894000+00:00,11.0
ses_20260701-124550-LAPTOP-0IM1OHQH,2026-07-01 12:56:48.894000+00:00,12.0
ses_20260701-124550-LAPTOP-0IM1OHQH,2026-07-01 12:58:02.894000+00:00,5.5
ses_20260701-124550-LAPTOP-0IM1OHQH,2026-07-01 12:58:34.894000+00:00,8.0
ses_20260701-124550-LAPTOP-0IM1OHQH,2026-07-01 12:59:20.894000+00:00,14.0
ses_20260701-124550-LAPTOP-0IM1OHQH,2026-07-01 12:59:24.894000+00:00,10.0
ses_20260701-124550-LAPTOP-0IM1OHQH,2026-07-01 13:00:00.894000+00:00,13.0
ses_20260701-124550-LAPTOP-0IM1OHQH,2026-07-01 13:00:08.894000+00:00,14.0
ses_20260701-124550-LAPTOP-0IM1OHQH,2026-07-01 13:01:42.894000+00:00,6.0
ses_20260701-124550-LAPTOP-0IM1OHQH,2026-07-01 13:02:32.894000+00:00,6.0
ses_20260701-124550-LAPTOP-0IM1OHQH,2026-07-01 13:02:36.894000+00:00,10.0
ses_20260701-124550-LAPTOP-0IM1OHQH,2026-07-01 13:02:52.894000+00:00,13.0
ses_20260701-124550-LAPTOP-0IM1OHQH,2026-07-01 13:02:56.894000+00:00,10.5
ses_20260701-124550-LAPTOP-0IM1OHQH,2026-07-01 13:03:14.894000+00:00,11.0
ses_20260701-124550-LAPTOP-0IM1OHQH,2026-07-01 13:03:56.894000+00:00,15.0
ses_20260701-124550-LAPTOP-0IM1OHQH,2026-07-01 13:05:28.894000+00:00,6.0
ses_20260701-124550-LAPTOP-0IM1OHQH,2026-07-01 13:06:08.894000+00:00,14.0
ses_20260701-124550-LAPTOP-0IM1OHQH,2026-07-01 13:06:18.894000+00:00,10.0
ses_20260701-124550-LAPTOP-0IM1OHQH,2026-07-01 13:06:44.894000+00:00,7.0
ses_20260701-124550-LAPTOP-0IM1OHQH,2026-07-01 13:07:16.894000+00:00,12.0
ses_20260701-124550-LAPTOP-0IM1OHQH,2026-07-01 13:07:40.894000+00:00,9.0
ses_20260701-124550-LAPTOP-0IM1OHQH,2026-07-01 13:07:50.894000+00:00,12.0
ses_20260701-124550-LAPTOP-0IM1OHQH,2026-07-01 13:08:40.894000+00:00,13.0
ses_20260701-124550-LAPTOP-0IM1OHQH,2026-07-01 13:08:44.894000+00:00,13.0
ses_20260701-124550-LAPTOP-0IM1OHQH,2026-07-01 13:08:58.894000+00:00,14.0
ses_20260701-124636-MSI,2026-07-01 12:46:38.674000+00:00,3.0
ses_20260701-124636-MSI,2026-07-01 12:46:48.674000+00:00,12.5
ses_20260701-124636-MSI,2026-07-01 12:47:48.674000+00:00,13.0
ses_20260701-124636-MSI,2026-07-01 12:48:52.674000+00:00,14.0
ses_20260701-124636-MSI,2026-07-01 12:49:28.674000+00:00,12.0
ses_20260701-124636-MSI,2026-07-01 12:49:44.674000+00:00,13.0
ses_20260701-124636-MSI,2026-07-01 12:50:00.674000+00:00,10.0
ses_20260701-124636-MSI,2026-07-01 12:50:08.674000+00:00,13.0
ses_20260701-124636-MSI,2026-07-01 12:50:12.674000+00:00,13.0
ses_20260701-124636-MSI,2026-07-01 12:50:38.674000+00:00,14.0
ses_20260701-124636-MSI,2026-07-01 12:50:52.674000+00:00,13.0
ses_20260701-124636-MSI,2026-07-01 12:51:00.674000+00:00,13.0
ses_20260701-124636-MSI,2026-07-01 12:51:04.674000+00:00,13.0
ses_20260701-124636-MSI,2026-07-01 12:51:56.674000+00:00,3.0
ses_20260701-124636-MSI,2026-07-01 12:52:00.674000+00:00,8.0
ses_20260701-124636-MSI,2026-07-01 12:52:08.674000+00:00,13.0
ses_20260701-124636-MSI,2026-07-01 12:52:12.674000+00:00,13.0
ses_20260701-124636-MSI,2026-07-01 12:52:32.674000+00:00,13.0
ses_20260701-124636-MSI,2026-07-01 12:54:32.674000+00:00,13.0
ses_20260701-124636-MSI,2026-07-01 12:54:56.674000+00:00,13.0
ses_20260701-124636-MSI,2026-07-01 12:55:16.674000+00:00,13.0
ses_20260701-124636-MSI,2026-07-01 12:55:52.674000+00:00,13.0
ses_20260701-124636-MSI,2026-07-01 12:56:18.674000+00:00,13.0
ses_20260701-124636-MSI,2026-07-01 12:56:26.674000+00:00,14.0
ses_20260701-124636-MSI,2026-07-01 12:56:30.674000+00:00,14.0
ses_20260701-124636-MSI,2026-07-01 12:58:36.674000+00:00,12.0
ses_20260701-124636-MSI,2026-07-01 12:59:08.674000+00:00,12.0
ses_20260701-124636-MSI,2026-07-01 13:00:10.674000+00:00,10.0
ses_20260701-124636-MSI,2026-07-01 13:00:18.674000+00:00,13.0
ses_20260701-124636-MSI,2026-07-01 13:00:22.674000+00:00,13.0
ses_20260701-124636-MSI,2026-07-01 13:00:56.674000+00:00,13.0
ses_20260701-124636-MSI,2026-07-01 13:01:34.674000+00:00,13.0
ses_20260701-124636-MSI,2026-07-01 13:02:04.674000+00:00,12.0
ses_20260701-124636-MSI,2026-07-01 13:02:50.674000+00:00,8.0
ses_20260701-124636-MSI,2026-07-01 13:03:34.674000+00:00,13.0
ses_20260701-124636-MSI,2026-07-01 13:04:20.674000+00:00,13.0
ses_20260701-124636-MSI,2026-07-01 13:04:24.674000+00:00,13.0
ses_20260701-124636-MSI,2026-07-01 13:04:46.674000+00:00,13.0
ses_20260701-124636-MSI,2026-07-01 13:05:10.674000+00:00,9.0
ses_20260701-124636-MSI,2026-07-01 13:05:16.674000+00:00,13.0
ses_20260701-124636-MSI,2026-07-01 13:05:20.674000+00:00,12.0
ses_20260701-124636-MSI,2026-07-01 13:05:42.674000+00:00,8.0
ses_20260701-124636-MSI,2026-07-01 13:05:50.674000+00:00,10.0
ses_20260701-124636-MSI,2026-07-01 13:05:54.674000+00:00,14.0
ses_20260701-124636-MSI,2026-07-01 13:06:16.674000+00:00,14.0
ses_20260701-124636-MSI,2026-07-01 13:06:44.674000+00:00,13.0
ses_20260701-124636-MSI,2026-07-01 13:07:42.674000+00:00,14.0
ses_20260701-124636-MSI,2026-07-01 13:10:24.674000+00:00,4.0
ses_20260701-131015-SIDDHIGUPTAB00B,2026-07-01 13:10:43.664000+00:00,12.0
ses_20260701-131015-SIDDHIGUPTAB00B,2026-07-01 13:11:13.664000+00:00,14.0
ses_20260701-131015-SIDDHIGUPTAB00B,2026-07-01 13:11:17.664000+00:00,13.0
ses_20260701-131015-SIDDHIGUPTAB00B,2026-07-01 13:12:07.664000+00:00,12.0
ses_20260701-131015-SIDDHIGUPTAB00B,2026-07-01 13:12:15.664000+00:00,14.0
ses_20260701-131015-SIDDHIGUPTAB00B,2026-07-01 13:13:33.664000+00:00,9.0
ses_20260701-131015-SIDDHIGUPTAB00B,2026-07-01 13:14:09.664000+00:00,13.0
ses_20260701-131015-SIDDHIGUPTAB00B,2026-07-01 13:14:35.664000+00:00,14.0
ses_20260701-131015-SIDDHIGUPTAB00B,2026-07-01 13:14:39.664000+00:00,13.0
ses_20260701-131015-SIDDHIGUPTAB00B,2026-07-01 13:15:07.664000+00:00,3.0
ses_20260701-131015-SIDDHIGUPTAB00B,2026-07-01 13:15:11.664000+00:00,11.0
ses_20260701-131015-SIDDHIGUPTAB00B,2026-07-01 13:15:19.664000+00:00,13.0
ses_20260701-131015-SIDDHIGUPTAB00B,2026-07-01 13:15:23.664000+00:00,13.0
ses_20260701-131015-SIDDHIGUPTAB00B,2026-07-01 13:16:03.664000+00:00,8.0
ses_20260701-131015-SIDDHIGUPTAB00B,2026-07-01 13:16:11.664000+00:00,14.0
ses_20260701-131015-SIDDHIGUPTAB00B,2026-07-01 13:16:15.664000+00:00,12.0
ses_20260701-131015-SIDDHIGUPTAB00B,2026-07-01 13:16:49.664000+00:00,3.25
ses_20260701-131015-SIDDHIGUPTAB00B,2026-07-01 13:18:03.664000+00:00,13.0
ses_20260701-131015-SIDDHIGUPTAB00B,2026-07-01 13:18:07.664000+00:00,15.0
ses_20260701-131015-SIDDHIGUPTAB00B,2026-07-01 13:18:25.664000+00:00,10.0
ses_20260701-131015-SIDDHIGUPTAB00B,2026-07-01 13:18:33.664000+00:00,14.0
ses_20260701-131015-SIDDHIGUPTAB00B,2026-07-01 13:19:01.664000+00:00,13.0
ses_20260701-131015-SIDDHIGUPTAB00B,2026-07-01 13:19:23.664000+00:00,3.0
ses_20260701-131015-SIDDHIGUPTAB00B,2026-07-01 13:19:27.664000+00:00,7.0
ses_20260701-131015-SIDDHIGUPTAB00B,2026-07-01 13:19:35.664000+00:00,11.0
ses_20260701-131015-SIDDHIGUPTAB00B,2026-07-01 13:19:39.664000+00:00,15.0
ses_20260701-131015-SIDDHIGUPTAB00B,2026-07-01 13:20:01.664000+00:00,13.0
ses_20260701-131015-SIDDHIGUPTAB00B,2026-07-01 13:20:07.664000+00:00,3.25
ses_20260701-131015-SIDDHIGUPTAB00B,2026-07-01 13:20:25.664000+00:00,3.0
ses_20260701-131015-SIDDHIGUPTAB00B,2026-07-01 13:20:29.664000+00:00,12.0
ses_20260701-131015-SIDDHIGUPTAB00B,2026-07-01 13:20:41.664000+00:00,12.0
ses_20260701-131015-SIDDHIGUPTAB00B,2026-07-01 13:20:59.664000+00:00,14.0
ses_20260701-131015-SIDDHIGUPTAB00B,2026-07-01 13:21:03.664000+00:00,13.0
ses_20260701-131015-SIDDHIGUPTAB00B,2026-07-01 13:22:33.664000+00:00,13.0
ses_20260701-131015-SIDDHIGUPTAB00B,2026-07-01 13:22:49.664000+00:00,12.0
ses_20260701-131015-SIDDHIGUPTAB00B,2026-07-01 13:22:55.664000+00:00,14.0
ses_20260701-131015-SIDDHIGUPTAB00B,2026-07-01 13:22:59.664000+00:00,13.0
ses_20260701-131015-SIDDHIGUPTAB00B,2026-07-01 13:23:41.664000+00:00,14.0
ses_20260701-131015-SIDDHIGUPTAB00B,2026-07-01 13:23:47.664000+00:00,13.0
ses_20260701-131015-SIDDHIGUPTAB00B,2026-07-01 13:23:51.664000+00:00,13.0
ses_20260701-131015-SIDDHIGUPTAB00B,2026-07-01 13:25:03.664000+00:00,13.0
ses_20260701-131015-SIDDHIGUPTAB00B,2026-07-01 13:25:31.664000+00:00,13.0
ses_20260701-131015-SIDDHIGUPTAB00B,2026-07-01 13:26:01.664000+00:00,3.0
ses_20260701-131015-SIDDHIGUPTAB00B,2026-07-01 13:26:07.664000+00:00,9.0
ses_20260701-131015-SIDDHIGUPTAB00B,2026-07-01 13:26:13.664000+00:00,14.0
ses_20260701-131015-SIDDHIGUPTAB00B,2026-07-01 13:26:17.664000+00:00,13.0
ses_20260701-131015-SIDDHIGUPTAB00B,2026-07-01 13:26:43.664000+00:00,14.0
ses_20260701-131015-SIDDHIGUPTAB00B,2026-07-01 13:27:03.664000+00:00,9.0
ses_20260701-131015-SIDDHIGUPTAB00B,2026-07-01 13:27:09.664000+00:00,14.0
ses_20260701-131015-SIDDHIGUPTAB00B,2026-07-01 13:27:13.664000+00:00,12.0
ses_20260701-131015-SIDDHIGUPTAB00B,2026-07-01 13:28:45.664000+00:00,12.0
ses_20260701-131015-SIDDHIGUPTAB00B,2026-07-01 13:29:01.664000+00:00,13.0
ses_20260701-131015-SIDDHIGUPTAB00B,2026-07-01 13:29:45.664000+00:00,13.0
ses_20260701-131015-SIDDHIGUPTAB00B,2026-07-01 13:30:05.664000+00:00,15.0
ses_20260701-131015-SIDDHIGUPTAB00B,2026-07-01 13:31:03.664000+00:00,4.0
ses_20260701-131015-SIDDHIGUPTAB00B,2026-07-01 13:34:29.664000+00:00,7.5
ses_20260701-131015-SIDDHIGUPTAB00B,2026-07-01 13:35:13.664000+00:00,11.0
ses_20260701-131015-SIDDHIGUPTAB00B,2026-07-01 13:35:31.664000+00:00,14.0
ses_20260701-131015-SIDDHIGUPTAB00B,2026-07-01 13:36:21.664000+00:00,11.0
ses_20260701-131247-MSI,2026-07-01 13:12:49.847000+00:00,3.0
ses_20260701-131247-MSI,2026-07-01 13:12:59.847000+00:00,3.0
ses_20260701-131247-MSI,2026-07-01 13:13:03.847000+00:00,3.0
ses_20260701-131247-MSI,2026-07-01 13:13:13.847000+00:00,9.0
ses_20260701-131247-MSI,2026-07-01 13:14:15.847000+00:00,12.0
ses_20260701-131247-MSI,2026-07-01 13:14:47.847000+00:00,14.0
ses_20260701-131247-MSI,2026-07-01 13:15:19.847000+00:00,13.0
ses_20260701-131247-MSI,2026-07-01 13:15:35.847000+00:00,13.0
ses_20260701-131247-MSI,2026-07-01 13:15:59.847000+00:00,13.0
ses_20260701-131247-MSI,2026-07-01 13:16:03.847000+00:00,11.0
ses_20260701-131247-MSI,2026-07-01 13:16:59.847000+00:00,13.0
ses_20260701-131247-MSI,2026-07-01 13:17:05.847000+00:00,13.0
ses_20260701-131247-MSI,2026-07-01 13:17:09.847000+00:00,11.0
ses_20260701-131247-MSI,2026-07-01 13:17:33.847000+00:00,12.0
ses_20260701-131247-MSI,2026-07-01 13:17:53.847000+00:00,12.0
ses_20260701-131247-MSI,2026-07-01 13:17:57.847000+00:00,13.0
ses_20260701-131247-MSI,2026-07-01 13:18:19.847000+00:00,14.0
ses_20260701-131247-MSI,2026-07-01 13:18:51.847000+00:00,12.0
ses_20260701-131247-MSI,2026-07-01 13:18:59.847000+00:00,13.0
ses_20260701-131247-MSI,2026-07-01 13:19:03.847000+00:00,12.0
ses_20260701-131247-MSI,2026-07-01 13:19:31.847000+00:00,13.0
ses_20260701-131247-MSI,2026-07-01 13:19:45.847000+00:00,13.0
ses_20260701-131247-MSI,2026-07-01 13:19:53.847000+00:00,12.0
ses_20260701-131247-MSI,2026-07-01 13:21:05.847000+00:00,13.0
ses_20260701-131247-MSI,2026-07-01 13:21:39.847000+00:00,13.0
ses_20260701-131247-MSI,2026-07-01 13:21:47.847000+00:00,11.0
ses_20260701-131247-MSI,2026-07-01 13:22:53.847000+00:00,12.0
ses_20260701-131247-MSI,2026-07-01 13:23:01.847000+00:00,13.0
ses_20260701-131247-MSI,2026-07-01 13:23:21.847000+00:00,13.0
ses_20260701-131247-MSI,2026-07-01 13:23:25.847000+00:00,14.5
ses_20260701-131247-MSI,2026-07-01 13:23:49.847000+00:00,13.0
ses_20260701-131247-MSI,2026-07-01 13:24:09.847000+00:00,13.0
ses_20260701-131247-MSI,2026-07-01 13:24:23.847000+00:00,12.0
ses_20260701-131247-MSI,2026-07-01 13:24:49.847000+00:00,12.0
ses_20260701-131247-MSI,2026-07-01 13:25:13.847000+00:00,12.0
ses_20260701-131247-MSI,2026-07-01 13:25:35.847000+00:00,13.0
ses_20260701-131247-MSI,2026-07-01 13:26:09.847000+00:00,14.0
ses_20260701-131247-MSI,2026-07-01 13:26:13.847000+00:00,13.0
ses_20260701-131247-MSI,2026-07-01 13:26:29.847000+00:00,12.0
ses_20260701-131247-MSI,2026-07-01 13:26:39.847000+00:00,12.0
ses_20260701-131247-MSI,2026-07-01 13:27:05.847000+00:00,12.0
ses_20260701-131247-MSI,2026-07-01 13:27:31.847000+00:00,14.0
ses_20260701-131247-MSI,2026-07-01 13:27:55.847000+00:00,12.0
ses_20260701-131247-MSI,2026-07-01 13:27:59.847000+00:00,12.0
ses_20260701-131247-MSI,2026-07-01 13:28:55.847000+00:00,11.0
ses_20260701-131247-MSI,2026-07-01 13:29:03.847000+00:00,12.0
ses_20260701-131247-MSI,2026-07-01 13:29:39.847000+00:00,13.0
ses_20260701-131247-MSI,2026-07-01 13:29:43.847000+00:00,12.0
ses_20260701-131247-MSI,2026-07-01 13:30:07.847000+00:00,13.0
ses_20260701-131247-MSI,2026-07-01 13:31:31.847000+00:00,13.0
ses_20260701-131247-MSI,2026-07-01 13:31:35.847000+00:00,12.0
ses_20260701-131247-MSI,2026-07-01 13:32:03.847000+00:00,13.0
ses_20260701-131247-MSI,2026-07-01 13:33:11.847000+00:00,12.0
ses_20260701-131247-MSI,2026-07-01 13:34:49.847000+00:00,4.0
ses_20260701-134215-SIDDHIGUPTAB00B,2026-07-01 13:43:11.810000+00:00,6.0
ses_20260701-134215-SIDDHIGUPTAB00B,2026-07-01 13:43:35.810000+00:00,13.0
ses_20260701-134215-SIDDHIGUPTAB00B,2026-07-01 13:43:45.810000+00:00,13.0
ses_20260701-134215-SIDDHIGUPTAB00B,2026-07-01 13:44:11.810000+00:00,11.0
ses_20260701-134215-SIDDHIGUPTAB00B,2026-07-01 13:44:15.810000+00:00,13.0
ses_20260701-134215-SIDDHIGUPTAB00B,2026-07-01 13:45:01.810000+00:00,14.0
ses_20260701-134215-SIDDHIGUPTAB00B,2026-07-01 13:45:23.810000+00:00,13.0
ses_20260701-134215-SIDDHIGUPTAB00B,2026-07-01 13:45:31.810000+00:00,10.0
ses_20260701-134215-SIDDHIGUPTAB00B,2026-07-01 13:45:35.810000+00:00,14.0
ses_20260701-134215-SIDDHIGUPTAB00B,2026-07-01 13:50:59.810000+00:00,10.0
ses_20260701-134215-SIDDHIGUPTAB00B,2026-07-01 13:51:09.810000+00:00,11.0
ses_20260701-134215-SIDDHIGUPTAB00B,2026-07-01 13:51:27.810000+00:00,11.0
ses_20260701-134215-SIDDHIGUPTAB00B,2026-07-01 13:53:17.810000+00:00,12.0
ses_20260701-134215-SIDDHIGUPTAB00B,2026-07-01 13:53:33.810000+00:00,10.0
ses_20260701-134215-SIDDHIGUPTAB00B,2026-07-01 13:54:09.810000+00:00,8.0
ses_20260701-134215-SIDDHIGUPTAB00B,2026-07-01 13:55:31.810000+00:00,12.0
ses_20260701-134215-SIDDHIGUPTAB00B,2026-07-01 13:56:41.810000+00:00,13.0
ses_20260701-134215-SIDDHIGUPTAB00B,2026-07-01 13:57:31.810000+00:00,7.0
ses_20260701-134215-SIDDHIGUPTAB00B,2026-07-01 13:58:59.810000+00:00,11.0
ses_20260701-134215-SIDDHIGUPTAB00B,2026-07-01 14:00:29.810000+00:00,10.0
ses_20260701-134215-SIDDHIGUPTAB00B,2026-07-01 14:00:35.810000+00:00,10.0
ses_20260701-134215-SIDDHIGUPTAB00B,2026-07-01 14:00:47.810000+00:00,3.25
ses_20260701-134215-SIDDHIGUPTAB00B,2026-07-01 14:01:01.810000+00:00,3.0
ses_20260701-134215-SIDDHIGUPTAB00B,2026-07-01 14:01:07.810000+00:00,13.0
ses_20260701-134215-SIDDHIGUPTAB00B,2026-07-01 14:01:15.810000+00:00,12.0
ses_20260701-134215-SIDDHIGUPTAB00B,2026-07-01 14:01:51.810000+00:00,9.0
ses_20260701-134215-SIDDHIGUPTAB00B,2026-07-01 14:02:03.810000+00:00,11.0
ses_20260701-134215-SIDDHIGUPTAB00B,2026-07-01 14:02:37.810000+00:00,12.0
ses_20260701-134215-SIDDHIGUPTAB00B,2026-07-01 14:03:03.810000+00:00,12.0
ses_20260701-134215-SIDDHIGUPTAB00B,2026-07-01 14:03:11.810000+00:00,14.0
ses_20260701-134215-SIDDHIGUPTAB00B,2026-07-01 14:03:55.810000+00:00,14.0
ses_20260701-134215-SIDDHIGUPTAB00B,2026-07-01 14:03:59.810000+00:00,13.0
ses_20260701-134215-SIDDHIGUPTAB00B,2026-07-01 14:04:29.810000+00:00,13.0
ses_20260701-134215-SIDDHIGUPTAB00B,2026-07-01 14:04:37.810000+00:00,13.0
ses_20260701-134215-SIDDHIGUPTAB00B,2026-07-01 14:05:21.810000+00:00,13.0
ses_20260701-134215-SIDDHIGUPTAB00B,2026-07-01 14:06:09.810000+00:00,12.0
ses_20260701-134215-SIDDHIGUPTAB00B,2026-07-01 14:06:23.810000+00:00,14.0
ses_20260701-134215-SIDDHIGUPTAB00B,2026-07-01 14:07:19.810000+00:00,13.0
ses_20260701-134215-SIDDHIGUPTAB00B,2026-07-01 14:07:27.810000+00:00,3.0
ses_20260701-134215-SIDDHIGUPTAB00B,2026-07-01 14:07:55.810000+00:00,11.0
ses_20260701-134215-SIDDHIGUPTAB00B,2026-07-01 14:08:01.810000+00:00,13.0
ses_20260701-134215-SIDDHIGUPTAB00B,2026-07-01 14:08:05.810000+00:00,14.0
ses_20260701-134215-SIDDHIGUPTAB00B,2026-07-01 14:08:19.810000+00:00,12.0
ses_20260701-141430-SIDDHIGUPTAB00B,2026-07-01 14:15:00.282000+00:00,12.0
ses_20260701-141430-SIDDHIGUPTAB00B,2026-07-01 14:15:32.282000+00:00,12.0
ses_20260701-141430-SIDDHIGUPTAB00B,2026-07-01 14:15:48.282000+00:00,13.0
ses_20260701-141430-SIDDHIGUPTAB00B,2026-07-01 14:17:56.282000+00:00,12.0
ses_20260701-141430-SIDDHIGUPTAB00B,2026-07-01 14:18:08.282000+00:00,14.0
ses_20260701-141430-SIDDHIGUPTAB00B,2026-07-01 14:18:12.282000+00:00,12.0
ses_20260701-141430-SIDDHIGUPTAB00B,2026-07-01 14:18:52.282000+00:00,6.0
ses_20260701-141430-SIDDHIGUPTAB00B,2026-07-01 14:19:36.282000+00:00,13.0
ses_20260701-141430-SIDDHIGUPTAB00B,2026-07-01 14:19:48.282000+00:00,12.0
ses_20260701-141430-SIDDHIGUPTAB00B,2026-07-01 14:20:00.282000+00:00,14.0
ses_20260701-141430-SIDDHIGUPTAB00B,2026-07-01 14:20:30.282000+00:00,13.0
ses_20260701-141430-SIDDHIGUPTAB00B,2026-07-01 14:21:30.282000+00:00,13.0
ses_20260701-141430-SIDDHIGUPTAB00B,2026-07-01 14:21:42.282000+00:00,13.0
ses_20260701-141430-SIDDHIGUPTAB00B,2026-07-01 14:21:54.282000+00:00,14.0
ses_20260701-141430-SIDDHIGUPTAB00B,2026-07-01 14:22:16.282000+00:00,3.0
ses_20260701-141430-SIDDHIGUPTAB00B,2026-07-01 14:23:20.282000+00:00,12.0
ses_20260701-141430-SIDDHIGUPTAB00B,2026-07-01 14:23:24.282000+00:00,11.0
ses_20260701-141430-SIDDHIGUPTAB00B,2026-07-01 14:24:30.282000+00:00,13.0
ses_20260701-141430-SIDDHIGUPTAB00B,2026-07-01 14:24:50.282000+00:00,14.0
ses_20260701-141430-SIDDHIGUPTAB00B,2026-07-01 14:24:54.282000+00:00,12.0
ses_20260701-141430-SIDDHIGUPTAB00B,2026-07-01 14:25:10.282000+00:00,10.0
ses_20260701-141430-SIDDHIGUPTAB00B,2026-07-01 14:25:50.282000+00:00,12.0
ses_20260701-141430-SIDDHIGUPTAB00B,2026-07-01 14:26:12.282000+00:00,13.0
ses_20260701-141430-SIDDHIGUPTAB00B,2026-07-01 14:26:36.282000+00:00,10.0
ses_20260701-141430-SIDDHIGUPTAB00B,2026-07-01 14:27:10.282000+00:00,14.0
ses_20260701-141430-SIDDHIGUPTAB00B,2026-07-01 14:27:44.282000+00:00,11.0
ses_20260701-141430-SIDDHIGUPTAB00B,2026-07-01 14:28:34.282000+00:00,14.0
ses_20260701-141430-SIDDHIGUPTAB00B,2026-07-01 14:30:50.282000+00:00,12.0
ses_20260701-141430-SIDDHIGUPTAB00B,2026-07-01 14:31:22.282000+00:00,13.0
ses_20260701-141430-SIDDHIGUPTAB00B,2026-07-01 14:32:06.282000+00:00,13.0
ses_20260701-141430-SIDDHIGUPTAB00B,2026-07-01 14:32:14.282000+00:00,13.0
ses_20260701-141430-SIDDHIGUPTAB00B,2026-07-01 14:32:44.282000+00:00,12.0
ses_20260701-141430-SIDDHIGUPTAB00B,2026-07-01 14:33:06.282000+00:00,13.0
ses_20260701-141430-SIDDHIGUPTAB00B,2026-07-01 14:33:40.282000+00:00,14.0
ses_20260701-141430-SIDDHIGUPTAB00B,2026-07-01 14:34:54.282000+00:00,14.0
ses_20260701-141430-SIDDHIGUPTAB00B,2026-07-01 14:36:12.282000+00:00,12.0
ses_20260701-141430-SIDDHIGUPTAB00B,2026-07-01 14:36:46.282000+00:00,13.0
ses_20260701-141430-SIDDHIGUPTAB00B,2026-07-01 14:36:50.282000+00:00,13.0
ses_20260701-141430-SIDDHIGUPTAB00B,2026-07-01 14:37:20.282000+00:00,14.0
ses_20260701-141430-SIDDHIGUPTAB00B,2026-07-01 14:37:30.282000+00:00,12.0
ses_20260701-141430-SIDDHIGUPTAB00B,2026-07-01 14:38:18.282000+00:00,13.0
ses_20260701-141430-SIDDHIGUPTAB00B,2026-07-01 14:38:42.282000+00:00,3.0
ses_20260701-141430-SIDDHIGUPTAB00B,2026-07-01 14:38:46.282000+00:00,12.0
ses_20260701-141430-SIDDHIGUPTAB00B,2026-07-01 14:38:54.282000+00:00,13.0
ses_20260701-141430-SIDDHIGUPTAB00B,2026-07-01 14:40:52.282000+00:00,13.0
ses_20260701-141430-SIDDHIGUPTAB00B,2026-07-01 14:41:36.282000+00:00,14.0
ses_20260701-141430-SIDDHIGUPTAB00B,2026-07-01 14:41:46.282000+00:00,12.0
ses_20260701-141430-SIDDHIGUPTAB00B,2026-07-01 14:42:32.282000+00:00,12.0
ses_20260701-141430-SIDDHIGUPTAB00B,2026-07-01 14:42:46.282000+00:00,14.0
ses_20260701-145907-MSI,2026-07-01 14:59:11.332000+00:00,3.0
ses_20260701-145907-MSI,2026-07-01 14:59:21.332000+00:00,10.25
ses_20260701-145907-MSI,2026-07-01 15:00:19.332000+00:00,12.0
ses_20260701-145907-MSI,2026-07-01 15:00:23.332000+00:00,12.0
ses_20260701-145907-MSI,2026-07-01 15:00:45.332000+00:00,13.0
ses_20260701-145907-MSI,2026-07-01 15:01:19.332000+00:00,12.0
ses_20260701-145907-MSI,2026-07-01 15:01:23.332000+00:00,12.0
ses_20260701-145907-MSI,2026-07-01 15:01:57.332000+00:00,13.0
ses_20260701-145907-MSI,2026-07-01 15:03:33.332000+00:00,12.0
ses_20260701-145907-MSI,2026-07-01 15:04:03.332000+00:00,12.0
ses_20260701-145907-MSI,2026-07-01 15:04:43.332000+00:00,9.0
ses_20260701-145907-MSI,2026-07-01 15:04:49.332000+00:00,11.0
ses_20260701-145907-MSI,2026-07-01 15:05:17.332000+00:00,12.0
ses_20260701-145907-MSI,2026-07-01 15:05:37.332000+00:00,12.0
ses_20260701-145907-MSI,2026-07-01 15:06:39.332000+00:00,14.0
ses_20260701-145907-MSI,2026-07-01 15:06:43.332000+00:00,13.0
ses_20260701-145907-MSI,2026-07-01 15:07:07.332000+00:00,13.0
ses_20260701-145907-MSI,2026-07-01 15:07:13.332000+00:00,13.0
ses_20260701-145907-MSI,2026-07-01 15:07:17.332000+00:00,11.0
ses_20260701-145907-MSI,2026-07-01 15:08:27.332000+00:00,13.0
ses_20260701-145907-MSI,2026-07-01 15:08:31.332000+00:00,14.0
ses_20260701-145907-MSI,2026-07-01 15:08:53.332000+00:00,11.0
ses_20260701-145907-MSI,2026-07-01 15:09:31.332000+00:00,13.0
ses_20260701-145907-MSI,2026-07-01 15:09:47.332000+00:00,14.0
ses_20260701-145907-MSI,2026-07-01 15:10:11.332000+00:00,12.0
ses_20260701-145907-MSI,2026-07-01 15:10:15.332000+00:00,14.0
ses_20260701-145907-MSI,2026-07-01 15:10:33.332000+00:00,12.0
ses_20260701-145907-MSI,2026-07-01 15:10:43.332000+00:00,11.0
ses_20260701-145907-MSI,2026-07-01 15:11:25.332000+00:00,11.0
ses_20260701-145907-MSI,2026-07-01 15:11:57.332000+00:00,14.0
ses_20260701-145907-MSI,2026-07-01 15:13:07.332000+00:00,12.0
ses_20260701-145907-MSI,2026-07-01 15:13:25.332000+00:00,10.0
ses_20260701-145907-MSI,2026-07-01 15:14:43.332000+00:00,12.0
ses_20260701-145907-MSI,2026-07-01 15:15:17.332000+00:00,11.0
ses_20260701-145907-MSI,2026-07-01 15:15:55.332000+00:00,13.0
ses_20260701-145907-MSI,2026-07-01 15:16:21.332000+00:00,11.0
ses_20260701-145907-MSI,2026-07-01 15:16:29.332000+00:00,12.0
ses_20260701-145907-MSI,2026-07-01 15:17:27.332000+00:00,13.0
ses_20260701-145907-MSI,2026-07-01 15:17:59.332000+00:00,11.0
ses_20260701-145907-MSI,2026-07-01 15:18:43.332000+00:00,12.0
ses_20260701-145907-MSI,2026-07-01 15:18:51.332000+00:00,13.0
ses_20260701-145907-MSI,2026-07-01 15:19:35.332000+00:00,14.0
ses_20260701-145907-MSI,2026-07-01 15:19:45.332000+00:00,12.0
ses_20260701-145907-MSI,2026-07-01 15:20:07.332000+00:00,13.0
ses_20260701-145907-MSI,2026-07-01 15:20:15.332000+00:00,12.0
ses_20260701-145907-MSI,2026-07-01 15:24:17.332000+00:00,5.0
ses_20260701-152030-CHAITANYA0BCF,2026-07-01 15:21:08.551000+00:00,15.0
ses_20260701-152030-CHAITANYA0BCF,2026-07-01 15:21:50.551000+00:00,14.0
ses_20260701-152030-CHAITANYA0BCF,2026-07-01 15:21:58.551000+00:00,13.0
ses_20260701-152030-CHAITANYA0BCF,2026-07-01 15:22:50.551000+00:00,13.0
ses_20260701-152030-CHAITANYA0BCF,2026-07-01 15:22:58.551000+00:00,14.0
ses_20260701-152030-CHAITANYA0BCF,2026-07-01 15:23:50.551000+00:00,13.0
ses_20260701-152030-CHAITANYA0BCF,2026-07-01 15:23:54.551000+00:00,13.0
ses_20260701-152030-CHAITANYA0BCF,2026-07-01 15:24:34.551000+00:00,13.0
ses_20260701-152030-CHAITANYA0BCF,2026-07-01 15:24:42.551000+00:00,3.25
ses_20260701-152030-CHAITANYA0BCF,2026-07-01 15:26:44.551000+00:00,13.0
ses_20260701-152030-CHAITANYA0BCF,2026-07-01 15:27:20.551000+00:00,13.0
ses_20260701-152030-CHAITANYA0BCF,2026-07-01 15:27:24.551000+00:00,14.0
ses_20260701-152030-CHAITANYA0BCF,2026-07-01 15:27:48.551000+00:00,3.0
ses_20260701-152030-CHAITANYA0BCF,2026-07-01 15:27:52.551000+00:00,13.0
ses_20260701-152030-CHAITANYA0BCF,2026-07-01 15:28:00.551000+00:00,13.0
ses_20260701-152030-CHAITANYA0BCF,2026-07-01 15:29:12.551000+00:00,13.0
ses_20260701-152030-CHAITANYA0BCF,2026-07-01 15:29:22.551000+00:00,13.0
ses_20260701-152030-CHAITANYA0BCF,2026-07-01 15:29:54.551000+00:00,12.0
ses_20260701-155031-CHAITANYA0BCF,2026-07-01 15:51:07.796000+00:00,15.0
ses_20260701-155031-CHAITANYA0BCF,2026-07-01 15:51:33.796000+00:00,14.0
ses_20260701-155031-CHAITANYA0BCF,2026-07-01 15:51:37.796000+00:00,15.0
ses_20260701-155031-CHAITANYA0BCF,2026-07-01 15:52:05.796000+00:00,10.0
ses_20260701-155031-CHAITANYA0BCF,2026-07-01 15:54:07.796000+00:00,14.0
ses_20260701-155031-CHAITANYA0BCF,2026-07-01 15:54:13.796000+00:00,14.0
ses_20260701-155031-CHAITANYA0BCF,2026-07-01 15:54:31.796000+00:00,13.0
ses_20260701-155031-CHAITANYA0BCF,2026-07-01 15:54:39.796000+00:00,13.0
ses_20260701-155031-CHAITANYA0BCF,2026-07-01 15:55:29.796000+00:00,13.0
ses_20260701-155031-CHAITANYA0BCF,2026-07-01 15:56:21.796000+00:00,12.0
ses_20260701-155031-CHAITANYA0BCF,2026-07-01 15:56:55.796000+00:00,3.0
ses_20260701-155031-CHAITANYA0BCF,2026-07-01 15:56:59.796000+00:00,12.0
ses_20260701-155031-CHAITANYA0BCF,2026-07-01 15:57:09.796000+00:00,14.0
ses_20260701-155031-CHAITANYA0BCF,2026-07-01 15:58:27.796000+00:00,13.0
ses_20260701-155031-CHAITANYA0BCF,2026-07-01 15:58:35.796000+00:00,14.0
ses_20260701-155031-CHAITANYA0BCF,2026-07-01 15:58:39.796000+00:00,14.0
ses_20260701-155031-CHAITANYA0BCF,2026-07-01 15:59:27.796000+00:00,14.0
ses_20260701-155031-CHAITANYA0BCF,2026-07-01 15:59:31.796000+00:00,12.0
ses_20260701-155031-CHAITANYA0BCF,2026-07-01 16:00:13.796000+00:00,13.0
ses_20260701-155031-CHAITANYA0BCF,2026-07-01 16:01:07.796000+00:00,14.0
ses_20260701-155031-CHAITANYA0BCF,2026-07-01 16:02:27.796000+00:00,3.0
ses_20260701-155031-CHAITANYA0BCF,2026-07-01 16:02:31.796000+00:00,14.0
ses_20260701-155031-CHAITANYA0BCF,2026-07-01 16:03:01.796000+00:00,14.0
ses_20260701-155031-CHAITANYA0BCF,2026-07-01 16:04:11.796000+00:00,9.0
ses_20260701-155031-CHAITANYA0BCF,2026-07-01 16:04:19.796000+00:00,14.0
ses_20260701-155031-CHAITANYA0BCF,2026-07-01 16:04:23.796000+00:00,14.0
ses_20260701-155031-CHAITANYA0BCF,2026-07-01 16:05:05.796000+00:00,15.0
ses_20260701-155031-CHAITANYA0BCF,2026-07-01 16:05:13.796000+00:00,12.0
ses_20260701-155031-CHAITANYA0BCF,2026-07-01 16:06:37.796000+00:00,13.0
ses_20260701-155031-CHAITANYA0BCF,2026-07-01 16:07:13.796000+00:00,13.0
ses_20260701-155031-CHAITANYA0BCF,2026-07-01 16:08:17.796000+00:00,13.0
ses_20260701-155031-CHAITANYA0BCF,2026-07-01 16:08:35.796000+00:00,13.0
ses_20260701-155031-CHAITANYA0BCF,2026-07-01 16:08:43.796000+00:00,14.0
ses_20260701-155031-CHAITANYA0BCF,2026-07-01 16:08:47.796000+00:00,13.0
ses_20260701-155031-CHAITANYA0BCF,2026-07-01 16:10:03.796000+00:00,13.0
ses_20260701-155031-CHAITANYA0BCF,2026-07-01 16:10:51.796000+00:00,12.0
ses_20260701-155031-CHAITANYA0BCF,2026-07-01 16:13:45.796000+00:00,14.0
ses_20260701-155031-CHAITANYA0BCF,2026-07-01 16:14:41.796000+00:00,14.0
ses_20260701-172430-yuvraj,2026-07-01 17:27:02.299000+00:00,27.0
ses_20260701-172430-yuvraj,2026-07-01 17:27:28.299000+00:00,12.0
ses_20260701-172430-yuvraj,2026-07-01 17:27:50.299000+00:00,4.25
ses_20260701-172430-yuvraj,2026-07-01 17:29:14.299000+00:00,12.0
ses_20260701-172430-yuvraj,2026-07-01 17:29:46.299000+00:00,13.0
ses_20260701-172430-yuvraj,2026-07-01 17:30:32.299000+00:00,13.0
ses_20260701-172430-yuvraj,2026-07-01 17:31:36.299000+00:00,14.0
ses_20260701-172430-yuvraj,2026-07-01 17:32:04.299000+00:00,13.0
ses_20260701-172430-yuvraj,2026-07-01 17:32:26.299000+00:00,11.0
ses_20260701-172430-yuvraj,2026-07-01 17:32:30.299000+00:00,13.0
ses_20260701-172430-yuvraj,2026-07-01 17:32:56.299000+00:00,12.0
ses_20260701-172430-yuvraj,2026-07-01 17:33:04.299000+00:00,13.0
ses_20260701-172430-yuvraj,2026-07-01 17:33:34.299000+00:00,14.0
ses_20260701-172430-yuvraj,2026-07-01 17:34:00.299000+00:00,11.0
ses_20260701-172430-yuvraj,2026-07-01 17:35:06.299000+00:00,10.0
ses_20260701-172430-yuvraj,2026-07-01 17:35:44.299000+00:00,12.0
ses_20260701-172430-yuvraj,2026-07-01 17:35:52.299000+00:00,12.0
ses_20260701-172430-yuvraj,2026-07-01 17:36:16.299000+00:00,12.0
ses_20260701-172430-yuvraj,2026-07-01 17:36:40.299000+00:00,12.0
ses_20260701-172430-yuvraj,2026-07-01 17:36:44.299000+00:00,12.0
ses_20260701-172430-yuvraj,2026-07-01 17:37:04.299000+00:00,11.0
ses_20260701-172430-yuvraj,2026-07-01 17:37:12.299000+00:00,12.0
ses_20260701-172430-yuvraj,2026-07-01 17:37:34.299000+00:00,12.0
ses_20260701-172430-yuvraj,2026-07-01 17:37:38.299000+00:00,12.0
ses_20260701-172430-yuvraj,2026-07-01 17:38:34.299000+00:00,13.0
ses_20260701-172430-yuvraj,2026-07-01 17:39:26.299000+00:00,12.0
ses_20260701-172430-yuvraj,2026-07-01 17:40:00.299000+00:00,12.0
ses_20260701-172430-yuvraj,2026-07-01 17:40:18.299000+00:00,14.0
ses_20260701-172430-yuvraj,2026-07-01 17:40:28.299000+00:00,10.0
ses_20260701-172430-yuvraj,2026-07-01 17:41:22.299000+00:00,7.0
ses_20260701-172430-yuvraj,2026-07-01 17:41:40.299000+00:00,12.0
ses_20260701-172430-yuvraj,2026-07-01 17:41:44.299000+00:00,13.0
ses_20260701-172430-yuvraj,2026-07-01 17:42:28.299000+00:00,12.0
ses_20260701-172430-yuvraj,2026-07-01 17:43:04.299000+00:00,12.0
ses_20260701-172430-yuvraj,2026-07-01 17:44:00.299000+00:00,13.0
