case_id,case_type,session_id,anchor_ts,offset_seconds,event_ts,event_type,active_app,window_title,browser_url
1,TP,ses_20260701-075604-LAPTOP-0IM1OHQH,2026-07-01 08:02:12.438000+00:00,-4.896,2026-07-01 08:02:07.542000+00:00,app_switch,Google Chrome,HR人事給与システム - Google Chrome,
1,TP,ses_20260701-075604-LAPTOP-0IM1OHQH,2026-07-01 08:02:12.438000+00:00,-4.658,2026-07-01 08:02:07.780000+00:00,screenshot_smart,Google Chrome,HR人事給与システム - Google Chrome,
1,TP,ses_20260701-075604-LAPTOP-0IM1OHQH,2026-07-01 08:02:12.438000+00:00,-4.275,2026-07-01 08:02:08.163000+00:00,app_switch,Google Chrome,HR人事給与システム - Google Chrome,
1,TP,ses_20260701-075604-LAPTOP-0IM1OHQH,2026-07-01 08:02:12.438000+00:00,-4.168,2026-07-01 08:02:08.270000+00:00,screenshot_smart,Google Chrome,HR人事給与システム - Google Chrome,
1,TP,ses_20260701-075604-LAPTOP-0IM1OHQH,2026-07-01 08:02:12.438000+00:00,-4.144,2026-07-01 08:02:08.294000+00:00,app_switch,Google Chrome,HR人事給与システム - Google Chrome,
1,TP,ses_20260701-075604-LAPTOP-0IM1OHQH,2026-07-01 08:02:12.438000+00:00,-3.886,2026-07-01 08:02:08.552000+00:00,app_switch,Google Chrome,HR人事給与システム - Google Chrome,
1,TP,ses_20260701-075604-LAPTOP-0IM1OHQH,2026-07-01 08:02:12.438000+00:00,-3.722,2026-07-01 08:02:08.716000+00:00,app_switch,Google Chrome,HR人事給与システム - Google Chrome,
1,TP,ses_20260701-075604-LAPTOP-0IM1OHQH,2026-07-01 08:02:12.438000+00:00,-3.625,2026-07-01 08:02:08.813000+00:00,screenshot_smart,Google Chrome,HR人事給与システム - Google Chrome,
1,TP,ses_20260701-075604-LAPTOP-0IM1OHQH,2026-07-01 08:02:12.438000+00:00,-3.61,2026-07-01 08:02:08.828000+00:00,app_switch,Google Chrome,HR人事給与システム - Google Chrome,
1,TP,ses_20260701-075604-LAPTOP-0IM1OHQH,2026-07-01 08:02:12.438000+00:00,-3.544,2026-07-01 08:02:08.894000+00:00,app_switch,Google Chrome,HR人事給与システム - Google Chrome,
1,TP,ses_20260701-075604-LAPTOP-0IM1OHQH,2026-07-01 08:02:12.438000+00:00,-2.829,2026-07-01 08:02:09.609000+00:00,browser_navigation,Google Chrome,HR人事給与システム - Google Chrome,
1,TP,ses_20260701-075604-LAPTOP-0IM1OHQH,2026-07-01 08:02:12.438000+00:00,-2.698,2026-07-01 08:02:09.740000+00:00,screenshot_smart,Google Chrome,HR人事給与システム - Google Chrome,
1,TP,ses_20260701-075604-LAPTOP-0IM1OHQH,2026-07-01 08:02:12.438000+00:00,-0.15500000000000003,2026-07-01 08:02:12.283000+00:00,app_switch,Google Chrome,HR人事給与システム - Google Chrome,
1,TP,ses_20260701-075604-LAPTOP-0IM1OHQH,2026-07-01 08:02:12.438000+00:00,-0.08099999999999996,2026-07-01 08:02:12.357000+00:00,app_switch,Google Chrome,HR人事給与システム - Google Chrome,
1,TP,ses_20260701-075604-LAPTOP-0IM1OHQH,2026-07-01 08:02:12.438000+00:00,-0.03500000000000003,2026-07-01 08:02:12.403000+00:00,screenshot_smart,Google Chrome,HR人事給与システム - Google Chrome,
1,TP,ses_20260701-075604-LAPTOP-0IM1OHQH,2026-07-01 08:02:12.438000+00:00,0.111,2026-07-01 08:02:12.549000+00:00,app_switch,Google Chrome,HR人事給与システム - Google Chrome,
1,TP,ses_20260701-075604-LAPTOP-0IM1OHQH,2026-07-01 08:02:12.438000+00:00,0.223,2026-07-01 08:02:12.661000+00:00,app_switch,Google Chrome,HR人事給与システム - Google Chrome,
1,TP,ses_20260701-075604-LAPTOP-0IM1OHQH,2026-07-01 08:02:12.438000+00:00,0.302,2026-07-01 08:02:12.740000+00:00,app_switch,Google Chrome,HR人事給与システム - Google Chrome,
1,TP,ses_20260701-075604-LAPTOP-0IM1OHQH,2026-07-01 08:02:12.438000+00:00,0.375,2026-07-01 08:02:12.813000+00:00,app_switch,Google Chrome,HR人事給与システム - Google Chrome,
1,TP,ses_20260701-075604-LAPTOP-0IM1OHQH,2026-07-01 08:02:12.438000+00:00,0.448,2026-07-01 08:02:12.886000+00:00,app_switch,Google Chrome,HR人事給与システム - Google Chrome,
1,TP,ses_20260701-075604-LAPTOP-0IM1OHQH,2026-07-01 08:02:12.438000+00:00,0.503,2026-07-01 08:02:12.941000+00:00,screenshot_smart,Google Chrome,HR人事給与システム - Google Chrome,
1,TP,ses_20260701-075604-LAPTOP-0IM1OHQH,2026-07-01 08:02:12.438000+00:00,1.114,2026-07-01 08:02:13.552000+00:00,mouse_click,Google Chrome,受発注在庫管理システム - Google Chrome,
1,TP,ses_20260701-075604-LAPTOP-0IM1OHQH,2026-07-01 08:02:12.438000+00:00,1.129,2026-07-01 08:02:13.567000+00:00,browser_click,Google Chrome,受発注在庫管理システム - Google Chrome,
1,TP,ses_20260701-075604-LAPTOP-0IM1OHQH,2026-07-01 08:02:12.438000+00:00,1.137,2026-07-01 08:02:13.575000+00:00,app_switch,Google Chrome,受発注在庫管理システム - Google Chrome,
1,TP,ses_20260701-075604-LAPTOP-0IM1OHQH,2026-07-01 08:02:12.438000+00:00,1.208,2026-07-01 08:02:13.646000+00:00,screenshot_smart,Google Chrome,受発注在庫管理システム - Google Chrome,
1,TP,ses_20260701-075604-LAPTOP-0IM1OHQH,2026-07-01 08:02:12.438000+00:00,3.245,2026-07-01 08:02:15.683000+00:00,app_switch,Google Chrome,受発注在庫管理システム - Google Chrome,
1,TP,ses_20260701-075604-LAPTOP-0IM1OHQH,2026-07-01 08:02:12.438000+00:00,3.273,2026-07-01 08:02:15.711000+00:00,screenshot_smart,Google Chrome,受発注在庫管理システム - Google Chrome,
1,TP,ses_20260701-075604-LAPTOP-0IM1OHQH,2026-07-01 08:02:12.438000+00:00,4.114,2026-07-01 08:02:16.552000+00:00,shortcut,Google Chrome,受発注在庫管理システム - Google Chrome,
1,TP,ses_20260701-075604-LAPTOP-0IM1OHQH,2026-07-01 08:02:12.438000+00:00,4.114,2026-07-01 08:02:16.552000+00:00,keystroke,Google Chrome,受発注在庫管理システム - Google Chrome,
1,TP,ses_20260701-075604-LAPTOP-0IM1OHQH,2026-07-01 08:02:12.438000+00:00,4.115,2026-07-01 08:02:16.553000+00:00,keystroke,Google Chrome,受発注在庫管理システム - Google Chrome,
1,TP,ses_20260701-075604-LAPTOP-0IM1OHQH,2026-07-01 08:02:12.438000+00:00,4.211,2026-07-01 08:02:16.649000+00:00,screenshot_smart,Google Chrome,受発注在庫管理システム - Google Chrome,
1,TP,ses_20260701-075604-LAPTOP-0IM1OHQH,2026-07-01 08:02:12.438000+00:00,4.877,2026-07-01 08:02:17.315000+00:00,shortcut,Google Chrome,受発注在庫管理システム - Google Chrome,
1,TP,ses_20260701-075604-LAPTOP-0IM1OHQH,2026-07-01 08:02:12.438000+00:00,4.877,2026-07-01 08:02:17.315000+00:00,keystroke,Google Chrome,受発注在庫管理システム - Google Chrome,
1,TP,ses_20260701-075604-LAPTOP-0IM1OHQH,2026-07-01 08:02:12.438000+00:00,4.878,2026-07-01 08:02:17.316000+00:00,keystroke,Google Chrome,受発注在庫管理システム - Google Chrome,
1,TP,ses_20260701-075604-LAPTOP-0IM1OHQH,2026-07-01 08:02:12.438000+00:00,4.923,2026-07-01 08:02:17.361000+00:00,shortcut,Google Chrome,受発注在庫管理システム - Google Chrome,
1,TP,ses_20260701-075604-LAPTOP-0IM1OHQH,2026-07-01 08:02:12.438000+00:00,4.923,2026-07-01 08:02:17.361000+00:00,keystroke,Google Chrome,受発注在庫管理システム - Google Chrome,
1,TP,ses_20260701-075604-LAPTOP-0IM1OHQH,2026-07-01 08:02:12.438000+00:00,4.925,2026-07-01 08:02:17.363000+00:00,keystroke,Google Chrome,受発注在庫管理システム - Google Chrome,
1,TP,ses_20260701-075604-LAPTOP-0IM1OHQH,2026-07-01 08:02:12.438000+00:00,4.955,2026-07-01 08:02:17.393000+00:00,screenshot_smart,Google Chrome,受発注在庫管理システム - Google Chrome,
2,TP,ses_20260701-120828-LAPTOP-0IM1OHQH,2026-07-01 12:09:58.693000+00:00,-3.5949999999999998,2026-07-01 12:09:55.098000+00:00,app_switch,ms-teams,Teams and Channels | Microsoft Teams,
2,TP,ses_20260701-120828-LAPTOP-0IM1OHQH,2026-07-01 12:09:58.693000+00:00,-3.284,2026-07-01 12:09:55.409000+00:00,screenshot_smart,ms-teams,Teams and Channels | Microsoft Teams,
2,TP,ses_20260701-120828-LAPTOP-0IM1OHQH,2026-07-01 12:09:58.693000+00:00,-2.127,2026-07-01 12:09:56.566000+00:00,mouse_scroll,ms-teams,Teams and Channels | Microsoft Teams,
2,TP,ses_20260701-120828-LAPTOP-0IM1OHQH,2026-07-01 12:09:58.693000+00:00,-1.963,2026-07-01 12:09:56.730000+00:00,screenshot_smart,ms-teams,Teams and Channels | Microsoft Teams,
2,TP,ses_20260701-120828-LAPTOP-0IM1OHQH,2026-07-01 12:09:58.693000+00:00,-1.923,2026-07-01 12:09:56.770000+00:00,app_switch,ms-teams,Teams and Channels | Microsoft Teams,
2,TP,ses_20260701-120828-LAPTOP-0IM1OHQH,2026-07-01 12:09:58.693000+00:00,-1.413,2026-07-01 12:09:57.280000+00:00,app_switch,ms-teams,Teams and Channels | Microsoft Teams,
2,TP,ses_20260701-120828-LAPTOP-0IM1OHQH,2026-07-01 12:09:58.693000+00:00,-0.928,2026-07-01 12:09:57.765000+00:00,mouse_click,Google Chrome,HR人事給与システム - Google Chrome,
2,TP,ses_20260701-120828-LAPTOP-0IM1OHQH,2026-07-01 12:09:58.693000+00:00,-0.867,2026-07-01 12:09:57.826000+00:00,screenshot_smart,Google Chrome,HR人事給与システム - Google Chrome,
2,TP,ses_20260701-120828-LAPTOP-0IM1OHQH,2026-07-01 12:09:58.693000+00:00,-0.786,2026-07-01 12:09:57.907000+00:00,browser_click,Google Chrome,HR人事給与システム - Google Chrome,
2,TP,ses_20260701-120828-LAPTOP-0IM1OHQH,2026-07-01 12:09:58.693000+00:00,-0.33099999999999996,2026-07-01 12:09:58.362000+00:00,shortcut,Google Chrome,HR人事給与システム - Google Chrome,
2,TP,ses_20260701-120828-LAPTOP-0IM1OHQH,2026-07-01 12:09:58.693000+00:00,-0.33099999999999996,2026-07-01 12:09:58.362000+00:00,keystroke,Google Chrome,HR人事給与システム - Google Chrome,
2,TP,ses_20260701-120828-LAPTOP-0IM1OHQH,2026-07-01 12:09:58.693000+00:00,-0.30000000000000004,2026-07-01 12:09:58.393000+00:00,keystroke,Google Chrome,HR人事給与システム - Google Chrome,
2,TP,ses_20260701-120828-LAPTOP-0IM1OHQH,2026-07-01 12:09:58.693000+00:00,0.138,2026-07-01 12:09:58.831000+00:00,app_switch,Google Chrome,HR人事給与システム - Google Chrome,
2,TP,ses_20260701-120828-LAPTOP-0IM1OHQH,2026-07-01 12:09:58.693000+00:00,0.313,2026-07-01 12:09:59.006000+00:00,screenshot_smart,Google Chrome,HR人事給与システム - Google Chrome,
2,TP,ses_20260701-120828-LAPTOP-0IM1OHQH,2026-07-01 12:09:58.693000+00:00,0.361,2026-07-01 12:09:59.054000+00:00,app_switch,Google Chrome,HR人事給与システム - Google Chrome,
2,TP,ses_20260701-120828-LAPTOP-0IM1OHQH,2026-07-01 12:09:58.693000+00:00,0.444,2026-07-01 12:09:59.137000+00:00,app_switch,Google Chrome,HR人事給与システム - Google Chrome,
2,TP,ses_20260701-120828-LAPTOP-0IM1OHQH,2026-07-01 12:09:58.693000+00:00,0.533,2026-07-01 12:09:59.226000+00:00,app_switch,Google Chrome,HR人事給与システム - Google Chrome,
2,TP,ses_20260701-120828-LAPTOP-0IM1OHQH,2026-07-01 12:09:58.693000+00:00,0.62,2026-07-01 12:09:59.313000+00:00,app_switch,Google Chrome,HR人事給与システム - Google Chrome,
2,TP,ses_20260701-120828-LAPTOP-0IM1OHQH,2026-07-01 12:09:58.693000+00:00,0.724,2026-07-01 12:09:59.417000+00:00,app_switch,Google Chrome,HR人事給与システム - Google Chrome,
2,TP,ses_20260701-120828-LAPTOP-0IM1OHQH,2026-07-01 12:09:58.693000+00:00,0.771,2026-07-01 12:09:59.464000+00:00,app_switch,Google Chrome,HR人事給与システム - Google Chrome,
2,TP,ses_20260701-120828-LAPTOP-0IM1OHQH,2026-07-01 12:09:58.693000+00:00,0.789,2026-07-01 12:09:59.482000+00:00,clipboard_change,Google Chrome,HR人事給与システム - Google Chrome,
2,TP,ses_20260701-120828-LAPTOP-0IM1OHQH,2026-07-01 12:09:58.693000+00:00,0.915,2026-07-01 12:09:59.608000+00:00,screenshot_smart,Google Chrome,HR人事給与システム - Google Chrome,
2,TP,ses_20260701-120828-LAPTOP-0IM1OHQH,2026-07-01 12:09:58.693000+00:00,1.69,2026-07-01 12:10:00.383000+00:00,mouse_click,Google Chrome,HR人事給与システム - Google Chrome,
2,TP,ses_20260701-120828-LAPTOP-0IM1OHQH,2026-07-01 12:09:58.693000+00:00,1.693,2026-07-01 12:10:00.386000+00:00,browser_form_input,Google Chrome,HR人事給与システム - Google Chrome,
2,TP,ses_20260701-120828-LAPTOP-0IM1OHQH,2026-07-01 12:09:58.693000+00:00,1.693,2026-07-01 12:10:00.386000+00:00,browser_click,Google Chrome,HR人事給与システム - Google Chrome,
2,TP,ses_20260701-120828-LAPTOP-0IM1OHQH,2026-07-01 12:09:58.693000+00:00,1.763,2026-07-01 12:10:00.456000+00:00,screenshot_smart,Google Chrome,HR人事給与システム - Google Chrome,
2,TP,ses_20260701-120828-LAPTOP-0IM1OHQH,2026-07-01 12:09:58.693000+00:00,4.078,2026-07-01 12:10:02.771000+00:00,app_switch,Google Chrome,HR人事給与システム - Google Chrome,
2,TP,ses_20260701-120828-LAPTOP-0IM1OHQH,2026-07-01 12:09:58.693000+00:00,4.116,2026-07-01 12:10:02.809000+00:00,screenshot_smart,Google Chrome,HR人事給与システム - Google Chrome,
2,TP,ses_20260701-120828-LAPTOP-0IM1OHQH,2026-07-01 12:09:58.693000+00:00,4.644,2026-07-01 12:10:03.337000+00:00,app_switch,Google Chrome,HR人事給与システム - Google Chrome,
2,TP,ses_20260701-120828-LAPTOP-0IM1OHQH,2026-07-01 12:09:58.693000+00:00,4.673,2026-07-01 12:10:03.366000+00:00,screenshot_smart,Google Chrome,HR人事給与システム - Google Chrome,
2,TP,ses_20260701-120828-LAPTOP-0IM1OHQH,2026-07-01 12:09:58.693000+00:00,4.6899999999999995,2026-07-01 12:10:03.383000+00:00,app_switch,Google Chrome,HR人事給与システム - Google Chrome,
2,TP,ses_20260701-120828-LAPTOP-0IM1OHQH,2026-07-01 12:09:58.693000+00:00,4.748,2026-07-01 12:10:03.441000+00:00,app_switch,Google Chrome,HR人事給与システム - Google Chrome,
2,TP,ses_20260701-120828-LAPTOP-0IM1OHQH,2026-07-01 12:09:58.693000+00:00,4.8,2026-07-01 12:10:03.493000+00:00,app_switch,Google Chrome,HR人事給与システム - Google Chrome,
2,TP,ses_20260701-120828-LAPTOP-0IM1OHQH,2026-07-01 12:09:58.693000+00:00,4.859,2026-07-01 12:10:03.552000+00:00,app_switch,Google Chrome,HR人事給与システム - Google Chrome,
2,TP,ses_20260701-120828-LAPTOP-0IM1OHQH,2026-07-01 12:09:58.693000+00:00,4.909,2026-07-01 12:10:03.602000+00:00,app_switch,Google Chrome,HR人事給与システム - Google Chrome,
2,TP,ses_20260701-120828-LAPTOP-0IM1OHQH,2026-07-01 12:09:58.693000+00:00,4.969,2026-07-01 12:10:03.662000+00:00,app_switch,Google Chrome,HR人事給与システム - Google Chrome,
3,TP,ses_20260701-103853-Marcos,2026-07-01 10:54:13.553000+00:00,-4.839,2026-07-01 10:54:08.714000+00:00,app_switch,Google Chrome,HR人事給与システム - Google Chrome,
3,TP,ses_20260701-103853-Marcos,2026-07-01 10:54:13.553000+00:00,-4.735,2026-07-01 10:54:08.818000+00:00,screenshot_smart,Google Chrome,HR人事給与システム - Google Chrome,
3,TP,ses_20260701-103853-Marcos,2026-07-01 10:54:13.553000+00:00,-4.282,2026-07-01 10:54:09.271000+00:00,app_switch,Google Chrome,HR人事給与システム - Google Chrome,
3,TP,ses_20260701-103853-Marcos,2026-07-01 10:54:13.553000+00:00,-4.219,2026-07-01 10:54:09.334000+00:00,app_switch,Google Chrome,HR人事給与システム - Google Chrome,
3,TP,ses_20260701-103853-Marcos,2026-07-01 10:54:13.553000+00:00,-4.194,2026-07-01 10:54:09.359000+00:00,screenshot_smart,Google Chrome,HR人事給与システム - Google Chrome,
3,TP,ses_20260701-103853-Marcos,2026-07-01 10:54:13.553000+00:00,-4.177,2026-07-01 10:54:09.376000+00:00,app_switch,Google Chrome,HR人事給与システム - Google Chrome,
3,TP,ses_20260701-103853-Marcos,2026-07-01 10:54:13.553000+00:00,-4.119,2026-07-01 10:54:09.434000+00:00,app_switch,Google Chrome,HR人事給与システム - Google Chrome,
3,TP,ses_20260701-103853-Marcos,2026-07-01 10:54:13.553000+00:00,-2.267,2026-07-01 10:54:11.286000+00:00,app_switch,Google Chrome,HR人事給与システム - Google Chrome,
3,TP,ses_20260701-103853-Marcos,2026-07-01 10:54:13.553000+00:00,-2.25,2026-07-01 10:54:11.303000+00:00,app_switch,Google Chrome,HR人事給与システム - Google Chrome,
3,TP,ses_20260701-103853-Marcos,2026-07-01 10:54:13.553000+00:00,-2.245,2026-07-01 10:54:11.308000+00:00,screenshot_smart,Google Chrome,HR人事給与システム - Google Chrome,
3,TP,ses_20260701-103853-Marcos,2026-07-01 10:54:13.553000+00:00,-1.588,2026-07-01 10:54:11.965000+00:00,browser_navigation,Google Chrome,HR人事給与システム - Google Chrome,
3,TP,ses_20260701-103853-Marcos,2026-07-01 10:54:13.553000+00:00,-1.504,2026-07-01 10:54:12.049000+00:00,screenshot_smart,Google Chrome,HR人事給与システム - Google Chrome,
3,TP,ses_20260701-103853-Marcos,2026-07-01 10:54:13.553000+00:00,0.108,2026-07-01 10:54:13.661000+00:00,app_switch,Google Chrome,HR人事給与システム - Google Chrome,
3,TP,ses_20260701-103853-Marcos,2026-07-01 10:54:13.553000+00:00,0.145,2026-07-01 10:54:13.698000+00:00,screenshot_smart,Google Chrome,HR人事給与システム - Google Chrome,
3,TP,ses_20260701-103853-Marcos,2026-07-01 10:54:13.553000+00:00,0.169,2026-07-01 10:54:13.722000+00:00,app_switch,Google Chrome,HR人事給与システム - Google Chrome,
3,TP,ses_20260701-103853-Marcos,2026-07-01 10:54:13.553000+00:00,0.264,2026-07-01 10:54:13.817000+00:00,app_switch,Google Chrome,HR人事給与システム - Google Chrome,
3,TP,ses_20260701-103853-Marcos,2026-07-01 10:54:13.553000+00:00,0.321,2026-07-01 10:54:13.874000+00:00,app_switch,Google Chrome,HR人事給与システム - Google Chrome,
3,TP,ses_20260701-103853-Marcos,2026-07-01 10:54:13.553000+00:00,0.381,2026-07-01 10:54:13.934000+00:00,app_switch,Google Chrome,HR人事給与システム - Google Chrome,
3,TP,ses_20260701-103853-Marcos,2026-07-01 10:54:13.553000+00:00,0.556,2026-07-01 10:54:14.109000+00:00,app_switch,Google Chrome,HR人事給与システム - Google Chrome,
3,TP,ses_20260701-103853-Marcos,2026-07-01 10:54:13.553000+00:00,0.568,2026-07-01 10:54:14.121000+00:00,app_switch,Google Chrome,HR人事給与システム - Google Chrome,
3,TP,ses_20260701-103853-Marcos,2026-07-01 10:54:13.553000+00:00,0.578,2026-07-01 10:54:14.131000+00:00,app_switch,Google Chrome,HR人事給与システム - Google Chrome,
3,TP,ses_20260701-103853-Marcos,2026-07-01 10:54:13.553000+00:00,0.615,2026-07-01 10:54:14.168000+00:00,app_switch,Google Chrome,HR人事給与システム - Google Chrome,
3,TP,ses_20260701-103853-Marcos,2026-07-01 10:54:13.553000+00:00,0.662,2026-07-01 10:54:14.215000+00:00,app_switch,Google Chrome,HR人事給与システム - Google Chrome,
3,TP,ses_20260701-103853-Marcos,2026-07-01 10:54:13.553000+00:00,0.691,2026-07-01 10:54:14.244000+00:00,screenshot_smart,Google Chrome,HR人事給与システム - Google Chrome,
3,TP,ses_20260701-103853-Marcos,2026-07-01 10:54:13.553000+00:00,0.72,2026-07-01 10:54:14.273000+00:00,app_switch,Google Chrome,HR人事給与システム - Google Chrome,
3,TP,ses_20260701-103853-Marcos,2026-07-01 10:54:13.553000+00:00,1.8319999999999999,2026-07-01 10:54:15.385000+00:00,app_switch,Google Chrome,HR人事給与システム - Google Chrome,
3,TP,ses_20260701-103853-Marcos,2026-07-01 10:54:13.553000+00:00,1.839,2026-07-01 10:54:15.392000+00:00,screenshot_smart,Google Chrome,HR人事給与システム - Google Chrome,
3,TP,ses_20260701-103853-Marcos,2026-07-01 10:54:13.553000+00:00,1.911,2026-07-01 10:54:15.464000+00:00,mouse_click,Google Chrome,受発注在庫管理システム - Google Chrome,
3,TP,ses_20260701-103853-Marcos,2026-07-01 10:54:13.553000+00:00,1.925,2026-07-01 10:54:15.478000+00:00,browser_click,Google Chrome,受発注在庫管理システム - Google Chrome,
3,TP,ses_20260701-103853-Marcos,2026-07-01 10:54:13.553000+00:00,4.915,2026-07-01 10:54:18.468000+00:00,app_switch,Google Chrome,受発注在庫管理システム - Google Chrome,
3,TP,ses_20260701-103853-Marcos,2026-07-01 10:54:13.553000+00:00,4.996,2026-07-01 10:54:18.549000+00:00,screenshot_smart,Google Chrome,受発注在庫管理システム - Google Chrome,
4,TP,ses_20260701-083656-LAPTOP-0IM1OHQH,2026-07-01 08:46:24.616000+00:00,-4.64,2026-07-01 08:46:19.976000+00:00,app_switch,Notepad,*Untitled - Notepad,
4,TP,ses_20260701-083656-LAPTOP-0IM1OHQH,2026-07-01 08:46:24.616000+00:00,-4.537,2026-07-01 08:46:20.079000+00:00,screenshot_smart,Notepad,*Untitled - Notepad,
4,TP,ses_20260701-083656-LAPTOP-0IM1OHQH,2026-07-01 08:46:24.616000+00:00,-3.613,2026-07-01 08:46:21.003000+00:00,app_switch,Notepad,*Untitled - Notepad,
4,TP,ses_20260701-083656-LAPTOP-0IM1OHQH,2026-07-01 08:46:24.616000+00:00,-3.166,2026-07-01 08:46:21.450000+00:00,app_switch,Notepad,*Untitled - Notepad,
4,TP,ses_20260701-083656-LAPTOP-0IM1OHQH,2026-07-01 08:46:24.616000+00:00,-3.133,2026-07-01 08:46:21.483000+00:00,screenshot_smart,Notepad,*Untitled - Notepad,
4,TP,ses_20260701-083656-LAPTOP-0IM1OHQH,2026-07-01 08:46:24.616000+00:00,-3.0869999999999997,2026-07-01 08:46:21.529000+00:00,app_switch,Notepad,*Untitled - Notepad,
4,TP,ses_20260701-083656-LAPTOP-0IM1OHQH,2026-07-01 08:46:24.616000+00:00,-3.023,2026-07-01 08:46:21.593000+00:00,app_switch,Notepad,*Untitled - Notepad,
4,TP,ses_20260701-083656-LAPTOP-0IM1OHQH,2026-07-01 08:46:24.616000+00:00,-2.943,2026-07-01 08:46:21.673000+00:00,app_switch,Notepad,*Untitled - Notepad,
4,TP,ses_20260701-083656-LAPTOP-0IM1OHQH,2026-07-01 08:46:24.616000+00:00,-2.848,2026-07-01 08:46:21.768000+00:00,app_switch,Notepad,*Untitled - Notepad,
4,TP,ses_20260701-083656-LAPTOP-0IM1OHQH,2026-07-01 08:46:24.616000+00:00,-2.762,2026-07-01 08:46:21.854000+00:00,app_switch,Notepad,*Untitled - Notepad,
4,TP,ses_20260701-083656-LAPTOP-0IM1OHQH,2026-07-01 08:46:24.616000+00:00,-2.59,2026-07-01 08:46:22.026000+00:00,browser_navigation,Notepad,*Untitled - Notepad,
4,TP,ses_20260701-083656-LAPTOP-0IM1OHQH,2026-07-01 08:46:24.616000+00:00,-2.527,2026-07-01 08:46:22.089000+00:00,screenshot_smart,Notepad,*Untitled - Notepad,
4,TP,ses_20260701-083656-LAPTOP-0IM1OHQH,2026-07-01 08:46:24.616000+00:00,-0.485,2026-07-01 08:46:24.131000+00:00,app_switch,Notepad,*Untitled - Notepad,
4,TP,ses_20260701-083656-LAPTOP-0IM1OHQH,2026-07-01 08:46:24.616000+00:00,0.335,2026-07-01 08:46:24.951000+00:00,screenshot_smart,Notepad,*Untitled - Notepad,
4,TP,ses_20260701-083656-LAPTOP-0IM1OHQH,2026-07-01 08:46:24.616000+00:00,0.392,2026-07-01 08:46:25.008000+00:00,app_switch,Notepad,*Untitled - Notepad,
4,TP,ses_20260701-083656-LAPTOP-0IM1OHQH,2026-07-01 08:46:24.616000+00:00,0.508,2026-07-01 08:46:25.124000+00:00,app_switch,Notepad,*Untitled - Notepad,
4,TP,ses_20260701-083656-LAPTOP-0IM1OHQH,2026-07-01 08:46:24.616000+00:00,0.576,2026-07-01 08:46:25.192000+00:00,app_switch,Notepad,*Untitled - Notepad,
4,TP,ses_20260701-083656-LAPTOP-0IM1OHQH,2026-07-01 08:46:24.616000+00:00,0.652,2026-07-01 08:46:25.268000+00:00,app_switch,Notepad,*Untitled - Notepad,
4,TP,ses_20260701-083656-LAPTOP-0IM1OHQH,2026-07-01 08:46:24.616000+00:00,0.768,2026-07-01 08:46:25.384000+00:00,app_switch,Notepad,*Untitled - Notepad,
4,TP,ses_20260701-083656-LAPTOP-0IM1OHQH,2026-07-01 08:46:24.616000+00:00,0.842,2026-07-01 08:46:25.458000+00:00,app_switch,Notepad,*Untitled - Notepad,
4,TP,ses_20260701-083656-LAPTOP-0IM1OHQH,2026-07-01 08:46:24.616000+00:00,0.894,2026-07-01 08:46:25.510000+00:00,screenshot_smart,Notepad,*Untitled - Notepad,
4,TP,ses_20260701-083656-LAPTOP-0IM1OHQH,2026-07-01 08:46:24.616000+00:00,0.916,2026-07-01 08:46:25.532000+00:00,app_switch,Notepad,*Untitled - Notepad,
4,TP,ses_20260701-083656-LAPTOP-0IM1OHQH,2026-07-01 08:46:24.616000+00:00,1.924,2026-07-01 08:46:26.540000+00:00,app_switch,Notepad,*Untitled - Notepad,
4,TP,ses_20260701-083656-LAPTOP-0IM1OHQH,2026-07-01 08:46:24.616000+00:00,1.982,2026-07-01 08:46:26.598000+00:00,screenshot_smart,Notepad,*Untitled - Notepad,
4,TP,ses_20260701-083656-LAPTOP-0IM1OHQH,2026-07-01 08:46:24.616000+00:00,2.132,2026-07-01 08:46:26.748000+00:00,mouse_click,Google Chrome,HR人事給与システム - Google Chrome,
4,TP,ses_20260701-083656-LAPTOP-0IM1OHQH,2026-07-01 08:46:24.616000+00:00,2.268,2026-07-01 08:46:26.884000+00:00,browser_click,Google Chrome,HR人事給与システム - Google Chrome,
4,TP,ses_20260701-083656-LAPTOP-0IM1OHQH,2026-07-01 08:46:24.616000+00:00,4.308,2026-07-01 08:46:28.924000+00:00,app_switch,Google Chrome,HR人事給与システム - Google Chrome,
4,TP,ses_20260701-083656-LAPTOP-0IM1OHQH,2026-07-01 08:46:24.616000+00:00,4.414,2026-07-01 08:46:29.030000+00:00,screenshot_smart,Google Chrome,HR人事給与システム - Google Chrome,
5,TP,ses_20260701-005920-yuvraj,2026-07-01 01:19:12.021000+00:00,0.914,2026-07-01 01:19:12.935000+00:00,app_switch,Notepad,*Untitled - Notepad,
5,TP,ses_20260701-005920-yuvraj,2026-07-01 01:19:12.021000+00:00,0.928,2026-07-01 01:19:12.949000+00:00,screenshot_smart,Notepad,*Untitled - Notepad,
5,TP,ses_20260701-005920-yuvraj,2026-07-01 01:19:12.021000+00:00,1.623,2026-07-01 01:19:13.644000+00:00,app_switch,Notepad,*Untitled - Notepad,
5,TP,ses_20260701-005920-yuvraj,2026-07-01 01:19:12.021000+00:00,1.677,2026-07-01 01:19:13.698000+00:00,screenshot_smart,Notepad,*Untitled - Notepad,
5,TP,ses_20260701-005920-yuvraj,2026-07-01 01:19:12.021000+00:00,1.925,2026-07-01 01:19:13.946000+00:00,app_switch,Notepad,*Untitled - Notepad,
5,TP,ses_20260701-005920-yuvraj,2026-07-01 01:19:12.021000+00:00,2.483,2026-07-01 01:19:14.504000+00:00,app_switch,Notepad,*Untitled - Notepad,
5,TP,ses_20260701-005920-yuvraj,2026-07-01 01:19:12.021000+00:00,2.528,2026-07-01 01:19:14.549000+00:00,screenshot_smart,Notepad,*Untitled - Notepad,
5,TP,ses_20260701-005920-yuvraj,2026-07-01 01:19:12.021000+00:00,3.791,2026-07-01 01:19:15.812000+00:00,app_switch,Notepad,*Untitled - Notepad,
5,TP,ses_20260701-005920-yuvraj,2026-07-01 01:19:12.021000+00:00,3.878,2026-07-01 01:19:15.899000+00:00,screenshot_smart,Notepad,*Untitled - Notepad,
5,TP,ses_20260701-005920-yuvraj,2026-07-01 01:19:12.021000+00:00,4.351,2026-07-01 01:19:16.372000+00:00,app_switch,Notepad,*Untitled - Notepad,
5,TP,ses_20260701-005920-yuvraj,2026-07-01 01:19:12.021000+00:00,4.399,2026-07-01 01:19:16.420000+00:00,app_switch,Notepad,*Untitled - Notepad,
5,TP,ses_20260701-005920-yuvraj,2026-07-01 01:19:12.021000+00:00,4.417,2026-07-01 01:19:16.438000+00:00,screenshot_smart,Notepad,*Untitled - Notepad,
5,TP,ses_20260701-005920-yuvraj,2026-07-01 01:19:12.021000+00:00,4.459,2026-07-01 01:19:16.480000+00:00,app_switch,Notepad,*Untitled - Notepad,
5,TP,ses_20260701-005920-yuvraj,2026-07-01 01:19:12.021000+00:00,4.52,2026-07-01 01:19:16.541000+00:00,app_switch,Notepad,*Untitled - Notepad,
5,TP,ses_20260701-005920-yuvraj,2026-07-01 01:19:12.021000+00:00,4.567,2026-07-01 01:19:16.588000+00:00,app_switch,Notepad,*Untitled - Notepad,
5,TP,ses_20260701-005920-yuvraj,2026-07-01 01:19:12.021000+00:00,4.624,2026-07-01 01:19:16.645000+00:00,app_switch,Notepad,*Untitled - Notepad,
5,TP,ses_20260701-005920-yuvraj,2026-07-01 01:19:12.021000+00:00,4.68,2026-07-01 01:19:16.701000+00:00,app_switch,Notepad,*Untitled - Notepad,
5,TP,ses_20260701-005920-yuvraj,2026-07-01 01:19:12.021000+00:00,4.736,2026-07-01 01:19:16.757000+00:00,app_switch,Notepad,*Untitled - Notepad,
5,TP,ses_20260701-005920-yuvraj,2026-07-01 01:19:12.021000+00:00,4.787,2026-07-01 01:19:16.808000+00:00,app_switch,Notepad,*Untitled - Notepad,
5,TP,ses_20260701-005920-yuvraj,2026-07-01 01:19:12.021000+00:00,4.839,2026-07-01 01:19:16.860000+00:00,app_switch,Notepad,*Untitled - Notepad,
5,TP,ses_20260701-005920-yuvraj,2026-07-01 01:19:12.021000+00:00,4.891,2026-07-01 01:19:16.912000+00:00,app_switch,Notepad,*Untitled - Notepad,
5,TP,ses_20260701-005920-yuvraj,2026-07-01 01:19:12.021000+00:00,4.952,2026-07-01 01:19:16.973000+00:00,app_switch,Notepad,*Untitled - Notepad,
5,TP,ses_20260701-005920-yuvraj,2026-07-01 01:19:12.021000+00:00,4.953,2026-07-01 01:19:16.974000+00:00,screenshot_smart,Notepad,*Untitled - Notepad,
6,TP,ses_20260701-063106-LAPTOP-R36BQBTE,2026-07-01 06:35:18.557000+00:00,0.127,2026-07-01 06:35:18.684000+00:00,app_switch,Google Chrome,財務会計システム - Google Chrome,
6,TP,ses_20260701-063106-LAPTOP-R36BQBTE,2026-07-01 06:35:18.557000+00:00,0.177,2026-07-01 06:35:18.734000+00:00,screenshot_smart,Google Chrome,財務会計システム - Google Chrome,
6,TP,ses_20260701-063106-LAPTOP-R36BQBTE,2026-07-01 06:35:18.557000+00:00,0.179,2026-07-01 06:35:18.736000+00:00,app_switch,Google Chrome,財務会計システム - Google Chrome,
6,TP,ses_20260701-063106-LAPTOP-R36BQBTE,2026-07-01 06:35:18.557000+00:00,0.205,2026-07-01 06:35:18.762000+00:00,app_switch,Google Chrome,財務会計システム - Google Chrome,
6,TP,ses_20260701-063106-LAPTOP-R36BQBTE,2026-07-01 06:35:18.557000+00:00,0.232,2026-07-01 06:35:18.789000+00:00,app_switch,Google Chrome,財務会計システム - Google Chrome,
6,TP,ses_20260701-063106-LAPTOP-R36BQBTE,2026-07-01 06:35:18.557000+00:00,0.276,2026-07-01 06:35:18.833000+00:00,app_switch,Google Chrome,財務会計システム - Google Chrome,
6,TP,ses_20260701-063106-LAPTOP-R36BQBTE,2026-07-01 06:35:18.557000+00:00,0.295,2026-07-01 06:35:18.852000+00:00,app_switch,Google Chrome,財務会計システム - Google Chrome,
6,TP,ses_20260701-063106-LAPTOP-R36BQBTE,2026-07-01 06:35:18.557000+00:00,0.312,2026-07-01 06:35:18.869000+00:00,app_switch,Google Chrome,財務会計システム - Google Chrome,
6,TP,ses_20260701-063106-LAPTOP-R36BQBTE,2026-07-01 06:35:18.557000+00:00,0.33,2026-07-01 06:35:18.887000+00:00,app_switch,Google Chrome,財務会計システム - Google Chrome,
6,TP,ses_20260701-063106-LAPTOP-R36BQBTE,2026-07-01 06:35:18.557000+00:00,0.346,2026-07-01 06:35:18.903000+00:00,app_switch,Google Chrome,財務会計システム - Google Chrome,
6,TP,ses_20260701-063106-LAPTOP-R36BQBTE,2026-07-01 06:35:18.557000+00:00,0.364,2026-07-01 06:35:18.921000+00:00,app_switch,Google Chrome,財務会計システム - Google Chrome,
6,TP,ses_20260701-063106-LAPTOP-R36BQBTE,2026-07-01 06:35:18.557000+00:00,0.379,2026-07-01 06:35:18.936000+00:00,app_switch,Google Chrome,財務会計システム - Google Chrome,
6,TP,ses_20260701-063106-LAPTOP-R36BQBTE,2026-07-01 06:35:18.557000+00:00,0.393,2026-07-01 06:35:18.950000+00:00,app_switch,Google Chrome,財務会計システム - Google Chrome,
6,TP,ses_20260701-063106-LAPTOP-R36BQBTE,2026-07-01 06:35:18.557000+00:00,0.419,2026-07-01 06:35:18.976000+00:00,app_switch,Google Chrome,財務会計システム - Google Chrome,
6,TP,ses_20260701-063106-LAPTOP-R36BQBTE,2026-07-01 06:35:18.557000+00:00,0.435,2026-07-01 06:35:18.992000+00:00,app_switch,Google Chrome,財務会計システム - Google Chrome,
6,TP,ses_20260701-063106-LAPTOP-R36BQBTE,2026-07-01 06:35:18.557000+00:00,0.449,2026-07-01 06:35:19.006000+00:00,app_switch,Google Chrome,財務会計システム - Google Chrome,
6,TP,ses_20260701-063106-LAPTOP-R36BQBTE,2026-07-01 06:35:18.557000+00:00,0.463,2026-07-01 06:35:19.020000+00:00,app_switch,Google Chrome,財務会計システム - Google Chrome,
6,TP,ses_20260701-063106-LAPTOP-R36BQBTE,2026-07-01 06:35:18.557000+00:00,0.478,2026-07-01 06:35:19.035000+00:00,app_switch,Google Chrome,財務会計システム - Google Chrome,
6,TP,ses_20260701-063106-LAPTOP-R36BQBTE,2026-07-01 06:35:18.557000+00:00,0.491,2026-07-01 06:35:19.048000+00:00,app_switch,Google Chrome,財務会計システム - Google Chrome,
6,TP,ses_20260701-063106-LAPTOP-R36BQBTE,2026-07-01 06:35:18.557000+00:00,0.503,2026-07-01 06:35:19.060000+00:00,app_switch,Google Chrome,財務会計システム - Google Chrome,
6,TP,ses_20260701-063106-LAPTOP-R36BQBTE,2026-07-01 06:35:18.557000+00:00,0.516,2026-07-01 06:35:19.073000+00:00,app_switch,Google Chrome,財務会計システム - Google Chrome,
6,TP,ses_20260701-063106-LAPTOP-R36BQBTE,2026-07-01 06:35:18.557000+00:00,0.54,2026-07-01 06:35:19.097000+00:00,app_switch,Google Chrome,財務会計システム - Google Chrome,
6,TP,ses_20260701-063106-LAPTOP-R36BQBTE,2026-07-01 06:35:18.557000+00:00,0.551,2026-07-01 06:35:19.108000+00:00,app_switch,Google Chrome,財務会計システム - Google Chrome,
6,TP,ses_20260701-063106-LAPTOP-R36BQBTE,2026-07-01 06:35:18.557000+00:00,0.563,2026-07-01 06:35:19.120000+00:00,app_switch,Google Chrome,財務会計システム - Google Chrome,
6,TP,ses_20260701-063106-LAPTOP-R36BQBTE,2026-07-01 06:35:18.557000+00:00,0.581,2026-07-01 06:35:19.138000+00:00,app_switch,Google Chrome,財務会計システム - Google Chrome,
6,TP,ses_20260701-063106-LAPTOP-R36BQBTE,2026-07-01 06:35:18.557000+00:00,0.593,2026-07-01 06:35:19.150000+00:00,app_switch,Google Chrome,財務会計システム - Google Chrome,
6,TP,ses_20260701-063106-LAPTOP-R36BQBTE,2026-07-01 06:35:18.557000+00:00,0.607,2026-07-01 06:35:19.164000+00:00,app_switch,Google Chrome,財務会計システム - Google Chrome,
6,TP,ses_20260701-063106-LAPTOP-R36BQBTE,2026-07-01 06:35:18.557000+00:00,0.773,2026-07-01 06:35:19.330000+00:00,mouse_click,Google Chrome,HR人事給与システム - Google Chrome,
6,TP,ses_20260701-063106-LAPTOP-R36BQBTE,2026-07-01 06:35:18.557000+00:00,2.746,2026-07-01 06:35:21.303000+00:00,app_switch,Google Chrome,HR人事給与システム - Google Chrome,
6,TP,ses_20260701-063106-LAPTOP-R36BQBTE,2026-07-01 06:35:18.557000+00:00,2.841,2026-07-01 06:35:21.398000+00:00,screenshot_smart,Google Chrome,HR人事給与システム - Google Chrome,
6,TP,ses_20260701-063106-LAPTOP-R36BQBTE,2026-07-01 06:35:18.557000+00:00,3.365,2026-07-01 06:35:21.922000+00:00,shortcut,Google Chrome,HR人事給与システム - Google Chrome,
6,TP,ses_20260701-063106-LAPTOP-R36BQBTE,2026-07-01 06:35:18.557000+00:00,3.365,2026-07-01 06:35:21.922000+00:00,keystroke,Google Chrome,HR人事給与システム - Google Chrome,
6,TP,ses_20260701-063106-LAPTOP-R36BQBTE,2026-07-01 06:35:18.557000+00:00,3.367,2026-07-01 06:35:21.924000+00:00,keystroke,Google Chrome,HR人事給与システム - Google Chrome,
6,TP,ses_20260701-063106-LAPTOP-R36BQBTE,2026-07-01 06:35:18.557000+00:00,3.48,2026-07-01 06:35:22.037000+00:00,screenshot_smart,Google Chrome,HR人事給与システム - Google Chrome,
6,TP,ses_20260701-063106-LAPTOP-R36BQBTE,2026-07-01 06:35:18.557000+00:00,3.933,2026-07-01 06:35:22.490000+00:00,shortcut,Google Chrome,HR人事給与システム - Google Chrome,
6,TP,ses_20260701-063106-LAPTOP-R36BQBTE,2026-07-01 06:35:18.557000+00:00,3.933,2026-07-01 06:35:22.490000+00:00,keystroke,Google Chrome,HR人事給与システム - Google Chrome,
6,TP,ses_20260701-063106-LAPTOP-R36BQBTE,2026-07-01 06:35:18.557000+00:00,3.935,2026-07-01 06:35:22.492000+00:00,keystroke,Google Chrome,HR人事給与システム - Google Chrome,
6,TP,ses_20260701-063106-LAPTOP-R36BQBTE,2026-07-01 06:35:18.557000+00:00,3.979,2026-07-01 06:35:22.536000+00:00,shortcut,Google Chrome,HR人事給与システム - Google Chrome,
6,TP,ses_20260701-063106-LAPTOP-R36BQBTE,2026-07-01 06:35:18.557000+00:00,3.979,2026-07-01 06:35:22.536000+00:00,keystroke,Google Chrome,HR人事給与システム - Google Chrome,
6,TP,ses_20260701-063106-LAPTOP-R36BQBTE,2026-07-01 06:35:18.557000+00:00,3.981,2026-07-01 06:35:22.538000+00:00,keystroke,Google Chrome,HR人事給与システム - Google Chrome,
6,TP,ses_20260701-063106-LAPTOP-R36BQBTE,2026-07-01 06:35:18.557000+00:00,4.054,2026-07-01 06:35:22.611000+00:00,screenshot_smart,Google Chrome,HR人事給与システム - Google Chrome,
6,TP,ses_20260701-063106-LAPTOP-R36BQBTE,2026-07-01 06:35:18.557000+00:00,4.567,2026-07-01 06:35:23.124000+00:00,keystroke,Google Chrome,HR人事給与システム - Google Chrome,
6,TP,ses_20260701-063106-LAPTOP-R36BQBTE,2026-07-01 06:35:18.557000+00:00,4.569,2026-07-01 06:35:23.126000+00:00,keystroke,Google Chrome,HR人事給与システム - Google Chrome,
6,TP,ses_20260701-063106-LAPTOP-R36BQBTE,2026-07-01 06:35:18.557000+00:00,4.588,2026-07-01 06:35:23.145000+00:00,screenshot_smart,Google Chrome,HR人事給与システム - Google Chrome,
7,TP,ses_20260701-083656-LAPTOP-0IM1OHQH,2026-07-01 08:49:08.616000+00:00,-4.509,2026-07-01 08:49:04.107000+00:00,app_switch,Google Chrome,財務会計システム - Google Chrome,
7,TP,ses_20260701-083656-LAPTOP-0IM1OHQH,2026-07-01 08:49:08.616000+00:00,-4.428,2026-07-01 08:49:04.188000+00:00,screenshot_smart,Google Chrome,財務会計システム - Google Chrome,
7,TP,ses_20260701-083656-LAPTOP-0IM1OHQH,2026-07-01 08:49:08.616000+00:00,-3.363,2026-07-01 08:49:05.253000+00:00,app_switch,Google Chrome,財務会計システム - Google Chrome,
7,TP,ses_20260701-083656-LAPTOP-0IM1OHQH,2026-07-01 08:49:08.616000+00:00,-3.262,2026-07-01 08:49:05.354000+00:00,app_switch,Google Chrome,財務会計システム - Google Chrome,
7,TP,ses_20260701-083656-LAPTOP-0IM1OHQH,2026-07-01 08:49:08.616000+00:00,-3.191,2026-07-01 08:49:05.425000+00:00,screenshot_smart,Google Chrome,財務会計システム - Google Chrome,
7,TP,ses_20260701-083656-LAPTOP-0IM1OHQH,2026-07-01 08:49:08.616000+00:00,-3.1189999999999998,2026-07-01 08:49:05.497000+00:00,app_switch,Google Chrome,財務会計システム - Google Chrome,
7,TP,ses_20260701-083656-LAPTOP-0IM1OHQH,2026-07-01 08:49:08.616000+00:00,-2.976,2026-07-01 08:49:05.640000+00:00,app_switch,Google Chrome,財務会計システム - Google Chrome,
7,TP,ses_20260701-083656-LAPTOP-0IM1OHQH,2026-07-01 08:49:08.616000+00:00,-2.907,2026-07-01 08:49:05.709000+00:00,app_switch,Google Chrome,財務会計システム - Google Chrome,
7,TP,ses_20260701-083656-LAPTOP-0IM1OHQH,2026-07-01 08:49:08.616000+00:00,-2.841,2026-07-01 08:49:05.775000+00:00,app_switch,Google Chrome,財務会計システム - Google Chrome,
7,TP,ses_20260701-083656-LAPTOP-0IM1OHQH,2026-07-01 08:49:08.616000+00:00,-2.788,2026-07-01 08:49:05.828000+00:00,screenshot_smart,Google Chrome,財務会計システム - Google Chrome,
7,TP,ses_20260701-083656-LAPTOP-0IM1OHQH,2026-07-01 08:49:08.616000+00:00,-2.775,2026-07-01 08:49:05.841000+00:00,app_switch,Google Chrome,財務会計システム - Google Chrome,
7,TP,ses_20260701-083656-LAPTOP-0IM1OHQH,2026-07-01 08:49:08.616000+00:00,-2.632,2026-07-01 08:49:05.984000+00:00,app_switch,Google Chrome,財務会計システム - Google Chrome,
7,TP,ses_20260701-083656-LAPTOP-0IM1OHQH,2026-07-01 08:49:08.616000+00:00,-2.569,2026-07-01 08:49:06.047000+00:00,app_switch,Google Chrome,財務会計システム - Google Chrome,
7,TP,ses_20260701-083656-LAPTOP-0IM1OHQH,2026-07-01 08:49:08.616000+00:00,-2.142,2026-07-01 08:49:06.474000+00:00,browser_navigation,Google Chrome,財務会計システム - Google Chrome,
7,TP,ses_20260701-083656-LAPTOP-0IM1OHQH,2026-07-01 08:49:08.616000+00:00,-2.034,2026-07-01 08:49:06.582000+00:00,screenshot_smart,Google Chrome,財務会計システム - Google Chrome,
7,TP,ses_20260701-083656-LAPTOP-0IM1OHQH,2026-07-01 08:49:08.616000+00:00,-0.07199999999999995,2026-07-01 08:49:08.544000+00:00,app_switch,Google Chrome,財務会計システム - Google Chrome,
7,TP,ses_20260701-083656-LAPTOP-0IM1OHQH,2026-07-01 08:49:08.616000+00:00,0.008,2026-07-01 08:49:08.624000+00:00,screenshot_smart,Google Chrome,財務会計システム - Google Chrome,
7,TP,ses_20260701-083656-LAPTOP-0IM1OHQH,2026-07-01 08:49:08.616000+00:00,0.033,2026-07-01 08:49:08.649000+00:00,app_switch,Google Chrome,財務会計システム - Google Chrome,
7,TP,ses_20260701-083656-LAPTOP-0IM1OHQH,2026-07-01 08:49:08.616000+00:00,0.131,2026-07-01 08:49:08.747000+00:00,app_switch,Google Chrome,財務会計システム - Google Chrome,
7,TP,ses_20260701-083656-LAPTOP-0IM1OHQH,2026-07-01 08:49:08.616000+00:00,0.442,2026-07-01 08:49:09.058000+00:00,app_switch,Google Chrome,財務会計システム - Google Chrome,
7,TP,ses_20260701-083656-LAPTOP-0IM1OHQH,2026-07-01 08:49:08.616000+00:00,0.515,2026-07-01 08:49:09.131000+00:00,app_switch,Google Chrome,財務会計システム - Google Chrome,
7,TP,ses_20260701-083656-LAPTOP-0IM1OHQH,2026-07-01 08:49:08.616000+00:00,0.523,2026-07-01 08:49:09.139000+00:00,screenshot_smart,Google Chrome,財務会計システム - Google Chrome,
7,TP,ses_20260701-083656-LAPTOP-0IM1OHQH,2026-07-01 08:49:08.616000+00:00,0.581,2026-07-01 08:49:09.197000+00:00,app_switch,Google Chrome,財務会計システム - Google Chrome,
7,TP,ses_20260701-083656-LAPTOP-0IM1OHQH,2026-07-01 08:49:08.616000+00:00,1.567,2026-07-01 08:49:10.183000+00:00,app_switch,Google Chrome,財務会計システム - Google Chrome,
7,TP,ses_20260701-083656-LAPTOP-0IM1OHQH,2026-07-01 08:49:08.616000+00:00,1.615,2026-07-01 08:49:10.231000+00:00,screenshot_smart,Google Chrome,財務会計システム - Google Chrome,
7,TP,ses_20260701-083656-LAPTOP-0IM1OHQH,2026-07-01 08:49:08.616000+00:00,1.7570000000000001,2026-07-01 08:49:10.373000+00:00,mouse_click,Google Chrome,受発注在庫管理システム - Google Chrome,
7,TP,ses_20260701-083656-LAPTOP-0IM1OHQH,2026-07-01 08:49:08.616000+00:00,1.8479999999999999,2026-07-01 08:49:10.464000+00:00,browser_click,Google Chrome,受発注在庫管理システム - Google Chrome,
7,TP,ses_20260701-083656-LAPTOP-0IM1OHQH,2026-07-01 08:49:08.616000+00:00,3.901,2026-07-01 08:49:12.517000+00:00,app_switch,Google Chrome,受発注在庫管理システム - Google Chrome,
7,TP,ses_20260701-083656-LAPTOP-0IM1OHQH,2026-07-01 08:49:08.616000+00:00,3.933,2026-07-01 08:49:12.549000+00:00,screenshot_smart,Google Chrome,受発注在庫管理システム - Google Chrome,
7,TP,ses_20260701-083656-LAPTOP-0IM1OHQH,2026-07-01 08:49:08.616000+00:00,4.475,2026-07-01 08:49:13.091000+00:00,shortcut,Google Chrome,受発注在庫管理システム - Google Chrome,
7,TP,ses_20260701-083656-LAPTOP-0IM1OHQH,2026-07-01 08:49:08.616000+00:00,4.475,2026-07-01 08:49:13.091000+00:00,keystroke,Google Chrome,受発注在庫管理システム - Google Chrome,
7,TP,ses_20260701-083656-LAPTOP-0IM1OHQH,2026-07-01 08:49:08.616000+00:00,4.477,2026-07-01 08:49:13.093000+00:00,keystroke,Google Chrome,受発注在庫管理システム - Google Chrome,
7,TP,ses_20260701-083656-LAPTOP-0IM1OHQH,2026-07-01 08:49:08.616000+00:00,4.5649999999999995,2026-07-01 08:49:13.181000+00:00,screenshot_smart,Google Chrome,受発注在庫管理システム - Google Chrome,
8,TP,ses_20260701-110548-LAPTOP-0IM1OHQH,2026-07-01 11:09:26.720000+00:00,-4.483,2026-07-01 11:09:22.237000+00:00,app_switch,Google Chrome,財務会計システム - Google Chrome,
8,TP,ses_20260701-110548-LAPTOP-0IM1OHQH,2026-07-01 11:09:26.720000+00:00,-4.392,2026-07-01 11:09:22.328000+00:00,screenshot_smart,Google Chrome,財務会計システム - Google Chrome,
8,TP,ses_20260701-110548-LAPTOP-0IM1OHQH,2026-07-01 11:09:26.720000+00:00,-3.917,2026-07-01 11:09:22.803000+00:00,app_switch,Google Chrome,財務会計システム - Google Chrome,
8,TP,ses_20260701-110548-LAPTOP-0IM1OHQH,2026-07-01 11:09:26.720000+00:00,-3.866,2026-07-01 11:09:22.854000+00:00,app_switch,Google Chrome,財務会計システム - Google Chrome,
8,TP,ses_20260701-110548-LAPTOP-0IM1OHQH,2026-07-01 11:09:26.720000+00:00,-3.85,2026-07-01 11:09:22.870000+00:00,screenshot_smart,Google Chrome,財務会計システム - Google Chrome,
8,TP,ses_20260701-110548-LAPTOP-0IM1OHQH,2026-07-01 11:09:26.720000+00:00,-3.81,2026-07-01 11:09:22.910000+00:00,app_switch,Google Chrome,財務会計システム - Google Chrome,
8,TP,ses_20260701-110548-LAPTOP-0IM1OHQH,2026-07-01 11:09:26.720000+00:00,-3.75,2026-07-01 11:09:22.970000+00:00,app_switch,Google Chrome,財務会計システム - Google Chrome,
8,TP,ses_20260701-110548-LAPTOP-0IM1OHQH,2026-07-01 11:09:26.720000+00:00,-3.157,2026-07-01 11:09:23.563000+00:00,app_switch,Google Chrome,財務会計システム - Google Chrome,
8,TP,ses_20260701-110548-LAPTOP-0IM1OHQH,2026-07-01 11:09:26.720000+00:00,-3.101,2026-07-01 11:09:23.619000+00:00,screenshot_smart,Google Chrome,財務会計システム - Google Chrome,
8,TP,ses_20260701-110548-LAPTOP-0IM1OHQH,2026-07-01 11:09:26.720000+00:00,-3.1,2026-07-01 11:09:23.620000+00:00,app_switch,Google Chrome,財務会計システム - Google Chrome,
8,TP,ses_20260701-110548-LAPTOP-0IM1OHQH,2026-07-01 11:09:26.720000+00:00,-2.8689999999999998,2026-07-01 11:09:23.851000+00:00,app_switch,Google Chrome,財務会計システム - Google Chrome,
8,TP,ses_20260701-110548-LAPTOP-0IM1OHQH,2026-07-01 11:09:26.720000+00:00,-2.813,2026-07-01 11:09:23.907000+00:00,app_switch,Google Chrome,財務会計システム - Google Chrome,
8,TP,ses_20260701-110548-LAPTOP-0IM1OHQH,2026-07-01 11:09:26.720000+00:00,-2.753,2026-07-01 11:09:23.967000+00:00,app_switch,Google Chrome,財務会計システム - Google Chrome,
8,TP,ses_20260701-110548-LAPTOP-0IM1OHQH,2026-07-01 11:09:26.720000+00:00,-0.124,2026-07-01 11:09:26.596000+00:00,app_switch,Google Chrome,財務会計システム - Google Chrome,
8,TP,ses_20260701-110548-LAPTOP-0IM1OHQH,2026-07-01 11:09:26.720000+00:00,-0.04300000000000004,2026-07-01 11:09:26.677000+00:00,screenshot_smart,Google Chrome,財務会計システム - Google Chrome,
8,TP,ses_20260701-110548-LAPTOP-0IM1OHQH,2026-07-01 11:09:26.720000+00:00,0.207,2026-07-01 11:09:26.927000+00:00,app_switch,Google Chrome,財務会計システム - Google Chrome,
8,TP,ses_20260701-110548-LAPTOP-0IM1OHQH,2026-07-01 11:09:26.720000+00:00,0.567,2026-07-01 11:09:27.287000+00:00,app_switch,Google Chrome,財務会計システム - Google Chrome,
8,TP,ses_20260701-110548-LAPTOP-0IM1OHQH,2026-07-01 11:09:26.720000+00:00,0.638,2026-07-01 11:09:27.358000+00:00,app_switch,Google Chrome,財務会計システム - Google Chrome,
8,TP,ses_20260701-110548-LAPTOP-0IM1OHQH,2026-07-01 11:09:26.720000+00:00,0.671,2026-07-01 11:09:27.391000+00:00,screenshot_smart,Google Chrome,財務会計システム - Google Chrome,
8,TP,ses_20260701-110548-LAPTOP-0IM1OHQH,2026-07-01 11:09:26.720000+00:00,0.887,2026-07-01 11:09:27.607000+00:00,app_switch,Google Chrome,財務会計システム - Google Chrome,
8,TP,ses_20260701-110548-LAPTOP-0IM1OHQH,2026-07-01 11:09:26.720000+00:00,0.937,2026-07-01 11:09:27.657000+00:00,app_switch,Google Chrome,財務会計システム - Google Chrome,
8,TP,ses_20260701-110548-LAPTOP-0IM1OHQH,2026-07-01 11:09:26.720000+00:00,0.987,2026-07-01 11:09:27.707000+00:00,app_switch,Google Chrome,財務会計システム - Google Chrome,
8,TP,ses_20260701-110548-LAPTOP-0IM1OHQH,2026-07-01 11:09:26.720000+00:00,1.324,2026-07-01 11:09:28.044000+00:00,mouse_click,Google Chrome,受発注在庫管理システム - Google Chrome,
8,TP,ses_20260701-110548-LAPTOP-0IM1OHQH,2026-07-01 11:09:26.720000+00:00,1.325,2026-07-01 11:09:28.045000+00:00,app_switch,Google Chrome,財務会計システム - Google Chrome,
8,TP,ses_20260701-110548-LAPTOP-0IM1OHQH,2026-07-01 11:09:26.720000+00:00,1.421,2026-07-01 11:09:28.141000+00:00,browser_click,Google Chrome,受発注在庫管理システム - Google Chrome,
8,TP,ses_20260701-110548-LAPTOP-0IM1OHQH,2026-07-01 11:09:26.720000+00:00,1.5430000000000001,2026-07-01 11:09:28.263000+00:00,screenshot_smart,Google Chrome,受発注在庫管理システム - Google Chrome,
8,TP,ses_20260701-110548-LAPTOP-0IM1OHQH,2026-07-01 11:09:26.720000+00:00,1.774,2026-07-01 11:09:28.494000+00:00,app_switch,Google Chrome,受発注在庫管理システム - Google Chrome,
8,TP,ses_20260701-110548-LAPTOP-0IM1OHQH,2026-07-01 11:09:26.720000+00:00,4.22,2026-07-01 11:09:30.940000+00:00,shortcut,Google Chrome,受発注在庫管理システム - Google Chrome,
8,TP,ses_20260701-110548-LAPTOP-0IM1OHQH,2026-07-01 11:09:26.720000+00:00,4.22,2026-07-01 11:09:30.940000+00:00,keystroke,Google Chrome,受発注在庫管理システム - Google Chrome,
8,TP,ses_20260701-110548-LAPTOP-0IM1OHQH,2026-07-01 11:09:26.720000+00:00,4.231,2026-07-01 11:09:30.951000+00:00,keystroke,Google Chrome,受発注在庫管理システム - Google Chrome,
8,TP,ses_20260701-110548-LAPTOP-0IM1OHQH,2026-07-01 11:09:26.720000+00:00,4.509,2026-07-01 11:09:31.229000+00:00,screenshot_smart,Google Chrome,受発注在庫管理システム - Google Chrome,
8,TP,ses_20260701-110548-LAPTOP-0IM1OHQH,2026-07-01 11:09:26.720000+00:00,4.883,2026-07-01 11:09:31.603000+00:00,clipboard_change,Google Chrome,受発注在庫管理システム - Google Chrome,
8,TP,ses_20260701-110548-LAPTOP-0IM1OHQH,2026-07-01 11:09:26.720000+00:00,4.9719999999999995,2026-07-01 11:09:31.692000+00:00,shortcut,Google Chrome,受発注在庫管理システム - Google Chrome,
8,TP,ses_20260701-110548-LAPTOP-0IM1OHQH,2026-07-01 11:09:26.720000+00:00,4.9719999999999995,2026-07-01 11:09:31.692000+00:00,keystroke,Google Chrome,受発注在庫管理システム - Google Chrome,
8,TP,ses_20260701-110548-LAPTOP-0IM1OHQH,2026-07-01 11:09:26.720000+00:00,4.974,2026-07-01 11:09:31.694000+00:00,keystroke,Google Chrome,受発注在庫管理システム - Google Chrome,
9,TP,ses_20260701-120828-LAPTOP-0IM1OHQH,2026-07-01 12:16:06.693000+00:00,-4.234,2026-07-01 12:16:02.459000+00:00,app_switch,Google Chrome,財務会計システム - Google Chrome,
9,TP,ses_20260701-120828-LAPTOP-0IM1OHQH,2026-07-01 12:16:06.693000+00:00,-3.906,2026-07-01 12:16:02.787000+00:00,screenshot_smart,Google Chrome,財務会計システム - Google Chrome,
9,TP,ses_20260701-120828-LAPTOP-0IM1OHQH,2026-07-01 12:16:06.693000+00:00,-3.089,2026-07-01 12:16:03.604000+00:00,app_switch,Google Chrome,財務会計システム - Google Chrome,
9,TP,ses_20260701-120828-LAPTOP-0IM1OHQH,2026-07-01 12:16:06.693000+00:00,-3.023,2026-07-01 12:16:03.670000+00:00,app_switch,Google Chrome,財務会計システム - Google Chrome,
9,TP,ses_20260701-120828-LAPTOP-0IM1OHQH,2026-07-01 12:16:06.693000+00:00,-2.973,2026-07-01 12:16:03.720000+00:00,screenshot_smart,Google Chrome,財務会計システム - Google Chrome,
9,TP,ses_20260701-120828-LAPTOP-0IM1OHQH,2026-07-01 12:16:06.693000+00:00,-2.955,2026-07-01 12:16:03.738000+00:00,app_switch,Google Chrome,財務会計システム - Google Chrome,
9,TP,ses_20260701-120828-LAPTOP-0IM1OHQH,2026-07-01 12:16:06.693000+00:00,-2.882,2026-07-01 12:16:03.811000+00:00,app_switch,Google Chrome,財務会計システム - Google Chrome,
9,TP,ses_20260701-120828-LAPTOP-0IM1OHQH,2026-07-01 12:16:06.693000+00:00,-2.775,2026-07-01 12:16:03.918000+00:00,app_switch,Google Chrome,財務会計システム - Google Chrome,
9,TP,ses_20260701-120828-LAPTOP-0IM1OHQH,2026-07-01 12:16:06.693000+00:00,-2.696,2026-07-01 12:16:03.997000+00:00,app_switch,Google Chrome,財務会計システム - Google Chrome,
9,TP,ses_20260701-120828-LAPTOP-0IM1OHQH,2026-07-01 12:16:06.693000+00:00,-2.62,2026-07-01 12:16:04.073000+00:00,app_switch,Google Chrome,財務会計システム - Google Chrome,
9,TP,ses_20260701-120828-LAPTOP-0IM1OHQH,2026-07-01 12:16:06.693000+00:00,-2.538,2026-07-01 12:16:04.155000+00:00,app_switch,Google Chrome,財務会計システム - Google Chrome,
9,TP,ses_20260701-120828-LAPTOP-0IM1OHQH,2026-07-01 12:16:06.693000+00:00,-2.406,2026-07-01 12:16:04.287000+00:00,screenshot_smart,Google Chrome,財務会計システム - Google Chrome,
9,TP,ses_20260701-120828-LAPTOP-0IM1OHQH,2026-07-01 12:16:06.693000+00:00,-2.234,2026-07-01 12:16:04.459000+00:00,browser_navigation,Google Chrome,財務会計システム - Google Chrome,
9,TP,ses_20260701-120828-LAPTOP-0IM1OHQH,2026-07-01 12:16:06.693000+00:00,0.366,2026-07-01 12:16:07.059000+00:00,app_switch,Google Chrome,財務会計システム - Google Chrome,
9,TP,ses_20260701-120828-LAPTOP-0IM1OHQH,2026-07-01 12:16:06.693000+00:00,0.515,2026-07-01 12:16:07.208000+00:00,screenshot_smart,Google Chrome,財務会計システム - Google Chrome,
9,TP,ses_20260701-120828-LAPTOP-0IM1OHQH,2026-07-01 12:16:06.693000+00:00,0.516,2026-07-01 12:16:07.209000+00:00,app_switch,Google Chrome,財務会計システム - Google Chrome,
9,TP,ses_20260701-120828-LAPTOP-0IM1OHQH,2026-07-01 12:16:06.693000+00:00,0.787,2026-07-01 12:16:07.480000+00:00,app_switch,Google Chrome,財務会計システム - Google Chrome,
9,TP,ses_20260701-120828-LAPTOP-0IM1OHQH,2026-07-01 12:16:06.693000+00:00,1.311,2026-07-01 12:16:08.004000+00:00,screenshot_smart,Google Chrome,財務会計システム - Google Chrome,
9,TP,ses_20260701-120828-LAPTOP-0IM1OHQH,2026-07-01 12:16:06.693000+00:00,1.396,2026-07-01 12:16:08.089000+00:00,app_switch,Google Chrome,財務会計システム - Google Chrome,
9,TP,ses_20260701-120828-LAPTOP-0IM1OHQH,2026-07-01 12:16:06.693000+00:00,1.404,2026-07-01 12:16:08.097000+00:00,app_switch,Google Chrome,財務会計システム - Google Chrome,
9,TP,ses_20260701-120828-LAPTOP-0IM1OHQH,2026-07-01 12:16:06.693000+00:00,1.411,2026-07-01 12:16:08.104000+00:00,app_switch,Google Chrome,財務会計システム - Google Chrome,
9,TP,ses_20260701-120828-LAPTOP-0IM1OHQH,2026-07-01 12:16:06.693000+00:00,1.42,2026-07-01 12:16:08.113000+00:00,app_switch,Google Chrome,財務会計システム - Google Chrome,
9,TP,ses_20260701-120828-LAPTOP-0IM1OHQH,2026-07-01 12:16:06.693000+00:00,1.427,2026-07-01 12:16:08.120000+00:00,app_switch,Google Chrome,財務会計システム - Google Chrome,
9,TP,ses_20260701-120828-LAPTOP-0IM1OHQH,2026-07-01 12:16:06.693000+00:00,1.5030000000000001,2026-07-01 12:16:08.196000+00:00,mouse_click,Google Chrome,HR人事給与システム - Google Chrome,
9,TP,ses_20260701-120828-LAPTOP-0IM1OHQH,2026-07-01 12:16:06.693000+00:00,1.5150000000000001,2026-07-01 12:16:08.208000+00:00,browser_click,Google Chrome,HR人事給与システム - Google Chrome,
9,TP,ses_20260701-120828-LAPTOP-0IM1OHQH,2026-07-01 12:16:06.693000+00:00,4.348,2026-07-01 12:16:11.041000+00:00,app_switch,Notepad,*Untitled - Notepad,
9,TP,ses_20260701-120828-LAPTOP-0IM1OHQH,2026-07-01 12:16:06.693000+00:00,4.479,2026-07-01 12:16:11.172000+00:00,screenshot_smart,Notepad,*Untitled - Notepad,
10,TP,ses_20260701-055037-Marcos,2026-07-01 05:59:15.051000+00:00,0.753,2026-07-01 05:59:15.804000+00:00,app_switch,Notepad,*Untitled - Notepad,
10,TP,ses_20260701-055037-Marcos,2026-07-01 05:59:15.051000+00:00,0.805,2026-07-01 05:59:15.856000+00:00,screenshot_smart,Notepad,*Untitled - Notepad,
10,TP,ses_20260701-055037-Marcos,2026-07-01 05:59:15.051000+00:00,1.45,2026-07-01 05:59:16.501000+00:00,app_switch,Notepad,*Untitled - Notepad,
10,TP,ses_20260701-055037-Marcos,2026-07-01 05:59:15.051000+00:00,1.5390000000000001,2026-07-01 05:59:16.590000+00:00,screenshot_smart,Notepad,*Untitled - Notepad,
10,TP,ses_20260701-055037-Marcos,2026-07-01 05:59:15.051000+00:00,1.756,2026-07-01 05:59:16.807000+00:00,app_switch,Notepad,*Untitled - Notepad,
10,TP,ses_20260701-055037-Marcos,2026-07-01 05:59:15.051000+00:00,2.313,2026-07-01 05:59:17.364000+00:00,app_switch,Notepad,*Untitled - Notepad,
10,TP,ses_20260701-055037-Marcos,2026-07-01 05:59:15.051000+00:00,2.379,2026-07-01 05:59:17.430000+00:00,screenshot_smart,Notepad,*Untitled - Notepad,
10,TP,ses_20260701-055037-Marcos,2026-07-01 05:59:15.051000+00:00,3.685,2026-07-01 05:59:18.736000+00:00,app_switch,Notepad,*Untitled - Notepad,
10,TP,ses_20260701-055037-Marcos,2026-07-01 05:59:15.051000+00:00,3.718,2026-07-01 05:59:18.769000+00:00,screenshot_smart,Notepad,*Untitled - Notepad,
10,TP,ses_20260701-055037-Marcos,2026-07-01 05:59:15.051000+00:00,4.248,2026-07-01 05:59:19.299000+00:00,app_switch,Notepad,*Untitled - Notepad,
10,TP,ses_20260701-055037-Marcos,2026-07-01 05:59:15.051000+00:00,4.26,2026-07-01 05:59:19.311000+00:00,screenshot_smart,Notepad,*Untitled - Notepad,
10,TP,ses_20260701-055037-Marcos,2026-07-01 05:59:15.051000+00:00,4.299,2026-07-01 05:59:19.350000+00:00,app_switch,Notepad,*Untitled - Notepad,
10,TP,ses_20260701-055037-Marcos,2026-07-01 05:59:15.051000+00:00,4.367,2026-07-01 05:59:19.418000+00:00,app_switch,Notepad,*Untitled - Notepad,
10,TP,ses_20260701-055037-Marcos,2026-07-01 05:59:15.051000+00:00,4.413,2026-07-01 05:59:19.464000+00:00,app_switch,Notepad,*Untitled - Notepad,
10,TP,ses_20260701-055037-Marcos,2026-07-01 05:59:15.051000+00:00,4.466,2026-07-01 05:59:19.517000+00:00,app_switch,Notepad,*Untitled - Notepad,
10,TP,ses_20260701-055037-Marcos,2026-07-01 05:59:15.051000+00:00,4.54,2026-07-01 05:59:19.591000+00:00,app_switch,Notepad,*Untitled - Notepad,
10,TP,ses_20260701-055037-Marcos,2026-07-01 05:59:15.051000+00:00,4.584,2026-07-01 05:59:19.635000+00:00,app_switch,Notepad,*Untitled - Notepad,
10,TP,ses_20260701-055037-Marcos,2026-07-01 05:59:15.051000+00:00,4.636,2026-07-01 05:59:19.687000+00:00,app_switch,Notepad,*Untitled - Notepad,
10,TP,ses_20260701-055037-Marcos,2026-07-01 05:59:15.051000+00:00,4.693,2026-07-01 05:59:19.744000+00:00,app_switch,Notepad,*Untitled - Notepad,
10,TP,ses_20260701-055037-Marcos,2026-07-01 05:59:15.051000+00:00,4.746,2026-07-01 05:59:19.797000+00:00,app_switch,Notepad,*Untitled - Notepad,
10,TP,ses_20260701-055037-Marcos,2026-07-01 05:59:15.051000+00:00,4.803,2026-07-01 05:59:19.854000+00:00,app_switch,Notepad,*Untitled - Notepad,
10,TP,ses_20260701-055037-Marcos,2026-07-01 05:59:15.051000+00:00,4.857,2026-07-01 05:59:19.908000+00:00,app_switch,Notepad,*Untitled - Notepad,
10,TP,ses_20260701-055037-Marcos,2026-07-01 05:59:15.051000+00:00,4.895,2026-07-01 05:59:19.946000+00:00,screenshot_smart,Notepad,*Untitled - Notepad,
11,FP,ses_20260701-070320-JAYESH,2026-07-01 07:28:06.759000+00:00,-3.66,2026-07-01 07:28:03.099000+00:00,browser_navigation,Google Chrome,受発注在庫管理システム - Google Chrome,
11,FP,ses_20260701-070320-JAYESH,2026-07-01 07:28:06.759000+00:00,-3.66,2026-07-01 07:28:03.099000+00:00,browser_navigation,Google Chrome,受発注在庫管理システム - Google Chrome,
11,FP,ses_20260701-070320-JAYESH,2026-07-01 07:28:06.759000+00:00,-3.581,2026-07-01 07:28:03.178000+00:00,screenshot_smart,Google Chrome,受発注在庫管理システム - Google Chrome,
11,FP,ses_20260701-070320-JAYESH,2026-07-01 07:28:06.759000+00:00,-0.779,2026-07-01 07:28:05.980000+00:00,mouse_click,Google Chrome,財務会計システム - Google Chrome,
11,FP,ses_20260701-070320-JAYESH,2026-07-01 07:28:06.759000+00:00,-0.769,2026-07-01 07:28:05.990000+00:00,browser_click,Google Chrome,財務会計システム - Google Chrome,
11,FP,ses_20260701-070320-JAYESH,2026-07-01 07:28:06.759000+00:00,-0.6930000000000001,2026-07-01 07:28:06.066000+00:00,screenshot_smart,Google Chrome,財務会計システム - Google Chrome,
11,FP,ses_20260701-070320-JAYESH,2026-07-01 07:28:06.759000+00:00,0.82,2026-07-01 07:28:07.579000+00:00,app_switch,Google Chrome,財務会計システム - Google Chrome,
11,FP,ses_20260701-070320-JAYESH,2026-07-01 07:28:06.759000+00:00,0.832,2026-07-01 07:28:07.591000+00:00,app_switch,Google Chrome,財務会計システム - Google Chrome,
11,FP,ses_20260701-070320-JAYESH,2026-07-01 07:28:06.759000+00:00,0.847,2026-07-01 07:28:07.606000+00:00,app_switch,Google Chrome,財務会計システム - Google Chrome,
11,FP,ses_20260701-070320-JAYESH,2026-07-01 07:28:06.759000+00:00,0.864,2026-07-01 07:28:07.623000+00:00,app_switch,Google Chrome,財務会計システム - Google Chrome,
11,FP,ses_20260701-070320-JAYESH,2026-07-01 07:28:06.759000+00:00,0.88,2026-07-01 07:28:07.639000+00:00,app_switch,Google Chrome,財務会計システム - Google Chrome,
11,FP,ses_20260701-070320-JAYESH,2026-07-01 07:28:06.759000+00:00,0.887,2026-07-01 07:28:07.646000+00:00,screenshot_smart,Google Chrome,財務会計システム - Google Chrome,
11,FP,ses_20260701-070320-JAYESH,2026-07-01 07:28:06.759000+00:00,0.896,2026-07-01 07:28:07.655000+00:00,app_switch,Google Chrome,財務会計システム - Google Chrome,
11,FP,ses_20260701-070320-JAYESH,2026-07-01 07:28:06.759000+00:00,0.916,2026-07-01 07:28:07.675000+00:00,app_switch,Google Chrome,財務会計システム - Google Chrome,
11,FP,ses_20260701-070320-JAYESH,2026-07-01 07:28:06.759000+00:00,0.942,2026-07-01 07:28:07.701000+00:00,app_switch,Google Chrome,財務会計システム - Google Chrome,
11,FP,ses_20260701-070320-JAYESH,2026-07-01 07:28:06.759000+00:00,0.956,2026-07-01 07:28:07.715000+00:00,app_switch,Google Chrome,財務会計システム - Google Chrome,
11,FP,ses_20260701-070320-JAYESH,2026-07-01 07:28:06.759000+00:00,0.974,2026-07-01 07:28:07.733000+00:00,app_switch,Google Chrome,財務会計システム - Google Chrome,
11,FP,ses_20260701-070320-JAYESH,2026-07-01 07:28:06.759000+00:00,0.986,2026-07-01 07:28:07.745000+00:00,app_switch,Google Chrome,財務会計システム - Google Chrome,
11,FP,ses_20260701-070320-JAYESH,2026-07-01 07:28:06.759000+00:00,1.0,2026-07-01 07:28:07.759000+00:00,app_switch,Google Chrome,財務会計システム - Google Chrome,
11,FP,ses_20260701-070320-JAYESH,2026-07-01 07:28:06.759000+00:00,1.018,2026-07-01 07:28:07.777000+00:00,app_switch,Google Chrome,財務会計システム - Google Chrome,
11,FP,ses_20260701-070320-JAYESH,2026-07-01 07:28:06.759000+00:00,1.092,2026-07-01 07:28:07.851000+00:00,app_switch,Google Chrome,財務会計システム - Google Chrome,
11,FP,ses_20260701-070320-JAYESH,2026-07-01 07:28:06.759000+00:00,1.102,2026-07-01 07:28:07.861000+00:00,app_switch,Google Chrome,財務会計システム - Google Chrome,
11,FP,ses_20260701-070320-JAYESH,2026-07-01 07:28:06.759000+00:00,1.112,2026-07-01 07:28:07.871000+00:00,app_switch,Google Chrome,財務会計システム - Google Chrome,
11,FP,ses_20260701-070320-JAYESH,2026-07-01 07:28:06.759000+00:00,1.1219999999999999,2026-07-01 07:28:07.881000+00:00,app_switch,Google Chrome,財務会計システム - Google Chrome,
11,FP,ses_20260701-070320-JAYESH,2026-07-01 07:28:06.759000+00:00,1.1320000000000001,2026-07-01 07:28:07.891000+00:00,app_switch,Google Chrome,財務会計システム - Google Chrome,
11,FP,ses_20260701-070320-JAYESH,2026-07-01 07:28:06.759000+00:00,1.143,2026-07-01 07:28:07.902000+00:00,app_switch,Google Chrome,財務会計システム - Google Chrome,
11,FP,ses_20260701-070320-JAYESH,2026-07-01 07:28:06.759000+00:00,1.154,2026-07-01 07:28:07.913000+00:00,app_switch,Google Chrome,財務会計システム - Google Chrome,
11,FP,ses_20260701-070320-JAYESH,2026-07-01 07:28:06.759000+00:00,1.171,2026-07-01 07:28:07.930000+00:00,app_switch,Google Chrome,財務会計システム - Google Chrome,
11,FP,ses_20260701-070320-JAYESH,2026-07-01 07:28:06.759000+00:00,1.183,2026-07-01 07:28:07.942000+00:00,app_switch,Google Chrome,財務会計システム - Google Chrome,
11,FP,ses_20260701-070320-JAYESH,2026-07-01 07:28:06.759000+00:00,1.196,2026-07-01 07:28:07.955000+00:00,app_switch,Google Chrome,財務会計システム - Google Chrome,
11,FP,ses_20260701-070320-JAYESH,2026-07-01 07:28:06.759000+00:00,1.209,2026-07-01 07:28:07.968000+00:00,app_switch,Google Chrome,財務会計システム - Google Chrome,
11,FP,ses_20260701-070320-JAYESH,2026-07-01 07:28:06.759000+00:00,1.222,2026-07-01 07:28:07.981000+00:00,app_switch,Google Chrome,財務会計システム - Google Chrome,
11,FP,ses_20260701-070320-JAYESH,2026-07-01 07:28:06.759000+00:00,1.234,2026-07-01 07:28:07.993000+00:00,app_switch,Google Chrome,財務会計システム - Google Chrome,
11,FP,ses_20260701-070320-JAYESH,2026-07-01 07:28:06.759000+00:00,1.613,2026-07-01 07:28:08.372000+00:00,app_switch,Google Chrome,財務会計システム - Google Chrome,
11,FP,ses_20260701-070320-JAYESH,2026-07-01 07:28:06.759000+00:00,1.653,2026-07-01 07:28:08.412000+00:00,screenshot_smart,Google Chrome,財務会計システム - Google Chrome,
11,FP,ses_20260701-070320-JAYESH,2026-07-01 07:28:06.759000+00:00,2.426,2026-07-01 07:28:09.185000+00:00,shortcut,Google Chrome,財務会計システム - Google Chrome,
11,FP,ses_20260701-070320-JAYESH,2026-07-01 07:28:06.759000+00:00,2.426,2026-07-01 07:28:09.185000+00:00,keystroke,Google Chrome,財務会計システム - Google Chrome,
11,FP,ses_20260701-070320-JAYESH,2026-07-01 07:28:06.759000+00:00,2.428,2026-07-01 07:28:09.187000+00:00,keystroke,Google Chrome,財務会計システム - Google Chrome,
11,FP,ses_20260701-070320-JAYESH,2026-07-01 07:28:06.759000+00:00,2.52,2026-07-01 07:28:09.279000+00:00,screenshot_smart,Google Chrome,財務会計システム - Google Chrome,
11,FP,ses_20260701-070320-JAYESH,2026-07-01 07:28:06.759000+00:00,3.211,2026-07-01 07:28:09.970000+00:00,clipboard_change,Google Chrome,財務会計システム - Google Chrome,
11,FP,ses_20260701-070320-JAYESH,2026-07-01 07:28:06.759000+00:00,3.267,2026-07-01 07:28:10.026000+00:00,shortcut,Google Chrome,財務会計システム - Google Chrome,
11,FP,ses_20260701-070320-JAYESH,2026-07-01 07:28:06.759000+00:00,3.267,2026-07-01 07:28:10.026000+00:00,keystroke,Google Chrome,財務会計システム - Google Chrome,
11,FP,ses_20260701-070320-JAYESH,2026-07-01 07:28:06.759000+00:00,3.269,2026-07-01 07:28:10.028000+00:00,keystroke,Google Chrome,財務会計システム - Google Chrome,
11,FP,ses_20260701-070320-JAYESH,2026-07-01 07:28:06.759000+00:00,3.315,2026-07-01 07:28:10.074000+00:00,shortcut,Google Chrome,財務会計システム - Google Chrome,
11,FP,ses_20260701-070320-JAYESH,2026-07-01 07:28:06.759000+00:00,3.315,2026-07-01 07:28:10.074000+00:00,keystroke,Google Chrome,財務会計システム - Google Chrome,
11,FP,ses_20260701-070320-JAYESH,2026-07-01 07:28:06.759000+00:00,3.317,2026-07-01 07:28:10.076000+00:00,keystroke,Google Chrome,財務会計システム - Google Chrome,
11,FP,ses_20260701-070320-JAYESH,2026-07-01 07:28:06.759000+00:00,3.415,2026-07-01 07:28:10.174000+00:00,screenshot_smart,Google Chrome,財務会計システム - Google Chrome,
11,FP,ses_20260701-070320-JAYESH,2026-07-01 07:28:06.759000+00:00,3.901,2026-07-01 07:28:10.660000+00:00,keystroke,Google Chrome,財務会計システム - Google Chrome,
11,FP,ses_20260701-070320-JAYESH,2026-07-01 07:28:06.759000+00:00,3.902,2026-07-01 07:28:10.661000+00:00,keystroke,Google Chrome,財務会計システム - Google Chrome,
11,FP,ses_20260701-070320-JAYESH,2026-07-01 07:28:06.759000+00:00,3.964,2026-07-01 07:28:10.723000+00:00,screenshot_smart,Google Chrome,財務会計システム - Google Chrome,
12,FP,ses_20260630-145433-JAYESH,2026-06-30 15:08:33.445000+00:00,-1.415,2026-06-30 15:08:32.030000+00:00,mouse_click,Google Chrome,受発注在庫管理システム - Google Chrome,
12,FP,ses_20260630-145433-JAYESH,2026-06-30 15:08:33.445000+00:00,-1.395,2026-06-30 15:08:32.050000+00:00,browser_click,Google Chrome,受発注在庫管理システム - Google Chrome,
12,FP,ses_20260630-145433-JAYESH,2026-06-30 15:08:33.445000+00:00,-1.376,2026-06-30 15:08:32.069000+00:00,screenshot_smart,Google Chrome,受発注在庫管理システム - Google Chrome,
12,FP,ses_20260630-145433-JAYESH,2026-06-30 15:08:33.445000+00:00,0.255,2026-06-30 15:08:33.700000+00:00,app_switch,Google Chrome,受発注在庫管理システム - Google Chrome,
12,FP,ses_20260630-145433-JAYESH,2026-06-30 15:08:33.445000+00:00,0.286,2026-06-30 15:08:33.731000+00:00,app_switch,Google Chrome,受発注在庫管理システム - Google Chrome,
12,FP,ses_20260630-145433-JAYESH,2026-06-30 15:08:33.445000+00:00,0.322,2026-06-30 15:08:33.767000+00:00,app_switch,Google Chrome,受発注在庫管理システム - Google Chrome,
12,FP,ses_20260630-145433-JAYESH,2026-06-30 15:08:33.445000+00:00,0.336,2026-06-30 15:08:33.781000+00:00,screenshot_smart,Google Chrome,受発注在庫管理システム - Google Chrome,
12,FP,ses_20260630-145433-JAYESH,2026-06-30 15:08:33.445000+00:00,0.356,2026-06-30 15:08:33.801000+00:00,app_switch,Google Chrome,受発注在庫管理システム - Google Chrome,
12,FP,ses_20260630-145433-JAYESH,2026-06-30 15:08:33.445000+00:00,0.391,2026-06-30 15:08:33.836000+00:00,app_switch,Google Chrome,受発注在庫管理システム - Google Chrome,
12,FP,ses_20260630-145433-JAYESH,2026-06-30 15:08:33.445000+00:00,0.591,2026-06-30 15:08:34.036000+00:00,app_switch,Google Chrome,受発注在庫管理システム - Google Chrome,
12,FP,ses_20260630-145433-JAYESH,2026-06-30 15:08:33.445000+00:00,0.618,2026-06-30 15:08:34.063000+00:00,app_switch,Google Chrome,受発注在庫管理システム - Google Chrome,
12,FP,ses_20260630-145433-JAYESH,2026-06-30 15:08:33.445000+00:00,0.653,2026-06-30 15:08:34.098000+00:00,app_switch,Google Chrome,受発注在庫管理システム - Google Chrome,
12,FP,ses_20260630-145433-JAYESH,2026-06-30 15:08:33.445000+00:00,0.684,2026-06-30 15:08:34.129000+00:00,app_switch,Google Chrome,受発注在庫管理システム - Google Chrome,
12,FP,ses_20260630-145433-JAYESH,2026-06-30 15:08:33.445000+00:00,0.722,2026-06-30 15:08:34.167000+00:00,app_switch,Google Chrome,受発注在庫管理システム - Google Chrome,
12,FP,ses_20260630-145433-JAYESH,2026-06-30 15:08:33.445000+00:00,0.915,2026-06-30 15:08:34.360000+00:00,app_switch,Google Chrome,受発注在庫管理システム - Google Chrome,
12,FP,ses_20260630-145433-JAYESH,2026-06-30 15:08:33.445000+00:00,0.941,2026-06-30 15:08:34.386000+00:00,app_switch,Google Chrome,受発注在庫管理システム - Google Chrome,
12,FP,ses_20260630-145433-JAYESH,2026-06-30 15:08:33.445000+00:00,0.975,2026-06-30 15:08:34.420000+00:00,app_switch,Google Chrome,受発注在庫管理システム - Google Chrome,
12,FP,ses_20260630-145433-JAYESH,2026-06-30 15:08:33.445000+00:00,1.005,2026-06-30 15:08:34.450000+00:00,app_switch,Google Chrome,受発注在庫管理システム - Google Chrome,
12,FP,ses_20260630-145433-JAYESH,2026-06-30 15:08:33.445000+00:00,1.036,2026-06-30 15:08:34.481000+00:00,screenshot_smart,Google Chrome,受発注在庫管理システム - Google Chrome,
12,FP,ses_20260630-145433-JAYESH,2026-06-30 15:08:33.445000+00:00,1.038,2026-06-30 15:08:34.483000+00:00,app_switch,Google Chrome,受発注在庫管理システム - Google Chrome,
12,FP,ses_20260630-145433-JAYESH,2026-06-30 15:08:33.445000+00:00,1.208,2026-06-30 15:08:34.653000+00:00,app_switch,Google Chrome,受発注在庫管理システム - Google Chrome,
12,FP,ses_20260630-145433-JAYESH,2026-06-30 15:08:33.445000+00:00,1.217,2026-06-30 15:08:34.662000+00:00,app_switch,Google Chrome,受発注在庫管理システム - Google Chrome,
12,FP,ses_20260630-145433-JAYESH,2026-06-30 15:08:33.445000+00:00,1.227,2026-06-30 15:08:34.672000+00:00,app_switch,Google Chrome,受発注在庫管理システム - Google Chrome,
12,FP,ses_20260630-145433-JAYESH,2026-06-30 15:08:33.445000+00:00,1.237,2026-06-30 15:08:34.682000+00:00,app_switch,Google Chrome,受発注在庫管理システム - Google Chrome,
12,FP,ses_20260630-145433-JAYESH,2026-06-30 15:08:33.445000+00:00,1.2469999999999999,2026-06-30 15:08:34.692000+00:00,app_switch,Google Chrome,受発注在庫管理システム - Google Chrome,
12,FP,ses_20260630-145433-JAYESH,2026-06-30 15:08:33.445000+00:00,1.264,2026-06-30 15:08:34.709000+00:00,app_switch,Google Chrome,受発注在庫管理システム - Google Chrome,
12,FP,ses_20260630-145433-JAYESH,2026-06-30 15:08:33.445000+00:00,1.275,2026-06-30 15:08:34.720000+00:00,app_switch,Google Chrome,受発注在庫管理システム - Google Chrome,
12,FP,ses_20260630-145433-JAYESH,2026-06-30 15:08:33.445000+00:00,1.286,2026-06-30 15:08:34.731000+00:00,app_switch,Google Chrome,受発注在庫管理システム - Google Chrome,
12,FP,ses_20260630-145433-JAYESH,2026-06-30 15:08:33.445000+00:00,1.297,2026-06-30 15:08:34.742000+00:00,app_switch,Google Chrome,受発注在庫管理システム - Google Chrome,
12,FP,ses_20260630-145433-JAYESH,2026-06-30 15:08:33.445000+00:00,1.308,2026-06-30 15:08:34.753000+00:00,app_switch,Google Chrome,受発注在庫管理システム - Google Chrome,
12,FP,ses_20260630-145433-JAYESH,2026-06-30 15:08:33.445000+00:00,1.318,2026-06-30 15:08:34.763000+00:00,app_switch,Google Chrome,受発注在庫管理システム - Google Chrome,
12,FP,ses_20260630-145433-JAYESH,2026-06-30 15:08:33.445000+00:00,1.635,2026-06-30 15:08:35.080000+00:00,app_switch,Notepad,*Untitled - Notepad,
12,FP,ses_20260630-145433-JAYESH,2026-06-30 15:08:33.445000+00:00,1.72,2026-06-30 15:08:35.165000+00:00,screenshot_smart,Notepad,*Untitled - Notepad,
12,FP,ses_20260630-145433-JAYESH,2026-06-30 15:08:33.445000+00:00,2.648,2026-06-30 15:08:36.093000+00:00,clipboard_change,Notepad,*Untitled - Notepad,
12,FP,ses_20260630-145433-JAYESH,2026-06-30 15:08:33.445000+00:00,2.691,2026-06-30 15:08:36.136000+00:00,shortcut,Notepad,*Untitled - Notepad,
12,FP,ses_20260630-145433-JAYESH,2026-06-30 15:08:33.445000+00:00,2.691,2026-06-30 15:08:36.136000+00:00,keystroke,Notepad,*Untitled - Notepad,
12,FP,ses_20260630-145433-JAYESH,2026-06-30 15:08:33.445000+00:00,2.694,2026-06-30 15:08:36.139000+00:00,keystroke,Notepad,*Untitled - Notepad,
12,FP,ses_20260630-145433-JAYESH,2026-06-30 15:08:33.445000+00:00,2.802,2026-06-30 15:08:36.247000+00:00,screenshot_smart,Notepad,*Untitled - Notepad,
13,FP,ses_20260701-030836-yuvraj,2026-07-01 03:13:30.377000+00:00,-4.428,2026-07-01 03:13:25.949000+00:00,browser_navigation,Google Chrome,受発注在庫管理システム - Google Chrome,
13,FP,ses_20260701-030836-yuvraj,2026-07-01 03:13:30.377000+00:00,-4.396,2026-07-01 03:13:25.981000+00:00,screenshot_smart,Google Chrome,受発注在庫管理システム - Google Chrome,
13,FP,ses_20260701-030836-yuvraj,2026-07-01 03:13:30.377000+00:00,-1.893,2026-07-01 03:13:28.484000+00:00,mouse_click,Google Chrome,財務会計システム - Google Chrome,
13,FP,ses_20260701-030836-yuvraj,2026-07-01 03:13:30.377000+00:00,-1.863,2026-07-01 03:13:28.514000+00:00,browser_click,Google Chrome,財務会計システム - Google Chrome,
13,FP,ses_20260701-030836-yuvraj,2026-07-01 03:13:30.377000+00:00,-1.836,2026-07-01 03:13:28.541000+00:00,screenshot_smart,Google Chrome,財務会計システム - Google Chrome,
13,FP,ses_20260701-030836-yuvraj,2026-07-01 03:13:30.377000+00:00,0.899,2026-07-01 03:13:31.276000+00:00,shortcut,Google Chrome,財務会計システム - Google Chrome,
13,FP,ses_20260701-030836-yuvraj,2026-07-01 03:13:30.377000+00:00,0.899,2026-07-01 03:13:31.276000+00:00,keystroke,Google Chrome,財務会計システム - Google Chrome,
13,FP,ses_20260701-030836-yuvraj,2026-07-01 03:13:30.377000+00:00,0.903,2026-07-01 03:13:31.280000+00:00,keystroke,Google Chrome,財務会計システム - Google Chrome,
13,FP,ses_20260701-030836-yuvraj,2026-07-01 03:13:30.377000+00:00,1.005,2026-07-01 03:13:31.382000+00:00,app_switch,Google Chrome,財務会計システム - Google Chrome,
13,FP,ses_20260701-030836-yuvraj,2026-07-01 03:13:30.377000+00:00,1.021,2026-07-01 03:13:31.398000+00:00,screenshot_smart,Google Chrome,財務会計システム - Google Chrome,
13,FP,ses_20260701-030836-yuvraj,2026-07-01 03:13:30.377000+00:00,1.025,2026-07-01 03:13:31.402000+00:00,app_switch,Google Chrome,財務会計システム - Google Chrome,
13,FP,ses_20260701-030836-yuvraj,2026-07-01 03:13:30.377000+00:00,1.054,2026-07-01 03:13:31.431000+00:00,app_switch,Google Chrome,財務会計システム - Google Chrome,
13,FP,ses_20260701-030836-yuvraj,2026-07-01 03:13:30.377000+00:00,1.072,2026-07-01 03:13:31.449000+00:00,app_switch,Google Chrome,財務会計システム - Google Chrome,
13,FP,ses_20260701-030836-yuvraj,2026-07-01 03:13:30.377000+00:00,1.088,2026-07-01 03:13:31.465000+00:00,app_switch,Google Chrome,財務会計システム - Google Chrome,
13,FP,ses_20260701-030836-yuvraj,2026-07-01 03:13:30.377000+00:00,1.104,2026-07-01 03:13:31.481000+00:00,app_switch,Google Chrome,財務会計システム - Google Chrome,
13,FP,ses_20260701-030836-yuvraj,2026-07-01 03:13:30.377000+00:00,1.121,2026-07-01 03:13:31.498000+00:00,app_switch,Google Chrome,財務会計システム - Google Chrome,
13,FP,ses_20260701-030836-yuvraj,2026-07-01 03:13:30.377000+00:00,1.137,2026-07-01 03:13:31.514000+00:00,app_switch,Google Chrome,財務会計システム - Google Chrome,
13,FP,ses_20260701-030836-yuvraj,2026-07-01 03:13:30.377000+00:00,1.154,2026-07-01 03:13:31.531000+00:00,app_switch,Google Chrome,財務会計システム - Google Chrome,
13,FP,ses_20260701-030836-yuvraj,2026-07-01 03:13:30.377000+00:00,1.172,2026-07-01 03:13:31.549000+00:00,app_switch,Google Chrome,財務会計システム - Google Chrome,
13,FP,ses_20260701-030836-yuvraj,2026-07-01 03:13:30.377000+00:00,1.272,2026-07-01 03:13:31.649000+00:00,app_switch,Google Chrome,財務会計システム - Google Chrome,
13,FP,ses_20260701-030836-yuvraj,2026-07-01 03:13:30.377000+00:00,1.29,2026-07-01 03:13:31.667000+00:00,app_switch,Google Chrome,財務会計システム - Google Chrome,
13,FP,ses_20260701-030836-yuvraj,2026-07-01 03:13:30.377000+00:00,1.308,2026-07-01 03:13:31.685000+00:00,app_switch,Google Chrome,財務会計システム - Google Chrome,
13,FP,ses_20260701-030836-yuvraj,2026-07-01 03:13:30.377000+00:00,1.323,2026-07-01 03:13:31.700000+00:00,app_switch,Google Chrome,財務会計システム - Google Chrome,
13,FP,ses_20260701-030836-yuvraj,2026-07-01 03:13:30.377000+00:00,1.3479999999999999,2026-07-01 03:13:31.725000+00:00,app_switch,Google Chrome,財務会計システム - Google Chrome,
13,FP,ses_20260701-030836-yuvraj,2026-07-01 03:13:30.377000+00:00,1.367,2026-07-01 03:13:31.744000+00:00,app_switch,Google Chrome,財務会計システム - Google Chrome,
13,FP,ses_20260701-030836-yuvraj,2026-07-01 03:13:30.377000+00:00,1.384,2026-07-01 03:13:31.761000+00:00,app_switch,Google Chrome,財務会計システム - Google Chrome,
13,FP,ses_20260701-030836-yuvraj,2026-07-01 03:13:30.377000+00:00,1.4020000000000001,2026-07-01 03:13:31.779000+00:00,app_switch,Google Chrome,財務会計システム - Google Chrome,
13,FP,ses_20260701-030836-yuvraj,2026-07-01 03:13:30.377000+00:00,1.421,2026-07-01 03:13:31.798000+00:00,app_switch,Google Chrome,財務会計システム - Google Chrome,
13,FP,ses_20260701-030836-yuvraj,2026-07-01 03:13:30.377000+00:00,1.438,2026-07-01 03:13:31.815000+00:00,app_switch,Google Chrome,財務会計システム - Google Chrome,
13,FP,ses_20260701-030836-yuvraj,2026-07-01 03:13:30.377000+00:00,1.571,2026-07-01 03:13:31.948000+00:00,screenshot_smart,Google Chrome,財務会計システム - Google Chrome,
13,FP,ses_20260701-030836-yuvraj,2026-07-01 03:13:30.377000+00:00,1.6720000000000002,2026-07-01 03:13:32.049000+00:00,shortcut,Google Chrome,財務会計システム - Google Chrome,
13,FP,ses_20260701-030836-yuvraj,2026-07-01 03:13:30.377000+00:00,1.6720000000000002,2026-07-01 03:13:32.049000+00:00,keystroke,Google Chrome,財務会計システム - Google Chrome,
13,FP,ses_20260701-030836-yuvraj,2026-07-01 03:13:30.377000+00:00,1.674,2026-07-01 03:13:32.051000+00:00,keystroke,Google Chrome,財務会計システム - Google Chrome,
13,FP,ses_20260701-030836-yuvraj,2026-07-01 03:13:30.377000+00:00,1.688,2026-07-01 03:13:32.065000+00:00,app_switch,Google Chrome,財務会計システム - Google Chrome,
13,FP,ses_20260701-030836-yuvraj,2026-07-01 03:13:30.377000+00:00,1.704,2026-07-01 03:13:32.081000+00:00,app_switch,Google Chrome,財務会計システム - Google Chrome,
13,FP,ses_20260701-030836-yuvraj,2026-07-01 03:13:30.377000+00:00,1.7189999999999999,2026-07-01 03:13:32.096000+00:00,shortcut,Google Chrome,財務会計システム - Google Chrome,
13,FP,ses_20260701-030836-yuvraj,2026-07-01 03:13:30.377000+00:00,1.7189999999999999,2026-07-01 03:13:32.096000+00:00,keystroke,Google Chrome,財務会計システム - Google Chrome,
13,FP,ses_20260701-030836-yuvraj,2026-07-01 03:13:30.377000+00:00,1.721,2026-07-01 03:13:32.098000+00:00,keystroke,Google Chrome,財務会計システム - Google Chrome,
13,FP,ses_20260701-030836-yuvraj,2026-07-01 03:13:30.377000+00:00,1.725,2026-07-01 03:13:32.102000+00:00,app_switch,Google Chrome,財務会計システム - Google Chrome,
13,FP,ses_20260701-030836-yuvraj,2026-07-01 03:13:30.377000+00:00,1.744,2026-07-01 03:13:32.121000+00:00,app_switch,Google Chrome,財務会計システム - Google Chrome,
13,FP,ses_20260701-030836-yuvraj,2026-07-01 03:13:30.377000+00:00,1.76,2026-07-01 03:13:32.137000+00:00,app_switch,Google Chrome,財務会計システム - Google Chrome,
13,FP,ses_20260701-030836-yuvraj,2026-07-01 03:13:30.377000+00:00,1.779,2026-07-01 03:13:32.156000+00:00,app_switch,Google Chrome,財務会計システム - Google Chrome,
13,FP,ses_20260701-030836-yuvraj,2026-07-01 03:13:30.377000+00:00,1.8,2026-07-01 03:13:32.177000+00:00,app_switch,Google Chrome,財務会計システム - Google Chrome,
13,FP,ses_20260701-030836-yuvraj,2026-07-01 03:13:30.377000+00:00,1.837,2026-07-01 03:13:32.214000+00:00,clipboard_change,Google Chrome,財務会計システム - Google Chrome,
13,FP,ses_20260701-030836-yuvraj,2026-07-01 03:13:30.377000+00:00,2.051,2026-07-01 03:13:32.428000+00:00,keystroke,Google Chrome,財務会計システム - Google Chrome,
13,FP,ses_20260701-030836-yuvraj,2026-07-01 03:13:30.377000+00:00,2.052,2026-07-01 03:13:32.429000+00:00,keystroke,Google Chrome,財務会計システム - Google Chrome,
13,FP,ses_20260701-030836-yuvraj,2026-07-01 03:13:30.377000+00:00,2.14,2026-07-01 03:13:32.517000+00:00,screenshot_smart,Google Chrome,財務会計システム - Google Chrome,
13,FP,ses_20260701-030836-yuvraj,2026-07-01 03:13:30.377000+00:00,4.85,2026-07-01 03:13:35.227000+00:00,keystroke,Google Chrome,財務会計システム - Google Chrome,
13,FP,ses_20260701-030836-yuvraj,2026-07-01 03:13:30.377000+00:00,4.852,2026-07-01 03:13:35.229000+00:00,keystroke,Google Chrome,財務会計システム - Google Chrome,
13,FP,ses_20260701-030836-yuvraj,2026-07-01 03:13:30.377000+00:00,4.902,2026-07-01 03:13:35.279000+00:00,screenshot_smart,Google Chrome,財務会計システム - Google Chrome,
14,FP,ses_20260701-070320-JAYESH,2026-07-01 07:15:36.759000+00:00,-2.495,2026-07-01 07:15:34.264000+00:00,mouse_click,Google Chrome,財務会計システム - Google Chrome,
14,FP,ses_20260701-070320-JAYESH,2026-07-01 07:15:36.759000+00:00,-2.4779999999999998,2026-07-01 07:15:34.281000+00:00,browser_click,Google Chrome,財務会計システム - Google Chrome,
14,FP,ses_20260701-070320-JAYESH,2026-07-01 07:15:36.759000+00:00,-2.4290000000000003,2026-07-01 07:15:34.330000+00:00,screenshot_smart,Google Chrome,財務会計システム - Google Chrome,
14,FP,ses_20260701-070320-JAYESH,2026-07-01 07:15:36.759000+00:00,-0.04300000000000004,2026-07-01 07:15:36.716000+00:00,app_switch,Google Chrome,財務会計システム - Google Chrome,
14,FP,ses_20260701-070320-JAYESH,2026-07-01 07:15:36.759000+00:00,-0.031000000000000028,2026-07-01 07:15:36.728000+00:00,app_switch,Google Chrome,財務会計システム - Google Chrome,
14,FP,ses_20260701-070320-JAYESH,2026-07-01 07:15:36.759000+00:00,-0.0020000000000000018,2026-07-01 07:15:36.757000+00:00,app_switch,Google Chrome,財務会計システム - Google Chrome,
14,FP,ses_20260701-070320-JAYESH,2026-07-01 07:15:36.759000+00:00,0.057,2026-07-01 07:15:36.816000+00:00,screenshot_smart,Google Chrome,財務会計システム - Google Chrome,
14,FP,ses_20260701-070320-JAYESH,2026-07-01 07:15:36.759000+00:00,0.076,2026-07-01 07:15:36.835000+00:00,app_switch,Google Chrome,財務会計システム - Google Chrome,
14,FP,ses_20260701-070320-JAYESH,2026-07-01 07:15:36.759000+00:00,0.14,2026-07-01 07:15:36.899000+00:00,app_switch,Google Chrome,財務会計システム - Google Chrome,
14,FP,ses_20260701-070320-JAYESH,2026-07-01 07:15:36.759000+00:00,0.284,2026-07-01 07:15:37.043000+00:00,app_switch,Google Chrome,財務会計システム - Google Chrome,
14,FP,ses_20260701-070320-JAYESH,2026-07-01 07:15:36.759000+00:00,0.299,2026-07-01 07:15:37.058000+00:00,app_switch,Google Chrome,財務会計システム - Google Chrome,
14,FP,ses_20260701-070320-JAYESH,2026-07-01 07:15:36.759000+00:00,0.32,2026-07-01 07:15:37.079000+00:00,app_switch,Google Chrome,財務会計システム - Google Chrome,
14,FP,ses_20260701-070320-JAYESH,2026-07-01 07:15:36.759000+00:00,0.349,2026-07-01 07:15:37.108000+00:00,app_switch,Google Chrome,財務会計システム - Google Chrome,
14,FP,ses_20260701-070320-JAYESH,2026-07-01 07:15:36.759000+00:00,0.369,2026-07-01 07:15:37.128000+00:00,app_switch,Google Chrome,財務会計システム - Google Chrome,
14,FP,ses_20260701-070320-JAYESH,2026-07-01 07:15:36.759000+00:00,0.386,2026-07-01 07:15:37.145000+00:00,app_switch,Google Chrome,財務会計システム - Google Chrome,
14,FP,ses_20260701-070320-JAYESH,2026-07-01 07:15:36.759000+00:00,0.404,2026-07-01 07:15:37.163000+00:00,app_switch,Google Chrome,財務会計システム - Google Chrome,
14,FP,ses_20260701-070320-JAYESH,2026-07-01 07:15:36.759000+00:00,0.423,2026-07-01 07:15:37.182000+00:00,app_switch,Google Chrome,財務会計システム - Google Chrome,
14,FP,ses_20260701-070320-JAYESH,2026-07-01 07:15:36.759000+00:00,0.437,2026-07-01 07:15:37.196000+00:00,app_switch,Google Chrome,財務会計システム - Google Chrome,
14,FP,ses_20260701-070320-JAYESH,2026-07-01 07:15:36.759000+00:00,0.454,2026-07-01 07:15:37.213000+00:00,app_switch,Google Chrome,財務会計システム - Google Chrome,
14,FP,ses_20260701-070320-JAYESH,2026-07-01 07:15:36.759000+00:00,0.535,2026-07-01 07:15:37.294000+00:00,screenshot_smart,Google Chrome,財務会計システム - Google Chrome,
14,FP,ses_20260701-070320-JAYESH,2026-07-01 07:15:36.759000+00:00,0.552,2026-07-01 07:15:37.311000+00:00,app_switch,Google Chrome,財務会計システム - Google Chrome,
14,FP,ses_20260701-070320-JAYESH,2026-07-01 07:15:36.759000+00:00,0.569,2026-07-01 07:15:37.328000+00:00,app_switch,Google Chrome,財務会計システム - Google Chrome,
14,FP,ses_20260701-070320-JAYESH,2026-07-01 07:15:36.759000+00:00,0.583,2026-07-01 07:15:37.342000+00:00,app_switch,Google Chrome,財務会計システム - Google Chrome,
14,FP,ses_20260701-070320-JAYESH,2026-07-01 07:15:36.759000+00:00,0.595,2026-07-01 07:15:37.354000+00:00,app_switch,Google Chrome,財務会計システム - Google Chrome,
14,FP,ses_20260701-070320-JAYESH,2026-07-01 07:15:36.759000+00:00,0.613,2026-07-01 07:15:37.372000+00:00,app_switch,Google Chrome,財務会計システム - Google Chrome,
14,FP,ses_20260701-070320-JAYESH,2026-07-01 07:15:36.759000+00:00,0.646,2026-07-01 07:15:37.405000+00:00,app_switch,Google Chrome,財務会計システム - Google Chrome,
14,FP,ses_20260701-070320-JAYESH,2026-07-01 07:15:36.759000+00:00,0.657,2026-07-01 07:15:37.416000+00:00,app_switch,Google Chrome,財務会計システム - Google Chrome,
14,FP,ses_20260701-070320-JAYESH,2026-07-01 07:15:36.759000+00:00,0.669,2026-07-01 07:15:37.428000+00:00,app_switch,Google Chrome,財務会計システム - Google Chrome,
14,FP,ses_20260701-070320-JAYESH,2026-07-01 07:15:36.759000+00:00,0.681,2026-07-01 07:15:37.440000+00:00,app_switch,Google Chrome,財務会計システム - Google Chrome,
14,FP,ses_20260701-070320-JAYESH,2026-07-01 07:15:36.759000+00:00,0.692,2026-07-01 07:15:37.451000+00:00,app_switch,Google Chrome,財務会計システム - Google Chrome,
14,FP,ses_20260701-070320-JAYESH,2026-07-01 07:15:36.759000+00:00,0.703,2026-07-01 07:15:37.462000+00:00,app_switch,Google Chrome,財務会計システム - Google Chrome,
14,FP,ses_20260701-070320-JAYESH,2026-07-01 07:15:36.759000+00:00,0.715,2026-07-01 07:15:37.474000+00:00,app_switch,Google Chrome,財務会計システム - Google Chrome,
14,FP,ses_20260701-070320-JAYESH,2026-07-01 07:15:36.759000+00:00,0.931,2026-07-01 07:15:37.690000+00:00,shortcut,Google Chrome,財務会計システム - Google Chrome,
14,FP,ses_20260701-070320-JAYESH,2026-07-01 07:15:36.759000+00:00,0.931,2026-07-01 07:15:37.690000+00:00,keystroke,Google Chrome,財務会計システム - Google Chrome,
14,FP,ses_20260701-070320-JAYESH,2026-07-01 07:15:36.759000+00:00,0.934,2026-07-01 07:15:37.693000+00:00,keystroke,Google Chrome,財務会計システム - Google Chrome,
14,FP,ses_20260701-070320-JAYESH,2026-07-01 07:15:36.759000+00:00,0.978,2026-07-01 07:15:37.737000+00:00,screenshot_smart,Google Chrome,財務会計システム - Google Chrome,
14,FP,ses_20260701-070320-JAYESH,2026-07-01 07:15:36.759000+00:00,1.432,2026-07-01 07:15:38.191000+00:00,clipboard_change,Google Chrome,財務会計システム - Google Chrome,
14,FP,ses_20260701-070320-JAYESH,2026-07-01 07:15:36.759000+00:00,1.508,2026-07-01 07:15:38.267000+00:00,shortcut,Google Chrome,財務会計システム - Google Chrome,
14,FP,ses_20260701-070320-JAYESH,2026-07-01 07:15:36.759000+00:00,1.508,2026-07-01 07:15:38.267000+00:00,keystroke,Google Chrome,財務会計システム - Google Chrome,
14,FP,ses_20260701-070320-JAYESH,2026-07-01 07:15:36.759000+00:00,1.51,2026-07-01 07:15:38.269000+00:00,keystroke,Google Chrome,財務会計システム - Google Chrome,
14,FP,ses_20260701-070320-JAYESH,2026-07-01 07:15:36.759000+00:00,1.536,2026-07-01 07:15:38.295000+00:00,screenshot_smart,Google Chrome,財務会計システム - Google Chrome,
14,FP,ses_20260701-070320-JAYESH,2026-07-01 07:15:36.759000+00:00,1.556,2026-07-01 07:15:38.315000+00:00,shortcut,Google Chrome,財務会計システム - Google Chrome,
14,FP,ses_20260701-070320-JAYESH,2026-07-01 07:15:36.759000+00:00,1.556,2026-07-01 07:15:38.315000+00:00,keystroke,Google Chrome,財務会計システム - Google Chrome,
14,FP,ses_20260701-070320-JAYESH,2026-07-01 07:15:36.759000+00:00,1.558,2026-07-01 07:15:38.317000+00:00,keystroke,Google Chrome,財務会計システム - Google Chrome,
14,FP,ses_20260701-070320-JAYESH,2026-07-01 07:15:36.759000+00:00,1.956,2026-07-01 07:15:38.715000+00:00,keystroke,Google Chrome,財務会計システム - Google Chrome,
14,FP,ses_20260701-070320-JAYESH,2026-07-01 07:15:36.759000+00:00,1.958,2026-07-01 07:15:38.717000+00:00,keystroke,Google Chrome,財務会計システム - Google Chrome,
15,FP,ses_20260701-030836-yuvraj,2026-07-01 03:22:04.377000+00:00,-2.698,2026-07-01 03:22:01.679000+00:00,mouse_click,Google Chrome,財務会計システム - Google Chrome,
15,FP,ses_20260701-030836-yuvraj,2026-07-01 03:22:04.377000+00:00,-2.689,2026-07-01 03:22:01.688000+00:00,browser_click,Google Chrome,財務会計システム - Google Chrome,
15,FP,ses_20260701-030836-yuvraj,2026-07-01 03:22:04.377000+00:00,-2.67,2026-07-01 03:22:01.707000+00:00,screenshot_smart,Google Chrome,財務会計システム - Google Chrome,
15,FP,ses_20260701-030836-yuvraj,2026-07-01 03:22:04.377000+00:00,-0.07299999999999995,2026-07-01 03:22:04.304000+00:00,app_switch,Google Chrome,財務会計システム - Google Chrome,
15,FP,ses_20260701-030836-yuvraj,2026-07-01 03:22:04.377000+00:00,-0.05800000000000005,2026-07-01 03:22:04.319000+00:00,app_switch,Google Chrome,財務会計システム - Google Chrome,
15,FP,ses_20260701-030836-yuvraj,2026-07-01 03:22:04.377000+00:00,-0.04400000000000004,2026-07-01 03:22:04.333000+00:00,app_switch,Google Chrome,財務会計システム - Google Chrome,
15,FP,ses_20260701-030836-yuvraj,2026-07-01 03:22:04.377000+00:00,-0.029000000000000026,2026-07-01 03:22:04.348000+00:00,app_switch,Google Chrome,財務会計システム - Google Chrome,
15,FP,ses_20260701-030836-yuvraj,2026-07-01 03:22:04.377000+00:00,-0.016000000000000014,2026-07-01 03:22:04.361000+00:00,screenshot_smart,Google Chrome,財務会計システム - Google Chrome,
15,FP,ses_20260701-030836-yuvraj,2026-07-01 03:22:04.377000+00:00,-0.014000000000000012,2026-07-01 03:22:04.363000+00:00,app_switch,Google Chrome,財務会計システム - Google Chrome,
15,FP,ses_20260701-030836-yuvraj,2026-07-01 03:22:04.377000+00:00,0.0,2026-07-01 03:22:04.377000+00:00,shortcut,Google Chrome,財務会計システム - Google Chrome,
15,FP,ses_20260701-030836-yuvraj,2026-07-01 03:22:04.377000+00:00,0.0,2026-07-01 03:22:04.377000+00:00,keystroke,Google Chrome,財務会計システム - Google Chrome,
15,FP,ses_20260701-030836-yuvraj,2026-07-01 03:22:04.377000+00:00,0.001,2026-07-01 03:22:04.378000+00:00,app_switch,Google Chrome,財務会計システム - Google Chrome,
15,FP,ses_20260701-030836-yuvraj,2026-07-01 03:22:04.377000+00:00,0.002,2026-07-01 03:22:04.379000+00:00,keystroke,Google Chrome,財務会計システム - Google Chrome,
15,FP,ses_20260701-030836-yuvraj,2026-07-01 03:22:04.377000+00:00,0.019,2026-07-01 03:22:04.396000+00:00,app_switch,Google Chrome,財務会計システム - Google Chrome,
15,FP,ses_20260701-030836-yuvraj,2026-07-01 03:22:04.377000+00:00,0.04,2026-07-01 03:22:04.417000+00:00,app_switch,Google Chrome,財務会計システム - Google Chrome,
15,FP,ses_20260701-030836-yuvraj,2026-07-01 03:22:04.377000+00:00,0.055,2026-07-01 03:22:04.432000+00:00,app_switch,Google Chrome,財務会計システム - Google Chrome,
15,FP,ses_20260701-030836-yuvraj,2026-07-01 03:22:04.377000+00:00,0.069,2026-07-01 03:22:04.446000+00:00,app_switch,Google Chrome,財務会計システム - Google Chrome,
15,FP,ses_20260701-030836-yuvraj,2026-07-01 03:22:04.377000+00:00,0.086,2026-07-01 03:22:04.463000+00:00,app_switch,Google Chrome,財務会計システム - Google Chrome,
15,FP,ses_20260701-030836-yuvraj,2026-07-01 03:22:04.377000+00:00,0.101,2026-07-01 03:22:04.478000+00:00,app_switch,Google Chrome,財務会計システム - Google Chrome,
15,FP,ses_20260701-030836-yuvraj,2026-07-01 03:22:04.377000+00:00,0.114,2026-07-01 03:22:04.491000+00:00,app_switch,Google Chrome,財務会計システム - Google Chrome,
15,FP,ses_20260701-030836-yuvraj,2026-07-01 03:22:04.377000+00:00,0.237,2026-07-01 03:22:04.614000+00:00,app_switch,Google Chrome,財務会計システム - Google Chrome,
15,FP,ses_20260701-030836-yuvraj,2026-07-01 03:22:04.377000+00:00,0.252,2026-07-01 03:22:04.629000+00:00,app_switch,Google Chrome,財務会計システム - Google Chrome,
15,FP,ses_20260701-030836-yuvraj,2026-07-01 03:22:04.377000+00:00,0.271,2026-07-01 03:22:04.648000+00:00,app_switch,Google Chrome,財務会計システム - Google Chrome,
15,FP,ses_20260701-030836-yuvraj,2026-07-01 03:22:04.377000+00:00,0.285,2026-07-01 03:22:04.662000+00:00,app_switch,Google Chrome,財務会計システム - Google Chrome,
15,FP,ses_20260701-030836-yuvraj,2026-07-01 03:22:04.377000+00:00,0.3,2026-07-01 03:22:04.677000+00:00,app_switch,Google Chrome,財務会計システム - Google Chrome,
15,FP,ses_20260701-030836-yuvraj,2026-07-01 03:22:04.377000+00:00,0.314,2026-07-01 03:22:04.691000+00:00,app_switch,Google Chrome,財務会計システム - Google Chrome,
15,FP,ses_20260701-030836-yuvraj,2026-07-01 03:22:04.377000+00:00,0.33,2026-07-01 03:22:04.707000+00:00,app_switch,Google Chrome,財務会計システム - Google Chrome,
15,FP,ses_20260701-030836-yuvraj,2026-07-01 03:22:04.377000+00:00,0.389,2026-07-01 03:22:04.766000+00:00,app_switch,Google Chrome,財務会計システム - Google Chrome,
15,FP,ses_20260701-030836-yuvraj,2026-07-01 03:22:04.377000+00:00,0.411,2026-07-01 03:22:04.788000+00:00,app_switch,Google Chrome,財務会計システム - Google Chrome,
15,FP,ses_20260701-030836-yuvraj,2026-07-01 03:22:04.377000+00:00,0.426,2026-07-01 03:22:04.803000+00:00,app_switch,Google Chrome,財務会計システム - Google Chrome,
15,FP,ses_20260701-030836-yuvraj,2026-07-01 03:22:04.377000+00:00,0.554,2026-07-01 03:22:04.931000+00:00,app_switch,Google Chrome,財務会計システム - Google Chrome,
15,FP,ses_20260701-030836-yuvraj,2026-07-01 03:22:04.377000+00:00,0.566,2026-07-01 03:22:04.943000+00:00,app_switch,Google Chrome,財務会計システム - Google Chrome,
15,FP,ses_20260701-030836-yuvraj,2026-07-01 03:22:04.377000+00:00,0.578,2026-07-01 03:22:04.955000+00:00,app_switch,Google Chrome,財務会計システム - Google Chrome,
15,FP,ses_20260701-030836-yuvraj,2026-07-01 03:22:04.377000+00:00,0.592,2026-07-01 03:22:04.969000+00:00,app_switch,Google Chrome,財務会計システム - Google Chrome,
15,FP,ses_20260701-030836-yuvraj,2026-07-01 03:22:04.377000+00:00,0.607,2026-07-01 03:22:04.984000+00:00,app_switch,Google Chrome,財務会計システム - Google Chrome,
15,FP,ses_20260701-030836-yuvraj,2026-07-01 03:22:04.377000+00:00,0.627,2026-07-01 03:22:05.004000+00:00,screenshot_smart,Google Chrome,財務会計システム - Google Chrome,
15,FP,ses_20260701-030836-yuvraj,2026-07-01 03:22:04.377000+00:00,0.706,2026-07-01 03:22:05.083000+00:00,clipboard_change,Google Chrome,財務会計システム - Google Chrome,
15,FP,ses_20260701-030836-yuvraj,2026-07-01 03:22:04.377000+00:00,0.734,2026-07-01 03:22:05.111000+00:00,shortcut,Google Chrome,財務会計システム - Google Chrome,
15,FP,ses_20260701-030836-yuvraj,2026-07-01 03:22:04.377000+00:00,0.734,2026-07-01 03:22:05.111000+00:00,keystroke,Google Chrome,財務会計システム - Google Chrome,
15,FP,ses_20260701-030836-yuvraj,2026-07-01 03:22:04.377000+00:00,0.735,2026-07-01 03:22:05.112000+00:00,keystroke,Google Chrome,財務会計システム - Google Chrome,
15,FP,ses_20260701-030836-yuvraj,2026-07-01 03:22:04.377000+00:00,0.782,2026-07-01 03:22:05.159000+00:00,shortcut,Google Chrome,財務会計システム - Google Chrome,
15,FP,ses_20260701-030836-yuvraj,2026-07-01 03:22:04.377000+00:00,0.782,2026-07-01 03:22:05.159000+00:00,keystroke,Google Chrome,財務会計システム - Google Chrome,
15,FP,ses_20260701-030836-yuvraj,2026-07-01 03:22:04.377000+00:00,0.783,2026-07-01 03:22:05.160000+00:00,keystroke,Google Chrome,財務会計システム - Google Chrome,
15,FP,ses_20260701-030836-yuvraj,2026-07-01 03:22:04.377000+00:00,1.373,2026-07-01 03:22:05.750000+00:00,keystroke,Google Chrome,財務会計システム - Google Chrome,
15,FP,ses_20260701-030836-yuvraj,2026-07-01 03:22:04.377000+00:00,1.374,2026-07-01 03:22:05.751000+00:00,keystroke,Google Chrome,財務会計システム - Google Chrome,
15,FP,ses_20260701-030836-yuvraj,2026-07-01 03:22:04.377000+00:00,1.472,2026-07-01 03:22:05.849000+00:00,screenshot_smart,Google Chrome,財務会計システム - Google Chrome,
16,FP,ses_20260701-075604-LAPTOP-0IM1OHQH,2026-07-01 08:04:38.438000+00:00,-2.575,2026-07-01 08:04:35.863000+00:00,mouse_click,Notepad,*Untitled - Notepad,
16,FP,ses_20260701-075604-LAPTOP-0IM1OHQH,2026-07-01 08:04:38.438000+00:00,-2.453,2026-07-01 08:04:35.985000+00:00,browser_click,Google Chrome,受発注在庫管理システム - Google Chrome,
16,FP,ses_20260701-075604-LAPTOP-0IM1OHQH,2026-07-01 08:04:38.438000+00:00,-2.096,2026-07-01 08:04:36.342000+00:00,screenshot_smart,Google Chrome,受発注在庫管理システム - Google Chrome,
16,FP,ses_20260701-075604-LAPTOP-0IM1OHQH,2026-07-01 08:04:38.438000+00:00,-0.491,2026-07-01 08:04:37.947000+00:00,app_switch,Google Chrome,受発注在庫管理システム - Google Chrome,
16,FP,ses_20260701-075604-LAPTOP-0IM1OHQH,2026-07-01 08:04:38.438000+00:00,-0.44399999999999995,2026-07-01 08:04:37.994000+00:00,screenshot_smart,Google Chrome,受発注在庫管理システム - Google Chrome,
16,FP,ses_20260701-075604-LAPTOP-0IM1OHQH,2026-07-01 08:04:38.438000+00:00,-0.42500000000000004,2026-07-01 08:04:38.013000+00:00,app_switch,Google Chrome,受発注在庫管理システム - Google Chrome,
16,FP,ses_20260701-075604-LAPTOP-0IM1OHQH,2026-07-01 08:04:38.438000+00:00,-0.18300000000000005,2026-07-01 08:04:38.255000+00:00,app_switch,Google Chrome,受発注在庫管理システム - Google Chrome,
16,FP,ses_20260701-075604-LAPTOP-0IM1OHQH,2026-07-01 08:04:38.438000+00:00,-0.10799999999999998,2026-07-01 08:04:38.330000+00:00,app_switch,Google Chrome,受発注在庫管理システム - Google Chrome,
16,FP,ses_20260701-075604-LAPTOP-0IM1OHQH,2026-07-01 08:04:38.438000+00:00,0.164,2026-07-01 08:04:38.602000+00:00,screenshot_smart,Google Chrome,受発注在庫管理システム - Google Chrome,
16,FP,ses_20260701-075604-LAPTOP-0IM1OHQH,2026-07-01 08:04:38.438000+00:00,0.371,2026-07-01 08:04:38.809000+00:00,app_switch,Google Chrome,受発注在庫管理システム - Google Chrome,
16,FP,ses_20260701-075604-LAPTOP-0IM1OHQH,2026-07-01 08:04:38.438000+00:00,0.777,2026-07-01 08:04:39.215000+00:00,app_switch,Notepad,*Untitled - Notepad,
16,FP,ses_20260701-075604-LAPTOP-0IM1OHQH,2026-07-01 08:04:38.438000+00:00,0.85,2026-07-01 08:04:39.288000+00:00,app_switch,Notepad,*Untitled - Notepad,
16,FP,ses_20260701-075604-LAPTOP-0IM1OHQH,2026-07-01 08:04:38.438000+00:00,0.851,2026-07-01 08:04:39.289000+00:00,screenshot_smart,Notepad,*Untitled - Notepad,
16,FP,ses_20260701-075604-LAPTOP-0IM1OHQH,2026-07-01 08:04:38.438000+00:00,0.929,2026-07-01 08:04:39.367000+00:00,app_switch,Notepad,*Untitled - Notepad,
16,FP,ses_20260701-075604-LAPTOP-0IM1OHQH,2026-07-01 08:04:38.438000+00:00,0.985,2026-07-01 08:04:39.423000+00:00,app_switch,Notepad,*Untitled - Notepad,
16,FP,ses_20260701-075604-LAPTOP-0IM1OHQH,2026-07-01 08:04:38.438000+00:00,1.002,2026-07-01 08:04:39.440000+00:00,app_switch,Notepad,*Untitled - Notepad,
16,FP,ses_20260701-075604-LAPTOP-0IM1OHQH,2026-07-01 08:04:38.438000+00:00,1.014,2026-07-01 08:04:39.452000+00:00,app_switch,Notepad,*Untitled - Notepad,
16,FP,ses_20260701-075604-LAPTOP-0IM1OHQH,2026-07-01 08:04:38.438000+00:00,1.026,2026-07-01 08:04:39.464000+00:00,app_switch,Notepad,*Untitled - Notepad,
16,FP,ses_20260701-075604-LAPTOP-0IM1OHQH,2026-07-01 08:04:38.438000+00:00,1.04,2026-07-01 08:04:39.478000+00:00,app_switch,Notepad,*Untitled - Notepad,
16,FP,ses_20260701-075604-LAPTOP-0IM1OHQH,2026-07-01 08:04:38.438000+00:00,1.052,2026-07-01 08:04:39.490000+00:00,app_switch,Notepad,*Untitled - Notepad,
16,FP,ses_20260701-075604-LAPTOP-0IM1OHQH,2026-07-01 08:04:38.438000+00:00,1.062,2026-07-01 08:04:39.500000+00:00,app_switch,Notepad,*Untitled - Notepad,
16,FP,ses_20260701-075604-LAPTOP-0IM1OHQH,2026-07-01 08:04:38.438000+00:00,1.071,2026-07-01 08:04:39.509000+00:00,app_switch,Notepad,*Untitled - Notepad,
16,FP,ses_20260701-075604-LAPTOP-0IM1OHQH,2026-07-01 08:04:38.438000+00:00,1.081,2026-07-01 08:04:39.519000+00:00,app_switch,Notepad,*Untitled - Notepad,
16,FP,ses_20260701-075604-LAPTOP-0IM1OHQH,2026-07-01 08:04:38.438000+00:00,1.092,2026-07-01 08:04:39.530000+00:00,app_switch,Notepad,*Untitled - Notepad,
16,FP,ses_20260701-075604-LAPTOP-0IM1OHQH,2026-07-01 08:04:38.438000+00:00,1.104,2026-07-01 08:04:39.542000+00:00,app_switch,Notepad,*Untitled - Notepad,
16,FP,ses_20260701-075604-LAPTOP-0IM1OHQH,2026-07-01 08:04:38.438000+00:00,1.114,2026-07-01 08:04:39.552000+00:00,app_switch,Notepad,*Untitled - Notepad,
16,FP,ses_20260701-075604-LAPTOP-0IM1OHQH,2026-07-01 08:04:38.438000+00:00,1.127,2026-07-01 08:04:39.565000+00:00,app_switch,Notepad,*Untitled - Notepad,
16,FP,ses_20260701-075604-LAPTOP-0IM1OHQH,2026-07-01 08:04:38.438000+00:00,1.499,2026-07-01 08:04:39.937000+00:00,shortcut,Notepad,*Untitled - Notepad,
16,FP,ses_20260701-075604-LAPTOP-0IM1OHQH,2026-07-01 08:04:38.438000+00:00,1.499,2026-07-01 08:04:39.937000+00:00,keystroke,Notepad,*Untitled - Notepad,
16,FP,ses_20260701-075604-LAPTOP-0IM1OHQH,2026-07-01 08:04:38.438000+00:00,1.501,2026-07-01 08:04:39.939000+00:00,keystroke,Notepad,*Untitled - Notepad,
16,FP,ses_20260701-075604-LAPTOP-0IM1OHQH,2026-07-01 08:04:38.438000+00:00,1.597,2026-07-01 08:04:40.035000+00:00,screenshot_smart,Notepad,*Untitled - Notepad,
17,FP,ses_20260701-053720-SIDDHIGUPTAB00B,2026-07-01 05:56:46.510000+00:00,-4.909,2026-07-01 05:56:41.601000+00:00,app_switch,Notepad,*確認 研究開発部 - Notepad,
17,FP,ses_20260701-053720-SIDDHIGUPTAB00B,2026-07-01 05:56:46.510000+00:00,-4.687,2026-07-01 05:56:41.823000+00:00,screenshot_smart,Notepad,*確認 研究開発部 - Notepad,
17,FP,ses_20260701-053720-SIDDHIGUPTAB00B,2026-07-01 05:56:46.510000+00:00,-3.721,2026-07-01 05:56:42.789000+00:00,shortcut,Notepad,*確認 研究開発部 - Notepad,
17,FP,ses_20260701-053720-SIDDHIGUPTAB00B,2026-07-01 05:56:46.510000+00:00,-3.721,2026-07-01 05:56:42.789000+00:00,keystroke,Notepad,*確認 研究開発部 - Notepad,
17,FP,ses_20260701-053720-SIDDHIGUPTAB00B,2026-07-01 05:56:46.510000+00:00,-3.718,2026-07-01 05:56:42.792000+00:00,keystroke,Notepad,*確認 研究開発部 - Notepad,
17,FP,ses_20260701-053720-SIDDHIGUPTAB00B,2026-07-01 05:56:46.510000+00:00,-3.664,2026-07-01 05:56:42.846000+00:00,screenshot_smart,Notepad,*確認 研究開発部 - Notepad,
17,FP,ses_20260701-053720-SIDDHIGUPTAB00B,2026-07-01 05:56:46.510000+00:00,-3.527,2026-07-01 05:56:42.983000+00:00,clipboard_change,Notepad,*確認 研究開発部 - Notepad,
17,FP,ses_20260701-053720-SIDDHIGUPTAB00B,2026-07-01 05:56:46.510000+00:00,-3.481,2026-07-01 05:56:43.029000+00:00,shortcut,Notepad,*確認 研究開発部 - Notepad,
17,FP,ses_20260701-053720-SIDDHIGUPTAB00B,2026-07-01 05:56:46.510000+00:00,-3.481,2026-07-01 05:56:43.029000+00:00,keystroke,Notepad,*確認 研究開発部 - Notepad,
17,FP,ses_20260701-053720-SIDDHIGUPTAB00B,2026-07-01 05:56:46.510000+00:00,-3.479,2026-07-01 05:56:43.031000+00:00,keystroke,Notepad,*確認 研究開発部 - Notepad,
17,FP,ses_20260701-053720-SIDDHIGUPTAB00B,2026-07-01 05:56:46.510000+00:00,-3.263,2026-07-01 05:56:43.247000+00:00,clipboard_change,Notepad,*確認 研究開発部 - Notepad,
17,FP,ses_20260701-053720-SIDDHIGUPTAB00B,2026-07-01 05:56:46.510000+00:00,-3.214,2026-07-01 05:56:43.296000+00:00,shortcut,Notepad,*確認 研究開発部 - Notepad,
17,FP,ses_20260701-053720-SIDDHIGUPTAB00B,2026-07-01 05:56:46.510000+00:00,-3.214,2026-07-01 05:56:43.296000+00:00,keystroke,Notepad,*確認 研究開発部 - Notepad,
17,FP,ses_20260701-053720-SIDDHIGUPTAB00B,2026-07-01 05:56:46.510000+00:00,-3.213,2026-07-01 05:56:43.297000+00:00,keystroke,Notepad,*確認 研究開発部 - Notepad,
17,FP,ses_20260701-053720-SIDDHIGUPTAB00B,2026-07-01 05:56:46.510000+00:00,-3.154,2026-07-01 05:56:43.356000+00:00,window_title_change,Notepad,*確認 研究開発部 - Notepad,
17,FP,ses_20260701-053720-SIDDHIGUPTAB00B,2026-07-01 05:56:46.510000+00:00,-3.091,2026-07-01 05:56:43.419000+00:00,screenshot_smart,Notepad,*確認 研究開発部 - Notepad,
17,FP,ses_20260701-053720-SIDDHIGUPTAB00B,2026-07-01 05:56:46.510000+00:00,-0.959,2026-07-01 05:56:45.551000+00:00,app_switch,Notepad,*確認 研究開発部 - Notepad,
17,FP,ses_20260701-053720-SIDDHIGUPTAB00B,2026-07-01 05:56:46.510000+00:00,-0.9299999999999999,2026-07-01 05:56:45.580000+00:00,screenshot_smart,Notepad,*確認 研究開発部 - Notepad,
17,FP,ses_20260701-053720-SIDDHIGUPTAB00B,2026-07-01 05:56:46.510000+00:00,0.003,2026-07-01 05:56:46.513000+00:00,mouse_scroll,Notepad,*確認 研究開発部 - Notepad,
17,FP,ses_20260701-053720-SIDDHIGUPTAB00B,2026-07-01 05:56:46.510000+00:00,0.052,2026-07-01 05:56:46.562000+00:00,app_switch,Notepad,*確認 研究開発部 - Notepad,
17,FP,ses_20260701-053720-SIDDHIGUPTAB00B,2026-07-01 05:56:46.510000+00:00,0.078,2026-07-01 05:56:46.588000+00:00,app_switch,Notepad,*確認 研究開発部 - Notepad,
17,FP,ses_20260701-053720-SIDDHIGUPTAB00B,2026-07-01 05:56:46.510000+00:00,0.109,2026-07-01 05:56:46.619000+00:00,screenshot_smart,Notepad,*確認 研究開発部 - Notepad,
17,FP,ses_20260701-053720-SIDDHIGUPTAB00B,2026-07-01 05:56:46.510000+00:00,0.131,2026-07-01 05:56:46.641000+00:00,app_switch,Notepad,*確認 研究開発部 - Notepad,
17,FP,ses_20260701-053720-SIDDHIGUPTAB00B,2026-07-01 05:56:46.510000+00:00,0.216,2026-07-01 05:56:46.726000+00:00,app_switch,Notepad,*確認 研究開発部 - Notepad,
17,FP,ses_20260701-053720-SIDDHIGUPTAB00B,2026-07-01 05:56:46.510000+00:00,0.249,2026-07-01 05:56:46.759000+00:00,app_switch,Notepad,*確認 研究開発部 - Notepad,
17,FP,ses_20260701-053720-SIDDHIGUPTAB00B,2026-07-01 05:56:46.510000+00:00,0.3,2026-07-01 05:56:46.810000+00:00,app_switch,Notepad,*確認 研究開発部 - Notepad,
17,FP,ses_20260701-053720-SIDDHIGUPTAB00B,2026-07-01 05:56:46.510000+00:00,0.36,2026-07-01 05:56:46.870000+00:00,app_switch,Notepad,*確認 研究開発部 - Notepad,
17,FP,ses_20260701-053720-SIDDHIGUPTAB00B,2026-07-01 05:56:46.510000+00:00,0.407,2026-07-01 05:56:46.917000+00:00,app_switch,Notepad,*確認 研究開発部 - Notepad,
17,FP,ses_20260701-053720-SIDDHIGUPTAB00B,2026-07-01 05:56:46.510000+00:00,0.458,2026-07-01 05:56:46.968000+00:00,app_switch,Notepad,*確認 研究開発部 - Notepad,
17,FP,ses_20260701-053720-SIDDHIGUPTAB00B,2026-07-01 05:56:46.510000+00:00,0.513,2026-07-01 05:56:47.023000+00:00,app_switch,Notepad,*確認 研究開発部 - Notepad,
17,FP,ses_20260701-053720-SIDDHIGUPTAB00B,2026-07-01 05:56:46.510000+00:00,0.566,2026-07-01 05:56:47.076000+00:00,app_switch,Notepad,*確認 研究開発部 - Notepad,
17,FP,ses_20260701-053720-SIDDHIGUPTAB00B,2026-07-01 05:56:46.510000+00:00,0.625,2026-07-01 05:56:47.135000+00:00,app_switch,Notepad,*確認 研究開発部 - Notepad,
17,FP,ses_20260701-053720-SIDDHIGUPTAB00B,2026-07-01 05:56:46.510000+00:00,0.632,2026-07-01 05:56:47.142000+00:00,screenshot_smart,Notepad,*確認 研究開発部 - Notepad,
17,FP,ses_20260701-053720-SIDDHIGUPTAB00B,2026-07-01 05:56:46.510000+00:00,0.682,2026-07-01 05:56:47.192000+00:00,app_switch,Notepad,*確認 研究開発部 - Notepad,
17,FP,ses_20260701-053720-SIDDHIGUPTAB00B,2026-07-01 05:56:46.510000+00:00,1.5510000000000002,2026-07-01 05:56:48.061000+00:00,app_switch,Notepad,*確認 研究開発部 - Notepad,
17,FP,ses_20260701-053720-SIDDHIGUPTAB00B,2026-07-01 05:56:46.510000+00:00,1.666,2026-07-01 05:56:48.176000+00:00,screenshot_smart,Notepad,*確認 研究開発部 - Notepad,
17,FP,ses_20260701-053720-SIDDHIGUPTAB00B,2026-07-01 05:56:46.510000+00:00,1.75,2026-07-01 05:56:48.260000+00:00,mouse_click,Google Chrome,受発注在庫管理システム - Google Chrome,
17,FP,ses_20260701-053720-SIDDHIGUPTAB00B,2026-07-01 05:56:46.510000+00:00,1.7890000000000001,2026-07-01 05:56:48.299000+00:00,browser_click,Google Chrome,受発注在庫管理システム - Google Chrome,
17,FP,ses_20260701-053720-SIDDHIGUPTAB00B,2026-07-01 05:56:46.510000+00:00,2.36,2026-07-01 05:56:48.870000+00:00,shortcut,Google Chrome,受発注在庫管理システム - Google Chrome,
17,FP,ses_20260701-053720-SIDDHIGUPTAB00B,2026-07-01 05:56:46.510000+00:00,2.36,2026-07-01 05:56:48.870000+00:00,keystroke,Google Chrome,受発注在庫管理システム - Google Chrome,
17,FP,ses_20260701-053720-SIDDHIGUPTAB00B,2026-07-01 05:56:46.510000+00:00,2.362,2026-07-01 05:56:48.872000+00:00,keystroke,Google Chrome,受発注在庫管理システム - Google Chrome,
17,FP,ses_20260701-053720-SIDDHIGUPTAB00B,2026-07-01 05:56:46.510000+00:00,2.422,2026-07-01 05:56:48.932000+00:00,clipboard_change,Google Chrome,受発注在庫管理システム - Google Chrome,
17,FP,ses_20260701-053720-SIDDHIGUPTAB00B,2026-07-01 05:56:46.510000+00:00,2.493,2026-07-01 05:56:49.003000+00:00,screenshot_smart,Google Chrome,受発注在庫管理システム - Google Chrome,
17,FP,ses_20260701-053720-SIDDHIGUPTAB00B,2026-07-01 05:56:46.510000+00:00,4.122,2026-07-01 05:56:50.632000+00:00,mouse_click,Google Chrome,受発注在庫管理システム - Google Chrome,
17,FP,ses_20260701-053720-SIDDHIGUPTAB00B,2026-07-01 05:56:46.510000+00:00,4.132,2026-07-01 05:56:50.642000+00:00,browser_form_input,Google Chrome,受発注在庫管理システム - Google Chrome,
17,FP,ses_20260701-053720-SIDDHIGUPTAB00B,2026-07-01 05:56:46.510000+00:00,4.138,2026-07-01 05:56:50.648000+00:00,browser_click,Google Chrome,受発注在庫管理システム - Google Chrome,
17,FP,ses_20260701-053720-SIDDHIGUPTAB00B,2026-07-01 05:56:46.510000+00:00,4.295,2026-07-01 05:56:50.805000+00:00,screenshot_smart,Google Chrome,受発注在庫管理システム - Google Chrome,
18,FP,ses_20260701-053720-SIDDHIGUPTAB00B,2026-07-01 05:50:04.510000+00:00,-4.178,2026-07-01 05:50:00.332000+00:00,app_switch,Notepad,*確認 研究開発部 - Notepad,
18,FP,ses_20260701-053720-SIDDHIGUPTAB00B,2026-07-01 05:50:04.510000+00:00,-4.072,2026-07-01 05:50:00.438000+00:00,screenshot_smart,Notepad,*確認 研究開発部 - Notepad,
18,FP,ses_20260701-053720-SIDDHIGUPTAB00B,2026-07-01 05:50:04.510000+00:00,-2.866,2026-07-01 05:50:01.644000+00:00,shortcut,Notepad,*確認 研究開発部 - Notepad,
18,FP,ses_20260701-053720-SIDDHIGUPTAB00B,2026-07-01 05:50:04.510000+00:00,-2.866,2026-07-01 05:50:01.644000+00:00,keystroke,Notepad,*確認 研究開発部 - Notepad,
18,FP,ses_20260701-053720-SIDDHIGUPTAB00B,2026-07-01 05:50:04.510000+00:00,-2.862,2026-07-01 05:50:01.648000+00:00,keystroke,Notepad,*確認 研究開発部 - Notepad,
18,FP,ses_20260701-053720-SIDDHIGUPTAB00B,2026-07-01 05:50:04.510000+00:00,-2.714,2026-07-01 05:50:01.796000+00:00,screenshot_smart,Notepad,*確認 研究開発部 - Notepad,
18,FP,ses_20260701-053720-SIDDHIGUPTAB00B,2026-07-01 05:50:04.510000+00:00,-2.623,2026-07-01 05:50:01.887000+00:00,shortcut,Notepad,*確認 研究開発部 - Notepad,
18,FP,ses_20260701-053720-SIDDHIGUPTAB00B,2026-07-01 05:50:04.510000+00:00,-2.623,2026-07-01 05:50:01.887000+00:00,keystroke,Notepad,*確認 研究開発部 - Notepad,
18,FP,ses_20260701-053720-SIDDHIGUPTAB00B,2026-07-01 05:50:04.510000+00:00,-2.622,2026-07-01 05:50:01.888000+00:00,keystroke,Notepad,*確認 研究開発部 - Notepad,
18,FP,ses_20260701-053720-SIDDHIGUPTAB00B,2026-07-01 05:50:04.510000+00:00,-2.513,2026-07-01 05:50:01.997000+00:00,clipboard_change,Notepad,*確認 研究開発部 - Notepad,
18,FP,ses_20260701-053720-SIDDHIGUPTAB00B,2026-07-01 05:50:04.510000+00:00,-2.41,2026-07-01 05:50:02.100000+00:00,clipboard_change,Notepad,*確認 研究開発部 - Notepad,
18,FP,ses_20260701-053720-SIDDHIGUPTAB00B,2026-07-01 05:50:04.510000+00:00,-2.371,2026-07-01 05:50:02.139000+00:00,shortcut,Notepad,*確認 研究開発部 - Notepad,
18,FP,ses_20260701-053720-SIDDHIGUPTAB00B,2026-07-01 05:50:04.510000+00:00,-2.371,2026-07-01 05:50:02.139000+00:00,keystroke,Notepad,*確認 研究開発部 - Notepad,
18,FP,ses_20260701-053720-SIDDHIGUPTAB00B,2026-07-01 05:50:04.510000+00:00,-2.3689999999999998,2026-07-01 05:50:02.141000+00:00,keystroke,Notepad,*確認 研究開発部 - Notepad,
18,FP,ses_20260701-053720-SIDDHIGUPTAB00B,2026-07-01 05:50:04.510000+00:00,-2.319,2026-07-01 05:50:02.191000+00:00,window_title_change,Notepad,*確認 研究開発部 - Notepad,
18,FP,ses_20260701-053720-SIDDHIGUPTAB00B,2026-07-01 05:50:04.510000+00:00,-2.2279999999999998,2026-07-01 05:50:02.282000+00:00,screenshot_smart,Notepad,*確認 研究開発部 - Notepad,
18,FP,ses_20260701-053720-SIDDHIGUPTAB00B,2026-07-01 05:50:04.510000+00:00,-0.838,2026-07-01 05:50:03.672000+00:00,app_switch,Notepad,*確認 研究開発部 - Notepad,
18,FP,ses_20260701-053720-SIDDHIGUPTAB00B,2026-07-01 05:50:04.510000+00:00,-0.796,2026-07-01 05:50:03.714000+00:00,screenshot_smart,Notepad,*確認 研究開発部 - Notepad,
18,FP,ses_20260701-053720-SIDDHIGUPTAB00B,2026-07-01 05:50:04.510000+00:00,0.047,2026-07-01 05:50:04.557000+00:00,app_switch,Notepad,*確認 研究開発部 - Notepad,
18,FP,ses_20260701-053720-SIDDHIGUPTAB00B,2026-07-01 05:50:04.510000+00:00,0.085,2026-07-01 05:50:04.595000+00:00,app_switch,Notepad,*確認 研究開発部 - Notepad,
18,FP,ses_20260701-053720-SIDDHIGUPTAB00B,2026-07-01 05:50:04.510000+00:00,0.101,2026-07-01 05:50:04.611000+00:00,screenshot_smart,Notepad,*確認 研究開発部 - Notepad,
18,FP,ses_20260701-053720-SIDDHIGUPTAB00B,2026-07-01 05:50:04.510000+00:00,0.126,2026-07-01 05:50:04.636000+00:00,mouse_scroll,Notepad,*確認 研究開発部 - Notepad,
18,FP,ses_20260701-053720-SIDDHIGUPTAB00B,2026-07-01 05:50:04.510000+00:00,0.152,2026-07-01 05:50:04.662000+00:00,app_switch,Notepad,*確認 研究開発部 - Notepad,
18,FP,ses_20260701-053720-SIDDHIGUPTAB00B,2026-07-01 05:50:04.510000+00:00,0.228,2026-07-01 05:50:04.738000+00:00,app_switch,Notepad,*確認 研究開発部 - Notepad,
18,FP,ses_20260701-053720-SIDDHIGUPTAB00B,2026-07-01 05:50:04.510000+00:00,0.254,2026-07-01 05:50:04.764000+00:00,app_switch,Notepad,*確認 研究開発部 - Notepad,
18,FP,ses_20260701-053720-SIDDHIGUPTAB00B,2026-07-01 05:50:04.510000+00:00,0.304,2026-07-01 05:50:04.814000+00:00,app_switch,Notepad,*確認 研究開発部 - Notepad,
18,FP,ses_20260701-053720-SIDDHIGUPTAB00B,2026-07-01 05:50:04.510000+00:00,0.364,2026-07-01 05:50:04.874000+00:00,app_switch,Notepad,*確認 研究開発部 - Notepad,
18,FP,ses_20260701-053720-SIDDHIGUPTAB00B,2026-07-01 05:50:04.510000+00:00,0.418,2026-07-01 05:50:04.928000+00:00,app_switch,Notepad,*確認 研究開発部 - Notepad,
18,FP,ses_20260701-053720-SIDDHIGUPTAB00B,2026-07-01 05:50:04.510000+00:00,0.468,2026-07-01 05:50:04.978000+00:00,app_switch,Notepad,*確認 研究開発部 - Notepad,
18,FP,ses_20260701-053720-SIDDHIGUPTAB00B,2026-07-01 05:50:04.510000+00:00,0.527,2026-07-01 05:50:05.037000+00:00,app_switch,Notepad,*確認 研究開発部 - Notepad,
18,FP,ses_20260701-053720-SIDDHIGUPTAB00B,2026-07-01 05:50:04.510000+00:00,0.575,2026-07-01 05:50:05.085000+00:00,app_switch,Notepad,*確認 研究開発部 - Notepad,
18,FP,ses_20260701-053720-SIDDHIGUPTAB00B,2026-07-01 05:50:04.510000+00:00,0.629,2026-07-01 05:50:05.139000+00:00,app_switch,Notepad,*確認 研究開発部 - Notepad,
18,FP,ses_20260701-053720-SIDDHIGUPTAB00B,2026-07-01 05:50:04.510000+00:00,0.671,2026-07-01 05:50:05.181000+00:00,screenshot_smart,Notepad,*確認 研究開発部 - Notepad,
18,FP,ses_20260701-053720-SIDDHIGUPTAB00B,2026-07-01 05:50:04.510000+00:00,0.686,2026-07-01 05:50:05.196000+00:00,app_switch,Notepad,*確認 研究開発部 - Notepad,
18,FP,ses_20260701-053720-SIDDHIGUPTAB00B,2026-07-01 05:50:04.510000+00:00,1.76,2026-07-01 05:50:06.270000+00:00,app_switch,Notepad,*確認 研究開発部 - Notepad,
18,FP,ses_20260701-053720-SIDDHIGUPTAB00B,2026-07-01 05:50:04.510000+00:00,1.81,2026-07-01 05:50:06.320000+00:00,screenshot_smart,Notepad,*確認 研究開発部 - Notepad,
18,FP,ses_20260701-053720-SIDDHIGUPTAB00B,2026-07-01 05:50:04.510000+00:00,1.9529999999999998,2026-07-01 05:50:06.463000+00:00,mouse_click,Google Chrome,財務会計システム - Google Chrome,
18,FP,ses_20260701-053720-SIDDHIGUPTAB00B,2026-07-01 05:50:04.510000+00:00,1.97,2026-07-01 05:50:06.480000+00:00,browser_click,Google Chrome,財務会計システム - Google Chrome,
18,FP,ses_20260701-053720-SIDDHIGUPTAB00B,2026-07-01 05:50:04.510000+00:00,2.423,2026-07-01 05:50:06.933000+00:00,shortcut,Google Chrome,財務会計システム - Google Chrome,
18,FP,ses_20260701-053720-SIDDHIGUPTAB00B,2026-07-01 05:50:04.510000+00:00,2.423,2026-07-01 05:50:06.933000+00:00,keystroke,Google Chrome,財務会計システム - Google Chrome,
18,FP,ses_20260701-053720-SIDDHIGUPTAB00B,2026-07-01 05:50:04.510000+00:00,2.424,2026-07-01 05:50:06.934000+00:00,keystroke,Google Chrome,財務会計システム - Google Chrome,
18,FP,ses_20260701-053720-SIDDHIGUPTAB00B,2026-07-01 05:50:04.510000+00:00,2.463,2026-07-01 05:50:06.973000+00:00,clipboard_change,Google Chrome,財務会計システム - Google Chrome,
18,FP,ses_20260701-053720-SIDDHIGUPTAB00B,2026-07-01 05:50:04.510000+00:00,2.513,2026-07-01 05:50:07.023000+00:00,screenshot_smart,Google Chrome,財務会計システム - Google Chrome,
18,FP,ses_20260701-053720-SIDDHIGUPTAB00B,2026-07-01 05:50:04.510000+00:00,4.075,2026-07-01 05:50:08.585000+00:00,mouse_click,Google Chrome,財務会計システム - Google Chrome,
18,FP,ses_20260701-053720-SIDDHIGUPTAB00B,2026-07-01 05:50:04.510000+00:00,4.089,2026-07-01 05:50:08.599000+00:00,browser_form_input,Google Chrome,財務会計システム - Google Chrome,
18,FP,ses_20260701-053720-SIDDHIGUPTAB00B,2026-07-01 05:50:04.510000+00:00,4.097,2026-07-01 05:50:08.607000+00:00,browser_click,Google Chrome,財務会計システム - Google Chrome,
18,FP,ses_20260701-053720-SIDDHIGUPTAB00B,2026-07-01 05:50:04.510000+00:00,4.209,2026-07-01 05:50:08.719000+00:00,screenshot_smart,Google Chrome,財務会計システム - Google Chrome,
19,FP,ses_20260701-035622-SIDDHIGUPTAB00B,2026-07-01 04:10:06.434000+00:00,-4.22,2026-07-01 04:10:02.214000+00:00,app_switch,Notepad,*Untitled - Notepad,
19,FP,ses_20260701-035622-SIDDHIGUPTAB00B,2026-07-01 04:10:06.434000+00:00,-4.144,2026-07-01 04:10:02.290000+00:00,screenshot_smart,Notepad,*Untitled - Notepad,
19,FP,ses_20260701-035622-SIDDHIGUPTAB00B,2026-07-01 04:10:06.434000+00:00,-3.386,2026-07-01 04:10:03.048000+00:00,shortcut,Notepad,*Untitled - Notepad,
19,FP,ses_20260701-035622-SIDDHIGUPTAB00B,2026-07-01 04:10:06.434000+00:00,-3.386,2026-07-01 04:10:03.048000+00:00,keystroke,Notepad,*Untitled - Notepad,
19,FP,ses_20260701-035622-SIDDHIGUPTAB00B,2026-07-01 04:10:06.434000+00:00,-3.385,2026-07-01 04:10:03.049000+00:00,keystroke,Notepad,*Untitled - Notepad,
19,FP,ses_20260701-035622-SIDDHIGUPTAB00B,2026-07-01 04:10:06.434000+00:00,-3.279,2026-07-01 04:10:03.155000+00:00,screenshot_smart,Notepad,*Untitled - Notepad,
19,FP,ses_20260701-035622-SIDDHIGUPTAB00B,2026-07-01 04:10:06.434000+00:00,-3.165,2026-07-01 04:10:03.269000+00:00,clipboard_change,Notepad,*Untitled - Notepad,
19,FP,ses_20260701-035622-SIDDHIGUPTAB00B,2026-07-01 04:10:06.434000+00:00,-3.154,2026-07-01 04:10:03.280000+00:00,shortcut,Notepad,*Untitled - Notepad,
19,FP,ses_20260701-035622-SIDDHIGUPTAB00B,2026-07-01 04:10:06.434000+00:00,-3.154,2026-07-01 04:10:03.280000+00:00,keystroke,Notepad,*Untitled - Notepad,
19,FP,ses_20260701-035622-SIDDHIGUPTAB00B,2026-07-01 04:10:06.434000+00:00,-3.153,2026-07-01 04:10:03.281000+00:00,keystroke,Notepad,*Untitled - Notepad,
19,FP,ses_20260701-035622-SIDDHIGUPTAB00B,2026-07-01 04:10:06.434000+00:00,-2.964,2026-07-01 04:10:03.470000+00:00,clipboard_change,Notepad,*Untitled - Notepad,
19,FP,ses_20260701-035622-SIDDHIGUPTAB00B,2026-07-01 04:10:06.434000+00:00,-2.901,2026-07-01 04:10:03.533000+00:00,shortcut,Notepad,*Untitled - Notepad,
19,FP,ses_20260701-035622-SIDDHIGUPTAB00B,2026-07-01 04:10:06.434000+00:00,-2.901,2026-07-01 04:10:03.533000+00:00,keystroke,Notepad,*Untitled - Notepad,
19,FP,ses_20260701-035622-SIDDHIGUPTAB00B,2026-07-01 04:10:06.434000+00:00,-2.899,2026-07-01 04:10:03.535000+00:00,keystroke,Notepad,*Untitled - Notepad,
19,FP,ses_20260701-035622-SIDDHIGUPTAB00B,2026-07-01 04:10:06.434000+00:00,-0.8200000000000001,2026-07-01 04:10:05.614000+00:00,app_switch,Notepad,*Untitled - Notepad,
19,FP,ses_20260701-035622-SIDDHIGUPTAB00B,2026-07-01 04:10:06.434000+00:00,-0.642,2026-07-01 04:10:05.792000+00:00,screenshot_smart,Notepad,*Untitled - Notepad,
19,FP,ses_20260701-035622-SIDDHIGUPTAB00B,2026-07-01 04:10:06.434000+00:00,0.068,2026-07-01 04:10:06.502000+00:00,mouse_scroll,Notepad,*Untitled - Notepad,
19,FP,ses_20260701-035622-SIDDHIGUPTAB00B,2026-07-01 04:10:06.434000+00:00,0.127,2026-07-01 04:10:06.561000+00:00,screenshot_smart,Notepad,*Untitled - Notepad,
19,FP,ses_20260701-035622-SIDDHIGUPTAB00B,2026-07-01 04:10:06.434000+00:00,0.134,2026-07-01 04:10:06.568000+00:00,app_switch,Notepad,*Untitled - Notepad,
19,FP,ses_20260701-035622-SIDDHIGUPTAB00B,2026-07-01 04:10:06.434000+00:00,0.202,2026-07-01 04:10:06.636000+00:00,app_switch,Notepad,*Untitled - Notepad,
19,FP,ses_20260701-035622-SIDDHIGUPTAB00B,2026-07-01 04:10:06.434000+00:00,0.258,2026-07-01 04:10:06.692000+00:00,app_switch,Notepad,*Untitled - Notepad,
19,FP,ses_20260701-035622-SIDDHIGUPTAB00B,2026-07-01 04:10:06.434000+00:00,0.285,2026-07-01 04:10:06.719000+00:00,app_switch,Notepad,*Untitled - Notepad,
19,FP,ses_20260701-035622-SIDDHIGUPTAB00B,2026-07-01 04:10:06.434000+00:00,0.336,2026-07-01 04:10:06.770000+00:00,app_switch,Notepad,*Untitled - Notepad,
19,FP,ses_20260701-035622-SIDDHIGUPTAB00B,2026-07-01 04:10:06.434000+00:00,0.39,2026-07-01 04:10:06.824000+00:00,app_switch,Notepad,*Untitled - Notepad,
19,FP,ses_20260701-035622-SIDDHIGUPTAB00B,2026-07-01 04:10:06.434000+00:00,0.446,2026-07-01 04:10:06.880000+00:00,app_switch,Notepad,*Untitled - Notepad,
19,FP,ses_20260701-035622-SIDDHIGUPTAB00B,2026-07-01 04:10:06.434000+00:00,0.498,2026-07-01 04:10:06.932000+00:00,app_switch,Notepad,*Untitled - Notepad,
19,FP,ses_20260701-035622-SIDDHIGUPTAB00B,2026-07-01 04:10:06.434000+00:00,0.549,2026-07-01 04:10:06.983000+00:00,app_switch,Notepad,*Untitled - Notepad,
19,FP,ses_20260701-035622-SIDDHIGUPTAB00B,2026-07-01 04:10:06.434000+00:00,0.608,2026-07-01 04:10:07.042000+00:00,app_switch,Notepad,*Untitled - Notepad,
19,FP,ses_20260701-035622-SIDDHIGUPTAB00B,2026-07-01 04:10:06.434000+00:00,0.657,2026-07-01 04:10:07.091000+00:00,app_switch,Notepad,*Untitled - Notepad,
19,FP,ses_20260701-035622-SIDDHIGUPTAB00B,2026-07-01 04:10:06.434000+00:00,0.702,2026-07-01 04:10:07.136000+00:00,screenshot_smart,Notepad,*Untitled - Notepad,
19,FP,ses_20260701-035622-SIDDHIGUPTAB00B,2026-07-01 04:10:06.434000+00:00,0.713,2026-07-01 04:10:07.147000+00:00,app_switch,Notepad,*Untitled - Notepad,
19,FP,ses_20260701-035622-SIDDHIGUPTAB00B,2026-07-01 04:10:06.434000+00:00,0.776,2026-07-01 04:10:07.210000+00:00,app_switch,Notepad,*Untitled - Notepad,
19,FP,ses_20260701-035622-SIDDHIGUPTAB00B,2026-07-01 04:10:06.434000+00:00,1.702,2026-07-01 04:10:08.136000+00:00,app_switch,Notepad,*Untitled - Notepad,
19,FP,ses_20260701-035622-SIDDHIGUPTAB00B,2026-07-01 04:10:06.434000+00:00,1.803,2026-07-01 04:10:08.237000+00:00,screenshot_smart,Notepad,*Untitled - Notepad,
19,FP,ses_20260701-035622-SIDDHIGUPTAB00B,2026-07-01 04:10:06.434000+00:00,1.874,2026-07-01 04:10:08.308000+00:00,mouse_click,Google Chrome,財務会計システム - Google Chrome,
19,FP,ses_20260701-035622-SIDDHIGUPTAB00B,2026-07-01 04:10:06.434000+00:00,1.903,2026-07-01 04:10:08.337000+00:00,browser_click,Google Chrome,財務会計システム - Google Chrome,
19,FP,ses_20260701-035622-SIDDHIGUPTAB00B,2026-07-01 04:10:06.434000+00:00,2.518,2026-07-01 04:10:08.952000+00:00,clipboard_change,Google Chrome,財務会計システム - Google Chrome,
19,FP,ses_20260701-035622-SIDDHIGUPTAB00B,2026-07-01 04:10:06.434000+00:00,2.566,2026-07-01 04:10:09+00:00,shortcut,Google Chrome,財務会計システム - Google Chrome,
19,FP,ses_20260701-035622-SIDDHIGUPTAB00B,2026-07-01 04:10:06.434000+00:00,2.566,2026-07-01 04:10:09+00:00,keystroke,Google Chrome,財務会計システム - Google Chrome,
19,FP,ses_20260701-035622-SIDDHIGUPTAB00B,2026-07-01 04:10:06.434000+00:00,2.568,2026-07-01 04:10:09.002000+00:00,keystroke,Google Chrome,財務会計システム - Google Chrome,
19,FP,ses_20260701-035622-SIDDHIGUPTAB00B,2026-07-01 04:10:06.434000+00:00,2.605,2026-07-01 04:10:09.039000+00:00,screenshot_smart,Google Chrome,財務会計システム - Google Chrome,
19,FP,ses_20260701-035622-SIDDHIGUPTAB00B,2026-07-01 04:10:06.434000+00:00,4.314,2026-07-01 04:10:10.748000+00:00,mouse_click,Google Chrome,財務会計システム - Google Chrome,
19,FP,ses_20260701-035622-SIDDHIGUPTAB00B,2026-07-01 04:10:06.434000+00:00,4.338,2026-07-01 04:10:10.772000+00:00,browser_form_input,Google Chrome,財務会計システム - Google Chrome,
19,FP,ses_20260701-035622-SIDDHIGUPTAB00B,2026-07-01 04:10:06.434000+00:00,4.343,2026-07-01 04:10:10.777000+00:00,browser_click,Google Chrome,財務会計システム - Google Chrome,
19,FP,ses_20260701-035622-SIDDHIGUPTAB00B,2026-07-01 04:10:06.434000+00:00,4.502,2026-07-01 04:10:10.936000+00:00,screenshot_smart,Google Chrome,財務会計システム - Google Chrome,
20,FP,ses_20260630-164418-MSI,2026-06-30 17:02:40.982000+00:00,-4.6129999999999995,2026-06-30 17:02:36.369000+00:00,app_switch,Microsoft Word,Supplier_List  -  Compatibility Mode - Word,
20,FP,ses_20260630-164418-MSI,2026-06-30 17:02:40.982000+00:00,-4.516,2026-06-30 17:02:36.466000+00:00,screenshot_smart,Microsoft Word,Supplier_List  -  Compatibility Mode - Word,
20,FP,ses_20260630-164418-MSI,2026-06-30 17:02:40.982000+00:00,-4.311,2026-06-30 17:02:36.671000+00:00,app_switch,Microsoft Word,Supplier_List  -  Compatibility Mode - Word,
20,FP,ses_20260630-164418-MSI,2026-06-30 17:02:40.982000+00:00,-3.735,2026-06-30 17:02:37.247000+00:00,app_switch,Microsoft Word,Supplier_List  -  Compatibility Mode - Word,
20,FP,ses_20260630-164418-MSI,2026-06-30 17:02:40.982000+00:00,-3.682,2026-06-30 17:02:37.300000+00:00,screenshot_smart,Microsoft Word,Supplier_List  -  Compatibility Mode - Word,
20,FP,ses_20260630-164418-MSI,2026-06-30 17:02:40.982000+00:00,-3.141,2026-06-30 17:02:37.841000+00:00,shortcut,Microsoft Word,Supplier_List  -  Compatibility Mode - Word,
20,FP,ses_20260630-164418-MSI,2026-06-30 17:02:40.982000+00:00,-3.141,2026-06-30 17:02:37.841000+00:00,keystroke,Microsoft Word,Supplier_List  -  Compatibility Mode - Word,
20,FP,ses_20260630-164418-MSI,2026-06-30 17:02:40.982000+00:00,-3.14,2026-06-30 17:02:37.842000+00:00,keystroke,Microsoft Word,Supplier_List  -  Compatibility Mode - Word,
20,FP,ses_20260630-164418-MSI,2026-06-30 17:02:40.982000+00:00,-3.028,2026-06-30 17:02:37.954000+00:00,screenshot_smart,Microsoft Word,Supplier_List  -  Compatibility Mode - Word,
20,FP,ses_20260630-164418-MSI,2026-06-30 17:02:40.982000+00:00,-2.944,2026-06-30 17:02:38.038000+00:00,clipboard_change,Microsoft Word,Supplier_List  -  Compatibility Mode - Word,
20,FP,ses_20260630-164418-MSI,2026-06-30 17:02:40.982000+00:00,-2.913,2026-06-30 17:02:38.069000+00:00,shortcut,Microsoft Word,Supplier_List  -  Compatibility Mode - Word,
20,FP,ses_20260630-164418-MSI,2026-06-30 17:02:40.982000+00:00,-2.913,2026-06-30 17:02:38.069000+00:00,keystroke,Microsoft Word,Supplier_List  -  Compatibility Mode - Word,
20,FP,ses_20260630-164418-MSI,2026-06-30 17:02:40.982000+00:00,-2.91,2026-06-30 17:02:38.072000+00:00,keystroke,Microsoft Word,Supplier_List  -  Compatibility Mode - Word,
20,FP,ses_20260630-164418-MSI,2026-06-30 17:02:40.982000+00:00,-2.714,2026-06-30 17:02:38.268000+00:00,clipboard_change,Microsoft Word,Supplier_List  -  Compatibility Mode - Word,
20,FP,ses_20260630-164418-MSI,2026-06-30 17:02:40.982000+00:00,-2.642,2026-06-30 17:02:38.340000+00:00,shortcut,Microsoft Word,Supplier_List  -  Compatibility Mode - Word,
20,FP,ses_20260630-164418-MSI,2026-06-30 17:02:40.982000+00:00,-2.642,2026-06-30 17:02:38.340000+00:00,keystroke,Microsoft Word,Supplier_List  -  Compatibility Mode - Word,
20,FP,ses_20260630-164418-MSI,2026-06-30 17:02:40.982000+00:00,-2.623,2026-06-30 17:02:38.359000+00:00,keystroke,Microsoft Word,Supplier_List  -  Compatibility Mode - Word,
20,FP,ses_20260630-164418-MSI,2026-06-30 17:02:40.982000+00:00,-2.4859999999999998,2026-06-30 17:02:38.496000+00:00,screenshot_smart,Microsoft Word,Supplier_List  -  Compatibility Mode - Word,
20,FP,ses_20260630-164418-MSI,2026-06-30 17:02:40.982000+00:00,-0.786,2026-06-30 17:02:40.196000+00:00,app_switch,Microsoft Word,Supplier_List  -  Compatibility Mode - Word,
20,FP,ses_20260630-164418-MSI,2026-06-30 17:02:40.982000+00:00,-0.74,2026-06-30 17:02:40.242000+00:00,screenshot_smart,Microsoft Word,Supplier_List  -  Compatibility Mode - Word,
20,FP,ses_20260630-164418-MSI,2026-06-30 17:02:40.982000+00:00,0.227,2026-06-30 17:02:41.209000+00:00,app_switch,Microsoft Word,Supplier_List  -  Compatibility Mode - Word,
20,FP,ses_20260630-164418-MSI,2026-06-30 17:02:40.982000+00:00,0.256,2026-06-30 17:02:41.238000+00:00,mouse_scroll,Microsoft Word,Supplier_List  -  Compatibility Mode - Word,
20,FP,ses_20260630-164418-MSI,2026-06-30 17:02:40.982000+00:00,0.28,2026-06-30 17:02:41.262000+00:00,app_switch,Microsoft Word,Supplier_List  -  Compatibility Mode - Word,
20,FP,ses_20260630-164418-MSI,2026-06-30 17:02:40.982000+00:00,0.3,2026-06-30 17:02:41.282000+00:00,screenshot_smart,Microsoft Word,Supplier_List  -  Compatibility Mode - Word,
20,FP,ses_20260630-164418-MSI,2026-06-30 17:02:40.982000+00:00,0.326,2026-06-30 17:02:41.308000+00:00,app_switch,Microsoft Word,Supplier_List  -  Compatibility Mode - Word,
20,FP,ses_20260630-164418-MSI,2026-06-30 17:02:40.982000+00:00,0.376,2026-06-30 17:02:41.358000+00:00,app_switch,Microsoft Word,Supplier_List  -  Compatibility Mode - Word,
20,FP,ses_20260630-164418-MSI,2026-06-30 17:02:40.982000+00:00,0.431,2026-06-30 17:02:41.413000+00:00,app_switch,Microsoft Word,Supplier_List  -  Compatibility Mode - Word,
20,FP,ses_20260630-164418-MSI,2026-06-30 17:02:40.982000+00:00,0.488,2026-06-30 17:02:41.470000+00:00,app_switch,Microsoft Word,Supplier_List  -  Compatibility Mode - Word,
20,FP,ses_20260630-164418-MSI,2026-06-30 17:02:40.982000+00:00,0.55,2026-06-30 17:02:41.532000+00:00,app_switch,Microsoft Word,Supplier_List  -  Compatibility Mode - Word,
20,FP,ses_20260630-164418-MSI,2026-06-30 17:02:40.982000+00:00,0.593,2026-06-30 17:02:41.575000+00:00,app_switch,Microsoft Word,Supplier_List  -  Compatibility Mode - Word,
20,FP,ses_20260630-164418-MSI,2026-06-30 17:02:40.982000+00:00,0.663,2026-06-30 17:02:41.645000+00:00,app_switch,Microsoft Word,Supplier_List  -  Compatibility Mode - Word,
20,FP,ses_20260630-164418-MSI,2026-06-30 17:02:40.982000+00:00,0.701,2026-06-30 17:02:41.683000+00:00,app_switch,Microsoft Word,Supplier_List  -  Compatibility Mode - Word,
20,FP,ses_20260630-164418-MSI,2026-06-30 17:02:40.982000+00:00,0.762,2026-06-30 17:02:41.744000+00:00,app_switch,Microsoft Word,Supplier_List  -  Compatibility Mode - Word,
20,FP,ses_20260630-164418-MSI,2026-06-30 17:02:40.982000+00:00,0.812,2026-06-30 17:02:41.794000+00:00,app_switch,Microsoft Word,Supplier_List  -  Compatibility Mode - Word,
20,FP,ses_20260630-164418-MSI,2026-06-30 17:02:40.982000+00:00,0.857,2026-06-30 17:02:41.839000+00:00,screenshot_smart,Microsoft Word,Supplier_List  -  Compatibility Mode - Word,
20,FP,ses_20260630-164418-MSI,2026-06-30 17:02:40.982000+00:00,0.875,2026-06-30 17:02:41.857000+00:00,app_switch,Microsoft Word,Supplier_List  -  Compatibility Mode - Word,
20,FP,ses_20260630-164418-MSI,2026-06-30 17:02:40.982000+00:00,1.79,2026-06-30 17:02:42.772000+00:00,app_switch,Microsoft Word,Supplier_List  -  Compatibility Mode - Word,
20,FP,ses_20260630-164418-MSI,2026-06-30 17:02:40.982000+00:00,1.901,2026-06-30 17:02:42.883000+00:00,screenshot_smart,Microsoft Word,Supplier_List  -  Compatibility Mode - Word,
20,FP,ses_20260630-164418-MSI,2026-06-30 17:02:40.982000+00:00,1.983,2026-06-30 17:02:42.965000+00:00,mouse_click,Google Chrome,受発注在庫管理システム - Google Chrome,
20,FP,ses_20260630-164418-MSI,2026-06-30 17:02:40.982000+00:00,1.994,2026-06-30 17:02:42.976000+00:00,browser_click,Google Chrome,受発注在庫管理システム - Google Chrome,
20,FP,ses_20260630-164418-MSI,2026-06-30 17:02:40.982000+00:00,2.585,2026-06-30 17:02:43.567000+00:00,clipboard_change,Google Chrome,受発注在庫管理システム - Google Chrome,
20,FP,ses_20260630-164418-MSI,2026-06-30 17:02:40.982000+00:00,2.6470000000000002,2026-06-30 17:02:43.629000+00:00,shortcut,Google Chrome,受発注在庫管理システム - Google Chrome,
20,FP,ses_20260630-164418-MSI,2026-06-30 17:02:40.982000+00:00,2.6470000000000002,2026-06-30 17:02:43.629000+00:00,keystroke,Google Chrome,受発注在庫管理システム - Google Chrome,
20,FP,ses_20260630-164418-MSI,2026-06-30 17:02:40.982000+00:00,2.649,2026-06-30 17:02:43.631000+00:00,keystroke,Google Chrome,受発注在庫管理システム - Google Chrome,
20,FP,ses_20260630-164418-MSI,2026-06-30 17:02:40.982000+00:00,2.751,2026-06-30 17:02:43.733000+00:00,screenshot_smart,Google Chrome,受発注在庫管理システム - Google Chrome,
20,FP,ses_20260630-164418-MSI,2026-06-30 17:02:40.982000+00:00,4.299,2026-06-30 17:02:45.281000+00:00,mouse_click,Google Chrome,受発注在庫管理システム - Google Chrome,
20,FP,ses_20260630-164418-MSI,2026-06-30 17:02:40.982000+00:00,4.3,2026-06-30 17:02:45.282000+00:00,browser_form_input,Google Chrome,受発注在庫管理システム - Google Chrome,
20,FP,ses_20260630-164418-MSI,2026-06-30 17:02:40.982000+00:00,4.301,2026-06-30 17:02:45.283000+00:00,browser_click,Google Chrome,受発注在庫管理システム - Google Chrome,
20,FP,ses_20260630-164418-MSI,2026-06-30 17:02:40.982000+00:00,4.4,2026-06-30 17:02:45.382000+00:00,screenshot_smart,Google Chrome,受発注在庫管理システム - Google Chrome,
21,FN,ses_20260630-121953-LAPTOP-R36BQBTE,2026-06-30 12:21:41.332221+00:00,-4.722221,2026-06-30 12:21:36.610000+00:00,shortcut,Google Chrome,財務会計システム - Google Chrome,
21,FN,ses_20260630-121953-LAPTOP-R36BQBTE,2026-06-30 12:21:41.332221+00:00,-4.722221,2026-06-30 12:21:36.610000+00:00,keystroke,Google Chrome,財務会計システム - Google Chrome,
21,FN,ses_20260630-121953-LAPTOP-R36BQBTE,2026-06-30 12:21:41.332221+00:00,-4.721221,2026-06-30 12:21:36.611000+00:00,keystroke,Google Chrome,財務会計システム - Google Chrome,
21,FN,ses_20260630-121953-LAPTOP-R36BQBTE,2026-06-30 12:21:41.332221+00:00,-4.646221,2026-06-30 12:21:36.686000+00:00,screenshot_smart,Google Chrome,財務会計システム - Google Chrome,
21,FN,ses_20260630-121953-LAPTOP-R36BQBTE,2026-06-30 12:21:41.332221+00:00,-2.7222210000000002,2026-06-30 12:21:38.610000+00:00,mouse_click,Google Chrome,財務会計システム - Google Chrome,
21,FN,ses_20260630-121953-LAPTOP-R36BQBTE,2026-06-30 12:21:41.332221+00:00,-0.39022100000000004,2026-06-30 12:21:40.942000+00:00,app_switch,Google Chrome,財務会計システム - Google Chrome,
21,FN,ses_20260630-121953-LAPTOP-R36BQBTE,2026-06-30 12:21:41.332221+00:00,-0.29622099999999996,2026-06-30 12:21:41.036000+00:00,screenshot_smart,Google Chrome,財務会計システム - Google Chrome,
21,FN,ses_20260630-121953-LAPTOP-R36BQBTE,2026-06-30 12:21:41.332221+00:00,0.175779,2026-06-30 12:21:41.508000+00:00,app_switch,Google Chrome,財務会計システム - Google Chrome,
21,FN,ses_20260630-121953-LAPTOP-R36BQBTE,2026-06-30 12:21:41.332221+00:00,0.222779,2026-06-30 12:21:41.555000+00:00,app_switch,Google Chrome,財務会計システム - Google Chrome,
21,FN,ses_20260630-121953-LAPTOP-R36BQBTE,2026-06-30 12:21:41.332221+00:00,0.250779,2026-06-30 12:21:41.583000+00:00,screenshot_smart,Google Chrome,財務会計システム - Google Chrome,
21,FN,ses_20260630-121953-LAPTOP-R36BQBTE,2026-06-30 12:21:41.332221+00:00,0.279779,2026-06-30 12:21:41.612000+00:00,app_switch,Google Chrome,財務会計システム - Google Chrome,
21,FN,ses_20260630-121953-LAPTOP-R36BQBTE,2026-06-30 12:21:41.332221+00:00,0.331779,2026-06-30 12:21:41.664000+00:00,app_switch,Google Chrome,財務会計システム - Google Chrome,
21,FN,ses_20260630-121953-LAPTOP-R36BQBTE,2026-06-30 12:21:41.332221+00:00,0.391779,2026-06-30 12:21:41.724000+00:00,app_switch,Google Chrome,財務会計システム - Google Chrome,
21,FN,ses_20260630-121953-LAPTOP-R36BQBTE,2026-06-30 12:21:41.332221+00:00,0.446779,2026-06-30 12:21:41.779000+00:00,app_switch,Google Chrome,財務会計システム - Google Chrome,
21,FN,ses_20260630-121953-LAPTOP-R36BQBTE,2026-06-30 12:21:41.332221+00:00,0.504779,2026-06-30 12:21:41.837000+00:00,app_switch,Google Chrome,財務会計システム - Google Chrome,
21,FN,ses_20260630-121953-LAPTOP-R36BQBTE,2026-06-30 12:21:41.332221+00:00,0.550779,2026-06-30 12:21:41.883000+00:00,app_switch,Google Chrome,財務会計システム - Google Chrome,
21,FN,ses_20260630-121953-LAPTOP-R36BQBTE,2026-06-30 12:21:41.332221+00:00,0.604779,2026-06-30 12:21:41.937000+00:00,app_switch,Google Chrome,財務会計システム - Google Chrome,
21,FN,ses_20260630-121953-LAPTOP-R36BQBTE,2026-06-30 12:21:41.332221+00:00,0.661779,2026-06-30 12:21:41.994000+00:00,app_switch,Google Chrome,財務会計システム - Google Chrome,
21,FN,ses_20260630-121953-LAPTOP-R36BQBTE,2026-06-30 12:21:41.332221+00:00,0.712779,2026-06-30 12:21:42.045000+00:00,app_switch,Google Chrome,財務会計システム - Google Chrome,
21,FN,ses_20260630-121953-LAPTOP-R36BQBTE,2026-06-30 12:21:41.332221+00:00,0.771779,2026-06-30 12:21:42.104000+00:00,app_switch,Google Chrome,財務会計システム - Google Chrome,
21,FN,ses_20260630-121953-LAPTOP-R36BQBTE,2026-06-30 12:21:41.332221+00:00,0.788779,2026-06-30 12:21:42.121000+00:00,screenshot_smart,Google Chrome,財務会計システム - Google Chrome,
21,FN,ses_20260630-121953-LAPTOP-R36BQBTE,2026-06-30 12:21:41.332221+00:00,0.837779,2026-06-30 12:21:42.170000+00:00,app_switch,Google Chrome,財務会計システム - Google Chrome,
21,FN,ses_20260630-121953-LAPTOP-R36BQBTE,2026-06-30 12:21:41.332221+00:00,3.613779,2026-06-30 12:21:44.946000+00:00,app_switch,Google Chrome,財務会計システム - Google Chrome,
21,FN,ses_20260630-121953-LAPTOP-R36BQBTE,2026-06-30 12:21:41.332221+00:00,3.635779,2026-06-30 12:21:44.968000+00:00,screenshot_smart,Google Chrome,財務会計システム - Google Chrome,
21,FN,ses_20260630-121953-LAPTOP-R36BQBTE,2026-06-30 12:21:41.332221+00:00,3.662779,2026-06-30 12:21:44.995000+00:00,app_switch,Google Chrome,財務会計システム - Google Chrome,
21,FN,ses_20260630-121953-LAPTOP-R36BQBTE,2026-06-30 12:21:41.332221+00:00,3.713779,2026-06-30 12:21:45.046000+00:00,app_switch,Google Chrome,財務会計システム - Google Chrome,
21,FN,ses_20260630-121953-LAPTOP-R36BQBTE,2026-06-30 12:21:41.332221+00:00,3.767779,2026-06-30 12:21:45.100000+00:00,app_switch,Google Chrome,財務会計システム - Google Chrome,
21,FN,ses_20260630-121953-LAPTOP-R36BQBTE,2026-06-30 12:21:41.332221+00:00,3.8297790000000003,2026-06-30 12:21:45.162000+00:00,app_switch,Google Chrome,財務会計システム - Google Chrome,
21,FN,ses_20260630-121953-LAPTOP-R36BQBTE,2026-06-30 12:21:41.332221+00:00,3.8787789999999998,2026-06-30 12:21:45.211000+00:00,app_switch,Google Chrome,財務会計システム - Google Chrome,
21,FN,ses_20260630-121953-LAPTOP-R36BQBTE,2026-06-30 12:21:41.332221+00:00,3.942779,2026-06-30 12:21:45.275000+00:00,app_switch,Google Chrome,財務会計システム - Google Chrome,
21,FN,ses_20260630-121953-LAPTOP-R36BQBTE,2026-06-30 12:21:41.332221+00:00,3.983779,2026-06-30 12:21:45.316000+00:00,app_switch,Google Chrome,財務会計システム - Google Chrome,
21,FN,ses_20260630-121953-LAPTOP-R36BQBTE,2026-06-30 12:21:41.332221+00:00,4.048779,2026-06-30 12:21:45.381000+00:00,app_switch,Google Chrome,財務会計システム - Google Chrome,
21,FN,ses_20260630-121953-LAPTOP-R36BQBTE,2026-06-30 12:21:41.332221+00:00,4.113779,2026-06-30 12:21:45.446000+00:00,app_switch,Google Chrome,財務会計システム - Google Chrome,
21,FN,ses_20260630-121953-LAPTOP-R36BQBTE,2026-06-30 12:21:41.332221+00:00,4.153779,2026-06-30 12:21:45.486000+00:00,app_switch,Google Chrome,財務会計システム - Google Chrome,
21,FN,ses_20260630-121953-LAPTOP-R36BQBTE,2026-06-30 12:21:41.332221+00:00,4.171779,2026-06-30 12:21:45.504000+00:00,screenshot_smart,Google Chrome,財務会計システム - Google Chrome,
21,FN,ses_20260630-121953-LAPTOP-R36BQBTE,2026-06-30 12:21:41.332221+00:00,4.209779,2026-06-30 12:21:45.542000+00:00,app_switch,Google Chrome,財務会計システム - Google Chrome,
21,FN,ses_20260630-121953-LAPTOP-R36BQBTE,2026-06-30 12:21:41.332221+00:00,4.265779,2026-06-30 12:21:45.598000+00:00,app_switch,Google Chrome,財務会計システム - Google Chrome,
22,FN,ses_20260630-124826-CHAITANYA0BCF,2026-06-30 12:49:59.457850+00:00,-3.48485,2026-06-30 12:49:55.973000+00:00,mouse_click,Google Chrome,受発注在庫管理システム - Google Chrome,
22,FN,ses_20260630-124826-CHAITANYA0BCF,2026-06-30 12:49:59.457850+00:00,-3.47885,2026-06-30 12:49:55.979000+00:00,browser_form_input,Google Chrome,受発注在庫管理システム - Google Chrome,
22,FN,ses_20260630-124826-CHAITANYA0BCF,2026-06-30 12:49:59.457850+00:00,-3.4768499999999998,2026-06-30 12:49:55.981000+00:00,browser_click,Google Chrome,受発注在庫管理システム - Google Chrome,
22,FN,ses_20260630-124826-CHAITANYA0BCF,2026-06-30 12:49:59.457850+00:00,-3.34185,2026-06-30 12:49:56.116000+00:00,screenshot_smart,Google Chrome,受発注在庫管理システム - Google Chrome,
22,FN,ses_20260630-124826-CHAITANYA0BCF,2026-06-30 12:49:59.457850+00:00,0.90215,2026-06-30 12:50:00.360000+00:00,browser_navigation,Google Chrome,受発注在庫管理システム - Google Chrome,
22,FN,ses_20260630-124826-CHAITANYA0BCF,2026-06-30 12:49:59.457850+00:00,0.95715,2026-06-30 12:50:00.415000+00:00,screenshot_smart,Google Chrome,受発注在庫管理システム - Google Chrome,
22,FN,ses_20260630-124826-CHAITANYA0BCF,2026-06-30 12:49:59.457850+00:00,3.5791500000000003,2026-06-30 12:50:03.037000+00:00,mouse_click,Google Chrome,受発注在庫管理システム - Google Chrome,
22,FN,ses_20260630-124826-CHAITANYA0BCF,2026-06-30 12:49:59.457850+00:00,3.58515,2026-06-30 12:50:03.043000+00:00,browser_click,Google Chrome,受発注在庫管理システム - Google Chrome,
22,FN,ses_20260630-124826-CHAITANYA0BCF,2026-06-30 12:49:59.457850+00:00,3.64515,2026-06-30 12:50:03.103000+00:00,screenshot_smart,Google Chrome,受発注在庫管理システム - Google Chrome,
22,FN,ses_20260630-124826-CHAITANYA0BCF,2026-06-30 12:49:59.457850+00:00,3.67015,2026-06-30 12:50:03.128000+00:00,mouse_scroll,Google Chrome,受発注在庫管理システム - Google Chrome,
23,FN,ses_20260630-125757-LAPTOP-R36BQBTE,2026-06-30 12:59:33.421078+00:00,-4.971078,2026-06-30 12:59:28.450000+00:00,mouse_click,Google Chrome,受発注在庫管理システム - Google Chrome,
23,FN,ses_20260630-125757-LAPTOP-R36BQBTE,2026-06-30 12:59:33.421078+00:00,-4.432078,2026-06-30 12:59:28.989000+00:00,shortcut,Google Chrome,受発注在庫管理システム - Google Chrome,
23,FN,ses_20260630-125757-LAPTOP-R36BQBTE,2026-06-30 12:59:33.421078+00:00,-4.432078,2026-06-30 12:59:28.989000+00:00,keystroke,Google Chrome,受発注在庫管理システム - Google Chrome,
23,FN,ses_20260630-125757-LAPTOP-R36BQBTE,2026-06-30 12:59:33.421078+00:00,-4.430078,2026-06-30 12:59:28.991000+00:00,keystroke,Google Chrome,受発注在庫管理システム - Google Chrome,
23,FN,ses_20260630-125757-LAPTOP-R36BQBTE,2026-06-30 12:59:33.421078+00:00,-4.346078,2026-06-30 12:59:29.075000+00:00,screenshot_smart,Google Chrome,受発注在庫管理システム - Google Chrome,
23,FN,ses_20260630-125757-LAPTOP-R36BQBTE,2026-06-30 12:59:33.421078+00:00,-2.603078,2026-06-30 12:59:30.818000+00:00,mouse_click,Google Chrome,受発注在庫管理システム - Google Chrome,
23,FN,ses_20260630-125757-LAPTOP-R36BQBTE,2026-06-30 12:59:33.421078+00:00,-0.39307800000000004,2026-06-30 12:59:33.028000+00:00,app_switch,Google Chrome,受発注在庫管理システム - Google Chrome,
23,FN,ses_20260630-125757-LAPTOP-R36BQBTE,2026-06-30 12:59:33.421078+00:00,-0.29107799999999995,2026-06-30 12:59:33.130000+00:00,screenshot_smart,Google Chrome,受発注在庫管理システム - Google Chrome,
23,FN,ses_20260630-125757-LAPTOP-R36BQBTE,2026-06-30 12:59:33.421078+00:00,0.170922,2026-06-30 12:59:33.592000+00:00,app_switch,Google Chrome,受発注在庫管理システム - Google Chrome,
23,FN,ses_20260630-125757-LAPTOP-R36BQBTE,2026-06-30 12:59:33.421078+00:00,0.218922,2026-06-30 12:59:33.640000+00:00,app_switch,Google Chrome,受発注在庫管理システム - Google Chrome,
23,FN,ses_20260630-125757-LAPTOP-R36BQBTE,2026-06-30 12:59:33.421078+00:00,0.255922,2026-06-30 12:59:33.677000+00:00,screenshot_smart,Google Chrome,受発注在庫管理システム - Google Chrome,
23,FN,ses_20260630-125757-LAPTOP-R36BQBTE,2026-06-30 12:59:33.421078+00:00,0.304922,2026-06-30 12:59:33.726000+00:00,app_switch,Google Chrome,受発注在庫管理システム - Google Chrome,
23,FN,ses_20260630-125757-LAPTOP-R36BQBTE,2026-06-30 12:59:33.421078+00:00,0.331922,2026-06-30 12:59:33.753000+00:00,app_switch,Google Chrome,受発注在庫管理システム - Google Chrome,
23,FN,ses_20260630-125757-LAPTOP-R36BQBTE,2026-06-30 12:59:33.421078+00:00,0.381922,2026-06-30 12:59:33.803000+00:00,app_switch,Google Chrome,受発注在庫管理システム - Google Chrome,
23,FN,ses_20260630-125757-LAPTOP-R36BQBTE,2026-06-30 12:59:33.421078+00:00,0.438922,2026-06-30 12:59:33.860000+00:00,app_switch,Google Chrome,受発注在庫管理システム - Google Chrome,
23,FN,ses_20260630-125757-LAPTOP-R36BQBTE,2026-06-30 12:59:33.421078+00:00,0.500922,2026-06-30 12:59:33.922000+00:00,app_switch,Google Chrome,受発注在庫管理システム - Google Chrome,
23,FN,ses_20260630-125757-LAPTOP-R36BQBTE,2026-06-30 12:59:33.421078+00:00,0.550922,2026-06-30 12:59:33.972000+00:00,app_switch,Google Chrome,受発注在庫管理システム - Google Chrome,
23,FN,ses_20260630-125757-LAPTOP-R36BQBTE,2026-06-30 12:59:33.421078+00:00,0.606922,2026-06-30 12:59:34.028000+00:00,app_switch,Google Chrome,受発注在庫管理システム - Google Chrome,
23,FN,ses_20260630-125757-LAPTOP-R36BQBTE,2026-06-30 12:59:33.421078+00:00,0.660922,2026-06-30 12:59:34.082000+00:00,app_switch,Google Chrome,受発注在庫管理システム - Google Chrome,
23,FN,ses_20260630-125757-LAPTOP-R36BQBTE,2026-06-30 12:59:33.421078+00:00,0.712922,2026-06-30 12:59:34.134000+00:00,app_switch,Google Chrome,受発注在庫管理システム - Google Chrome,
23,FN,ses_20260630-125757-LAPTOP-R36BQBTE,2026-06-30 12:59:33.421078+00:00,0.767922,2026-06-30 12:59:34.189000+00:00,app_switch,Google Chrome,受発注在庫管理システム - Google Chrome,
23,FN,ses_20260630-125757-LAPTOP-R36BQBTE,2026-06-30 12:59:33.421078+00:00,0.792922,2026-06-30 12:59:34.214000+00:00,screenshot_smart,Google Chrome,受発注在庫管理システム - Google Chrome,
23,FN,ses_20260630-125757-LAPTOP-R36BQBTE,2026-06-30 12:59:33.421078+00:00,3.723922,2026-06-30 12:59:37.145000+00:00,app_switch,Google Chrome,受発注在庫管理システム - Google Chrome,
23,FN,ses_20260630-125757-LAPTOP-R36BQBTE,2026-06-30 12:59:33.421078+00:00,3.775922,2026-06-30 12:59:37.197000+00:00,app_switch,Google Chrome,受発注在庫管理システム - Google Chrome,
23,FN,ses_20260630-125757-LAPTOP-R36BQBTE,2026-06-30 12:59:33.421078+00:00,3.824922,2026-06-30 12:59:37.246000+00:00,app_switch,Google Chrome,受発注在庫管理システム - Google Chrome,
23,FN,ses_20260630-125757-LAPTOP-R36BQBTE,2026-06-30 12:59:33.421078+00:00,3.8429219999999997,2026-06-30 12:59:37.264000+00:00,screenshot_smart,Google Chrome,受発注在庫管理システム - Google Chrome,
23,FN,ses_20260630-125757-LAPTOP-R36BQBTE,2026-06-30 12:59:33.421078+00:00,3.885922,2026-06-30 12:59:37.307000+00:00,app_switch,Google Chrome,受発注在庫管理システム - Google Chrome,
23,FN,ses_20260630-125757-LAPTOP-R36BQBTE,2026-06-30 12:59:33.421078+00:00,3.953922,2026-06-30 12:59:37.375000+00:00,app_switch,Google Chrome,受発注在庫管理システム - Google Chrome,
23,FN,ses_20260630-125757-LAPTOP-R36BQBTE,2026-06-30 12:59:33.421078+00:00,3.997922,2026-06-30 12:59:37.419000+00:00,app_switch,Google Chrome,受発注在庫管理システム - Google Chrome,
23,FN,ses_20260630-125757-LAPTOP-R36BQBTE,2026-06-30 12:59:33.421078+00:00,4.050922,2026-06-30 12:59:37.472000+00:00,app_switch,Google Chrome,受発注在庫管理システム - Google Chrome,
23,FN,ses_20260630-125757-LAPTOP-R36BQBTE,2026-06-30 12:59:33.421078+00:00,4.104922,2026-06-30 12:59:37.526000+00:00,app_switch,Google Chrome,受発注在庫管理システム - Google Chrome,
23,FN,ses_20260630-125757-LAPTOP-R36BQBTE,2026-06-30 12:59:33.421078+00:00,4.154922,2026-06-30 12:59:37.576000+00:00,app_switch,Google Chrome,受発注在庫管理システム - Google Chrome,
23,FN,ses_20260630-125757-LAPTOP-R36BQBTE,2026-06-30 12:59:33.421078+00:00,4.209922,2026-06-30 12:59:37.631000+00:00,app_switch,Google Chrome,受発注在庫管理システム - Google Chrome,
23,FN,ses_20260630-125757-LAPTOP-R36BQBTE,2026-06-30 12:59:33.421078+00:00,4.269922,2026-06-30 12:59:37.691000+00:00,app_switch,Google Chrome,受発注在庫管理システム - Google Chrome,
23,FN,ses_20260630-125757-LAPTOP-R36BQBTE,2026-06-30 12:59:33.421078+00:00,4.280922,2026-06-30 12:59:37.702000+00:00,screenshot_smart,Google Chrome,受発注在庫管理システム - Google Chrome,
23,FN,ses_20260630-125757-LAPTOP-R36BQBTE,2026-06-30 12:59:33.421078+00:00,4.323922,2026-06-30 12:59:37.745000+00:00,app_switch,Google Chrome,受発注在庫管理システム - Google Chrome,
24,FN,ses_20260630-131729-CHAITANYA0BCF,2026-06-30 13:19:25.384441+00:00,-2.593441,2026-06-30 13:19:22.791000+00:00,app_switch,Google Chrome,HR人事給与システム - Google Chrome,
24,FN,ses_20260630-131729-CHAITANYA0BCF,2026-06-30 13:19:25.384441+00:00,-2.488441,2026-06-30 13:19:22.896000+00:00,screenshot_smart,Google Chrome,HR人事給与システム - Google Chrome,
24,FN,ses_20260630-131729-CHAITANYA0BCF,2026-06-30 13:19:25.384441+00:00,3.360559,2026-06-30 13:19:28.745000+00:00,mouse_click,Google Chrome,HR人事給与システム - Google Chrome,
24,FN,ses_20260630-131729-CHAITANYA0BCF,2026-06-30 13:19:25.384441+00:00,3.373559,2026-06-30 13:19:28.758000+00:00,browser_click,Google Chrome,HR人事給与システム - Google Chrome,
24,FN,ses_20260630-131729-CHAITANYA0BCF,2026-06-30 13:19:25.384441+00:00,3.446559,2026-06-30 13:19:28.831000+00:00,screenshot_smart,Google Chrome,HR人事給与システム - Google Chrome,
24,FN,ses_20260630-131729-CHAITANYA0BCF,2026-06-30 13:19:25.384441+00:00,3.455559,2026-06-30 13:19:28.840000+00:00,mouse_scroll,Google Chrome,HR人事給与システム - Google Chrome,
25,FN,ses_20260630-132737-LAPTOP-R36BQBTE,2026-06-30 13:29:55.558351+00:00,-3.317351,2026-06-30 13:29:52.241000+00:00,mouse_click,Google Chrome,HR人事給与システム - Google Chrome,
25,FN,ses_20260630-132737-LAPTOP-R36BQBTE,2026-06-30 13:29:55.558351+00:00,3.794649,2026-06-30 13:29:59.353000+00:00,mouse_click,Google Chrome,HR人事給与システム - Google Chrome,
26,FN,ses_20260630-135201-LAPTOP-R36BQBTE,2026-06-30 13:53:42.872986+00:00,-4.968986,2026-06-30 13:53:37.904000+00:00,clipboard_change,Google Chrome,受発注在庫管理システム - Google Chrome,
26,FN,ses_20260630-135201-LAPTOP-R36BQBTE,2026-06-30 13:53:42.872986+00:00,-4.906986,2026-06-30 13:53:37.966000+00:00,shortcut,Google Chrome,受発注在庫管理システム - Google Chrome,
26,FN,ses_20260630-135201-LAPTOP-R36BQBTE,2026-06-30 13:53:42.872986+00:00,-4.906986,2026-06-30 13:53:37.966000+00:00,keystroke,Google Chrome,受発注在庫管理システム - Google Chrome,
26,FN,ses_20260630-135201-LAPTOP-R36BQBTE,2026-06-30 13:53:42.872986+00:00,-4.904986,2026-06-30 13:53:37.968000+00:00,keystroke,Google Chrome,受発注在庫管理システム - Google Chrome,
26,FN,ses_20260630-135201-LAPTOP-R36BQBTE,2026-06-30 13:53:42.872986+00:00,-4.893986,2026-06-30 13:53:37.979000+00:00,screenshot_smart,Google Chrome,受発注在庫管理システム - Google Chrome,
26,FN,ses_20260630-135201-LAPTOP-R36BQBTE,2026-06-30 13:53:42.872986+00:00,-2.923986,2026-06-30 13:53:39.949000+00:00,mouse_click,Google Chrome,受発注在庫管理システム - Google Chrome,
26,FN,ses_20260630-135201-LAPTOP-R36BQBTE,2026-06-30 13:53:42.872986+00:00,3.7540139999999997,2026-06-30 13:53:46.627000+00:00,mouse_click,Google Chrome,受発注在庫管理システム - Google Chrome,
27,FN,ses_20260630-135451-CHAITANYA0BCF,2026-06-30 13:56:09.833748+00:00,-4.990748,2026-06-30 13:56:04.843000+00:00,clipboard_change,Google Chrome,財務会計システム - Google Chrome,
27,FN,ses_20260630-135451-CHAITANYA0BCF,2026-06-30 13:56:09.833748+00:00,-4.937748,2026-06-30 13:56:04.896000+00:00,shortcut,Google Chrome,財務会計システム - Google Chrome,
27,FN,ses_20260630-135451-CHAITANYA0BCF,2026-06-30 13:56:09.833748+00:00,-4.937748,2026-06-30 13:56:04.896000+00:00,keystroke,Google Chrome,財務会計システム - Google Chrome,
27,FN,ses_20260630-135451-CHAITANYA0BCF,2026-06-30 13:56:09.833748+00:00,-4.936748,2026-06-30 13:56:04.897000+00:00,keystroke,Google Chrome,財務会計システム - Google Chrome,
27,FN,ses_20260630-135451-CHAITANYA0BCF,2026-06-30 13:56:09.833748+00:00,-3.116748,2026-06-30 13:56:06.717000+00:00,mouse_click,Google Chrome,財務会計システム - Google Chrome,
27,FN,ses_20260630-135451-CHAITANYA0BCF,2026-06-30 13:56:09.833748+00:00,-3.108748,2026-06-30 13:56:06.725000+00:00,browser_form_input,Google Chrome,財務会計システム - Google Chrome,
27,FN,ses_20260630-135451-CHAITANYA0BCF,2026-06-30 13:56:09.833748+00:00,-3.1017479999999997,2026-06-30 13:56:06.732000+00:00,browser_click,Google Chrome,財務会計システム - Google Chrome,
27,FN,ses_20260630-135451-CHAITANYA0BCF,2026-06-30 13:56:09.833748+00:00,-2.987748,2026-06-30 13:56:06.846000+00:00,screenshot_smart,Google Chrome,財務会計システム - Google Chrome,
27,FN,ses_20260630-135451-CHAITANYA0BCF,2026-06-30 13:56:09.833748+00:00,0.857252,2026-06-30 13:56:10.691000+00:00,browser_navigation,Google Chrome,財務会計システム - Google Chrome,
27,FN,ses_20260630-135451-CHAITANYA0BCF,2026-06-30 13:56:09.833748+00:00,0.909252,2026-06-30 13:56:10.743000+00:00,screenshot_smart,Google Chrome,財務会計システム - Google Chrome,
27,FN,ses_20260630-135451-CHAITANYA0BCF,2026-06-30 13:56:09.833748+00:00,2.821252,2026-06-30 13:56:12.655000+00:00,mouse_click,Google Chrome,財務会計システム - Google Chrome,
27,FN,ses_20260630-135451-CHAITANYA0BCF,2026-06-30 13:56:09.833748+00:00,2.834252,2026-06-30 13:56:12.668000+00:00,browser_click,Google Chrome,財務会計システム - Google Chrome,
27,FN,ses_20260630-135451-CHAITANYA0BCF,2026-06-30 13:56:09.833748+00:00,2.922252,2026-06-30 13:56:12.756000+00:00,screenshot_smart,Google Chrome,財務会計システム - Google Chrome,
27,FN,ses_20260630-135451-CHAITANYA0BCF,2026-06-30 13:56:09.833748+00:00,2.970252,2026-06-30 13:56:12.804000+00:00,mouse_scroll,Google Chrome,財務会計システム - Google Chrome,
28,FN,ses_20260630-145433-JAYESH,2026-06-30 14:55:52.347955+00:00,-3.5659549999999998,2026-06-30 14:55:48.782000+00:00,mouse_click,Google Chrome,受発注在庫管理システム - Google Chrome,
28,FN,ses_20260630-145433-JAYESH,2026-06-30 14:55:52.347955+00:00,-3.563955,2026-06-30 14:55:48.784000+00:00,browser_form_input,Google Chrome,受発注在庫管理システム - Google Chrome,
28,FN,ses_20260630-145433-JAYESH,2026-06-30 14:55:52.347955+00:00,-3.562955,2026-06-30 14:55:48.785000+00:00,browser_click,Google Chrome,受発注在庫管理システム - Google Chrome,
28,FN,ses_20260630-145433-JAYESH,2026-06-30 14:55:52.347955+00:00,-3.439955,2026-06-30 14:55:48.908000+00:00,screenshot_smart,Google Chrome,受発注在庫管理システム - Google Chrome,
28,FN,ses_20260630-145433-JAYESH,2026-06-30 14:55:52.347955+00:00,-0.38695500000000005,2026-06-30 14:55:51.961000+00:00,app_switch,Google Chrome,受発注在庫管理システム - Google Chrome,
28,FN,ses_20260630-145433-JAYESH,2026-06-30 14:55:52.347955+00:00,-0.327955,2026-06-30 14:55:52.020000+00:00,screenshot_smart,Google Chrome,受発注在庫管理システム - Google Chrome,
28,FN,ses_20260630-145433-JAYESH,2026-06-30 14:55:52.347955+00:00,0.175045,2026-06-30 14:55:52.523000+00:00,app_switch,Google Chrome,受発注在庫管理システム - Google Chrome,
28,FN,ses_20260630-145433-JAYESH,2026-06-30 14:55:52.347955+00:00,0.252045,2026-06-30 14:55:52.600000+00:00,screenshot_smart,Google Chrome,受発注在庫管理システム - Google Chrome,
28,FN,ses_20260630-145433-JAYESH,2026-06-30 14:55:52.347955+00:00,0.284045,2026-06-30 14:55:52.632000+00:00,app_switch,Google Chrome,受発注在庫管理システム - Google Chrome,
28,FN,ses_20260630-145433-JAYESH,2026-06-30 14:55:52.347955+00:00,0.344045,2026-06-30 14:55:52.692000+00:00,app_switch,Google Chrome,受発注在庫管理システム - Google Chrome,
28,FN,ses_20260630-145433-JAYESH,2026-06-30 14:55:52.347955+00:00,0.427045,2026-06-30 14:55:52.775000+00:00,app_switch,Google Chrome,受発注在庫管理システム - Google Chrome,
28,FN,ses_20260630-145433-JAYESH,2026-06-30 14:55:52.347955+00:00,0.461045,2026-06-30 14:55:52.809000+00:00,app_switch,Google Chrome,受発注在庫管理システム - Google Chrome,
28,FN,ses_20260630-145433-JAYESH,2026-06-30 14:55:52.347955+00:00,0.678045,2026-06-30 14:55:53.026000+00:00,app_switch,Google Chrome,受発注在庫管理システム - Google Chrome,
28,FN,ses_20260630-145433-JAYESH,2026-06-30 14:55:52.347955+00:00,0.699045,2026-06-30 14:55:53.047000+00:00,app_switch,Google Chrome,受発注在庫管理システム - Google Chrome,
28,FN,ses_20260630-145433-JAYESH,2026-06-30 14:55:52.347955+00:00,0.728045,2026-06-30 14:55:53.076000+00:00,app_switch,Google Chrome,受発注在庫管理システム - Google Chrome,
28,FN,ses_20260630-145433-JAYESH,2026-06-30 14:55:52.347955+00:00,0.740045,2026-06-30 14:55:53.088000+00:00,screenshot_smart,Google Chrome,受発注在庫管理システム - Google Chrome,
28,FN,ses_20260630-145433-JAYESH,2026-06-30 14:55:52.347955+00:00,0.752045,2026-06-30 14:55:53.100000+00:00,app_switch,Google Chrome,受発注在庫管理システム - Google Chrome,
28,FN,ses_20260630-145433-JAYESH,2026-06-30 14:55:52.347955+00:00,0.814045,2026-06-30 14:55:53.162000+00:00,app_switch,Google Chrome,受発注在庫管理システム - Google Chrome,
28,FN,ses_20260630-145433-JAYESH,2026-06-30 14:55:52.347955+00:00,1.7840449999999999,2026-06-30 14:55:54.132000+00:00,browser_navigation,Google Chrome,受発注在庫管理システム - Google Chrome,
28,FN,ses_20260630-145433-JAYESH,2026-06-30 14:55:52.347955+00:00,1.805045,2026-06-30 14:55:54.153000+00:00,browser_navigation,Google Chrome,受発注在庫管理システム - Google Chrome,
28,FN,ses_20260630-145433-JAYESH,2026-06-30 14:55:52.347955+00:00,1.832045,2026-06-30 14:55:54.180000+00:00,screenshot_smart,Google Chrome,受発注在庫管理システム - Google Chrome,
28,FN,ses_20260630-145433-JAYESH,2026-06-30 14:55:52.347955+00:00,3.084045,2026-06-30 14:55:55.432000+00:00,app_switch,Google Chrome,受発注在庫管理システム - Google Chrome,
28,FN,ses_20260630-145433-JAYESH,2026-06-30 14:55:52.347955+00:00,3.110045,2026-06-30 14:55:55.458000+00:00,app_switch,Google Chrome,受発注在庫管理システム - Google Chrome,
28,FN,ses_20260630-145433-JAYESH,2026-06-30 14:55:52.347955+00:00,3.121045,2026-06-30 14:55:55.469000+00:00,screenshot_smart,Google Chrome,受発注在庫管理システム - Google Chrome,
28,FN,ses_20260630-145433-JAYESH,2026-06-30 14:55:52.347955+00:00,3.138045,2026-06-30 14:55:55.486000+00:00,app_switch,Google Chrome,受発注在庫管理システム - Google Chrome,
28,FN,ses_20260630-145433-JAYESH,2026-06-30 14:55:52.347955+00:00,3.188045,2026-06-30 14:55:55.536000+00:00,app_switch,Google Chrome,受発注在庫管理システム - Google Chrome,
28,FN,ses_20260630-145433-JAYESH,2026-06-30 14:55:52.347955+00:00,3.217045,2026-06-30 14:55:55.565000+00:00,app_switch,Google Chrome,受発注在庫管理システム - Google Chrome,
28,FN,ses_20260630-145433-JAYESH,2026-06-30 14:55:52.347955+00:00,3.409045,2026-06-30 14:55:55.757000+00:00,app_switch,Google Chrome,受発注在庫管理システム - Google Chrome,
28,FN,ses_20260630-145433-JAYESH,2026-06-30 14:55:52.347955+00:00,3.431045,2026-06-30 14:55:55.779000+00:00,app_switch,Google Chrome,受発注在庫管理システム - Google Chrome,
28,FN,ses_20260630-145433-JAYESH,2026-06-30 14:55:52.347955+00:00,3.454045,2026-06-30 14:55:55.802000+00:00,app_switch,Google Chrome,受発注在庫管理システム - Google Chrome,
28,FN,ses_20260630-145433-JAYESH,2026-06-30 14:55:52.347955+00:00,3.483045,2026-06-30 14:55:55.831000+00:00,app_switch,Google Chrome,受発注在庫管理システム - Google Chrome,
28,FN,ses_20260630-145433-JAYESH,2026-06-30 14:55:52.347955+00:00,3.511045,2026-06-30 14:55:55.859000+00:00,app_switch,Google Chrome,受発注在庫管理システム - Google Chrome,
28,FN,ses_20260630-145433-JAYESH,2026-06-30 14:55:52.347955+00:00,3.537045,2026-06-30 14:55:55.885000+00:00,app_switch,Google Chrome,受発注在庫管理システム - Google Chrome,
28,FN,ses_20260630-145433-JAYESH,2026-06-30 14:55:52.347955+00:00,3.744045,2026-06-30 14:55:56.092000+00:00,app_switch,Google Chrome,受発注在庫管理システム - Google Chrome,
28,FN,ses_20260630-145433-JAYESH,2026-06-30 14:55:52.347955+00:00,3.824045,2026-06-30 14:55:56.172000+00:00,screenshot_smart,Google Chrome,受発注在庫管理システム - Google Chrome,
28,FN,ses_20260630-145433-JAYESH,2026-06-30 14:55:52.347955+00:00,4.904045,2026-06-30 14:55:57.252000+00:00,app_switch,Google Chrome,受発注在庫管理システム - Google Chrome,
28,FN,ses_20260630-145433-JAYESH,2026-06-30 14:55:52.347955+00:00,4.951045,2026-06-30 14:55:57.299000+00:00,mouse_click,Google Chrome,財務会計システム - Google Chrome,
28,FN,ses_20260630-145433-JAYESH,2026-06-30 14:55:52.347955+00:00,4.974045,2026-06-30 14:55:57.322000+00:00,browser_click,Google Chrome,財務会計システム - Google Chrome,
29,FN,ses_20260630-163424-SIDDHIGUPTAB00B,2026-06-30 16:35:47.740296+00:00,-3.424296,2026-06-30 16:35:44.316000+00:00,mouse_click,Google Chrome,HR人事給与システム - Google Chrome,
29,FN,ses_20260630-163424-SIDDHIGUPTAB00B,2026-06-30 16:35:47.740296+00:00,-3.411296,2026-06-30 16:35:44.329000+00:00,browser_form_input,Google Chrome,HR人事給与システム - Google Chrome,
29,FN,ses_20260630-163424-SIDDHIGUPTAB00B,2026-06-30 16:35:47.740296+00:00,-3.406296,2026-06-30 16:35:44.334000+00:00,browser_click,Google Chrome,HR人事給与システム - Google Chrome,
29,FN,ses_20260630-163424-SIDDHIGUPTAB00B,2026-06-30 16:35:47.740296+00:00,-3.249296,2026-06-30 16:35:44.491000+00:00,screenshot_smart,Google Chrome,HR人事給与システム - Google Chrome,
29,FN,ses_20260630-163424-SIDDHIGUPTAB00B,2026-06-30 16:35:47.740296+00:00,3.744704,2026-06-30 16:35:51.485000+00:00,mouse_click,Google Chrome,HR人事給与システム - Google Chrome,
29,FN,ses_20260630-163424-SIDDHIGUPTAB00B,2026-06-30 16:35:47.740296+00:00,3.756704,2026-06-30 16:35:51.497000+00:00,browser_click,Google Chrome,HR人事給与システム - Google Chrome,
29,FN,ses_20260630-163424-SIDDHIGUPTAB00B,2026-06-30 16:35:47.740296+00:00,3.874704,2026-06-30 16:35:51.615000+00:00,mouse_scroll,Google Chrome,HR人事給与システム - Google Chrome,
29,FN,ses_20260630-163424-SIDDHIGUPTAB00B,2026-06-30 16:35:47.740296+00:00,3.880704,2026-06-30 16:35:51.621000+00:00,screenshot_smart,Google Chrome,HR人事給与システム - Google Chrome,
30,FN,ses_20260630-164418-MSI,2026-06-30 16:45:46.008496+00:00,-3.735496,2026-06-30 16:45:42.273000+00:00,mouse_click,Google Chrome,HR人事給与システム - Google Chrome,
30,FN,ses_20260630-164418-MSI,2026-06-30 16:45:46.008496+00:00,-3.733496,2026-06-30 16:45:42.275000+00:00,browser_form_input,Google Chrome,HR人事給与システム - Google Chrome,
30,FN,ses_20260630-164418-MSI,2026-06-30 16:45:46.008496+00:00,-3.729496,2026-06-30 16:45:42.279000+00:00,browser_click,Google Chrome,HR人事給与システム - Google Chrome,
30,FN,ses_20260630-164418-MSI,2026-06-30 16:45:46.008496+00:00,-3.585496,2026-06-30 16:45:42.423000+00:00,screenshot_smart,Google Chrome,HR人事給与システム - Google Chrome,
30,FN,ses_20260630-164418-MSI,2026-06-30 16:45:46.008496+00:00,1.082504,2026-06-30 16:45:47.091000+00:00,browser_navigation,Google Chrome,HR人事給与システム - Google Chrome,
30,FN,ses_20260630-164418-MSI,2026-06-30 16:45:46.008496+00:00,1.182504,2026-06-30 16:45:47.191000+00:00,screenshot_smart,Google Chrome,HR人事給与システム - Google Chrome,
30,FN,ses_20260630-164418-MSI,2026-06-30 16:45:46.008496+00:00,3.668504,2026-06-30 16:45:49.677000+00:00,mouse_click,Google Chrome,HR人事給与システム - Google Chrome,
30,FN,ses_20260630-164418-MSI,2026-06-30 16:45:46.008496+00:00,3.670504,2026-06-30 16:45:49.679000+00:00,browser_click,Google Chrome,HR人事給与システム - Google Chrome,
30,FN,ses_20260630-164418-MSI,2026-06-30 16:45:46.008496+00:00,3.732504,2026-06-30 16:45:49.741000+00:00,screenshot_smart,Google Chrome,HR人事給与システム - Google Chrome,
30,FN,ses_20260630-164418-MSI,2026-06-30 16:45:46.008496+00:00,3.870504,2026-06-30 16:45:49.879000+00:00,mouse_scroll,Google Chrome,HR人事給与システム - Google Chrome,
