session_id,anchor_time,label,event_count,unique_event_types,unique_apps,unique_window_titles,app_switch_count,window_title_change_count,browser_navigation_count,browser_click_count,browser_form_input_count,clipboard_change_count,keystroke_count,mouse_click_count,mouse_scroll_count,screenshot_count,max_event_gap_seconds,median_event_gap_seconds
ses_20260630-121953-LAPTOP-R36BQBTE,2026-06-30 12:21:12.794418+00:00,boundary,48,5,2,2,27,0,0,0,0,0,8,1,0,9,2.881,0.055
ses_20260630-121953-LAPTOP-R36BQBTE,2026-06-30 12:21:41.332221+00:00,boundary,58,7,2,2,30,0,0,0,0,1,8,3,2,10,4.211,0.056
ses_20260630-121953-LAPTOP-R36BQBTE,2026-06-30 12:21:41.335282+00:00,boundary,58,7,2,2,30,0,0,0,0,1,8,3,2,10,4.211,0.056
ses_20260630-121953-LAPTOP-R36BQBTE,2026-06-30 12:22:25.680580+00:00,boundary,45,7,2,2,15,1,0,0,0,0,12,3,1,8,6.59,0.055
ses_20260630-121953-LAPTOP-R36BQBTE,2026-06-30 12:22:25.682643+00:00,boundary,45,7,2,2,15,1,0,0,0,0,12,3,1,8,6.59,0.055
ses_20260630-121953-LAPTOP-R36BQBTE,2026-06-30 12:23:22.089303+00:00,boundary,16,5,1,1,1,0,0,0,0,0,8,1,0,3,3.007,0.011
ses_20260630-121953-LAPTOP-R36BQBTE,2026-06-30 12:23:22.090864+00:00,boundary,16,5,1,1,1,0,0,0,0,0,8,1,0,3,3.007,0.011
ses_20260630-121953-LAPTOP-R36BQBTE,2026-06-30 12:23:46.001092+00:00,boundary,54,6,2,3,31,0,0,0,0,1,6,3,0,10,3.622,0.051
ses_20260630-121953-LAPTOP-R36BQBTE,2026-06-30 12:23:46.003666+00:00,boundary,54,6,2,3,31,0,0,0,0,1,6,3,0,10,3.622,0.051
ses_20260630-121953-LAPTOP-R36BQBTE,2026-06-30 12:24:20.921107+00:00,boundary,60,6,2,3,38,0,0,0,0,0,4,3,1,12,3.036,0.053
ses_20260630-121953-LAPTOP-R36BQBTE,2026-06-30 12:24:20.924171+00:00,boundary,60,6,2,3,38,0,0,0,0,0,4,3,1,12,3.036,0.053
ses_20260630-121953-LAPTOP-R36BQBTE,2026-06-30 12:24:53.806914+00:00,boundary,36,7,1,1,1,0,0,0,0,1,16,3,1,7,6.625,0.035
ses_20260630-121953-LAPTOP-R36BQBTE,2026-06-30 12:24:53.808438+00:00,boundary,36,7,1,1,1,0,0,0,0,1,16,3,1,7,6.625,0.035
ses_20260630-121953-LAPTOP-R36BQBTE,2026-06-30 12:25:11.308831+00:00,boundary,12,4,1,1,0,0,0,0,0,0,6,2,0,3,3.855,0.102
ses_20260630-121953-LAPTOP-R36BQBTE,2026-06-30 12:26:02.529449+00:00,boundary,49,5,1,2,28,0,0,0,0,0,8,1,0,9,2.924,0.0495
ses_20260630-121953-LAPTOP-R36BQBTE,2026-06-30 12:26:32.486677+00:00,boundary,77,7,2,3,40,0,0,0,0,1,12,3,1,15,2.637,0.0525
ses_20260630-121953-LAPTOP-R36BQBTE,2026-06-30 12:26:32.488202+00:00,boundary,77,7,2,3,40,0,0,0,0,1,12,3,1,15,2.637,0.0525
ses_20260630-121953-LAPTOP-R36BQBTE,2026-06-30 12:26:55.497696+00:00,boundary,53,6,1,2,27,0,0,0,0,2,8,3,0,9,3.478,0.0525
ses_20260630-121953-LAPTOP-R36BQBTE,2026-06-30 12:26:55.499262+00:00,boundary,53,6,1,2,27,0,0,0,0,2,8,3,0,9,3.478,0.0525
ses_20260630-121953-LAPTOP-R36BQBTE,2026-06-30 12:27:38.178310+00:00,boundary,47,5,1,2,27,0,0,0,0,0,6,2,0,9,9.551,0.051
ses_20260630-121953-LAPTOP-R36BQBTE,2026-06-30 12:27:38.179852+00:00,boundary,47,5,1,2,27,0,0,0,0,0,6,2,0,9,9.551,0.051
ses_20260630-121953-LAPTOP-R36BQBTE,2026-06-30 12:28:02.650411+00:00,boundary,41,7,1,1,2,0,0,0,0,1,18,3,2,8,5.925,0.0535
ses_20260630-121953-LAPTOP-R36BQBTE,2026-06-30 12:28:45.840345+00:00,boundary,28,5,1,1,2,0,0,0,0,0,16,1,0,6,5.558,0.029
ses_20260630-121953-LAPTOP-R36BQBTE,2026-06-30 12:28:45.841909+00:00,boundary,28,5,1,1,2,0,0,0,0,0,16,1,0,6,5.558,0.029
ses_20260630-121953-LAPTOP-R36BQBTE,2026-06-30 12:29:08.849625+00:00,boundary,37,6,1,1,2,0,0,0,0,2,16,3,0,7,5.656,0.054
ses_20260630-121953-LAPTOP-R36BQBTE,2026-06-30 12:29:08.851162+00:00,boundary,37,6,1,1,2,0,0,0,0,2,16,3,0,7,5.656,0.054
ses_20260630-121953-LAPTOP-R36BQBTE,2026-06-30 12:29:26.327121+00:00,boundary,28,6,1,1,1,0,0,0,0,2,12,3,0,6,5.398,0.038
ses_20260630-121953-LAPTOP-R36BQBTE,2026-06-30 12:29:48.734321+00:00,boundary,58,5,1,2,27,0,0,0,0,0,12,3,0,11,2.846,0.056
ses_20260630-121953-LAPTOP-R36BQBTE,2026-06-30 12:29:48.738459+00:00,boundary,58,5,1,2,27,0,0,0,0,0,12,3,0,11,2.846,0.056
ses_20260630-121953-LAPTOP-R36BQBTE,2026-06-30 12:30:16.343479+00:00,boundary,39,6,2,2,15,0,0,0,0,1,8,3,0,8,6.709,0.057
ses_20260630-121953-LAPTOP-R36BQBTE,2026-06-30 12:30:16.346287+00:00,boundary,39,6,2,2,15,0,0,0,0,1,8,3,0,8,6.709,0.057
ses_20260630-121953-LAPTOP-R36BQBTE,2026-06-30 12:30:59.737845+00:00,boundary,19,5,1,1,2,0,0,0,0,0,8,1,0,5,5.61,0.040999999999999995
ses_20260630-121953-LAPTOP-R36BQBTE,2026-06-30 12:30:59.741103+00:00,boundary,19,5,1,1,2,0,0,0,0,0,8,1,0,5,5.61,0.040999999999999995
ses_20260630-121953-LAPTOP-R36BQBTE,2026-06-30 12:32:06.461432+00:00,boundary,20,7,1,1,1,0,0,0,0,1,8,1,1,5,2.231,0.053
ses_20260630-121953-LAPTOP-R36BQBTE,2026-06-30 12:32:06.464478+00:00,boundary,20,7,1,1,1,0,0,0,0,1,8,1,1,5,2.231,0.053
ses_20260630-121953-LAPTOP-R36BQBTE,2026-06-30 12:32:47.003314+00:00,boundary,18,5,1,2,1,0,0,0,0,0,8,1,0,5,11.916,0.037
ses_20260630-121953-LAPTOP-R36BQBTE,2026-06-30 12:32:47.004857+00:00,boundary,18,5,1,2,1,0,0,0,0,0,8,1,0,5,11.916,0.037
ses_20260630-121953-LAPTOP-R36BQBTE,2026-06-30 12:33:14.763293+00:00,boundary,54,6,2,3,27,0,0,0,0,1,10,3,0,8,4.633,0.053
ses_20260630-121953-LAPTOP-R36BQBTE,2026-06-30 12:33:14.766353+00:00,boundary,54,6,2,3,27,0,0,0,0,1,10,3,0,8,4.633,0.053
ses_20260630-121953-LAPTOP-R36BQBTE,2026-06-30 12:33:52.808425+00:00,boundary,37,7,2,2,14,0,0,0,0,1,6,3,2,8,5.945,0.059
ses_20260630-121953-LAPTOP-R36BQBTE,2026-06-30 12:34:28.680180+00:00,boundary,72,7,1,2,29,0,0,0,0,3,16,3,1,13,3.016,0.049
ses_20260630-121953-LAPTOP-R36BQBTE,2026-06-30 12:34:28.683333+00:00,boundary,72,7,1,2,29,0,0,0,0,3,16,3,1,13,3.016,0.049
ses_20260630-121953-LAPTOP-R36BQBTE,2026-06-30 12:34:54.396611+00:00,boundary,28,6,1,1,1,0,0,0,0,1,12,3,0,6,6.385,0.062
ses_20260630-121953-LAPTOP-R36BQBTE,2026-06-30 12:34:54.399147+00:00,boundary,28,6,1,1,1,0,0,0,0,1,12,3,0,6,6.385,0.062
ses_20260630-121953-LAPTOP-R36BQBTE,2026-06-30 12:35:17.321832+00:00,boundary,34,6,1,1,1,0,0,0,0,2,16,3,0,5,6.228,0.019
ses_20260630-121953-LAPTOP-R36BQBTE,2026-06-30 12:35:17.324363+00:00,boundary,34,6,1,1,1,0,0,0,0,2,16,3,0,5,6.228,0.019
ses_20260630-121953-LAPTOP-R36BQBTE,2026-06-30 12:36:00.979399+00:00,boundary,19,5,1,1,2,0,0,0,0,0,8,1,0,5,5.528,0.0445
ses_20260630-121953-LAPTOP-R36BQBTE,2026-06-30 12:36:00.981445+00:00,boundary,19,5,1,1,2,0,0,0,0,0,8,1,0,5,5.528,0.0445
ses_20260630-121953-LAPTOP-R36BQBTE,2026-06-30 12:36:28.932883+00:00,boundary,73,6,2,3,41,0,0,0,0,1,10,3,0,14,2.879,0.0535
ses_20260630-121953-LAPTOP-R36BQBTE,2026-06-30 12:36:28.936570+00:00,boundary,73,6,2,3,41,0,0,0,0,1,10,3,0,14,2.879,0.0535
ses_20260630-121953-LAPTOP-R36BQBTE,2026-06-30 12:37:00.192122+00:00,boundary,65,6,1,2,25,0,0,0,0,3,16,3,0,11,3.383,0.05
ses_20260630-121953-LAPTOP-R36BQBTE,2026-06-30 12:37:00.195233+00:00,boundary,65,6,1,2,25,0,0,0,0,3,16,3,0,11,3.383,0.05
ses_20260630-121953-LAPTOP-R36BQBTE,2026-06-30 12:37:29.052665+00:00,boundary,39,5,3,3,13,0,0,0,0,0,10,3,0,8,6.152,0.0595
ses_20260630-121953-LAPTOP-R36BQBTE,2026-06-30 12:37:29.054797+00:00,boundary,39,5,3,3,13,0,0,0,0,0,10,3,0,8,6.152,0.0595
ses_20260630-121953-LAPTOP-R36BQBTE,2026-06-30 12:38:09.952572+00:00,boundary,48,6,2,2,16,0,0,0,0,0,12,3,1,11,5.993,0.065
ses_20260630-121953-LAPTOP-R36BQBTE,2026-06-30 12:38:09.955157+00:00,boundary,48,6,2,2,16,0,0,0,0,0,12,3,1,11,5.993,0.065
ses_20260630-121953-LAPTOP-R36BQBTE,2026-06-30 12:39:10.883173+00:00,boundary,49,5,1,2,27,0,0,0,0,0,8,1,0,10,2.643,0.055
ses_20260630-121953-LAPTOP-R36BQBTE,2026-06-30 12:39:10.886250+00:00,boundary,49,5,1,2,27,0,0,0,0,0,8,1,0,10,2.643,0.055
ses_20260630-121953-LAPTOP-R36BQBTE,2026-06-30 12:40:55.675988+00:00,boundary,18,5,1,1,2,0,0,0,0,0,8,1,0,4,6.924,0.02
ses_20260630-124826-CHAITANYA0BCF,2026-06-30 12:49:20.542539+00:00,boundary,49,8,3,5,30,1,1,1,0,0,4,1,0,10,7.789,0.0525
ses_20260630-124826-CHAITANYA0BCF,2026-06-30 12:49:59.457850+00:00,boundary,54,10,2,2,16,0,1,3,1,2,10,3,2,12,4.244,0.053
ses_20260630-124826-CHAITANYA0BCF,2026-06-30 12:51:00.762014+00:00,boundary,54,8,1,2,28,0,1,1,0,1,8,1,0,11,2.863,0.05
ses_20260630-124826-CHAITANYA0BCF,2026-06-30 12:51:00.763588+00:00,boundary,54,8,1,2,28,0,1,1,0,1,8,1,0,11,2.863,0.05
ses_20260630-124826-CHAITANYA0BCF,2026-06-30 12:51:26.235750+00:00,boundary,69,10,2,3,27,0,1,3,1,4,10,3,1,14,2.955,0.051
ses_20260630-124826-CHAITANYA0BCF,2026-06-30 12:51:26.236396+00:00,boundary,69,10,2,3,27,0,1,3,1,4,10,3,1,14,2.955,0.051
ses_20260630-124826-CHAITANYA0BCF,2026-06-30 12:52:07.674203+00:00,boundary,31,10,1,1,1,0,3,2,1,1,8,2,1,9,6.023,0.054
ses_20260630-124826-CHAITANYA0BCF,2026-06-30 12:52:34.698697+00:00,boundary,28,9,1,1,1,0,0,2,1,3,8,2,1,6,2.657,0.026
ses_20260630-124826-CHAITANYA0BCF,2026-06-30 12:53:14.540471+00:00,boundary,70,11,2,3,35,0,1,1,0,1,10,1,1,14,2.503,0.052
ses_20260630-124826-CHAITANYA0BCF,2026-06-30 12:53:36.360765+00:00,boundary,72,10,1,2,29,0,1,3,1,2,12,3,1,16,2.492,0.052
ses_20260630-124826-CHAITANYA0BCF,2026-06-30 12:54:00.352665+00:00,boundary,38,9,1,1,1,0,0,3,1,2,12,3,2,9,5.657,0.043
ses_20260630-124826-CHAITANYA0BCF,2026-06-30 12:54:23.490214+00:00,boundary,39,9,1,1,1,0,0,3,1,2,12,3,2,10,6.677,0.057
ses_20260630-124826-CHAITANYA0BCF,2026-06-30 12:54:46.769224+00:00,boundary,71,9,1,2,29,0,0,3,1,2,12,3,1,15,3.233,0.052
ses_20260630-124826-CHAITANYA0BCF,2026-06-30 12:54:46.769754+00:00,boundary,71,9,1,2,29,0,0,3,1,2,12,3,1,15,3.233,0.052
ses_20260630-124826-CHAITANYA0BCF,2026-06-30 12:55:12.501775+00:00,boundary,60,10,1,2,28,0,1,3,1,1,8,3,1,12,2.785,0.05
ses_20260630-124826-CHAITANYA0BCF,2026-06-30 12:55:12.503326+00:00,boundary,60,10,1,2,28,0,1,3,1,1,8,3,1,12,2.785,0.05
ses_20260630-124826-CHAITANYA0BCF,2026-06-30 12:56:37.984807+00:00,boundary,86,10,2,3,44,0,1,3,1,2,10,3,1,17,2.753,0.05
ses_20260630-124826-CHAITANYA0BCF,2026-06-30 12:56:37.985328+00:00,boundary,86,10,2,3,44,0,1,3,1,2,10,3,1,17,2.753,0.05
ses_20260630-124826-CHAITANYA0BCF,2026-06-30 12:57:06.250845+00:00,boundary,83,10,1,2,28,0,1,3,1,4,20,3,1,15,2.993,0.049
ses_20260630-124826-CHAITANYA0BCF,2026-06-30 12:57:06.251582+00:00,boundary,83,10,1,2,28,0,1,3,1,4,20,3,1,15,2.993,0.049
ses_20260630-124826-CHAITANYA0BCF,2026-06-30 12:57:36.500900+00:00,boundary,72,9,2,3,43,0,0,3,1,1,4,3,1,14,2.966,0.052
ses_20260630-124826-CHAITANYA0BCF,2026-06-30 12:57:36.502358+00:00,boundary,72,9,2,3,43,0,0,3,1,1,4,3,1,14,2.966,0.052
ses_20260630-124826-CHAITANYA0BCF,2026-06-30 12:58:05.919716+00:00,boundary,80,9,1,2,30,0,0,3,1,4,16,3,1,15,2.742,0.049
ses_20260630-124826-CHAITANYA0BCF,2026-06-30 12:58:05.920400+00:00,boundary,80,9,1,2,30,0,0,3,1,4,16,3,1,15,2.742,0.049
ses_20260630-124826-CHAITANYA0BCF,2026-06-30 12:58:29.457646+00:00,boundary,60,10,1,2,28,0,1,3,1,1,6,3,1,13,3.137,0.049
ses_20260630-124826-CHAITANYA0BCF,2026-06-30 12:58:29.459235+00:00,boundary,60,10,1,2,28,0,1,3,1,1,6,3,1,13,3.137,0.049
ses_20260630-124826-CHAITANYA0BCF,2026-06-30 12:59:29.547686+00:00,boundary,76,10,2,3,44,0,1,3,1,2,4,3,1,15,2.983,0.051
ses_20260630-124826-CHAITANYA0BCF,2026-06-30 12:59:29.548712+00:00,boundary,76,10,2,3,44,0,1,3,1,2,4,3,1,15,2.983,0.051
ses_20260630-124826-CHAITANYA0BCF,2026-06-30 13:00:02.755949+00:00,boundary,55,11,2,2,15,0,1,3,1,3,10,3,2,11,3.43,0.0535
ses_20260630-124826-CHAITANYA0BCF,2026-06-30 13:00:35.677911+00:00,boundary,80,10,1,2,29,0,1,3,1,4,16,3,1,15,2.904,0.051
ses_20260630-124826-CHAITANYA0BCF,2026-06-30 13:01:02.003236+00:00,boundary,88,9,2,3,44,0,0,3,1,3,12,3,1,16,2.674,0.05
ses_20260630-124826-CHAITANYA0BCF,2026-06-30 13:01:02.003766+00:00,boundary,88,9,2,3,44,0,0,3,1,3,12,3,1,16,2.674,0.05
ses_20260630-124826-CHAITANYA0BCF,2026-06-30 13:01:27.658080+00:00,boundary,63,10,1,2,27,0,1,3,1,3,8,3,1,12,2.792,0.0545
ses_20260630-124826-CHAITANYA0BCF,2026-06-30 13:02:42.184502+00:00,boundary,87,10,2,3,43,0,1,3,1,3,12,3,1,15,3.439,0.0505
ses_20260630-124826-CHAITANYA0BCF,2026-06-30 13:02:42.188884+00:00,boundary,87,10,2,3,43,0,1,3,1,3,12,3,1,15,3.439,0.0505
ses_20260630-124826-CHAITANYA0BCF,2026-06-30 13:04:02.382708+00:00,boundary,87,11,1,3,36,0,1,2,1,0,28,2,1,13,2.98,0.042499999999999996
ses_20260630-124826-CHAITANYA0BCF,2026-06-30 13:04:02.385933+00:00,boundary,87,11,1,3,36,0,1,2,1,0,28,2,1,13,2.98,0.042499999999999996
ses_20260630-124826-CHAITANYA0BCF,2026-06-30 13:04:31.961222+00:00,boundary,66,10,2,2,16,0,1,3,1,4,16,3,3,12,3.518,0.051
ses_20260630-124826-CHAITANYA0BCF,2026-06-30 13:04:31.962158+00:00,boundary,66,10,2,2,16,0,1,3,1,4,16,3,3,12,3.518,0.051
ses_20260630-124826-CHAITANYA0BCF,2026-06-30 13:05:00.428951+00:00,boundary,61,10,1,2,28,0,1,3,1,3,6,3,1,12,2.951,0.0505
ses_20260630-124826-CHAITANYA0BCF,2026-06-30 13:05:00.429287+00:00,boundary,61,10,1,2,28,0,1,3,1,3,6,3,1,12,2.951,0.0505
ses_20260630-124826-CHAITANYA0BCF,2026-06-30 13:05:34.603917+00:00,boundary,85,10,2,3,44,0,1,3,1,2,10,3,1,16,2.751,0.051
ses_20260630-124826-CHAITANYA0BCF,2026-06-30 13:05:34.605486+00:00,boundary,85,10,2,3,44,0,1,3,1,2,10,3,1,16,2.751,0.051
ses_20260630-124826-CHAITANYA0BCF,2026-06-30 13:05:59.044743+00:00,boundary,66,9,1,2,30,0,0,3,1,3,8,3,1,13,2.725,0.051
ses_20260630-124826-CHAITANYA0BCF,2026-06-30 13:06:36.467639+00:00,boundary,83,10,2,3,43,0,1,3,1,3,10,3,1,15,2.974,0.049
ses_20260630-124826-CHAITANYA0BCF,2026-06-30 13:07:15.665985+00:00,boundary,86,10,2,3,44,0,1,3,1,2,10,3,1,17,3.284,0.052
ses_20260630-124826-CHAITANYA0BCF,2026-06-30 13:07:15.667039+00:00,boundary,86,10,2,3,44,0,1,3,1,2,10,3,1,17,3.284,0.052
ses_20260630-124826-CHAITANYA0BCF,2026-06-30 13:07:39.697559+00:00,boundary,70,10,2,3,29,0,1,3,1,4,10,3,1,13,3.308,0.052
ses_20260630-124826-CHAITANYA0BCF,2026-06-30 13:07:39.698197+00:00,boundary,70,10,2,3,29,0,1,3,1,4,10,3,1,13,3.308,0.052
ses_20260630-124826-CHAITANYA0BCF,2026-06-30 13:08:53.134774+00:00,boundary,46,7,3,4,31,0,0,1,0,1,2,1,0,9,8.845,0.053
ses_20260630-124826-CHAITANYA0BCF,2026-06-30 13:08:53.136423+00:00,boundary,46,7,3,4,31,0,0,1,0,1,2,1,0,9,8.845,0.053
ses_20260630-124826-CHAITANYA0BCF,2026-06-30 13:09:32.741170+00:00,boundary,51,10,2,2,16,1,0,3,1,4,8,3,2,9,5.929,0.0475
ses_20260630-124826-CHAITANYA0BCF,2026-06-30 13:10:07.950426+00:00,boundary,51,10,1,1,2,0,1,3,1,4,16,3,2,12,3.103,0.0485
ses_20260630-124826-CHAITANYA0BCF,2026-06-30 13:10:36.134532+00:00,boundary,52,9,2,2,16,0,0,3,1,2,10,3,2,11,6.426,0.053
ses_20260630-125757-LAPTOP-R36BQBTE,2026-06-30 12:59:09.824450+00:00,boundary,48,5,2,2,26,0,0,0,0,0,8,1,0,10,2.355,0.055
ses_20260630-125757-LAPTOP-R36BQBTE,2026-06-30 12:59:33.418026+00:00,boundary,50,5,2,2,27,0,0,0,0,0,8,3,0,8,3.958,0.053
ses_20260630-125757-LAPTOP-R36BQBTE,2026-06-30 12:59:33.421078+00:00,boundary,50,5,2,2,27,0,0,0,0,0,8,3,0,8,3.958,0.053
ses_20260630-125757-LAPTOP-R36BQBTE,2026-06-30 13:00:15.633511+00:00,boundary,66,7,2,3,42,0,0,0,0,0,4,3,1,13,3.284,0.056
ses_20260630-125757-LAPTOP-R36BQBTE,2026-06-30 13:00:15.635048+00:00,boundary,66,7,2,3,42,0,0,0,0,0,4,3,1,13,3.284,0.056
ses_20260630-125757-LAPTOP-R36BQBTE,2026-06-30 13:00:50.946388+00:00,boundary,43,8,2,3,14,1,0,0,0,2,10,3,1,7,6.348,0.052
ses_20260630-125757-LAPTOP-R36BQBTE,2026-06-30 13:01:28.835057+00:00,boundary,49,6,1,2,27,0,0,0,0,1,6,3,0,9,4.378,0.055
ses_20260630-125757-LAPTOP-R36BQBTE,2026-06-30 13:01:28.836435+00:00,boundary,49,6,1,2,27,0,0,0,0,1,6,3,0,9,4.378,0.055
ses_20260630-125757-LAPTOP-R36BQBTE,2026-06-30 13:02:02.857613+00:00,boundary,34,6,3,3,14,0,0,0,0,0,6,3,1,7,6.791,0.06
ses_20260630-125757-LAPTOP-R36BQBTE,2026-06-30 13:03:40.728677+00:00,boundary,50,5,1,2,28,0,0,0,0,0,8,1,0,10,1.92,0.053
ses_20260630-125757-LAPTOP-R36BQBTE,2026-06-30 13:03:40.732331+00:00,boundary,50,5,1,2,28,0,0,0,0,0,8,1,0,10,1.92,0.053
ses_20260630-125757-LAPTOP-R36BQBTE,2026-06-30 13:04:10.879433+00:00,boundary,76,6,2,3,43,0,0,0,0,1,10,3,0,15,2.863,0.056
ses_20260630-125757-LAPTOP-R36BQBTE,2026-06-30 13:04:10.881436+00:00,boundary,76,6,2,3,43,0,0,0,0,1,10,3,0,15,2.863,0.056
ses_20260630-125757-LAPTOP-R36BQBTE,2026-06-30 13:05:15.621590+00:00,boundary,16,5,1,1,1,0,0,0,0,0,8,1,0,3,2.067,0.014
ses_20260630-125757-LAPTOP-R36BQBTE,2026-06-30 13:05:32.449371+00:00,boundary,20,5,1,1,0,0,0,0,0,1,10,2,0,4,3.488,0.045
ses_20260630-125757-LAPTOP-R36BQBTE,2026-06-30 13:06:09.223270+00:00,boundary,32,3,1,2,25,0,0,0,0,0,0,1,0,6,2.5,0.052
ses_20260630-125757-LAPTOP-R36BQBTE,2026-06-30 13:06:50.416068+00:00,boundary,47,7,2,2,15,0,0,0,0,4,10,3,1,9,6.392,0.064
ses_20260630-125757-LAPTOP-R36BQBTE,2026-06-30 13:06:50.418113+00:00,boundary,47,7,2,2,15,0,0,0,0,4,10,3,1,9,6.392,0.064
ses_20260630-125757-LAPTOP-R36BQBTE,2026-06-30 13:07:26.585042+00:00,boundary,40,5,2,2,14,0,0,0,0,0,10,3,0,8,6.26,0.059
ses_20260630-125757-LAPTOP-R36BQBTE,2026-06-30 13:08:05.516567+00:00,boundary,65,5,1,2,28,0,0,0,0,0,16,3,0,11,3.59,0.0505
ses_20260630-125757-LAPTOP-R36BQBTE,2026-06-30 13:08:05.519912+00:00,boundary,65,5,1,2,28,0,0,0,0,0,16,3,0,11,3.59,0.0505
ses_20260630-125757-LAPTOP-R36BQBTE,2026-06-30 13:08:33.352999+00:00,boundary,36,6,1,1,14,0,0,0,0,2,8,2,0,6,9.263,0.055
ses_20260630-125757-LAPTOP-R36BQBTE,2026-06-30 13:08:41.128383+00:00,boundary,49,5,1,2,27,0,0,0,0,0,8,2,0,9,9.263,0.054
ses_20260630-125757-LAPTOP-R36BQBTE,2026-06-30 13:09:08.228338+00:00,boundary,71,5,2,3,42,0,0,0,0,0,8,3,0,14,3.123,0.0535
ses_20260630-125757-LAPTOP-R36BQBTE,2026-06-30 13:09:08.229849+00:00,boundary,71,5,2,3,42,0,0,0,0,0,8,3,0,14,3.123,0.0535
ses_20260630-125757-LAPTOP-R36BQBTE,2026-06-30 13:09:34.234058+00:00,boundary,50,6,2,3,27,0,0,0,0,2,6,3,0,9,4.138,0.055
ses_20260630-125757-LAPTOP-R36BQBTE,2026-06-30 13:09:34.236096+00:00,boundary,50,6,2,3,27,0,0,0,0,2,6,3,0,9,4.138,0.055
ses_20260630-125757-LAPTOP-R36BQBTE,2026-06-30 13:10:16.352895+00:00,boundary,75,6,2,3,42,0,0,0,0,1,10,3,0,15,3.206,0.0555
ses_20260630-125757-LAPTOP-R36BQBTE,2026-06-30 13:10:16.355950+00:00,boundary,75,6,2,3,42,0,0,0,0,1,10,3,0,15,3.206,0.0555
ses_20260630-125757-LAPTOP-R36BQBTE,2026-06-30 13:10:46.532576+00:00,boundary,63,6,1,2,28,0,0,0,0,1,14,3,0,11,3.842,0.0515
ses_20260630-125757-LAPTOP-R36BQBTE,2026-06-30 13:10:46.534625+00:00,boundary,63,6,1,2,28,0,0,0,0,1,14,3,0,11,3.842,0.0515
ses_20260630-125757-LAPTOP-R36BQBTE,2026-06-30 13:11:38.082832+00:00,boundary,5,4,1,1,0,0,0,0,0,0,2,1,0,1,3.758,0.0505
ses_20260630-125757-LAPTOP-R36BQBTE,2026-06-30 13:11:38.085860+00:00,boundary,5,4,1,1,0,0,0,0,0,0,2,1,0,1,3.758,0.0505
ses_20260630-125757-LAPTOP-R36BQBTE,2026-06-30 13:12:16.784438+00:00,boundary,65,6,1,2,28,0,0,0,0,3,14,3,0,11,3.767,0.0495
ses_20260630-125757-LAPTOP-R36BQBTE,2026-06-30 13:12:16.787510+00:00,boundary,65,6,1,2,28,0,0,0,0,3,14,3,0,11,3.767,0.0495
ses_20260630-125757-LAPTOP-R36BQBTE,2026-06-30 13:12:43.067740+00:00,boundary,57,5,1,2,27,0,0,0,0,0,12,3,0,10,3.671,0.053
ses_20260630-125757-LAPTOP-R36BQBTE,2026-06-30 13:12:43.070806+00:00,boundary,57,5,1,2,27,0,0,0,0,0,12,3,0,10,3.671,0.053
ses_20260630-125757-LAPTOP-R36BQBTE,2026-06-30 13:13:13.148565+00:00,boundary,48,6,2,2,15,0,0,0,0,2,14,3,0,8,6.195,0.053
ses_20260630-125757-LAPTOP-R36BQBTE,2026-06-30 13:13:13.150602+00:00,boundary,48,6,2,2,15,0,0,0,0,2,14,3,0,8,6.195,0.053
ses_20260630-125757-LAPTOP-R36BQBTE,2026-06-30 13:14:13.154768+00:00,boundary,49,6,1,2,27,0,0,0,0,1,8,1,0,9,2.009,0.049
ses_20260630-125757-LAPTOP-R36BQBTE,2026-06-30 13:14:13.158356+00:00,boundary,49,6,1,2,27,0,0,0,0,1,8,1,0,9,2.009,0.049
ses_20260630-125757-LAPTOP-R36BQBTE,2026-06-30 13:14:37.378581+00:00,boundary,27,6,1,1,1,0,0,0,0,2,12,3,0,4,5.975,0.051000000000000004
ses_20260630-125757-LAPTOP-R36BQBTE,2026-06-30 13:15:01.738035+00:00,boundary,66,6,2,3,41,0,0,0,0,1,6,3,0,12,3.066,0.053
ses_20260630-125757-LAPTOP-R36BQBTE,2026-06-30 13:15:01.741101+00:00,boundary,66,6,2,3,41,0,0,0,0,1,6,3,0,12,3.066,0.053
ses_20260630-125757-LAPTOP-R36BQBTE,2026-06-30 13:15:30.063273+00:00,boundary,37,6,1,1,2,0,0,0,0,3,16,3,0,6,6.967,0.065
ses_20260630-131729-CHAITANYA0BCF,2026-06-30 13:18:24.273524+00:00,boundary,44,7,2,2,29,0,1,1,0,0,2,1,0,9,2.907,0.051
ses_20260630-131729-CHAITANYA0BCF,2026-06-30 13:19:25.384441+00:00,boundary,13,8,1,1,2,0,0,1,0,1,2,1,1,4,5.849,0.0645
ses_20260630-131729-CHAITANYA0BCF,2026-06-30 13:19:54.657895+00:00,boundary,96,10,2,3,43,0,1,3,1,4,16,3,1,17,2.792,0.05
ses_20260630-131729-CHAITANYA0BCF,2026-06-30 13:19:54.659454+00:00,boundary,96,10,2,3,43,0,1,3,1,4,16,3,1,17,2.792,0.05
ses_20260630-131729-CHAITANYA0BCF,2026-06-30 13:20:23.380766+00:00,boundary,47,9,1,1,1,0,0,3,1,4,16,3,2,10,6.002,0.033
ses_20260630-131729-CHAITANYA0BCF,2026-06-30 13:20:50.760049+00:00,boundary,88,10,2,3,42,0,1,3,1,3,12,3,1,17,2.772,0.05
ses_20260630-131729-CHAITANYA0BCF,2026-06-30 13:21:20.805064+00:00,boundary,38,10,2,2,1,0,1,3,1,4,10,3,2,8,3.924,0.066
ses_20260630-131729-CHAITANYA0BCF,2026-06-30 13:21:54.801633+00:00,boundary,81,9,2,3,44,0,0,3,1,2,8,3,1,15,2.949,0.051
ses_20260630-131729-CHAITANYA0BCF,2026-06-30 13:21:54.802166+00:00,boundary,81,9,2,3,44,0,0,3,1,2,8,3,1,15,2.949,0.051
ses_20260630-131729-CHAITANYA0BCF,2026-06-30 13:22:20.846324+00:00,boundary,36,10,1,1,1,0,1,3,1,2,10,3,2,9,4.391,0.029
ses_20260630-131729-CHAITANYA0BCF,2026-06-30 13:22:20.847157+00:00,boundary,36,10,1,1,1,0,1,3,1,2,10,3,2,9,4.391,0.029
ses_20260630-131729-CHAITANYA0BCF,2026-06-30 13:22:39.092336+00:00,boundary,69,10,1,2,27,0,1,3,1,2,12,3,1,15,2.377,0.0505
ses_20260630-131729-CHAITANYA0BCF,2026-06-30 13:22:39.092911+00:00,boundary,69,10,1,2,27,0,1,3,1,2,12,3,1,15,2.377,0.0505
ses_20260630-131729-CHAITANYA0BCF,2026-06-30 13:22:59.455077+00:00,boundary,58,11,2,4,29,0,1,3,1,1,4,3,1,13,3.451,0.05
ses_20260630-131729-CHAITANYA0BCF,2026-06-30 13:22:59.456628+00:00,boundary,58,11,2,4,29,0,1,3,1,1,4,3,1,13,3.451,0.05
ses_20260630-131729-CHAITANYA0BCF,2026-06-30 13:23:41.819703+00:00,boundary,37,9,2,2,16,0,0,3,1,1,2,3,2,8,6.895,0.0525
ses_20260630-131729-CHAITANYA0BCF,2026-06-30 13:24:40.896738+00:00,boundary,54,7,1,2,28,0,0,1,0,1,12,1,0,8,3.475,0.045
ses_20260630-131729-CHAITANYA0BCF,2026-06-30 13:24:40.899940+00:00,boundary,54,7,1,2,28,0,0,1,0,1,12,1,0,8,3.475,0.045
ses_20260630-131729-CHAITANYA0BCF,2026-06-30 13:25:03.834276+00:00,boundary,24,9,2,2,2,0,0,2,1,1,6,2,1,6,2.695,0.062
ses_20260630-131729-CHAITANYA0BCF,2026-06-30 13:25:18.577822+00:00,boundary,38,4,1,2,29,0,0,1,0,0,0,1,0,7,2.843,0.05
ses_20260630-131729-CHAITANYA0BCF,2026-06-30 13:25:53.669680+00:00,boundary,74,12,3,4,44,1,1,3,1,1,2,3,1,15,2.865,0.052
ses_20260630-131729-CHAITANYA0BCF,2026-06-30 13:25:53.671226+00:00,boundary,74,12,3,4,44,1,1,3,1,1,2,3,1,15,2.865,0.052
ses_20260630-131729-CHAITANYA0BCF,2026-06-30 13:26:32.584392+00:00,boundary,67,9,2,3,41,0,0,3,1,2,2,3,1,13,3.364,0.053
ses_20260630-131729-CHAITANYA0BCF,2026-06-30 13:27:09.915177+00:00,boundary,83,10,2,3,42,0,1,3,1,2,10,3,1,16,2.593,0.0515
ses_20260630-131729-CHAITANYA0BCF,2026-06-30 13:27:09.916740+00:00,boundary,83,10,2,3,42,0,1,3,1,2,10,3,1,16,2.593,0.0515
ses_20260630-131729-CHAITANYA0BCF,2026-06-30 13:27:35.166911+00:00,boundary,28,9,2,2,0,0,1,3,1,1,6,3,2,8,4.559,0.055
ses_20260630-131729-CHAITANYA0BCF,2026-06-30 13:27:35.167595+00:00,boundary,28,9,2,2,0,0,1,3,1,1,6,3,2,8,4.559,0.055
ses_20260630-131729-CHAITANYA0BCF,2026-06-30 13:28:07.352633+00:00,boundary,60,10,2,2,16,0,1,3,1,3,14,3,2,11,3.688,0.046
ses_20260630-131729-CHAITANYA0BCF,2026-06-30 13:28:30.801229+00:00,boundary,69,9,1,2,29,0,0,3,1,2,12,3,1,13,2.971,0.0505
ses_20260630-131729-CHAITANYA0BCF,2026-06-30 13:28:30.802738+00:00,boundary,69,9,1,2,29,0,0,3,1,2,12,3,1,13,2.971,0.0505
ses_20260630-131729-CHAITANYA0BCF,2026-06-30 13:30:07.252528+00:00,boundary,24,10,1,1,2,0,0,1,0,1,8,1,0,5,5.37,0.045
ses_20260630-131729-CHAITANYA0BCF,2026-06-30 13:32:09.328696+00:00,boundary,19,7,1,1,1,0,0,1,0,1,8,1,0,4,2.184,0.0355
ses_20260630-131729-CHAITANYA0BCF,2026-06-30 13:32:35.152036+00:00,boundary,80,10,1,2,28,0,1,3,1,4,16,3,1,16,2.621,0.055
ses_20260630-131729-CHAITANYA0BCF,2026-06-30 13:32:35.154130+00:00,boundary,81,10,1,2,28,0,1,3,1,4,16,3,1,17,2.621,0.0555
ses_20260630-131729-CHAITANYA0BCF,2026-06-30 13:33:02.455872+00:00,boundary,75,10,2,3,43,0,1,3,1,2,4,3,1,15,2.887,0.052
ses_20260630-131729-CHAITANYA0BCF,2026-06-30 13:33:02.458006+00:00,boundary,75,10,2,3,43,0,1,3,1,2,4,3,1,15,2.887,0.052
ses_20260630-131729-CHAITANYA0BCF,2026-06-30 13:33:39.982782+00:00,boundary,85,10,2,3,44,0,0,3,1,2,10,3,1,16,3.397,0.0515
ses_20260630-131729-CHAITANYA0BCF,2026-06-30 13:33:39.984366+00:00,boundary,85,10,2,3,44,0,0,3,1,2,10,3,1,16,3.397,0.0515
ses_20260630-131729-CHAITANYA0BCF,2026-06-30 13:34:08.448240+00:00,boundary,63,10,1,2,27,0,1,3,1,3,8,3,1,12,3.223,0.05
ses_20260630-131729-CHAITANYA0BCF,2026-06-30 13:34:49.556892+00:00,boundary,45,9,2,2,16,0,0,3,1,1,6,3,3,9,6.302,0.0505
ses_20260630-131729-CHAITANYA0BCF,2026-06-30 13:35:27.438364+00:00,boundary,39,10,2,2,1,0,1,3,1,4,10,3,2,9,4.28,0.039
ses_20260630-131729-CHAITANYA0BCF,2026-06-30 13:35:27.440038+00:00,boundary,39,10,2,2,1,0,1,3,1,4,10,3,2,9,4.28,0.039
ses_20260630-131729-CHAITANYA0BCF,2026-06-30 13:36:05.088473+00:00,boundary,42,9,2,2,16,0,0,3,1,2,4,3,2,9,7.814,0.051
ses_20260630-132737-LAPTOP-R36BQBTE,2026-06-30 13:28:56.338260+00:00,boundary,49,5,2,2,27,0,0,0,0,0,8,1,0,10,2.045,0.0535
ses_20260630-132737-LAPTOP-R36BQBTE,2026-06-30 13:29:26.197821+00:00,boundary,66,6,1,2,27,0,0,0,0,1,16,3,0,12,3.237,0.053
ses_20260630-132737-LAPTOP-R36BQBTE,2026-06-30 13:29:26.200469+00:00,boundary,66,6,1,2,27,0,0,0,0,1,16,3,0,12,3.237,0.053
ses_20260630-132737-LAPTOP-R36BQBTE,2026-06-30 13:29:55.558351+00:00,boundary,32,7,3,5,17,1,0,0,0,0,2,3,0,7,7.112,0.057
ses_20260630-132737-LAPTOP-R36BQBTE,2026-06-30 13:29:55.560997+00:00,boundary,32,7,3,5,17,1,0,0,0,0,2,3,0,7,7.112,0.057
ses_20260630-132737-LAPTOP-R36BQBTE,2026-06-30 13:30:31.323337+00:00,boundary,46,7,2,2,15,0,0,0,0,0,10,3,2,10,6.729,0.054
ses_20260630-132737-LAPTOP-R36BQBTE,2026-06-30 13:31:11.132559+00:00,boundary,31,7,1,1,1,0,0,0,0,1,14,3,1,5,7.042,0.0215
ses_20260630-132737-LAPTOP-R36BQBTE,2026-06-30 13:31:11.135341+00:00,boundary,31,7,1,1,1,0,0,0,0,1,14,3,1,5,7.042,0.0215
ses_20260630-132737-LAPTOP-R36BQBTE,2026-06-30 13:31:58.624041+00:00,boundary,7,5,1,1,1,0,0,0,0,0,2,1,0,2,3.03,0.073
ses_20260630-132737-LAPTOP-R36BQBTE,2026-06-30 13:31:58.625568+00:00,boundary,7,5,1,1,1,0,0,0,0,0,2,1,0,2,3.03,0.073
ses_20260630-132737-LAPTOP-R36BQBTE,2026-06-30 13:34:14.177451+00:00,boundary,50,6,1,2,28,0,0,0,0,1,8,1,0,9,2.792,0.053
ses_20260630-132737-LAPTOP-R36BQBTE,2026-06-30 13:34:14.180551+00:00,boundary,50,6,1,2,28,0,0,0,0,1,8,1,0,9,2.792,0.053
ses_20260630-132737-LAPTOP-R36BQBTE,2026-06-30 13:34:45.260085+00:00,boundary,78,7,2,3,41,0,0,0,0,2,12,3,1,14,2.749,0.054
ses_20260630-132737-LAPTOP-R36BQBTE,2026-06-30 13:34:45.262682+00:00,boundary,78,7,2,3,41,0,0,0,0,2,12,3,1,14,2.749,0.054
ses_20260630-132737-LAPTOP-R36BQBTE,2026-06-30 13:35:09.644561+00:00,boundary,14,4,1,1,0,0,0,0,0,0,6,2,0,3,2.871,0.037
ses_20260630-132737-LAPTOP-R36BQBTE,2026-06-30 13:35:46.354209+00:00,boundary,50,5,1,2,29,0,0,0,0,0,8,1,0,9,2.67,0.054
ses_20260630-132737-LAPTOP-R36BQBTE,2026-06-30 13:36:16.880954+00:00,boundary,49,6,1,2,27,0,0,0,0,2,6,3,0,8,4.13,0.052
ses_20260630-132737-LAPTOP-R36BQBTE,2026-06-30 13:36:16.883099+00:00,boundary,48,6,1,2,27,0,0,0,0,2,6,3,0,7,4.13,0.052
ses_20260630-132737-LAPTOP-R36BQBTE,2026-06-30 13:36:56.514549+00:00,boundary,79,7,2,3,41,0,0,0,0,1,12,3,1,16,2.445,0.0515
ses_20260630-132737-LAPTOP-R36BQBTE,2026-06-30 13:36:56.517617+00:00,boundary,79,7,2,3,41,0,0,0,0,1,12,3,1,16,2.445,0.0515
ses_20260630-132737-LAPTOP-R36BQBTE,2026-06-30 13:37:24.991225+00:00,boundary,53,6,1,2,28,0,0,0,0,2,8,3,0,8,3.657,0.052
ses_20260630-132737-LAPTOP-R36BQBTE,2026-06-30 13:37:24.994193+00:00,boundary,53,6,1,2,28,0,0,0,0,2,8,3,0,8,3.657,0.052
ses_20260630-132737-LAPTOP-R36BQBTE,2026-06-30 13:38:07.653240+00:00,boundary,50,7,2,2,15,0,0,0,0,2,14,3,1,9,6.077,0.051
ses_20260630-132737-LAPTOP-R36BQBTE,2026-06-30 13:38:07.655287+00:00,boundary,48,7,2,2,15,0,0,0,0,2,13,3,1,9,6.077,0.052
ses_20260630-132737-LAPTOP-R36BQBTE,2026-06-30 13:38:33.628027+00:00,boundary,37,6,1,1,2,0,0,0,0,3,16,3,0,6,6.416,0.041499999999999995
ses_20260630-132737-LAPTOP-R36BQBTE,2026-06-30 13:38:33.630586+00:00,boundary,37,6,1,1,2,0,0,0,0,3,16,3,0,6,6.416,0.041499999999999995
ses_20260630-132737-LAPTOP-R36BQBTE,2026-06-30 13:39:01.030280+00:00,boundary,81,6,2,3,39,0,0,0,0,2,16,3,0,14,2.856,0.0515
ses_20260630-132737-LAPTOP-R36BQBTE,2026-06-30 13:39:01.033890+00:00,boundary,81,6,2,3,39,0,0,0,0,2,16,3,0,14,2.856,0.0515
ses_20260630-132737-LAPTOP-R36BQBTE,2026-06-30 13:40:35.457777+00:00,boundary,42,5,2,3,29,0,0,0,0,0,2,1,0,9,2.834,0.056
ses_20260630-132737-LAPTOP-R36BQBTE,2026-06-30 13:40:35.460829+00:00,boundary,42,5,2,3,29,0,0,0,0,0,2,1,0,9,2.834,0.056
ses_20260630-132737-LAPTOP-R36BQBTE,2026-06-30 13:41:11.400703+00:00,boundary,41,6,2,2,15,0,0,0,0,1,10,3,0,8,6.173,0.0555
ses_20260630-132737-LAPTOP-R36BQBTE,2026-06-30 13:41:11.403251+00:00,boundary,41,6,2,2,15,0,0,0,0,1,10,3,0,8,6.173,0.0555
ses_20260630-132737-LAPTOP-R36BQBTE,2026-06-30 13:41:33.404322+00:00,boundary,53,6,1,2,28,0,0,0,0,1,8,3,0,9,4.266,0.0545
ses_20260630-132737-LAPTOP-R36BQBTE,2026-06-30 13:41:35.005117+00:00,boundary,68,6,1,2,28,0,0,0,0,2,16,3,0,12,4.266,0.053
ses_20260630-132737-LAPTOP-R36BQBTE,2026-06-30 13:42:04.744159+00:00,boundary,55,6,1,2,27,0,0,0,0,1,10,3,0,9,3.563,0.054
ses_20260630-132737-LAPTOP-R36BQBTE,2026-06-30 13:42:04.747215+00:00,boundary,55,6,1,2,27,0,0,0,0,1,10,3,0,9,3.563,0.054
ses_20260630-132737-LAPTOP-R36BQBTE,2026-06-30 13:42:45.253811+00:00,boundary,68,6,1,2,28,0,0,0,0,2,16,3,0,12,3.362,0.052
ses_20260630-132737-LAPTOP-R36BQBTE,2026-06-30 13:42:45.257525+00:00,boundary,68,6,1,2,28,0,0,0,0,2,16,3,0,12,3.362,0.052
ses_20260630-132737-LAPTOP-R36BQBTE,2026-06-30 13:43:15.341031+00:00,boundary,67,6,1,2,28,0,0,0,0,2,16,3,0,11,4.176,0.052
ses_20260630-132737-LAPTOP-R36BQBTE,2026-06-30 13:43:15.344098+00:00,boundary,67,6,1,2,28,0,0,0,0,2,16,3,0,11,4.176,0.052
ses_20260630-132737-LAPTOP-R36BQBTE,2026-06-30 13:44:14.125167+00:00,boundary,17,6,1,1,1,0,0,0,0,1,8,1,0,3,2.606,0.0265
ses_20260630-132737-LAPTOP-R36BQBTE,2026-06-30 13:44:14.126700+00:00,boundary,17,6,1,1,1,0,0,0,0,1,8,1,0,3,2.606,0.0265
ses_20260630-132737-LAPTOP-R36BQBTE,2026-06-30 13:44:42.556130+00:00,boundary,41,5,2,2,15,0,0,0,0,0,10,3,0,9,7.179,0.0535
ses_20260630-132737-LAPTOP-R36BQBTE,2026-06-30 13:44:42.559148+00:00,boundary,41,5,2,2,15,0,0,0,0,0,10,3,0,9,7.179,0.0535
ses_20260630-132737-LAPTOP-R36BQBTE,2026-06-30 13:45:51.700041+00:00,boundary,83,8,1,3,28,1,0,0,0,1,34,2,0,13,3.552,0.044
ses_20260630-132737-LAPTOP-R36BQBTE,2026-06-30 13:45:51.703095+00:00,boundary,83,8,1,3,28,1,0,0,0,1,34,2,0,13,3.552,0.044
ses_20260630-132737-LAPTOP-R36BQBTE,2026-06-30 13:46:15.908221+00:00,boundary,37,6,1,1,1,0,0,0,0,0,16,3,2,8,5.368,0.0305
ses_20260630-132737-LAPTOP-R36BQBTE,2026-06-30 13:46:42.685307+00:00,boundary,70,7,1,2,29,0,0,0,0,3,14,3,1,13,3.027,0.055
ses_20260630-132737-LAPTOP-R36BQBTE,2026-06-30 13:46:42.687373+00:00,boundary,70,7,1,2,29,0,0,0,0,3,14,3,1,13,3.027,0.055
ses_20260630-132737-LAPTOP-R36BQBTE,2026-06-30 13:47:10.575067+00:00,boundary,74,6,2,3,41,0,0,0,0,1,10,3,0,15,2.801,0.054
ses_20260630-132737-LAPTOP-R36BQBTE,2026-06-30 13:47:10.577670+00:00,boundary,74,6,2,3,41,0,0,0,0,1,10,3,0,15,2.801,0.054
ses_20260630-135201-LAPTOP-R36BQBTE,2026-06-30 13:53:12.251131+00:00,boundary,39,5,2,2,27,0,0,0,0,0,2,1,0,8,2.836,0.056
ses_20260630-135201-LAPTOP-R36BQBTE,2026-06-30 13:53:42.872986+00:00,boundary,36,6,1,1,1,0,0,0,0,3,16,3,0,6,6.678,0.029
ses_20260630-135201-LAPTOP-R36BQBTE,2026-06-30 13:54:10.700758+00:00,boundary,52,5,2,4,28,0,0,0,0,0,8,3,0,9,4.412,0.055
ses_20260630-135201-LAPTOP-R36BQBTE,2026-06-30 13:54:10.701776+00:00,boundary,52,5,2,4,28,0,0,0,0,0,8,3,0,9,4.412,0.055
ses_20260630-135201-LAPTOP-R36BQBTE,2026-06-30 13:55:19.743348+00:00,boundary,54,5,1,2,28,0,0,0,0,0,10,2,0,10,7.312,0.052
ses_20260630-135201-LAPTOP-R36BQBTE,2026-06-30 13:55:19.746417+00:00,boundary,54,5,1,2,28,0,0,0,0,0,10,2,0,10,7.312,0.052
ses_20260630-135201-LAPTOP-R36BQBTE,2026-06-30 13:56:05.079580+00:00,boundary,17,6,1,1,1,0,0,0,0,1,8,1,0,3,2.591,0.022
ses_20260630-135201-LAPTOP-R36BQBTE,2026-06-30 13:56:05.081111+00:00,boundary,17,6,1,1,1,0,0,0,0,1,8,1,0,3,2.591,0.022
ses_20260630-135201-LAPTOP-R36BQBTE,2026-06-30 13:56:31.921007+00:00,boundary,50,7,2,2,28,0,0,0,0,1,6,3,1,8,3.925,0.053
ses_20260630-135201-LAPTOP-R36BQBTE,2026-06-30 13:56:31.922543+00:00,boundary,50,7,2,2,28,0,0,0,0,1,6,3,1,8,3.925,0.053
ses_20260630-135201-LAPTOP-R36BQBTE,2026-06-30 13:59:08.851070+00:00,boundary,7,5,1,1,1,0,0,0,0,0,2,1,0,2,2.933,0.08549999999999999
ses_20260630-135201-LAPTOP-R36BQBTE,2026-06-30 13:59:45.153410+00:00,boundary,73,5,2,3,40,0,0,0,0,0,12,3,0,13,2.708,0.052
ses_20260630-135201-LAPTOP-R36BQBTE,2026-06-30 13:59:45.155567+00:00,boundary,73,5,2,3,40,0,0,0,0,0,12,3,0,13,2.708,0.052
ses_20260630-135201-LAPTOP-R36BQBTE,2026-06-30 14:00:07.754357+00:00,boundary,71,8,1,2,28,0,0,0,0,3,16,3,1,12,2.861,0.0545
ses_20260630-135201-LAPTOP-R36BQBTE,2026-06-30 14:00:07.757921+00:00,boundary,71,8,1,2,28,0,0,0,0,3,16,3,1,12,2.861,0.0545
ses_20260630-135201-LAPTOP-R36BQBTE,2026-06-30 14:00:32.256630+00:00,boundary,60,6,1,2,27,0,0,0,0,2,12,3,0,11,3.117,0.054
ses_20260630-135201-LAPTOP-R36BQBTE,2026-06-30 14:00:32.259681+00:00,boundary,60,6,1,2,27,0,0,0,0,2,12,3,0,11,3.117,0.054
ses_20260630-135201-LAPTOP-R36BQBTE,2026-06-30 14:00:55.279447+00:00,boundary,55,6,1,2,28,0,0,0,0,0,8,3,0,11,3.037,0.053
ses_20260630-135201-LAPTOP-R36BQBTE,2026-06-30 14:00:56.559090+00:00,boundary,61,6,1,2,28,0,0,0,0,0,12,3,0,12,2.905,0.052
ses_20260630-135201-LAPTOP-R36BQBTE,2026-06-30 14:01:19.144670+00:00,boundary,15,4,1,1,0,0,0,0,0,0,6,3,0,3,7.191,0.0785
ses_20260630-135201-LAPTOP-R36BQBTE,2026-06-30 14:01:21.145451+00:00,boundary,15,4,2,2,0,0,0,0,0,0,6,3,0,3,7.191,0.0835
ses_20260630-135201-LAPTOP-R36BQBTE,2026-06-30 14:01:56.973960+00:00,boundary,65,5,3,4,43,0,0,0,0,0,4,3,0,14,2.827,0.0555
ses_20260630-135201-LAPTOP-R36BQBTE,2026-06-30 14:01:56.977023+00:00,boundary,65,5,3,4,43,0,0,0,0,0,4,3,0,14,2.827,0.0555
ses_20260630-135201-LAPTOP-R36BQBTE,2026-06-30 14:03:06.124315+00:00,boundary,31,6,3,3,15,0,0,0,0,1,4,3,0,7,6.051,0.0615
ses_20260630-135201-LAPTOP-R36BQBTE,2026-06-30 14:04:02.585801+00:00,boundary,49,6,2,2,16,0,0,0,0,2,14,3,0,8,6.074,0.05
ses_20260630-135201-LAPTOP-R36BQBTE,2026-06-30 14:04:02.588865+00:00,boundary,49,6,2,2,16,0,0,0,0,2,14,3,0,8,6.074,0.05
ses_20260630-135201-LAPTOP-R36BQBTE,2026-06-30 14:04:29.724825+00:00,boundary,40,5,1,2,28,0,0,0,0,0,2,1,0,8,3.584,0.055
ses_20260630-135201-LAPTOP-R36BQBTE,2026-06-30 14:04:29.727869+00:00,boundary,40,5,1,2,28,0,0,0,0,0,2,1,0,8,3.584,0.055
ses_20260630-135201-LAPTOP-R36BQBTE,2026-06-30 14:05:24.173462+00:00,boundary,53,6,1,2,29,0,0,0,0,1,8,1,0,11,2.709,0.05
ses_20260630-135201-LAPTOP-R36BQBTE,2026-06-30 14:05:24.176528+00:00,boundary,53,6,1,2,29,0,0,0,0,1,8,1,0,11,2.709,0.05
ses_20260630-135201-LAPTOP-R36BQBTE,2026-06-30 14:05:48.499092+00:00,boundary,27,6,1,1,1,0,0,0,0,1,12,3,0,5,6.902,0.041999999999999996
ses_20260630-135201-LAPTOP-R36BQBTE,2026-06-30 14:05:48.501128+00:00,boundary,27,6,1,1,1,0,0,0,0,1,12,3,0,5,6.902,0.041999999999999996
ses_20260630-135201-LAPTOP-R36BQBTE,2026-06-30 14:06:29.938514+00:00,boundary,52,7,1,2,3,0,0,0,0,1,34,2,0,8,5.356,0.041
ses_20260630-135201-LAPTOP-R36BQBTE,2026-06-30 14:06:29.941087+00:00,boundary,52,7,1,2,3,0,0,0,0,1,34,2,0,8,5.356,0.041
ses_20260630-135201-LAPTOP-R36BQBTE,2026-06-30 14:07:11.473001+00:00,boundary,52,5,1,2,29,0,0,0,0,0,8,1,0,11,2.551,0.053
ses_20260630-135201-LAPTOP-R36BQBTE,2026-06-30 14:07:11.476070+00:00,boundary,52,5,1,2,29,0,0,0,0,0,8,1,0,11,2.551,0.053
ses_20260630-135201-LAPTOP-R36BQBTE,2026-06-30 14:07:33.221804+00:00,boundary,56,5,1,2,27,0,0,0,0,0,12,3,0,10,2.527,0.05
ses_20260630-135201-LAPTOP-R36BQBTE,2026-06-30 14:07:33.224316+00:00,boundary,56,5,1,2,27,0,0,0,0,0,12,3,0,10,2.527,0.05
ses_20260630-135201-LAPTOP-R36BQBTE,2026-06-30 14:08:01.056624+00:00,boundary,47,6,2,2,16,0,0,0,0,2,12,3,0,9,6.74,0.0545
ses_20260630-135201-LAPTOP-R36BQBTE,2026-06-30 14:08:01.058656+00:00,boundary,47,6,2,2,16,0,0,0,0,2,12,3,0,9,6.74,0.0545
ses_20260630-135201-LAPTOP-R36BQBTE,2026-06-30 14:08:23.612452+00:00,boundary,69,7,1,2,30,0,0,0,0,1,14,3,1,13,2.927,0.0545
ses_20260630-135201-LAPTOP-R36BQBTE,2026-06-30 14:08:23.615732+00:00,boundary,69,7,1,2,30,0,0,0,0,1,14,3,1,13,2.927,0.0545
ses_20260630-135201-LAPTOP-R36BQBTE,2026-06-30 14:08:48.611796+00:00,boundary,17,5,2,2,1,0,0,0,0,0,6,3,0,4,6.026,0.10300000000000001
ses_20260630-135201-LAPTOP-R36BQBTE,2026-06-30 14:08:48.615227+00:00,boundary,17,5,2,2,1,0,0,0,0,0,6,3,0,4,6.026,0.10300000000000001
ses_20260630-135201-LAPTOP-R36BQBTE,2026-06-30 14:09:27.948771+00:00,boundary,40,7,2,2,15,1,0,0,0,2,8,3,0,7,6.617,0.055
ses_20260630-135201-LAPTOP-R36BQBTE,2026-06-30 14:11:10.713744+00:00,boundary,54,6,1,2,30,0,0,0,0,1,8,1,0,11,2.349,0.051
ses_20260630-135201-LAPTOP-R36BQBTE,2026-06-30 14:11:10.716869+00:00,boundary,54,6,1,2,30,0,0,0,0,1,8,1,0,11,2.349,0.051
ses_20260630-135201-LAPTOP-R36BQBTE,2026-06-30 14:11:35.337425+00:00,boundary,60,5,1,2,28,0,0,0,0,0,12,3,0,12,2.858,0.051
ses_20260630-135201-LAPTOP-R36BQBTE,2026-06-30 14:11:35.340033+00:00,boundary,60,5,1,2,28,0,0,0,0,0,12,3,0,12,2.858,0.051
ses_20260630-135201-LAPTOP-R36BQBTE,2026-06-30 14:12:05.457354+00:00,boundary,69,6,1,2,29,0,0,0,0,0,16,3,1,13,2.821,0.051
ses_20260630-135201-LAPTOP-R36BQBTE,2026-06-30 14:12:05.460958+00:00,boundary,69,6,1,2,29,0,0,0,0,0,16,3,1,13,2.821,0.051
ses_20260630-135451-CHAITANYA0BCF,2026-06-30 13:55:44.970707+00:00,boundary,52,7,2,2,28,0,1,1,0,0,8,1,0,10,2.466,0.051
ses_20260630-135451-CHAITANYA0BCF,2026-06-30 13:56:09.833748+00:00,boundary,52,10,1,1,1,0,1,3,1,4,20,3,2,10,3.845,0.037
ses_20260630-135451-CHAITANYA0BCF,2026-06-30 13:56:09.835467+00:00,boundary,52,10,1,1,1,0,1,3,1,4,20,3,2,10,3.845,0.037
ses_20260630-135451-CHAITANYA0BCF,2026-06-30 13:56:34.355095+00:00,boundary,75,11,3,4,45,0,1,3,1,1,2,3,1,16,3.816,0.054
ses_20260630-135451-CHAITANYA0BCF,2026-06-30 13:56:34.356133+00:00,boundary,75,11,3,4,45,0,1,3,1,1,2,3,1,16,3.816,0.054
ses_20260630-135451-CHAITANYA0BCF,2026-06-30 13:57:14.479862+00:00,boundary,44,10,3,3,16,0,1,3,1,2,4,3,2,10,4.354,0.065
ses_20260630-135451-CHAITANYA0BCF,2026-06-30 13:57:14.494114+00:00,boundary,44,10,3,3,16,0,1,3,1,2,4,3,2,10,4.354,0.065
ses_20260630-135451-CHAITANYA0BCF,2026-06-30 13:57:51.583264+00:00,boundary,43,10,2,2,16,0,1,3,1,1,4,3,2,10,4.32,0.054
ses_20260630-135451-CHAITANYA0BCF,2026-06-30 13:57:51.585847+00:00,boundary,43,10,2,2,16,0,1,3,1,1,4,3,2,10,4.32,0.054
ses_20260630-135451-CHAITANYA0BCF,2026-06-30 13:58:57.815959+00:00,boundary,55,8,2,3,29,0,1,1,0,1,8,1,0,11,2.451,0.05
ses_20260630-135451-CHAITANYA0BCF,2026-06-30 13:59:25.875718+00:00,boundary,44,9,1,1,1,0,0,3,1,4,14,3,2,10,6.241,0.048
ses_20260630-135451-CHAITANYA0BCF,2026-06-30 13:59:49.669990+00:00,boundary,85,10,2,3,42,0,1,3,1,3,10,3,1,16,3.859,0.052
ses_20260630-135451-CHAITANYA0BCF,2026-06-30 13:59:51.255792+00:00,boundary,86,10,2,3,41,0,1,3,1,3,12,3,1,16,3.859,0.052
ses_20260630-135451-CHAITANYA0BCF,2026-06-30 14:00:17.271934+00:00,boundary,69,10,1,2,26,0,1,3,1,2,12,3,1,15,3.664,0.0515
ses_20260630-135451-CHAITANYA0BCF,2026-06-30 14:00:17.274520+00:00,boundary,69,10,1,2,26,0,1,3,1,2,12,3,1,15,3.664,0.0515
ses_20260630-135451-CHAITANYA0BCF,2026-06-30 14:00:45.517450+00:00,boundary,51,10,1,1,2,0,1,3,1,4,16,3,2,12,3.299,0.052
ses_20260630-135451-CHAITANYA0BCF,2026-06-30 14:00:45.519100+00:00,boundary,51,10,1,1,2,0,1,3,1,4,16,3,2,12,3.299,0.052
ses_20260630-135451-CHAITANYA0BCF,2026-06-30 14:01:15.507952+00:00,boundary,44,10,2,2,6,0,1,3,1,2,10,3,2,12,4.097,0.068
ses_20260630-135451-CHAITANYA0BCF,2026-06-30 14:01:15.512332+00:00,boundary,44,10,2,2,6,0,1,3,1,2,10,3,2,12,4.097,0.068
ses_20260630-135451-CHAITANYA0BCF,2026-06-30 14:01:39.077775+00:00,boundary,63,12,2,4,27,1,1,3,0,1,10,3,1,13,3.416,0.0535
ses_20260630-135451-CHAITANYA0BCF,2026-06-30 14:02:18.952203+00:00,boundary,85,10,2,3,43,0,1,3,1,2,10,3,1,17,3.209,0.049
ses_20260630-135451-CHAITANYA0BCF,2026-06-30 14:02:18.953881+00:00,boundary,85,10,2,3,43,0,1,3,1,2,10,3,1,17,3.209,0.049
ses_20260630-135451-CHAITANYA0BCF,2026-06-30 14:02:46.953382+00:00,boundary,78,10,1,2,26,0,1,3,1,4,16,3,1,16,2.907,0.05
ses_20260630-135451-CHAITANYA0BCF,2026-06-30 14:02:46.955038+00:00,boundary,78,10,1,2,26,0,1,3,1,4,16,3,1,16,2.907,0.05
ses_20260630-135451-CHAITANYA0BCF,2026-06-30 14:03:13.228984+00:00,boundary,72,10,2,3,40,0,1,3,1,1,6,3,1,15,2.572,0.053
ses_20260630-135451-CHAITANYA0BCF,2026-06-30 14:03:13.230666+00:00,boundary,72,10,2,3,40,0,1,3,1,1,6,3,1,15,2.572,0.053
ses_20260630-135451-CHAITANYA0BCF,2026-06-30 14:03:52.360261+00:00,boundary,83,9,1,2,29,0,0,3,1,4,20,3,1,15,2.815,0.0495
ses_20260630-135451-CHAITANYA0BCF,2026-06-30 14:04:23.200600+00:00,boundary,83,9,2,3,43,0,0,3,1,2,10,3,1,16,2.979,0.051500000000000004
ses_20260630-135451-CHAITANYA0BCF,2026-06-30 14:04:23.204185+00:00,boundary,83,9,2,3,43,0,0,3,1,2,10,3,1,16,2.979,0.051500000000000004
ses_20260630-135451-CHAITANYA0BCF,2026-06-30 14:04:48.027195+00:00,boundary,67,10,1,2,27,0,1,3,1,3,10,3,1,13,3.035,0.0525
ses_20260630-135451-CHAITANYA0BCF,2026-06-30 14:04:49.775979+00:00,boundary,76,10,1,2,26,0,1,3,1,4,16,3,1,14,3.035,0.05
ses_20260630-135451-CHAITANYA0BCF,2026-06-30 14:05:16.104806+00:00,boundary,45,10,1,1,1,0,0,3,1,2,16,3,2,11,5.844,0.037
ses_20260630-135451-CHAITANYA0BCF,2026-06-30 14:05:34.859785+00:00,boundary,37,9,1,1,1,0,0,3,1,2,12,3,2,9,6.631,0.0525
ses_20260630-135451-CHAITANYA0BCF,2026-06-30 14:05:59.368458+00:00,boundary,40,10,3,3,13,0,1,3,1,1,4,3,3,9,5.016,0.053
ses_20260630-135451-CHAITANYA0BCF,2026-06-30 14:06:36.418873+00:00,boundary,81,10,2,3,41,0,1,3,1,2,10,3,1,15,2.918,0.056
ses_20260630-135451-CHAITANYA0BCF,2026-06-30 14:07:05.299827+00:00,boundary,67,9,2,3,30,0,0,3,1,2,10,3,1,13,3.269,0.05
ses_20260630-135451-CHAITANYA0BCF,2026-06-30 14:07:05.301347+00:00,boundary,67,9,2,3,30,0,0,3,1,2,10,3,1,13,3.269,0.05
ses_20260630-135451-CHAITANYA0BCF,2026-06-30 14:07:32.990991+00:00,boundary,69,11,2,4,30,0,1,3,1,3,8,3,1,14,3.414,0.058
ses_20260630-135451-CHAITANYA0BCF,2026-06-30 14:07:32.992537+00:00,boundary,69,11,2,4,30,0,1,3,1,3,8,3,1,14,3.414,0.058
ses_20260630-135451-CHAITANYA0BCF,2026-06-30 14:08:28.108427+00:00,boundary,91,10,2,3,41,1,0,3,1,4,14,3,2,16,2.753,0.0535
ses_20260630-135451-CHAITANYA0BCF,2026-06-30 14:08:57.427741+00:00,boundary,62,10,1,2,27,0,1,3,1,2,8,3,1,12,3.355,0.049
ses_20260630-135451-CHAITANYA0BCF,2026-06-30 14:08:57.429415+00:00,boundary,62,10,1,2,27,0,1,3,1,2,8,3,1,12,3.355,0.049
ses_20260630-135451-CHAITANYA0BCF,2026-06-30 14:09:25.215152+00:00,boundary,67,10,2,3,41,0,1,3,1,1,2,3,1,13,3.153,0.055
ses_20260630-135451-CHAITANYA0BCF,2026-06-30 14:09:25.217015+00:00,boundary,67,10,2,3,41,0,1,3,1,1,2,3,1,13,3.153,0.055
ses_20260630-135451-CHAITANYA0BCF,2026-06-30 14:10:05.184647+00:00,boundary,52,9,2,2,15,0,0,3,1,3,10,3,2,10,5.82,0.055
ses_20260630-135451-CHAITANYA0BCF,2026-06-30 14:10:42.894000+00:00,boundary,74,9,2,3,39,0,0,3,1,3,8,3,1,12,3.292,0.053
ses_20260630-135451-CHAITANYA0BCF,2026-06-30 14:10:42.895895+00:00,boundary,74,9,2,3,39,0,0,3,1,3,8,3,1,12,3.292,0.053
ses_20260630-135451-CHAITANYA0BCF,2026-06-30 14:11:50.860355+00:00,boundary,85,10,2,3,41,0,1,3,1,4,10,3,1,16,2.909,0.0555
ses_20260630-135451-CHAITANYA0BCF,2026-06-30 14:12:30.349239+00:00,boundary,67,9,3,4,40,0,0,3,1,1,4,3,1,13,3.549,0.0515
ses_20260630-135451-CHAITANYA0BCF,2026-06-30 14:12:30.351294+00:00,boundary,67,9,3,4,40,0,0,3,1,1,4,3,1,13,3.549,0.0515
ses_20260630-135451-CHAITANYA0BCF,2026-06-30 14:13:37.929011+00:00,boundary,57,8,2,3,30,0,0,3,1,2,4,3,0,12,2.718,0.065
ses_20260630-135451-CHAITANYA0BCF,2026-06-30 14:14:11.932213+00:00,boundary,68,9,2,3,43,0,0,3,1,1,2,3,1,13,3.053,0.056
ses_20260630-135451-CHAITANYA0BCF,2026-06-30 14:14:11.933256+00:00,boundary,68,9,2,3,43,0,0,3,1,1,2,3,1,13,3.053,0.056
ses_20260630-135451-CHAITANYA0BCF,2026-06-30 14:14:53.504428+00:00,boundary,75,10,1,2,27,0,1,3,1,4,14,3,1,15,3.03,0.0475
ses_20260630-135451-CHAITANYA0BCF,2026-06-30 14:14:53.506006+00:00,boundary,75,10,1,2,27,0,1,3,1,4,14,3,1,15,3.03,0.0475
ses_20260630-135451-CHAITANYA0BCF,2026-06-30 14:15:19.324927+00:00,boundary,51,9,2,2,14,0,0,3,1,2,12,3,2,9,6.91,0.051000000000000004
ses_20260630-145433-JAYESH,2026-06-30 14:55:22.179462+00:00,boundary,44,7,2,2,26,0,2,1,0,0,3,1,0,9,2.704,0.053
ses_20260630-145433-JAYESH,2026-06-30 14:55:52.347955+00:00,boundary,76,10,1,2,25,0,2,3,1,4,15,3,1,16,3.053,0.044
ses_20260630-145433-JAYESH,2026-06-30 14:55:52.349647+00:00,boundary,76,10,1,2,25,0,2,3,1,4,15,3,1,16,3.053,0.044
ses_20260630-145433-JAYESH,2026-06-30 14:56:17.181117+00:00,boundary,72,9,1,2,25,0,0,3,1,4,14,3,1,14,3.144,0.041
ses_20260630-145433-JAYESH,2026-06-30 14:56:17.182947+00:00,boundary,72,9,1,2,25,0,0,3,1,4,14,3,1,14,3.144,0.041
ses_20260630-145433-JAYESH,2026-06-30 14:56:43.089268+00:00,boundary,69,12,2,3,15,1,2,3,1,4,16,3,2,14,4.25,0.0445
ses_20260630-145433-JAYESH,2026-06-30 14:56:44.844742+00:00,boundary,53,10,2,2,14,0,2,3,1,2,10,3,2,12,4.25,0.0555
ses_20260630-145433-JAYESH,2026-06-30 14:57:10.689375+00:00,boundary,40,10,2,2,1,0,2,3,1,4,10,3,2,9,3.605,0.064
ses_20260630-145433-JAYESH,2026-06-30 14:57:10.691721+00:00,boundary,40,10,2,2,1,0,2,3,1,4,10,3,2,9,3.605,0.064
ses_20260630-145433-JAYESH,2026-06-30 14:57:48.466220+00:00,boundary,81,10,2,3,39,0,2,3,1,2,10,3,1,16,3.205,0.054
ses_20260630-145433-JAYESH,2026-06-30 14:57:48.467981+00:00,boundary,81,10,2,3,39,0,2,3,1,2,10,3,1,16,3.205,0.054
ses_20260630-145433-JAYESH,2026-06-30 14:58:11.961060+00:00,boundary,57,9,1,2,25,0,0,3,1,2,6,3,1,13,2.834,0.046
ses_20260630-145433-JAYESH,2026-06-30 14:58:11.963006+00:00,boundary,57,9,1,2,25,0,0,3,1,2,6,3,1,13,2.834,0.046
ses_20260630-145433-JAYESH,2026-06-30 14:58:54.157099+00:00,boundary,54,10,2,2,15,0,2,3,1,2,10,3,2,12,5.013,0.053
ses_20260630-145433-JAYESH,2026-06-30 14:58:54.159084+00:00,boundary,54,10,2,2,15,0,2,3,1,2,10,3,2,12,5.013,0.053
ses_20260630-145433-JAYESH,2026-06-30 14:59:21.613303+00:00,boundary,76,10,1,2,24,0,2,3,1,4,16,3,1,15,2.862,0.027
ses_20260630-145433-JAYESH,2026-06-30 14:59:21.615299+00:00,boundary,76,10,1,2,24,0,2,3,1,4,16,3,1,15,2.862,0.027
ses_20260630-145433-JAYESH,2026-06-30 14:59:49.324639+00:00,boundary,86,10,2,3,39,0,2,3,1,3,12,3,1,17,2.494,0.054
ses_20260630-145433-JAYESH,2026-06-30 14:59:49.326496+00:00,boundary,86,10,2,3,39,0,2,3,1,3,12,3,1,17,2.494,0.054
ses_20260630-145433-JAYESH,2026-06-30 15:02:04.367949+00:00,boundary,56,8,2,2,28,0,2,1,0,1,8,1,0,12,2.166,0.049
ses_20260630-145433-JAYESH,2026-06-30 15:02:04.369918+00:00,boundary,56,8,2,2,28,0,2,1,0,1,8,1,0,12,2.166,0.049
ses_20260630-145433-JAYESH,2026-06-30 15:02:32.772390+00:00,boundary,57,10,2,3,25,0,2,3,1,3,5,3,1,12,4.023,0.053
ses_20260630-145433-JAYESH,2026-06-30 15:02:32.774221+00:00,boundary,57,10,2,3,25,0,2,3,1,3,5,3,1,12,4.023,0.053
ses_20260630-145433-JAYESH,2026-06-30 15:03:16.011413+00:00,boundary,36,9,1,1,2,0,2,2,1,1,12,2,0,10,3.824,0.069
ses_20260630-145433-JAYESH,2026-06-30 15:03:16.016128+00:00,boundary,36,9,1,1,2,0,2,2,1,1,12,2,0,10,3.824,0.069
ses_20260630-145433-JAYESH,2026-06-30 15:03:46.339546+00:00,boundary,80,11,3,4,41,1,2,3,1,3,6,3,1,16,2.69,0.054
ses_20260630-145433-JAYESH,2026-06-30 15:03:46.341403+00:00,boundary,80,11,3,4,41,1,2,3,1,3,6,3,1,16,2.69,0.054
ses_20260630-145433-JAYESH,2026-06-30 15:04:23.763680+00:00,boundary,82,9,2,3,38,0,0,3,1,4,10,3,1,18,2.805,0.065
ses_20260630-145433-JAYESH,2026-06-30 15:04:23.765564+00:00,boundary,82,9,2,3,38,0,0,3,1,4,10,3,1,18,2.805,0.065
ses_20260630-145433-JAYESH,2026-06-30 15:04:49.740355+00:00,boundary,88,10,2,3,40,0,2,3,1,4,12,3,1,17,2.499,0.048
ses_20260630-145433-JAYESH,2026-06-30 15:04:49.742114+00:00,boundary,88,10,2,3,40,0,2,3,1,4,12,3,1,17,2.499,0.048
ses_20260630-145433-JAYESH,2026-06-30 15:05:09.619380+00:00,boundary,52,9,1,2,26,0,0,3,1,1,4,3,1,12,2.835,0.056
ses_20260630-145433-JAYESH,2026-06-30 15:05:09.621370+00:00,boundary,52,9,1,2,26,0,0,3,1,1,4,3,1,12,2.835,0.056
ses_20260630-145433-JAYESH,2026-06-30 15:05:41.954811+00:00,boundary,79,9,1,2,27,0,0,3,1,4,16,3,1,17,2.322,0.053
ses_20260630-145433-JAYESH,2026-06-30 15:05:41.956466+00:00,boundary,79,9,1,2,27,0,0,3,1,4,16,3,1,17,2.322,0.053
ses_20260630-145433-JAYESH,2026-06-30 15:06:06.916717+00:00,boundary,41,10,1,1,1,0,2,3,1,2,12,3,2,10,3.468,0.045
ses_20260630-145433-JAYESH,2026-06-30 15:06:06.918523+00:00,boundary,41,10,1,1,1,0,2,3,1,2,12,3,2,10,3.468,0.045
ses_20260630-145433-JAYESH,2026-06-30 15:06:36.667344+00:00,boundary,55,10,2,2,16,0,2,3,1,2,10,3,2,12,4.542,0.0545
ses_20260630-145433-JAYESH,2026-06-30 15:06:36.669346+00:00,boundary,55,10,2,2,16,0,2,3,1,2,10,3,2,12,4.542,0.0545
ses_20260630-145433-JAYESH,2026-06-30 15:07:04.700300+00:00,boundary,41,11,2,3,2,0,2,3,1,3,10,3,2,10,3.773,0.0525
ses_20260630-145433-JAYESH,2026-06-30 15:07:04.702098+00:00,boundary,41,11,2,3,2,0,2,3,1,3,10,3,2,10,3.773,0.0525
ses_20260630-145433-JAYESH,2026-06-30 15:08:26.526354+00:00,boundary,41,8,2,3,27,0,2,1,0,1,2,1,0,6,3.785,0.028499999999999998
ses_20260630-145433-JAYESH,2026-06-30 15:08:26.529257+00:00,boundary,41,8,2,3,27,0,2,1,0,1,2,1,0,6,3.785,0.028499999999999998
ses_20260630-145433-JAYESH,2026-06-30 15:09:00.418388+00:00,boundary,83,11,2,3,37,1,2,3,1,2,12,3,1,16,2.729,0.0475
ses_20260630-145433-JAYESH,2026-06-30 15:09:00.420166+00:00,boundary,83,11,2,3,37,1,2,3,1,2,12,3,1,16,2.729,0.0475
ses_20260630-145433-JAYESH,2026-06-30 15:09:25.485231+00:00,boundary,48,9,1,1,1,0,0,3,1,4,16,3,2,11,5.772,0.045
ses_20260630-145433-JAYESH,2026-06-30 15:10:11.399844+00:00,boundary,56,9,1,2,28,0,1,1,0,1,8,1,0,12,4.673,0.038
ses_20260630-145433-JAYESH,2026-06-30 15:10:11.401017+00:00,boundary,56,9,1,2,28,0,1,1,0,1,8,1,0,12,4.673,0.038
ses_20260630-145433-JAYESH,2026-06-30 15:10:39.715272+00:00,boundary,66,10,1,2,27,0,2,3,1,3,8,3,1,14,2.942,0.056
ses_20260630-145433-JAYESH,2026-06-30 15:10:39.717094+00:00,boundary,66,10,1,2,27,0,2,3,1,3,8,3,1,14,2.942,0.056
ses_20260630-145433-JAYESH,2026-06-30 15:12:21.763734+00:00,boundary,25,8,1,1,3,0,2,1,0,1,8,1,0,6,3.475,0.028
ses_20260630-145433-JAYESH,2026-06-30 15:12:21.765639+00:00,boundary,25,8,1,1,3,0,2,1,0,1,8,1,0,6,3.475,0.028
ses_20260630-145433-JAYESH,2026-06-30 15:12:49.495514+00:00,boundary,74,10,2,3,38,0,2,3,1,3,6,3,1,14,2.569,0.052
ses_20260630-145433-JAYESH,2026-06-30 15:12:49.497449+00:00,boundary,74,10,2,3,38,0,2,3,1,3,6,3,1,14,2.569,0.052
ses_20260630-145433-JAYESH,2026-06-30 15:13:28.896077+00:00,boundary,84,10,2,3,39,0,2,3,1,4,10,3,1,17,2.917,0.065
ses_20260630-145433-JAYESH,2026-06-30 15:13:28.897852+00:00,boundary,84,10,2,3,39,0,2,3,1,4,10,3,1,17,2.917,0.065
ses_20260630-145433-JAYESH,2026-06-30 15:13:53.566094+00:00,boundary,49,10,3,3,14,0,2,3,1,2,8,3,2,12,3.721,0.0545
ses_20260630-145433-JAYESH,2026-06-30 15:13:53.568026+00:00,boundary,49,10,3,3,14,0,2,3,1,2,8,3,2,12,3.721,0.0545
ses_20260630-145433-JAYESH,2026-06-30 15:14:53.079826+00:00,boundary,81,10,2,3,39,0,2,3,1,2,10,3,1,16,2.81,0.055
ses_20260630-145433-JAYESH,2026-06-30 15:14:53.081600+00:00,boundary,81,10,2,3,39,0,2,3,1,2,10,3,1,16,2.81,0.055
ses_20260630-145433-JAYESH,2026-06-30 15:15:18.745897+00:00,boundary,62,10,1,2,24,0,2,3,1,3,8,3,1,13,3.086,0.046
ses_20260630-145433-JAYESH,2026-06-30 15:15:18.747929+00:00,boundary,62,10,1,2,24,0,2,3,1,3,8,3,1,13,3.086,0.046
ses_20260630-145433-JAYESH,2026-06-30 15:16:01.374954+00:00,boundary,64,10,2,3,37,0,2,3,1,1,2,3,1,13,2.679,0.049
ses_20260630-145433-JAYESH,2026-06-30 15:16:01.376795+00:00,boundary,64,10,2,3,37,0,2,3,1,1,2,3,1,13,2.679,0.049
ses_20260630-145433-JAYESH,2026-06-30 15:16:35.536700+00:00,boundary,66,10,1,2,26,0,2,3,1,3,10,3,1,13,3.188,0.04
ses_20260630-145433-JAYESH,2026-06-30 15:16:35.538180+00:00,boundary,66,10,1,2,26,0,2,3,1,3,10,3,1,13,3.188,0.04
ses_20260630-145433-JAYESH,2026-06-30 15:17:03.683149+00:00,boundary,61,9,2,2,14,0,0,3,1,4,16,3,2,11,5.762,0.0445
ses_20260630-145433-JAYESH,2026-06-30 15:17:31.566554+00:00,boundary,51,10,1,1,1,0,2,3,1,4,16,3,2,12,4.535,0.0445
ses_20260630-145433-JAYESH,2026-06-30 15:17:31.568364+00:00,boundary,51,10,1,1,1,0,2,3,1,4,16,3,2,12,4.535,0.0445
ses_20260630-145433-JAYESH,2026-06-30 15:17:57.835220+00:00,boundary,51,9,2,2,15,0,0,3,1,2,10,3,2,11,5.943,0.053
ses_20260630-163424-SIDDHIGUPTAB00B,2026-06-30 16:35:10.144776+00:00,boundary,38,8,1,2,24,0,1,1,0,0,2,1,0,7,4.19,0.052
ses_20260630-163424-SIDDHIGUPTAB00B,2026-06-30 16:35:47.740296+00:00,boundary,32,10,2,2,1,0,0,3,1,3,8,3,2,6,6.994,0.054
ses_20260630-163424-SIDDHIGUPTAB00B,2026-06-30 16:36:24.541388+00:00,boundary,66,11,2,2,14,1,1,3,1,4,16,3,2,14,3.695,0.047
ses_20260630-163424-SIDDHIGUPTAB00B,2026-06-30 16:36:24.544122+00:00,boundary,66,11,2,2,14,1,1,3,1,4,16,3,2,14,3.695,0.047
ses_20260630-163424-SIDDHIGUPTAB00B,2026-06-30 16:36:43.992556+00:00,boundary,46,10,1,2,6,0,1,3,1,2,12,3,1,13,2.981,0.07
ses_20260630-163424-SIDDHIGUPTAB00B,2026-06-30 16:36:44.000421+00:00,boundary,46,10,1,2,6,0,1,3,1,2,12,3,1,13,2.981,0.07
ses_20260630-163424-SIDDHIGUPTAB00B,2026-06-30 16:37:03.691532+00:00,boundary,63,9,1,2,25,0,0,3,1,2,12,3,1,12,2.864,0.049
ses_20260630-163424-SIDDHIGUPTAB00B,2026-06-30 16:37:03.701191+00:00,boundary,63,9,1,2,25,0,0,3,1,2,12,3,1,12,2.864,0.049
ses_20260630-163424-SIDDHIGUPTAB00B,2026-06-30 16:37:26.534092+00:00,boundary,68,10,1,2,27,0,1,3,1,2,12,3,1,13,3.183,0.049
ses_20260630-163424-SIDDHIGUPTAB00B,2026-06-30 16:37:27.981645+00:00,boundary,68,10,1,2,27,0,1,3,1,2,12,3,1,13,3.183,0.047
ses_20260630-163424-SIDDHIGUPTAB00B,2026-06-30 16:37:57.215724+00:00,boundary,76,10,1,2,28,0,1,3,1,4,14,3,1,14,2.909,0.04
ses_20260630-163424-SIDDHIGUPTAB00B,2026-06-30 16:37:57.217406+00:00,boundary,76,10,1,2,28,0,1,3,1,4,14,3,1,14,2.909,0.04
ses_20260630-163424-SIDDHIGUPTAB00B,2026-06-30 16:38:55.329689+00:00,boundary,14,10,1,1,1,0,1,1,0,1,2,1,1,4,2.142,0.061
ses_20260630-163424-SIDDHIGUPTAB00B,2026-06-30 16:38:55.332997+00:00,boundary,14,10,1,1,1,0,1,1,0,1,2,1,1,4,2.142,0.061
ses_20260630-163424-SIDDHIGUPTAB00B,2026-06-30 16:39:34.987531+00:00,boundary,53,10,2,2,16,0,1,3,1,2,10,3,2,11,4.225,0.0515
ses_20260630-163424-SIDDHIGUPTAB00B,2026-06-30 16:39:34.989260+00:00,boundary,53,10,2,2,16,0,1,3,1,2,10,3,2,11,4.225,0.0515
ses_20260630-163424-SIDDHIGUPTAB00B,2026-06-30 16:40:15.452687+00:00,boundary,55,9,3,4,27,0,0,1,0,1,8,2,0,11,5.503,0.0515
ses_20260630-163424-SIDDHIGUPTAB00B,2026-06-30 16:40:15.459440+00:00,boundary,55,9,3,4,27,0,0,1,0,1,8,2,0,11,5.503,0.0515
ses_20260630-163424-SIDDHIGUPTAB00B,2026-06-30 16:40:44.935218+00:00,boundary,57,10,1,2,23,0,1,3,1,2,8,3,1,11,4.206,0.044
ses_20260630-163424-SIDDHIGUPTAB00B,2026-06-30 16:40:44.943343+00:00,boundary,57,10,1,2,23,0,1,3,1,2,8,3,1,11,4.206,0.044
ses_20260630-163424-SIDDHIGUPTAB00B,2026-06-30 16:41:19.084068+00:00,boundary,81,10,2,3,40,0,1,3,1,2,10,3,1,16,3.289,0.049
ses_20260630-163424-SIDDHIGUPTAB00B,2026-06-30 16:41:19.087775+00:00,boundary,81,10,2,3,40,0,1,3,1,2,10,3,1,16,3.289,0.049
ses_20260630-163424-SIDDHIGUPTAB00B,2026-06-30 16:41:46.331612+00:00,boundary,31,8,1,1,2,0,1,1,0,1,12,1,0,9,4.313,0.059
ses_20260630-163424-SIDDHIGUPTAB00B,2026-06-30 16:41:46.335498+00:00,boundary,31,8,1,1,2,0,1,1,0,1,12,1,0,9,4.313,0.059
ses_20260630-163424-SIDDHIGUPTAB00B,2026-06-30 16:42:14.525724+00:00,boundary,44,10,1,1,1,0,1,3,1,4,14,3,2,9,3.892,0.046
ses_20260630-163424-SIDDHIGUPTAB00B,2026-06-30 16:42:14.527374+00:00,boundary,44,10,1,1,1,0,1,3,1,4,14,3,2,9,3.892,0.046
ses_20260630-163424-SIDDHIGUPTAB00B,2026-06-30 16:42:36.500197+00:00,boundary,39,10,1,1,1,0,1,3,1,2,12,3,2,9,4.095,0.0685
ses_20260630-163424-SIDDHIGUPTAB00B,2026-06-30 16:42:36.510009+00:00,boundary,39,10,1,1,1,0,1,3,1,2,12,3,2,9,4.095,0.0685
ses_20260630-163424-SIDDHIGUPTAB00B,2026-06-30 16:43:01.205110+00:00,boundary,51,10,2,2,14,0,1,3,1,2,10,3,2,11,4.303,0.0405
ses_20260630-163424-SIDDHIGUPTAB00B,2026-06-30 16:43:01.209995+00:00,boundary,51,10,2,2,14,0,1,3,1,2,10,3,2,11,4.303,0.0405
ses_20260630-163424-SIDDHIGUPTAB00B,2026-06-30 16:43:42.250378+00:00,boundary,59,9,2,2,32,0,1,1,0,1,8,1,1,11,1.907,0.055
ses_20260630-163424-SIDDHIGUPTAB00B,2026-06-30 16:43:42.268039+00:00,boundary,59,9,2,2,32,0,1,1,0,1,8,1,1,11,1.907,0.055
ses_20260630-163424-SIDDHIGUPTAB00B,2026-06-30 16:45:37.780974+00:00,boundary,64,8,2,2,31,0,1,1,0,1,12,1,0,14,4.572,0.051
ses_20260630-163424-SIDDHIGUPTAB00B,2026-06-30 16:45:37.782965+00:00,boundary,64,8,2,2,31,0,1,1,0,1,12,1,0,14,4.572,0.051
ses_20260630-163424-SIDDHIGUPTAB00B,2026-06-30 16:46:06.564770+00:00,boundary,61,10,2,2,26,0,1,3,1,3,8,3,1,11,3.804,0.05
ses_20260630-163424-SIDDHIGUPTAB00B,2026-06-30 16:46:06.567722+00:00,boundary,61,10,2,2,26,0,1,3,1,3,8,3,1,11,3.804,0.05
ses_20260630-163424-SIDDHIGUPTAB00B,2026-06-30 16:47:00.094840+00:00,boundary,58,9,2,2,30,0,1,1,0,1,8,1,1,12,2.147,0.055
ses_20260630-163424-SIDDHIGUPTAB00B,2026-06-30 16:47:00.115828+00:00,boundary,58,9,2,2,30,0,1,1,0,1,8,1,1,12,2.147,0.055
ses_20260630-163424-SIDDHIGUPTAB00B,2026-06-30 16:47:29.237559+00:00,boundary,52,10,2,2,15,0,1,3,1,3,9,3,2,11,3.814,0.065
ses_20260630-163424-SIDDHIGUPTAB00B,2026-06-30 16:47:29.240301+00:00,boundary,51,10,2,2,15,0,1,3,1,3,8,3,2,11,3.814,0.063
ses_20260630-163424-SIDDHIGUPTAB00B,2026-06-30 16:48:04.028232+00:00,boundary,77,10,1,2,29,0,1,3,1,4,14,3,1,15,3.276,0.05
ses_20260630-163424-SIDDHIGUPTAB00B,2026-06-30 16:48:04.029724+00:00,boundary,77,10,1,2,29,0,1,3,1,4,14,3,1,15,3.276,0.05
ses_20260630-163424-SIDDHIGUPTAB00B,2026-06-30 16:48:32.821900+00:00,boundary,44,9,2,2,14,0,0,2,1,3,8,2,1,9,1.857,0.056
ses_20260630-163424-SIDDHIGUPTAB00B,2026-06-30 16:49:30.153697+00:00,boundary,64,8,1,2,30,0,1,1,0,1,12,1,0,14,5.374,0.051
ses_20260630-163424-SIDDHIGUPTAB00B,2026-06-30 16:49:57.079772+00:00,boundary,76,10,2,3,39,0,1,3,1,2,8,3,1,14,3.309,0.046
ses_20260630-163424-SIDDHIGUPTAB00B,2026-06-30 16:49:57.086258+00:00,boundary,76,10,2,3,39,0,1,3,1,2,8,3,1,14,3.309,0.046
ses_20260630-163424-SIDDHIGUPTAB00B,2026-06-30 16:50:25.638260+00:00,boundary,74,10,1,2,29,0,1,3,1,4,12,3,1,14,3.021,0.044
ses_20260630-163424-SIDDHIGUPTAB00B,2026-06-30 16:50:25.643202+00:00,boundary,74,10,1,2,29,0,1,3,1,4,12,3,1,14,3.021,0.044
ses_20260630-163424-SIDDHIGUPTAB00B,2026-06-30 16:51:04.396747+00:00,boundary,24,9,1,1,2,0,1,1,0,1,8,1,1,6,3.308,0.053
ses_20260630-163424-SIDDHIGUPTAB00B,2026-06-30 16:51:04.401310+00:00,boundary,24,9,1,1,2,0,1,1,0,1,8,1,1,6,3.308,0.053
ses_20260630-163424-SIDDHIGUPTAB00B,2026-06-30 16:51:28.548000+00:00,boundary,62,9,2,2,14,0,0,3,1,4,16,3,2,12,5.941,0.047
ses_20260630-163424-SIDDHIGUPTAB00B,2026-06-30 16:51:54.395762+00:00,boundary,49,10,1,1,2,0,1,3,1,4,16,3,2,10,3.433,0.0325
ses_20260630-163424-SIDDHIGUPTAB00B,2026-06-30 16:51:54.397871+00:00,boundary,49,10,1,1,2,0,1,3,1,4,16,3,2,10,3.433,0.0325
ses_20260630-163424-SIDDHIGUPTAB00B,2026-06-30 16:52:19.680560+00:00,boundary,57,10,2,2,15,0,1,3,1,3,12,3,2,12,3.967,0.0495
ses_20260630-163424-SIDDHIGUPTAB00B,2026-06-30 16:52:19.682409+00:00,boundary,57,10,2,2,15,0,1,3,1,3,12,3,2,12,3.967,0.0495
ses_20260630-163424-SIDDHIGUPTAB00B,2026-06-30 16:53:22.541276+00:00,boundary,20,8,1,1,1,0,0,1,0,1,8,1,1,4,2.602,0.045
ses_20260630-163424-SIDDHIGUPTAB00B,2026-06-30 16:54:26.415021+00:00,boundary,35,5,1,2,26,0,1,1,0,0,0,1,0,6,1.999,0.049
ses_20260630-163424-SIDDHIGUPTAB00B,2026-06-30 16:54:26.420139+00:00,boundary,35,5,1,2,26,0,1,1,0,0,0,1,0,6,1.999,0.049
ses_20260630-164418-MSI,2026-06-30 16:45:20.484061+00:00,boundary,53,7,2,2,28,0,1,1,0,0,8,1,0,11,1.811,0.053
ses_20260630-164418-MSI,2026-06-30 16:45:46.008496+00:00,boundary,46,10,1,1,1,0,1,3,1,4,14,3,2,11,4.668,0.044
ses_20260630-164418-MSI,2026-06-30 16:45:46.009319+00:00,boundary,46,10,1,1,1,0,1,3,1,4,14,3,2,11,4.668,0.044
ses_20260630-164418-MSI,2026-06-30 16:46:04.506793+00:00,boundary,39,10,1,1,1,0,1,3,1,2,12,3,2,10,4.289,0.0515
ses_20260630-164418-MSI,2026-06-30 16:46:04.507419+00:00,boundary,39,10,1,1,1,0,1,3,1,2,12,3,2,10,4.289,0.0515
ses_20260630-164418-MSI,2026-06-30 16:46:33.343820+00:00,boundary,84,10,2,3,43,0,1,3,1,2,10,3,1,16,2.986,0.053
ses_20260630-164418-MSI,2026-06-30 16:46:33.344687+00:00,boundary,84,10,2,3,43,0,1,3,1,2,10,3,1,16,2.986,0.053
ses_20260630-164418-MSI,2026-06-30 16:46:58.260482+00:00,boundary,78,9,1,2,29,0,0,3,1,4,16,3,1,14,3.128,0.051
ses_20260630-164418-MSI,2026-06-30 16:46:58.261119+00:00,boundary,78,9,1,2,29,0,0,3,1,4,16,3,1,14,3.128,0.051
ses_20260630-164418-MSI,2026-06-30 16:47:22.005402+00:00,boundary,98,10,2,3,44,0,1,3,1,4,16,3,1,18,2.267,0.051
ses_20260630-164418-MSI,2026-06-30 16:47:22.005930+00:00,boundary,98,10,2,3,44,0,1,3,1,4,16,3,1,18,2.267,0.051
ses_20260630-164418-MSI,2026-06-30 16:47:49.081748+00:00,boundary,49,9,1,1,2,0,0,3,1,4,16,3,2,11,4.962,0.047
ses_20260630-164418-MSI,2026-06-30 16:48:14.331195+00:00,boundary,52,11,3,4,18,1,0,2,1,3,8,2,2,10,1.951,0.051
ses_20260630-164418-MSI,2026-06-30 16:48:34.558444+00:00,boundary,50,8,2,2,32,0,1,1,0,1,2,1,0,11,3.27,0.054
ses_20260630-164418-MSI,2026-06-30 16:49:11.370440+00:00,boundary,91,10,2,3,43,0,1,3,1,3,14,3,1,16,3.144,0.0515
ses_20260630-164418-MSI,2026-06-30 16:49:11.371103+00:00,boundary,91,10,2,3,43,0,1,3,1,3,14,3,1,16,3.144,0.0515
ses_20260630-164418-MSI,2026-06-30 16:49:30.895754+00:00,boundary,28,10,2,2,1,0,1,3,1,1,6,3,2,9,3.911,0.064
ses_20260630-164418-MSI,2026-06-30 16:49:32.313940+00:00,boundary,29,11,2,3,3,0,1,3,1,1,4,3,2,9,3.911,0.0635
ses_20260630-164418-MSI,2026-06-30 16:50:29.447733+00:00,boundary,50,9,3,3,32,0,1,1,0,1,2,1,1,10,2.375,0.056
ses_20260630-164418-MSI,2026-06-30 16:50:29.448303+00:00,boundary,50,9,3,3,32,0,1,1,0,1,2,1,1,10,2.375,0.056
ses_20260630-164418-MSI,2026-06-30 16:51:02.289103+00:00,boundary,47,10,2,2,16,1,0,3,1,3,6,3,2,9,6.478,0.0505
ses_20260630-164418-MSI,2026-06-30 16:51:38.569201+00:00,boundary,43,10,2,2,16,0,1,3,1,1,4,3,2,10,3.722,0.052
ses_20260630-164418-MSI,2026-06-30 16:51:38.570036+00:00,boundary,43,10,2,2,16,0,1,3,1,1,4,3,2,10,3.722,0.052
ses_20260630-164418-MSI,2026-06-30 16:52:15.924570+00:00,boundary,80,9,1,2,29,0,0,3,1,4,16,3,1,16,2.535,0.051
ses_20260630-164418-MSI,2026-06-30 16:52:15.925826+00:00,boundary,80,9,1,2,29,0,0,3,1,4,16,3,1,16,2.535,0.051
ses_20260630-164418-MSI,2026-06-30 16:52:46.369530+00:00,boundary,84,10,2,3,43,0,1,3,1,2,10,3,1,16,2.806,0.051
ses_20260630-164418-MSI,2026-06-30 16:52:46.370549+00:00,boundary,84,10,2,3,43,0,1,3,1,2,10,3,1,16,2.806,0.051
ses_20260630-164418-MSI,2026-06-30 16:53:10.429247+00:00,boundary,50,10,1,1,2,0,1,3,1,4,16,3,2,11,3.716,0.032
ses_20260630-164418-MSI,2026-06-30 16:53:10.429845+00:00,boundary,50,10,1,1,2,0,1,3,1,4,16,3,2,11,3.716,0.032
ses_20260630-164418-MSI,2026-06-30 16:53:32.250674+00:00,boundary,30,10,2,2,1,0,1,3,1,2,6,3,2,8,3.722,0.036
ses_20260630-164418-MSI,2026-06-30 16:53:32.251413+00:00,boundary,30,10,2,2,1,0,1,3,1,2,6,3,2,8,3.722,0.036
ses_20260630-164418-MSI,2026-06-30 16:54:11.496088+00:00,boundary,40,10,3,3,14,0,1,3,1,1,4,3,2,9,4.972,0.05
ses_20260630-164418-MSI,2026-06-30 16:54:11.497009+00:00,boundary,40,10,3,3,14,0,1,3,1,1,4,3,2,9,4.972,0.05
ses_20260630-164418-MSI,2026-06-30 16:54:48.525067+00:00,boundary,69,10,2,3,42,0,1,3,1,1,2,3,1,14,2.769,0.053
ses_20260630-164418-MSI,2026-06-30 16:54:48.525742+00:00,boundary,69,10,2,3,42,0,1,3,1,1,2,3,1,14,2.769,0.053
ses_20260630-164418-MSI,2026-06-30 16:55:28.869571+00:00,boundary,82,9,2,3,43,0,0,3,1,2,10,3,1,15,3.172,0.051
ses_20260630-164418-MSI,2026-06-30 16:55:28.870284+00:00,boundary,82,9,2,3,43,0,0,3,1,2,10,3,1,15,3.172,0.051
ses_20260630-164418-MSI,2026-06-30 16:55:53.913814+00:00,boundary,85,10,2,3,44,0,1,3,1,2,10,3,1,16,3.102,0.054
ses_20260630-164418-MSI,2026-06-30 16:55:53.914522+00:00,boundary,85,10,2,3,44,0,1,3,1,2,10,3,1,16,3.102,0.054
ses_20260630-164418-MSI,2026-06-30 16:58:07.214219+00:00,boundary,58,8,2,2,30,0,1,1,0,1,8,1,0,13,2.36,0.054
ses_20260630-164418-MSI,2026-06-30 16:58:07.215347+00:00,boundary,58,8,2,2,30,0,1,1,0,1,8,1,0,13,2.36,0.054
ses_20260630-164418-MSI,2026-06-30 16:58:36.706443+00:00,boundary,68,10,1,2,30,0,1,3,1,3,8,3,1,14,2.942,0.053
ses_20260630-164418-MSI,2026-06-30 16:58:36.706986+00:00,boundary,68,10,1,2,30,0,1,3,1,3,8,3,1,14,2.942,0.053
ses_20260630-164418-MSI,2026-06-30 16:59:16.269586+00:00,boundary,82,9,2,3,43,0,0,3,1,2,10,3,1,15,3.208,0.048
ses_20260630-164418-MSI,2026-06-30 16:59:16.270256+00:00,boundary,82,9,2,3,43,0,0,3,1,2,10,3,1,15,3.208,0.048
ses_20260630-164418-MSI,2026-06-30 16:59:43.564455+00:00,boundary,70,10,2,3,28,0,1,3,1,4,10,3,1,14,3.087,0.055
ses_20260630-164418-MSI,2026-06-30 16:59:43.565063+00:00,boundary,70,10,2,3,28,0,1,3,1,4,10,3,1,14,3.087,0.055
ses_20260630-164418-MSI,2026-06-30 17:00:21.034707+00:00,boundary,56,12,3,3,15,1,1,3,1,3,10,3,2,11,4.588,0.053
ses_20260630-164418-MSI,2026-06-30 17:00:21.035426+00:00,boundary,56,12,3,3,15,1,1,3,1,3,10,3,2,11,4.588,0.053
ses_20260630-164418-MSI,2026-06-30 17:00:58.172363+00:00,boundary,54,10,2,2,16,0,1,3,1,2,10,3,2,12,4.199,0.05
ses_20260630-164418-MSI,2026-06-30 17:00:58.173223+00:00,boundary,54,10,2,2,16,0,1,3,1,2,10,3,2,12,4.199,0.05
ses_20260630-164418-MSI,2026-06-30 17:01:30.659156+00:00,boundary,26,10,1,1,1,0,3,2,1,2,4,2,1,8,3.695,0.064
ses_20260630-164418-MSI,2026-06-30 17:01:30.660040+00:00,boundary,26,10,1,1,1,0,3,2,1,2,4,2,1,8,3.695,0.064
ses_20260630-164418-MSI,2026-06-30 17:02:09.676151+00:00,boundary,41,10,3,3,15,0,1,3,1,1,4,3,2,9,5.078,0.0505
ses_20260630-164418-MSI,2026-06-30 17:02:09.676890+00:00,boundary,41,10,3,3,15,0,1,3,1,1,4,3,2,9,5.078,0.0505
ses_20260630-164418-MSI,2026-06-30 17:03:57.024190+00:00,boundary,56,8,2,2,31,0,1,1,0,1,6,1,0,12,2.553,0.051
ses_20260630-164418-MSI,2026-06-30 17:03:57.024800+00:00,boundary,56,8,2,2,31,0,1,1,0,1,6,1,0,12,2.553,0.051
ses_20260630-164418-MSI,2026-06-30 17:04:27.514779+00:00,boundary,70,9,2,3,41,0,0,3,1,2,4,3,1,13,2.692,0.054
ses_20260630-164418-MSI,2026-06-30 17:04:27.515609+00:00,boundary,70,9,2,3,41,0,0,3,1,2,4,3,1,13,2.692,0.054
ses_20260630-164418-MSI,2026-06-30 17:05:04.764360+00:00,boundary,83,9,2,3,42,0,0,3,1,2,10,3,1,17,2.514,0.052
ses_20260630-164418-MSI,2026-06-30 17:05:04.765066+00:00,boundary,83,9,2,3,42,0,0,3,1,2,10,3,1,17,2.514,0.052
ses_20260630-164418-MSI,2026-06-30 17:05:42.044486+00:00,boundary,25,10,1,1,1,0,2,1,0,1,8,1,1,6,5.999,0.07150000000000001
ses_20260701-005920-yuvraj,2026-07-01 01:00:18.385032+00:00,boundary,25,9,1,1,2,0,1,1,0,0,8,1,0,7,2.657,0.041999999999999996
ses_20260701-005920-yuvraj,2026-07-01 01:00:41.026823+00:00,boundary,75,9,1,2,28,0,1,3,1,0,16,3,1,15,2.637,0.049
ses_20260701-005920-yuvraj,2026-07-01 01:00:41.027854+00:00,boundary,75,9,1,2,28,0,1,3,1,0,16,3,1,15,2.637,0.049
ses_20260701-005920-yuvraj,2026-07-01 01:01:06.013647+00:00,boundary,52,10,2,2,15,0,1,3,1,2,10,3,2,11,3.835,0.05
ses_20260701-005920-yuvraj,2026-07-01 01:01:06.015100+00:00,boundary,52,10,2,2,15,0,1,3,1,2,10,3,2,11,3.835,0.05
ses_20260701-005920-yuvraj,2026-07-01 01:01:28.603152+00:00,boundary,40,10,1,1,1,0,1,3,1,1,12,3,2,11,4.306,0.05
ses_20260701-005920-yuvraj,2026-07-01 01:01:28.603826+00:00,boundary,40,10,1,1,1,0,1,3,1,1,12,3,2,11,4.306,0.05
ses_20260701-005920-yuvraj,2026-07-01 01:02:02.937417+00:00,boundary,30,9,1,1,1,0,3,2,1,0,8,2,1,9,5.514,0.046
ses_20260701-005920-yuvraj,2026-07-01 01:02:02.938452+00:00,boundary,30,9,1,1,1,0,3,2,1,0,8,2,1,9,5.514,0.046
ses_20260701-005920-yuvraj,2026-07-01 01:02:20.674949+00:00,boundary,68,10,1,2,28,0,1,3,1,1,12,3,1,14,2.982,0.05
ses_20260701-005920-yuvraj,2026-07-01 01:02:20.676003+00:00,boundary,68,10,1,2,28,0,1,3,1,1,12,3,1,14,2.982,0.05
ses_20260701-005920-yuvraj,2026-07-01 01:02:49.325775+00:00,boundary,48,10,1,1,2,0,1,3,1,1,16,3,2,12,4.034,0.033
ses_20260701-005920-yuvraj,2026-07-01 01:02:49.326301+00:00,boundary,48,10,1,1,2,0,1,3,1,1,16,3,2,12,4.034,0.033
ses_20260701-005920-yuvraj,2026-07-01 01:03:13.233799+00:00,boundary,52,10,2,2,15,0,1,3,1,1,10,3,2,12,4.168,0.045
ses_20260701-005920-yuvraj,2026-07-01 01:03:13.234350+00:00,boundary,52,10,2,2,15,0,1,3,1,1,10,3,2,12,4.168,0.045
ses_20260701-005920-yuvraj,2026-07-01 01:04:13.816447+00:00,boundary,24,9,1,1,2,0,1,1,0,1,8,1,1,6,3.504,0.051
ses_20260701-005920-yuvraj,2026-07-01 01:04:35.973636+00:00,boundary,67,12,2,3,28,1,1,3,1,2,8,3,1,14,2.862,0.0545
ses_20260701-005920-yuvraj,2026-07-01 01:04:35.974923+00:00,boundary,67,12,2,3,28,1,1,3,1,2,8,3,1,14,2.862,0.0545
ses_20260701-005920-yuvraj,2026-07-01 01:05:35.472490+00:00,boundary,22,8,1,1,1,0,1,1,0,0,8,1,1,6,2.975,0.068
ses_20260701-005920-yuvraj,2026-07-01 01:05:59.632662+00:00,boundary,37,10,1,1,1,0,1,3,1,2,10,3,2,9,3.709,0.054
ses_20260701-005920-yuvraj,2026-07-01 01:05:59.633561+00:00,boundary,37,10,1,1,1,0,1,3,1,2,10,3,2,9,3.709,0.054
ses_20260701-005920-yuvraj,2026-07-01 01:06:39.422840+00:00,boundary,40,9,2,2,15,0,0,3,1,1,4,3,2,9,7.022,0.051
ses_20260701-005920-yuvraj,2026-07-01 01:07:12.079148+00:00,boundary,71,10,1,2,24,0,1,3,1,2,16,3,1,13,3.99,0.043
ses_20260701-005920-yuvraj,2026-07-01 01:07:12.080175+00:00,boundary,71,10,1,2,24,0,1,3,1,2,16,3,1,13,3.99,0.043
ses_20260701-005920-yuvraj,2026-07-01 01:07:37.782761+00:00,boundary,81,10,2,3,41,0,1,3,1,1,10,3,1,16,3.067,0.052
ses_20260701-005920-yuvraj,2026-07-01 01:07:37.784019+00:00,boundary,81,10,2,3,41,0,1,3,1,1,10,3,1,16,3.067,0.052
ses_20260701-005920-yuvraj,2026-07-01 01:09:25.135759+00:00,boundary,25,10,1,2,2,0,0,1,0,1,8,1,0,6,6.097,0.044
ses_20260701-005920-yuvraj,2026-07-01 01:09:49.083904+00:00,boundary,79,9,2,3,40,0,0,3,1,2,10,3,1,15,3.326,0.05
ses_20260701-005920-yuvraj,2026-07-01 01:09:49.085183+00:00,boundary,79,9,2,3,40,0,0,3,1,2,10,3,1,15,3.326,0.05
ses_20260701-005920-yuvraj,2026-07-01 01:10:19.376366+00:00,boundary,78,10,1,2,28,0,1,3,1,3,16,3,1,15,3.21,0.052
ses_20260701-005920-yuvraj,2026-07-01 01:10:43.452156+00:00,boundary,18,8,1,1,0,0,0,2,1,1,4,2,1,5,2.363,0.043
ses_20260701-005920-yuvraj,2026-07-01 01:11:20.919056+00:00,boundary,50,8,1,2,26,0,1,1,0,1,8,1,0,9,2.742,0.047
ses_20260701-005920-yuvraj,2026-07-01 01:11:45.231914+00:00,boundary,68,10,2,3,40,0,1,3,1,2,2,3,1,14,3.766,0.053
ses_20260701-005920-yuvraj,2026-07-01 01:11:47.497583+00:00,boundary,75,10,2,3,41,0,1,3,1,1,6,3,1,15,3.766,0.0525
ses_20260701-005920-yuvraj,2026-07-01 01:12:14.020615+00:00,boundary,50,9,1,2,27,0,0,3,1,1,2,3,1,11,3.093,0.055
ses_20260701-005920-yuvraj,2026-07-01 01:12:14.021675+00:00,boundary,50,9,1,2,27,0,0,3,1,1,2,3,1,11,3.093,0.055
ses_20260701-005920-yuvraj,2026-07-01 01:12:54.847158+00:00,boundary,81,10,2,3,41,0,1,3,1,1,10,3,1,16,2.54,0.054
ses_20260701-005920-yuvraj,2026-07-01 01:12:54.848690+00:00,boundary,81,10,2,3,41,0,1,3,1,1,10,3,1,16,2.54,0.054
ses_20260701-005920-yuvraj,2026-07-01 01:13:18.201911+00:00,boundary,71,10,1,2,28,0,1,3,1,2,12,3,1,15,2.861,0.0525
ses_20260701-005920-yuvraj,2026-07-01 01:13:18.203461+00:00,boundary,71,10,1,2,28,0,1,3,1,2,12,3,1,15,2.861,0.0525
ses_20260701-005920-yuvraj,2026-07-01 01:13:42.538044+00:00,boundary,81,10,1,2,29,0,1,3,1,4,16,3,1,16,2.646,0.0535
ses_20260701-005920-yuvraj,2026-07-01 01:13:42.539564+00:00,boundary,81,10,1,2,29,0,1,3,1,4,16,3,1,16,2.646,0.0535
ses_20260701-005920-yuvraj,2026-07-01 01:14:10.811643+00:00,boundary,78,9,2,3,41,0,0,3,1,2,8,3,1,15,2.927,0.052
ses_20260701-005920-yuvraj,2026-07-01 01:14:10.813196+00:00,boundary,78,9,2,3,41,0,0,3,1,2,8,3,1,15,2.927,0.052
ses_20260701-005920-yuvraj,2026-07-01 01:14:39.920242+00:00,boundary,79,10,1,2,28,0,1,3,1,3,16,3,1,16,2.45,0.0465
ses_20260701-005920-yuvraj,2026-07-01 01:14:39.920766+00:00,boundary,79,10,1,2,28,0,1,3,1,3,16,3,1,16,2.45,0.0465
ses_20260701-005920-yuvraj,2026-07-01 01:15:30.938147+00:00,boundary,23,9,1,1,1,0,1,1,0,1,8,1,1,6,2.662,0.0435
ses_20260701-005920-yuvraj,2026-07-01 01:15:30.938676+00:00,boundary,23,9,1,1,1,0,1,1,0,1,8,1,1,6,2.662,0.0435
ses_20260701-005920-yuvraj,2026-07-01 01:16:19.886025+00:00,boundary,51,7,1,2,26,0,1,1,0,0,8,1,0,11,2.253,0.048
ses_20260701-005920-yuvraj,2026-07-01 01:16:19.887052+00:00,boundary,51,7,1,2,26,0,1,1,0,0,8,1,0,11,2.253,0.048
ses_20260701-005920-yuvraj,2026-07-01 01:16:43.842780+00:00,boundary,35,9,1,1,1,0,0,3,1,2,10,3,2,9,5.733,0.037
ses_20260701-005920-yuvraj,2026-07-01 01:17:07.770962+00:00,boundary,84,10,2,3,43,0,1,3,1,1,10,3,1,17,2.72,0.051
ses_20260701-005920-yuvraj,2026-07-01 01:17:07.771479+00:00,boundary,84,10,2,3,43,0,1,3,1,1,10,3,1,17,2.72,0.051
ses_20260701-005920-yuvraj,2026-07-01 01:19:16.200841+00:00,boundary,46,6,3,4,31,0,1,1,0,0,0,1,0,11,3.135,0.056
ses_20260701-005920-yuvraj,2026-07-01 01:19:16.202418+00:00,boundary,46,6,3,4,31,0,1,1,0,0,0,1,0,11,3.135,0.056
ses_20260701-005920-yuvraj,2026-07-01 01:20:17.096940+00:00,boundary,52,10,2,2,15,0,1,3,1,1,10,3,2,12,3.689,0.051
ses_20260701-005920-yuvraj,2026-07-01 01:20:17.098137+00:00,boundary,52,10,2,2,15,0,1,3,1,1,10,3,2,12,3.689,0.051
ses_20260701-005920-yuvraj,2026-07-01 01:20:49.871469+00:00,boundary,21,10,1,1,1,0,3,2,1,1,2,2,1,7,3.789,0.096
ses_20260701-005920-yuvraj,2026-07-01 01:22:00.019323+00:00,boundary,36,9,2,2,15,0,0,3,1,1,2,3,2,8,5.923,0.051
ses_20260701-014804-yuvraj,2026-07-01 01:49:02.308978+00:00,boundary,23,7,1,1,2,0,1,1,0,0,8,1,0,7,3.01,0.048
ses_20260701-014804-yuvraj,2026-07-01 01:49:31.969126+00:00,boundary,62,10,1,2,26,0,1,3,1,1,10,3,1,12,2.937,0.046
ses_20260701-014804-yuvraj,2026-07-01 01:50:08.610291+00:00,boundary,61,12,1,2,3,0,1,2,1,1,34,2,1,11,6.004,0.037500000000000006
ses_20260701-014804-yuvraj,2026-07-01 01:50:32.276222+00:00,boundary,59,12,2,4,27,1,1,3,1,1,4,3,1,14,2.72,0.0505
ses_20260701-014804-yuvraj,2026-07-01 01:50:32.277740+00:00,boundary,59,12,2,4,27,1,1,3,1,1,4,3,1,14,2.72,0.0505
ses_20260701-014804-yuvraj,2026-07-01 01:51:07.877044+00:00,boundary,73,9,2,3,37,0,1,3,1,0,8,3,1,15,2.817,0.0515
ses_20260701-014804-yuvraj,2026-07-01 01:51:07.878588+00:00,boundary,73,9,2,3,37,0,1,3,1,0,8,3,1,15,2.817,0.0515
ses_20260701-014804-yuvraj,2026-07-01 01:51:37.517252+00:00,boundary,66,9,1,2,26,0,3,3,1,1,10,3,0,15,2.862,0.043
ses_20260701-014804-yuvraj,2026-07-01 01:51:37.517778+00:00,boundary,66,9,1,2,26,0,3,3,1,1,10,3,0,15,2.862,0.043
ses_20260701-014804-yuvraj,2026-07-01 01:52:40.706060+00:00,boundary,22,9,1,1,1,0,1,1,0,1,8,1,1,5,2.628,0.052
ses_20260701-014804-yuvraj,2026-07-01 01:52:40.707107+00:00,boundary,22,9,1,1,1,0,1,1,0,1,8,1,1,5,2.628,0.052
ses_20260701-014804-yuvraj,2026-07-01 01:53:04.222053+00:00,boundary,48,10,1,1,1,0,1,3,1,3,16,3,2,11,4.115,0.051
ses_20260701-014804-yuvraj,2026-07-01 01:53:04.222580+00:00,boundary,48,10,1,1,1,0,1,3,1,3,16,3,2,11,4.115,0.051
ses_20260701-014804-yuvraj,2026-07-01 01:53:23.557513+00:00,boundary,67,9,1,2,26,0,0,3,1,2,12,3,1,15,2.799,0.051
ses_20260701-014804-yuvraj,2026-07-01 01:53:23.558523+00:00,boundary,67,9,1,2,26,0,0,3,1,2,12,3,1,15,2.799,0.051
ses_20260701-014804-yuvraj,2026-07-01 01:53:53.720885+00:00,boundary,79,10,2,3,40,0,1,3,1,1,10,3,1,15,3.173,0.052
ses_20260701-014804-yuvraj,2026-07-01 01:53:53.722519+00:00,boundary,79,10,2,3,40,0,1,3,1,1,10,3,1,15,3.173,0.052
ses_20260701-014804-yuvraj,2026-07-01 01:54:17.124570+00:00,boundary,31,9,1,1,1,0,0,2,1,3,10,2,1,7,1.878,0.0535
ses_20260701-014804-yuvraj,2026-07-01 01:54:52.099279+00:00,boundary,50,7,1,2,27,0,0,1,0,1,8,1,0,9,2.665,0.053
ses_20260701-014804-yuvraj,2026-07-01 01:55:22.504545+00:00,boundary,49,9,2,2,14,0,0,3,1,2,10,3,2,10,6.863,0.053
ses_20260701-014804-yuvraj,2026-07-01 01:57:02.071217+00:00,boundary,56,10,1,3,27,0,1,1,0,0,8,1,0,12,2.664,0.051
ses_20260701-014804-yuvraj,2026-07-01 01:57:02.072828+00:00,boundary,56,10,1,3,27,0,1,1,0,0,8,1,0,12,2.664,0.051
ses_20260701-014804-yuvraj,2026-07-01 01:57:22.046512+00:00,boundary,35,9,1,1,1,0,0,3,1,1,12,3,2,8,5.286,0.0405
ses_20260701-014804-yuvraj,2026-07-01 01:57:44.863646+00:00,boundary,69,10,1,2,26,0,1,3,1,1,12,3,1,16,2.703,0.049
ses_20260701-014804-yuvraj,2026-07-01 01:58:10.070403+00:00,boundary,69,10,1,2,27,0,1,3,1,1,12,3,1,15,2.685,0.0535
ses_20260701-014804-yuvraj,2026-07-01 01:58:10.070950+00:00,boundary,69,10,1,2,27,0,1,3,1,1,12,3,1,15,2.685,0.0535
ses_20260701-014804-yuvraj,2026-07-01 01:58:56.606802+00:00,boundary,8,6,1,1,1,0,1,1,0,0,0,1,1,3,2.574,0.072
ses_20260701-014804-yuvraj,2026-07-01 01:58:56.607831+00:00,boundary,8,6,1,1,1,0,1,1,0,0,0,1,1,3,2.574,0.072
ses_20260701-014804-yuvraj,2026-07-01 02:00:10.113723+00:00,boundary,81,11,2,3,39,0,1,3,1,1,10,3,1,17,3.01,0.046
ses_20260701-014804-yuvraj,2026-07-01 02:00:10.115290+00:00,boundary,81,11,2,3,39,0,1,3,1,1,10,3,1,17,3.01,0.046
ses_20260701-014804-yuvraj,2026-07-01 02:00:36.259843+00:00,boundary,60,9,2,3,26,0,0,3,1,3,8,3,1,11,2.923,0.044
ses_20260701-014804-yuvraj,2026-07-01 02:00:36.260788+00:00,boundary,60,9,2,3,26,0,0,3,1,3,8,3,1,11,2.923,0.044
ses_20260701-014804-yuvraj,2026-07-01 02:01:08.803485+00:00,boundary,74,11,3,6,44,1,1,3,1,1,2,3,1,16,2.779,0.053
ses_20260701-014804-yuvraj,2026-07-01 02:01:08.805019+00:00,boundary,74,11,3,6,44,1,1,3,1,1,2,3,1,16,2.779,0.053
ses_20260701-014804-yuvraj,2026-07-01 02:01:46.591328+00:00,boundary,65,9,3,4,40,0,0,3,1,2,2,3,1,12,3.005,0.0565
ses_20260701-014804-yuvraj,2026-07-01 02:01:46.592481+00:00,boundary,65,9,3,4,40,0,0,3,1,2,2,3,1,12,3.005,0.0565
ses_20260701-014804-yuvraj,2026-07-01 02:02:24.085669+00:00,boundary,68,11,2,3,40,1,0,3,1,1,2,3,1,14,2.926,0.052
ses_20260701-014804-yuvraj,2026-07-01 02:02:24.086731+00:00,boundary,68,11,2,3,40,1,0,3,1,1,2,3,1,14,2.926,0.052
ses_20260701-014804-yuvraj,2026-07-01 02:02:58.637894+00:00,boundary,63,9,1,2,28,0,0,3,1,2,8,3,1,13,2.822,0.053
ses_20260701-014804-yuvraj,2026-07-01 02:02:58.639449+00:00,boundary,63,9,1,2,28,0,0,3,1,2,8,3,1,13,2.822,0.053
ses_20260701-014804-yuvraj,2026-07-01 02:04:10.409396+00:00,boundary,55,11,2,2,14,1,1,3,1,3,10,3,2,13,4.251,0.0505
ses_20260701-014804-yuvraj,2026-07-01 02:04:57.167643+00:00,boundary,36,4,1,2,27,0,0,1,0,0,0,1,0,7,2.461,0.056
ses_20260701-014804-yuvraj,2026-07-01 02:05:33.272742+00:00,boundary,83,10,2,3,41,0,1,3,1,2,10,3,1,17,2.663,0.054
ses_20260701-014804-yuvraj,2026-07-01 02:06:02.496849+00:00,boundary,58,9,1,2,26,0,0,3,1,2,8,3,1,10,2.885,0.055
ses_20260701-014804-yuvraj,2026-07-01 02:06:02.498389+00:00,boundary,58,9,1,2,26,0,0,3,1,2,8,3,1,10,2.885,0.055
ses_20260701-014804-yuvraj,2026-07-01 02:06:36.040718+00:00,boundary,77,9,2,3,40,0,0,3,1,1,10,3,1,14,3.011,0.0435
ses_20260701-014804-yuvraj,2026-07-01 02:06:36.041753+00:00,boundary,77,9,2,3,40,0,0,3,1,1,10,3,1,14,3.011,0.0435
ses_20260701-014804-yuvraj,2026-07-01 02:07:05.019500+00:00,boundary,47,9,1,1,2,0,0,3,1,3,16,3,2,10,6.297,0.041499999999999995
ses_20260701-014804-yuvraj,2026-07-01 02:07:46.112009+00:00,boundary,21,8,1,1,1,0,0,1,0,1,8,1,1,5,2.691,0.0315
ses_20260701-014804-yuvraj,2026-07-01 02:08:12.653429+00:00,boundary,71,10,1,2,27,0,1,3,1,3,12,3,1,14,2.89,0.043
ses_20260701-014804-yuvraj,2026-07-01 02:08:39.281424+00:00,boundary,49,9,2,2,15,0,0,3,1,2,10,3,2,9,6.208,0.0525
ses_20260701-014804-yuvraj,2026-07-01 02:09:05.788117+00:00,boundary,44,9,1,1,1,0,0,3,1,2,16,3,2,9,6.383,0.044
ses_20260701-014804-yuvraj,2026-07-01 02:09:35.024866+00:00,boundary,68,10,2,3,41,0,1,3,1,1,2,3,1,14,2.775,0.052
ses_20260701-022828-yuvraj,2026-07-01 02:29:23.411990+00:00,boundary,23,7,1,1,2,0,1,1,0,0,8,1,0,7,2.689,0.053
ses_20260701-022828-yuvraj,2026-07-01 02:30:30.182660+00:00,boundary,22,9,1,1,1,0,1,1,0,0,8,1,1,5,2.795,0.032
ses_20260701-022828-yuvraj,2026-07-01 02:30:53.159558+00:00,boundary,52,10,1,2,25,0,1,3,1,1,4,3,1,11,3.464,0.042
ses_20260701-022828-yuvraj,2026-07-01 02:30:53.161100+00:00,boundary,52,10,1,2,25,0,1,3,1,1,4,3,1,11,3.464,0.042
ses_20260701-022828-yuvraj,2026-07-01 02:32:16.632626+00:00,boundary,44,9,1,2,3,0,1,2,0,0,26,2,1,7,4.921,0.042
ses_20260701-022828-yuvraj,2026-07-01 02:33:14.392415+00:00,boundary,67,10,2,3,40,0,1,3,1,1,2,3,1,14,3.308,0.055
ses_20260701-022828-yuvraj,2026-07-01 02:33:52.463012+00:00,boundary,75,10,1,2,26,0,1,3,1,4,16,3,1,13,3.119,0.048
ses_20260701-022828-yuvraj,2026-07-01 02:33:52.463610+00:00,boundary,75,10,1,2,26,0,1,3,1,4,16,3,1,13,3.119,0.048
ses_20260701-022828-yuvraj,2026-07-01 02:34:37.667947+00:00,boundary,28,10,1,1,2,0,2,1,0,1,8,1,1,8,4.385,0.074
ses_20260701-022828-yuvraj,2026-07-01 02:34:37.668461+00:00,boundary,28,10,1,1,2,0,2,1,0,1,8,1,1,8,4.385,0.074
ses_20260701-022828-yuvraj,2026-07-01 02:35:00.638946+00:00,boundary,33,9,2,2,14,0,0,2,1,3,2,2,1,7,1.647,0.058499999999999996
ses_20260701-022828-yuvraj,2026-07-01 02:35:46.081178+00:00,boundary,36,4,1,2,27,0,0,1,0,0,0,1,0,7,3.037,0.056
ses_20260701-022828-yuvraj,2026-07-01 02:36:53.079917+00:00,boundary,67,9,2,3,41,0,0,3,1,2,2,3,1,13,2.667,0.053
ses_20260701-022828-yuvraj,2026-07-01 02:36:53.080937+00:00,boundary,67,9,2,3,41,0,0,3,1,2,2,3,1,13,2.667,0.053
ses_20260701-022828-yuvraj,2026-07-01 02:37:28.107369+00:00,boundary,81,9,2,3,41,0,0,3,1,2,10,3,1,16,2.52,0.053
ses_20260701-022828-yuvraj,2026-07-01 02:38:40.862182+00:00,boundary,20,7,1,1,1,0,0,1,0,0,8,1,1,5,2.089,0.045
ses_20260701-022828-yuvraj,2026-07-01 02:40:48.764827+00:00,boundary,55,10,1,2,27,0,1,1,0,1,8,1,0,11,2.616,0.052
ses_20260701-022828-yuvraj,2026-07-01 02:41:16.318655+00:00,boundary,63,10,2,3,27,0,1,3,1,3,8,3,1,12,2.811,0.0565
ses_20260701-022828-yuvraj,2026-07-01 02:41:16.320096+00:00,boundary,63,10,2,3,27,0,1,3,1,3,8,3,1,12,2.811,0.0565
ses_20260701-022828-yuvraj,2026-07-01 02:41:55.981836+00:00,boundary,39,10,2,2,13,0,1,3,1,1,4,3,2,9,3.904,0.0525
ses_20260701-022828-yuvraj,2026-07-01 02:42:33.936772+00:00,boundary,72,9,1,2,26,0,0,3,1,2,16,3,1,13,2.603,0.05
ses_20260701-022828-yuvraj,2026-07-01 02:42:33.937298+00:00,boundary,72,9,1,2,26,0,0,3,1,2,16,3,1,13,2.603,0.05
ses_20260701-022828-yuvraj,2026-07-01 02:43:19.963140+00:00,boundary,46,8,1,2,27,0,2,1,0,0,2,1,0,11,4.366,0.056
ses_20260701-022828-yuvraj,2026-07-01 02:43:19.965014+00:00,boundary,46,8,1,2,27,0,2,1,0,0,2,1,0,11,4.366,0.056
ses_20260701-022828-yuvraj,2026-07-01 02:43:52.354031+00:00,boundary,74,10,1,2,27,0,1,3,1,4,14,3,1,14,3.261,0.053
ses_20260701-022828-yuvraj,2026-07-01 02:43:52.354549+00:00,boundary,74,10,1,2,27,0,1,3,1,4,14,3,1,14,3.261,0.053
ses_20260701-022828-yuvraj,2026-07-01 02:44:17.457859+00:00,boundary,80,9,2,3,40,0,0,3,1,3,10,3,1,15,2.853,0.051
ses_20260701-022828-yuvraj,2026-07-01 02:44:46.196437+00:00,boundary,63,10,1,2,27,0,1,3,1,2,8,3,1,13,2.987,0.054
ses_20260701-022828-yuvraj,2026-07-01 02:44:46.197986+00:00,boundary,63,10,1,2,27,0,1,3,1,2,8,3,1,13,2.987,0.054
ses_20260701-022828-yuvraj,2026-07-01 02:45:23.782187+00:00,boundary,51,10,2,2,14,0,1,3,1,2,10,3,2,11,3.447,0.0485
ses_20260701-022828-yuvraj,2026-07-01 02:45:23.782896+00:00,boundary,51,10,2,2,14,0,1,3,1,2,10,3,2,11,3.447,0.0485
ses_20260701-022828-yuvraj,2026-07-01 02:45:46.193638+00:00,boundary,35,10,2,2,2,0,1,3,1,2,8,3,2,9,3.32,0.065
ses_20260701-022828-yuvraj,2026-07-01 02:45:46.194176+00:00,boundary,35,10,2,2,2,0,1,3,1,2,8,3,2,9,3.32,0.065
ses_20260701-022828-yuvraj,2026-07-01 02:46:25.556486+00:00,boundary,80,9,2,3,41,0,0,3,1,1,10,3,1,16,2.961,0.054
ses_20260701-022828-yuvraj,2026-07-01 02:46:50.916177+00:00,boundary,70,10,1,2,27,0,1,3,1,2,12,3,1,15,3.118,0.056
ses_20260701-022828-yuvraj,2026-07-01 02:46:50.916693+00:00,boundary,70,10,1,2,27,0,1,3,1,2,12,3,1,15,3.118,0.056
ses_20260701-022828-yuvraj,2026-07-01 02:47:13.509977+00:00,boundary,44,9,1,1,1,0,1,3,1,0,16,3,2,11,3.482,0.067
ses_20260701-022828-yuvraj,2026-07-01 02:47:14.773996+00:00,boundary,38,9,1,1,1,0,1,3,1,0,12,3,2,10,3.482,0.067
ses_20260701-022828-yuvraj,2026-07-01 02:47:42.814854+00:00,boundary,79,10,2,3,39,0,1,3,1,2,10,3,1,15,3.87,0.049
ses_20260701-022828-yuvraj,2026-07-01 02:47:42.816930+00:00,boundary,79,10,2,3,39,0,1,3,1,2,10,3,1,15,3.87,0.049
ses_20260701-022828-yuvraj,2026-07-01 02:48:08.709517+00:00,boundary,67,10,1,2,26,0,1,3,1,1,12,3,1,14,3.013,0.04
ses_20260701-022828-yuvraj,2026-07-01 02:48:33.980420+00:00,boundary,39,9,1,1,1,0,0,3,1,2,12,3,2,10,6.714,0.059
ses_20260701-022828-yuvraj,2026-07-01 02:48:56.544410+00:00,boundary,80,9,2,3,41,0,0,3,1,4,8,3,1,15,2.899,0.055
ses_20260701-022828-yuvraj,2026-07-01 02:48:56.545470+00:00,boundary,80,9,2,3,41,0,0,3,1,4,8,3,1,15,2.899,0.055
ses_20260701-030836-yuvraj,2026-07-01 03:09:31.158144+00:00,boundary,13,7,1,1,2,0,1,1,0,0,2,1,0,5,2.907,0.082
ses_20260701-030836-yuvraj,2026-07-01 03:10:02.768371+00:00,boundary,57,11,2,3,15,1,1,3,1,4,10,3,2,13,3.499,0.0465
ses_20260701-030836-yuvraj,2026-07-01 03:10:02.769485+00:00,boundary,57,11,2,3,15,1,1,3,1,4,10,3,2,13,3.499,0.0465
ses_20260701-030836-yuvraj,2026-07-01 03:11:03.743078+00:00,boundary,9,7,2,2,1,0,1,1,0,1,0,1,1,3,2.221,0.08049999999999999
ses_20260701-030836-yuvraj,2026-07-01 03:11:03.743678+00:00,boundary,9,7,2,2,1,0,1,1,0,1,0,1,1,3,2.221,0.08049999999999999
ses_20260701-030836-yuvraj,2026-07-01 03:11:34.976003+00:00,boundary,71,10,2,3,40,0,1,3,1,1,4,3,1,15,2.947,0.047
ses_20260701-030836-yuvraj,2026-07-01 03:11:34.977577+00:00,boundary,71,10,2,3,40,0,1,3,1,1,4,3,1,15,2.947,0.047
ses_20260701-030836-yuvraj,2026-07-01 03:12:10.929142+00:00,boundary,68,9,2,3,39,0,0,3,1,2,4,3,1,13,3.013,0.051
ses_20260701-030836-yuvraj,2026-07-01 03:12:10.930161+00:00,boundary,68,9,2,3,39,0,0,3,1,2,4,3,1,13,3.013,0.051
ses_20260701-030836-yuvraj,2026-07-01 03:13:24.258613+00:00,boundary,47,8,1,2,27,0,1,1,0,1,8,1,0,5,2.735,0.018
ses_20260701-030836-yuvraj,2026-07-01 03:13:24.259643+00:00,boundary,47,8,1,2,27,0,1,1,0,1,8,1,0,5,2.735,0.018
ses_20260701-030836-yuvraj,2026-07-01 03:13:43.073930+00:00,boundary,39,10,1,1,1,0,1,3,1,2,12,3,2,10,4.471,0.048
ses_20260701-030836-yuvraj,2026-07-01 03:13:43.074462+00:00,boundary,39,10,1,1,1,0,1,3,1,2,12,3,2,10,4.471,0.048
ses_20260701-030836-yuvraj,2026-07-01 03:14:06.426531+00:00,boundary,50,8,2,3,25,0,0,3,1,0,4,3,1,11,2.901,0.056
ses_20260701-030836-yuvraj,2026-07-01 03:14:42.113111+00:00,boundary,81,10,2,3,41,0,1,3,1,1,10,3,1,16,3.22,0.051
ses_20260701-030836-yuvraj,2026-07-01 03:14:42.113629+00:00,boundary,81,10,2,3,41,0,1,3,1,1,10,3,1,16,3.22,0.051
ses_20260701-030836-yuvraj,2026-07-01 03:15:06.894779+00:00,boundary,53,9,1,2,23,0,0,3,1,2,6,3,1,11,3.793,0.0555
ses_20260701-030836-yuvraj,2026-07-01 03:15:06.896008+00:00,boundary,53,9,1,2,23,0,0,3,1,2,6,3,1,11,3.793,0.0555
ses_20260701-030836-yuvraj,2026-07-01 03:17:09.312125+00:00,boundary,15,9,1,1,2,0,1,1,0,0,2,1,0,5,3.549,0.0575
ses_20260701-030836-yuvraj,2026-07-01 03:17:09.313652+00:00,boundary,15,9,1,1,2,0,1,1,0,0,2,1,0,5,3.549,0.0575
ses_20260701-030836-yuvraj,2026-07-01 03:17:48.098496+00:00,boundary,70,11,2,4,32,0,1,2,1,0,8,2,1,18,2.726,0.056
ses_20260701-030836-yuvraj,2026-07-01 03:17:48.099519+00:00,boundary,70,11,2,4,32,0,1,2,1,0,8,2,1,18,2.726,0.056
ses_20260701-030836-yuvraj,2026-07-01 03:18:08.966657+00:00,boundary,40,10,1,1,1,0,1,3,1,2,12,3,2,11,3.604,0.045
ses_20260701-030836-yuvraj,2026-07-01 03:18:36.291129+00:00,boundary,43,9,1,1,1,0,0,3,1,2,16,3,2,9,6.154,0.0395
ses_20260701-030836-yuvraj,2026-07-01 03:18:58.980917+00:00,boundary,49,10,2,2,14,0,1,3,1,1,10,3,2,10,4.243,0.0465
ses_20260701-030836-yuvraj,2026-07-01 03:19:26.798063+00:00,boundary,78,10,1,2,27,0,1,3,1,2,16,3,1,17,2.521,0.038
ses_20260701-030836-yuvraj,2026-07-01 03:19:26.799149+00:00,boundary,78,10,1,2,27,0,1,3,1,2,16,3,1,17,2.521,0.038
ses_20260701-030836-yuvraj,2026-07-01 03:19:51.307740+00:00,boundary,31,9,2,2,14,0,0,2,1,2,2,2,1,6,2.15,0.053
ses_20260701-030836-yuvraj,2026-07-01 03:20:28.535564+00:00,boundary,54,7,1,2,27,0,2,1,0,0,8,1,0,12,4.694,0.052
ses_20260701-030836-yuvraj,2026-07-01 03:20:56.954826+00:00,boundary,77,10,1,2,27,0,1,3,1,3,16,3,1,15,2.771,0.0535
ses_20260701-030836-yuvraj,2026-07-01 03:20:56.956392+00:00,boundary,77,10,1,2,27,0,1,3,1,3,16,3,1,15,2.771,0.0535
ses_20260701-030836-yuvraj,2026-07-01 03:21:20.531190+00:00,boundary,39,9,1,1,1,0,0,3,1,2,12,3,2,10,6.746,0.041499999999999995
ses_20260701-030836-yuvraj,2026-07-01 03:21:57.171138+00:00,boundary,48,8,1,2,28,0,1,1,0,1,8,1,0,5,2.83,0.015
ses_20260701-030836-yuvraj,2026-07-01 03:21:57.172920+00:00,boundary,48,8,1,2,28,0,1,1,0,1,8,1,0,5,2.83,0.015
ses_20260701-030836-yuvraj,2026-07-01 03:22:21.893969+00:00,boundary,54,9,1,2,27,0,0,3,1,1,4,3,1,12,2.86,0.054
ses_20260701-030836-yuvraj,2026-07-01 03:22:21.894979+00:00,boundary,54,9,1,2,27,0,0,3,1,1,4,3,1,12,2.86,0.054
ses_20260701-030836-yuvraj,2026-07-01 03:23:02.101830+00:00,boundary,79,9,2,3,40,0,0,3,1,1,10,3,1,16,2.94,0.0535
ses_20260701-030836-yuvraj,2026-07-01 03:23:02.102862+00:00,boundary,79,9,2,3,40,0,0,3,1,1,10,3,1,16,2.94,0.0535
ses_20260701-030836-yuvraj,2026-07-01 03:23:34.234585+00:00,boundary,60,8,1,2,27,0,0,2,1,1,12,2,0,11,3.038,0.04
ses_20260701-030836-yuvraj,2026-07-01 03:23:58.812651+00:00,boundary,62,9,1,2,26,0,0,4,1,2,8,3,1,13,2.975,0.051
ses_20260701-030836-yuvraj,2026-07-01 03:23:58.814401+00:00,boundary,62,9,1,2,26,0,0,4,1,2,8,3,1,13,2.975,0.051
ses_20260701-030836-yuvraj,2026-07-01 03:24:41.989224+00:00,boundary,39,9,2,2,15,0,0,3,1,1,4,3,2,8,6.607,0.0535
ses_20260701-030836-yuvraj,2026-07-01 03:25:16.982814+00:00,boundary,76,10,1,2,27,0,1,3,1,2,16,3,1,15,3.197,0.054
ses_20260701-030836-yuvraj,2026-07-01 03:25:16.984370+00:00,boundary,76,10,1,2,27,0,1,3,1,2,16,3,1,15,3.197,0.054
ses_20260701-030836-yuvraj,2026-07-01 03:26:04.071554+00:00,boundary,67,9,1,2,28,0,2,1,0,1,16,1,0,14,3.778,0.0495
ses_20260701-030836-yuvraj,2026-07-01 03:26:04.073116+00:00,boundary,67,9,1,2,28,0,2,1,0,1,16,1,0,14,3.778,0.0495
ses_20260701-032825-CHAITANYA0BCF,2026-07-01 03:29:19.940364+00:00,boundary,15,6,3,4,5,0,1,1,0,0,0,1,0,5,2.479,0.2315
ses_20260701-032825-CHAITANYA0BCF,2026-07-01 03:29:59.488821+00:00,boundary,70,11,3,4,39,0,2,4,0,2,2,3,1,14,3.429,0.056
ses_20260701-032825-CHAITANYA0BCF,2026-07-01 03:29:59.490416+00:00,boundary,70,11,3,4,39,0,2,4,0,2,2,3,1,14,3.429,0.056
ses_20260701-032825-CHAITANYA0BCF,2026-07-01 03:30:38.949756+00:00,boundary,85,11,2,3,41,1,1,3,1,2,10,3,1,17,2.678,0.05
ses_20260701-032825-CHAITANYA0BCF,2026-07-01 03:31:44.799913+00:00,boundary,65,8,1,2,28,0,1,1,0,1,16,1,0,13,3.632,0.052
ses_20260701-032825-CHAITANYA0BCF,2026-07-01 03:31:44.801030+00:00,boundary,65,8,1,2,28,0,1,1,0,1,16,1,0,13,3.632,0.052
ses_20260701-032825-CHAITANYA0BCF,2026-07-01 03:32:11.227738+00:00,boundary,92,9,2,3,41,0,0,3,1,4,18,3,1,15,2.9,0.051
ses_20260701-032825-CHAITANYA0BCF,2026-07-01 03:32:11.229878+00:00,boundary,92,9,2,3,41,0,0,3,1,4,18,3,1,15,2.9,0.051
ses_20260701-032825-CHAITANYA0BCF,2026-07-01 03:32:35.117453+00:00,boundary,25,8,1,1,0,0,0,2,1,1,8,2,1,7,2.105,0.033
ses_20260701-032825-CHAITANYA0BCF,2026-07-01 03:33:31.199862+00:00,boundary,38,6,2,4,26,0,1,1,0,0,0,1,0,8,3.516,0.054
ses_20260701-032825-CHAITANYA0BCF,2026-07-01 03:34:41.499504+00:00,boundary,71,10,2,3,40,0,1,3,1,2,4,3,1,14,3.21,0.0505
ses_20260701-032825-CHAITANYA0BCF,2026-07-01 03:34:41.501229+00:00,boundary,71,10,2,3,40,0,1,3,1,2,4,3,1,14,3.21,0.0505
ses_20260701-032825-CHAITANYA0BCF,2026-07-01 03:35:15.787623+00:00,boundary,83,10,2,3,42,0,1,3,1,2,10,3,1,16,3.165,0.0535
ses_20260701-032825-CHAITANYA0BCF,2026-07-01 03:35:15.789254+00:00,boundary,83,10,2,3,42,0,1,3,1,2,10,3,1,16,3.165,0.0535
ses_20260701-032825-CHAITANYA0BCF,2026-07-01 03:35:42.020419+00:00,boundary,38,10,2,2,2,0,1,3,1,3,10,3,2,9,3.115,0.071
ses_20260701-032825-CHAITANYA0BCF,2026-07-01 03:35:42.023473+00:00,boundary,38,10,2,2,2,0,1,3,1,3,10,3,2,9,3.115,0.071
ses_20260701-032825-CHAITANYA0BCF,2026-07-01 03:36:44.558913+00:00,boundary,79,11,2,3,44,1,1,3,1,2,6,3,1,14,2.933,0.054
ses_20260701-032825-CHAITANYA0BCF,2026-07-01 03:36:44.560512+00:00,boundary,79,11,2,3,44,1,1,3,1,2,6,3,1,14,2.933,0.054
ses_20260701-032825-CHAITANYA0BCF,2026-07-01 03:37:50.112127+00:00,boundary,38,4,1,2,28,0,0,1,0,0,0,1,0,8,2.631,0.052
ses_20260701-032825-CHAITANYA0BCF,2026-07-01 03:40:30.091062+00:00,boundary,54,10,1,2,28,0,1,1,0,1,6,1,0,11,2.772,0.054
ses_20260701-032825-CHAITANYA0BCF,2026-07-01 03:40:30.095698+00:00,boundary,54,10,1,2,28,0,1,1,0,1,6,1,0,11,2.772,0.054
ses_20260701-032825-CHAITANYA0BCF,2026-07-01 03:41:00.537504+00:00,boundary,44,10,1,1,1,0,1,3,1,4,14,3,2,9,4.497,0.046
ses_20260701-032825-CHAITANYA0BCF,2026-07-01 03:41:28.046517+00:00,boundary,49,10,1,1,1,0,1,3,1,4,16,3,2,11,3.797,0.0485
ses_20260701-032825-CHAITANYA0BCF,2026-07-01 03:41:28.047527+00:00,boundary,49,10,1,1,1,0,1,3,1,4,16,3,2,11,3.797,0.0485
ses_20260701-032825-CHAITANYA0BCF,2026-07-01 03:42:51.387917+00:00,boundary,24,8,2,2,3,0,0,1,0,1,8,1,1,6,5.537,0.04
ses_20260701-032825-CHAITANYA0BCF,2026-07-01 03:44:04.739748+00:00,boundary,52,8,1,2,26,0,1,1,0,1,8,1,0,11,1.865,0.056
ses_20260701-032825-CHAITANYA0BCF,2026-07-01 03:44:04.741349+00:00,boundary,52,8,1,2,26,0,1,1,0,1,8,1,0,11,1.865,0.056
ses_20260701-032825-CHAITANYA0BCF,2026-07-01 03:44:33.992607+00:00,boundary,46,11,2,3,9,0,0,2,1,1,12,2,1,12,3.189,0.052
ses_20260701-032825-CHAITANYA0BCF,2026-07-01 03:45:00.752540+00:00,boundary,67,9,2,3,27,0,0,3,1,4,10,3,1,13,2.974,0.056
ses_20260701-032825-CHAITANYA0BCF,2026-07-01 03:45:42.589056+00:00,boundary,41,9,2,2,16,0,0,3,1,2,4,3,2,8,6.807,0.0505
ses_20260701-032825-CHAITANYA0BCF,2026-07-01 03:46:14.493900+00:00,boundary,94,10,2,3,42,0,1,3,1,4,14,3,2,17,2.454,0.053
ses_20260701-032825-CHAITANYA0BCF,2026-07-01 03:46:40.896227+00:00,boundary,31,9,2,2,0,0,1,3,1,2,8,3,2,7,4.934,0.036000000000000004
ses_20260701-032825-CHAITANYA0BCF,2026-07-01 03:46:40.897324+00:00,boundary,31,9,2,2,0,0,1,3,1,2,8,3,2,7,4.934,0.036000000000000004
ses_20260701-032825-CHAITANYA0BCF,2026-07-01 03:47:15.676713+00:00,boundary,45,10,2,2,14,0,1,3,1,3,6,3,2,9,3.555,0.055
ses_20260701-032825-CHAITANYA0BCF,2026-07-01 03:47:15.677742+00:00,boundary,45,10,2,2,14,0,1,3,1,3,6,3,2,9,3.555,0.055
ses_20260701-032825-CHAITANYA0BCF,2026-07-01 03:47:50.432721+00:00,boundary,36,9,2,2,1,0,0,3,1,4,10,3,2,7,6.475,0.047
ses_20260701-032825-CHAITANYA0BCF,2026-07-01 03:48:26.476161+00:00,boundary,98,11,2,3,43,1,1,3,1,3,18,3,1,18,2.885,0.05
ses_20260701-032825-CHAITANYA0BCF,2026-07-01 03:48:26.476693+00:00,boundary,98,11,2,3,43,1,1,3,1,3,18,3,1,18,2.885,0.05
ses_20260701-032825-CHAITANYA0BCF,2026-07-01 03:48:56.337067+00:00,boundary,73,10,1,2,29,0,1,3,1,3,12,3,1,15,3.373,0.0515
ses_20260701-032825-CHAITANYA0BCF,2026-07-01 03:48:56.338631+00:00,boundary,73,10,1,2,29,0,1,3,1,3,12,3,1,15,3.373,0.0515
ses_20260701-032825-CHAITANYA0BCF,2026-07-01 03:49:26.746912+00:00,boundary,82,9,2,3,43,0,0,3,1,2,10,3,1,15,2.756,0.054
ses_20260701-032825-CHAITANYA0BCF,2026-07-01 03:49:55.825812+00:00,boundary,71,10,1,2,27,0,1,3,1,4,12,3,1,13,3.425,0.052
ses_20260701-032825-CHAITANYA0BCF,2026-07-01 03:50:26.590587+00:00,boundary,49,10,2,2,14,0,1,3,1,1,10,3,2,11,3.918,0.051
ses_20260701-032825-CHAITANYA0BCF,2026-07-01 03:50:26.592187+00:00,boundary,49,10,2,2,14,0,1,3,1,1,10,3,2,11,3.918,0.051
ses_20260701-032825-CHAITANYA0BCF,2026-07-01 03:51:03.937753+00:00,boundary,49,10,1,1,1,0,1,3,1,4,16,3,2,11,4.012,0.0345
ses_20260701-032825-CHAITANYA0BCF,2026-07-01 03:51:03.938821+00:00,boundary,49,10,1,1,1,0,1,3,1,4,16,3,2,11,4.012,0.0345
ses_20260701-032825-CHAITANYA0BCF,2026-07-01 03:51:29.885371+00:00,boundary,78,9,2,3,42,0,0,3,1,2,8,3,1,14,3.473,0.048
ses_20260701-035622-SIDDHIGUPTAB00B,2026-07-01 03:57:45.068404+00:00,boundary,30,8,1,2,16,0,1,1,0,0,2,1,0,7,2.396,0.055
ses_20260701-035622-SIDDHIGUPTAB00B,2026-07-01 03:58:13.684470+00:00,boundary,61,10,1,2,20,0,1,3,1,2,12,3,1,13,3.181,0.0405
ses_20260701-035622-SIDDHIGUPTAB00B,2026-07-01 03:58:13.686616+00:00,boundary,61,10,1,2,20,0,1,3,1,2,12,3,1,13,3.181,0.0405
ses_20260701-035622-SIDDHIGUPTAB00B,2026-07-01 03:58:34.351866+00:00,boundary,61,9,1,2,21,0,0,3,1,2,12,3,1,14,2.667,0.065
ses_20260701-035622-SIDDHIGUPTAB00B,2026-07-01 03:58:34.355370+00:00,boundary,61,9,1,2,21,0,0,3,1,2,12,3,1,14,2.667,0.065
ses_20260701-035622-SIDDHIGUPTAB00B,2026-07-01 03:58:57.665560+00:00,boundary,26,9,2,2,1,0,0,2,1,1,8,2,1,7,2.939,0.05
ses_20260701-035622-SIDDHIGUPTAB00B,2026-07-01 04:00:22.971516+00:00,boundary,28,8,1,2,5,0,1,1,0,1,8,1,0,8,2.173,0.063
ses_20260701-035622-SIDDHIGUPTAB00B,2026-07-01 04:00:47.066803+00:00,boundary,45,12,2,3,15,0,1,3,1,1,4,3,1,11,2.978,0.08499999999999999
ses_20260701-035622-SIDDHIGUPTAB00B,2026-07-01 04:00:47.074357+00:00,boundary,45,12,2,3,15,0,1,3,1,1,4,3,1,11,2.978,0.08499999999999999
ses_20260701-035622-SIDDHIGUPTAB00B,2026-07-01 04:01:27.765043+00:00,boundary,68,10,3,5,41,0,1,3,1,1,2,3,1,14,3.674,0.055
ses_20260701-035622-SIDDHIGUPTAB00B,2026-07-01 04:01:27.768149+00:00,boundary,68,10,3,5,41,0,1,3,1,1,2,3,1,14,3.674,0.055
ses_20260701-035622-SIDDHIGUPTAB00B,2026-07-01 04:02:33.390638+00:00,boundary,51,10,2,2,13,0,1,3,1,2,10,3,2,12,4.128,0.056999999999999995
ses_20260701-035622-SIDDHIGUPTAB00B,2026-07-01 04:02:33.397063+00:00,boundary,51,10,2,2,13,0,1,3,1,2,10,3,2,12,4.128,0.056999999999999995
ses_20260701-035622-SIDDHIGUPTAB00B,2026-07-01 04:03:00.776884+00:00,boundary,63,10,1,2,26,0,1,3,1,3,8,3,1,13,3.019,0.056999999999999995
ses_20260701-035622-SIDDHIGUPTAB00B,2026-07-01 04:03:00.784196+00:00,boundary,63,10,1,2,26,0,1,3,1,3,8,3,1,13,3.019,0.056999999999999995
ses_20260701-035622-SIDDHIGUPTAB00B,2026-07-01 04:03:32.192881+00:00,boundary,85,9,2,3,41,0,0,3,1,3,12,3,1,16,2.875,0.052
ses_20260701-035622-SIDDHIGUPTAB00B,2026-07-01 04:03:32.194572+00:00,boundary,85,9,2,3,41,0,0,3,1,3,12,3,1,16,2.875,0.052
ses_20260701-035622-SIDDHIGUPTAB00B,2026-07-01 04:03:53.924777+00:00,boundary,36,10,2,2,2,1,0,2,1,3,10,2,2,9,2.488,0.079
ses_20260701-035622-SIDDHIGUPTAB00B,2026-07-01 04:05:54.900232+00:00,boundary,39,5,2,2,27,0,1,1,0,0,0,1,0,9,2.74,0.057
ses_20260701-035622-SIDDHIGUPTAB00B,2026-07-01 04:06:45.974262+00:00,boundary,25,8,2,2,2,0,1,1,0,1,8,1,0,8,10.071,0.049
ses_20260701-035622-SIDDHIGUPTAB00B,2026-07-01 04:06:45.981313+00:00,boundary,25,8,2,2,2,0,1,1,0,1,8,1,0,8,10.071,0.049
ses_20260701-035622-SIDDHIGUPTAB00B,2026-07-01 04:07:27.462322+00:00,boundary,55,8,2,2,28,0,1,1,0,1,8,1,0,12,2.449,0.0605
ses_20260701-035622-SIDDHIGUPTAB00B,2026-07-01 04:07:27.473472+00:00,boundary,55,8,2,2,28,0,1,1,0,1,8,1,0,12,2.449,0.0605
ses_20260701-035622-SIDDHIGUPTAB00B,2026-07-01 04:07:54.281046+00:00,boundary,64,9,1,2,24,0,0,3,1,2,12,3,1,13,3.85,0.031
ses_20260701-035622-SIDDHIGUPTAB00B,2026-07-01 04:07:54.286133+00:00,boundary,64,9,1,2,24,0,0,3,1,2,12,3,1,13,3.85,0.031
ses_20260701-035622-SIDDHIGUPTAB00B,2026-07-01 04:08:19.150909+00:00,boundary,46,9,1,1,1,0,0,3,1,4,16,3,2,9,6.002,0.045
ses_20260701-035622-SIDDHIGUPTAB00B,2026-07-01 04:08:48.676613+00:00,boundary,47,10,2,2,10,0,1,3,1,2,10,3,2,11,3.835,0.065
ses_20260701-035622-SIDDHIGUPTAB00B,2026-07-01 04:08:48.681909+00:00,boundary,47,10,2,2,10,0,1,3,1,2,10,3,2,11,3.835,0.065
ses_20260701-035622-SIDDHIGUPTAB00B,2026-07-01 04:09:11.695393+00:00,boundary,29,10,2,2,1,0,1,3,1,1,6,3,2,9,3.776,0.0925
ses_20260701-035622-SIDDHIGUPTAB00B,2026-07-01 04:09:11.701579+00:00,boundary,29,10,2,2,1,0,1,3,1,1,6,3,2,9,3.776,0.0925
ses_20260701-035622-SIDDHIGUPTAB00B,2026-07-01 04:10:13.885032+00:00,boundary,53,10,2,2,16,0,1,3,1,2,10,3,2,11,4.093,0.053
ses_20260701-035622-SIDDHIGUPTAB00B,2026-07-01 04:10:13.889368+00:00,boundary,53,10,2,2,16,0,1,3,1,2,10,3,2,11,4.093,0.053
ses_20260701-035622-SIDDHIGUPTAB00B,2026-07-01 04:10:32.270220+00:00,boundary,67,9,1,2,23,0,0,3,1,2,16,3,1,14,3.064,0.0475
ses_20260701-035622-SIDDHIGUPTAB00B,2026-07-01 04:10:32.273119+00:00,boundary,67,9,1,2,23,0,0,3,1,2,16,3,1,14,3.064,0.0475
ses_20260701-035622-SIDDHIGUPTAB00B,2026-07-01 04:10:53.755382+00:00,boundary,30,9,1,1,0,0,1,4,1,1,8,4,2,8,5.271,0.099
ses_20260701-035622-SIDDHIGUPTAB00B,2026-07-01 04:10:53.761756+00:00,boundary,30,9,1,1,0,0,1,4,1,1,8,4,2,8,5.271,0.099
ses_20260701-035622-SIDDHIGUPTAB00B,2026-07-01 04:11:31.342177+00:00,boundary,22,10,1,1,2,0,1,3,1,1,2,3,2,6,8.065,0.12
ses_20260701-035622-SIDDHIGUPTAB00B,2026-07-01 04:11:31.846051+00:00,boundary,22,10,1,1,2,0,1,3,1,1,2,3,2,6,8.065,0.12
ses_20260701-035622-SIDDHIGUPTAB00B,2026-07-01 04:12:30.036172+00:00,boundary,49,8,1,2,24,0,1,1,0,1,8,1,0,10,2.863,0.054
ses_20260701-035622-SIDDHIGUPTAB00B,2026-07-01 04:12:30.043192+00:00,boundary,49,8,1,2,24,0,1,1,0,1,8,1,0,10,2.863,0.054
ses_20260701-035622-SIDDHIGUPTAB00B,2026-07-01 04:12:56.970737+00:00,boundary,44,10,2,2,23,0,1,2,1,1,2,3,1,9,3.643,0.057
ses_20260701-035622-SIDDHIGUPTAB00B,2026-07-01 04:12:57.005462+00:00,boundary,44,10,2,2,23,0,1,2,1,1,2,3,1,9,3.643,0.057
ses_20260701-035622-SIDDHIGUPTAB00B,2026-07-01 04:13:43.428081+00:00,boundary,45,8,2,2,23,0,1,1,0,1,6,1,0,9,2.228,0.0495
ses_20260701-035622-SIDDHIGUPTAB00B,2026-07-01 04:13:43.446150+00:00,boundary,45,8,2,2,23,0,1,1,0,1,6,1,0,9,2.228,0.0495
ses_20260701-035622-SIDDHIGUPTAB00B,2026-07-01 04:14:12.258774+00:00,boundary,59,9,2,2,25,0,0,2,1,3,8,3,1,12,3.094,0.037500000000000006
ses_20260701-035622-SIDDHIGUPTAB00B,2026-07-01 04:14:12.261332+00:00,boundary,59,9,2,2,25,0,0,2,1,3,8,3,1,12,3.094,0.037500000000000006
ses_20260701-035622-SIDDHIGUPTAB00B,2026-07-01 04:14:59.475213+00:00,boundary,42,8,2,2,27,0,1,1,0,1,2,1,0,8,2.68,0.053
ses_20260701-035622-SIDDHIGUPTAB00B,2026-07-01 04:14:59.481364+00:00,boundary,42,8,2,2,27,0,1,1,0,1,2,1,0,8,2.68,0.053
ses_20260701-035622-SIDDHIGUPTAB00B,2026-07-01 04:15:42.099576+00:00,boundary,40,9,2,2,14,0,0,3,1,2,4,3,2,9,7.775,0.059
ses_20260701-035622-SIDDHIGUPTAB00B,2026-07-01 04:16:18.996506+00:00,boundary,78,10,2,3,38,0,1,3,1,2,10,3,1,15,3.62,0.043
ses_20260701-035622-SIDDHIGUPTAB00B,2026-07-01 04:16:19.003594+00:00,boundary,78,10,2,3,38,0,1,3,1,2,10,3,1,15,3.62,0.043
ses_20260701-035622-SIDDHIGUPTAB00B,2026-07-01 04:16:47.614292+00:00,boundary,32,10,2,2,1,0,1,2,1,3,8,3,1,8,3.544,0.083
ses_20260701-035622-SIDDHIGUPTAB00B,2026-07-01 04:16:47.616589+00:00,boundary,32,10,2,2,1,0,1,2,1,3,8,3,1,8,3.544,0.083
ses_20260701-035622-SIDDHIGUPTAB00B,2026-07-01 04:17:21.176599+00:00,boundary,53,9,2,2,23,0,0,2,1,3,6,3,1,11,4.277,0.043
ses_20260701-035622-SIDDHIGUPTAB00B,2026-07-01 04:17:21.181967+00:00,boundary,54,9,2,2,24,0,0,2,1,3,6,3,1,11,4.277,0.038
ses_20260701-035622-SIDDHIGUPTAB00B,2026-07-01 04:17:56.376089+00:00,boundary,56,9,3,3,36,0,0,2,1,1,2,3,1,9,3.802,0.048
ses_20260701-035622-SIDDHIGUPTAB00B,2026-07-01 04:17:56.381501+00:00,boundary,56,9,3,3,36,0,0,2,1,1,2,3,1,9,3.802,0.048
ses_20260701-035622-SIDDHIGUPTAB00B,2026-07-01 04:18:30.680929+00:00,boundary,76,10,1,2,25,0,1,3,1,4,16,3,1,15,2.748,0.05
ses_20260701-035622-SIDDHIGUPTAB00B,2026-07-01 04:18:30.684718+00:00,boundary,76,10,1,2,25,0,1,3,1,4,16,3,1,15,2.748,0.05
ses_20260701-035622-SIDDHIGUPTAB00B,2026-07-01 04:19:06.442525+00:00,boundary,18,5,2,2,5,0,3,0,0,0,4,1,0,5,6.846,0.121
ses_20260701-035622-SIDDHIGUPTAB00B,2026-07-01 04:19:06.447115+00:00,boundary,18,5,2,2,5,0,3,0,0,0,4,1,0,5,6.846,0.121
ses_20260701-035622-SIDDHIGUPTAB00B,2026-07-01 04:20:04.893898+00:00,boundary,23,4,1,1,14,0,1,0,0,0,0,1,0,7,1.64,0.16999999999999998
ses_20260701-035622-SIDDHIGUPTAB00B,2026-07-01 04:20:04.925452+00:00,boundary,23,4,1,1,14,0,1,0,0,0,0,1,0,7,1.64,0.16999999999999998
ses_20260701-035622-SIDDHIGUPTAB00B,2026-07-01 04:20:49.058760+00:00,boundary,58,9,2,3,34,0,0,3,1,1,2,3,1,12,3.565,0.053
ses_20260701-035622-SIDDHIGUPTAB00B,2026-07-01 04:20:49.064429+00:00,boundary,58,9,2,3,34,0,0,3,1,1,2,3,1,12,3.565,0.053
ses_20260701-035622-SIDDHIGUPTAB00B,2026-07-01 04:21:28.430435+00:00,boundary,37,9,1,1,1,0,0,3,1,3,10,3,2,9,6.343,0.0565
ses_20260701-035622-SIDDHIGUPTAB00B,2026-07-01 04:22:07.189026+00:00,boundary,58,10,2,3,32,0,1,3,1,1,2,3,1,13,3.573,0.056
ses_20260701-035622-SIDDHIGUPTAB00B,2026-07-01 04:22:07.191848+00:00,boundary,58,10,2,3,32,0,1,3,1,1,2,3,1,13,3.573,0.056
ses_20260701-035622-SIDDHIGUPTAB00B,2026-07-01 04:23:13.557277+00:00,boundary,40,9,2,3,14,0,0,3,1,2,4,3,1,10,4.258,0.042
ses_20260701-035622-SIDDHIGUPTAB00B,2026-07-01 04:23:13.561922+00:00,boundary,40,9,2,3,14,0,0,3,1,2,4,3,1,10,4.258,0.042
ses_20260701-043922-SIDDHIGUPTAB00B,2026-07-01 04:40:14.127234+00:00,boundary,27,7,2,2,6,0,1,1,0,0,8,1,0,7,2.465,0.0825
ses_20260701-043922-SIDDHIGUPTAB00B,2026-07-01 04:40:49.037451+00:00,boundary,30,10,1,1,1,0,3,2,1,1,8,2,1,8,4.797,0.071
ses_20260701-043922-SIDDHIGUPTAB00B,2026-07-01 04:40:49.039261+00:00,boundary,30,10,1,1,1,0,3,2,1,1,8,2,1,8,4.797,0.071
ses_20260701-043922-SIDDHIGUPTAB00B,2026-07-01 04:41:11.921964+00:00,boundary,67,10,1,2,25,0,1,3,1,2,12,3,1,14,3.471,0.0485
ses_20260701-043922-SIDDHIGUPTAB00B,2026-07-01 04:41:11.933060+00:00,boundary,67,10,1,2,25,0,1,3,1,2,12,3,1,14,3.471,0.0485
ses_20260701-043922-SIDDHIGUPTAB00B,2026-07-01 04:42:07.599624+00:00,boundary,52,8,1,2,28,0,1,1,0,1,6,1,0,11,1.579,0.053
ses_20260701-043922-SIDDHIGUPTAB00B,2026-07-01 04:42:07.601685+00:00,boundary,52,8,1,2,28,0,1,1,0,1,6,1,0,11,1.579,0.053
ses_20260701-043922-SIDDHIGUPTAB00B,2026-07-01 04:42:36.486621+00:00,boundary,49,9,1,1,2,0,0,3,1,4,16,3,2,11,6.207,0.0405
ses_20260701-043922-SIDDHIGUPTAB00B,2026-07-01 04:43:00.582992+00:00,boundary,91,10,2,3,39,0,1,3,1,4,14,3,1,18,3.261,0.0495
ses_20260701-043922-SIDDHIGUPTAB00B,2026-07-01 04:43:02.412155+00:00,boundary,79,10,2,3,38,0,1,3,1,2,10,3,1,16,3.261,0.052500000000000005
ses_20260701-043922-SIDDHIGUPTAB00B,2026-07-01 04:45:06.152695+00:00,boundary,56,8,2,2,28,0,1,1,0,1,8,1,0,13,2.54,0.054
ses_20260701-043922-SIDDHIGUPTAB00B,2026-07-01 04:45:06.155025+00:00,boundary,56,8,2,2,28,0,1,1,0,1,8,1,0,13,2.54,0.054
ses_20260701-043922-SIDDHIGUPTAB00B,2026-07-01 04:45:52.233827+00:00,boundary,43,6,3,3,31,0,1,1,0,0,0,1,1,8,4.475,0.056
ses_20260701-043922-SIDDHIGUPTAB00B,2026-07-01 04:45:52.235376+00:00,boundary,43,6,3,3,31,0,1,1,0,0,0,1,1,8,4.475,0.056
ses_20260701-043922-SIDDHIGUPTAB00B,2026-07-01 04:47:04.855421+00:00,boundary,83,10,2,3,41,0,1,3,1,2,10,3,1,17,2.784,0.053
ses_20260701-043922-SIDDHIGUPTAB00B,2026-07-01 04:47:04.857366+00:00,boundary,83,10,2,3,41,0,1,3,1,2,10,3,1,17,2.784,0.053
ses_20260701-043922-SIDDHIGUPTAB00B,2026-07-01 04:47:37.925252+00:00,boundary,41,5,2,2,30,0,1,0,0,0,0,1,0,8,1.543,0.051
ses_20260701-043922-SIDDHIGUPTAB00B,2026-07-01 04:47:37.927875+00:00,boundary,41,5,2,2,30,0,1,0,0,0,0,1,0,8,1.543,0.051
ses_20260701-043922-SIDDHIGUPTAB00B,2026-07-01 04:48:20.314846+00:00,boundary,29,3,1,1,24,0,1,0,0,0,0,0,0,4,1.384,0.0445
ses_20260701-043922-SIDDHIGUPTAB00B,2026-07-01 04:48:20.317367+00:00,boundary,29,3,1,1,24,0,1,0,0,0,0,0,0,4,1.384,0.0445
ses_20260701-043922-SIDDHIGUPTAB00B,2026-07-01 04:49:08.685884+00:00,boundary,7,3,1,1,3,0,1,0,0,0,0,0,0,3,2.148,0.099
ses_20260701-043922-SIDDHIGUPTAB00B,2026-07-01 04:49:08.692800+00:00,boundary,7,3,1,1,3,0,1,0,0,0,0,0,0,3,2.148,0.099
ses_20260701-043922-SIDDHIGUPTAB00B,2026-07-01 04:49:48.602904+00:00,boundary,36,3,1,1,28,0,1,0,0,0,0,0,0,7,1.275,0.054
ses_20260701-043922-SIDDHIGUPTAB00B,2026-07-01 04:49:48.604678+00:00,boundary,36,3,1,1,28,0,1,0,0,0,0,0,0,7,1.275,0.054
ses_20260701-043922-SIDDHIGUPTAB00B,2026-07-01 04:50:38.255870+00:00,boundary,2,2,1,1,1,0,0,0,0,0,0,0,0,1,0.115,0.115
ses_20260701-043922-SIDDHIGUPTAB00B,2026-07-01 04:51:13.093628+00:00,boundary,6,3,2,2,2,0,1,0,0,0,0,0,0,3,1.447,0.062
ses_20260701-043922-SIDDHIGUPTAB00B,2026-07-01 04:52:45.336697+00:00,boundary,35,3,1,1,27,0,1,0,0,0,0,0,0,7,1.231,0.057
ses_20260701-043922-SIDDHIGUPTAB00B,2026-07-01 04:52:45.338870+00:00,boundary,35,3,1,1,27,0,1,0,0,0,0,0,0,7,1.231,0.057
ses_20260701-043922-SIDDHIGUPTAB00B,2026-07-01 04:53:38.284414+00:00,boundary,31,3,1,1,24,0,1,0,0,0,0,0,0,6,1.983,0.051000000000000004
ses_20260701-043922-SIDDHIGUPTAB00B,2026-07-01 04:53:38.289467+00:00,boundary,31,3,1,1,24,0,1,0,0,0,0,0,0,6,1.983,0.051000000000000004
ses_20260701-043922-SIDDHIGUPTAB00B,2026-07-01 04:54:20.997998+00:00,boundary,35,3,1,1,27,0,1,0,0,0,0,0,0,7,4.545,0.0545
ses_20260701-043922-SIDDHIGUPTAB00B,2026-07-01 04:54:21.001304+00:00,boundary,35,3,1,1,27,0,1,0,0,0,0,0,0,7,4.545,0.0545
ses_20260701-043922-SIDDHIGUPTAB00B,2026-07-01 04:55:03.700797+00:00,boundary,38,3,1,1,29,0,1,0,0,0,0,0,0,8,1.349,0.053
ses_20260701-043922-SIDDHIGUPTAB00B,2026-07-01 04:55:03.702124+00:00,boundary,38,3,1,1,29,0,1,0,0,0,0,0,0,8,1.349,0.053
ses_20260701-043922-SIDDHIGUPTAB00B,2026-07-01 04:56:05.694701+00:00,boundary,56,3,1,1,43,0,1,0,0,0,0,0,0,12,4.316,0.053
ses_20260701-043922-SIDDHIGUPTAB00B,2026-07-01 04:56:05.700430+00:00,boundary,56,3,1,1,43,0,1,0,0,0,0,0,0,12,4.316,0.053
ses_20260701-043922-SIDDHIGUPTAB00B,2026-07-01 04:56:52.154752+00:00,boundary,34,3,1,1,26,0,1,0,0,0,0,0,0,7,2.006,0.056
ses_20260701-043922-SIDDHIGUPTAB00B,2026-07-01 04:56:52.157114+00:00,boundary,34,3,1,1,26,0,1,0,0,0,0,0,0,7,2.006,0.056
ses_20260701-043922-SIDDHIGUPTAB00B,2026-07-01 04:57:43.607254+00:00,boundary,37,3,1,1,29,0,1,0,0,0,0,0,0,7,4.405,0.0325
ses_20260701-043922-SIDDHIGUPTAB00B,2026-07-01 04:57:43.609071+00:00,boundary,37,3,1,1,29,0,1,0,0,0,0,0,0,7,4.405,0.0325
ses_20260701-043922-SIDDHIGUPTAB00B,2026-07-01 04:58:35.430576+00:00,boundary,36,3,1,1,28,0,1,0,0,0,0,0,0,7,1.116,0.054
ses_20260701-043922-SIDDHIGUPTAB00B,2026-07-01 04:58:35.437957+00:00,boundary,36,3,1,1,28,0,1,0,0,0,0,0,0,7,1.116,0.054
ses_20260701-043922-SIDDHIGUPTAB00B,2026-07-01 05:00:01.866161+00:00,boundary,35,4,1,1,26,0,1,0,0,0,0,0,0,7,1.121,0.0555
ses_20260701-043922-SIDDHIGUPTAB00B,2026-07-01 05:00:01.885100+00:00,boundary,35,4,1,1,26,0,1,0,0,0,0,0,0,7,1.121,0.0555
ses_20260701-043922-SIDDHIGUPTAB00B,2026-07-01 05:01:33.317673+00:00,boundary,35,3,1,1,27,0,1,0,0,0,0,0,0,7,4.415,0.0605
ses_20260701-043922-SIDDHIGUPTAB00B,2026-07-01 05:01:33.321340+00:00,boundary,36,3,1,1,28,0,1,0,0,0,0,0,0,7,4.415,0.06
ses_20260701-043922-SIDDHIGUPTAB00B,2026-07-01 05:02:18.628519+00:00,boundary,20,3,2,2,14,0,1,0,0,0,0,0,0,5,1.678,0.061
ses_20260701-043922-SIDDHIGUPTAB00B,2026-07-01 05:02:18.630410+00:00,boundary,20,3,2,2,14,0,1,0,0,0,0,0,0,5,1.678,0.061
ses_20260701-043922-SIDDHIGUPTAB00B,2026-07-01 05:03:33.622451+00:00,boundary,42,3,1,1,32,0,1,0,0,0,0,0,0,9,4.386,0.049
ses_20260701-043922-SIDDHIGUPTAB00B,2026-07-01 05:03:33.624195+00:00,boundary,42,3,1,1,32,0,1,0,0,0,0,0,0,9,4.386,0.049
ses_20260701-043922-SIDDHIGUPTAB00B,2026-07-01 05:04:20.745476+00:00,boundary,36,3,1,1,29,0,1,0,0,0,0,0,0,6,4.322,0.027
ses_20260701-043922-SIDDHIGUPTAB00B,2026-07-01 05:04:20.749014+00:00,boundary,37,3,1,1,30,0,1,0,0,0,0,0,0,6,4.322,0.0305
ses_20260701-043922-SIDDHIGUPTAB00B,2026-07-01 05:05:00.531234+00:00,boundary,33,3,1,1,25,0,1,0,0,0,0,0,0,7,1.789,0.058
ses_20260701-043922-SIDDHIGUPTAB00B,2026-07-01 05:05:00.532863+00:00,boundary,33,3,1,1,25,0,1,0,0,0,0,0,0,7,1.789,0.058
ses_20260701-043922-SIDDHIGUPTAB00B,2026-07-01 05:05:56.931519+00:00,boundary,31,3,1,1,22,0,1,0,0,0,0,0,0,8,1.85,0.062
ses_20260701-043922-SIDDHIGUPTAB00B,2026-07-01 05:05:56.933196+00:00,boundary,31,3,1,1,22,0,1,0,0,0,0,0,0,8,1.85,0.062
ses_20260701-043922-SIDDHIGUPTAB00B,2026-07-01 05:06:43.870949+00:00,boundary,29,3,1,1,22,0,1,0,0,0,0,0,0,6,1.109,0.0305
ses_20260701-043922-SIDDHIGUPTAB00B,2026-07-01 05:06:43.872568+00:00,boundary,29,3,1,1,22,0,1,0,0,0,0,0,0,6,1.109,0.0305
ses_20260701-043922-SIDDHIGUPTAB00B,2026-07-01 05:07:31.715793+00:00,boundary,33,3,1,1,26,0,1,0,0,0,0,0,0,6,1.196,0.0545
ses_20260701-043922-SIDDHIGUPTAB00B,2026-07-01 05:07:31.718704+00:00,boundary,33,3,1,1,26,0,1,0,0,0,0,0,0,6,1.196,0.0545
ses_20260701-043922-SIDDHIGUPTAB00B,2026-07-01 05:08:21.779956+00:00,boundary,9,3,2,2,4,0,1,0,0,0,0,0,0,4,1.123,0.28700000000000003
ses_20260701-043922-SIDDHIGUPTAB00B,2026-07-01 05:08:21.805226+00:00,boundary,9,3,2,2,4,0,1,0,0,0,0,0,0,4,1.123,0.28700000000000003
ses_20260701-043922-SIDDHIGUPTAB00B,2026-07-01 05:09:07.423664+00:00,boundary,2,2,1,1,0,0,1,0,0,0,0,0,0,1,0.118,0.118
ses_20260701-043922-SIDDHIGUPTAB00B,2026-07-01 05:09:07.430423+00:00,boundary,2,2,1,1,0,0,1,0,0,0,0,0,0,1,0.118,0.118
ses_20260701-043922-SIDDHIGUPTAB00B,2026-07-01 05:09:56.967177+00:00,boundary,2,2,1,1,0,0,1,0,0,0,0,0,0,1,0.094,0.094
ses_20260701-043922-SIDDHIGUPTAB00B,2026-07-01 05:09:56.975454+00:00,boundary,2,2,1,1,0,0,1,0,0,0,0,0,0,1,0.094,0.094
ses_20260701-043922-SIDDHIGUPTAB00B,2026-07-01 05:10:40.966230+00:00,boundary,27,3,1,1,21,0,1,0,0,0,0,0,0,5,1.692,0.049
ses_20260701-043922-SIDDHIGUPTAB00B,2026-07-01 05:10:40.970131+00:00,boundary,27,3,1,1,21,0,1,0,0,0,0,0,0,5,1.692,0.049
ses_20260701-043922-SIDDHIGUPTAB00B,2026-07-01 05:11:49.694372+00:00,boundary,18,3,1,1,11,0,1,0,0,0,0,0,0,6,2.44,0.156
ses_20260701-043922-SIDDHIGUPTAB00B,2026-07-01 05:11:49.732802+00:00,boundary,18,3,1,1,11,0,1,0,0,0,0,0,0,6,2.44,0.156
ses_20260701-043922-SIDDHIGUPTAB00B,2026-07-01 05:12:49.774769+00:00,boundary,32,3,1,1,24,0,1,0,0,0,0,0,0,7,2.014,0.03
ses_20260701-043922-SIDDHIGUPTAB00B,2026-07-01 05:12:49.778361+00:00,boundary,32,3,1,1,24,0,1,0,0,0,0,0,0,7,2.014,0.03
ses_20260701-043922-SIDDHIGUPTAB00B,2026-07-01 05:14:00.723215+00:00,boundary,38,2,1,1,32,0,0,0,0,0,0,0,0,6,5.616,0.031
ses_20260701-043922-SIDDHIGUPTAB00B,2026-07-01 05:14:59.175098+00:00,boundary,32,3,1,1,25,0,1,0,0,0,0,0,0,6,4.945,0.052
ses_20260701-043922-SIDDHIGUPTAB00B,2026-07-01 05:14:59.176901+00:00,boundary,32,3,1,1,25,0,1,0,0,0,0,0,0,6,4.945,0.052
ses_20260701-043922-SIDDHIGUPTAB00B,2026-07-01 05:15:58.592155+00:00,boundary,31,4,2,2,22,0,0,1,0,0,0,1,0,7,3.083,0.058499999999999996
ses_20260701-043922-SIDDHIGUPTAB00B,2026-07-01 05:16:36.834742+00:00,boundary,27,8,1,1,0,0,0,3,1,3,6,3,2,6,7.087,0.0965
ses_20260701-051820-CHAITANYA0BCF,2026-07-01 05:19:14.814928+00:00,boundary,40,7,3,4,27,1,1,1,0,0,0,1,0,8,2.767,0.05
ses_20260701-051820-CHAITANYA0BCF,2026-07-01 05:20:15.943732+00:00,boundary,72,11,3,5,43,0,1,3,1,1,2,3,1,15,3.277,0.055
ses_20260701-051820-CHAITANYA0BCF,2026-07-01 05:20:15.945376+00:00,boundary,72,11,3,5,43,0,1,3,1,1,2,3,1,15,3.277,0.055
ses_20260701-051820-CHAITANYA0BCF,2026-07-01 05:20:58.084064+00:00,boundary,73,12,2,4,43,1,1,3,1,1,2,3,1,15,2.757,0.058499999999999996
ses_20260701-051820-CHAITANYA0BCF,2026-07-01 05:21:35.178522+00:00,boundary,57,10,2,2,16,0,1,3,1,3,12,3,2,11,3.891,0.0505
ses_20260701-051820-CHAITANYA0BCF,2026-07-01 05:21:35.180539+00:00,boundary,57,10,2,2,16,0,1,3,1,3,12,3,2,11,3.891,0.0505
ses_20260701-051820-CHAITANYA0BCF,2026-07-01 05:21:58.532375+00:00,boundary,68,10,1,2,27,0,1,3,1,2,10,3,1,15,2.448,0.055
ses_20260701-051820-CHAITANYA0BCF,2026-07-01 05:21:58.534385+00:00,boundary,68,10,1,2,27,0,1,3,1,2,10,3,1,15,2.448,0.055
ses_20260701-051820-CHAITANYA0BCF,2026-07-01 05:22:28.081654+00:00,boundary,38,10,2,2,1,0,1,3,1,4,10,3,2,8,3.503,0.036
ses_20260701-051820-CHAITANYA0BCF,2026-07-01 05:22:28.084350+00:00,boundary,38,10,2,2,1,0,1,3,1,4,10,3,2,8,3.503,0.036
ses_20260701-051820-CHAITANYA0BCF,2026-07-01 05:23:32.736148+00:00,boundary,12,7,2,2,2,0,0,1,0,1,2,1,0,4,3.908,0.059
ses_20260701-051820-CHAITANYA0BCF,2026-07-01 05:24:09.354661+00:00,boundary,77,10,2,3,33,1,0,3,1,3,12,3,1,14,3.001,0.051
ses_20260701-051820-CHAITANYA0BCF,2026-07-01 05:24:09.355881+00:00,boundary,77,10,2,3,33,1,0,3,1,3,12,3,1,14,3.001,0.051
ses_20260701-051820-CHAITANYA0BCF,2026-07-01 05:24:34.849786+00:00,boundary,31,10,1,1,1,0,1,3,1,1,8,3,2,9,2.889,0.064
ses_20260701-051820-CHAITANYA0BCF,2026-07-01 05:24:34.851050+00:00,boundary,31,10,1,1,1,0,1,3,1,1,8,3,2,9,2.889,0.064
ses_20260701-051820-CHAITANYA0BCF,2026-07-01 05:25:12.531923+00:00,boundary,61,10,2,3,27,0,1,3,1,3,8,3,1,10,4.665,0.052
ses_20260701-051820-CHAITANYA0BCF,2026-07-01 05:25:48.919517+00:00,boundary,68,9,2,3,40,0,0,3,1,2,4,3,1,12,3.072,0.054
ses_20260701-051820-CHAITANYA0BCF,2026-07-01 05:26:30.730356+00:00,boundary,64,9,2,3,40,0,0,3,1,1,2,3,1,12,2.935,0.053
ses_20260701-051820-CHAITANYA0BCF,2026-07-01 05:26:30.732119+00:00,boundary,64,9,2,3,40,0,0,3,1,1,2,3,1,12,2.935,0.053
ses_20260701-051820-CHAITANYA0BCF,2026-07-01 05:27:12.483858+00:00,boundary,71,10,1,2,29,0,1,3,1,2,12,3,1,14,3.442,0.0505
ses_20260701-051820-CHAITANYA0BCF,2026-07-01 05:27:12.485460+00:00,boundary,71,10,1,2,29,0,1,3,1,2,12,3,1,14,3.442,0.0505
ses_20260701-051820-CHAITANYA0BCF,2026-07-01 05:27:36.599378+00:00,boundary,28,9,2,2,0,0,1,3,1,1,6,3,3,7,5.436,0.042
ses_20260701-051820-CHAITANYA0BCF,2026-07-01 05:27:36.601650+00:00,boundary,28,9,2,2,0,0,1,3,1,1,6,3,3,7,5.436,0.042
ses_20260701-051820-CHAITANYA0BCF,2026-07-01 05:28:12.418395+00:00,boundary,53,9,3,4,28,0,0,3,1,1,4,3,1,11,3.854,0.0555
ses_20260701-051820-CHAITANYA0BCF,2026-07-01 05:28:12.420006+00:00,boundary,53,9,3,4,28,0,0,3,1,1,4,3,1,11,3.854,0.0555
ses_20260701-051820-CHAITANYA0BCF,2026-07-01 05:29:16.111558+00:00,boundary,84,10,2,3,42,0,1,3,1,2,10,3,1,17,2.358,0.054
ses_20260701-051820-CHAITANYA0BCF,2026-07-01 05:29:16.113135+00:00,boundary,84,10,2,3,42,0,1,3,1,2,10,3,1,17,2.358,0.054
ses_20260701-051820-CHAITANYA0BCF,2026-07-01 05:29:46.063095+00:00,boundary,50,9,1,2,27,0,0,3,1,1,2,3,1,11,3.392,0.056
ses_20260701-051820-CHAITANYA0BCF,2026-07-01 05:30:27.326139+00:00,boundary,47,10,2,2,15,0,1,3,1,3,6,3,2,10,3.291,0.0495
ses_20260701-051820-CHAITANYA0BCF,2026-07-01 05:31:04.650078+00:00,boundary,55,10,2,2,16,0,1,3,1,2,10,3,3,12,3.959,0.051
ses_20260701-051820-CHAITANYA0BCF,2026-07-01 05:31:27.329524+00:00,boundary,71,10,1,2,27,0,1,3,1,2,12,3,1,16,2.244,0.053
ses_20260701-051820-CHAITANYA0BCF,2026-07-01 05:31:52.057212+00:00,boundary,32,10,2,2,1,0,1,3,1,2,8,3,2,8,4.115,0.077
ses_20260701-051820-CHAITANYA0BCF,2026-07-01 05:33:00.901265+00:00,boundary,56,10,2,2,15,0,1,3,1,3,12,3,2,11,4.153,0.053
ses_20260701-051820-CHAITANYA0BCF,2026-07-01 05:33:27.540677+00:00,boundary,68,9,1,2,28,0,0,3,1,3,12,3,1,12,3.438,0.053
ses_20260701-051820-CHAITANYA0BCF,2026-07-01 05:33:27.541701+00:00,boundary,68,9,1,2,28,0,0,3,1,3,12,3,1,12,3.438,0.053
ses_20260701-051820-CHAITANYA0BCF,2026-07-01 05:33:47.067677+00:00,boundary,30,11,1,1,1,0,1,3,1,1,6,3,2,9,4.954,0.073
ses_20260701-051820-CHAITANYA0BCF,2026-07-01 05:33:49.291910+00:00,boundary,39,10,1,1,1,0,1,3,1,2,12,3,2,10,4.954,0.058499999999999996
ses_20260701-051820-CHAITANYA0BCF,2026-07-01 05:34:18.973342+00:00,boundary,53,9,2,2,15,0,0,3,1,2,12,3,2,10,6.674,0.052
ses_20260701-051820-CHAITANYA0BCF,2026-07-01 05:34:45.296110+00:00,boundary,78,9,1,2,27,0,0,3,1,4,16,3,1,16,2.572,0.053
ses_20260701-051820-CHAITANYA0BCF,2026-07-01 05:34:45.297668+00:00,boundary,78,9,1,2,27,0,0,3,1,4,16,3,1,16,2.572,0.053
ses_20260701-051850-LAPTOP-R36BQBTE,2026-07-01 05:20:06.067508+00:00,boundary,33,4,3,3,26,1,0,0,0,0,0,1,0,5,4.378,0.025
ses_20260701-051850-LAPTOP-R36BQBTE,2026-07-01 05:20:44.702652+00:00,boundary,70,7,3,5,42,0,0,0,0,1,6,3,1,14,4.598,0.056
ses_20260701-051850-LAPTOP-R36BQBTE,2026-07-01 05:20:44.705783+00:00,boundary,70,7,3,5,42,0,0,0,0,1,6,3,1,14,4.598,0.056
ses_20260701-051850-LAPTOP-R36BQBTE,2026-07-01 05:21:53.008921+00:00,boundary,70,6,2,3,40,0,0,0,0,2,8,3,0,13,2.925,0.055
ses_20260701-051850-LAPTOP-R36BQBTE,2026-07-01 05:21:53.012059+00:00,boundary,70,6,2,3,40,0,0,0,0,2,8,3,0,13,2.925,0.055
ses_20260701-051850-LAPTOP-R36BQBTE,2026-07-01 05:22:27.136887+00:00,boundary,53,6,1,2,27,0,0,0,0,2,8,3,0,9,3.663,0.055
ses_20260701-051850-LAPTOP-R36BQBTE,2026-07-01 05:22:27.142506+00:00,boundary,53,6,1,2,27,0,0,0,0,2,8,3,0,9,3.663,0.055
ses_20260701-051850-LAPTOP-R36BQBTE,2026-07-01 05:23:28.113800+00:00,boundary,52,6,2,2,15,0,0,0,0,3,16,3,0,8,5.616,0.042
ses_20260701-051850-LAPTOP-R36BQBTE,2026-07-01 05:23:28.117877+00:00,boundary,52,6,2,2,15,0,0,0,0,3,16,3,0,8,5.616,0.042
ses_20260701-051850-LAPTOP-R36BQBTE,2026-07-01 05:23:54.703745+00:00,boundary,67,7,1,2,26,0,0,0,0,2,16,3,1,12,3.131,0.0475
ses_20260701-051850-LAPTOP-R36BQBTE,2026-07-01 05:23:54.706795+00:00,boundary,67,7,1,2,26,0,0,0,0,2,16,3,1,12,3.131,0.0475
ses_20260701-051850-LAPTOP-R36BQBTE,2026-07-01 05:24:23.137439+00:00,boundary,49,7,1,2,24,0,0,0,0,2,8,3,1,7,3.362,0.0455
ses_20260701-051850-LAPTOP-R36BQBTE,2026-07-01 05:24:23.139115+00:00,boundary,49,7,1,2,24,0,0,0,0,2,8,3,1,7,3.362,0.0455
ses_20260701-051850-LAPTOP-R36BQBTE,2026-07-01 05:24:58.240270+00:00,boundary,66,7,1,2,27,0,0,0,0,2,14,3,1,13,2.999,0.054
ses_20260701-051850-LAPTOP-R36BQBTE,2026-07-01 05:24:58.241795+00:00,boundary,66,7,1,2,27,0,0,0,0,2,14,3,1,13,2.999,0.054
ses_20260701-051850-LAPTOP-R36BQBTE,2026-07-01 05:25:27.972082+00:00,boundary,52,7,1,2,23,0,0,0,0,1,10,3,1,9,3.986,0.044
ses_20260701-051850-LAPTOP-R36BQBTE,2026-07-01 05:25:27.975160+00:00,boundary,52,7,1,2,23,0,0,0,0,1,10,3,1,9,3.986,0.044
ses_20260701-051850-LAPTOP-R36BQBTE,2026-07-01 05:26:01.425566+00:00,boundary,51,6,1,2,26,0,0,0,0,2,8,3,0,8,3.476,0.054
ses_20260701-051850-LAPTOP-R36BQBTE,2026-07-01 05:26:01.428649+00:00,boundary,51,6,1,2,26,0,0,0,0,2,8,3,0,8,3.476,0.054
ses_20260701-051850-LAPTOP-R36BQBTE,2026-07-01 05:26:58.906144+00:00,boundary,19,6,1,2,1,0,0,0,0,1,8,1,0,5,11.157,0.028
ses_20260701-051850-LAPTOP-R36BQBTE,2026-07-01 05:26:58.907149+00:00,boundary,19,6,1,2,1,0,0,0,0,1,8,1,0,5,11.157,0.028
ses_20260701-051850-LAPTOP-R36BQBTE,2026-07-01 05:27:21.050944+00:00,boundary,29,7,1,1,2,0,0,0,0,2,10,3,1,6,6.367,0.0545
ses_20260701-051850-LAPTOP-R36BQBTE,2026-07-01 05:27:21.053039+00:00,boundary,29,7,1,1,2,0,0,0,0,2,10,3,1,6,6.367,0.0545
ses_20260701-051850-LAPTOP-R36BQBTE,2026-07-01 05:28:00.673040+00:00,boundary,76,6,2,3,39,0,0,0,0,1,14,3,0,13,2.951,0.05
ses_20260701-051850-LAPTOP-R36BQBTE,2026-07-01 05:28:00.676161+00:00,boundary,76,6,2,3,39,0,0,0,0,1,14,3,0,13,2.951,0.05
ses_20260701-051850-LAPTOP-R36BQBTE,2026-07-01 05:28:26.092321+00:00,boundary,67,7,1,2,26,0,0,0,0,1,16,3,1,13,2.981,0.054
ses_20260701-051850-LAPTOP-R36BQBTE,2026-07-01 05:28:26.095369+00:00,boundary,67,7,1,2,26,0,0,0,0,1,16,3,1,13,2.981,0.054
ses_20260701-051850-LAPTOP-R36BQBTE,2026-07-01 05:28:51.387759+00:00,boundary,68,7,1,2,26,0,0,0,0,3,14,3,1,14,2.687,0.054
ses_20260701-051850-LAPTOP-R36BQBTE,2026-07-01 05:28:51.390335+00:00,boundary,68,7,1,2,26,0,0,0,0,3,14,3,1,14,2.687,0.054
ses_20260701-051850-LAPTOP-R36BQBTE,2026-07-01 05:29:15.885331+00:00,boundary,46,6,2,3,26,0,0,0,0,1,6,3,0,8,3.4,0.055
ses_20260701-051850-LAPTOP-R36BQBTE,2026-07-01 05:29:15.888229+00:00,boundary,46,6,2,3,26,0,0,0,0,1,6,3,0,8,3.4,0.055
ses_20260701-051850-LAPTOP-R36BQBTE,2026-07-01 05:30:11.074540+00:00,boundary,47,7,2,2,14,0,0,0,0,2,14,3,0,7,6.508,0.03
ses_20260701-051850-LAPTOP-R36BQBTE,2026-07-01 05:30:11.077186+00:00,boundary,47,7,2,2,14,0,0,0,0,2,14,3,0,7,6.508,0.03
ses_20260701-051850-LAPTOP-R36BQBTE,2026-07-01 05:30:29.215756+00:00,boundary,51,6,1,2,25,0,0,0,0,1,10,3,0,8,3.368,0.040999999999999995
ses_20260701-051850-LAPTOP-R36BQBTE,2026-07-01 05:30:29.219518+00:00,boundary,51,6,1,2,25,0,0,0,0,1,10,3,0,8,3.368,0.040999999999999995
ses_20260701-051850-LAPTOP-R36BQBTE,2026-07-01 05:30:58.438453+00:00,boundary,65,6,1,2,26,0,0,0,0,0,16,3,1,12,2.973,0.0525
ses_20260701-051850-LAPTOP-R36BQBTE,2026-07-01 05:30:58.442580+00:00,boundary,65,6,1,2,26,0,0,0,0,0,16,3,1,12,2.973,0.0525
ses_20260701-051850-LAPTOP-R36BQBTE,2026-07-01 05:31:22.364447+00:00,boundary,28,6,1,1,1,0,0,0,0,0,12,3,0,6,5.463,0.093
ses_20260701-051850-LAPTOP-R36BQBTE,2026-07-01 05:31:44.682767+00:00,boundary,28,6,1,1,1,0,0,0,0,1,12,3,0,6,6.062,0.061
ses_20260701-051850-LAPTOP-R36BQBTE,2026-07-01 05:31:44.685995+00:00,boundary,28,6,1,1,1,0,0,0,0,1,12,3,0,6,6.062,0.061
ses_20260701-051850-LAPTOP-R36BQBTE,2026-07-01 05:32:13.290831+00:00,boundary,58,7,1,2,27,0,0,0,0,1,10,3,1,12,3.445,0.054
ses_20260701-051850-LAPTOP-R36BQBTE,2026-07-01 05:32:13.295115+00:00,boundary,58,7,1,2,27,0,0,0,0,1,10,3,1,12,3.445,0.054
ses_20260701-051850-LAPTOP-R36BQBTE,2026-07-01 05:32:36.656025+00:00,boundary,61,6,1,2,27,0,0,0,0,0,12,3,1,13,2.903,0.0545
ses_20260701-051850-LAPTOP-R36BQBTE,2026-07-01 05:32:38.547957+00:00,boundary,67,7,1,2,26,0,0,0,0,1,16,3,1,13,2.903,0.053
ses_20260701-051850-LAPTOP-R36BQBTE,2026-07-01 05:33:03.336399+00:00,boundary,76,6,2,3,40,0,0,0,0,0,12,3,1,15,3.198,0.047
ses_20260701-051850-LAPTOP-R36BQBTE,2026-07-01 05:33:03.341039+00:00,boundary,76,6,2,3,40,0,0,0,0,0,12,3,1,15,3.198,0.047
ses_20260701-051850-LAPTOP-R36BQBTE,2026-07-01 05:33:33.476773+00:00,boundary,50,5,2,3,29,0,0,0,0,0,6,2,0,11,3.989,0.039
ses_20260701-051850-LAPTOP-R36BQBTE,2026-07-01 05:33:33.479971+00:00,boundary,50,5,2,3,29,0,0,0,0,0,6,2,0,11,3.989,0.039
ses_20260701-051850-LAPTOP-R36BQBTE,2026-07-01 05:34:04.668622+00:00,boundary,69,7,1,2,28,0,0,0,0,1,16,3,1,13,3.506,0.053
ses_20260701-051850-LAPTOP-R36BQBTE,2026-07-01 05:34:04.673000+00:00,boundary,69,7,1,2,28,0,0,0,0,1,16,3,1,13,3.506,0.053
ses_20260701-051850-LAPTOP-R36BQBTE,2026-07-01 05:34:33.367048+00:00,boundary,59,7,2,3,27,0,0,0,0,2,10,3,1,11,2.911,0.0545
ses_20260701-051850-LAPTOP-R36BQBTE,2026-07-01 05:34:33.371561+00:00,boundary,59,7,2,3,27,0,0,0,0,2,10,3,1,11,2.911,0.0545
ses_20260701-051850-LAPTOP-R36BQBTE,2026-07-01 05:35:07.176195+00:00,boundary,63,5,2,3,38,0,0,0,0,0,6,3,0,13,2.968,0.0525
ses_20260701-051850-LAPTOP-R36BQBTE,2026-07-01 05:35:07.179286+00:00,boundary,63,5,2,3,38,0,0,0,0,0,6,3,0,13,2.968,0.0525
ses_20260701-051850-LAPTOP-R36BQBTE,2026-07-01 05:37:14.110575+00:00,boundary,49,6,1,2,26,0,0,0,0,1,8,1,0,10,2.54,0.0545
ses_20260701-051850-LAPTOP-R36BQBTE,2026-07-01 05:37:14.114662+00:00,boundary,49,6,1,2,26,0,0,0,0,1,8,1,0,10,2.54,0.0545
ses_20260701-051850-LAPTOP-R36BQBTE,2026-07-01 05:37:43.081658+00:00,boundary,56,6,1,2,25,0,0,0,0,0,12,3,1,10,2.904,0.048
ses_20260701-051850-LAPTOP-R36BQBTE,2026-07-01 05:37:43.084859+00:00,boundary,56,6,1,2,25,0,0,0,0,0,12,3,1,10,2.904,0.048
ses_20260701-051850-LAPTOP-R36BQBTE,2026-07-01 05:38:15.662041+00:00,boundary,25,5,1,1,2,0,0,0,0,0,12,1,0,6,6.82,0.04
ses_20260701-051850-LAPTOP-R36BQBTE,2026-07-01 05:38:39.869856+00:00,boundary,27,6,1,1,1,0,0,0,0,1,12,3,0,5,6.416,0.0575
ses_20260701-051850-LAPTOP-R36BQBTE,2026-07-01 05:39:07.321620+00:00,boundary,73,7,2,3,40,0,0,0,0,1,10,3,1,14,3.248,0.046
ses_20260701-051850-LAPTOP-R36BQBTE,2026-07-01 05:39:07.354378+00:00,boundary,73,7,2,3,40,0,0,0,0,1,10,3,1,14,3.248,0.046
ses_20260701-051850-LAPTOP-R36BQBTE,2026-07-01 05:39:33.330029+00:00,boundary,40,7,1,1,2,0,0,0,0,1,16,3,2,9,6.424,0.071
ses_20260701-051850-LAPTOP-R36BQBTE,2026-07-01 05:39:57.363265+00:00,boundary,26,5,2,2,0,0,0,0,0,0,10,3,2,6,6.271,0.064
ses_20260701-051850-LAPTOP-R36BQBTE,2026-07-01 05:39:57.366822+00:00,boundary,26,5,2,2,0,0,0,0,0,0,10,3,2,6,6.271,0.064
ses_20260701-053005-MSI,2026-07-01 05:31:23.671540+00:00,boundary,51,7,2,2,26,0,1,1,0,0,8,1,0,11,2.513,0.055
ses_20260701-053005-MSI,2026-07-01 05:31:51.702758+00:00,boundary,66,11,2,4,28,0,1,3,1,3,8,3,1,13,4.488,0.054
ses_20260701-053005-MSI,2026-07-01 05:31:51.703612+00:00,boundary,66,11,2,4,28,0,1,3,1,3,8,3,1,13,4.488,0.054
ses_20260701-053005-MSI,2026-07-01 05:32:32.271006+00:00,boundary,55,10,2,2,15,0,1,3,1,3,10,3,2,13,4.346,0.055
ses_20260701-053005-MSI,2026-07-01 05:32:32.271786+00:00,boundary,55,10,2,2,15,0,1,3,1,3,10,3,2,13,4.346,0.055
ses_20260701-053005-MSI,2026-07-01 05:32:56.975964+00:00,boundary,43,10,2,2,15,0,1,3,1,2,4,3,2,10,3.727,0.0545
ses_20260701-053005-MSI,2026-07-01 05:32:56.976547+00:00,boundary,43,10,2,2,15,0,1,3,1,2,4,3,2,10,3.727,0.0545
ses_20260701-053005-MSI,2026-07-01 05:34:47.665893+00:00,boundary,25,10,1,2,2,0,1,1,0,1,8,1,0,6,3.258,0.031
ses_20260701-053005-MSI,2026-07-01 05:34:47.668429+00:00,boundary,25,10,1,2,2,0,1,1,0,1,8,1,0,6,3.258,0.031
ses_20260701-053005-MSI,2026-07-01 05:35:09.246257+00:00,boundary,38,9,1,1,1,0,0,3,1,2,12,3,2,9,6.152,0.045
ses_20260701-053005-MSI,2026-07-01 05:35:29.845808+00:00,boundary,58,10,1,2,24,0,1,3,1,1,8,3,1,13,2.77,0.051
ses_20260701-053005-MSI,2026-07-01 05:35:31.328208+00:00,boundary,56,10,1,2,24,0,1,3,1,2,6,3,1,12,2.77,0.051
ses_20260701-053005-MSI,2026-07-01 05:36:12.013590+00:00,boundary,87,10,2,3,42,0,1,3,1,3,12,3,1,16,2.562,0.0545
ses_20260701-053005-MSI,2026-07-01 05:36:12.014418+00:00,boundary,87,10,2,3,42,0,1,3,1,3,12,3,1,16,2.562,0.0545
ses_20260701-053005-MSI,2026-07-01 05:36:40.545202+00:00,boundary,49,10,1,1,1,0,1,3,1,4,16,3,2,11,3.839,0.054
ses_20260701-053005-MSI,2026-07-01 05:36:40.545920+00:00,boundary,49,10,1,1,1,0,1,3,1,4,16,3,2,11,3.839,0.054
ses_20260701-053005-MSI,2026-07-01 05:37:09.183878+00:00,boundary,64,10,2,2,15,0,1,3,1,4,16,3,2,12,3.424,0.04
ses_20260701-053005-MSI,2026-07-01 05:37:09.184782+00:00,boundary,64,10,2,2,15,0,1,3,1,4,16,3,2,12,3.424,0.04
ses_20260701-053005-MSI,2026-07-01 05:37:36.898021+00:00,boundary,40,10,2,2,2,0,1,3,1,4,10,3,2,9,3.847,0.056
ses_20260701-053005-MSI,2026-07-01 05:37:36.898831+00:00,boundary,40,10,2,2,2,0,1,3,1,4,10,3,2,9,3.847,0.056
ses_20260701-053005-MSI,2026-07-01 05:38:13.749617+00:00,boundary,89,10,2,3,44,1,0,3,1,3,12,3,1,16,2.461,0.0515
ses_20260701-053005-MSI,2026-07-01 05:38:13.750350+00:00,boundary,89,10,2,3,44,1,0,3,1,3,12,3,1,16,2.461,0.0515
ses_20260701-053005-MSI,2026-07-01 05:38:35.404533+00:00,boundary,68,10,1,2,30,0,1,3,1,3,8,3,1,14,2.909,0.054
ses_20260701-053005-MSI,2026-07-01 05:38:36.881748+00:00,boundary,81,10,1,2,29,0,1,3,1,4,16,3,1,16,2.909,0.0535
ses_20260701-053005-MSI,2026-07-01 05:39:07.763974+00:00,boundary,54,10,2,2,16,0,1,3,1,2,10,3,2,12,4.069,0.053
ses_20260701-053005-MSI,2026-07-01 05:39:07.764579+00:00,boundary,54,10,2,2,16,0,1,3,1,2,10,3,2,12,4.069,0.053
ses_20260701-053005-MSI,2026-07-01 05:39:36.332542+00:00,boundary,40,10,1,1,2,0,1,3,1,3,10,3,2,10,3.562,0.059
ses_20260701-053005-MSI,2026-07-01 05:39:36.333348+00:00,boundary,40,10,1,1,2,0,1,3,1,3,10,3,2,10,3.562,0.059
ses_20260701-053005-MSI,2026-07-01 05:40:13.340684+00:00,boundary,52,10,2,2,15,0,1,3,1,2,10,3,2,11,4.698,0.048
ses_20260701-053005-MSI,2026-07-01 05:40:13.341568+00:00,boundary,52,10,2,2,15,0,1,3,1,2,10,3,2,11,4.698,0.048
ses_20260701-053005-MSI,2026-07-01 05:40:42.713398+00:00,boundary,15,9,1,1,2,0,1,1,0,1,2,1,1,5,3.533,0.063
ses_20260701-053005-MSI,2026-07-01 05:40:42.714386+00:00,boundary,15,9,1,1,2,0,1,1,0,1,2,1,1,5,3.533,0.063
ses_20260701-053005-MSI,2026-07-01 05:41:22.974510+00:00,boundary,53,10,2,2,16,0,1,3,1,2,10,3,2,11,4.325,0.049
ses_20260701-053005-MSI,2026-07-01 05:41:22.975309+00:00,boundary,53,10,2,2,16,0,1,3,1,2,10,3,2,11,4.325,0.049
ses_20260701-053005-MSI,2026-07-01 05:41:47.396525+00:00,boundary,63,11,2,3,31,1,1,3,1,2,4,3,1,14,3.102,0.0555
ses_20260701-053005-MSI,2026-07-01 05:41:47.397114+00:00,boundary,63,11,2,3,31,1,1,3,1,2,4,3,1,14,3.102,0.0555
ses_20260701-053005-MSI,2026-07-01 05:42:27.891802+00:00,boundary,53,10,3,3,16,0,1,3,1,3,8,3,3,11,3.33,0.0475
ses_20260701-053005-MSI,2026-07-01 05:42:27.892797+00:00,boundary,53,10,3,3,16,0,1,3,1,3,8,3,3,11,3.33,0.0475
ses_20260701-053005-MSI,2026-07-01 05:43:03.782824+00:00,boundary,40,9,2,2,15,0,0,3,1,2,4,3,2,8,6.943,0.055
ses_20260701-053005-MSI,2026-07-01 05:43:43.662599+00:00,boundary,35,10,1,1,1,0,1,3,1,3,8,3,2,9,3.931,0.046
ses_20260701-053005-MSI,2026-07-01 05:43:43.663390+00:00,boundary,35,10,1,1,1,0,1,3,1,3,8,3,2,9,3.931,0.046
ses_20260701-053005-MSI,2026-07-01 05:44:16.750608+00:00,boundary,51,9,2,2,15,0,0,3,1,3,10,3,2,9,6.178,0.0535
ses_20260701-053005-MSI,2026-07-01 05:44:52.105691+00:00,boundary,49,10,1,1,1,0,1,3,1,4,16,3,2,11,3.885,0.0665
ses_20260701-053005-MSI,2026-07-01 05:44:52.106682+00:00,boundary,49,10,1,1,1,0,1,3,1,4,16,3,2,11,3.885,0.0665
ses_20260701-053005-MSI,2026-07-01 05:45:17.877798+00:00,boundary,90,9,2,3,39,0,0,3,1,4,16,3,1,16,2.092,0.051
ses_20260701-053005-MSI,2026-07-01 05:45:17.878658+00:00,boundary,90,9,2,3,39,0,0,3,1,4,16,3,1,16,2.092,0.051
ses_20260701-053005-MSI,2026-07-01 05:45:45.188940+00:00,boundary,47,9,1,1,1,0,0,3,1,4,16,3,2,10,5.493,0.042499999999999996
ses_20260701-053005-MSI,2026-07-01 05:46:10.902595+00:00,boundary,60,9,2,2,15,0,0,3,1,4,14,3,2,12,6.177,0.051
ses_20260701-053005-MSI,2026-07-01 05:46:36.555325+00:00,boundary,65,10,1,2,29,0,1,3,1,3,8,3,1,12,2.596,0.052
ses_20260701-053005-MSI,2026-07-01 05:46:36.556621+00:00,boundary,65,10,1,2,29,0,1,3,1,3,8,3,1,12,2.596,0.052
ses_20260701-053005-MSI,2026-07-01 05:47:41.633801+00:00,boundary,45,7,1,2,29,0,1,1,0,0,2,1,0,10,2.522,0.0495
ses_20260701-053005-MSI,2026-07-01 05:47:41.634832+00:00,boundary,45,7,1,2,29,0,1,1,0,0,2,1,0,10,2.522,0.0495
ses_20260701-053005-MSI,2026-07-01 05:48:19.903814+00:00,boundary,48,10,1,1,1,0,1,3,1,4,16,3,2,10,3.832,0.031
ses_20260701-053005-MSI,2026-07-01 05:48:19.904347+00:00,boundary,48,10,1,1,1,0,1,3,1,4,16,3,2,10,3.832,0.031
ses_20260701-053005-MSI,2026-07-01 05:48:46.149870+00:00,boundary,55,10,2,2,16,0,1,3,1,3,10,3,2,11,3.892,0.056
ses_20260701-053005-MSI,2026-07-01 05:48:46.150503+00:00,boundary,55,10,2,2,16,0,1,3,1,3,10,3,2,11,3.892,0.056
ses_20260701-053005-MSI,2026-07-01 05:49:23.659734+00:00,boundary,79,12,2,4,34,0,1,2,1,1,12,2,3,17,2.109,0.0545
ses_20260701-053005-MSI,2026-07-01 05:49:23.660507+00:00,boundary,79,12,2,4,34,0,1,2,1,1,12,2,3,17,2.109,0.0545
ses_20260701-053005-MSI,2026-07-01 05:49:48.522076+00:00,boundary,46,9,1,1,1,0,0,3,1,4,16,3,2,9,6.173,0.04
ses_20260701-053720-SIDDHIGUPTAB00B,2026-07-01 05:38:06.400896+00:00,boundary,37,5,2,2,26,0,1,1,0,0,0,1,0,8,1.75,0.0575
ses_20260701-053720-SIDDHIGUPTAB00B,2026-07-01 05:39:08.222368+00:00,boundary,28,8,1,2,8,0,1,1,0,1,8,1,0,5,2.239,0.034
ses_20260701-053720-SIDDHIGUPTAB00B,2026-07-01 05:39:08.229382+00:00,boundary,28,8,1,2,8,0,1,1,0,1,8,1,0,5,2.239,0.034
ses_20260701-053720-SIDDHIGUPTAB00B,2026-07-01 05:39:49.462851+00:00,boundary,51,7,2,2,27,0,0,1,0,1,8,1,0,10,2.852,0.052
ses_20260701-053720-SIDDHIGUPTAB00B,2026-07-01 05:39:49.475391+00:00,boundary,51,7,2,2,27,0,0,1,0,1,8,1,0,10,2.852,0.052
ses_20260701-053720-SIDDHIGUPTAB00B,2026-07-01 05:40:12.462431+00:00,boundary,28,9,1,1,1,0,0,2,1,3,8,2,1,6,2.851,0.045
ses_20260701-053720-SIDDHIGUPTAB00B,2026-07-01 05:40:41.658365+00:00,boundary,9,6,2,3,2,0,1,1,0,0,0,1,1,3,4.224,0.381
ses_20260701-053720-SIDDHIGUPTAB00B,2026-07-01 05:41:47.004921+00:00,boundary,74,10,2,3,42,0,1,3,1,2,4,3,1,15,2.974,0.051
ses_20260701-053720-SIDDHIGUPTAB00B,2026-07-01 05:41:47.008457+00:00,boundary,74,10,2,3,42,0,1,3,1,2,4,3,1,15,2.974,0.051
ses_20260701-053720-SIDDHIGUPTAB00B,2026-07-01 05:42:27.854931+00:00,boundary,93,10,2,3,41,0,1,3,1,4,14,3,1,19,2.779,0.0495
ses_20260701-053720-SIDDHIGUPTAB00B,2026-07-01 05:42:27.856629+00:00,boundary,93,10,2,3,41,0,1,3,1,4,14,3,1,19,2.779,0.0495
ses_20260701-053720-SIDDHIGUPTAB00B,2026-07-01 05:42:54.135124+00:00,boundary,74,9,1,2,28,0,0,3,1,4,14,3,1,14,3.346,0.053
ses_20260701-053720-SIDDHIGUPTAB00B,2026-07-01 05:42:54.136974+00:00,boundary,74,9,1,2,28,0,0,3,1,4,14,3,1,14,3.346,0.053
ses_20260701-053720-SIDDHIGUPTAB00B,2026-07-01 05:43:16.623903+00:00,boundary,60,10,1,2,23,0,1,3,1,1,10,3,1,13,3.647,0.04
ses_20260701-053720-SIDDHIGUPTAB00B,2026-07-01 05:43:18.148399+00:00,boundary,65,10,1,2,23,0,1,3,1,2,12,3,1,14,3.647,0.0365
ses_20260701-053720-SIDDHIGUPTAB00B,2026-07-01 05:44:16.906515+00:00,boundary,18,7,1,1,0,0,0,1,0,1,8,1,1,3,2.809,0.048
ses_20260701-053720-SIDDHIGUPTAB00B,2026-07-01 05:45:20.155490+00:00,boundary,15,7,2,2,1,0,3,1,0,0,2,1,1,6,4.813,0.11649999999999999
ses_20260701-053720-SIDDHIGUPTAB00B,2026-07-01 05:45:20.157771+00:00,boundary,15,7,2,2,1,0,3,1,0,0,2,1,1,6,4.813,0.11649999999999999
ses_20260701-053720-SIDDHIGUPTAB00B,2026-07-01 05:46:34.409662+00:00,boundary,52,10,2,2,15,0,1,3,1,2,10,3,2,11,3.909,0.055
ses_20260701-053720-SIDDHIGUPTAB00B,2026-07-01 05:46:34.414288+00:00,boundary,52,10,2,2,15,0,1,3,1,2,10,3,2,11,3.909,0.055
ses_20260701-053720-SIDDHIGUPTAB00B,2026-07-01 05:46:57.015244+00:00,boundary,71,9,1,2,24,0,0,3,1,4,14,3,1,15,2.802,0.047
ses_20260701-053720-SIDDHIGUPTAB00B,2026-07-01 05:46:57.022318+00:00,boundary,70,9,1,2,24,0,0,3,1,4,14,3,1,14,2.802,0.046
ses_20260701-053720-SIDDHIGUPTAB00B,2026-07-01 05:47:24.889669+00:00,boundary,38,10,1,2,16,0,1,3,1,1,2,3,1,9,3.24,0.102
ses_20260701-053720-SIDDHIGUPTAB00B,2026-07-01 05:47:24.897362+00:00,boundary,38,10,1,2,16,0,1,3,1,1,2,3,1,9,3.24,0.102
ses_20260701-053720-SIDDHIGUPTAB00B,2026-07-01 05:48:08.858404+00:00,boundary,82,10,2,3,40,0,1,3,1,2,10,3,1,17,3.398,0.055
ses_20260701-053720-SIDDHIGUPTAB00B,2026-07-01 05:48:08.860124+00:00,boundary,82,10,2,3,40,0,1,3,1,2,10,3,1,17,3.398,0.055
ses_20260701-053720-SIDDHIGUPTAB00B,2026-07-01 05:48:45.945040+00:00,boundary,61,12,1,2,3,0,2,2,1,1,34,2,1,10,2.639,0.042499999999999996
ses_20260701-053720-SIDDHIGUPTAB00B,2026-07-01 05:48:45.947384+00:00,boundary,61,12,1,2,3,0,2,2,1,1,34,2,1,10,2.639,0.042499999999999996
ses_20260701-053720-SIDDHIGUPTAB00B,2026-07-01 05:49:13.192230+00:00,boundary,37,10,2,2,1,0,1,3,1,3,10,3,2,9,4.184,0.072
ses_20260701-053720-SIDDHIGUPTAB00B,2026-07-01 05:49:13.202745+00:00,boundary,37,10,2,2,1,0,1,3,1,3,10,3,2,9,4.184,0.072
ses_20260701-053720-SIDDHIGUPTAB00B,2026-07-01 05:50:11.946729+00:00,boundary,81,11,2,3,42,1,1,3,1,4,6,3,1,16,2.899,0.05
ses_20260701-053720-SIDDHIGUPTAB00B,2026-07-01 05:50:11.949689+00:00,boundary,81,11,2,3,42,1,1,3,1,4,6,3,1,16,2.899,0.05
ses_20260701-053720-SIDDHIGUPTAB00B,2026-07-01 05:50:51.297676+00:00,boundary,77,10,2,3,37,0,1,3,1,2,10,3,1,15,3.365,0.053
ses_20260701-053720-SIDDHIGUPTAB00B,2026-07-01 05:50:51.300703+00:00,boundary,77,10,2,3,37,0,1,3,1,2,10,3,1,15,3.365,0.053
ses_20260701-053720-SIDDHIGUPTAB00B,2026-07-01 05:51:20.533707+00:00,boundary,27,9,1,1,1,0,3,1,0,1,8,1,1,8,6.958,0.052
ses_20260701-053720-SIDDHIGUPTAB00B,2026-07-01 05:51:20.537077+00:00,boundary,27,9,1,1,1,0,3,1,0,1,8,1,1,8,6.958,0.052
ses_20260701-053720-SIDDHIGUPTAB00B,2026-07-01 05:51:59.315566+00:00,boundary,82,11,2,4,29,0,2,2,0,1,28,2,1,14,2.887,0.043
ses_20260701-053720-SIDDHIGUPTAB00B,2026-07-01 05:51:59.326798+00:00,boundary,82,11,2,4,29,0,2,2,0,1,28,2,1,14,2.887,0.043
ses_20260701-053720-SIDDHIGUPTAB00B,2026-07-01 05:52:37.126069+00:00,boundary,40,9,2,2,14,0,0,3,1,2,4,3,2,9,6.665,0.051
ses_20260701-053720-SIDDHIGUPTAB00B,2026-07-01 05:53:11.629235+00:00,boundary,80,10,1,2,27,0,1,3,1,4,16,3,1,17,2.496,0.051
ses_20260701-053720-SIDDHIGUPTAB00B,2026-07-01 05:53:11.634834+00:00,boundary,80,10,1,2,27,0,1,3,1,4,16,3,1,17,2.496,0.051
ses_20260701-053720-SIDDHIGUPTAB00B,2026-07-01 05:53:44.654337+00:00,boundary,53,8,1,2,26,0,2,1,0,1,8,1,0,11,6.191,0.052500000000000005
ses_20260701-053720-SIDDHIGUPTAB00B,2026-07-01 05:53:44.658419+00:00,boundary,53,8,1,2,26,0,2,1,0,1,8,1,0,11,6.191,0.052500000000000005
ses_20260701-053720-SIDDHIGUPTAB00B,2026-07-01 05:54:13.167724+00:00,boundary,69,10,2,3,27,0,1,3,1,4,10,3,1,14,2.774,0.055
ses_20260701-053720-SIDDHIGUPTAB00B,2026-07-01 05:54:13.170157+00:00,boundary,69,10,2,3,27,0,1,3,1,4,10,3,1,14,2.774,0.055
ses_20260701-053720-SIDDHIGUPTAB00B,2026-07-01 05:54:46.986841+00:00,boundary,82,10,2,3,39,0,1,3,1,2,10,3,1,18,3.17,0.055
ses_20260701-053720-SIDDHIGUPTAB00B,2026-07-01 05:54:46.991167+00:00,boundary,82,10,2,3,39,0,1,3,1,2,10,3,1,18,3.17,0.055
ses_20260701-053720-SIDDHIGUPTAB00B,2026-07-01 05:55:13.388762+00:00,boundary,40,10,1,1,1,0,1,3,1,2,12,3,2,10,4.225,0.034
ses_20260701-053720-SIDDHIGUPTAB00B,2026-07-01 05:55:13.392589+00:00,boundary,40,10,1,1,1,0,1,3,1,2,12,3,2,10,4.225,0.034
ses_20260701-053720-SIDDHIGUPTAB00B,2026-07-01 05:55:37.229441+00:00,boundary,50,10,1,2,22,0,1,3,1,2,4,3,1,11,3.283,0.064
ses_20260701-053720-SIDDHIGUPTAB00B,2026-07-01 05:55:37.231612+00:00,boundary,50,10,1,2,22,0,1,3,1,2,4,3,1,11,3.283,0.064
ses_20260701-053720-SIDDHIGUPTAB00B,2026-07-01 05:56:16.541309+00:00,boundary,58,9,2,3,27,0,0,3,1,3,6,3,1,11,3.046,0.046
ses_20260701-053720-SIDDHIGUPTAB00B,2026-07-01 05:56:16.549360+00:00,boundary,58,9,2,3,27,0,0,3,1,3,6,3,1,11,3.046,0.046
ses_20260701-053720-SIDDHIGUPTAB00B,2026-07-01 05:56:54.054203+00:00,boundary,62,9,2,3,39,0,0,3,1,1,2,3,1,11,2.934,0.05
ses_20260701-053720-SIDDHIGUPTAB00B,2026-07-01 05:56:54.055561+00:00,boundary,62,9,2,3,39,0,0,3,1,1,2,3,1,11,2.934,0.05
ses_20260701-053720-SIDDHIGUPTAB00B,2026-07-01 05:57:47.086876+00:00,boundary,65,10,1,3,23,0,2,1,1,1,20,1,0,12,4.153,0.0435
ses_20260701-053720-SIDDHIGUPTAB00B,2026-07-01 05:57:47.091110+00:00,boundary,63,10,1,3,23,0,2,1,1,1,18,1,0,12,4.153,0.0435
ses_20260701-053720-SIDDHIGUPTAB00B,2026-07-01 05:58:17.654528+00:00,boundary,45,10,2,2,7,0,1,3,1,2,10,3,2,12,3.869,0.0675
ses_20260701-053720-SIDDHIGUPTAB00B,2026-07-01 05:58:17.657706+00:00,boundary,45,10,2,2,7,0,1,3,1,2,10,3,2,12,3.869,0.0675
ses_20260701-053720-SIDDHIGUPTAB00B,2026-07-01 05:59:00.225891+00:00,boundary,30,4,1,2,23,0,0,1,0,0,0,1,0,5,3.291,0.045
ses_20260701-053720-SIDDHIGUPTAB00B,2026-07-01 05:59:00.229519+00:00,boundary,30,4,1,2,23,0,0,1,0,0,0,1,0,5,3.291,0.045
ses_20260701-053720-SIDDHIGUPTAB00B,2026-07-01 06:01:24.383867+00:00,boundary,49,8,2,2,26,0,1,1,0,1,6,1,0,10,3.112,0.0535
ses_20260701-053720-SIDDHIGUPTAB00B,2026-07-01 06:01:24.385633+00:00,boundary,49,8,2,2,26,0,1,1,0,1,6,1,0,10,3.112,0.0535
ses_20260701-053720-SIDDHIGUPTAB00B,2026-07-01 06:01:51.943671+00:00,boundary,57,9,2,2,11,0,0,3,1,3,16,3,2,13,6.775,0.0555
ses_20260701-053720-SIDDHIGUPTAB00B,2026-07-01 06:02:18.938553+00:00,boundary,48,9,1,1,1,0,0,3,1,4,16,3,2,11,6.504,0.04
ses_20260701-054901-LAPTOP-R36BQBTE,2026-07-01 05:50:24.894940+00:00,boundary,57,6,2,2,26,0,0,0,0,1,12,3,0,11,3.933,0.0545
ses_20260701-054901-LAPTOP-R36BQBTE,2026-07-01 05:50:54.629968+00:00,boundary,49,6,1,2,25,0,0,0,0,1,8,3,0,9,2.979,0.047
ses_20260701-054901-LAPTOP-R36BQBTE,2026-07-01 05:50:54.631642+00:00,boundary,49,6,1,2,25,0,0,0,0,1,8,3,0,9,2.979,0.047
ses_20260701-054901-LAPTOP-R36BQBTE,2026-07-01 05:51:21.157987+00:00,boundary,52,5,1,2,26,0,0,0,0,0,10,3,0,9,3.385,0.052
ses_20260701-054901-LAPTOP-R36BQBTE,2026-07-01 05:51:21.159592+00:00,boundary,52,5,1,2,26,0,0,0,0,0,10,3,0,9,3.385,0.052
ses_20260701-054901-LAPTOP-R36BQBTE,2026-07-01 05:51:45.472403+00:00,boundary,49,5,1,2,25,0,0,0,0,0,8,3,0,10,2.881,0.05
ses_20260701-054901-LAPTOP-R36BQBTE,2026-07-01 05:52:49.105656+00:00,boundary,49,8,2,4,27,1,0,0,0,0,4,3,1,10,3.699,0.053
ses_20260701-054901-LAPTOP-R36BQBTE,2026-07-01 05:52:49.106388+00:00,boundary,49,8,2,4,27,1,0,0,0,0,4,3,1,10,3.699,0.053
ses_20260701-054901-LAPTOP-R36BQBTE,2026-07-01 05:53:13.736277+00:00,boundary,54,7,2,2,27,0,0,0,0,1,8,2,1,11,2.859,0.061
ses_20260701-054901-LAPTOP-R36BQBTE,2026-07-01 05:53:13.737213+00:00,boundary,54,7,2,2,27,0,0,0,0,1,8,2,1,11,2.859,0.061
ses_20260701-054901-LAPTOP-R36BQBTE,2026-07-01 05:53:41.907501+00:00,boundary,60,8,3,3,18,1,0,0,0,2,16,1,1,14,6.438,0.056
ses_20260701-054901-LAPTOP-R36BQBTE,2026-07-01 05:54:53.359955+00:00,boundary,31,4,2,2,3,0,0,0,0,0,14,0,0,8,8.618,0.038
ses_20260701-054901-LAPTOP-R36BQBTE,2026-07-01 05:55:13.733242+00:00,boundary,36,6,3,3,13,0,0,0,0,0,8,3,1,7,6.374,0.055
ses_20260701-054901-LAPTOP-R36BQBTE,2026-07-01 05:55:45.906952+00:00,boundary,44,6,3,3,17,0,0,0,0,0,8,3,2,10,6.693,0.063
ses_20260701-054901-LAPTOP-R36BQBTE,2026-07-01 05:56:10.755421+00:00,boundary,26,6,1,1,1,0,0,0,0,1,12,0,1,6,12.116,0.042
ses_20260701-054901-LAPTOP-R36BQBTE,2026-07-01 05:56:10.756460+00:00,boundary,26,6,1,1,1,0,0,0,0,1,12,0,1,6,12.116,0.042
ses_20260701-054901-LAPTOP-R36BQBTE,2026-07-01 05:56:42.337535+00:00,boundary,61,6,2,2,16,0,0,0,0,1,22,2,0,11,3.199,0.055
ses_20260701-054901-LAPTOP-R36BQBTE,2026-07-01 05:56:42.339210+00:00,boundary,61,6,2,2,16,0,0,0,0,1,22,2,0,11,3.199,0.055
ses_20260701-054901-LAPTOP-R36BQBTE,2026-07-01 05:57:01.726990+00:00,boundary,47,5,2,5,28,0,0,0,0,0,6,1,0,11,4.0,0.06
ses_20260701-054901-LAPTOP-R36BQBTE,2026-07-01 05:57:24.938641+00:00,boundary,14,4,2,2,2,0,0,0,0,0,6,0,0,4,12.449,0.087
ses_20260701-054901-LAPTOP-R36BQBTE,2026-07-01 05:57:24.940204+00:00,boundary,14,4,2,2,2,0,0,0,0,0,6,0,0,4,12.449,0.087
ses_20260701-054901-LAPTOP-R36BQBTE,2026-07-01 05:57:51.775775+00:00,boundary,68,7,2,2,40,1,0,0,0,2,8,2,0,11,3.384,0.054
ses_20260701-054901-LAPTOP-R36BQBTE,2026-07-01 05:57:51.777142+00:00,boundary,68,7,2,2,40,1,0,0,0,2,8,2,0,11,3.384,0.054
ses_20260701-054901-LAPTOP-R36BQBTE,2026-07-01 05:58:19.163450+00:00,boundary,44,9,2,3,7,0,0,0,0,1,14,2,3,10,3.951,0.084
ses_20260701-054901-LAPTOP-R36BQBTE,2026-07-01 05:58:41.003909+00:00,boundary,23,5,2,2,14,0,0,0,0,0,2,1,0,5,3.348,0.052
ses_20260701-054901-LAPTOP-R36BQBTE,2026-07-01 05:58:41.006756+00:00,boundary,23,5,2,2,14,0,0,0,0,0,2,1,0,5,3.348,0.052
ses_20260701-054901-LAPTOP-R36BQBTE,2026-07-01 05:59:25.692895+00:00,boundary,13,3,1,1,0,0,0,0,0,0,8,0,0,4,4.22,0.1225
ses_20260701-054901-LAPTOP-R36BQBTE,2026-07-01 05:59:25.693423+00:00,boundary,13,3,1,1,0,0,0,0,0,0,8,0,0,4,4.22,0.1225
ses_20260701-054901-LAPTOP-R36BQBTE,2026-07-01 05:59:53.084761+00:00,boundary,17,5,2,2,3,0,0,0,0,0,6,0,0,4,2.301,0.10200000000000001
ses_20260701-054901-LAPTOP-R36BQBTE,2026-07-01 06:01:56.672286+00:00,boundary,55,6,2,2,30,0,0,0,0,0,8,2,1,10,3.017,0.06
ses_20260701-054901-LAPTOP-R36BQBTE,2026-07-01 06:01:56.673341+00:00,boundary,55,6,2,2,30,0,0,0,0,0,8,2,1,10,3.017,0.06
ses_20260701-054901-LAPTOP-R36BQBTE,2026-07-01 06:04:43.318273+00:00,boundary,57,6,2,3,15,0,0,0,0,2,20,1,0,11,3.651,0.056
ses_20260701-054901-LAPTOP-R36BQBTE,2026-07-01 06:05:09.256463+00:00,boundary,63,7,1,2,27,0,0,0,0,1,16,1,1,11,4.76,0.0305
ses_20260701-054901-LAPTOP-R36BQBTE,2026-07-01 06:05:09.259321+00:00,boundary,64,7,1,2,27,0,0,0,0,1,16,1,1,12,4.76,0.036
ses_20260701-054901-LAPTOP-R36BQBTE,2026-07-01 06:05:35.486949+00:00,boundary,58,7,2,2,14,0,0,0,0,3,18,2,2,12,3.754,0.052
ses_20260701-054901-LAPTOP-R36BQBTE,2026-07-01 06:05:35.488686+00:00,boundary,58,7,2,2,14,0,0,0,0,3,18,2,2,12,3.754,0.052
ses_20260701-054901-LAPTOP-R36BQBTE,2026-07-01 06:06:04.154343+00:00,boundary,55,6,1,1,15,0,0,0,0,0,18,2,1,12,4.073,0.0535
ses_20260701-054901-LAPTOP-R36BQBTE,2026-07-01 06:06:04.155974+00:00,boundary,55,6,1,1,15,0,0,0,0,0,18,2,1,12,4.073,0.0535
ses_20260701-054901-LAPTOP-R36BQBTE,2026-07-01 06:07:09.416498+00:00,boundary,38,7,2,2,15,1,0,0,0,1,8,2,0,7,1.963,0.059
ses_20260701-054901-LAPTOP-R36BQBTE,2026-07-01 06:07:09.417517+00:00,boundary,38,7,2,2,15,1,0,0,0,1,8,2,0,7,1.963,0.059
ses_20260701-054901-LAPTOP-R36BQBTE,2026-07-01 06:07:34.729233+00:00,boundary,43,5,1,1,2,0,0,0,0,0,22,1,0,9,4.134,0.0455
ses_20260701-054901-LAPTOP-R36BQBTE,2026-07-01 06:07:34.729823+00:00,boundary,43,5,1,1,2,0,0,0,0,0,22,1,0,9,4.134,0.0455
ses_20260701-054901-LAPTOP-R36BQBTE,2026-07-01 06:08:10.246697+00:00,boundary,49,7,2,5,16,2,0,0,0,0,12,2,0,10,4.495,0.057999999999999996
ses_20260701-054901-LAPTOP-R36BQBTE,2026-07-01 06:09:42.249845+00:00,boundary,30,5,1,1,2,0,0,0,0,0,14,1,0,8,5.599,0.045
ses_20260701-054901-LAPTOP-R36BQBTE,2026-07-01 06:09:42.259378+00:00,boundary,30,5,1,1,2,0,0,0,0,0,14,1,0,8,5.599,0.045
ses_20260701-054930-CHAITANYA0BCF,2026-07-01 05:50:24.894940+00:00,boundary,51,7,2,2,26,0,1,1,0,0,8,1,0,11,2.601,0.051
ses_20260701-054930-CHAITANYA0BCF,2026-07-01 05:50:54.629968+00:00,boundary,79,10,1,2,29,0,1,3,1,4,16,3,1,14,2.971,0.048
ses_20260701-054930-CHAITANYA0BCF,2026-07-01 05:50:54.631642+00:00,boundary,79,10,1,2,29,0,1,3,1,4,16,3,1,14,2.971,0.048
ses_20260701-054930-CHAITANYA0BCF,2026-07-01 05:51:21.157987+00:00,boundary,86,10,2,3,43,1,0,3,1,2,12,3,1,15,2.712,0.053
ses_20260701-054930-CHAITANYA0BCF,2026-07-01 05:51:21.159592+00:00,boundary,86,10,2,3,43,1,0,3,1,2,12,3,1,15,2.712,0.053
ses_20260701-054930-CHAITANYA0BCF,2026-07-01 05:51:45.472403+00:00,boundary,78,10,1,2,27,0,1,3,1,4,16,3,1,15,2.79,0.047
ses_20260701-054930-CHAITANYA0BCF,2026-07-01 05:52:49.105656+00:00,boundary,53,8,1,2,28,0,1,1,0,1,8,1,0,10,2.532,0.0525
ses_20260701-054930-CHAITANYA0BCF,2026-07-01 05:52:49.106388+00:00,boundary,53,8,1,2,28,0,1,1,0,1,8,1,0,10,2.532,0.0525
ses_20260701-054930-CHAITANYA0BCF,2026-07-01 05:53:13.736277+00:00,boundary,74,9,1,2,26,0,0,3,1,4,16,3,1,13,2.589,0.05
ses_20260701-054930-CHAITANYA0BCF,2026-07-01 05:53:13.737213+00:00,boundary,74,9,1,2,26,0,0,3,1,4,16,3,1,13,2.589,0.05
ses_20260701-054930-CHAITANYA0BCF,2026-07-01 05:53:41.907501+00:00,boundary,57,11,2,4,28,0,1,3,1,2,4,3,1,11,3.336,0.055
ses_20260701-054930-CHAITANYA0BCF,2026-07-01 05:54:53.359955+00:00,boundary,90,10,2,3,44,1,0,3,1,3,12,3,1,17,2.709,0.054
ses_20260701-054930-CHAITANYA0BCF,2026-07-01 05:55:13.733242+00:00,boundary,16,8,1,1,0,0,0,2,1,1,4,2,1,4,2.02,0.051
ses_20260701-054930-CHAITANYA0BCF,2026-07-01 05:55:45.906952+00:00,boundary,53,8,1,2,27,0,1,1,0,1,8,1,0,11,2.188,0.052
ses_20260701-054930-CHAITANYA0BCF,2026-07-01 05:56:10.755421+00:00,boundary,68,9,1,2,29,0,0,3,1,4,10,3,1,12,3.128,0.056
ses_20260701-054930-CHAITANYA0BCF,2026-07-01 05:56:10.756460+00:00,boundary,68,9,1,2,29,0,0,3,1,4,10,3,1,12,3.128,0.056
ses_20260701-054930-CHAITANYA0BCF,2026-07-01 05:56:42.337535+00:00,boundary,85,10,2,3,44,0,1,3,1,2,10,3,1,16,2.746,0.051
ses_20260701-054930-CHAITANYA0BCF,2026-07-01 05:56:42.339210+00:00,boundary,85,10,2,3,44,0,1,3,1,2,10,3,1,16,2.746,0.051
ses_20260701-054930-CHAITANYA0BCF,2026-07-01 05:57:01.726990+00:00,boundary,37,9,1,1,1,0,0,3,1,2,12,3,2,9,5.57,0.03
ses_20260701-054930-CHAITANYA0BCF,2026-07-01 05:57:24.938641+00:00,boundary,40,10,1,1,1,0,1,3,1,2,12,3,2,10,3.894,0.033
ses_20260701-054930-CHAITANYA0BCF,2026-07-01 05:57:24.940204+00:00,boundary,40,10,1,1,1,0,1,3,1,2,12,3,2,10,3.894,0.033
ses_20260701-054930-CHAITANYA0BCF,2026-07-01 05:57:51.775775+00:00,boundary,50,10,1,1,2,0,1,3,1,4,16,3,2,11,4.01,0.056
ses_20260701-054930-CHAITANYA0BCF,2026-07-01 05:57:51.777142+00:00,boundary,50,10,1,1,2,0,1,3,1,4,16,3,2,11,4.01,0.056
ses_20260701-054930-CHAITANYA0BCF,2026-07-01 05:58:19.163450+00:00,boundary,52,10,2,2,15,0,1,3,1,2,10,3,2,11,3.712,0.047
ses_20260701-054930-CHAITANYA0BCF,2026-07-01 05:58:41.003909+00:00,boundary,41,10,1,1,1,0,1,3,1,2,12,3,2,11,3.462,0.062
ses_20260701-054930-CHAITANYA0BCF,2026-07-01 05:58:41.006756+00:00,boundary,41,10,1,1,1,0,1,3,1,2,12,3,2,11,3.462,0.062
ses_20260701-054930-CHAITANYA0BCF,2026-07-01 05:59:25.692895+00:00,boundary,60,9,1,2,30,0,1,1,0,1,10,1,0,12,4.036,0.05
ses_20260701-054930-CHAITANYA0BCF,2026-07-01 05:59:25.693423+00:00,boundary,60,9,1,2,30,0,1,1,0,1,10,1,0,12,4.036,0.05
ses_20260701-054930-CHAITANYA0BCF,2026-07-01 05:59:53.084761+00:00,boundary,75,11,3,4,44,0,1,3,1,1,4,3,1,15,2.66,0.0505
ses_20260701-054930-CHAITANYA0BCF,2026-07-01 06:01:56.672286+00:00,boundary,56,10,1,3,29,0,0,1,0,1,8,1,0,10,2.648,0.051
ses_20260701-054930-CHAITANYA0BCF,2026-07-01 06:01:56.673341+00:00,boundary,56,10,1,3,29,0,0,1,0,1,8,1,0,10,2.648,0.051
ses_20260701-054930-CHAITANYA0BCF,2026-07-01 06:04:43.318273+00:00,boundary,54,8,1,2,29,0,1,1,0,1,8,1,0,10,2.557,0.054
ses_20260701-054930-CHAITANYA0BCF,2026-07-01 06:05:09.256463+00:00,boundary,44,10,1,1,1,0,1,3,1,4,14,3,2,9,4.146,0.04
ses_20260701-054930-CHAITANYA0BCF,2026-07-01 06:05:09.259321+00:00,boundary,44,10,1,1,1,0,1,3,1,4,14,3,2,9,4.146,0.04
ses_20260701-054930-CHAITANYA0BCF,2026-07-01 06:05:35.486949+00:00,boundary,47,10,1,1,1,0,1,3,1,4,16,3,2,9,4.022,0.040999999999999995
ses_20260701-054930-CHAITANYA0BCF,2026-07-01 06:05:35.488686+00:00,boundary,47,10,1,1,1,0,1,3,1,4,16,3,2,9,4.022,0.040999999999999995
ses_20260701-054930-CHAITANYA0BCF,2026-07-01 06:06:04.154343+00:00,boundary,82,9,2,3,42,0,0,3,1,2,10,3,1,16,2.84,0.052
ses_20260701-054930-CHAITANYA0BCF,2026-07-01 06:06:04.155974+00:00,boundary,82,9,2,3,42,0,0,3,1,2,10,3,1,16,2.84,0.052
ses_20260701-054930-CHAITANYA0BCF,2026-07-01 06:07:09.416498+00:00,boundary,54,8,1,2,29,0,1,1,0,1,8,1,0,10,2.117,0.051
ses_20260701-054930-CHAITANYA0BCF,2026-07-01 06:07:09.417517+00:00,boundary,54,8,1,2,29,0,1,1,0,1,8,1,0,10,2.117,0.051
ses_20260701-054930-CHAITANYA0BCF,2026-07-01 06:07:34.729233+00:00,boundary,74,10,2,3,42,0,1,3,1,2,4,3,1,15,3.63,0.054
ses_20260701-054930-CHAITANYA0BCF,2026-07-01 06:07:34.729823+00:00,boundary,74,10,2,3,42,0,1,3,1,2,4,3,1,15,3.63,0.054
ses_20260701-054930-CHAITANYA0BCF,2026-07-01 06:08:10.246697+00:00,boundary,41,9,2,2,15,0,0,3,1,2,4,3,2,9,6.473,0.0525
ses_20260701-054930-CHAITANYA0BCF,2026-07-01 06:08:43.885699+00:00,boundary,67,10,2,3,40,0,1,3,1,1,2,3,1,14,3.471,0.05
ses_20260701-054930-CHAITANYA0BCF,2026-07-01 06:08:43.888293+00:00,boundary,67,10,2,3,40,0,1,3,1,1,2,3,1,14,3.471,0.05
ses_20260701-054930-CHAITANYA0BCF,2026-07-01 06:09:42.249845+00:00,boundary,80,9,2,3,41,0,0,3,1,4,8,3,2,14,3.122,0.054
ses_20260701-054930-CHAITANYA0BCF,2026-07-01 06:09:42.259378+00:00,boundary,80,9,2,3,41,0,0,3,1,4,8,3,2,14,3.122,0.054
ses_20260701-055037-Marcos,2026-07-01 05:51:24.952550+00:00,boundary,51,7,2,2,27,0,1,1,0,0,8,1,0,10,2.2,0.0525
ses_20260701-055037-Marcos,2026-07-01 05:52:27.572373+00:00,boundary,47,7,1,2,25,0,1,1,0,0,6,1,0,10,2.542,0.053
ses_20260701-055037-Marcos,2026-07-01 05:52:27.573386+00:00,boundary,47,7,1,2,25,0,1,1,0,0,6,1,0,10,2.542,0.053
ses_20260701-055037-Marcos,2026-07-01 05:53:03.168081+00:00,boundary,43,7,1,2,28,0,1,1,0,0,4,1,0,6,3.036,0.036000000000000004
ses_20260701-055037-Marcos,2026-07-01 05:53:03.169056+00:00,boundary,43,7,1,2,28,0,1,1,0,0,4,1,0,6,3.036,0.036000000000000004
ses_20260701-055037-Marcos,2026-07-01 05:53:31.240613+00:00,boundary,76,10,2,3,38,0,1,3,1,1,8,3,1,16,3.153,0.051
ses_20260701-055037-Marcos,2026-07-01 05:53:31.241521+00:00,boundary,76,10,2,3,38,0,1,3,1,1,8,3,1,16,3.153,0.051
ses_20260701-055037-Marcos,2026-07-01 05:54:00.789098+00:00,boundary,64,9,1,2,27,0,0,3,1,1,10,3,1,13,2.915,0.055
ses_20260701-055037-Marcos,2026-07-01 05:54:00.789786+00:00,boundary,64,9,1,2,27,0,0,3,1,1,10,3,1,13,2.915,0.055
ses_20260701-055037-Marcos,2026-07-01 05:54:29.762026+00:00,boundary,42,9,2,2,14,0,0,2,1,2,8,2,1,8,1.85,0.056
ses_20260701-055037-Marcos,2026-07-01 05:54:59.052997+00:00,boundary,40,7,1,2,25,0,1,1,0,0,2,1,0,9,2.544,0.052
ses_20260701-055037-Marcos,2026-07-01 05:55:38.270896+00:00,boundary,89,9,2,3,40,0,1,3,1,0,16,3,1,17,2.321,0.053
ses_20260701-055037-Marcos,2026-07-01 05:55:38.271675+00:00,boundary,89,9,2,3,40,0,1,3,1,0,16,3,1,17,2.321,0.053
ses_20260701-055037-Marcos,2026-07-01 05:56:01.043250+00:00,boundary,59,9,1,2,26,0,1,3,1,0,8,3,1,13,3.024,0.055
ses_20260701-055037-Marcos,2026-07-01 05:56:02.753525+00:00,boundary,65,10,1,2,26,0,1,3,1,1,10,3,1,14,2.822,0.052
ses_20260701-055037-Marcos,2026-07-01 05:56:28.297226+00:00,boundary,73,9,1,2,26,0,0,3,1,2,16,3,1,14,2.904,0.0515
ses_20260701-055037-Marcos,2026-07-01 05:56:28.298033+00:00,boundary,73,9,1,2,26,0,0,3,1,2,16,3,1,14,2.904,0.0515
ses_20260701-055037-Marcos,2026-07-01 05:57:26.012192+00:00,boundary,52,8,1,2,27,0,1,1,0,1,8,1,0,10,2.7,0.054
ses_20260701-055037-Marcos,2026-07-01 05:57:26.012921+00:00,boundary,52,8,1,2,27,0,1,1,0,1,8,1,0,10,2.7,0.054
ses_20260701-055037-Marcos,2026-07-01 05:59:19.129579+00:00,boundary,59,8,2,2,31,0,1,1,0,1,8,1,0,13,2.356,0.0535
ses_20260701-055037-Marcos,2026-07-01 05:59:19.130517+00:00,boundary,59,8,2,2,31,0,1,1,0,1,8,1,0,13,2.356,0.0535
ses_20260701-055037-Marcos,2026-07-01 05:59:49.233484+00:00,boundary,42,10,1,1,1,0,1,3,1,1,14,3,2,10,4.825,0.041
ses_20260701-055037-Marcos,2026-07-01 05:59:49.234313+00:00,boundary,42,10,1,1,1,0,1,3,1,1,14,3,2,10,4.825,0.041
ses_20260701-055037-Marcos,2026-07-01 06:00:15.105756+00:00,boundary,76,9,2,3,39,0,1,3,1,0,8,3,1,16,3.642,0.056
ses_20260701-055037-Marcos,2026-07-01 06:00:15.106665+00:00,boundary,76,9,2,3,39,0,1,3,1,0,8,3,1,16,3.642,0.056
ses_20260701-055037-Marcos,2026-07-01 06:00:44.751692+00:00,boundary,47,10,1,1,1,0,1,3,1,2,16,3,2,11,3.756,0.0395
ses_20260701-055037-Marcos,2026-07-01 06:00:44.752404+00:00,boundary,47,10,1,1,1,0,1,3,1,2,16,3,2,11,3.756,0.0395
ses_20260701-055037-Marcos,2026-07-01 06:01:12.929002+00:00,boundary,52,10,2,2,15,0,1,3,1,1,10,3,2,12,4.0,0.051
ses_20260701-055037-Marcos,2026-07-01 06:01:12.930111+00:00,boundary,52,10,2,2,15,0,1,3,1,1,10,3,2,12,4.0,0.051
ses_20260701-055037-Marcos,2026-07-01 06:01:35.904114+00:00,boundary,67,10,1,2,26,0,0,3,1,1,12,3,1,14,2.601,0.052
ses_20260701-055037-Marcos,2026-07-01 06:01:35.904925+00:00,boundary,67,10,1,2,26,0,0,3,1,1,12,3,1,14,2.601,0.052
ses_20260701-055037-Marcos,2026-07-01 06:02:33.087485+00:00,boundary,49,6,1,2,27,0,0,1,0,0,8,1,0,9,2.54,0.0555
ses_20260701-055037-Marcos,2026-07-01 06:02:33.088284+00:00,boundary,49,6,1,2,27,0,0,1,0,0,8,1,0,9,2.54,0.0555
ses_20260701-055037-Marcos,2026-07-01 06:02:57.858036+00:00,boundary,42,10,2,2,15,0,1,3,1,1,4,3,2,10,3.568,0.053
ses_20260701-055037-Marcos,2026-07-01 06:02:57.858989+00:00,boundary,42,10,2,2,15,0,1,3,1,1,4,3,2,10,3.568,0.053
ses_20260701-055037-Marcos,2026-07-01 06:03:36.123124+00:00,boundary,81,10,2,3,41,0,1,3,1,1,10,3,1,16,3.109,0.052
ses_20260701-055037-Marcos,2026-07-01 06:03:36.123907+00:00,boundary,81,10,2,3,41,0,1,3,1,1,10,3,1,16,3.109,0.052
ses_20260701-055037-Marcos,2026-07-01 06:04:03.376316+00:00,boundary,64,9,2,3,26,0,0,3,1,2,10,3,1,13,2.873,0.054
ses_20260701-055037-Marcos,2026-07-01 06:04:03.377371+00:00,boundary,64,9,2,3,26,0,0,3,1,2,10,3,1,13,2.873,0.054
ses_20260701-055037-Marcos,2026-07-01 06:04:40.842224+00:00,boundary,77,9,2,3,39,0,1,3,1,0,10,3,1,15,2.98,0.0515
ses_20260701-055037-Marcos,2026-07-01 06:04:40.843096+00:00,boundary,77,9,2,3,39,0,1,3,1,0,10,3,1,15,2.98,0.0515
ses_20260701-055037-Marcos,2026-07-01 06:05:04.894497+00:00,boundary,45,9,1,1,1,0,0,3,1,3,16,3,2,9,5.868,0.036500000000000005
ses_20260701-055037-Marcos,2026-07-01 06:05:29.303887+00:00,boundary,61,10,2,2,14,0,1,3,1,1,16,3,2,13,3.182,0.05
ses_20260701-055037-Marcos,2026-07-01 06:05:29.304800+00:00,boundary,61,10,2,2,14,0,1,3,1,1,16,3,2,13,3.182,0.05
ses_20260701-055037-Marcos,2026-07-01 06:05:55.556850+00:00,boundary,74,9,1,2,27,0,0,3,1,1,16,3,1,15,2.979,0.051
ses_20260701-055037-Marcos,2026-07-01 06:05:55.557714+00:00,boundary,74,9,1,2,27,0,0,3,1,1,16,3,1,15,2.979,0.051
ses_20260701-055037-Marcos,2026-07-01 06:07:06.474857+00:00,boundary,12,7,2,3,3,0,1,1,0,0,0,1,1,4,3.528,0.062
ses_20260701-055037-Marcos,2026-07-01 06:07:06.475599+00:00,boundary,12,7,2,3,3,0,1,1,0,0,0,1,1,4,3.528,0.062
ses_20260701-055037-Marcos,2026-07-01 06:08:17.669184+00:00,boundary,79,10,2,3,41,0,1,3,1,1,8,3,1,16,3.575,0.051
ses_20260701-055037-Marcos,2026-07-01 06:08:17.670124+00:00,boundary,79,10,2,3,41,0,1,3,1,1,8,3,1,16,3.575,0.051
ses_20260701-055037-Marcos,2026-07-01 06:09:08.768526+00:00,boundary,24,8,1,1,2,0,1,1,0,0,8,1,1,7,3.521,0.034
ses_20260701-055037-Marcos,2026-07-01 06:09:08.769593+00:00,boundary,24,8,1,1,2,0,1,1,0,0,8,1,1,7,3.521,0.034
ses_20260701-055037-Marcos,2026-07-01 06:09:31.452307+00:00,boundary,63,10,2,2,14,0,1,3,1,4,16,3,2,12,3.212,0.047
ses_20260701-055037-Marcos,2026-07-01 06:09:31.453601+00:00,boundary,63,10,2,2,14,0,1,3,1,4,16,3,2,12,3.212,0.047
ses_20260701-055037-Marcos,2026-07-01 06:09:54.523046+00:00,boundary,60,9,2,3,27,0,0,3,1,1,8,3,1,13,3.159,0.055
ses_20260701-055037-Marcos,2026-07-01 06:09:54.523945+00:00,boundary,60,9,2,3,27,0,0,3,1,1,8,3,1,13,3.159,0.055
ses_20260701-055037-Marcos,2026-07-01 06:12:41.804111+00:00,boundary,8,5,2,2,1,0,0,1,0,0,2,1,0,3,3.368,0.081
ses_20260701-055918-MSI,2026-07-01 06:00:29.516823+00:00,boundary,44,9,2,2,27,0,1,1,0,0,2,1,0,9,2.864,0.056
ses_20260701-055918-MSI,2026-07-01 06:01:10.281031+00:00,boundary,86,11,2,3,42,1,1,3,1,2,10,3,1,18,2.691,0.054
ses_20260701-055918-MSI,2026-07-01 06:01:10.282020+00:00,boundary,86,11,2,3,42,1,1,3,1,2,10,3,1,18,2.691,0.054
ses_20260701-055918-MSI,2026-07-01 06:01:33.116674+00:00,boundary,79,10,1,2,28,0,1,3,1,4,16,3,1,15,2.834,0.052
ses_20260701-055918-MSI,2026-07-01 06:01:33.117356+00:00,boundary,79,10,1,2,28,0,1,3,1,4,16,3,1,15,2.834,0.052
ses_20260701-055918-MSI,2026-07-01 06:01:56.800209+00:00,boundary,41,10,1,1,1,0,1,3,1,2,12,3,2,11,4.11,0.046
ses_20260701-055918-MSI,2026-07-01 06:01:56.800796+00:00,boundary,41,10,1,1,1,0,1,3,1,2,12,3,2,11,4.11,0.046
ses_20260701-055918-MSI,2026-07-01 06:02:40.068504+00:00,boundary,51,7,1,2,27,0,0,1,0,1,8,1,0,10,2.139,0.0505
ses_20260701-055918-MSI,2026-07-01 06:02:40.069135+00:00,boundary,51,7,1,2,27,0,0,1,0,1,8,1,0,10,2.139,0.0505
ses_20260701-055918-MSI,2026-07-01 06:03:09.014124+00:00,boundary,69,10,1,2,27,0,1,3,1,3,10,3,1,15,3.015,0.053
ses_20260701-055918-MSI,2026-07-01 06:03:10.454145+00:00,boundary,75,10,1,2,26,0,1,3,1,4,14,3,1,16,3.015,0.053
ses_20260701-055918-MSI,2026-07-01 06:03:39.153515+00:00,boundary,89,10,2,3,42,0,1,3,1,3,12,3,1,18,2.298,0.053
ses_20260701-055918-MSI,2026-07-01 06:03:39.154377+00:00,boundary,89,10,2,3,42,0,1,3,1,3,12,3,1,18,2.298,0.053
ses_20260701-055918-MSI,2026-07-01 06:04:02.863445+00:00,boundary,57,10,1,2,28,0,1,3,1,1,4,3,1,13,2.553,0.0535
ses_20260701-055918-MSI,2026-07-01 06:04:04.210973+00:00,boundary,57,10,1,2,28,0,1,3,1,1,4,3,1,13,2.553,0.0535
ses_20260701-055918-MSI,2026-07-01 06:04:42.678436+00:00,boundary,67,10,1,2,29,0,1,3,1,3,8,3,1,14,2.696,0.052
ses_20260701-055918-MSI,2026-07-01 06:04:42.679484+00:00,boundary,67,10,1,2,29,0,1,3,1,3,8,3,1,14,2.696,0.052
ses_20260701-055918-MSI,2026-07-01 06:05:21.651670+00:00,boundary,57,10,2,2,15,0,1,3,1,3,12,3,2,12,3.979,0.053
ses_20260701-055918-MSI,2026-07-01 06:05:21.652364+00:00,boundary,57,10,2,2,15,0,1,3,1,3,12,3,2,12,3.979,0.053
ses_20260701-055918-MSI,2026-07-01 06:05:48.210559+00:00,boundary,48,9,1,1,2,0,0,3,1,4,16,3,2,10,6.935,0.041
ses_20260701-055918-MSI,2026-07-01 06:06:13.288768+00:00,boundary,82,9,2,3,43,0,0,3,1,2,10,3,1,15,3.169,0.051
ses_20260701-055918-MSI,2026-07-01 06:06:13.289536+00:00,boundary,82,9,2,3,43,0,0,3,1,2,10,3,1,15,3.169,0.051
ses_20260701-055918-MSI,2026-07-01 06:06:37.161635+00:00,boundary,81,10,1,2,28,0,1,3,1,4,16,3,1,17,2.673,0.0525
ses_20260701-055918-MSI,2026-07-01 06:06:37.162262+00:00,boundary,81,10,1,2,28,0,1,3,1,4,16,3,1,17,2.673,0.0525
ses_20260701-055918-MSI,2026-07-01 06:07:07.219917+00:00,boundary,82,9,2,3,42,0,0,3,1,2,10,3,1,16,2.893,0.053
ses_20260701-055918-MSI,2026-07-01 06:07:07.220657+00:00,boundary,82,9,2,3,42,0,0,3,1,2,10,3,1,16,2.893,0.053
ses_20260701-055918-MSI,2026-07-01 06:07:43.804219+00:00,boundary,17,9,2,2,1,0,3,1,0,1,2,1,1,6,6.177,0.059
ses_20260701-055918-MSI,2026-07-01 06:07:43.804880+00:00,boundary,17,9,2,2,1,0,3,1,0,1,2,1,1,6,6.177,0.059
ses_20260701-055918-MSI,2026-07-01 06:08:20.994339+00:00,boundary,71,10,2,3,40,0,1,3,1,2,4,3,1,14,3.106,0.0485
ses_20260701-055918-MSI,2026-07-01 06:08:20.995065+00:00,boundary,71,10,2,3,40,0,1,3,1,2,4,3,1,14,3.106,0.0485
ses_20260701-055918-MSI,2026-07-01 06:09:13.314641+00:00,boundary,49,11,1,1,2,0,2,2,1,0,28,2,1,8,3.961,0.028
ses_20260701-055918-MSI,2026-07-01 06:09:13.315780+00:00,boundary,49,11,1,1,2,0,2,2,1,0,28,2,1,8,3.961,0.028
ses_20260701-055918-MSI,2026-07-01 06:09:45.003211+00:00,boundary,61,9,2,3,29,0,0,3,1,3,6,3,1,12,3.113,0.052
ses_20260701-055918-MSI,2026-07-01 06:09:45.003924+00:00,boundary,61,9,2,3,29,0,0,3,1,3,6,3,1,12,3.113,0.052
ses_20260701-055918-MSI,2026-07-01 06:11:43.269431+00:00,boundary,26,10,1,2,2,0,1,1,0,1,8,1,0,7,3.69,0.045
ses_20260701-055918-MSI,2026-07-01 06:11:43.270789+00:00,boundary,26,10,1,2,2,0,1,1,0,1,8,1,0,7,3.69,0.045
ses_20260701-055918-MSI,2026-07-01 06:12:18.047275+00:00,boundary,23,8,1,1,2,0,1,1,0,1,8,1,0,6,3.534,0.0325
ses_20260701-055918-MSI,2026-07-01 06:12:18.048115+00:00,boundary,23,8,1,1,2,0,1,1,0,1,8,1,0,6,3.534,0.0325
ses_20260701-055918-MSI,2026-07-01 06:12:46.898007+00:00,boundary,87,9,2,3,40,0,0,3,1,3,12,3,3,17,2.781,0.052
ses_20260701-055918-MSI,2026-07-01 06:12:46.898627+00:00,boundary,87,9,2,3,40,0,0,3,1,3,12,3,3,17,2.781,0.052
ses_20260701-055918-MSI,2026-07-01 06:13:15.318844+00:00,boundary,67,10,1,2,29,0,1,3,1,3,8,3,1,14,2.474,0.052
ses_20260701-055918-MSI,2026-07-01 06:13:15.319454+00:00,boundary,67,10,1,2,29,0,1,3,1,3,8,3,1,14,2.474,0.052
ses_20260701-055918-MSI,2026-07-01 06:13:57.629523+00:00,boundary,45,9,2,2,15,0,0,3,1,2,6,3,2,10,7.001,0.0495
ses_20260701-055918-MSI,2026-07-01 06:14:46.802828+00:00,boundary,54,7,1,2,29,0,0,1,0,1,8,1,0,11,2.691,0.052
ses_20260701-055918-MSI,2026-07-01 06:14:46.803452+00:00,boundary,54,7,1,2,29,0,0,1,0,1,8,1,0,11,2.691,0.052
ses_20260701-055918-MSI,2026-07-01 06:15:16.902065+00:00,boundary,69,9,2,3,44,0,0,3,1,1,2,3,1,13,3.189,0.0535
ses_20260701-055918-MSI,2026-07-01 06:15:16.903005+00:00,boundary,69,9,2,3,44,0,0,3,1,1,2,3,1,13,3.189,0.0535
ses_20260701-055918-MSI,2026-07-01 06:17:19.417310+00:00,boundary,43,4,2,2,32,0,0,1,0,0,0,1,0,9,2.646,0.0545
ses_20260701-055918-MSI,2026-07-01 06:17:19.418022+00:00,boundary,43,4,2,2,32,0,0,1,0,0,0,1,0,9,2.646,0.0545
ses_20260701-055918-MSI,2026-07-01 06:17:57.436765+00:00,boundary,81,10,1,2,29,0,1,3,1,4,16,3,1,16,2.783,0.0525
ses_20260701-055918-MSI,2026-07-01 06:17:57.437795+00:00,boundary,81,10,1,2,29,0,1,3,1,4,16,3,1,16,2.783,0.0525
ses_20260701-055918-MSI,2026-07-01 06:18:23.225932+00:00,boundary,49,10,2,2,16,0,1,3,1,3,6,3,2,11,3.305,0.0525
ses_20260701-055918-MSI,2026-07-01 06:18:23.226762+00:00,boundary,49,10,2,2,16,0,1,3,1,3,6,3,2,11,3.305,0.0525
ses_20260701-055918-MSI,2026-07-01 06:18:56.327037+00:00,boundary,90,10,2,3,41,0,1,3,1,4,14,3,1,16,2.798,0.051
ses_20260701-055918-MSI,2026-07-01 06:18:56.327939+00:00,boundary,90,10,2,3,41,0,1,3,1,4,14,3,1,16,2.798,0.051
ses_20260701-055918-MSI,2026-07-01 06:19:26.573028+00:00,boundary,66,10,1,2,28,0,1,3,1,3,8,3,1,14,2.724,0.053
ses_20260701-055918-MSI,2026-07-01 06:19:26.573884+00:00,boundary,66,10,1,2,28,0,1,3,1,3,8,3,1,14,2.724,0.053
ses_20260701-055918-MSI,2026-07-01 06:20:03.694176+00:00,boundary,88,10,2,3,42,0,1,3,1,2,12,3,1,18,2.578,0.053
ses_20260701-055918-MSI,2026-07-01 06:20:03.694799+00:00,boundary,88,10,2,3,42,0,1,3,1,2,12,3,1,18,2.578,0.053
ses_20260701-055918-MSI,2026-07-01 06:20:25.451803+00:00,boundary,37,9,1,1,1,0,0,3,1,2,12,3,2,9,7.299,0.0435
ses_20260701-055918-MSI,2026-07-01 06:20:52.652664+00:00,boundary,41,10,2,2,2,0,1,3,1,4,10,3,2,10,3.762,0.051000000000000004
ses_20260701-055918-MSI,2026-07-01 06:20:52.653709+00:00,boundary,41,10,2,2,2,0,1,3,1,4,10,3,2,10,3.762,0.051000000000000004
ses_20260701-062250-Marcos,2026-07-01 06:23:38.452907+00:00,boundary,53,7,2,2,28,0,1,1,0,0,8,1,0,11,2.743,0.051
ses_20260701-062250-Marcos,2026-07-01 06:24:04.632873+00:00,boundary,53,11,2,3,25,0,1,3,1,1,4,3,1,11,3.911,0.053
ses_20260701-062250-Marcos,2026-07-01 06:24:04.633712+00:00,boundary,53,11,2,3,25,0,1,3,1,1,4,3,1,11,3.911,0.053
ses_20260701-062250-Marcos,2026-07-01 06:24:40.482200+00:00,boundary,86,11,3,4,41,0,1,3,1,3,10,3,1,17,3.104,0.054
ses_20260701-062250-Marcos,2026-07-01 06:24:40.484001+00:00,boundary,86,11,3,4,41,0,1,3,1,3,10,3,1,17,3.104,0.054
ses_20260701-062250-Marcos,2026-07-01 06:25:21.604176+00:00,boundary,50,10,2,2,13,0,1,3,1,2,10,3,2,11,3.777,0.058
ses_20260701-062250-Marcos,2026-07-01 06:25:21.604982+00:00,boundary,50,10,2,2,13,0,1,3,1,2,10,3,2,11,3.777,0.058
ses_20260701-062250-Marcos,2026-07-01 06:25:49.932417+00:00,boundary,72,10,1,2,26,0,1,3,1,3,14,3,1,14,3.273,0.054
ses_20260701-062250-Marcos,2026-07-01 06:25:49.933207+00:00,boundary,72,10,1,2,26,0,1,3,1,3,14,3,1,14,3.273,0.054
ses_20260701-062250-Marcos,2026-07-01 06:26:15.314150+00:00,boundary,40,10,1,1,1,0,1,3,1,2,12,3,2,10,3.988,0.063
ses_20260701-062250-Marcos,2026-07-01 06:26:15.315223+00:00,boundary,40,10,1,1,1,0,1,3,1,2,12,3,2,10,3.988,0.063
ses_20260701-062250-Marcos,2026-07-01 06:26:38.439543+00:00,boundary,55,9,2,2,14,0,0,3,1,2,12,3,2,13,5.972,0.0535
ses_20260701-062250-Marcos,2026-07-01 06:27:06.259004+00:00,boundary,67,10,1,2,26,0,1,3,1,2,12,3,1,13,3.368,0.0385
ses_20260701-062250-Marcos,2026-07-01 06:27:06.259796+00:00,boundary,67,10,1,2,26,0,1,3,1,2,12,3,1,13,3.368,0.0385
ses_20260701-062250-Marcos,2026-07-01 06:27:31.248637+00:00,boundary,38,9,1,1,1,0,1,3,1,0,12,3,2,10,3.865,0.04
ses_20260701-062250-Marcos,2026-07-01 06:27:31.249611+00:00,boundary,38,9,1,1,1,0,1,3,1,0,12,3,2,10,3.865,0.04
ses_20260701-062250-Marcos,2026-07-01 06:27:59.634633+00:00,boundary,63,8,2,3,40,0,0,3,1,0,2,3,1,12,2.825,0.041999999999999996
ses_20260701-062250-Marcos,2026-07-01 06:27:59.635915+00:00,boundary,63,8,2,3,40,0,0,3,1,0,2,3,1,12,2.825,0.041999999999999996
ses_20260701-062250-Marcos,2026-07-01 06:28:40.101196+00:00,boundary,60,10,2,3,26,0,1,3,1,1,8,3,1,12,4.086,0.055
ses_20260701-062250-Marcos,2026-07-01 06:28:40.102591+00:00,boundary,60,10,2,3,26,0,1,3,1,1,8,3,1,12,4.086,0.055
ses_20260701-062250-Marcos,2026-07-01 06:29:40.631953+00:00,boundary,78,10,2,3,40,0,1,3,1,1,8,3,1,16,3.253,0.048
ses_20260701-062250-Marcos,2026-07-01 06:29:40.633102+00:00,boundary,78,10,2,3,40,0,1,3,1,1,8,3,1,16,3.253,0.048
ses_20260701-062250-Marcos,2026-07-01 06:30:08.162386+00:00,boundary,52,11,1,1,2,0,1,3,1,4,16,3,2,12,3.286,0.056
ses_20260701-062250-Marcos,2026-07-01 06:30:09.321851+00:00,boundary,52,11,1,1,2,0,1,3,1,4,16,3,2,12,3.286,0.056
ses_20260701-062250-Marcos,2026-07-01 06:30:33.669012+00:00,boundary,85,10,2,3,40,0,1,3,1,2,12,3,1,17,2.659,0.0535
ses_20260701-062250-Marcos,2026-07-01 06:30:33.669961+00:00,boundary,85,10,2,3,40,0,1,3,1,2,12,3,1,17,2.659,0.0535
ses_20260701-062250-Marcos,2026-07-01 06:30:53.840394+00:00,boundary,37,9,1,1,1,0,1,3,1,0,12,3,2,10,3.512,0.0385
ses_20260701-062250-Marcos,2026-07-01 06:30:53.841110+00:00,boundary,37,9,1,1,1,0,1,3,1,0,12,3,2,10,3.512,0.0385
ses_20260701-062250-Marcos,2026-07-01 06:31:16.200285+00:00,boundary,76,11,1,2,26,0,1,3,1,2,16,3,1,15,2.948,0.046
ses_20260701-062250-Marcos,2026-07-01 06:31:16.201542+00:00,boundary,76,11,1,2,26,0,1,3,1,2,16,3,1,15,2.948,0.046
ses_20260701-062250-Marcos,2026-07-01 06:31:39.112136+00:00,boundary,76,10,1,2,26,0,1,3,1,2,16,3,1,17,2.423,0.047
ses_20260701-062250-Marcos,2026-07-01 06:31:40.478296+00:00,boundary,69,10,1,2,26,0,1,3,1,2,12,3,1,15,2.423,0.0465
ses_20260701-062250-Marcos,2026-07-01 06:32:00.013983+00:00,boundary,37,9,1,1,1,0,0,3,1,1,12,3,2,10,6.506,0.054
ses_20260701-062250-Marcos,2026-07-01 06:32:29.760404+00:00,boundary,73,10,2,3,38,0,1,3,1,1,8,3,1,13,3.278,0.043
ses_20260701-062250-Marcos,2026-07-01 06:32:29.761210+00:00,boundary,73,10,2,3,38,0,1,3,1,1,8,3,1,13,3.278,0.043
ses_20260701-062250-Marcos,2026-07-01 06:32:55.680787+00:00,boundary,54,10,1,2,26,0,1,3,1,1,4,3,1,12,3.41,0.052
ses_20260701-062250-Marcos,2026-07-01 06:32:55.681838+00:00,boundary,54,10,1,2,26,0,1,3,1,1,4,3,1,12,3.41,0.052
ses_20260701-062250-Marcos,2026-07-01 06:33:59.673972+00:00,boundary,60,11,2,2,15,1,1,3,1,2,14,3,2,12,3.654,0.043
ses_20260701-062250-Marcos,2026-07-01 06:33:59.675226+00:00,boundary,60,11,2,2,15,1,1,3,1,2,14,3,2,12,3.654,0.043
ses_20260701-062250-Marcos,2026-07-01 06:34:38.312143+00:00,boundary,22,8,1,1,2,0,0,1,0,1,8,1,1,5,5.821,0.061
ses_20260701-062250-Marcos,2026-07-01 06:35:07.526462+00:00,boundary,70,10,2,3,39,0,1,3,1,1,4,3,1,15,3.788,0.054
ses_20260701-062250-Marcos,2026-07-01 06:35:07.527566+00:00,boundary,70,10,2,3,39,0,1,3,1,1,4,3,1,15,3.788,0.054
ses_20260701-062250-Marcos,2026-07-01 06:35:43.526210+00:00,boundary,57,10,2,2,13,0,1,3,1,2,14,3,2,12,3.669,0.0515
ses_20260701-062250-Marcos,2026-07-01 06:35:43.527067+00:00,boundary,57,10,2,2,13,0,1,3,1,2,14,3,2,12,3.669,0.0515
ses_20260701-062250-Marcos,2026-07-01 06:36:02.561723+00:00,boundary,33,11,2,2,3,1,1,3,1,1,6,3,3,9,3.842,0.040999999999999995
ses_20260701-062250-Marcos,2026-07-01 06:36:02.562623+00:00,boundary,33,11,2,2,3,1,1,3,1,1,6,3,3,9,3.842,0.040999999999999995
ses_20260701-062250-Marcos,2026-07-01 06:36:42.623618+00:00,boundary,51,10,2,2,15,0,1,3,1,1,10,3,2,11,3.626,0.0485
ses_20260701-062250-Marcos,2026-07-01 06:36:42.624364+00:00,boundary,52,10,2,2,15,0,1,3,1,1,11,3,2,11,3.626,0.049
ses_20260701-062250-Marcos,2026-07-01 06:37:09.205337+00:00,boundary,70,9,2,3,38,0,0,3,1,1,6,3,1,14,2.462,0.056
ses_20260701-062250-Marcos,2026-07-01 06:37:09.206274+00:00,boundary,70,9,2,3,38,0,0,3,1,1,6,3,1,14,2.462,0.056
ses_20260701-062250-Marcos,2026-07-01 06:37:46.852054+00:00,boundary,66,10,2,3,27,0,1,3,1,1,10,3,1,14,2.833,0.055
ses_20260701-062250-Marcos,2026-07-01 06:37:46.853243+00:00,boundary,66,10,2,3,27,0,1,3,1,1,10,3,1,14,2.833,0.055
ses_20260701-062250-Marcos,2026-07-01 06:38:28.391882+00:00,boundary,71,10,3,4,41,0,1,3,1,1,4,3,1,15,2.685,0.055
ses_20260701-062250-Marcos,2026-07-01 06:38:28.392851+00:00,boundary,71,10,3,4,41,0,1,3,1,1,4,3,1,15,2.685,0.055
ses_20260701-062250-Marcos,2026-07-01 06:39:33.188121+00:00,boundary,59,10,2,2,15,0,1,3,1,3,14,3,2,11,3.353,0.0505
ses_20260701-062250-Marcos,2026-07-01 06:39:33.189140+00:00,boundary,59,10,2,2,15,0,1,3,1,3,14,3,2,11,3.353,0.0505
ses_20260701-062250-Marcos,2026-07-01 06:39:56.902695+00:00,boundary,49,10,1,2,26,0,1,3,1,1,2,3,1,10,3.724,0.0555
ses_20260701-062250-Marcos,2026-07-01 06:39:56.903480+00:00,boundary,49,10,1,2,26,0,1,3,1,1,2,3,1,10,3.724,0.0555
ses_20260701-062250-Marcos,2026-07-01 06:42:14.246165+00:00,boundary,13,6,1,1,1,0,0,1,0,0,4,1,0,4,2.752,0.0205
ses_20260701-062250-Marcos,2026-07-01 06:42:48.035329+00:00,boundary,61,8,2,3,38,0,0,3,1,0,2,3,1,12,3.012,0.0525
ses_20260701-062250-Marcos,2026-07-01 06:42:48.036289+00:00,boundary,61,8,2,3,38,0,0,3,1,0,2,3,1,12,3.012,0.0525
ses_20260701-062250-Marcos,2026-07-01 06:43:28.478272+00:00,boundary,93,10,2,3,41,0,1,3,1,2,16,3,1,18,2.098,0.0545
ses_20260701-062250-Marcos,2026-07-01 06:43:28.479610+00:00,boundary,93,10,2,3,41,0,1,3,1,2,16,3,1,18,2.098,0.0545
ses_20260701-062732-MSI,2026-07-01 06:28:55.385474+00:00,boundary,51,7,2,2,27,0,1,1,0,0,8,1,0,10,2.646,0.0535
ses_20260701-062732-MSI,2026-07-01 06:29:20.657145+00:00,boundary,77,10,1,2,27,0,1,3,1,4,16,3,1,14,2.846,0.0505
ses_20260701-062732-MSI,2026-07-01 06:29:20.657988+00:00,boundary,77,10,1,2,27,0,1,3,1,4,16,3,1,14,2.846,0.0505
ses_20260701-062732-MSI,2026-07-01 06:29:49.456702+00:00,boundary,58,11,2,3,15,1,1,3,1,3,12,3,2,12,3.737,0.051
ses_20260701-062732-MSI,2026-07-01 06:29:49.457249+00:00,boundary,58,11,2,3,15,1,1,3,1,3,12,3,2,12,3.737,0.051
ses_20260701-062732-MSI,2026-07-01 06:30:29.239429+00:00,boundary,58,8,2,2,31,0,0,1,0,1,8,1,0,12,1.88,0.055
ses_20260701-062732-MSI,2026-07-01 06:30:29.240196+00:00,boundary,58,8,2,2,31,0,0,1,0,1,8,1,0,12,1.88,0.055
ses_20260701-062732-MSI,2026-07-01 06:30:55.698096+00:00,boundary,77,9,1,2,29,0,0,3,1,4,14,3,1,15,2.857,0.05
ses_20260701-062732-MSI,2026-07-01 06:30:57.188196+00:00,boundary,78,9,1,2,28,0,0,3,1,4,16,3,1,15,2.857,0.05
ses_20260701-062732-MSI,2026-07-01 06:31:16.348299+00:00,boundary,30,10,2,2,1,0,1,3,1,2,6,3,2,9,3.713,0.052
ses_20260701-062732-MSI,2026-07-01 06:31:17.479284+00:00,boundary,30,10,2,2,1,0,1,3,1,2,6,3,2,9,3.713,0.052
ses_20260701-062732-MSI,2026-07-01 06:31:50.049930+00:00,boundary,52,10,2,2,15,0,1,3,1,2,10,3,2,11,4.216,0.052
ses_20260701-062732-MSI,2026-07-01 06:31:50.050921+00:00,boundary,52,10,2,2,15,0,1,3,1,2,10,3,2,11,4.216,0.052
ses_20260701-062732-MSI,2026-07-01 06:32:17.934441+00:00,boundary,40,10,1,1,2,0,1,3,1,3,10,3,2,10,3.791,0.064
ses_20260701-062732-MSI,2026-07-01 06:32:17.935772+00:00,boundary,40,10,1,1,2,0,1,3,1,3,10,3,2,10,3.791,0.064
ses_20260701-062732-MSI,2026-07-01 06:32:55.819322+00:00,boundary,53,10,2,2,14,0,1,3,1,2,10,3,2,13,4.176,0.0595
ses_20260701-062732-MSI,2026-07-01 06:32:55.820024+00:00,boundary,53,10,2,2,14,0,1,3,1,2,10,3,2,13,4.176,0.0595
ses_20260701-062732-MSI,2026-07-01 06:33:23.993157+00:00,boundary,79,9,1,2,28,0,0,3,1,4,16,3,1,16,2.603,0.052
ses_20260701-062732-MSI,2026-07-01 06:33:23.994000+00:00,boundary,79,9,1,2,28,0,0,3,1,4,16,3,1,16,2.603,0.052
ses_20260701-062732-MSI,2026-07-01 06:33:53.854256+00:00,boundary,52,9,2,2,15,0,0,3,1,2,10,3,2,12,5.839,0.05
ses_20260701-062732-MSI,2026-07-01 06:34:16.485666+00:00,boundary,65,10,1,2,23,0,1,3,1,4,10,3,1,14,3.263,0.0545
ses_20260701-062732-MSI,2026-07-01 06:34:16.486324+00:00,boundary,65,10,1,2,23,0,1,3,1,4,10,3,1,14,3.263,0.0545
ses_20260701-062732-MSI,2026-07-01 06:34:52.571803+00:00,boundary,56,10,2,2,14,0,1,3,1,3,12,3,2,12,3.494,0.046
ses_20260701-062732-MSI,2026-07-01 06:34:52.572493+00:00,boundary,56,10,2,2,14,0,1,3,1,3,12,3,2,12,3.494,0.046
ses_20260701-062732-MSI,2026-07-01 06:35:21.249829+00:00,boundary,48,10,1,1,1,0,1,3,1,4,16,3,2,10,4.338,0.031
ses_20260701-062732-MSI,2026-07-01 06:35:21.250692+00:00,boundary,48,10,1,1,1,0,1,3,1,4,16,3,2,10,4.338,0.031
ses_20260701-062732-MSI,2026-07-01 06:36:57.860594+00:00,boundary,26,10,1,1,2,0,1,1,0,1,8,1,0,7,3.835,0.038
ses_20260701-062732-MSI,2026-07-01 06:36:57.863051+00:00,boundary,26,10,1,1,2,0,1,1,0,1,8,1,0,7,3.835,0.038
ses_20260701-062732-MSI,2026-07-01 06:37:25.812887+00:00,boundary,82,9,2,3,42,0,0,3,1,2,10,3,1,16,2.784,0.053
ses_20260701-062732-MSI,2026-07-01 06:37:25.813487+00:00,boundary,82,9,2,3,42,0,0,3,1,2,10,3,1,16,2.784,0.053
ses_20260701-062732-MSI,2026-07-01 06:37:52.867886+00:00,boundary,67,10,1,2,26,0,1,3,1,4,10,3,1,13,4.097,0.0525
ses_20260701-062732-MSI,2026-07-01 06:37:52.868632+00:00,boundary,67,10,1,2,26,0,1,3,1,4,10,3,1,13,4.097,0.0525
ses_20260701-062732-MSI,2026-07-01 06:38:28.210998+00:00,boundary,37,9,2,2,1,0,0,3,1,4,10,3,2,8,6.813,0.0405
ses_20260701-062732-MSI,2026-07-01 06:39:07.836093+00:00,boundary,74,11,2,3,41,1,1,3,1,2,4,3,1,15,2.577,0.054
ses_20260701-062732-MSI,2026-07-01 06:39:07.836786+00:00,boundary,74,11,2,3,41,1,1,3,1,2,4,3,1,15,2.577,0.054
ses_20260701-062732-MSI,2026-07-01 06:39:47.845480+00:00,boundary,38,9,1,1,2,0,0,3,1,3,10,3,2,9,5.876,0.054
ses_20260701-062732-MSI,2026-07-01 06:40:22.379763+00:00,boundary,38,9,2,2,14,0,0,3,1,1,4,3,1,9,6.821,0.052
ses_20260701-062732-MSI,2026-07-01 06:41:02.339421+00:00,boundary,50,10,1,1,1,0,1,3,1,4,16,3,2,12,3.976,0.06
ses_20260701-062732-MSI,2026-07-01 06:41:02.340105+00:00,boundary,50,10,1,1,1,0,1,3,1,4,16,3,2,12,3.976,0.06
ses_20260701-062732-MSI,2026-07-01 06:41:30.326298+00:00,boundary,82,10,2,3,41,0,1,3,1,2,10,3,1,16,2.873,0.053
ses_20260701-062732-MSI,2026-07-01 06:41:30.327848+00:00,boundary,82,10,2,3,41,0,1,3,1,2,10,3,1,16,2.873,0.053
ses_20260701-062732-MSI,2026-07-01 06:42:00.515980+00:00,boundary,68,10,2,3,29,0,1,3,1,4,8,3,1,14,3.602,0.054
ses_20260701-062732-MSI,2026-07-01 06:42:00.516709+00:00,boundary,68,10,2,3,29,0,1,3,1,4,8,3,1,14,3.602,0.054
ses_20260701-062732-MSI,2026-07-01 06:42:34.289042+00:00,boundary,57,11,2,2,15,1,1,3,1,2,12,3,2,12,3.714,0.052
ses_20260701-062732-MSI,2026-07-01 06:42:34.289873+00:00,boundary,57,11,2,2,15,1,1,3,1,2,12,3,2,12,3.714,0.052
ses_20260701-062732-MSI,2026-07-01 06:42:58.014668+00:00,boundary,56,10,1,2,27,0,1,3,1,2,4,3,1,12,3.284,0.053
ses_20260701-062732-MSI,2026-07-01 06:42:58.015584+00:00,boundary,56,10,1,2,27,0,1,3,1,2,4,3,1,12,3.284,0.053
ses_20260701-062732-MSI,2026-07-01 06:44:52.929523+00:00,boundary,44,6,2,2,30,0,0,1,0,0,2,1,0,9,2.602,0.054
ses_20260701-062732-MSI,2026-07-01 06:45:45.815888+00:00,boundary,59,11,1,1,2,0,2,2,0,1,34,2,1,10,3.366,0.0335
ses_20260701-062732-MSI,2026-07-01 06:45:45.816621+00:00,boundary,59,11,1,1,2,0,2,2,0,1,34,2,1,10,3.366,0.0335
ses_20260701-062732-MSI,2026-07-01 06:46:15.667073+00:00,boundary,39,10,1,1,1,0,1,3,1,3,10,3,2,10,3.587,0.0535
ses_20260701-062732-MSI,2026-07-01 06:46:15.667906+00:00,boundary,39,10,1,1,1,0,1,3,1,3,10,3,2,10,3.587,0.0535
ses_20260701-062732-MSI,2026-07-01 06:46:51.776323+00:00,boundary,44,9,2,2,15,0,0,3,1,1,6,3,2,10,6.492,0.057
ses_20260701-062732-MSI,2026-07-01 06:47:23.014277+00:00,boundary,39,10,2,2,1,0,1,3,1,4,10,3,2,9,4.381,0.055
ses_20260701-062732-MSI,2026-07-01 06:47:23.015042+00:00,boundary,39,10,2,2,1,0,1,3,1,4,10,3,2,9,4.381,0.055
ses_20260701-062732-MSI,2026-07-01 06:47:55.875604+00:00,boundary,66,11,2,2,15,1,1,3,1,4,16,3,2,13,3.315,0.044
ses_20260701-062732-MSI,2026-07-01 06:47:55.877040+00:00,boundary,66,11,2,2,15,1,1,3,1,4,16,3,2,13,3.315,0.044
ses_20260701-062732-MSI,2026-07-01 06:48:21.716948+00:00,boundary,77,9,1,2,27,0,0,3,1,4,16,3,1,15,3.024,0.051
ses_20260701-062732-MSI,2026-07-01 06:48:21.717707+00:00,boundary,77,9,1,2,27,0,0,3,1,4,16,3,1,15,3.024,0.051
ses_20260701-063106-LAPTOP-R36BQBTE,2026-07-01 06:32:19.255524+00:00,boundary,48,5,2,2,26,0,0,0,0,0,8,1,0,10,2.267,0.049
ses_20260701-063106-LAPTOP-R36BQBTE,2026-07-01 06:32:41.417938+00:00,boundary,27,7,3,4,7,0,0,0,0,1,6,3,0,6,3.569,0.0635
ses_20260701-063106-LAPTOP-R36BQBTE,2026-07-01 06:32:41.423510+00:00,boundary,27,7,3,4,7,0,0,0,0,1,6,3,0,6,3.569,0.0635
ses_20260701-063106-LAPTOP-R36BQBTE,2026-07-01 06:33:20.238950+00:00,boundary,73,6,2,3,41,0,0,0,0,1,10,3,0,14,2.978,0.049
ses_20260701-063106-LAPTOP-R36BQBTE,2026-07-01 06:33:20.241504+00:00,boundary,73,6,2,3,41,0,0,0,0,1,10,3,0,14,2.978,0.049
ses_20260701-063106-LAPTOP-R36BQBTE,2026-07-01 06:33:43.422927+00:00,boundary,27,5,1,1,1,0,0,0,0,0,12,3,0,6,6.07,0.0565
ses_20260701-063106-LAPTOP-R36BQBTE,2026-07-01 06:33:43.424983+00:00,boundary,27,5,1,1,1,0,0,0,0,0,12,3,0,6,6.07,0.0565
ses_20260701-063106-LAPTOP-R36BQBTE,2026-07-01 06:35:14.437492+00:00,boundary,44,5,1,2,27,0,0,0,0,0,8,1,0,5,1.973,0.016
ses_20260701-063106-LAPTOP-R36BQBTE,2026-07-01 06:35:14.441129+00:00,boundary,44,5,1,2,27,0,0,0,0,0,8,1,0,5,1.973,0.016
ses_20260701-063106-LAPTOP-R36BQBTE,2026-07-01 06:35:38.831069+00:00,boundary,17,5,1,1,1,0,0,0,0,0,6,3,0,4,5.799,0.0865
ses_20260701-063106-LAPTOP-R36BQBTE,2026-07-01 06:35:38.833125+00:00,boundary,17,5,1,1,1,0,0,0,0,0,6,3,0,4,5.799,0.0865
ses_20260701-063106-LAPTOP-R36BQBTE,2026-07-01 06:36:13.296622+00:00,boundary,64,5,1,2,27,0,0,0,0,0,16,3,0,11,3.009,0.051
ses_20260701-063106-LAPTOP-R36BQBTE,2026-07-01 06:36:13.299765+00:00,boundary,64,5,1,2,27,0,0,0,0,0,16,3,0,11,3.009,0.051
ses_20260701-063106-LAPTOP-R36BQBTE,2026-07-01 06:36:37.576974+00:00,boundary,24,6,1,1,1,0,0,0,0,0,10,2,1,5,2.429,0.06
ses_20260701-063106-LAPTOP-R36BQBTE,2026-07-01 06:37:15.450581+00:00,boundary,5,4,2,4,2,0,0,0,0,0,0,1,0,1,4.197,0.41050000000000003
ses_20260701-063106-LAPTOP-R36BQBTE,2026-07-01 06:38:16.700781+00:00,boundary,27,5,3,3,14,0,0,0,0,0,4,3,0,5,6.777,0.0365
ses_20260701-063106-LAPTOP-R36BQBTE,2026-07-01 06:39:27.330205+00:00,boundary,30,5,2,2,15,0,0,0,0,0,4,3,0,7,6.289,0.057
ses_20260701-063106-LAPTOP-R36BQBTE,2026-07-01 06:40:26.812483+00:00,boundary,81,6,2,3,41,0,0,0,0,4,14,3,0,13,2.967,0.051
ses_20260701-063106-LAPTOP-R36BQBTE,2026-07-01 06:40:26.815562+00:00,boundary,81,6,2,3,41,0,0,0,0,4,14,3,0,13,2.967,0.051
ses_20260701-063106-LAPTOP-R36BQBTE,2026-07-01 06:40:49.911042+00:00,boundary,49,6,1,2,26,0,0,0,0,0,6,3,1,10,3.127,0.054
ses_20260701-063106-LAPTOP-R36BQBTE,2026-07-01 06:40:52.220233+00:00,boundary,60,7,1,2,26,0,0,0,0,1,12,3,1,12,3.127,0.054
ses_20260701-063106-LAPTOP-R36BQBTE,2026-07-01 06:41:48.470452+00:00,boundary,42,6,1,2,29,0,0,0,0,1,2,1,0,8,2.475,0.053
ses_20260701-063106-LAPTOP-R36BQBTE,2026-07-01 06:41:48.473484+00:00,boundary,42,6,1,2,29,0,0,0,0,1,2,1,0,8,2.475,0.053
ses_20260701-063106-LAPTOP-R36BQBTE,2026-07-01 06:42:24.304948+00:00,boundary,86,7,2,3,41,0,0,0,0,3,16,3,1,15,2.302,0.048
ses_20260701-063106-LAPTOP-R36BQBTE,2026-07-01 06:42:24.308541+00:00,boundary,86,7,2,3,41,0,0,0,0,3,16,3,1,15,2.302,0.048
ses_20260701-063106-LAPTOP-R36BQBTE,2026-07-01 06:43:25.398257+00:00,boundary,50,6,1,2,27,0,0,0,0,1,8,1,0,10,2.644,0.05
ses_20260701-063106-LAPTOP-R36BQBTE,2026-07-01 06:43:25.401288+00:00,boundary,50,6,1,2,27,0,0,0,0,1,8,1,0,10,2.644,0.05
ses_20260701-063106-LAPTOP-R36BQBTE,2026-07-01 06:43:55.385865+00:00,boundary,58,6,1,2,28,0,0,0,0,0,12,2,1,11,2.963,0.051
ses_20260701-063106-LAPTOP-R36BQBTE,2026-07-01 06:43:55.387409+00:00,boundary,58,6,1,2,28,0,0,0,0,0,12,2,1,11,2.963,0.051
ses_20260701-063106-LAPTOP-R36BQBTE,2026-07-01 06:45:09.163132+00:00,boundary,51,5,1,2,30,0,0,0,0,0,6,1,0,11,6.174,0.053
ses_20260701-063106-LAPTOP-R36BQBTE,2026-07-01 06:45:09.165675+00:00,boundary,51,5,1,2,30,0,0,0,0,0,6,1,0,11,6.174,0.053
ses_20260701-063106-LAPTOP-R36BQBTE,2026-07-01 06:45:45.017492+00:00,boundary,35,5,1,2,24,0,0,0,0,0,2,1,0,7,2.865,0.0505
ses_20260701-063106-LAPTOP-R36BQBTE,2026-07-01 06:45:45.019921+00:00,boundary,35,5,1,2,24,0,0,0,0,0,2,1,0,7,2.865,0.0505
ses_20260701-063106-LAPTOP-R36BQBTE,2026-07-01 06:46:25.415377+00:00,boundary,74,6,2,3,42,0,0,0,0,2,10,3,0,13,2.925,0.053
ses_20260701-063106-LAPTOP-R36BQBTE,2026-07-01 06:46:25.417908+00:00,boundary,74,6,2,3,42,0,0,0,0,2,10,3,0,13,2.925,0.053
ses_20260701-063106-LAPTOP-R36BQBTE,2026-07-01 06:46:44.435656+00:00,boundary,56,5,1,2,27,0,0,0,0,0,12,3,0,10,2.935,0.044
ses_20260701-063106-LAPTOP-R36BQBTE,2026-07-01 06:46:44.438189+00:00,boundary,56,5,1,2,27,0,0,0,0,0,12,3,0,10,2.935,0.044
ses_20260701-063106-LAPTOP-R36BQBTE,2026-07-01 06:47:13.784550+00:00,boundary,64,7,1,2,28,0,0,0,0,1,14,3,1,11,3.313,0.054
ses_20260701-063106-LAPTOP-R36BQBTE,2026-07-01 06:47:13.788114+00:00,boundary,64,7,1,2,28,0,0,0,0,1,14,3,1,11,3.313,0.054
ses_20260701-063106-LAPTOP-R36BQBTE,2026-07-01 06:47:43.391357+00:00,boundary,37,7,1,1,1,0,0,0,0,1,16,3,2,7,5.82,0.0665
ses_20260701-063106-LAPTOP-R36BQBTE,2026-07-01 06:48:06.557581+00:00,boundary,56,6,1,2,27,0,0,0,0,0,10,3,1,10,3.342,0.052
ses_20260701-063106-LAPTOP-R36BQBTE,2026-07-01 06:48:06.561185+00:00,boundary,56,6,1,2,27,0,0,0,0,0,10,3,1,10,3.342,0.052
ses_20260701-063106-LAPTOP-R36BQBTE,2026-07-01 06:48:48.296137+00:00,boundary,76,6,2,3,41,0,0,0,0,0,12,3,1,14,2.956,0.051
ses_20260701-063106-LAPTOP-R36BQBTE,2026-07-01 06:48:48.297668+00:00,boundary,76,6,2,3,41,0,0,0,0,0,12,3,1,14,2.956,0.051
ses_20260701-063106-LAPTOP-R36BQBTE,2026-07-01 06:49:11.413937+00:00,boundary,38,6,1,1,2,0,0,0,0,0,16,3,2,8,6.164,0.039
ses_20260701-063106-LAPTOP-R36BQBTE,2026-07-01 06:49:39.002970+00:00,boundary,57,6,1,2,28,0,0,0,0,0,10,3,1,11,3.55,0.049
ses_20260701-063106-LAPTOP-R36BQBTE,2026-07-01 06:49:39.006059+00:00,boundary,57,6,1,2,28,0,0,0,0,0,10,3,1,11,3.55,0.049
ses_20260701-063106-LAPTOP-R36BQBTE,2026-07-01 06:50:03.984236+00:00,boundary,36,6,1,1,2,0,0,0,0,1,16,3,0,7,7.119,0.054
ses_20260701-063106-LAPTOP-R36BQBTE,2026-07-01 06:50:32.136214+00:00,boundary,57,6,1,2,28,0,0,0,0,1,10,3,0,10,3.288,0.054
ses_20260701-063106-LAPTOP-R36BQBTE,2026-07-01 06:50:32.139273+00:00,boundary,57,6,1,2,28,0,0,0,0,1,10,3,0,10,3.288,0.054
ses_20260701-065151-CHAITANYA0BCF,2026-07-01 06:52:45.528928+00:00,boundary,52,7,2,2,27,0,1,1,0,0,8,1,0,11,2.239,0.049
ses_20260701-065151-CHAITANYA0BCF,2026-07-01 06:53:10.567260+00:00,boundary,58,11,2,4,28,0,1,3,1,1,4,3,1,13,3.575,0.052
ses_20260701-065151-CHAITANYA0BCF,2026-07-01 06:55:19.364882+00:00,boundary,55,8,1,2,29,0,1,1,0,1,8,1,0,11,2.379,0.049
ses_20260701-065151-CHAITANYA0BCF,2026-07-01 06:55:19.365933+00:00,boundary,55,8,1,2,29,0,1,1,0,1,8,1,0,11,2.379,0.049
ses_20260701-065151-CHAITANYA0BCF,2026-07-01 06:55:47.165907+00:00,boundary,79,10,1,2,29,0,1,3,1,4,16,3,1,14,3.122,0.05
ses_20260701-065151-CHAITANYA0BCF,2026-07-01 06:56:48.215519+00:00,boundary,54,8,1,2,29,0,1,1,0,1,8,1,0,10,2.265,0.05
ses_20260701-065151-CHAITANYA0BCF,2026-07-01 06:56:48.216666+00:00,boundary,54,8,1,2,29,0,1,1,0,1,8,1,0,10,2.265,0.05
ses_20260701-065151-CHAITANYA0BCF,2026-07-01 06:57:10.007928+00:00,boundary,30,10,1,1,1,0,1,3,1,2,6,3,2,9,3.928,0.064
ses_20260701-065151-CHAITANYA0BCF,2026-07-01 06:57:10.008470+00:00,boundary,30,10,1,1,1,0,1,3,1,2,6,3,2,9,3.928,0.064
ses_20260701-065151-CHAITANYA0BCF,2026-07-01 06:57:50.184657+00:00,boundary,85,10,2,3,44,0,1,3,1,2,10,3,1,16,2.719,0.051
ses_20260701-065151-CHAITANYA0BCF,2026-07-01 06:57:50.186287+00:00,boundary,85,10,2,3,44,0,1,3,1,2,10,3,1,16,2.719,0.051
ses_20260701-065151-CHAITANYA0BCF,2026-07-01 06:58:13.763511+00:00,boundary,44,10,1,1,1,0,1,3,1,2,14,3,2,11,3.496,0.044
ses_20260701-065151-CHAITANYA0BCF,2026-07-01 06:58:13.764044+00:00,boundary,44,10,1,1,1,0,1,3,1,2,14,3,2,11,3.496,0.044
ses_20260701-065151-CHAITANYA0BCF,2026-07-01 06:58:37.634803+00:00,boundary,71,9,1,2,29,0,0,3,1,3,12,3,1,13,2.843,0.0485
ses_20260701-065151-CHAITANYA0BCF,2026-07-01 06:58:37.636339+00:00,boundary,71,9,1,2,29,0,0,3,1,3,12,3,1,13,2.843,0.0485
ses_20260701-065151-CHAITANYA0BCF,2026-07-01 06:59:04.013025+00:00,boundary,37,9,1,1,1,0,0,3,1,2,12,3,2,8,6.46,0.049
ses_20260701-065151-CHAITANYA0BCF,2026-07-01 06:59:23.005502+00:00,boundary,68,10,1,2,28,0,1,3,1,2,12,3,1,13,3.829,0.048
ses_20260701-065151-CHAITANYA0BCF,2026-07-01 06:59:23.007550+00:00,boundary,68,10,1,2,28,0,1,3,1,2,12,3,1,13,3.829,0.048
ses_20260701-065151-CHAITANYA0BCF,2026-07-01 06:59:46.128825+00:00,boundary,71,10,1,2,29,0,1,3,1,2,11,3,1,15,2.956,0.053
ses_20260701-065151-CHAITANYA0BCF,2026-07-01 06:59:46.130779+00:00,boundary,72,10,1,2,29,0,1,3,1,2,12,3,1,15,2.956,0.052
ses_20260701-065151-CHAITANYA0BCF,2026-07-01 07:00:12.433312+00:00,boundary,89,10,2,3,44,0,1,3,1,3,12,3,1,16,2.826,0.051
ses_20260701-065151-CHAITANYA0BCF,2026-07-01 07:00:38.104419+00:00,boundary,38,11,2,3,2,0,1,3,1,3,10,3,2,8,3.797,0.061
ses_20260701-065151-CHAITANYA0BCF,2026-07-01 07:00:38.104751+00:00,boundary,38,11,2,3,2,0,1,3,1,3,10,3,2,8,3.797,0.061
ses_20260701-065151-CHAITANYA0BCF,2026-07-01 07:01:38.053340+00:00,boundary,88,11,2,3,44,1,1,3,1,3,10,3,1,16,2.42,0.05
ses_20260701-065151-CHAITANYA0BCF,2026-07-01 07:01:38.055137+00:00,boundary,88,11,2,3,44,1,1,3,1,3,10,3,1,16,2.42,0.05
ses_20260701-065151-CHAITANYA0BCF,2026-07-01 07:02:12.030404+00:00,boundary,80,9,1,2,30,0,0,3,1,4,16,3,1,15,2.663,0.051
ses_20260701-065151-CHAITANYA0BCF,2026-07-01 07:02:12.031428+00:00,boundary,80,9,1,2,30,0,0,3,1,4,16,3,1,15,2.663,0.051
ses_20260701-065151-CHAITANYA0BCF,2026-07-01 07:02:41.269495+00:00,boundary,85,10,2,3,44,0,1,3,1,2,10,3,1,16,2.665,0.0505
ses_20260701-065151-CHAITANYA0BCF,2026-07-01 07:02:41.270370+00:00,boundary,85,10,2,3,44,0,1,3,1,2,10,3,1,16,2.665,0.0505
ses_20260701-065151-CHAITANYA0BCF,2026-07-01 07:03:10.441480+00:00,boundary,61,10,2,3,28,0,1,3,1,2,6,3,1,13,2.978,0.0485
ses_20260701-065151-CHAITANYA0BCF,2026-07-01 07:03:10.442534+00:00,boundary,61,10,2,3,28,0,1,3,1,2,6,3,1,13,2.978,0.0485
ses_20260701-065151-CHAITANYA0BCF,2026-07-01 07:03:46.637632+00:00,boundary,95,11,2,3,44,1,1,3,1,4,14,3,1,17,2.47,0.049
ses_20260701-065151-CHAITANYA0BCF,2026-07-01 07:03:46.638169+00:00,boundary,95,11,2,3,44,1,1,3,1,4,14,3,1,17,2.47,0.049
ses_20260701-065151-CHAITANYA0BCF,2026-07-01 07:04:11.738523+00:00,boundary,82,10,1,2,29,0,1,3,1,4,16,3,1,17,2.74,0.051
ses_20260701-065151-CHAITANYA0BCF,2026-07-01 07:04:11.740111+00:00,boundary,82,10,1,2,29,0,1,3,1,4,16,3,1,17,2.74,0.051
ses_20260701-065151-CHAITANYA0BCF,2026-07-01 07:04:35.878903+00:00,boundary,61,10,1,2,29,0,1,3,1,1,6,3,1,13,3.122,0.0535
ses_20260701-065151-CHAITANYA0BCF,2026-07-01 07:04:37.575808+00:00,boundary,71,10,1,2,29,0,1,3,1,2,12,3,1,14,3.122,0.0525
ses_20260701-065151-CHAITANYA0BCF,2026-07-01 07:05:08.265096+00:00,boundary,48,10,3,3,15,0,1,3,1,2,8,3,2,10,3.8,0.052
ses_20260701-065151-CHAITANYA0BCF,2026-07-01 07:06:17.790422+00:00,boundary,56,10,3,3,16,0,0,3,1,3,12,3,2,11,3.449,0.051
ses_20260701-065151-CHAITANYA0BCF,2026-07-01 07:07:15.687115+00:00,boundary,86,10,2,3,44,0,1,3,1,2,10,3,1,17,3.143,0.051
ses_20260701-065151-CHAITANYA0BCF,2026-07-01 07:07:59.803034+00:00,boundary,42,9,1,1,2,0,2,1,0,1,22,1,0,9,3.601,0.033
ses_20260701-065151-CHAITANYA0BCF,2026-07-01 07:07:59.805276+00:00,boundary,42,9,1,1,2,0,2,1,0,1,22,1,0,9,3.601,0.033
ses_20260701-065151-CHAITANYA0BCF,2026-07-01 07:08:24.288573+00:00,boundary,39,9,1,1,1,0,0,3,1,2,12,3,2,10,6.465,0.04
ses_20260701-065151-CHAITANYA0BCF,2026-07-01 07:08:48.756029+00:00,boundary,64,10,2,2,16,0,1,3,1,4,14,3,3,13,3.455,0.05
ses_20260701-065151-CHAITANYA0BCF,2026-07-01 07:08:48.757512+00:00,boundary,64,10,2,2,16,0,1,3,1,4,14,3,3,13,3.455,0.05
ses_20260701-065151-CHAITANYA0BCF,2026-07-01 07:09:17.210284+00:00,boundary,42,9,1,1,1,0,0,3,1,3,14,3,2,9,6.23,0.047
ses_20260701-065151-CHAITANYA0BCF,2026-07-01 07:09:45.915821+00:00,boundary,54,9,2,2,16,0,0,3,1,2,12,3,2,10,6.779,0.051
ses_20260701-065151-CHAITANYA0BCF,2026-07-01 07:10:12.771046+00:00,boundary,81,10,1,2,30,0,1,3,1,4,16,3,1,15,2.848,0.0505
ses_20260701-065151-CHAITANYA0BCF,2026-07-01 07:10:39.147320+00:00,boundary,69,10,2,3,43,0,1,3,1,1,2,3,1,13,2.355,0.05
ses_20260701-065151-CHAITANYA0BCF,2026-07-01 07:10:39.148866+00:00,boundary,69,10,2,3,43,0,1,3,1,1,2,3,1,13,2.355,0.05
ses_20260701-065151-CHAITANYA0BCF,2026-07-01 07:11:20.686346+00:00,boundary,80,10,3,4,44,0,1,3,1,2,6,3,1,16,2.905,0.052
ses_20260701-065151-CHAITANYA0BCF,2026-07-01 07:11:20.686874+00:00,boundary,80,10,3,4,44,0,1,3,1,2,6,3,1,16,2.905,0.052
ses_20260701-065151-CHAITANYA0BCF,2026-07-01 07:12:00.886782+00:00,boundary,78,10,2,3,42,1,0,3,1,3,8,3,1,12,2.462,0.049
ses_20260701-065151-CHAITANYA0BCF,2026-07-01 07:12:35.766212+00:00,boundary,103,10,2,3,44,0,1,3,1,4,20,3,1,19,2.376,0.049
ses_20260701-065151-CHAITANYA0BCF,2026-07-01 07:13:01.223340+00:00,boundary,87,9,2,3,44,0,0,3,1,3,12,3,1,15,3.035,0.0505
ses_20260701-065151-CHAITANYA0BCF,2026-07-01 07:13:29.845275+00:00,boundary,38,9,1,1,1,0,0,3,1,3,12,3,2,8,6.225,0.049
ses_20260701-065151-CHAITANYA0BCF,2026-07-01 07:13:56.898091+00:00,boundary,76,8,2,3,41,0,0,3,0,2,10,3,1,13,3.074,0.052
ses_20260701-065151-CHAITANYA0BCF,2026-07-01 07:13:56.899702+00:00,boundary,76,8,2,3,41,0,0,3,0,2,10,3,1,13,3.074,0.052
ses_20260701-070320-JAYESH,2026-07-01 07:04:08.084182+00:00,boundary,52,7,2,2,27,0,2,1,0,0,8,1,0,10,2.536,0.051
ses_20260701-070320-JAYESH,2026-07-01 07:04:36.188818+00:00,boundary,47,9,1,1,1,0,0,3,1,4,16,3,2,10,5.741,0.0395
ses_20260701-070320-JAYESH,2026-07-01 07:05:04.969605+00:00,boundary,82,10,2,3,41,0,2,3,1,2,8,3,1,17,2.641,0.053
ses_20260701-070320-JAYESH,2026-07-01 07:05:04.971098+00:00,boundary,82,10,2,3,41,0,2,3,1,2,8,3,1,17,2.641,0.053
ses_20260701-070320-JAYESH,2026-07-01 07:05:35.177619+00:00,boundary,73,11,2,3,33,0,0,2,1,1,12,2,1,15,2.644,0.055
ses_20260701-070320-JAYESH,2026-07-01 07:06:03.421589+00:00,boundary,81,10,1,2,28,0,2,3,1,4,16,3,1,16,2.596,0.054
ses_20260701-070320-JAYESH,2026-07-01 07:06:03.422744+00:00,boundary,81,10,1,2,28,0,2,3,1,4,16,3,1,16,2.596,0.054
ses_20260701-070320-JAYESH,2026-07-01 07:06:28.978708+00:00,boundary,71,11,3,5,41,0,2,3,1,1,2,3,1,15,2.961,0.053
ses_20260701-070320-JAYESH,2026-07-01 07:06:28.980464+00:00,boundary,71,11,3,5,41,0,2,3,1,1,2,3,1,15,2.961,0.053
ses_20260701-070320-JAYESH,2026-07-01 07:07:11.275235+00:00,boundary,44,10,3,3,15,0,2,3,1,2,4,3,2,10,4.182,0.054
ses_20260701-070320-JAYESH,2026-07-01 07:07:11.276640+00:00,boundary,44,10,3,3,15,0,2,3,1,2,4,3,2,10,4.182,0.054
ses_20260701-070320-JAYESH,2026-07-01 07:08:45.957492+00:00,boundary,77,12,1,3,29,0,3,1,0,1,2,2,0,11,3.601,0.0525
ses_20260701-070320-JAYESH,2026-07-01 07:08:45.958759+00:00,boundary,77,12,1,3,29,0,3,1,0,1,2,2,0,11,3.601,0.0525
ses_20260701-070320-JAYESH,2026-07-01 07:09:44.729776+00:00,boundary,54,8,1,2,27,0,2,1,0,1,8,1,0,11,2.383,0.05
ses_20260701-070320-JAYESH,2026-07-01 07:09:44.731837+00:00,boundary,54,8,1,2,27,0,2,1,0,1,8,1,0,11,2.383,0.05
ses_20260701-070320-JAYESH,2026-07-01 07:10:08.916163+00:00,boundary,39,9,1,1,1,0,0,3,1,2,12,3,2,10,6.368,0.048
ses_20260701-070320-JAYESH,2026-07-01 07:10:27.654342+00:00,boundary,40,10,1,1,1,0,2,3,1,2,12,3,2,10,3.321,0.059
ses_20260701-070320-JAYESH,2026-07-01 07:10:27.656336+00:00,boundary,40,10,1,1,1,0,2,3,1,2,12,3,2,10,3.321,0.059
ses_20260701-070320-JAYESH,2026-07-01 07:10:54.714014+00:00,boundary,39,11,2,3,2,0,2,3,1,3,10,3,2,8,4.028,0.055999999999999994
ses_20260701-070320-JAYESH,2026-07-01 07:10:54.716855+00:00,boundary,39,11,2,3,2,0,2,3,1,3,10,3,2,8,4.028,0.055999999999999994
ses_20260701-070320-JAYESH,2026-07-01 07:12:04.603898+00:00,boundary,58,11,2,2,15,1,2,3,1,3,12,3,2,11,3.622,0.052
ses_20260701-070320-JAYESH,2026-07-01 07:12:04.605192+00:00,boundary,58,11,2,2,15,1,2,3,1,3,12,3,2,11,3.622,0.052
ses_20260701-070320-JAYESH,2026-07-01 07:12:32.382828+00:00,boundary,70,11,2,3,30,1,2,3,1,3,8,3,1,14,3.089,0.052
ses_20260701-070320-JAYESH,2026-07-01 07:12:32.384767+00:00,boundary,70,11,2,3,30,1,2,3,1,3,8,3,1,14,3.089,0.052
ses_20260701-070320-JAYESH,2026-07-01 07:13:11.627439+00:00,boundary,69,10,3,4,39,0,2,3,1,1,4,3,1,14,3.163,0.0545
ses_20260701-070320-JAYESH,2026-07-01 07:13:11.628976+00:00,boundary,69,10,3,4,39,0,2,3,1,1,4,3,1,14,3.163,0.0545
ses_20260701-070320-JAYESH,2026-07-01 07:14:25.816286+00:00,boundary,58,8,1,2,25,0,6,1,0,1,8,1,0,13,5.566,0.046
ses_20260701-070320-JAYESH,2026-07-01 07:14:25.817789+00:00,boundary,58,8,1,2,25,0,6,1,0,1,8,1,0,13,5.566,0.046
ses_20260701-070320-JAYESH,2026-07-01 07:15:29.638984+00:00,boundary,49,8,1,2,27,0,2,1,0,1,8,1,0,6,2.847,0.0175
ses_20260701-070320-JAYESH,2026-07-01 07:15:29.640210+00:00,boundary,49,8,1,2,27,0,2,1,0,1,8,1,0,6,2.847,0.0175
ses_20260701-070320-JAYESH,2026-07-01 07:15:53.315946+00:00,boundary,64,10,1,2,27,0,2,3,1,3,8,3,1,12,2.252,0.051
ses_20260701-070320-JAYESH,2026-07-01 07:15:53.317748+00:00,boundary,64,10,1,2,27,0,2,3,1,3,8,3,1,12,2.252,0.051
ses_20260701-070320-JAYESH,2026-07-01 07:16:28.470832+00:00,boundary,75,9,1,2,27,0,0,3,1,4,16,3,1,13,2.707,0.0455
ses_20260701-070320-JAYESH,2026-07-01 07:16:28.471547+00:00,boundary,75,9,1,2,27,0,0,3,1,4,16,3,1,13,2.707,0.0455
ses_20260701-070320-JAYESH,2026-07-01 07:16:55.455335+00:00,boundary,35,10,1,1,1,0,2,3,1,3,8,3,2,8,4.272,0.055
ses_20260701-070320-JAYESH,2026-07-01 07:16:57.168316+00:00,boundary,39,10,2,2,1,0,2,3,1,3,10,3,3,8,5.354,0.055
ses_20260701-070320-JAYESH,2026-07-01 07:17:31.977316+00:00,boundary,75,10,2,3,41,0,2,3,1,2,4,3,2,15,3.414,0.055
ses_20260701-070320-JAYESH,2026-07-01 07:17:31.978111+00:00,boundary,75,10,2,3,41,0,2,3,1,2,4,3,2,15,3.414,0.055
ses_20260701-070320-JAYESH,2026-07-01 07:18:08.581274+00:00,boundary,83,10,2,3,40,0,2,3,1,2,10,3,1,17,2.74,0.051
ses_20260701-070320-JAYESH,2026-07-01 07:18:08.582453+00:00,boundary,83,10,2,3,40,0,2,3,1,2,10,3,1,17,2.74,0.051
ses_20260701-070320-JAYESH,2026-07-01 07:18:29.839768+00:00,boundary,41,10,1,1,1,0,2,3,1,2,12,3,2,11,4.127,0.03949999999999999
ses_20260701-070320-JAYESH,2026-07-01 07:18:29.841857+00:00,boundary,41,10,1,1,1,0,2,3,1,2,12,3,2,11,4.127,0.03949999999999999
ses_20260701-070320-JAYESH,2026-07-01 07:18:57.956773+00:00,boundary,37,10,2,2,1,0,2,3,1,4,8,3,2,9,4.414,0.041
ses_20260701-070320-JAYESH,2026-07-01 07:18:57.959148+00:00,boundary,37,10,2,2,1,0,2,3,1,4,8,3,2,9,4.414,0.041
ses_20260701-070320-JAYESH,2026-07-01 07:19:28.999033+00:00,boundary,64,11,2,2,15,1,2,3,1,4,14,3,3,12,3.356,0.043
ses_20260701-070320-JAYESH,2026-07-01 07:19:29.002364+00:00,boundary,64,11,2,2,15,1,2,3,1,4,14,3,3,12,3.356,0.043
ses_20260701-070320-JAYESH,2026-07-01 07:19:55.439342+00:00,boundary,51,9,1,1,3,0,0,3,1,4,16,3,2,12,6.126,0.042
ses_20260701-070320-JAYESH,2026-07-01 07:20:21.430508+00:00,boundary,68,10,2,3,40,0,2,3,1,1,2,3,1,14,3.065,0.05
ses_20260701-070320-JAYESH,2026-07-01 07:20:21.432180+00:00,boundary,68,10,2,3,40,0,2,3,1,1,2,3,1,14,3.065,0.05
ses_20260701-070320-JAYESH,2026-07-01 07:21:27.063753+00:00,boundary,84,10,2,3,41,0,2,3,1,2,10,3,1,17,2.911,0.053
ses_20260701-070320-JAYESH,2026-07-01 07:21:27.064786+00:00,boundary,84,10,2,3,41,0,2,3,1,2,10,3,1,17,2.911,0.053
ses_20260701-070320-JAYESH,2026-07-01 07:21:50.447923+00:00,boundary,34,10,1,1,1,0,2,3,1,1,8,3,2,10,4.586,0.056
ses_20260701-070320-JAYESH,2026-07-01 07:21:52.176453+00:00,boundary,31,10,1,1,1,0,2,3,1,1,6,3,2,9,4.586,0.043
ses_20260701-070320-JAYESH,2026-07-01 07:22:33.969570+00:00,boundary,82,10,2,3,40,0,2,3,1,2,10,3,1,16,2.889,0.052
ses_20260701-070320-JAYESH,2026-07-01 07:22:33.970852+00:00,boundary,82,10,2,3,40,0,2,3,1,2,10,3,1,16,2.889,0.052
ses_20260701-070320-JAYESH,2026-07-01 07:23:04.049803+00:00,boundary,66,10,2,3,39,0,2,3,1,1,2,3,1,13,3.117,0.055
ses_20260701-070320-JAYESH,2026-07-01 07:23:04.051057+00:00,boundary,66,10,2,3,39,0,2,3,1,1,2,3,1,13,3.117,0.055
ses_20260701-070320-JAYESH,2026-07-01 07:23:46.154160+00:00,boundary,85,10,2,3,37,0,2,3,1,3,12,3,1,18,3.004,0.047
ses_20260701-070320-JAYESH,2026-07-01 07:23:46.156716+00:00,boundary,85,10,2,3,37,0,2,3,1,3,12,3,1,18,3.004,0.047
ses_20260701-070320-JAYESH,2026-07-01 07:24:15.634093+00:00,boundary,75,10,2,3,41,0,2,3,1,2,4,3,1,16,2.643,0.053
ses_20260701-070320-JAYESH,2026-07-01 07:24:15.635418+00:00,boundary,75,10,2,3,41,0,2,3,1,2,4,3,1,16,2.643,0.053
ses_20260701-070320-JAYESH,2026-07-01 07:24:52.562834+00:00,boundary,77,10,2,3,41,0,2,3,1,2,6,3,1,15,3.018,0.054
ses_20260701-070320-JAYESH,2026-07-01 07:24:52.564356+00:00,boundary,77,10,2,3,41,0,2,3,1,2,6,3,1,15,3.018,0.054
ses_20260701-070320-JAYESH,2026-07-01 07:25:27.944295+00:00,boundary,91,10,2,3,40,0,2,3,1,4,14,3,1,17,2.29,0.051
ses_20260701-070320-JAYESH,2026-07-01 07:25:27.946066+00:00,boundary,91,10,2,3,40,0,2,3,1,4,14,3,1,17,2.29,0.051
ses_20260701-070320-JAYESH,2026-07-01 07:25:53.673996+00:00,boundary,65,9,1,2,27,0,0,3,1,2,10,3,1,14,3.205,0.0545
ses_20260701-070320-JAYESH,2026-07-01 07:25:53.675159+00:00,boundary,65,9,1,2,27,0,0,3,1,2,10,3,1,14,3.205,0.0545
ses_20260701-070320-JAYESH,2026-07-01 07:26:36.065428+00:00,boundary,28,9,2,2,4,0,2,1,0,1,8,1,1,7,3.485,0.043
ses_20260701-070320-JAYESH,2026-07-01 07:26:36.067169+00:00,boundary,28,9,2,2,4,0,2,1,0,1,8,1,1,7,3.485,0.043
ses_20260701-070320-JAYESH,2026-07-01 07:27:18.810910+00:00,boundary,52,7,2,3,30,0,0,1,0,1,6,1,0,10,2.984,0.053
ses_20260701-070320-JAYESH,2026-07-01 07:27:18.811896+00:00,boundary,52,7,2,3,30,0,0,1,0,1,6,1,0,10,2.984,0.053
ses_20260701-070320-JAYESH,2026-07-01 07:28:01.490480+00:00,boundary,50,8,1,2,27,0,2,1,0,1,8,1,0,7,2.802,0.014
ses_20260701-070320-JAYESH,2026-07-01 07:28:01.491885+00:00,boundary,50,8,1,2,27,0,2,1,0,1,8,1,0,7,2.802,0.014
ses_20260701-070320-JAYESH,2026-07-01 07:28:22.265179+00:00,boundary,69,10,1,2,26,0,2,3,1,2,12,3,1,15,2.758,0.05
ses_20260701-070320-JAYESH,2026-07-01 07:28:22.266686+00:00,boundary,69,10,1,2,26,0,2,3,1,2,12,3,1,15,2.758,0.05
ses_20260701-070320-JAYESH,2026-07-01 07:28:43.176945+00:00,boundary,69,10,1,2,27,0,2,3,1,2,12,3,1,14,2.822,0.055
ses_20260701-070320-JAYESH,2026-07-01 07:28:43.179348+00:00,boundary,69,10,1,2,27,0,2,3,1,2,12,3,1,14,2.822,0.055
ses_20260701-070320-JAYESH,2026-07-01 07:29:10.670005+00:00,boundary,78,9,1,2,28,0,0,3,1,4,16,3,1,15,2.818,0.051
ses_20260701-070320-JAYESH,2026-07-01 07:29:10.671285+00:00,boundary,78,9,1,2,28,0,0,3,1,4,16,3,1,15,2.818,0.051
ses_20260701-071849-Marcos,2026-07-01 07:19:36.661215+00:00,boundary,50,7,2,2,26,0,1,1,0,0,8,1,0,10,2.693,0.057
ses_20260701-071849-Marcos,2026-07-01 07:20:05.951639+00:00,boundary,71,10,1,2,25,0,1,3,1,1,16,3,1,13,3.057,0.049
ses_20260701-071849-Marcos,2026-07-01 07:20:05.952504+00:00,boundary,71,10,1,2,25,0,1,3,1,1,16,3,1,13,3.057,0.049
ses_20260701-071849-Marcos,2026-07-01 07:20:59.823517+00:00,boundary,12,8,2,3,2,1,1,1,0,0,0,1,1,4,4.03,0.11
ses_20260701-071849-Marcos,2026-07-01 07:20:59.824571+00:00,boundary,12,8,2,3,2,1,1,1,0,0,0,1,1,4,4.03,0.11
ses_20260701-071849-Marcos,2026-07-01 07:21:34.047647+00:00,boundary,88,9,2,3,41,0,0,3,1,1,14,3,1,18,2.527,0.052
ses_20260701-071849-Marcos,2026-07-01 07:21:34.048577+00:00,boundary,88,9,2,3,41,0,0,3,1,1,14,3,1,18,2.527,0.052
ses_20260701-071849-Marcos,2026-07-01 07:21:58.221290+00:00,boundary,47,9,1,1,2,0,0,3,1,3,16,3,2,10,5.25,0.0305
ses_20260701-071849-Marcos,2026-07-01 07:23:47.217443+00:00,boundary,8,5,2,2,2,0,1,1,0,0,0,1,0,3,5.626,0.087
ses_20260701-071849-Marcos,2026-07-01 07:23:47.218347+00:00,boundary,8,5,2,2,2,0,1,1,0,0,0,1,0,3,5.626,0.087
ses_20260701-071849-Marcos,2026-07-01 07:26:42.203862+00:00,boundary,51,7,1,2,27,0,1,1,0,0,8,1,0,10,1.704,0.052
ses_20260701-071849-Marcos,2026-07-01 07:26:42.204785+00:00,boundary,51,7,1,2,27,0,1,1,0,0,8,1,0,10,1.704,0.052
ses_20260701-071849-Marcos,2026-07-01 07:27:02.270955+00:00,boundary,52,9,1,2,27,0,0,3,1,1,4,3,1,11,3.027,0.057
ses_20260701-071849-Marcos,2026-07-01 07:27:02.272174+00:00,boundary,52,9,1,2,27,0,0,3,1,1,4,3,1,11,3.027,0.057
ses_20260701-071849-Marcos,2026-07-01 07:28:00.760158+00:00,boundary,83,10,2,3,41,0,1,3,1,2,10,3,1,17,2.45,0.0525
ses_20260701-071849-Marcos,2026-07-01 07:28:00.761039+00:00,boundary,83,10,2,3,41,0,1,3,1,2,10,3,1,17,2.45,0.0525
ses_20260701-071849-Marcos,2026-07-01 07:28:24.619396+00:00,boundary,79,10,1,2,27,0,1,3,1,4,16,3,1,16,2.453,0.049
ses_20260701-071849-Marcos,2026-07-01 07:28:24.620382+00:00,boundary,79,10,1,2,27,0,1,3,1,4,16,3,1,16,2.453,0.049
ses_20260701-071849-Marcos,2026-07-01 07:28:47.633546+00:00,boundary,32,9,2,2,1,0,1,3,1,0,8,3,2,10,3.3,0.056
ses_20260701-071849-Marcos,2026-07-01 07:28:47.634322+00:00,boundary,32,9,2,2,1,0,1,3,1,0,8,3,2,10,3.3,0.056
ses_20260701-071849-Marcos,2026-07-01 07:29:51.156454+00:00,boundary,76,11,2,3,41,1,1,3,1,2,6,3,1,14,3.249,0.053
ses_20260701-071849-Marcos,2026-07-01 07:29:51.157119+00:00,boundary,76,11,2,3,41,1,1,3,1,2,6,3,1,14,3.249,0.053
ses_20260701-071849-Marcos,2026-07-01 07:30:26.776378+00:00,boundary,66,10,1,2,25,0,1,3,1,3,12,3,1,11,3.131,0.038
ses_20260701-071849-Marcos,2026-07-01 07:30:26.777301+00:00,boundary,66,10,1,2,25,0,1,3,1,3,12,3,1,11,3.131,0.038
ses_20260701-071849-Marcos,2026-07-01 07:30:57.027054+00:00,boundary,63,9,2,3,39,0,0,3,1,1,2,3,1,12,2.953,0.0555
ses_20260701-071849-Marcos,2026-07-01 07:30:57.028033+00:00,boundary,63,9,2,3,39,0,0,3,1,1,2,3,1,12,2.953,0.0555
ses_20260701-071849-Marcos,2026-07-01 07:31:39.781126+00:00,boundary,58,10,2,2,15,0,1,3,1,1,14,3,2,12,4.07,0.053
ses_20260701-071849-Marcos,2026-07-01 07:31:39.782361+00:00,boundary,58,10,2,2,15,0,1,3,1,1,14,3,2,12,4.07,0.053
ses_20260701-071849-Marcos,2026-07-01 07:32:02.272926+00:00,boundary,17,8,1,1,0,0,0,2,1,0,4,2,1,4,9.304,0.0915
ses_20260701-071849-Marcos,2026-07-01 07:32:53.919883+00:00,boundary,40,6,2,3,28,1,1,1,0,0,0,1,0,8,3.338,0.048
ses_20260701-071849-Marcos,2026-07-01 07:33:33.023180+00:00,boundary,40,9,2,2,15,0,0,3,1,1,4,3,2,9,6.583,0.054
ses_20260701-071849-Marcos,2026-07-01 07:34:05.557411+00:00,boundary,31,8,2,2,0,0,0,3,1,2,10,3,2,5,6.743,0.0425
ses_20260701-071849-Marcos,2026-07-01 07:34:39.308105+00:00,boundary,66,9,2,3,40,0,1,3,1,0,2,3,1,14,2.851,0.052
ses_20260701-071849-Marcos,2026-07-01 07:34:39.308943+00:00,boundary,66,9,2,3,40,0,1,3,1,0,2,3,1,14,2.851,0.052
ses_20260701-071849-Marcos,2026-07-01 07:35:22.578201+00:00,boundary,57,9,1,2,25,0,0,3,1,3,8,3,1,9,3.011,0.0385
ses_20260701-071849-Marcos,2026-07-01 07:35:22.579138+00:00,boundary,57,9,1,2,25,0,0,3,1,3,8,3,1,9,3.011,0.0385
ses_20260701-071849-Marcos,2026-07-01 07:35:58.446018+00:00,boundary,54,10,2,2,14,0,1,3,1,2,12,3,2,11,4.176,0.052
ses_20260701-071849-Marcos,2026-07-01 07:35:58.446876+00:00,boundary,54,10,2,2,14,0,1,3,1,2,12,3,2,11,4.176,0.052
ses_20260701-071849-Marcos,2026-07-01 07:36:22.809940+00:00,boundary,68,10,1,2,26,0,1,3,1,1,12,3,1,15,2.507,0.041
ses_20260701-071849-Marcos,2026-07-01 07:36:22.810654+00:00,boundary,68,10,1,2,26,0,1,3,1,1,12,3,1,15,2.507,0.041
ses_20260701-071849-Marcos,2026-07-01 07:36:50.037123+00:00,boundary,73,9,1,2,27,0,0,3,1,1,16,3,1,14,2.695,0.035500000000000004
ses_20260701-071849-Marcos,2026-07-01 07:36:50.038206+00:00,boundary,73,9,1,2,27,0,0,3,1,1,16,3,1,14,2.695,0.035500000000000004
ses_20260701-071849-Marcos,2026-07-01 07:37:12.167094+00:00,boundary,70,10,1,2,27,0,1,3,1,2,12,3,1,16,2.775,0.053
ses_20260701-071849-Marcos,2026-07-01 07:37:12.167993+00:00,boundary,70,10,1,2,27,0,1,3,1,2,12,3,1,16,2.775,0.053
ses_20260701-071849-Marcos,2026-07-01 07:37:32.562799+00:00,boundary,36,8,1,1,1,0,0,3,1,0,12,3,2,10,5.972,0.061
ses_20260701-071849-Marcos,2026-07-01 07:37:51.066109+00:00,boundary,63,9,1,2,24,0,1,3,1,0,12,3,1,14,3.361,0.0495
ses_20260701-071849-Marcos,2026-07-01 07:37:51.067166+00:00,boundary,63,9,1,2,24,0,1,3,1,0,12,3,1,14,3.361,0.0495
ses_20260701-071849-Marcos,2026-07-01 07:38:17.012404+00:00,boundary,81,10,2,3,41,0,1,3,1,1,10,3,1,16,2.974,0.0535
ses_20260701-071849-Marcos,2026-07-01 07:38:17.013133+00:00,boundary,81,10,2,3,41,0,1,3,1,1,10,3,1,16,2.974,0.0535
ses_20260701-071849-Marcos,2026-07-01 07:39:28.626476+00:00,boundary,51,7,1,2,27,0,1,1,0,0,8,1,0,10,2.22,0.0545
ses_20260701-071849-Marcos,2026-07-01 07:39:28.627674+00:00,boundary,51,7,1,2,27,0,1,1,0,0,8,1,0,10,2.22,0.0545
ses_20260701-071849-Marcos,2026-07-01 07:39:52.455884+00:00,boundary,50,10,1,1,2,0,1,3,1,3,16,3,2,12,3.338,0.041
ses_20260701-071849-Marcos,2026-07-01 07:39:52.456542+00:00,boundary,50,10,1,1,2,0,1,3,1,3,16,3,2,12,3.338,0.041
ses_20260701-071849-Marcos,2026-07-01 07:40:21.292961+00:00,boundary,82,10,2,3,41,0,1,3,1,2,10,3,1,16,3.103,0.052
ses_20260701-071849-Marcos,2026-07-01 07:40:21.293821+00:00,boundary,82,10,2,3,41,0,1,3,1,2,10,3,1,16,3.103,0.052
ses_20260701-072319-MSI,2026-07-01 07:24:31.513060+00:00,boundary,42,7,2,2,27,0,1,1,0,0,2,1,0,9,2.531,0.054
ses_20260701-072319-MSI,2026-07-01 07:25:07.863007+00:00,boundary,61,10,1,2,26,0,1,3,1,2,8,3,1,12,2.992,0.05
ses_20260701-072319-MSI,2026-07-01 07:25:07.863783+00:00,boundary,61,10,1,2,26,0,1,3,1,2,8,3,1,12,2.992,0.05
ses_20260701-072319-MSI,2026-07-01 07:25:47.020458+00:00,boundary,67,11,2,3,15,1,1,3,1,4,16,3,2,14,3.68,0.052
ses_20260701-072319-MSI,2026-07-01 07:25:47.021266+00:00,boundary,67,11,2,3,15,1,1,3,1,4,16,3,2,14,3.68,0.052
ses_20260701-072319-MSI,2026-07-01 07:26:11.394972+00:00,boundary,39,9,1,1,1,0,0,3,1,2,12,3,2,10,6.538,0.028999999999999998
ses_20260701-072319-MSI,2026-07-01 07:26:28.036199+00:00,boundary,78,10,1,2,27,0,1,3,1,3,16,3,1,17,3.206,0.051
ses_20260701-072319-MSI,2026-07-01 07:26:29.689591+00:00,boundary,70,10,1,2,27,0,1,3,1,2,12,3,1,16,2.574,0.055
ses_20260701-072319-MSI,2026-07-01 07:26:58.480139+00:00,boundary,67,10,1,2,28,0,1,3,1,3,8,3,1,15,2.872,0.055
ses_20260701-072319-MSI,2026-07-01 07:26:58.480807+00:00,boundary,67,10,1,2,28,0,1,3,1,3,8,3,1,15,2.872,0.055
ses_20260701-072319-MSI,2026-07-01 07:27:41.078193+00:00,boundary,55,10,2,2,14,0,1,3,1,2,12,3,2,12,3.775,0.0525
ses_20260701-072319-MSI,2026-07-01 07:27:41.078882+00:00,boundary,55,10,2,2,14,0,1,3,1,2,12,3,2,12,3.775,0.0525
ses_20260701-072319-MSI,2026-07-01 07:28:03.381945+00:00,boundary,50,9,1,1,2,0,0,3,1,4,16,3,2,12,6.324,0.051
ses_20260701-072319-MSI,2026-07-01 07:28:32.654112+00:00,boundary,48,10,2,2,15,0,1,3,1,3,6,3,2,11,4.446,0.053
ses_20260701-072319-MSI,2026-07-01 07:28:32.654906+00:00,boundary,48,10,2,2,15,0,1,3,1,3,6,3,2,11,4.446,0.053
ses_20260701-072319-MSI,2026-07-01 07:29:04.286699+00:00,boundary,42,10,2,2,15,0,1,3,1,1,4,3,2,10,4.016,0.052
ses_20260701-072319-MSI,2026-07-01 07:29:04.287557+00:00,boundary,42,10,2,2,15,0,1,3,1,1,4,3,2,10,4.016,0.052
ses_20260701-072319-MSI,2026-07-01 07:29:45.169695+00:00,boundary,64,9,1,2,27,0,0,3,1,3,8,3,1,14,2.935,0.054
ses_20260701-072319-MSI,2026-07-01 07:29:45.170625+00:00,boundary,64,9,1,2,27,0,0,3,1,3,8,3,1,14,2.935,0.054
ses_20260701-072319-MSI,2026-07-01 07:30:28.454197+00:00,boundary,44,10,2,2,16,0,1,3,1,2,4,3,2,10,3.893,0.054
ses_20260701-072319-MSI,2026-07-01 07:30:28.455294+00:00,boundary,44,10,2,2,16,0,1,3,1,2,4,3,2,10,3.893,0.054
ses_20260701-072319-MSI,2026-07-01 07:31:06.890791+00:00,boundary,43,10,2,2,16,0,1,3,1,1,4,3,2,10,4.416,0.054
ses_20260701-072319-MSI,2026-07-01 07:31:06.892040+00:00,boundary,43,10,2,2,16,0,1,3,1,1,4,3,2,10,4.416,0.054
ses_20260701-072319-MSI,2026-07-01 07:31:47.403118+00:00,boundary,82,10,1,2,29,0,1,3,1,4,16,3,1,17,2.692,0.054
ses_20260701-072319-MSI,2026-07-01 07:31:47.403736+00:00,boundary,82,10,1,2,29,0,1,3,1,4,16,3,1,17,2.692,0.054
ses_20260701-072319-MSI,2026-07-01 07:34:21.481838+00:00,boundary,43,5,2,2,30,0,1,1,0,0,0,1,0,10,2.24,0.0565
ses_20260701-072319-MSI,2026-07-01 07:34:21.482469+00:00,boundary,43,5,2,2,30,0,1,1,0,0,0,1,0,10,2.24,0.0565
ses_20260701-072319-MSI,2026-07-01 07:35:32.955100+00:00,boundary,47,8,2,3,30,0,1,1,0,1,2,1,0,10,2.861,0.055
ses_20260701-072319-MSI,2026-07-01 07:35:32.955752+00:00,boundary,47,8,2,3,30,0,1,1,0,1,2,1,0,10,2.861,0.055
ses_20260701-072319-MSI,2026-07-01 07:36:11.027621+00:00,boundary,58,11,2,2,14,1,1,3,1,3,12,3,2,13,4.064,0.053
ses_20260701-072319-MSI,2026-07-01 07:36:11.028242+00:00,boundary,58,11,2,2,14,1,1,3,1,3,12,3,2,13,4.064,0.053
ses_20260701-072319-MSI,2026-07-01 07:36:37.328771+00:00,boundary,37,10,1,1,2,0,1,3,1,3,8,3,2,10,3.638,0.0535
ses_20260701-072319-MSI,2026-07-01 07:36:37.329866+00:00,boundary,37,10,1,1,2,0,1,3,1,3,8,3,2,10,3.638,0.0535
ses_20260701-072319-MSI,2026-07-01 07:37:14.715882+00:00,boundary,94,9,2,3,42,0,0,3,1,4,16,3,1,17,2.773,0.052
ses_20260701-072319-MSI,2026-07-01 07:37:14.716887+00:00,boundary,94,9,2,3,42,0,0,3,1,4,16,3,1,17,2.773,0.052
ses_20260701-072319-MSI,2026-07-01 07:37:37.146921+00:00,boundary,70,10,2,3,28,0,1,3,1,3,10,3,1,16,3.056,0.055
ses_20260701-072319-MSI,2026-07-01 07:37:39.290462+00:00,boundary,70,10,2,3,27,0,1,3,1,4,10,3,1,15,3.056,0.055
ses_20260701-072319-MSI,2026-07-01 07:38:14.699043+00:00,boundary,67,11,2,2,15,1,1,3,1,4,16,3,2,14,3.113,0.054
ses_20260701-072319-MSI,2026-07-01 07:38:14.699819+00:00,boundary,67,11,2,2,15,1,1,3,1,4,16,3,2,14,3.113,0.054
ses_20260701-072319-MSI,2026-07-01 07:38:38.098009+00:00,boundary,49,10,1,1,1,0,1,3,1,4,16,3,2,11,4.24,0.0325
ses_20260701-072319-MSI,2026-07-01 07:38:38.098787+00:00,boundary,49,10,1,1,1,0,1,3,1,4,16,3,2,11,4.24,0.0325
ses_20260701-072319-MSI,2026-07-01 07:38:55.819336+00:00,boundary,38,9,1,1,1,0,0,3,1,2,12,3,2,10,6.605,0.047
ses_20260701-072319-MSI,2026-07-01 07:39:18.321760+00:00,boundary,78,9,1,2,29,0,0,3,1,4,16,3,1,14,2.916,0.053
ses_20260701-072319-MSI,2026-07-01 07:39:18.322337+00:00,boundary,78,9,1,2,29,0,0,3,1,4,16,3,1,14,2.916,0.053
ses_20260701-072319-MSI,2026-07-01 07:39:43.163278+00:00,boundary,78,10,2,3,41,0,1,3,1,3,6,3,1,16,3.07,0.053
ses_20260701-072319-MSI,2026-07-01 07:39:43.164101+00:00,boundary,78,10,2,3,41,0,1,3,1,3,6,3,1,16,3.07,0.053
ses_20260701-072319-MSI,2026-07-01 07:40:21.188541+00:00,boundary,74,10,2,3,42,0,1,3,1,2,4,3,1,15,3.274,0.053
ses_20260701-072319-MSI,2026-07-01 07:40:21.189164+00:00,boundary,74,10,2,3,42,0,1,3,1,2,4,3,1,15,3.274,0.053
ses_20260701-072319-MSI,2026-07-01 07:40:57.713548+00:00,boundary,78,9,2,3,40,0,0,3,1,2,10,3,1,14,2.889,0.051
ses_20260701-072319-MSI,2026-07-01 07:40:57.714384+00:00,boundary,78,9,2,3,40,0,0,3,1,2,10,3,1,14,2.889,0.051
ses_20260701-072319-MSI,2026-07-01 07:41:25.558036+00:00,boundary,79,10,1,2,27,0,1,3,1,4,16,3,1,16,3.055,0.0545
ses_20260701-072319-MSI,2026-07-01 07:41:25.558920+00:00,boundary,79,10,1,2,27,0,1,3,1,4,16,3,1,16,3.055,0.0545
ses_20260701-072319-MSI,2026-07-01 07:41:55.862746+00:00,boundary,50,9,2,2,14,0,0,3,1,2,10,3,2,11,6.376,0.053
ses_20260701-072319-MSI,2026-07-01 07:42:24.001208+00:00,boundary,81,9,1,2,30,0,0,3,1,4,16,3,1,16,2.638,0.0525
ses_20260701-072319-MSI,2026-07-01 07:42:24.001880+00:00,boundary,81,9,1,2,30,0,0,3,1,4,16,3,1,16,2.638,0.0525
ses_20260701-072319-MSI,2026-07-01 07:42:53.540529+00:00,boundary,65,9,1,2,29,0,2,2,1,2,10,2,0,13,4.086,0.053
ses_20260701-072319-MSI,2026-07-01 07:42:53.541385+00:00,boundary,65,9,1,2,29,0,2,2,1,2,10,2,0,13,4.086,0.053
ses_20260701-072319-MSI,2026-07-01 07:43:23.512168+00:00,boundary,78,10,1,2,29,0,1,3,1,4,14,3,1,16,3.307,0.055
ses_20260701-072319-MSI,2026-07-01 07:43:23.512822+00:00,boundary,78,10,1,2,29,0,1,3,1,4,14,3,1,16,3.307,0.055
ses_20260701-072319-MSI,2026-07-01 07:43:51.984266+00:00,boundary,50,9,1,1,2,0,0,3,1,4,16,3,2,12,6.011,0.055
ses_20260701-072435-CHAITANYA0BCF,2026-07-01 07:25:29.035438+00:00,boundary,53,7,2,2,29,0,1,1,0,0,8,1,0,10,2.907,0.0495
ses_20260701-072435-CHAITANYA0BCF,2026-07-01 07:25:53.403285+00:00,boundary,51,10,1,1,2,0,1,3,1,4,16,3,2,12,4.031,0.0395
ses_20260701-072435-CHAITANYA0BCF,2026-07-01 07:25:53.404860+00:00,boundary,51,10,1,1,2,0,1,3,1,4,16,3,2,12,4.031,0.0395
ses_20260701-072435-CHAITANYA0BCF,2026-07-01 07:26:16.724192+00:00,boundary,45,10,1,1,1,0,1,3,1,2,16,3,2,11,3.851,0.035
ses_20260701-072435-CHAITANYA0BCF,2026-07-01 07:26:16.726216+00:00,boundary,45,10,1,1,1,0,1,3,1,2,16,3,2,11,3.851,0.035
ses_20260701-072435-CHAITANYA0BCF,2026-07-01 07:26:41.613447+00:00,boundary,45,10,3,4,18,0,1,3,1,1,4,3,2,11,4.019,0.0515
ses_20260701-072435-CHAITANYA0BCF,2026-07-01 07:26:41.614116+00:00,boundary,45,10,3,4,18,0,1,3,1,1,4,3,2,11,4.019,0.0515
ses_20260701-072435-CHAITANYA0BCF,2026-07-01 07:27:42.417672+00:00,boundary,74,11,3,5,45,0,1,3,1,1,2,3,1,15,3.212,0.053
ses_20260701-072435-CHAITANYA0BCF,2026-07-01 07:28:19.891981+00:00,boundary,85,10,2,3,43,0,1,3,1,2,10,3,1,17,2.803,0.05
ses_20260701-072435-CHAITANYA0BCF,2026-07-01 07:28:45.190951+00:00,boundary,81,10,1,2,29,0,1,3,1,4,16,3,1,16,3.487,0.05
ses_20260701-072435-CHAITANYA0BCF,2026-07-01 07:29:06.130973+00:00,boundary,70,10,1,2,28,0,1,3,1,2,12,3,1,15,2.267,0.051
ses_20260701-072435-CHAITANYA0BCF,2026-07-01 07:29:06.132297+00:00,boundary,70,10,1,2,28,0,1,3,1,2,12,3,1,15,2.267,0.051
ses_20260701-072435-CHAITANYA0BCF,2026-07-01 07:29:25.595060+00:00,boundary,70,9,1,2,29,0,0,3,1,2,12,3,1,15,2.499,0.049
ses_20260701-072435-CHAITANYA0BCF,2026-07-01 07:29:25.596660+00:00,boundary,70,9,1,2,29,0,0,3,1,2,12,3,1,15,2.499,0.049
ses_20260701-072435-CHAITANYA0BCF,2026-07-01 07:29:49.768939+00:00,boundary,75,10,1,2,28,0,1,3,1,2,14,3,1,16,2.713,0.0535
ses_20260701-072435-CHAITANYA0BCF,2026-07-01 07:29:49.770549+00:00,boundary,75,10,1,2,28,0,1,3,1,2,14,3,1,16,2.713,0.0535
ses_20260701-072435-CHAITANYA0BCF,2026-07-01 07:30:18.622009+00:00,boundary,60,9,2,2,16,0,0,3,1,4,14,3,2,11,5.914,0.053
ses_20260701-072435-CHAITANYA0BCF,2026-07-01 07:30:55.647461+00:00,boundary,11,6,1,1,1,0,1,1,0,0,4,1,0,3,3.43,0.034
ses_20260701-072435-CHAITANYA0BCF,2026-07-01 07:30:55.653731+00:00,boundary,11,6,1,1,1,0,1,1,0,0,4,1,0,3,3.43,0.034
ses_20260701-072435-CHAITANYA0BCF,2026-07-01 07:31:31.659668+00:00,boundary,81,10,1,2,29,0,1,3,1,4,16,3,1,16,2.816,0.0565
ses_20260701-072435-CHAITANYA0BCF,2026-07-01 07:31:31.662514+00:00,boundary,81,10,1,2,29,0,1,3,1,4,16,3,1,16,2.816,0.0565
ses_20260701-072435-CHAITANYA0BCF,2026-07-01 07:32:30.057780+00:00,boundary,22,9,1,1,1,0,0,1,0,1,8,1,1,5,12.658,0.045
ses_20260701-072435-CHAITANYA0BCF,2026-07-01 07:32:58.651060+00:00,boundary,28,9,1,1,1,0,0,2,1,3,8,2,1,6,2.581,0.051
ses_20260701-072435-CHAITANYA0BCF,2026-07-01 07:33:24.348280+00:00,boundary,53,8,1,2,28,0,1,1,0,1,8,1,0,10,1.658,0.05
ses_20260701-072435-CHAITANYA0BCF,2026-07-01 07:33:50.909117+00:00,boundary,70,10,1,2,29,0,1,3,1,2,10,3,1,15,3.356,0.051
ses_20260701-072435-CHAITANYA0BCF,2026-07-01 07:34:21.533316+00:00,boundary,51,9,2,2,16,0,0,3,1,2,10,3,2,10,6.948,0.0455
ses_20260701-072435-CHAITANYA0BCF,2026-07-01 07:34:44.057909+00:00,boundary,73,9,1,2,30,0,0,3,1,3,12,3,1,15,2.756,0.052
ses_20260701-072435-CHAITANYA0BCF,2026-07-01 07:34:45.989521+00:00,boundary,79,9,1,2,29,0,0,3,1,4,16,3,1,15,2.756,0.05
ses_20260701-072435-CHAITANYA0BCF,2026-07-01 07:35:16.015737+00:00,boundary,30,10,1,1,1,0,3,2,1,1,8,2,1,8,5.848,0.06
ses_20260701-072435-CHAITANYA0BCF,2026-07-01 07:35:16.016259+00:00,boundary,30,10,1,1,1,0,3,2,1,1,8,2,1,8,5.848,0.06
ses_20260701-072435-CHAITANYA0BCF,2026-07-01 07:35:38.430951+00:00,boundary,80,10,1,2,29,0,1,3,1,4,16,3,1,15,2.839,0.05
ses_20260701-072435-CHAITANYA0BCF,2026-07-01 07:36:03.475395+00:00,boundary,60,10,1,2,28,0,1,3,1,1,6,3,1,13,3.226,0.053
ses_20260701-072435-CHAITANYA0BCF,2026-07-01 07:36:03.476917+00:00,boundary,60,10,1,2,28,0,1,3,1,1,6,3,1,13,3.226,0.053
ses_20260701-072435-CHAITANYA0BCF,2026-07-01 07:37:03.856574+00:00,boundary,78,10,2,3,43,0,1,3,1,2,6,3,1,15,2.956,0.05
ses_20260701-072435-CHAITANYA0BCF,2026-07-01 07:38:07.920721+00:00,boundary,22,9,1,1,1,0,1,1,0,1,8,1,1,5,2.517,0.051
ses_20260701-072435-CHAITANYA0BCF,2026-07-01 07:38:07.922313+00:00,boundary,22,9,1,1,1,0,1,1,0,1,8,1,1,5,2.517,0.051
ses_20260701-072435-CHAITANYA0BCF,2026-07-01 07:38:35.102529+00:00,boundary,70,9,3,4,39,0,0,3,1,1,8,3,1,13,3.368,0.05
ses_20260701-072435-CHAITANYA0BCF,2026-07-01 07:38:35.104298+00:00,boundary,70,9,3,4,39,0,0,3,1,1,8,3,1,13,3.368,0.05
ses_20260701-072435-CHAITANYA0BCF,2026-07-01 07:39:38.713421+00:00,boundary,86,10,2,3,41,0,1,3,1,2,14,3,1,16,2.77,0.052
ses_20260701-072435-CHAITANYA0BCF,2026-07-01 07:40:36.980115+00:00,boundary,20,8,1,1,1,0,0,1,0,1,8,1,1,4,2.458,0.052
ses_20260701-072435-CHAITANYA0BCF,2026-07-01 07:41:37.860086+00:00,boundary,43,7,2,3,28,1,1,1,0,0,0,1,0,10,2.741,0.0575
ses_20260701-072435-CHAITANYA0BCF,2026-07-01 07:41:37.861649+00:00,boundary,43,7,2,3,28,1,1,1,0,0,0,1,0,10,2.741,0.0575
ses_20260701-072435-CHAITANYA0BCF,2026-07-01 07:42:13.583645+00:00,boundary,53,9,2,2,15,0,0,3,1,3,10,3,2,11,5.716,0.066
ses_20260701-072435-CHAITANYA0BCF,2026-07-01 07:42:50.259856+00:00,boundary,67,9,2,3,42,0,1,3,1,1,2,3,0,13,2.884,0.054
ses_20260701-072435-CHAITANYA0BCF,2026-07-01 07:42:50.261172+00:00,boundary,67,9,2,3,42,0,1,3,1,1,2,3,0,13,2.884,0.054
ses_20260701-072435-CHAITANYA0BCF,2026-07-01 07:43:26.564911+00:00,boundary,49,9,2,2,14,0,0,3,1,3,10,3,2,8,6.858,0.0505
ses_20260701-072435-CHAITANYA0BCF,2026-07-01 07:44:00.157697+00:00,boundary,85,10,2,3,44,0,1,3,1,2,10,3,1,16,2.743,0.051
ses_20260701-072435-CHAITANYA0BCF,2026-07-01 07:44:00.159293+00:00,boundary,85,10,2,3,44,0,1,3,1,2,10,3,1,16,2.743,0.051
ses_20260701-072435-CHAITANYA0BCF,2026-07-01 07:45:46.211628+00:00,boundary,13,7,1,1,2,0,1,1,0,0,2,1,0,5,3.242,0.0595
ses_20260701-072435-CHAITANYA0BCF,2026-07-01 07:45:46.214246+00:00,boundary,13,7,1,1,2,0,1,1,0,0,2,1,0,5,3.242,0.0595
ses_20260701-072435-CHAITANYA0BCF,2026-07-01 07:46:26.250448+00:00,boundary,37,9,3,3,14,0,0,3,1,1,4,3,2,7,6.858,0.0535
ses_20260701-072435-CHAITANYA0BCF,2026-07-01 07:47:02.368983+00:00,boundary,50,10,2,2,14,0,1,3,1,2,10,3,2,10,3.984,0.05
ses_20260701-072435-CHAITANYA0BCF,2026-07-01 07:47:02.369651+00:00,boundary,50,10,2,2,14,0,1,3,1,2,10,3,2,10,3.984,0.05
ses_20260701-072435-CHAITANYA0BCF,2026-07-01 07:47:28.899845+00:00,boundary,48,9,1,1,2,0,0,3,1,4,16,3,2,10,6.539,0.04
ses_20260701-074424-SIDDHIGUPTAB00B,2026-07-01 07:45:12.997793+00:00,boundary,34,7,2,2,19,0,1,1,0,0,2,1,0,9,2.498,0.104
ses_20260701-074424-SIDDHIGUPTAB00B,2026-07-01 07:45:39.656514+00:00,boundary,63,10,1,2,22,0,1,3,1,2,12,3,1,13,3.427,0.041999999999999996
ses_20260701-074424-SIDDHIGUPTAB00B,2026-07-01 07:45:39.662172+00:00,boundary,63,10,1,2,22,0,1,3,1,2,12,3,1,13,3.427,0.041999999999999996
ses_20260701-074424-SIDDHIGUPTAB00B,2026-07-01 07:46:10.386051+00:00,boundary,75,10,1,2,27,0,1,3,1,4,14,3,1,14,2.796,0.047
ses_20260701-074424-SIDDHIGUPTAB00B,2026-07-01 07:46:10.418033+00:00,boundary,75,10,1,2,27,0,1,3,1,4,14,3,1,14,2.796,0.047
ses_20260701-074424-SIDDHIGUPTAB00B,2026-07-01 07:47:03.380540+00:00,boundary,44,8,1,2,19,0,1,1,0,1,8,1,0,10,2.828,0.05
ses_20260701-074424-SIDDHIGUPTAB00B,2026-07-01 07:47:03.383708+00:00,boundary,44,8,1,2,19,0,1,1,0,1,8,1,0,10,2.828,0.05
ses_20260701-074424-SIDDHIGUPTAB00B,2026-07-01 07:47:35.259523+00:00,boundary,79,9,2,3,39,0,0,3,1,2,10,3,1,16,2.843,0.0455
ses_20260701-074424-SIDDHIGUPTAB00B,2026-07-01 07:47:35.261277+00:00,boundary,79,9,2,3,39,0,0,3,1,2,10,3,1,16,2.843,0.0455
ses_20260701-074424-SIDDHIGUPTAB00B,2026-07-01 07:47:55.606310+00:00,boundary,17,8,1,1,0,0,0,2,1,1,4,2,1,5,1.355,0.063
ses_20260701-074424-SIDDHIGUPTAB00B,2026-07-01 07:48:23.531923+00:00,boundary,102,8,2,3,17,0,1,1,0,0,4,2,63,12,3.016,0.017
ses_20260701-074424-SIDDHIGUPTAB00B,2026-07-01 07:49:48.960688+00:00,boundary,35,8,1,2,10,0,3,1,0,1,8,1,0,8,6.477,0.0555
ses_20260701-074424-SIDDHIGUPTAB00B,2026-07-01 07:49:48.968251+00:00,boundary,35,8,1,2,10,0,3,1,0,1,8,1,0,8,6.477,0.0555
ses_20260701-074424-SIDDHIGUPTAB00B,2026-07-01 07:50:18.958385+00:00,boundary,57,10,2,3,31,0,1,3,1,1,2,3,1,13,3.064,0.057999999999999996
ses_20260701-074424-SIDDHIGUPTAB00B,2026-07-01 07:50:18.960136+00:00,boundary,57,10,2,3,31,0,1,3,1,1,2,3,1,13,3.064,0.057999999999999996
ses_20260701-074424-SIDDHIGUPTAB00B,2026-07-01 07:51:15.385712+00:00,boundary,60,11,2,3,31,0,1,1,0,1,6,1,3,12,3.83,0.059
ses_20260701-074424-SIDDHIGUPTAB00B,2026-07-01 07:51:15.388647+00:00,boundary,60,11,2,3,31,0,1,1,0,1,6,1,3,12,3.83,0.059
ses_20260701-074424-SIDDHIGUPTAB00B,2026-07-01 07:52:11.605242+00:00,boundary,32,9,1,2,4,0,2,1,0,1,8,1,0,11,4.387,0.089
ses_20260701-074424-SIDDHIGUPTAB00B,2026-07-01 07:52:11.624947+00:00,boundary,32,9,1,2,4,0,2,1,0,1,8,1,0,11,4.387,0.089
ses_20260701-074424-SIDDHIGUPTAB00B,2026-07-01 07:52:35.292923+00:00,boundary,51,9,1,2,5,0,0,3,1,4,16,3,1,11,3.405,0.0365
ses_20260701-074424-SIDDHIGUPTAB00B,2026-07-01 07:52:35.294558+00:00,boundary,51,9,1,2,5,0,0,3,1,4,16,3,1,11,3.405,0.0365
ses_20260701-074424-SIDDHIGUPTAB00B,2026-07-01 07:53:02.022387+00:00,boundary,46,9,2,3,10,0,0,3,1,2,10,3,1,12,2.978,0.069
ses_20260701-074424-SIDDHIGUPTAB00B,2026-07-01 07:53:02.027509+00:00,boundary,46,9,2,3,10,0,0,3,1,2,10,3,1,12,2.978,0.069
ses_20260701-074424-SIDDHIGUPTAB00B,2026-07-01 07:53:27.379888+00:00,boundary,40,10,1,1,1,0,1,3,1,2,12,3,2,10,3.733,0.051
ses_20260701-074424-SIDDHIGUPTAB00B,2026-07-01 07:53:27.382653+00:00,boundary,40,10,1,1,1,0,1,3,1,2,12,3,2,10,3.733,0.051
ses_20260701-074424-SIDDHIGUPTAB00B,2026-07-01 07:53:50.121830+00:00,boundary,41,10,1,1,1,0,1,3,1,2,12,3,2,11,4.371,0.054
ses_20260701-074424-SIDDHIGUPTAB00B,2026-07-01 07:53:50.174603+00:00,boundary,41,10,1,1,1,0,1,3,1,2,12,3,2,11,4.371,0.054
ses_20260701-074424-SIDDHIGUPTAB00B,2026-07-01 07:54:18.887125+00:00,boundary,50,10,2,2,14,0,1,3,1,2,10,3,2,10,3.91,0.05
ses_20260701-074424-SIDDHIGUPTAB00B,2026-07-01 07:54:18.895078+00:00,boundary,50,10,2,2,14,0,1,3,1,2,10,3,2,10,3.91,0.05
ses_20260701-074424-SIDDHIGUPTAB00B,2026-07-01 07:54:42.045487+00:00,boundary,44,8,1,1,0,0,0,3,1,4,16,3,2,8,5.857,0.048
ses_20260701-074424-SIDDHIGUPTAB00B,2026-07-01 07:55:09.988162+00:00,boundary,69,9,1,2,28,0,0,3,1,2,14,3,1,13,3.044,0.049
ses_20260701-074424-SIDDHIGUPTAB00B,2026-07-01 07:55:09.989703+00:00,boundary,69,9,1,2,28,0,0,3,1,2,14,3,1,13,3.044,0.049
ses_20260701-074424-SIDDHIGUPTAB00B,2026-07-01 07:55:41.928836+00:00,boundary,67,10,2,3,36,0,1,3,1,1,4,3,1,15,2.97,0.054
ses_20260701-074424-SIDDHIGUPTAB00B,2026-07-01 07:55:41.935809+00:00,boundary,67,10,2,3,36,0,1,3,1,1,4,3,1,15,2.97,0.054
ses_20260701-074424-SIDDHIGUPTAB00B,2026-07-01 07:56:07.741614+00:00,boundary,51,10,1,1,2,0,1,3,1,4,16,3,2,12,4.166,0.049
ses_20260701-074424-SIDDHIGUPTAB00B,2026-07-01 07:56:07.745413+00:00,boundary,51,10,1,1,2,0,1,3,1,4,16,3,2,12,4.166,0.049
ses_20260701-074424-SIDDHIGUPTAB00B,2026-07-01 07:56:28.344281+00:00,boundary,28,8,1,1,0,0,0,3,1,1,8,3,2,7,6.555,0.097
ses_20260701-074424-SIDDHIGUPTAB00B,2026-07-01 07:56:55.805279+00:00,boundary,81,10,2,3,40,0,1,3,1,2,10,3,1,16,2.617,0.0505
ses_20260701-074424-SIDDHIGUPTAB00B,2026-07-01 07:56:55.807530+00:00,boundary,81,10,2,3,40,0,1,3,1,2,10,3,1,16,2.617,0.0505
ses_20260701-074424-SIDDHIGUPTAB00B,2026-07-01 07:59:43.113708+00:00,boundary,33,5,1,2,23,0,1,1,0,0,0,1,0,7,3.193,0.0315
ses_20260701-074424-SIDDHIGUPTAB00B,2026-07-01 07:59:43.121679+00:00,boundary,33,5,1,2,23,0,1,1,0,0,0,1,0,7,3.193,0.0315
ses_20260701-074424-SIDDHIGUPTAB00B,2026-07-01 08:01:38.407143+00:00,boundary,27,11,1,1,2,0,1,1,0,1,8,1,1,7,3.214,0.0505
ses_20260701-074424-SIDDHIGUPTAB00B,2026-07-01 08:01:38.416584+00:00,boundary,27,11,1,1,2,0,1,1,0,1,8,1,1,7,3.214,0.0505
ses_20260701-074424-SIDDHIGUPTAB00B,2026-07-01 08:02:00.270497+00:00,boundary,64,10,1,2,27,0,1,3,1,3,8,3,1,13,3.166,0.04
ses_20260701-074424-SIDDHIGUPTAB00B,2026-07-01 08:02:01.866470+00:00,boundary,77,10,1,2,26,0,1,3,1,4,16,3,1,15,3.166,0.0385
ses_20260701-074424-SIDDHIGUPTAB00B,2026-07-01 08:02:27.669280+00:00,boundary,58,10,2,3,21,0,1,3,1,4,8,3,1,12,3.393,0.052
ses_20260701-074424-SIDDHIGUPTAB00B,2026-07-01 08:02:27.670865+00:00,boundary,58,10,2,3,21,0,1,3,1,4,8,3,1,12,3.393,0.052
ses_20260701-074424-SIDDHIGUPTAB00B,2026-07-01 08:03:09.844520+00:00,boundary,65,11,2,3,35,1,1,3,1,2,4,3,1,12,3.303,0.045
ses_20260701-074424-SIDDHIGUPTAB00B,2026-07-01 08:03:09.861974+00:00,boundary,65,11,2,3,35,1,1,3,1,2,4,3,1,12,3.303,0.045
ses_20260701-074424-SIDDHIGUPTAB00B,2026-07-01 08:04:18.681730+00:00,boundary,61,9,2,3,33,0,0,3,1,2,4,3,1,12,3.819,0.051000000000000004
ses_20260701-074424-SIDDHIGUPTAB00B,2026-07-01 08:04:18.683976+00:00,boundary,61,9,2,3,33,0,0,3,1,2,4,3,1,12,3.819,0.051000000000000004
ses_20260701-074424-SIDDHIGUPTAB00B,2026-07-01 08:04:56.179003+00:00,boundary,32,10,1,1,0,0,1,3,1,3,8,3,2,6,4.125,0.058
ses_20260701-074424-SIDDHIGUPTAB00B,2026-07-01 08:04:56.183704+00:00,boundary,32,10,1,1,0,0,1,3,1,3,8,3,2,6,4.125,0.058
ses_20260701-074424-SIDDHIGUPTAB00B,2026-07-01 08:05:36.415614+00:00,boundary,57,10,2,2,14,0,1,3,1,3,12,3,2,13,4.117,0.0515
ses_20260701-074424-SIDDHIGUPTAB00B,2026-07-01 08:05:36.418556+00:00,boundary,57,10,2,2,14,0,1,3,1,3,12,3,2,13,4.117,0.0515
ses_20260701-074424-SIDDHIGUPTAB00B,2026-07-01 08:06:05.779015+00:00,boundary,48,9,1,1,2,0,0,3,1,4,16,3,2,10,6.367,0.033
ses_20260701-074424-SIDDHIGUPTAB00B,2026-07-01 08:06:36.019722+00:00,boundary,69,9,3,4,41,0,0,3,1,1,4,3,1,14,3.255,0.0525
ses_20260701-074424-SIDDHIGUPTAB00B,2026-07-01 08:06:36.024314+00:00,boundary,69,9,3,4,41,0,0,3,1,1,4,3,1,14,3.255,0.0525
ses_20260701-075548-CHAITANYA0BCF,2026-07-01 07:56:42.270150+00:00,boundary,25,8,1,1,2,0,1,1,0,0,8,1,0,7,3.083,0.0645
ses_20260701-075548-CHAITANYA0BCF,2026-07-01 07:57:06.849430+00:00,boundary,79,10,1,2,28,0,1,3,1,4,16,3,1,15,2.608,0.0495
ses_20260701-075548-CHAITANYA0BCF,2026-07-01 07:57:06.851035+00:00,boundary,79,10,1,2,28,0,1,3,1,4,16,3,1,15,2.608,0.0495
ses_20260701-075548-CHAITANYA0BCF,2026-07-01 07:57:27.708143+00:00,boundary,68,9,1,2,27,0,0,3,1,2,12,3,1,15,2.771,0.055
ses_20260701-075548-CHAITANYA0BCF,2026-07-01 07:57:27.709689+00:00,boundary,68,9,1,2,27,0,0,3,1,2,12,3,1,15,2.771,0.055
ses_20260701-075548-CHAITANYA0BCF,2026-07-01 07:57:53.711393+00:00,boundary,89,10,2,3,44,0,1,3,1,2,14,3,1,16,3.283,0.052
ses_20260701-075548-CHAITANYA0BCF,2026-07-01 07:57:53.718046+00:00,boundary,89,10,2,3,44,0,1,3,1,2,14,3,1,16,3.283,0.052
ses_20260701-075548-CHAITANYA0BCF,2026-07-01 07:58:19.644034+00:00,boundary,47,9,1,1,1,0,0,3,1,4,16,3,2,10,6.703,0.0495
ses_20260701-075548-CHAITANYA0BCF,2026-07-01 07:58:43.023489+00:00,boundary,79,9,1,2,29,0,0,3,1,4,16,3,1,15,2.869,0.0505
ses_20260701-075548-CHAITANYA0BCF,2026-07-01 07:59:07.355562+00:00,boundary,71,10,1,2,29,0,1,3,1,2,12,3,1,14,2.878,0.052
ses_20260701-075548-CHAITANYA0BCF,2026-07-01 07:59:07.356083+00:00,boundary,71,10,1,2,29,0,1,3,1,2,12,3,1,14,2.878,0.052
ses_20260701-075548-CHAITANYA0BCF,2026-07-01 07:59:33.322581+00:00,boundary,28,11,2,2,2,0,1,3,1,1,4,3,2,8,4.005,0.081
ses_20260701-075548-CHAITANYA0BCF,2026-07-01 08:00:07.595773+00:00,boundary,53,11,2,2,15,0,1,3,1,2,10,3,2,11,4.2,0.047
ses_20260701-075548-CHAITANYA0BCF,2026-07-01 08:00:07.596301+00:00,boundary,53,11,2,2,15,0,1,3,1,2,10,3,2,11,4.2,0.047
ses_20260701-075548-CHAITANYA0BCF,2026-07-01 08:00:36.382615+00:00,boundary,34,10,2,2,1,0,1,3,1,3,10,3,2,7,4.521,0.044
ses_20260701-075548-CHAITANYA0BCF,2026-07-01 08:00:36.384332+00:00,boundary,34,10,2,2,1,0,1,3,1,3,10,3,2,7,4.521,0.044
ses_20260701-075548-CHAITANYA0BCF,2026-07-01 08:01:09.013482+00:00,boundary,52,10,2,2,15,1,0,3,1,4,8,3,2,11,6.075,0.055
ses_20260701-075548-CHAITANYA0BCF,2026-07-01 08:01:49.778355+00:00,boundary,82,9,2,3,42,0,0,3,1,2,10,3,1,16,3.539,0.05
ses_20260701-075548-CHAITANYA0BCF,2026-07-01 08:01:49.779391+00:00,boundary,82,9,2,3,42,0,0,3,1,2,10,3,1,16,3.539,0.05
ses_20260701-075548-CHAITANYA0BCF,2026-07-01 08:02:18.771756+00:00,boundary,75,10,1,2,28,0,1,3,1,4,14,3,1,14,3.202,0.052
ses_20260701-075548-CHAITANYA0BCF,2026-07-01 08:02:18.773482+00:00,boundary,75,10,1,2,28,0,1,3,1,4,14,3,1,14,3.202,0.052
ses_20260701-075548-CHAITANYA0BCF,2026-07-01 08:02:42.304504+00:00,boundary,32,10,1,1,1,0,1,3,1,1,8,3,2,9,3.555,0.07
ses_20260701-075548-CHAITANYA0BCF,2026-07-01 08:02:43.875114+00:00,boundary,29,10,1,1,1,0,1,3,1,1,6,3,2,8,3.555,0.0795
ses_20260701-075548-CHAITANYA0BCF,2026-07-01 08:04:53.010769+00:00,boundary,11,7,3,3,2,0,0,1,0,0,2,1,1,3,6.517,0.048
ses_20260701-075548-CHAITANYA0BCF,2026-07-01 08:05:30.337939+00:00,boundary,53,10,2,2,15,0,1,3,1,2,10,3,2,12,4.331,0.046
ses_20260701-075548-CHAITANYA0BCF,2026-07-01 08:05:30.339451+00:00,boundary,53,10,2,2,15,0,1,3,1,2,10,3,2,12,4.331,0.046
ses_20260701-075548-CHAITANYA0BCF,2026-07-01 08:05:53.719882+00:00,boundary,62,10,2,3,28,0,1,3,1,2,6,3,1,14,3.195,0.054
ses_20260701-075548-CHAITANYA0BCF,2026-07-01 08:06:27.492670+00:00,boundary,78,10,2,3,41,0,1,3,1,2,8,3,1,14,3.857,0.049
ses_20260701-075548-CHAITANYA0BCF,2026-07-01 08:06:27.494640+00:00,boundary,78,10,2,3,41,0,1,3,1,2,8,3,1,14,3.857,0.049
ses_20260701-075548-CHAITANYA0BCF,2026-07-01 08:06:56.323092+00:00,boundary,38,10,2,2,1,0,1,3,1,4,10,3,2,8,3.861,0.061
ses_20260701-075548-CHAITANYA0BCF,2026-07-01 08:06:56.325247+00:00,boundary,38,10,2,2,1,0,1,3,1,4,10,3,2,8,3.861,0.061
ses_20260701-075548-CHAITANYA0BCF,2026-07-01 08:07:31.089425+00:00,boundary,67,11,2,2,16,1,1,3,1,4,16,3,2,13,3.355,0.0465
ses_20260701-075548-CHAITANYA0BCF,2026-07-01 08:07:31.089937+00:00,boundary,67,11,2,2,16,1,1,3,1,4,16,3,2,13,3.355,0.0465
ses_20260701-075548-CHAITANYA0BCF,2026-07-01 08:08:01.276208+00:00,boundary,79,9,1,2,29,0,0,3,1,4,16,3,1,15,3.014,0.0515
ses_20260701-075548-CHAITANYA0BCF,2026-07-01 08:08:01.277743+00:00,boundary,79,9,1,2,29,0,0,3,1,4,16,3,1,15,3.014,0.0515
ses_20260701-075548-CHAITANYA0BCF,2026-07-01 08:08:22.728546+00:00,boundary,59,9,2,3,29,0,0,3,1,2,6,3,1,12,2.934,0.051
ses_20260701-075548-CHAITANYA0BCF,2026-07-01 08:09:01.169841+00:00,boundary,47,10,2,2,15,1,0,3,1,3,6,3,3,9,6.515,0.051500000000000004
ses_20260701-075548-CHAITANYA0BCF,2026-07-01 08:09:37.618645+00:00,boundary,65,9,1,2,27,0,0,3,1,2,10,3,1,14,3.446,0.052
ses_20260701-075548-CHAITANYA0BCF,2026-07-01 08:09:37.621174+00:00,boundary,65,9,1,2,27,0,0,3,1,2,10,3,1,14,3.446,0.052
ses_20260701-075604-LAPTOP-0IM1OHQH,2026-07-01 07:56:43.819199+00:00,boundary,40,7,2,2,24,0,1,1,0,0,2,2,0,9,4.151,0.063
ses_20260701-075604-LAPTOP-0IM1OHQH,2026-07-01 07:57:12.249229+00:00,boundary,68,10,1,2,27,0,1,3,1,1,12,3,1,14,3.261,0.055
ses_20260701-075604-LAPTOP-0IM1OHQH,2026-07-01 07:57:12.251773+00:00,boundary,68,10,1,2,27,0,1,3,1,1,12,3,1,14,3.261,0.055
ses_20260701-075604-LAPTOP-0IM1OHQH,2026-07-01 07:57:39.461211+00:00,boundary,69,8,2,3,36,0,0,3,1,0,8,3,1,13,3.055,0.057
ses_20260701-075604-LAPTOP-0IM1OHQH,2026-07-01 07:57:39.463319+00:00,boundary,69,8,2,3,36,0,0,3,1,0,8,3,1,13,3.055,0.057
ses_20260701-075604-LAPTOP-0IM1OHQH,2026-07-01 07:58:08.323232+00:00,boundary,61,10,2,3,27,0,1,3,1,1,8,3,1,12,3.0,0.0535
ses_20260701-075604-LAPTOP-0IM1OHQH,2026-07-01 07:58:08.325444+00:00,boundary,61,10,2,3,27,0,1,3,1,1,8,3,1,12,3.0,0.0535
ses_20260701-075604-LAPTOP-0IM1OHQH,2026-07-01 07:58:49.492663+00:00,boundary,47,10,2,2,10,0,1,3,1,2,10,3,2,11,3.554,0.0865
ses_20260701-075604-LAPTOP-0IM1OHQH,2026-07-01 07:58:49.508493+00:00,boundary,47,10,2,2,10,0,1,3,1,2,10,3,2,11,3.554,0.0865
ses_20260701-075604-LAPTOP-0IM1OHQH,2026-07-01 07:59:08.392327+00:00,boundary,23,9,1,1,0,0,1,3,1,1,4,3,2,7,3.246,0.0975
ses_20260701-075604-LAPTOP-0IM1OHQH,2026-07-01 07:59:08.395632+00:00,boundary,23,9,1,1,0,0,1,3,1,1,4,3,2,7,3.246,0.0975
ses_20260701-075604-LAPTOP-0IM1OHQH,2026-07-01 07:59:58.739289+00:00,boundary,56,11,2,3,15,0,1,3,1,2,10,3,1,14,2.889,0.067
ses_20260701-075604-LAPTOP-0IM1OHQH,2026-07-01 07:59:58.756007+00:00,boundary,56,11,2,3,15,0,1,3,1,2,10,3,1,14,2.889,0.067
ses_20260701-075604-LAPTOP-0IM1OHQH,2026-07-01 08:00:35.182148+00:00,boundary,57,12,2,2,14,1,1,3,1,2,12,3,2,12,2.947,0.0645
ses_20260701-075604-LAPTOP-0IM1OHQH,2026-07-01 08:00:35.184369+00:00,boundary,57,12,2,2,14,1,1,3,1,2,12,3,2,12,2.947,0.0645
ses_20260701-075604-LAPTOP-0IM1OHQH,2026-07-01 08:00:58.585127+00:00,boundary,70,10,1,2,23,0,1,3,1,1,16,3,1,14,2.899,0.061
ses_20260701-075604-LAPTOP-0IM1OHQH,2026-07-01 08:00:58.587580+00:00,boundary,70,10,1,2,23,0,1,3,1,1,16,3,1,14,2.899,0.061
ses_20260701-075604-LAPTOP-0IM1OHQH,2026-07-01 08:01:28.629909+00:00,boundary,42,10,2,2,8,0,1,3,1,1,8,3,2,11,3.689,0.129
ses_20260701-075604-LAPTOP-0IM1OHQH,2026-07-01 08:01:29.839096+00:00,boundary,34,10,2,2,8,0,1,3,1,1,4,3,2,9,3.689,0.14
ses_20260701-075604-LAPTOP-0IM1OHQH,2026-07-01 08:02:07.764075+00:00,boundary,63,10,1,2,16,0,1,3,1,2,14,3,1,15,3.089,0.066
ses_20260701-075604-LAPTOP-0IM1OHQH,2026-07-01 08:02:07.780784+00:00,boundary,63,10,1,2,16,0,1,3,1,2,14,3,1,15,3.089,0.066
ses_20260701-075604-LAPTOP-0IM1OHQH,2026-07-01 08:02:37.964409+00:00,boundary,59,9,2,3,34,0,1,3,1,0,2,3,1,13,3.239,0.069
ses_20260701-075604-LAPTOP-0IM1OHQH,2026-07-01 08:02:37.984537+00:00,boundary,59,9,2,3,34,0,1,3,1,0,2,3,1,13,3.239,0.069
ses_20260701-075604-LAPTOP-0IM1OHQH,2026-07-01 08:03:26.559884+00:00,boundary,40,10,1,1,1,0,1,3,1,1,14,3,1,9,3.883,0.087
ses_20260701-075604-LAPTOP-0IM1OHQH,2026-07-01 08:03:26.562380+00:00,boundary,40,10,1,1,1,0,1,3,1,1,14,3,1,9,3.883,0.087
ses_20260701-075604-LAPTOP-0IM1OHQH,2026-07-01 08:04:30.810480+00:00,boundary,33,7,2,3,21,0,1,1,0,0,2,1,0,6,3.113,0.033
ses_20260701-075604-LAPTOP-0IM1OHQH,2026-07-01 08:04:30.812611+00:00,boundary,33,7,2,3,21,0,1,1,0,0,2,1,0,6,3.113,0.033
ses_20260701-075604-LAPTOP-0IM1OHQH,2026-07-01 08:05:10.562371+00:00,boundary,77,9,2,3,40,0,1,3,1,0,10,3,1,14,3.333,0.0525
ses_20260701-075604-LAPTOP-0IM1OHQH,2026-07-01 08:05:10.578900+00:00,boundary,77,9,2,3,40,0,1,3,1,0,10,3,1,14,3.333,0.0525
ses_20260701-075604-LAPTOP-0IM1OHQH,2026-07-01 08:05:59.097242+00:00,boundary,29,5,1,2,20,0,1,1,0,0,0,1,0,6,1.588,0.051000000000000004
ses_20260701-075604-LAPTOP-0IM1OHQH,2026-07-01 08:05:59.114164+00:00,boundary,29,5,1,2,20,0,1,1,0,0,0,1,0,6,1.588,0.051000000000000004
ses_20260701-075604-LAPTOP-0IM1OHQH,2026-07-01 08:06:48.369221+00:00,boundary,52,10,2,2,10,0,1,3,1,1,14,3,3,10,3.636,0.104
ses_20260701-075604-LAPTOP-0IM1OHQH,2026-07-01 08:06:48.371748+00:00,boundary,52,10,2,2,10,0,1,3,1,1,14,3,3,10,3.636,0.104
ses_20260701-075604-LAPTOP-0IM1OHQH,2026-07-01 08:07:37.213279+00:00,boundary,48,6,2,2,26,0,0,1,0,0,8,1,0,9,2.386,0.052
ses_20260701-075604-LAPTOP-0IM1OHQH,2026-07-01 08:07:37.230364+00:00,boundary,48,6,2,2,26,0,0,1,0,0,8,1,0,9,2.386,0.052
ses_20260701-075604-LAPTOP-0IM1OHQH,2026-07-01 08:08:07.241257+00:00,boundary,64,9,2,3,37,0,1,3,1,0,2,3,1,15,2.888,0.059
ses_20260701-075604-LAPTOP-0IM1OHQH,2026-07-01 08:08:07.244350+00:00,boundary,64,9,2,3,37,0,1,3,1,0,2,3,1,15,2.888,0.059
ses_20260701-075604-LAPTOP-0IM1OHQH,2026-07-01 08:08:57.783926+00:00,boundary,39,9,1,1,1,0,1,3,1,0,13,3,2,10,3.983,0.04
ses_20260701-075604-LAPTOP-0IM1OHQH,2026-07-01 08:08:57.803021+00:00,boundary,39,9,1,1,1,0,1,3,1,0,13,3,2,10,3.983,0.04
ses_20260701-075604-LAPTOP-0IM1OHQH,2026-07-01 08:09:22.159117+00:00,boundary,35,9,2,2,9,0,1,3,1,0,4,3,2,10,4.249,0.092
ses_20260701-075604-LAPTOP-0IM1OHQH,2026-07-01 08:09:22.162207+00:00,boundary,35,9,2,2,9,0,1,3,1,0,4,3,2,10,4.249,0.092
ses_20260701-075604-LAPTOP-0IM1OHQH,2026-07-01 08:10:02.197716+00:00,boundary,68,9,2,3,37,0,0,3,1,1,4,3,1,16,2.908,0.056
ses_20260701-075604-LAPTOP-0IM1OHQH,2026-07-01 08:10:02.200017+00:00,boundary,68,9,2,3,37,0,0,3,1,1,4,3,1,16,2.908,0.056
ses_20260701-075604-LAPTOP-0IM1OHQH,2026-07-01 08:10:39.702925+00:00,boundary,81,10,2,3,37,0,1,3,1,1,12,3,1,17,2.853,0.0565
ses_20260701-075604-LAPTOP-0IM1OHQH,2026-07-01 08:10:39.705254+00:00,boundary,81,10,2,3,37,0,1,3,1,1,12,3,1,17,2.853,0.0565
ses_20260701-075604-LAPTOP-0IM1OHQH,2026-07-01 08:11:00.705404+00:00,boundary,35,8,1,1,1,0,0,3,1,0,12,3,2,9,6.292,0.0435
ses_20260701-075604-LAPTOP-0IM1OHQH,2026-07-01 08:11:19.313162+00:00,boundary,38,9,1,1,1,0,1,3,1,0,12,3,2,11,3.448,0.027
ses_20260701-075604-LAPTOP-0IM1OHQH,2026-07-01 08:11:19.315460+00:00,boundary,38,9,1,1,1,0,1,3,1,0,12,3,2,11,3.448,0.027
ses_20260701-075604-LAPTOP-0IM1OHQH,2026-07-01 08:11:42.345183+00:00,boundary,43,10,1,1,1,0,1,3,1,1,14,3,2,11,4.457,0.039
ses_20260701-075604-LAPTOP-0IM1OHQH,2026-07-01 08:11:42.347996+00:00,boundary,43,10,1,1,1,0,1,3,1,1,14,3,2,11,4.457,0.039
ses_20260701-075604-LAPTOP-0IM1OHQH,2026-07-01 08:12:10.735945+00:00,boundary,49,9,2,2,10,0,0,3,1,2,12,3,2,11,6.224,0.0695
ses_20260701-075604-LAPTOP-0IM1OHQH,2026-07-01 08:12:34.549058+00:00,boundary,62,10,1,2,23,0,1,3,1,2,10,3,1,13,2.963,0.061
ses_20260701-075604-LAPTOP-0IM1OHQH,2026-07-01 08:12:34.551547+00:00,boundary,62,10,1,2,23,0,1,3,1,2,10,3,1,13,2.963,0.061
ses_20260701-075604-LAPTOP-0IM1OHQH,2026-07-01 08:13:07.432256+00:00,boundary,77,9,2,3,37,0,0,3,1,2,10,3,1,16,2.684,0.057
ses_20260701-075604-LAPTOP-0IM1OHQH,2026-07-01 08:13:07.435359+00:00,boundary,77,9,2,3,37,0,0,3,1,2,10,3,1,16,2.684,0.057
ses_20260701-075604-LAPTOP-0IM1OHQH,2026-07-01 08:13:36.538167+00:00,boundary,44,9,1,1,1,0,0,3,1,2,16,3,2,9,6.501,0.037
ses_20260701-075604-LAPTOP-0IM1OHQH,2026-07-01 08:14:06.369588+00:00,boundary,68,8,2,3,35,0,0,3,1,0,8,3,1,13,3.016,0.054
ses_20260701-075604-LAPTOP-0IM1OHQH,2026-07-01 08:14:06.390311+00:00,boundary,68,8,2,3,35,0,0,3,1,0,8,3,1,13,3.016,0.054
ses_20260701-081120-SIDDHIGUPTAB00B,2026-07-01 08:12:08.126505+00:00,boundary,40,7,2,2,25,0,1,1,0,0,2,1,0,9,2.316,0.054
ses_20260701-081120-SIDDHIGUPTAB00B,2026-07-01 08:12:34.892430+00:00,boundary,39,10,1,1,2,0,1,3,1,3,10,3,2,9,3.097,0.049
ses_20260701-081120-SIDDHIGUPTAB00B,2026-07-01 08:12:34.896645+00:00,boundary,39,10,1,1,2,0,1,3,1,3,10,3,2,9,3.097,0.049
ses_20260701-081120-SIDDHIGUPTAB00B,2026-07-01 08:13:12.083056+00:00,boundary,67,9,3,4,43,0,1,3,1,1,2,3,0,12,3.991,0.051000000000000004
ses_20260701-081120-SIDDHIGUPTAB00B,2026-07-01 08:13:12.084768+00:00,boundary,67,9,3,4,43,0,1,3,1,1,2,3,0,12,3.991,0.051000000000000004
ses_20260701-081120-SIDDHIGUPTAB00B,2026-07-01 08:13:54.358006+00:00,boundary,50,9,2,2,16,0,0,3,1,3,8,3,2,10,6.288,0.049
ses_20260701-081120-SIDDHIGUPTAB00B,2026-07-01 08:14:27.364836+00:00,boundary,81,10,2,3,40,0,1,3,1,2,10,3,1,16,3.114,0.0465
ses_20260701-081120-SIDDHIGUPTAB00B,2026-07-01 08:14:27.365999+00:00,boundary,81,10,2,3,40,0,1,3,1,2,10,3,1,16,3.114,0.0465
ses_20260701-081120-SIDDHIGUPTAB00B,2026-07-01 08:14:55.449978+00:00,boundary,49,10,1,1,2,0,1,3,1,4,16,3,2,10,3.479,0.0455
ses_20260701-081120-SIDDHIGUPTAB00B,2026-07-01 08:14:55.451714+00:00,boundary,49,10,1,1,2,0,1,3,1,4,16,3,2,10,3.479,0.0455
ses_20260701-081120-SIDDHIGUPTAB00B,2026-07-01 08:15:20.799923+00:00,boundary,40,10,1,1,2,0,1,3,1,3,10,3,2,10,3.849,0.053
ses_20260701-081120-SIDDHIGUPTAB00B,2026-07-01 08:15:20.801122+00:00,boundary,40,10,1,1,2,0,1,3,1,3,10,3,2,10,3.849,0.053
ses_20260701-081120-SIDDHIGUPTAB00B,2026-07-01 08:34:25.625658+00:00,boundary,27,8,1,1,1,0,1,1,0,1,12,1,0,7,3.082,0.047
ses_20260701-081120-SIDDHIGUPTAB00B,2026-07-01 08:34:25.638371+00:00,boundary,27,8,1,1,1,0,1,1,0,1,12,1,0,7,3.082,0.047
ses_20260701-081120-SIDDHIGUPTAB00B,2026-07-01 08:34:58.570563+00:00,boundary,28,10,1,1,1,0,3,3,1,1,4,3,1,9,3.292,0.087
ses_20260701-081120-SIDDHIGUPTAB00B,2026-07-01 08:34:58.573242+00:00,boundary,28,10,1,1,1,0,3,3,1,1,4,3,1,9,3.292,0.087
ses_20260701-081120-SIDDHIGUPTAB00B,2026-07-01 08:36:36.857626+00:00,boundary,56,10,1,2,28,0,1,1,0,1,8,1,0,11,2.171,0.054
ses_20260701-081120-SIDDHIGUPTAB00B,2026-07-01 08:36:36.860081+00:00,boundary,56,10,1,2,28,0,1,1,0,1,8,1,0,11,2.171,0.054
ses_20260701-081120-SIDDHIGUPTAB00B,2026-07-01 08:37:07.468102+00:00,boundary,64,10,1,2,26,0,1,3,1,2,10,3,1,13,2.906,0.052
ses_20260701-081120-SIDDHIGUPTAB00B,2026-07-01 08:37:07.469272+00:00,boundary,64,10,1,2,26,0,1,3,1,2,10,3,1,13,2.906,0.052
ses_20260701-081120-SIDDHIGUPTAB00B,2026-07-01 08:37:38.850100+00:00,boundary,23,8,1,1,2,0,0,1,0,1,8,1,1,6,2.143,0.0615
ses_20260701-081120-SIDDHIGUPTAB00B,2026-07-01 08:37:58.179239+00:00,boundary,51,10,1,2,26,0,1,3,1,1,4,3,1,10,3.899,0.0475
ses_20260701-081120-SIDDHIGUPTAB00B,2026-07-01 08:37:59.854466+00:00,boundary,66,10,1,2,26,0,1,3,1,2,12,3,1,13,3.899,0.046
ses_20260701-081120-SIDDHIGUPTAB00B,2026-07-01 08:38:52.478747+00:00,boundary,14,8,1,1,2,0,1,1,0,0,2,1,1,5,3.3,0.086
ses_20260701-081120-SIDDHIGUPTAB00B,2026-07-01 08:38:52.483424+00:00,boundary,14,8,1,1,2,0,1,1,0,0,2,1,1,5,3.3,0.086
ses_20260701-081120-SIDDHIGUPTAB00B,2026-07-01 08:39:28.082790+00:00,boundary,33,9,1,1,2,0,0,3,1,3,8,3,2,7,6.946,0.0675
ses_20260701-081120-SIDDHIGUPTAB00B,2026-07-01 08:40:31.987513+00:00,boundary,7,3,1,1,0,0,3,1,0,0,0,0,0,3,5.686,2.0475
ses_20260701-081120-SIDDHIGUPTAB00B,2026-07-01 08:40:32.017574+00:00,boundary,7,3,1,1,0,0,3,1,0,0,0,0,0,3,5.686,2.0475
ses_20260701-081120-SIDDHIGUPTAB00B,2026-07-01 08:48:13.680083+00:00,boundary,18,6,1,1,0,0,0,0,0,1,4,2,1,8,1.878,0.253
ses_20260701-081120-SIDDHIGUPTAB00B,2026-07-01 08:48:37.144255+00:00,boundary,22,9,1,1,1,0,1,1,0,1,8,1,1,5,2.485,0.057
ses_20260701-081120-SIDDHIGUPTAB00B,2026-07-01 08:49:04.833329+00:00,boundary,64,10,1,2,27,0,1,3,1,3,8,3,1,13,3.288,0.045
ses_20260701-081120-SIDDHIGUPTAB00B,2026-07-01 08:49:04.838493+00:00,boundary,64,10,1,2,27,0,1,3,1,3,8,3,1,13,3.288,0.045
ses_20260701-081120-SIDDHIGUPTAB00B,2026-07-01 08:49:45.866968+00:00,boundary,69,10,2,3,38,0,1,3,1,2,4,3,1,14,3.435,0.049
ses_20260701-081120-SIDDHIGUPTAB00B,2026-07-01 08:49:45.870167+00:00,boundary,69,10,2,3,38,0,1,3,1,2,4,3,1,14,3.435,0.049
ses_20260701-081120-SIDDHIGUPTAB00B,2026-07-01 08:50:22.468613+00:00,boundary,82,10,2,3,40,0,1,3,1,2,10,3,1,17,3.283,0.052
ses_20260701-081120-SIDDHIGUPTAB00B,2026-07-01 08:50:22.469964+00:00,boundary,82,10,2,3,40,0,1,3,1,2,10,3,1,17,3.283,0.052
ses_20260701-081120-SIDDHIGUPTAB00B,2026-07-01 08:50:45.059085+00:00,boundary,39,10,1,1,1,0,1,3,1,2,12,3,2,10,4.649,0.051000000000000004
ses_20260701-081120-SIDDHIGUPTAB00B,2026-07-01 08:50:45.068594+00:00,boundary,39,10,1,1,1,0,1,3,1,2,12,3,2,10,4.649,0.051000000000000004
ses_20260701-081120-SIDDHIGUPTAB00B,2026-07-01 08:51:09.596363+00:00,boundary,51,10,1,1,2,0,1,3,1,4,16,3,2,12,3.971,0.055
ses_20260701-081120-SIDDHIGUPTAB00B,2026-07-01 08:51:09.602696+00:00,boundary,51,10,1,1,2,0,1,3,1,4,16,3,2,12,3.971,0.055
ses_20260701-081120-SIDDHIGUPTAB00B,2026-07-01 08:51:36.619060+00:00,boundary,80,10,2,3,38,0,1,3,1,2,10,3,1,17,2.798,0.052
ses_20260701-081120-SIDDHIGUPTAB00B,2026-07-01 08:51:36.625342+00:00,boundary,80,10,2,3,38,0,1,3,1,2,10,3,1,17,2.798,0.052
ses_20260701-081120-SIDDHIGUPTAB00B,2026-07-01 08:52:21.400370+00:00,boundary,53,8,1,2,27,0,1,1,0,1,8,1,0,11,2.255,0.051500000000000004
ses_20260701-081120-SIDDHIGUPTAB00B,2026-07-01 08:52:21.404669+00:00,boundary,53,8,1,2,27,0,1,1,0,1,8,1,0,11,2.255,0.051500000000000004
ses_20260701-081120-SIDDHIGUPTAB00B,2026-07-01 08:52:51.778558+00:00,boundary,78,9,1,2,28,0,0,3,1,4,16,3,1,15,3.049,0.052
ses_20260701-081120-SIDDHIGUPTAB00B,2026-07-01 08:52:51.780197+00:00,boundary,78,9,1,2,28,0,0,3,1,4,16,3,1,15,3.049,0.052
ses_20260701-081120-SIDDHIGUPTAB00B,2026-07-01 08:53:21.221216+00:00,boundary,61,10,2,3,28,0,1,3,1,3,6,3,1,12,3.46,0.054
ses_20260701-081120-SIDDHIGUPTAB00B,2026-07-01 08:53:21.222519+00:00,boundary,61,10,2,3,28,0,1,3,1,3,6,3,1,12,3.46,0.054
ses_20260701-081120-SIDDHIGUPTAB00B,2026-07-01 08:54:17.171437+00:00,boundary,13,8,1,1,2,0,0,1,0,1,2,1,1,4,6.624,0.08349999999999999
ses_20260701-081120-SIDDHIGUPTAB00B,2026-07-01 08:54:53.861360+00:00,boundary,50,10,1,1,2,0,1,3,1,4,16,3,2,11,3.2,0.058
ses_20260701-081120-SIDDHIGUPTAB00B,2026-07-01 08:54:53.868883+00:00,boundary,50,10,1,1,2,0,1,3,1,4,16,3,2,11,3.2,0.058
ses_20260701-081120-SIDDHIGUPTAB00B,2026-07-01 08:56:14.012001+00:00,boundary,52,7,1,2,28,0,0,1,0,1,8,1,0,10,2.676,0.054
ses_20260701-081120-SIDDHIGUPTAB00B,2026-07-01 08:56:14.015772+00:00,boundary,52,7,1,2,28,0,0,1,0,1,8,1,0,10,2.676,0.054
ses_20260701-081120-SIDDHIGUPTAB00B,2026-07-01 08:56:38.714469+00:00,boundary,78,10,1,2,26,0,1,3,1,4,16,3,1,16,2.636,0.046
ses_20260701-081120-SIDDHIGUPTAB00B,2026-07-01 08:56:38.716046+00:00,boundary,78,10,1,2,26,0,1,3,1,4,16,3,1,16,2.636,0.046
ses_20260701-081120-SIDDHIGUPTAB00B,2026-07-01 08:57:07.797567+00:00,boundary,40,9,2,2,13,0,0,4,1,1,6,4,2,8,7.002,0.039
ses_20260701-081732-CHAITANYA0BCF,2026-07-01 08:18:26.729670+00:00,boundary,53,7,2,2,29,0,1,1,0,0,8,1,0,10,2.138,0.0505
ses_20260701-081732-CHAITANYA0BCF,2026-07-01 08:18:48.864436+00:00,boundary,71,10,1,2,29,0,1,3,1,2,12,3,1,15,2.595,0.0525
ses_20260701-081732-CHAITANYA0BCF,2026-07-01 08:18:48.865987+00:00,boundary,71,10,1,2,29,0,1,3,1,2,12,3,1,15,2.595,0.0525
ses_20260701-081732-CHAITANYA0BCF,2026-07-01 08:19:42.571811+00:00,boundary,11,7,2,3,2,0,1,1,0,0,0,1,1,4,2.921,0.1275
ses_20260701-081732-CHAITANYA0BCF,2026-07-01 08:19:42.573677+00:00,boundary,11,7,2,3,2,0,1,1,0,0,0,1,1,4,2.921,0.1275
ses_20260701-081732-CHAITANYA0BCF,2026-07-01 08:20:22.457073+00:00,boundary,46,12,3,4,16,1,1,3,1,2,4,3,2,10,3.777,0.053
ses_20260701-081732-CHAITANYA0BCF,2026-07-01 08:20:22.458129+00:00,boundary,46,12,3,4,16,1,1,3,1,2,4,3,2,10,3.777,0.053
ses_20260701-081732-CHAITANYA0BCF,2026-07-01 08:21:01.133790+00:00,boundary,42,10,2,2,15,0,1,3,1,1,4,3,2,10,4.442,0.054
ses_20260701-081732-CHAITANYA0BCF,2026-07-01 08:21:01.135424+00:00,boundary,42,10,2,2,15,0,1,3,1,1,4,3,2,10,4.442,0.054
ses_20260701-081732-CHAITANYA0BCF,2026-07-01 08:21:32.967785+00:00,boundary,71,10,1,2,30,0,1,3,1,3,10,3,1,14,3.116,0.0535
ses_20260701-081732-CHAITANYA0BCF,2026-07-01 08:21:32.970961+00:00,boundary,71,10,1,2,30,0,1,3,1,3,10,3,1,14,3.116,0.0535
ses_20260701-081732-CHAITANYA0BCF,2026-07-01 08:22:03.695975+00:00,boundary,66,9,2,2,17,0,0,3,1,4,16,3,2,13,6.004,0.051
ses_20260701-081732-CHAITANYA0BCF,2026-07-01 08:22:30.895221+00:00,boundary,82,10,1,2,29,0,1,3,1,4,16,3,1,17,2.539,0.055
ses_20260701-081732-CHAITANYA0BCF,2026-07-01 08:22:30.896637+00:00,boundary,82,10,1,2,29,0,1,3,1,4,16,3,1,17,2.539,0.055
ses_20260701-081732-CHAITANYA0BCF,2026-07-01 08:23:01.547922+00:00,boundary,81,9,2,3,41,0,0,3,1,2,10,3,1,16,3.029,0.055
ses_20260701-081732-CHAITANYA0BCF,2026-07-01 08:23:26.695926+00:00,boundary,75,10,1,2,27,0,1,3,1,4,14,3,1,14,3.105,0.0535
ses_20260701-081732-CHAITANYA0BCF,2026-07-01 08:23:51.498692+00:00,boundary,22,8,1,1,0,0,0,2,1,1,6,2,1,6,3.22,0.044
ses_20260701-081732-CHAITANYA0BCF,2026-07-01 08:25:28.033743+00:00,boundary,50,7,1,2,28,0,0,1,0,1,6,1,0,10,2.811,0.053
ses_20260701-081732-CHAITANYA0BCF,2026-07-01 08:25:59.734629+00:00,boundary,53,10,2,2,15,0,1,3,1,2,10,3,2,12,3.587,0.0565
ses_20260701-081732-CHAITANYA0BCF,2026-07-01 08:25:59.736021+00:00,boundary,53,10,2,2,15,0,1,3,1,2,10,3,2,12,3.587,0.0565
ses_20260701-081732-CHAITANYA0BCF,2026-07-01 08:26:29.050127+00:00,boundary,64,10,1,2,26,0,1,3,1,2,10,3,1,13,3.162,0.056
ses_20260701-081732-CHAITANYA0BCF,2026-07-01 08:26:54.435385+00:00,boundary,41,10,3,3,4,0,1,3,1,3,10,3,2,9,5.06,0.053500000000000006
ses_20260701-081732-CHAITANYA0BCF,2026-07-01 08:26:54.436982+00:00,boundary,41,10,3,3,4,0,1,3,1,3,10,3,2,9,5.06,0.053500000000000006
ses_20260701-081732-CHAITANYA0BCF,2026-07-01 08:27:31.776499+00:00,boundary,79,10,3,5,42,0,1,3,1,3,8,3,1,13,3.317,0.054
ses_20260701-081732-CHAITANYA0BCF,2026-07-01 08:27:31.777606+00:00,boundary,79,10,3,5,42,0,1,3,1,3,8,3,1,13,3.317,0.054
ses_20260701-081732-CHAITANYA0BCF,2026-07-01 08:28:40.923173+00:00,boundary,97,11,2,3,43,1,1,3,1,4,16,3,1,17,2.336,0.0515
ses_20260701-081732-CHAITANYA0BCF,2026-07-01 08:28:40.924265+00:00,boundary,97,11,2,3,43,1,1,3,1,4,16,3,1,17,2.336,0.0515
ses_20260701-081732-CHAITANYA0BCF,2026-07-01 08:29:06.220488+00:00,boundary,71,10,1,2,28,0,1,3,1,2,12,3,1,15,2.61,0.052
ses_20260701-081732-CHAITANYA0BCF,2026-07-01 08:29:06.222057+00:00,boundary,71,10,1,2,28,0,1,3,1,2,12,3,1,15,2.61,0.052
ses_20260701-081732-CHAITANYA0BCF,2026-07-01 08:29:31.175634+00:00,boundary,41,10,2,2,2,0,1,3,1,4,10,3,2,10,3.533,0.057499999999999996
ses_20260701-081732-CHAITANYA0BCF,2026-07-01 08:29:31.177968+00:00,boundary,41,10,2,2,2,0,1,3,1,4,10,3,2,10,3.533,0.057499999999999996
ses_20260701-081732-CHAITANYA0BCF,2026-07-01 08:30:08.380815+00:00,boundary,45,11,2,2,14,1,0,3,1,3,6,3,2,8,6.098,0.0495
ses_20260701-081732-CHAITANYA0BCF,2026-07-01 08:30:41.845813+00:00,boundary,75,9,2,3,42,0,0,3,1,3,6,3,1,13,3.148,0.05
ses_20260701-081732-CHAITANYA0BCF,2026-07-01 08:30:41.846395+00:00,boundary,75,9,2,3,42,0,0,3,1,3,6,3,1,13,3.148,0.05
ses_20260701-081732-CHAITANYA0BCF,2026-07-01 08:32:15.295933+00:00,boundary,10,5,2,2,2,0,0,1,0,0,2,1,0,4,3.795,0.032
ses_20260701-081732-CHAITANYA0BCF,2026-07-01 08:33:18.845128+00:00,boundary,84,11,2,3,44,0,1,3,1,2,8,3,1,16,3.142,0.053
ses_20260701-081732-CHAITANYA0BCF,2026-07-01 08:33:18.846714+00:00,boundary,84,11,2,3,44,0,1,3,1,2,8,3,1,16,3.142,0.053
ses_20260701-081732-CHAITANYA0BCF,2026-07-01 08:33:45.226477+00:00,boundary,49,10,1,1,1,0,1,3,1,4,16,3,2,11,3.465,0.046
ses_20260701-081732-CHAITANYA0BCF,2026-07-01 08:33:45.228508+00:00,boundary,49,10,1,1,1,0,1,3,1,4,16,3,2,11,3.465,0.046
ses_20260701-081732-CHAITANYA0BCF,2026-07-01 08:34:51.408936+00:00,boundary,52,8,1,2,26,0,2,1,0,1,8,1,0,10,5.666,0.055
ses_20260701-081732-CHAITANYA0BCF,2026-07-01 08:34:51.411417+00:00,boundary,52,8,1,2,26,0,2,1,0,1,8,1,0,10,5.666,0.055
ses_20260701-081732-CHAITANYA0BCF,2026-07-01 08:35:12.168650+00:00,boundary,40,10,1,1,1,0,1,3,1,2,12,3,2,11,3.696,0.056
ses_20260701-081732-CHAITANYA0BCF,2026-07-01 08:35:12.169066+00:00,boundary,40,10,1,1,1,0,1,3,1,2,12,3,2,11,3.696,0.056
ses_20260701-081732-CHAITANYA0BCF,2026-07-01 08:35:41.029935+00:00,boundary,51,9,2,2,15,0,0,3,1,2,10,3,2,11,6.758,0.05
ses_20260701-083656-LAPTOP-0IM1OHQH,2026-07-01 08:37:35.511261+00:00,boundary,25,7,2,2,4,0,1,1,0,0,8,1,0,7,2.372,0.11699999999999999
ses_20260701-083656-LAPTOP-0IM1OHQH,2026-07-01 08:38:04.335255+00:00,boundary,72,10,1,2,29,0,1,3,1,1,13,3,1,15,3.221,0.053
ses_20260701-083656-LAPTOP-0IM1OHQH,2026-07-01 08:38:04.337817+00:00,boundary,72,10,1,2,29,0,1,3,1,1,13,3,1,15,3.221,0.053
ses_20260701-083656-LAPTOP-0IM1OHQH,2026-07-01 08:38:36.152632+00:00,boundary,72,9,2,3,32,0,1,3,1,0,10,3,1,16,2.54,0.072
ses_20260701-083656-LAPTOP-0IM1OHQH,2026-07-01 08:38:36.172013+00:00,boundary,69,9,2,3,32,0,1,3,1,0,8,3,1,16,2.54,0.0735
ses_20260701-083656-LAPTOP-0IM1OHQH,2026-07-01 08:38:57.319407+00:00,boundary,38,10,1,1,1,0,1,3,1,1,12,3,2,10,3.901,0.046
ses_20260701-083656-LAPTOP-0IM1OHQH,2026-07-01 08:38:57.321455+00:00,boundary,38,10,1,1,1,0,1,3,1,1,12,3,2,10,3.901,0.046
ses_20260701-083656-LAPTOP-0IM1OHQH,2026-07-01 08:39:25.772464+00:00,boundary,63,8,1,2,24,0,0,3,1,0,12,3,1,14,3.07,0.057499999999999996
ses_20260701-083656-LAPTOP-0IM1OHQH,2026-07-01 08:39:25.791029+00:00,boundary,63,8,1,2,24,0,0,3,1,0,12,3,1,14,3.07,0.057499999999999996
ses_20260701-083656-LAPTOP-0IM1OHQH,2026-07-01 08:39:52.370941+00:00,boundary,59,9,1,2,21,0,0,3,1,1,10,3,1,14,3.332,0.075
ses_20260701-083656-LAPTOP-0IM1OHQH,2026-07-01 08:39:53.989969+00:00,boundary,62,9,1,2,21,0,0,3,1,1,12,3,1,14,3.332,0.073
ses_20260701-083656-LAPTOP-0IM1OHQH,2026-07-01 08:40:24.947221+00:00,boundary,41,10,2,2,10,0,1,3,1,2,6,3,2,10,3.461,0.079
ses_20260701-083656-LAPTOP-0IM1OHQH,2026-07-01 08:40:24.963615+00:00,boundary,38,10,2,2,10,0,1,3,1,2,4,3,2,10,3.461,0.08
ses_20260701-083656-LAPTOP-0IM1OHQH,2026-07-01 08:41:16.451508+00:00,boundary,57,10,1,2,1,0,2,2,2,0,34,2,0,9,4.726,0.0395
ses_20260701-083656-LAPTOP-0IM1OHQH,2026-07-01 08:41:16.453394+00:00,boundary,57,10,1,2,1,0,2,2,2,0,34,2,0,9,4.726,0.0395
ses_20260701-083656-LAPTOP-0IM1OHQH,2026-07-01 08:41:42.856628+00:00,boundary,69,9,1,2,29,0,0,3,1,1,12,3,1,13,2.978,0.0525
ses_20260701-083656-LAPTOP-0IM1OHQH,2026-07-01 08:41:42.858939+00:00,boundary,69,9,1,2,29,0,0,3,1,1,12,3,1,13,2.978,0.0525
ses_20260701-083656-LAPTOP-0IM1OHQH,2026-07-01 08:42:13.574949+00:00,boundary,69,10,2,3,39,0,1,3,1,1,4,3,1,14,2.884,0.0535
ses_20260701-083656-LAPTOP-0IM1OHQH,2026-07-01 08:42:13.593928+00:00,boundary,69,10,2,3,39,0,1,3,1,1,4,3,1,14,2.884,0.0535
ses_20260701-083656-LAPTOP-0IM1OHQH,2026-07-01 08:42:47.509786+00:00,boundary,66,10,2,3,26,0,1,3,1,2,10,3,1,15,3.025,0.092
ses_20260701-083656-LAPTOP-0IM1OHQH,2026-07-01 08:42:47.524716+00:00,boundary,66,10,2,3,26,0,1,3,1,2,10,3,1,15,3.025,0.092
ses_20260701-083656-LAPTOP-0IM1OHQH,2026-07-01 08:43:11.629764+00:00,boundary,40,8,1,1,1,0,0,3,1,0,14,3,2,10,6.124,0.041
ses_20260701-083656-LAPTOP-0IM1OHQH,2026-07-01 08:43:32.649923+00:00,boundary,62,9,1,2,25,0,1,3,1,0,10,3,1,14,2.734,0.056
ses_20260701-083656-LAPTOP-0IM1OHQH,2026-07-01 08:43:34.334817+00:00,boundary,67,10,1,2,25,0,1,3,1,1,12,3,1,15,2.401,0.056
ses_20260701-083656-LAPTOP-0IM1OHQH,2026-07-01 08:44:04.213004+00:00,boundary,76,8,1,2,29,0,0,3,1,0,16,3,1,16,2.982,0.053
ses_20260701-083656-LAPTOP-0IM1OHQH,2026-07-01 08:44:04.215528+00:00,boundary,76,8,1,2,29,0,0,3,1,0,16,3,1,16,2.982,0.053
ses_20260701-083656-LAPTOP-0IM1OHQH,2026-07-01 08:46:20.379208+00:00,boundary,36,7,2,2,20,0,1,1,0,0,2,1,0,10,2.042,0.095
ses_20260701-083656-LAPTOP-0IM1OHQH,2026-07-01 08:46:20.396705+00:00,boundary,36,7,2,2,20,0,1,1,0,0,2,1,0,10,2.042,0.095
ses_20260701-083656-LAPTOP-0IM1OHQH,2026-07-01 08:46:42.251339+00:00,boundary,38,10,1,1,1,0,1,3,1,1,12,3,2,10,3.998,0.073
ses_20260701-083656-LAPTOP-0IM1OHQH,2026-07-01 08:46:42.255249+00:00,boundary,38,10,1,1,1,0,1,3,1,1,12,3,2,10,3.998,0.073
ses_20260701-083656-LAPTOP-0IM1OHQH,2026-07-01 08:47:05.018772+00:00,boundary,63,10,1,2,24,0,1,3,1,2,10,3,1,13,3.119,0.061
ses_20260701-083656-LAPTOP-0IM1OHQH,2026-07-01 08:47:05.034344+00:00,boundary,63,10,1,2,24,0,1,3,1,2,10,3,1,13,3.119,0.061
ses_20260701-083656-LAPTOP-0IM1OHQH,2026-07-01 08:47:43.432703+00:00,boundary,68,9,2,3,38,0,1,3,1,0,4,3,1,15,3.324,0.055
ses_20260701-083656-LAPTOP-0IM1OHQH,2026-07-01 08:47:43.435336+00:00,boundary,68,9,2,3,38,0,1,3,1,0,4,3,1,15,3.324,0.055
ses_20260701-083656-LAPTOP-0IM1OHQH,2026-07-01 08:48:23.452086+00:00,boundary,84,9,2,3,38,0,0,3,1,2,14,3,1,16,2.988,0.057
ses_20260701-083656-LAPTOP-0IM1OHQH,2026-07-01 08:48:23.454391+00:00,boundary,84,9,2,3,38,0,0,3,1,2,14,3,1,16,2.988,0.057
ses_20260701-083656-LAPTOP-0IM1OHQH,2026-07-01 08:49:04.508851+00:00,boundary,45,7,1,2,19,0,1,1,0,0,8,1,0,12,2.053,0.0725
ses_20260701-083656-LAPTOP-0IM1OHQH,2026-07-01 08:49:04.525429+00:00,boundary,45,7,1,2,19,0,1,1,0,0,8,1,0,12,2.053,0.0725
ses_20260701-083656-LAPTOP-0IM1OHQH,2026-07-01 08:49:26.772587+00:00,boundary,28,9,2,2,1,0,1,3,1,0,6,3,2,9,4.233,0.058
ses_20260701-083656-LAPTOP-0IM1OHQH,2026-07-01 08:49:26.796161+00:00,boundary,28,9,2,2,1,0,1,3,1,0,6,3,2,9,4.233,0.058
ses_20260701-083656-LAPTOP-0IM1OHQH,2026-07-01 08:49:58.175827+00:00,boundary,77,10,2,3,33,1,0,3,1,2,12,3,1,16,2.574,0.0635
ses_20260701-083656-LAPTOP-0IM1OHQH,2026-07-01 08:49:58.191750+00:00,boundary,77,10,2,3,33,1,0,3,1,2,12,3,1,16,2.574,0.0635
ses_20260701-083656-LAPTOP-0IM1OHQH,2026-07-01 08:50:26.053716+00:00,boundary,47,10,1,1,1,0,1,3,1,2,16,3,2,11,3.783,0.041499999999999995
ses_20260701-083656-LAPTOP-0IM1OHQH,2026-07-01 08:50:26.056375+00:00,boundary,47,10,1,1,1,0,1,3,1,2,16,3,2,11,3.783,0.041499999999999995
ses_20260701-083656-LAPTOP-0IM1OHQH,2026-07-01 08:50:48.196871+00:00,boundary,59,9,2,3,28,0,0,3,1,1,6,3,1,13,2.554,0.053
ses_20260701-083656-LAPTOP-0IM1OHQH,2026-07-01 08:50:48.199140+00:00,boundary,59,9,2,3,28,0,0,3,1,1,6,3,1,13,2.554,0.053
ses_20260701-083656-LAPTOP-0IM1OHQH,2026-07-01 08:51:27.744659+00:00,boundary,48,10,2,2,11,0,1,3,1,1,10,3,2,12,3.868,0.067
ses_20260701-083656-LAPTOP-0IM1OHQH,2026-07-01 08:51:27.761447+00:00,boundary,48,10,2,2,11,0,1,3,1,1,10,3,2,12,3.868,0.067
ses_20260701-083656-LAPTOP-0IM1OHQH,2026-07-01 08:51:50.542017+00:00,boundary,68,9,1,2,22,0,0,3,1,1,16,3,1,14,2.503,0.059
ses_20260701-083656-LAPTOP-0IM1OHQH,2026-07-01 08:51:50.544463+00:00,boundary,68,9,1,2,22,0,0,3,1,1,16,3,1,14,2.503,0.059
ses_20260701-083656-LAPTOP-0IM1OHQH,2026-07-01 08:52:18.622322+00:00,boundary,61,8,1,2,28,0,3,2,1,0,8,2,0,13,3.607,0.0525
ses_20260701-083656-LAPTOP-0IM1OHQH,2026-07-01 08:52:18.625349+00:00,boundary,61,8,1,2,28,0,3,2,1,0,8,2,0,13,3.607,0.0525
ses_20260701-083656-LAPTOP-0IM1OHQH,2026-07-01 08:52:44.359467+00:00,boundary,54,9,2,2,16,0,1,3,1,0,12,3,2,11,4.064,0.054
ses_20260701-083656-LAPTOP-0IM1OHQH,2026-07-01 08:52:44.362400+00:00,boundary,54,9,2,2,16,0,1,3,1,0,12,3,2,11,4.064,0.054
ses_20260701-083656-LAPTOP-0IM1OHQH,2026-07-01 08:53:07.952601+00:00,boundary,56,9,1,2,17,0,1,3,1,0,10,3,1,15,2.596,0.076
ses_20260701-083656-LAPTOP-0IM1OHQH,2026-07-01 08:53:07.969353+00:00,boundary,56,9,1,2,17,0,1,3,1,0,10,3,1,15,2.596,0.076
ses_20260701-083656-LAPTOP-0IM1OHQH,2026-07-01 08:53:33.791721+00:00,boundary,72,8,1,2,29,0,0,3,1,0,14,3,1,15,2.916,0.053
ses_20260701-083656-LAPTOP-0IM1OHQH,2026-07-01 08:53:33.793918+00:00,boundary,72,8,1,2,29,0,0,3,1,0,14,3,1,15,2.916,0.053
ses_20260701-083656-LAPTOP-0IM1OHQH,2026-07-01 08:54:00.960082+00:00,boundary,73,9,2,3,33,0,0,3,1,1,10,3,1,17,2.878,0.0595
ses_20260701-083656-LAPTOP-0IM1OHQH,2026-07-01 08:54:00.977904+00:00,boundary,73,9,2,3,33,0,0,3,1,1,10,3,1,17,2.878,0.0595
ses_20260701-083656-LAPTOP-0IM1OHQH,2026-07-01 08:54:28.015951+00:00,boundary,35,10,1,1,1,0,2,3,1,1,10,3,1,9,5.348,0.079
ses_20260701-083656-LAPTOP-0IM1OHQH,2026-07-01 08:54:55.816611+00:00,boundary,60,8,1,2,24,0,0,3,1,0,10,3,1,13,2.972,0.058
ses_20260701-083656-LAPTOP-0IM1OHQH,2026-07-01 08:54:55.819183+00:00,boundary,60,8,1,2,24,0,0,3,1,0,10,3,1,13,2.972,0.058
ses_20260701-083656-LAPTOP-0IM1OHQH,2026-07-01 08:55:27.356615+00:00,boundary,48,9,2,2,11,0,0,3,1,1,12,3,2,10,7.032,0.066
ses_20260701-090300-Marcos,2026-07-01 09:03:30.625658+00:00,boundary,48,7,2,2,26,0,1,1,0,0,6,1,0,10,2.881,0.053
ses_20260701-090300-Marcos,2026-07-01 09:03:56.171208+00:00,boundary,75,10,1,2,25,0,1,3,1,2,16,3,1,16,2.762,0.0485
ses_20260701-090300-Marcos,2026-07-01 09:03:56.172124+00:00,boundary,75,10,1,2,25,0,1,3,1,2,16,3,1,16,2.762,0.0485
ses_20260701-090300-Marcos,2026-07-01 09:05:03.825192+00:00,boundary,39,5,2,3,28,0,1,1,0,0,0,1,0,8,3.792,0.058
ses_20260701-090300-Marcos,2026-07-01 09:05:03.826280+00:00,boundary,39,5,2,3,28,0,1,1,0,0,0,1,0,8,3.792,0.058
ses_20260701-090300-Marcos,2026-07-01 09:05:40.998121+00:00,boundary,85,10,2,3,41,0,1,3,1,3,10,3,1,18,2.98,0.054
ses_20260701-090300-Marcos,2026-07-01 09:05:40.999076+00:00,boundary,85,10,2,3,41,0,1,3,1,3,10,3,1,18,2.98,0.054
ses_20260701-090300-Marcos,2026-07-01 09:06:09.217235+00:00,boundary,53,10,2,2,15,0,1,3,1,2,10,3,2,12,4.149,0.053
ses_20260701-090300-Marcos,2026-07-01 09:06:09.217900+00:00,boundary,53,10,2,2,15,0,1,3,1,2,10,3,2,12,4.149,0.053
ses_20260701-090300-Marcos,2026-07-01 09:06:34.196736+00:00,boundary,30,9,1,1,1,0,0,2,1,2,10,2,1,6,2.583,0.036
ses_20260701-090300-Marcos,2026-07-01 09:07:46.245936+00:00,boundary,46,7,1,2,26,0,0,1,0,1,8,1,0,6,2.521,0.019
ses_20260701-090300-Marcos,2026-07-01 09:08:10.902682+00:00,boundary,45,9,1,1,1,0,0,3,1,1,16,3,2,11,6.16,0.0385
ses_20260701-090300-Marcos,2026-07-01 09:08:38.840882+00:00,boundary,82,9,2,3,39,0,1,3,1,0,12,3,1,17,3.089,0.051
ses_20260701-090300-Marcos,2026-07-01 09:08:38.841878+00:00,boundary,82,9,2,3,39,0,1,3,1,0,12,3,1,17,3.089,0.051
ses_20260701-090300-Marcos,2026-07-01 09:09:19.758941+00:00,boundary,33,9,1,1,1,0,0,3,1,1,10,3,2,8,5.246,0.041999999999999996
ses_20260701-090300-Marcos,2026-07-01 09:10:04.546251+00:00,boundary,32,8,1,1,2,0,0,2,1,1,12,2,0,8,5.771,0.071
ses_20260701-090300-Marcos,2026-07-01 09:10:27.584754+00:00,boundary,75,9,2,3,40,0,0,3,1,2,8,3,1,13,2.784,0.0545
ses_20260701-090300-Marcos,2026-07-01 09:10:27.585871+00:00,boundary,75,9,2,3,40,0,0,3,1,2,8,3,1,13,2.784,0.0545
ses_20260701-090300-Marcos,2026-07-01 09:11:08.504551+00:00,boundary,48,10,1,1,1,0,1,3,1,4,16,3,2,10,3.592,0.058
ses_20260701-090300-Marcos,2026-07-01 09:11:08.505414+00:00,boundary,48,10,1,1,1,0,1,3,1,4,16,3,2,10,3.592,0.058
ses_20260701-090300-Marcos,2026-07-01 09:11:30.740424+00:00,boundary,38,9,1,1,1,0,0,3,1,2,12,3,2,9,5.872,0.04
ses_20260701-090300-Marcos,2026-07-01 09:11:51.951370+00:00,boundary,73,10,1,2,27,0,1,3,1,1,14,3,1,16,2.573,0.051000000000000004
ses_20260701-090300-Marcos,2026-07-01 09:11:51.952550+00:00,boundary,73,10,1,2,27,0,1,3,1,1,14,3,1,16,2.573,0.051000000000000004
ses_20260701-090300-Marcos,2026-07-01 09:12:37.913470+00:00,boundary,77,11,1,2,27,0,2,2,1,0,28,2,1,11,3.485,0.033
ses_20260701-090300-Marcos,2026-07-01 09:12:37.914366+00:00,boundary,77,11,1,2,27,0,2,2,1,0,28,2,1,11,3.485,0.033
ses_20260701-090300-Marcos,2026-07-01 09:13:26.867284+00:00,boundary,89,10,2,3,41,0,1,3,1,3,14,3,1,16,2.809,0.054
ses_20260701-090300-Marcos,2026-07-01 09:13:26.868133+00:00,boundary,89,10,2,3,41,0,1,3,1,3,14,3,1,16,2.809,0.054
ses_20260701-090300-Marcos,2026-07-01 09:14:12.663937+00:00,boundary,20,8,1,1,1,0,0,1,0,1,8,1,1,4,1.958,0.033
ses_20260701-090300-Marcos,2026-07-01 09:15:00.929592+00:00,boundary,52,8,1,2,27,0,1,1,0,1,8,1,0,10,2.227,0.055
ses_20260701-090300-Marcos,2026-07-01 09:15:00.930472+00:00,boundary,52,8,1,2,27,0,1,1,0,1,8,1,0,10,2.227,0.055
ses_20260701-090300-Marcos,2026-07-01 09:15:26.524364+00:00,boundary,53,9,2,3,26,0,1,3,1,0,4,3,1,12,5.622,0.0515
ses_20260701-090300-Marcos,2026-07-01 09:15:26.525549+00:00,boundary,53,9,2,3,26,0,1,3,1,0,4,3,1,12,5.622,0.0515
ses_20260701-090300-Marcos,2026-07-01 09:16:52.702709+00:00,boundary,44,10,3,3,15,1,0,3,1,2,6,3,2,9,5.6,0.053
ses_20260701-090300-Marcos,2026-07-01 09:18:06.470253+00:00,boundary,77,8,2,3,40,0,0,3,1,0,10,3,1,15,2.724,0.0465
ses_20260701-090300-Marcos,2026-07-01 09:18:06.471104+00:00,boundary,77,8,2,3,40,0,0,3,1,0,10,3,1,15,2.724,0.0465
ses_20260701-090300-Marcos,2026-07-01 09:18:30.869850+00:00,boundary,86,10,2,3,40,0,1,3,1,2,12,3,2,17,3.174,0.052
ses_20260701-090300-Marcos,2026-07-01 09:18:30.870871+00:00,boundary,86,10,2,3,40,0,1,3,1,2,12,3,2,17,3.174,0.052
ses_20260701-090300-Marcos,2026-07-01 09:19:12.579645+00:00,boundary,67,8,1,2,27,0,2,1,0,0,24,1,1,10,3.333,0.0375
ses_20260701-090300-Marcos,2026-07-01 09:19:12.580660+00:00,boundary,67,8,1,2,27,0,2,1,0,0,24,1,1,10,3.333,0.0375
ses_20260701-090300-Marcos,2026-07-01 09:19:47.236674+00:00,boundary,69,9,3,4,40,0,1,3,1,0,4,3,1,15,2.821,0.054
ses_20260701-090300-Marcos,2026-07-01 09:19:47.237444+00:00,boundary,69,9,3,4,40,0,1,3,1,0,4,3,1,15,2.821,0.054
ses_20260701-090300-Marcos,2026-07-01 09:21:04.681131+00:00,boundary,52,10,2,2,15,0,1,3,1,1,10,3,2,12,4.276,0.055
ses_20260701-090300-Marcos,2026-07-01 09:21:04.682337+00:00,boundary,52,10,2,2,15,0,1,3,1,1,10,3,2,12,4.276,0.055
ses_20260701-090300-Marcos,2026-07-01 09:22:01.739533+00:00,boundary,26,9,1,1,1,0,3,1,0,1,8,1,1,7,4.841,0.071
ses_20260701-090300-Marcos,2026-07-01 09:22:01.740419+00:00,boundary,26,9,1,1,1,0,3,1,0,1,8,1,1,7,4.841,0.071
ses_20260701-090300-Marcos,2026-07-01 09:22:25.021157+00:00,boundary,73,10,2,3,41,0,1,3,1,2,4,3,1,15,2.936,0.055
ses_20260701-090300-Marcos,2026-07-01 09:22:25.022197+00:00,boundary,73,10,2,3,41,0,1,3,1,2,4,3,1,15,2.936,0.055
ses_20260701-090300-Marcos,2026-07-01 09:24:54.686519+00:00,boundary,10,7,1,1,1,0,0,1,0,0,2,1,1,3,2.711,0.017
ses_20260701-090300-Marcos,2026-07-01 09:25:52.350700+00:00,boundary,23,8,2,2,2,0,0,2,1,1,6,2,0,7,5.986,0.0465
ses_20260701-090300-Marcos,2026-07-01 09:26:49.819328+00:00,boundary,77,11,2,3,41,1,1,3,1,2,6,3,1,15,2.828,0.0495
ses_20260701-090300-Marcos,2026-07-01 09:26:49.820093+00:00,boundary,77,11,2,3,41,1,1,3,1,2,6,3,1,15,2.828,0.0495
ses_20260701-090300-Marcos,2026-07-01 09:27:40.056774+00:00,boundary,39,8,2,2,15,0,0,3,1,0,4,3,2,9,7.358,0.0515
ses_20260701-092027-SIDDHIGUPTAB00B,2026-07-01 09:21:00.451545+00:00,boundary,25,7,2,2,4,0,1,1,0,0,8,1,0,7,2.503,0.174
ses_20260701-092027-SIDDHIGUPTAB00B,2026-07-01 09:22:00.584233+00:00,boundary,41,8,1,2,25,0,1,1,0,1,2,1,0,9,3.061,0.052
ses_20260701-092027-SIDDHIGUPTAB00B,2026-07-01 09:22:00.588798+00:00,boundary,41,8,1,2,25,0,1,1,0,1,2,1,0,9,3.061,0.052
ses_20260701-092027-SIDDHIGUPTAB00B,2026-07-01 09:22:57.114651+00:00,boundary,54,10,2,2,16,0,1,3,1,2,10,3,2,12,3.211,0.051
ses_20260701-092027-SIDDHIGUPTAB00B,2026-07-01 09:22:57.118322+00:00,boundary,54,10,2,2,16,0,1,3,1,2,10,3,2,12,3.211,0.051
ses_20260701-092027-SIDDHIGUPTAB00B,2026-07-01 09:23:17.380759+00:00,boundary,35,10,1,2,7,0,1,3,1,1,8,3,1,9,3.499,0.047
ses_20260701-092027-SIDDHIGUPTAB00B,2026-07-01 09:23:17.392033+00:00,boundary,35,10,1,2,7,0,1,3,1,1,8,3,1,9,3.499,0.047
ses_20260701-092027-SIDDHIGUPTAB00B,2026-07-01 09:23:49.122875+00:00,boundary,40,10,1,2,16,0,1,3,1,1,2,3,1,11,2.832,0.11
ses_20260701-092027-SIDDHIGUPTAB00B,2026-07-01 09:23:49.152010+00:00,boundary,40,10,1,2,16,0,1,3,1,1,2,3,1,11,2.832,0.11
ses_20260701-092027-SIDDHIGUPTAB00B,2026-07-01 09:24:36.905820+00:00,boundary,63,10,2,3,29,0,1,3,1,2,6,3,1,14,2.829,0.058499999999999996
ses_20260701-092027-SIDDHIGUPTAB00B,2026-07-01 09:24:36.907711+00:00,boundary,63,10,2,3,29,0,1,3,1,2,6,3,1,14,2.829,0.058499999999999996
ses_20260701-092027-SIDDHIGUPTAB00B,2026-07-01 09:25:17.557577+00:00,boundary,66,10,2,3,34,0,1,3,1,4,4,3,1,13,3.468,0.045
ses_20260701-092027-SIDDHIGUPTAB00B,2026-07-01 09:25:17.559382+00:00,boundary,66,10,2,3,34,0,1,3,1,4,4,3,1,13,3.468,0.045
ses_20260701-092027-SIDDHIGUPTAB00B,2026-07-01 09:25:48.642095+00:00,boundary,46,9,2,2,11,0,0,3,1,2,10,3,2,10,6.928,0.029
ses_20260701-092027-SIDDHIGUPTAB00B,2026-07-01 09:26:16.671346+00:00,boundary,71,10,1,2,28,0,1,3,1,3,12,3,1,13,3.216,0.051
ses_20260701-092027-SIDDHIGUPTAB00B,2026-07-01 09:26:16.672952+00:00,boundary,71,10,1,2,28,0,1,3,1,3,12,3,1,13,3.216,0.051
ses_20260701-092027-SIDDHIGUPTAB00B,2026-07-01 09:26:44.518695+00:00,boundary,67,9,2,3,30,0,0,3,1,2,8,3,1,15,2.64,0.059
ses_20260701-092027-SIDDHIGUPTAB00B,2026-07-01 09:26:44.521396+00:00,boundary,67,9,2,3,30,0,0,3,1,2,8,3,1,15,2.64,0.059
ses_20260701-092027-SIDDHIGUPTAB00B,2026-07-01 09:28:25.846920+00:00,boundary,51,8,1,2,24,0,1,1,0,1,8,1,0,12,2.572,0.052500000000000005
ses_20260701-092027-SIDDHIGUPTAB00B,2026-07-01 09:28:25.863233+00:00,boundary,51,8,1,2,24,0,1,1,0,1,8,1,0,12,2.572,0.052500000000000005
ses_20260701-092027-SIDDHIGUPTAB00B,2026-07-01 09:28:46.679149+00:00,boundary,37,9,1,1,1,0,0,3,1,2,12,3,2,9,5.692,0.048
ses_20260701-092027-SIDDHIGUPTAB00B,2026-07-01 09:29:08.140121+00:00,boundary,54,10,1,2,26,0,1,3,1,1,4,3,1,12,2.935,0.055
ses_20260701-092027-SIDDHIGUPTAB00B,2026-07-01 09:29:08.142101+00:00,boundary,54,10,1,2,26,0,1,3,1,1,4,3,1,12,2.935,0.055
ses_20260701-092027-SIDDHIGUPTAB00B,2026-07-01 09:29:49.076791+00:00,boundary,61,9,2,3,37,0,1,3,1,1,2,3,0,12,3.026,0.0545
ses_20260701-092027-SIDDHIGUPTAB00B,2026-07-01 09:29:49.079342+00:00,boundary,61,9,2,3,37,0,1,3,1,1,2,3,0,12,3.026,0.0545
ses_20260701-092027-SIDDHIGUPTAB00B,2026-07-01 09:30:30.857988+00:00,boundary,78,10,2,3,36,0,1,3,1,2,10,3,1,17,2.829,0.051
ses_20260701-092027-SIDDHIGUPTAB00B,2026-07-01 09:30:30.860383+00:00,boundary,78,10,2,3,36,0,1,3,1,2,10,3,1,17,2.829,0.051
ses_20260701-092027-SIDDHIGUPTAB00B,2026-07-01 09:31:10.391651+00:00,boundary,48,10,1,2,11,0,1,3,1,2,10,3,1,12,2.888,0.056
ses_20260701-092027-SIDDHIGUPTAB00B,2026-07-01 09:31:10.393302+00:00,boundary,48,10,1,2,11,0,1,3,1,2,10,3,1,12,2.888,0.056
ses_20260701-092027-SIDDHIGUPTAB00B,2026-07-01 09:33:25.274927+00:00,boundary,21,8,1,2,9,0,1,1,0,1,2,1,0,5,2.835,0.044
ses_20260701-092027-SIDDHIGUPTAB00B,2026-07-01 09:33:25.280143+00:00,boundary,21,8,1,2,9,0,1,1,0,1,2,1,0,5,2.835,0.044
ses_20260701-092027-SIDDHIGUPTAB00B,2026-07-01 09:34:11.027413+00:00,boundary,62,10,2,3,38,0,1,3,1,1,2,3,1,11,2.685,0.05
ses_20260701-092027-SIDDHIGUPTAB00B,2026-07-01 09:34:11.029866+00:00,boundary,62,10,2,3,38,0,1,3,1,1,2,3,1,11,2.685,0.05
ses_20260701-092027-SIDDHIGUPTAB00B,2026-07-01 09:34:51.339856+00:00,boundary,70,10,2,3,39,0,1,3,1,2,4,3,1,14,2.277,0.053
ses_20260701-092027-SIDDHIGUPTAB00B,2026-07-01 09:34:51.341264+00:00,boundary,70,10,2,3,39,0,1,3,1,2,4,3,1,14,2.277,0.053
ses_20260701-092027-SIDDHIGUPTAB00B,2026-07-01 09:35:28.478396+00:00,boundary,60,9,2,3,23,0,0,3,1,2,10,3,1,13,2.744,0.051
ses_20260701-092027-SIDDHIGUPTAB00B,2026-07-01 09:35:28.480968+00:00,boundary,60,9,2,3,23,0,0,3,1,2,10,3,1,13,2.744,0.051
ses_20260701-092027-SIDDHIGUPTAB00B,2026-07-01 09:36:05.881681+00:00,boundary,65,10,1,2,27,0,1,3,1,2,10,3,1,13,3.156,0.048
ses_20260701-092027-SIDDHIGUPTAB00B,2026-07-01 09:36:05.884854+00:00,boundary,65,10,1,2,27,0,1,3,1,2,10,3,1,13,3.156,0.048
ses_20260701-092027-SIDDHIGUPTAB00B,2026-07-01 09:36:28.921251+00:00,boundary,25,8,1,1,0,0,0,2,1,1,8,2,1,7,1.956,0.0275
ses_20260701-092027-SIDDHIGUPTAB00B,2026-07-01 09:37:08.956456+00:00,boundary,71,11,2,3,30,0,1,1,0,1,12,1,3,16,2.63,0.0545
ses_20260701-092027-SIDDHIGUPTAB00B,2026-07-01 09:37:35.502835+00:00,boundary,69,10,1,2,26,0,1,3,1,2,12,3,1,15,3.024,0.053
ses_20260701-092027-SIDDHIGUPTAB00B,2026-07-01 09:37:35.504420+00:00,boundary,69,10,1,2,26,0,1,3,1,2,12,3,1,15,3.024,0.053
ses_20260701-092027-SIDDHIGUPTAB00B,2026-07-01 09:37:58.663894+00:00,boundary,66,10,1,2,26,0,1,3,1,1,10,3,1,16,2.715,0.042
ses_20260701-092027-SIDDHIGUPTAB00B,2026-07-01 09:38:00.132077+00:00,boundary,70,10,1,2,26,0,1,3,1,2,12,3,1,16,2.715,0.039
ses_20260701-092027-SIDDHIGUPTAB00B,2026-07-01 09:38:29.600701+00:00,boundary,49,9,1,1,2,0,0,3,1,4,16,3,2,11,7.204,0.0385
ses_20260701-092027-SIDDHIGUPTAB00B,2026-07-01 09:38:58.527723+00:00,boundary,49,10,2,2,16,0,1,3,1,3,6,3,2,11,3.283,0.0565
ses_20260701-092027-SIDDHIGUPTAB00B,2026-07-01 09:38:58.529651+00:00,boundary,49,10,2,2,16,0,1,3,1,3,6,3,2,11,3.283,0.0565
ses_20260701-092027-SIDDHIGUPTAB00B,2026-07-01 09:39:42.603491+00:00,boundary,61,10,2,3,22,0,1,3,1,4,10,3,1,11,2.913,0.046
ses_20260701-092027-SIDDHIGUPTAB00B,2026-07-01 09:39:42.605907+00:00,boundary,61,10,2,3,22,0,1,3,1,4,10,3,1,11,2.913,0.046
ses_20260701-092027-SIDDHIGUPTAB00B,2026-07-01 09:40:36.390390+00:00,boundary,43,10,2,2,16,0,1,3,1,1,4,3,2,10,3.987,0.0565
ses_20260701-092027-SIDDHIGUPTAB00B,2026-07-01 09:40:36.391841+00:00,boundary,43,10,2,2,16,0,1,3,1,1,4,3,2,10,3.987,0.0565
ses_20260701-092027-SIDDHIGUPTAB00B,2026-07-01 09:41:12.978877+00:00,boundary,44,10,1,1,1,0,1,3,1,4,14,3,2,9,4.145,0.046
ses_20260701-092027-SIDDHIGUPTAB00B,2026-07-01 09:41:12.980515+00:00,boundary,44,10,1,1,1,0,1,3,1,4,14,3,2,9,4.145,0.046
ses_20260701-092027-SIDDHIGUPTAB00B,2026-07-01 09:41:33.095282+00:00,boundary,67,10,1,2,26,0,1,3,1,2,12,3,1,14,2.904,0.0455
ses_20260701-092027-SIDDHIGUPTAB00B,2026-07-01 09:41:33.097231+00:00,boundary,67,10,1,2,26,0,1,3,1,2,12,3,1,14,2.904,0.0455
ses_20260701-092027-SIDDHIGUPTAB00B,2026-07-01 09:42:37.436497+00:00,boundary,51,8,1,2,26,0,1,1,0,1,8,1,0,10,2.577,0.054
ses_20260701-092027-SIDDHIGUPTAB00B,2026-07-01 09:42:37.443375+00:00,boundary,51,8,1,2,26,0,1,1,0,1,8,1,0,10,2.577,0.054
ses_20260701-092027-SIDDHIGUPTAB00B,2026-07-01 09:43:07.846949+00:00,boundary,76,9,2,3,37,0,0,3,1,2,10,3,1,15,2.91,0.054
ses_20260701-092027-SIDDHIGUPTAB00B,2026-07-01 09:43:07.849628+00:00,boundary,76,9,2,3,37,0,0,3,1,2,10,3,1,15,2.91,0.054
ses_20260701-092027-SIDDHIGUPTAB00B,2026-07-01 09:43:32.737572+00:00,boundary,68,10,2,3,26,0,1,3,1,4,10,3,1,14,3.316,0.053
ses_20260701-092027-SIDDHIGUPTAB00B,2026-07-01 09:43:32.739091+00:00,boundary,68,10,2,3,26,0,1,3,1,4,10,3,1,14,3.316,0.053
ses_20260701-092027-SIDDHIGUPTAB00B,2026-07-01 09:44:28.238030+00:00,boundary,55,10,2,2,15,1,0,3,1,4,10,3,2,11,6.005,0.049
ses_20260701-093900-Marcos,2026-07-01 09:39:29.390972+00:00,boundary,47,7,2,2,25,0,1,1,0,0,6,1,0,10,2.617,0.0515
ses_20260701-093900-Marcos,2026-07-01 09:39:54.420390+00:00,boundary,35,9,1,1,1,0,1,3,1,0,10,3,2,9,3.843,0.0665
ses_20260701-093900-Marcos,2026-07-01 09:39:54.421614+00:00,boundary,35,9,1,1,1,0,1,3,1,0,10,3,2,9,3.843,0.0665
ses_20260701-093900-Marcos,2026-07-01 09:40:33.564762+00:00,boundary,84,10,2,3,40,1,1,3,1,1,12,3,0,17,2.406,0.054
ses_20260701-093900-Marcos,2026-07-01 09:40:33.565908+00:00,boundary,84,10,2,3,40,1,1,3,1,1,12,3,0,17,2.406,0.054
ses_20260701-093900-Marcos,2026-07-01 09:41:20.772358+00:00,boundary,49,7,1,2,25,0,1,1,0,0,8,1,0,10,1.95,0.0505
ses_20260701-093900-Marcos,2026-07-01 09:41:20.773071+00:00,boundary,49,7,1,2,25,0,1,1,0,0,8,1,0,10,1.95,0.0505
ses_20260701-093900-Marcos,2026-07-01 09:41:41.412525+00:00,boundary,38,10,1,1,1,0,1,3,1,1,12,3,2,10,4.435,0.049
ses_20260701-093900-Marcos,2026-07-01 09:41:41.413125+00:00,boundary,38,10,1,1,1,0,1,3,1,1,12,3,2,10,4.435,0.049
ses_20260701-093900-Marcos,2026-07-01 09:42:17.182291+00:00,boundary,39,10,1,1,1,0,1,3,1,2,12,3,2,10,3.445,0.0495
ses_20260701-093900-Marcos,2026-07-01 09:42:17.183030+00:00,boundary,39,10,1,1,1,0,1,3,1,2,12,3,2,10,3.445,0.0495
ses_20260701-093900-Marcos,2026-07-01 09:42:34.092775+00:00,boundary,37,9,1,1,1,0,0,3,1,2,12,3,2,9,5.567,0.0475
ses_20260701-093900-Marcos,2026-07-01 09:42:56.932255+00:00,boundary,68,10,1,2,26,0,1,3,1,1,12,3,1,15,2.891,0.051
ses_20260701-093900-Marcos,2026-07-01 09:42:56.933437+00:00,boundary,68,10,1,2,26,0,1,3,1,1,12,3,1,15,2.891,0.051
ses_20260701-093900-Marcos,2026-07-01 09:43:22.602142+00:00,boundary,68,10,1,2,28,0,1,3,1,1,10,3,1,15,2.546,0.054
ses_20260701-093900-Marcos,2026-07-01 09:43:24.338438+00:00,boundary,78,10,1,2,27,0,1,3,1,2,16,3,1,17,2.546,0.054
ses_20260701-093900-Marcos,2026-07-01 09:44:19.859240+00:00,boundary,35,5,1,2,27,0,1,1,0,0,0,1,0,5,2.541,0.023
ses_20260701-093900-Marcos,2026-07-01 09:44:19.859933+00:00,boundary,35,5,1,2,27,0,1,1,0,0,0,1,0,5,2.541,0.023
ses_20260701-093900-Marcos,2026-07-01 09:44:57.663623+00:00,boundary,36,10,1,1,1,0,1,3,1,2,10,3,2,9,4.308,0.054
ses_20260701-093900-Marcos,2026-07-01 09:44:57.664963+00:00,boundary,36,10,1,1,1,0,1,3,1,2,10,3,2,9,4.308,0.054
ses_20260701-093900-Marcos,2026-07-01 09:45:47.377902+00:00,boundary,54,8,1,2,28,0,1,1,0,1,8,1,0,11,2.371,0.053
ses_20260701-093900-Marcos,2026-07-01 09:45:47.378731+00:00,boundary,54,8,1,2,28,0,1,1,0,1,8,1,0,11,2.371,0.053
ses_20260701-093900-Marcos,2026-07-01 09:46:15.312430+00:00,boundary,48,10,1,1,1,0,1,3,1,3,16,3,2,11,3.992,0.038
ses_20260701-093900-Marcos,2026-07-01 09:46:15.313115+00:00,boundary,48,10,1,1,1,0,1,3,1,3,16,3,2,11,3.992,0.038
ses_20260701-093900-Marcos,2026-07-01 09:46:43.480007+00:00,boundary,67,9,2,3,41,0,1,3,1,0,2,3,1,14,3.11,0.053
ses_20260701-093900-Marcos,2026-07-01 09:46:43.481097+00:00,boundary,67,9,2,3,41,0,1,3,1,0,2,3,1,14,3.11,0.053
ses_20260701-093900-Marcos,2026-07-01 09:47:20.413778+00:00,boundary,45,10,1,1,1,0,1,3,1,1,16,3,2,10,4.022,0.037
ses_20260701-093900-Marcos,2026-07-01 09:47:20.414677+00:00,boundary,45,10,1,1,1,0,1,3,1,1,16,3,2,10,4.022,0.037
ses_20260701-093900-Marcos,2026-07-01 09:47:48.732885+00:00,boundary,73,9,2,3,39,0,0,3,1,2,8,3,1,12,3.76,0.0465
ses_20260701-093900-Marcos,2026-07-01 09:47:48.734067+00:00,boundary,73,9,2,3,39,0,0,3,1,2,8,3,1,12,3.76,0.0465
ses_20260701-093900-Marcos,2026-07-01 09:48:12.542752+00:00,boundary,65,9,1,2,26,0,0,3,1,1,12,3,1,13,2.752,0.0485
ses_20260701-093900-Marcos,2026-07-01 09:48:13.921651+00:00,boundary,73,9,1,2,26,0,0,3,1,1,16,3,1,15,2.752,0.0455
ses_20260701-093900-Marcos,2026-07-01 09:48:42.305241+00:00,boundary,75,10,1,2,27,0,1,3,1,1,16,3,1,15,2.664,0.0545
ses_20260701-093900-Marcos,2026-07-01 09:48:42.306150+00:00,boundary,75,10,1,2,27,0,1,3,1,1,16,3,1,15,2.664,0.0545
ses_20260701-093900-Marcos,2026-07-01 09:49:11.768826+00:00,boundary,69,9,2,3,40,0,1,3,1,0,4,3,1,14,3.25,0.053
ses_20260701-093900-Marcos,2026-07-01 09:49:11.769615+00:00,boundary,69,9,2,3,40,0,1,3,1,0,4,3,1,14,3.25,0.053
ses_20260701-093900-Marcos,2026-07-01 09:50:42.277993+00:00,boundary,42,9,3,3,15,0,0,3,1,1,6,3,2,9,5.893,0.056
ses_20260701-093900-Marcos,2026-07-01 09:52:07.826950+00:00,boundary,50,9,2,2,15,0,1,3,1,0,10,3,2,11,4.012,0.049
ses_20260701-093900-Marcos,2026-07-01 09:52:07.828003+00:00,boundary,50,9,2,2,15,0,1,3,1,0,10,3,2,11,4.012,0.049
ses_20260701-093900-Marcos,2026-07-01 09:52:29.279642+00:00,boundary,44,9,1,1,2,0,0,3,1,1,16,3,2,9,6.069,0.054
ses_20260701-093900-Marcos,2026-07-01 09:52:56.521274+00:00,boundary,55,10,2,2,15,0,1,3,1,2,12,3,2,12,4.066,0.0505
ses_20260701-093900-Marcos,2026-07-01 09:52:56.522090+00:00,boundary,55,10,2,2,15,0,1,3,1,2,12,3,2,12,4.066,0.0505
ses_20260701-093900-Marcos,2026-07-01 09:53:21.964140+00:00,boundary,67,9,1,2,27,0,0,3,1,2,12,3,1,13,3.07,0.0525
ses_20260701-093900-Marcos,2026-07-01 09:53:21.965051+00:00,boundary,67,9,1,2,27,0,0,3,1,2,12,3,1,13,3.07,0.0525
ses_20260701-093900-Marcos,2026-07-01 09:55:06.777987+00:00,boundary,23,9,1,2,2,0,0,1,0,0,8,1,0,5,6.122,0.0455
ses_20260701-093900-Marcos,2026-07-01 09:55:48.922052+00:00,boundary,40,6,2,3,27,0,1,1,0,0,2,1,0,8,3.032,0.057
ses_20260701-093900-Marcos,2026-07-01 09:55:48.923229+00:00,boundary,40,6,2,3,27,0,1,1,0,0,2,1,0,8,3.032,0.057
ses_20260701-093900-Marcos,2026-07-01 09:57:10.263106+00:00,boundary,81,10,2,3,40,0,1,3,1,1,10,3,1,17,2.969,0.0475
ses_20260701-093900-Marcos,2026-07-01 09:57:10.264190+00:00,boundary,81,10,2,3,40,0,1,3,1,1,10,3,1,17,2.969,0.0475
ses_20260701-093900-Marcos,2026-07-01 09:57:58.881348+00:00,boundary,50,7,1,2,28,0,0,1,0,1,6,1,0,10,2.767,0.054
ses_20260701-093900-Marcos,2026-07-01 09:57:58.882346+00:00,boundary,50,7,1,2,28,0,0,1,0,1,6,1,0,10,2.767,0.054
ses_20260701-095337-LAPTOP-0IM1OHQH,2026-07-01 09:53:55.716680+00:00,boundary,41,7,2,2,26,0,1,1,0,0,2,1,0,9,2.951,0.058
ses_20260701-095337-LAPTOP-0IM1OHQH,2026-07-01 09:55:05.332562+00:00,boundary,19,7,1,1,1,0,0,1,0,0,8,1,1,4,2.644,0.0225
ses_20260701-095337-LAPTOP-0IM1OHQH,2026-07-01 09:55:31.197581+00:00,boundary,25,8,1,1,1,0,0,2,1,0,8,2,1,6,2.654,0.0445
ses_20260701-095337-LAPTOP-0IM1OHQH,2026-07-01 09:56:26.074473+00:00,boundary,39,6,2,3,26,1,1,1,0,0,0,1,0,9,3.455,0.0575
ses_20260701-095337-LAPTOP-0IM1OHQH,2026-07-01 09:57:10.732175+00:00,boundary,79,9,2,3,39,0,1,3,1,0,10,3,1,17,2.687,0.0505
ses_20260701-095337-LAPTOP-0IM1OHQH,2026-07-01 09:57:10.735347+00:00,boundary,79,9,2,3,39,0,1,3,1,0,10,3,1,17,2.687,0.0505
ses_20260701-095337-LAPTOP-0IM1OHQH,2026-07-01 09:57:30.985485+00:00,boundary,36,9,1,1,1,0,0,3,1,1,12,3,2,9,5.675,0.084
ses_20260701-095337-LAPTOP-0IM1OHQH,2026-07-01 09:57:52.648209+00:00,boundary,63,10,2,4,30,1,1,3,1,0,6,3,1,14,3.837,0.054
ses_20260701-095337-LAPTOP-0IM1OHQH,2026-07-01 09:57:52.651098+00:00,boundary,63,10,2,4,30,1,1,3,1,0,6,3,1,14,3.837,0.054
ses_20260701-095337-LAPTOP-0IM1OHQH,2026-07-01 09:58:44.381682+00:00,boundary,32,9,1,1,1,0,0,3,1,2,10,3,1,6,5.898,0.044
ses_20260701-095337-LAPTOP-0IM1OHQH,2026-07-01 09:59:27.686096+00:00,boundary,29,7,2,2,0,0,0,3,1,0,10,3,2,5,6.673,0.0165
ses_20260701-095337-LAPTOP-0IM1OHQH,2026-07-01 10:00:18.826938+00:00,boundary,92,10,2,3,41,0,1,3,1,0,16,3,1,18,2.475,0.054
ses_20260701-095337-LAPTOP-0IM1OHQH,2026-07-01 10:00:18.829807+00:00,boundary,92,10,2,3,41,0,1,3,1,0,16,3,1,18,2.475,0.054
ses_20260701-095337-LAPTOP-0IM1OHQH,2026-07-01 10:00:46.943471+00:00,boundary,45,10,1,1,1,0,0,3,1,1,16,3,2,10,5.879,0.046
ses_20260701-095337-LAPTOP-0IM1OHQH,2026-07-01 10:01:12.768181+00:00,boundary,41,8,2,2,15,0,0,2,1,0,8,2,1,8,1.633,0.0505
ses_20260701-095337-LAPTOP-0IM1OHQH,2026-07-01 10:01:35.784222+00:00,boundary,34,4,1,2,26,0,0,1,0,0,0,1,0,6,2.855,0.055
ses_20260701-095337-LAPTOP-0IM1OHQH,2026-07-01 10:02:26.401282+00:00,boundary,68,11,2,4,29,0,1,3,1,2,8,3,1,15,4.635,0.053
ses_20260701-095337-LAPTOP-0IM1OHQH,2026-07-01 10:02:26.403715+00:00,boundary,68,11,2,4,29,0,1,3,1,2,8,3,1,15,4.635,0.053
ses_20260701-095337-LAPTOP-0IM1OHQH,2026-07-01 10:04:09.891893+00:00,boundary,52,7,1,2,27,0,1,1,0,0,8,1,0,11,2.272,0.053
ses_20260701-095337-LAPTOP-0IM1OHQH,2026-07-01 10:04:09.894633+00:00,boundary,52,7,1,2,27,0,1,1,0,0,8,1,0,11,2.272,0.053
ses_20260701-095337-LAPTOP-0IM1OHQH,2026-07-01 10:05:16.948432+00:00,boundary,52,7,1,2,27,0,1,1,0,0,8,1,0,11,1.758,0.053
ses_20260701-095337-LAPTOP-0IM1OHQH,2026-07-01 10:05:16.951949+00:00,boundary,52,7,1,2,27,0,1,1,0,0,8,1,0,11,1.758,0.053
ses_20260701-095337-LAPTOP-0IM1OHQH,2026-07-01 10:05:37.132450+00:00,boundary,27,9,2,2,1,0,1,3,1,0,6,3,2,9,3.526,0.08299999999999999
ses_20260701-095337-LAPTOP-0IM1OHQH,2026-07-01 10:05:37.135919+00:00,boundary,27,9,2,2,1,0,1,3,1,0,6,3,2,9,3.526,0.08299999999999999
ses_20260701-095337-LAPTOP-0IM1OHQH,2026-07-01 10:07:14.493794+00:00,boundary,23,8,1,1,2,0,1,1,0,0,8,1,1,6,2.285,0.045
ses_20260701-095337-LAPTOP-0IM1OHQH,2026-07-01 10:07:14.496989+00:00,boundary,23,8,1,1,2,0,1,1,0,0,8,1,1,6,2.285,0.045
ses_20260701-095337-LAPTOP-0IM1OHQH,2026-07-01 10:07:40.670143+00:00,boundary,75,8,1,2,28,0,0,3,1,0,16,3,1,16,2.728,0.053
ses_20260701-095337-LAPTOP-0IM1OHQH,2026-07-01 10:07:40.673025+00:00,boundary,75,8,1,2,28,0,0,3,1,0,16,3,1,16,2.728,0.053
ses_20260701-095337-LAPTOP-0IM1OHQH,2026-07-01 10:09:07.193213+00:00,boundary,40,7,1,2,27,0,1,1,0,0,2,1,0,7,2.543,0.047
ses_20260701-095337-LAPTOP-0IM1OHQH,2026-07-01 10:09:07.196317+00:00,boundary,40,7,1,2,27,0,1,1,0,0,2,1,0,7,2.543,0.047
ses_20260701-095337-LAPTOP-0IM1OHQH,2026-07-01 10:11:29.991275+00:00,boundary,14,10,2,2,1,0,1,1,0,0,2,1,1,4,5.329,0.091
ses_20260701-095337-LAPTOP-0IM1OHQH,2026-07-01 10:11:29.994337+00:00,boundary,14,10,2,2,1,0,1,1,0,0,2,1,1,4,5.329,0.091
ses_20260701-095337-LAPTOP-0IM1OHQH,2026-07-01 10:12:19.471179+00:00,boundary,37,10,2,2,1,0,1,3,1,2,10,3,2,9,3.479,0.047
ses_20260701-095337-LAPTOP-0IM1OHQH,2026-07-01 10:12:19.475871+00:00,boundary,37,10,2,2,1,0,1,3,1,2,10,3,2,9,3.479,0.047
ses_20260701-095337-LAPTOP-0IM1OHQH,2026-07-01 10:13:11.061163+00:00,boundary,50,9,2,2,15,1,0,3,1,0,10,3,2,10,6.427,0.054
ses_20260701-095337-LAPTOP-0IM1OHQH,2026-07-01 10:13:56.500193+00:00,boundary,40,9,3,3,14,0,1,3,1,0,4,3,3,9,5.286,0.052
ses_20260701-095337-LAPTOP-0IM1OHQH,2026-07-01 10:13:56.504087+00:00,boundary,40,9,3,3,14,0,1,3,1,0,4,3,3,9,5.286,0.052
ses_20260701-095337-LAPTOP-0IM1OHQH,2026-07-01 10:14:42.271429+00:00,boundary,63,8,1,2,26,0,3,2,1,0,10,2,0,15,3.767,0.052
ses_20260701-095337-LAPTOP-0IM1OHQH,2026-07-01 10:14:42.275128+00:00,boundary,63,8,1,2,26,0,3,2,1,0,10,2,0,15,3.767,0.052
ses_20260701-095337-LAPTOP-0IM1OHQH,2026-07-01 10:15:17.865172+00:00,boundary,33,8,1,1,2,0,0,2,1,1,12,2,0,9,6.009,0.041999999999999996
ses_20260701-095337-LAPTOP-0IM1OHQH,2026-07-01 10:15:47.183424+00:00,boundary,80,9,2,3,40,0,1,3,1,0,10,3,1,17,2.55,0.052
ses_20260701-095337-LAPTOP-0IM1OHQH,2026-07-01 10:15:47.187615+00:00,boundary,80,9,2,3,40,0,1,3,1,0,10,3,1,17,2.55,0.052
ses_20260701-095337-LAPTOP-0IM1OHQH,2026-07-01 10:16:11.795076+00:00,boundary,77,9,1,2,28,0,1,3,1,0,16,3,1,17,2.761,0.0515
ses_20260701-095337-LAPTOP-0IM1OHQH,2026-07-01 10:16:11.798437+00:00,boundary,77,9,1,2,28,0,1,3,1,0,16,3,1,17,2.761,0.0515
ses_20260701-095337-LAPTOP-0IM1OHQH,2026-07-01 10:16:36.396362+00:00,boundary,81,8,2,3,40,0,0,3,1,0,12,3,1,16,2.74,0.0525
ses_20260701-095337-LAPTOP-0IM1OHQH,2026-07-01 10:16:36.399482+00:00,boundary,81,8,2,3,40,0,0,3,1,0,12,3,1,16,2.74,0.0525
ses_20260701-095337-LAPTOP-0IM1OHQH,2026-07-01 10:17:01.751411+00:00,boundary,73,9,1,2,27,0,0,3,1,1,16,3,1,14,2.788,0.0515
ses_20260701-095337-LAPTOP-0IM1OHQH,2026-07-01 10:17:01.754766+00:00,boundary,73,9,1,2,27,0,0,3,1,1,16,3,1,14,2.788,0.0515
ses_20260701-095337-LAPTOP-0IM1OHQH,2026-07-01 10:17:26.738521+00:00,boundary,80,8,2,3,40,0,0,3,1,0,12,3,1,15,2.607,0.052
ses_20260701-095337-LAPTOP-0IM1OHQH,2026-07-01 10:17:26.741597+00:00,boundary,80,8,2,3,40,0,0,3,1,0,12,3,1,15,2.607,0.052
ses_20260701-095337-LAPTOP-0IM1OHQH,2026-07-01 10:19:12.717578+00:00,boundary,38,5,1,2,27,0,1,1,0,0,0,1,0,8,2.743,0.043
ses_20260701-095337-LAPTOP-0IM1OHQH,2026-07-01 10:19:12.720569+00:00,boundary,38,5,1,2,27,0,1,1,0,0,0,1,0,8,2.743,0.043
ses_20260701-095337-LAPTOP-0IM1OHQH,2026-07-01 10:20:47.367486+00:00,boundary,22,8,1,1,1,0,1,1,0,0,8,1,1,6,2.68,0.055
ses_20260701-095337-LAPTOP-0IM1OHQH,2026-07-01 10:20:47.370922+00:00,boundary,22,8,1,1,1,0,1,1,0,0,8,1,1,6,2.68,0.055
ses_20260701-095337-LAPTOP-0IM1OHQH,2026-07-01 10:21:35.999341+00:00,boundary,35,5,1,2,25,0,1,1,0,0,0,1,0,7,1.743,0.052
ses_20260701-095337-LAPTOP-0IM1OHQH,2026-07-01 10:21:36.003259+00:00,boundary,35,5,1,2,25,0,1,1,0,0,0,1,0,7,1.743,0.052
ses_20260701-100550-Marcos,2026-07-01 10:06:19.979701+00:00,boundary,51,7,2,2,27,0,1,1,0,0,8,1,0,10,1.734,0.054
ses_20260701-100550-Marcos,2026-07-01 10:06:42.139873+00:00,boundary,58,9,1,2,27,0,1,3,1,0,6,3,1,14,2.917,0.056
ses_20260701-100550-Marcos,2026-07-01 10:06:42.140975+00:00,boundary,58,9,1,2,27,0,1,3,1,0,6,3,1,14,2.917,0.056
ses_20260701-100550-Marcos,2026-07-01 10:07:41.015003+00:00,boundary,46,10,2,3,14,1,0,3,1,1,8,3,2,9,6.844,0.044
ses_20260701-100550-Marcos,2026-07-01 10:08:39.889666+00:00,boundary,69,10,2,3,39,0,1,3,1,1,4,3,1,14,3.388,0.0505
ses_20260701-100550-Marcos,2026-07-01 10:08:39.890333+00:00,boundary,69,10,2,3,39,0,1,3,1,1,4,3,1,14,3.388,0.0505
ses_20260701-100550-Marcos,2026-07-01 10:09:37.032875+00:00,boundary,73,9,1,2,27,0,0,3,1,1,16,3,1,14,3.102,0.05
ses_20260701-100550-Marcos,2026-07-01 10:09:37.033874+00:00,boundary,73,9,1,2,27,0,0,3,1,1,16,3,1,14,3.102,0.05
ses_20260701-100550-Marcos,2026-07-01 10:09:57.152104+00:00,boundary,58,9,2,3,27,0,0,3,1,2,6,3,1,13,3.009,0.056
ses_20260701-100550-Marcos,2026-07-01 10:09:57.153419+00:00,boundary,58,9,2,3,27,0,0,3,1,2,6,3,1,13,3.009,0.056
ses_20260701-100550-Marcos,2026-07-01 10:12:01.574666+00:00,boundary,41,6,1,2,27,0,0,1,0,0,2,1,0,9,3.064,0.051000000000000004
ses_20260701-100550-Marcos,2026-07-01 10:12:01.576221+00:00,boundary,41,6,1,2,27,0,0,1,0,0,2,1,0,9,3.064,0.051000000000000004
ses_20260701-100550-Marcos,2026-07-01 10:13:13.598070+00:00,boundary,59,10,1,3,27,0,1,1,1,1,10,1,0,13,3.781,0.0545
ses_20260701-100550-Marcos,2026-07-01 10:13:13.599535+00:00,boundary,59,10,1,3,27,0,1,1,1,1,10,1,0,13,3.781,0.0545
ses_20260701-100550-Marcos,2026-07-01 10:13:37.670609+00:00,boundary,40,10,1,1,1,0,1,3,1,2,12,3,2,10,3.579,0.058
ses_20260701-100550-Marcos,2026-07-01 10:13:37.671347+00:00,boundary,40,10,1,1,1,0,1,3,1,2,12,3,2,10,3.579,0.058
ses_20260701-100550-Marcos,2026-07-01 10:14:19.777328+00:00,boundary,32,8,1,1,1,0,0,3,1,0,10,3,2,8,6.601,0.048
ses_20260701-100550-Marcos,2026-07-01 10:15:00.274778+00:00,boundary,77,10,2,3,39,0,1,3,1,1,8,3,1,16,2.543,0.052
ses_20260701-100550-Marcos,2026-07-01 10:15:00.275859+00:00,boundary,77,10,2,3,39,0,1,3,1,1,8,3,1,16,2.543,0.052
ses_20260701-100550-Marcos,2026-07-01 10:15:49.265924+00:00,boundary,51,7,1,2,26,0,1,1,0,0,8,1,0,11,2.34,0.0495
ses_20260701-100550-Marcos,2026-07-01 10:15:49.266747+00:00,boundary,51,7,1,2,26,0,1,1,0,0,8,1,0,11,2.34,0.0495
ses_20260701-100550-Marcos,2026-07-01 10:16:15.091911+00:00,boundary,81,10,2,3,40,0,1,3,1,1,10,3,1,17,2.964,0.0565
ses_20260701-100550-Marcos,2026-07-01 10:16:15.092871+00:00,boundary,81,10,2,3,40,0,1,3,1,1,10,3,1,17,2.964,0.0565
ses_20260701-100550-Marcos,2026-07-01 10:17:16.093159+00:00,boundary,49,6,2,3,28,0,0,1,0,0,6,1,0,11,4.608,0.055
ses_20260701-100550-Marcos,2026-07-01 10:17:16.094033+00:00,boundary,49,6,2,3,28,0,0,1,0,0,6,1,0,11,4.608,0.055
ses_20260701-100550-Marcos,2026-07-01 10:18:10.010819+00:00,boundary,80,9,2,3,41,0,1,3,1,0,10,3,1,16,2.805,0.05
ses_20260701-100550-Marcos,2026-07-01 10:18:10.011580+00:00,boundary,80,9,2,3,41,0,1,3,1,0,10,3,1,16,2.805,0.05
ses_20260701-100550-Marcos,2026-07-01 10:18:38.944360+00:00,boundary,39,10,1,1,1,0,1,3,1,2,12,3,2,9,4.305,0.0475
ses_20260701-100550-Marcos,2026-07-01 10:18:38.945337+00:00,boundary,39,10,1,1,1,0,1,3,1,2,12,3,2,9,4.305,0.0475
ses_20260701-100550-Marcos,2026-07-01 10:19:00.274173+00:00,boundary,79,9,2,3,42,0,1,3,1,0,8,3,1,16,3.185,0.055
ses_20260701-100550-Marcos,2026-07-01 10:19:02.154317+00:00,boundary,81,10,2,3,41,0,1,3,1,1,10,3,1,16,3.185,0.054
ses_20260701-100550-Marcos,2026-07-01 10:19:31.792405+00:00,boundary,76,9,1,2,27,0,0,3,1,3,16,3,1,15,2.861,0.054
ses_20260701-100550-Marcos,2026-07-01 10:19:31.793422+00:00,boundary,76,9,1,2,27,0,0,3,1,3,16,3,1,15,2.861,0.054
ses_20260701-100550-Marcos,2026-07-01 10:19:51.204200+00:00,boundary,16,7,1,1,0,0,0,2,1,0,4,2,1,5,4.227,0.078
ses_20260701-100550-Marcos,2026-07-01 10:20:38.335370+00:00,boundary,50,6,1,2,27,0,0,1,0,0,8,1,0,10,3.088,0.052
ses_20260701-100550-Marcos,2026-07-01 10:21:03.037313+00:00,boundary,70,9,1,2,25,0,0,3,1,1,16,3,1,13,3.027,0.044
ses_20260701-100550-Marcos,2026-07-01 10:21:03.038416+00:00,boundary,70,9,1,2,25,0,0,3,1,1,16,3,1,13,3.027,0.044
ses_20260701-100550-Marcos,2026-07-01 10:21:32.451310+00:00,boundary,53,9,2,2,13,0,0,3,1,2,12,3,3,11,5.86,0.053
ses_20260701-100550-Marcos,2026-07-01 10:22:00.376977+00:00,boundary,74,9,1,2,27,0,0,3,1,4,14,3,1,14,3.099,0.052
ses_20260701-100550-Marcos,2026-07-01 10:22:00.378326+00:00,boundary,74,9,1,2,27,0,0,3,1,4,14,3,1,14,3.099,0.052
ses_20260701-100550-Marcos,2026-07-01 10:22:27.163904+00:00,boundary,87,9,2,3,41,0,0,3,1,1,14,3,2,16,2.2,0.0535
ses_20260701-100550-Marcos,2026-07-01 10:22:27.165113+00:00,boundary,87,9,2,3,41,0,0,3,1,1,14,3,2,16,2.2,0.0535
ses_20260701-100550-Marcos,2026-07-01 10:23:26.138880+00:00,boundary,49,7,1,2,26,0,0,1,0,1,8,1,0,9,2.968,0.045
ses_20260701-100550-Marcos,2026-07-01 10:23:26.139953+00:00,boundary,49,7,1,2,26,0,0,1,0,1,8,1,0,9,2.968,0.045
ses_20260701-100550-Marcos,2026-07-01 10:23:54.974143+00:00,boundary,62,10,1,2,27,0,1,3,1,2,8,3,1,12,3.127,0.053
ses_20260701-100550-Marcos,2026-07-01 10:23:54.975394+00:00,boundary,62,10,1,2,27,0,1,3,1,2,8,3,1,12,3.127,0.053
ses_20260701-100550-Marcos,2026-07-01 10:25:21.177031+00:00,boundary,66,9,2,3,39,0,0,3,1,1,4,3,1,12,3.726,0.049
ses_20260701-100550-Marcos,2026-07-01 10:25:21.177860+00:00,boundary,66,9,2,3,39,0,0,3,1,1,4,3,1,12,3.726,0.049
ses_20260701-100550-Marcos,2026-07-01 10:25:54.635878+00:00,boundary,65,9,1,2,27,0,2,3,1,1,10,3,0,14,2.947,0.0485
ses_20260701-100550-Marcos,2026-07-01 10:25:54.636743+00:00,boundary,65,9,1,2,27,0,2,3,1,1,10,3,0,14,2.947,0.0485
ses_20260701-100550-Marcos,2026-07-01 10:27:04.436736+00:00,boundary,38,5,2,3,26,0,0,1,0,0,2,1,0,8,2.76,0.053
ses_20260701-100550-Marcos,2026-07-01 10:27:04.437818+00:00,boundary,38,5,2,3,26,0,0,1,0,0,2,1,0,8,2.76,0.053
ses_20260701-100550-Marcos,2026-07-01 10:28:21.616082+00:00,boundary,59,10,2,2,15,0,1,3,1,3,14,3,2,11,3.93,0.0525
ses_20260701-100550-Marcos,2026-07-01 10:28:21.616780+00:00,boundary,59,10,2,2,15,0,1,3,1,3,14,3,2,11,3.93,0.0525
ses_20260701-100550-Marcos,2026-07-01 10:29:03.846533+00:00,boundary,13,6,2,2,1,0,1,1,0,0,4,1,0,5,2.495,0.094
ses_20260701-100550-Marcos,2026-07-01 10:29:03.847788+00:00,boundary,13,6,2,2,1,0,1,1,0,0,4,1,0,5,2.495,0.094
ses_20260701-100550-Marcos,2026-07-01 10:30:17.853308+00:00,boundary,82,10,2,3,41,0,1,3,1,1,10,3,1,17,2.98,0.055
ses_20260701-100550-Marcos,2026-07-01 10:30:17.854171+00:00,boundary,82,10,2,3,41,0,1,3,1,1,10,3,1,17,2.98,0.055
ses_20260701-100550-Marcos,2026-07-01 10:30:41.451560+00:00,boundary,48,9,1,1,2,0,0,3,1,3,16,3,2,11,6.117,0.029
ses_20260701-100550-Marcos,2026-07-01 10:31:07.187719+00:00,boundary,82,10,2,3,41,0,1,3,1,2,10,3,1,16,2.117,0.051
ses_20260701-100550-Marcos,2026-07-01 10:31:07.188681+00:00,boundary,82,10,2,3,41,0,1,3,1,2,10,3,1,16,2.117,0.051
ses_20260701-100550-Marcos,2026-07-01 10:31:48.332603+00:00,boundary,22,8,1,1,2,0,0,1,0,1,8,1,1,5,5.815,0.034
ses_20260701-100550-Marcos,2026-07-01 10:32:17.052169+00:00,boundary,81,9,2,3,40,0,0,3,1,1,12,3,1,15,2.631,0.0555
ses_20260701-100550-Marcos,2026-07-01 10:32:17.052978+00:00,boundary,81,9,2,3,40,0,0,3,1,1,12,3,1,15,2.631,0.0555
ses_20260701-103521-LAPTOP-0IM1OHQH,2026-07-01 10:35:40.686024+00:00,boundary,42,7,2,2,27,0,1,1,0,0,2,1,0,9,2.847,0.055
ses_20260701-103521-LAPTOP-0IM1OHQH,2026-07-01 10:36:07.049751+00:00,boundary,75,10,1,2,27,0,1,3,1,1,16,3,1,15,2.817,0.052
ses_20260701-103521-LAPTOP-0IM1OHQH,2026-07-01 10:36:07.053398+00:00,boundary,75,10,1,2,27,0,1,3,1,1,16,3,1,15,2.817,0.052
ses_20260701-103521-LAPTOP-0IM1OHQH,2026-07-01 10:36:31.646092+00:00,boundary,45,9,1,1,1,0,0,3,1,2,16,3,2,10,6.036,0.0375
ses_20260701-103521-LAPTOP-0IM1OHQH,2026-07-01 10:36:55.599623+00:00,boundary,81,9,2,3,41,0,1,3,1,0,10,3,1,17,2.804,0.0525
ses_20260701-103521-LAPTOP-0IM1OHQH,2026-07-01 10:36:55.602744+00:00,boundary,81,9,2,3,41,0,1,3,1,0,10,3,1,17,2.804,0.0525
ses_20260701-103521-LAPTOP-0IM1OHQH,2026-07-01 10:37:20.843423+00:00,boundary,53,9,2,3,26,0,1,3,1,0,4,3,1,12,4.018,0.0525
ses_20260701-103521-LAPTOP-0IM1OHQH,2026-07-01 10:37:20.846667+00:00,boundary,53,9,2,3,26,0,1,3,1,0,4,3,1,12,4.018,0.0525
ses_20260701-103521-LAPTOP-0IM1OHQH,2026-07-01 10:38:16.249775+00:00,boundary,66,10,2,3,30,1,1,3,1,0,8,3,1,14,3.005,0.053
ses_20260701-103521-LAPTOP-0IM1OHQH,2026-07-01 10:38:16.252684+00:00,boundary,66,10,2,3,30,1,1,3,1,0,8,3,1,14,3.005,0.053
ses_20260701-103521-LAPTOP-0IM1OHQH,2026-07-01 10:39:01.868834+00:00,boundary,65,8,2,3,41,0,0,3,1,0,2,3,1,13,3.06,0.0545
ses_20260701-103521-LAPTOP-0IM1OHQH,2026-07-01 10:39:01.872263+00:00,boundary,65,8,2,3,41,0,0,3,1,0,2,3,1,13,3.06,0.0545
ses_20260701-103521-LAPTOP-0IM1OHQH,2026-07-01 10:39:51.476011+00:00,boundary,75,8,1,2,28,0,1,3,1,0,16,3,0,16,3.4,0.053
ses_20260701-103521-LAPTOP-0IM1OHQH,2026-07-01 10:39:51.478996+00:00,boundary,75,8,1,2,28,0,1,3,1,0,16,3,0,16,3.4,0.053
ses_20260701-103521-LAPTOP-0IM1OHQH,2026-07-01 10:40:15.592602+00:00,boundary,51,8,1,2,26,0,0,3,1,0,4,3,1,11,2.612,0.054
ses_20260701-103521-LAPTOP-0IM1OHQH,2026-07-01 10:40:15.596249+00:00,boundary,51,8,1,2,26,0,0,3,1,0,4,3,1,11,2.612,0.054
ses_20260701-103521-LAPTOP-0IM1OHQH,2026-07-01 10:41:08.080128+00:00,boundary,60,7,1,2,28,0,1,1,0,0,12,1,0,13,5.369,0.054
ses_20260701-103521-LAPTOP-0IM1OHQH,2026-07-01 10:41:08.083303+00:00,boundary,60,7,1,2,28,0,1,1,0,0,12,1,0,13,5.369,0.054
ses_20260701-103521-LAPTOP-0IM1OHQH,2026-07-01 10:41:36.073483+00:00,boundary,81,9,2,3,41,0,1,3,1,0,10,3,1,16,2.894,0.0525
ses_20260701-103521-LAPTOP-0IM1OHQH,2026-07-01 10:41:37.634020+00:00,boundary,78,9,2,3,40,0,1,3,1,0,10,3,1,15,2.894,0.052
ses_20260701-103521-LAPTOP-0IM1OHQH,2026-07-01 10:42:05.536046+00:00,boundary,31,7,1,1,2,0,0,2,1,0,12,2,0,8,6.359,0.0395
ses_20260701-103521-LAPTOP-0IM1OHQH,2026-07-01 10:42:28.425853+00:00,boundary,54,10,1,2,26,0,1,3,1,1,4,3,1,12,2.94,0.055
ses_20260701-103521-LAPTOP-0IM1OHQH,2026-07-01 10:42:28.428900+00:00,boundary,54,10,1,2,26,0,1,3,1,1,4,3,1,12,2.94,0.055
ses_20260701-103521-LAPTOP-0IM1OHQH,2026-07-01 10:43:18.997453+00:00,boundary,90,9,2,3,41,0,1,3,1,0,16,3,1,17,2.81,0.053
ses_20260701-103521-LAPTOP-0IM1OHQH,2026-07-01 10:43:19.000869+00:00,boundary,90,9,2,3,41,0,1,3,1,0,16,3,1,17,2.81,0.053
ses_20260701-103521-LAPTOP-0IM1OHQH,2026-07-01 10:43:43.898243+00:00,boundary,26,8,1,1,0,0,1,3,1,0,6,3,2,7,4.157,0.039
ses_20260701-103521-LAPTOP-0IM1OHQH,2026-07-01 10:43:43.901267+00:00,boundary,26,8,1,1,0,0,1,3,1,0,6,3,2,7,4.157,0.039
ses_20260701-103521-LAPTOP-0IM1OHQH,2026-07-01 10:44:44.487114+00:00,boundary,47,7,1,2,28,0,1,1,0,0,6,1,0,7,2.865,0.034
ses_20260701-103521-LAPTOP-0IM1OHQH,2026-07-01 10:44:44.490515+00:00,boundary,47,7,1,2,28,0,1,1,0,0,6,1,0,7,2.865,0.034
ses_20260701-103521-LAPTOP-0IM1OHQH,2026-07-01 10:45:10.459380+00:00,boundary,46,10,1,1,1,0,1,3,1,1,16,3,2,11,3.704,0.047
ses_20260701-103521-LAPTOP-0IM1OHQH,2026-07-01 10:45:10.462560+00:00,boundary,46,10,1,1,1,0,1,3,1,1,16,3,2,11,3.704,0.047
ses_20260701-103521-LAPTOP-0IM1OHQH,2026-07-01 10:45:35.517317+00:00,boundary,69,8,2,3,40,0,0,3,1,0,6,3,1,12,2.663,0.053
ses_20260701-103521-LAPTOP-0IM1OHQH,2026-07-01 10:45:35.521366+00:00,boundary,69,8,2,3,40,0,0,3,1,0,6,3,1,12,2.663,0.053
ses_20260701-103521-LAPTOP-0IM1OHQH,2026-07-01 10:46:25.189012+00:00,boundary,74,10,2,4,33,0,0,2,1,0,12,2,3,15,2.708,0.052
ses_20260701-103521-LAPTOP-0IM1OHQH,2026-07-01 10:46:25.192316+00:00,boundary,74,10,2,4,33,0,0,2,1,0,12,2,3,15,2.708,0.052
ses_20260701-103521-LAPTOP-0IM1OHQH,2026-07-01 10:47:14.591211+00:00,boundary,20,8,1,1,1,0,0,1,0,1,8,1,1,4,2.802,0.047
ses_20260701-103521-LAPTOP-0IM1OHQH,2026-07-01 10:47:38.018035+00:00,boundary,90,9,2,3,41,0,1,3,1,0,16,3,1,17,2.338,0.05
ses_20260701-103521-LAPTOP-0IM1OHQH,2026-07-01 10:47:38.021283+00:00,boundary,90,9,2,3,41,0,1,3,1,0,16,3,1,17,2.338,0.05
ses_20260701-103521-LAPTOP-0IM1OHQH,2026-07-01 10:48:33.056624+00:00,boundary,54,8,1,2,28,0,1,1,0,1,8,1,0,11,2.728,0.05
ses_20260701-103521-LAPTOP-0IM1OHQH,2026-07-01 10:48:33.060382+00:00,boundary,54,8,1,2,28,0,1,1,0,1,8,1,0,11,2.728,0.05
ses_20260701-103521-LAPTOP-0IM1OHQH,2026-07-01 10:49:02.697501+00:00,boundary,80,9,2,3,41,0,1,3,1,0,10,3,1,16,2.633,0.05
ses_20260701-103521-LAPTOP-0IM1OHQH,2026-07-01 10:49:02.701452+00:00,boundary,80,9,2,3,41,0,1,3,1,0,10,3,1,16,2.633,0.05
ses_20260701-103521-LAPTOP-0IM1OHQH,2026-07-01 10:49:22.619714+00:00,boundary,39,9,1,1,1,0,0,3,1,1,14,3,2,10,5.654,0.033
ses_20260701-103521-LAPTOP-0IM1OHQH,2026-07-01 10:49:44.359426+00:00,boundary,35,8,1,1,1,0,0,3,1,0,12,3,2,8,5.781,0.0485
ses_20260701-103521-LAPTOP-0IM1OHQH,2026-07-01 10:50:06.957437+00:00,boundary,71,8,1,2,27,0,0,3,1,0,16,3,1,13,2.949,0.0525
ses_20260701-103521-LAPTOP-0IM1OHQH,2026-07-01 10:50:06.961590+00:00,boundary,71,8,1,2,27,0,0,3,1,0,16,3,1,13,2.949,0.0525
ses_20260701-103521-LAPTOP-0IM1OHQH,2026-07-01 10:51:54.301463+00:00,boundary,53,7,1,2,28,0,1,1,0,0,8,1,0,11,3.109,0.053
ses_20260701-103521-LAPTOP-0IM1OHQH,2026-07-01 10:51:54.305440+00:00,boundary,53,7,1,2,28,0,1,1,0,0,8,1,0,11,3.109,0.053
ses_20260701-103521-LAPTOP-0IM1OHQH,2026-07-01 10:52:23.078688+00:00,boundary,35,8,1,1,1,0,0,3,1,0,12,3,2,8,6.111,0.0445
ses_20260701-103521-LAPTOP-0IM1OHQH,2026-07-01 10:52:49.778585+00:00,boundary,84,10,2,3,41,0,1,3,1,1,12,3,1,16,2.777,0.055
ses_20260701-103521-LAPTOP-0IM1OHQH,2026-07-01 10:52:49.782512+00:00,boundary,84,10,2,3,41,0,1,3,1,1,12,3,1,16,2.777,0.055
ses_20260701-103521-LAPTOP-0IM1OHQH,2026-07-01 10:53:23.610644+00:00,boundary,70,10,2,3,31,0,0,2,1,0,10,2,3,15,2.953,0.052
ses_20260701-103521-LAPTOP-0IM1OHQH,2026-07-01 10:54:12.163482+00:00,boundary,54,7,1,2,28,0,1,1,0,0,8,1,0,12,2.624,0.054
ses_20260701-103521-LAPTOP-0IM1OHQH,2026-07-01 10:54:12.167286+00:00,boundary,54,7,1,2,28,0,1,1,0,0,8,1,0,12,2.624,0.054
ses_20260701-103521-LAPTOP-0IM1OHQH,2026-07-01 10:55:01.408165+00:00,boundary,48,8,2,2,15,0,0,3,1,0,10,3,2,10,6.306,0.052
ses_20260701-103853-Marcos,2026-07-01 10:39:22.706110+00:00,boundary,42,7,2,2,27,0,1,1,0,0,2,1,0,9,2.993,0.053
ses_20260701-103853-Marcos,2026-07-01 10:40:20.042905+00:00,boundary,47,8,1,2,26,0,1,1,0,1,8,1,0,6,3.156,0.0235
ses_20260701-103853-Marcos,2026-07-01 10:40:20.044109+00:00,boundary,47,8,1,2,26,0,1,1,0,1,8,1,0,6,3.156,0.0235
ses_20260701-103853-Marcos,2026-07-01 10:40:48.922702+00:00,boundary,47,10,1,1,2,0,1,3,1,2,16,3,2,10,3.759,0.0595
ses_20260701-103853-Marcos,2026-07-01 10:40:48.923446+00:00,boundary,47,10,1,1,2,0,1,3,1,2,16,3,2,10,3.759,0.0595
ses_20260701-103853-Marcos,2026-07-01 10:41:07.033234+00:00,boundary,52,9,1,2,26,0,1,3,1,0,4,3,1,12,2.913,0.049
ses_20260701-103853-Marcos,2026-07-01 10:41:07.034815+00:00,boundary,52,9,1,2,26,0,1,3,1,0,4,3,1,12,2.913,0.049
ses_20260701-103853-Marcos,2026-07-01 10:41:42.127996+00:00,boundary,51,9,2,2,15,0,1,3,1,0,10,3,2,12,3.505,0.0485
ses_20260701-103853-Marcos,2026-07-01 10:41:42.129592+00:00,boundary,51,9,2,2,15,0,1,3,1,0,10,3,2,12,3.505,0.0485
ses_20260701-103853-Marcos,2026-07-01 10:42:43.849864+00:00,boundary,50,6,1,2,27,0,0,1,0,0,8,1,0,10,2.527,0.05
ses_20260701-103853-Marcos,2026-07-01 10:42:43.851267+00:00,boundary,50,6,1,2,27,0,0,1,0,0,8,1,0,10,2.527,0.05
ses_20260701-103853-Marcos,2026-07-01 10:43:08.163733+00:00,boundary,68,9,1,2,27,0,0,3,1,1,12,3,1,15,2.795,0.057
ses_20260701-103853-Marcos,2026-07-01 10:43:08.164800+00:00,boundary,68,9,1,2,27,0,0,3,1,1,12,3,1,15,2.795,0.057
ses_20260701-103853-Marcos,2026-07-01 10:43:35.655695+00:00,boundary,34,10,1,1,2,0,1,3,1,1,8,3,2,9,4.344,0.051
ses_20260701-103853-Marcos,2026-07-01 10:43:37.329613+00:00,boundary,36,10,1,1,1,0,1,3,1,1,10,3,2,9,4.344,0.039
ses_20260701-103853-Marcos,2026-07-01 10:44:12.380343+00:00,boundary,83,8,2,3,39,0,0,3,1,3,12,3,0,17,2.781,0.0455
ses_20260701-103853-Marcos,2026-07-01 10:44:12.381227+00:00,boundary,83,8,2,3,39,0,0,3,1,3,12,3,0,17,2.781,0.0455
ses_20260701-103853-Marcos,2026-07-01 10:44:33.116748+00:00,boundary,63,8,1,2,26,0,0,3,1,0,12,3,1,13,2.852,0.044
ses_20260701-103853-Marcos,2026-07-01 10:44:33.118175+00:00,boundary,63,8,1,2,26,0,0,3,1,0,12,3,1,13,2.852,0.044
ses_20260701-103853-Marcos,2026-07-01 10:44:56.793019+00:00,boundary,22,8,1,1,0,0,0,2,1,1,6,2,1,6,2.481,0.056
ses_20260701-103853-Marcos,2026-07-01 10:45:29.795962+00:00,boundary,36,4,1,2,27,0,0,1,0,0,0,1,0,7,2.635,0.058
ses_20260701-103853-Marcos,2026-07-01 10:46:04.786996+00:00,boundary,59,10,1,2,25,0,1,3,1,1,8,3,1,12,3.203,0.0475
ses_20260701-103853-Marcos,2026-07-01 10:46:04.788077+00:00,boundary,59,10,1,2,25,0,1,3,1,1,8,3,1,12,3.203,0.0475
ses_20260701-103853-Marcos,2026-07-01 10:46:40.300147+00:00,boundary,80,10,2,3,39,0,1,3,1,2,10,3,1,16,3.057,0.042
ses_20260701-103853-Marcos,2026-07-01 10:46:40.301531+00:00,boundary,80,10,2,3,39,0,1,3,1,2,10,3,1,16,3.057,0.042
ses_20260701-103853-Marcos,2026-07-01 10:47:05.081010+00:00,boundary,33,10,1,1,1,0,1,3,1,2,8,3,2,8,4.217,0.05
ses_20260701-103853-Marcos,2026-07-01 10:47:05.081921+00:00,boundary,33,10,1,1,1,0,1,3,1,2,8,3,2,8,4.217,0.05
ses_20260701-103853-Marcos,2026-07-01 10:47:37.755489+00:00,boundary,85,9,2,3,39,0,0,3,1,2,14,3,1,16,2.436,0.0485
ses_20260701-103853-Marcos,2026-07-01 10:47:37.756504+00:00,boundary,85,9,2,3,39,0,0,3,1,2,14,3,1,16,2.436,0.0485
ses_20260701-103853-Marcos,2026-07-01 10:48:02.975566+00:00,boundary,54,9,1,2,25,0,0,3,1,1,6,3,1,11,3.124,0.047
ses_20260701-103853-Marcos,2026-07-01 10:48:02.976725+00:00,boundary,54,9,1,2,25,0,0,3,1,1,6,3,1,11,3.124,0.047
ses_20260701-103853-Marcos,2026-07-01 10:50:07.985016+00:00,boundary,22,7,1,1,2,0,1,1,0,0,8,1,0,6,3.737,0.048
ses_20260701-103853-Marcos,2026-07-01 10:50:07.985850+00:00,boundary,22,7,1,1,2,0,1,1,0,0,8,1,0,6,3.737,0.048
ses_20260701-103853-Marcos,2026-07-01 10:50:34.023372+00:00,boundary,78,10,1,2,28,0,1,3,1,2,16,3,1,16,2.479,0.053
ses_20260701-103853-Marcos,2026-07-01 10:50:34.024397+00:00,boundary,78,10,1,2,28,0,1,3,1,2,16,3,1,16,2.479,0.053
ses_20260701-103853-Marcos,2026-07-01 10:51:13.129693+00:00,boundary,21,7,1,1,2,0,0,1,0,0,8,1,1,5,5.175,0.0285
ses_20260701-103853-Marcos,2026-07-01 10:51:35.509373+00:00,boundary,69,10,1,2,24,0,1,3,1,2,14,3,1,14,3.262,0.048
ses_20260701-103853-Marcos,2026-07-01 10:51:35.510546+00:00,boundary,69,10,1,2,24,0,1,3,1,2,14,3,1,14,3.262,0.048
ses_20260701-103853-Marcos,2026-07-01 10:52:53.002346+00:00,boundary,66,9,2,3,32,0,0,1,0,0,12,1,1,13,3.838,0.056
ses_20260701-103853-Marcos,2026-07-01 10:54:09.100854+00:00,boundary,35,7,1,2,20,0,1,1,0,0,2,1,0,9,2.99,0.0575
ses_20260701-103853-Marcos,2026-07-01 10:54:09.101560+00:00,boundary,35,7,1,2,20,0,1,1,0,0,2,1,0,9,2.99,0.0575
ses_20260701-103853-Marcos,2026-07-01 10:54:36.539842+00:00,boundary,87,10,2,3,41,0,1,3,1,3,12,3,1,17,2.482,0.0525
ses_20260701-103853-Marcos,2026-07-01 10:54:36.540760+00:00,boundary,87,10,2,3,41,0,1,3,1,3,12,3,1,17,2.482,0.0525
ses_20260701-103853-Marcos,2026-07-01 10:54:59.508978+00:00,boundary,62,10,1,2,27,0,1,3,1,2,8,3,1,12,2.784,0.039
ses_20260701-103853-Marcos,2026-07-01 10:54:59.510501+00:00,boundary,62,10,1,2,27,0,1,3,1,2,8,3,1,12,2.784,0.039
ses_20260701-103853-Marcos,2026-07-01 10:55:36.192514+00:00,boundary,80,10,2,3,41,0,1,3,1,1,10,3,1,15,2.653,0.053
ses_20260701-103853-Marcos,2026-07-01 10:55:36.193953+00:00,boundary,80,10,2,3,41,0,1,3,1,1,10,3,1,15,2.653,0.053
ses_20260701-103853-Marcos,2026-07-01 10:55:59.924066+00:00,boundary,73,9,1,2,27,0,0,3,1,1,16,3,1,14,2.723,0.053
ses_20260701-103853-Marcos,2026-07-01 10:55:59.924923+00:00,boundary,73,9,1,2,27,0,0,3,1,1,16,3,1,14,2.723,0.053
ses_20260701-103853-Marcos,2026-07-01 10:56:24.220030+00:00,boundary,49,8,2,2,15,0,0,3,1,0,10,3,2,11,5.52,0.051
ses_20260701-103853-Marcos,2026-07-01 10:56:48.129100+00:00,boundary,43,10,1,1,1,0,1,3,1,2,14,3,2,10,4.05,0.056
ses_20260701-103853-Marcos,2026-07-01 10:56:48.130219+00:00,boundary,43,10,1,1,1,0,1,3,1,2,14,3,2,10,4.05,0.056
ses_20260701-103853-Marcos,2026-07-01 10:57:28.119321+00:00,boundary,36,10,1,1,1,0,1,3,1,1,10,3,2,10,3.367,0.046
ses_20260701-103853-Marcos,2026-07-01 10:57:28.120520+00:00,boundary,36,10,1,1,1,0,1,3,1,1,10,3,2,10,3.367,0.046
ses_20260701-103853-Marcos,2026-07-01 10:57:50.802099+00:00,boundary,92,10,2,3,38,0,1,3,1,2,16,3,3,18,2.326,0.047
ses_20260701-103853-Marcos,2026-07-01 10:57:50.803467+00:00,boundary,92,10,2,3,38,0,1,3,1,2,16,3,3,18,2.326,0.047
ses_20260701-103853-Marcos,2026-07-01 10:58:20.443646+00:00,boundary,77,10,1,2,26,0,1,3,1,3,16,3,1,16,2.592,0.045
ses_20260701-103853-Marcos,2026-07-01 10:58:20.444512+00:00,boundary,77,10,1,2,26,0,1,3,1,3,16,3,1,16,2.592,0.045
ses_20260701-103853-Marcos,2026-07-01 10:59:08.123646+00:00,boundary,49,8,2,2,15,0,0,3,1,0,10,3,2,11,5.193,0.048
ses_20260701-110548-LAPTOP-0IM1OHQH,2026-07-01 11:06:06.619754+00:00,boundary,47,7,2,2,23,0,1,1,0,0,6,1,0,12,1.585,0.0565
ses_20260701-110548-LAPTOP-0IM1OHQH,2026-07-01 11:07:07.629940+00:00,boundary,43,7,1,2,21,0,1,1,0,0,6,1,0,10,2.493,0.068
ses_20260701-110548-LAPTOP-0IM1OHQH,2026-07-01 11:07:07.632636+00:00,boundary,43,7,1,2,21,0,1,1,0,0,6,1,0,10,2.493,0.068
ses_20260701-110548-LAPTOP-0IM1OHQH,2026-07-01 11:07:34.934702+00:00,boundary,71,10,1,2,29,0,1,3,1,1,12,3,1,15,2.551,0.054
ses_20260701-110548-LAPTOP-0IM1OHQH,2026-07-01 11:07:34.937479+00:00,boundary,71,10,1,2,29,0,1,3,1,1,12,3,1,15,2.551,0.054
ses_20260701-110548-LAPTOP-0IM1OHQH,2026-07-01 11:08:01.519179+00:00,boundary,26,9,2,3,1,0,1,3,1,0,6,3,2,7,3.865,0.049
ses_20260701-110548-LAPTOP-0IM1OHQH,2026-07-01 11:08:01.521937+00:00,boundary,26,9,2,3,1,0,1,3,1,0,6,3,2,7,3.865,0.049
ses_20260701-110548-LAPTOP-0IM1OHQH,2026-07-01 11:09:22.634524+00:00,boundary,66,9,2,3,28,0,0,3,1,1,10,3,1,15,2.664,0.087
ses_20260701-110548-LAPTOP-0IM1OHQH,2026-07-01 11:09:22.637224+00:00,boundary,66,9,2,3,28,0,0,3,1,1,10,3,1,15,2.664,0.087
ses_20260701-110548-LAPTOP-0IM1OHQH,2026-07-01 11:09:42.875388+00:00,boundary,15,7,1,1,0,0,0,2,1,0,4,2,1,4,1.709,0.0595
ses_20260701-110548-LAPTOP-0IM1OHQH,2026-07-01 11:10:11.958190+00:00,boundary,53,7,1,2,28,0,1,1,0,0,8,1,0,11,2.06,0.051000000000000004
ses_20260701-110548-LAPTOP-0IM1OHQH,2026-07-01 11:10:38.123129+00:00,boundary,79,10,2,3,39,0,1,3,1,1,10,3,1,16,2.712,0.053
ses_20260701-110548-LAPTOP-0IM1OHQH,2026-07-01 11:10:38.143456+00:00,boundary,79,10,2,3,39,0,1,3,1,1,10,3,1,16,2.712,0.053
ses_20260701-110548-LAPTOP-0IM1OHQH,2026-07-01 11:11:20.009297+00:00,boundary,50,10,2,2,12,0,1,3,1,2,10,3,2,12,3.924,0.049
ses_20260701-110548-LAPTOP-0IM1OHQH,2026-07-01 11:11:20.025594+00:00,boundary,50,10,2,2,12,0,1,3,1,2,10,3,2,12,3.924,0.049
ses_20260701-110548-LAPTOP-0IM1OHQH,2026-07-01 11:11:48.425188+00:00,boundary,70,9,2,3,41,0,0,3,1,1,4,3,1,14,3.058,0.056
ses_20260701-110548-LAPTOP-0IM1OHQH,2026-07-01 11:11:48.427475+00:00,boundary,70,9,2,3,41,0,0,3,1,1,4,3,1,14,3.058,0.056
ses_20260701-110548-LAPTOP-0IM1OHQH,2026-07-01 11:12:19.517508+00:00,boundary,59,10,1,2,22,0,1,3,1,2,8,3,1,14,3.512,0.068
ses_20260701-110548-LAPTOP-0IM1OHQH,2026-07-01 11:12:19.519353+00:00,boundary,59,10,1,2,22,0,1,3,1,2,8,3,1,14,3.512,0.068
ses_20260701-110548-LAPTOP-0IM1OHQH,2026-07-01 11:13:43.279549+00:00,boundary,79,9,2,3,41,0,0,3,1,1,10,3,1,15,3.085,0.055
ses_20260701-110548-LAPTOP-0IM1OHQH,2026-07-01 11:13:43.282257+00:00,boundary,79,9,2,3,41,0,0,3,1,1,10,3,1,15,3.085,0.055
ses_20260701-110548-LAPTOP-0IM1OHQH,2026-07-01 11:14:31.000688+00:00,boundary,53,7,1,2,29,0,1,1,0,0,8,1,0,10,1.957,0.0525
ses_20260701-110548-LAPTOP-0IM1OHQH,2026-07-01 11:14:31.003149+00:00,boundary,53,7,1,2,29,0,1,1,0,0,8,1,0,10,1.957,0.0525
ses_20260701-110548-LAPTOP-0IM1OHQH,2026-07-01 11:14:54.112956+00:00,boundary,61,8,1,2,25,0,0,3,1,0,10,3,1,13,2.805,0.058
ses_20260701-110548-LAPTOP-0IM1OHQH,2026-07-01 11:14:54.115384+00:00,boundary,61,8,1,2,25,0,0,3,1,0,10,3,1,13,2.805,0.058
ses_20260701-110548-LAPTOP-0IM1OHQH,2026-07-01 11:15:52.394353+00:00,boundary,40,6,1,2,18,0,0,1,0,0,8,1,0,9,2.276,0.077
ses_20260701-110548-LAPTOP-0IM1OHQH,2026-07-01 11:15:52.411178+00:00,boundary,40,6,1,2,18,0,0,1,0,0,8,1,0,9,2.276,0.077
ses_20260701-110548-LAPTOP-0IM1OHQH,2026-07-01 11:16:34.022271+00:00,boundary,64,9,1,2,30,0,2,1,0,1,10,1,0,15,3.888,0.052
ses_20260701-110548-LAPTOP-0IM1OHQH,2026-07-01 11:16:34.025345+00:00,boundary,64,9,1,2,30,0,2,1,0,1,10,1,0,15,3.888,0.052
ses_20260701-110548-LAPTOP-0IM1OHQH,2026-07-01 11:17:10.833997+00:00,boundary,42,6,2,3,29,0,1,1,0,0,2,1,0,8,2.627,0.054
ses_20260701-110548-LAPTOP-0IM1OHQH,2026-07-01 11:17:10.837148+00:00,boundary,42,6,2,3,29,0,1,1,0,0,2,1,0,8,2.627,0.054
ses_20260701-110548-LAPTOP-0IM1OHQH,2026-07-01 11:19:54.752871+00:00,boundary,51,7,2,2,30,0,0,1,0,1,6,1,0,9,2.822,0.0525
ses_20260701-110548-LAPTOP-0IM1OHQH,2026-07-01 11:19:54.771428+00:00,boundary,51,7,2,2,30,0,0,1,0,1,6,1,0,9,2.822,0.0525
ses_20260701-110548-LAPTOP-0IM1OHQH,2026-07-01 11:20:15.494899+00:00,boundary,63,9,1,2,24,0,1,3,1,0,12,3,1,14,2.961,0.07050000000000001
ses_20260701-110548-LAPTOP-0IM1OHQH,2026-07-01 11:20:15.497943+00:00,boundary,63,9,1,2,24,0,1,3,1,0,12,3,1,14,2.961,0.07050000000000001
ses_20260701-110548-LAPTOP-0IM1OHQH,2026-07-01 11:21:08.477675+00:00,boundary,42,7,2,3,20,0,1,1,0,0,6,1,0,11,5.028,0.069
ses_20260701-110548-LAPTOP-0IM1OHQH,2026-07-01 11:21:08.493871+00:00,boundary,42,7,2,3,20,0,1,1,0,0,6,1,0,11,5.028,0.069
ses_20260701-110548-LAPTOP-0IM1OHQH,2026-07-01 11:21:59.712640+00:00,boundary,40,8,2,2,16,0,0,3,1,0,4,3,2,9,7.252,0.049
ses_20260701-110548-LAPTOP-0IM1OHQH,2026-07-01 11:22:52.680610+00:00,boundary,42,9,2,2,16,0,0,3,1,2,4,3,2,9,6.702,0.054
ses_20260701-110548-LAPTOP-0IM1OHQH,2026-07-01 11:23:39.380067+00:00,boundary,75,9,2,3,39,0,1,3,1,0,8,3,1,15,3.299,0.0555
ses_20260701-110548-LAPTOP-0IM1OHQH,2026-07-01 11:23:39.382453+00:00,boundary,75,9,2,3,39,0,1,3,1,0,8,3,1,15,3.299,0.0555
ses_20260701-110548-LAPTOP-0IM1OHQH,2026-07-01 11:24:05.649323+00:00,boundary,67,9,1,2,27,0,1,3,1,0,12,3,1,14,3.066,0.0515
ses_20260701-110548-LAPTOP-0IM1OHQH,2026-07-01 11:24:05.651981+00:00,boundary,67,9,1,2,27,0,1,3,1,0,12,3,1,14,3.066,0.0515
ses_20260701-110548-LAPTOP-0IM1OHQH,2026-07-01 11:24:37.095935+00:00,boundary,46,9,2,2,11,0,1,3,1,0,10,3,2,11,4.595,0.062
ses_20260701-110548-LAPTOP-0IM1OHQH,2026-07-01 11:24:37.098249+00:00,boundary,46,9,2,2,11,0,1,3,1,0,10,3,2,11,4.595,0.062
ses_20260701-110548-LAPTOP-0IM1OHQH,2026-07-01 11:24:58.856300+00:00,boundary,48,10,1,1,2,0,1,3,1,1,16,3,2,12,3.859,0.044
ses_20260701-110548-LAPTOP-0IM1OHQH,2026-07-01 11:24:58.859099+00:00,boundary,48,10,1,1,2,0,1,3,1,1,16,3,2,12,3.859,0.044
ses_20260701-110548-LAPTOP-0IM1OHQH,2026-07-01 11:25:25.528890+00:00,boundary,53,10,2,2,15,0,1,3,1,1,12,3,2,10,3.71,0.0535
ses_20260701-110548-LAPTOP-0IM1OHQH,2026-07-01 11:25:25.531839+00:00,boundary,53,10,2,2,15,0,1,3,1,1,12,3,2,10,3.71,0.0535
ses_20260701-110548-LAPTOP-0IM1OHQH,2026-07-01 11:25:48.751326+00:00,boundary,44,10,1,1,1,0,1,3,1,1,16,3,2,9,3.498,0.054
ses_20260701-110548-LAPTOP-0IM1OHQH,2026-07-01 11:25:48.754693+00:00,boundary,44,10,1,1,1,0,1,3,1,1,16,3,2,9,3.498,0.054
ses_20260701-110917-Marcos,2026-07-01 11:09:46.110640+00:00,boundary,51,7,2,2,27,0,1,1,0,0,8,1,0,10,2.134,0.0525
ses_20260701-110917-Marcos,2026-07-01 11:10:09.924443+00:00,boundary,49,10,1,2,21,0,1,3,1,1,4,3,1,12,2.901,0.053
ses_20260701-110917-Marcos,2026-07-01 11:10:09.925225+00:00,boundary,49,10,1,2,21,0,1,3,1,1,4,3,1,12,2.901,0.053
ses_20260701-110917-Marcos,2026-07-01 11:11:04.175266+00:00,boundary,60,10,1,2,3,0,2,2,0,0,34,2,1,11,3.227,0.041
ses_20260701-110917-Marcos,2026-07-01 11:11:04.176448+00:00,boundary,60,10,1,2,3,0,2,2,0,0,34,2,1,11,3.227,0.041
ses_20260701-110917-Marcos,2026-07-01 11:11:27.980713+00:00,boundary,70,10,1,2,27,0,1,3,1,1,12,3,1,16,2.892,0.055
ses_20260701-110917-Marcos,2026-07-01 11:11:27.981535+00:00,boundary,70,10,1,2,27,0,1,3,1,1,12,3,1,16,2.892,0.055
ses_20260701-110917-Marcos,2026-07-01 11:11:55.055805+00:00,boundary,76,10,2,3,37,0,1,3,1,1,10,3,1,15,3.954,0.047
ses_20260701-110917-Marcos,2026-07-01 11:11:55.057125+00:00,boundary,76,10,2,3,37,0,1,3,1,1,10,3,1,15,3.954,0.047
ses_20260701-110917-Marcos,2026-07-01 11:12:23.800812+00:00,boundary,68,9,1,2,25,0,0,3,1,2,16,3,1,10,3.262,0.038
ses_20260701-110917-Marcos,2026-07-01 11:12:23.801706+00:00,boundary,68,9,1,2,25,0,0,3,1,2,16,3,1,10,3.262,0.038
ses_20260701-110917-Marcos,2026-07-01 11:12:46.734062+00:00,boundary,41,10,1,1,1,0,1,3,1,2,12,3,2,11,4.046,0.042499999999999996
ses_20260701-110917-Marcos,2026-07-01 11:12:46.735291+00:00,boundary,41,10,1,1,1,0,1,3,1,2,12,3,2,11,4.046,0.042499999999999996
ses_20260701-110917-Marcos,2026-07-01 11:13:16.124430+00:00,boundary,56,10,2,2,12,0,1,3,1,2,14,3,2,12,3.908,0.047
ses_20260701-110917-Marcos,2026-07-01 11:13:16.125421+00:00,boundary,56,10,2,2,12,0,1,3,1,2,14,3,2,12,3.908,0.047
ses_20260701-110917-Marcos,2026-07-01 11:14:46.168545+00:00,boundary,54,9,1,2,28,0,0,1,0,1,8,1,0,10,2.548,0.052
ses_20260701-110917-Marcos,2026-07-01 11:14:46.169517+00:00,boundary,54,9,1,2,28,0,0,1,0,1,8,1,0,10,2.548,0.052
ses_20260701-110917-Marcos,2026-07-01 11:15:13.651487+00:00,boundary,44,9,1,1,1,0,0,3,1,2,16,3,2,9,6.198,0.028
ses_20260701-110917-Marcos,2026-07-01 11:15:47.524119+00:00,boundary,15,7,2,2,2,0,1,1,0,0,4,1,1,5,3.646,0.1045
ses_20260701-110917-Marcos,2026-07-01 11:15:47.525024+00:00,boundary,15,7,2,2,2,0,1,1,0,0,4,1,1,5,3.646,0.1045
ses_20260701-110917-Marcos,2026-07-01 11:17:16.160273+00:00,boundary,81,9,2,3,40,0,0,3,1,3,10,3,1,15,3.286,0.053
ses_20260701-110917-Marcos,2026-07-01 11:17:16.161169+00:00,boundary,81,9,2,3,40,0,0,3,1,3,10,3,1,15,3.286,0.053
ses_20260701-110917-Marcos,2026-07-01 11:17:41.045378+00:00,boundary,75,10,1,2,27,0,1,3,1,1,16,3,1,15,2.952,0.0485
ses_20260701-110917-Marcos,2026-07-01 11:17:41.046696+00:00,boundary,75,10,1,2,27,0,1,3,1,1,16,3,1,15,2.952,0.0485
ses_20260701-110917-Marcos,2026-07-01 11:18:04.831631+00:00,boundary,39,10,1,1,1,0,1,3,1,1,12,3,2,10,3.888,0.0535
ses_20260701-110917-Marcos,2026-07-01 11:18:04.832870+00:00,boundary,39,10,1,1,1,0,1,3,1,1,12,3,2,10,3.888,0.0535
ses_20260701-110917-Marcos,2026-07-01 11:18:45.074613+00:00,boundary,49,9,2,2,15,0,0,3,1,1,10,3,2,10,5.787,0.0495
ses_20260701-110917-Marcos,2026-07-01 11:19:27.314254+00:00,boundary,66,10,1,2,27,0,1,3,1,2,10,3,1,14,2.321,0.049
ses_20260701-110917-Marcos,2026-07-01 11:19:27.315651+00:00,boundary,66,10,1,2,27,0,1,3,1,2,10,3,1,14,2.321,0.049
ses_20260701-110917-Marcos,2026-07-01 11:19:56.425741+00:00,boundary,39,10,1,1,1,0,1,3,1,2,10,3,4,9,3.975,0.0465
ses_20260701-110917-Marcos,2026-07-01 11:19:56.426466+00:00,boundary,39,10,1,1,1,0,1,3,1,2,10,3,4,9,3.975,0.0465
ses_20260701-110917-Marcos,2026-07-01 11:20:36.329711+00:00,boundary,81,10,2,3,41,0,1,3,1,1,10,3,1,16,2.588,0.0545
ses_20260701-110917-Marcos,2026-07-01 11:20:36.330664+00:00,boundary,81,10,2,3,41,0,1,3,1,1,10,3,1,16,2.588,0.0545
ses_20260701-110917-Marcos,2026-07-01 11:21:00.283067+00:00,boundary,38,10,1,1,1,0,1,3,1,1,12,3,2,9,3.528,0.049
ses_20260701-110917-Marcos,2026-07-01 11:21:00.283775+00:00,boundary,38,10,1,1,1,0,1,3,1,1,12,3,2,9,3.528,0.049
ses_20260701-110917-Marcos,2026-07-01 11:23:44.730763+00:00,boundary,37,6,1,2,26,0,0,1,0,0,2,1,0,6,2.92,0.0375
ses_20260701-110917-Marcos,2026-07-01 11:23:44.732167+00:00,boundary,37,6,1,2,26,0,0,1,0,0,2,1,0,6,2.92,0.0375
ses_20260701-110917-Marcos,2026-07-01 11:24:48.440379+00:00,boundary,52,8,1,2,27,0,1,1,0,1,8,1,0,10,2.499,0.057
ses_20260701-110917-Marcos,2026-07-01 11:24:48.441540+00:00,boundary,52,8,1,2,27,0,1,1,0,1,8,1,0,10,2.499,0.057
ses_20260701-110917-Marcos,2026-07-01 11:25:12.475190+00:00,boundary,41,10,1,1,1,0,1,3,1,1,14,3,2,9,3.716,0.04
ses_20260701-110917-Marcos,2026-07-01 11:25:12.476124+00:00,boundary,41,10,1,1,1,0,1,3,1,1,14,3,2,9,3.716,0.04
ses_20260701-110917-Marcos,2026-07-01 11:25:36.977886+00:00,boundary,42,9,2,2,15,0,0,2,1,1,8,2,1,8,2.122,0.045
ses_20260701-110917-Marcos,2026-07-01 11:26:23.511123+00:00,boundary,11,7,2,2,1,0,1,1,0,0,2,1,1,4,2.608,0.0945
ses_20260701-110917-Marcos,2026-07-01 11:27:42.725627+00:00,boundary,45,9,3,3,15,0,0,3,1,1,8,3,2,9,5.929,0.0485
ses_20260701-110917-Marcos,2026-07-01 11:29:34.727051+00:00,boundary,50,7,1,2,27,0,0,1,0,1,8,1,0,9,2.606,0.052
ses_20260701-110917-Marcos,2026-07-01 11:29:34.728211+00:00,boundary,50,7,1,2,27,0,0,1,0,1,8,1,0,9,2.606,0.052
ses_20260701-110917-Marcos,2026-07-01 11:29:59.993758+00:00,boundary,72,10,1,2,27,0,1,3,1,0,14,3,1,15,3.326,0.05
ses_20260701-110917-Marcos,2026-07-01 11:29:59.994924+00:00,boundary,72,10,1,2,27,0,1,3,1,0,14,3,1,15,3.326,0.05
ses_20260701-110917-Marcos,2026-07-01 11:31:09.843513+00:00,boundary,46,6,1,2,26,0,0,1,0,0,6,1,0,9,2.528,0.038
ses_20260701-110917-Marcos,2026-07-01 11:31:09.844835+00:00,boundary,46,6,1,2,26,0,0,1,0,0,6,1,0,9,2.528,0.038
ses_20260701-110917-Marcos,2026-07-01 11:31:38.661396+00:00,boundary,70,9,1,2,26,0,0,3,1,2,14,3,1,14,3.204,0.052
ses_20260701-110917-Marcos,2026-07-01 11:31:38.662627+00:00,boundary,70,9,1,2,26,0,0,3,1,2,14,3,1,14,3.204,0.052
ses_20260701-110917-Marcos,2026-07-01 11:32:56.209658+00:00,boundary,34,4,1,2,26,0,0,1,0,0,0,1,0,6,2.882,0.05
ses_20260701-110917-Marcos,2026-07-01 11:32:56.210678+00:00,boundary,34,4,1,2,26,0,0,1,0,0,0,1,0,6,2.882,0.05
ses_20260701-110917-Marcos,2026-07-01 11:33:33.512481+00:00,boundary,51,10,1,1,2,0,1,3,1,4,16,3,2,12,3.944,0.049
ses_20260701-110917-Marcos,2026-07-01 11:33:33.513252+00:00,boundary,51,10,1,1,2,0,1,3,1,4,16,3,2,12,3.944,0.049
ses_20260701-115141-SIDDHIGUPTAB00B,2026-07-01 11:52:38.558074+00:00,boundary,26,7,2,2,6,0,1,1,0,0,8,1,0,6,2.651,0.098
ses_20260701-115141-SIDDHIGUPTAB00B,2026-07-01 11:53:07.779103+00:00,boundary,40,10,1,1,1,0,1,4,1,3,12,3,2,8,4.107,0.045
ses_20260701-115141-SIDDHIGUPTAB00B,2026-07-01 11:53:07.780559+00:00,boundary,40,10,1,1,1,0,1,4,1,3,12,3,2,8,4.107,0.045
ses_20260701-115141-SIDDHIGUPTAB00B,2026-07-01 11:53:31.132191+00:00,boundary,41,10,1,1,1,0,1,4,1,2,12,3,2,10,3.091,0.058499999999999996
ses_20260701-115141-SIDDHIGUPTAB00B,2026-07-01 11:53:31.133515+00:00,boundary,41,10,1,1,1,0,1,4,1,2,12,3,2,10,3.091,0.058499999999999996
ses_20260701-115141-SIDDHIGUPTAB00B,2026-07-01 11:53:59.616657+00:00,boundary,66,10,3,4,39,0,1,4,1,1,2,3,1,13,4.392,0.052
ses_20260701-115141-SIDDHIGUPTAB00B,2026-07-01 11:53:59.618251+00:00,boundary,66,10,3,4,39,0,1,4,1,1,2,3,1,13,4.392,0.052
ses_20260701-115141-SIDDHIGUPTAB00B,2026-07-01 11:55:30.100550+00:00,boundary,79,10,2,3,39,0,1,3,1,2,10,3,1,15,3.904,0.0515
ses_20260701-115141-SIDDHIGUPTAB00B,2026-07-01 11:55:30.101645+00:00,boundary,79,10,2,3,39,0,1,3,1,2,10,3,1,15,3.904,0.0515
ses_20260701-115141-SIDDHIGUPTAB00B,2026-07-01 11:55:59.169228+00:00,boundary,62,9,1,2,26,0,0,4,1,3,8,3,1,12,2.77,0.056
ses_20260701-115141-SIDDHIGUPTAB00B,2026-07-01 11:55:59.169848+00:00,boundary,62,9,1,2,26,0,0,4,1,3,8,3,1,12,2.77,0.056
ses_20260701-115141-SIDDHIGUPTAB00B,2026-07-01 11:57:08.129915+00:00,boundary,77,10,2,3,37,0,1,3,1,2,10,3,1,15,3.018,0.051
ses_20260701-115141-SIDDHIGUPTAB00B,2026-07-01 11:57:08.132647+00:00,boundary,77,10,2,3,37,0,1,3,1,2,10,3,1,15,3.018,0.051
ses_20260701-115141-SIDDHIGUPTAB00B,2026-07-01 11:57:32.392588+00:00,boundary,38,9,1,1,1,0,0,3,1,2,12,3,2,9,6.862,0.043
ses_20260701-115141-SIDDHIGUPTAB00B,2026-07-01 11:57:51.127653+00:00,boundary,69,10,1,2,28,0,1,3,1,2,12,3,1,14,3.22,0.0495
ses_20260701-115141-SIDDHIGUPTAB00B,2026-07-01 11:57:51.130038+00:00,boundary,69,10,1,2,28,0,1,3,1,2,12,3,1,14,3.22,0.0495
ses_20260701-115141-SIDDHIGUPTAB00B,2026-07-01 11:58:35.360539+00:00,boundary,33,10,1,1,13,0,1,2,1,1,2,2,1,9,3.161,0.0965
ses_20260701-115141-SIDDHIGUPTAB00B,2026-07-01 11:58:35.455019+00:00,boundary,33,10,1,1,13,0,1,2,1,1,2,2,1,9,3.161,0.0965
ses_20260701-115141-SIDDHIGUPTAB00B,2026-07-01 12:11:04.560216+00:00,boundary,48,10,2,2,12,0,1,3,1,2,10,3,1,11,4.066,0.065
ses_20260701-115141-SIDDHIGUPTAB00B,2026-07-01 12:11:04.561723+00:00,boundary,48,10,2,2,12,0,1,3,1,2,10,3,1,11,4.066,0.065
ses_20260701-115141-SIDDHIGUPTAB00B,2026-07-01 12:11:27.207904+00:00,boundary,78,9,1,2,27,0,0,3,1,4,16,3,1,16,2.884,0.051
ses_20260701-115141-SIDDHIGUPTAB00B,2026-07-01 12:11:27.209621+00:00,boundary,78,9,1,2,27,0,0,3,1,4,16,3,1,16,2.884,0.051
ses_20260701-115141-SIDDHIGUPTAB00B,2026-07-01 12:12:08.416346+00:00,boundary,82,10,2,3,41,0,1,3,1,2,10,3,1,16,2.312,0.051
ses_20260701-115141-SIDDHIGUPTAB00B,2026-07-01 12:12:08.418557+00:00,boundary,82,10,2,3,41,0,1,3,1,2,10,3,1,16,2.312,0.051
ses_20260701-115141-SIDDHIGUPTAB00B,2026-07-01 12:12:33.052386+00:00,boundary,75,11,1,2,25,0,1,3,1,4,16,3,1,13,3.333,0.055
ses_20260701-115141-SIDDHIGUPTAB00B,2026-07-01 12:12:33.053262+00:00,boundary,75,11,1,2,25,0,1,3,1,4,16,3,1,13,3.333,0.055
ses_20260701-115141-SIDDHIGUPTAB00B,2026-07-01 12:12:59.401628+00:00,boundary,79,10,2,3,37,0,1,3,1,2,10,3,1,17,2.825,0.051
ses_20260701-115141-SIDDHIGUPTAB00B,2026-07-01 12:12:59.404307+00:00,boundary,79,10,2,3,37,0,1,3,1,2,10,3,1,17,2.825,0.051
ses_20260701-115141-SIDDHIGUPTAB00B,2026-07-01 12:13:22.576737+00:00,boundary,70,10,1,2,27,0,1,3,1,2,12,3,1,15,2.689,0.048
ses_20260701-115141-SIDDHIGUPTAB00B,2026-07-01 12:13:22.578502+00:00,boundary,70,10,1,2,27,0,1,3,1,2,12,3,1,15,2.689,0.048
ses_20260701-115141-SIDDHIGUPTAB00B,2026-07-01 12:13:45.658179+00:00,boundary,63,10,1,2,26,0,1,3,1,3,8,3,1,13,2.885,0.0505
ses_20260701-115141-SIDDHIGUPTAB00B,2026-07-01 12:13:45.659666+00:00,boundary,63,10,1,2,26,0,1,3,1,3,8,3,1,13,2.885,0.0505
ses_20260701-115141-SIDDHIGUPTAB00B,2026-07-01 12:14:20.512478+00:00,boundary,39,10,2,2,13,0,1,3,1,2,4,3,1,9,4.016,0.0545
ses_20260701-115141-SIDDHIGUPTAB00B,2026-07-01 12:14:20.521386+00:00,boundary,39,10,2,2,13,0,1,3,1,2,4,3,1,9,4.016,0.0545
ses_20260701-115141-SIDDHIGUPTAB00B,2026-07-01 12:15:05.325583+00:00,boundary,52,10,2,2,14,0,1,3,1,2,10,3,2,12,3.985,0.052
ses_20260701-115141-SIDDHIGUPTAB00B,2026-07-01 12:15:05.327642+00:00,boundary,52,10,2,2,14,0,1,3,1,2,10,3,2,12,3.985,0.052
ses_20260701-115141-SIDDHIGUPTAB00B,2026-07-01 12:15:27.092907+00:00,boundary,70,10,1,2,27,0,1,3,1,3,12,3,1,14,2.951,0.053
ses_20260701-115141-SIDDHIGUPTAB00B,2026-07-01 12:15:28.698691+00:00,boundary,75,10,1,2,26,0,1,3,1,4,16,3,1,13,2.951,0.053
ses_20260701-115141-SIDDHIGUPTAB00B,2026-07-01 12:15:58.909715+00:00,boundary,61,10,2,3,37,0,1,3,1,1,2,3,1,11,3.629,0.051
ses_20260701-115141-SIDDHIGUPTAB00B,2026-07-01 12:15:58.911149+00:00,boundary,61,10,2,3,37,0,1,3,1,1,2,3,1,11,3.629,0.051
ses_20260701-115141-SIDDHIGUPTAB00B,2026-07-01 12:16:37.052829+00:00,boundary,77,9,1,2,27,0,0,3,1,4,16,3,1,15,2.98,0.0515
ses_20260701-115141-SIDDHIGUPTAB00B,2026-07-01 12:16:37.053989+00:00,boundary,77,9,1,2,27,0,0,3,1,4,16,3,1,15,2.98,0.0515
ses_20260701-115141-SIDDHIGUPTAB00B,2026-07-01 12:17:02.387589+00:00,boundary,77,10,2,3,41,0,1,3,1,3,6,3,1,15,3.07,0.055
ses_20260701-115141-SIDDHIGUPTAB00B,2026-07-01 12:17:02.389460+00:00,boundary,77,10,2,3,41,0,1,3,1,3,6,3,1,15,3.07,0.055
ses_20260701-115141-SIDDHIGUPTAB00B,2026-07-01 12:17:42.874306+00:00,boundary,64,9,1,2,28,0,0,3,1,3,8,3,1,13,2.741,0.053
ses_20260701-115141-SIDDHIGUPTAB00B,2026-07-01 12:17:42.875349+00:00,boundary,64,9,1,2,28,0,0,3,1,3,8,3,1,13,2.741,0.053
ses_20260701-115141-SIDDHIGUPTAB00B,2026-07-01 12:18:21.845849+00:00,boundary,44,9,2,2,15,0,0,3,1,1,8,3,1,10,3.449,0.057
ses_20260701-115141-SIDDHIGUPTAB00B,2026-07-01 12:19:00.722606+00:00,boundary,48,10,1,1,1,0,1,3,1,4,16,3,2,10,3.682,0.044
ses_20260701-115141-SIDDHIGUPTAB00B,2026-07-01 12:19:00.723860+00:00,boundary,48,10,1,1,1,0,1,3,1,4,16,3,2,10,3.682,0.044
ses_20260701-115141-SIDDHIGUPTAB00B,2026-07-01 12:19:50.286703+00:00,boundary,36,5,1,2,27,0,1,1,0,0,0,1,0,6,3.619,0.027
ses_20260701-115141-SIDDHIGUPTAB00B,2026-07-01 12:19:50.289994+00:00,boundary,36,5,1,2,27,0,1,1,0,0,0,1,0,6,3.619,0.027
ses_20260701-115141-SIDDHIGUPTAB00B,2026-07-01 12:21:17.625431+00:00,boundary,53,10,2,2,15,0,1,3,1,2,10,3,2,12,4.339,0.048
ses_20260701-115141-SIDDHIGUPTAB00B,2026-07-01 12:21:17.626630+00:00,boundary,53,10,2,2,15,0,1,3,1,2,10,3,2,12,4.339,0.048
ses_20260701-115141-SIDDHIGUPTAB00B,2026-07-01 12:21:48.462557+00:00,boundary,59,9,2,3,34,0,0,1,0,0,4,1,3,13,3.421,0.054
ses_20260701-115141-SIDDHIGUPTAB00B,2026-07-01 12:21:48.464019+00:00,boundary,59,9,2,3,34,0,0,1,0,0,4,1,3,13,3.421,0.054
ses_20260701-115141-SIDDHIGUPTAB00B,2026-07-01 12:22:28.036861+00:00,boundary,48,10,1,1,1,0,1,3,1,4,16,3,2,10,4.295,0.041
ses_20260701-115141-SIDDHIGUPTAB00B,2026-07-01 12:22:28.039497+00:00,boundary,48,10,1,1,1,0,1,3,1,4,16,3,2,10,4.295,0.041
ses_20260701-115141-SIDDHIGUPTAB00B,2026-07-01 12:22:50.976770+00:00,boundary,89,9,2,3,38,0,0,3,1,4,16,3,1,16,2.464,0.048
ses_20260701-115141-SIDDHIGUPTAB00B,2026-07-01 12:22:50.977746+00:00,boundary,89,9,2,3,38,0,0,3,1,4,16,3,1,16,2.464,0.048
ses_20260701-115141-SIDDHIGUPTAB00B,2026-07-01 12:23:15.985813+00:00,boundary,71,9,1,2,24,0,0,3,1,4,16,3,1,12,3.022,0.040499999999999994
ses_20260701-115141-SIDDHIGUPTAB00B,2026-07-01 12:23:15.987515+00:00,boundary,71,9,1,2,24,0,0,3,1,4,16,3,1,12,3.022,0.040499999999999994
ses_20260701-115141-SIDDHIGUPTAB00B,2026-07-01 12:23:41.900324+00:00,boundary,70,10,2,3,40,0,1,3,1,2,4,3,1,13,3.654,0.05
ses_20260701-115141-SIDDHIGUPTAB00B,2026-07-01 12:23:41.902387+00:00,boundary,70,10,2,3,40,0,1,3,1,2,4,3,1,13,3.654,0.05
ses_20260701-115141-SIDDHIGUPTAB00B,2026-07-01 12:24:33.348996+00:00,boundary,80,10,2,3,40,0,1,3,1,2,10,3,1,15,2.855,0.051
ses_20260701-115141-SIDDHIGUPTAB00B,2026-07-01 12:24:33.350166+00:00,boundary,80,10,2,3,40,0,1,3,1,2,10,3,1,15,2.855,0.051
ses_20260701-115141-SIDDHIGUPTAB00B,2026-07-01 12:25:00.873223+00:00,boundary,81,10,1,2,28,0,1,3,1,4,16,3,1,17,2.955,0.0495
ses_20260701-115141-SIDDHIGUPTAB00B,2026-07-01 12:25:00.874792+00:00,boundary,81,10,1,2,28,0,1,3,1,4,16,3,1,17,2.955,0.0495
ses_20260701-115141-SIDDHIGUPTAB00B,2026-07-01 12:25:51.075430+00:00,boundary,13,9,2,2,1,0,1,1,0,1,2,1,1,4,2.959,0.052500000000000005
ses_20260701-115141-SIDDHIGUPTAB00B,2026-07-01 12:25:51.087581+00:00,boundary,13,9,2,2,1,0,1,1,0,1,2,1,1,4,2.959,0.052500000000000005
ses_20260701-115141-SIDDHIGUPTAB00B,2026-07-01 12:26:41.540080+00:00,boundary,52,10,2,2,14,0,1,3,1,2,10,3,2,12,4.576,0.051
ses_20260701-115141-SIDDHIGUPTAB00B,2026-07-01 12:26:41.541334+00:00,boundary,52,10,2,2,14,0,1,3,1,2,10,3,2,12,4.576,0.051
ses_20260701-115141-SIDDHIGUPTAB00B,2026-07-01 12:27:34.497994+00:00,boundary,53,7,1,2,29,0,0,1,0,1,8,1,0,10,2.576,0.048
ses_20260701-115141-SIDDHIGUPTAB00B,2026-07-01 12:27:34.500577+00:00,boundary,53,7,1,2,29,0,0,1,0,1,8,1,0,10,2.576,0.048
ses_20260701-115141-SIDDHIGUPTAB00B,2026-07-01 12:28:01.538469+00:00,boundary,78,9,2,3,42,0,0,3,1,2,8,3,1,14,3.006,0.052
ses_20260701-115141-SIDDHIGUPTAB00B,2026-07-01 12:28:01.543202+00:00,boundary,78,9,2,3,42,0,0,3,1,2,8,3,1,14,3.006,0.052
ses_20260701-115141-SIDDHIGUPTAB00B,2026-07-01 12:30:36.428525+00:00,boundary,24,10,1,1,1,0,1,1,0,1,8,1,1,6,2.63,0.047
ses_20260701-115141-SIDDHIGUPTAB00B,2026-07-01 12:30:36.435017+00:00,boundary,24,10,1,1,1,0,1,1,0,1,8,1,1,6,2.63,0.047
ses_20260701-115141-SIDDHIGUPTAB00B,2026-07-01 12:30:56.551884+00:00,boundary,69,9,1,2,29,0,0,3,1,2,12,3,1,14,3.143,0.0525
ses_20260701-115141-SIDDHIGUPTAB00B,2026-07-01 12:30:56.553321+00:00,boundary,69,9,1,2,29,0,0,3,1,2,12,3,1,14,3.143,0.0525
ses_20260701-115141-SIDDHIGUPTAB00B,2026-07-01 12:31:21.450932+00:00,boundary,92,10,2,3,42,0,1,3,1,4,14,3,1,17,2.97,0.053
ses_20260701-115141-SIDDHIGUPTAB00B,2026-07-01 12:31:21.452682+00:00,boundary,92,10,2,3,42,0,1,3,1,4,14,3,1,17,2.97,0.053
ses_20260701-115141-SIDDHIGUPTAB00B,2026-07-01 12:31:50.735928+00:00,boundary,78,9,1,2,27,0,0,3,1,4,16,3,1,16,2.545,0.046
ses_20260701-115141-SIDDHIGUPTAB00B,2026-07-01 12:31:50.737458+00:00,boundary,78,9,1,2,27,0,0,3,1,4,16,3,1,16,2.545,0.046
ses_20260701-115141-SIDDHIGUPTAB00B,2026-07-01 12:32:16.412294+00:00,boundary,51,9,2,2,4,0,0,3,1,4,16,3,2,11,6.803,0.0305
ses_20260701-120612-Marcos,2026-07-01 12:06:39.824012+00:00,boundary,49,7,2,2,27,0,1,1,0,0,6,1,0,10,2.907,0.0555
ses_20260701-120612-Marcos,2026-07-01 12:07:31.739742+00:00,boundary,51,8,1,2,26,0,1,1,0,1,8,1,0,10,2.07,0.053
ses_20260701-120612-Marcos,2026-07-01 12:07:31.740624+00:00,boundary,51,8,1,2,26,0,1,1,0,1,8,1,0,10,2.07,0.053
ses_20260701-120612-Marcos,2026-07-01 12:08:01.453015+00:00,boundary,39,12,2,3,1,1,1,3,1,2,10,3,2,9,4.043,0.038
ses_20260701-120612-Marcos,2026-07-01 12:08:01.454085+00:00,boundary,39,12,2,3,1,1,1,3,1,2,10,3,2,9,4.043,0.038
ses_20260701-120612-Marcos,2026-07-01 12:08:53.021462+00:00,boundary,56,11,2,2,14,1,1,3,1,3,12,3,2,11,4.179,0.049
ses_20260701-120612-Marcos,2026-07-01 12:08:53.022393+00:00,boundary,56,11,2,2,14,1,1,3,1,3,12,3,2,11,4.179,0.049
ses_20260701-120612-Marcos,2026-07-01 12:09:11.611258+00:00,boundary,37,9,1,1,1,0,0,3,1,2,12,3,2,9,7.183,0.046
ses_20260701-120612-Marcos,2026-07-01 12:09:33.849932+00:00,boundary,54,9,1,2,26,0,1,3,1,0,4,3,1,13,3.361,0.05
ses_20260701-120612-Marcos,2026-07-01 12:09:35.256676+00:00,boundary,53,9,1,2,26,0,1,3,1,0,4,3,1,12,2.695,0.0495
ses_20260701-120612-Marcos,2026-07-01 12:10:08.629844+00:00,boundary,64,10,1,2,28,0,1,3,1,1,8,3,1,14,2.607,0.051
ses_20260701-120612-Marcos,2026-07-01 12:10:08.630819+00:00,boundary,64,10,1,2,28,0,1,3,1,1,8,3,1,14,2.607,0.051
ses_20260701-120612-Marcos,2026-07-01 12:10:42.934758+00:00,boundary,49,9,2,2,13,0,1,3,1,0,10,3,2,12,3.581,0.057
ses_20260701-120612-Marcos,2026-07-01 12:10:42.936295+00:00,boundary,49,9,2,2,13,0,1,3,1,0,10,3,2,12,3.581,0.057
ses_20260701-120612-Marcos,2026-07-01 12:11:06.088946+00:00,boundary,64,9,1,2,25,0,0,3,1,1,12,3,1,13,2.869,0.046
ses_20260701-120612-Marcos,2026-07-01 12:11:06.089843+00:00,boundary,64,9,1,2,25,0,0,3,1,1,12,3,1,13,2.869,0.046
ses_20260701-120612-Marcos,2026-07-01 12:11:33.886884+00:00,boundary,62,10,1,2,27,0,1,3,1,1,8,3,1,13,2.834,0.054
ses_20260701-120612-Marcos,2026-07-01 12:11:33.887783+00:00,boundary,62,10,1,2,27,0,1,3,1,1,8,3,1,13,2.834,0.054
ses_20260701-120612-Marcos,2026-07-01 12:13:36.940895+00:00,boundary,54,7,1,2,28,0,1,1,0,0,8,1,0,12,2.772,0.054
ses_20260701-120612-Marcos,2026-07-01 12:13:36.941896+00:00,boundary,54,7,1,2,28,0,1,1,0,0,8,1,0,12,2.772,0.054
ses_20260701-120612-Marcos,2026-07-01 12:14:04.458925+00:00,boundary,76,10,1,2,27,0,1,3,1,1,16,3,1,16,2.727,0.052
ses_20260701-120612-Marcos,2026-07-01 12:14:04.460252+00:00,boundary,75,10,1,2,26,0,1,3,1,1,16,3,1,16,2.727,0.053
ses_20260701-120612-Marcos,2026-07-01 12:14:32.241621+00:00,boundary,43,9,2,2,15,0,0,2,1,1,8,2,1,9,1.662,0.0515
ses_20260701-120612-Marcos,2026-07-01 12:14:57.629333+00:00,boundary,13,9,1,1,1,0,1,1,0,1,2,1,1,4,2.403,0.0405
ses_20260701-120612-Marcos,2026-07-01 12:15:50.893740+00:00,boundary,92,10,2,3,41,0,1,3,1,1,16,3,1,18,2.255,0.052
ses_20260701-120612-Marcos,2026-07-01 12:15:50.894652+00:00,boundary,92,10,2,3,41,0,1,3,1,1,16,3,1,18,2.255,0.052
ses_20260701-120612-Marcos,2026-07-01 12:16:15.162915+00:00,boundary,75,10,1,2,26,0,1,3,1,1,16,3,1,16,3.042,0.0405
ses_20260701-120612-Marcos,2026-07-01 12:16:15.163675+00:00,boundary,75,10,1,2,26,0,1,3,1,1,16,3,1,16,3.042,0.0405
ses_20260701-120612-Marcos,2026-07-01 12:16:45.636372+00:00,boundary,75,10,2,3,41,0,1,3,1,2,6,3,1,14,2.563,0.055
ses_20260701-120612-Marcos,2026-07-01 12:16:45.637356+00:00,boundary,75,10,2,3,41,0,1,3,1,2,6,3,1,14,2.563,0.055
ses_20260701-120612-Marcos,2026-07-01 12:18:05.090800+00:00,boundary,59,10,2,2,15,0,1,3,1,1,14,3,2,13,3.749,0.052000000000000005
ses_20260701-120612-Marcos,2026-07-01 12:18:05.091653+00:00,boundary,59,10,2,2,15,0,1,3,1,1,14,3,2,13,3.749,0.052000000000000005
ses_20260701-120612-Marcos,2026-07-01 12:18:32.806523+00:00,boundary,52,10,2,2,15,0,1,3,1,1,10,3,2,12,4.222,0.05
ses_20260701-120612-Marcos,2026-07-01 12:18:32.807341+00:00,boundary,52,10,2,2,15,0,1,3,1,1,10,3,2,12,4.222,0.05
ses_20260701-120612-Marcos,2026-07-01 12:19:01.290110+00:00,boundary,59,10,1,2,27,0,1,3,1,1,6,3,1,13,2.884,0.054
ses_20260701-120612-Marcos,2026-07-01 12:19:01.290998+00:00,boundary,59,10,1,2,27,0,1,3,1,1,6,3,1,13,2.884,0.054
ses_20260701-120612-Marcos,2026-07-01 12:19:41.130726+00:00,boundary,46,9,1,1,2,0,1,3,1,0,16,3,2,11,3.17,0.062
ses_20260701-120612-Marcos,2026-07-01 12:19:41.131767+00:00,boundary,46,9,1,1,2,0,1,3,1,0,16,3,2,11,3.17,0.062
ses_20260701-120612-Marcos,2026-07-01 12:20:04.550292+00:00,boundary,41,9,2,2,15,0,1,3,1,0,4,3,2,10,4.036,0.0555
ses_20260701-120612-Marcos,2026-07-01 12:20:04.551000+00:00,boundary,41,9,2,2,15,0,1,3,1,0,4,3,2,10,4.036,0.0555
ses_20260701-120612-Marcos,2026-07-01 12:20:57.344129+00:00,boundary,82,9,2,3,40,0,0,3,1,1,12,3,2,15,2.796,0.051
ses_20260701-120612-Marcos,2026-07-01 12:20:57.345460+00:00,boundary,82,9,2,3,40,0,0,3,1,1,12,3,2,15,2.796,0.051
ses_20260701-120612-Marcos,2026-07-01 12:21:45.505773+00:00,boundary,51,7,1,2,27,0,1,1,0,0,8,1,0,10,2.425,0.0535
ses_20260701-120612-Marcos,2026-07-01 12:21:45.506598+00:00,boundary,51,7,1,2,27,0,1,1,0,0,8,1,0,10,2.425,0.0535
ses_20260701-120612-Marcos,2026-07-01 12:22:15.537569+00:00,boundary,76,9,2,3,40,0,0,3,1,1,8,3,2,14,2.85,0.053
ses_20260701-120612-Marcos,2026-07-01 12:22:15.538599+00:00,boundary,76,9,2,3,40,0,0,3,1,1,8,3,2,14,2.85,0.053
ses_20260701-120612-Marcos,2026-07-01 12:22:57.110088+00:00,boundary,27,8,1,1,1,0,0,3,1,0,6,3,3,7,7.19,0.0455
ses_20260701-120612-Marcos,2026-07-01 12:23:31.043312+00:00,boundary,44,9,2,2,14,0,0,3,1,1,6,3,4,9,6.469,0.055
ses_20260701-120612-Marcos,2026-07-01 12:24:01.846792+00:00,boundary,66,10,2,3,28,0,1,3,1,1,10,3,1,14,2.778,0.055
ses_20260701-120612-Marcos,2026-07-01 12:24:01.847494+00:00,boundary,66,10,2,3,28,0,1,3,1,1,10,3,1,14,2.778,0.055
ses_20260701-120612-Marcos,2026-07-01 12:25:20.084390+00:00,boundary,60,11,2,2,15,1,1,3,1,2,14,3,2,12,3.884,0.053
ses_20260701-120612-Marcos,2026-07-01 12:25:20.085567+00:00,boundary,60,11,2,2,15,1,1,3,1,2,14,3,2,12,3.884,0.053
ses_20260701-120612-Marcos,2026-07-01 12:25:47.809322+00:00,boundary,34,9,2,2,1,0,1,3,1,0,10,3,2,9,4.241,0.065
ses_20260701-120612-Marcos,2026-07-01 12:25:47.810076+00:00,boundary,34,9,2,2,1,0,1,3,1,0,10,3,2,9,4.241,0.065
ses_20260701-120612-Marcos,2026-07-01 12:27:30.047537+00:00,boundary,44,8,1,2,27,0,1,1,0,0,2,1,2,9,2.134,0.057
ses_20260701-120612-Marcos,2026-07-01 12:27:30.048473+00:00,boundary,44,8,1,2,27,0,1,1,0,0,2,1,2,9,2.134,0.057
ses_20260701-120828-LAPTOP-0IM1OHQH,2026-07-01 12:08:46.974019+00:00,boundary,39,7,2,2,20,0,1,1,0,0,4,1,0,10,1.512,0.07350000000000001
ses_20260701-120828-LAPTOP-0IM1OHQH,2026-07-01 12:09:13.964381+00:00,boundary,69,10,2,3,29,0,1,3,1,0,10,3,1,15,3.313,0.053
ses_20260701-120828-LAPTOP-0IM1OHQH,2026-07-01 12:09:13.966567+00:00,boundary,69,10,2,3,29,0,1,3,1,0,10,3,1,15,3.313,0.053
ses_20260701-120828-LAPTOP-0IM1OHQH,2026-07-01 12:10:03.162134+00:00,boundary,63,10,2,3,37,0,1,3,1,1,2,3,1,13,2.315,0.057
ses_20260701-120828-LAPTOP-0IM1OHQH,2026-07-01 12:10:03.165071+00:00,boundary,63,10,2,3,37,0,1,3,1,1,2,3,1,13,2.315,0.057
ses_20260701-120828-LAPTOP-0IM1OHQH,2026-07-01 12:10:56.896471+00:00,boundary,79,10,2,3,40,0,1,3,1,1,10,3,1,15,3.484,0.053
ses_20260701-120828-LAPTOP-0IM1OHQH,2026-07-01 12:10:56.899690+00:00,boundary,79,10,2,3,40,0,1,3,1,1,10,3,1,15,3.484,0.053
ses_20260701-120828-LAPTOP-0IM1OHQH,2026-07-01 12:11:25.874273+00:00,boundary,64,9,1,2,20,0,0,3,1,1,14,3,1,14,2.965,0.074
ses_20260701-120828-LAPTOP-0IM1OHQH,2026-07-01 12:11:25.890022+00:00,boundary,64,9,1,2,20,0,0,3,1,1,14,3,1,14,2.965,0.074
ses_20260701-120828-LAPTOP-0IM1OHQH,2026-07-01 12:11:53.128493+00:00,boundary,63,9,2,3,31,0,0,3,1,1,6,3,1,14,2.892,0.0595
ses_20260701-120828-LAPTOP-0IM1OHQH,2026-07-01 12:11:54.528109+00:00,boundary,56,8,2,3,32,0,0,3,1,0,2,3,1,13,3.63,0.081
ses_20260701-120828-LAPTOP-0IM1OHQH,2026-07-01 12:13:07.244361+00:00,boundary,50,8,1,2,26,0,1,1,0,1,8,1,0,9,2.618,0.053
ses_20260701-120828-LAPTOP-0IM1OHQH,2026-07-01 12:13:07.246234+00:00,boundary,50,8,1,2,26,0,1,1,0,1,8,1,0,9,2.618,0.053
ses_20260701-120828-LAPTOP-0IM1OHQH,2026-07-01 12:13:31.929481+00:00,boundary,55,8,2,3,28,0,0,3,1,0,6,3,1,10,4.597,0.052
ses_20260701-120828-LAPTOP-0IM1OHQH,2026-07-01 12:13:31.931518+00:00,boundary,55,8,2,3,28,0,0,3,1,0,6,3,1,10,4.597,0.052
ses_20260701-120828-LAPTOP-0IM1OHQH,2026-07-01 12:14:19.380009+00:00,boundary,38,8,1,2,17,0,2,2,1,0,2,2,0,11,5.753,0.099
ses_20260701-120828-LAPTOP-0IM1OHQH,2026-07-01 12:14:19.396343+00:00,boundary,38,8,1,2,17,0,2,2,1,0,2,2,0,11,5.753,0.099
ses_20260701-120828-LAPTOP-0IM1OHQH,2026-07-01 12:14:46.412480+00:00,boundary,40,11,2,2,3,1,1,3,1,1,10,3,2,10,3.805,0.066
ses_20260701-120828-LAPTOP-0IM1OHQH,2026-07-01 12:14:46.414908+00:00,boundary,40,11,2,2,3,1,1,3,1,1,10,3,2,10,3.805,0.066
ses_20260701-120828-LAPTOP-0IM1OHQH,2026-07-01 12:15:34.437168+00:00,boundary,75,10,2,3,36,0,1,3,1,2,8,3,1,16,3.316,0.0595
ses_20260701-120828-LAPTOP-0IM1OHQH,2026-07-01 12:15:34.439274+00:00,boundary,75,10,2,3,36,0,1,3,1,2,8,3,1,16,3.316,0.0595
ses_20260701-120828-LAPTOP-0IM1OHQH,2026-07-01 12:16:02.613942+00:00,boundary,58,10,2,3,19,0,1,3,1,2,10,3,1,13,3.051,0.076
ses_20260701-120828-LAPTOP-0IM1OHQH,2026-07-01 12:16:02.630424+00:00,boundary,57,10,2,3,18,0,1,3,1,2,10,3,1,13,3.051,0.0745
ses_20260701-120828-LAPTOP-0IM1OHQH,2026-07-01 12:17:25.532903+00:00,boundary,34,5,2,2,22,0,1,1,0,0,0,1,0,9,2.273,0.119
ses_20260701-120828-LAPTOP-0IM1OHQH,2026-07-01 12:17:25.555623+00:00,boundary,34,5,2,2,22,0,1,1,0,0,0,1,0,9,2.273,0.119
ses_20260701-120828-LAPTOP-0IM1OHQH,2026-07-01 12:18:13.588032+00:00,boundary,68,10,1,2,21,0,1,3,1,1,16,3,1,14,2.971,0.079
ses_20260701-120828-LAPTOP-0IM1OHQH,2026-07-01 12:18:13.611498+00:00,boundary,67,10,1,2,20,0,1,3,1,1,16,3,1,14,2.971,0.079
ses_20260701-120828-LAPTOP-0IM1OHQH,2026-07-01 12:18:58.506115+00:00,boundary,29,9,1,1,1,0,3,2,1,0,8,2,1,8,4.274,0.06
ses_20260701-120828-LAPTOP-0IM1OHQH,2026-07-01 12:18:58.522264+00:00,boundary,29,9,1,1,1,0,3,2,1,0,8,2,1,8,4.274,0.06
ses_20260701-120828-LAPTOP-0IM1OHQH,2026-07-01 12:19:20.231271+00:00,boundary,37,8,1,1,1,0,0,3,1,0,12,3,2,10,6.216,0.036000000000000004
ses_20260701-120828-LAPTOP-0IM1OHQH,2026-07-01 12:21:03.303526+00:00,boundary,36,9,1,2,18,0,1,1,0,0,2,1,0,10,3.164,0.096
ses_20260701-120828-LAPTOP-0IM1OHQH,2026-07-01 12:21:03.323739+00:00,boundary,36,9,1,2,18,0,1,1,0,0,2,1,0,10,3.164,0.096
ses_20260701-120828-LAPTOP-0IM1OHQH,2026-07-01 12:22:10.886580+00:00,boundary,34,8,1,1,2,0,1,2,1,0,12,2,0,10,3.402,0.041
ses_20260701-120828-LAPTOP-0IM1OHQH,2026-07-01 12:22:10.889351+00:00,boundary,34,8,1,1,2,0,1,2,1,0,12,2,0,10,3.402,0.041
ses_20260701-120828-LAPTOP-0IM1OHQH,2026-07-01 12:22:34.128750+00:00,boundary,73,8,2,3,36,0,0,3,1,0,10,3,1,15,2.784,0.053
ses_20260701-120828-LAPTOP-0IM1OHQH,2026-07-01 12:22:34.146625+00:00,boundary,73,8,2,3,36,0,0,3,1,0,10,3,1,15,2.784,0.053
ses_20260701-120828-LAPTOP-0IM1OHQH,2026-07-01 12:23:00.715789+00:00,boundary,70,9,1,2,22,0,0,3,1,1,16,3,1,16,3.284,0.068
ses_20260701-120828-LAPTOP-0IM1OHQH,2026-07-01 12:23:00.718780+00:00,boundary,70,9,1,2,22,0,0,3,1,1,16,3,1,16,3.284,0.068
ses_20260701-120828-LAPTOP-0IM1OHQH,2026-07-01 12:23:31.697795+00:00,boundary,71,9,2,3,32,0,1,3,1,0,10,3,1,16,2.88,0.07
ses_20260701-120828-LAPTOP-0IM1OHQH,2026-07-01 12:23:31.701245+00:00,boundary,71,9,2,3,32,0,1,3,1,0,10,3,1,16,2.88,0.07
ses_20260701-120828-LAPTOP-0IM1OHQH,2026-07-01 12:23:57.151805+00:00,boundary,48,9,1,2,16,0,1,3,1,0,8,3,1,11,2.819,0.085
ses_20260701-120828-LAPTOP-0IM1OHQH,2026-07-01 12:23:57.154381+00:00,boundary,48,9,1,2,16,0,1,3,1,0,8,3,1,11,2.819,0.085
ses_20260701-120828-LAPTOP-0IM1OHQH,2026-07-01 12:25:58.942919+00:00,boundary,22,7,1,1,2,0,1,1,0,0,8,1,0,6,4.122,0.038
ses_20260701-120828-LAPTOP-0IM1OHQH,2026-07-01 12:25:58.945595+00:00,boundary,22,7,1,1,2,0,1,1,0,0,8,1,0,6,4.122,0.038
ses_20260701-120828-LAPTOP-0IM1OHQH,2026-07-01 12:26:24.703813+00:00,boundary,48,10,1,1,2,0,1,3,1,1,16,3,2,12,3.423,0.037
ses_20260701-120828-LAPTOP-0IM1OHQH,2026-07-01 12:26:24.707619+00:00,boundary,48,10,1,1,2,0,1,3,1,1,16,3,2,12,3.423,0.037
ses_20260701-120828-LAPTOP-0IM1OHQH,2026-07-01 12:26:49.627752+00:00,boundary,52,9,2,2,14,0,0,3,1,2,12,3,2,10,6.65,0.05
ses_20260701-120828-LAPTOP-0IM1OHQH,2026-07-01 12:27:13.713806+00:00,boundary,78,10,1,2,28,0,1,3,1,2,16,3,1,16,2.692,0.051
ses_20260701-120828-LAPTOP-0IM1OHQH,2026-07-01 12:27:13.716231+00:00,boundary,78,10,1,2,28,0,1,3,1,2,16,3,1,16,2.692,0.051
ses_20260701-120828-LAPTOP-0IM1OHQH,2026-07-01 12:28:00.340073+00:00,boundary,37,9,1,1,1,0,0,3,1,2,12,3,2,9,4.898,0.033
ses_20260701-120828-LAPTOP-0IM1OHQH,2026-07-01 12:28:26.147549+00:00,boundary,47,9,2,2,12,0,1,3,1,0,10,3,2,11,3.73,0.0795
ses_20260701-120828-LAPTOP-0IM1OHQH,2026-07-01 12:28:26.164967+00:00,boundary,47,9,2,2,12,0,1,3,1,0,10,3,2,11,3.73,0.0795
ses_20260701-120828-LAPTOP-0IM1OHQH,2026-07-01 12:28:53.475567+00:00,boundary,28,9,1,1,1,0,2,2,1,0,8,2,1,8,5.347,0.03
ses_20260701-120828-LAPTOP-0IM1OHQH,2026-07-01 12:29:21.617388+00:00,boundary,48,9,2,2,13,0,0,3,1,2,10,3,2,10,5.757,0.055
ses_20260701-120828-LAPTOP-0IM1OHQH,2026-07-01 12:29:49.036707+00:00,boundary,42,9,1,1,1,0,0,3,1,2,14,3,2,10,6.243,0.027
ses_20260701-123729-Marcos,2026-07-01 12:37:57.796020+00:00,boundary,41,7,2,2,26,0,1,1,0,0,2,1,0,9,2.268,0.0575
ses_20260701-123729-Marcos,2026-07-01 12:38:50.906265+00:00,boundary,55,11,2,3,15,1,1,3,1,1,10,3,4,11,3.791,0.0535
ses_20260701-123729-Marcos,2026-07-01 12:38:50.907441+00:00,boundary,55,11,2,3,15,1,1,3,1,1,10,3,4,11,3.791,0.0535
ses_20260701-123729-Marcos,2026-07-01 12:39:24.235172+00:00,boundary,63,10,1,2,26,0,1,3,1,2,8,3,1,14,2.851,0.052
ses_20260701-123729-Marcos,2026-07-01 12:39:24.236242+00:00,boundary,63,10,1,2,26,0,1,3,1,2,8,3,1,14,2.851,0.052
ses_20260701-123729-Marcos,2026-07-01 12:40:02.281584+00:00,boundary,80,10,2,3,40,0,1,3,1,1,10,3,1,16,3.096,0.05
ses_20260701-123729-Marcos,2026-07-01 12:40:02.282358+00:00,boundary,80,10,2,3,40,0,1,3,1,1,10,3,1,16,3.096,0.05
ses_20260701-123729-Marcos,2026-07-01 12:40:25.873148+00:00,boundary,47,10,1,1,2,0,1,3,1,1,16,3,2,11,3.854,0.0305
ses_20260701-123729-Marcos,2026-07-01 12:40:25.874221+00:00,boundary,47,10,1,1,2,0,1,3,1,1,16,3,2,11,3.854,0.0305
ses_20260701-123729-Marcos,2026-07-01 12:40:44.838404+00:00,boundary,68,10,1,2,26,0,1,3,1,1,12,3,1,16,1.996,0.05
ses_20260701-123729-Marcos,2026-07-01 12:40:44.839205+00:00,boundary,68,10,1,2,26,0,1,3,1,1,12,3,1,16,1.996,0.05
ses_20260701-123729-Marcos,2026-07-01 12:41:39.153182+00:00,boundary,40,7,1,2,25,0,1,1,0,0,2,1,0,9,3.135,0.046
ses_20260701-123729-Marcos,2026-07-01 12:41:39.154456+00:00,boundary,40,7,1,2,25,0,1,1,0,0,2,1,0,9,3.135,0.046
ses_20260701-123729-Marcos,2026-07-01 12:42:09.752633+00:00,boundary,47,10,2,2,15,0,1,3,1,1,6,3,4,10,3.572,0.0495
ses_20260701-123729-Marcos,2026-07-01 12:42:09.753530+00:00,boundary,47,10,2,2,15,0,1,3,1,1,6,3,4,10,3.572,0.0495
ses_20260701-123729-Marcos,2026-07-01 12:42:41.105992+00:00,boundary,72,9,1,2,26,0,0,3,1,1,16,3,1,14,3.205,0.049
ses_20260701-123729-Marcos,2026-07-01 12:42:41.107017+00:00,boundary,72,9,1,2,26,0,0,3,1,1,16,3,1,14,3.205,0.049
ses_20260701-123729-Marcos,2026-07-01 12:43:01.718829+00:00,boundary,55,10,1,2,27,0,1,3,1,1,4,3,1,13,2.805,0.055
ses_20260701-123729-Marcos,2026-07-01 12:43:01.719646+00:00,boundary,55,10,1,2,27,0,1,3,1,1,4,3,1,13,2.805,0.055
ses_20260701-123729-Marcos,2026-07-01 12:43:38.539325+00:00,boundary,77,9,2,3,39,0,0,3,1,2,10,3,1,14,2.736,0.038
ses_20260701-123729-Marcos,2026-07-01 12:43:38.540344+00:00,boundary,77,9,2,3,39,0,0,3,1,2,10,3,1,14,2.736,0.038
ses_20260701-123729-Marcos,2026-07-01 12:44:02.585035+00:00,boundary,71,9,1,2,27,0,1,3,1,0,14,3,1,15,2.37,0.0515
ses_20260701-123729-Marcos,2026-07-01 12:44:02.585907+00:00,boundary,71,9,1,2,27,0,1,3,1,0,14,3,1,15,2.37,0.0515
ses_20260701-123729-Marcos,2026-07-01 12:44:24.087682+00:00,boundary,25,8,1,1,0,0,0,2,1,1,8,2,1,7,1.95,0.066
ses_20260701-123729-Marcos,2026-07-01 12:45:10.875898+00:00,boundary,52,8,1,2,26,0,1,1,0,1,8,1,0,11,2.592,0.052
ses_20260701-123729-Marcos,2026-07-01 12:45:37.823310+00:00,boundary,28,9,2,2,3,0,0,2,1,1,8,2,1,6,2.217,0.04
ses_20260701-123729-Marcos,2026-07-01 12:45:48.944883+00:00,boundary,14,8,1,1,2,0,1,1,0,0,2,1,2,4,2.98,0.084
ses_20260701-123729-Marcos,2026-07-01 12:46:23.282174+00:00,boundary,84,9,2,3,41,0,1,3,1,0,12,3,1,17,2.464,0.057
ses_20260701-123729-Marcos,2026-07-01 12:46:23.283218+00:00,boundary,84,9,2,3,41,0,1,3,1,0,12,3,1,17,2.464,0.057
ses_20260701-123729-Marcos,2026-07-01 12:46:47.719021+00:00,boundary,70,10,1,2,27,0,1,3,1,1,12,3,1,15,3.37,0.051
ses_20260701-123729-Marcos,2026-07-01 12:46:47.720133+00:00,boundary,70,10,1,2,27,0,1,3,1,1,12,3,1,15,3.37,0.051
ses_20260701-123729-Marcos,2026-07-01 12:47:35.785913+00:00,boundary,54,8,1,2,28,0,1,1,0,1,8,1,0,11,2.737,0.054
ses_20260701-123729-Marcos,2026-07-01 12:47:35.786959+00:00,boundary,54,8,1,2,28,0,1,1,0,1,8,1,0,11,2.737,0.054
ses_20260701-123729-Marcos,2026-07-01 12:49:31.389826+00:00,boundary,53,9,1,2,27,0,0,1,0,1,8,1,0,10,2.361,0.044
ses_20260701-123729-Marcos,2026-07-01 12:49:31.390859+00:00,boundary,53,9,1,2,27,0,0,1,0,1,8,1,0,10,2.361,0.044
ses_20260701-123729-Marcos,2026-07-01 12:50:36.130989+00:00,boundary,53,8,1,2,27,0,1,1,0,1,8,1,0,11,2.434,0.052
ses_20260701-123729-Marcos,2026-07-01 12:50:36.131953+00:00,boundary,53,8,1,2,27,0,1,1,0,1,8,1,0,11,2.434,0.052
ses_20260701-123729-Marcos,2026-07-01 12:51:01.655320+00:00,boundary,91,9,2,3,41,0,0,3,1,3,16,3,1,16,2.693,0.054
ses_20260701-123729-Marcos,2026-07-01 12:51:01.656408+00:00,boundary,91,9,2,3,41,0,0,3,1,3,16,3,1,16,2.693,0.054
ses_20260701-123729-Marcos,2026-07-01 12:51:32.068883+00:00,boundary,74,9,1,2,27,0,0,3,1,1,16,3,1,15,3.34,0.055
ses_20260701-123729-Marcos,2026-07-01 12:51:32.070013+00:00,boundary,74,9,1,2,27,0,0,3,1,1,16,3,1,15,3.34,0.055
ses_20260701-123729-Marcos,2026-07-01 12:52:48.582222+00:00,boundary,14,8,1,1,1,0,1,1,0,0,2,1,3,4,2.791,0.068
ses_20260701-123729-Marcos,2026-07-01 12:52:48.583495+00:00,boundary,14,8,1,1,1,0,1,1,0,0,2,1,3,4,2.791,0.068
ses_20260701-123729-Marcos,2026-07-01 12:53:34.912062+00:00,boundary,56,7,1,2,27,0,3,1,0,0,8,1,0,13,6.84,0.05
ses_20260701-123729-Marcos,2026-07-01 12:53:34.913100+00:00,boundary,56,7,1,2,27,0,3,1,0,0,8,1,0,13,6.84,0.05
ses_20260701-123729-Marcos,2026-07-01 12:54:05.004526+00:00,boundary,62,9,2,3,38,0,1,3,1,0,2,3,1,12,2.887,0.053
ses_20260701-123729-Marcos,2026-07-01 12:54:05.005413+00:00,boundary,62,9,2,3,38,0,1,3,1,0,2,3,1,12,2.887,0.053
ses_20260701-123729-Marcos,2026-07-01 12:54:53.613693+00:00,boundary,34,9,2,2,1,0,0,3,1,1,10,3,2,8,6.732,0.046
ses_20260701-123729-Marcos,2026-07-01 12:55:42.008610+00:00,boundary,79,9,2,3,40,0,1,3,1,0,10,3,1,16,3.316,0.0465
ses_20260701-123729-Marcos,2026-07-01 12:55:42.009757+00:00,boundary,79,9,2,3,40,0,1,3,1,0,10,3,1,16,3.316,0.0465
ses_20260701-123729-Marcos,2026-07-01 12:56:07.017774+00:00,boundary,44,9,1,1,1,0,0,3,1,2,16,3,2,9,6.09,0.032
ses_20260701-123729-Marcos,2026-07-01 12:56:34.258028+00:00,boundary,56,10,2,2,15,0,1,3,1,1,12,3,2,13,3.896,0.055
ses_20260701-123729-Marcos,2026-07-01 12:56:34.258783+00:00,boundary,56,10,2,2,15,0,1,3,1,1,12,3,2,13,3.896,0.055
ses_20260701-123729-Marcos,2026-07-01 12:57:51.833546+00:00,boundary,22,9,1,1,1,0,1,1,0,1,8,1,1,5,2.144,0.043
ses_20260701-123729-Marcos,2026-07-01 12:57:51.834753+00:00,boundary,22,9,1,1,1,0,1,1,0,1,8,1,1,5,2.144,0.043
ses_20260701-123729-Marcos,2026-07-01 12:58:15.082139+00:00,boundary,89,9,2,3,40,0,0,3,1,1,16,3,1,17,2.543,0.052
ses_20260701-123729-Marcos,2026-07-01 12:58:15.083629+00:00,boundary,89,9,2,3,40,0,0,3,1,1,16,3,1,17,2.543,0.052
ses_20260701-123729-Marcos,2026-07-01 12:58:40.432059+00:00,boundary,46,9,1,1,2,0,0,3,1,1,16,3,2,11,6.065,0.037
ses_20260701-123729-Marcos,2026-07-01 12:59:04.608439+00:00,boundary,86,10,2,3,39,0,1,3,1,2,14,3,1,16,2.612,0.056
ses_20260701-123729-Marcos,2026-07-01 12:59:04.609774+00:00,boundary,86,10,2,3,39,0,1,3,1,2,14,3,1,16,2.612,0.056
ses_20260701-123729-Marcos,2026-07-01 12:59:48.270338+00:00,boundary,32,8,1,1,1,0,0,3,1,0,10,3,2,8,5.352,0.045
ses_20260701-124033-SIDDHIGUPTAB00B,2026-07-01 12:41:00.593568+00:00,boundary,22,8,1,1,1,0,1,1,0,0,8,1,0,6,2.903,0.051
ses_20260701-124033-SIDDHIGUPTAB00B,2026-07-01 12:41:29.359144+00:00,boundary,81,10,1,2,29,0,1,3,1,4,16,3,1,16,2.741,0.0505
ses_20260701-124033-SIDDHIGUPTAB00B,2026-07-01 12:41:29.360313+00:00,boundary,81,10,1,2,29,0,1,3,1,4,16,3,1,16,2.741,0.0505
ses_20260701-124033-SIDDHIGUPTAB00B,2026-07-01 12:42:27.343782+00:00,boundary,49,7,1,2,27,0,0,1,0,1,8,1,0,8,2.731,0.047
ses_20260701-124033-SIDDHIGUPTAB00B,2026-07-01 12:42:27.344907+00:00,boundary,49,7,1,2,27,0,0,1,0,1,8,1,0,8,2.731,0.047
ses_20260701-124033-SIDDHIGUPTAB00B,2026-07-01 12:42:51.777813+00:00,boundary,81,10,1,2,30,0,1,3,1,4,16,3,1,15,2.49,0.0525
ses_20260701-124033-SIDDHIGUPTAB00B,2026-07-01 12:42:51.778641+00:00,boundary,81,10,1,2,30,0,1,3,1,4,16,3,1,15,2.49,0.0525
ses_20260701-124033-SIDDHIGUPTAB00B,2026-07-01 12:43:19.988703+00:00,boundary,52,10,2,2,15,0,1,3,1,2,10,3,2,11,3.596,0.05
ses_20260701-124033-SIDDHIGUPTAB00B,2026-07-01 12:43:19.990901+00:00,boundary,52,10,2,2,15,0,1,3,1,2,10,3,2,11,3.596,0.05
ses_20260701-124033-SIDDHIGUPTAB00B,2026-07-01 12:43:46.190895+00:00,boundary,36,11,2,3,2,0,1,3,1,3,8,3,2,8,3.683,0.06
ses_20260701-124033-SIDDHIGUPTAB00B,2026-07-01 12:43:46.192529+00:00,boundary,36,11,2,3,2,0,1,3,1,3,8,3,2,8,3.683,0.06
ses_20260701-124033-SIDDHIGUPTAB00B,2026-07-01 12:45:06.032184+00:00,boundary,53,10,2,2,15,0,1,3,1,2,10,3,2,12,4.072,0.051000000000000004
ses_20260701-124033-SIDDHIGUPTAB00B,2026-07-01 12:45:06.033331+00:00,boundary,53,10,2,2,15,0,1,3,1,2,10,3,2,12,4.072,0.051000000000000004
ses_20260701-124033-SIDDHIGUPTAB00B,2026-07-01 12:45:56.133230+00:00,boundary,45,8,2,3,29,0,1,1,0,1,2,1,0,9,2.633,0.0515
ses_20260701-124033-SIDDHIGUPTAB00B,2026-07-01 12:45:56.134593+00:00,boundary,45,8,2,3,29,0,1,1,0,1,2,1,0,9,2.633,0.0515
ses_20260701-124033-SIDDHIGUPTAB00B,2026-07-01 12:46:52.434334+00:00,boundary,83,9,2,3,44,0,0,3,1,2,10,3,1,15,2.836,0.051
ses_20260701-124033-SIDDHIGUPTAB00B,2026-07-01 12:46:52.435355+00:00,boundary,83,9,2,3,44,0,0,3,1,2,10,3,1,15,2.836,0.051
ses_20260701-124033-SIDDHIGUPTAB00B,2026-07-01 12:47:21.210565+00:00,boundary,80,10,1,2,29,0,1,3,1,4,16,3,1,15,2.659,0.048
ses_20260701-124033-SIDDHIGUPTAB00B,2026-07-01 12:47:21.211978+00:00,boundary,80,10,1,2,29,0,1,3,1,4,16,3,1,15,2.659,0.048
ses_20260701-124033-SIDDHIGUPTAB00B,2026-07-01 12:48:17.336691+00:00,boundary,13,9,2,2,1,0,1,1,0,1,2,1,1,4,3.03,0.0655
ses_20260701-124033-SIDDHIGUPTAB00B,2026-07-01 12:48:17.339943+00:00,boundary,13,9,2,2,1,0,1,1,0,1,2,1,1,4,3.03,0.0655
ses_20260701-124033-SIDDHIGUPTAB00B,2026-07-01 12:49:45.430096+00:00,boundary,53,7,1,2,29,0,0,1,0,1,8,1,0,10,2.556,0.0475
ses_20260701-124033-SIDDHIGUPTAB00B,2026-07-01 12:49:45.431392+00:00,boundary,53,7,1,2,29,0,0,1,0,1,8,1,0,10,2.556,0.0475
ses_20260701-124033-SIDDHIGUPTAB00B,2026-07-01 12:50:15.076901+00:00,boundary,89,10,2,3,39,0,1,3,1,4,14,3,1,17,3.188,0.049
ses_20260701-124033-SIDDHIGUPTAB00B,2026-07-01 12:50:15.079567+00:00,boundary,89,10,2,3,39,0,1,3,1,4,14,3,1,17,3.188,0.049
ses_20260701-124033-SIDDHIGUPTAB00B,2026-07-01 12:50:38.682031+00:00,boundary,25,8,1,1,0,0,0,2,1,1,8,2,1,7,3.224,0.049
ses_20260701-124033-SIDDHIGUPTAB00B,2026-07-01 12:51:03.015400+00:00,boundary,53,8,1,2,28,0,1,1,0,1,8,1,0,10,2.715,0.0505
ses_20260701-124033-SIDDHIGUPTAB00B,2026-07-01 12:51:34.194223+00:00,boundary,68,10,2,3,29,0,1,3,1,4,8,3,1,14,2.941,0.052
ses_20260701-124033-SIDDHIGUPTAB00B,2026-07-01 12:51:34.195206+00:00,boundary,68,10,2,3,29,0,1,3,1,4,8,3,1,14,2.941,0.052
ses_20260701-124033-SIDDHIGUPTAB00B,2026-07-01 12:52:23.890231+00:00,boundary,57,11,2,2,16,1,1,3,1,2,12,3,2,11,3.716,0.0465
ses_20260701-124033-SIDDHIGUPTAB00B,2026-07-01 12:52:23.891655+00:00,boundary,57,11,2,2,16,1,1,3,1,2,12,3,2,11,3.716,0.0465
ses_20260701-124033-SIDDHIGUPTAB00B,2026-07-01 12:53:18.078764+00:00,boundary,45,8,1,2,29,0,1,1,0,1,2,1,0,9,2.418,0.052
ses_20260701-124033-SIDDHIGUPTAB00B,2026-07-01 12:53:18.080042+00:00,boundary,45,8,1,2,29,0,1,1,0,1,2,1,0,9,2.418,0.052
ses_20260701-124033-SIDDHIGUPTAB00B,2026-07-01 12:54:10.347794+00:00,boundary,82,10,2,3,41,0,1,3,1,2,10,3,1,16,3.449,0.051
ses_20260701-124033-SIDDHIGUPTAB00B,2026-07-01 12:54:10.348478+00:00,boundary,82,10,2,3,41,0,1,3,1,2,10,3,1,16,3.449,0.051
ses_20260701-124033-SIDDHIGUPTAB00B,2026-07-01 12:54:45.031098+00:00,boundary,28,10,1,1,1,0,2,2,1,1,8,2,1,7,6.454,0.059
ses_20260701-124033-SIDDHIGUPTAB00B,2026-07-01 12:55:08.818502+00:00,boundary,83,9,2,3,43,0,0,3,1,2,10,3,1,16,3.164,0.0515
ses_20260701-124033-SIDDHIGUPTAB00B,2026-07-01 12:55:08.819265+00:00,boundary,83,9,2,3,43,0,0,3,1,2,10,3,1,16,3.164,0.0515
ses_20260701-124033-SIDDHIGUPTAB00B,2026-07-01 12:55:59.155239+00:00,boundary,55,8,1,2,29,0,1,1,0,1,8,1,0,11,2.692,0.051000000000000004
ses_20260701-124033-SIDDHIGUPTAB00B,2026-07-01 12:55:59.157622+00:00,boundary,55,8,1,2,29,0,1,1,0,1,8,1,0,11,2.692,0.051000000000000004
ses_20260701-124033-SIDDHIGUPTAB00B,2026-07-01 12:56:57.489988+00:00,boundary,22,9,1,1,1,0,1,1,0,1,8,1,1,5,2.907,0.033
ses_20260701-124033-SIDDHIGUPTAB00B,2026-07-01 12:56:57.494574+00:00,boundary,22,9,1,1,1,0,1,1,0,1,8,1,1,5,2.907,0.033
ses_20260701-124033-SIDDHIGUPTAB00B,2026-07-01 12:57:21.004645+00:00,boundary,64,9,2,3,29,0,0,3,1,3,8,3,1,12,3.392,0.051
ses_20260701-124033-SIDDHIGUPTAB00B,2026-07-01 12:57:21.005336+00:00,boundary,64,9,2,3,29,0,0,3,1,3,8,3,1,12,3.392,0.051
ses_20260701-124033-SIDDHIGUPTAB00B,2026-07-01 12:58:15.393029+00:00,boundary,46,10,2,2,15,1,0,3,1,3,6,3,2,9,5.948,0.049
ses_20260701-124033-SIDDHIGUPTAB00B,2026-07-01 12:59:27.552669+00:00,boundary,13,7,2,3,3,0,1,1,0,0,0,1,1,5,3.214,0.2395
ses_20260701-124033-SIDDHIGUPTAB00B,2026-07-01 12:59:27.560194+00:00,boundary,13,7,2,3,3,0,1,1,0,0,0,1,1,5,3.214,0.2395
ses_20260701-124033-SIDDHIGUPTAB00B,2026-07-01 13:00:07.903218+00:00,boundary,72,11,3,4,43,0,1,3,1,1,4,3,1,13,3.193,0.052
ses_20260701-124033-SIDDHIGUPTAB00B,2026-07-01 13:00:07.907252+00:00,boundary,72,11,3,4,43,0,1,3,1,1,4,3,1,13,3.193,0.052
ses_20260701-124033-SIDDHIGUPTAB00B,2026-07-01 13:01:36.093196+00:00,boundary,67,9,2,3,42,0,0,3,1,1,2,3,1,13,3.144,0.051
ses_20260701-124033-SIDDHIGUPTAB00B,2026-07-01 13:01:36.094777+00:00,boundary,67,9,2,3,42,0,0,3,1,1,2,3,1,13,3.144,0.051
ses_20260701-124033-SIDDHIGUPTAB00B,2026-07-01 13:03:31.092105+00:00,boundary,42,5,2,3,30,0,0,1,0,0,2,1,0,8,3.235,0.053
ses_20260701-124033-SIDDHIGUPTAB00B,2026-07-01 13:03:31.093620+00:00,boundary,42,5,2,3,30,0,0,1,0,0,2,1,0,8,3.235,0.053
ses_20260701-124033-SIDDHIGUPTAB00B,2026-07-01 13:04:53.108781+00:00,boundary,66,10,2,3,40,1,0,3,1,1,2,3,1,13,2.579,0.052
ses_20260701-124033-SIDDHIGUPTAB00B,2026-07-01 13:04:53.109819+00:00,boundary,66,10,2,3,40,1,0,3,1,1,2,3,1,13,2.579,0.052
ses_20260701-124033-SIDDHIGUPTAB00B,2026-07-01 13:05:48.426601+00:00,boundary,11,6,2,2,0,0,0,1,0,0,4,1,1,2,4.497,0.0435
ses_20260701-124033-SIDDHIGUPTAB00B,2026-07-01 13:06:22.820396+00:00,boundary,89,10,2,3,43,0,1,3,1,3,14,3,1,14,2.922,0.049
ses_20260701-124033-SIDDHIGUPTAB00B,2026-07-01 13:06:22.821719+00:00,boundary,89,10,2,3,43,0,1,3,1,3,14,3,1,14,2.922,0.049
ses_20260701-124550-LAPTOP-0IM1OHQH,2026-07-01 12:46:08.865884+00:00,boundary,44,7,2,2,21,0,1,1,0,0,6,1,0,11,1.929,0.061
ses_20260701-124550-LAPTOP-0IM1OHQH,2026-07-01 12:46:58.469905+00:00,boundary,71,11,3,4,40,0,1,3,1,1,4,3,1,14,3.43,0.056
ses_20260701-124550-LAPTOP-0IM1OHQH,2026-07-01 12:46:58.488581+00:00,boundary,71,11,3,4,40,0,1,3,1,1,4,3,1,14,3.43,0.056
ses_20260701-124550-LAPTOP-0IM1OHQH,2026-07-01 12:47:47.526614+00:00,boundary,86,9,2,3,43,1,0,3,1,0,14,3,1,14,3.053,0.052
ses_20260701-124550-LAPTOP-0IM1OHQH,2026-07-01 12:47:47.528884+00:00,boundary,86,9,2,3,43,1,0,3,1,0,14,3,1,14,3.053,0.052
ses_20260701-124550-LAPTOP-0IM1OHQH,2026-07-01 12:48:27.330188+00:00,boundary,35,10,1,1,1,0,1,3,1,1,10,3,2,9,3.824,0.0365
ses_20260701-124550-LAPTOP-0IM1OHQH,2026-07-01 12:48:27.332718+00:00,boundary,35,10,1,1,1,0,1,3,1,1,10,3,2,9,3.824,0.0365
ses_20260701-124550-LAPTOP-0IM1OHQH,2026-07-01 12:48:50.080781+00:00,boundary,65,11,3,4,37,1,1,3,1,1,2,3,1,14,3.115,0.056
ses_20260701-124550-LAPTOP-0IM1OHQH,2026-07-01 12:48:50.083240+00:00,boundary,65,11,3,4,37,1,1,3,1,1,2,3,1,14,3.115,0.056
ses_20260701-124550-LAPTOP-0IM1OHQH,2026-07-01 12:50:00.389550+00:00,boundary,51,7,1,2,29,0,1,1,0,0,6,1,0,10,2.793,0.052
ses_20260701-124550-LAPTOP-0IM1OHQH,2026-07-01 12:50:00.392147+00:00,boundary,51,7,1,2,29,0,1,1,0,0,6,1,0,10,2.793,0.052
ses_20260701-124550-LAPTOP-0IM1OHQH,2026-07-01 12:50:33.485227+00:00,boundary,55,9,1,2,23,0,3,2,1,1,8,2,0,12,4.612,0.063
ses_20260701-124550-LAPTOP-0IM1OHQH,2026-07-01 12:50:33.487951+00:00,boundary,55,9,1,2,23,0,3,2,1,1,8,2,0,12,4.612,0.063
ses_20260701-124550-LAPTOP-0IM1OHQH,2026-07-01 12:50:59.004799+00:00,boundary,60,10,1,2,16,0,1,3,1,1,12,3,1,17,2.983,0.092
ses_20260701-124550-LAPTOP-0IM1OHQH,2026-07-01 12:50:59.022978+00:00,boundary,60,10,1,2,16,0,1,3,1,1,12,3,1,17,2.983,0.092
ses_20260701-124550-LAPTOP-0IM1OHQH,2026-07-01 12:52:00.092271+00:00,boundary,50,7,1,2,26,0,1,1,0,0,8,1,0,10,3.117,0.054
ses_20260701-124550-LAPTOP-0IM1OHQH,2026-07-01 12:52:00.094265+00:00,boundary,50,7,1,2,26,0,1,1,0,0,8,1,0,10,3.117,0.054
ses_20260701-124550-LAPTOP-0IM1OHQH,2026-07-01 12:52:25.615600+00:00,boundary,54,11,3,4,18,0,2,3,1,1,8,3,2,11,4.009,0.05
ses_20260701-124550-LAPTOP-0IM1OHQH,2026-07-01 12:52:27.181777+00:00,boundary,44,11,3,4,17,0,2,3,1,1,4,3,2,9,4.009,0.051
ses_20260701-124550-LAPTOP-0IM1OHQH,2026-07-01 12:53:52.458195+00:00,boundary,72,8,2,3,35,0,0,3,1,0,10,3,1,15,2.714,0.053
ses_20260701-124550-LAPTOP-0IM1OHQH,2026-07-01 12:53:52.477937+00:00,boundary,72,8,2,3,35,0,0,3,1,0,10,3,1,15,2.714,0.053
ses_20260701-124550-LAPTOP-0IM1OHQH,2026-07-01 12:54:21.353669+00:00,boundary,52,8,1,2,21,0,0,3,1,0,8,3,1,11,3.434,0.067
ses_20260701-124550-LAPTOP-0IM1OHQH,2026-07-01 12:54:21.356111+00:00,boundary,52,8,1,2,21,0,0,3,1,0,8,3,1,11,3.434,0.067
ses_20260701-124550-LAPTOP-0IM1OHQH,2026-07-01 12:55:54.290451+00:00,boundary,48,10,2,2,10,1,1,3,1,0,10,3,2,13,3.849,0.086
ses_20260701-124550-LAPTOP-0IM1OHQH,2026-07-01 12:55:54.293824+00:00,boundary,48,10,2,2,10,1,1,3,1,0,10,3,2,13,3.849,0.086
ses_20260701-124550-LAPTOP-0IM1OHQH,2026-07-01 12:56:20.609851+00:00,boundary,68,9,1,2,21,0,0,3,1,1,16,3,1,15,2.822,0.056
ses_20260701-124550-LAPTOP-0IM1OHQH,2026-07-01 12:56:20.612545+00:00,boundary,68,9,1,2,21,0,0,3,1,1,16,3,1,15,2.822,0.056
ses_20260701-124550-LAPTOP-0IM1OHQH,2026-07-01 12:56:46.823373+00:00,boundary,64,9,3,4,34,0,1,3,1,0,5,3,1,14,2.967,0.062
ses_20260701-124550-LAPTOP-0IM1OHQH,2026-07-01 12:56:46.841573+00:00,boundary,65,9,3,4,34,0,1,3,1,0,6,3,1,14,2.967,0.061
ses_20260701-124550-LAPTOP-0IM1OHQH,2026-07-01 12:58:10.119916+00:00,boundary,55,10,2,2,11,0,1,3,1,2,14,3,2,12,3.793,0.051
ses_20260701-124550-LAPTOP-0IM1OHQH,2026-07-01 12:58:10.136400+00:00,boundary,55,10,2,2,11,0,1,3,1,2,14,3,2,12,3.793,0.051
ses_20260701-124550-LAPTOP-0IM1OHQH,2026-07-01 12:58:34.425836+00:00,boundary,50,9,1,2,22,0,1,3,1,0,4,3,1,13,3.055,0.066
ses_20260701-124550-LAPTOP-0IM1OHQH,2026-07-01 12:58:34.428238+00:00,boundary,50,9,1,2,22,0,1,3,1,0,4,3,1,13,3.055,0.066
ses_20260701-124550-LAPTOP-0IM1OHQH,2026-07-01 12:59:21.431924+00:00,boundary,51,8,2,3,25,0,1,3,1,0,4,3,0,12,3.092,0.059
ses_20260701-124550-LAPTOP-0IM1OHQH,2026-07-01 12:59:21.434667+00:00,boundary,51,8,2,3,25,0,1,3,1,0,4,3,0,12,3.092,0.059
ses_20260701-124550-LAPTOP-0IM1OHQH,2026-07-01 13:00:09.482638+00:00,boundary,84,11,2,3,44,0,1,3,1,1,10,3,1,15,3.043,0.05
ses_20260701-124550-LAPTOP-0IM1OHQH,2026-07-01 13:00:09.485179+00:00,boundary,84,11,2,3,44,0,1,3,1,1,10,3,1,15,3.043,0.05
ses_20260701-124550-LAPTOP-0IM1OHQH,2026-07-01 13:00:33.740996+00:00,boundary,27,9,1,1,1,0,0,2,1,1,8,2,1,7,2.945,0.037
ses_20260701-124550-LAPTOP-0IM1OHQH,2026-07-01 13:01:01.952957+00:00,boundary,11,7,2,2,0,0,1,1,0,0,2,1,2,3,5.654,0.1005
ses_20260701-124550-LAPTOP-0IM1OHQH,2026-07-01 13:01:49.724273+00:00,boundary,37,9,3,3,8,0,0,3,1,0,6,3,3,9,6.166,0.1155
ses_20260701-124550-LAPTOP-0IM1OHQH,2026-07-01 13:02:33.849632+00:00,boundary,65,9,1,2,18,0,0,3,1,1,16,3,1,15,2.573,0.07050000000000001
ses_20260701-124550-LAPTOP-0IM1OHQH,2026-07-01 13:02:33.868214+00:00,boundary,65,9,1,2,18,0,0,3,1,1,16,3,1,15,2.573,0.07050000000000001
ses_20260701-124550-LAPTOP-0IM1OHQH,2026-07-01 13:02:53.476498+00:00,boundary,64,9,1,2,24,0,1,3,1,0,12,3,1,15,2.374,0.059
ses_20260701-124550-LAPTOP-0IM1OHQH,2026-07-01 13:02:53.478774+00:00,boundary,64,9,1,2,24,0,1,3,1,0,12,3,1,15,2.374,0.059
ses_20260701-124550-LAPTOP-0IM1OHQH,2026-07-01 13:03:57.313522+00:00,boundary,54,7,1,2,29,0,1,1,0,0,8,1,0,11,2.401,0.053
ses_20260701-124550-LAPTOP-0IM1OHQH,2026-07-01 13:03:57.316118+00:00,boundary,54,7,1,2,29,0,1,1,0,0,8,1,0,11,2.401,0.053
ses_20260701-124550-LAPTOP-0IM1OHQH,2026-07-01 13:05:25.973373+00:00,boundary,33,6,2,3,19,0,0,1,0,0,2,1,0,9,3.037,0.0995
ses_20260701-124550-LAPTOP-0IM1OHQH,2026-07-01 13:05:25.993613+00:00,boundary,33,6,2,3,19,0,0,1,0,0,2,1,0,9,3.037,0.0995
ses_20260701-124550-LAPTOP-0IM1OHQH,2026-07-01 13:06:17.566155+00:00,boundary,73,9,2,3,36,0,0,3,1,1,10,3,1,14,2.903,0.0565
ses_20260701-124550-LAPTOP-0IM1OHQH,2026-07-01 13:06:17.582598+00:00,boundary,73,9,2,3,36,0,0,3,1,1,10,3,1,14,2.903,0.0565
ses_20260701-124550-LAPTOP-0IM1OHQH,2026-07-01 13:06:46.426980+00:00,boundary,59,10,1,2,20,0,1,3,1,1,10,3,1,14,3.034,0.0635
ses_20260701-124550-LAPTOP-0IM1OHQH,2026-07-01 13:06:46.430201+00:00,boundary,59,10,1,2,20,0,1,3,1,1,10,3,1,14,3.034,0.0635
ses_20260701-124550-LAPTOP-0IM1OHQH,2026-07-01 13:07:16.711536+00:00,boundary,75,10,1,2,27,0,1,3,1,1,16,3,1,15,3.305,0.0535
ses_20260701-124550-LAPTOP-0IM1OHQH,2026-07-01 13:07:16.715391+00:00,boundary,75,10,1,2,27,0,1,3,1,1,16,3,1,15,3.305,0.0535
ses_20260701-124550-LAPTOP-0IM1OHQH,2026-07-01 13:07:48.446426+00:00,boundary,78,9,2,3,40,0,0,3,1,1,10,3,1,15,2.928,0.046
ses_20260701-124550-LAPTOP-0IM1OHQH,2026-07-01 13:07:48.449543+00:00,boundary,78,9,2,3,40,0,0,3,1,1,10,3,1,15,2.928,0.046
ses_20260701-124550-LAPTOP-0IM1OHQH,2026-07-01 13:08:14.332722+00:00,boundary,41,8,1,1,1,0,0,3,1,0,16,3,2,8,6.926,0.033
ses_20260701-124550-LAPTOP-0IM1OHQH,2026-07-01 13:08:42.017153+00:00,boundary,69,8,1,2,27,0,0,3,1,0,14,3,1,14,3.077,0.052
ses_20260701-124550-LAPTOP-0IM1OHQH,2026-07-01 13:08:42.021033+00:00,boundary,69,8,1,2,27,0,0,3,1,0,14,3,1,14,3.077,0.052
ses_20260701-124550-LAPTOP-0IM1OHQH,2026-07-01 13:09:14.645234+00:00,boundary,23,8,1,1,1,0,2,1,0,0,8,1,1,6,6.824,0.0505
ses_20260701-124636-MSI,2026-07-01 12:47:48.790838+00:00,boundary,49,7,2,2,27,0,1,1,0,0,6,1,0,10,2.28,0.051
ses_20260701-124636-MSI,2026-07-01 12:48:14.653244+00:00,boundary,51,10,1,1,2,0,1,3,1,4,16,3,2,12,3.416,0.047
ses_20260701-124636-MSI,2026-07-01 12:48:14.653897+00:00,boundary,51,10,1,1,2,0,1,3,1,4,16,3,2,12,3.416,0.047
ses_20260701-124636-MSI,2026-07-01 12:48:36.682850+00:00,boundary,46,10,1,1,1,0,1,3,1,2,16,3,2,11,3.534,0.036
ses_20260701-124636-MSI,2026-07-01 12:48:36.683632+00:00,boundary,46,10,1,1,1,0,1,3,1,2,16,3,2,11,3.534,0.036
ses_20260701-124636-MSI,2026-07-01 12:49:00.586755+00:00,boundary,63,12,3,5,19,2,1,3,1,3,10,3,2,12,3.5,0.054
ses_20260701-124636-MSI,2026-07-01 12:49:00.587379+00:00,boundary,63,12,3,5,19,2,1,3,1,3,10,3,2,12,3.5,0.054
ses_20260701-124636-MSI,2026-07-01 12:49:44.713537+00:00,boundary,56,9,1,2,27,0,3,1,0,1,8,1,1,11,6.553,0.05
ses_20260701-124636-MSI,2026-07-01 12:49:44.714229+00:00,boundary,56,9,1,2,27,0,3,1,0,1,8,1,1,11,6.553,0.05
ses_20260701-124636-MSI,2026-07-01 12:50:09.634075+00:00,boundary,83,10,2,3,41,0,1,3,1,2,10,3,1,17,2.684,0.052
ses_20260701-124636-MSI,2026-07-01 12:50:09.634660+00:00,boundary,83,10,2,3,41,0,1,3,1,2,10,3,1,17,2.684,0.052
ses_20260701-124636-MSI,2026-07-01 12:50:36.163428+00:00,boundary,71,9,1,2,29,0,0,3,1,3,12,3,1,14,3.615,0.0525
ses_20260701-124636-MSI,2026-07-01 12:50:36.164166+00:00,boundary,71,9,1,2,29,0,0,3,1,3,12,3,1,14,3.615,0.0525
ses_20260701-124636-MSI,2026-07-01 12:51:00.014097+00:00,boundary,84,10,2,3,41,0,1,3,1,3,10,3,1,16,2.989,0.052
ses_20260701-124636-MSI,2026-07-01 12:51:01.571571+00:00,boundary,82,10,2,3,41,0,1,3,1,2,10,3,1,16,2.989,0.052
ses_20260701-124636-MSI,2026-07-01 12:51:31.255631+00:00,boundary,42,10,2,2,4,0,1,3,1,3,10,3,2,10,4.063,0.073
ses_20260701-124636-MSI,2026-07-01 12:51:31.256666+00:00,boundary,42,10,2,2,4,0,1,3,1,3,10,3,2,10,4.063,0.073
ses_20260701-124636-MSI,2026-07-01 12:52:09.837011+00:00,boundary,84,10,2,3,42,0,1,3,1,2,10,3,1,17,2.935,0.051
ses_20260701-124636-MSI,2026-07-01 12:52:09.837897+00:00,boundary,84,10,2,3,42,0,1,3,1,2,10,3,1,17,2.935,0.051
ses_20260701-124636-MSI,2026-07-01 12:52:40.645515+00:00,boundary,42,10,2,2,15,0,1,3,1,1,4,3,2,10,3.494,0.056
ses_20260701-124636-MSI,2026-07-01 12:52:40.646147+00:00,boundary,42,10,2,2,15,0,1,3,1,1,4,3,2,10,3.494,0.056
ses_20260701-124636-MSI,2026-07-01 12:54:32.803344+00:00,boundary,58,7,2,2,32,0,0,1,0,1,8,1,0,12,2.362,0.053
ses_20260701-124636-MSI,2026-07-01 12:54:32.804049+00:00,boundary,58,7,2,2,32,0,0,1,0,1,8,1,0,12,2.362,0.053
ses_20260701-124636-MSI,2026-07-01 12:54:56.927440+00:00,boundary,78,10,1,2,27,0,1,3,1,4,16,3,1,15,3.09,0.051
ses_20260701-124636-MSI,2026-07-01 12:54:56.928014+00:00,boundary,78,10,1,2,27,0,1,3,1,4,16,3,1,15,3.09,0.051
ses_20260701-124636-MSI,2026-07-01 12:55:23.633338+00:00,boundary,64,10,2,2,14,0,1,3,1,4,16,3,2,13,3.445,0.048
ses_20260701-124636-MSI,2026-07-01 12:55:23.634091+00:00,boundary,64,10,2,2,14,0,1,3,1,4,16,3,2,13,3.445,0.048
ses_20260701-124636-MSI,2026-07-01 12:55:50.006715+00:00,boundary,74,10,2,3,30,0,1,3,1,4,10,3,1,16,2.767,0.055
ses_20260701-124636-MSI,2026-07-01 12:55:50.007281+00:00,boundary,74,10,2,3,30,0,1,3,1,4,10,3,1,16,2.767,0.055
ses_20260701-124636-MSI,2026-07-01 12:56:27.309488+00:00,boundary,84,10,2,3,43,0,1,3,1,2,10,3,1,16,3.018,0.052
ses_20260701-124636-MSI,2026-07-01 12:56:27.310057+00:00,boundary,84,10,2,3,43,0,1,3,1,2,10,3,1,16,3.018,0.052
ses_20260701-124636-MSI,2026-07-01 12:56:49.247592+00:00,boundary,27,9,1,1,1,0,0,2,1,1,8,2,1,8,3.453,0.05
ses_20260701-124636-MSI,2026-07-01 12:58:34.446684+00:00,boundary,42,5,2,2,29,0,1,1,0,0,0,1,0,10,2.522,0.054
ses_20260701-124636-MSI,2026-07-01 12:59:16.944558+00:00,boundary,52,10,2,2,15,0,1,3,1,2,10,3,2,11,4.03,0.055
ses_20260701-124636-MSI,2026-07-01 12:59:16.945311+00:00,boundary,52,10,2,2,15,0,1,3,1,2,10,3,2,11,4.03,0.055
ses_20260701-124636-MSI,2026-07-01 12:59:45.063745+00:00,boundary,41,10,1,1,2,0,1,3,1,3,10,3,2,11,3.61,0.053
ses_20260701-124636-MSI,2026-07-01 12:59:45.064912+00:00,boundary,41,10,1,1,2,0,1,3,1,3,10,3,2,11,3.61,0.053
ses_20260701-124636-MSI,2026-07-01 13:00:19.804237+00:00,boundary,70,11,2,3,42,0,1,3,1,1,2,3,1,14,3.271,0.055
ses_20260701-124636-MSI,2026-07-01 13:00:19.805330+00:00,boundary,70,11,2,3,42,0,1,3,1,1,2,3,1,14,3.271,0.055
ses_20260701-124636-MSI,2026-07-01 13:00:57.018271+00:00,boundary,79,9,1,2,28,0,0,3,1,4,16,3,1,16,2.547,0.051
ses_20260701-124636-MSI,2026-07-01 13:00:57.018890+00:00,boundary,79,9,1,2,28,0,0,3,1,4,16,3,1,16,2.547,0.051
ses_20260701-124636-MSI,2026-07-01 13:01:32.141626+00:00,boundary,68,12,2,4,34,0,1,2,1,1,6,2,1,16,3.228,0.055
ses_20260701-124636-MSI,2026-07-01 13:01:32.142491+00:00,boundary,68,12,2,4,34,0,1,2,1,1,6,2,1,16,3.228,0.055
ses_20260701-124636-MSI,2026-07-01 13:02:20.694132+00:00,boundary,19,7,2,2,2,0,0,1,0,1,6,1,0,6,5.991,0.07999999999999999
ses_20260701-124636-MSI,2026-07-01 13:03:02.703559+00:00,boundary,24,8,2,2,2,0,0,2,1,1,6,2,0,8,5.766,0.069
ses_20260701-124636-MSI,2026-07-01 13:03:42.434272+00:00,boundary,52,10,2,2,15,0,1,3,1,2,10,3,2,11,3.959,0.051
ses_20260701-124636-MSI,2026-07-01 13:03:42.435269+00:00,boundary,52,10,2,2,15,0,1,3,1,2,10,3,2,11,3.959,0.051
ses_20260701-124636-MSI,2026-07-01 13:04:21.805547+00:00,boundary,91,12,1,3,28,1,2,2,2,1,34,2,0,14,3.075,0.0435
ses_20260701-124636-MSI,2026-07-01 13:04:21.806325+00:00,boundary,91,12,1,3,28,1,2,2,2,1,34,2,0,14,3.075,0.0435
ses_20260701-124636-MSI,2026-07-01 13:04:46.591612+00:00,boundary,76,9,1,2,29,0,0,3,1,4,14,3,1,15,2.978,0.053
ses_20260701-124636-MSI,2026-07-01 13:04:46.592675+00:00,boundary,76,9,1,2,29,0,0,3,1,4,14,3,1,15,2.978,0.053
ses_20260701-124636-MSI,2026-07-01 13:05:17.834976+00:00,boundary,77,10,2,3,40,0,1,3,1,3,6,3,1,16,2.568,0.0525
ses_20260701-124636-MSI,2026-07-01 13:05:17.836073+00:00,boundary,77,10,2,3,40,0,1,3,1,3,6,3,1,16,2.568,0.0525
ses_20260701-124636-MSI,2026-07-01 13:05:51.944165+00:00,boundary,81,9,2,3,41,0,0,3,1,2,10,3,1,16,2.837,0.0525
ses_20260701-124636-MSI,2026-07-01 13:05:51.944925+00:00,boundary,81,9,2,3,41,0,0,3,1,2,10,3,1,16,2.837,0.0525
ses_20260701-124636-MSI,2026-07-01 13:06:17.423789+00:00,boundary,71,10,1,2,29,0,1,3,1,3,10,3,1,15,3.004,0.054
ses_20260701-124636-MSI,2026-07-01 13:06:17.424644+00:00,boundary,71,10,1,2,29,0,1,3,1,3,10,3,1,15,3.004,0.054
ses_20260701-124636-MSI,2026-07-01 13:06:52.588960+00:00,boundary,41,10,2,2,14,0,1,3,1,2,4,3,2,9,4.111,0.0525
ses_20260701-124636-MSI,2026-07-01 13:06:52.589952+00:00,boundary,41,10,2,2,14,0,1,3,1,2,4,3,2,9,4.111,0.0525
ses_20260701-124636-MSI,2026-07-01 13:07:25.004889+00:00,boundary,48,10,1,1,1,0,1,3,1,4,16,3,2,10,4.387,0.048
ses_20260701-124636-MSI,2026-07-01 13:07:25.005735+00:00,boundary,48,10,1,1,1,0,1,3,1,4,16,3,2,10,4.387,0.048
ses_20260701-124636-MSI,2026-07-01 13:07:49.776213+00:00,boundary,43,10,2,2,15,0,1,3,1,1,4,3,2,11,4.22,0.0525
ses_20260701-124636-MSI,2026-07-01 13:07:49.777073+00:00,boundary,43,10,2,2,15,0,1,3,1,1,4,3,2,11,4.22,0.0525
ses_20260701-131015-SIDDHIGUPTAB00B,2026-07-01 13:10:41.969415+00:00,boundary,46,8,1,2,23,0,1,1,0,0,8,1,0,8,2.263,0.039
ses_20260701-131015-SIDDHIGUPTAB00B,2026-07-01 13:11:14.666587+00:00,boundary,63,11,2,3,29,0,3,3,1,2,4,3,1,14,2.922,0.055
ses_20260701-131015-SIDDHIGUPTAB00B,2026-07-01 13:11:14.667452+00:00,boundary,63,11,2,3,29,0,3,3,1,2,4,3,1,14,2.922,0.055
ses_20260701-131015-SIDDHIGUPTAB00B,2026-07-01 13:12:16.302581+00:00,boundary,85,10,2,3,43,0,1,3,1,2,10,3,1,17,3.277,0.0545
ses_20260701-131015-SIDDHIGUPTAB00B,2026-07-01 13:12:16.303891+00:00,boundary,85,10,2,3,43,0,1,3,1,2,10,3,1,17,3.277,0.0545
ses_20260701-131015-SIDDHIGUPTAB00B,2026-07-01 13:12:55.842365+00:00,boundary,34,9,1,1,1,0,0,3,1,2,10,3,2,8,6.602,0.045
ses_20260701-131015-SIDDHIGUPTAB00B,2026-07-01 13:14:07.106294+00:00,boundary,45,8,1,2,29,0,1,1,0,1,2,1,0,9,2.855,0.053
ses_20260701-131015-SIDDHIGUPTAB00B,2026-07-01 13:14:07.107868+00:00,boundary,45,8,1,2,29,0,1,1,0,1,2,1,0,9,2.855,0.053
ses_20260701-131015-SIDDHIGUPTAB00B,2026-07-01 13:14:36.394077+00:00,boundary,67,11,2,3,29,1,1,3,1,3,8,3,1,13,3.868,0.0515
ses_20260701-131015-SIDDHIGUPTAB00B,2026-07-01 13:14:36.395052+00:00,boundary,67,11,2,3,29,1,1,3,1,3,8,3,1,13,3.868,0.0515
ses_20260701-131015-SIDDHIGUPTAB00B,2026-07-01 13:15:20.569960+00:00,boundary,73,10,2,3,41,0,1,3,1,2,4,3,1,15,3.109,0.052
ses_20260701-131015-SIDDHIGUPTAB00B,2026-07-01 13:15:20.571400+00:00,boundary,73,10,2,3,41,0,1,3,1,2,4,3,1,15,3.109,0.052
ses_20260701-131015-SIDDHIGUPTAB00B,2026-07-01 13:16:12.812239+00:00,boundary,77,9,2,3,43,0,0,3,1,3,6,3,1,14,2.961,0.053
ses_20260701-131015-SIDDHIGUPTAB00B,2026-07-01 13:16:12.813501+00:00,boundary,77,9,2,3,43,0,0,3,1,3,6,3,1,14,2.961,0.053
ses_20260701-131015-SIDDHIGUPTAB00B,2026-07-01 13:18:04.521828+00:00,boundary,58,10,1,2,29,0,1,1,0,1,8,1,0,12,2.859,0.052
ses_20260701-131015-SIDDHIGUPTAB00B,2026-07-01 13:18:04.524322+00:00,boundary,58,10,1,2,29,0,1,1,0,1,8,1,0,12,2.859,0.052
ses_20260701-131015-SIDDHIGUPTAB00B,2026-07-01 13:18:34.573526+00:00,boundary,84,10,2,3,43,0,1,3,1,2,10,3,1,16,2.24,0.05
ses_20260701-131015-SIDDHIGUPTAB00B,2026-07-01 13:18:34.574722+00:00,boundary,84,10,2,3,43,0,1,3,1,2,10,3,1,16,2.24,0.05
ses_20260701-131015-SIDDHIGUPTAB00B,2026-07-01 13:18:59.344326+00:00,boundary,54,9,1,2,28,0,0,3,1,1,4,3,1,11,3.115,0.052
ses_20260701-131015-SIDDHIGUPTAB00B,2026-07-01 13:18:59.345468+00:00,boundary,54,9,1,2,28,0,0,3,1,1,4,3,1,11,3.115,0.052
ses_20260701-131015-SIDDHIGUPTAB00B,2026-07-01 13:19:36.917679+00:00,boundary,77,9,2,3,40,0,0,3,1,2,10,3,1,13,3.598,0.049
ses_20260701-131015-SIDDHIGUPTAB00B,2026-07-01 13:19:36.920794+00:00,boundary,77,9,2,3,40,0,0,3,1,2,10,3,1,13,3.598,0.049
ses_20260701-131015-SIDDHIGUPTAB00B,2026-07-01 13:19:59.270625+00:00,boundary,65,11,2,3,31,1,1,3,1,1,6,3,1,14,4.589,0.0545
ses_20260701-131015-SIDDHIGUPTAB00B,2026-07-01 13:19:59.272001+00:00,boundary,65,11,2,3,31,1,1,3,1,1,6,3,1,14,4.589,0.0545
ses_20260701-131015-SIDDHIGUPTAB00B,2026-07-01 13:20:38.992125+00:00,boundary,80,9,2,3,42,0,0,3,1,2,10,3,1,14,3.224,0.05
ses_20260701-131015-SIDDHIGUPTAB00B,2026-07-01 13:20:38.993321+00:00,boundary,80,9,2,3,42,0,0,3,1,2,10,3,1,14,3.224,0.05
ses_20260701-131015-SIDDHIGUPTAB00B,2026-07-01 13:21:00.479286+00:00,boundary,71,10,1,2,29,0,1,3,1,2,12,3,1,15,2.903,0.0495
ses_20260701-131015-SIDDHIGUPTAB00B,2026-07-01 13:21:00.480387+00:00,boundary,71,10,1,2,29,0,1,3,1,2,12,3,1,15,2.903,0.0495
ses_20260701-131015-SIDDHIGUPTAB00B,2026-07-01 13:21:59.938932+00:00,boundary,12,8,1,1,1,0,1,1,0,0,2,1,1,4,3.003,0.102
ses_20260701-131015-SIDDHIGUPTAB00B,2026-07-01 13:21:59.941963+00:00,boundary,12,8,1,1,1,0,1,1,0,0,2,1,1,4,3.003,0.102
ses_20260701-131015-SIDDHIGUPTAB00B,2026-07-01 13:22:31.325032+00:00,boundary,78,9,1,2,29,0,0,3,1,4,16,3,1,14,2.949,0.047
ses_20260701-131015-SIDDHIGUPTAB00B,2026-07-01 13:22:31.329201+00:00,boundary,78,9,1,2,29,0,0,3,1,4,16,3,1,14,2.949,0.047
ses_20260701-131015-SIDDHIGUPTAB00B,2026-07-01 13:22:56.653551+00:00,boundary,88,10,2,3,44,0,1,3,1,4,10,3,1,16,3.043,0.051
ses_20260701-131015-SIDDHIGUPTAB00B,2026-07-01 13:22:56.654526+00:00,boundary,88,10,2,3,44,0,1,3,1,4,10,3,1,16,3.043,0.051
ses_20260701-131015-SIDDHIGUPTAB00B,2026-07-01 13:23:48.882283+00:00,boundary,89,10,2,3,44,0,1,3,1,2,12,3,1,17,3.061,0.052
ses_20260701-131015-SIDDHIGUPTAB00B,2026-07-01 13:23:48.883511+00:00,boundary,89,10,2,3,44,0,1,3,1,2,12,3,1,17,3.061,0.052
ses_20260701-131015-SIDDHIGUPTAB00B,2026-07-01 13:24:10.381891+00:00,boundary,25,8,1,1,0,0,0,2,1,1,8,2,1,7,1.695,0.051000000000000004
ses_20260701-131015-SIDDHIGUPTAB00B,2026-07-01 13:25:01.228823+00:00,boundary,34,5,1,2,26,0,1,1,0,0,0,1,0,5,1.754,0.043
ses_20260701-131015-SIDDHIGUPTAB00B,2026-07-01 13:25:39.075780+00:00,boundary,36,9,2,2,12,0,0,3,1,1,4,3,2,8,6.401,0.053
ses_20260701-131015-SIDDHIGUPTAB00B,2026-07-01 13:26:14.833258+00:00,boundary,85,10,2,3,44,0,1,3,1,2,10,3,1,16,2.475,0.051
ses_20260701-131015-SIDDHIGUPTAB00B,2026-07-01 13:26:14.834929+00:00,boundary,85,10,2,3,44,0,1,3,1,2,10,3,1,16,2.475,0.051
ses_20260701-131015-SIDDHIGUPTAB00B,2026-07-01 13:26:43.648737+00:00,boundary,72,10,1,2,29,0,1,3,1,3,12,3,1,14,3.075,0.051
ses_20260701-131015-SIDDHIGUPTAB00B,2026-07-01 13:26:43.649866+00:00,boundary,72,10,1,2,29,0,1,3,1,3,12,3,1,14,3.075,0.051
ses_20260701-131015-SIDDHIGUPTAB00B,2026-07-01 13:27:10.648788+00:00,boundary,84,9,2,3,43,0,0,3,1,3,10,3,1,15,2.851,0.049
ses_20260701-131015-SIDDHIGUPTAB00B,2026-07-01 13:27:10.650178+00:00,boundary,84,9,2,3,43,0,0,3,1,3,10,3,1,15,2.851,0.049
ses_20260701-131015-SIDDHIGUPTAB00B,2026-07-01 13:27:39.671795+00:00,boundary,47,10,1,1,1,0,1,3,1,4,16,3,2,9,3.682,0.0435
ses_20260701-131015-SIDDHIGUPTAB00B,2026-07-01 13:27:39.672998+00:00,boundary,47,10,1,1,1,0,1,3,1,4,16,3,2,9,3.682,0.0435
ses_20260701-131015-SIDDHIGUPTAB00B,2026-07-01 13:28:43.740499+00:00,boundary,49,7,1,2,26,0,0,1,0,1,8,1,0,9,3.047,0.049
ses_20260701-131015-SIDDHIGUPTAB00B,2026-07-01 13:28:43.744974+00:00,boundary,49,7,1,2,26,0,0,1,0,1,8,1,0,9,3.047,0.049
ses_20260701-131015-SIDDHIGUPTAB00B,2026-07-01 13:29:09.437786+00:00,boundary,41,10,2,2,15,0,1,3,1,1,4,3,2,9,4.163,0.052
ses_20260701-131015-SIDDHIGUPTAB00B,2026-07-01 13:29:09.439061+00:00,boundary,41,10,2,2,15,0,1,3,1,1,4,3,2,9,4.163,0.052
ses_20260701-131015-SIDDHIGUPTAB00B,2026-07-01 13:29:43.181674+00:00,boundary,76,10,1,2,28,0,1,3,1,4,14,3,1,14,3.781,0.045
ses_20260701-131015-SIDDHIGUPTAB00B,2026-07-01 13:29:43.182714+00:00,boundary,76,10,1,2,28,0,1,3,1,4,14,3,1,14,3.781,0.045
ses_20260701-131015-SIDDHIGUPTAB00B,2026-07-01 13:30:12.580773+00:00,boundary,62,11,2,2,16,0,1,3,1,3,14,3,2,12,3.731,0.05
ses_20260701-131015-SIDDHIGUPTAB00B,2026-07-01 13:30:12.582819+00:00,boundary,62,11,2,2,16,0,1,3,1,3,14,3,2,12,3.731,0.05
ses_20260701-131015-SIDDHIGUPTAB00B,2026-07-01 13:31:05.180167+00:00,boundary,14,6,2,3,6,0,0,1,0,0,0,1,0,4,6.086,0.301
ses_20260701-131015-SIDDHIGUPTAB00B,2026-07-01 13:31:05.199071+00:00,boundary,14,6,2,3,6,0,0,1,0,0,0,1,0,4,6.086,0.301
ses_20260701-131015-SIDDHIGUPTAB00B,2026-07-01 13:35:14.915469+00:00,boundary,52,8,1,2,26,0,1,1,0,1,8,1,0,11,2.365,0.052
ses_20260701-131015-SIDDHIGUPTAB00B,2026-07-01 13:35:14.916832+00:00,boundary,52,8,1,2,26,0,1,1,0,1,8,1,0,11,2.365,0.052
ses_20260701-131015-SIDDHIGUPTAB00B,2026-07-01 13:35:39.270286+00:00,boundary,51,9,2,2,16,0,0,3,1,2,10,3,2,10,5.624,0.039999999999999994
ses_20260701-131015-SIDDHIGUPTAB00B,2026-07-01 13:36:01.904331+00:00,boundary,49,9,1,1,2,0,0,3,1,4,16,3,2,11,5.952,0.0445
ses_20260701-131247-MSI,2026-07-01 13:14:13.581728+00:00,boundary,38,5,2,2,27,0,1,1,0,0,0,1,0,8,2.596,0.056
ses_20260701-131247-MSI,2026-07-01 13:14:47.785519+00:00,boundary,72,11,2,3,29,0,1,3,1,3,10,3,1,15,3.056,0.054
ses_20260701-131247-MSI,2026-07-01 13:14:47.786096+00:00,boundary,72,11,2,3,29,0,1,3,1,3,10,3,1,15,3.056,0.054
ses_20260701-131247-MSI,2026-07-01 13:15:36.141458+00:00,boundary,57,8,1,2,27,0,3,1,0,1,8,1,0,13,6.948,0.053
ses_20260701-131247-MSI,2026-07-01 13:15:36.142171+00:00,boundary,57,8,1,2,27,0,3,1,0,1,8,1,0,13,6.948,0.053
ses_20260701-131247-MSI,2026-07-01 13:16:00.764628+00:00,boundary,70,10,1,2,26,0,1,3,1,3,12,3,1,15,3.026,0.05
ses_20260701-131247-MSI,2026-07-01 13:16:00.765214+00:00,boundary,70,10,1,2,26,0,1,3,1,3,12,3,1,15,3.026,0.05
ses_20260701-131247-MSI,2026-07-01 13:16:26.654649+00:00,boundary,31,10,2,2,1,0,1,3,1,2,6,3,2,9,4.707,0.069
ses_20260701-131247-MSI,2026-07-01 13:16:26.656134+00:00,boundary,31,10,2,2,1,0,1,3,1,2,6,3,2,9,4.707,0.069
ses_20260701-131247-MSI,2026-07-01 13:17:07.004533+00:00,boundary,76,10,2,3,40,1,0,3,1,3,6,3,1,15,2.453,0.054
ses_20260701-131247-MSI,2026-07-01 13:17:07.005445+00:00,boundary,76,10,2,3,40,1,0,3,1,3,6,3,1,15,2.453,0.054
ses_20260701-131247-MSI,2026-07-01 13:17:55.001911+00:00,boundary,53,8,1,2,27,0,1,1,0,1,8,1,0,11,2.532,0.0515
ses_20260701-131247-MSI,2026-07-01 13:17:55.002546+00:00,boundary,53,8,1,2,27,0,1,1,0,1,8,1,0,11,2.532,0.0515
ses_20260701-131247-MSI,2026-07-01 13:18:20.292499+00:00,boundary,63,10,1,2,28,0,1,3,1,3,6,3,1,14,2.803,0.055
ses_20260701-131247-MSI,2026-07-01 13:18:20.293496+00:00,boundary,63,10,1,2,28,0,1,3,1,3,6,3,1,14,2.803,0.055
ses_20260701-131247-MSI,2026-07-01 13:19:00.258631+00:00,boundary,78,9,2,3,41,0,0,3,1,2,8,3,1,15,3.104,0.051
ses_20260701-131247-MSI,2026-07-01 13:19:00.259212+00:00,boundary,78,9,2,3,41,0,0,3,1,2,8,3,1,15,3.104,0.051
ses_20260701-131247-MSI,2026-07-01 13:19:29.320590+00:00,boundary,79,9,1,2,28,0,0,3,1,4,16,3,1,16,2.496,0.053
ses_20260701-131247-MSI,2026-07-01 13:19:29.321159+00:00,boundary,79,9,1,2,28,0,0,3,1,4,16,3,1,16,2.496,0.053
ses_20260701-131247-MSI,2026-07-01 13:19:52.379390+00:00,boundary,86,9,2,3,42,0,0,3,1,3,10,3,1,18,2.637,0.055
ses_20260701-131247-MSI,2026-07-01 13:19:53.865608+00:00,boundary,94,9,2,3,41,0,0,3,1,4,16,3,1,18,2.637,0.053
ses_20260701-131247-MSI,2026-07-01 13:20:25.315510+00:00,boundary,40,10,1,1,1,0,1,3,1,3,12,3,2,9,4.64,0.05
ses_20260701-131247-MSI,2026-07-01 13:20:25.316737+00:00,boundary,40,10,1,1,1,0,1,3,1,3,12,3,2,9,4.64,0.05
ses_20260701-131247-MSI,2026-07-01 13:20:45.262945+00:00,boundary,47,10,1,1,1,0,1,3,1,2,16,3,2,12,3.467,0.0405
ses_20260701-131247-MSI,2026-07-01 13:20:46.712687+00:00,boundary,45,10,1,1,1,0,1,3,1,2,14,3,2,12,3.467,0.0405
ses_20260701-131247-MSI,2026-07-01 13:21:13.774620+00:00,boundary,56,10,2,2,15,0,1,3,1,4,10,3,2,12,3.701,0.054
ses_20260701-131247-MSI,2026-07-01 13:21:13.775446+00:00,boundary,56,10,2,2,15,0,1,3,1,4,10,3,2,12,3.701,0.054
ses_20260701-131247-MSI,2026-07-01 13:21:47.976900+00:00,boundary,75,9,2,3,40,0,0,3,1,3,6,3,1,15,2.813,0.054
ses_20260701-131247-MSI,2026-07-01 13:21:47.977805+00:00,boundary,75,9,2,3,40,0,0,3,1,3,6,3,1,15,2.813,0.054
ses_20260701-131247-MSI,2026-07-01 13:22:22.807962+00:00,boundary,42,10,2,2,2,0,1,3,1,4,10,3,2,11,3.242,0.051
ses_20260701-131247-MSI,2026-07-01 13:22:22.808947+00:00,boundary,42,10,2,2,2,0,1,3,1,4,10,3,2,11,3.242,0.051
ses_20260701-131247-MSI,2026-07-01 13:23:01.885785+00:00,boundary,80,10,2,3,41,0,1,3,1,2,8,3,1,16,2.965,0.053
ses_20260701-131247-MSI,2026-07-01 13:23:01.886627+00:00,boundary,80,10,2,3,41,0,1,3,1,2,8,3,1,16,2.965,0.053
ses_20260701-131247-MSI,2026-07-01 13:23:22.900368+00:00,boundary,68,9,1,2,28,0,0,3,1,2,12,3,1,14,2.528,0.051
ses_20260701-131247-MSI,2026-07-01 13:23:22.901075+00:00,boundary,68,9,1,2,28,0,0,3,1,2,12,3,1,14,2.528,0.051
ses_20260701-131247-MSI,2026-07-01 13:23:47.382747+00:00,boundary,80,10,1,2,28,0,1,3,1,4,16,3,1,16,2.696,0.049
ses_20260701-131247-MSI,2026-07-01 13:23:47.383370+00:00,boundary,80,10,1,2,28,0,1,3,1,4,16,3,1,16,2.696,0.049
ses_20260701-131247-MSI,2026-07-01 13:24:49.585594+00:00,boundary,54,8,1,2,28,0,1,1,0,1,8,1,0,11,2.853,0.043
ses_20260701-131247-MSI,2026-07-01 13:24:49.586178+00:00,boundary,54,8,1,2,28,0,1,1,0,1,8,1,0,11,2.853,0.043
ses_20260701-131247-MSI,2026-07-01 13:25:14.406190+00:00,boundary,76,9,1,2,26,0,0,3,1,4,16,3,1,15,3.04,0.05
ses_20260701-131247-MSI,2026-07-01 13:25:14.406907+00:00,boundary,76,9,1,2,26,0,0,3,1,4,16,3,1,15,3.04,0.05
ses_20260701-131247-MSI,2026-07-01 13:25:43.434963+00:00,boundary,64,9,2,2,15,0,0,3,1,4,16,3,3,12,6.133,0.051
ses_20260701-131247-MSI,2026-07-01 13:26:10.886153+00:00,boundary,79,10,1,2,29,0,1,3,1,4,14,3,1,16,2.838,0.0515
ses_20260701-131247-MSI,2026-07-01 13:26:10.886945+00:00,boundary,79,10,1,2,29,0,1,3,1,4,14,3,1,16,2.838,0.0515
ses_20260701-131247-MSI,2026-07-01 13:26:37.610785+00:00,boundary,85,9,2,3,41,0,0,3,1,3,12,3,1,16,2.739,0.0525
ses_20260701-131247-MSI,2026-07-01 13:26:37.611748+00:00,boundary,85,9,2,3,41,0,0,3,1,3,12,3,1,16,2.739,0.0525
ses_20260701-131247-MSI,2026-07-01 13:27:06.342319+00:00,boundary,65,10,1,2,27,0,1,3,1,3,8,3,1,14,2.939,0.053
ses_20260701-131247-MSI,2026-07-01 13:27:06.343097+00:00,boundary,65,10,1,2,27,0,1,3,1,3,8,3,1,14,2.939,0.053
ses_20260701-131247-MSI,2026-07-01 13:27:57.071269+00:00,boundary,55,7,2,2,30,0,0,1,0,1,8,1,0,11,2.438,0.053
ses_20260701-131247-MSI,2026-07-01 13:27:57.071849+00:00,boundary,55,7,2,2,30,0,0,1,0,1,8,1,0,11,2.438,0.053
ses_20260701-131247-MSI,2026-07-01 13:28:27.091238+00:00,boundary,27,10,1,1,1,0,1,3,1,1,4,3,2,9,4.237,0.07150000000000001
ses_20260701-131247-MSI,2026-07-01 13:28:27.092025+00:00,boundary,27,10,1,1,1,0,1,3,1,1,4,3,2,9,4.237,0.07150000000000001
ses_20260701-131247-MSI,2026-07-01 13:29:04.100946+00:00,boundary,65,9,2,3,40,0,0,3,1,1,2,3,1,13,2.848,0.053
ses_20260701-131247-MSI,2026-07-01 13:29:04.101604+00:00,boundary,65,9,2,3,40,0,0,3,1,1,2,3,1,13,2.848,0.053
ses_20260701-131247-MSI,2026-07-01 13:29:40.869408+00:00,boundary,60,9,1,2,27,0,0,3,1,3,6,3,1,13,2.948,0.053
ses_20260701-131247-MSI,2026-07-01 13:29:40.870491+00:00,boundary,60,9,1,2,27,0,0,3,1,3,6,3,1,13,2.948,0.053
ses_20260701-131247-MSI,2026-07-01 13:31:32.879992+00:00,boundary,48,8,3,3,30,0,1,1,0,1,2,1,0,11,2.321,0.056
ses_20260701-131247-MSI,2026-07-01 13:31:32.880700+00:00,boundary,48,8,3,3,30,0,1,1,0,1,2,1,0,11,2.321,0.056
ses_20260701-131247-MSI,2026-07-01 13:32:11.996704+00:00,boundary,43,10,2,2,15,0,1,3,1,1,4,3,2,11,4.153,0.05
ses_20260701-131247-MSI,2026-07-01 13:32:11.997542+00:00,boundary,43,10,2,2,15,0,1,3,1,1,4,3,2,11,4.153,0.05
ses_20260701-131247-MSI,2026-07-01 13:32:51.158100+00:00,boundary,50,10,1,1,1,0,1,3,1,4,16,3,2,12,3.89,0.055
ses_20260701-131247-MSI,2026-07-01 13:32:51.159273+00:00,boundary,50,10,1,1,1,0,1,3,1,4,16,3,2,12,3.89,0.055
ses_20260701-131247-MSI,2026-07-01 13:33:35.809746+00:00,boundary,22,9,1,1,1,0,0,1,0,1,8,1,1,5,4.379,0.034
ses_20260701-134215-SIDDHIGUPTAB00B,2026-07-01 13:42:42.913658+00:00,boundary,12,7,2,3,2,1,1,1,0,0,0,1,0,4,4.033,0.351
ses_20260701-134215-SIDDHIGUPTAB00B,2026-07-01 13:43:20.299504+00:00,boundary,51,10,2,2,11,0,1,3,1,3,10,3,2,13,3.899,0.0615
ses_20260701-134215-SIDDHIGUPTAB00B,2026-07-01 13:43:20.300805+00:00,boundary,51,10,2,2,11,0,1,3,1,3,10,3,2,13,3.899,0.0615
ses_20260701-134215-SIDDHIGUPTAB00B,2026-07-01 13:43:44.310615+00:00,boundary,79,10,2,3,40,0,1,3,1,2,10,3,1,14,3.851,0.0485
ses_20260701-134215-SIDDHIGUPTAB00B,2026-07-01 13:43:44.313509+00:00,boundary,79,10,2,3,40,0,1,3,1,2,10,3,1,14,3.851,0.0485
ses_20260701-134215-SIDDHIGUPTAB00B,2026-07-01 13:44:13.009718+00:00,boundary,78,10,1,2,27,0,1,3,1,4,16,3,1,15,2.742,0.045
ses_20260701-134215-SIDDHIGUPTAB00B,2026-07-01 13:44:13.011093+00:00,boundary,78,10,1,2,27,0,1,3,1,4,16,3,1,15,2.742,0.045
ses_20260701-134215-SIDDHIGUPTAB00B,2026-07-01 13:44:38.295105+00:00,boundary,39,9,1,1,1,0,0,3,1,2,12,3,2,10,6.829,0.037000000000000005
ses_20260701-134215-SIDDHIGUPTAB00B,2026-07-01 13:44:59.970447+00:00,boundary,74,10,1,2,29,0,1,3,1,2,12,3,1,16,3.397,0.05
ses_20260701-134215-SIDDHIGUPTAB00B,2026-07-01 13:45:01.746517+00:00,boundary,71,10,1,2,29,0,1,3,1,2,12,3,1,14,2.66,0.0505
ses_20260701-134215-SIDDHIGUPTAB00B,2026-07-01 13:45:32.258099+00:00,boundary,65,10,2,3,39,0,1,3,1,1,2,3,1,13,3.595,0.051
ses_20260701-134215-SIDDHIGUPTAB00B,2026-07-01 13:45:32.260733+00:00,boundary,65,10,2,3,39,0,1,3,1,1,2,3,1,13,3.595,0.051
ses_20260701-134215-SIDDHIGUPTAB00B,2026-07-01 13:46:35.349526+00:00,boundary,23,9,1,1,1,0,1,1,0,1,8,1,1,6,2.539,0.034
ses_20260701-134215-SIDDHIGUPTAB00B,2026-07-01 13:46:35.351587+00:00,boundary,23,9,1,1,1,0,1,1,0,1,8,1,1,6,2.539,0.034
ses_20260701-134215-SIDDHIGUPTAB00B,2026-07-01 13:50:44.314981+00:00,boundary,23,7,1,1,2,0,0,0,0,1,8,1,1,7,3.343,0.07050000000000001
ses_20260701-134215-SIDDHIGUPTAB00B,2026-07-01 13:50:44.317427+00:00,boundary,23,7,1,1,2,0,0,0,0,1,8,1,1,7,3.343,0.07050000000000001
ses_20260701-134215-SIDDHIGUPTAB00B,2026-07-01 13:51:07.552648+00:00,boundary,85,9,2,3,36,0,0,3,1,4,14,3,1,17,2.474,0.057
ses_20260701-134215-SIDDHIGUPTAB00B,2026-07-01 13:51:07.555068+00:00,boundary,85,9,2,3,36,0,0,3,1,4,14,3,1,17,2.474,0.057
ses_20260701-134215-SIDDHIGUPTAB00B,2026-07-01 13:51:29.015393+00:00,boundary,69,10,1,2,26,0,1,3,1,2,12,3,1,16,2.723,0.053
ses_20260701-134215-SIDDHIGUPTAB00B,2026-07-01 13:51:29.016386+00:00,boundary,69,10,1,2,26,0,1,3,1,2,12,3,1,16,2.723,0.053
ses_20260701-134215-SIDDHIGUPTAB00B,2026-07-01 13:51:51.241422+00:00,boundary,36,9,1,1,1,0,0,3,1,2,12,3,2,8,6.822,0.048
ses_20260701-134215-SIDDHIGUPTAB00B,2026-07-01 13:52:13.828342+00:00,boundary,44,10,1,1,1,0,1,3,1,2,14,3,2,11,3.426,0.054
ses_20260701-134215-SIDDHIGUPTAB00B,2026-07-01 13:52:13.831844+00:00,boundary,44,10,1,1,1,0,1,3,1,2,14,3,2,11,3.426,0.054
ses_20260701-134215-SIDDHIGUPTAB00B,2026-07-01 13:53:15.281020+00:00,boundary,53,7,1,2,29,0,0,1,0,1,8,1,0,10,2.637,0.054
ses_20260701-134215-SIDDHIGUPTAB00B,2026-07-01 13:53:15.282526+00:00,boundary,53,7,1,2,29,0,0,1,0,1,8,1,0,10,2.637,0.054
ses_20260701-134215-SIDDHIGUPTAB00B,2026-07-01 13:53:40.905329+00:00,boundary,54,9,2,2,15,0,0,3,1,3,12,3,2,10,6.357,0.051
ses_20260701-134215-SIDDHIGUPTAB00B,2026-07-01 13:54:39.546469+00:00,boundary,23,8,1,1,2,0,1,1,0,1,8,1,0,6,3.257,0.051500000000000004
ses_20260701-134215-SIDDHIGUPTAB00B,2026-07-01 13:54:39.549751+00:00,boundary,23,8,1,1,2,0,1,1,0,1,8,1,0,6,3.257,0.051500000000000004
ses_20260701-134215-SIDDHIGUPTAB00B,2026-07-01 13:55:01.670886+00:00,boundary,25,8,1,1,0,0,0,2,1,1,8,2,1,7,2.143,0.0315
ses_20260701-134215-SIDDHIGUPTAB00B,2026-07-01 13:55:30.059077+00:00,boundary,32,5,2,3,24,0,1,1,0,0,0,1,0,5,3.606,0.044
ses_20260701-134215-SIDDHIGUPTAB00B,2026-07-01 13:56:49.695182+00:00,boundary,57,10,2,2,16,0,1,3,1,3,12,3,2,11,3.87,0.0485
ses_20260701-134215-SIDDHIGUPTAB00B,2026-07-01 13:56:49.697213+00:00,boundary,57,10,2,2,16,0,1,3,1,3,12,3,2,11,3.87,0.0485
ses_20260701-134215-SIDDHIGUPTAB00B,2026-07-01 13:57:16.051481+00:00,boundary,50,10,1,1,2,0,1,3,1,4,16,3,2,11,3.863,0.045
ses_20260701-134215-SIDDHIGUPTAB00B,2026-07-01 13:57:16.052659+00:00,boundary,50,10,1,1,2,0,1,3,1,4,16,3,2,11,3.863,0.045
ses_20260701-134215-SIDDHIGUPTAB00B,2026-07-01 13:57:40.333963+00:00,boundary,48,10,3,3,14,0,1,3,1,3,8,3,2,10,4.236,0.047
ses_20260701-134215-SIDDHIGUPTAB00B,2026-07-01 13:57:40.337645+00:00,boundary,48,10,3,3,14,0,1,3,1,3,8,3,2,10,4.236,0.047
ses_20260701-134215-SIDDHIGUPTAB00B,2026-07-01 13:59:07.351003+00:00,boundary,42,9,3,3,14,0,0,3,1,2,6,3,2,9,5.198,0.055
ses_20260701-134215-SIDDHIGUPTAB00B,2026-07-01 14:00:36.196917+00:00,boundary,77,10,2,3,39,0,1,3,1,3,8,3,1,14,2.89,0.0445
ses_20260701-134215-SIDDHIGUPTAB00B,2026-07-01 14:00:36.201089+00:00,boundary,77,10,2,3,39,0,1,3,1,3,8,3,1,14,2.89,0.0445
ses_20260701-134215-SIDDHIGUPTAB00B,2026-07-01 14:01:16.098518+00:00,boundary,82,10,2,3,41,0,1,3,1,2,10,3,1,16,2.849,0.056
ses_20260701-134215-SIDDHIGUPTAB00B,2026-07-01 14:01:16.100683+00:00,boundary,82,10,2,3,41,0,1,3,1,2,10,3,1,16,2.849,0.056
ses_20260701-134215-SIDDHIGUPTAB00B,2026-07-01 14:02:16.216433+00:00,boundary,60,11,1,2,3,0,2,2,0,1,34,2,1,10,3.292,0.035
ses_20260701-134215-SIDDHIGUPTAB00B,2026-07-01 14:02:16.219660+00:00,boundary,60,11,1,2,3,0,2,2,0,1,34,2,1,10,3.292,0.035
ses_20260701-134215-SIDDHIGUPTAB00B,2026-07-01 14:02:37.882877+00:00,boundary,67,9,1,2,28,0,0,3,1,3,10,3,1,13,2.803,0.049
ses_20260701-134215-SIDDHIGUPTAB00B,2026-07-01 14:02:37.884640+00:00,boundary,67,9,1,2,28,0,0,3,1,3,10,3,1,13,2.803,0.049
ses_20260701-134215-SIDDHIGUPTAB00B,2026-07-01 14:03:12.104913+00:00,boundary,86,10,2,3,40,0,1,3,1,3,12,3,1,17,2.63,0.051
ses_20260701-134215-SIDDHIGUPTAB00B,2026-07-01 14:03:12.106049+00:00,boundary,86,10,2,3,40,0,1,3,1,3,12,3,1,17,2.63,0.051
ses_20260701-134215-SIDDHIGUPTAB00B,2026-07-01 14:03:32.242633+00:00,boundary,40,10,1,1,1,0,1,3,1,2,12,3,2,11,4.241,0.056
ses_20260701-134215-SIDDHIGUPTAB00B,2026-07-01 14:03:32.244409+00:00,boundary,40,10,1,1,1,0,1,3,1,2,12,3,2,11,4.241,0.056
ses_20260701-134215-SIDDHIGUPTAB00B,2026-07-01 14:03:56.711308+00:00,boundary,64,10,1,2,28,0,1,3,1,3,8,3,1,12,2.997,0.053
ses_20260701-134215-SIDDHIGUPTAB00B,2026-07-01 14:03:56.712124+00:00,boundary,64,10,1,2,28,0,1,3,1,3,8,3,1,12,2.997,0.053
ses_20260701-134215-SIDDHIGUPTAB00B,2026-07-01 14:04:38.104638+00:00,boundary,67,10,2,3,42,0,0,3,1,1,2,3,1,12,2.726,0.051
ses_20260701-134215-SIDDHIGUPTAB00B,2026-07-01 14:04:38.105921+00:00,boundary,67,10,2,3,42,0,0,3,1,1,2,3,1,12,2.726,0.051
ses_20260701-134215-SIDDHIGUPTAB00B,2026-07-01 14:05:19.331080+00:00,boundary,80,10,1,2,29,0,1,3,1,4,16,3,1,15,2.953,0.043
ses_20260701-134215-SIDDHIGUPTAB00B,2026-07-01 14:05:19.332279+00:00,boundary,80,10,1,2,29,0,1,3,1,4,16,3,1,15,2.953,0.043
ses_20260701-134215-SIDDHIGUPTAB00B,2026-07-01 14:06:07.508564+00:00,boundary,52,8,1,2,27,0,1,1,0,1,8,1,0,10,2.369,0.052
ses_20260701-134215-SIDDHIGUPTAB00B,2026-07-01 14:06:07.510802+00:00,boundary,52,8,1,2,27,0,1,1,0,1,8,1,0,10,2.369,0.052
ses_20260701-134215-SIDDHIGUPTAB00B,2026-07-01 14:06:32.399828+00:00,boundary,61,10,2,2,16,0,1,3,1,4,14,3,2,11,3.963,0.041
ses_20260701-134215-SIDDHIGUPTAB00B,2026-07-01 14:06:32.400984+00:00,boundary,61,10,2,2,16,0,1,3,1,4,14,3,2,11,3.963,0.041
ses_20260701-134215-SIDDHIGUPTAB00B,2026-07-01 14:06:58.056358+00:00,boundary,49,10,1,1,2,0,1,3,1,4,16,3,2,10,3.572,0.044
ses_20260701-134215-SIDDHIGUPTAB00B,2026-07-01 14:06:58.057796+00:00,boundary,49,10,1,1,2,0,1,3,1,4,16,3,2,10,3.572,0.044
ses_20260701-134215-SIDDHIGUPTAB00B,2026-07-01 14:07:28.047693+00:00,boundary,44,10,3,4,17,0,1,3,1,1,4,3,2,10,5.333,0.052
ses_20260701-134215-SIDDHIGUPTAB00B,2026-07-01 14:07:28.050206+00:00,boundary,44,10,3,4,17,0,1,3,1,1,4,3,2,10,5.333,0.052
ses_20260701-134215-SIDDHIGUPTAB00B,2026-07-01 14:08:03.026302+00:00,boundary,89,10,2,3,42,0,1,3,1,3,12,3,1,18,2.869,0.0525
ses_20260701-134215-SIDDHIGUPTAB00B,2026-07-01 14:08:03.027533+00:00,boundary,89,10,2,3,42,0,1,3,1,3,12,3,1,18,2.869,0.0525
ses_20260701-141430-SIDDHIGUPTAB00B,2026-07-01 14:14:57.930334+00:00,boundary,39,7,2,2,24,0,1,1,0,0,2,1,0,9,2.633,0.0555
ses_20260701-141430-SIDDHIGUPTAB00B,2026-07-01 14:15:29.629657+00:00,boundary,65,10,1,2,25,0,1,3,1,3,10,3,1,13,3.204,0.055
ses_20260701-141430-SIDDHIGUPTAB00B,2026-07-01 14:15:29.631528+00:00,boundary,65,10,1,2,25,0,1,3,1,3,10,3,1,13,3.204,0.055
ses_20260701-141430-SIDDHIGUPTAB00B,2026-07-01 14:16:37.908446+00:00,boundary,21,8,1,1,1,0,0,1,0,1,8,1,1,5,2.795,0.023
ses_20260701-141430-SIDDHIGUPTAB00B,2026-07-01 14:17:03.843331+00:00,boundary,28,9,1,1,1,0,0,2,1,3,8,2,1,6,2.93,0.045
ses_20260701-141430-SIDDHIGUPTAB00B,2026-07-01 14:18:08.944731+00:00,boundary,89,11,1,2,29,0,2,1,0,1,34,1,1,15,3.171,0.042
ses_20260701-141430-SIDDHIGUPTAB00B,2026-07-01 14:18:32.271954+00:00,boundary,41,9,1,1,1,0,0,3,1,2,14,3,2,9,5.811,0.0355
ses_20260701-141430-SIDDHIGUPTAB00B,2026-07-01 14:18:51.883609+00:00,boundary,39,10,2,3,9,0,1,3,1,2,6,3,1,11,3.05,0.065
ses_20260701-141430-SIDDHIGUPTAB00B,2026-07-01 14:18:51.885948+00:00,boundary,39,10,2,3,9,0,1,3,1,2,6,3,1,11,3.05,0.065
ses_20260701-141430-SIDDHIGUPTAB00B,2026-07-01 14:20:00.865883+00:00,boundary,91,11,1,2,31,0,2,2,0,1,32,2,1,15,3.234,0.041
ses_20260701-141430-SIDDHIGUPTAB00B,2026-07-01 14:20:00.867233+00:00,boundary,91,11,1,2,31,0,2,2,0,1,32,2,1,15,3.234,0.041
ses_20260701-141430-SIDDHIGUPTAB00B,2026-07-01 14:20:28.632564+00:00,boundary,79,10,1,2,28,0,1,3,1,4,16,3,1,15,2.947,0.05
ses_20260701-141430-SIDDHIGUPTAB00B,2026-07-01 14:20:30.327076+00:00,boundary,73,10,1,2,27,0,1,3,1,3,14,3,1,14,2.947,0.05
ses_20260701-141430-SIDDHIGUPTAB00B,2026-07-01 14:20:53.087350+00:00,boundary,39,9,1,1,1,0,0,3,1,2,12,3,2,10,5.233,0.048
ses_20260701-141430-SIDDHIGUPTAB00B,2026-07-01 14:21:14.735311+00:00,boundary,41,10,1,1,1,0,1,3,1,2,12,3,2,11,3.819,0.07150000000000001
ses_20260701-141430-SIDDHIGUPTAB00B,2026-07-01 14:21:14.736862+00:00,boundary,41,10,1,1,1,0,1,3,1,2,12,3,2,11,3.819,0.07150000000000001
ses_20260701-141430-SIDDHIGUPTAB00B,2026-07-01 14:21:54.906629+00:00,boundary,61,9,1,2,30,0,2,1,0,1,8,1,0,14,4.333,0.0495
ses_20260701-141430-SIDDHIGUPTAB00B,2026-07-01 14:21:54.907717+00:00,boundary,61,9,1,2,30,0,2,1,0,1,8,1,0,14,4.333,0.0495
ses_20260701-141430-SIDDHIGUPTAB00B,2026-07-01 14:23:21.499228+00:00,boundary,56,11,1,3,27,0,1,1,0,1,8,1,0,11,2.15,0.051
ses_20260701-141430-SIDDHIGUPTAB00B,2026-07-01 14:23:21.504537+00:00,boundary,56,11,1,3,27,0,1,1,0,1,8,1,0,11,2.15,0.051
ses_20260701-141430-SIDDHIGUPTAB00B,2026-07-01 14:24:31.309319+00:00,boundary,52,8,1,2,27,0,1,1,0,1,8,1,0,10,2.564,0.052
ses_20260701-141430-SIDDHIGUPTAB00B,2026-07-01 14:24:31.311073+00:00,boundary,52,8,1,2,27,0,1,1,0,1,8,1,0,10,2.564,0.052
ses_20260701-141430-SIDDHIGUPTAB00B,2026-07-01 14:24:51.362232+00:00,boundary,70,10,1,2,28,0,1,3,1,2,12,3,1,15,2.03,0.052
ses_20260701-141430-SIDDHIGUPTAB00B,2026-07-01 14:24:51.364632+00:00,boundary,70,10,1,2,28,0,1,3,1,2,12,3,1,15,2.03,0.052
ses_20260701-141430-SIDDHIGUPTAB00B,2026-07-01 14:25:47.837897+00:00,boundary,51,8,1,2,28,0,1,1,0,1,6,1,0,10,2.778,0.051
ses_20260701-141430-SIDDHIGUPTAB00B,2026-07-01 14:25:47.839567+00:00,boundary,51,8,1,2,28,0,1,1,0,1,6,1,0,10,2.778,0.051
ses_20260701-141430-SIDDHIGUPTAB00B,2026-07-01 14:26:13.377903+00:00,boundary,78,10,1,2,28,0,1,3,1,4,16,3,1,14,3.103,0.046
ses_20260701-141430-SIDDHIGUPTAB00B,2026-07-01 14:26:13.379156+00:00,boundary,78,10,1,2,28,0,1,3,1,4,16,3,1,14,3.103,0.046
ses_20260701-141430-SIDDHIGUPTAB00B,2026-07-01 14:27:10.542483+00:00,boundary,36,5,2,2,26,0,1,1,0,0,0,1,0,7,4.225,0.055
ses_20260701-141430-SIDDHIGUPTAB00B,2026-07-01 14:27:10.545347+00:00,boundary,36,5,2,2,26,0,1,1,0,0,0,1,0,7,4.225,0.055
ses_20260701-141430-SIDDHIGUPTAB00B,2026-07-01 14:27:51.346160+00:00,boundary,42,10,3,3,11,0,1,3,1,3,6,3,2,9,3.751,0.05
ses_20260701-141430-SIDDHIGUPTAB00B,2026-07-01 14:27:51.348605+00:00,boundary,42,10,3,3,11,0,1,3,1,3,6,3,2,9,3.751,0.05
ses_20260701-141430-SIDDHIGUPTAB00B,2026-07-01 14:30:50.102018+00:00,boundary,48,8,1,2,26,0,0,1,0,1,6,1,0,9,3.072,0.049
ses_20260701-141430-SIDDHIGUPTAB00B,2026-07-01 14:30:50.103873+00:00,boundary,48,8,1,2,26,0,0,1,0,1,6,1,0,9,3.072,0.049
ses_20260701-141430-SIDDHIGUPTAB00B,2026-07-01 14:31:19.973615+00:00,boundary,71,9,2,3,30,0,0,3,1,4,10,3,1,14,2.809,0.048
ses_20260701-141430-SIDDHIGUPTAB00B,2026-07-01 14:31:19.974937+00:00,boundary,71,9,2,3,30,0,0,3,1,4,10,3,1,14,2.809,0.048
ses_20260701-141430-SIDDHIGUPTAB00B,2026-07-01 14:32:14.446511+00:00,boundary,85,9,2,3,44,0,0,3,1,2,10,3,1,17,2.86,0.053
ses_20260701-141430-SIDDHIGUPTAB00B,2026-07-01 14:32:14.448471+00:00,boundary,85,9,2,3,44,0,0,3,1,2,10,3,1,17,2.86,0.053
ses_20260701-141430-SIDDHIGUPTAB00B,2026-07-01 14:32:44.359439+00:00,boundary,75,10,1,2,27,0,1,3,1,4,14,3,1,14,3.069,0.047
ses_20260701-141430-SIDDHIGUPTAB00B,2026-07-01 14:32:44.360904+00:00,boundary,75,10,1,2,27,0,1,3,1,4,14,3,1,14,3.069,0.047
ses_20260701-141430-SIDDHIGUPTAB00B,2026-07-01 14:33:13.929861+00:00,boundary,51,9,2,2,15,0,0,3,1,2,10,3,2,11,6.955,0.0505
ses_20260701-141430-SIDDHIGUPTAB00B,2026-07-01 14:33:37.762475+00:00,boundary,57,10,2,3,29,0,1,3,1,2,4,3,1,11,3.74,0.0545
ses_20260701-141430-SIDDHIGUPTAB00B,2026-07-01 14:33:37.763563+00:00,boundary,57,10,2,3,29,0,1,3,1,2,4,3,1,11,3.74,0.0545
ses_20260701-141430-SIDDHIGUPTAB00B,2026-07-01 14:35:02.842970+00:00,boundary,41,10,3,3,16,0,0,3,1,1,4,3,2,9,5.488,0.0525
ses_20260701-141430-SIDDHIGUPTAB00B,2026-07-01 14:36:20.066625+00:00,boundary,53,10,2,2,15,0,1,3,1,2,10,3,2,12,3.729,0.053
ses_20260701-141430-SIDDHIGUPTAB00B,2026-07-01 14:36:20.069875+00:00,boundary,53,10,2,2,15,0,1,3,1,2,10,3,2,12,3.729,0.053
ses_20260701-141430-SIDDHIGUPTAB00B,2026-07-01 14:36:47.503188+00:00,boundary,65,10,1,2,29,0,1,3,1,3,8,3,1,12,2.837,0.0525
ses_20260701-141430-SIDDHIGUPTAB00B,2026-07-01 14:36:47.504063+00:00,boundary,65,10,1,2,29,0,1,3,1,3,8,3,1,12,2.837,0.0525
ses_20260701-141430-SIDDHIGUPTAB00B,2026-07-01 14:37:27.731058+00:00,boundary,81,9,2,3,42,0,0,3,1,2,10,3,1,15,3.001,0.0505
ses_20260701-141430-SIDDHIGUPTAB00B,2026-07-01 14:37:27.733636+00:00,boundary,81,9,2,3,42,0,0,3,1,2,10,3,1,15,3.001,0.0505
ses_20260701-141430-SIDDHIGUPTAB00B,2026-07-01 14:37:52.329199+00:00,boundary,48,10,1,1,1,0,1,3,1,4,16,3,2,10,4.352,0.038
ses_20260701-141430-SIDDHIGUPTAB00B,2026-07-01 14:37:52.330957+00:00,boundary,48,10,1,1,1,0,1,3,1,4,16,3,2,10,4.352,0.038
ses_20260701-141430-SIDDHIGUPTAB00B,2026-07-01 14:38:19.242885+00:00,boundary,49,9,1,2,15,0,0,3,1,3,8,3,1,11,2.773,0.0495
ses_20260701-141430-SIDDHIGUPTAB00B,2026-07-01 14:38:19.253374+00:00,boundary,49,9,1,2,15,0,0,3,1,3,8,3,1,11,2.773,0.0495
ses_20260701-141430-SIDDHIGUPTAB00B,2026-07-01 14:38:55.460281+00:00,boundary,85,10,2,3,44,0,1,3,1,2,10,3,1,16,2.966,0.0505
ses_20260701-141430-SIDDHIGUPTAB00B,2026-07-01 14:38:55.461689+00:00,boundary,85,10,2,3,44,0,1,3,1,2,10,3,1,16,2.966,0.0505
ses_20260701-141430-SIDDHIGUPTAB00B,2026-07-01 14:39:37.112108+00:00,boundary,24,10,2,2,1,0,1,3,1,1,4,3,2,7,3.274,0.075
ses_20260701-141430-SIDDHIGUPTAB00B,2026-07-01 14:39:37.114852+00:00,boundary,24,10,2,2,1,0,1,3,1,1,4,3,2,7,3.274,0.075
ses_20260701-141430-SIDDHIGUPTAB00B,2026-07-01 14:40:59.511238+00:00,boundary,57,10,2,2,14,0,1,3,1,3,12,3,2,13,3.769,0.0475
ses_20260701-141430-SIDDHIGUPTAB00B,2026-07-01 14:40:59.513603+00:00,boundary,57,10,2,2,14,0,1,3,1,3,12,3,2,13,3.769,0.0475
ses_20260701-141430-SIDDHIGUPTAB00B,2026-07-01 14:41:44.130650+00:00,boundary,66,9,2,3,41,0,0,3,1,1,2,3,1,13,2.573,0.053
ses_20260701-141430-SIDDHIGUPTAB00B,2026-07-01 14:41:44.143757+00:00,boundary,66,9,2,3,41,0,0,3,1,1,2,3,1,13,2.573,0.053
ses_20260701-141430-SIDDHIGUPTAB00B,2026-07-01 14:42:29.976014+00:00,boundary,64,8,1,2,29,0,0,2,1,1,12,2,0,13,4.037,0.049
ses_20260701-141430-SIDDHIGUPTAB00B,2026-07-01 14:42:29.981127+00:00,boundary,64,8,1,2,29,0,0,2,1,1,12,2,0,13,4.037,0.049
ses_20260701-145907-MSI,2026-07-01 15:00:20.455812+00:00,boundary,51,9,2,2,26,0,1,1,0,0,8,1,0,9,1.693,0.0525
ses_20260701-145907-MSI,2026-07-01 15:00:46.123392+00:00,boundary,57,10,1,2,27,0,1,4,1,1,4,3,1,13,2.666,0.0535
ses_20260701-145907-MSI,2026-07-01 15:00:46.124383+00:00,boundary,57,10,1,2,27,0,1,4,1,1,4,3,1,13,2.666,0.0535
ses_20260701-145907-MSI,2026-07-01 15:01:20.607622+00:00,boundary,77,9,1,2,27,0,0,3,1,4,16,3,1,15,2.803,0.053
ses_20260701-145907-MSI,2026-07-01 15:01:20.608424+00:00,boundary,77,9,1,2,27,0,0,3,1,4,16,3,1,15,2.803,0.053
ses_20260701-145907-MSI,2026-07-01 15:01:40.091325+00:00,boundary,29,10,1,1,1,0,1,3,1,1,6,3,2,9,4.439,0.054
ses_20260701-145907-MSI,2026-07-01 15:01:41.675430+00:00,boundary,39,10,1,1,1,0,1,3,1,2,12,3,2,10,4.439,0.036
ses_20260701-145907-MSI,2026-07-01 15:03:30.709071+00:00,boundary,46,8,3,3,29,0,1,1,0,1,2,1,0,10,3.073,0.059
ses_20260701-145907-MSI,2026-07-01 15:03:30.710520+00:00,boundary,46,8,3,3,29,0,1,1,0,1,2,1,0,10,3.073,0.059
ses_20260701-145907-MSI,2026-07-01 15:04:11.856366+00:00,boundary,40,9,2,2,14,0,0,3,1,2,4,3,2,9,7.41,0.05
ses_20260701-145907-MSI,2026-07-01 15:04:50.669110+00:00,boundary,82,10,2,3,40,0,1,3,1,2,10,3,1,17,2.973,0.055
ses_20260701-145907-MSI,2026-07-01 15:04:50.669963+00:00,boundary,82,10,2,3,40,0,1,3,1,2,10,3,1,17,2.973,0.055
ses_20260701-145907-MSI,2026-07-01 15:05:14.882602+00:00,boundary,70,9,1,2,27,0,0,3,1,3,12,3,1,14,3.186,0.052
ses_20260701-145907-MSI,2026-07-01 15:05:14.883363+00:00,boundary,70,9,1,2,27,0,0,3,1,3,12,3,1,14,3.186,0.052
ses_20260701-145907-MSI,2026-07-01 15:06:01.205648+00:00,boundary,16,9,1,2,1,0,2,1,1,0,2,1,0,6,4.811,0.046
ses_20260701-145907-MSI,2026-07-01 15:06:01.206614+00:00,boundary,16,9,1,2,1,0,2,1,1,0,2,1,0,6,4.811,0.046
ses_20260701-145907-MSI,2026-07-01 15:06:40.473166+00:00,boundary,70,9,2,3,29,0,0,3,1,4,10,3,1,14,2.757,0.053
ses_20260701-145907-MSI,2026-07-01 15:06:40.473844+00:00,boundary,70,9,2,3,29,0,0,3,1,4,10,3,1,14,2.757,0.053
ses_20260701-145907-MSI,2026-07-01 15:07:14.443517+00:00,boundary,75,10,2,3,40,1,0,3,1,3,6,3,1,14,2.789,0.052
ses_20260701-145907-MSI,2026-07-01 15:07:14.444218+00:00,boundary,75,10,2,3,40,1,0,3,1,3,6,3,1,14,2.789,0.052
ses_20260701-145907-MSI,2026-07-01 15:08:27.962802+00:00,boundary,50,8,2,2,31,0,1,1,0,1,2,1,0,12,2.697,0.057
ses_20260701-145907-MSI,2026-07-01 15:08:27.963602+00:00,boundary,50,8,2,2,31,0,1,1,0,1,2,1,0,12,2.697,0.057
ses_20260701-145907-MSI,2026-07-01 15:09:05.224155+00:00,boundary,28,8,2,2,2,0,0,2,1,2,8,2,0,8,6.502,0.062
ses_20260701-145907-MSI,2026-07-01 15:09:44.792735+00:00,boundary,58,9,1,2,27,0,2,2,1,1,8,2,0,12,4.61,0.055
ses_20260701-145907-MSI,2026-07-01 15:09:44.793606+00:00,boundary,58,9,1,2,27,0,2,2,1,1,8,2,0,12,4.61,0.055
ses_20260701-145907-MSI,2026-07-01 15:10:10.981707+00:00,boundary,75,10,1,2,28,0,1,3,1,3,12,3,1,17,2.534,0.0535
ses_20260701-145907-MSI,2026-07-01 15:10:12.563758+00:00,boundary,82,10,1,2,28,0,1,3,1,4,16,3,1,18,2.534,0.054
ses_20260701-145907-MSI,2026-07-01 15:10:40.824423+00:00,boundary,71,10,2,3,40,0,1,3,1,1,4,3,1,15,2.553,0.053
ses_20260701-145907-MSI,2026-07-01 15:10:40.825141+00:00,boundary,71,10,2,3,40,0,1,3,1,1,4,3,1,15,2.553,0.053
ses_20260701-145907-MSI,2026-07-01 15:11:36.138208+00:00,boundary,64,11,1,2,6,0,2,2,0,1,34,2,1,11,2.58,0.038
ses_20260701-145907-MSI,2026-07-01 15:11:36.138944+00:00,boundary,64,11,1,2,6,0,2,2,0,1,34,2,1,11,2.58,0.038
ses_20260701-145907-MSI,2026-07-01 15:12:14.363642+00:00,boundary,14,8,1,1,2,0,1,1,0,0,2,1,1,5,3.442,0.048
ses_20260701-145907-MSI,2026-07-01 15:12:14.364452+00:00,boundary,14,8,1,1,2,0,1,1,0,0,2,1,1,5,3.442,0.048
ses_20260701-145907-MSI,2026-07-01 15:13:05.026257+00:00,boundary,54,8,1,2,28,0,1,1,0,1,8,1,0,11,2.426,0.054
ses_20260701-145907-MSI,2026-07-01 15:13:05.027129+00:00,boundary,54,8,1,2,28,0,1,1,0,1,8,1,0,11,2.426,0.054
ses_20260701-145907-MSI,2026-07-01 15:13:34.503518+00:00,boundary,53,10,2,2,15,0,1,3,1,2,10,3,2,12,3.958,0.056
ses_20260701-145907-MSI,2026-07-01 15:13:34.504184+00:00,boundary,53,10,2,2,15,0,1,3,1,2,10,3,2,12,3.958,0.056
ses_20260701-145907-MSI,2026-07-01 15:13:59.713470+00:00,boundary,52,10,1,1,2,0,1,3,1,4,16,3,2,13,3.025,0.056
ses_20260701-145907-MSI,2026-07-01 15:13:59.714377+00:00,boundary,52,10,1,1,2,0,1,3,1,4,16,3,2,13,3.025,0.056
ses_20260701-145907-MSI,2026-07-01 15:14:22.799443+00:00,boundary,38,9,1,1,1,0,0,3,1,2,12,3,2,9,6.235,0.045
ses_20260701-145907-MSI,2026-07-01 15:14:55.634636+00:00,boundary,44,9,2,2,3,0,1,3,1,2,14,3,0,12,3.095,0.053
ses_20260701-145907-MSI,2026-07-01 15:14:55.635578+00:00,boundary,44,9,2,2,3,0,1,3,1,2,14,3,0,12,3.095,0.053
ses_20260701-145907-MSI,2026-07-01 15:15:25.083482+00:00,boundary,42,10,2,2,14,0,1,3,1,1,4,3,2,11,3.543,0.055
ses_20260701-145907-MSI,2026-07-01 15:15:25.084356+00:00,boundary,42,10,2,2,14,0,1,3,1,1,4,3,2,11,3.543,0.055
ses_20260701-145907-MSI,2026-07-01 15:15:55.799573+00:00,boundary,64,9,1,2,27,0,0,3,1,3,8,3,1,14,2.525,0.054
ses_20260701-145907-MSI,2026-07-01 15:15:55.800157+00:00,boundary,64,9,1,2,27,0,0,3,1,3,8,3,1,14,2.525,0.054
ses_20260701-145907-MSI,2026-07-01 15:16:29.727816+00:00,boundary,78,10,2,3,38,0,1,3,1,2,10,3,1,15,2.795,0.049
ses_20260701-145907-MSI,2026-07-01 15:16:29.728489+00:00,boundary,78,10,2,3,38,0,1,3,1,2,10,3,1,15,2.795,0.049
ses_20260701-145907-MSI,2026-07-01 15:16:54.683723+00:00,boundary,41,10,1,1,2,0,1,3,1,3,10,3,2,11,4.165,0.041999999999999996
ses_20260701-145907-MSI,2026-07-01 15:16:54.684977+00:00,boundary,41,10,1,1,2,0,1,3,1,3,10,3,2,11,4.165,0.041999999999999996
ses_20260701-145907-MSI,2026-07-01 15:17:56.707085+00:00,boundary,56,8,2,2,29,0,1,1,0,1,8,1,0,12,2.874,0.058
ses_20260701-145907-MSI,2026-07-01 15:17:56.707764+00:00,boundary,56,8,2,2,29,0,1,1,0,1,8,1,0,12,2.874,0.058
ses_20260701-145907-MSI,2026-07-01 15:18:26.465889+00:00,boundary,47,9,1,1,1,0,0,3,1,4,16,3,2,10,6.892,0.043
ses_20260701-145907-MSI,2026-07-01 15:18:52.092273+00:00,boundary,80,9,2,3,39,0,0,3,1,2,10,3,1,17,2.805,0.054
ses_20260701-145907-MSI,2026-07-01 15:18:52.093010+00:00,boundary,80,9,2,3,39,0,0,3,1,2,10,3,1,17,2.805,0.054
ses_20260701-145907-MSI,2026-07-01 15:19:18.780773+00:00,boundary,47,9,1,1,1,0,0,3,1,4,16,3,2,10,5.916,0.0435
ses_20260701-145907-MSI,2026-07-01 15:19:42.676966+00:00,boundary,78,10,2,3,41,0,1,3,1,3,6,3,1,16,2.71,0.054
ses_20260701-145907-MSI,2026-07-01 15:19:42.677820+00:00,boundary,78,10,2,3,41,0,1,3,1,3,6,3,1,16,2.71,0.054
ses_20260701-145907-MSI,2026-07-01 15:20:15.626634+00:00,boundary,81,9,2,3,41,0,0,3,1,2,10,3,1,16,3.219,0.0545
ses_20260701-145907-MSI,2026-07-01 15:20:15.627358+00:00,boundary,81,9,2,3,41,0,0,3,1,2,10,3,1,16,3.219,0.0545
ses_20260701-152030-CHAITANYA0BCF,2026-07-01 15:21:06.052089+00:00,boundary,53,7,2,2,29,0,1,1,0,0,8,1,0,10,2.458,0.049
ses_20260701-152030-CHAITANYA0BCF,2026-07-01 15:21:29.394475+00:00,boundary,48,9,1,1,2,0,0,3,1,4,16,3,2,10,6.068,0.048
ses_20260701-152030-CHAITANYA0BCF,2026-07-01 15:21:58.995491+00:00,boundary,80,11,2,3,43,1,1,3,1,3,6,3,1,15,2.562,0.051
ses_20260701-152030-CHAITANYA0BCF,2026-07-01 15:22:59.448146+00:00,boundary,85,10,2,3,44,0,1,3,1,2,10,3,1,16,2.787,0.049
ses_20260701-152030-CHAITANYA0BCF,2026-07-01 15:23:23.964688+00:00,boundary,41,10,1,1,1,0,1,3,1,2,12,3,2,11,3.73,0.044
ses_20260701-152030-CHAITANYA0BCF,2026-07-01 15:23:51.790951+00:00,boundary,71,9,2,3,30,0,0,3,1,4,10,3,1,14,3.153,0.053
ses_20260701-152030-CHAITANYA0BCF,2026-07-01 15:23:51.791482+00:00,boundary,71,9,2,3,30,0,0,3,1,4,10,3,1,14,3.153,0.053
ses_20260701-152030-CHAITANYA0BCF,2026-07-01 15:25:55.493944+00:00,boundary,12,7,1,1,2,0,0,1,0,1,2,1,0,4,6.228,0.043
ses_20260701-152030-CHAITANYA0BCF,2026-07-01 15:26:52.184771+00:00,boundary,54,10,2,2,16,0,1,3,1,2,10,3,2,12,3.826,0.051
ses_20260701-152030-CHAITANYA0BCF,2026-07-01 15:26:52.185102+00:00,boundary,54,10,2,2,16,0,1,3,1,2,10,3,2,12,3.826,0.051
ses_20260701-152030-CHAITANYA0BCF,2026-07-01 15:27:20.917620+00:00,boundary,55,10,2,3,30,0,1,3,1,1,2,3,1,12,3.632,0.053
ses_20260701-152030-CHAITANYA0BCF,2026-07-01 15:28:01.401485+00:00,boundary,70,10,3,5,44,0,1,3,1,1,2,3,1,13,3.984,0.051
ses_20260701-152030-CHAITANYA0BCF,2026-07-01 15:28:01.402535+00:00,boundary,70,10,3,5,44,0,1,3,1,1,2,3,1,13,3.984,0.051
ses_20260701-152030-CHAITANYA0BCF,2026-07-01 15:29:19.954236+00:00,boundary,85,12,3,4,44,1,1,3,1,3,8,3,1,15,3.071,0.048
ses_20260701-152030-CHAITANYA0BCF,2026-07-01 15:29:19.955875+00:00,boundary,85,12,3,4,44,1,1,3,1,3,8,3,1,15,3.071,0.048
ses_20260701-152030-CHAITANYA0BCF,2026-07-01 15:30:02.950383+00:00,boundary,29,9,2,2,14,0,0,2,1,1,2,1,1,6,1.951,0.0595
ses_20260701-152030-CHAITANYA0BCF,2026-07-01 15:30:02.953773+00:00,boundary,29,9,2,2,14,0,0,2,1,1,2,1,1,6,1.951,0.0595
ses_20260701-155031-CHAITANYA0BCF,2026-07-01 15:51:05.349623+00:00,boundary,54,7,2,2,29,0,1,1,0,0,8,1,0,11,2.881,0.047
ses_20260701-155031-CHAITANYA0BCF,2026-07-01 15:51:34.388641+00:00,boundary,62,11,2,4,31,0,1,3,1,2,4,3,1,13,3.7,0.056
ses_20260701-155031-CHAITANYA0BCF,2026-07-01 15:51:34.392468+00:00,boundary,62,11,2,4,31,0,1,3,1,2,4,3,1,13,3.7,0.056
ses_20260701-155031-CHAITANYA0BCF,2026-07-01 15:52:13.954695+00:00,boundary,65,10,2,2,15,0,1,3,1,4,16,3,2,13,3.61,0.037000000000000005
ses_20260701-155031-CHAITANYA0BCF,2026-07-01 15:52:13.956412+00:00,boundary,65,10,2,2,15,0,1,3,1,4,16,3,2,13,3.61,0.037000000000000005
ses_20260701-155031-CHAITANYA0BCF,2026-07-01 15:53:22.731540+00:00,boundary,20,12,2,4,1,2,2,1,1,1,2,1,0,6,4.977,0.088
ses_20260701-155031-CHAITANYA0BCF,2026-07-01 15:53:22.732079+00:00,boundary,20,12,2,4,1,2,2,1,1,1,2,1,0,6,4.977,0.088
ses_20260701-155031-CHAITANYA0BCF,2026-07-01 15:54:14.634663+00:00,boundary,83,9,2,3,43,0,0,3,1,2,10,3,1,16,2.721,0.051
ses_20260701-155031-CHAITANYA0BCF,2026-07-01 15:54:14.636316+00:00,boundary,83,9,2,3,43,0,0,3,1,2,10,3,1,16,2.721,0.051
ses_20260701-155031-CHAITANYA0BCF,2026-07-01 15:54:40.362663+00:00,boundary,69,10,2,3,42,0,1,3,1,1,2,3,1,14,2.846,0.0515
ses_20260701-155031-CHAITANYA0BCF,2026-07-01 15:55:14.437794+00:00,boundary,56,10,1,1,2,0,1,3,1,4,20,3,2,13,4.213,0.043
ses_20260701-155031-CHAITANYA0BCF,2026-07-01 15:55:14.441377+00:00,boundary,56,10,1,1,2,0,1,3,1,4,20,3,2,13,4.213,0.043
ses_20260701-155031-CHAITANYA0BCF,2026-07-01 15:55:38.439119+00:00,boundary,53,10,2,2,15,0,1,3,1,2,10,3,2,12,4.284,0.053
ses_20260701-155031-CHAITANYA0BCF,2026-07-01 15:55:38.440840+00:00,boundary,53,10,2,2,15,0,1,3,1,2,10,3,2,12,4.284,0.053
ses_20260701-155031-CHAITANYA0BCF,2026-07-01 15:56:01.613873+00:00,boundary,47,9,1,1,1,0,0,3,1,4,18,3,2,9,5.672,0.0415
ses_20260701-155031-CHAITANYA0BCF,2026-07-01 15:56:29.313810+00:00,boundary,52,10,3,3,14,0,1,3,1,3,10,3,2,10,5.531,0.05
ses_20260701-155031-CHAITANYA0BCF,2026-07-01 15:56:29.314164+00:00,boundary,52,10,3,3,14,0,1,3,1,3,10,3,2,10,5.531,0.05
ses_20260701-155031-CHAITANYA0BCF,2026-07-01 15:57:07.995783+00:00,boundary,77,11,3,5,43,0,1,3,1,2,4,3,1,16,3.388,0.0545
ses_20260701-155031-CHAITANYA0BCF,2026-07-01 15:57:07.999009+00:00,boundary,77,11,3,5,43,0,1,3,1,2,4,3,1,16,3.388,0.0545
ses_20260701-155031-CHAITANYA0BCF,2026-07-01 15:58:36.727652+00:00,boundary,84,10,2,3,43,0,1,3,1,2,10,3,1,16,3.003,0.054
ses_20260701-155031-CHAITANYA0BCF,2026-07-01 15:58:36.729246+00:00,boundary,84,10,2,3,43,0,1,3,1,2,10,3,1,16,3.003,0.054
ses_20260701-155031-CHAITANYA0BCF,2026-07-01 15:58:55.624433+00:00,boundary,19,8,1,1,0,0,0,2,1,1,6,2,1,5,4.212,0.051500000000000004
ses_20260701-155031-CHAITANYA0BCF,2026-07-01 15:59:28.677660+00:00,boundary,44,8,1,2,28,0,1,1,0,1,2,1,0,9,2.245,0.053
ses_20260701-155031-CHAITANYA0BCF,2026-07-01 16:00:22.096053+00:00,boundary,47,10,2,2,16,0,0,3,1,2,8,3,2,9,6.537,0.044
ses_20260701-155031-CHAITANYA0BCF,2026-07-01 16:02:31.654094+00:00,boundary,62,9,2,2,33,0,1,1,0,1,8,1,0,13,2.162,0.048
ses_20260701-155031-CHAITANYA0BCF,2026-07-01 16:03:02.737206+00:00,boundary,59,9,1,2,29,0,0,3,1,2,6,3,1,11,3.15,0.0505
ses_20260701-155031-CHAITANYA0BCF,2026-07-01 16:03:02.737733+00:00,boundary,59,9,1,2,29,0,0,3,1,2,6,3,1,11,3.15,0.0505
ses_20260701-155031-CHAITANYA0BCF,2026-07-01 16:04:20.204516+00:00,boundary,85,10,2,3,43,1,0,3,1,4,10,3,1,14,2.921,0.049
ses_20260701-155031-CHAITANYA0BCF,2026-07-01 16:04:20.206087+00:00,boundary,85,10,2,3,43,1,0,3,1,4,10,3,1,14,2.921,0.049
ses_20260701-155031-CHAITANYA0BCF,2026-07-01 16:05:13.596944+00:00,boundary,63,9,2,3,40,0,0,3,1,1,2,3,1,11,2.908,0.051
ses_20260701-155031-CHAITANYA0BCF,2026-07-01 16:05:13.597801+00:00,boundary,63,9,2,3,40,0,0,3,1,1,2,3,1,11,2.908,0.051
ses_20260701-155031-CHAITANYA0BCF,2026-07-01 16:06:46.394654+00:00,boundary,54,10,2,2,16,0,1,3,1,2,10,3,2,12,4.248,0.051
ses_20260701-155031-CHAITANYA0BCF,2026-07-01 16:06:46.395332+00:00,boundary,54,10,2,2,16,0,1,3,1,2,10,3,2,12,4.248,0.051
ses_20260701-155031-CHAITANYA0BCF,2026-07-01 16:07:14.218931+00:00,boundary,81,10,1,2,29,0,1,3,1,4,16,3,1,16,2.631,0.048
ses_20260701-155031-CHAITANYA0BCF,2026-07-01 16:07:14.222462+00:00,boundary,81,10,1,2,29,0,1,3,1,4,16,3,1,16,2.631,0.048
ses_20260701-155031-CHAITANYA0BCF,2026-07-01 16:08:17.697023+00:00,boundary,53,7,1,2,29,0,0,1,0,1,8,1,0,10,3.013,0.051
ses_20260701-155031-CHAITANYA0BCF,2026-07-01 16:08:17.699203+00:00,boundary,53,7,1,2,29,0,0,1,0,1,8,1,0,10,3.013,0.051
ses_20260701-155031-CHAITANYA0BCF,2026-07-01 16:08:44.501828+00:00,boundary,82,9,2,3,43,0,0,3,1,2,10,3,1,15,2.666,0.051
ses_20260701-155031-CHAITANYA0BCF,2026-07-01 16:08:44.503055+00:00,boundary,82,9,2,3,43,0,0,3,1,2,10,3,1,15,2.666,0.051
ses_20260701-155031-CHAITANYA0BCF,2026-07-01 16:09:43.684767+00:00,boundary,22,9,1,1,1,0,1,1,0,1,8,1,1,5,2.684,0.029
ses_20260701-155031-CHAITANYA0BCF,2026-07-01 16:09:43.687154+00:00,boundary,22,9,1,1,1,0,1,1,0,1,8,1,1,5,2.684,0.029
ses_20260701-155031-CHAITANYA0BCF,2026-07-01 16:10:10.961561+00:00,boundary,48,10,2,2,16,0,1,3,1,3,6,3,2,10,3.527,0.053
ses_20260701-155031-CHAITANYA0BCF,2026-07-01 16:10:10.962896+00:00,boundary,48,10,2,2,16,0,1,3,1,3,6,3,2,10,3.527,0.053
ses_20260701-155031-CHAITANYA0BCF,2026-07-01 16:13:02.968937+00:00,boundary,22,9,1,1,1,0,1,1,0,1,8,1,1,5,2.638,0.027
ses_20260701-155031-CHAITANYA0BCF,2026-07-01 16:13:02.969538+00:00,boundary,22,9,1,1,1,0,1,1,0,1,8,1,1,5,2.638,0.027
ses_20260701-155031-CHAITANYA0BCF,2026-07-01 16:13:26.440196+00:00,boundary,51,10,1,1,2,0,1,3,1,4,16,3,2,12,3.301,0.052000000000000005
ses_20260701-155031-CHAITANYA0BCF,2026-07-01 16:13:26.440722+00:00,boundary,51,10,1,1,2,0,1,3,1,4,16,3,2,12,3.301,0.052000000000000005
ses_20260701-155031-CHAITANYA0BCF,2026-07-01 16:13:59.263016+00:00,boundary,21,10,1,1,1,0,3,2,1,1,2,2,1,7,4.218,0.0615
ses_20260701-172430-yuvraj,2026-07-01 17:25:30.515886+00:00,boundary,23,7,1,1,2,0,1,1,0,0,8,1,0,7,2.453,0.047
ses_20260701-172430-yuvraj,2026-07-01 17:26:17.519232+00:00,boundary,11,8,1,1,1,0,1,1,0,0,2,1,1,3,3.348,0.07450000000000001
ses_20260701-172430-yuvraj,2026-07-01 17:26:17.519762+00:00,boundary,11,8,1,1,1,0,1,1,0,0,2,1,1,3,3.348,0.07450000000000001
ses_20260701-172430-yuvraj,2026-07-01 17:26:59.585025+00:00,boundary,48,7,1,2,27,0,1,1,0,0,8,1,0,7,2.635,0.011
ses_20260701-172430-yuvraj,2026-07-01 17:26:59.586572+00:00,boundary,48,7,1,2,27,0,1,1,0,0,8,1,0,7,2.635,0.011
ses_20260701-172430-yuvraj,2026-07-01 17:27:27.998673+00:00,boundary,71,10,1,2,26,0,1,3,1,2,14,3,1,14,3.138,0.0465
ses_20260701-172430-yuvraj,2026-07-01 17:27:27.999691+00:00,boundary,71,10,1,2,26,0,1,3,1,2,14,3,1,14,3.138,0.0465
ses_20260701-172430-yuvraj,2026-07-01 17:29:14.330882+00:00,boundary,41,7,1,3,28,0,0,1,0,0,0,1,0,8,2.846,0.052
ses_20260701-172430-yuvraj,2026-07-01 17:29:14.331943+00:00,boundary,41,7,1,3,28,0,0,1,0,0,0,1,0,8,2.846,0.052
ses_20260701-172430-yuvraj,2026-07-01 17:30:00.891873+00:00,boundary,24,9,1,1,2,0,0,2,1,0,6,2,1,7,5.896,0.055
ses_20260701-172430-yuvraj,2026-07-01 17:30:40.558352+00:00,boundary,52,10,2,2,15,0,1,3,1,3,10,3,1,11,3.842,0.051
ses_20260701-172430-yuvraj,2026-07-01 17:30:40.558908+00:00,boundary,52,10,2,2,15,0,1,3,1,3,10,3,1,11,3.842,0.051
ses_20260701-172430-yuvraj,2026-07-01 17:31:01.194299+00:00,boundary,26,9,1,1,0,0,0,2,1,1,8,2,1,7,1.991,0.04
ses_20260701-172430-yuvraj,2026-07-01 17:31:33.842573+00:00,boundary,53,8,1,2,27,0,1,1,0,1,8,1,0,11,2.583,0.0525
ses_20260701-172430-yuvraj,2026-07-01 17:32:01.786346+00:00,boundary,77,9,1,2,28,0,0,3,1,3,16,3,1,15,2.858,0.052
ses_20260701-172430-yuvraj,2026-07-01 17:32:01.787757+00:00,boundary,77,9,1,2,28,0,0,3,1,3,16,3,1,15,2.858,0.052
ses_20260701-172430-yuvraj,2026-07-01 17:32:26.626522+00:00,boundary,51,9,1,2,25,0,1,3,1,0,4,3,1,11,2.802,0.05
ses_20260701-172430-yuvraj,2026-07-01 17:32:26.627035+00:00,boundary,51,9,1,2,25,0,1,3,1,0,4,3,1,11,2.802,0.05
ses_20260701-172430-yuvraj,2026-07-01 17:33:05.395680+00:00,boundary,80,9,2,3,40,0,1,3,1,1,10,3,0,17,2.985,0.054
ses_20260701-172430-yuvraj,2026-07-01 17:33:05.396721+00:00,boundary,80,9,2,3,40,0,1,3,1,1,10,3,0,17,2.985,0.054
ses_20260701-172430-yuvraj,2026-07-01 17:33:34.388109+00:00,boundary,62,10,2,3,28,0,1,3,1,1,8,3,1,12,2.778,0.055
ses_20260701-172430-yuvraj,2026-07-01 17:33:34.389210+00:00,boundary,62,10,2,3,28,0,1,3,1,1,8,3,1,12,2.778,0.055
ses_20260701-172430-yuvraj,2026-07-01 17:34:07.511312+00:00,boundary,54,11,2,2,15,1,1,3,1,2,10,3,2,12,3.866,0.051
ses_20260701-172430-yuvraj,2026-07-01 17:34:07.512334+00:00,boundary,54,11,2,2,15,1,1,3,1,2,10,3,2,12,3.866,0.051
ses_20260701-172430-yuvraj,2026-07-01 17:34:35.964925+00:00,boundary,32,10,2,2,1,0,1,3,1,2,8,3,2,7,4.302,0.055
ses_20260701-172430-yuvraj,2026-07-01 17:34:35.965951+00:00,boundary,32,10,2,2,1,0,1,3,1,2,8,3,2,7,4.302,0.055
ses_20260701-172430-yuvraj,2026-07-01 17:35:13.341880+00:00,boundary,42,10,2,2,14,1,0,3,1,2,4,3,2,10,6.426,0.054
ses_20260701-172430-yuvraj,2026-07-01 17:35:52.322002+00:00,boundary,81,9,2,3,41,0,0,3,1,2,10,3,1,16,2.795,0.051
ses_20260701-172430-yuvraj,2026-07-01 17:35:52.323550+00:00,boundary,81,9,2,3,41,0,0,3,1,2,10,3,1,16,2.795,0.051
ses_20260701-172430-yuvraj,2026-07-01 17:36:16.423396+00:00,boundary,64,9,1,2,26,0,0,3,1,2,12,3,1,11,3.601,0.035
ses_20260701-172430-yuvraj,2026-07-01 17:36:16.424475+00:00,boundary,64,9,1,2,26,0,0,3,1,2,12,3,1,11,3.601,0.035
ses_20260701-172430-yuvraj,2026-07-01 17:36:41.539324+00:00,boundary,77,10,1,2,27,0,1,3,1,3,16,3,1,15,2.72,0.053
ses_20260701-172430-yuvraj,2026-07-01 17:37:12.454898+00:00,boundary,78,10,2,3,38,0,1,3,1,1,10,3,1,16,2.789,0.052
ses_20260701-172430-yuvraj,2026-07-01 17:37:35.566308+00:00,boundary,77,10,1,2,27,0,1,3,1,3,16,3,1,15,3.073,0.052
ses_20260701-172430-yuvraj,2026-07-01 17:37:35.567357+00:00,boundary,77,10,1,2,27,0,1,3,1,3,16,3,1,15,3.073,0.052
ses_20260701-172430-yuvraj,2026-07-01 17:38:35.321383+00:00,boundary,37,5,1,2,26,0,1,1,0,0,0,1,0,8,2.843,0.0555
ses_20260701-172430-yuvraj,2026-07-01 17:39:33.522909+00:00,boundary,53,10,2,2,15,0,1,3,1,3,10,3,2,11,3.231,0.05
ses_20260701-172430-yuvraj,2026-07-01 17:39:33.523930+00:00,boundary,53,10,2,2,15,0,1,3,1,3,10,3,2,11,3.231,0.05
ses_20260701-172430-yuvraj,2026-07-01 17:40:00.481785+00:00,boundary,64,9,1,2,27,0,2,2,1,2,10,2,0,14,3.496,0.052
ses_20260701-172430-yuvraj,2026-07-01 17:40:00.483321+00:00,boundary,64,9,1,2,27,0,2,2,1,2,10,2,0,14,3.496,0.052
ses_20260701-172430-yuvraj,2026-07-01 17:40:25.661462+00:00,boundary,68,10,2,3,40,0,1,3,1,2,2,3,1,14,2.734,0.053
ses_20260701-172430-yuvraj,2026-07-01 17:40:25.663012+00:00,boundary,68,10,2,3,40,0,1,3,1,2,2,3,1,14,2.734,0.053
ses_20260701-172430-yuvraj,2026-07-01 17:41:40.706706+00:00,boundary,47,7,1,2,26,0,1,1,0,0,6,1,0,9,2.646,0.042
ses_20260701-172430-yuvraj,2026-07-01 17:42:06.879334+00:00,boundary,44,10,1,1,1,0,1,3,1,3,14,3,2,10,3.826,0.041
ses_20260701-172430-yuvraj,2026-07-01 17:42:06.879842+00:00,boundary,44,10,1,1,1,0,1,3,1,3,14,3,2,10,3.826,0.041
ses_20260701-172430-yuvraj,2026-07-01 17:43:04.304130+00:00,boundary,34,4,1,2,26,0,0,1,0,0,0,1,0,6,3.123,0.051
ses_20260701-172430-yuvraj,2026-07-01 17:43:04.306206+00:00,boundary,34,4,1,2,26,0,0,1,0,0,0,1,0,6,3.123,0.051
ses_20260630-121953-LAPTOP-R36BQBTE,2026-06-30 12:36:47.741000+00:00,control,41,6,1,1,1,0,0,0,0,2,20,2,0,8,4.592,0.039999999999999994
ses_20260630-121953-LAPTOP-R36BQBTE,2026-06-30 12:24:31.685000+00:00,control,34,5,1,2,14,0,0,0,0,0,8,1,0,8,2.946,0.05
ses_20260630-121953-LAPTOP-R36BQBTE,2026-06-30 12:21:29.407000+00:00,control,48,7,1,1,2,0,0,0,0,1,22,2,2,10,3.53,0.047
ses_20260630-121953-LAPTOP-R36BQBTE,2026-06-30 12:38:43.084000+00:00,control,83,7,2,3,1,1,0,0,0,0,66,4,0,8,3.555,0.023
ses_20260630-121953-LAPTOP-R36BQBTE,2026-06-30 12:28:32.020000+00:00,control,109,6,2,3,24,0,0,0,0,0,66,4,0,12,2.094,0.041
ses_20260630-121953-LAPTOP-R36BQBTE,2026-06-30 12:28:22.323000+00:00,control,83,8,2,3,18,0,0,0,0,1,40,3,1,13,2.737,0.042499999999999996
ses_20260630-121953-LAPTOP-R36BQBTE,2026-06-30 12:28:18.943000+00:00,control,61,7,2,2,17,0,0,0,0,1,20,2,1,12,3.112,0.053
ses_20260630-121953-LAPTOP-R36BQBTE,2026-06-30 12:26:22.026000+00:00,control,49,7,2,2,15,0,0,0,0,2,14,2,1,9,2.541,0.054
ses_20260630-121953-LAPTOP-R36BQBTE,2026-06-30 12:38:42.955000+00:00,control,83,7,2,3,1,1,0,0,0,0,66,4,0,8,3.555,0.023
ses_20260630-121953-LAPTOP-R36BQBTE,2026-06-30 12:24:10.635000+00:00,control,42,6,3,3,17,0,0,0,0,0,8,2,1,10,3.036,0.061
ses_20260630-121953-LAPTOP-R36BQBTE,2026-06-30 12:38:21.461000+00:00,control,44,6,2,2,3,0,0,0,0,2,20,1,0,10,3.112,0.044
ses_20260630-121953-LAPTOP-R36BQBTE,2026-06-30 12:38:43.042000+00:00,control,83,7,2,3,1,1,0,0,0,0,66,4,0,8,3.555,0.023
ses_20260630-121953-LAPTOP-R36BQBTE,2026-06-30 12:41:16.319000+00:00,control,53,6,2,2,17,0,0,0,0,2,14,2,0,12,2.95,0.0595
ses_20260630-121953-LAPTOP-R36BQBTE,2026-06-30 12:33:41.943000+00:00,control,40,7,3,3,16,0,0,0,0,1,8,2,1,8,1.789,0.058
ses_20260630-121953-LAPTOP-R36BQBTE,2026-06-30 12:23:58.198000+00:00,control,40,6,2,3,18,1,0,0,0,0,8,1,0,9,2.77,0.053
ses_20260630-121953-LAPTOP-R36BQBTE,2026-06-30 12:35:34.595000+00:00,control,33,5,1,1,2,0,0,0,0,0,16,2,0,7,3.312,0.045
ses_20260630-121953-LAPTOP-R36BQBTE,2026-06-30 12:32:22.394000+00:00,control,58,8,2,3,15,1,0,0,0,2,18,2,1,12,3.797,0.052
ses_20260630-121953-LAPTOP-R36BQBTE,2026-06-30 12:21:54.567000+00:00,control,42,8,2,4,16,1,0,0,0,0,8,1,2,10,4.211,0.064
ses_20260630-121953-LAPTOP-R36BQBTE,2026-06-30 12:21:53.096000+00:00,control,42,8,2,4,16,1,0,0,0,0,8,1,2,10,4.211,0.064
ses_20260630-121953-LAPTOP-R36BQBTE,2026-06-30 12:23:59.444000+00:00,control,40,6,2,3,18,1,0,0,0,0,8,1,0,9,8.363,0.063
ses_20260630-121953-LAPTOP-R36BQBTE,2026-06-30 12:28:18.005000+00:00,control,65,7,2,2,17,0,0,0,0,1,22,2,1,13,3.112,0.052
ses_20260630-121953-LAPTOP-R36BQBTE,2026-06-30 12:28:21.729000+00:00,control,55,7,2,3,18,0,0,0,0,1,14,3,1,12,2.737,0.0575
ses_20260630-121953-LAPTOP-R36BQBTE,2026-06-30 12:32:36.400000+00:00,control,76,5,1,2,0,1,0,0,0,0,64,3,0,6,3.936,0.026
ses_20260630-121953-LAPTOP-R36BQBTE,2026-06-30 12:35:40.839000+00:00,control,26,6,2,2,2,1,0,0,0,0,10,2,0,6,3.312,0.056
ses_20260630-121953-LAPTOP-R36BQBTE,2026-06-30 12:21:51.400000+00:00,control,57,8,2,4,29,1,0,0,0,0,8,1,2,12,4.211,0.0555
ses_20260630-121953-LAPTOP-R36BQBTE,2026-06-30 12:34:04.025000+00:00,control,20,6,1,1,1,0,0,0,0,0,8,1,1,6,2.986,0.061
ses_20260630-121953-LAPTOP-R36BQBTE,2026-06-30 12:27:25.851000+00:00,control,42,7,3,3,17,0,0,0,0,1,8,2,1,9,1.927,0.057
ses_20260630-121953-LAPTOP-R36BQBTE,2026-06-30 12:38:33.487000+00:00,control,81,8,2,3,14,1,0,0,0,2,44,3,0,11,3.555,0.0415
ses_20260630-121953-LAPTOP-R36BQBTE,2026-06-30 12:37:17.209000+00:00,control,63,6,2,2,15,0,0,0,0,1,22,2,0,14,3.646,0.056999999999999995
ses_20260630-121953-LAPTOP-R36BQBTE,2026-06-30 12:38:30.769000+00:00,control,50,7,2,3,14,1,0,0,0,2,14,2,0,11,3.112,0.057
ses_20260630-121953-LAPTOP-R36BQBTE,2026-06-30 12:32:20.888000+00:00,control,60,8,2,3,16,1,0,0,0,2,18,2,1,13,3.797,0.052
ses_20260630-121953-LAPTOP-R36BQBTE,2026-06-30 12:28:18.819000+00:00,control,61,7,2,2,17,0,0,0,0,1,20,2,1,12,3.112,0.053
ses_20260630-121953-LAPTOP-R36BQBTE,2026-06-30 12:32:33.679000+00:00,control,86,7,2,3,3,1,0,0,0,0,66,4,0,9,3.936,0.033
ses_20260630-121953-LAPTOP-R36BQBTE,2026-06-30 12:35:34.561000+00:00,control,33,5,1,1,2,0,0,0,0,0,16,2,0,7,3.312,0.045
ses_20260630-121953-LAPTOP-R36BQBTE,2026-06-30 12:28:32.065000+00:00,control,108,6,2,3,23,0,0,0,0,0,66,4,0,12,2.094,0.041
ses_20260630-121953-LAPTOP-R36BQBTE,2026-06-30 12:39:24.279000+00:00,control,67,6,2,3,23,0,0,0,0,3,18,3,0,13,3.541,0.0545
ses_20260630-121953-LAPTOP-R36BQBTE,2026-06-30 12:41:10.314000+00:00,control,64,6,2,2,16,0,0,0,0,2,22,2,0,13,4.392,0.048
ses_20260630-121953-LAPTOP-R36BQBTE,2026-06-30 12:20:12.915000+00:00,control,18,4,4,7,6,3,0,0,0,0,2,0,0,7,8.139,0.142
ses_20260630-121953-LAPTOP-R36BQBTE,2026-06-30 12:38:43.436000+00:00,control,84,7,2,3,1,1,0,0,0,0,66,4,0,9,4.791,0.023
ses_20260630-121953-LAPTOP-R36BQBTE,2026-06-30 12:38:58.394000+00:00,control,14,4,2,3,3,0,0,0,0,0,4,0,0,6,9.794,0.08
ses_20260630-121953-LAPTOP-R36BQBTE,2026-06-30 12:27:10.171000+00:00,control,23,5,3,4,4,0,0,0,0,0,8,1,0,7,7.52,0.151
ses_20260630-121953-LAPTOP-R36BQBTE,2026-06-30 12:38:28.585000+00:00,control,49,6,2,2,14,0,0,0,0,2,14,2,0,11,3.112,0.057
ses_20260630-121953-LAPTOP-R36BQBTE,2026-06-30 12:29:37.521000+00:00,control,34,6,1,1,1,0,0,0,0,1,16,3,0,7,4.043,0.038
ses_20260630-121953-LAPTOP-R36BQBTE,2026-06-30 12:27:09.330000+00:00,control,30,5,2,3,11,0,0,0,0,0,8,1,0,7,7.52,0.054
ses_20260630-121953-LAPTOP-R36BQBTE,2026-06-30 12:28:16.154000+00:00,control,64,7,2,2,17,0,0,0,0,1,22,1,1,13,3.112,0.053
ses_20260630-121953-LAPTOP-R36BQBTE,2026-06-30 12:38:43.523000+00:00,control,83,7,1,2,1,1,0,0,0,0,66,4,0,8,4.791,0.023
ses_20260630-121953-LAPTOP-R36BQBTE,2026-06-30 12:28:57.809000+00:00,control,40,6,1,1,2,0,0,0,0,2,18,3,0,8,4.395,0.049
ses_20260630-121953-LAPTOP-R36BQBTE,2026-06-30 12:23:59.269000+00:00,control,43,6,2,3,20,1,0,0,0,0,8,1,0,10,8.363,0.061
ses_20260630-121953-LAPTOP-R36BQBTE,2026-06-30 12:30:39.294000+00:00,control,26,6,2,2,3,0,0,0,0,0,10,2,1,6,8.813,0.051
ses_20260630-121953-LAPTOP-R36BQBTE,2026-06-30 12:24:08.943000+00:00,control,47,6,3,3,16,0,0,0,0,0,12,2,1,11,8.363,0.061
ses_20260630-121953-LAPTOP-R36BQBTE,2026-06-30 12:30:06.341000+00:00,control,62,7,2,2,15,0,0,0,0,1,22,2,0,12,3.031,0.05
ses_20260630-121953-LAPTOP-R36BQBTE,2026-06-30 12:39:32.861000+00:00,control,44,6,2,2,16,0,0,0,0,3,10,2,0,9,2.949,0.054
ses_20260630-121953-LAPTOP-R36BQBTE,2026-06-30 12:29:38.045000+00:00,control,34,6,1,1,1,0,0,0,0,1,16,3,0,7,4.043,0.038
ses_20260630-121953-LAPTOP-R36BQBTE,2026-06-30 12:35:43.399000+00:00,control,22,6,2,2,2,1,0,0,0,0,8,2,0,5,3.312,0.056
ses_20260630-121953-LAPTOP-R36BQBTE,2026-06-30 12:28:31.805000+00:00,control,114,6,2,3,28,0,0,0,0,0,66,4,0,13,2.094,0.041
ses_20260630-121953-LAPTOP-R36BQBTE,2026-06-30 12:39:24.143000+00:00,control,68,6,2,3,24,0,0,0,0,3,18,3,0,13,3.541,0.055
ses_20260630-121953-LAPTOP-R36BQBTE,2026-06-30 12:21:56.895000+00:00,control,24,7,1,2,2,1,0,0,0,0,8,0,2,7,1.465,0.132
ses_20260630-121953-LAPTOP-R36BQBTE,2026-06-30 12:38:42.826000+00:00,control,83,7,2,3,1,1,0,0,0,0,66,4,0,8,3.555,0.023
ses_20260630-121953-LAPTOP-R36BQBTE,2026-06-30 12:32:33.851000+00:00,control,83,7,2,3,1,1,0,0,0,0,66,4,0,8,3.936,0.031
ses_20260630-124826-CHAITANYA0BCF,2026-06-30 13:05:23.650000+00:00,control,54,9,3,3,18,0,0,2,1,3,12,2,1,11,6.585,0.052
ses_20260630-124826-CHAITANYA0BCF,2026-06-30 12:52:20.365000+00:00,control,48,8,1,1,2,0,0,1,0,3,20,1,2,11,4.113,0.051
ses_20260630-124826-CHAITANYA0BCF,2026-06-30 13:02:09.426000+00:00,control,8,5,2,2,2,0,0,0,0,1,2,0,0,2,0.998,0.054
ses_20260630-124826-CHAITANYA0BCF,2026-06-30 12:50:20.965000+00:00,control,49,11,2,3,15,1,0,2,1,3,10,2,1,9,2.075,0.0455
ses_20260630-124826-CHAITANYA0BCF,2026-06-30 13:06:11.791000+00:00,control,35,6,1,2,15,0,0,1,0,0,8,1,0,8,2.834,0.0505
ses_20260630-124826-CHAITANYA0BCF,2026-06-30 12:58:59.230000+00:00,control,8,5,2,2,2,0,0,0,0,1,2,0,0,2,0.865,0.121
ses_20260630-124826-CHAITANYA0BCF,2026-06-30 13:10:49.279000+00:00,control,53,10,1,1,2,0,1,3,1,4,18,3,2,12,3.36,0.0595
ses_20260630-124826-CHAITANYA0BCF,2026-06-30 13:08:00.054000+00:00,control,61,7,1,1,1,1,0,0,0,2,10,0,39,5,7.466,0.0165
ses_20260630-124826-CHAITANYA0BCF,2026-06-30 13:07:57.094000+00:00,control,53,6,1,1,1,0,0,0,0,1,6,0,39,5,7.488,0.0165
ses_20260630-124826-CHAITANYA0BCF,2026-06-30 13:01:49.865000+00:00,control,20,3,1,1,0,0,0,0,0,0,14,0,0,5,3.572,0.09
ses_20260630-124826-CHAITANYA0BCF,2026-06-30 13:07:04.285000+00:00,control,46,10,2,2,16,1,0,2,1,3,8,2,1,8,2.255,0.052
ses_20260630-124826-CHAITANYA0BCF,2026-06-30 12:56:05.249000+00:00,control,8,5,1,1,2,0,0,0,0,1,2,0,0,2,0.798,0.086
ses_20260630-124826-CHAITANYA0BCF,2026-06-30 13:08:23.971000+00:00,control,116,12,1,2,17,0,2,4,2,1,66,4,1,14,3.756,0.037
ses_20260630-124826-CHAITANYA0BCF,2026-06-30 12:50:18.495000+00:00,control,49,11,2,3,15,1,0,2,1,3,10,2,1,9,2.075,0.0455
ses_20260630-124826-CHAITANYA0BCF,2026-06-30 12:50:13.845000+00:00,control,66,11,2,3,16,1,0,2,1,4,18,2,1,13,3.691,0.04
ses_20260630-124826-CHAITANYA0BCF,2026-06-30 13:08:12.830000+00:00,control,52,12,2,2,18,1,1,2,1,3,8,2,1,10,2.925,0.052
ses_20260630-124826-CHAITANYA0BCF,2026-06-30 12:57:19.456000+00:00,control,58,8,2,3,13,0,0,1,0,3,20,1,1,11,4.438,0.044
ses_20260630-124826-CHAITANYA0BCF,2026-06-30 13:08:27.548000+00:00,control,110,11,1,2,18,0,2,2,1,0,66,2,1,13,3.756,0.041
ses_20260630-124826-CHAITANYA0BCF,2026-06-30 12:58:48.535000+00:00,control,19,4,2,2,2,0,0,0,0,0,10,0,0,6,9.409,0.111
ses_20260630-124826-CHAITANYA0BCF,2026-06-30 12:51:14.673000+00:00,control,52,9,1,2,3,0,0,3,1,4,18,3,1,12,4.154,0.04
ses_20260630-124826-CHAITANYA0BCF,2026-06-30 13:11:08.375000+00:00,control,13,4,1,1,2,0,4,0,0,0,0,0,0,4,3.722,0.081
ses_20260630-124826-CHAITANYA0BCF,2026-06-30 12:57:20.194000+00:00,control,63,8,2,3,17,0,0,1,0,3,20,1,1,12,4.438,0.047
ses_20260630-124826-CHAITANYA0BCF,2026-06-30 12:51:53.618000+00:00,control,47,11,2,2,15,1,1,2,1,3,8,2,1,9,2.007,0.052
ses_20260630-124826-CHAITANYA0BCF,2026-06-30 13:02:31.868000+00:00,control,43,9,2,2,15,0,0,2,1,3,8,2,1,7,1.938,0.0505
ses_20260630-124826-CHAITANYA0BCF,2026-06-30 12:58:42.136000+00:00,control,37,6,2,3,15,0,0,1,0,0,10,1,0,9,3.572,0.053
ses_20260630-124826-CHAITANYA0BCF,2026-06-30 13:03:50.734000+00:00,control,103,10,1,2,16,0,2,2,1,0,64,2,1,11,2.372,0.04
ses_20260630-124826-CHAITANYA0BCF,2026-06-30 13:08:08.984000+00:00,control,51,10,2,2,16,1,0,2,1,3,12,2,1,9,7.466,0.05
ses_20260630-124826-CHAITANYA0BCF,2026-06-30 13:10:49.528000+00:00,control,49,10,1,1,2,0,1,2,1,4,18,2,1,11,3.36,0.058499999999999996
ses_20260630-124826-CHAITANYA0BCF,2026-06-30 13:01:50.084000+00:00,control,20,3,1,1,0,0,0,0,0,0,14,0,0,5,3.572,0.09
ses_20260630-124826-CHAITANYA0BCF,2026-06-30 12:55:00.630000+00:00,control,52,9,1,2,8,0,0,3,1,2,16,3,1,12,3.257,0.051
ses_20260630-124826-CHAITANYA0BCF,2026-06-30 13:01:51.808000+00:00,control,17,3,1,1,0,0,0,0,0,0,12,0,0,4,3.572,0.07100000000000001
ses_20260630-124826-CHAITANYA0BCF,2026-06-30 13:01:44.015000+00:00,control,25,4,2,2,1,0,0,0,0,0,16,0,0,7,3.572,0.0785
ses_20260630-124826-CHAITANYA0BCF,2026-06-30 12:56:27.646000+00:00,control,49,9,3,3,18,0,0,2,1,3,8,2,1,10,2.753,0.051000000000000004
ses_20260630-124826-CHAITANYA0BCF,2026-06-30 13:08:14.722000+00:00,control,95,13,2,3,18,1,1,3,1,3,46,3,1,12,2.925,0.041
ses_20260630-124826-CHAITANYA0BCF,2026-06-30 12:57:51.930000+00:00,control,54,8,1,2,2,0,0,2,0,4,22,2,1,12,4.193,0.045
ses_20260630-124826-CHAITANYA0BCF,2026-06-30 13:08:23.920000+00:00,control,116,12,1,2,17,0,2,4,2,1,66,4,1,14,3.756,0.037
ses_20260630-124826-CHAITANYA0BCF,2026-06-30 13:08:21.215000+00:00,control,131,12,2,3,31,0,1,4,2,1,66,4,2,16,2.925,0.041
ses_20260630-124826-CHAITANYA0BCF,2026-06-30 13:08:11.619000+00:00,control,52,12,2,2,18,1,1,2,1,3,8,2,1,10,2.925,0.052
ses_20260630-124826-CHAITANYA0BCF,2026-06-30 12:50:19.112000+00:00,control,49,11,2,3,15,1,0,2,1,3,10,2,1,9,2.075,0.0455
ses_20260630-124826-CHAITANYA0BCF,2026-06-30 13:07:56.928000+00:00,control,53,6,1,1,1,0,0,0,0,1,6,0,39,5,7.488,0.0165
ses_20260630-124826-CHAITANYA0BCF,2026-06-30 12:55:30.407000+00:00,control,19,6,2,4,2,0,0,1,0,0,8,1,0,6,3.164,0.0885
ses_20260630-124826-CHAITANYA0BCF,2026-06-30 13:05:23.500000+00:00,control,54,9,3,3,18,0,0,2,1,3,12,2,1,11,6.585,0.052
ses_20260630-124826-CHAITANYA0BCF,2026-06-30 13:08:25.215000+00:00,control,107,10,1,2,16,0,2,3,2,0,64,3,1,12,3.756,0.037
ses_20260630-124826-CHAITANYA0BCF,2026-06-30 12:57:26.047000+00:00,control,56,9,2,2,16,0,0,2,1,3,14,2,1,11,2.697,0.049
ses_20260630-124826-CHAITANYA0BCF,2026-06-30 12:55:00.631000+00:00,control,52,9,1,2,8,0,0,3,1,2,16,3,1,12,3.257,0.051
ses_20260630-124826-CHAITANYA0BCF,2026-06-30 13:03:50.911000+00:00,control,103,10,1,2,16,0,2,2,1,0,64,2,1,11,2.372,0.04
ses_20260630-124826-CHAITANYA0BCF,2026-06-30 13:02:31.868000+00:00,control,43,9,2,2,15,0,0,2,1,3,8,2,1,7,1.938,0.0505
ses_20260630-124826-CHAITANYA0BCF,2026-06-30 12:57:54.859000+00:00,control,55,9,1,1,2,0,0,2,1,4,22,2,1,12,4.193,0.040499999999999994
ses_20260630-124826-CHAITANYA0BCF,2026-06-30 13:08:09.214000+00:00,control,51,10,2,2,16,1,0,2,1,3,12,2,1,9,7.466,0.05
ses_20260630-124826-CHAITANYA0BCF,2026-06-30 13:08:23.613000+00:00,control,116,12,1,2,17,0,2,4,2,1,66,4,1,14,3.756,0.037
ses_20260630-124826-CHAITANYA0BCF,2026-06-30 13:06:14.380000+00:00,control,20,6,1,1,2,0,0,1,0,0,8,1,0,6,2.834,0.071
ses_20260630-124826-CHAITANYA0BCF,2026-06-30 12:56:51.151000+00:00,control,76,8,1,2,16,0,0,2,0,4,26,2,1,16,3.027,0.05
ses_20260630-124826-CHAITANYA0BCF,2026-06-30 13:08:23.592000+00:00,control,116,12,1,2,17,0,2,4,2,1,66,4,1,14,3.756,0.037
ses_20260630-124826-CHAITANYA0BCF,2026-06-30 13:00:14.059000+00:00,control,20,7,1,1,1,0,0,1,0,0,8,1,1,6,2.65,0.049
ses_20260630-124826-CHAITANYA0BCF,2026-06-30 13:10:53.259000+00:00,control,35,10,1,1,1,0,1,2,1,3,12,2,1,8,3.36,0.0665
ses_20260630-124826-CHAITANYA0BCF,2026-06-30 13:08:27.460000+00:00,control,110,11,1,2,18,0,2,2,1,0,66,2,1,13,3.756,0.041
ses_20260630-124826-CHAITANYA0BCF,2026-06-30 13:08:33.405000+00:00,control,107,11,1,2,16,0,1,2,1,0,68,2,1,12,5.315,0.037
ses_20260630-124826-CHAITANYA0BCF,2026-06-30 12:50:16.890000+00:00,control,60,11,2,3,15,1,0,2,1,4,16,2,1,11,3.691,0.04
ses_20260630-124826-CHAITANYA0BCF,2026-06-30 12:57:19.500000+00:00,control,59,8,2,3,14,0,0,1,0,3,20,1,1,11,4.438,0.0465
ses_20260630-124826-CHAITANYA0BCF,2026-06-30 13:10:48.302000+00:00,control,53,10,1,1,2,0,1,3,1,4,18,3,2,12,3.36,0.0595
ses_20260630-124826-CHAITANYA0BCF,2026-06-30 12:50:11.712000+00:00,control,70,11,2,3,16,1,0,3,1,4,18,3,2,14,3.691,0.04
ses_20260630-124826-CHAITANYA0BCF,2026-06-30 13:10:25.081000+00:00,control,68,9,2,2,16,0,0,2,1,4,20,2,1,14,3.287,0.048
ses_20260630-124826-CHAITANYA0BCF,2026-06-30 12:59:41.995000+00:00,control,31,7,1,2,15,0,0,1,0,1,6,1,0,6,3.458,0.0455
ses_20260630-125757-LAPTOP-R36BQBTE,2026-06-30 13:07:16.577000+00:00,control,36,5,2,2,15,0,0,0,0,0,8,2,0,7,1.879,0.059
ses_20260630-125757-LAPTOP-R36BQBTE,2026-06-30 13:02:30.052000+00:00,control,47,8,2,4,18,2,0,0,0,0,8,2,1,11,4.323,0.0805
ses_20260630-125757-LAPTOP-R36BQBTE,2026-06-30 12:59:48.043000+00:00,control,26,8,2,4,3,1,0,0,0,0,8,1,2,7,3.958,0.141
ses_20260630-125757-LAPTOP-R36BQBTE,2026-06-30 13:02:24.377000+00:00,control,48,6,2,2,17,0,0,0,0,0,12,2,1,11,7.347,0.081
ses_20260630-125757-LAPTOP-R36BQBTE,2026-06-30 13:11:02.427000+00:00,control,33,5,1,1,1,0,0,0,0,0,16,2,0,8,3.744,0.025500000000000002
ses_20260630-125757-LAPTOP-R36BQBTE,2026-06-30 13:15:55.053000+00:00,control,29,5,2,2,17,0,0,0,0,0,2,2,0,7,6.369,0.055
ses_20260630-125757-LAPTOP-R36BQBTE,2026-06-30 13:14:27.127000+00:00,control,43,6,1,2,3,0,0,0,0,4,18,3,0,8,4.241,0.059
ses_20260630-125757-LAPTOP-R36BQBTE,2026-06-30 13:03:57.014000+00:00,control,64,6,2,2,17,0,0,0,0,1,22,1,0,14,4.366,0.058
ses_20260630-125757-LAPTOP-R36BQBTE,2026-06-30 13:13:24.776000+00:00,control,38,6,1,1,1,0,0,0,0,2,20,1,0,6,3.652,0.002
ses_20260630-125757-LAPTOP-R36BQBTE,2026-06-30 13:10:05.072000+00:00,control,39,7,2,2,16,1,0,0,0,1,8,2,0,7,2.205,0.055
ses_20260630-125757-LAPTOP-R36BQBTE,2026-06-30 13:06:38.985000+00:00,control,42,7,2,2,16,0,0,0,0,3,8,2,1,8,1.87,0.068
ses_20260630-125757-LAPTOP-R36BQBTE,2026-06-30 13:13:03.134000+00:00,control,49,6,2,2,15,0,0,0,0,2,14,2,0,10,2.691,0.056
ses_20260630-125757-LAPTOP-R36BQBTE,2026-06-30 13:09:18.423000+00:00,control,64,6,1,2,27,0,0,0,0,2,16,1,0,12,3.327,0.051
ses_20260630-125757-LAPTOP-R36BQBTE,2026-06-30 13:01:41.193000+00:00,control,34,5,1,2,14,0,0,0,0,0,8,1,0,8,2.642,0.056
ses_20260630-125757-LAPTOP-R36BQBTE,2026-06-30 13:02:28.939000+00:00,control,47,8,2,4,18,2,0,0,0,0,8,2,1,11,4.323,0.0805
ses_20260630-125757-LAPTOP-R36BQBTE,2026-06-30 13:01:18.676000+00:00,control,21,6,1,1,2,0,0,0,0,1,8,2,0,4,4.378,0.078
ses_20260630-125757-LAPTOP-R36BQBTE,2026-06-30 13:02:28.467000+00:00,control,47,8,2,4,18,2,0,0,0,0,8,2,1,11,4.323,0.0805
ses_20260630-125757-LAPTOP-R36BQBTE,2026-06-30 13:14:51.526000+00:00,control,56,6,2,2,16,0,0,0,0,2,18,2,0,11,4.662,0.049
ses_20260630-125757-LAPTOP-R36BQBTE,2026-06-30 13:11:02.352000+00:00,control,33,5,1,1,1,0,0,0,0,0,16,2,0,8,3.744,0.025500000000000002
ses_20260630-125757-LAPTOP-R36BQBTE,2026-06-30 13:10:36.346000+00:00,control,31,6,1,1,1,0,0,0,0,2,14,2,0,6,3.842,0.0595
ses_20260630-125757-LAPTOP-R36BQBTE,2026-06-30 13:02:28.918000+00:00,control,47,8,2,4,18,2,0,0,0,0,8,2,1,11,4.323,0.0805
ses_20260630-125757-LAPTOP-R36BQBTE,2026-06-30 13:14:51.526000+00:00,control,56,6,2,2,16,0,0,0,0,2,18,2,0,11,4.662,0.049
ses_20260630-125757-LAPTOP-R36BQBTE,2026-06-30 13:12:06.678000+00:00,control,20,6,1,1,1,0,0,0,0,2,8,2,0,3,3.767,0.049
ses_20260630-125757-LAPTOP-R36BQBTE,2026-06-30 13:08:55.518000+00:00,control,59,6,2,3,17,0,0,0,0,1,18,3,0,13,4.271,0.0575
ses_20260630-125757-LAPTOP-R36BQBTE,2026-06-30 13:12:06.677000+00:00,control,20,6,1,1,1,0,0,0,0,2,8,2,0,3,3.767,0.049
ses_20260630-125757-LAPTOP-R36BQBTE,2026-06-30 13:06:39.289000+00:00,control,42,7,2,2,16,0,0,0,0,3,8,2,1,8,1.87,0.068
ses_20260630-125757-LAPTOP-R36BQBTE,2026-06-30 13:04:28.172000+00:00,control,23,5,1,1,0,0,0,0,0,1,12,2,0,4,3.984,0.0485
ses_20260630-125757-LAPTOP-R36BQBTE,2026-06-30 13:02:25.317000+00:00,control,44,6,2,2,17,0,0,0,0,0,10,2,1,10,7.347,0.081
ses_20260630-125757-LAPTOP-R36BQBTE,2026-06-30 13:01:18.675000+00:00,control,21,6,1,1,2,0,0,0,0,1,8,2,0,4,4.378,0.078
ses_20260630-125757-LAPTOP-R36BQBTE,2026-06-30 13:10:05.460000+00:00,control,39,7,2,2,16,1,0,0,0,1,8,2,0,7,2.205,0.055
ses_20260630-125757-LAPTOP-R36BQBTE,2026-06-30 13:10:05.003000+00:00,control,39,7,2,2,16,1,0,0,0,1,8,2,0,7,2.205,0.055
ses_20260630-125757-LAPTOP-R36BQBTE,2026-06-30 13:00:03.165000+00:00,control,41,8,2,2,16,0,0,0,0,1,8,2,1,8,1.81,0.056999999999999995
ses_20260630-125757-LAPTOP-R36BQBTE,2026-06-30 13:15:11.867000+00:00,control,73,6,1,2,28,0,0,0,0,2,20,1,0,14,3.917,0.0505
ses_20260630-125757-LAPTOP-R36BQBTE,2026-06-30 12:59:44.050000+00:00,control,44,8,2,4,18,1,0,0,0,0,8,1,2,10,3.958,0.055
ses_20260630-125757-LAPTOP-R36BQBTE,2026-06-30 13:15:47.920000+00:00,control,45,6,2,2,18,0,0,0,0,1,10,2,0,10,2.903,0.0545
ses_20260630-125757-LAPTOP-R36BQBTE,2026-06-30 13:00:04.996000+00:00,control,41,8,2,2,16,0,0,0,0,1,8,2,1,8,1.81,0.056999999999999995
ses_20260630-125757-LAPTOP-R36BQBTE,2026-06-30 13:01:41.942000+00:00,control,36,5,2,3,15,0,0,0,0,0,8,1,0,9,8.874,0.058
ses_20260630-125757-LAPTOP-R36BQBTE,2026-06-30 13:13:00.383000+00:00,control,63,6,2,2,16,0,0,0,0,2,22,1,0,13,4.3,0.053
ses_20260630-125757-LAPTOP-R36BQBTE,2026-06-30 13:01:42.813000+00:00,control,29,5,2,3,3,0,0,0,0,0,12,1,0,8,8.874,0.0785
ses_20260630-125757-LAPTOP-R36BQBTE,2026-06-30 13:15:41.027000+00:00,control,57,6,2,2,17,0,0,0,0,1,18,3,0,11,3.746,0.0535
ses_20260630-125757-LAPTOP-R36BQBTE,2026-06-30 13:13:31.195000+00:00,control,28,5,1,1,0,0,0,0,0,2,14,2,0,4,3.672,0.053
ses_20260630-125757-LAPTOP-R36BQBTE,2026-06-30 13:08:22.248000+00:00,control,46,6,1,1,2,0,0,0,0,2,22,2,0,9,4.208,0.039
ses_20260630-125757-LAPTOP-R36BQBTE,2026-06-30 13:12:32.009000+00:00,control,38,6,1,1,2,0,0,0,0,1,18,2,0,8,4.813,0.018
ses_20260630-125757-LAPTOP-R36BQBTE,2026-06-30 12:59:48.043000+00:00,control,26,8,2,4,3,1,0,0,0,0,8,1,2,7,3.958,0.141
ses_20260630-125757-LAPTOP-R36BQBTE,2026-06-30 13:06:22.763000+00:00,control,27,6,2,3,8,0,0,0,0,0,8,1,1,6,5.362,0.0525
ses_20260630-131729-CHAITANYA0BCF,2026-06-30 13:30:18.388000+00:00,control,45,10,1,1,1,0,0,3,1,2,16,3,1,11,3.823,0.0385
ses_20260630-131729-CHAITANYA0BCF,2026-06-30 13:33:53.712000+00:00,control,59,8,1,2,9,0,0,2,0,4,20,2,1,13,4.011,0.052
ses_20260630-131729-CHAITANYA0BCF,2026-06-30 13:35:53.892000+00:00,control,46,10,2,2,16,1,0,2,1,3,8,2,1,8,2.07,0.05
ses_20260630-131729-CHAITANYA0BCF,2026-06-30 13:26:06.715000+00:00,control,41,9,2,3,16,1,0,1,0,0,8,1,2,9,2.401,0.052
ses_20260630-131729-CHAITANYA0BCF,2026-06-30 13:36:31.718000+00:00,control,47,10,3,3,16,1,0,2,1,3,8,2,1,9,1.941,0.0525
ses_20260630-131729-CHAITANYA0BCF,2026-06-30 13:18:55.266000+00:00,control,52,11,3,4,17,2,0,2,1,3,8,2,2,10,1.674,0.05
ses_20260630-131729-CHAITANYA0BCF,2026-06-30 13:22:04.940000+00:00,control,73,8,1,2,29,0,0,2,0,3,16,2,1,14,3.262,0.051
ses_20260630-131729-CHAITANYA0BCF,2026-06-30 13:36:28.813000+00:00,control,47,10,3,3,16,1,0,2,1,3,8,2,1,9,1.941,0.0525
ses_20260630-131729-CHAITANYA0BCF,2026-06-30 13:26:22.002000+00:00,control,48,9,2,2,17,0,0,2,1,3,8,2,1,10,1.599,0.057
ses_20260630-131729-CHAITANYA0BCF,2026-06-30 13:28:20.557000+00:00,control,53,9,1,1,3,0,0,3,1,4,18,3,2,12,3.066,0.059
ses_20260630-131729-CHAITANYA0BCF,2026-06-30 13:21:44.339000+00:00,control,46,10,2,2,16,1,0,2,1,3,8,2,1,8,2.049,0.05
ses_20260630-131729-CHAITANYA0BCF,2026-06-30 13:26:59.125000+00:00,control,45,9,2,2,16,0,0,2,1,3,8,2,1,8,1.807,0.0525
ses_20260630-131729-CHAITANYA0BCF,2026-06-30 13:32:24.081000+00:00,control,54,9,1,1,1,0,0,2,1,4,22,2,1,12,4.222,0.055
ses_20260630-131729-CHAITANYA0BCF,2026-06-30 13:23:31.456000+00:00,control,47,9,3,3,17,0,0,2,1,3,8,2,1,9,1.846,0.0525
ses_20260630-131729-CHAITANYA0BCF,2026-06-30 13:33:27.723000+00:00,control,45,9,2,2,16,0,0,2,1,3,8,2,1,8,2.207,0.0525
ses_20260630-131729-CHAITANYA0BCF,2026-06-30 13:18:54.859000+00:00,control,52,11,3,4,17,2,0,2,1,3,8,2,2,10,1.674,0.05
ses_20260630-131729-CHAITANYA0BCF,2026-06-30 13:26:21.231000+00:00,control,48,9,2,2,17,0,0,2,1,3,8,2,1,10,1.599,0.057
ses_20260630-131729-CHAITANYA0BCF,2026-06-30 13:34:39.136000+00:00,control,50,9,3,3,18,0,0,2,1,3,8,2,3,9,2.158,0.052
ses_20260630-131729-CHAITANYA0BCF,2026-06-30 13:24:09.590000+00:00,control,32,10,2,2,2,1,0,2,1,3,8,2,2,7,2.591,0.069
ses_20260630-131729-CHAITANYA0BCF,2026-06-30 13:34:39.543000+00:00,control,50,9,3,3,18,0,0,2,1,3,8,2,3,9,2.158,0.052
ses_20260630-131729-CHAITANYA0BCF,2026-06-30 13:21:44.089000+00:00,control,46,10,2,2,16,1,0,2,1,3,8,2,1,8,2.049,0.05
ses_20260630-131729-CHAITANYA0BCF,2026-06-30 13:26:59.354000+00:00,control,45,9,2,2,16,0,0,2,1,3,8,2,1,8,1.807,0.0525
ses_20260630-131729-CHAITANYA0BCF,2026-06-30 13:24:14.385000+00:00,control,32,10,2,2,2,1,0,2,1,3,8,2,2,7,2.591,0.069
ses_20260630-131729-CHAITANYA0BCF,2026-06-30 13:23:31.220000+00:00,control,47,9,3,3,17,0,0,2,1,3,8,2,1,9,1.846,0.0525
ses_20260630-131729-CHAITANYA0BCF,2026-06-30 13:28:55.853000+00:00,control,25,14,1,3,3,1,1,2,1,1,2,2,1,6,3.835,0.054
ses_20260630-131729-CHAITANYA0BCF,2026-06-30 13:23:31.706000+00:00,control,47,9,3,3,17,0,0,2,1,3,8,2,1,9,1.846,0.0525
ses_20260630-131729-CHAITANYA0BCF,2026-06-30 13:36:28.902000+00:00,control,47,10,3,3,16,1,0,2,1,3,8,2,1,9,1.941,0.0525
ses_20260630-131729-CHAITANYA0BCF,2026-06-30 13:35:54.118000+00:00,control,46,10,2,2,16,1,0,2,1,3,8,2,1,8,2.07,0.05
ses_20260630-131729-CHAITANYA0BCF,2026-06-30 13:18:54.108000+00:00,control,49,11,2,3,17,1,0,2,1,3,8,2,1,9,1.674,0.05
ses_20260630-131729-CHAITANYA0BCF,2026-06-30 13:27:55.693000+00:00,control,54,9,2,2,17,0,0,2,1,3,12,2,2,11,7.611,0.054
ses_20260630-131729-CHAITANYA0BCF,2026-06-30 13:34:23.050000+00:00,control,19,7,2,3,1,0,0,1,0,0,8,1,1,5,5.809,0.1005
ses_20260630-131729-CHAITANYA0BCF,2026-06-30 13:18:57.921000+00:00,control,52,11,3,4,17,2,0,2,1,3,8,2,2,10,1.674,0.05
ses_20260630-131729-CHAITANYA0BCF,2026-06-30 13:28:49.866000+00:00,control,36,14,1,3,3,1,1,2,1,1,8,2,1,9,3.835,0.053
ses_20260630-131729-CHAITANYA0BCF,2026-06-30 13:27:24.033000+00:00,control,45,9,1,2,2,0,0,3,1,2,16,3,1,11,4.574,0.0535
ses_20260630-131729-CHAITANYA0BCF,2026-06-30 13:25:43.447000+00:00,control,53,9,3,3,19,0,0,2,1,3,10,2,1,11,7.183,0.055
ses_20260630-131729-CHAITANYA0BCF,2026-06-30 13:20:08.221000+00:00,control,50,8,1,2,5,0,0,1,0,3,20,1,1,11,3.361,0.029
ses_20260630-131729-CHAITANYA0BCF,2026-06-30 13:25:43.511000+00:00,control,53,9,3,3,19,0,0,2,1,3,10,2,1,11,7.183,0.055
ses_20260630-131729-CHAITANYA0BCF,2026-06-30 13:36:33.162000+00:00,control,47,10,3,3,16,1,0,2,1,3,8,2,1,9,1.941,0.0525
ses_20260630-131729-CHAITANYA0BCF,2026-06-30 13:20:40.380000+00:00,control,67,9,2,2,17,0,0,2,1,3,20,2,1,13,3.73,0.049
ses_20260630-131729-CHAITANYA0BCF,2026-06-30 13:21:04.008000+00:00,control,60,7,1,2,15,0,0,1,0,3,20,1,0,12,3.349,0.046
ses_20260630-131729-CHAITANYA0BCF,2026-06-30 13:34:21.919000+00:00,control,34,7,2,3,14,0,0,1,0,0,8,1,1,7,5.809,0.051
ses_20260630-131729-CHAITANYA0BCF,2026-06-30 13:20:35.502000+00:00,control,68,8,2,2,17,0,0,2,0,3,20,2,2,14,3.73,0.049
ses_20260630-131729-CHAITANYA0BCF,2026-06-30 13:35:54.138000+00:00,control,46,10,2,2,16,1,0,2,1,3,8,2,1,8,2.07,0.05
ses_20260630-131729-CHAITANYA0BCF,2026-06-30 13:22:10.535000+00:00,control,47,9,1,1,2,0,0,2,1,4,18,2,1,10,3.262,0.035500000000000004
ses_20260630-131729-CHAITANYA0BCF,2026-06-30 13:22:10.713000+00:00,control,47,9,1,1,2,0,0,2,1,4,18,2,1,10,3.262,0.035500000000000004
ses_20260630-131729-CHAITANYA0BCF,2026-06-30 13:33:56.372000+00:00,control,56,9,1,1,2,0,0,2,1,4,22,2,1,13,4.011,0.053
ses_20260630-131729-CHAITANYA0BCF,2026-06-30 13:36:30.825000+00:00,control,47,10,3,3,16,1,0,2,1,3,8,2,1,9,1.941,0.0525
ses_20260630-131729-CHAITANYA0BCF,2026-06-30 13:23:51.921000+00:00,control,20,7,1,1,1,0,0,1,0,0,8,1,1,6,3.187,0.04
ses_20260630-132737-LAPTOP-R36BQBTE,2026-06-30 13:37:57.506000+00:00,control,42,7,3,3,17,0,0,0,0,1,8,2,1,9,1.685,0.054
ses_20260630-132737-LAPTOP-R36BQBTE,2026-06-30 13:47:29.594000+00:00,control,28,8,2,2,2,1,0,0,0,1,10,2,1,7,2.762,0.061
ses_20260630-132737-LAPTOP-R36BQBTE,2026-06-30 13:45:00.007000+00:00,control,32,5,1,1,0,0,0,0,0,2,16,2,0,6,3.448,0.05
ses_20260630-132737-LAPTOP-R36BQBTE,2026-06-30 13:36:31.734000+00:00,control,19,6,2,3,1,0,0,0,0,0,8,1,1,5,5.273,0.136
ses_20260630-132737-LAPTOP-R36BQBTE,2026-06-30 13:47:54.116000+00:00,control,6,2,1,1,3,0,0,0,0,0,0,0,0,3,4.957,0.102
ses_20260630-132737-LAPTOP-R36BQBTE,2026-06-30 13:36:06.777000+00:00,control,31,6,1,1,1,0,0,0,0,2,14,2,0,6,4.13,0.0445
ses_20260630-132737-LAPTOP-R36BQBTE,2026-06-30 13:39:25.067000+00:00,control,30,8,1,4,2,2,0,0,0,1,10,2,0,7,4.173,0.073
ses_20260630-132737-LAPTOP-R36BQBTE,2026-06-30 13:44:31.678000+00:00,control,50,6,2,2,15,0,0,0,0,1,16,2,0,10,3.175,0.053
ses_20260630-132737-LAPTOP-R36BQBTE,2026-06-30 13:43:31.356000+00:00,control,34,6,1,1,1,0,0,0,0,2,16,2,0,7,2.953,0.034
ses_20260630-132737-LAPTOP-R36BQBTE,2026-06-30 13:45:39.136000+00:00,control,77,5,1,2,0,2,0,0,0,0,64,2,0,7,3.931,0.0205
ses_20260630-132737-LAPTOP-R36BQBTE,2026-06-30 13:47:24.958000+00:00,control,43,8,2,2,3,1,0,0,0,1,18,2,1,10,3.39,0.0495
ses_20260630-132737-LAPTOP-R36BQBTE,2026-06-30 13:45:39.395000+00:00,control,77,5,1,2,0,2,0,0,0,0,64,2,0,7,3.931,0.0205
ses_20260630-132737-LAPTOP-R36BQBTE,2026-06-30 13:32:23.260000+00:00,control,39,6,2,2,16,0,0,0,0,1,8,2,0,8,2.501,0.052
ses_20260630-132737-LAPTOP-R36BQBTE,2026-06-30 13:37:37.688000+00:00,control,34,6,2,3,14,0,0,0,0,0,8,1,1,7,4.837,0.055
ses_20260630-132737-LAPTOP-R36BQBTE,2026-06-30 13:36:46.437000+00:00,control,41,7,2,2,16,0,0,0,0,1,8,2,1,9,2.445,0.0645
ses_20260630-132737-LAPTOP-R36BQBTE,2026-06-30 13:29:45.287000+00:00,control,49,7,2,2,15,0,0,0,0,1,14,2,0,10,2.631,0.0545
ses_20260630-132737-LAPTOP-R36BQBTE,2026-06-30 13:41:01.397000+00:00,control,39,7,2,2,15,1,0,0,0,2,8,2,0,7,2.082,0.052
ses_20260630-132737-LAPTOP-R36BQBTE,2026-06-30 13:27:59.145000+00:00,control,19,3,3,4,12,2,0,0,0,0,0,0,0,5,1.018,0.10550000000000001
ses_20260630-132737-LAPTOP-R36BQBTE,2026-06-30 13:37:09.598000+00:00,control,48,6,1,2,5,0,0,0,0,2,20,2,0,11,4.427,0.053
ses_20260630-132737-LAPTOP-R36BQBTE,2026-06-30 13:36:44.897000+00:00,control,39,7,2,2,15,0,0,0,0,1,8,2,1,8,1.806,0.059
ses_20260630-132737-LAPTOP-R36BQBTE,2026-06-30 13:27:48.539000+00:00,control,21,3,3,3,8,0,0,0,0,0,8,0,0,5,7.494,0.0655
ses_20260630-132737-LAPTOP-R36BQBTE,2026-06-30 13:30:07.882000+00:00,control,26,8,2,4,4,1,0,0,0,0,8,1,0,7,3.957,0.087
ses_20260630-132737-LAPTOP-R36BQBTE,2026-06-30 13:29:45.039000+00:00,control,49,7,2,2,15,0,0,0,0,1,14,2,0,10,2.631,0.0545
ses_20260630-132737-LAPTOP-R36BQBTE,2026-06-30 13:37:09.596000+00:00,control,48,6,1,2,5,0,0,0,0,2,20,2,0,11,4.427,0.053
ses_20260630-132737-LAPTOP-R36BQBTE,2026-06-30 13:30:06.546000+00:00,control,26,8,2,4,4,1,0,0,0,0,8,1,0,7,3.957,0.087
ses_20260630-132737-LAPTOP-R36BQBTE,2026-06-30 13:29:10.557000+00:00,control,44,6,2,2,3,0,0,0,0,1,20,2,0,10,4.624,0.048
ses_20260630-132737-LAPTOP-R36BQBTE,2026-06-30 13:41:00.967000+00:00,control,39,7,2,2,15,1,0,0,0,2,8,2,0,7,2.082,0.052
ses_20260630-132737-LAPTOP-R36BQBTE,2026-06-30 13:47:24.790000+00:00,control,43,8,2,2,3,1,0,0,0,1,18,2,1,10,3.39,0.0495
ses_20260630-132737-LAPTOP-R36BQBTE,2026-06-30 13:37:12.663000+00:00,control,48,6,1,1,2,0,0,0,0,3,22,2,0,10,4.427,0.045
ses_20260630-132737-LAPTOP-R36BQBTE,2026-06-30 13:38:45.010000+00:00,control,55,6,2,2,14,0,0,0,0,2,20,1,0,10,3.295,0.0465
ses_20260630-132737-LAPTOP-R36BQBTE,2026-06-30 13:46:27.590000+00:00,control,47,7,1,1,2,0,0,0,0,2,20,2,2,11,3.754,0.044
ses_20260630-132737-LAPTOP-R36BQBTE,2026-06-30 13:36:31.949000+00:00,control,19,6,2,3,1,0,0,0,0,0,8,1,1,5,5.273,0.136
ses_20260630-132737-LAPTOP-R36BQBTE,2026-06-30 13:32:26.571000+00:00,control,39,6,2,2,16,0,0,0,0,1,8,2,0,8,2.501,0.052
ses_20260630-132737-LAPTOP-R36BQBTE,2026-06-30 13:45:39.876000+00:00,control,77,5,1,2,0,2,0,0,0,0,64,2,0,7,3.931,0.0205
ses_20260630-132737-LAPTOP-R36BQBTE,2026-06-30 13:37:35.496000+00:00,control,41,6,2,3,20,0,0,0,0,0,8,1,1,8,4.837,0.0545
ses_20260630-132737-LAPTOP-R36BQBTE,2026-06-30 13:44:53.763000+00:00,control,41,6,1,1,1,0,0,0,0,2,20,2,0,8,3.448,0.032
ses_20260630-132737-LAPTOP-R36BQBTE,2026-06-30 13:35:59.875000+00:00,control,43,6,1,2,4,0,0,0,0,1,20,1,0,9,4.207,0.0505
ses_20260630-132737-LAPTOP-R36BQBTE,2026-06-30 13:30:43.654000+00:00,control,20,6,1,1,1,0,0,0,0,0,8,1,1,6,2.484,0.044
ses_20260630-132737-LAPTOP-R36BQBTE,2026-06-30 13:31:00.982000+00:00,control,19,6,1,1,0,0,0,0,0,1,8,2,1,3,2.891,0.0215
ses_20260630-132737-LAPTOP-R36BQBTE,2026-06-30 13:45:04.114000+00:00,control,26,5,1,1,0,0,0,0,0,2,12,2,0,4,3.448,0.05
ses_20260630-132737-LAPTOP-R36BQBTE,2026-06-30 13:42:58.813000+00:00,control,53,6,1,2,12,0,0,0,0,1,20,1,0,11,3.931,0.051500000000000004
ses_20260630-132737-LAPTOP-R36BQBTE,2026-06-30 13:44:54.471000+00:00,control,45,6,1,1,1,0,0,0,0,2,22,2,0,9,3.448,0.032
ses_20260630-132737-LAPTOP-R36BQBTE,2026-06-30 13:45:39.749000+00:00,control,77,5,1,2,0,2,0,0,0,0,64,2,0,7,3.931,0.0205
ses_20260630-132737-LAPTOP-R36BQBTE,2026-06-30 13:29:44.404000+00:00,control,52,7,2,2,15,0,0,0,0,1,16,2,0,11,3.733,0.055
ses_20260630-132737-LAPTOP-R36BQBTE,2026-06-30 13:31:00.982000+00:00,control,19,6,1,1,0,0,0,0,0,1,8,2,1,3,2.891,0.0215
ses_20260630-132737-LAPTOP-R36BQBTE,2026-06-30 13:29:45.140000+00:00,control,49,7,2,2,15,0,0,0,0,1,14,2,0,10,2.631,0.0545
ses_20260630-132737-LAPTOP-R36BQBTE,2026-06-30 13:44:31.925000+00:00,control,50,6,2,2,15,0,0,0,0,1,16,2,0,10,3.175,0.053
ses_20260630-132737-LAPTOP-R36BQBTE,2026-06-30 13:41:23.174000+00:00,control,36,6,1,1,1,0,0,0,0,1,18,3,0,6,4.266,0.059
ses_20260630-132737-LAPTOP-R36BQBTE,2026-06-30 13:31:25.315000+00:00,control,32,5,1,1,1,0,0,0,0,0,16,2,0,7,3.131,0.016
ses_20260630-132737-LAPTOP-R36BQBTE,2026-06-30 13:37:37.923000+00:00,control,34,6,2,3,14,0,0,0,0,0,8,1,1,7,4.837,0.055
ses_20260630-132737-LAPTOP-R36BQBTE,2026-06-30 13:36:00.542000+00:00,control,40,6,1,2,2,0,0,0,0,1,20,1,0,8,4.207,0.045
ses_20260630-135201-LAPTOP-R36BQBTE,2026-06-30 13:57:06.715000+00:00,control,40,6,2,2,16,0,0,0,0,1,8,2,0,9,3.17,0.076
ses_20260630-135201-LAPTOP-R36BQBTE,2026-06-30 14:09:47.748000+00:00,control,37,6,2,2,15,0,0,0,0,1,8,2,0,7,1.918,0.056499999999999995
ses_20260630-135201-LAPTOP-R36BQBTE,2026-06-30 14:06:19.281000+00:00,control,101,6,1,2,17,0,0,0,0,0,66,3,0,12,4.44,0.041
ses_20260630-135201-LAPTOP-R36BQBTE,2026-06-30 13:56:42.037000+00:00,control,55,8,2,4,28,1,0,0,0,0,8,1,2,11,3.925,0.056
ses_20260630-135201-LAPTOP-R36BQBTE,2026-06-30 14:06:17.853000+00:00,control,102,7,1,2,16,0,0,0,0,0,66,4,1,12,2.45,0.041
ses_20260630-135201-LAPTOP-R36BQBTE,2026-06-30 13:57:05.551000+00:00,control,40,6,2,2,16,0,0,0,0,1,8,2,0,9,3.17,0.076
ses_20260630-135201-LAPTOP-R36BQBTE,2026-06-30 14:02:15.876000+00:00,control,19,3,1,1,0,0,0,0,0,0,12,0,0,6,4.858,0.0945
ses_20260630-135201-LAPTOP-R36BQBTE,2026-06-30 14:06:40.674000+00:00,control,41,6,1,1,2,0,0,0,0,2,20,1,0,8,3.443,0.035
ses_20260630-135201-LAPTOP-R36BQBTE,2026-06-30 14:01:32.864000+00:00,control,17,5,2,2,0,0,0,0,0,0,8,1,1,4,5.499,0.1605
ses_20260630-135201-LAPTOP-R36BQBTE,2026-06-30 13:55:04.341000+00:00,control,39,7,2,2,16,1,0,0,0,1,8,2,0,7,2.127,0.0525
ses_20260630-135201-LAPTOP-R36BQBTE,2026-06-30 14:06:18.297000+00:00,control,101,6,1,2,17,0,0,0,0,0,66,4,0,11,4.44,0.041
ses_20260630-135201-LAPTOP-R36BQBTE,2026-06-30 14:09:51.104000+00:00,control,41,8,2,4,16,1,0,0,0,1,8,2,0,8,4.878,0.0535
ses_20260630-135201-LAPTOP-R36BQBTE,2026-06-30 13:55:08.197000+00:00,control,39,7,2,2,16,1,0,0,0,1,8,2,0,7,2.127,0.0525
ses_20260630-135201-LAPTOP-R36BQBTE,2026-06-30 13:54:20.855000+00:00,control,49,6,2,5,27,0,0,0,0,0,8,1,0,11,4.412,0.0555
ses_20260630-135201-LAPTOP-R36BQBTE,2026-06-30 14:09:47.975000+00:00,control,37,6,2,2,15,0,0,0,0,1,8,2,0,7,1.918,0.056499999999999995
ses_20260630-135201-LAPTOP-R36BQBTE,2026-06-30 13:52:14.837000+00:00,control,16,3,2,3,12,1,0,0,0,0,0,0,0,3,1.518,0.071
ses_20260630-135201-LAPTOP-R36BQBTE,2026-06-30 13:55:07.923000+00:00,control,39,7,2,2,16,1,0,0,0,1,8,2,0,7,2.127,0.0525
ses_20260630-135201-LAPTOP-R36BQBTE,2026-06-30 14:00:21.402000+00:00,control,50,6,1,2,14,0,0,0,0,1,16,3,0,10,3.136,0.054
ses_20260630-135201-LAPTOP-R36BQBTE,2026-06-30 13:57:02.199000+00:00,control,38,6,2,2,15,0,0,0,0,1,8,2,0,8,1.77,0.068
ses_20260630-135201-LAPTOP-R36BQBTE,2026-06-30 14:06:17.549000+00:00,control,102,7,1,2,16,0,0,0,0,0,66,4,1,12,2.45,0.041
ses_20260630-135201-LAPTOP-R36BQBTE,2026-06-30 14:06:51.235000+00:00,control,32,7,2,2,2,1,0,0,0,2,12,2,0,7,3.78,0.06
ses_20260630-135201-LAPTOP-R36BQBTE,2026-06-30 14:06:47.206000+00:00,control,38,7,2,2,2,1,0,0,0,2,16,2,0,9,3.78,0.06
ses_20260630-135201-LAPTOP-R36BQBTE,2026-06-30 13:59:19.295000+00:00,control,18,5,1,1,1,0,0,0,0,0,8,1,0,5,2.933,0.062
ses_20260630-135201-LAPTOP-R36BQBTE,2026-06-30 14:06:09.911000+00:00,control,91,8,1,2,15,0,0,0,0,1,52,3,1,12,2.502,0.041
ses_20260630-135201-LAPTOP-R36BQBTE,2026-06-30 13:54:27.525000+00:00,control,18,5,1,3,2,0,0,0,0,0,8,0,0,6,3.697,0.155
ses_20260630-135201-LAPTOP-R36BQBTE,2026-06-30 13:57:02.077000+00:00,control,38,6,2,2,15,0,0,0,0,1,8,2,0,8,1.77,0.068
ses_20260630-135201-LAPTOP-R36BQBTE,2026-06-30 14:06:00.835000+00:00,control,45,7,1,1,1,0,0,0,0,1,22,2,1,9,4.456,0.057499999999999996
ses_20260630-135201-LAPTOP-R36BQBTE,2026-06-30 13:52:12.596000+00:00,control,26,4,3,4,12,1,0,0,0,0,8,0,0,5,7.669,0.092
ses_20260630-135201-LAPTOP-R36BQBTE,2026-06-30 14:06:05.345000+00:00,control,36,7,1,1,2,0,0,0,0,1,16,2,1,8,4.456,0.08
ses_20260630-135201-LAPTOP-R36BQBTE,2026-06-30 14:01:46.698000+00:00,control,41,6,2,2,18,0,0,0,0,1,8,2,0,8,2.827,0.0745
ses_20260630-135201-LAPTOP-R36BQBTE,2026-06-30 14:06:19.553000+00:00,control,101,6,1,2,17,0,0,0,0,0,66,3,0,12,4.44,0.041
ses_20260630-135201-LAPTOP-R36BQBTE,2026-06-30 14:02:19.979000+00:00,control,13,3,1,1,0,0,0,0,0,0,8,0,0,4,4.858,0.08099999999999999
ses_20260630-135201-LAPTOP-R36BQBTE,2026-06-30 14:06:17.895000+00:00,control,102,7,1,2,16,0,0,0,0,0,66,4,1,12,2.45,0.041
ses_20260630-135201-LAPTOP-R36BQBTE,2026-06-30 14:09:51.435000+00:00,control,41,8,2,4,16,1,0,0,0,1,8,2,0,8,4.878,0.0535
ses_20260630-135201-LAPTOP-R36BQBTE,2026-06-30 14:06:51.676000+00:00,control,28,7,2,2,2,1,0,0,0,2,10,2,0,6,3.78,0.06
ses_20260630-135201-LAPTOP-R36BQBTE,2026-06-30 13:56:47.557000+00:00,control,23,7,1,2,2,1,0,0,0,0,8,0,2,6,1.905,0.091
ses_20260630-135201-LAPTOP-R36BQBTE,2026-06-30 14:02:54.803000+00:00,control,39,6,3,3,16,0,0,0,0,1,8,2,0,8,2.152,0.057999999999999996
ses_20260630-135201-LAPTOP-R36BQBTE,2026-06-30 13:59:20.597000+00:00,control,18,5,1,1,1,0,0,0,0,0,8,1,0,5,2.933,0.062
ses_20260630-135201-LAPTOP-R36BQBTE,2026-06-30 13:54:27.370000+00:00,control,18,5,1,3,2,0,0,0,0,0,8,0,0,6,3.697,0.155
ses_20260630-135201-LAPTOP-R36BQBTE,2026-06-30 14:11:23.446000+00:00,control,44,6,1,2,8,0,0,0,0,1,16,3,0,10,3.928,0.047
ses_20260630-135201-LAPTOP-R36BQBTE,2026-06-30 14:09:48.145000+00:00,control,37,6,2,2,15,0,0,0,0,1,8,2,0,7,1.918,0.056499999999999995
ses_20260630-135201-LAPTOP-R36BQBTE,2026-06-30 13:54:29.374000+00:00,control,17,5,1,2,1,0,0,0,0,0,8,0,0,6,3.697,0.149
ses_20260630-135201-LAPTOP-R36BQBTE,2026-06-30 14:03:22.614000+00:00,control,16,4,1,1,2,0,0,0,0,0,8,0,0,5,9.397,0.098
ses_20260630-135201-LAPTOP-R36BQBTE,2026-06-30 13:54:27.369000+00:00,control,18,5,1,3,2,0,0,0,0,0,8,0,0,6,3.697,0.155
ses_20260630-135201-LAPTOP-R36BQBTE,2026-06-30 14:11:49.388000+00:00,control,42,6,1,2,2,0,0,0,0,0,20,1,1,10,4.28,0.037
ses_20260630-135201-LAPTOP-R36BQBTE,2026-06-30 14:06:46.981000+00:00,control,45,7,2,2,2,1,0,0,0,3,20,2,0,9,3.78,0.047
ses_20260630-135201-LAPTOP-R36BQBTE,2026-06-30 14:07:48.192000+00:00,control,66,6,2,3,18,0,0,0,0,1,22,3,0,13,3.419,0.055
ses_20260630-135201-LAPTOP-R36BQBTE,2026-06-30 14:09:17.810000+00:00,control,38,7,2,2,15,1,0,0,0,1,8,2,0,7,1.816,0.055
ses_20260630-135201-LAPTOP-R36BQBTE,2026-06-30 13:56:48.305000+00:00,control,23,7,1,2,2,1,0,0,0,0,8,0,2,6,1.905,0.091
ses_20260630-135201-LAPTOP-R36BQBTE,2026-06-30 14:07:50.661000+00:00,control,61,6,2,2,16,0,0,0,0,1,22,2,0,11,3.419,0.0535
ses_20260630-135201-LAPTOP-R36BQBTE,2026-06-30 13:55:04.571000+00:00,control,39,7,2,2,16,1,0,0,0,1,8,2,0,7,2.127,0.0525
ses_20260630-135451-CHAITANYA0BCF,2026-06-30 13:58:32.492000+00:00,control,115,12,2,4,16,0,2,2,1,0,70,2,2,14,2.823,0.0395
ses_20260630-135451-CHAITANYA0BCF,2026-06-30 13:57:40.972000+00:00,control,47,10,2,2,16,1,0,2,1,3,8,2,1,9,2.086,0.052
ses_20260630-135451-CHAITANYA0BCF,2026-06-30 14:09:36.232000+00:00,control,35,8,2,3,13,0,1,1,0,0,8,1,1,8,6.113,0.058499999999999996
ses_20260630-135451-CHAITANYA0BCF,2026-06-30 13:57:40.938000+00:00,control,47,10,2,2,16,1,0,2,1,3,8,2,1,9,2.086,0.052
ses_20260630-135451-CHAITANYA0BCF,2026-06-30 14:12:45.531000+00:00,control,20,3,2,2,1,0,0,0,0,0,12,0,0,7,4.538,0.104
ses_20260630-135451-CHAITANYA0BCF,2026-06-30 13:59:10.343000+00:00,control,65,8,1,2,16,0,0,2,0,3,20,2,1,13,3.728,0.0495
ses_20260630-135451-CHAITANYA0BCF,2026-06-30 14:03:42.331000+00:00,control,34,9,1,1,2,0,0,2,1,3,12,2,1,7,2.815,0.034
ses_20260630-135451-CHAITANYA0BCF,2026-06-30 13:58:28.265000+00:00,control,115,12,1,2,13,0,2,4,2,1,70,4,1,13,3.029,0.041
ses_20260630-135451-CHAITANYA0BCF,2026-06-30 14:08:47.092000+00:00,control,50,9,1,1,2,0,0,2,1,4,20,2,1,10,3.523,0.046
ses_20260630-135451-CHAITANYA0BCF,2026-06-30 13:59:15.873000+00:00,control,49,9,1,1,1,0,0,2,1,4,20,2,1,10,3.728,0.0505
ses_20260630-135451-CHAITANYA0BCF,2026-06-30 14:09:11.770000+00:00,control,69,9,2,3,18,0,0,3,1,4,18,3,1,14,3.787,0.052
ses_20260630-135451-CHAITANYA0BCF,2026-06-30 14:09:14.229000+00:00,control,64,9,2,2,16,0,0,2,1,4,18,2,1,13,3.787,0.052
ses_20260630-135451-CHAITANYA0BCF,2026-06-30 13:56:49.037000+00:00,control,25,8,2,3,3,0,0,1,0,0,8,1,2,7,3.816,0.1095
ses_20260630-135451-CHAITANYA0BCF,2026-06-30 14:10:18.136000+00:00,control,19,6,2,2,0,0,0,1,0,0,8,1,2,5,5.313,0.1405
ses_20260630-135451-CHAITANYA0BCF,2026-06-30 13:58:04.131000+00:00,control,25,7,1,1,2,0,0,1,0,0,10,1,1,7,8.159,0.0605
ses_20260630-135451-CHAITANYA0BCF,2026-06-30 14:04:12.613000+00:00,control,57,9,2,2,16,0,0,2,1,3,14,2,1,12,2.762,0.0495
ses_20260630-135451-CHAITANYA0BCF,2026-06-30 14:12:18.175000+00:00,control,44,9,2,2,15,0,0,2,1,3,8,2,1,8,2.308,0.046
ses_20260630-135451-CHAITANYA0BCF,2026-06-30 14:09:13.732000+00:00,control,64,9,2,2,16,0,0,2,1,4,18,2,1,13,3.787,0.052
ses_20260630-135451-CHAITANYA0BCF,2026-06-30 14:08:46.863000+00:00,control,49,9,1,1,1,0,0,2,1,4,20,2,1,10,3.523,0.0395
ses_20260630-135451-CHAITANYA0BCF,2026-06-30 14:07:21.165000+00:00,control,55,9,1,1,2,0,0,2,1,4,22,2,1,12,3.357,0.0465
ses_20260630-135451-CHAITANYA0BCF,2026-06-30 14:01:28.542000+00:00,control,52,9,1,1,2,0,0,2,0,4,22,2,1,11,3.185,0.053
ses_20260630-135451-CHAITANYA0BCF,2026-06-30 14:00:30.671000+00:00,control,55,8,1,2,3,0,0,2,0,3,24,2,1,12,4.141,0.048
ses_20260630-135451-CHAITANYA0BCF,2026-06-30 13:58:32.938000+00:00,control,115,12,2,4,16,0,2,2,1,0,70,2,2,14,2.823,0.0395
ses_20260630-135451-CHAITANYA0BCF,2026-06-30 14:12:19.367000+00:00,control,44,9,2,2,15,0,0,2,1,3,8,2,1,8,2.308,0.046
ses_20260630-135451-CHAITANYA0BCF,2026-06-30 14:14:00.583000+00:00,control,46,9,2,2,16,0,0,2,1,3,8,2,1,9,1.719,0.054
ses_20260630-135451-CHAITANYA0BCF,2026-06-30 14:01:28.360000+00:00,control,54,9,1,1,2,0,0,2,0,4,22,2,2,12,3.185,0.058
ses_20260630-135451-CHAITANYA0BCF,2026-06-30 13:59:10.940000+00:00,control,63,8,1,2,10,0,0,2,0,4,22,2,1,13,3.728,0.0505
ses_20260630-135451-CHAITANYA0BCF,2026-06-30 14:00:30.738000+00:00,control,56,8,1,2,3,0,0,2,0,3,24,2,1,13,4.141,0.048
ses_20260630-135451-CHAITANYA0BCF,2026-06-30 14:03:29.256000+00:00,control,21,4,1,1,1,0,0,0,0,0,12,0,0,6,3.095,0.0375
ses_20260630-135451-CHAITANYA0BCF,2026-06-30 13:58:28.557000+00:00,control,113,12,1,2,13,0,2,3,2,1,70,3,1,13,3.029,0.0395
ses_20260630-135451-CHAITANYA0BCF,2026-06-30 14:12:40.447000+00:00,control,45,5,2,3,25,0,0,1,0,0,8,1,0,10,3.549,0.052
ses_20260630-135451-CHAITANYA0BCF,2026-06-30 14:11:06.156000+00:00,control,13,3,1,1,0,0,0,0,0,0,8,0,0,4,3.87,0.08449999999999999
ses_20260630-135451-CHAITANYA0BCF,2026-06-30 14:01:04.318000+00:00,control,51,9,2,2,6,0,0,2,1,3,18,2,1,12,2.634,0.068
ses_20260630-135451-CHAITANYA0BCF,2026-06-30 14:05:48.773000+00:00,control,63,9,2,2,15,0,0,2,1,4,18,2,1,13,3.674,0.05
ses_20260630-135451-CHAITANYA0BCF,2026-06-30 14:15:08.117000+00:00,control,67,9,2,3,17,0,0,3,1,4,18,3,1,13,3.107,0.053
ses_20260630-135451-CHAITANYA0BCF,2026-06-30 13:57:41.222000+00:00,control,47,10,2,2,16,1,0,2,1,3,8,2,1,9,2.086,0.052
ses_20260630-135451-CHAITANYA0BCF,2026-06-30 13:55:59.255000+00:00,control,54,9,2,2,3,0,0,3,1,3,22,3,1,11,3.053,0.035
ses_20260630-135451-CHAITANYA0BCF,2026-06-30 14:05:48.773000+00:00,control,63,9,2,2,15,0,0,2,1,4,18,2,1,13,3.674,0.05
ses_20260630-135451-CHAITANYA0BCF,2026-06-30 14:10:18.892000+00:00,control,16,4,2,2,0,0,0,0,0,0,8,0,2,4,5.313,0.16
ses_20260630-135451-CHAITANYA0BCF,2026-06-30 14:08:46.245000+00:00,control,53,9,1,1,1,0,0,2,1,4,22,2,1,11,3.523,0.035
ses_20260630-135451-CHAITANYA0BCF,2026-06-30 13:58:14.577000+00:00,control,34,11,1,1,2,0,1,2,1,3,10,2,1,7,8.159,0.072
ses_20260630-135451-CHAITANYA0BCF,2026-06-30 13:57:41.222000+00:00,control,47,10,2,2,16,1,0,2,1,3,8,2,1,9,2.086,0.052
ses_20260630-135451-CHAITANYA0BCF,2026-06-30 14:08:00.484000+00:00,control,13,6,2,2,2,0,0,0,0,1,4,0,1,3,9.444,0.067
ses_20260630-135451-CHAITANYA0BCF,2026-06-30 13:58:37.986000+00:00,control,117,13,3,5,17,0,1,2,1,0,72,2,2,14,2.823,0.0395
ses_20260630-135451-CHAITANYA0BCF,2026-06-30 14:06:54.707000+00:00,control,45,9,2,2,6,0,0,2,1,3,14,2,1,10,2.066,0.048
ses_20260630-135451-CHAITANYA0BCF,2026-06-30 13:58:28.558000+00:00,control,113,12,1,2,13,0,2,3,2,1,70,3,1,13,3.029,0.0395
ses_20260630-135451-CHAITANYA0BCF,2026-06-30 14:02:08.425000+00:00,control,48,9,3,3,18,0,0,2,1,3,8,2,1,9,1.928,0.053
ses_20260630-135451-CHAITANYA0BCF,2026-06-30 13:59:15.155000+00:00,control,53,9,1,1,1,0,0,2,1,4,22,2,1,11,3.728,0.045
ses_20260630-135451-CHAITANYA0BCF,2026-06-30 14:03:00.644000+00:00,control,77,9,2,3,20,0,0,3,1,4,22,3,1,16,3.367,0.05
ses_20260630-135451-CHAITANYA0BCF,2026-06-30 14:01:02.652000+00:00,control,53,9,2,2,6,0,0,2,1,3,20,2,1,12,4.462,0.068
ses_20260630-135451-CHAITANYA0BCF,2026-06-30 13:58:29.174000+00:00,control,108,10,1,2,13,0,2,3,2,0,68,3,1,12,3.029,0.038
ses_20260630-135451-CHAITANYA0BCF,2026-06-30 14:05:03.093000+00:00,control,67,9,1,2,14,0,0,2,0,2,24,2,1,15,3.223,0.0375
ses_20260630-135451-CHAITANYA0BCF,2026-06-30 14:08:01.890000+00:00,control,9,6,2,2,2,0,0,0,0,1,2,0,1,2,0.957,0.089
ses_20260630-135451-CHAITANYA0BCF,2026-06-30 14:13:26.804000+00:00,control,35,8,3,3,6,0,0,2,1,3,8,2,0,9,2.963,0.091
ses_20260630-135451-CHAITANYA0BCF,2026-06-30 14:01:04.364000+00:00,control,51,9,2,2,6,0,0,2,1,3,18,2,1,12,2.634,0.068
ses_20260630-135451-CHAITANYA0BCF,2026-06-30 14:09:54.863000+00:00,control,47,9,2,2,17,0,0,2,1,3,8,2,1,9,1.709,0.057999999999999996
ses_20260630-135451-CHAITANYA0BCF,2026-06-30 14:11:39.801000+00:00,control,45,9,3,3,15,0,0,2,1,3,8,2,1,9,1.753,0.0575
ses_20260630-135451-CHAITANYA0BCF,2026-06-30 14:07:46.312000+00:00,control,25,7,2,4,6,0,0,1,0,0,8,1,0,7,3.414,0.078
ses_20260630-135451-CHAITANYA0BCF,2026-06-30 13:55:59.153000+00:00,control,54,9,2,2,3,0,0,3,1,3,22,3,1,11,3.053,0.035
ses_20260630-135451-CHAITANYA0BCF,2026-06-30 14:12:19.307000+00:00,control,44,9,2,2,15,0,0,2,1,3,8,2,1,8,2.308,0.046
ses_20260630-135451-CHAITANYA0BCF,2026-06-30 14:08:42.194000+00:00,control,57,8,1,2,4,0,0,2,0,4,22,2,1,13,3.523,0.0455
ses_20260630-135451-CHAITANYA0BCF,2026-06-30 14:01:04.316000+00:00,control,51,9,2,2,6,0,0,2,1,3,18,2,1,12,2.634,0.068
ses_20260630-135451-CHAITANYA0BCF,2026-06-30 14:12:19.062000+00:00,control,44,9,2,2,15,0,0,2,1,3,8,2,1,8,2.308,0.046
ses_20260630-135451-CHAITANYA0BCF,2026-06-30 13:58:18.376000+00:00,control,38,12,1,2,3,0,1,3,1,3,10,3,1,7,3.029,0.062
ses_20260630-145433-JAYESH,2026-06-30 15:03:36.318000+00:00,control,56,9,2,2,14,0,0,2,1,3,14,2,1,13,2.889,0.057
ses_20260630-145433-JAYESH,2026-06-30 15:09:56.776000+00:00,control,118,12,2,3,21,0,1,4,2,1,66,4,1,14,2.588,0.041
ses_20260630-145433-JAYESH,2026-06-30 15:03:03.365000+00:00,control,56,9,3,3,17,0,0,2,1,3,12,2,1,13,3.161,0.058
ses_20260630-145433-JAYESH,2026-06-30 15:02:59.656000+00:00,control,49,9,3,3,17,0,0,2,1,3,8,2,1,11,1.864,0.0575
ses_20260630-145433-JAYESH,2026-06-30 15:04:39.547000+00:00,control,65,9,2,2,16,0,0,2,1,4,18,2,1,14,4.266,0.055499999999999994
ses_20260630-145433-JAYESH,2026-06-30 15:09:57.151000+00:00,control,111,12,2,3,15,0,1,4,2,1,66,4,1,13,2.588,0.039
ses_20260630-145433-JAYESH,2026-06-30 15:09:58.345000+00:00,control,112,12,1,2,14,0,2,4,2,1,66,4,1,13,4.673,0.041
ses_20260630-145433-JAYESH,2026-06-30 15:08:05.747000+00:00,control,49,9,3,3,17,0,0,2,1,3,8,2,1,11,2.077,0.067
ses_20260630-145433-JAYESH,2026-06-30 15:11:43.734000+00:00,control,107,13,2,3,27,1,1,3,2,3,46,3,1,14,2.841,0.043
ses_20260630-145433-JAYESH,2026-06-30 15:08:02.633000+00:00,control,49,9,3,3,17,0,0,2,1,3,8,2,1,11,2.077,0.067
ses_20260630-145433-JAYESH,2026-06-30 15:09:56.773000+00:00,control,118,12,2,3,21,0,1,4,2,1,66,4,1,14,2.588,0.041
ses_20260630-145433-JAYESH,2026-06-30 15:17:47.454000+00:00,control,69,9,2,2,15,0,0,2,1,4,20,2,1,16,3.049,0.055
ses_20260630-145433-JAYESH,2026-06-30 15:17:15.109000+00:00,control,48,8,1,1,2,0,0,1,0,3,20,1,2,11,3.404,0.059
ses_20260630-145433-JAYESH,2026-06-30 15:09:48.246000+00:00,control,99,12,2,3,17,0,1,3,1,3,48,3,2,14,2.588,0.042499999999999996
ses_20260630-145433-JAYESH,2026-06-30 14:59:36.735000+00:00,control,72,9,2,2,15,0,0,2,1,4,22,2,1,16,3.117,0.052
ses_20260630-145433-JAYESH,2026-06-30 15:02:22.502000+00:00,control,56,9,1,1,2,0,0,2,1,4,22,2,1,13,3.269,0.057
ses_20260630-145433-JAYESH,2026-06-30 15:13:42.418000+00:00,control,67,9,2,3,16,0,0,3,1,4,18,3,1,14,3.349,0.048
ses_20260630-145433-JAYESH,2026-06-30 15:09:57.352000+00:00,control,111,12,2,3,15,0,1,4,2,1,66,4,1,13,2.588,0.039
ses_20260630-145433-JAYESH,2026-06-30 14:59:09.075000+00:00,control,57,9,1,1,2,0,0,2,1,4,22,2,1,14,4.426,0.0495
ses_20260630-145433-JAYESH,2026-06-30 14:55:32.929000+00:00,control,61,8,2,2,14,0,2,1,0,2,20,1,0,13,3.63,0.048
ses_20260630-145433-JAYESH,2026-06-30 15:11:39.975000+00:00,control,50,12,2,2,16,1,1,2,1,3,8,2,1,10,2.841,0.046
ses_20260630-145433-JAYESH,2026-06-30 15:03:33.373000+00:00,control,69,9,2,2,13,0,0,2,1,4,22,2,1,15,4.691,0.0515
ses_20260630-145433-JAYESH,2026-06-30 15:09:56.684000+00:00,control,120,12,2,3,23,0,1,4,2,1,66,4,1,14,2.588,0.041
ses_20260630-145433-JAYESH,2026-06-30 15:05:24.540000+00:00,control,35,7,1,2,3,0,0,1,0,2,14,1,0,9,7.829,0.065
ses_20260630-145433-JAYESH,2026-06-30 15:14:41.001000+00:00,control,45,9,3,3,14,0,0,2,1,3,8,2,1,10,2.141,0.05
ses_20260630-145433-JAYESH,2026-06-30 15:13:43.435000+00:00,control,63,9,2,2,15,0,0,2,1,4,18,2,1,13,3.349,0.0505
ses_20260630-145433-JAYESH,2026-06-30 14:55:42.347000+00:00,control,43,9,1,1,1,0,0,2,1,3,16,2,1,11,3.63,0.067
ses_20260630-145433-JAYESH,2026-06-30 15:03:00.932000+00:00,control,53,9,3,3,17,0,0,2,1,3,10,2,1,12,1.864,0.0575
ses_20260630-145433-JAYESH,2026-06-30 15:00:17.569000+00:00,control,36,10,2,2,2,0,0,2,1,3,10,2,1,9,3.154,0.055
ses_20260630-145433-JAYESH,2026-06-30 15:04:13.435000+00:00,control,51,9,2,2,18,0,0,2,1,3,8,2,1,12,2.805,0.0955
ses_20260630-145433-JAYESH,2026-06-30 14:58:42.975000+00:00,control,45,9,2,2,15,0,0,2,1,3,8,2,1,9,1.682,0.05
ses_20260630-145433-JAYESH,2026-06-30 15:11:53.047000+00:00,control,110,10,1,2,16,0,2,3,2,0,66,3,0,13,2.841,0.042
ses_20260630-145433-JAYESH,2026-06-30 15:04:13.158000+00:00,control,50,9,2,2,17,0,0,2,1,3,8,2,1,12,1.749,0.092
ses_20260630-145433-JAYESH,2026-06-30 15:14:07.572000+00:00,control,24,4,2,2,1,0,0,0,0,0,14,0,0,8,3.889,0.098
ses_20260630-145433-JAYESH,2026-06-30 15:03:29.897000+00:00,control,61,8,2,2,13,0,0,1,0,3,20,1,1,14,4.691,0.0545
ses_20260630-145433-JAYESH,2026-06-30 14:59:07.065000+00:00,control,57,8,1,1,2,0,0,2,0,4,22,2,2,14,4.426,0.057499999999999996
ses_20260630-145433-JAYESH,2026-06-30 15:10:27.574000+00:00,control,56,9,1,1,2,0,0,2,1,4,22,2,1,13,4.01,0.056
ses_20260630-145433-JAYESH,2026-06-30 15:11:51.692000+00:00,control,109,11,1,2,15,0,2,3,2,1,66,3,0,12,2.841,0.0395
ses_20260630-145433-JAYESH,2026-06-30 14:58:43.469000+00:00,control,45,9,2,2,15,0,0,2,1,3,8,2,1,9,1.682,0.05
ses_20260630-145433-JAYESH,2026-06-30 15:11:51.377000+00:00,control,110,11,1,2,14,0,2,4,2,1,66,4,0,12,2.841,0.039
ses_20260630-145433-JAYESH,2026-06-30 15:08:05.713000+00:00,control,49,9,3,3,17,0,0,2,1,3,8,2,1,11,2.077,0.067
ses_20260630-145433-JAYESH,2026-06-30 15:09:47.025000+00:00,control,80,12,2,3,17,0,1,3,1,3,28,3,2,14,3.162,0.043
ses_20260630-145433-JAYESH,2026-06-30 15:02:48.131000+00:00,control,26,9,2,4,3,1,0,1,0,0,8,1,2,7,4.023,0.121
ses_20260630-145433-JAYESH,2026-06-30 15:11:51.178000+00:00,control,112,11,2,3,15,0,2,4,2,1,66,4,0,13,2.841,0.04
ses_20260630-145433-JAYESH,2026-06-30 15:12:39.430000+00:00,control,57,9,2,2,15,0,0,2,1,3,14,2,1,13,2.569,0.0505
ses_20260630-145433-JAYESH,2026-06-30 15:04:39.522000+00:00,control,65,9,2,2,16,0,0,2,1,4,18,2,1,14,4.266,0.055499999999999994
ses_20260630-145433-JAYESH,2026-06-30 15:09:43.535000+00:00,control,61,11,2,2,16,0,1,2,1,3,14,2,2,13,3.162,0.067
ses_20260630-145433-JAYESH,2026-06-30 15:05:24.674000+00:00,control,35,7,1,2,3,0,0,1,0,2,14,1,0,9,7.829,0.065
ses_20260630-145433-JAYESH,2026-06-30 15:06:26.069000+00:00,control,58,9,2,2,16,0,0,2,1,3,14,2,1,13,3.149,0.054
ses_20260630-145433-JAYESH,2026-06-30 15:13:02.734000+00:00,control,32,7,2,3,12,0,0,1,0,0,8,1,1,7,4.628,0.058
ses_20260630-145433-JAYESH,2026-06-30 14:57:36.914000+00:00,control,46,10,2,2,15,1,0,2,1,3,8,2,1,9,2.19,0.06
ses_20260630-145433-JAYESH,2026-06-30 15:06:49.104000+00:00,control,46,8,1,1,1,0,0,1,0,3,20,1,2,10,4.613,0.064
ses_20260630-145433-JAYESH,2026-06-30 15:11:39.845000+00:00,control,50,12,2,2,16,1,1,2,1,3,8,2,1,10,2.841,0.046
ses_20260630-145433-JAYESH,2026-06-30 15:13:02.455000+00:00,control,32,7,2,3,12,0,0,1,0,0,8,1,1,7,4.628,0.058
ses_20260630-145433-JAYESH,2026-06-30 15:09:46.895000+00:00,control,74,12,2,3,17,0,1,3,1,3,22,3,2,14,3.162,0.051
ses_20260630-145433-JAYESH,2026-06-30 15:09:56.910000+00:00,control,115,12,2,3,18,0,1,4,2,1,66,4,1,14,2.588,0.041
ses_20260630-145433-JAYESH,2026-06-30 15:05:23.135000+00:00,control,30,6,1,2,10,0,0,1,0,0,8,1,0,8,7.829,0.069
ses_20260630-145433-JAYESH,2026-06-30 15:03:00.423000+00:00,control,53,9,3,3,17,0,0,2,1,3,10,2,1,12,1.864,0.0575
ses_20260630-145433-JAYESH,2026-06-30 15:11:54.997000+00:00,control,106,10,1,2,16,0,2,2,1,0,66,2,0,12,2.494,0.042
ses_20260630-145433-JAYESH,2026-06-30 14:58:43.285000+00:00,control,45,9,2,2,15,0,0,2,1,3,8,2,1,9,1.682,0.05
ses_20260630-145433-JAYESH,2026-06-30 15:16:14.159000+00:00,control,31,6,1,2,12,0,0,1,0,0,8,1,0,7,2.499,0.0325
ses_20260630-145433-JAYESH,2026-06-30 15:08:49.875000+00:00,control,42,10,2,2,12,1,0,2,1,3,8,2,1,8,2.729,0.052
ses_20260630-145433-JAYESH,2026-06-30 15:08:02.072000+00:00,control,49,9,3,3,17,0,0,2,1,3,8,2,1,11,2.077,0.067
ses_20260630-145433-JAYESH,2026-06-30 15:15:49.471000+00:00,control,47,9,3,3,16,0,0,2,1,3,8,2,1,10,2.046,0.055
ses_20260630-145433-JAYESH,2026-06-30 15:11:51.042000+00:00,control,112,11,2,3,15,0,2,4,2,1,66,4,0,13,2.841,0.04
ses_20260630-145433-JAYESH,2026-06-30 15:10:24.864000+00:00,control,62,8,1,2,15,0,0,1,0,3,20,1,1,13,4.01,0.037
ses_20260630-145433-JAYESH,2026-06-30 15:09:13.581000+00:00,control,54,9,1,2,4,0,0,3,1,4,18,3,1,13,4.152,0.066
ses_20260630-145433-JAYESH,2026-06-30 15:08:49.875000+00:00,control,42,10,2,2,12,1,0,2,1,3,8,2,1,8,2.729,0.052
ses_20260630-145433-JAYESH,2026-06-30 14:57:36.659000+00:00,control,46,10,2,2,15,1,0,2,1,3,8,2,1,9,2.19,0.06
ses_20260630-145433-JAYESH,2026-06-30 15:07:31.528000+00:00,control,13,3,1,1,0,0,0,0,0,0,8,0,0,4,3.693,0.0975
ses_20260630-163424-SIDDHIGUPTAB00B,2026-06-30 16:46:46.093000+00:00,control,34,10,3,3,12,1,0,2,1,2,2,2,2,9,2.118,0.066
ses_20260630-163424-SIDDHIGUPTAB00B,2026-06-30 16:45:54.291000+00:00,control,51,9,1,1,1,0,0,2,1,4,22,2,1,9,4.122,0.022
ses_20260630-163424-SIDDHIGUPTAB00B,2026-06-30 16:43:56.565000+00:00,control,52,9,3,3,3,0,0,3,1,4,18,3,2,11,4.314,0.055
ses_20260630-163424-SIDDHIGUPTAB00B,2026-06-30 16:38:21.232000+00:00,control,46,9,2,2,14,0,0,2,1,3,10,2,1,9,2.607,0.05
ses_20260630-163424-SIDDHIGUPTAB00B,2026-06-30 16:46:24.093000+00:00,control,25,7,1,2,3,1,0,0,0,0,8,0,2,8,9.851,0.2435
ses_20260630-163424-SIDDHIGUPTAB00B,2026-06-30 16:54:42.225000+00:00,control,15,4,1,1,0,0,0,0,0,0,8,0,1,4,2.258,0.08549999999999999
ses_20260630-163424-SIDDHIGUPTAB00B,2026-06-30 16:51:16.424000+00:00,control,66,9,2,2,15,0,0,3,1,4,18,3,2,13,3.081,0.051
ses_20260630-163424-SIDDHIGUPTAB00B,2026-06-30 16:46:46.430000+00:00,control,33,10,3,3,12,1,0,2,1,1,2,2,2,9,2.118,0.0635
ses_20260630-163424-SIDDHIGUPTAB00B,2026-06-30 16:55:01.251000+00:00,control,53,10,3,3,17,1,0,2,1,3,8,2,2,13,2.623,0.0575
ses_20260630-163424-SIDDHIGUPTAB00B,2026-06-30 16:52:30.883000+00:00,control,45,8,1,1,2,0,0,1,0,3,20,1,1,9,3.784,0.023
ses_20260630-163424-SIDDHIGUPTAB00B,2026-06-30 16:46:16.988000+00:00,control,52,10,2,4,23,1,1,1,0,0,8,1,2,12,3.804,0.091
ses_20260630-163424-SIDDHIGUPTAB00B,2026-06-30 16:38:07.625000+00:00,control,70,9,2,3,28,0,1,1,0,3,16,1,1,13,4.191,0.043
ses_20260630-163424-SIDDHIGUPTAB00B,2026-06-30 16:39:58.171000+00:00,control,41,10,3,3,3,0,0,2,1,3,12,2,1,10,3.144,0.057999999999999996
ses_20260630-163424-SIDDHIGUPTAB00B,2026-06-30 16:43:19.922000+00:00,control,39,11,2,2,3,1,0,2,1,3,10,2,2,10,2.661,0.0625
ses_20260630-163424-SIDDHIGUPTAB00B,2026-06-30 16:41:07.693000+00:00,control,53,9,2,2,13,0,0,2,1,3,14,2,1,11,3.175,0.0455
ses_20260630-163424-SIDDHIGUPTAB00B,2026-06-30 16:53:37.746000+00:00,control,68,8,2,2,16,0,0,1,0,4,22,1,1,14,3.418,0.05
ses_20260630-163424-SIDDHIGUPTAB00B,2026-06-30 16:43:21.693000+00:00,control,39,11,2,2,3,1,0,2,1,3,10,2,2,10,2.661,0.0625
ses_20260630-163424-SIDDHIGUPTAB00B,2026-06-30 16:38:14.269000+00:00,control,63,9,2,2,15,0,0,2,1,4,18,2,1,13,4.191,0.0485
ses_20260630-163424-SIDDHIGUPTAB00B,2026-06-30 16:39:54.336000+00:00,control,41,9,2,2,2,0,0,2,1,3,14,2,1,10,3.144,0.057999999999999996
ses_20260630-163424-SIDDHIGUPTAB00B,2026-06-30 16:53:41.025000+00:00,control,58,9,2,2,15,0,0,2,1,3,16,2,1,12,3.418,0.05
ses_20260630-163424-SIDDHIGUPTAB00B,2026-06-30 16:48:18.808000+00:00,control,66,8,2,3,16,0,0,1,0,3,20,2,1,15,4.377,0.055
ses_20260630-163424-SIDDHIGUPTAB00B,2026-06-30 16:46:21.941000+00:00,control,27,9,2,3,3,1,0,1,0,0,8,1,2,8,3.804,0.1775
ses_20260630-163424-SIDDHIGUPTAB00B,2026-06-30 16:44:58.277000+00:00,control,2,2,1,1,1,0,0,0,0,0,0,0,0,1,0.275,0.275
ses_20260630-163424-SIDDHIGUPTAB00B,2026-06-30 16:48:18.809000+00:00,control,66,8,2,3,16,0,0,1,0,3,20,2,1,15,4.377,0.055
ses_20260630-163424-SIDDHIGUPTAB00B,2026-06-30 16:53:43.880000+00:00,control,56,9,2,2,15,0,0,2,1,3,14,2,1,12,2.698,0.05
ses_20260630-163424-SIDDHIGUPTAB00B,2026-06-30 16:51:17.972000+00:00,control,66,9,2,2,15,0,0,3,1,4,18,3,2,13,3.081,0.051
ses_20260630-163424-SIDDHIGUPTAB00B,2026-06-30 16:46:41.306000+00:00,control,50,10,3,3,15,1,0,2,1,3,8,2,2,12,2.118,0.066
ses_20260630-163424-SIDDHIGUPTAB00B,2026-06-30 16:53:34.985000+00:00,control,63,8,2,2,15,0,0,1,0,3,20,1,2,13,3.418,0.05
ses_20260630-163424-SIDDHIGUPTAB00B,2026-06-30 16:41:34.284000+00:00,control,43,9,1,1,2,0,0,2,1,2,16,2,1,12,4.313,0.0545
ses_20260630-163424-SIDDHIGUPTAB00B,2026-06-30 16:43:18.910000+00:00,control,39,11,2,2,3,1,0,2,1,3,10,2,2,10,2.661,0.0625
ses_20260630-163424-SIDDHIGUPTAB00B,2026-06-30 16:38:14.527000+00:00,control,63,9,2,2,15,0,0,2,1,4,18,2,1,13,4.191,0.0485
ses_20260630-163424-SIDDHIGUPTAB00B,2026-06-30 16:55:30.621000+00:00,control,9,4,1,1,2,0,2,0,0,0,0,0,0,2,3.759,0.2235
ses_20260630-163424-SIDDHIGUPTAB00B,2026-06-30 16:34:35.977000+00:00,control,43,5,3,3,1,0,0,0,0,0,0,3,35,3,4.167,0.015
ses_20260630-163424-SIDDHIGUPTAB00B,2026-06-30 16:51:43.059000+00:00,control,55,9,1,1,2,0,0,2,1,4,22,2,1,12,3.935,0.041999999999999996
ses_20260630-163424-SIDDHIGUPTAB00B,2026-06-30 16:52:31.617000+00:00,control,47,8,1,1,2,0,0,1,0,3,20,1,2,10,3.784,0.035
ses_20260630-163424-SIDDHIGUPTAB00B,2026-06-30 16:55:05.406000+00:00,control,48,10,3,3,14,1,0,2,1,3,8,2,2,11,2.623,0.057
ses_20260630-163424-SIDDHIGUPTAB00B,2026-06-30 16:59:48.622000+00:00,control,13,5,2,2,1,0,0,0,0,0,6,1,0,4,6.7,0.118
ses_20260630-163424-SIDDHIGUPTAB00B,2026-06-30 16:54:59.385000+00:00,control,53,10,3,3,17,1,0,2,1,3,8,2,2,13,2.623,0.0575
ses_20260630-163424-SIDDHIGUPTAB00B,2026-06-30 16:41:58.212000+00:00,control,47,8,1,1,2,0,0,1,0,3,20,1,1,11,3.876,0.045
ses_20260630-163424-SIDDHIGUPTAB00B,2026-06-30 16:46:35.726000+00:00,control,47,10,3,3,15,1,0,2,1,3,8,2,1,10,2.118,0.0605
ses_20260630-163424-SIDDHIGUPTAB00B,2026-06-30 16:48:18.052000+00:00,control,70,8,2,3,21,0,0,1,0,3,20,1,1,15,4.377,0.053
ses_20260630-163424-SIDDHIGUPTAB00B,2026-06-30 16:54:59.070000+00:00,control,53,10,3,3,17,1,0,2,1,3,8,2,2,13,2.623,0.0575
ses_20260630-163424-SIDDHIGUPTAB00B,2026-06-30 16:46:16.604000+00:00,control,56,10,2,4,26,1,1,1,0,0,8,1,2,13,3.804,0.079
ses_20260630-163424-SIDDHIGUPTAB00B,2026-06-30 16:53:48.077000+00:00,control,45,9,2,2,15,0,0,2,1,3,8,2,1,9,1.875,0.0505
ses_20260630-163424-SIDDHIGUPTAB00B,2026-06-30 16:54:59.004000+00:00,control,53,10,3,3,17,1,0,2,1,3,8,2,2,13,2.623,0.0575
ses_20260630-163424-SIDDHIGUPTAB00B,2026-06-30 16:40:00.494000+00:00,control,37,10,3,3,3,0,0,2,1,3,10,2,1,9,3.074,0.057999999999999996
ses_20260630-163424-SIDDHIGUPTAB00B,2026-06-30 16:59:48.755000+00:00,control,13,5,2,2,1,0,0,0,0,0,6,1,0,4,6.7,0.118
ses_20260630-163424-SIDDHIGUPTAB00B,2026-06-30 16:44:03.263000+00:00,control,32,9,2,2,2,0,0,2,1,3,10,2,1,7,3.008,0.055
ses_20260630-163424-SIDDHIGUPTAB00B,2026-06-30 16:51:16.388000+00:00,control,66,9,2,2,15,0,0,3,1,4,18,3,2,13,3.081,0.051
ses_20260630-163424-SIDDHIGUPTAB00B,2026-06-30 16:44:38.526000+00:00,control,7,4,2,2,2,1,0,0,0,0,0,0,1,3,0.639,0.315
ses_20260630-163424-SIDDHIGUPTAB00B,2026-06-30 16:54:59.171000+00:00,control,53,10,3,3,17,1,0,2,1,3,8,2,2,13,2.623,0.0575
ses_20260630-163424-SIDDHIGUPTAB00B,2026-06-30 16:47:17.009000+00:00,control,72,9,2,2,16,0,0,2,1,4,22,2,1,15,4.29,0.054
ses_20260630-163424-SIDDHIGUPTAB00B,2026-06-30 16:45:54.289000+00:00,control,51,9,1,1,1,0,0,2,1,4,22,2,1,9,4.122,0.022
ses_20260630-163424-SIDDHIGUPTAB00B,2026-06-30 16:47:14.443000+00:00,control,77,8,3,3,21,0,0,2,0,4,22,2,2,15,4.29,0.0545
ses_20260630-163424-SIDDHIGUPTAB00B,2026-06-30 16:55:19.344000+00:00,control,14,3,1,1,6,0,3,0,0,0,0,0,0,5,3.051,0.109
ses_20260630-163424-SIDDHIGUPTAB00B,2026-06-30 16:44:01.328000+00:00,control,32,9,2,2,2,0,0,2,1,3,10,2,1,7,3.008,0.055
ses_20260630-163424-SIDDHIGUPTAB00B,2026-06-30 16:52:37.700000+00:00,control,38,9,1,1,1,0,0,2,1,3,14,2,1,8,3.041,0.052
ses_20260630-163424-SIDDHIGUPTAB00B,2026-06-30 16:40:03.524000+00:00,control,35,11,3,3,3,0,0,2,1,3,8,3,1,8,5.503,0.07050000000000001
ses_20260630-164418-MSI,2026-06-30 16:51:28.553000+00:00,control,45,9,2,2,16,0,0,2,1,3,8,2,1,8,2.096,0.052
ses_20260630-164418-MSI,2026-06-30 16:59:05.198000+00:00,control,45,9,2,2,16,0,0,2,1,3,8,2,1,8,2.188,0.048
ses_20260630-164418-MSI,2026-06-30 17:05:23.323000+00:00,control,67,10,2,2,15,0,1,2,1,4,20,2,1,13,3.747,0.0495
ses_20260630-164418-MSI,2026-06-30 16:57:16.354000+00:00,control,2,2,1,1,1,0,0,0,0,0,0,0,0,1,0.126,0.126
ses_20260630-164418-MSI,2026-06-30 17:05:24.321000+00:00,control,60,10,2,2,15,0,1,2,1,3,16,2,1,13,3.747,0.053
ses_20260630-164418-MSI,2026-06-30 17:06:10.274000+00:00,control,26,11,1,1,2,0,3,2,1,1,2,2,2,7,3.469,0.069
ses_20260630-164418-MSI,2026-06-30 16:50:51.905000+00:00,control,46,10,2,2,16,1,0,2,1,3,8,2,1,8,2.18,0.053
ses_20260630-164418-MSI,2026-06-30 17:04:17.192000+00:00,control,60,9,2,2,17,0,0,2,1,3,14,2,1,14,3.32,0.054
ses_20260630-164418-MSI,2026-06-30 17:02:41.532000+00:00,control,52,10,3,3,19,0,0,2,1,3,8,2,1,11,3.24,0.055
ses_20260630-164418-MSI,2026-06-30 16:55:15.610000+00:00,control,49,9,2,2,18,0,0,2,1,3,8,2,1,10,1.992,0.058
ses_20260630-164418-MSI,2026-06-30 16:58:48.958000+00:00,control,36,6,1,2,15,0,0,1,0,0,8,1,0,8,2.792,0.048
ses_20260630-164418-MSI,2026-06-30 17:02:37.842000+00:00,control,49,9,2,2,18,0,0,2,1,3,8,2,1,10,1.7,0.054
ses_20260630-164418-MSI,2026-06-30 16:44:30.875000+00:00,control,43,8,4,5,15,2,3,0,0,0,4,0,0,9,8.372,0.040499999999999994
ses_20260630-164418-MSI,2026-06-30 16:55:17.258000+00:00,control,49,9,2,2,18,0,0,2,1,3,8,2,1,10,1.992,0.058
ses_20260630-164418-MSI,2026-06-30 16:54:59.849000+00:00,control,40,8,2,3,17,1,1,1,0,0,8,1,0,8,5.237,0.053
ses_20260630-164418-MSI,2026-06-30 16:52:30.113000+00:00,control,63,8,2,3,16,0,0,1,0,3,20,1,1,13,4.379,0.0535
ses_20260630-164418-MSI,2026-06-30 16:59:29.638000+00:00,control,60,8,1,2,7,0,0,2,0,4,22,2,1,13,3.824,0.048
ses_20260630-164418-MSI,2026-06-30 17:02:42.976000+00:00,control,52,10,3,3,19,0,0,2,1,3,8,2,1,11,3.24,0.055
ses_20260630-164418-MSI,2026-06-30 17:04:11.225000+00:00,control,68,8,3,3,19,0,0,1,0,3,20,1,1,15,3.32,0.042
ses_20260630-164418-MSI,2026-06-30 17:05:18.195000+00:00,control,68,8,2,3,20,0,0,1,0,3,20,1,1,14,3.747,0.048
ses_20260630-164418-MSI,2026-06-30 16:55:42.836000+00:00,control,69,9,2,3,18,0,0,3,1,4,18,3,2,13,3.256,0.0535
ses_20260630-164418-MSI,2026-06-30 17:00:47.445000+00:00,control,49,9,2,2,18,0,0,2,1,3,8,2,1,10,1.854,0.053
ses_20260630-164418-MSI,2026-06-30 17:00:31.644000+00:00,control,22,7,2,2,0,0,1,1,0,0,8,1,2,6,4.588,0.069
ses_20260630-164418-MSI,2026-06-30 17:05:24.319000+00:00,control,60,10,2,2,15,0,1,2,1,3,16,2,1,13,3.747,0.053
ses_20260630-164418-MSI,2026-06-30 16:52:33.019000+00:00,control,68,8,2,2,16,0,0,1,0,4,22,1,1,14,4.379,0.052
ses_20260630-164418-MSI,2026-06-30 17:01:18.800000+00:00,control,59,10,2,2,15,0,2,2,1,3,14,2,1,13,3.695,0.052
ses_20260630-164418-MSI,2026-06-30 17:01:09.167000+00:00,control,63,8,2,2,15,0,0,1,0,3,20,1,2,13,3.113,0.0435
ses_20260630-164418-MSI,2026-06-30 17:06:02.304000+00:00,control,45,10,1,1,2,0,2,2,1,3,14,2,2,11,3.232,0.059
ses_20260630-164418-MSI,2026-06-30 16:50:10.882000+00:00,control,46,10,3,3,17,1,0,2,1,2,6,2,2,10,1.883,0.056
ses_20260630-164418-MSI,2026-06-30 17:05:18.737000+00:00,control,63,8,2,3,16,0,0,1,0,3,20,1,1,13,3.747,0.048
ses_20260630-164418-MSI,2026-06-30 16:47:59.857000+00:00,control,64,8,2,2,16,0,0,1,0,3,20,1,2,13,3.126,0.049
ses_20260630-164418-MSI,2026-06-30 16:54:59.556000+00:00,control,40,8,2,3,17,1,1,1,0,0,8,1,0,8,5.237,0.053
ses_20260630-164418-MSI,2026-06-30 17:01:20.244000+00:00,control,52,10,2,2,15,0,2,2,1,3,10,2,1,11,3.695,0.054
ses_20260630-164418-MSI,2026-06-30 17:05:21.098000+00:00,control,68,8,2,2,16,0,0,1,0,4,22,1,1,14,3.747,0.048
ses_20260630-164418-MSI,2026-06-30 17:04:42.433000+00:00,control,21,7,2,3,2,0,0,1,0,0,8,1,1,5,8.895,0.08549999999999999
ses_20260630-164418-MSI,2026-06-30 17:04:17.420000+00:00,control,59,9,2,2,17,0,0,2,1,3,14,2,1,13,3.025,0.0535
ses_20260630-164418-MSI,2026-06-30 16:56:06.867000+00:00,control,69,8,1,2,16,0,0,2,0,4,22,2,1,13,3.794,0.0525
ses_20260630-164418-MSI,2026-06-30 16:48:03.251000+00:00,control,73,9,2,2,17,0,0,2,1,4,22,2,1,15,3.126,0.0495
ses_20260630-164418-MSI,2026-06-30 17:06:13.362000+00:00,control,16,8,1,1,2,0,3,1,1,0,0,1,1,4,3.469,0.085
ses_20260630-164418-MSI,2026-06-30 16:53:21.679000+00:00,control,44,9,1,1,1,0,0,3,1,2,16,3,2,10,3.176,0.032
ses_20260630-164418-MSI,2026-06-30 17:05:24.071000+00:00,control,60,10,2,2,15,0,1,2,1,3,16,2,1,13,3.747,0.053
ses_20260630-164418-MSI,2026-06-30 16:55:17.485000+00:00,control,49,9,2,2,18,0,0,2,1,3,8,2,1,10,1.992,0.058
ses_20260630-164418-MSI,2026-06-30 16:52:35.767000+00:00,control,55,9,2,2,15,0,0,2,1,3,14,2,1,11,2.905,0.0535
ses_20260630-164418-MSI,2026-06-30 16:51:51.702000+00:00,control,21,7,1,1,1,0,0,1,0,0,8,1,1,6,3.115,0.07150000000000001
ses_20260630-164418-MSI,2026-06-30 16:50:04.017000+00:00,control,54,10,3,3,20,1,0,2,1,2,8,2,2,12,1.883,0.057
ses_20260630-164418-MSI,2026-06-30 16:44:36.363000+00:00,control,32,6,3,4,12,2,3,0,0,0,0,0,0,6,1.621,0.045
ses_20260630-164418-MSI,2026-06-30 16:46:19.229000+00:00,control,71,10,2,3,17,1,0,1,0,4,22,1,1,14,3.042,0.051000000000000004
ses_20260630-164418-MSI,2026-06-30 16:54:00.577000+00:00,control,46,10,2,2,15,1,0,2,1,3,8,2,2,8,1.854,0.049
ses_20260630-164418-MSI,2026-06-30 17:01:09.859000+00:00,control,63,8,2,2,15,0,0,1,0,3,20,1,2,13,3.113,0.0435
ses_20260630-164418-MSI,2026-06-30 17:04:14.287000+00:00,control,70,8,2,2,17,0,0,1,0,4,22,1,1,15,3.32,0.042
ses_20260630-164418-MSI,2026-06-30 16:47:34.009000+00:00,control,62,8,1,2,16,0,0,1,0,3,20,1,1,12,3.193,0.05
ses_20260630-164418-MSI,2026-06-30 17:00:46.013000+00:00,control,49,9,2,2,18,0,0,2,1,3,8,2,1,10,1.854,0.053
ses_20260630-164418-MSI,2026-06-30 16:59:04.445000+00:00,control,45,9,2,2,16,0,0,2,1,3,8,2,1,8,2.188,0.048
ses_20260630-164418-MSI,2026-06-30 17:04:41.951000+00:00,control,20,7,2,3,1,0,0,1,0,0,8,1,1,5,5.752,0.083
ses_20260630-164418-MSI,2026-06-30 17:02:41.857000+00:00,control,52,10,3,3,19,0,0,2,1,3,8,2,1,11,3.24,0.055
ses_20260630-164418-MSI,2026-06-30 16:51:50.530000+00:00,control,21,7,1,1,1,0,0,1,0,0,8,1,1,6,3.115,0.07150000000000001
ses_20260630-164418-MSI,2026-06-30 17:05:57.035000+00:00,control,55,9,1,1,2,0,0,2,1,4,22,2,1,12,3.074,0.049
ses_20260630-164418-MSI,2026-06-30 17:05:29.234000+00:00,control,50,10,2,2,15,0,1,2,1,3,10,2,1,10,2.225,0.053
ses_20260630-164418-MSI,2026-06-30 16:57:35.463000+00:00,control,5,4,1,1,1,1,0,0,0,0,0,0,1,2,0.476,0.187
ses_20260630-164418-MSI,2026-06-30 17:01:15.577000+00:00,control,60,10,2,2,15,0,1,2,1,3,16,2,1,13,3.113,0.052
ses_20260630-164418-MSI,2026-06-30 16:58:47.135000+00:00,control,47,7,1,2,23,0,1,1,0,0,8,1,0,10,2.792,0.051000000000000004
ses_20260630-164418-MSI,2026-06-30 16:54:00.478000+00:00,control,46,10,2,2,15,1,0,2,1,3,8,2,2,8,1.854,0.049
ses_20260701-005920-yuvraj,2026-07-01 01:06:51.947000+00:00,control,23,7,1,1,2,0,0,1,0,0,8,1,1,7,6.035,0.0575
ses_20260701-005920-yuvraj,2026-07-01 01:25:51.239000+00:00,control,119,7,3,5,6,1,0,0,0,0,61,1,4,16,4.786,0.085
ses_20260701-005920-yuvraj,2026-07-01 01:26:07.418000+00:00,control,32,5,1,6,0,6,0,0,0,0,0,2,10,10,5.773,0.235
ses_20260701-005920-yuvraj,2026-07-01 01:00:53.431000+00:00,control,70,11,2,4,28,1,0,3,1,2,12,3,1,14,3.662,0.046
ses_20260701-005920-yuvraj,2026-07-01 01:27:34.934000+00:00,control,33,9,1,6,4,3,3,1,0,0,0,5,0,7,2.927,0.086
ses_20260701-005920-yuvraj,2026-07-01 01:05:06.278000+00:00,control,35,9,3,3,16,0,0,2,1,2,2,2,1,8,1.743,0.0535
ses_20260701-005920-yuvraj,2026-07-01 01:17:55.124000+00:00,control,2,2,1,1,1,0,0,0,0,0,0,0,0,1,0.022,0.022
ses_20260701-005920-yuvraj,2026-07-01 01:10:06.502000+00:00,control,52,9,1,1,1,0,0,2,1,3,22,2,1,11,4.815,0.042
ses_20260701-005920-yuvraj,2026-07-01 01:07:56.222000+00:00,control,47,9,1,1,1,0,0,2,1,2,20,2,1,10,4.025,0.041999999999999996
ses_20260701-005920-yuvraj,2026-07-01 01:26:17.003000+00:00,control,15,4,1,3,0,5,0,0,0,0,0,2,0,5,8.782,0.38249999999999995
ses_20260701-005920-yuvraj,2026-07-01 01:22:50.375000+00:00,control,37,11,2,2,16,1,1,2,1,1,2,2,1,9,3.318,0.0525
ses_20260701-005920-yuvraj,2026-07-01 01:20:31.513000+00:00,control,57,8,2,2,16,0,0,1,0,3,16,1,1,13,3.308,0.0525
ses_20260701-005920-yuvraj,2026-07-01 01:02:34.687000+00:00,control,51,8,1,2,3,0,0,2,0,1,22,2,1,11,4.392,0.0395
ses_20260701-005920-yuvraj,2026-07-01 01:25:41.885000+00:00,control,124,4,4,4,14,0,0,0,0,0,63,0,0,16,1.072,0.069
ses_20260701-005920-yuvraj,2026-07-01 01:12:03.361000+00:00,control,47,9,1,1,3,0,0,2,1,2,18,2,1,11,3.291,0.055
ses_20260701-005920-yuvraj,2026-07-01 01:05:09.922000+00:00,control,35,9,3,3,16,0,0,2,1,2,2,2,1,8,1.743,0.0535
ses_20260701-005920-yuvraj,2026-07-01 01:20:27.609000+00:00,control,40,9,2,2,3,0,1,1,0,2,14,1,2,11,3.308,0.061
ses_20260701-005920-yuvraj,2026-07-01 01:06:11.522000+00:00,control,21,7,1,1,1,0,0,1,0,0,8,1,1,6,2.165,0.0365
ses_20260701-005920-yuvraj,2026-07-01 01:25:59.910000+00:00,control,55,8,2,6,4,4,0,0,0,0,15,1,11,11,4.786,0.10300000000000001
ses_20260701-005920-yuvraj,2026-07-01 01:22:54.009000+00:00,control,42,11,2,2,17,1,3,2,1,1,2,2,1,11,3.318,0.055
ses_20260701-005920-yuvraj,2026-07-01 01:25:41.899000+00:00,control,124,4,4,4,14,0,0,0,0,0,63,0,0,16,1.072,0.069
ses_20260701-005920-yuvraj,2026-07-01 01:25:46.220000+00:00,control,124,4,4,4,14,0,0,0,0,0,63,0,0,16,1.072,0.069
ses_20260701-005920-yuvraj,2026-07-01 01:14:54.023000+00:00,control,39,9,1,2,3,0,0,3,1,2,12,3,1,10,3.012,0.0455
ses_20260701-005920-yuvraj,2026-07-01 01:27:36.415000+00:00,control,33,9,1,6,4,3,3,1,0,0,0,5,0,7,2.927,0.086
ses_20260701-005920-yuvraj,2026-07-01 01:19:27.175000+00:00,control,29,7,3,6,16,0,1,1,0,0,2,1,0,6,3.135,0.058499999999999996
ses_20260701-005920-yuvraj,2026-07-01 01:25:47.424000+00:00,control,129,6,4,5,15,1,0,0,0,0,64,0,1,17,4.786,0.074
ses_20260701-005920-yuvraj,2026-07-01 01:26:45.821000+00:00,control,22,7,1,1,1,0,0,0,0,4,8,1,0,3,1.696,0.059
ses_20260701-005920-yuvraj,2026-07-01 01:22:48.930000+00:00,control,37,11,2,2,16,1,1,2,1,1,2,2,1,9,3.318,0.0525
ses_20260701-005920-yuvraj,2026-07-01 01:18:22.940000+00:00,control,5,4,2,2,1,1,0,0,0,0,0,0,1,2,0.452,0.2375
ses_20260701-005920-yuvraj,2026-07-01 01:25:40.611000+00:00,control,109,4,3,3,11,0,0,0,0,0,56,0,0,14,1.072,0.0675
ses_20260701-005920-yuvraj,2026-07-01 01:19:27.294000+00:00,control,29,7,3,6,16,0,1,1,0,0,2,1,0,6,3.135,0.058499999999999996
ses_20260701-005920-yuvraj,2026-07-01 01:07:26.354000+00:00,control,52,9,2,2,16,0,0,2,1,3,12,2,1,11,4.192,0.05
ses_20260701-005920-yuvraj,2026-07-01 01:27:34.516000+00:00,control,31,8,1,6,4,3,3,0,0,0,0,5,0,6,2.927,0.086
ses_20260701-005920-yuvraj,2026-07-01 01:20:37.785000+00:00,control,45,10,2,2,15,0,2,2,1,2,6,2,1,11,3.759,0.056
ses_20260701-005920-yuvraj,2026-07-01 01:20:04.856000+00:00,control,34,9,2,2,16,0,0,2,1,1,2,2,1,8,2.221,0.055
ses_20260701-005920-yuvraj,2026-07-01 01:12:24.354000+00:00,control,43,6,1,2,22,0,0,1,0,0,8,1,0,8,2.647,0.053
ses_20260701-005920-yuvraj,2026-07-01 01:27:35.911000+00:00,control,33,9,1,6,4,3,3,1,0,0,0,5,0,7,2.927,0.086
ses_20260701-005920-yuvraj,2026-07-01 01:12:03.255000+00:00,control,50,9,1,1,3,0,0,3,1,2,18,3,1,12,3.291,0.055
ses_20260701-005920-yuvraj,2026-07-01 01:25:50.060000+00:00,control,124,6,3,4,11,1,0,0,0,0,62,0,3,17,4.786,0.078
ses_20260701-005920-yuvraj,2026-07-01 01:13:07.345000+00:00,control,59,9,1,2,14,0,0,3,1,2,16,3,1,13,3.264,0.0485
ses_20260701-005920-yuvraj,2026-07-01 01:22:51.393000+00:00,control,39,11,2,2,16,1,2,2,1,1,2,2,1,10,3.318,0.054
ses_20260701-005920-yuvraj,2026-07-01 01:20:39.315000+00:00,control,41,10,2,2,15,0,2,2,1,2,4,2,1,10,3.759,0.056
ses_20260701-005920-yuvraj,2026-07-01 01:25:49.310000+00:00,control,129,6,4,5,15,1,0,0,0,0,64,0,1,17,4.786,0.074
ses_20260701-005920-yuvraj,2026-07-01 01:11:58.079000+00:00,control,62,9,1,2,19,0,1,2,0,1,16,2,1,14,3.291,0.054
ses_20260701-005920-yuvraj,2026-07-01 01:13:06.690000+00:00,control,59,9,1,2,14,0,0,3,1,2,16,3,1,13,3.264,0.0485
ses_20260701-005920-yuvraj,2026-07-01 01:18:56.812000+00:00,control,6,4,2,2,1,1,0,0,0,0,0,0,1,3,0.795,0.163
ses_20260701-005920-yuvraj,2026-07-01 01:03:30.374000+00:00,control,19,7,1,1,0,0,0,2,1,0,6,2,1,6,4.573,0.044
ses_20260701-005920-yuvraj,2026-07-01 01:26:45.623000+00:00,control,22,7,1,1,1,0,0,0,0,4,8,1,0,3,1.696,0.059
ses_20260701-005920-yuvraj,2026-07-01 01:13:53.997000+00:00,control,70,9,2,3,29,0,1,1,0,3,14,1,1,15,2.826,0.051
ses_20260701-005920-yuvraj,2026-07-01 01:11:57.520000+00:00,control,68,9,1,2,27,0,1,1,0,1,16,1,1,14,3.291,0.053
ses_20260701-005920-yuvraj,2026-07-01 01:12:43.973000+00:00,control,31,8,2,2,15,0,0,2,1,0,2,2,1,7,2.953,0.0565
ses_20260701-005920-yuvraj,2026-07-01 01:15:44.277000+00:00,control,51,8,2,2,15,0,0,1,0,1,14,1,2,12,4.572,0.052
ses_20260701-005920-yuvraj,2026-07-01 01:14:54.864000+00:00,control,37,9,1,2,2,0,0,3,1,2,12,3,1,9,3.012,0.0445
ses_20260701-005920-yuvraj,2026-07-01 01:25:39.543000+00:00,control,92,4,3,3,11,0,0,0,0,0,46,0,0,12,1.072,0.062
ses_20260701-005920-yuvraj,2026-07-01 01:03:57.664000+00:00,control,6,4,2,2,1,1,0,0,0,0,0,0,1,3,0.515,0.435
ses_20260701-005920-yuvraj,2026-07-01 01:06:12.735000+00:00,control,21,7,1,1,1,0,0,1,0,0,8,1,1,6,2.165,0.0365
ses_20260701-005920-yuvraj,2026-07-01 01:06:52.848000+00:00,control,31,8,1,1,2,0,0,1,0,1,12,1,1,8,6.035,0.052000000000000005
ses_20260701-005920-yuvraj,2026-07-01 01:11:33.928000+00:00,control,59,9,2,3,19,0,0,3,1,3,12,3,1,13,3.783,0.0525
ses_20260701-005920-yuvraj,2026-07-01 01:16:33.529000+00:00,control,51,9,1,2,3,0,0,3,1,3,18,3,1,12,2.8,0.0465
ses_20260701-005920-yuvraj,2026-07-01 01:26:14.942000+00:00,control,18,4,1,5,0,6,0,0,0,0,0,2,0,6,5.773,0.35
ses_20260701-005920-yuvraj,2026-07-01 01:07:01.711000+00:00,control,33,9,1,1,1,0,0,2,1,1,12,2,1,8,6.035,0.037500000000000006
ses_20260701-005920-yuvraj,2026-07-01 01:26:30.057000+00:00,control,9,3,1,4,0,3,0,0,0,0,0,0,0,3,1.359,0.3805
ses_20260701-005920-yuvraj,2026-07-01 01:10:03.025000+00:00,control,46,8,1,2,3,0,0,1,0,2,20,1,1,10,4.815,0.044
ses_20260701-014804-yuvraj,2026-07-01 01:49:56.067000+00:00,control,115,12,1,2,15,0,2,4,2,1,66,4,1,15,2.731,0.041
ses_20260701-014804-yuvraj,2026-07-01 02:05:49.707000+00:00,control,54,9,1,1,2,0,0,2,1,3,22,2,1,12,3.42,0.038
ses_20260701-014804-yuvraj,2026-07-01 02:05:46.065000+00:00,control,58,8,1,2,13,0,0,1,0,2,20,1,1,12,3.42,0.048
ses_20260701-014804-yuvraj,2026-07-01 02:02:35.432000+00:00,control,33,6,1,2,13,0,0,1,0,0,8,1,0,7,3.241,0.0505
ses_20260701-014804-yuvraj,2026-07-01 02:10:26.809000+00:00,control,34,10,2,2,14,0,1,2,1,2,2,2,1,8,1.517,0.059
ses_20260701-014804-yuvraj,2026-07-01 02:07:25.158000+00:00,control,45,9,2,2,15,0,0,2,1,3,8,2,1,10,2.291,0.055
ses_20260701-014804-yuvraj,2026-07-01 02:05:49.762000+00:00,control,54,9,1,1,2,0,0,2,1,3,22,2,1,12,3.42,0.038
ses_20260701-014804-yuvraj,2026-07-01 01:49:56.023000+00:00,control,115,12,1,2,15,0,2,4,2,1,66,4,1,15,2.731,0.041
ses_20260701-014804-yuvraj,2026-07-01 01:55:08.403000+00:00,control,56,8,2,2,15,0,0,1,0,4,16,1,1,12,3.009,0.055
ses_20260701-014804-yuvraj,2026-07-01 02:05:52.407000+00:00,control,42,9,1,1,2,0,0,2,1,2,16,2,1,10,3.42,0.048
ses_20260701-014804-yuvraj,2026-07-01 02:05:07.404000+00:00,control,45,6,1,2,24,0,0,1,0,0,8,1,0,8,2.801,0.056
ses_20260701-014804-yuvraj,2026-07-01 02:10:48.838000+00:00,control,10,3,1,1,2,0,4,0,0,0,0,0,0,4,2.931,0.059
ses_20260701-014804-yuvraj,2026-07-01 02:19:51.768000+00:00,control,66,9,3,4,22,0,0,2,0,1,16,3,0,13,2.793,0.071
ses_20260701-014804-yuvraj,2026-07-01 01:49:21.365000+00:00,control,37,9,1,1,1,0,0,2,1,2,14,2,1,8,3.065,0.0525
ses_20260701-014804-yuvraj,2026-07-01 02:20:12.173000+00:00,control,50,7,3,3,4,0,0,0,0,0,24,1,6,10,5.986,0.065
ses_20260701-014804-yuvraj,2026-07-01 02:10:41.034000+00:00,control,29,9,2,2,6,0,5,2,1,1,2,2,0,9,4.84,0.0605
ses_20260701-014804-yuvraj,2026-07-01 02:04:31.094000+00:00,control,35,9,1,1,1,0,0,2,1,2,12,2,1,8,2.196,0.033
ses_20260701-014804-yuvraj,2026-07-01 02:07:27.113000+00:00,control,38,9,2,2,15,0,0,2,1,3,4,2,1,8,2.206,0.055
ses_20260701-014804-yuvraj,2026-07-01 01:49:15.534000+00:00,control,45,8,1,1,2,0,0,1,0,1,20,1,1,11,3.597,0.049
ses_20260701-014804-yuvraj,2026-07-01 02:04:21.006000+00:00,control,52,9,1,1,2,0,1,2,0,2,20,2,2,13,3.268,0.034
ses_20260701-014804-yuvraj,2026-07-01 01:58:30.923000+00:00,control,30,9,1,1,1,0,0,2,1,2,10,2,1,7,2.361,0.059
ses_20260701-014804-yuvraj,2026-07-01 02:20:09.020000+00:00,control,46,7,3,4,6,0,0,0,0,0,24,1,0,9,5.986,0.056
ses_20260701-014804-yuvraj,2026-07-01 02:05:07.405000+00:00,control,45,6,1,2,24,0,0,1,0,0,8,1,0,8,2.801,0.056
ses_20260701-014804-yuvraj,2026-07-01 02:05:52.405000+00:00,control,42,9,1,1,2,0,0,2,1,2,16,2,1,10,3.42,0.048
ses_20260701-014804-yuvraj,2026-07-01 02:10:08.112000+00:00,control,4,3,1,1,2,0,0,0,0,1,0,0,0,1,0.778,0.191
ses_20260701-014804-yuvraj,2026-07-01 02:20:08.385000+00:00,control,47,7,3,4,6,0,0,0,0,0,24,1,0,9,5.986,0.0605
ses_20260701-014804-yuvraj,2026-07-01 02:20:06.368000+00:00,control,50,6,3,4,9,0,0,0,0,0,24,0,0,10,4.128,0.054
ses_20260701-014804-yuvraj,2026-07-01 02:10:29.726000+00:00,control,34,10,2,2,14,0,1,2,1,2,2,2,1,8,1.517,0.059
ses_20260701-014804-yuvraj,2026-07-01 02:17:57.167000+00:00,control,61,11,3,6,9,2,1,0,0,0,18,5,0,10,3.026,0.06
ses_20260701-014804-yuvraj,2026-07-01 01:55:37.060000+00:00,control,52,9,1,1,1,0,0,2,1,3,22,2,1,11,3.309,0.046
ses_20260701-014804-yuvraj,2026-07-01 02:07:29.288000+00:00,control,36,9,2,2,15,0,0,2,1,3,3,2,1,8,2.206,0.055
ses_20260701-014804-yuvraj,2026-07-01 01:55:37.060000+00:00,control,52,9,1,1,1,0,0,2,1,3,22,2,1,11,3.309,0.046
ses_20260701-014804-yuvraj,2026-07-01 01:57:58.534000+00:00,control,52,8,1,2,9,0,0,3,1,0,16,3,1,13,3.266,0.047
ses_20260701-014804-yuvraj,2026-07-01 02:06:49.129000+00:00,control,49,8,1,2,6,0,0,1,0,2,20,1,1,10,3.952,0.0525
ses_20260701-014804-yuvraj,2026-07-01 02:07:29.286000+00:00,control,38,9,2,2,15,0,0,2,1,3,4,2,1,8,2.206,0.055
ses_20260701-014804-yuvraj,2026-07-01 01:49:47.873000+00:00,control,92,12,1,2,13,0,1,3,1,1,50,3,1,13,4.462,0.042
ses_20260701-014804-yuvraj,2026-07-01 02:02:38.013000+00:00,control,27,6,1,2,8,0,0,1,0,0,8,1,0,6,3.241,0.0365
ses_20260701-014804-yuvraj,2026-07-01 02:19:44.013000+00:00,control,59,9,3,3,18,1,0,2,0,1,16,2,0,11,2.223,0.0635
ses_20260701-014804-yuvraj,2026-07-01 02:19:45.238000+00:00,control,59,9,3,3,18,1,0,2,0,1,16,2,0,11,2.223,0.0635
ses_20260701-014804-yuvraj,2026-07-01 02:05:22.646000+00:00,control,35,9,2,2,15,0,0,2,1,3,2,2,1,8,7.377,0.0595
ses_20260701-014804-yuvraj,2026-07-01 02:19:59.091000+00:00,control,73,7,3,4,19,0,0,0,0,0,31,1,0,13,4.128,0.05
ses_20260701-014804-yuvraj,2026-07-01 01:52:00.641000+00:00,control,41,9,2,2,15,0,0,2,1,2,6,2,1,9,2.707,0.0565
ses_20260701-014804-yuvraj,2026-07-01 02:07:25.213000+00:00,control,45,9,2,2,15,0,0,2,1,3,8,2,1,10,2.291,0.055
ses_20260701-014804-yuvraj,2026-07-01 01:51:23.894000+00:00,control,49,10,1,1,2,0,1,2,1,3,18,2,1,12,3.8,0.0395
ses_20260701-014804-yuvraj,2026-07-01 02:17:58.629000+00:00,control,73,11,3,6,9,3,1,0,0,0,22,5,0,11,3.026,0.0525
ses_20260701-014804-yuvraj,2026-07-01 02:09:21.395000+00:00,control,56,8,2,2,16,0,0,1,0,3,16,1,1,12,4.379,0.051
ses_20260701-014804-yuvraj,2026-07-01 01:49:46.814000+00:00,control,85,12,1,3,4,0,1,4,1,1,50,4,1,13,4.462,0.038
ses_20260701-014804-yuvraj,2026-07-01 02:05:09.878000+00:00,control,34,6,1,2,14,0,0,1,0,0,8,1,0,7,2.801,0.056
ses_20260701-014804-yuvraj,2026-07-01 02:17:53.001000+00:00,control,54,10,3,5,8,1,0,0,0,0,17,4,0,8,3.026,0.041
ses_20260701-014804-yuvraj,2026-07-01 02:10:32.333000+00:00,control,36,10,2,2,14,0,2,2,1,2,2,2,1,9,4.84,0.059
ses_20260701-014804-yuvraj,2026-07-01 02:19:41.781000+00:00,control,38,9,3,3,8,1,0,2,0,1,10,2,0,8,2.223,0.096
ses_20260701-014804-yuvraj,2026-07-01 01:49:56.474000+00:00,control,116,12,1,2,16,0,2,4,2,1,66,4,1,15,2.731,0.041
ses_20260701-014804-yuvraj,2026-07-01 02:18:06.190000+00:00,control,60,11,2,4,5,2,2,0,0,0,20,3,0,9,2.469,0.048
ses_20260701-014804-yuvraj,2026-07-01 02:06:15.321000+00:00,control,36,7,2,3,15,0,0,1,0,1,8,1,0,7,6.315,0.055
ses_20260701-014804-yuvraj,2026-07-01 01:51:26.611000+00:00,control,49,10,1,1,1,0,2,2,1,3,18,2,1,12,3.8,0.0395
ses_20260701-014804-yuvraj,2026-07-01 02:07:24.363000+00:00,control,45,9,2,2,15,0,0,2,1,3,8,2,1,10,2.291,0.055
ses_20260701-014804-yuvraj,2026-07-01 01:52:53.614000+00:00,control,47,9,1,1,2,0,0,2,1,4,18,2,1,10,4.431,0.0515
ses_20260701-014804-yuvraj,2026-07-01 01:49:55.753000+00:00,control,115,12,1,2,15,0,2,4,2,1,66,4,1,15,2.731,0.041
ses_20260701-014804-yuvraj,2026-07-01 01:57:33.094000+00:00,control,44,9,1,1,1,0,0,3,1,1,16,3,2,11,4.622,0.041
ses_20260701-014804-yuvraj,2026-07-01 02:04:31.062000+00:00,control,36,9,1,1,1,0,0,2,1,2,12,2,1,9,2.196,0.034
ses_20260701-022828-yuvraj,2026-07-01 02:37:41.213000+00:00,control,71,9,1,2,15,0,0,3,1,2,22,3,1,15,2.907,0.053
ses_20260701-022828-yuvraj,2026-07-01 02:34:23.304000+00:00,control,112,12,1,2,15,0,1,4,2,1,66,4,1,14,2.136,0.038
ses_20260701-022828-yuvraj,2026-07-01 02:42:53.550000+00:00,control,43,11,1,1,2,0,1,2,1,3,14,2,1,10,2.949,0.042
ses_20260701-022828-yuvraj,2026-07-01 02:37:41.213000+00:00,control,71,9,1,2,15,0,0,3,1,2,22,3,1,15,2.907,0.053
ses_20260701-022828-yuvraj,2026-07-01 02:37:45.015000+00:00,control,54,9,1,1,2,0,0,2,1,2,22,2,1,13,2.907,0.053
ses_20260701-022828-yuvraj,2026-07-01 02:39:01.340000+00:00,control,43,9,2,2,14,0,0,2,1,2,8,2,1,10,1.85,0.05
ses_20260701-022828-yuvraj,2026-07-01 02:34:26.892000+00:00,control,107,9,1,2,16,0,2,3,2,0,64,3,0,13,4.385,0.0395
ses_20260701-022828-yuvraj,2026-07-01 02:41:03.904000+00:00,control,53,9,1,1,2,0,0,2,1,3,22,2,1,11,3.166,0.0385
ses_20260701-022828-yuvraj,2026-07-01 02:34:24.946000+00:00,control,113,11,1,2,15,0,2,4,2,1,66,4,0,14,4.385,0.0395
ses_20260701-022828-yuvraj,2026-07-01 02:31:59.554000+00:00,control,129,13,2,3,27,1,1,4,2,2,66,4,1,17,2.44,0.042
ses_20260701-022828-yuvraj,2026-07-01 02:42:57.860000+00:00,control,93,12,1,2,14,0,1,3,1,3,48,3,1,12,2.73,0.037500000000000006
ses_20260701-022828-yuvraj,2026-07-01 02:29:43.111000+00:00,control,31,9,1,1,1,0,0,2,1,3,10,2,1,7,2.064,0.054
ses_20260701-022828-yuvraj,2026-07-01 02:43:08.448000+00:00,control,107,9,1,2,16,0,2,3,2,0,64,3,0,13,4.366,0.041
ses_20260701-022828-yuvraj,2026-07-01 02:31:53.408000+00:00,control,41,12,2,2,17,1,1,2,1,2,2,2,1,10,2.205,0.057
ses_20260701-022828-yuvraj,2026-07-01 02:37:49.052000+00:00,control,38,9,1,1,1,0,0,2,1,2,14,2,1,9,1.813,0.059
ses_20260701-022828-yuvraj,2026-07-01 02:34:23.578000+00:00,control,112,12,1,2,15,0,1,4,2,1,66,4,1,14,2.136,0.038
ses_20260701-022828-yuvraj,2026-07-01 02:47:57.545000+00:00,control,48,9,1,1,2,0,0,2,1,4,18,2,1,11,3.978,0.049
ses_20260701-022828-yuvraj,2026-07-01 02:31:55.172000+00:00,control,86,13,2,3,19,1,1,3,1,2,40,3,1,12,2.44,0.042
ses_20260701-022828-yuvraj,2026-07-01 02:47:58.266000+00:00,control,48,9,1,1,2,0,0,2,1,4,18,2,1,11,3.978,0.049
ses_20260701-022828-yuvraj,2026-07-01 02:31:29.805000+00:00,control,7,5,2,3,2,1,0,0,0,0,0,0,0,2,0.616,0.1805
ses_20260701-022828-yuvraj,2026-07-01 02:30:41.183000+00:00,control,46,10,1,1,1,0,0,3,1,1,16,3,2,12,3.737,0.037
ses_20260701-022828-yuvraj,2026-07-01 02:34:24.080000+00:00,control,114,11,1,2,15,0,2,4,2,1,66,4,0,15,4.385,0.041
ses_20260701-022828-yuvraj,2026-07-01 02:34:18.051000+00:00,control,129,12,1,2,16,0,1,4,2,3,74,4,1,16,2.136,0.037
ses_20260701-022828-yuvraj,2026-07-01 02:29:43.114000+00:00,control,31,9,1,1,1,0,0,2,1,3,10,2,1,7,2.064,0.054
ses_20260701-022828-yuvraj,2026-07-01 02:46:39.854000+00:00,control,50,9,1,1,2,0,0,3,1,4,18,3,1,11,3.753,0.044
ses_20260701-022828-yuvraj,2026-07-01 02:33:27.211000+00:00,control,33,6,1,2,13,0,0,1,0,0,8,1,0,7,2.52,0.040499999999999994
ses_20260701-022828-yuvraj,2026-07-01 02:34:23.898000+00:00,control,114,12,1,2,15,0,2,4,2,1,66,4,1,14,4.385,0.041
ses_20260701-022828-yuvraj,2026-07-01 02:32:05.100000+00:00,control,112,11,1,2,14,0,2,4,2,1,66,4,0,14,3.36,0.041
ses_20260701-022828-yuvraj,2026-07-01 02:42:57.906000+00:00,control,93,12,1,2,14,0,1,3,1,3,48,3,1,12,2.73,0.037500000000000006
ses_20260701-022828-yuvraj,2026-07-01 02:48:44.522000+00:00,control,58,9,2,2,16,0,0,3,1,4,12,3,2,13,3.313,0.053
ses_20260701-022828-yuvraj,2026-07-01 02:32:04.127000+00:00,control,112,11,2,3,14,0,2,4,2,1,66,4,0,14,3.36,0.042
ses_20260701-022828-yuvraj,2026-07-01 02:43:09.292000+00:00,control,107,9,1,2,16,0,2,3,2,0,64,3,0,13,4.366,0.041
ses_20260701-022828-yuvraj,2026-07-01 02:34:23.443000+00:00,control,112,12,1,2,15,0,1,4,2,1,66,4,1,14,2.136,0.038
ses_20260701-022828-yuvraj,2026-07-01 02:42:56.514000+00:00,control,86,12,1,2,2,0,1,3,1,3,52,3,1,12,2.949,0.025
ses_20260701-022828-yuvraj,2026-07-01 02:49:20.239000+00:00,control,40,10,1,1,2,0,2,2,1,2,12,2,1,10,2.61,0.056
ses_20260701-022828-yuvraj,2026-07-01 02:34:25.120000+00:00,control,113,11,1,2,15,0,2,4,2,1,66,4,0,14,4.385,0.0395
ses_20260701-022828-yuvraj,2026-07-01 02:38:55.721000+00:00,control,59,9,2,2,15,0,0,2,1,2,16,2,1,14,4.594,0.0475
ses_20260701-022828-yuvraj,2026-07-01 02:34:06.109000+00:00,control,64,8,1,2,15,0,0,2,0,3,20,2,1,13,3.162,0.045
ses_20260701-022828-yuvraj,2026-07-01 02:45:00.983000+00:00,control,18,6,1,1,2,0,0,1,0,0,8,1,0,3,3.344,0.029
ses_20260701-022828-yuvraj,2026-07-01 02:45:12.320000+00:00,control,32,9,2,2,14,0,0,2,1,2,2,2,1,7,2.394,0.055
ses_20260701-022828-yuvraj,2026-07-01 02:49:30.478000+00:00,control,23,9,2,2,4,0,3,1,1,1,4,1,0,6,9.599,0.05
ses_20260701-022828-yuvraj,2026-07-01 02:34:02.499000+00:00,control,74,8,1,2,26,0,1,1,0,3,20,1,0,14,3.162,0.05
ses_20260701-022828-yuvraj,2026-07-01 02:37:04.012000+00:00,control,34,6,1,2,14,0,0,1,0,0,8,1,0,7,2.667,0.053
ses_20260701-022828-yuvraj,2026-07-01 02:32:03.988000+00:00,control,114,11,2,3,15,0,2,4,2,1,66,4,0,15,3.36,0.042
ses_20260701-022828-yuvraj,2026-07-01 02:44:05.504000+00:00,control,70,9,2,3,29,0,0,3,1,3,12,3,1,14,4.18,0.054
ses_20260701-022828-yuvraj,2026-07-01 02:29:43.840000+00:00,control,31,9,1,1,1,0,0,2,1,3,10,2,1,7,2.064,0.054
ses_20260701-022828-yuvraj,2026-07-01 02:37:05.008000+00:00,control,34,6,1,2,14,0,0,1,0,0,8,1,0,7,2.667,0.053
ses_20260701-022828-yuvraj,2026-07-01 02:43:42.207000+00:00,control,30,9,1,1,2,0,0,2,1,3,8,2,1,7,3.261,0.059
ses_20260701-022828-yuvraj,2026-07-01 02:49:10.735000+00:00,control,49,8,1,2,3,0,0,2,0,2,20,2,1,11,3.487,0.057999999999999996
ses_20260701-022828-yuvraj,2026-07-01 02:39:00.621000+00:00,control,43,9,2,2,14,0,0,2,1,2,8,2,1,10,1.85,0.05
ses_20260701-022828-yuvraj,2026-07-01 02:39:03.558000+00:00,control,40,9,2,2,14,0,0,2,1,2,6,2,1,9,1.85,0.048
ses_20260701-022828-yuvraj,2026-07-01 02:49:27.724000+00:00,control,22,10,1,1,2,0,3,2,1,1,2,2,1,7,2.671,0.052
ses_20260701-030836-yuvraj,2026-07-01 03:14:56.100000+00:00,control,44,9,1,2,2,0,0,3,1,1,16,3,1,11,4.566,0.041
ses_20260701-030836-yuvraj,2026-07-01 03:12:53.460000+00:00,control,113,12,1,2,15,0,2,4,2,1,66,4,1,13,2.395,0.041
ses_20260701-030836-yuvraj,2026-07-01 03:26:24.584000+00:00,control,37,9,1,1,1,0,0,2,1,1,14,2,1,9,2.647,0.051000000000000004
ses_20260701-030836-yuvraj,2026-07-01 03:17:20.956000+00:00,control,19,6,1,1,1,0,0,1,0,0,8,1,0,5,2.5,0.034
ses_20260701-030836-yuvraj,2026-07-01 03:12:54.046000+00:00,control,115,12,1,2,16,0,2,4,2,1,66,4,1,14,2.395,0.041
ses_20260701-030836-yuvraj,2026-07-01 03:19:14.842000+00:00,control,51,9,1,1,1,0,0,2,1,2,22,2,1,11,4.146,0.03
ses_20260701-030836-yuvraj,2026-07-01 03:26:28.748000+00:00,control,30,9,1,1,1,0,0,2,1,1,10,2,1,7,2.089,0.047
ses_20260701-030836-yuvraj,2026-07-01 03:12:55.805000+00:00,control,111,10,2,4,18,0,2,3,2,0,64,3,0,14,2.395,0.0415
ses_20260701-030836-yuvraj,2026-07-01 03:25:54.005000+00:00,control,104,9,1,2,16,0,2,2,1,0,64,2,0,13,3.778,0.041
ses_20260701-030836-yuvraj,2026-07-01 03:12:40.716000+00:00,control,30,11,1,1,2,0,1,2,1,2,8,2,1,6,2.792,0.055
ses_20260701-030836-yuvraj,2026-07-01 03:21:39.938000+00:00,control,28,9,2,2,2,0,0,2,1,1,8,2,1,8,1.956,0.066
ses_20260701-030836-yuvraj,2026-07-01 03:25:50.770000+00:00,control,113,11,2,3,15,0,2,4,2,1,66,4,0,14,3.778,0.04
ses_20260701-030836-yuvraj,2026-07-01 03:24:30.325000+00:00,control,33,9,2,2,15,0,0,2,1,2,2,2,1,7,2.416,0.0575
ses_20260701-030836-yuvraj,2026-07-01 03:22:35.647000+00:00,control,32,6,1,2,12,0,0,1,0,0,8,1,0,7,2.346,0.053
ses_20260701-030836-yuvraj,2026-07-01 03:12:49.848000+00:00,control,123,12,1,2,16,0,1,4,2,2,72,4,1,14,2.792,0.041
ses_20260701-030836-yuvraj,2026-07-01 03:25:50.178000+00:00,control,116,11,2,3,18,0,2,4,2,1,66,4,0,14,3.778,0.041
ses_20260701-030836-yuvraj,2026-07-01 03:21:38.946000+00:00,control,31,9,2,2,2,0,0,2,1,1,10,2,1,9,4.432,0.07
ses_20260701-030836-yuvraj,2026-07-01 03:10:17.795000+00:00,control,47,9,1,1,2,0,0,2,1,3,18,2,1,11,4.125,0.035500000000000004
ses_20260701-030836-yuvraj,2026-07-01 03:24:12.511000+00:00,control,34,6,1,2,14,0,0,1,0,0,8,1,0,7,3.116,0.048
ses_20260701-030836-yuvraj,2026-07-01 03:25:47.373000+00:00,control,127,12,2,3,28,0,1,4,2,1,66,4,1,16,2.507,0.0415
ses_20260701-030836-yuvraj,2026-07-01 03:12:54.133000+00:00,control,115,12,1,2,16,0,2,4,2,1,66,4,1,14,2.395,0.041
ses_20260701-030836-yuvraj,2026-07-01 03:24:53.038000+00:00,control,20,7,1,1,1,0,0,1,0,0,8,1,1,5,3.121,0.038
ses_20260701-030836-yuvraj,2026-07-01 03:22:31.936000+00:00,control,48,6,1,2,26,0,0,1,0,0,8,1,0,9,2.86,0.053
ses_20260701-030836-yuvraj,2026-07-01 03:25:39.742000+00:00,control,50,11,2,2,17,0,1,2,1,3,8,2,1,11,2.125,0.057
ses_20260701-030836-yuvraj,2026-07-01 03:12:57.605000+00:00,control,108,11,2,4,18,0,2,2,1,0,64,2,1,13,2.395,0.042
ses_20260701-030836-yuvraj,2026-07-01 03:24:54.164000+00:00,control,20,7,1,1,1,0,0,1,0,0,8,1,1,5,3.121,0.038
ses_20260701-030836-yuvraj,2026-07-01 03:13:09.335000+00:00,control,20,8,3,4,6,0,1,0,0,0,0,0,1,8,2.395,0.134
ses_20260701-030836-yuvraj,2026-07-01 03:25:50.550000+00:00,control,113,11,2,3,15,0,2,4,2,1,66,4,0,14,3.778,0.04
ses_20260701-030836-yuvraj,2026-07-01 03:17:37.984000+00:00,control,45,11,2,3,8,0,0,2,1,3,8,2,2,13,2.726,0.068
ses_20260701-030836-yuvraj,2026-07-01 03:25:51.883000+00:00,control,110,11,1,2,15,0,2,3,2,1,66,3,0,13,3.778,0.039
ses_20260701-030836-yuvraj,2026-07-01 03:25:43.739000+00:00,control,106,12,2,3,29,0,1,4,2,3,42,4,1,16,2.507,0.042
ses_20260701-030836-yuvraj,2026-07-01 03:25:40.010000+00:00,control,58,12,2,3,17,0,1,3,1,3,12,3,1,12,2.507,0.055
ses_20260701-030836-yuvraj,2026-07-01 03:24:54.164000+00:00,control,20,7,1,1,1,0,0,1,0,0,8,1,1,5,3.121,0.038
ses_20260701-030836-yuvraj,2026-07-01 03:17:37.907000+00:00,control,45,11,2,3,8,0,0,2,1,3,8,2,2,13,2.726,0.068
ses_20260701-030836-yuvraj,2026-07-01 03:21:10.133000+00:00,control,59,9,1,2,14,0,0,3,1,2,16,3,1,13,3.117,0.0545
ses_20260701-030836-yuvraj,2026-07-01 03:17:22.326000+00:00,control,19,6,1,1,1,0,0,1,0,0,8,1,0,5,2.5,0.034
ses_20260701-030836-yuvraj,2026-07-01 03:12:53.679000+00:00,control,113,12,1,2,15,0,2,4,2,1,66,4,1,13,2.395,0.041
ses_20260701-030836-yuvraj,2026-07-01 03:18:23.527000+00:00,control,55,9,1,1,2,0,0,2,1,3,22,2,1,13,3.708,0.051500000000000004
ses_20260701-030836-yuvraj,2026-07-01 03:25:33.730000+00:00,control,56,8,2,2,16,0,0,1,0,4,16,1,1,11,4.884,0.055
ses_20260701-030836-yuvraj,2026-07-01 03:17:20.958000+00:00,control,19,6,1,1,1,0,0,1,0,0,8,1,0,5,2.5,0.034
ses_20260701-030836-yuvraj,2026-07-01 03:25:39.949000+00:00,control,53,11,2,3,17,0,1,3,1,3,8,3,1,12,2.507,0.057
ses_20260701-030836-yuvraj,2026-07-01 03:26:14.358000+00:00,control,67,8,1,2,25,0,1,1,0,1,18,1,0,13,3.703,0.052
ses_20260701-030836-yuvraj,2026-07-01 03:27:09.380000+00:00,control,7,3,1,1,1,0,3,0,0,0,0,0,0,3,3.074,0.089
ses_20260701-030836-yuvraj,2026-07-01 03:23:13.803000+00:00,control,66,8,1,2,14,0,0,2,0,2,22,2,1,14,3.197,0.044
ses_20260701-030836-yuvraj,2026-07-01 03:21:36.170000+00:00,control,45,9,2,2,3,0,0,2,1,2,16,2,1,12,4.432,0.0485
ses_20260701-030836-yuvraj,2026-07-01 03:10:23.627000+00:00,control,30,9,1,1,1,0,0,2,1,2,10,2,1,7,1.7,0.034
ses_20260701-030836-yuvraj,2026-07-01 03:25:49.955000+00:00,control,118,11,2,3,22,0,1,4,2,1,66,4,0,14,2.507,0.042
ses_20260701-030836-yuvraj,2026-07-01 03:21:10.135000+00:00,control,59,9,1,2,14,0,0,3,1,2,16,3,1,13,3.117,0.0545
ses_20260701-030836-yuvraj,2026-07-01 03:13:55.291000+00:00,control,49,9,1,1,2,0,0,3,1,2,18,3,2,11,3.482,0.041499999999999995
ses_20260701-030836-yuvraj,2026-07-01 03:25:45.853000+00:00,control,128,12,2,3,28,0,1,4,2,3,66,4,1,15,2.507,0.042
ses_20260701-032825-CHAITANYA0BCF,2026-07-01 03:37:20.999000+00:00,control,33,10,2,2,2,1,0,2,1,3,8,2,2,8,2.658,0.067
ses_20260701-032825-CHAITANYA0BCF,2026-07-01 03:41:43.561000+00:00,control,41,9,1,1,1,0,0,2,1,2,16,2,1,10,2.938,0.0225
ses_20260701-032825-CHAITANYA0BCF,2026-07-01 03:38:54.916000+00:00,control,42,9,2,2,14,0,0,2,1,3,8,2,1,7,2.029,0.05
ses_20260701-032825-CHAITANYA0BCF,2026-07-01 03:41:15.770000+00:00,control,56,9,1,1,2,0,0,2,1,4,22,2,1,13,4.042,0.046
ses_20260701-032825-CHAITANYA0BCF,2026-07-01 03:38:58.482000+00:00,control,45,9,3,3,16,0,0,2,1,3,8,2,1,8,3.016,0.0505
ses_20260701-032825-CHAITANYA0BCF,2026-07-01 03:50:13.423000+00:00,control,66,8,2,2,15,0,0,1,0,4,22,1,1,13,4.277,0.054
ses_20260701-032825-CHAITANYA0BCF,2026-07-01 03:52:10.149000+00:00,control,16,4,3,4,6,0,3,0,0,0,0,0,0,5,3.401,0.061
ses_20260701-032825-CHAITANYA0BCF,2026-07-01 03:38:58.264000+00:00,control,45,9,3,3,16,0,0,2,1,3,8,2,1,8,3.016,0.0505
ses_20260701-032825-CHAITANYA0BCF,2026-07-01 03:49:13.066000+00:00,control,69,8,2,2,17,0,0,1,0,4,22,1,1,14,4.214,0.053
ses_20260701-032825-CHAITANYA0BCF,2026-07-01 03:29:33.817000+00:00,control,22,6,2,3,2,0,0,0,0,0,8,0,2,6,2.279,0.132
ses_20260701-032825-CHAITANYA0BCF,2026-07-01 03:47:40.108000+00:00,control,27,9,1,1,1,0,0,2,1,3,8,2,1,5,2.458,0.0535
ses_20260701-032825-CHAITANYA0BCF,2026-07-01 03:36:59.179000+00:00,control,20,6,1,2,2,0,0,1,0,0,8,1,0,6,2.933,0.058
ses_20260701-032825-CHAITANYA0BCF,2026-07-01 03:33:45.683000+00:00,control,19,6,2,3,2,0,0,1,0,0,8,1,0,6,3.516,0.092
ses_20260701-032825-CHAITANYA0BCF,2026-07-01 03:38:15.401000+00:00,control,16,3,1,1,0,0,0,0,0,0,10,0,0,5,5.018,0.124
ses_20260701-032825-CHAITANYA0BCF,2026-07-01 03:43:12.311000+00:00,control,56,9,2,2,16,0,0,2,1,3,14,2,1,11,2.854,0.052
ses_20260701-032825-CHAITANYA0BCF,2026-07-01 03:46:30.681000+00:00,control,47,9,1,1,2,0,0,2,1,4,18,2,1,10,4.299,0.0565
ses_20260701-032825-CHAITANYA0BCF,2026-07-01 03:49:12.937000+00:00,control,69,8,2,2,17,0,0,1,0,4,22,1,1,14,4.214,0.053
ses_20260701-032825-CHAITANYA0BCF,2026-07-01 03:38:14.301000+00:00,control,17,3,1,1,0,0,0,0,0,0,10,0,0,6,5.018,0.124
ses_20260701-032825-CHAITANYA0BCF,2026-07-01 03:51:54.463000+00:00,control,51,9,3,3,17,0,0,2,1,3,10,2,1,10,2.089,0.051
ses_20260701-032825-CHAITANYA0BCF,2026-07-01 03:45:32.358000+00:00,control,47,10,2,2,16,1,0,2,1,3,8,2,3,7,1.796,0.053
ses_20260701-032825-CHAITANYA0BCF,2026-07-01 03:51:43.872000+00:00,control,66,8,2,3,18,0,0,1,0,3,20,1,1,14,3.121,0.048
ses_20260701-032825-CHAITANYA0BCF,2026-07-01 03:46:30.682000+00:00,control,47,9,1,1,2,0,0,2,1,4,18,2,1,10,4.299,0.0565
ses_20260701-032825-CHAITANYA0BCF,2026-07-01 03:44:22.942000+00:00,control,60,11,2,3,7,0,0,2,1,3,20,2,2,14,3.022,0.045
ses_20260701-032825-CHAITANYA0BCF,2026-07-01 03:29:46.094000+00:00,control,45,8,2,2,16,0,0,3,0,2,8,2,1,9,2.116,0.0565
ses_20260701-032825-CHAITANYA0BCF,2026-07-01 03:33:56.357000+00:00,control,16,3,1,1,0,0,0,0,0,0,10,0,0,5,5.382,0.105
ses_20260701-032825-CHAITANYA0BCF,2026-07-01 03:39:02.199000+00:00,control,45,9,3,3,16,0,0,2,1,3,8,2,1,8,3.016,0.0505
ses_20260701-032825-CHAITANYA0BCF,2026-07-01 03:37:23.541000+00:00,control,33,10,2,2,2,1,0,2,1,3,8,2,2,8,2.658,0.067
ses_20260701-032825-CHAITANYA0BCF,2026-07-01 03:43:12.200000+00:00,control,56,9,2,2,16,0,0,2,1,3,14,2,1,11,2.854,0.052
ses_20260701-032825-CHAITANYA0BCF,2026-07-01 03:51:54.576000+00:00,control,51,9,3,3,17,0,0,2,1,3,10,2,1,10,2.089,0.051
ses_20260701-032825-CHAITANYA0BCF,2026-07-01 03:38:15.528000+00:00,control,16,3,1,1,0,0,0,0,0,0,10,0,0,5,5.018,0.124
ses_20260701-032825-CHAITANYA0BCF,2026-07-01 03:39:17.796000+00:00,control,13,7,1,4,4,1,1,0,0,0,0,0,0,3,2.508,0.08499999999999999
ses_20260701-032825-CHAITANYA0BCF,2026-07-01 03:51:49.341000+00:00,control,69,9,3,3,17,0,0,2,1,4,20,2,1,14,3.121,0.05
ses_20260701-032825-CHAITANYA0BCF,2026-07-01 03:49:45.211000+00:00,control,49,9,1,1,1,0,0,2,1,4,20,2,1,10,3.467,0.0325
ses_20260701-032825-CHAITANYA0BCF,2026-07-01 03:42:38.600000+00:00,control,2,2,1,1,1,0,0,0,0,0,0,0,0,1,0.033,0.033
ses_20260701-032825-CHAITANYA0BCF,2026-07-01 03:45:32.186000+00:00,control,47,10,2,2,16,1,0,2,1,3,8,2,3,7,1.796,0.053
ses_20260701-032825-CHAITANYA0BCF,2026-07-01 03:49:12.935000+00:00,control,69,8,2,2,17,0,0,1,0,4,22,1,1,14,4.214,0.053
ses_20260701-032825-CHAITANYA0BCF,2026-07-01 03:48:40.041000+00:00,control,48,8,1,2,3,0,0,1,0,3,20,1,1,11,3.373,0.056
ses_20260701-032825-CHAITANYA0BCF,2026-07-01 03:41:38.899000+00:00,control,47,10,1,1,1,0,1,3,1,2,16,3,2,12,2.938,0.0375
ses_20260701-032825-CHAITANYA0BCF,2026-07-01 03:44:16.343000+00:00,control,68,10,1,2,15,0,1,3,1,4,18,3,1,15,3.022,0.048
ses_20260701-032825-CHAITANYA0BCF,2026-07-01 03:49:10.739000+00:00,control,64,8,2,3,17,0,0,1,0,3,20,1,1,13,4.214,0.054
ses_20260701-032825-CHAITANYA0BCF,2026-07-01 03:40:50.471000+00:00,control,38,9,1,1,1,0,0,2,1,3,14,2,1,8,2.884,0.046
ses_20260701-032825-CHAITANYA0BCF,2026-07-01 03:41:41.485000+00:00,control,45,9,1,1,1,0,0,3,1,2,16,3,2,11,2.938,0.026500000000000003
ses_20260701-032825-CHAITANYA0BCF,2026-07-01 03:52:10.222000+00:00,control,17,4,3,4,6,0,3,0,0,0,0,0,0,5,3.401,0.0635
ses_20260701-032825-CHAITANYA0BCF,2026-07-01 03:44:45.880000+00:00,control,55,8,1,1,2,0,0,2,0,4,22,2,1,13,2.974,0.042499999999999996
ses_20260701-032825-CHAITANYA0BCF,2026-07-01 03:38:58.050000+00:00,control,45,9,3,3,16,0,0,2,1,3,8,2,1,8,3.016,0.0505
ses_20260701-032825-CHAITANYA0BCF,2026-07-01 03:38:32.691000+00:00,control,8,5,2,2,2,0,0,0,0,1,2,0,0,2,0.638,0.083
ses_20260701-032825-CHAITANYA0BCF,2026-07-01 03:38:04.152000+00:00,control,18,5,2,3,2,0,0,1,0,0,8,1,0,6,3.198,0.092
ses_20260701-032825-CHAITANYA0BCF,2026-07-01 03:34:31.200000+00:00,control,45,9,3,3,15,0,0,2,1,3,8,2,1,9,2.046,0.0545
ses_20260701-032825-CHAITANYA0BCF,2026-07-01 03:36:59.916000+00:00,control,18,6,1,1,1,0,0,1,0,0,8,1,0,5,2.933,0.058
ses_20260701-032825-CHAITANYA0BCF,2026-07-01 03:40:44.017000+00:00,control,51,8,1,2,6,0,0,1,0,3,20,1,1,11,3.675,0.055
ses_20260701-032825-CHAITANYA0BCF,2026-07-01 03:34:31.200000+00:00,control,45,9,3,3,15,0,0,2,1,3,8,2,1,9,2.046,0.0545
ses_20260701-032825-CHAITANYA0BCF,2026-07-01 03:48:43.285000+00:00,control,55,9,1,1,2,0,0,2,1,4,22,2,1,12,3.373,0.043
ses_20260701-032825-CHAITANYA0BCF,2026-07-01 03:51:54.461000+00:00,control,51,9,3,3,17,0,0,2,1,3,10,2,1,10,2.089,0.051
ses_20260701-032825-CHAITANYA0BCF,2026-07-01 03:36:57.866000+00:00,control,35,6,1,2,15,0,0,1,0,0,8,1,0,8,2.933,0.054
ses_20260701-032825-CHAITANYA0BCF,2026-07-01 03:36:59.904000+00:00,control,18,6,1,1,1,0,0,1,0,0,8,1,0,5,2.933,0.058
ses_20260701-035622-SIDDHIGUPTAB00B,2026-07-01 04:11:12.017000+00:00,control,60,11,4,5,8,0,0,1,0,3,20,2,1,13,4.339,0.05
ses_20260701-035622-SIDDHIGUPTAB00B,2026-07-01 04:22:26.715000+00:00,control,22,3,1,1,0,0,0,0,0,0,14,0,0,7,5.136,0.142
ses_20260701-035622-SIDDHIGUPTAB00B,2026-07-01 04:13:19.696000+00:00,control,39,7,2,4,5,0,0,0,0,1,16,0,0,9,3.395,0.054
ses_20260701-035622-SIDDHIGUPTAB00B,2026-07-01 04:23:48.462000+00:00,control,56,10,4,4,17,1,0,2,1,3,8,3,2,15,2.053,0.059
ses_20260701-035622-SIDDHIGUPTAB00B,2026-07-01 04:13:24.132000+00:00,control,50,7,2,4,6,0,0,0,0,3,20,0,0,11,3.395,0.049
ses_20260701-035622-SIDDHIGUPTAB00B,2026-07-01 04:03:15.752000+00:00,control,63,8,2,3,16,0,0,1,0,3,20,1,1,13,3.429,0.0545
ses_20260701-035622-SIDDHIGUPTAB00B,2026-07-01 04:09:49.717000+00:00,control,8,5,1,1,2,0,0,0,0,1,2,0,0,2,0.854,0.03
ses_20260701-035622-SIDDHIGUPTAB00B,2026-07-01 04:13:32.253000+00:00,control,30,6,2,2,3,0,0,0,0,2,12,0,0,7,2.059,0.046
ses_20260701-035622-SIDDHIGUPTAB00B,2026-07-01 04:11:19.460000+00:00,control,47,10,2,2,6,0,0,2,1,3,14,2,1,11,1.596,0.1195
ses_20260701-035622-SIDDHIGUPTAB00B,2026-07-01 04:17:04.664000+00:00,control,44,8,2,2,6,0,0,1,0,3,16,1,2,9,4.107,0.053
ses_20260701-035622-SIDDHIGUPTAB00B,2026-07-01 04:08:38.286000+00:00,control,50,9,2,2,10,0,0,2,1,3,14,2,1,11,2.278,0.063
ses_20260701-035622-SIDDHIGUPTAB00B,2026-07-01 04:14:00.139000+00:00,control,56,9,1,1,2,0,0,2,1,4,22,2,1,13,3.354,0.049
ses_20260701-035622-SIDDHIGUPTAB00B,2026-07-01 03:56:49.881000+00:00,control,36,6,1,1,0,0,3,0,0,0,14,0,0,8,2.679,0.076
ses_20260701-035622-SIDDHIGUPTAB00B,2026-07-01 04:24:07.468000+00:00,control,14,3,1,1,6,0,3,0,0,0,0,0,0,5,3.035,0.095
ses_20260701-035622-SIDDHIGUPTAB00B,2026-07-01 04:06:21.907000+00:00,control,46,9,2,2,15,0,0,2,1,3,8,2,2,9,1.795,0.057
ses_20260701-035622-SIDDHIGUPTAB00B,2026-07-01 04:13:19.062000+00:00,control,34,7,2,4,5,0,0,0,0,1,14,0,0,7,3.395,0.07
ses_20260701-035622-SIDDHIGUPTAB00B,2026-07-01 04:00:34.986000+00:00,control,44,9,1,1,1,0,0,3,1,2,16,3,1,11,3.644,0.044
ses_20260701-035622-SIDDHIGUPTAB00B,2026-07-01 04:01:13.665000+00:00,control,44,8,2,2,16,0,0,1,0,3,8,1,1,10,1.274,0.073
ses_20260701-035622-SIDDHIGUPTAB00B,2026-07-01 04:13:29.829000+00:00,control,36,7,2,3,4,0,0,0,0,2,14,0,0,9,3.395,0.066
ses_20260701-035622-SIDDHIGUPTAB00B,2026-07-01 04:06:21.130000+00:00,control,46,9,2,2,15,0,0,2,1,3,8,2,2,9,1.795,0.057
ses_20260701-035622-SIDDHIGUPTAB00B,2026-07-01 04:22:48.518000+00:00,control,8,5,1,1,2,0,0,0,0,1,2,0,0,2,1.126,0.075
ses_20260701-035622-SIDDHIGUPTAB00B,2026-07-01 04:03:19.120000+00:00,control,68,8,2,2,16,0,0,1,0,4,22,1,1,14,3.429,0.054
ses_20260701-035622-SIDDHIGUPTAB00B,2026-07-01 03:56:49.259000+00:00,control,36,6,1,1,0,0,3,0,0,0,14,0,0,8,2.679,0.076
ses_20260701-035622-SIDDHIGUPTAB00B,2026-07-01 04:13:24.659000+00:00,control,50,7,2,4,6,0,0,0,0,3,20,0,0,11,3.395,0.049
ses_20260701-035622-SIDDHIGUPTAB00B,2026-07-01 04:21:40.835000+00:00,control,20,7,1,1,1,0,0,1,0,0,8,1,1,6,2.586,0.082
ses_20260701-035622-SIDDHIGUPTAB00B,2026-07-01 04:22:18.197000+00:00,control,34,6,2,3,14,0,1,1,0,0,8,1,0,9,3.573,0.06
ses_20260701-035622-SIDDHIGUPTAB00B,2026-07-01 04:19:49.859000+00:00,control,20,5,1,1,4,0,0,0,0,2,6,0,0,5,3.747,0.11
ses_20260701-035622-SIDDHIGUPTAB00B,2026-07-01 04:16:06.696000+00:00,control,43,9,2,2,13,0,0,2,1,3,8,2,1,9,2.157,0.045
ses_20260701-035622-SIDDHIGUPTAB00B,2026-07-01 04:09:24.006000+00:00,control,26,7,2,2,1,0,0,1,0,0,14,1,1,7,3.204,0.063
ses_20260701-035622-SIDDHIGUPTAB00B,2026-07-01 04:01:01.352000+00:00,control,23,9,2,2,1,0,0,1,0,0,8,1,1,6,2.958,0.0775
ses_20260701-035622-SIDDHIGUPTAB00B,2026-07-01 04:12:09.328000+00:00,control,49,10,3,3,16,1,0,2,1,3,8,2,1,11,5.363,0.0565
ses_20260701-035622-SIDDHIGUPTAB00B,2026-07-01 04:21:56.839000+00:00,control,45,9,2,2,15,0,0,2,1,3,8,2,1,9,1.743,0.0515
ses_20260701-035622-SIDDHIGUPTAB00B,2026-07-01 04:04:43.765000+00:00,control,8,4,2,3,2,1,0,0,0,0,0,0,1,4,0.787,0.208
ses_20260701-035622-SIDDHIGUPTAB00B,2026-07-01 04:01:41.704000+00:00,control,21,6,2,4,3,0,0,1,0,0,8,1,0,7,4.159,0.1595
ses_20260701-035622-SIDDHIGUPTAB00B,2026-07-01 04:18:14.589000+00:00,control,39,8,1,1,2,0,0,1,0,3,16,1,1,9,4.017,0.0515
ses_20260701-035622-SIDDHIGUPTAB00B,2026-07-01 04:22:48.520000+00:00,control,8,5,1,1,2,0,0,0,0,1,2,0,0,2,1.126,0.075
ses_20260701-035622-SIDDHIGUPTAB00B,2026-07-01 04:02:06.023000+00:00,control,10,6,2,2,2,0,0,0,0,1,2,0,0,3,0.561,0.062
ses_20260701-035622-SIDDHIGUPTAB00B,2026-07-01 04:01:02.359000+00:00,control,19,6,1,1,1,0,0,0,0,0,8,0,1,5,2.501,0.067
ses_20260701-035622-SIDDHIGUPTAB00B,2026-07-01 04:06:59.864000+00:00,control,45,10,2,2,3,1,0,3,1,2,12,3,2,14,3.099,0.0635
ses_20260701-035622-SIDDHIGUPTAB00B,2026-07-01 04:06:34.038000+00:00,control,35,9,3,3,16,0,0,2,1,1,2,2,2,8,3.976,0.0615
ses_20260701-035622-SIDDHIGUPTAB00B,2026-07-01 04:14:02.251000+00:00,control,53,9,1,1,2,0,0,2,1,4,20,2,1,13,3.354,0.0495
ses_20260701-035622-SIDDHIGUPTAB00B,2026-07-01 04:02:22.574000+00:00,control,44,10,2,3,13,1,0,2,1,3,8,2,1,9,2.186,0.053
ses_20260701-035622-SIDDHIGUPTAB00B,2026-07-01 04:12:06.984000+00:00,control,49,10,3,3,16,1,0,2,1,3,8,2,1,11,5.363,0.0565
ses_20260701-035622-SIDDHIGUPTAB00B,2026-07-01 04:04:59.772000+00:00,control,7,3,1,1,1,0,0,0,0,0,4,0,0,2,2.995,0.038
ses_20260701-035622-SIDDHIGUPTAB00B,2026-07-01 04:18:50.273000+00:00,control,49,10,2,2,13,0,1,2,1,3,12,2,1,10,4.269,0.0625
ses_20260701-035622-SIDDHIGUPTAB00B,2026-07-01 04:11:18.655000+00:00,control,47,10,2,2,6,0,0,2,1,3,14,2,1,11,1.596,0.1195
ses_20260701-035622-SIDDHIGUPTAB00B,2026-07-01 04:23:47.667000+00:00,control,56,10,4,4,17,1,0,2,1,3,8,3,2,15,2.053,0.059
ses_20260701-035622-SIDDHIGUPTAB00B,2026-07-01 04:17:36.409000+00:00,control,56,7,3,3,12,0,0,1,0,3,20,1,0,11,4.277,0.058
ses_20260701-035622-SIDDHIGUPTAB00B,2026-07-01 04:20:21.246000+00:00,control,16,7,3,3,6,0,0,1,0,1,2,2,0,3,4.811,0.059
ses_20260701-035622-SIDDHIGUPTAB00B,2026-07-01 04:19:50.258000+00:00,control,20,5,1,1,4,0,0,0,0,2,6,0,0,5,3.747,0.11
ses_20260701-035622-SIDDHIGUPTAB00B,2026-07-01 04:13:53.557000+00:00,control,74,8,2,2,24,0,1,1,0,3,20,1,0,16,3.354,0.05
ses_20260701-035622-SIDDHIGUPTAB00B,2026-07-01 04:19:27.276000+00:00,control,16,4,1,1,1,0,0,0,0,0,8,0,0,5,2.837,0.11
ses_20260701-035622-SIDDHIGUPTAB00B,2026-07-01 04:14:22.619000+00:00,control,36,3,2,2,28,0,0,0,0,0,0,2,0,6,3.809,0.032
ses_20260701-035622-SIDDHIGUPTAB00B,2026-07-01 04:01:16.349000+00:00,control,48,9,2,2,16,0,0,2,1,3,8,2,1,11,1.702,0.066
ses_20260701-035622-SIDDHIGUPTAB00B,2026-07-01 04:03:15.635000+00:00,control,63,8,2,3,16,0,0,1,0,3,20,1,1,13,3.429,0.0545
ses_20260701-035622-SIDDHIGUPTAB00B,2026-07-01 04:11:06.202000+00:00,control,49,11,4,5,6,0,0,2,0,1,18,3,1,9,5.271,0.033
ses_20260701-035622-SIDDHIGUPTAB00B,2026-07-01 04:11:06.395000+00:00,control,50,11,4,5,6,0,0,2,0,1,18,3,1,10,5.271,0.033
ses_20260701-035622-SIDDHIGUPTAB00B,2026-07-01 04:12:45.426000+00:00,control,47,9,1,1,2,0,0,2,1,4,18,2,1,10,4.726,0.0615
ses_20260701-035622-SIDDHIGUPTAB00B,2026-07-01 04:02:22.230000+00:00,control,44,10,2,3,13,1,0,2,1,3,8,2,1,9,2.186,0.053
ses_20260701-035622-SIDDHIGUPTAB00B,2026-07-01 04:07:02.888000+00:00,control,42,10,2,2,3,1,0,2,1,2,12,2,2,13,3.099,0.063
ses_20260701-035622-SIDDHIGUPTAB00B,2026-07-01 04:12:04.357000+00:00,control,47,10,2,2,15,1,0,2,1,3,8,2,1,10,1.42,0.0555
ses_20260701-035622-SIDDHIGUPTAB00B,2026-07-01 04:08:37.007000+00:00,control,52,9,2,2,10,0,0,2,1,3,16,2,1,11,4.215,0.063
ses_20260701-035622-SIDDHIGUPTAB00B,2026-07-01 04:02:06.617000+00:00,control,10,6,2,2,2,0,0,0,0,1,2,0,0,3,0.561,0.062
ses_20260701-035622-SIDDHIGUPTAB00B,2026-07-01 04:07:02.883000+00:00,control,42,10,2,2,3,1,0,2,1,2,12,2,2,13,3.099,0.063
ses_20260701-035622-SIDDHIGUPTAB00B,2026-07-01 03:56:34.532000+00:00,control,19,4,1,1,8,0,0,0,0,0,2,2,0,7,6.559,0.16199999999999998
ses_20260701-035622-SIDDHIGUPTAB00B,2026-07-01 04:18:46.587000+00:00,control,61,9,2,2,14,0,0,2,1,4,18,2,1,12,4.269,0.0545
ses_20260701-035622-SIDDHIGUPTAB00B,2026-07-01 04:21:42.091000+00:00,control,20,7,1,1,1,0,0,1,0,0,8,1,1,6,2.586,0.082
ses_20260701-035622-SIDDHIGUPTAB00B,2026-07-01 04:13:29.763000+00:00,control,36,7,2,3,4,0,0,0,0,2,14,0,0,9,3.395,0.066
ses_20260701-035622-SIDDHIGUPTAB00B,2026-07-01 03:59:30.473000+00:00,control,8,5,1,1,2,1,0,0,0,0,0,0,1,3,0.642,0.172
ses_20260701-035622-SIDDHIGUPTAB00B,2026-07-01 04:11:42.557000+00:00,control,13,9,2,2,1,0,1,1,0,1,2,1,1,4,5.215,0.111
ses_20260701-043922-SIDDHIGUPTAB00B,2026-07-01 04:54:31.050000+00:00,control,42,3,1,1,33,0,1,0,0,0,0,0,0,8,4.545,0.054
ses_20260701-043922-SIDDHIGUPTAB00B,2026-07-01 05:12:59.998000+00:00,control,42,3,1,1,33,0,1,0,0,0,0,0,0,8,4.379,0.028
ses_20260701-043922-SIDDHIGUPTAB00B,2026-07-01 04:54:07.813000+00:00,control,38,5,1,1,4,0,0,0,0,3,16,0,0,9,3.783,0.057
ses_20260701-043922-SIDDHIGUPTAB00B,2026-07-01 05:12:35.863000+00:00,control,15,5,1,1,1,0,0,0,0,2,6,0,0,3,1.629,0.035
ses_20260701-043922-SIDDHIGUPTAB00B,2026-07-01 05:01:56.704000+00:00,control,28,5,1,1,1,0,0,0,0,1,14,0,0,7,4.197,0.086
ses_20260701-043922-SIDDHIGUPTAB00B,2026-07-01 04:43:22.160000+00:00,control,27,9,1,1,1,0,0,2,1,1,8,2,1,8,2.967,0.063
ses_20260701-043922-SIDDHIGUPTAB00B,2026-07-01 05:11:33.818000+00:00,control,20,5,1,1,4,0,0,0,0,2,6,0,0,5,1.753,0.067
ses_20260701-043922-SIDDHIGUPTAB00B,2026-07-01 04:52:32.455000+00:00,control,18,5,2,2,3,0,0,0,0,2,6,0,0,4,1.793,0.059
ses_20260701-043922-SIDDHIGUPTAB00B,2026-07-01 04:53:48.464000+00:00,control,40,3,1,1,33,0,1,0,0,0,0,0,0,6,4.666,0.027
ses_20260701-043922-SIDDHIGUPTAB00B,2026-07-01 05:16:59.510000+00:00,control,53,9,3,3,17,0,0,2,1,3,12,2,2,10,6.467,0.03949999999999999
ses_20260701-043922-SIDDHIGUPTAB00B,2026-07-01 05:16:59.805000+00:00,control,55,10,3,3,17,0,1,2,1,3,12,2,2,11,6.467,0.0475
ses_20260701-043922-SIDDHIGUPTAB00B,2026-07-01 05:08:53.668000+00:00,control,34,5,1,1,2,0,0,0,0,3,16,0,0,7,3.945,0.044
ses_20260701-043922-SIDDHIGUPTAB00B,2026-07-01 05:07:45.788000+00:00,control,14,2,1,1,11,0,0,0,0,0,0,0,0,3,0.852,0.055
ses_20260701-043922-SIDDHIGUPTAB00B,2026-07-01 05:10:26.932000+00:00,control,34,5,1,1,2,0,0,0,0,3,16,0,0,7,3.074,0.029
ses_20260701-043922-SIDDHIGUPTAB00B,2026-07-01 05:17:06.457000+00:00,control,54,10,3,3,19,0,3,2,1,3,8,2,1,11,2.927,0.052
ses_20260701-043922-SIDDHIGUPTAB00B,2026-07-01 04:50:15.870000+00:00,control,28,5,1,1,2,0,0,0,0,1,14,0,0,6,4.234,0.053
ses_20260701-043922-SIDDHIGUPTAB00B,2026-07-01 05:00:35.590000+00:00,control,20,3,2,2,1,0,0,0,0,0,12,0,0,7,4.785,0.198
ses_20260701-043922-SIDDHIGUPTAB00B,2026-07-01 04:46:37.392000+00:00,control,9,5,2,2,2,0,0,0,0,1,2,0,0,3,0.551,0.1315
ses_20260701-043922-SIDDHIGUPTAB00B,2026-07-01 05:06:07.761000+00:00,control,33,3,1,1,24,0,1,0,0,0,0,0,0,8,4.411,0.0575
ses_20260701-043922-SIDDHIGUPTAB00B,2026-07-01 04:52:11.188000+00:00,control,8,5,1,1,2,0,0,0,0,1,2,0,0,2,3.139,0.113
ses_20260701-043922-SIDDHIGUPTAB00B,2026-07-01 05:09:43.063000+00:00,control,25,5,1,1,1,0,0,0,0,2,12,0,0,5,2.4,0.036500000000000005
ses_20260701-043922-SIDDHIGUPTAB00B,2026-07-01 04:48:07.087000+00:00,control,33,5,1,1,2,0,0,0,0,3,16,0,0,6,4.469,0.0455
ses_20260701-043922-SIDDHIGUPTAB00B,2026-07-01 04:53:48.534000+00:00,control,40,3,1,1,33,0,1,0,0,0,0,0,0,6,4.666,0.027
ses_20260701-043922-SIDDHIGUPTAB00B,2026-07-01 04:48:04.640000+00:00,control,33,5,1,1,2,0,0,0,0,3,16,0,0,6,4.469,0.0455
ses_20260701-043922-SIDDHIGUPTAB00B,2026-07-01 04:43:25.127000+00:00,control,20,9,1,1,1,0,0,2,1,1,4,2,1,6,2.967,0.067
ses_20260701-043922-SIDDHIGUPTAB00B,2026-07-01 04:43:14.266000+00:00,control,59,9,1,2,13,0,0,3,1,2,16,3,1,14,3.047,0.044
ses_20260701-043922-SIDDHIGUPTAB00B,2026-07-01 04:48:51.104000+00:00,control,30,5,1,1,2,0,0,0,0,1,14,0,0,8,4.172,0.049
ses_20260701-043922-SIDDHIGUPTAB00B,2026-07-01 05:17:02.695000+00:00,control,50,10,3,3,18,0,1,2,1,3,8,2,1,10,2.927,0.043
ses_20260701-043922-SIDDHIGUPTAB00B,2026-07-01 04:55:17.879000+00:00,control,16,2,1,1,13,0,0,0,0,0,0,0,0,3,9.045,0.034
ses_20260701-043922-SIDDHIGUPTAB00B,2026-07-01 05:07:57.620000+00:00,control,30,5,1,1,3,0,0,0,0,1,14,0,0,7,4.265,0.019
ses_20260701-043922-SIDDHIGUPTAB00B,2026-07-01 05:15:26.751000+00:00,control,29,6,5,5,4,0,0,0,0,0,12,1,0,8,4.294,0.08549999999999999
ses_20260701-043922-SIDDHIGUPTAB00B,2026-07-01 05:06:58.434000+00:00,control,9,2,1,1,8,0,0,0,0,0,0,0,0,1,0.146,0.018500000000000003
ses_20260701-043922-SIDDHIGUPTAB00B,2026-07-01 04:54:31.110000+00:00,control,42,3,1,1,33,0,1,0,0,0,0,0,0,8,4.545,0.054
ses_20260701-043922-SIDDHIGUPTAB00B,2026-07-01 05:01:19.547000+00:00,control,18,5,1,1,3,0,0,0,0,2,6,0,0,4,2.269,0.081
ses_20260701-043922-SIDDHIGUPTAB00B,2026-07-01 04:47:18.326000+00:00,control,57,10,3,4,16,0,0,3,1,2,12,3,1,14,3.64,0.053
ses_20260701-043922-SIDDHIGUPTAB00B,2026-07-01 05:02:43.296000+00:00,control,30,5,2,2,2,0,0,0,0,1,14,0,0,8,4.493,0.037
ses_20260701-043922-SIDDHIGUPTAB00B,2026-07-01 05:11:36.347000+00:00,control,20,5,1,1,4,0,0,0,0,2,6,0,0,5,1.753,0.067
ses_20260701-043922-SIDDHIGUPTAB00B,2026-07-01 04:54:51.919000+00:00,control,30,5,1,1,3,0,0,0,0,1,14,0,0,7,4.128,0.046
ses_20260701-043922-SIDDHIGUPTAB00B,2026-07-01 05:12:35.558000+00:00,control,15,5,1,1,1,0,0,0,0,2,6,0,0,3,1.629,0.035
ses_20260701-043922-SIDDHIGUPTAB00B,2026-07-01 04:59:07.728000+00:00,control,46,5,1,1,4,0,0,0,0,3,20,0,0,11,3.981,0.054
ses_20260701-043922-SIDDHIGUPTAB00B,2026-07-01 04:54:00.511000+00:00,control,38,5,1,1,4,0,0,0,0,3,16,0,0,9,3.783,0.057
ses_20260701-043922-SIDDHIGUPTAB00B,2026-07-01 05:04:02.240000+00:00,control,44,5,1,1,4,0,0,0,0,3,20,0,0,9,4.228,0.058
ses_20260701-043922-SIDDHIGUPTAB00B,2026-07-01 05:05:43.640000+00:00,control,17,5,1,1,2,0,0,0,0,2,6,0,0,4,1.564,0.047
ses_20260701-043922-SIDDHIGUPTAB00B,2026-07-01 05:03:57.005000+00:00,control,33,5,1,1,3,0,0,0,0,1,16,0,0,7,4.228,0.0595
ses_20260701-043922-SIDDHIGUPTAB00B,2026-07-01 05:01:19.035000+00:00,control,18,5,1,1,3,0,0,0,0,2,6,0,0,4,2.269,0.081
ses_20260701-043922-SIDDHIGUPTAB00B,2026-07-01 04:44:36.741000+00:00,control,5,4,1,1,1,1,0,0,0,0,0,0,1,2,0.579,0.1525
ses_20260701-043922-SIDDHIGUPTAB00B,2026-07-01 05:07:58.220000+00:00,control,30,5,1,1,3,0,0,0,0,1,14,0,0,7,4.265,0.019
ses_20260701-043922-SIDDHIGUPTAB00B,2026-07-01 04:41:33.277000+00:00,control,57,11,2,3,14,1,0,2,1,3,14,2,1,12,2.157,0.053
ses_20260701-043922-SIDDHIGUPTAB00B,2026-07-01 05:00:46.158000+00:00,control,13,3,1,1,0,0,0,0,0,0,8,0,0,4,4.785,0.1375
ses_20260701-043922-SIDDHIGUPTAB00B,2026-07-01 05:14:45.262000+00:00,control,17,5,1,1,2,0,0,0,0,2,6,0,0,4,2.046,0.0615
ses_20260701-043922-SIDDHIGUPTAB00B,2026-07-01 04:55:35.428000+00:00,control,37,5,1,1,4,0,0,0,0,3,16,0,0,8,3.477,0.0565
ses_20260701-043922-SIDDHIGUPTAB00B,2026-07-01 05:08:03.556000+00:00,control,42,5,1,1,3,0,0,0,0,3,20,0,0,8,4.265,0.019
ses_20260701-043922-SIDDHIGUPTAB00B,2026-07-01 04:53:17.751000+00:00,control,44,5,1,1,4,0,0,0,0,3,20,0,0,9,3.963,0.043
ses_20260701-043922-SIDDHIGUPTAB00B,2026-07-01 04:41:25.360000+00:00,control,76,10,2,4,24,1,0,2,0,3,20,2,1,14,3.048,0.051
ses_20260701-043922-SIDDHIGUPTAB00B,2026-07-01 04:45:24.298000+00:00,control,59,10,2,2,3,1,0,2,1,4,22,2,2,13,3.542,0.0645
ses_20260701-043922-SIDDHIGUPTAB00B,2026-07-01 04:52:31.942000+00:00,control,18,5,2,2,3,0,0,0,0,2,6,0,0,4,1.793,0.059
ses_20260701-043922-SIDDHIGUPTAB00B,2026-07-01 05:11:06.921000+00:00,control,20,6,1,2,2,1,0,0,0,0,8,0,0,6,2.733,0.172
ses_20260701-043922-SIDDHIGUPTAB00B,2026-07-01 05:07:11.002000+00:00,control,31,5,1,1,3,0,0,0,0,1,14,0,0,8,4.176,0.0615
ses_20260701-043922-SIDDHIGUPTAB00B,2026-07-01 05:07:45.412000+00:00,control,14,2,1,1,11,0,0,0,0,0,0,0,0,3,0.852,0.055
ses_20260701-043922-SIDDHIGUPTAB00B,2026-07-01 04:41:00.493000+00:00,control,45,9,1,1,1,0,0,3,1,2,16,3,2,11,3.803,0.057
ses_20260701-043922-SIDDHIGUPTAB00B,2026-07-01 05:15:44.636000+00:00,control,22,6,1,1,4,0,0,0,0,2,6,1,0,6,6.895,0.14
ses_20260701-043922-SIDDHIGUPTAB00B,2026-07-01 05:11:04.517000+00:00,control,20,6,1,2,2,1,0,0,0,0,8,0,0,6,2.733,0.172
ses_20260701-043922-SIDDHIGUPTAB00B,2026-07-01 04:53:49.962000+00:00,control,31,3,1,1,25,0,1,0,0,0,0,0,0,5,9.966,0.03
ses_20260701-043922-SIDDHIGUPTAB00B,2026-07-01 05:07:11.067000+00:00,control,31,5,1,1,3,0,0,0,0,1,14,0,0,8,4.176,0.0615
ses_20260701-043922-SIDDHIGUPTAB00B,2026-07-01 04:41:33.313000+00:00,control,57,11,2,3,14,1,0,2,1,3,14,2,1,12,2.157,0.053
ses_20260701-043922-SIDDHIGUPTAB00B,2026-07-01 05:15:44.364000+00:00,control,22,6,1,1,4,0,0,0,0,2,6,1,0,6,6.895,0.14
ses_20260701-043922-SIDDHIGUPTAB00B,2026-07-01 05:15:31.627000+00:00,control,22,6,5,5,3,0,0,0,0,0,8,1,0,6,4.294,0.086
ses_20260701-043922-SIDDHIGUPTAB00B,2026-07-01 04:49:28.778000+00:00,control,27,5,1,1,1,0,0,0,0,1,14,0,0,6,4.707,0.0455
ses_20260701-043922-SIDDHIGUPTAB00B,2026-07-01 05:02:43.374000+00:00,control,30,5,2,2,2,0,0,0,0,1,14,0,0,8,4.493,0.037
ses_20260701-043922-SIDDHIGUPTAB00B,2026-07-01 05:04:43.540000+00:00,control,23,6,1,1,3,0,0,0,0,1,10,0,0,5,4.361,0.052000000000000005
ses_20260701-043922-SIDDHIGUPTAB00B,2026-07-01 05:10:20.446000+00:00,control,34,5,1,1,2,0,0,0,0,3,16,0,0,7,3.074,0.029
ses_20260701-043922-SIDDHIGUPTAB00B,2026-07-01 05:01:19.990000+00:00,control,18,5,1,1,3,0,0,0,0,2,6,0,0,4,2.269,0.081
ses_20260701-043922-SIDDHIGUPTAB00B,2026-07-01 04:54:01.849000+00:00,control,38,5,1,1,4,0,0,0,0,3,16,0,0,9,3.783,0.057
ses_20260701-043922-SIDDHIGUPTAB00B,2026-07-01 04:49:34.636000+00:00,control,27,5,1,1,1,0,0,0,0,1,14,0,0,6,4.707,0.0455
ses_20260701-043922-SIDDHIGUPTAB00B,2026-07-01 05:07:20.808000+00:00,control,24,5,1,1,1,0,0,0,0,1,12,0,0,6,4.176,0.035
ses_20260701-043922-SIDDHIGUPTAB00B,2026-07-01 05:01:05.501000+00:00,control,7,5,1,1,1,0,0,0,0,1,2,0,0,2,1.221,0.08149999999999999
ses_20260701-043922-SIDDHIGUPTAB00B,2026-07-01 05:09:32.081000+00:00,control,28,5,1,1,1,0,0,0,0,1,14,0,0,7,4.553,0.035
ses_20260701-051820-CHAITANYA0BCF,2026-07-01 05:30:17.126000+00:00,control,45,10,2,2,15,0,0,2,1,3,8,2,1,8,1.98,0.048
ses_20260701-051820-CHAITANYA0BCF,2026-07-01 05:21:24.934000+00:00,control,48,9,3,3,18,0,0,2,1,3,8,2,1,9,1.69,0.052
ses_20260701-051820-CHAITANYA0BCF,2026-07-01 05:29:35.975000+00:00,control,41,9,1,1,2,0,0,2,1,3,14,2,1,10,3.392,0.08249999999999999
ses_20260701-051820-CHAITANYA0BCF,2026-07-01 05:26:20.328000+00:00,control,48,9,3,3,18,0,0,2,1,3,8,2,1,9,2.068,0.055
ses_20260701-051820-CHAITANYA0BCF,2026-07-01 05:28:00.881000+00:00,control,47,9,3,3,17,0,0,2,1,3,8,2,1,9,2.291,0.057
ses_20260701-051820-CHAITANYA0BCF,2026-07-01 05:26:02.560000+00:00,control,27,7,2,3,8,0,0,1,0,0,8,1,1,6,5.529,0.057499999999999996
ses_20260701-051820-CHAITANYA0BCF,2026-07-01 05:25:38.821000+00:00,control,48,9,2,2,17,0,0,2,1,3,8,2,1,10,3.072,0.058
ses_20260701-051820-CHAITANYA0BCF,2026-07-01 05:35:46.392000+00:00,control,5,4,2,2,1,1,0,0,0,0,0,0,1,2,0.578,0.163
ses_20260701-051820-CHAITANYA0BCF,2026-07-01 05:21:48.258000+00:00,control,47,9,1,1,2,0,0,3,1,2,16,3,2,12,4.526,0.0405
ses_20260701-051820-CHAITANYA0BCF,2026-07-01 05:22:56.706000+00:00,control,93,13,2,3,16,2,1,3,1,3,46,3,1,11,3.396,0.044
ses_20260701-051820-CHAITANYA0BCF,2026-07-01 05:26:01.853000+00:00,control,33,7,2,3,13,0,0,1,0,0,8,1,1,7,5.529,0.055
ses_20260701-051820-CHAITANYA0BCF,2026-07-01 05:28:01.145000+00:00,control,47,9,3,3,17,0,0,2,1,3,8,2,1,9,2.291,0.057
ses_20260701-051820-CHAITANYA0BCF,2026-07-01 05:36:49.759000+00:00,control,10,4,1,1,1,0,2,0,0,0,4,0,0,3,4.3,0.034
ses_20260701-051820-CHAITANYA0BCF,2026-07-01 05:30:17.237000+00:00,control,45,10,2,2,15,0,0,2,1,3,8,2,1,8,1.98,0.048
ses_20260701-051820-CHAITANYA0BCF,2026-07-01 05:24:48.864000+00:00,control,16,4,1,1,1,0,0,0,0,0,8,0,0,5,3.247,0.088
ses_20260701-051820-CHAITANYA0BCF,2026-07-01 05:35:11.029000+00:00,control,48,9,2,2,17,0,0,2,1,3,8,2,1,10,3.214,0.051
ses_20260701-051820-CHAITANYA0BCF,2026-07-01 05:27:59.727000+00:00,control,50,9,3,3,17,0,0,2,1,3,10,2,1,10,8.746,0.058
ses_20260701-051820-CHAITANYA0BCF,2026-07-01 05:32:50.523000+00:00,control,42,9,2,2,14,0,0,2,1,3,8,2,1,7,1.786,0.051
ses_20260701-051820-CHAITANYA0BCF,2026-07-01 05:20:05.335000+00:00,control,49,11,3,4,17,1,0,2,1,3,8,2,1,9,1.871,0.0545
ses_20260701-051820-CHAITANYA0BCF,2026-07-01 05:29:32.679000+00:00,control,56,9,1,1,2,0,0,2,1,4,22,2,1,13,3.565,0.056
ses_20260701-051820-CHAITANYA0BCF,2026-07-01 05:21:23.704000+00:00,control,51,9,3,3,18,0,0,2,1,3,10,2,1,10,9.371,0.0525
ses_20260701-051820-CHAITANYA0BCF,2026-07-01 05:25:37.737000+00:00,control,46,9,2,2,16,0,0,2,1,3,8,2,1,9,2.241,0.058
ses_20260701-051820-CHAITANYA0BCF,2026-07-01 05:23:17.772000+00:00,control,49,10,2,3,3,0,1,1,2,0,30,1,0,8,3.661,0.0315
ses_20260701-051820-CHAITANYA0BCF,2026-07-01 05:25:38.867000+00:00,control,48,9,2,2,17,0,0,2,1,3,8,2,1,10,3.072,0.058
ses_20260701-051820-CHAITANYA0BCF,2026-07-01 05:22:15.586000+00:00,control,55,9,1,1,2,0,0,2,1,4,22,2,1,12,3.283,0.034
ses_20260701-051820-CHAITANYA0BCF,2026-07-01 05:28:00.645000+00:00,control,47,9,3,3,17,0,0,2,1,3,8,2,1,9,2.291,0.057
ses_20260701-051820-CHAITANYA0BCF,2026-07-01 05:31:17.219000+00:00,control,47,9,1,1,2,0,0,3,1,2,16,3,2,12,4.048,0.057499999999999996
ses_20260701-051820-CHAITANYA0BCF,2026-07-01 05:19:25.474000+00:00,control,40,9,3,4,16,1,1,1,0,0,8,1,0,10,3.438,0.05
ses_20260701-051820-CHAITANYA0BCF,2026-07-01 05:35:08.996000+00:00,control,51,9,2,2,17,0,0,2,1,3,10,2,1,10,3.214,0.051
ses_20260701-051820-CHAITANYA0BCF,2026-07-01 05:32:28.223000+00:00,control,9,6,2,2,2,0,0,0,0,1,2,0,1,2,0.703,0.057999999999999996
ses_20260701-051820-CHAITANYA0BCF,2026-07-01 05:29:35.477000+00:00,control,40,9,1,1,1,0,0,2,1,3,14,2,1,10,3.565,0.077
ses_20260701-051820-CHAITANYA0BCF,2026-07-01 05:28:01.146000+00:00,control,47,9,3,3,17,0,0,2,1,3,8,2,1,9,2.291,0.057
ses_20260701-051820-CHAITANYA0BCF,2026-07-01 05:20:45.410000+00:00,control,48,9,2,2,17,0,0,2,1,3,8,2,1,10,2.212,0.061
ses_20260701-051820-CHAITANYA0BCF,2026-07-01 05:23:06.164000+00:00,control,95,11,1,2,0,1,2,4,3,1,66,4,0,9,3.661,0.025500000000000002
ses_20260701-051820-CHAITANYA0BCF,2026-07-01 05:31:39.813000+00:00,control,65,9,1,2,15,0,0,3,1,4,18,3,1,13,3.382,0.048
ses_20260701-051820-CHAITANYA0BCF,2026-07-01 05:26:44.402000+00:00,control,34,6,1,2,14,0,0,1,0,0,8,1,0,8,2.935,0.052
ses_20260701-051820-CHAITANYA0BCF,2026-07-01 05:35:02.731000+00:00,control,71,9,2,2,16,0,0,2,1,4,22,2,1,14,3.761,0.046
ses_20260701-051820-CHAITANYA0BCF,2026-07-01 05:30:54.071000+00:00,control,47,9,2,2,16,0,0,2,1,3,8,2,2,9,1.86,0.0515
ses_20260701-051820-CHAITANYA0BCF,2026-07-01 05:35:03.417000+00:00,control,66,9,2,2,16,0,0,2,1,3,20,2,1,13,3.761,0.047
ses_20260701-051820-CHAITANYA0BCF,2026-07-01 05:29:05.380000+00:00,control,46,9,3,3,16,0,0,2,1,3,8,2,1,9,2.283,0.057
ses_20260701-051820-CHAITANYA0BCF,2026-07-01 05:20:32.706000+00:00,control,21,6,1,2,2,0,0,0,0,0,8,0,2,6,2.316,0.11449999999999999
ses_20260701-051820-CHAITANYA0BCF,2026-07-01 05:23:06.496000+00:00,control,93,11,1,2,0,1,2,3,3,1,66,3,0,9,3.661,0.025500000000000002
ses_20260701-051820-CHAITANYA0BCF,2026-07-01 05:24:19.372000+00:00,control,70,8,1,2,27,0,0,2,0,1,18,2,1,14,3.582,0.052
ses_20260701-051820-CHAITANYA0BCF,2026-07-01 05:32:29.412000+00:00,control,9,6,2,2,2,0,0,0,0,1,2,0,1,2,0.703,0.057999999999999996
ses_20260701-051820-CHAITANYA0BCF,2026-07-01 05:22:52.078000+00:00,control,47,11,2,2,16,1,0,2,1,3,8,2,1,8,3.352,0.0545
ses_20260701-051820-CHAITANYA0BCF,2026-07-01 05:24:47.662000+00:00,control,20,7,1,1,1,0,0,1,0,0,8,1,1,6,3.247,0.08
ses_20260701-051820-CHAITANYA0BCF,2026-07-01 05:29:05.150000+00:00,control,46,9,3,3,16,0,0,2,1,3,8,2,1,9,2.283,0.057
ses_20260701-051820-CHAITANYA0BCF,2026-07-01 05:36:54.130000+00:00,control,16,5,1,1,2,0,3,0,0,0,4,0,0,4,4.3,0.039
ses_20260701-051820-CHAITANYA0BCF,2026-07-01 05:30:01.346000+00:00,control,19,6,1,2,1,0,0,1,0,0,8,1,0,6,3.048,0.031
ses_20260701-051850-LAPTOP-R36BQBTE,2026-07-01 05:24:11.779000+00:00,control,47,7,1,1,1,0,0,0,0,2,22,2,1,10,3.773,0.045
ses_20260701-051850-LAPTOP-R36BQBTE,2026-07-01 05:20:23.607000+00:00,control,27,6,1,3,6,1,0,0,0,0,8,0,0,8,8.604,0.109
ses_20260701-051850-LAPTOP-R36BQBTE,2026-07-01 05:40:30.188000+00:00,control,42,7,3,3,17,0,0,0,0,1,8,2,1,9,6.606,0.046
ses_20260701-051850-LAPTOP-R36BQBTE,2026-07-01 05:26:45.821000+00:00,control,83,7,2,3,1,1,0,0,0,0,66,4,0,8,3.742,0.0265
ses_20260701-051850-LAPTOP-R36BQBTE,2026-07-01 05:26:14.722000+00:00,control,31,6,2,3,11,0,0,0,0,0,8,1,1,7,5.948,0.056999999999999995
ses_20260701-051850-LAPTOP-R36BQBTE,2026-07-01 05:29:27.900000+00:00,control,30,5,2,3,13,0,0,0,0,0,8,1,0,7,4.699,0.068
ses_20260701-051850-LAPTOP-R36BQBTE,2026-07-01 05:39:19.508000+00:00,control,65,7,1,2,14,0,0,0,0,2,22,2,2,14,2.98,0.041499999999999995
ses_20260701-051850-LAPTOP-R36BQBTE,2026-07-01 05:20:18.931000+00:00,control,39,7,3,5,16,1,0,0,0,0,8,1,0,9,4.378,0.039
ses_20260701-051850-LAPTOP-R36BQBTE,2026-07-01 05:39:19.684000+00:00,control,65,7,1,2,14,0,0,0,0,2,22,2,2,14,2.98,0.041499999999999995
ses_20260701-051850-LAPTOP-R36BQBTE,2026-07-01 05:33:17.804000+00:00,control,45,5,2,3,3,0,0,0,0,0,20,3,0,11,3.421,0.0535
ses_20260701-051850-LAPTOP-R36BQBTE,2026-07-01 05:23:03.836000+00:00,control,9,6,2,2,2,0,0,0,0,1,2,0,0,2,0.824,0.1065
ses_20260701-051850-LAPTOP-R36BQBTE,2026-07-01 05:26:45.473000+00:00,control,85,7,2,3,2,1,0,0,0,0,66,4,0,9,3.742,0.0275
ses_20260701-051850-LAPTOP-R36BQBTE,2026-07-01 05:24:08.279000+00:00,control,54,7,1,2,11,0,0,0,0,1,20,2,1,11,3.773,0.046
ses_20260701-051850-LAPTOP-R36BQBTE,2026-07-01 05:35:41.965000+00:00,control,38,6,2,2,16,0,0,0,0,1,8,2,0,7,2.928,0.046
ses_20260701-051850-LAPTOP-R36BQBTE,2026-07-01 05:24:08.921000+00:00,control,49,7,1,2,2,0,0,0,0,2,22,2,1,11,3.773,0.045
ses_20260701-051850-LAPTOP-R36BQBTE,2026-07-01 05:26:12.332000+00:00,control,33,6,2,3,13,0,0,0,0,0,8,1,1,7,5.948,0.056999999999999995
ses_20260701-051850-LAPTOP-R36BQBTE,2026-07-01 05:37:32.987000+00:00,control,36,6,1,1,2,0,0,0,0,0,16,2,1,9,3.83,0.082
ses_20260701-051850-LAPTOP-R36BQBTE,2026-07-01 05:28:14.690000+00:00,control,44,7,1,2,3,0,0,0,0,1,18,3,1,11,4.265,0.062
ses_20260701-051850-LAPTOP-R36BQBTE,2026-07-01 05:38:00.123000+00:00,control,39,6,1,1,2,0,0,0,0,1,18,2,0,9,4.593,0.035
ses_20260701-051850-LAPTOP-R36BQBTE,2026-07-01 05:26:48.570000+00:00,control,76,5,1,2,0,1,0,0,0,0,64,3,0,6,3.742,0.015
ses_20260701-051850-LAPTOP-R36BQBTE,2026-07-01 05:34:18.669000+00:00,control,51,7,1,2,6,0,0,0,0,1,20,2,2,12,4.12,0.0445
ses_20260701-051850-LAPTOP-R36BQBTE,2026-07-01 05:37:27.194000+00:00,control,56,7,1,2,13,0,0,0,0,1,20,1,1,12,3.83,0.055
ses_20260701-051850-LAPTOP-R36BQBTE,2026-07-01 05:35:48.173000+00:00,control,36,6,2,2,15,0,0,0,0,1,8,2,0,6,2.928,0.032
ses_20260701-051850-LAPTOP-R36BQBTE,2026-07-01 05:26:45.873000+00:00,control,83,7,2,3,1,1,0,0,0,0,66,4,0,8,3.742,0.0265
ses_20260701-051850-LAPTOP-R36BQBTE,2026-07-01 05:35:41.664000+00:00,control,38,6,2,2,16,0,0,0,0,1,8,2,0,7,2.928,0.046
ses_20260701-051850-LAPTOP-R36BQBTE,2026-07-01 05:25:12.221000+00:00,control,41,6,1,2,2,0,0,0,0,1,20,1,0,9,4.299,0.0455
ses_20260701-051850-LAPTOP-R36BQBTE,2026-07-01 05:32:51.057000+00:00,control,74,7,2,3,28,0,0,0,0,2,18,3,1,15,3.211,0.043
ses_20260701-051850-LAPTOP-R36BQBTE,2026-07-01 05:26:34.998000+00:00,control,44,8,2,3,17,1,0,0,0,1,8,2,1,10,2.368,0.08
ses_20260701-051850-LAPTOP-R36BQBTE,2026-07-01 05:40:28.762000+00:00,control,40,7,3,3,16,0,0,0,0,1,8,2,1,8,2.019,0.044
ses_20260701-051850-LAPTOP-R36BQBTE,2026-07-01 05:37:57.820000+00:00,control,42,6,1,2,3,0,0,0,0,1,18,3,0,10,4.593,0.035
ses_20260701-051850-LAPTOP-R36BQBTE,2026-07-01 05:24:37.867000+00:00,control,20,5,1,2,2,0,0,0,0,0,8,1,0,6,3.176,0.051
ses_20260701-051850-LAPTOP-R36BQBTE,2026-07-01 05:21:41.745000+00:00,control,36,6,2,2,14,0,0,0,0,1,8,2,0,7,1.635,0.06
ses_20260701-051850-LAPTOP-R36BQBTE,2026-07-01 05:26:48.615000+00:00,control,76,5,1,2,0,1,0,0,0,0,64,3,0,6,3.742,0.015
ses_20260701-051850-LAPTOP-R36BQBTE,2026-07-01 05:34:18.668000+00:00,control,51,7,1,2,6,0,0,0,0,1,20,2,2,12,4.12,0.0445
ses_20260701-051850-LAPTOP-R36BQBTE,2026-07-01 05:30:43.307000+00:00,control,45,6,1,2,4,0,0,0,0,0,20,2,1,10,3.189,0.054000000000000006
ses_20260701-051850-LAPTOP-R36BQBTE,2026-07-01 05:37:57.782000+00:00,control,42,6,1,2,3,0,0,0,0,1,18,3,0,10,4.593,0.035
ses_20260701-051850-LAPTOP-R36BQBTE,2026-07-01 05:26:48.433000+00:00,control,76,5,1,2,0,1,0,0,0,0,64,3,0,6,3.742,0.015
ses_20260701-051850-LAPTOP-R36BQBTE,2026-07-01 05:19:04.848000+00:00,control,14,4,4,4,6,1,0,0,0,0,3,0,0,4,8.707,0.12
ses_20260701-051850-LAPTOP-R36BQBTE,2026-07-01 05:27:10.447000+00:00,control,43,7,1,1,2,0,0,0,0,3,18,3,1,9,3.98,0.0455
ses_20260701-051850-LAPTOP-R36BQBTE,2026-07-01 05:28:41.339000+00:00,control,44,7,1,1,3,0,0,0,0,2,18,2,1,11,4.188,0.061
ses_20260701-051850-LAPTOP-R36BQBTE,2026-07-01 05:40:25.313000+00:00,control,40,7,3,3,16,0,0,0,0,1,8,2,1,8,2.019,0.044
ses_20260701-051850-LAPTOP-R36BQBTE,2026-07-01 05:40:24.569000+00:00,control,40,7,3,3,16,0,0,0,0,1,8,2,1,8,2.019,0.044
ses_20260701-051850-LAPTOP-R36BQBTE,2026-07-01 05:37:30.495000+00:00,control,47,7,1,1,2,0,0,0,0,1,22,2,1,10,3.83,0.0695
ses_20260701-051850-LAPTOP-R36BQBTE,2026-07-01 05:25:15.700000+00:00,control,44,6,1,1,0,0,0,0,0,1,22,2,1,9,4.299,0.046
ses_20260701-051850-LAPTOP-R36BQBTE,2026-07-01 05:35:38.691000+00:00,control,38,6,2,2,16,0,0,0,0,1,8,2,0,7,2.928,0.046
ses_20260701-051850-LAPTOP-R36BQBTE,2026-07-01 05:38:55.910000+00:00,control,60,6,2,2,15,0,0,0,0,1,22,2,0,11,3.837,0.034
ses_20260701-051850-LAPTOP-R36BQBTE,2026-07-01 05:37:27.196000+00:00,control,56,7,1,2,13,0,0,0,0,1,20,1,1,12,3.83,0.055
ses_20260701-051850-LAPTOP-R36BQBTE,2026-07-01 05:30:45.847000+00:00,control,45,6,1,1,1,0,0,0,0,0,22,2,1,10,3.189,0.0565
ses_20260701-051850-LAPTOP-R36BQBTE,2026-07-01 05:30:39.542000+00:00,control,64,5,1,2,24,0,0,0,0,0,20,1,0,11,3.189,0.035
ses_20260701-051850-LAPTOP-R36BQBTE,2026-07-01 05:38:56.506000+00:00,control,56,6,2,2,15,0,0,0,0,1,20,2,0,10,3.837,0.034
ses_20260701-051850-LAPTOP-R36BQBTE,2026-07-01 05:32:02.944000+00:00,control,34,7,1,1,2,0,0,0,0,2,14,2,1,7,3.529,0.065
ses_20260701-051850-LAPTOP-R36BQBTE,2026-07-01 05:35:41.640000+00:00,control,38,6,2,2,16,0,0,0,0,1,8,2,0,7,2.928,0.046
ses_20260701-051850-LAPTOP-R36BQBTE,2026-07-01 05:29:45.625000+00:00,control,7,5,1,1,1,0,0,0,0,1,2,0,0,2,0.709,0.0665
ses_20260701-051850-LAPTOP-R36BQBTE,2026-07-01 05:26:34.894000+00:00,control,44,8,2,3,17,1,0,0,0,1,8,2,1,10,2.368,0.08
ses_20260701-051850-LAPTOP-R36BQBTE,2026-07-01 05:26:45.780000+00:00,control,83,7,2,3,1,1,0,0,0,0,66,4,0,8,3.742,0.0265
ses_20260701-051850-LAPTOP-R36BQBTE,2026-07-01 05:40:09.377000+00:00,control,19,5,2,2,0,0,0,0,0,0,8,1,2,5,5.108,0.1535
ses_20260701-051850-LAPTOP-R36BQBTE,2026-07-01 05:26:45.693000+00:00,control,83,7,2,3,1,1,0,0,0,0,66,4,0,8,3.742,0.0265
ses_20260701-051850-LAPTOP-R36BQBTE,2026-07-01 05:33:21.665000+00:00,control,36,5,2,2,4,0,0,0,0,0,16,2,0,9,3.989,0.077
ses_20260701-051850-LAPTOP-R36BQBTE,2026-07-01 05:20:59.726000+00:00,control,20,4,1,3,2,0,0,0,0,0,10,0,0,7,4.166,0.208
ses_20260701-051850-LAPTOP-R36BQBTE,2026-07-01 05:29:34.165000+00:00,control,13,3,1,1,0,0,0,0,0,0,8,0,0,4,4.699,0.1645
ses_20260701-051850-LAPTOP-R36BQBTE,2026-07-01 05:36:18.678000+00:00,control,4,3,2,2,1,1,0,0,0,0,0,0,0,2,1.173,0.576
ses_20260701-051850-LAPTOP-R36BQBTE,2026-07-01 05:32:03.192000+00:00,control,35,7,1,1,2,0,0,0,0,2,14,2,1,8,3.529,0.0815
ses_20260701-051850-LAPTOP-R36BQBTE,2026-07-01 05:32:52.554000+00:00,control,61,7,2,3,17,0,0,0,0,2,18,3,1,13,3.211,0.035
ses_20260701-051850-LAPTOP-R36BQBTE,2026-07-01 05:25:51.278000+00:00,control,22,6,1,1,2,0,0,0,0,2,8,2,0,4,3.476,0.063
ses_20260701-051850-LAPTOP-R36BQBTE,2026-07-01 05:37:32.829000+00:00,control,41,6,1,1,2,0,0,0,0,0,20,2,1,8,3.83,0.0565
ses_20260701-053005-MSI,2026-07-01 05:31:37.120000+00:00,control,54,8,2,2,3,0,0,2,0,3,22,2,1,12,3.655,0.056
ses_20260701-053005-MSI,2026-07-01 05:33:21.339000+00:00,control,46,10,2,2,15,0,1,2,1,3,8,2,1,9,1.763,0.055
ses_20260701-053005-MSI,2026-07-01 05:47:09.926000+00:00,control,112,12,1,2,15,0,1,4,2,1,66,4,2,13,3.12,0.042
ses_20260701-053005-MSI,2026-07-01 05:47:16.483000+00:00,control,107,11,1,2,16,0,2,2,1,0,66,2,1,12,3.336,0.042
ses_20260701-053005-MSI,2026-07-01 05:41:58.428000+00:00,control,46,9,2,3,18,1,1,1,0,0,8,1,2,11,2.586,0.061
ses_20260701-053005-MSI,2026-07-01 05:32:46.713000+00:00,control,66,11,2,3,16,1,0,2,1,4,18,2,1,13,4.039,0.053
ses_20260701-053005-MSI,2026-07-01 05:45:58.236000+00:00,control,77,9,2,2,16,0,0,3,1,4,22,3,2,17,2.925,0.0495
ses_20260701-053005-MSI,2026-07-01 05:47:12.576000+00:00,control,110,12,1,2,15,0,2,3,2,1,66,3,1,12,3.336,0.042
ses_20260701-053005-MSI,2026-07-01 05:46:24.962000+00:00,control,52,9,1,1,1,0,0,2,1,4,22,2,1,10,4.189,0.042
ses_20260701-053005-MSI,2026-07-01 05:30:25.228000+00:00,control,33,6,3,7,12,3,2,0,0,0,0,0,0,7,2.573,0.057999999999999996
ses_20260701-053005-MSI,2026-07-01 05:50:12.704000+00:00,control,56,10,2,2,17,0,3,2,1,3,10,2,1,12,3.531,0.053
ses_20260701-053005-MSI,2026-07-01 05:33:25.403000+00:00,control,48,10,2,2,15,0,2,2,1,3,8,2,1,10,6.613,0.056
ses_20260701-053005-MSI,2026-07-01 05:45:03.748000+00:00,control,71,8,2,2,15,0,0,2,0,4,22,2,2,15,3.457,0.05
ses_20260701-053005-MSI,2026-07-01 05:49:09.474000+00:00,control,42,10,2,3,3,0,0,2,1,3,12,2,3,10,8.387,0.055
ses_20260701-053005-MSI,2026-07-01 05:33:37.600000+00:00,control,12,7,1,3,1,1,2,0,0,0,0,0,0,4,3.429,0.053
ses_20260701-053005-MSI,2026-07-01 05:32:21.397000+00:00,control,49,9,2,2,17,0,0,2,1,3,8,2,1,11,1.649,0.059
ses_20260701-053005-MSI,2026-07-01 05:46:51.167000+00:00,control,33,7,1,2,2,0,0,1,0,2,14,1,0,7,7.409,0.046
ses_20260701-053005-MSI,2026-07-01 05:51:38.103000+00:00,control,102,5,3,3,4,0,0,0,0,0,61,0,17,19,2.041,0.034
ses_20260701-053005-MSI,2026-07-01 05:39:47.895000+00:00,control,21,7,1,1,1,0,0,1,0,0,8,1,1,6,2.579,0.07949999999999999
ses_20260701-053005-MSI,2026-07-01 05:42:01.160000+00:00,control,37,8,2,3,12,1,0,1,0,0,8,1,2,9,2.586,0.0685
ses_20260701-053005-MSI,2026-07-01 05:48:31.418000+00:00,control,72,8,2,2,17,0,0,2,0,4,22,2,2,14,3.547,0.052
ses_20260701-053005-MSI,2026-07-01 05:50:05.924000+00:00,control,57,9,2,2,15,0,0,2,1,3,16,2,1,11,3.897,0.0525
ses_20260701-053005-MSI,2026-07-01 05:44:27.868000+00:00,control,21,7,1,1,1,0,0,1,0,0,8,1,1,6,2.442,0.0335
ses_20260701-053005-MSI,2026-07-01 05:49:09.222000+00:00,control,42,10,2,3,3,0,0,2,1,3,12,2,3,10,8.387,0.055
ses_20260701-053005-MSI,2026-07-01 05:32:21.900000+00:00,control,49,9,2,2,17,0,0,2,1,3,8,2,1,11,1.649,0.059
ses_20260701-053005-MSI,2026-07-01 05:41:37.371000+00:00,control,47,9,1,1,2,0,0,2,1,4,18,2,1,10,4.692,0.044
ses_20260701-053005-MSI,2026-07-01 05:50:00.739000+00:00,control,66,8,2,2,16,0,0,2,0,3,20,2,2,13,3.897,0.046
ses_20260701-053005-MSI,2026-07-01 05:47:12.751000+00:00,control,110,12,1,2,15,0,2,3,2,1,66,3,1,12,3.336,0.042
ses_20260701-053005-MSI,2026-07-01 05:43:54.995000+00:00,control,21,7,1,1,1,0,0,1,0,0,8,1,1,6,3.228,0.035
ses_20260701-053005-MSI,2026-07-01 05:41:12.693000+00:00,control,47,9,2,2,16,0,0,2,1,3,8,2,2,9,2.02,0.05
ses_20260701-053005-MSI,2026-07-01 05:48:34.040000+00:00,control,72,9,2,2,17,0,0,2,1,4,22,2,1,14,3.547,0.052
ses_20260701-053005-MSI,2026-07-01 05:50:11.144000+00:00,control,54,10,2,2,17,0,2,2,1,3,10,2,1,11,3.531,0.053
ses_20260701-053005-MSI,2026-07-01 05:51:32.801000+00:00,control,81,4,2,1,3,0,0,0,0,0,61,0,0,16,5.46,0.036500000000000005
ses_20260701-053005-MSI,2026-07-01 05:47:02.530000+00:00,control,53,12,1,2,2,0,1,3,1,3,25,3,1,8,3.12,0.042
ses_20260701-053005-MSI,2026-07-01 05:47:12.929000+00:00,control,110,12,1,2,15,0,2,3,2,1,66,3,1,12,3.336,0.042
ses_20260701-053005-MSI,2026-07-01 05:31:37.017000+00:00,control,50,8,2,2,3,0,0,2,0,2,20,2,1,12,3.655,0.058
ses_20260701-053005-MSI,2026-07-01 05:48:09.740000+00:00,control,27,9,1,1,1,0,0,2,1,3,8,2,1,5,2.439,0.0395
ses_20260701-053005-MSI,2026-07-01 05:32:19.920000+00:00,control,49,9,2,2,17,0,0,2,1,3,8,2,1,11,1.649,0.059
ses_20260701-053005-MSI,2026-07-01 05:38:54.670000+00:00,control,71,9,2,2,16,0,0,2,1,4,22,2,1,14,4.071,0.0505
ses_20260701-053005-MSI,2026-07-01 05:48:57.211000+00:00,control,21,7,1,1,1,0,0,1,0,0,8,1,1,6,2.572,0.0575
ses_20260701-053005-MSI,2026-07-01 05:50:05.443000+00:00,control,65,9,2,2,15,0,0,2,1,4,20,2,1,12,3.897,0.041499999999999995
ses_20260701-053005-MSI,2026-07-01 05:40:26.072000+00:00,control,41,10,2,2,2,0,0,3,1,2,12,3,2,10,3.554,0.0405
ses_20260701-053005-MSI,2026-07-01 05:38:50.874000+00:00,control,71,8,2,3,23,0,0,1,0,3,20,1,1,14,4.071,0.0515
ses_20260701-053005-MSI,2026-07-01 05:51:31.341000+00:00,control,84,4,2,2,5,0,0,0,0,0,61,0,0,17,5.46,0.038
ses_20260701-053005-MSI,2026-07-01 05:32:46.235000+00:00,control,66,11,2,3,16,1,0,2,1,4,18,2,1,13,4.039,0.053
ses_20260701-053005-MSI,2026-07-01 05:45:56.390000+00:00,control,73,8,2,2,16,0,0,2,0,4,22,2,2,16,2.925,0.0495
ses_20260701-053005-MSI,2026-07-01 05:32:46.680000+00:00,control,66,11,2,3,16,1,0,2,1,4,18,2,1,13,4.039,0.053
ses_20260701-053005-MSI,2026-07-01 05:51:32.832000+00:00,control,81,4,2,1,3,0,0,0,0,0,61,0,0,16,5.46,0.036500000000000005
ses_20260701-053005-MSI,2026-07-01 05:48:57.213000+00:00,control,21,7,1,1,1,0,0,1,0,0,8,1,1,6,2.572,0.0575
ses_20260701-053005-MSI,2026-07-01 05:50:09.015000+00:00,control,59,10,2,2,17,0,1,2,1,3,14,2,1,12,3.531,0.053
ses_20260701-053005-MSI,2026-07-01 05:46:00.864000+00:00,control,71,9,2,2,15,0,0,2,1,4,22,2,1,15,2.925,0.0495
ses_20260701-053005-MSI,2026-07-01 05:36:01.183000+00:00,control,44,9,2,2,15,0,0,2,1,3,8,2,1,8,2.236,0.055
ses_20260701-053005-MSI,2026-07-01 05:50:05.927000+00:00,control,57,9,2,2,15,0,0,2,1,3,16,2,1,11,3.897,0.0525
ses_20260701-053005-MSI,2026-07-01 05:40:29.751000+00:00,control,35,10,2,2,1,0,0,2,1,2,12,2,1,8,3.554,0.0375
ses_20260701-053005-MSI,2026-07-01 05:30:28.541000+00:00,control,33,6,3,7,12,3,2,0,0,0,0,0,0,7,2.573,0.057999999999999996
ses_20260701-053005-MSI,2026-07-01 05:32:01.739000+00:00,control,59,9,2,4,29,1,1,1,0,0,8,1,0,13,4.488,0.054
ses_20260701-053005-MSI,2026-07-01 05:41:37.143000+00:00,control,47,9,1,1,2,0,0,2,1,4,18,2,1,10,4.692,0.044
ses_20260701-053005-MSI,2026-07-01 05:32:03.972000+00:00,control,43,8,2,4,17,1,0,1,0,0,8,1,0,10,4.488,0.0545
ses_20260701-053005-MSI,2026-07-01 05:40:27.688000+00:00,control,37,10,2,2,2,0,0,2,1,2,12,2,1,9,3.554,0.0375
ses_20260701-053720-SIDDHIGUPTAB00B,2026-07-01 05:57:18.285000+00:00,control,46,8,2,2,15,0,0,1,0,2,12,1,1,10,7.86,0.075
ses_20260701-053720-SIDDHIGUPTAB00B,2026-07-01 05:57:26.223000+00:00,control,91,13,2,3,15,1,1,3,1,2,46,3,1,12,3.378,0.042
ses_20260701-053720-SIDDHIGUPTAB00B,2026-07-01 05:58:35.984000+00:00,control,38,9,1,1,1,0,0,2,1,3,14,2,1,8,3.166,0.061
ses_20260701-053720-SIDDHIGUPTAB00B,2026-07-01 05:47:44.814000+00:00,control,23,6,1,3,4,1,0,0,0,0,8,0,0,7,2.621,0.26
ses_20260701-053720-SIDDHIGUPTAB00B,2026-07-01 05:51:38.777000+00:00,control,85,12,1,2,7,0,1,3,2,3,48,3,1,11,3.827,0.0385
ses_20260701-053720-SIDDHIGUPTAB00B,2026-07-01 05:58:00.669000+00:00,control,56,8,2,3,9,0,0,1,0,3,20,1,1,13,4.327,0.06
ses_20260701-053720-SIDDHIGUPTAB00B,2026-07-01 05:48:33.263000+00:00,control,113,12,1,2,15,0,2,4,2,1,66,4,1,13,2.512,0.042
ses_20260701-053720-SIDDHIGUPTAB00B,2026-07-01 05:48:32.823000+00:00,control,115,12,1,2,15,0,2,4,2,1,66,4,2,14,2.512,0.042
ses_20260701-053720-SIDDHIGUPTAB00B,2026-07-01 05:48:33.034000+00:00,control,115,12,1,2,15,0,2,4,2,1,66,4,2,14,2.512,0.042
ses_20260701-053720-SIDDHIGUPTAB00B,2026-07-01 05:43:36.793000+00:00,control,58,9,2,2,15,0,0,2,1,4,16,2,1,11,3.573,0.048
ses_20260701-053720-SIDDHIGUPTAB00B,2026-07-01 05:57:33.987000+00:00,control,104,12,2,3,7,1,2,4,3,1,66,4,0,11,3.904,0.042
ses_20260701-053720-SIDDHIGUPTAB00B,2026-07-01 05:51:38.016000+00:00,control,82,12,1,2,3,0,1,3,1,3,50,3,1,11,3.827,0.037
ses_20260701-053720-SIDDHIGUPTAB00B,2026-07-01 06:02:31.332000+00:00,control,48,8,1,1,2,0,0,1,0,3,20,1,2,11,3.469,0.036
ses_20260701-053720-SIDDHIGUPTAB00B,2026-07-01 05:47:43.475000+00:00,control,23,6,1,3,4,1,0,0,0,0,8,0,0,7,2.621,0.26
ses_20260701-053720-SIDDHIGUPTAB00B,2026-07-01 05:51:31.677000+00:00,control,52,9,1,1,2,0,0,3,1,4,18,3,2,12,3.509,0.044
ses_20260701-053720-SIDDHIGUPTAB00B,2026-07-01 05:59:30.202000+00:00,control,47,9,3,3,16,0,0,2,1,3,8,2,1,10,3.164,0.0615
ses_20260701-053720-SIDDHIGUPTAB00B,2026-07-01 05:51:47.094000+00:00,control,112,12,1,2,14,0,2,4,2,1,66,4,1,13,3.827,0.036
ses_20260701-053720-SIDDHIGUPTAB00B,2026-07-01 05:59:30.068000+00:00,control,47,9,3,3,16,0,0,2,1,3,8,2,1,10,3.164,0.0615
ses_20260701-053720-SIDDHIGUPTAB00B,2026-07-01 05:51:47.142000+00:00,control,112,12,1,2,14,0,2,4,2,1,66,4,1,13,3.827,0.036
ses_20260701-053720-SIDDHIGUPTAB00B,2026-07-01 05:38:23.284000+00:00,control,49,8,1,1,1,0,0,1,0,3,22,1,1,11,3.745,0.058
ses_20260701-053720-SIDDHIGUPTAB00B,2026-07-01 05:59:30.603000+00:00,control,47,9,3,3,16,0,0,2,1,3,8,2,1,10,3.164,0.0615
ses_20260701-053720-SIDDHIGUPTAB00B,2026-07-01 05:53:26.375000+00:00,control,70,10,2,3,16,0,1,3,1,4,18,3,2,15,2.93,0.052
ses_20260701-053720-SIDDHIGUPTAB00B,2026-07-01 05:48:21.990000+00:00,control,55,11,1,2,13,0,1,3,1,2,12,3,1,14,3.604,0.048
ses_20260701-053720-SIDDHIGUPTAB00B,2026-07-01 05:43:33.630000+00:00,control,64,9,2,2,16,0,0,2,1,4,18,2,1,13,3.573,0.048
ses_20260701-053720-SIDDHIGUPTAB00B,2026-07-01 05:58:42.918000+00:00,control,31,9,1,1,1,0,0,2,1,3,10,2,1,6,3.166,0.0555
ses_20260701-053720-SIDDHIGUPTAB00B,2026-07-01 05:56:43.029000+00:00,control,47,10,2,2,16,1,0,2,1,3,8,2,1,9,2.132,0.051
ses_20260701-053720-SIDDHIGUPTAB00B,2026-07-01 05:53:29.624000+00:00,control,66,10,2,2,15,0,1,2,1,4,18,2,2,14,2.93,0.052
ses_20260701-053720-SIDDHIGUPTAB00B,2026-07-01 05:58:07.299000+00:00,control,48,9,2,2,7,0,0,2,1,3,14,2,1,12,2.382,0.056
ses_20260701-053720-SIDDHIGUPTAB00B,2026-07-01 05:51:46.948000+00:00,control,114,12,1,2,14,0,2,4,2,1,66,4,2,14,3.827,0.037
ses_20260701-053720-SIDDHIGUPTAB00B,2026-07-01 05:59:27.317000+00:00,control,45,9,3,3,15,0,0,2,1,3,8,2,1,9,2.476,0.056999999999999995
ses_20260701-053720-SIDDHIGUPTAB00B,2026-07-01 05:53:31.130000+00:00,control,52,10,2,2,14,0,1,2,1,3,12,2,2,11,2.93,0.054
ses_20260701-053720-SIDDHIGUPTAB00B,2026-07-01 05:48:57.746000+00:00,control,46,8,1,1,2,0,0,1,0,3,20,1,1,10,3.755,0.058
ses_20260701-053720-SIDDHIGUPTAB00B,2026-07-01 05:57:34.040000+00:00,control,104,12,2,3,7,1,2,4,3,1,66,4,0,11,3.904,0.042
ses_20260701-053720-SIDDHIGUPTAB00B,2026-07-01 06:01:34.496000+00:00,control,70,8,3,3,25,0,1,1,0,3,20,1,0,13,3.137,0.053
ses_20260701-053720-SIDDHIGUPTAB00B,2026-07-01 05:44:41.515000+00:00,control,33,9,1,1,1,0,0,2,1,3,10,2,1,8,2.374,0.0435
ses_20260701-053720-SIDDHIGUPTAB00B,2026-07-01 05:51:34.042000+00:00,control,52,11,1,1,3,0,1,2,1,4,18,2,1,12,3.509,0.046
ses_20260701-053720-SIDDHIGUPTAB00B,2026-07-01 05:57:33.915000+00:00,control,105,12,2,3,8,1,2,4,3,1,66,4,0,11,3.904,0.042
ses_20260701-053720-SIDDHIGUPTAB00B,2026-07-01 05:57:18.301000+00:00,control,46,8,2,2,15,0,0,1,0,2,12,1,1,10,7.86,0.075
ses_20260701-053720-SIDDHIGUPTAB00B,2026-07-01 05:53:29.277000+00:00,control,66,10,2,2,15,0,1,2,1,4,18,2,2,14,2.93,0.052
ses_20260701-053720-SIDDHIGUPTAB00B,2026-07-01 05:53:29.248000+00:00,control,66,10,2,2,15,0,1,2,1,4,18,2,2,14,2.93,0.052
ses_20260701-053720-SIDDHIGUPTAB00B,2026-07-01 05:38:33.044000+00:00,control,33,8,1,1,0,0,0,2,1,3,12,2,1,6,2.957,0.0455
ses_20260701-053720-SIDDHIGUPTAB00B,2026-07-01 05:57:34.570000+00:00,control,97,12,2,3,1,1,2,4,3,1,66,4,0,10,3.904,0.0325
ses_20260701-053720-SIDDHIGUPTAB00B,2026-07-01 05:51:48.984000+00:00,control,106,10,1,2,15,0,2,3,2,0,64,3,1,12,3.827,0.037
ses_20260701-053720-SIDDHIGUPTAB00B,2026-07-01 05:38:23.155000+00:00,control,49,8,1,1,1,0,0,1,0,3,22,1,1,11,3.745,0.058
ses_20260701-053720-SIDDHIGUPTAB00B,2026-07-01 05:41:18.842000+00:00,control,11,7,2,3,2,1,0,0,0,1,2,0,0,3,0.696,0.135
ses_20260701-053720-SIDDHIGUPTAB00B,2026-07-01 06:02:31.331000+00:00,control,48,8,1,1,2,0,0,1,0,3,20,1,2,11,3.469,0.036
ses_20260701-053720-SIDDHIGUPTAB00B,2026-07-01 05:53:25.942000+00:00,control,71,10,2,3,16,0,1,3,1,4,18,3,2,16,2.93,0.0525
ses_20260701-053720-SIDDHIGUPTAB00B,2026-07-01 05:51:09.241000+00:00,control,35,9,1,1,0,0,2,2,1,2,12,2,1,9,6.958,0.055
ses_20260701-053720-SIDDHIGUPTAB00B,2026-07-01 05:57:05.710000+00:00,control,34,7,2,3,12,0,0,1,0,0,8,1,2,8,5.793,0.051
ses_20260701-053720-SIDDHIGUPTAB00B,2026-07-01 05:50:40.593000+00:00,control,44,9,2,2,14,0,0,2,1,3,8,2,1,9,2.05,0.056
ses_20260701-053720-SIDDHIGUPTAB00B,2026-07-01 05:48:34.909000+00:00,control,107,10,1,2,16,0,2,3,2,0,64,3,1,12,2.512,0.042
ses_20260701-053720-SIDDHIGUPTAB00B,2026-07-01 05:51:46.950000+00:00,control,114,12,1,2,14,0,2,4,2,1,66,4,2,14,3.827,0.037
ses_20260701-053720-SIDDHIGUPTAB00B,2026-07-01 05:47:13.689000+00:00,control,41,9,1,1,1,0,0,2,1,2,16,2,1,10,4.579,0.051000000000000004
ses_20260701-053720-SIDDHIGUPTAB00B,2026-07-01 05:44:35.389000+00:00,control,40,9,1,1,1,0,0,2,1,3,14,2,1,10,3.347,0.044
ses_20260701-053720-SIDDHIGUPTAB00B,2026-07-01 05:40:52.830000+00:00,control,18,7,2,4,2,0,0,1,0,0,6,1,1,6,4.224,0.205
ses_20260701-053720-SIDDHIGUPTAB00B,2026-07-01 05:53:58.047000+00:00,control,53,8,1,2,5,0,0,2,0,3,20,2,1,12,3.251,0.045
ses_20260701-053720-SIDDHIGUPTAB00B,2026-07-01 05:58:41.088000+00:00,control,31,9,1,1,1,0,0,2,1,3,10,2,1,6,3.166,0.0555
ses_20260701-053720-SIDDHIGUPTAB00B,2026-07-01 05:39:28.385000+00:00,control,25,11,2,3,2,1,0,2,1,1,4,2,2,8,2.614,0.095
ses_20260701-053720-SIDDHIGUPTAB00B,2026-07-01 05:57:22.100000+00:00,control,48,12,2,3,15,1,1,2,1,2,8,2,1,10,1.589,0.075
ses_20260701-053720-SIDDHIGUPTAB00B,2026-07-01 05:46:46.972000+00:00,control,53,9,1,1,3,0,0,3,1,4,18,3,2,12,3.1,0.0475
ses_20260701-053720-SIDDHIGUPTAB00B,2026-07-01 05:44:28.303000+00:00,control,46,8,1,1,1,0,0,1,0,3,20,1,2,10,3.638,0.047
ses_20260701-053720-SIDDHIGUPTAB00B,2026-07-01 05:55:26.909000+00:00,control,46,9,1,1,2,0,0,2,1,4,18,2,1,9,3.601,0.043
ses_20260701-053720-SIDDHIGUPTAB00B,2026-07-01 05:58:03.518000+00:00,control,61,8,2,2,8,0,0,1,0,4,22,1,1,15,4.327,0.0555
ses_20260701-053720-SIDDHIGUPTAB00B,2026-07-01 05:48:33.036000+00:00,control,115,12,1,2,15,0,2,4,2,1,66,4,2,14,2.512,0.042
ses_20260701-053720-SIDDHIGUPTAB00B,2026-07-01 05:49:00.866000+00:00,control,55,9,1,1,2,0,0,2,1,4,22,2,1,12,3.755,0.055
ses_20260701-054901-LAPTOP-R36BQBTE,2026-07-01 05:54:28.304000+00:00,control,33,6,1,1,1,0,0,0,0,2,16,2,0,6,4.128,0.061
ses_20260701-054901-LAPTOP-R36BQBTE,2026-07-01 06:09:58.315000+00:00,control,33,5,1,1,3,0,0,0,0,0,14,2,0,8,3.27,0.0745
ses_20260701-054901-LAPTOP-R36BQBTE,2026-07-01 06:02:38.537000+00:00,control,49,5,3,4,27,0,0,0,0,0,6,3,0,10,5.796,0.056
ses_20260701-054901-LAPTOP-R36BQBTE,2026-07-01 06:08:00.092000+00:00,control,56,6,2,2,15,0,0,0,0,1,20,1,0,11,3.429,0.044
ses_20260701-054901-LAPTOP-R36BQBTE,2026-07-01 06:06:39.079000+00:00,control,16,3,1,1,0,0,0,0,0,0,10,0,0,5,3.429,0.128
ses_20260701-054901-LAPTOP-R36BQBTE,2026-07-01 06:00:51.557000+00:00,control,38,6,1,2,26,0,0,0,0,1,2,1,0,7,3.269,0.053
ses_20260701-054901-LAPTOP-R36BQBTE,2026-07-01 05:58:29.896000+00:00,control,60,8,2,3,33,0,0,0,0,0,6,1,3,13,3.348,0.059
ses_20260701-054901-LAPTOP-R36BQBTE,2026-07-01 06:00:42.120000+00:00,control,48,7,1,2,27,0,0,0,0,1,4,3,1,10,3.269,0.055
ses_20260701-054901-LAPTOP-R36BQBTE,2026-07-01 06:05:52.771000+00:00,control,33,7,2,2,3,0,0,0,0,1,12,3,1,9,6.803,0.0785
ses_20260701-054901-LAPTOP-R36BQBTE,2026-07-01 06:01:25.164000+00:00,control,54,5,2,3,38,0,0,0,0,0,2,3,0,10,2.849,0.053
ses_20260701-054901-LAPTOP-R36BQBTE,2026-07-01 06:02:24.678000+00:00,control,58,5,2,2,15,0,0,0,0,0,20,2,0,13,4.318,0.054
ses_20260701-054901-LAPTOP-R36BQBTE,2026-07-01 05:54:13.027000+00:00,control,54,5,1,2,26,0,0,0,0,0,12,1,0,11,3.839,0.046
ses_20260701-054901-LAPTOP-R36BQBTE,2026-07-01 06:04:32.482000+00:00,control,56,5,2,3,28,0,0,0,0,0,10,3,0,11,2.927,0.055
ses_20260701-054901-LAPTOP-R36BQBTE,2026-07-01 05:52:28.858000+00:00,control,61,5,1,2,27,0,0,0,0,0,16,1,0,11,4.582,0.0515
ses_20260701-054901-LAPTOP-R36BQBTE,2026-07-01 05:55:23.770000+00:00,control,18,5,2,2,0,0,0,0,0,0,8,1,1,5,5.978,0.131
ses_20260701-054901-LAPTOP-R36BQBTE,2026-07-01 06:00:14.381000+00:00,control,54,6,2,3,25,0,0,0,0,2,10,3,0,10,2.867,0.036
ses_20260701-054901-LAPTOP-R36BQBTE,2026-07-01 06:03:23.554000+00:00,control,23,7,1,1,1,0,0,0,0,1,10,1,1,6,4.27,0.07350000000000001
ses_20260701-054901-LAPTOP-R36BQBTE,2026-07-01 05:53:01.703000+00:00,control,28,7,1,2,5,1,0,0,0,0,8,0,2,8,8.721,0.155
ses_20260701-054901-LAPTOP-R36BQBTE,2026-07-01 06:03:07.389000+00:00,control,40,7,2,2,16,0,0,0,0,1,8,2,1,8,2.034,0.082
ses_20260701-054901-LAPTOP-R36BQBTE,2026-07-01 05:50:42.685000+00:00,control,28,5,1,1,1,0,0,0,0,0,14,2,0,6,6.153,0.046
ses_20260701-054901-LAPTOP-R36BQBTE,2026-07-01 06:00:45.493000+00:00,control,46,6,1,2,27,0,0,0,0,1,4,3,0,9,3.269,0.055
ses_20260701-054901-LAPTOP-R36BQBTE,2026-07-01 06:09:54.373000+00:00,control,41,5,1,1,2,0,0,0,0,0,20,2,0,9,3.612,0.0445
ses_20260701-054901-LAPTOP-R36BQBTE,2026-07-01 05:54:18.335000+00:00,control,63,5,1,2,27,0,0,0,0,0,16,1,0,13,3.839,0.0475
ses_20260701-054901-LAPTOP-R36BQBTE,2026-07-01 06:04:22.311000+00:00,control,58,7,2,2,30,0,0,0,0,1,8,2,1,12,2.898,0.06
ses_20260701-054901-LAPTOP-R36BQBTE,2026-07-01 06:02:39.625000+00:00,control,50,5,2,3,26,0,0,0,0,0,8,2,0,10,5.796,0.054
ses_20260701-054901-LAPTOP-R36BQBTE,2026-07-01 06:00:45.278000+00:00,control,47,6,1,2,27,0,0,0,0,1,4,3,0,10,3.269,0.0555
ses_20260701-054901-LAPTOP-R36BQBTE,2026-07-01 06:03:02.168000+00:00,control,40,7,2,2,16,0,0,0,0,1,8,2,1,8,2.034,0.082
ses_20260701-054901-LAPTOP-R36BQBTE,2026-07-01 06:02:48.012000+00:00,control,32,5,2,3,13,0,0,0,0,0,8,1,0,7,5.796,0.055
ses_20260701-054901-LAPTOP-R36BQBTE,2026-07-01 05:54:09.922000+00:00,control,48,5,1,2,26,0,0,0,0,0,8,1,0,10,2.423,0.046
ses_20260701-054901-LAPTOP-R36BQBTE,2026-07-01 06:00:19.659000+00:00,control,56,6,1,2,24,0,0,0,0,1,14,1,0,11,4.406,0.035
ses_20260701-054901-LAPTOP-R36BQBTE,2026-07-01 06:04:32.746000+00:00,control,56,5,2,3,28,0,0,0,0,0,10,3,0,11,2.927,0.055
ses_20260701-054901-LAPTOP-R36BQBTE,2026-07-01 05:51:08.615000+00:00,control,57,5,1,2,24,0,0,0,0,0,16,1,0,10,4.546,0.0395
ses_20260701-054901-LAPTOP-R36BQBTE,2026-07-01 06:02:14.997000+00:00,control,69,5,2,3,28,0,0,0,0,0,18,1,0,15,4.318,0.054
ses_20260701-054901-LAPTOP-R36BQBTE,2026-07-01 06:00:11.152000+00:00,control,69,7,2,3,36,0,0,0,0,2,10,3,0,13,2.867,0.0445
ses_20260701-054901-LAPTOP-R36BQBTE,2026-07-01 05:52:23.275000+00:00,control,66,5,2,3,37,0,0,0,0,0,10,3,0,12,2.884,0.054
ses_20260701-054901-LAPTOP-R36BQBTE,2026-07-01 06:04:29.582000+00:00,control,73,6,2,3,41,0,0,0,0,0,10,3,1,14,2.927,0.057
ses_20260701-054901-LAPTOP-R36BQBTE,2026-07-01 06:01:28.479000+00:00,control,47,6,3,4,25,0,0,0,0,0,6,3,0,9,6.345,0.0545
ses_20260701-054901-LAPTOP-R36BQBTE,2026-07-01 06:03:33.675000+00:00,control,59,6,2,2,15,0,0,0,0,3,20,0,1,12,4.27,0.0545
ses_20260701-054901-LAPTOP-R36BQBTE,2026-07-01 05:54:14.376000+00:00,control,54,5,1,2,26,0,0,0,0,0,12,1,0,11,3.839,0.046
ses_20260701-054901-LAPTOP-R36BQBTE,2026-07-01 05:54:42.499000+00:00,control,25,6,1,1,1,0,0,0,0,1,10,3,0,6,7.133,0.0495
ses_20260701-054901-LAPTOP-R36BQBTE,2026-07-01 05:52:13.201000+00:00,control,53,6,2,2,28,0,0,0,0,0,8,2,0,10,2.884,0.0535
ses_20260701-054901-LAPTOP-R36BQBTE,2026-07-01 05:52:09.710000+00:00,control,37,6,2,2,15,0,0,0,0,0,8,2,0,7,1.767,0.054
ses_20260701-054901-LAPTOP-R36BQBTE,2026-07-01 06:01:28.613000+00:00,control,47,6,3,4,25,0,0,0,0,0,6,3,0,9,6.345,0.0545
ses_20260701-054901-LAPTOP-R36BQBTE,2026-07-01 06:06:23.835000+00:00,control,29,4,2,3,12,0,0,0,0,0,8,1,0,8,3.387,0.0725
ses_20260701-054901-LAPTOP-R36BQBTE,2026-07-01 05:54:14.327000+00:00,control,54,5,1,2,26,0,0,0,0,0,12,1,0,11,3.839,0.046
ses_20260701-054901-LAPTOP-R36BQBTE,2026-07-01 05:53:27.732000+00:00,control,59,6,2,3,29,1,0,0,0,0,10,2,0,13,2.859,0.048
ses_20260701-054901-LAPTOP-R36BQBTE,2026-07-01 06:00:20.277000+00:00,control,56,6,1,2,24,0,0,0,0,1,14,1,0,11,4.406,0.035
ses_20260701-054901-LAPTOP-R36BQBTE,2026-07-01 06:09:54.621000+00:00,control,35,5,1,1,2,0,0,0,0,0,16,2,0,9,3.612,0.0715
ses_20260701-054901-LAPTOP-R36BQBTE,2026-07-01 05:54:28.778000+00:00,control,30,6,1,1,1,0,0,0,0,2,14,2,0,5,4.128,0.062
ses_20260701-054901-LAPTOP-R36BQBTE,2026-07-01 06:03:05.366000+00:00,control,40,7,2,2,16,0,0,0,0,1,8,2,1,8,2.034,0.082
ses_20260701-054901-LAPTOP-R36BQBTE,2026-07-01 06:04:22.263000+00:00,control,58,7,2,2,30,0,0,0,0,1,8,2,1,12,2.898,0.06
ses_20260701-054901-LAPTOP-R36BQBTE,2026-07-01 06:02:45.793000+00:00,control,32,5,2,3,13,0,0,0,0,0,8,1,0,7,5.796,0.055
ses_20260701-054901-LAPTOP-R36BQBTE,2026-07-01 06:09:58.317000+00:00,control,33,5,1,1,3,0,0,0,0,0,14,2,0,8,3.27,0.0745
ses_20260701-054930-CHAITANYA0BCF,2026-07-01 06:00:50.241000+00:00,control,42,14,2,4,18,1,1,2,1,1,2,2,1,8,2.933,0.056
ses_20260701-054930-CHAITANYA0BCF,2026-07-01 06:08:33.526000+00:00,control,48,9,2,2,16,0,0,2,1,3,8,2,3,9,2.464,0.043
ses_20260701-054930-CHAITANYA0BCF,2026-07-01 06:10:10.104000+00:00,control,221,11,2,2,16,0,2,2,1,3,8,2,1,12,2.775,0.0
ses_20260701-054930-CHAITANYA0BCF,2026-07-01 06:10:09.544000+00:00,control,221,11,2,2,16,0,2,2,1,3,8,2,1,12,2.775,0.0
ses_20260701-054930-CHAITANYA0BCF,2026-07-01 05:57:36.728000+00:00,control,51,8,1,1,2,0,0,2,0,3,20,2,2,12,4.006,0.036500000000000005
ses_20260701-054930-CHAITANYA0BCF,2026-07-01 06:00:46.943000+00:00,control,58,14,3,5,20,1,1,2,1,3,8,2,1,11,2.933,0.056
ses_20260701-054930-CHAITANYA0BCF,2026-07-01 06:10:09.522000+00:00,control,221,11,2,2,16,0,2,2,1,3,8,2,1,12,2.775,0.0
ses_20260701-054930-CHAITANYA0BCF,2026-07-01 05:54:43.049000+00:00,control,48,10,2,2,17,1,0,2,1,3,8,2,1,9,2.709,0.052
ses_20260701-054930-CHAITANYA0BCF,2026-07-01 06:10:15.530000+00:00,control,222,12,2,2,15,0,3,2,1,3,8,2,1,12,3.816,0.0
ses_20260701-054930-CHAITANYA0BCF,2026-07-01 06:05:50.098000+00:00,control,67,8,2,2,16,0,0,1,0,4,22,1,1,13,3.56,0.051000000000000004
ses_20260701-054930-CHAITANYA0BCF,2026-07-01 06:09:30.983000+00:00,control,46,9,3,3,15,0,0,2,1,3,8,2,2,9,1.703,0.054
ses_20260701-054930-CHAITANYA0BCF,2026-07-01 06:00:45.111000+00:00,control,58,14,3,5,20,1,1,2,1,3,8,2,1,11,2.933,0.056
ses_20260701-054930-CHAITANYA0BCF,2026-07-01 05:59:13.008000+00:00,control,111,12,1,2,15,0,2,3,2,1,66,3,1,13,4.036,0.0415
ses_20260701-054930-CHAITANYA0BCF,2026-07-01 05:51:59.887000+00:00,control,37,9,1,1,2,0,0,3,1,2,12,3,1,9,4.675,0.039
ses_20260701-054930-CHAITANYA0BCF,2026-07-01 06:10:09.537000+00:00,control,221,11,2,2,16,0,2,2,1,3,8,2,1,12,2.775,0.0
ses_20260701-054930-CHAITANYA0BCF,2026-07-01 06:00:38.716000+00:00,control,47,9,3,3,17,0,0,2,1,3,8,2,1,9,1.686,0.05
ses_20260701-054930-CHAITANYA0BCF,2026-07-01 05:59:02.098000+00:00,control,85,12,1,2,3,0,1,3,1,3,50,3,1,12,3.338,0.041
ses_20260701-054930-CHAITANYA0BCF,2026-07-01 06:03:04.867000+00:00,control,2,2,1,1,1,0,0,0,0,0,0,0,0,1,0.048,0.048
ses_20260701-054930-CHAITANYA0BCF,2026-07-01 06:03:25.852000+00:00,control,1,1,0,0,0,0,0,0,0,0,0,0,0,0,0.0,0.0
ses_20260701-054930-CHAITANYA0BCF,2026-07-01 05:59:08.368000+00:00,control,121,12,1,2,15,0,1,4,2,3,70,4,2,14,3.292,0.041
ses_20260701-054930-CHAITANYA0BCF,2026-07-01 06:00:22.337000+00:00,control,8,5,1,1,2,0,0,0,0,1,2,0,0,2,0.96,0.162
ses_20260701-054930-CHAITANYA0BCF,2026-07-01 06:10:09.535000+00:00,control,221,11,2,2,16,0,2,2,1,3,8,2,1,12,2.775,0.0
ses_20260701-054930-CHAITANYA0BCF,2026-07-01 06:00:23.545000+00:00,control,8,5,1,1,2,0,0,0,0,1,2,0,0,2,0.96,0.162
ses_20260701-054930-CHAITANYA0BCF,2026-07-01 06:07:21.237000+00:00,control,83,9,2,3,31,0,0,3,1,4,18,3,1,15,3.154,0.05
ses_20260701-054930-CHAITANYA0BCF,2026-07-01 06:10:09.167000+00:00,control,221,11,2,2,16,0,2,2,1,3,8,2,1,12,2.775,0.0
ses_20260701-054930-CHAITANYA0BCF,2026-07-01 06:00:11.792000+00:00,control,17,4,1,1,0,0,0,0,0,0,10,0,0,5,4.189,0.0865
ses_20260701-054930-CHAITANYA0BCF,2026-07-01 05:53:31.114000+00:00,control,51,9,1,1,1,0,0,2,1,4,22,2,1,9,3.15,0.0465
ses_20260701-054930-CHAITANYA0BCF,2026-07-01 06:00:43.157000+00:00,control,58,14,3,5,20,1,1,2,1,3,8,2,1,11,2.933,0.056
ses_20260701-054930-CHAITANYA0BCF,2026-07-01 05:59:11.712000+00:00,control,115,12,1,2,15,0,2,4,2,1,66,4,2,14,4.036,0.042
ses_20260701-054930-CHAITANYA0BCF,2026-07-01 05:58:30.046000+00:00,control,47,10,1,1,1,0,1,3,1,2,16,3,2,12,3.338,0.0545
ses_20260701-054930-CHAITANYA0BCF,2026-07-01 05:56:25.409000+00:00,control,63,8,2,3,17,0,0,1,0,3,20,1,1,12,4.186,0.051
ses_20260701-054930-CHAITANYA0BCF,2026-07-01 06:10:11.415000+00:00,control,221,11,2,2,16,0,2,2,1,3,8,2,1,12,2.775,0.0
ses_20260701-054930-CHAITANYA0BCF,2026-07-01 06:03:53.727000+00:00,control,4,2,2,2,3,0,0,0,0,0,0,0,0,1,0.378,0.072
ses_20260701-054930-CHAITANYA0BCF,2026-07-01 05:54:27.150000+00:00,control,8,5,2,2,2,0,0,0,0,1,2,0,0,2,0.882,0.121
ses_20260701-054930-CHAITANYA0BCF,2026-07-01 06:10:09.529000+00:00,control,221,11,2,2,16,0,2,2,1,3,8,2,1,12,2.775,0.0
ses_20260701-054930-CHAITANYA0BCF,2026-07-01 05:58:58.549000+00:00,control,45,11,1,1,3,0,1,2,1,3,14,2,1,11,3.338,0.0625
ses_20260701-054930-CHAITANYA0BCF,2026-07-01 06:10:09.029000+00:00,control,221,11,2,2,16,0,2,2,1,3,8,2,1,12,2.775,0.0
ses_20260701-054930-CHAITANYA0BCF,2026-07-01 06:10:08.846000+00:00,control,220,11,2,2,16,0,2,2,1,3,8,2,1,11,2.775,0.0
ses_20260701-054930-CHAITANYA0BCF,2026-07-01 06:08:57.823000+00:00,control,22,6,2,3,2,0,0,1,0,0,10,1,0,7,3.91,0.083
ses_20260701-054930-CHAITANYA0BCF,2026-07-01 05:51:10.713000+00:00,control,66,11,2,3,17,1,0,2,1,4,18,2,1,12,4.621,0.051
ses_20260701-054930-CHAITANYA0BCF,2026-07-01 05:53:26.091000+00:00,control,62,8,1,2,14,0,0,2,0,3,20,2,1,12,3.15,0.05
ses_20260701-054930-CHAITANYA0BCF,2026-07-01 06:10:10.118000+00:00,control,221,11,2,2,16,0,2,2,1,3,8,2,1,12,2.775,0.0
ses_20260701-054930-CHAITANYA0BCF,2026-07-01 05:59:41.598000+00:00,control,69,9,2,2,17,0,0,2,1,4,22,2,1,13,4.278,0.043
ses_20260701-054930-CHAITANYA0BCF,2026-07-01 05:59:10.983000+00:00,control,112,12,1,2,15,0,1,4,2,1,66,4,2,13,2.435,0.041
ses_20260701-054930-CHAITANYA0BCF,2026-07-01 05:56:26.003000+00:00,control,63,8,2,3,17,0,0,1,0,3,20,1,1,12,4.186,0.051
ses_20260701-054930-CHAITANYA0BCF,2026-07-01 06:07:59.341000+00:00,control,45,9,2,2,15,0,0,2,1,3,8,2,1,9,1.935,0.0525
ses_20260701-054930-CHAITANYA0BCF,2026-07-01 05:58:58.305000+00:00,control,45,11,1,1,3,0,1,2,1,3,14,2,1,11,3.367,0.0625
ses_20260701-054930-CHAITANYA0BCF,2026-07-01 05:53:31.814000+00:00,control,50,9,1,1,2,0,0,2,1,4,20,2,1,10,3.15,0.059
ses_20260701-054930-CHAITANYA0BCF,2026-07-01 06:10:12.973000+00:00,control,223,11,2,2,16,0,3,2,1,3,8,2,1,13,2.775,0.0
ses_20260701-054930-CHAITANYA0BCF,2026-07-01 06:10:10.112000+00:00,control,221,11,2,2,16,0,2,2,1,3,8,2,1,12,2.775,0.0
ses_20260701-054930-CHAITANYA0BCF,2026-07-01 06:07:23.286000+00:00,control,68,9,2,2,18,0,0,3,1,4,18,3,1,13,3.154,0.049
ses_20260701-054930-CHAITANYA0BCF,2026-07-01 05:58:58.307000+00:00,control,45,11,1,1,3,0,1,2,1,3,14,2,1,11,3.367,0.0625
ses_20260701-054930-CHAITANYA0BCF,2026-07-01 06:08:33.471000+00:00,control,47,9,2,2,15,0,0,2,1,3,8,2,3,9,2.291,0.041499999999999995
ses_20260701-055037-Marcos,2026-07-01 05:57:50.643000+00:00,control,32,9,2,2,2,0,0,2,1,1,10,2,1,8,3.165,0.045
ses_20260701-055037-Marcos,2026-07-01 05:59:03.900000+00:00,control,4,3,2,2,1,1,0,0,0,0,0,0,0,2,0.574,0.462
ses_20260701-055037-Marcos,2026-07-01 06:01:54.956000+00:00,control,38,9,1,1,1,0,0,2,1,2,14,2,1,9,2.947,0.065
ses_20260701-055037-Marcos,2026-07-01 05:56:46.136000+00:00,control,61,9,2,2,13,0,0,2,1,2,20,2,1,12,3.082,0.052
ses_20260701-055037-Marcos,2026-07-01 06:10:49.724000+00:00,control,43,10,2,2,15,1,0,2,1,1,8,2,1,8,2.268,0.054
ses_20260701-055037-Marcos,2026-07-01 05:51:38.371000+00:00,control,50,8,2,2,3,0,0,2,0,3,20,2,1,11,4.098,0.055
ses_20260701-055037-Marcos,2026-07-01 06:00:30.348000+00:00,control,52,8,1,2,2,0,0,2,0,1,22,2,1,13,4.331,0.033
ses_20260701-055037-Marcos,2026-07-01 05:56:45.629000+00:00,control,65,9,2,2,13,0,0,2,1,2,22,2,1,13,3.082,0.052
ses_20260701-055037-Marcos,2026-07-01 05:56:13.014000+00:00,control,66,9,1,2,24,0,1,1,0,3,16,1,1,13,4.042,0.056
ses_20260701-055037-Marcos,2026-07-01 06:08:37.647000+00:00,control,44,10,2,2,2,1,0,2,1,2,16,2,1,11,3.829,0.048
ses_20260701-055037-Marcos,2026-07-01 06:00:01.576000+00:00,control,65,10,2,2,14,0,0,3,1,2,18,3,2,14,4.071,0.0545
ses_20260701-055037-Marcos,2026-07-01 05:56:51.414000+00:00,control,45,9,2,2,13,0,0,2,1,2,10,2,1,9,1.884,0.056999999999999995
ses_20260701-055037-Marcos,2026-07-01 05:54:11.153000+00:00,control,55,6,2,3,23,0,0,1,0,0,14,1,0,11,3.934,0.0555
ses_20260701-055037-Marcos,2026-07-01 06:13:03.484000+00:00,control,13,3,1,1,0,0,0,0,0,0,8,0,0,4,5.201,0.07
ses_20260701-055037-Marcos,2026-07-01 05:51:46.870000+00:00,control,39,9,1,1,1,0,0,2,1,3,14,2,1,9,2.5,0.055
ses_20260701-055037-Marcos,2026-07-01 05:56:17.056000+00:00,control,50,9,1,2,3,0,0,3,1,3,18,3,1,11,4.042,0.042
ses_20260701-055037-Marcos,2026-07-01 05:51:43.836000+00:00,control,41,9,1,1,1,0,0,2,1,3,16,2,1,9,4.098,0.055
ses_20260701-055037-Marcos,2026-07-01 06:02:47.200000+00:00,control,64,9,2,2,17,0,0,3,1,1,18,3,1,13,2.991,0.054
ses_20260701-055037-Marcos,2026-07-01 05:59:33.968000+00:00,control,52,8,1,1,3,0,0,2,0,2,22,2,1,11,4.397,0.042
ses_20260701-055037-Marcos,2026-07-01 06:10:30.224000+00:00,control,8,5,2,2,2,0,0,0,0,1,2,0,0,2,0.924,0.064
ses_20260701-055037-Marcos,2026-07-01 06:01:54.104000+00:00,control,49,9,1,1,1,0,0,2,1,3,20,2,1,11,4.057,0.0475
ses_20260701-055037-Marcos,2026-07-01 05:51:43.925000+00:00,control,41,9,1,1,1,0,0,2,1,3,16,2,1,9,4.098,0.055
ses_20260701-055037-Marcos,2026-07-01 06:00:04.009000+00:00,control,61,10,2,2,14,0,0,2,1,2,18,2,1,13,4.071,0.058499999999999996
ses_20260701-055037-Marcos,2026-07-01 05:52:46.674000+00:00,control,38,9,2,2,2,0,0,2,1,1,14,2,1,10,3.716,0.057
ses_20260701-055037-Marcos,2026-07-01 05:55:27.680000+00:00,control,41,8,2,2,15,0,0,2,1,0,8,2,1,8,1.618,0.0525
ses_20260701-055037-Marcos,2026-07-01 06:05:45.120000+00:00,control,52,9,1,1,2,0,0,2,1,1,22,2,1,12,2.872,0.039
ses_20260701-055037-Marcos,2026-07-01 06:08:31.697000+00:00,control,51,8,1,2,4,0,0,2,0,2,20,2,1,12,3.829,0.036000000000000004
ses_20260701-055037-Marcos,2026-07-01 05:54:11.504000+00:00,control,55,6,2,3,17,0,0,1,0,0,18,1,0,11,3.934,0.0525
ses_20260701-055037-Marcos,2026-07-01 05:52:49.633000+00:00,control,27,9,2,2,2,0,0,2,1,1,8,2,1,7,2.28,0.059
ses_20260701-055037-Marcos,2026-07-01 06:06:46.104000+00:00,control,4,3,2,2,1,1,0,0,0,0,0,0,0,2,0.549,0.39
ses_20260701-055037-Marcos,2026-07-01 06:06:15.989000+00:00,control,54,9,2,2,15,0,0,2,1,2,14,2,1,11,2.308,0.05
ses_20260701-055037-Marcos,2026-07-01 06:02:47.513000+00:00,control,64,9,2,2,17,0,0,3,1,1,18,3,1,13,2.991,0.054
ses_20260701-055037-Marcos,2026-07-01 06:08:06.182000+00:00,control,46,9,3,3,16,0,0,2,1,3,8,2,1,9,1.776,0.057
ses_20260701-055037-Marcos,2026-07-01 06:10:31.552000+00:00,control,8,5,2,2,2,0,0,0,0,1,2,0,0,2,0.924,0.064
ses_20260701-055037-Marcos,2026-07-01 05:54:11.101000+00:00,control,56,6,2,3,24,0,0,1,0,0,14,1,0,11,3.934,0.055
ses_20260701-055037-Marcos,2026-07-01 06:06:16.106000+00:00,control,54,9,2,2,15,0,0,2,1,2,14,2,1,11,2.308,0.05
ses_20260701-055037-Marcos,2026-07-01 06:07:47.617000+00:00,control,9,5,1,1,2,0,0,0,0,2,2,0,0,2,0.873,0.0555
ses_20260701-055037-Marcos,2026-07-01 05:57:55.500000+00:00,control,23,9,2,2,1,0,0,2,1,1,6,2,1,6,3.165,0.037
ses_20260701-055037-Marcos,2026-07-01 06:10:54.744000+00:00,control,45,10,2,2,16,1,0,2,1,1,8,2,1,9,3.429,0.0565
ses_20260701-055037-Marcos,2026-07-01 05:52:41.834000+00:00,control,46,9,2,3,3,0,0,3,1,1,16,3,1,12,3.716,0.057
ses_20260701-055037-Marcos,2026-07-01 06:14:03.996000+00:00,control,16,5,3,3,4,0,3,0,0,0,0,1,0,5,8.798,0.103
ses_20260701-055037-Marcos,2026-07-01 06:12:58.242000+00:00,control,19,3,1,1,0,0,0,0,0,0,12,0,0,6,5.201,0.0935
ses_20260701-055037-Marcos,2026-07-01 06:08:06.656000+00:00,control,46,9,3,3,16,0,0,2,1,3,8,2,1,9,1.776,0.057
ses_20260701-055037-Marcos,2026-07-01 06:01:01.740000+00:00,control,56,9,2,2,15,0,0,2,1,1,16,2,1,12,3.126,0.051
ses_20260701-055037-Marcos,2026-07-01 06:06:16.431000+00:00,control,54,9,2,2,15,0,0,2,1,2,14,2,1,11,2.308,0.05
ses_20260701-055037-Marcos,2026-07-01 06:11:32.584000+00:00,control,4,3,2,2,1,1,0,0,0,0,0,0,0,2,0.535,0.41
ses_20260701-055037-Marcos,2026-07-01 05:51:48.382000+00:00,control,36,9,1,1,1,0,0,2,1,3,12,2,1,8,2.5,0.055
ses_20260701-055037-Marcos,2026-07-01 05:52:49.568000+00:00,control,27,9,2,2,2,0,0,2,1,1,8,2,1,7,2.28,0.059
ses_20260701-055037-Marcos,2026-07-01 06:06:47.107000+00:00,control,4,3,2,2,1,1,0,0,0,0,0,0,0,2,0.549,0.39
ses_20260701-055037-Marcos,2026-07-01 06:04:53.330000+00:00,control,60,9,1,2,13,0,0,3,1,2,18,3,1,12,2.942,0.046
ses_20260701-055037-Marcos,2026-07-01 06:06:08.227000+00:00,control,72,8,2,3,23,0,0,2,0,1,20,2,1,15,3.907,0.048
ses_20260701-055037-Marcos,2026-07-01 06:13:45.226000+00:00,control,47,11,2,2,16,1,1,2,1,2,8,2,1,9,2.555,0.053
ses_20260701-055037-Marcos,2026-07-01 05:54:11.100000+00:00,control,56,6,2,3,24,0,0,1,0,0,14,1,0,11,3.934,0.055
ses_20260701-055037-Marcos,2026-07-01 06:07:24.809000+00:00,control,22,5,1,1,1,0,0,0,0,0,12,0,0,7,4.178,0.079
ses_20260701-055037-Marcos,2026-07-01 06:13:49.916000+00:00,control,52,11,2,2,17,1,3,2,1,2,8,2,1,11,3.046,0.053
ses_20260701-055037-Marcos,2026-07-01 06:06:13.537000+00:00,control,57,9,2,2,15,0,0,2,1,2,16,2,1,12,3.907,0.0485
ses_20260701-055037-Marcos,2026-07-01 05:53:13.819000+00:00,control,83,10,2,3,41,0,1,1,0,1,16,1,1,14,3.829,0.0435
ses_20260701-055918-MSI,2026-07-01 06:02:15.566000+00:00,control,52,9,2,2,16,0,0,2,1,3,12,2,1,11,4.104,0.054
ses_20260701-055918-MSI,2026-07-01 06:08:52.411000+00:00,control,108,12,2,3,29,0,1,3,1,3,46,3,1,15,2.154,0.042
ses_20260701-055918-MSI,2026-07-01 06:15:02.736000+00:00,control,70,8,2,2,17,0,0,1,0,4,22,1,1,15,3.298,0.051
ses_20260701-055918-MSI,2026-07-01 06:04:17.134000+00:00,control,35,6,1,2,14,0,0,1,0,0,8,1,0,8,3.157,0.049
ses_20260701-055918-MSI,2026-07-01 06:02:12.255000+00:00,control,66,9,2,2,17,0,0,2,1,4,18,2,1,14,4.104,0.051
ses_20260701-055918-MSI,2026-07-01 06:03:28.243000+00:00,control,71,9,2,2,15,0,0,2,1,4,22,2,1,15,3.516,0.037
ses_20260701-055918-MSI,2026-07-01 06:08:07.946000+00:00,control,47,10,2,2,16,1,0,2,1,3,8,2,1,9,1.964,0.0475
ses_20260701-055918-MSI,2026-07-01 06:15:28.871000+00:00,control,36,6,1,2,15,0,0,1,0,0,8,1,0,8,3.403,0.049
ses_20260701-055918-MSI,2026-07-01 06:15:32.499000+00:00,control,17,4,1,1,1,0,0,0,0,0,8,0,0,5,3.403,0.052
ses_20260701-055918-MSI,2026-07-01 06:14:29.595000+00:00,control,29,9,2,2,2,0,0,2,1,3,8,2,1,6,2.776,0.055
ses_20260701-055918-MSI,2026-07-01 06:13:29.711000+00:00,control,21,6,1,2,2,0,0,1,0,0,8,1,0,6,3.018,0.0515
ses_20260701-055918-MSI,2026-07-01 06:18:45.685000+00:00,control,45,9,2,2,15,0,0,2,1,3,8,2,1,9,2.077,0.053
ses_20260701-055918-MSI,2026-07-01 06:08:52.633000+00:00,control,108,12,2,3,29,0,1,3,1,3,46,3,1,15,2.154,0.042
ses_20260701-055918-MSI,2026-07-01 06:09:01.005000+00:00,control,123,12,2,3,24,0,2,4,2,1,66,4,1,14,3.961,0.0415
ses_20260701-055918-MSI,2026-07-01 06:14:34.968000+00:00,control,31,9,2,2,3,0,0,2,1,3,8,2,1,7,8.654,0.055
ses_20260701-055918-MSI,2026-07-01 06:13:03.525000+00:00,control,56,9,1,1,2,0,0,2,1,4,22,2,1,13,4.034,0.039
ses_20260701-055918-MSI,2026-07-01 06:08:47.391000+00:00,control,49,11,2,2,16,0,1,2,1,3,8,2,1,10,2.154,0.0505
ses_20260701-055918-MSI,2026-07-01 06:10:17.548000+00:00,control,54,13,2,4,16,2,1,2,1,3,8,2,1,12,3.771,0.052
ses_20260701-055918-MSI,2026-07-01 06:12:29.675000+00:00,control,54,8,2,2,6,0,0,1,0,3,20,1,3,12,3.374,0.045
ses_20260701-055918-MSI,2026-07-01 06:15:00.144000+00:00,control,68,8,2,3,19,0,0,1,0,3,20,1,1,15,3.298,0.051
ses_20260701-055918-MSI,2026-07-01 06:10:13.435000+00:00,control,46,10,2,2,15,1,0,2,1,3,8,2,1,9,1.486,0.051
ses_20260701-055918-MSI,2026-07-01 06:02:17.873000+00:00,control,49,9,2,2,16,0,0,2,1,3,10,2,1,10,1.905,0.0525
ses_20260701-055918-MSI,2026-07-01 06:21:23.234000+00:00,control,53,11,2,2,17,1,2,2,1,3,8,2,2,11,3.138,0.056
ses_20260701-055918-MSI,2026-07-01 06:18:12.240000+00:00,control,70,9,2,3,18,0,0,3,1,4,18,3,1,15,3.888,0.052
ses_20260701-055918-MSI,2026-07-01 06:03:23.345000+00:00,control,77,8,2,3,27,0,0,1,0,3,20,1,1,16,3.516,0.0475
ses_20260701-055918-MSI,2026-07-01 06:15:50.836000+00:00,control,30,9,2,2,2,0,0,2,1,3,8,2,1,7,2.867,0.054
ses_20260701-055918-MSI,2026-07-01 06:15:47.539000+00:00,control,30,9,2,2,2,0,0,2,1,3,8,2,1,7,2.867,0.054
ses_20260701-055918-MSI,2026-07-01 06:21:20.149000+00:00,control,47,10,2,2,16,1,0,2,1,3,8,2,1,9,1.916,0.054
ses_20260701-055918-MSI,2026-07-01 06:13:47.210000+00:00,control,46,9,2,2,15,0,0,2,1,3,8,2,2,9,1.452,0.049
ses_20260701-055918-MSI,2026-07-01 06:19:11.201000+00:00,control,52,8,1,2,3,0,0,2,0,3,20,2,1,13,4.775,0.051
ses_20260701-055918-MSI,2026-07-01 06:06:51.454000+00:00,control,68,8,2,3,17,0,0,2,0,3,20,2,1,15,4.565,0.051
ses_20260701-055918-MSI,2026-07-01 06:10:17.406000+00:00,control,54,13,2,4,16,2,1,2,1,3,8,2,1,12,3.771,0.052
ses_20260701-055918-MSI,2026-07-01 06:06:56.726000+00:00,control,56,9,2,2,15,0,0,2,1,3,14,2,1,12,2.236,0.053
ses_20260701-055918-MSI,2026-07-01 06:09:34.828000+00:00,control,37,9,1,1,2,0,0,2,1,3,12,2,1,9,7.563,0.047
ses_20260701-055918-MSI,2026-07-01 06:08:58.131000+00:00,control,128,12,2,3,29,0,1,4,2,1,66,4,2,15,2.038,0.042
ses_20260701-055918-MSI,2026-07-01 06:09:24.151000+00:00,control,22,7,1,1,1,0,1,1,0,0,8,1,0,7,2.525,0.063
ses_20260701-055918-MSI,2026-07-01 06:09:34.962000+00:00,control,37,9,1,1,2,0,0,2,1,3,12,2,1,9,7.563,0.047
ses_20260701-055918-MSI,2026-07-01 06:19:37.375000+00:00,control,38,7,1,2,15,0,1,1,0,0,8,1,0,9,2.928,0.053
ses_20260701-055918-MSI,2026-07-01 06:02:17.740000+00:00,control,49,9,2,2,16,0,0,2,1,3,10,2,1,10,1.905,0.0525
ses_20260701-055918-MSI,2026-07-01 06:08:51.035000+00:00,control,94,12,2,3,17,0,1,3,1,3,46,3,1,13,2.154,0.042
ses_20260701-055918-MSI,2026-07-01 06:10:13.184000+00:00,control,46,10,2,2,15,1,0,2,1,3,8,2,1,9,1.486,0.051
ses_20260701-055918-MSI,2026-07-01 06:15:53.018000+00:00,control,30,9,2,2,2,0,0,2,1,3,8,2,1,7,2.867,0.054
ses_20260701-055918-MSI,2026-07-01 06:07:27.363000+00:00,control,41,10,1,1,1,0,1,2,1,3,14,2,1,10,3.421,0.0485
ses_20260701-055918-MSI,2026-07-01 06:09:00.870000+00:00,control,126,12,2,3,26,0,2,4,2,1,66,4,2,14,3.961,0.042
ses_20260701-055918-MSI,2026-07-01 06:04:18.225000+00:00,control,25,6,1,2,5,0,0,1,0,0,8,1,0,7,3.157,0.052000000000000005
ses_20260701-055918-MSI,2026-07-01 06:17:31.683000+00:00,control,36,6,2,2,15,0,0,1,0,0,8,1,0,8,2.456,0.053
ses_20260701-055918-MSI,2026-07-01 06:11:56.467000+00:00,control,53,9,2,2,3,0,0,3,1,4,18,3,1,13,3.405,0.049
ses_20260701-055918-MSI,2026-07-01 06:02:12.255000+00:00,control,66,9,2,2,17,0,0,2,1,4,18,2,1,14,4.104,0.051
ses_20260701-055918-MSI,2026-07-01 06:02:17.087000+00:00,control,49,9,2,2,16,0,0,2,1,3,10,2,1,10,1.905,0.0525
ses_20260701-055918-MSI,2026-07-01 06:02:15.826000+00:00,control,49,9,2,2,16,0,0,2,1,3,10,2,1,10,1.905,0.0525
ses_20260701-055918-MSI,2026-07-01 06:02:17.279000+00:00,control,49,9,2,2,16,0,0,2,1,3,10,2,1,10,1.905,0.0525
ses_20260701-055918-MSI,2026-07-01 06:10:13.448000+00:00,control,46,10,2,2,15,1,0,2,1,3,8,2,1,9,1.486,0.051
ses_20260701-055918-MSI,2026-07-01 06:02:17.800000+00:00,control,49,9,2,2,16,0,0,2,1,3,10,2,1,10,1.905,0.0525
ses_20260701-055918-MSI,2026-07-01 06:19:52.732000+00:00,control,45,9,2,2,15,0,0,2,1,3,8,2,1,9,2.088,0.0535
ses_20260701-055918-MSI,2026-07-01 06:19:40.829000+00:00,control,21,6,1,2,2,0,0,1,0,0,8,1,0,6,2.928,0.057999999999999996
ses_20260701-055918-MSI,2026-07-01 06:09:00.827000+00:00,control,128,12,2,3,27,0,2,4,2,1,66,4,2,15,3.961,0.041
ses_20260701-055918-MSI,2026-07-01 06:21:30.195000+00:00,control,56,12,2,2,18,1,3,2,1,3,6,2,2,12,3.299,0.056
ses_20260701-055918-MSI,2026-07-01 06:03:28.787000+00:00,control,68,9,2,2,16,0,0,2,1,4,20,2,1,14,3.516,0.037
ses_20260701-055918-MSI,2026-07-01 06:13:47.439000+00:00,control,46,9,2,2,15,0,0,2,1,3,8,2,2,9,1.452,0.049
ses_20260701-055918-MSI,2026-07-01 06:02:11.438000+00:00,control,66,9,2,2,17,0,0,2,1,4,18,2,1,14,4.104,0.051
ses_20260701-055918-MSI,2026-07-01 06:14:30.582000+00:00,control,29,9,2,2,2,0,0,2,1,3,8,2,1,6,2.776,0.055
ses_20260701-055918-MSI,2026-07-01 06:14:08.426000+00:00,control,21,7,1,1,1,0,0,1,0,0,8,1,1,6,3.145,0.038500000000000006
ses_20260701-062250-Marcos,2026-07-01 06:42:36.740000+00:00,control,44,8,2,2,14,0,0,2,1,0,10,2,1,10,9.744,0.057
ses_20260701-062250-Marcos,2026-07-01 06:34:19.393000+00:00,control,34,10,2,2,2,1,0,2,1,2,10,2,1,9,2.666,0.035
ses_20260701-062250-Marcos,2026-07-01 06:27:43.036000+00:00,control,56,7,2,2,13,0,0,1,0,0,20,1,2,11,3.479,0.041
ses_20260701-062250-Marcos,2026-07-01 06:37:20.757000+00:00,control,35,6,1,2,14,0,0,1,0,0,8,1,0,8,2.174,0.056
ses_20260701-062250-Marcos,2026-07-01 06:34:55.827000+00:00,control,53,9,2,2,15,0,0,2,1,1,14,2,1,11,2.321,0.05
ses_20260701-062250-Marcos,2026-07-01 06:38:16.472000+00:00,control,44,10,2,2,15,1,0,2,1,1,8,2,1,9,1.73,0.05
ses_20260701-062250-Marcos,2026-07-01 06:25:10.942000+00:00,control,43,10,2,2,13,1,0,2,1,3,8,2,1,8,2.116,0.049
ses_20260701-062250-Marcos,2026-07-01 06:33:18.368000+00:00,control,17,4,1,1,1,0,0,0,0,0,10,0,0,5,9.843,0.10200000000000001
ses_20260701-062250-Marcos,2026-07-01 06:43:44.596000+00:00,control,48,10,1,1,2,0,1,2,1,2,18,2,2,11,4.419,0.047
ses_20260701-062250-Marcos,2026-07-01 06:34:13.304000+00:00,control,48,10,2,2,3,1,0,2,1,2,18,2,1,11,3.979,0.035
ses_20260701-062250-Marcos,2026-07-01 06:34:55.579000+00:00,control,53,9,2,2,15,0,0,2,1,1,14,2,1,11,2.321,0.05
ses_20260701-062250-Marcos,2026-07-01 06:26:53.570000+00:00,control,54,9,1,1,2,0,0,2,1,2,22,2,1,13,4.053,0.039
ses_20260701-062250-Marcos,2026-07-01 06:42:58.835000+00:00,control,34,7,2,3,13,0,0,1,0,0,8,1,2,6,5.285,0.037
ses_20260701-062250-Marcos,2026-07-01 06:40:24.025000+00:00,control,48,9,3,3,18,0,0,2,1,1,8,2,1,11,2.822,0.056
ses_20260701-062250-Marcos,2026-07-01 06:29:57.560000+00:00,control,57,10,1,1,2,0,0,2,1,4,22,2,1,13,3.756,0.052
ses_20260701-062250-Marcos,2026-07-01 06:28:13.785000+00:00,control,21,6,1,2,2,0,0,1,0,0,8,1,0,6,3.147,0.031
ses_20260701-062250-Marcos,2026-07-01 06:40:07.056000+00:00,control,50,8,2,3,25,0,1,1,0,0,8,1,1,10,4.965,0.056
ses_20260701-062250-Marcos,2026-07-01 06:30:23.454000+00:00,control,66,9,2,2,17,0,0,2,1,3,18,2,2,14,3.024,0.055
ses_20260701-062250-Marcos,2026-07-01 06:26:56.014000+00:00,control,42,9,1,1,2,0,0,2,1,1,16,2,1,11,4.053,0.043
ses_20260701-062250-Marcos,2026-07-01 06:34:55.578000+00:00,control,53,9,2,2,15,0,0,2,1,1,14,2,1,11,2.321,0.05
ses_20260701-062250-Marcos,2026-07-01 06:42:25.482000+00:00,control,20,6,1,1,1,0,0,1,0,0,8,1,0,6,2.752,0.028
ses_20260701-062250-Marcos,2026-07-01 06:36:15.848000+00:00,control,26,8,2,2,3,1,0,1,0,0,8,1,3,6,3.842,0.037
ses_20260701-062250-Marcos,2026-07-01 06:27:18.259000+00:00,control,57,9,1,2,14,0,0,3,1,1,16,3,1,12,3.137,0.028499999999999998
ses_20260701-062250-Marcos,2026-07-01 06:33:11.116000+00:00,control,21,4,2,2,1,0,0,0,0,0,12,0,0,7,3.664,0.10200000000000001
ses_20260701-062250-Marcos,2026-07-01 06:42:58.351000+00:00,control,43,7,2,3,21,0,0,1,0,0,8,1,2,7,5.285,0.0465
ses_20260701-062250-Marcos,2026-07-01 06:30:23.608000+00:00,control,65,9,2,2,17,0,0,2,1,3,18,2,1,14,3.024,0.055
ses_20260701-062250-Marcos,2026-07-01 06:38:17.981000+00:00,control,44,10,2,2,15,1,0,2,1,1,8,2,1,9,1.73,0.05
ses_20260701-062250-Marcos,2026-07-01 06:42:26.996000+00:00,control,22,6,2,2,2,0,0,1,0,0,8,1,0,7,9.744,0.037
ses_20260701-062250-Marcos,2026-07-01 06:43:51.207000+00:00,control,39,10,1,1,3,0,3,2,1,2,10,2,2,10,2.764,0.062
ses_20260701-062250-Marcos,2026-07-01 06:43:48.905000+00:00,control,36,10,1,1,2,0,2,2,1,2,10,2,2,9,2.764,0.055
ses_20260701-062250-Marcos,2026-07-01 06:42:25.484000+00:00,control,20,6,1,1,1,0,0,1,0,0,8,1,0,6,2.752,0.028
ses_20260701-062250-Marcos,2026-07-01 06:24:18.176000+00:00,control,44,8,2,5,17,2,0,1,0,0,8,1,0,10,3.911,0.065
ses_20260701-062250-Marcos,2026-07-01 06:43:45.074000+00:00,control,48,10,1,1,2,0,1,2,1,2,18,2,2,11,4.419,0.047
ses_20260701-062250-Marcos,2026-07-01 06:32:45.408000+00:00,control,48,9,1,1,3,0,0,2,1,2,18,2,1,12,3.41,0.048
ses_20260701-062250-Marcos,2026-07-01 06:24:18.729000+00:00,control,34,8,2,5,8,2,0,1,0,0,8,1,0,9,3.911,0.102
ses_20260701-062250-Marcos,2026-07-01 06:29:13.800000+00:00,control,8,5,2,2,2,0,0,0,0,1,2,0,0,2,0.83,0.072
ses_20260701-062250-Marcos,2026-07-01 06:33:06.815000+00:00,control,36,6,2,3,13,0,1,1,0,0,10,1,0,10,3.664,0.052
ses_20260701-062250-Marcos,2026-07-01 06:34:13.186000+00:00,control,48,10,2,2,3,1,0,2,1,2,18,2,1,11,3.979,0.035
ses_20260701-062250-Marcos,2026-07-01 06:34:50.445000+00:00,control,60,8,2,2,15,0,0,1,0,1,20,1,2,12,4.241,0.052
ses_20260701-062250-Marcos,2026-07-01 06:34:55.578000+00:00,control,53,9,2,2,15,0,0,2,1,1,14,2,1,11,2.321,0.05
ses_20260701-062250-Marcos,2026-07-01 06:23:54.162000+00:00,control,47,9,1,1,2,0,0,2,1,3,18,2,1,11,3.707,0.042499999999999996
ses_20260701-062250-Marcos,2026-07-01 06:29:14.187000+00:00,control,8,5,2,2,2,0,0,0,0,1,2,0,0,2,0.83,0.072
ses_20260701-062250-Marcos,2026-07-01 06:27:49.595000+00:00,control,54,8,2,2,16,0,0,2,1,0,14,2,1,12,2.617,0.043
ses_20260701-062250-Marcos,2026-07-01 06:42:37.553000+00:00,control,41,8,2,2,14,0,0,2,1,0,8,2,1,9,1.782,0.056
ses_20260701-062250-Marcos,2026-07-01 06:36:56.543000+00:00,control,62,8,2,2,13,0,0,1,0,2,22,1,1,13,3.169,0.049
ses_20260701-062250-Marcos,2026-07-01 06:25:39.153000+00:00,control,39,9,1,1,1,0,0,2,1,2,16,2,1,8,4.344,0.047
ses_20260701-062250-Marcos,2026-07-01 06:27:49.593000+00:00,control,54,8,2,2,16,0,0,2,1,0,14,2,1,12,2.617,0.043
ses_20260701-062250-Marcos,2026-07-01 06:24:18.731000+00:00,control,34,8,2,5,8,2,0,1,0,0,8,1,0,9,3.911,0.102
ses_20260701-062250-Marcos,2026-07-01 06:26:28.223000+00:00,control,67,9,2,2,15,0,0,3,1,3,18,3,2,15,3.05,0.056
ses_20260701-062250-Marcos,2026-07-01 06:40:28.222000+00:00,control,48,9,3,3,18,0,0,2,1,1,8,2,1,11,2.822,0.056
ses_20260701-062250-Marcos,2026-07-01 06:29:57.637000+00:00,control,57,10,1,1,2,0,0,2,1,4,22,2,1,13,3.756,0.052
ses_20260701-062250-Marcos,2026-07-01 06:36:30.398000+00:00,control,47,9,2,2,17,0,0,2,1,2,8,2,1,10,1.952,0.0545
ses_20260701-062250-Marcos,2026-07-01 06:37:22.516000+00:00,control,33,6,1,2,12,0,0,1,0,0,8,1,0,8,2.174,0.057999999999999996
ses_20260701-062250-Marcos,2026-07-01 06:39:02.081000+00:00,control,8,5,1,1,2,0,0,0,0,1,2,0,0,2,1.129,0.066
ses_20260701-062250-Marcos,2026-07-01 06:34:52.826000+00:00,control,65,8,2,2,16,0,0,1,0,2,22,1,1,13,4.241,0.05
ses_20260701-062250-Marcos,2026-07-01 06:28:14.628000+00:00,control,21,6,1,2,2,0,0,1,0,0,8,1,0,6,3.147,0.031
ses_20260701-062250-Marcos,2026-07-01 06:36:15.851000+00:00,control,26,8,2,2,3,1,0,1,0,0,8,1,3,6,3.842,0.037
ses_20260701-062250-Marcos,2026-07-01 06:34:17.617000+00:00,control,34,10,2,2,2,1,0,2,1,2,10,2,1,9,2.666,0.035
ses_20260701-062250-Marcos,2026-07-01 06:42:37.779000+00:00,control,43,8,2,2,15,0,0,2,1,0,8,2,1,10,3.012,0.056
ses_20260701-062250-Marcos,2026-07-01 06:43:42.532000+00:00,control,51,9,1,2,4,0,0,3,1,2,18,3,1,12,4.419,0.051000000000000004
ses_20260701-062250-Marcos,2026-07-01 06:26:26.006000+00:00,control,69,10,2,2,15,0,1,3,1,3,18,3,2,16,3.05,0.059
ses_20260701-062250-Marcos,2026-07-01 06:25:10.942000+00:00,control,43,10,2,2,13,1,0,2,1,3,8,2,1,8,2.116,0.049
ses_20260701-062250-Marcos,2026-07-01 06:28:14.601000+00:00,control,21,6,1,2,2,0,0,1,0,0,8,1,0,6,3.147,0.031
ses_20260701-062732-MSI,2026-07-01 06:32:45.767000+00:00,control,44,9,2,2,14,0,0,2,1,3,8,2,1,9,1.962,0.055
ses_20260701-062732-MSI,2026-07-01 06:46:03.076000+00:00,control,51,9,1,1,1,0,0,2,1,4,20,2,1,12,4.808,0.045
ses_20260701-062732-MSI,2026-07-01 06:27:59.927000+00:00,control,34,6,3,7,12,3,3,0,0,0,0,0,0,7,1.004,0.043
ses_20260701-062732-MSI,2026-07-01 06:48:36.717000+00:00,control,69,9,2,3,17,0,0,3,1,4,18,3,1,15,3.512,0.0475
ses_20260701-062732-MSI,2026-07-01 06:30:03.910000+00:00,control,40,11,2,2,3,1,0,2,1,2,12,2,2,10,4.921,0.05
ses_20260701-062732-MSI,2026-07-01 06:37:15.339000+00:00,control,59,9,2,2,15,0,0,2,1,3,16,2,1,13,2.766,0.0515
ses_20260701-062732-MSI,2026-07-01 06:43:28.221000+00:00,control,45,9,2,2,15,0,0,2,1,3,8,2,1,9,1.797,0.051
ses_20260701-062732-MSI,2026-07-01 06:48:06.973000+00:00,control,54,8,1,1,2,0,0,2,0,4,22,2,2,11,2.864,0.022
ses_20260701-062732-MSI,2026-07-01 06:43:13.036000+00:00,control,21,6,1,2,2,0,0,1,0,0,8,1,0,6,2.944,0.081
ses_20260701-062732-MSI,2026-07-01 06:44:35.661000+00:00,control,5,4,1,1,1,1,0,0,0,0,0,0,1,2,0.582,0.20299999999999999
ses_20260701-062732-MSI,2026-07-01 06:45:35.591000+00:00,control,107,10,1,2,16,0,2,3,2,0,64,3,1,12,3.366,0.041
ses_20260701-062732-MSI,2026-07-01 06:43:28.168000+00:00,control,45,9,2,2,15,0,0,2,1,3,8,2,1,9,1.797,0.051
ses_20260701-062732-MSI,2026-07-01 06:42:47.934000+00:00,control,49,9,1,1,3,0,0,2,1,4,18,2,1,11,3.35,0.042499999999999996
ses_20260701-062732-MSI,2026-07-01 06:37:15.369000+00:00,control,59,9,2,2,15,0,0,2,1,3,16,2,1,13,2.766,0.0515
ses_20260701-062732-MSI,2026-07-01 06:35:09.126000+00:00,control,55,9,1,1,2,0,0,2,1,4,22,2,1,12,3.943,0.036000000000000004
ses_20260701-062732-MSI,2026-07-01 06:45:19.235000+00:00,control,49,11,2,2,16,0,1,2,1,3,8,2,1,10,1.67,0.056
ses_20260701-062732-MSI,2026-07-01 06:31:39.313000+00:00,control,46,10,2,2,15,1,0,2,1,3,8,2,1,9,1.985,0.052
ses_20260701-062732-MSI,2026-07-01 06:40:35.797000+00:00,control,21,7,1,1,1,0,0,1,0,0,8,1,1,6,3.131,0.0275
ses_20260701-062732-MSI,2026-07-01 06:43:13.912000+00:00,control,17,4,1,1,1,0,0,0,0,0,8,0,0,5,2.944,0.0625
ses_20260701-062732-MSI,2026-07-01 06:31:38.095000+00:00,control,46,10,2,2,15,1,0,2,1,3,8,2,1,9,1.985,0.052
ses_20260701-062732-MSI,2026-07-01 06:37:40.825000+00:00,control,54,9,1,1,1,0,0,2,1,4,22,2,1,12,3.807,0.042
ses_20260701-062732-MSI,2026-07-01 06:48:37.460000+00:00,control,68,10,2,2,16,0,1,2,1,4,18,2,2,15,3.512,0.048
ses_20260701-062732-MSI,2026-07-01 06:45:33.901000+00:00,control,112,12,1,2,16,0,2,3,2,1,66,3,1,13,3.366,0.041
ses_20260701-062732-MSI,2026-07-01 06:44:36.243000+00:00,control,5,4,1,1,1,1,0,0,0,0,0,0,1,2,0.582,0.20299999999999999
ses_20260701-062732-MSI,2026-07-01 06:45:22.140000+00:00,control,63,12,2,3,17,0,1,3,1,3,16,3,1,12,2.509,0.048
ses_20260701-062732-MSI,2026-07-01 06:48:09.328000+00:00,control,54,9,1,1,2,0,0,2,1,4,22,2,1,11,2.864,0.013
ses_20260701-062732-MSI,2026-07-01 06:39:21.625000+00:00,control,21,6,1,2,2,0,0,1,0,0,8,1,0,6,2.911,0.044
ses_20260701-062732-MSI,2026-07-01 06:27:58.496000+00:00,control,34,6,3,7,12,3,3,0,0,0,0,0,0,7,1.004,0.043
ses_20260701-062732-MSI,2026-07-01 06:35:33.359000+00:00,control,45,9,1,1,1,0,0,3,1,2,16,3,2,11,4.448,0.035500000000000004
ses_20260701-062732-MSI,2026-07-01 06:42:23.817000+00:00,control,46,10,2,2,15,1,0,2,1,3,8,2,1,9,1.849,0.055
ses_20260701-062732-MSI,2026-07-01 06:45:34.172000+00:00,control,112,12,1,2,16,0,2,3,2,1,66,3,1,13,3.366,0.041
ses_20260701-062732-MSI,2026-07-01 06:29:33.101000+00:00,control,79,10,2,4,28,1,0,1,0,3,20,1,1,15,3.4,0.05
ses_20260701-062732-MSI,2026-07-01 06:27:46.084000+00:00,control,47,4,3,5,5,1,0,0,0,0,27,0,0,14,6.234,0.0795
ses_20260701-062732-MSI,2026-07-01 06:34:42.440000+00:00,control,44,9,2,2,14,0,0,2,1,3,8,2,1,9,2.008,0.047
ses_20260701-062732-MSI,2026-07-01 06:39:18.164000+00:00,control,47,7,1,2,23,0,1,1,0,0,8,1,0,10,2.911,0.0525
ses_20260701-062732-MSI,2026-07-01 06:35:05.773000+00:00,control,50,8,1,1,2,0,0,2,0,3,20,2,2,11,3.943,0.031
ses_20260701-062732-MSI,2026-07-01 06:32:28.784000+00:00,control,23,8,1,1,1,0,1,1,0,0,8,1,1,7,2.828,0.0675
ses_20260701-062732-MSI,2026-07-01 06:37:09.477000+00:00,control,63,8,2,2,15,0,0,1,0,3,20,1,1,14,2.766,0.0505
ses_20260701-062732-MSI,2026-07-01 06:38:55.906000+00:00,control,46,10,2,2,15,1,0,2,1,3,8,2,1,9,2.077,0.052
ses_20260701-062732-MSI,2026-07-01 06:40:11.179000+00:00,control,43,8,2,2,14,0,0,2,1,3,8,2,0,9,1.987,0.0535
ses_20260701-062732-MSI,2026-07-01 06:31:39.549000+00:00,control,46,10,2,2,15,1,0,2,1,3,8,2,1,9,1.985,0.052
ses_20260701-062732-MSI,2026-07-01 06:45:06.662000+00:00,control,28,6,2,2,8,0,0,1,0,0,8,1,0,7,2.524,0.054
ses_20260701-062732-MSI,2026-07-01 06:33:37.563000+00:00,control,63,8,2,3,16,0,0,1,0,3,20,1,1,13,4.086,0.052
ses_20260701-062732-MSI,2026-07-01 06:32:02.583000+00:00,control,47,8,1,1,2,0,0,1,0,3,20,1,2,10,3.706,0.051000000000000004
ses_20260701-062732-MSI,2026-07-01 06:41:45.484000+00:00,control,55,8,1,2,2,0,0,2,0,4,22,2,1,13,4.578,0.0505
ses_20260701-062732-MSI,2026-07-01 06:45:23.567000+00:00,control,94,12,2,3,17,0,1,3,1,3,46,3,1,13,2.509,0.041
ses_20260701-062732-MSI,2026-07-01 06:48:40.890000+00:00,control,65,10,2,2,16,0,2,2,1,4,16,2,2,14,3.512,0.0495
ses_20260701-062732-MSI,2026-07-01 06:35:36.858000+00:00,control,45,11,1,2,2,0,0,2,1,2,16,2,1,11,4.448,0.037500000000000006
ses_20260701-062732-MSI,2026-07-01 06:45:07.707000+00:00,control,21,6,2,2,2,0,0,1,0,0,8,1,0,6,2.524,0.056499999999999995
ses_20260701-062732-MSI,2026-07-01 06:45:32.091000+00:00,control,120,12,2,3,21,0,2,4,2,1,66,4,1,14,3.366,0.041
ses_20260701-062732-MSI,2026-07-01 06:48:11.256000+00:00,control,54,9,1,1,2,0,0,2,1,4,22,2,1,11,2.864,0.013
ses_20260701-062732-MSI,2026-07-01 06:41:13.361000+00:00,control,58,9,2,2,9,0,1,1,0,3,20,1,2,13,3.367,0.055
ses_20260701-062732-MSI,2026-07-01 06:29:39.310000+00:00,control,65,11,2,3,15,1,0,2,1,4,18,2,1,13,3.4,0.049
ses_20260701-062732-MSI,2026-07-01 06:42:23.819000+00:00,control,46,10,2,2,15,1,0,2,1,3,8,2,1,9,1.849,0.055
ses_20260701-062732-MSI,2026-07-01 06:27:56.964000+00:00,control,39,7,4,8,12,3,3,0,0,0,4,0,0,8,6.234,0.07100000000000001
ses_20260701-062732-MSI,2026-07-01 06:43:27.859000+00:00,control,45,9,2,2,15,0,0,2,1,3,8,2,1,9,1.797,0.051
ses_20260701-062732-MSI,2026-07-01 06:27:54.639000+00:00,control,47,7,4,8,12,3,3,0,0,0,9,0,0,11,6.234,0.07200000000000001
ses_20260701-062732-MSI,2026-07-01 06:43:31.575000+00:00,control,47,9,2,2,16,0,0,2,1,3,8,2,1,10,3.138,0.051
ses_20260701-062732-MSI,2026-07-01 06:30:01.793000+00:00,control,44,11,2,2,3,1,0,3,1,2,12,3,3,11,4.921,0.047
ses_20260701-063106-LAPTOP-R36BQBTE,2026-07-01 06:41:09.715000+00:00,control,46,7,1,1,1,0,0,0,0,1,22,2,1,10,3.501,0.045
ses_20260701-063106-LAPTOP-R36BQBTE,2026-07-01 06:48:37.935000+00:00,control,36,5,2,2,16,0,0,0,0,0,8,2,0,6,2.956,0.024
ses_20260701-063106-LAPTOP-R36BQBTE,2026-07-01 06:44:55.308000+00:00,control,94,5,1,2,16,0,0,0,0,0,64,2,0,10,2.776,0.041
ses_20260701-063106-LAPTOP-R36BQBTE,2026-07-01 06:48:37.933000+00:00,control,36,5,2,2,16,0,0,0,0,0,8,2,0,6,2.956,0.024
ses_20260701-063106-LAPTOP-R36BQBTE,2026-07-01 06:44:50.439000+00:00,control,93,5,1,2,16,0,0,0,0,0,64,2,0,9,2.776,0.041
ses_20260701-063106-LAPTOP-R36BQBTE,2026-07-01 06:50:57.743000+00:00,control,43,8,2,6,16,3,0,0,0,1,8,2,0,8,4.294,0.04
ses_20260701-063106-LAPTOP-R36BQBTE,2026-07-01 06:44:55.042000+00:00,control,94,5,1,2,16,0,0,0,0,0,64,2,0,10,2.776,0.041
ses_20260701-063106-LAPTOP-R36BQBTE,2026-07-01 06:40:39.266000+00:00,control,51,6,1,2,15,0,0,0,0,1,16,3,0,10,3.246,0.05
ses_20260701-063106-LAPTOP-R36BQBTE,2026-07-01 06:34:45.580000+00:00,control,93,5,1,2,15,0,0,0,0,0,64,2,0,10,2.919,0.041
ses_20260701-063106-LAPTOP-R36BQBTE,2026-07-01 06:33:08.244000+00:00,control,36,6,2,2,15,0,0,0,0,1,8,2,0,6,2.079,0.03
ses_20260701-063106-LAPTOP-R36BQBTE,2026-07-01 06:42:13.818000+00:00,control,37,6,2,2,15,0,0,0,0,2,8,2,0,6,1.881,0.025500000000000002
ses_20260701-063106-LAPTOP-R36BQBTE,2026-07-01 06:35:00.887000+00:00,control,15,4,3,3,5,0,0,0,0,0,4,0,0,5,5.04,0.111
ses_20260701-063106-LAPTOP-R36BQBTE,2026-07-01 06:50:20.132000+00:00,control,46,6,1,1,2,0,0,0,0,1,22,2,0,10,3.93,0.045
ses_20260701-063106-LAPTOP-R36BQBTE,2026-07-01 06:44:57.213000+00:00,control,95,5,1,2,17,0,0,0,0,0,64,2,0,10,6.174,0.041
ses_20260701-063106-LAPTOP-R36BQBTE,2026-07-01 06:43:38.621000+00:00,control,50,6,1,2,14,0,0,0,0,1,16,3,0,10,3.395,0.037
ses_20260701-063106-LAPTOP-R36BQBTE,2026-07-01 06:34:45.015000+00:00,control,93,5,1,2,15,0,0,0,0,0,64,2,0,10,2.919,0.041
ses_20260701-063106-LAPTOP-R36BQBTE,2026-07-01 06:44:55.480000+00:00,control,94,5,1,2,16,0,0,0,0,0,64,2,0,10,2.776,0.041
ses_20260701-063106-LAPTOP-R36BQBTE,2026-07-01 06:34:45.408000+00:00,control,93,5,1,2,15,0,0,0,0,0,64,2,0,10,2.919,0.041
ses_20260701-063106-LAPTOP-R36BQBTE,2026-07-01 06:38:59.511000+00:00,control,7,5,1,1,1,0,0,0,0,1,2,0,0,2,1.08,0.056
ses_20260701-063106-LAPTOP-R36BQBTE,2026-07-01 06:44:55.479000+00:00,control,94,5,1,2,16,0,0,0,0,0,64,2,0,10,2.776,0.041
ses_20260701-063106-LAPTOP-R36BQBTE,2026-07-01 06:49:23.434000+00:00,control,49,7,1,1,2,0,0,0,0,1,22,2,2,11,3.351,0.038
ses_20260701-063106-LAPTOP-R36BQBTE,2026-07-01 06:44:19.045000+00:00,control,25,7,1,1,1,0,0,0,0,1,10,2,1,5,2.969,0.0475
ses_20260701-063106-LAPTOP-R36BQBTE,2026-07-01 06:45:33.119000+00:00,control,30,6,1,1,1,0,0,0,0,1,14,2,0,6,3.613,0.037
ses_20260701-063106-LAPTOP-R36BQBTE,2026-07-01 06:34:44.840000+00:00,control,93,5,1,2,15,0,0,0,0,0,64,2,0,10,2.919,0.041
ses_20260701-063106-LAPTOP-R36BQBTE,2026-07-01 06:44:17.693000+00:00,control,32,7,1,1,1,0,0,0,0,1,14,2,1,7,2.969,0.04
ses_20260701-063106-LAPTOP-R36BQBTE,2026-07-01 06:41:09.532000+00:00,control,46,7,1,1,1,0,0,0,0,1,22,2,1,10,3.501,0.045
ses_20260701-063106-LAPTOP-R36BQBTE,2026-07-01 06:42:43.555000+00:00,control,32,7,1,1,1,0,0,0,0,1,14,2,1,7,2.887,0.053
ses_20260701-063106-LAPTOP-R36BQBTE,2026-07-01 06:38:06.373000+00:00,control,34,6,2,2,14,0,0,0,0,1,8,2,0,5,2.251,0.025
ses_20260701-063106-LAPTOP-R36BQBTE,2026-07-01 06:42:41.040000+00:00,control,49,7,1,1,2,0,0,0,0,2,22,2,1,11,4.527,0.0365
ses_20260701-063106-LAPTOP-R36BQBTE,2026-07-01 06:35:00.178000+00:00,control,15,4,3,3,5,0,0,0,0,0,4,0,0,5,5.04,0.111
ses_20260701-063106-LAPTOP-R36BQBTE,2026-07-01 06:34:44.797000+00:00,control,93,5,1,2,15,0,0,0,0,0,64,2,0,10,2.919,0.041
ses_20260701-063106-LAPTOP-R36BQBTE,2026-07-01 06:45:28.538000+00:00,control,40,6,1,1,1,0,0,0,0,1,20,2,0,8,4.199,0.015
ses_20260701-063106-LAPTOP-R36BQBTE,2026-07-01 06:50:54.490000+00:00,control,36,6,2,2,15,0,0,0,0,1,8,2,0,6,2.263,0.029
ses_20260701-063106-LAPTOP-R36BQBTE,2026-07-01 06:34:45.578000+00:00,control,93,5,1,2,15,0,0,0,0,0,64,2,0,10,2.919,0.041
ses_20260701-063106-LAPTOP-R36BQBTE,2026-07-01 06:46:13.904000+00:00,control,36,6,2,2,15,0,0,0,0,1,8,2,0,6,2.298,0.027
ses_20260701-063106-LAPTOP-R36BQBTE,2026-07-01 06:37:27.872000+00:00,control,21,6,2,4,2,0,0,0,0,0,10,1,0,6,4.871,0.134
ses_20260701-063106-LAPTOP-R36BQBTE,2026-07-01 06:42:44.030000+00:00,control,32,7,1,1,1,0,0,0,0,1,14,2,1,7,2.887,0.053
ses_20260701-063106-LAPTOP-R36BQBTE,2026-07-01 06:42:47.054000+00:00,control,32,7,1,1,1,0,0,0,0,1,14,2,1,7,2.887,0.053
ses_20260701-063106-LAPTOP-R36BQBTE,2026-07-01 06:50:58.074000+00:00,control,43,8,2,6,16,3,0,0,0,1,8,2,0,8,4.294,0.04
ses_20260701-063106-LAPTOP-R36BQBTE,2026-07-01 06:34:48.646000+00:00,control,100,6,2,3,17,0,0,0,0,0,66,2,0,12,5.04,0.041
ses_20260701-063106-LAPTOP-R36BQBTE,2026-07-01 06:38:38.173000+00:00,control,13,3,1,1,0,0,0,0,0,0,8,0,0,4,4.465,0.086
ses_20260701-063106-LAPTOP-R36BQBTE,2026-07-01 06:34:45.364000+00:00,control,93,5,1,2,15,0,0,0,0,0,64,2,0,10,2.919,0.041
ses_20260701-063106-LAPTOP-R36BQBTE,2026-07-01 06:34:48.602000+00:00,control,100,6,2,3,17,0,0,0,0,0,66,2,0,12,5.04,0.041
ses_20260701-063106-LAPTOP-R36BQBTE,2026-07-01 06:39:16.284000+00:00,control,40,6,2,2,16,0,0,0,0,1,8,2,0,9,2.001,0.06
ses_20260701-063106-LAPTOP-R36BQBTE,2026-07-01 06:37:34.106000+00:00,control,16,3,1,1,0,0,0,0,0,0,10,0,0,5,4.871,0.078
ses_20260701-063106-LAPTOP-R36BQBTE,2026-07-01 06:35:01.301000+00:00,control,14,4,3,3,5,0,0,0,0,0,4,0,0,4,3.039,0.11
ses_20260701-063106-LAPTOP-R36BQBTE,2026-07-01 06:49:28.675000+00:00,control,42,7,1,1,2,0,0,0,0,1,20,2,1,8,3.55,0.037
ses_20260701-063106-LAPTOP-R36BQBTE,2026-07-01 06:34:48.740000+00:00,control,100,6,2,3,17,0,0,0,0,0,66,2,0,12,5.04,0.041
ses_20260701-063106-LAPTOP-R36BQBTE,2026-07-01 06:50:59.900000+00:00,control,43,8,2,6,16,3,0,0,0,1,8,2,0,8,4.294,0.04
ses_20260701-063106-LAPTOP-R36BQBTE,2026-07-01 06:34:44.797000+00:00,control,93,5,1,2,15,0,0,0,0,0,64,2,0,10,2.919,0.041
ses_20260701-065151-CHAITANYA0BCF,2026-07-01 06:56:18.529000+00:00,control,98,13,2,4,2,2,2,3,3,0,66,3,1,10,3.611,0.04
ses_20260701-065151-CHAITANYA0BCF,2026-07-01 07:13:46.645000+00:00,control,70,8,2,2,16,0,0,2,0,4,24,2,1,13,3.177,0.049
ses_20260701-065151-CHAITANYA0BCF,2026-07-01 07:09:29.540000+00:00,control,65,8,2,2,16,0,0,1,0,3,20,1,3,13,3.514,0.052
ses_20260701-065151-CHAITANYA0BCF,2026-07-01 07:07:34.299000+00:00,control,46,11,1,1,3,0,1,2,1,3,16,2,1,10,3.48,0.057
ses_20260701-065151-CHAITANYA0BCF,2026-07-01 07:07:03.970000+00:00,control,45,9,2,2,16,0,0,2,1,3,8,2,1,8,2.275,0.0505
ses_20260701-065151-CHAITANYA0BCF,2026-07-01 07:13:19.832000+00:00,control,49,9,1,1,1,0,0,2,1,4,20,2,1,10,3.157,0.0305
ses_20260701-065151-CHAITANYA0BCF,2026-07-01 07:07:47.934000+00:00,control,116,12,1,2,17,0,2,4,2,1,66,4,1,14,3.601,0.039
ses_20260701-065151-CHAITANYA0BCF,2026-07-01 07:13:41.085000+00:00,control,68,8,2,2,16,0,0,1,0,3,24,1,2,13,3.177,0.047
ses_20260701-065151-CHAITANYA0BCF,2026-07-01 07:07:49.536000+00:00,control,109,10,1,2,17,0,2,3,2,0,64,3,1,13,3.601,0.0385
ses_20260701-065151-CHAITANYA0BCF,2026-07-01 07:06:38.055000+00:00,control,23,5,1,1,2,0,0,0,0,1,12,0,0,6,6.893,0.0605
ses_20260701-065151-CHAITANYA0BCF,2026-07-01 07:10:52.715000+00:00,control,32,7,2,3,13,0,0,1,0,0,8,1,1,6,5.653,0.05
ses_20260701-065151-CHAITANYA0BCF,2026-07-01 07:07:47.988000+00:00,control,116,12,1,2,17,0,2,4,2,1,66,4,1,14,3.601,0.039
ses_20260701-065151-CHAITANYA0BCF,2026-07-01 07:09:35.669000+00:00,control,57,9,2,2,16,0,0,2,1,3,14,2,2,11,2.805,0.053
ses_20260701-065151-CHAITANYA0BCF,2026-07-01 07:09:34.683000+00:00,control,67,9,2,2,16,0,0,2,1,3,20,2,2,13,3.514,0.052
ses_20260701-065151-CHAITANYA0BCF,2026-07-01 07:09:28.853000+00:00,control,65,8,2,2,16,0,0,1,0,3,20,1,3,13,3.514,0.052
ses_20260701-065151-CHAITANYA0BCF,2026-07-01 07:01:50.621000+00:00,control,35,6,1,2,15,0,0,1,0,0,8,1,0,8,2.4,0.0505
ses_20260701-065151-CHAITANYA0BCF,2026-07-01 07:09:29.540000+00:00,control,65,8,2,2,16,0,0,1,0,3,20,1,3,13,3.514,0.052
ses_20260701-065151-CHAITANYA0BCF,2026-07-01 07:01:14.326000+00:00,control,9,6,2,2,2,0,0,0,0,1,2,0,0,2,2.308,0.14800000000000002
ses_20260701-065151-CHAITANYA0BCF,2026-07-01 06:56:16.086000+00:00,control,99,12,1,2,0,2,2,4,3,1,66,4,1,11,3.611,0.036000000000000004
ses_20260701-065151-CHAITANYA0BCF,2026-07-01 07:06:31.452000+00:00,control,23,4,2,2,1,0,0,0,0,0,14,0,0,7,4.218,0.0665
ses_20260701-065151-CHAITANYA0BCF,2026-07-01 06:53:42.798000+00:00,control,48,9,3,3,17,0,0,3,0,2,8,2,1,10,3.081,0.06
ses_20260701-065151-CHAITANYA0BCF,2026-07-01 07:07:04.198000+00:00,control,45,9,2,2,16,0,0,2,1,3,8,2,1,8,2.275,0.0505
ses_20260701-065151-CHAITANYA0BCF,2026-07-01 07:06:32.558000+00:00,control,23,4,2,2,1,0,0,0,0,0,14,0,0,7,4.218,0.0665
ses_20260701-065151-CHAITANYA0BCF,2026-07-01 07:09:32.400000+00:00,control,70,8,2,2,17,0,0,1,0,4,22,1,2,14,3.514,0.053
ses_20260701-065151-CHAITANYA0BCF,2026-07-01 07:00:56.162000+00:00,control,16,3,1,1,0,0,0,0,0,0,10,0,0,5,3.629,0.077
ses_20260701-065151-CHAITANYA0BCF,2026-07-01 07:14:14.803000+00:00,control,55,9,1,1,2,0,0,2,1,4,22,2,1,12,4.722,0.0345
ses_20260701-065151-CHAITANYA0BCF,2026-07-01 06:59:34.650000+00:00,control,60,9,1,2,15,0,0,3,1,2,16,3,1,13,2.956,0.047
ses_20260701-065151-CHAITANYA0BCF,2026-07-01 07:07:49.769000+00:00,control,109,10,1,2,17,0,2,3,2,0,64,3,1,13,3.601,0.0385
ses_20260701-065151-CHAITANYA0BCF,2026-07-01 06:53:39.511000+00:00,control,48,9,3,3,17,0,0,3,0,2,8,2,1,10,3.081,0.06
ses_20260701-065151-CHAITANYA0BCF,2026-07-01 07:02:31.256000+00:00,control,62,10,2,2,17,0,0,2,1,3,16,2,1,13,3.479,0.052
ses_20260701-065151-CHAITANYA0BCF,2026-07-01 07:07:39.981000+00:00,control,124,12,1,2,17,0,1,4,2,3,68,4,2,15,2.811,0.041
ses_20260701-065151-CHAITANYA0BCF,2026-07-01 06:53:46.052000+00:00,control,35,9,3,3,14,0,0,3,0,1,4,2,1,7,3.081,0.059
ses_20260701-065151-CHAITANYA0BCF,2026-07-01 07:01:11.074000+00:00,control,9,6,2,2,2,0,0,0,0,1,2,0,0,2,2.308,0.14800000000000002
ses_20260701-065151-CHAITANYA0BCF,2026-07-01 07:07:03.380000+00:00,control,45,9,2,2,16,0,0,2,1,3,8,2,1,8,2.275,0.0505
ses_20260701-065151-CHAITANYA0BCF,2026-07-01 07:06:38.160000+00:00,control,23,5,1,1,2,0,0,0,0,1,12,0,0,6,6.893,0.0605
ses_20260701-065151-CHAITANYA0BCF,2026-07-01 06:53:35.801000+00:00,control,48,8,2,2,16,0,0,3,0,2,10,2,1,10,7.282,0.06
ses_20260701-065151-CHAITANYA0BCF,2026-07-01 06:53:39.512000+00:00,control,48,9,3,3,17,0,0,3,0,2,8,2,1,10,3.081,0.06
ses_20260701-065151-CHAITANYA0BCF,2026-07-01 07:03:00.014000+00:00,control,41,9,1,1,1,0,0,2,1,3,16,2,1,9,3.45,0.0325
ses_20260701-065151-CHAITANYA0BCF,2026-07-01 07:14:26.774000+00:00,control,43,11,1,1,2,0,3,2,1,3,12,2,1,10,3.39,0.059
ses_20260701-065151-CHAITANYA0BCF,2026-07-01 07:00:02.384000+00:00,control,67,10,2,2,18,0,0,2,1,4,18,2,1,13,3.982,0.0485
ses_20260701-065151-CHAITANYA0BCF,2026-07-01 06:54:15.344000+00:00,control,6,3,2,2,3,0,0,0,0,0,0,0,1,2,0.37,0.09
ses_20260701-065151-CHAITANYA0BCF,2026-07-01 07:09:35.798000+00:00,control,57,9,2,2,16,0,0,2,1,3,14,2,2,11,2.805,0.053
ses_20260701-065151-CHAITANYA0BCF,2026-07-01 06:54:44.191000+00:00,control,6,3,2,2,3,0,0,0,0,0,0,0,1,2,0.454,0.144
ses_20260701-065151-CHAITANYA0BCF,2026-07-01 07:09:04.837000+00:00,control,53,9,1,1,1,0,0,2,1,4,22,2,1,11,4.257,0.040499999999999994
ses_20260701-065151-CHAITANYA0BCF,2026-07-01 07:08:12.443000+00:00,control,44,9,1,1,1,0,0,3,1,2,16,3,1,11,4.706,0.023
ses_20260701-065151-CHAITANYA0BCF,2026-07-01 07:04:25.341000+00:00,control,54,9,1,2,11,0,0,3,1,2,16,3,1,11,3.616,0.051
ses_20260701-065151-CHAITANYA0BCF,2026-07-01 07:07:03.969000+00:00,control,45,9,2,2,16,0,0,2,1,3,8,2,1,8,2.275,0.0505
ses_20260701-065151-CHAITANYA0BCF,2026-07-01 07:07:49.540000+00:00,control,109,10,1,2,17,0,2,3,2,0,64,3,1,13,3.601,0.0385
ses_20260701-065151-CHAITANYA0BCF,2026-07-01 07:07:46.716000+00:00,control,116,12,1,2,16,0,2,4,2,1,66,4,2,14,3.601,0.041
ses_20260701-065151-CHAITANYA0BCF,2026-07-01 07:14:12.869000+00:00,control,51,8,1,1,2,0,0,1,0,4,22,1,1,11,4.722,0.0345
ses_20260701-065151-CHAITANYA0BCF,2026-07-01 07:13:14.061000+00:00,control,60,8,1,2,12,0,0,2,0,3,20,2,1,12,3.157,0.05
ses_20260701-065151-CHAITANYA0BCF,2026-07-01 06:53:36.054000+00:00,control,51,9,3,3,17,0,0,3,0,2,10,2,1,11,7.282,0.061
ses_20260701-065151-CHAITANYA0BCF,2026-07-01 07:06:38.109000+00:00,control,23,5,1,1,2,0,0,0,0,1,12,0,0,6,6.893,0.0605
ses_20260701-065151-CHAITANYA0BCF,2026-07-01 07:14:17.892000+00:00,control,46,10,1,1,1,0,1,2,1,3,18,2,1,11,3.11,0.046
ses_20260701-065151-CHAITANYA0BCF,2026-07-01 07:07:48.313000+00:00,control,113,12,1,2,17,0,2,3,2,1,66,3,1,13,3.601,0.0385
ses_20260701-065151-CHAITANYA0BCF,2026-07-01 07:09:58.715000+00:00,control,54,8,1,1,2,0,0,2,0,4,22,2,2,11,4.214,0.057
ses_20260701-065151-CHAITANYA0BCF,2026-07-01 06:56:18.707000+00:00,control,98,13,2,4,2,2,2,3,3,0,66,3,1,10,3.611,0.04
ses_20260701-065151-CHAITANYA0BCF,2026-07-01 07:01:49.524000+00:00,control,37,7,1,2,15,0,1,1,0,0,8,1,0,9,2.4,0.051
ses_20260701-065151-CHAITANYA0BCF,2026-07-01 07:08:38.705000+00:00,control,67,9,2,2,17,0,0,2,1,4,18,2,2,14,4.653,0.0505
ses_20260701-065151-CHAITANYA0BCF,2026-07-01 07:07:28.419000+00:00,control,66,8,1,2,16,0,0,2,0,4,20,2,1,13,3.48,0.052
ses_20260701-065151-CHAITANYA0BCF,2026-07-01 07:07:38.107000+00:00,control,96,12,1,2,12,0,1,3,1,3,52,3,1,12,2.811,0.041
ses_20260701-065151-CHAITANYA0BCF,2026-07-01 06:53:40.791000+00:00,control,48,9,3,3,17,0,0,3,0,2,8,2,1,10,3.081,0.06
ses_20260701-065151-CHAITANYA0BCF,2026-07-01 07:06:38.126000+00:00,control,23,5,1,1,2,0,0,0,0,1,12,0,0,6,6.893,0.0605
ses_20260701-065151-CHAITANYA0BCF,2026-07-01 06:55:35.055000+00:00,control,54,9,1,1,2,0,0,2,1,4,22,2,1,11,2.988,0.045
ses_20260701-065151-CHAITANYA0BCF,2026-07-01 07:14:17.894000+00:00,control,46,10,1,1,1,0,1,2,1,3,18,2,1,11,3.11,0.046
ses_20260701-065151-CHAITANYA0BCF,2026-07-01 07:14:36.457000+00:00,control,10,4,1,1,1,0,3,0,0,0,0,0,0,3,3.39,0.101
ses_20260701-065151-CHAITANYA0BCF,2026-07-01 07:02:30.777000+00:00,control,67,10,2,2,16,0,0,2,1,4,20,2,1,12,3.479,0.05
ses_20260701-070320-JAYESH,2026-07-01 07:07:38.783000+00:00,control,62,14,2,5,16,3,4,2,1,3,8,2,1,13,4.232,0.047
ses_20260701-070320-JAYESH,2026-07-01 07:27:39.108000+00:00,control,57,9,3,3,16,0,0,2,1,3,14,2,1,12,2.997,0.0435
ses_20260701-070320-JAYESH,2026-07-01 07:11:31.772000+00:00,control,8,5,2,2,2,0,0,0,0,1,2,0,0,2,0.723,0.066
ses_20260701-070320-JAYESH,2026-07-01 07:06:16.411000+00:00,control,76,9,2,3,24,0,0,3,1,4,18,3,1,15,3.716,0.054
ses_20260701-070320-JAYESH,2026-07-01 07:14:48.135000+00:00,control,43,12,1,2,1,1,1,2,1,3,14,2,1,10,3.635,0.0595
ses_20260701-070320-JAYESH,2026-07-01 07:25:40.973000+00:00,control,65,9,1,2,15,0,0,3,1,4,18,3,1,13,4.081,0.045
ses_20260701-070320-JAYESH,2026-07-01 07:25:42.200000+00:00,control,52,9,1,2,3,0,0,3,1,4,18,3,1,12,4.081,0.056
ses_20260701-070320-JAYESH,2026-07-01 07:27:45.986000+00:00,control,50,9,3,3,16,0,0,2,1,3,10,2,1,10,1.827,0.045
ses_20260701-070320-JAYESH,2026-07-01 07:27:45.848000+00:00,control,50,9,3,3,16,0,0,2,1,3,10,2,1,10,1.827,0.045
ses_20260701-070320-JAYESH,2026-07-01 07:10:39.145000+00:00,control,50,8,1,1,2,0,0,2,0,3,20,2,2,11,3.394,0.049
ses_20260701-070320-JAYESH,2026-07-01 07:20:35.269000+00:00,control,19,6,2,3,2,0,0,1,0,0,8,1,0,6,5.04,0.08399999999999999
ses_20260701-070320-JAYESH,2026-07-01 07:21:15.814000+00:00,control,47,9,2,2,16,0,0,2,1,3,8,2,1,10,1.874,0.054
ses_20260701-070320-JAYESH,2026-07-01 07:15:01.695000+00:00,control,94,13,2,4,2,2,2,2,2,0,66,2,1,9,4.177,0.029
ses_20260701-070320-JAYESH,2026-07-01 07:22:23.523000+00:00,control,43,9,2,2,14,0,0,2,1,3,8,2,1,8,1.904,0.048
ses_20260701-070320-JAYESH,2026-07-01 07:23:19.264000+00:00,control,20,7,2,3,1,0,0,1,0,0,8,1,2,5,6.019,0.099
ses_20260701-070320-JAYESH,2026-07-01 07:18:42.742000+00:00,control,56,8,1,1,2,0,0,2,0,4,22,2,2,13,4.599,0.04
ses_20260701-070320-JAYESH,2026-07-01 07:06:43.515000+00:00,control,25,8,2,4,3,0,0,1,0,0,8,1,2,7,2.961,0.1345
ses_20260701-070320-JAYESH,2026-07-01 07:17:58.312000+00:00,control,47,9,2,2,16,0,0,2,1,3,8,2,1,10,2.74,0.0485
ses_20260701-070320-JAYESH,2026-07-01 07:07:31.238000+00:00,control,45,10,2,2,15,1,0,2,1,3,8,2,1,8,2.051,0.047
ses_20260701-070320-JAYESH,2026-07-01 07:17:57.033000+00:00,control,45,9,2,2,15,0,0,2,1,3,8,2,1,9,1.97,0.0475
ses_20260701-070320-JAYESH,2026-07-01 07:07:49.474000+00:00,control,28,7,1,3,1,2,10,0,0,0,0,0,0,10,3.37,0.06
ses_20260701-070320-JAYESH,2026-07-01 07:29:40.402000+00:00,control,52,11,2,2,17,0,6,2,1,2,6,2,1,10,4.085,0.053
ses_20260701-070320-JAYESH,2026-07-01 07:22:23.300000+00:00,control,43,9,2,2,14,0,0,2,1,3,8,2,1,8,1.904,0.048
ses_20260701-070320-JAYESH,2026-07-01 07:15:01.742000+00:00,control,94,13,2,4,2,2,2,2,2,0,66,2,1,9,4.177,0.029
ses_20260701-070320-JAYESH,2026-07-01 07:14:50.639000+00:00,control,79,13,1,2,1,1,1,3,1,3,48,3,1,10,4.177,0.03
ses_20260701-070320-JAYESH,2026-07-01 07:09:15.470000+00:00,control,44,9,2,2,15,0,0,2,1,3,8,2,1,8,2.286,0.046
ses_20260701-070320-JAYESH,2026-07-01 07:17:58.069000+00:00,control,45,9,2,2,15,0,0,2,1,3,8,2,1,9,1.97,0.0475
ses_20260701-070320-JAYESH,2026-07-01 07:07:36.361000+00:00,control,58,14,2,5,16,3,2,2,1,3,8,2,1,11,4.232,0.047
ses_20260701-070320-JAYESH,2026-07-01 07:09:13.263000+00:00,control,44,9,2,2,15,0,0,2,1,3,8,2,1,8,2.286,0.046
ses_20260701-070320-JAYESH,2026-07-01 07:19:41.521000+00:00,control,58,8,1,1,3,0,0,2,0,4,22,2,2,14,3.645,0.037
ses_20260701-070320-JAYESH,2026-07-01 07:16:08.583000+00:00,control,16,4,1,1,1,0,0,0,0,0,8,0,0,5,3.441,0.054
ses_20260701-070320-JAYESH,2026-07-01 07:22:46.747000+00:00,control,64,8,2,3,18,0,0,1,0,3,20,1,1,12,3.814,0.05
ses_20260701-070320-JAYESH,2026-07-01 07:08:35.190000+00:00,control,62,8,1,2,1,0,9,0,0,0,0,1,0,9,2.97,0.042
ses_20260701-070320-JAYESH,2026-07-01 07:07:38.789000+00:00,control,62,14,2,5,16,3,4,2,1,3,8,2,1,13,4.232,0.047
ses_20260701-070320-JAYESH,2026-07-01 07:16:08.578000+00:00,control,16,4,1,1,1,0,0,0,0,0,8,0,0,5,3.441,0.054
ses_20260701-070320-JAYESH,2026-07-01 07:29:40.493000+00:00,control,50,11,2,2,17,0,6,2,1,2,4,2,1,10,4.085,0.056
ses_20260701-070320-JAYESH,2026-07-01 07:21:16.646000+00:00,control,47,9,2,2,16,0,0,2,1,3,8,2,1,10,1.874,0.054
ses_20260701-070320-JAYESH,2026-07-01 07:17:21.357000+00:00,control,48,9,3,3,17,0,0,2,1,3,8,2,2,9,1.867,0.055
ses_20260701-070320-JAYESH,2026-07-01 07:08:33.614000+00:00,control,66,8,1,2,1,0,9,0,0,0,0,1,0,9,2.97,0.042
ses_20260701-070320-JAYESH,2026-07-01 07:28:55.791000+00:00,control,58,8,1,2,10,0,0,2,0,3,20,2,1,12,4.244,0.048
ses_20260701-070320-JAYESH,2026-07-01 07:07:47.615000+00:00,control,30,10,1,4,1,2,9,1,1,0,0,1,0,10,4.232,0.06
ses_20260701-070320-JAYESH,2026-07-01 07:24:04.310000+00:00,control,71,9,2,2,15,0,0,2,1,4,22,2,1,15,3.446,0.043
ses_20260701-070320-JAYESH,2026-07-01 07:27:39.591000+00:00,control,57,9,3,3,16,0,0,2,1,3,14,2,1,12,2.997,0.0435
ses_20260701-070320-JAYESH,2026-07-01 07:20:32.114000+00:00,control,35,6,2,3,16,0,2,1,0,0,6,1,0,9,5.04,0.054
ses_20260701-070320-JAYESH,2026-07-01 07:04:54.572000+00:00,control,58,11,2,3,15,1,0,2,1,3,14,2,1,12,2.882,0.052
ses_20260701-070320-JAYESH,2026-07-01 07:20:32.272000+00:00,control,35,7,2,3,14,0,2,1,0,0,8,1,0,8,5.04,0.052000000000000005
ses_20260701-070320-JAYESH,2026-07-01 07:16:07.480000+00:00,control,20,6,1,2,2,0,0,1,0,0,8,1,0,6,3.441,0.054
ses_20260701-070320-JAYESH,2026-07-01 07:12:17.439000+00:00,control,51,8,1,1,2,0,0,1,0,4,22,1,1,11,4.323,0.0465
ses_20260701-070320-JAYESH,2026-07-01 07:14:07.807000+00:00,control,48,10,3,3,16,0,2,2,1,3,8,2,1,9,2.189,0.055
ses_20260701-070320-JAYESH,2026-07-01 07:18:45.889000+00:00,control,56,9,1,1,2,0,0,2,1,4,22,2,1,13,4.599,0.04
ses_20260701-070320-JAYESH,2026-07-01 07:26:52.982000+00:00,control,54,9,2,2,4,0,0,2,1,3,20,2,1,13,3.567,0.041
ses_20260701-070320-JAYESH,2026-07-01 07:12:47.221000+00:00,control,27,8,2,3,5,1,0,1,0,0,8,1,2,7,2.648,0.071
ses_20260701-070320-JAYESH,2026-07-01 07:14:11.926000+00:00,control,48,10,3,3,16,0,2,2,1,3,8,2,1,9,2.189,0.055
ses_20260701-070320-JAYESH,2026-07-01 07:09:09.973000+00:00,control,44,9,2,2,15,0,0,2,1,3,8,2,1,8,2.286,0.046
ses_20260701-070320-JAYESH,2026-07-01 07:09:58.093000+00:00,control,46,9,1,2,2,0,0,3,1,2,16,3,1,12,3.797,0.047
ses_20260701-070320-JAYESH,2026-07-01 07:07:34.902000+00:00,control,58,14,2,5,16,3,2,2,1,3,8,2,1,11,4.232,0.047
ses_20260701-070320-JAYESH,2026-07-01 07:15:10.940000+00:00,control,55,14,3,5,5,1,1,1,2,0,30,1,1,8,4.125,0.038
ses_20260701-070320-JAYESH,2026-07-01 07:08:04.438000+00:00,control,19,2,1,1,0,0,10,0,0,0,0,0,0,9,3.455,0.10900000000000001
ses_20260701-070320-JAYESH,2026-07-01 07:27:39.340000+00:00,control,57,9,3,3,16,0,0,2,1,3,14,2,1,12,2.997,0.0435
ses_20260701-070320-JAYESH,2026-07-01 07:29:30.436000+00:00,control,60,10,2,2,15,0,2,2,1,3,16,2,1,12,4.026,0.052
ses_20260701-070320-JAYESH,2026-07-01 07:05:51.354000+00:00,control,54,9,1,1,2,0,0,2,1,4,22,2,1,11,3.717,0.04
ses_20260701-070320-JAYESH,2026-07-01 07:17:58.441000+00:00,control,47,9,2,2,16,0,0,2,1,3,8,2,1,10,2.74,0.0485
ses_20260701-070320-JAYESH,2026-07-01 07:09:08.917000+00:00,control,44,9,2,2,15,0,0,2,1,3,8,2,1,8,2.286,0.046
ses_20260701-070320-JAYESH,2026-07-01 07:09:58.091000+00:00,control,46,9,1,2,2,0,0,3,1,2,16,3,1,12,3.797,0.047
ses_20260701-070320-JAYESH,2026-07-01 07:11:06.738000+00:00,control,23,7,2,3,2,0,0,1,0,0,10,1,1,7,3.387,0.128
ses_20260701-070320-JAYESH,2026-07-01 07:12:17.439000+00:00,control,51,8,1,1,2,0,0,1,0,4,22,1,1,11,4.323,0.0465
ses_20260701-070320-JAYESH,2026-07-01 07:11:13.790000+00:00,control,19,3,1,1,0,0,0,0,0,0,12,0,0,6,3.387,0.1395
ses_20260701-070320-JAYESH,2026-07-01 07:06:18.469000+00:00,control,63,9,2,2,15,0,0,2,1,4,18,2,1,13,3.716,0.052
ses_20260701-070320-JAYESH,2026-07-01 07:23:20.524000+00:00,control,16,4,1,1,0,0,0,0,0,0,8,0,2,4,2.003,0.118
ses_20260701-070320-JAYESH,2026-07-01 07:20:40.309000+00:00,control,13,3,1,1,0,0,0,0,0,0,8,0,0,4,5.04,0.08399999999999999
ses_20260701-070320-JAYESH,2026-07-01 07:14:41.410000+00:00,control,56,9,1,1,2,0,0,2,1,4,22,2,1,13,3.165,0.05
ses_20260701-070320-JAYESH,2026-07-01 07:25:43.426000+00:00,control,49,9,1,1,3,0,0,2,1,4,18,2,1,11,4.081,0.0565
ses_20260701-070320-JAYESH,2026-07-01 07:15:01.786000+00:00,control,94,13,2,4,2,2,2,2,2,0,66,2,1,9,4.177,0.029
ses_20260701-070320-JAYESH,2026-07-01 07:26:06.447000+00:00,control,74,8,2,3,23,0,0,2,0,3,20,2,1,15,3.566,0.058
ses_20260701-070320-JAYESH,2026-07-01 07:14:38.310000+00:00,control,65,8,1,2,15,0,0,2,0,3,20,2,1,14,3.165,0.0485
ses_20260701-070320-JAYESH,2026-07-01 07:29:25.382000+00:00,control,67,8,2,3,17,0,0,2,0,3,20,2,1,14,4.026,0.056
ses_20260701-070320-JAYESH,2026-07-01 07:14:41.477000+00:00,control,56,9,1,1,2,0,0,2,1,4,22,2,1,13,3.165,0.05
ses_20260701-070320-JAYESH,2026-07-01 07:16:07.534000+00:00,control,20,6,1,2,2,0,0,1,0,0,8,1,0,6,3.441,0.054
ses_20260701-070320-JAYESH,2026-07-01 07:26:16.570000+00:00,control,53,9,3,3,18,0,0,2,1,3,10,2,1,11,2.153,0.0575
ses_20260701-071849-Marcos,2026-07-01 07:24:47.807000+00:00,control,45,10,2,2,15,1,0,2,1,2,8,2,1,9,2.882,0.0515
ses_20260701-071849-Marcos,2026-07-01 07:33:04.566000+00:00,control,46,9,2,3,19,1,1,1,0,0,8,1,2,10,3.338,0.052
ses_20260701-071849-Marcos,2026-07-01 07:40:10.621000+00:00,control,54,9,2,2,15,0,0,2,1,2,14,2,1,11,2.804,0.05
ses_20260701-071849-Marcos,2026-07-01 07:34:29.231000+00:00,control,51,9,3,3,18,0,0,2,1,2,10,2,1,11,7.43,0.055
ses_20260701-071849-Marcos,2026-07-01 07:35:33.835000+00:00,control,35,7,2,3,13,0,0,1,0,0,8,1,2,7,6.036,0.044
ses_20260701-071849-Marcos,2026-07-01 07:29:40.988000+00:00,control,46,10,2,2,16,1,0,2,1,2,8,2,1,9,2.617,0.05
ses_20260701-071849-Marcos,2026-07-01 07:33:08.981000+00:00,control,26,8,2,3,4,1,0,1,0,0,8,1,2,6,3.338,0.064
ses_20260701-071849-Marcos,2026-07-01 07:36:38.339000+00:00,control,51,9,1,1,2,0,0,2,1,1,22,2,1,11,2.907,0.047
ses_20260701-071849-Marcos,2026-07-01 07:38:32.012000+00:00,control,43,9,1,2,2,0,0,3,1,1,16,3,1,10,4.32,0.042499999999999996
ses_20260701-071849-Marcos,2026-07-01 07:34:18.211000+00:00,control,26,7,3,3,3,0,0,1,0,0,8,1,3,7,7.43,0.126
ses_20260701-071849-Marcos,2026-07-01 07:24:41.166000+00:00,control,43,10,2,2,14,1,0,2,1,2,8,2,1,8,2.227,0.049
ses_20260701-071849-Marcos,2026-07-01 07:24:50.129000+00:00,control,45,10,2,2,15,1,0,2,1,2,8,2,1,9,2.882,0.0515
ses_20260701-071849-Marcos,2026-07-01 07:40:45.546000+00:00,control,40,10,1,1,2,0,2,2,1,2,12,2,2,9,3.447,0.062
ses_20260701-071849-Marcos,2026-07-01 07:24:02.792000+00:00,control,26,5,1,2,2,0,0,0,0,0,14,0,0,8,3.791,0.121
ses_20260701-071849-Marcos,2026-07-01 07:27:50.579000+00:00,control,47,10,2,2,16,1,0,2,1,3,8,2,1,9,2.45,0.0565
ses_20260701-071849-Marcos,2026-07-01 07:21:22.179000+00:00,control,58,9,3,3,17,0,0,2,1,0,14,2,2,13,6.669,0.057
ses_20260701-071849-Marcos,2026-07-01 07:35:48.011000+00:00,control,48,9,3,3,16,0,0,2,1,2,10,2,1,10,7.769,0.057
ses_20260701-071849-Marcos,2026-07-01 07:33:05.035000+00:00,control,42,9,2,3,16,1,1,1,0,0,8,1,2,9,3.338,0.052
ses_20260701-071849-Marcos,2026-07-01 07:40:04.811000+00:00,control,62,8,2,2,15,0,0,1,0,2,20,1,2,13,3.766,0.046
ses_20260701-071849-Marcos,2026-07-01 07:22:17.901000+00:00,control,57,9,2,2,16,0,0,2,1,2,14,2,1,13,2.775,0.054
ses_20260701-071849-Marcos,2026-07-01 07:38:06.490000+00:00,control,63,9,2,2,16,0,0,2,1,3,18,2,1,13,3.811,0.051000000000000004
ses_20260701-071849-Marcos,2026-07-01 07:23:12.163000+00:00,control,2,2,1,1,1,0,0,0,0,0,0,0,0,1,0.041,0.041
ses_20260701-071849-Marcos,2026-07-01 07:29:41.101000+00:00,control,46,10,2,2,16,1,0,2,1,2,8,2,1,9,2.617,0.05
ses_20260701-071849-Marcos,2026-07-01 07:22:15.060000+00:00,control,59,9,2,2,16,0,0,2,1,2,15,2,1,14,3.662,0.054
ses_20260701-071849-Marcos,2026-07-01 07:24:26.735000+00:00,control,8,5,2,2,2,0,0,0,0,1,2,0,0,2,0.815,0.063
ses_20260701-071849-Marcos,2026-07-01 07:29:19.875000+00:00,control,7,4,2,2,2,0,0,0,0,0,2,0,0,2,0.771,0.08499999999999999
ses_20260701-071849-Marcos,2026-07-01 07:34:52.812000+00:00,control,29,6,1,2,9,0,0,1,0,0,8,1,0,7,3.058,0.0395
ses_20260701-071849-Marcos,2026-07-01 07:38:06.325000+00:00,control,63,9,2,2,16,0,0,2,1,3,18,2,1,13,3.811,0.051000000000000004
ses_20260701-071849-Marcos,2026-07-01 07:24:10.807000+00:00,control,16,3,1,1,0,0,0,0,0,0,10,0,0,5,3.791,0.081
ses_20260701-071849-Marcos,2026-07-01 07:34:28.980000+00:00,control,50,9,3,3,18,0,0,2,1,2,10,2,1,10,7.43,0.053
ses_20260701-071849-Marcos,2026-07-01 07:22:17.361000+00:00,control,57,9,2,2,16,0,0,2,1,2,14,2,1,13,2.775,0.054
ses_20260701-071849-Marcos,2026-07-01 07:27:15.150000+00:00,control,36,6,2,3,14,0,0,1,0,0,10,1,0,9,4.198,0.058
ses_20260701-071849-Marcos,2026-07-01 07:34:54.122000+00:00,control,21,6,1,2,2,0,0,1,0,0,8,1,0,6,3.058,0.042
ses_20260701-071849-Marcos,2026-07-01 07:31:12.708000+00:00,control,17,4,1,1,0,0,0,0,0,0,8,0,2,4,1.112,0.1405
ses_20260701-071849-Marcos,2026-07-01 07:20:25.874000+00:00,control,23,7,1,1,0,0,0,2,1,0,8,2,1,6,2.828,0.032
ses_20260701-071849-Marcos,2026-07-01 07:34:17.741000+00:00,control,24,7,2,2,2,0,0,1,0,0,8,1,3,6,7.43,0.126
ses_20260701-071849-Marcos,2026-07-01 07:21:22.287000+00:00,control,58,9,3,3,17,0,0,2,1,0,14,2,2,13,6.669,0.057
ses_20260701-071849-Marcos,2026-07-01 07:33:22.411000+00:00,control,46,9,3,3,17,0,0,2,1,2,8,2,1,9,2.075,0.054
ses_20260701-071849-Marcos,2026-07-01 07:33:06.588000+00:00,control,40,8,2,3,16,1,0,1,0,0,8,1,2,8,3.338,0.052
ses_20260701-071849-Marcos,2026-07-01 07:27:36.580000+00:00,control,7,4,2,2,2,0,0,0,0,0,2,0,0,2,1.077,0.09
ses_20260701-071849-Marcos,2026-07-01 07:33:20.845000+00:00,control,46,9,3,3,17,0,0,2,1,2,8,2,1,9,2.075,0.054
ses_20260701-071849-Marcos,2026-07-01 07:22:14.837000+00:00,control,60,9,2,2,16,0,0,2,1,2,16,2,1,14,3.662,0.054
ses_20260701-071849-Marcos,2026-07-01 07:33:06.590000+00:00,control,40,8,2,3,16,1,0,1,0,0,8,1,2,8,3.338,0.052
ses_20260701-071849-Marcos,2026-07-01 07:27:17.217000+00:00,control,20,6,2,2,1,0,0,1,0,0,10,1,0,6,4.198,0.095
ses_20260701-071849-Marcos,2026-07-01 07:20:25.910000+00:00,control,23,7,1,1,0,0,0,2,1,0,8,2,1,6,2.828,0.032
ses_20260701-071849-Marcos,2026-07-01 07:30:43.974000+00:00,control,72,9,2,2,16,0,0,2,1,4,22,2,1,15,3.362,0.038
ses_20260701-071849-Marcos,2026-07-01 07:22:17.728000+00:00,control,57,9,2,2,16,0,0,2,1,2,14,2,1,13,2.775,0.054
ses_20260701-071849-Marcos,2026-07-01 07:31:08.760000+00:00,control,34,7,2,3,12,0,0,1,0,0,8,1,2,7,6.287,0.06
ses_20260701-071849-Marcos,2026-07-01 07:24:08.882000+00:00,control,19,3,1,1,0,0,0,0,0,0,12,0,0,6,3.791,0.101
ses_20260701-071849-Marcos,2026-07-01 07:24:00.726000+00:00,control,19,4,1,2,2,0,0,0,0,0,10,0,0,6,3.791,0.106
ses_20260701-071849-Marcos,2026-07-01 07:21:10.567000+00:00,control,29,10,2,3,2,1,1,1,0,0,8,1,3,8,4.03,0.1135
ses_20260701-071849-Marcos,2026-07-01 07:30:02.719000+00:00,control,38,8,1,2,14,0,1,1,0,0,8,1,0,9,3.249,0.05
ses_20260701-071849-Marcos,2026-07-01 07:35:37.276000+00:00,control,24,7,2,3,3,0,0,1,0,0,8,1,2,6,7.769,0.106
ses_20260701-071849-Marcos,2026-07-01 07:24:02.793000+00:00,control,26,5,1,2,2,0,0,0,0,0,14,0,0,8,3.791,0.121
ses_20260701-071849-Marcos,2026-07-01 07:35:37.131000+00:00,control,24,7,2,3,3,0,0,1,0,0,8,1,2,6,7.769,0.106
ses_20260701-072319-MSI,2026-07-01 07:36:49.179000+00:00,control,21,7,1,1,1,0,0,1,0,0,8,1,1,6,3.18,0.06
ses_20260701-072319-MSI,2026-07-01 07:43:36.734000+00:00,control,66,8,1,2,16,0,0,2,0,3,20,2,1,14,3.386,0.054
ses_20260701-072319-MSI,2026-07-01 07:23:32.644000+00:00,control,36,7,4,7,12,2,2,0,0,0,6,0,0,6,7.883,0.059
ses_20260701-072319-MSI,2026-07-01 07:27:09.540000+00:00,control,37,7,1,2,14,0,1,1,0,0,8,1,0,9,3.043,0.0535
ses_20260701-072319-MSI,2026-07-01 07:23:33.049000+00:00,control,33,7,4,7,12,2,2,0,0,0,4,0,0,5,7.883,0.057999999999999996
ses_20260701-072319-MSI,2026-07-01 07:32:10.498000+00:00,control,56,11,3,3,17,1,0,2,1,3,10,2,2,12,2.011,0.051
ses_20260701-072319-MSI,2026-07-01 07:32:02.626000+00:00,control,73,10,2,2,16,0,0,2,1,4,22,2,1,15,2.761,0.048
ses_20260701-072319-MSI,2026-07-01 07:29:18.196000+00:00,control,17,4,1,1,1,0,0,0,0,0,8,0,0,5,3.14,0.047
ses_20260701-072319-MSI,2026-07-01 07:41:45.479000+00:00,control,55,9,2,2,14,0,0,2,1,3,14,2,1,12,2.727,0.0545
ses_20260701-072319-MSI,2026-07-01 07:43:11.301000+00:00,control,54,9,1,1,1,0,0,2,1,4,22,2,1,12,4.467,0.044
ses_20260701-072319-MSI,2026-07-01 07:41:39.738000+00:00,control,62,8,2,3,15,0,0,1,0,3,20,1,1,13,4.011,0.051
ses_20260701-072319-MSI,2026-07-01 07:35:59.502000+00:00,control,45,10,2,2,14,1,0,2,1,3,8,2,1,9,2.099,0.0505
ses_20260701-072319-MSI,2026-07-01 07:28:16.775000+00:00,control,66,8,2,2,16,0,0,1,0,3,20,1,2,15,4.577,0.053
ses_20260701-072319-MSI,2026-07-01 07:34:32.489000+00:00,control,38,7,2,2,15,0,1,1,0,0,8,1,0,9,3.032,0.055
ses_20260701-072319-MSI,2026-07-01 07:32:08.202000+00:00,control,62,11,3,3,17,1,0,2,1,3,14,2,2,13,2.215,0.051
ses_20260701-072319-MSI,2026-07-01 07:34:37.867000+00:00,control,17,4,1,1,1,0,0,0,0,0,8,0,0,5,3.032,0.1055
ses_20260701-072319-MSI,2026-07-01 07:28:22.435000+00:00,control,56,9,2,2,15,0,0,2,1,3,14,2,1,12,3.111,0.056
ses_20260701-072319-MSI,2026-07-01 07:25:19.603000+00:00,control,35,6,1,2,13,0,0,1,0,0,8,1,0,9,2.556,0.038000000000000006
ses_20260701-072319-MSI,2026-07-01 07:32:08.240000+00:00,control,62,11,3,3,17,1,0,2,1,3,14,2,2,13,2.215,0.051
ses_20260701-072319-MSI,2026-07-01 07:35:19.442000+00:00,control,15,7,2,3,2,1,1,0,0,0,4,0,0,5,3.761,0.103
ses_20260701-072319-MSI,2026-07-01 07:44:08.865000+00:00,control,67,9,2,2,16,0,0,2,1,3,20,2,1,14,3.274,0.045
ses_20260701-072319-MSI,2026-07-01 07:43:40.223000+00:00,control,57,9,1,1,2,0,0,2,1,4,22,2,1,14,3.386,0.044
ses_20260701-072319-MSI,2026-07-01 07:36:51.400000+00:00,control,17,4,1,1,1,0,0,0,0,0,8,0,0,5,3.18,0.0865
ses_20260701-072319-MSI,2026-07-01 07:26:00.137000+00:00,control,46,9,1,1,1,0,0,3,1,2,16,3,2,12,3.972,0.048
ses_20260701-072319-MSI,2026-07-01 07:40:46.887000+00:00,control,43,9,2,2,14,0,0,2,1,3,8,2,1,8,2.727,0.054
ses_20260701-072319-MSI,2026-07-01 07:42:43.141000+00:00,control,52,10,2,2,15,0,2,2,1,3,10,2,1,12,4.086,0.056
ses_20260701-072319-MSI,2026-07-01 07:41:44.168000+00:00,control,69,9,2,2,14,0,0,2,1,4,22,2,1,14,4.011,0.053
ses_20260701-072319-MSI,2026-07-01 07:23:33.003000+00:00,control,33,7,4,7,12,2,2,0,0,0,4,0,0,5,7.883,0.057999999999999996
ses_20260701-072319-MSI,2026-07-01 07:44:03.459000+00:00,control,65,8,2,2,16,0,0,1,0,3,20,1,2,14,3.274,0.048
ses_20260701-072319-MSI,2026-07-01 07:41:11.068000+00:00,control,55,8,1,2,3,0,0,2,0,4,22,2,1,12,3.787,0.042499999999999996
ses_20260701-072319-MSI,2026-07-01 07:42:38.793000+00:00,control,66,10,2,2,16,0,1,2,1,4,18,2,1,14,3.606,0.049
ses_20260701-072319-MSI,2026-07-01 07:32:08.363000+00:00,control,62,11,3,3,17,1,0,2,1,3,14,2,2,13,2.215,0.051
ses_20260701-072319-MSI,2026-07-01 07:29:17.304000+00:00,control,21,7,1,1,1,0,0,1,0,0,8,1,1,6,3.14,0.047
ses_20260701-072319-MSI,2026-07-01 07:34:32.610000+00:00,control,38,7,2,2,15,0,1,1,0,0,8,1,0,9,3.032,0.055
ses_20260701-072319-MSI,2026-07-01 07:36:00.943000+00:00,control,45,10,2,2,14,1,0,2,1,3,8,2,1,9,2.099,0.0505
ses_20260701-072319-MSI,2026-07-01 07:23:32.161000+00:00,control,38,7,4,7,12,2,2,0,0,0,8,0,0,6,7.883,0.065
ses_20260701-072319-MSI,2026-07-01 07:43:13.498000+00:00,control,42,9,1,1,2,0,0,2,1,3,14,2,1,11,3.307,0.057
ses_20260701-072319-MSI,2026-07-01 07:35:03.769000+00:00,control,97,11,1,2,0,2,2,4,3,1,66,4,0,10,3.772,0.035
ses_20260701-072319-MSI,2026-07-01 07:32:08.299000+00:00,control,62,11,3,3,17,1,0,2,1,3,14,2,2,13,2.215,0.051
ses_20260701-072319-MSI,2026-07-01 07:42:38.539000+00:00,control,66,10,2,2,16,0,1,2,1,4,18,2,1,14,3.606,0.049
ses_20260701-072319-MSI,2026-07-01 07:35:15.577000+00:00,control,49,11,2,3,2,1,1,1,2,0,30,1,0,8,3.772,0.0415
ses_20260701-072319-MSI,2026-07-01 07:30:56.034000+00:00,control,46,9,2,2,16,0,0,2,1,3,8,2,1,9,2.036,0.054
ses_20260701-072319-MSI,2026-07-01 07:44:12.403000+00:00,control,63,10,2,2,18,0,2,2,1,3,14,2,1,14,2.822,0.049
ses_20260701-072319-MSI,2026-07-01 07:44:12.574000+00:00,control,63,10,2,2,18,0,2,2,1,3,14,2,1,14,2.822,0.049
ses_20260701-072319-MSI,2026-07-01 07:27:12.245000+00:00,control,29,6,1,2,9,0,0,1,0,0,8,1,0,7,3.043,0.0535
ses_20260701-072319-MSI,2026-07-01 07:41:15.333000+00:00,control,56,9,1,1,2,0,0,2,1,4,22,2,1,13,3.787,0.048
ses_20260701-072319-MSI,2026-07-01 07:35:03.948000+00:00,control,97,11,1,2,0,2,2,4,3,1,66,4,0,10,3.772,0.035
ses_20260701-072319-MSI,2026-07-01 07:26:42.269000+00:00,control,56,7,1,2,12,0,0,1,0,3,20,1,0,11,3.753,0.055
ses_20260701-072319-MSI,2026-07-01 07:41:39.263000+00:00,control,69,8,2,3,21,0,0,1,0,3,20,1,1,14,4.011,0.052
ses_20260701-072319-MSI,2026-07-01 07:41:45.225000+00:00,control,57,9,2,2,14,0,0,2,1,3,16,2,1,12,4.011,0.0545
ses_20260701-072319-MSI,2026-07-01 07:40:47.314000+00:00,control,43,9,2,2,14,0,0,2,1,3,8,2,1,8,2.727,0.054
ses_20260701-072319-MSI,2026-07-01 07:42:09.041000+00:00,control,49,8,1,1,2,0,0,1,0,3,20,1,2,12,4.567,0.041999999999999996
ses_20260701-072319-MSI,2026-07-01 07:23:33.049000+00:00,control,33,7,4,7,12,2,2,0,0,0,4,0,0,5,7.883,0.057999999999999996
ses_20260701-072319-MSI,2026-07-01 07:35:06.746000+00:00,control,95,11,1,2,1,2,2,3,3,0,66,3,0,10,3.772,0.035
ses_20260701-072319-MSI,2026-07-01 07:39:30.752000+00:00,control,79,9,2,3,27,0,0,3,1,4,18,3,1,15,3.132,0.053
ses_20260701-072319-MSI,2026-07-01 07:24:57.451000+00:00,control,27,9,1,1,1,0,0,2,1,2,8,2,1,6,2.992,0.047
ses_20260701-072319-MSI,2026-07-01 07:44:06.282000+00:00,control,73,9,2,2,17,0,0,2,1,4,22,2,1,15,3.274,0.045
ses_20260701-072319-MSI,2026-07-01 07:35:06.653000+00:00,control,95,11,1,2,1,2,2,3,3,0,66,3,0,10,3.772,0.035
ses_20260701-072319-MSI,2026-07-01 07:35:04.211000+00:00,control,97,11,1,2,0,2,2,4,3,1,66,4,0,10,3.772,0.035
ses_20260701-072319-MSI,2026-07-01 07:32:10.026000+00:00,control,59,11,3,3,17,1,0,2,1,3,12,2,2,12,2.215,0.051
ses_20260701-072435-CHAITANYA0BCF,2026-07-01 07:46:15.273000+00:00,control,45,9,2,2,15,0,0,2,1,3,8,2,1,9,1.957,0.055
ses_20260701-072435-CHAITANYA0BCF,2026-07-01 07:26:30.972000+00:00,control,73,11,2,3,18,1,0,2,1,4,22,2,1,14,4.629,0.042
ses_20260701-072435-CHAITANYA0BCF,2026-07-01 07:36:14.446000+00:00,control,35,6,2,3,15,0,1,1,0,0,8,1,0,9,4.608,0.0535
ses_20260701-072435-CHAITANYA0BCF,2026-07-01 07:46:51.725000+00:00,control,50,9,3,3,16,0,0,2,1,3,12,2,1,9,5.468,0.051
ses_20260701-072435-CHAITANYA0BCF,2026-07-01 07:27:56.010000+00:00,control,45,8,2,4,16,0,0,1,0,0,12,1,2,10,6.101,0.0535
ses_20260701-072435-CHAITANYA0BCF,2026-07-01 07:35:04.794000+00:00,control,55,10,2,2,16,0,2,2,1,3,12,2,1,12,5.848,0.049
ses_20260701-072435-CHAITANYA0BCF,2026-07-01 07:31:56.755000+00:00,control,54,9,2,2,15,0,0,2,1,3,14,2,1,11,1.955,0.053
ses_20260701-072435-CHAITANYA0BCF,2026-07-01 07:44:30.055000+00:00,control,25,11,1,3,3,1,0,2,1,2,4,2,1,6,3.723,0.051500000000000004
ses_20260701-072435-CHAITANYA0BCF,2026-07-01 07:43:39.142000+00:00,control,29,7,3,3,3,0,0,1,0,0,12,1,2,8,5.483,0.0765
ses_20260701-072435-CHAITANYA0BCF,2026-07-01 07:42:39.373000+00:00,control,43,8,2,2,15,0,0,2,1,3,8,2,0,8,1.912,0.0565
ses_20260701-072435-CHAITANYA0BCF,2026-07-01 07:29:39.469000+00:00,control,48,9,1,2,5,0,0,3,1,2,16,3,1,11,4.243,0.037
ses_20260701-072435-CHAITANYA0BCF,2026-07-01 07:46:40.470000+00:00,control,24,5,1,1,1,0,0,0,0,0,12,0,2,7,5.468,0.116
ses_20260701-072435-CHAITANYA0BCF,2026-07-01 07:41:00.452000+00:00,control,57,9,2,2,15,0,0,2,1,3,16,2,1,11,2.675,0.0495
ses_20260701-072435-CHAITANYA0BCF,2026-07-01 07:44:30.717000+00:00,control,21,11,1,3,3,1,0,2,1,1,2,2,1,6,3.723,0.051500000000000004
ses_20260701-072435-CHAITANYA0BCF,2026-07-01 07:46:15.764000+00:00,control,45,9,2,2,15,0,0,2,1,3,8,2,1,9,1.957,0.055
ses_20260701-072435-CHAITANYA0BCF,2026-07-01 07:35:02.713000+00:00,control,65,10,2,2,16,0,1,2,1,4,18,2,1,13,2.917,0.046
ses_20260701-072435-CHAITANYA0BCF,2026-07-01 07:30:33.914000+00:00,control,59,9,1,1,2,0,0,2,1,4,26,2,1,12,3.983,0.0505
ses_20260701-072435-CHAITANYA0BCF,2026-07-01 07:27:13.964000+00:00,control,7,5,1,1,1,0,0,0,0,1,2,0,0,2,1.301,0.09699999999999999
ses_20260701-072435-CHAITANYA0BCF,2026-07-01 07:35:53.153000+00:00,control,45,9,1,2,3,0,0,3,1,2,16,3,1,10,4.82,0.031
ses_20260701-072435-CHAITANYA0BCF,2026-07-01 07:40:51.061000+00:00,control,66,8,2,2,16,0,0,1,0,3,24,1,1,12,4.73,0.049
ses_20260701-072435-CHAITANYA0BCF,2026-07-01 07:35:03+00:00,control,65,10,2,2,16,0,1,2,1,4,18,2,1,13,2.917,0.046
ses_20260701-072435-CHAITANYA0BCF,2026-07-01 07:47:42.933000+00:00,control,65,9,2,2,17,0,0,2,1,4,18,2,1,13,3.594,0.0475
ses_20260701-072435-CHAITANYA0BCF,2026-07-01 07:43:03.261000+00:00,control,34,7,2,3,14,0,0,1,0,0,8,1,1,7,5.082,0.053
ses_20260701-072435-CHAITANYA0BCF,2026-07-01 07:31:11.200000+00:00,control,32,8,1,1,1,0,0,1,0,1,14,1,1,8,4.688,0.046
ses_20260701-072435-CHAITANYA0BCF,2026-07-01 07:47:46.476000+00:00,control,63,10,2,2,17,0,2,2,1,3,16,2,1,13,3.594,0.0505
ses_20260701-072435-CHAITANYA0BCF,2026-07-01 07:46:49.896000+00:00,control,53,9,3,3,16,0,0,2,1,3,14,2,1,10,5.468,0.0515
ses_20260701-072435-CHAITANYA0BCF,2026-07-01 07:43:49.865000+00:00,control,63,9,3,3,19,0,0,2,1,3,16,2,2,14,4.781,0.053
ses_20260701-072435-CHAITANYA0BCF,2026-07-01 07:38:54.132000+00:00,control,19,3,1,1,0,0,0,0,0,0,12,0,0,6,4.52,0.10550000000000001
ses_20260701-072435-CHAITANYA0BCF,2026-07-01 07:44:14.900000+00:00,control,55,8,1,2,3,0,0,2,0,4,22,2,1,12,4.607,0.054
ses_20260701-072435-CHAITANYA0BCF,2026-07-01 07:39:10.466000+00:00,control,8,5,1,1,2,0,0,0,0,1,2,0,0,2,0.776,0.086
ses_20260701-072435-CHAITANYA0BCF,2026-07-01 07:42:39.444000+00:00,control,43,8,2,2,15,0,0,2,1,3,8,2,0,8,1.912,0.0565
ses_20260701-072435-CHAITANYA0BCF,2026-07-01 07:31:11.410000+00:00,control,32,8,1,1,1,0,0,1,0,1,14,1,1,8,4.688,0.046
ses_20260701-072435-CHAITANYA0BCF,2026-07-01 07:47:42.757000+00:00,control,65,9,2,2,17,0,0,2,1,4,18,2,1,13,3.594,0.0475
ses_20260701-072435-CHAITANYA0BCF,2026-07-01 07:30:33.981000+00:00,control,59,9,1,1,2,0,0,2,1,4,26,2,1,12,3.983,0.0505
ses_20260701-072435-CHAITANYA0BCF,2026-07-01 07:27:53.828000+00:00,control,42,9,2,4,16,0,1,1,0,0,8,1,2,10,3.212,0.06
ses_20260701-072435-CHAITANYA0BCF,2026-07-01 07:44:22.921000+00:00,control,46,11,1,3,4,1,0,2,1,3,14,2,1,11,3.723,0.053
ses_20260701-072435-CHAITANYA0BCF,2026-07-01 07:46:44.396000+00:00,control,38,6,2,2,2,0,0,0,0,2,18,0,2,9,5.468,0.073
ses_20260701-072435-CHAITANYA0BCF,2026-07-01 07:38:47.196000+00:00,control,41,5,2,3,15,0,0,1,0,0,14,1,0,10,4.52,0.0545
ses_20260701-072435-CHAITANYA0BCF,2026-07-01 07:27:00.251000+00:00,control,16,3,1,1,0,0,0,0,0,0,10,0,0,5,4.47,0.06
ses_20260701-072435-CHAITANYA0BCF,2026-07-01 07:34:10.215000+00:00,control,67,9,2,2,16,0,0,2,1,4,20,2,1,13,4.512,0.044
ses_20260701-072435-CHAITANYA0BCF,2026-07-01 07:31:46.214000+00:00,control,63,8,2,3,16,0,0,1,0,3,20,1,1,13,4.071,0.0535
ses_20260701-072435-CHAITANYA0BCF,2026-07-01 07:27:13.945000+00:00,control,7,5,1,1,1,0,0,0,0,1,2,0,0,2,1.301,0.09699999999999999
ses_20260701-072435-CHAITANYA0BCF,2026-07-01 07:46:51.975000+00:00,control,50,9,3,3,16,0,0,2,1,3,12,2,1,9,5.468,0.051
ses_20260701-072435-CHAITANYA0BCF,2026-07-01 07:31:46.213000+00:00,control,63,8,2,3,16,0,0,1,0,3,20,1,1,13,4.071,0.0535
ses_20260701-072435-CHAITANYA0BCF,2026-07-01 07:27:12.469000+00:00,control,7,5,1,1,1,0,0,0,0,1,2,0,0,2,1.301,0.09699999999999999
ses_20260701-072435-CHAITANYA0BCF,2026-07-01 07:34:59.825000+00:00,control,71,10,2,3,18,0,1,3,1,4,18,3,1,15,2.917,0.047
ses_20260701-072435-CHAITANYA0BCF,2026-07-01 07:34:59.089000+00:00,control,74,10,2,3,20,0,1,3,1,4,18,3,1,16,2.917,0.047
ses_20260701-072435-CHAITANYA0BCF,2026-07-01 07:39:57.276000+00:00,control,48,9,1,1,1,0,0,2,1,3,20,2,1,10,3.084,0.036
ses_20260701-072435-CHAITANYA0BCF,2026-07-01 07:37:14.678000+00:00,control,57,9,1,2,16,0,1,1,0,3,16,1,1,12,3.763,0.0495
ses_20260701-072435-CHAITANYA0BCF,2026-07-01 07:47:42.994000+00:00,control,65,9,2,2,17,0,0,2,1,4,18,2,1,13,3.594,0.0475
ses_20260701-072435-CHAITANYA0BCF,2026-07-01 07:40:51.025000+00:00,control,67,8,2,2,16,0,0,1,0,3,24,1,2,12,4.73,0.0495
ses_20260701-072435-CHAITANYA0BCF,2026-07-01 07:39:09.352000+00:00,control,8,5,1,1,2,0,0,0,0,1,2,0,0,2,0.776,0.086
ses_20260701-072435-CHAITANYA0BCF,2026-07-01 07:31:59.130000+00:00,control,50,9,2,2,15,0,0,2,1,3,12,2,1,10,1.955,0.053
ses_20260701-072435-CHAITANYA0BCF,2026-07-01 07:46:15.508000+00:00,control,45,9,2,2,15,0,0,2,1,3,8,2,1,9,1.957,0.055
ses_20260701-072435-CHAITANYA0BCF,2026-07-01 07:43:04.169000+00:00,control,29,7,2,3,10,0,0,1,0,0,8,1,1,6,5.082,0.0535
ses_20260701-072435-CHAITANYA0BCF,2026-07-01 07:31:17.212000+00:00,control,56,8,1,1,2,0,0,2,0,4,22,2,2,13,4.688,0.056
ses_20260701-072435-CHAITANYA0BCF,2026-07-01 07:34:06.060000+00:00,control,68,8,2,3,18,0,0,2,0,3,20,2,1,14,4.512,0.05
ses_20260701-072435-CHAITANYA0BCF,2026-07-01 07:48:02.424000+00:00,control,23,6,5,4,5,0,3,0,0,0,4,2,0,6,6.802,0.0755
ses_20260701-072435-CHAITANYA0BCF,2026-07-01 07:46:50.488000+00:00,control,51,9,3,3,16,0,0,2,1,3,12,2,1,10,5.468,0.0515
ses_20260701-072435-CHAITANYA0BCF,2026-07-01 07:27:14.172000+00:00,control,7,5,1,1,1,0,0,0,0,1,2,0,0,2,1.301,0.09699999999999999
ses_20260701-072435-CHAITANYA0BCF,2026-07-01 07:43:36.702000+00:00,control,24,6,2,2,0,0,0,1,0,0,12,1,2,6,5.483,0.059
ses_20260701-074424-SIDDHIGUPTAB00B,2026-07-01 07:51:59.702000+00:00,control,101,10,1,2,12,0,2,2,1,0,64,2,1,13,4.387,0.0415
ses_20260701-074424-SIDDHIGUPTAB00B,2026-07-01 07:51:55.778000+00:00,control,108,12,1,2,11,0,1,4,2,1,66,4,1,14,2.169,0.042
ses_20260701-074424-SIDDHIGUPTAB00B,2026-07-01 07:49:30.887000+00:00,control,46,10,2,2,14,0,1,2,1,3,8,2,1,10,2.136,0.059
ses_20260701-074424-SIDDHIGUPTAB00B,2026-07-01 08:07:59.575000+00:00,control,54,7,4,3,4,0,2,0,0,0,4,1,34,6,5.048,0.016
ses_20260701-074424-SIDDHIGUPTAB00B,2026-07-01 07:52:50.440000+00:00,control,50,9,2,2,4,0,0,2,1,4,18,2,1,11,3.667,0.037
ses_20260701-074424-SIDDHIGUPTAB00B,2026-07-01 07:54:58.129000+00:00,control,50,9,1,1,1,0,0,2,1,4,22,2,1,10,3.778,0.049
ses_20260701-074424-SIDDHIGUPTAB00B,2026-07-01 07:54:02.671000+00:00,control,61,8,2,2,14,0,0,1,0,3,20,1,2,12,4.458,0.046
ses_20260701-074424-SIDDHIGUPTAB00B,2026-07-01 08:07:15.600000+00:00,control,8,5,1,1,2,0,0,0,0,1,2,0,0,2,1.08,0.053
ses_20260701-074424-SIDDHIGUPTAB00B,2026-07-01 07:54:58.896000+00:00,control,50,9,1,1,1,0,0,2,1,4,22,2,1,10,3.778,0.049
ses_20260701-074424-SIDDHIGUPTAB00B,2026-07-01 07:53:17.181000+00:00,control,48,9,1,1,2,0,0,2,1,4,18,2,1,11,4.074,0.058
ses_20260701-074424-SIDDHIGUPTAB00B,2026-07-01 07:52:00.161000+00:00,control,101,10,1,2,12,0,2,2,1,0,64,2,1,13,4.387,0.0415
ses_20260701-074424-SIDDHIGUPTAB00B,2026-07-01 07:50:36.625000+00:00,control,23,5,1,3,4,0,0,0,0,0,8,0,0,8,4.358,0.2745
ses_20260701-074424-SIDDHIGUPTAB00B,2026-07-01 07:56:45.307000+00:00,control,63,9,2,2,16,0,0,2,1,4,18,2,1,12,3.704,0.0515
ses_20260701-074424-SIDDHIGUPTAB00B,2026-07-01 08:05:50.312000+00:00,control,44,6,1,1,2,0,0,0,0,3,20,0,1,10,4.554,0.032
ses_20260701-074424-SIDDHIGUPTAB00B,2026-07-01 07:56:45.307000+00:00,control,63,9,2,2,16,0,0,2,1,4,18,2,1,12,3.704,0.0515
ses_20260701-074424-SIDDHIGUPTAB00B,2026-07-01 08:07:59.526000+00:00,control,54,7,4,3,4,0,2,0,0,0,4,1,34,6,5.048,0.016
ses_20260701-074424-SIDDHIGUPTAB00B,2026-07-01 07:57:15.446000+00:00,control,25,8,1,1,0,0,0,2,1,1,8,2,1,7,3.006,0.047
ses_20260701-074424-SIDDHIGUPTAB00B,2026-07-01 07:51:51.924000+00:00,control,118,12,1,2,11,0,1,4,2,3,70,4,2,15,3.322,0.042
ses_20260701-074424-SIDDHIGUPTAB00B,2026-07-01 08:07:59.737000+00:00,control,54,7,4,3,4,0,2,0,0,0,4,1,34,6,5.048,0.016
ses_20260701-074424-SIDDHIGUPTAB00B,2026-07-01 07:47:24.479000+00:00,control,57,10,2,2,15,0,0,2,1,3,14,2,1,12,2.948,0.0535
ses_20260701-074424-SIDDHIGUPTAB00B,2026-07-01 08:06:51.841000+00:00,control,21,4,2,2,1,0,0,0,0,0,12,0,0,7,4.236,0.1455
ses_20260701-074424-SIDDHIGUPTAB00B,2026-07-01 07:54:54.348000+00:00,control,45,8,1,1,1,0,0,2,0,4,18,2,2,9,3.778,0.06
ses_20260701-074424-SIDDHIGUPTAB00B,2026-07-01 07:47:24.330000+00:00,control,57,10,2,2,15,0,0,2,1,3,14,2,1,12,2.948,0.0535
ses_20260701-074424-SIDDHIGUPTAB00B,2026-07-01 07:54:56.627000+00:00,control,50,9,1,1,1,0,0,2,1,4,22,2,1,10,3.778,0.049
ses_20260701-074424-SIDDHIGUPTAB00B,2026-07-01 08:02:17.369000+00:00,control,48,9,1,1,3,0,0,2,1,4,18,2,1,10,3.9,0.045
ses_20260701-074424-SIDDHIGUPTAB00B,2026-07-01 07:50:07.915000+00:00,control,53,9,2,2,12,0,0,2,1,3,14,2,1,12,2.866,0.0485
ses_20260701-074424-SIDDHIGUPTAB00B,2026-07-01 07:59:54.361000+00:00,control,34,7,1,2,13,0,1,1,0,0,8,1,0,8,3.193,0.025
ses_20260701-074424-SIDDHIGUPTAB00B,2026-07-01 07:51:56.298000+00:00,control,108,12,1,2,11,0,1,4,2,1,66,4,1,14,2.169,0.042
ses_20260701-074424-SIDDHIGUPTAB00B,2026-07-01 07:51:58.259000+00:00,control,103,10,1,2,11,0,2,3,2,0,64,3,1,13,4.387,0.04
ses_20260701-074424-SIDDHIGUPTAB00B,2026-07-01 07:48:50.630000+00:00,control,15,3,1,1,0,0,0,0,0,0,10,0,0,4,3.448,0.10500000000000001
ses_20260701-074424-SIDDHIGUPTAB00B,2026-07-01 07:47:24.383000+00:00,control,57,10,2,2,15,0,0,2,1,3,14,2,1,12,2.948,0.0535
ses_20260701-074424-SIDDHIGUPTAB00B,2026-07-01 07:51:59.496000+00:00,control,101,10,1,2,12,0,2,2,1,0,64,2,1,13,4.387,0.0415
ses_20260701-074424-SIDDHIGUPTAB00B,2026-07-01 08:05:06.246000+00:00,control,22,8,2,2,0,0,1,1,0,0,8,1,2,6,6.019,0.127
ses_20260701-074424-SIDDHIGUPTAB00B,2026-07-01 07:51:56.346000+00:00,control,108,12,1,2,11,0,1,4,2,1,66,4,1,14,2.169,0.042
ses_20260701-074424-SIDDHIGUPTAB00B,2026-07-01 07:51:56.582000+00:00,control,106,12,1,2,11,0,1,3,2,1,66,3,1,14,2.169,0.041
ses_20260701-074424-SIDDHIGUPTAB00B,2026-07-01 07:55:25.147000+00:00,control,51,6,2,2,8,0,0,0,0,3,20,0,1,11,4.579,0.0465
ses_20260701-074424-SIDDHIGUPTAB00B,2026-07-01 08:02:17.465000+00:00,control,49,9,1,1,3,0,0,2,1,4,18,2,1,11,3.9,0.0455
ses_20260701-074424-SIDDHIGUPTAB00B,2026-07-01 08:06:24.473000+00:00,control,54,9,2,2,14,0,0,2,1,3,14,2,1,11,2.648,0.052
ses_20260701-074424-SIDDHIGUPTAB00B,2026-07-01 07:54:56.070000+00:00,control,45,9,1,1,1,0,0,2,1,4,18,2,1,9,3.778,0.054
ses_20260701-074424-SIDDHIGUPTAB00B,2026-07-01 07:50:06.746000+00:00,control,64,9,2,2,12,0,0,2,1,4,20,2,1,14,3.337,0.045
ses_20260701-074424-SIDDHIGUPTAB00B,2026-07-01 08:05:50.310000+00:00,control,44,6,1,1,2,0,0,0,0,3,20,0,1,10,4.554,0.032
ses_20260701-074424-SIDDHIGUPTAB00B,2026-07-01 07:55:25.146000+00:00,control,50,6,2,2,7,0,0,0,0,3,20,0,1,11,4.579,0.045
ses_20260701-074424-SIDDHIGUPTAB00B,2026-07-01 07:52:00.552000+00:00,control,101,10,1,2,12,0,2,2,1,0,64,2,1,13,4.387,0.0415
ses_20260701-074424-SIDDHIGUPTAB00B,2026-07-01 07:55:25.206000+00:00,control,51,6,2,2,8,0,0,0,0,3,20,0,1,11,4.579,0.0465
ses_20260701-074424-SIDDHIGUPTAB00B,2026-07-01 07:46:27.242000+00:00,control,41,9,1,1,1,0,0,2,1,2,16,2,1,10,3.714,0.0345
ses_20260701-074424-SIDDHIGUPTAB00B,2026-07-01 07:52:00.597000+00:00,control,101,10,1,2,12,0,2,2,1,0,64,2,1,13,4.387,0.0415
ses_20260701-074424-SIDDHIGUPTAB00B,2026-07-01 08:02:59.779000+00:00,control,43,10,2,2,13,1,0,2,1,3,8,2,1,8,2.78,0.045
ses_20260701-074424-SIDDHIGUPTAB00B,2026-07-01 07:54:57.887000+00:00,control,50,9,1,1,1,0,0,2,1,4,22,2,1,10,3.778,0.049
ses_20260701-074424-SIDDHIGUPTAB00B,2026-07-01 07:51:55.881000+00:00,control,108,12,1,2,11,0,1,4,2,1,66,4,1,14,2.169,0.042
ses_20260701-074424-SIDDHIGUPTAB00B,2026-07-01 08:03:45.383000+00:00,control,7,5,1,1,1,0,0,0,0,1,2,0,0,2,0.794,0.10200000000000001
ses_20260701-074424-SIDDHIGUPTAB00B,2026-07-01 08:07:53.283000+00:00,control,22,8,2,2,3,0,3,1,1,0,4,1,0,6,3.583,0.144
ses_20260701-074424-SIDDHIGUPTAB00B,2026-07-01 07:47:17.641000+00:00,control,54,9,2,3,6,0,0,1,0,3,20,1,1,13,4.367,0.057
ses_20260701-074424-SIDDHIGUPTAB00B,2026-07-01 07:47:24.100000+00:00,control,57,10,2,2,15,0,0,2,1,3,14,2,1,12,2.948,0.0535
ses_20260701-074424-SIDDHIGUPTAB00B,2026-07-01 08:05:10.558000+00:00,control,15,4,1,1,0,0,0,0,0,0,8,0,1,4,1.743,0.133
ses_20260701-074424-SIDDHIGUPTAB00B,2026-07-01 08:03:45.058000+00:00,control,7,5,1,1,1,0,0,0,0,1,2,0,0,2,0.794,0.10200000000000001
ses_20260701-074424-SIDDHIGUPTAB00B,2026-07-01 07:54:05.483000+00:00,control,66,8,2,2,15,0,0,1,0,4,22,1,1,13,4.458,0.048
ses_20260701-074424-SIDDHIGUPTAB00B,2026-07-01 07:52:50.118000+00:00,control,50,9,2,2,4,0,0,2,1,4,18,2,1,11,3.667,0.037
ses_20260701-074424-SIDDHIGUPTAB00B,2026-07-01 07:57:12.518000+00:00,control,41,9,1,1,1,0,0,2,1,2,16,2,1,10,3.828,0.0455
ses_20260701-075548-CHAITANYA0BCF,2026-07-01 08:10:07.879000+00:00,control,49,11,2,2,18,0,3,2,1,2,4,2,1,11,3.182,0.0545
ses_20260701-075548-CHAITANYA0BCF,2026-07-01 08:09:57.940000+00:00,control,64,9,2,2,17,0,0,2,1,3,18,2,2,13,2.497,0.052
ses_20260701-075548-CHAITANYA0BCF,2026-07-01 07:59:57.475000+00:00,control,51,10,3,3,17,0,0,2,1,3,10,2,1,10,7.005,0.056
ses_20260701-075548-CHAITANYA0BCF,2026-07-01 07:57:41.802000+00:00,control,75,11,2,4,18,1,0,3,1,4,22,3,1,14,2.973,0.0495
ses_20260701-075548-CHAITANYA0BCF,2026-07-01 07:59:57.058000+00:00,control,54,10,3,3,17,0,0,2,1,3,12,2,1,11,7.005,0.057
ses_20260701-075548-CHAITANYA0BCF,2026-07-01 08:09:26.539000+00:00,control,28,9,1,1,1,0,0,2,1,3,8,2,1,6,3.172,0.053
ses_20260701-075548-CHAITANYA0BCF,2026-07-01 08:05:06.002000+00:00,control,19,6,2,2,0,0,0,1,0,0,8,1,2,5,5.869,0.0965
ses_20260701-075548-CHAITANYA0BCF,2026-07-01 07:57:42.330000+00:00,control,75,11,2,4,18,1,0,3,1,4,22,3,1,14,2.973,0.0495
ses_20260701-075548-CHAITANYA0BCF,2026-07-01 07:59:48.362000+00:00,control,38,7,2,2,5,0,0,0,0,2,14,0,2,9,7.005,0.081
ses_20260701-075548-CHAITANYA0BCF,2026-07-01 07:58:31.909000+00:00,control,52,9,1,1,2,0,0,3,1,4,18,3,2,12,4.044,0.051
ses_20260701-075548-CHAITANYA0BCF,2026-07-01 08:01:38.789000+00:00,control,44,9,2,2,15,0,0,2,1,3,8,2,1,8,1.794,0.051
ses_20260701-075548-CHAITANYA0BCF,2026-07-01 08:09:52.555000+00:00,control,71,8,2,3,17,0,0,1,0,3,24,1,2,15,3.287,0.0485
ses_20260701-075548-CHAITANYA0BCF,2026-07-01 08:03:14.292000+00:00,control,48,9,2,2,17,0,0,2,1,3,8,2,1,10,3.304,0.054
ses_20260701-075548-CHAITANYA0BCF,2026-07-01 08:03:13.943000+00:00,control,48,9,2,2,17,0,0,2,1,3,8,2,1,10,3.304,0.054
ses_20260701-075548-CHAITANYA0BCF,2026-07-01 08:03:19.330000+00:00,control,38,9,2,2,16,0,0,2,1,2,4,2,1,8,3.304,0.053
ses_20260701-075548-CHAITANYA0BCF,2026-07-01 08:07:48.796000+00:00,control,54,9,1,1,1,0,0,2,1,4,22,2,1,12,4.721,0.045
ses_20260701-075548-CHAITANYA0BCF,2026-07-01 07:57:42.330000+00:00,control,75,11,2,4,18,1,0,3,1,4,22,3,1,14,2.973,0.0495
ses_20260701-075548-CHAITANYA0BCF,2026-07-01 08:09:26.423000+00:00,control,28,9,1,1,1,0,0,2,1,3,8,2,1,6,3.172,0.053
ses_20260701-075548-CHAITANYA0BCF,2026-07-01 07:59:57.397000+00:00,control,51,10,3,3,17,0,0,2,1,3,10,2,1,10,7.005,0.056
ses_20260701-075548-CHAITANYA0BCF,2026-07-01 08:05:18.690000+00:00,control,47,9,2,2,17,0,0,2,1,2,8,2,1,10,1.728,0.0595
ses_20260701-075548-CHAITANYA0BCF,2026-07-01 08:03:14.362000+00:00,control,48,9,2,2,17,0,0,2,1,3,8,2,1,10,3.304,0.054
ses_20260701-075548-CHAITANYA0BCF,2026-07-01 08:03:14.363000+00:00,control,48,9,2,2,17,0,0,2,1,3,8,2,1,10,3.304,0.054
ses_20260701-075548-CHAITANYA0BCF,2026-07-01 08:05:17.945000+00:00,control,47,9,2,2,17,0,0,2,1,2,8,2,1,10,1.728,0.0595
ses_20260701-075548-CHAITANYA0BCF,2026-07-01 08:10:14.192000+00:00,control,27,8,5,4,5,0,3,1,1,0,4,3,0,7,3.182,0.06
ses_20260701-075548-CHAITANYA0BCF,2026-07-01 07:58:56.461000+00:00,control,45,9,1,2,2,0,0,3,1,2,16,3,1,11,3.997,0.051500000000000004
ses_20260701-075548-CHAITANYA0BCF,2026-07-01 08:07:48.893000+00:00,control,51,9,1,1,1,0,0,2,1,4,20,2,1,12,4.721,0.051000000000000004
ses_20260701-075548-CHAITANYA0BCF,2026-07-01 07:59:56.979000+00:00,control,54,10,3,3,17,0,0,2,1,3,12,2,1,11,7.005,0.057
ses_20260701-075548-CHAITANYA0BCF,2026-07-01 08:06:41.517000+00:00,control,58,8,1,2,6,0,0,2,0,4,22,2,1,12,3.626,0.047
ses_20260701-075548-CHAITANYA0BCF,2026-07-01 08:03:52.581000+00:00,control,6,3,2,2,3,0,0,0,0,0,0,0,1,2,0.53,0.152
ses_20260701-075548-CHAITANYA0BCF,2026-07-01 08:03:09.385000+00:00,control,48,9,2,2,17,0,0,2,1,3,8,2,1,10,3.304,0.054
ses_20260701-075548-CHAITANYA0BCF,2026-07-01 08:09:54.519000+00:00,control,76,8,2,2,17,0,0,1,0,4,26,1,2,16,3.287,0.048
ses_20260701-075548-CHAITANYA0BCF,2026-07-01 08:02:54.959000+00:00,control,20,7,1,1,1,0,0,1,0,0,8,1,1,6,2.836,0.07
ses_20260701-075548-CHAITANYA0BCF,2026-07-01 08:02:02.878000+00:00,control,64,8,1,2,15,0,0,2,0,3,20,2,1,13,3.253,0.049
ses_20260701-075548-CHAITANYA0BCF,2026-07-01 07:59:46.180000+00:00,control,27,8,2,2,4,0,0,1,0,0,8,1,3,7,7.005,0.1105
ses_20260701-075548-CHAITANYA0BCF,2026-07-01 07:57:41.697000+00:00,control,76,11,2,4,18,1,0,3,1,4,22,3,1,15,2.973,0.05
ses_20260701-075548-CHAITANYA0BCF,2026-07-01 08:10:03.802000+00:00,control,57,10,2,2,18,0,2,2,1,3,10,2,2,12,2.871,0.053
ses_20260701-075548-CHAITANYA0BCF,2026-07-01 08:00:26.058000+00:00,control,37,9,1,1,1,0,0,2,1,3,14,2,1,7,2.848,0.0385
ses_20260701-075548-CHAITANYA0BCF,2026-07-01 08:06:15.973000+00:00,control,46,10,2,2,16,1,0,2,1,3,8,2,1,8,2.243,0.049
ses_20260701-075548-CHAITANYA0BCF,2026-07-01 08:06:16.469000+00:00,control,46,10,2,2,16,1,0,2,1,3,8,2,1,8,2.243,0.049
ses_20260701-075548-CHAITANYA0BCF,2026-07-01 08:03:51.498000+00:00,control,6,3,2,2,3,0,0,0,0,0,0,0,1,2,0.53,0.152
ses_20260701-075548-CHAITANYA0BCF,2026-07-01 08:07:45.508000+00:00,control,44,6,1,1,2,0,0,0,0,3,20,0,1,10,4.721,0.049
ses_20260701-075548-CHAITANYA0BCF,2026-07-01 07:59:47.160000+00:00,control,30,6,3,3,5,0,0,0,0,0,10,0,3,8,7.005,0.104
ses_20260701-075548-CHAITANYA0BCF,2026-07-01 08:02:07.995000+00:00,control,50,9,1,1,1,0,0,2,1,4,20,2,1,11,3.253,0.048
ses_20260701-075604-LAPTOP-0IM1OHQH,2026-07-01 08:04:01.430000+00:00,control,91,10,1,2,1,1,2,3,3,0,64,3,0,10,3.933,0.038
ses_20260701-075604-LAPTOP-0IM1OHQH,2026-07-01 08:07:53.360000+00:00,control,60,8,2,2,11,0,0,1,0,1,22,1,2,13,4.019,0.097
ses_20260701-075604-LAPTOP-0IM1OHQH,2026-07-01 08:03:49.412000+00:00,control,45,12,2,3,10,1,1,2,1,1,10,2,1,10,3.334,0.08549999999999999
ses_20260701-075604-LAPTOP-0IM1OHQH,2026-07-01 08:13:49.630000+00:00,control,59,8,2,2,14,0,0,1,0,1,20,1,2,12,4.168,0.0535
ses_20260701-075604-LAPTOP-0IM1OHQH,2026-07-01 08:04:03.717000+00:00,control,91,11,1,2,1,1,2,2,2,0,66,2,0,10,3.933,0.038
ses_20260701-075604-LAPTOP-0IM1OHQH,2026-07-01 08:09:09.617000+00:00,control,58,9,2,2,10,0,0,3,1,1,18,3,3,12,3.67,0.076
ses_20260701-075604-LAPTOP-0IM1OHQH,2026-07-01 08:03:44.983000+00:00,control,48,9,2,2,10,0,0,2,1,1,14,2,1,11,3.475,0.082
ses_20260701-075604-LAPTOP-0IM1OHQH,2026-07-01 08:01:12.954000+00:00,control,54,7,2,3,11,0,0,1,0,1,20,1,0,12,3.863,0.06
ses_20260701-075604-LAPTOP-0IM1OHQH,2026-07-01 08:01:57.373000+00:00,control,27,9,1,1,1,0,0,2,1,2,8,2,1,6,3.089,0.0445
ses_20260701-075604-LAPTOP-0IM1OHQH,2026-07-01 07:58:39.264000+00:00,control,40,10,2,2,10,1,0,2,1,3,8,2,1,8,1.856,0.078
ses_20260701-075604-LAPTOP-0IM1OHQH,2026-07-01 08:07:55.544000+00:00,control,58,9,2,2,10,0,0,2,1,1,20,2,2,12,4.019,0.078
ses_20260701-075604-LAPTOP-0IM1OHQH,2026-07-01 08:02:52.746000+00:00,control,21,6,1,2,2,0,0,1,0,0,8,1,0,6,3.023,0.094
ses_20260701-075604-LAPTOP-0IM1OHQH,2026-07-01 08:07:53.298000+00:00,control,60,8,2,2,11,0,0,1,0,1,22,1,2,13,4.019,0.097
ses_20260701-075604-LAPTOP-0IM1OHQH,2026-07-01 07:59:23.387000+00:00,control,24,7,1,3,2,1,0,0,0,0,8,0,2,7,1.028,0.269
ses_20260701-075604-LAPTOP-0IM1OHQH,2026-07-01 08:04:11.987000+00:00,control,49,10,2,3,2,0,1,1,2,0,30,1,0,9,3.098,0.046
ses_20260701-075604-LAPTOP-0IM1OHQH,2026-07-01 08:14:32.332000+00:00,control,38,10,1,1,3,0,3,2,1,1,10,2,1,10,3.109,0.035
ses_20260701-075604-LAPTOP-0IM1OHQH,2026-07-01 08:05:25.676000+00:00,control,45,9,1,1,2,0,0,2,1,2,18,2,1,10,3.269,0.068
ses_20260701-075604-LAPTOP-0IM1OHQH,2026-07-01 07:58:37.381000+00:00,control,40,10,2,2,10,1,0,2,1,3,8,2,1,8,1.856,0.078
ses_20260701-075604-LAPTOP-0IM1OHQH,2026-07-01 08:12:00.366000+00:00,control,52,9,2,2,10,0,0,2,1,2,16,2,1,12,4.353,0.071
ses_20260701-075604-LAPTOP-0IM1OHQH,2026-07-01 08:11:57.940000+00:00,control,64,9,2,2,11,0,0,2,1,2,22,2,1,14,4.353,0.067
ses_20260701-075604-LAPTOP-0IM1OHQH,2026-07-01 08:04:03.858000+00:00,control,91,11,1,2,1,1,2,2,2,0,66,2,0,10,3.933,0.038
ses_20260701-075604-LAPTOP-0IM1OHQH,2026-07-01 08:04:04.289000+00:00,control,91,11,1,2,1,1,2,2,2,0,66,2,0,10,3.933,0.038
ses_20260701-075604-LAPTOP-0IM1OHQH,2026-07-01 08:02:26.685000+00:00,control,63,9,2,2,15,0,0,2,1,1,20,2,1,13,2.9,0.051000000000000004
ses_20260701-075604-LAPTOP-0IM1OHQH,2026-07-01 08:14:21.320000+00:00,control,53,8,1,2,3,0,0,2,0,2,22,2,1,12,3.793,0.025500000000000002
ses_20260701-075604-LAPTOP-0IM1OHQH,2026-07-01 08:02:52.927000+00:00,control,21,6,1,2,2,0,0,1,0,0,8,1,0,6,3.023,0.094
ses_20260701-075604-LAPTOP-0IM1OHQH,2026-07-01 08:05:30.582000+00:00,control,31,9,1,1,1,0,0,2,1,2,10,2,1,8,3.269,0.07150000000000001
ses_20260701-075604-LAPTOP-0IM1OHQH,2026-07-01 08:09:50.823000+00:00,control,43,9,2,2,12,0,0,2,1,3,8,2,1,10,1.539,0.069
ses_20260701-075604-LAPTOP-0IM1OHQH,2026-07-01 08:03:50.746000+00:00,control,45,12,2,3,10,1,1,2,1,1,10,2,1,10,3.334,0.08549999999999999
ses_20260701-075604-LAPTOP-0IM1OHQH,2026-07-01 08:01:12.369000+00:00,control,56,7,2,3,13,0,0,1,0,1,20,1,0,12,3.863,0.069
ses_20260701-075604-LAPTOP-0IM1OHQH,2026-07-01 08:03:44.983000+00:00,control,48,9,2,2,10,0,0,2,1,1,14,2,1,11,3.475,0.082
ses_20260701-075604-LAPTOP-0IM1OHQH,2026-07-01 08:02:17.928000+00:00,control,63,8,2,3,16,0,1,1,0,1,20,1,0,15,2.9,0.072
ses_20260701-075604-LAPTOP-0IM1OHQH,2026-07-01 08:03:56.946000+00:00,control,106,12,2,3,9,1,1,4,3,0,66,4,1,13,3.933,0.046
ses_20260701-075604-LAPTOP-0IM1OHQH,2026-07-01 08:09:11.470000+00:00,control,56,9,2,2,10,0,0,2,1,1,18,2,3,12,3.67,0.076
ses_20260701-075604-LAPTOP-0IM1OHQH,2026-07-01 07:57:26.952000+00:00,control,65,11,2,4,12,1,0,3,1,1,22,3,1,13,3.996,0.08049999999999999
ses_20260701-075604-LAPTOP-0IM1OHQH,2026-07-01 08:05:29.717000+00:00,control,39,9,1,1,1,0,0,2,1,2,16,2,1,8,3.269,0.0625
ses_20260701-075604-LAPTOP-0IM1OHQH,2026-07-01 08:12:00.591000+00:00,control,52,9,2,2,10,0,0,2,1,2,16,2,1,12,4.353,0.071
ses_20260701-075604-LAPTOP-0IM1OHQH,2026-07-01 08:12:49.654000+00:00,control,48,7,2,3,4,0,0,1,0,2,20,1,0,12,3.975,0.045
ses_20260701-075604-LAPTOP-0IM1OHQH,2026-07-01 08:05:32.766000+00:00,control,29,9,1,1,1,0,0,2,1,1,10,2,1,7,2.756,0.0625
ses_20260701-075604-LAPTOP-0IM1OHQH,2026-07-01 08:08:19.693000+00:00,control,37,7,2,3,14,0,0,1,0,0,8,1,2,8,4.996,0.053
ses_20260701-075604-LAPTOP-0IM1OHQH,2026-07-01 08:12:00.426000+00:00,control,52,9,2,2,10,0,0,2,1,2,16,2,1,12,4.353,0.071
ses_20260701-075604-LAPTOP-0IM1OHQH,2026-07-01 08:01:15.664000+00:00,control,59,8,2,2,10,0,0,1,0,2,22,1,1,13,3.863,0.0755
ses_20260701-075604-LAPTOP-0IM1OHQH,2026-07-01 07:59:23.374000+00:00,control,24,7,1,3,2,1,0,0,0,0,8,0,2,7,1.028,0.269
ses_20260701-075604-LAPTOP-0IM1OHQH,2026-07-01 07:58:38.853000+00:00,control,40,10,2,2,10,1,0,2,1,3,8,2,1,8,1.856,0.078
ses_20260701-075604-LAPTOP-0IM1OHQH,2026-07-01 08:04:04.572000+00:00,control,91,11,1,2,1,1,2,2,2,0,66,2,0,10,3.933,0.038
ses_20260701-075604-LAPTOP-0IM1OHQH,2026-07-01 08:07:00.249000+00:00,control,45,8,1,1,2,0,0,1,0,2,20,1,2,9,3.665,0.0695
ses_20260701-075604-LAPTOP-0IM1OHQH,2026-07-01 08:08:46.479000+00:00,control,29,9,1,1,2,0,0,2,1,1,8,2,1,8,2.607,0.0635
ses_20260701-075604-LAPTOP-0IM1OHQH,2026-07-01 08:10:29.377000+00:00,control,39,9,2,2,10,0,0,2,1,1,8,2,1,10,2.398,0.119
ses_20260701-075604-LAPTOP-0IM1OHQH,2026-07-01 08:07:05.594000+00:00,control,50,10,2,2,3,1,0,2,1,2,20,2,1,10,3.665,0.071
ses_20260701-075604-LAPTOP-0IM1OHQH,2026-07-01 08:07:05.594000+00:00,control,50,10,2,2,3,1,0,2,1,2,20,2,1,10,3.665,0.071
ses_20260701-075604-LAPTOP-0IM1OHQH,2026-07-01 08:12:50.362000+00:00,control,45,6,2,2,3,0,0,1,0,2,20,0,0,11,3.975,0.0325
ses_20260701-075604-LAPTOP-0IM1OHQH,2026-07-01 08:01:13.015000+00:00,control,53,7,2,3,10,0,0,1,0,1,20,1,0,12,3.863,0.058499999999999996
ses_20260701-075604-LAPTOP-0IM1OHQH,2026-07-01 08:04:11.401000+00:00,control,70,10,2,3,2,0,1,1,2,0,50,1,0,10,3.098,0.045
ses_20260701-075604-LAPTOP-0IM1OHQH,2026-07-01 08:14:23.264000+00:00,control,53,9,1,1,2,0,0,2,1,2,22,2,1,12,3.793,0.023
ses_20260701-075604-LAPTOP-0IM1OHQH,2026-07-01 08:07:55.431000+00:00,control,58,9,2,2,10,0,0,2,1,1,20,2,2,12,4.019,0.078
ses_20260701-075604-LAPTOP-0IM1OHQH,2026-07-01 08:08:19.686000+00:00,control,37,7,2,3,14,0,0,1,0,0,8,1,2,8,4.996,0.053
ses_20260701-075604-LAPTOP-0IM1OHQH,2026-07-01 08:14:45.199000+00:00,control,8,4,1,1,1,0,2,0,0,0,0,0,0,2,3.747,0.204
ses_20260701-075604-LAPTOP-0IM1OHQH,2026-07-01 08:09:51.303000+00:00,control,43,9,2,2,12,0,0,2,1,3,8,2,1,10,1.539,0.069
ses_20260701-075604-LAPTOP-0IM1OHQH,2026-07-01 08:05:24.200000+00:00,control,49,9,1,2,3,0,0,3,1,2,18,3,1,11,3.269,0.068
ses_20260701-081120-SIDDHIGUPTAB00B,2026-07-01 08:15:43.422000+00:00,control,46,8,2,2,14,0,0,2,1,3,10,2,0,10,8.231,0.049
ses_20260701-081120-SIDDHIGUPTAB00B,2026-07-01 08:53:10.379000+00:00,control,49,9,1,1,1,0,0,2,1,4,20,2,1,10,3.521,0.049
ses_20260701-081120-SIDDHIGUPTAB00B,2026-07-01 08:55:18.722000+00:00,control,50,9,2,2,16,0,0,2,1,3,10,2,1,10,4.533,0.052
ses_20260701-081120-SIDDHIGUPTAB00B,2026-07-01 08:53:51.973000+00:00,control,47,10,3,3,12,2,0,2,1,3,8,2,2,11,2.331,0.0545
ses_20260701-081120-SIDDHIGUPTAB00B,2026-07-01 08:17:11.415000+00:00,control,6,3,1,1,0,1,0,0,0,0,0,0,1,4,4.008,0.862
ses_20260701-081120-SIDDHIGUPTAB00B,2026-07-01 08:15:43.449000+00:00,control,45,8,2,2,14,0,0,2,1,3,10,2,0,9,8.231,0.048
ses_20260701-081120-SIDDHIGUPTAB00B,2026-07-01 08:48:50.511000+00:00,control,56,8,1,1,2,0,0,2,0,4,22,2,2,13,4.681,0.054
ses_20260701-081120-SIDDHIGUPTAB00B,2026-07-01 08:51:26.133000+00:00,control,63,9,2,2,12,0,0,2,1,4,20,2,1,13,3.03,0.0515
ses_20260701-081120-SIDDHIGUPTAB00B,2026-07-01 08:13:26.521000+00:00,control,27,8,2,3,5,1,0,1,0,0,8,1,2,7,2.531,0.11649999999999999
ses_20260701-081120-SIDDHIGUPTAB00B,2026-07-01 08:15:43.220000+00:00,control,48,8,2,2,14,0,0,2,1,3,12,2,0,10,8.231,0.049
ses_20260701-081120-SIDDHIGUPTAB00B,2026-07-01 08:51:51.259000+00:00,control,37,9,1,2,2,0,0,3,1,2,12,3,1,9,2.771,0.055
ses_20260701-081120-SIDDHIGUPTAB00B,2026-07-01 08:15:48.493000+00:00,control,46,10,3,3,14,1,0,2,1,3,8,2,1,10,2.705,0.055
ses_20260701-081120-SIDDHIGUPTAB00B,2026-07-01 08:36:57.295000+00:00,control,40,9,1,1,2,0,0,2,1,3,14,2,1,9,3.346,0.047
ses_20260701-081120-SIDDHIGUPTAB00B,2026-07-01 08:15:54.389000+00:00,control,31,10,3,3,13,1,0,2,1,1,2,2,1,7,2.24,0.055
ses_20260701-081120-SIDDHIGUPTAB00B,2026-07-01 08:15:52.594000+00:00,control,45,10,3,3,13,1,0,2,1,3,8,2,1,10,2.705,0.052000000000000005
ses_20260701-081120-SIDDHIGUPTAB00B,2026-07-01 08:37:28.731000+00:00,control,19,9,2,2,2,0,0,2,1,1,4,2,1,5,2.335,0.1065
ses_20260701-081120-SIDDHIGUPTAB00B,2026-07-01 08:57:19.824000+00:00,control,43,8,1,1,2,0,0,2,0,1,20,2,1,9,4.903,0.0235
ses_20260701-081120-SIDDHIGUPTAB00B,2026-07-01 08:35:17.029000+00:00,control,32,6,2,2,2,0,0,0,0,2,14,0,0,8,6.782,0.065
ses_20260701-081120-SIDDHIGUPTAB00B,2026-07-01 08:39:04.555000+00:00,control,20,7,1,1,1,0,0,1,0,0,8,1,1,6,2.81,0.05
ses_20260701-081120-SIDDHIGUPTAB00B,2026-07-01 08:51:51.604000+00:00,control,37,9,1,2,2,0,0,3,1,2,12,3,1,9,2.771,0.055
ses_20260701-081120-SIDDHIGUPTAB00B,2026-07-01 08:36:50.869000+00:00,control,47,8,1,1,3,0,0,1,0,3,20,1,1,10,4.463,0.041
ses_20260701-081120-SIDDHIGUPTAB00B,2026-07-01 08:14:15.846000+00:00,control,49,9,2,2,15,0,0,2,1,3,10,2,1,11,8.13,0.0515
ses_20260701-081120-SIDDHIGUPTAB00B,2026-07-01 08:35:27.765000+00:00,control,50,9,2,5,19,1,0,2,1,3,8,2,0,10,4.805,0.053
ses_20260701-081120-SIDDHIGUPTAB00B,2026-07-01 08:34:42.241000+00:00,control,56,9,1,1,2,0,0,2,1,4,22,2,1,13,3.975,0.044
ses_20260701-081120-SIDDHIGUPTAB00B,2026-07-01 08:55:18.498000+00:00,control,50,9,2,2,16,0,0,2,1,3,10,2,1,10,4.533,0.052
ses_20260701-081120-SIDDHIGUPTAB00B,2026-07-01 08:35:37.796000+00:00,control,30,12,2,5,9,1,1,2,1,1,2,2,0,7,4.805,0.063
ses_20260701-081120-SIDDHIGUPTAB00B,2026-07-01 08:15:43.220000+00:00,control,48,8,2,2,14,0,0,2,1,3,12,2,0,10,8.231,0.049
ses_20260701-081120-SIDDHIGUPTAB00B,2026-07-01 08:55:15.571000+00:00,control,56,9,2,2,16,0,0,2,1,3,14,2,1,11,4.533,0.052
ses_20260701-081120-SIDDHIGUPTAB00B,2026-07-01 08:36:57.293000+00:00,control,40,9,1,1,2,0,0,2,1,3,14,2,1,9,3.346,0.047
ses_20260701-081120-SIDDHIGUPTAB00B,2026-07-01 08:55:09.539000+00:00,control,60,6,2,2,16,0,0,0,0,3,20,0,1,12,4.533,0.049
ses_20260701-081120-SIDDHIGUPTAB00B,2026-07-01 08:52:39.398000+00:00,control,55,9,1,1,1,0,0,2,1,4,22,2,1,13,4.335,0.048
ses_20260701-081120-SIDDHIGUPTAB00B,2026-07-01 08:14:41.561000+00:00,control,58,8,1,2,6,0,0,2,0,4,22,2,1,12,4.46,0.041
ses_20260701-081120-SIDDHIGUPTAB00B,2026-07-01 08:55:18.771000+00:00,control,50,9,2,2,16,0,0,2,1,3,10,2,1,10,4.533,0.052
ses_20260701-081120-SIDDHIGUPTAB00B,2026-07-01 08:16:13.575000+00:00,control,4,2,1,1,2,0,0,0,0,0,0,0,0,2,2.287,0.114
ses_20260701-081120-SIDDHIGUPTAB00B,2026-07-01 08:53:52.707000+00:00,control,47,10,3,3,12,2,0,2,1,3,8,2,2,11,2.331,0.0545
ses_20260701-081120-SIDDHIGUPTAB00B,2026-07-01 08:53:50.869000+00:00,control,47,10,3,3,12,2,0,2,1,3,8,2,2,11,2.331,0.0545
ses_20260701-081120-SIDDHIGUPTAB00B,2026-07-01 08:15:48.764000+00:00,control,46,10,3,3,14,1,0,2,1,3,8,2,1,10,2.705,0.055
ses_20260701-081120-SIDDHIGUPTAB00B,2026-07-01 08:16:42.790000+00:00,control,5,2,1,1,0,0,0,0,0,0,4,0,0,1,3.757,0.078
ses_20260701-081120-SIDDHIGUPTAB00B,2026-07-01 08:55:23.269000+00:00,control,46,9,2,2,16,0,0,2,1,3,8,2,1,9,1.873,0.052
ses_20260701-081120-SIDDHIGUPTAB00B,2026-07-01 08:55:15.571000+00:00,control,56,9,2,2,16,0,0,2,1,3,14,2,1,11,4.533,0.052
ses_20260701-081120-SIDDHIGUPTAB00B,2026-07-01 08:57:24.884000+00:00,control,55,8,1,1,2,0,0,2,0,4,22,2,2,12,4.076,0.025
ses_20260701-081120-SIDDHIGUPTAB00B,2026-07-01 08:54:00.778000+00:00,control,26,10,3,3,8,1,0,2,1,1,2,2,1,7,2.055,0.056
ses_20260701-081120-SIDDHIGUPTAB00B,2026-07-01 08:38:17.330000+00:00,control,34,9,1,1,1,0,0,2,1,2,12,2,1,9,3.169,0.046
ses_20260701-081120-SIDDHIGUPTAB00B,2026-07-01 08:53:47.550000+00:00,control,43,10,2,2,12,1,0,2,1,3,8,2,1,9,2.331,0.0535
ses_20260701-081120-SIDDHIGUPTAB00B,2026-07-01 08:13:22.539000+00:00,control,52,9,2,3,25,1,1,1,0,0,8,1,2,11,2.531,0.054
ses_20260701-081120-SIDDHIGUPTAB00B,2026-07-01 08:13:01.006000+00:00,control,46,10,2,3,16,1,0,2,1,3,8,2,0,8,1.713,0.052
ses_20260701-081120-SIDDHIGUPTAB00B,2026-07-01 08:14:15.957000+00:00,control,48,9,2,2,15,0,0,2,1,3,10,2,1,10,8.13,0.051
ses_20260701-081120-SIDDHIGUPTAB00B,2026-07-01 08:13:22.879000+00:00,control,46,9,2,3,19,1,1,1,0,0,8,1,2,11,2.531,0.056
ses_20260701-081120-SIDDHIGUPTAB00B,2026-07-01 08:53:50.593000+00:00,control,46,10,3,3,12,2,0,2,1,3,8,2,2,10,2.331,0.054
ses_20260701-081120-SIDDHIGUPTAB00B,2026-07-01 08:35:29.978000+00:00,control,55,12,2,5,19,1,1,2,1,3,8,2,0,11,4.805,0.0545
ses_20260701-081120-SIDDHIGUPTAB00B,2026-07-01 08:55:20.933000+00:00,control,46,9,2,2,16,0,0,2,1,3,8,2,1,9,1.873,0.052
ses_20260701-081120-SIDDHIGUPTAB00B,2026-07-01 08:34:45.446000+00:00,control,41,10,1,1,1,0,1,2,1,3,14,2,1,10,3.022,0.056
ses_20260701-081120-SIDDHIGUPTAB00B,2026-07-01 08:53:48.035000+00:00,control,44,10,3,3,12,2,0,2,1,3,8,2,1,9,2.331,0.054
ses_20260701-081120-SIDDHIGUPTAB00B,2026-07-01 08:47:57.582000+00:00,control,29,7,1,1,1,0,0,0,0,1,14,1,1,6,6.124,0.059
ses_20260701-081120-SIDDHIGUPTAB00B,2026-07-01 08:55:14.684000+00:00,control,56,9,2,2,16,0,0,2,1,3,14,2,1,11,4.533,0.052
ses_20260701-081120-SIDDHIGUPTAB00B,2026-07-01 08:55:18.671000+00:00,control,50,9,2,2,16,0,0,2,1,3,10,2,1,10,4.533,0.052
ses_20260701-081732-CHAITANYA0BCF,2026-07-01 08:19:54.931000+00:00,control,25,8,2,3,2,0,0,1,0,0,8,1,3,7,2.921,0.11649999999999999
ses_20260701-081732-CHAITANYA0BCF,2026-07-01 08:33:07.460000+00:00,control,47,10,2,2,16,1,0,2,1,3,8,2,1,9,1.996,0.0525
ses_20260701-081732-CHAITANYA0BCF,2026-07-01 08:35:27.214000+00:00,control,69,8,2,2,16,0,0,1,0,4,22,1,1,15,3.205,0.0505
ses_20260701-081732-CHAITANYA0BCF,2026-07-01 08:30:59.361000+00:00,control,15,4,2,2,1,0,0,0,0,0,8,0,0,5,3.622,0.10850000000000001
ses_20260701-081732-CHAITANYA0BCF,2026-07-01 08:31:17.448000+00:00,control,8,5,1,1,2,0,0,0,0,1,2,0,0,2,0.869,0.094
ses_20260701-081732-CHAITANYA0BCF,2026-07-01 08:32:52.099000+00:00,control,8,5,2,2,2,0,0,0,0,1,2,0,0,2,0.794,0.096
ses_20260701-081732-CHAITANYA0BCF,2026-07-01 08:28:11.638000+00:00,control,8,5,2,2,2,0,0,0,0,1,2,0,0,2,1.105,0.117
ses_20260701-081732-CHAITANYA0BCF,2026-07-01 08:31:49.352000+00:00,control,114,11,1,2,18,0,2,3,2,0,66,3,1,14,2.5,0.037
ses_20260701-081732-CHAITANYA0BCF,2026-07-01 08:31:16.425000+00:00,control,8,5,1,1,2,0,0,0,0,1,2,0,0,2,0.869,0.094
ses_20260701-081732-CHAITANYA0BCF,2026-07-01 08:31:58.394000+00:00,control,67,11,2,3,18,0,1,1,1,0,30,1,1,11,4.427,0.043
ses_20260701-081732-CHAITANYA0BCF,2026-07-01 08:21:12.448000+00:00,control,20,7,1,1,1,0,0,1,0,0,8,1,1,6,3.228,0.056
ses_20260701-081732-CHAITANYA0BCF,2026-07-01 08:20:50.062000+00:00,control,42,9,2,2,14,0,0,2,1,3,8,2,1,7,2.002,0.054
ses_20260701-081732-CHAITANYA0BCF,2026-07-01 08:25:42.780000+00:00,control,55,8,2,3,9,0,0,1,0,3,20,1,1,12,4.546,0.061
ses_20260701-081732-CHAITANYA0BCF,2026-07-01 08:31:51.298000+00:00,control,110,11,1,2,18,0,2,2,1,0,66,2,1,13,2.5,0.037
ses_20260701-081732-CHAITANYA0BCF,2026-07-01 08:31:50.772000+00:00,control,110,11,1,2,18,0,2,2,1,0,66,2,1,13,2.5,0.037
ses_20260701-081732-CHAITANYA0BCF,2026-07-01 08:32:52.893000+00:00,control,8,5,2,2,2,0,0,0,0,1,2,0,0,2,0.794,0.096
ses_20260701-081732-CHAITANYA0BCF,2026-07-01 08:32:26.970000+00:00,control,23,5,2,2,1,0,0,1,0,0,12,1,0,8,3.535,0.09
ses_20260701-081732-CHAITANYA0BCF,2026-07-01 08:26:18.890000+00:00,control,40,9,1,1,2,0,0,2,1,3,14,2,1,9,3.359,0.063
ses_20260701-081732-CHAITANYA0BCF,2026-07-01 08:31:38.294000+00:00,control,95,12,2,3,17,0,1,3,1,3,46,3,3,12,2.5,0.0415
ses_20260701-081732-CHAITANYA0BCF,2026-07-01 08:36:34.617000+00:00,control,15,4,2,2,5,0,3,0,0,0,0,0,0,4,3.584,0.11599999999999999
ses_20260701-081732-CHAITANYA0BCF,2026-07-01 08:23:37.104000+00:00,control,58,9,1,2,21,0,1,1,0,1,14,1,1,13,3.793,0.06
ses_20260701-081732-CHAITANYA0BCF,2026-07-01 08:31:33.642000+00:00,control,50,11,2,2,16,0,1,2,1,3,8,2,3,9,2.473,0.05
ses_20260701-081732-CHAITANYA0BCF,2026-07-01 08:31:33.994000+00:00,control,50,11,2,2,16,0,1,2,1,3,8,2,3,9,2.473,0.05
ses_20260701-081732-CHAITANYA0BCF,2026-07-01 08:31:40.309000+00:00,control,111,12,2,3,30,0,1,3,1,3,46,3,3,15,2.5,0.043
ses_20260701-081732-CHAITANYA0BCF,2026-07-01 08:31:49.010000+00:00,control,114,11,1,2,18,0,2,3,2,0,66,3,1,14,2.5,0.037
ses_20260701-081732-CHAITANYA0BCF,2026-07-01 08:22:50.208000+00:00,control,56,9,2,2,15,0,0,2,1,3,14,2,1,12,2.711,0.058
ses_20260701-081732-CHAITANYA0BCF,2026-07-01 08:31:47.437000+00:00,control,117,12,2,3,18,0,2,4,2,1,66,4,1,14,2.5,0.036000000000000004
ses_20260701-081732-CHAITANYA0BCF,2026-07-01 08:33:57.487000+00:00,control,46,9,1,1,1,0,0,3,1,2,16,3,2,12,4.127,0.038
ses_20260701-081732-CHAITANYA0BCF,2026-07-01 08:35:54.177000+00:00,control,53,9,1,1,2,0,0,3,1,4,18,3,2,13,4.513,0.0315
ses_20260701-081732-CHAITANYA0BCF,2026-07-01 08:22:15.617000+00:00,control,50,8,1,1,2,0,0,2,0,3,20,2,2,11,3.551,0.06
ses_20260701-081732-CHAITANYA0BCF,2026-07-01 08:27:56.125000+00:00,control,13,3,1,1,0,0,0,0,0,0,8,0,0,4,3.54,0.0665
ses_20260701-081732-CHAITANYA0BCF,2026-07-01 08:32:28.610000+00:00,control,26,5,2,2,1,0,0,1,0,0,14,0,0,9,3.535,0.092
ses_20260701-081732-CHAITANYA0BCF,2026-07-01 08:22:49.341000+00:00,control,67,9,2,2,15,0,0,2,1,4,20,2,1,14,3.462,0.0545
ses_20260701-081732-CHAITANYA0BCF,2026-07-01 08:29:20.362000+00:00,control,51,9,1,2,3,0,0,3,1,4,18,3,1,11,4.415,0.049
ses_20260701-081732-CHAITANYA0BCF,2026-07-01 08:31:57.365000+00:00,control,96,11,2,3,18,0,1,1,1,0,58,1,1,12,4.427,0.041
ses_20260701-081732-CHAITANYA0BCF,2026-07-01 08:28:12.958000+00:00,control,8,5,2,2,2,0,0,0,0,1,2,0,0,2,1.105,0.117
ses_20260701-081732-CHAITANYA0BCF,2026-07-01 08:23:16.280000+00:00,control,51,9,1,2,3,0,0,3,1,4,18,3,1,11,3.736,0.042499999999999996
ses_20260701-081732-CHAITANYA0BCF,2026-07-01 08:21:48.697000+00:00,control,62,6,2,2,17,0,0,0,0,3,20,0,1,13,4.171,0.05
ses_20260701-081732-CHAITANYA0BCF,2026-07-01 08:20:11.379000+00:00,control,49,9,2,2,18,0,0,2,1,3,8,2,1,10,2.16,0.062
ses_20260701-081732-CHAITANYA0BCF,2026-07-01 08:30:59.362000+00:00,control,15,4,2,2,1,0,0,0,0,0,8,0,0,5,3.622,0.10850000000000001
ses_20260701-081732-CHAITANYA0BCF,2026-07-01 08:31:47.742000+00:00,control,118,12,2,3,18,0,2,4,2,1,66,4,1,15,2.5,0.037
ses_20260701-081732-CHAITANYA0BCF,2026-07-01 08:31:50.802000+00:00,control,110,11,1,2,18,0,2,2,1,0,66,2,1,13,2.5,0.037
ses_20260701-081732-CHAITANYA0BCF,2026-07-01 08:28:12.958000+00:00,control,8,5,2,2,2,0,0,0,0,1,2,0,0,2,1.105,0.117
ses_20260701-081732-CHAITANYA0BCF,2026-07-01 08:25:43.213000+00:00,control,63,8,2,3,16,0,0,1,0,3,20,1,1,13,4.546,0.0565
ses_20260701-081732-CHAITANYA0BCF,2026-07-01 08:31:36.403000+00:00,control,52,11,2,2,17,0,1,2,1,3,8,2,3,10,2.473,0.05
ses_20260701-081732-CHAITANYA0BCF,2026-07-01 08:35:56.859000+00:00,control,55,9,2,2,5,0,0,2,1,4,18,2,2,14,4.513,0.05
ses_20260701-081732-CHAITANYA0BCF,2026-07-01 08:26:15.914000+00:00,control,53,9,1,1,1,0,0,2,1,4,22,2,1,11,3.781,0.055
ses_20260701-083656-LAPTOP-0IM1OHQH,2026-07-01 08:41:05.981000+00:00,control,96,11,1,2,1,1,2,4,3,0,66,4,0,10,3.365,0.038
ses_20260701-083656-LAPTOP-0IM1OHQH,2026-07-01 08:54:17.534000+00:00,control,44,10,1,1,1,0,2,2,1,1,16,2,1,12,3.576,0.055
ses_20260701-083656-LAPTOP-0IM1OHQH,2026-07-01 08:55:06.206000+00:00,control,48,6,1,2,17,0,0,1,0,0,14,1,0,10,3.957,0.056
ses_20260701-083656-LAPTOP-0IM1OHQH,2026-07-01 08:53:23.086000+00:00,control,48,8,1,2,3,0,0,3,1,0,18,3,1,12,3.709,0.053
ses_20260701-083656-LAPTOP-0IM1OHQH,2026-07-01 08:45:43.809000+00:00,control,4,3,2,2,1,1,0,0,0,0,0,0,0,2,1.885,0.606
ses_20260701-083656-LAPTOP-0IM1OHQH,2026-07-01 08:54:17.479000+00:00,control,44,10,1,1,1,0,2,2,1,1,16,2,1,12,3.576,0.055
ses_20260701-083656-LAPTOP-0IM1OHQH,2026-07-01 08:38:18.945000+00:00,control,50,9,2,3,4,0,0,1,0,2,20,1,1,12,3.918,0.033
ses_20260701-083656-LAPTOP-0IM1OHQH,2026-07-01 08:40:14.473000+00:00,control,47,9,2,2,10,0,0,2,1,1,14,2,1,10,2.649,0.079
ses_20260701-083656-LAPTOP-0IM1OHQH,2026-07-01 08:50:11.816000+00:00,control,55,8,1,2,4,0,0,2,0,2,22,2,1,13,3.823,0.0485
ses_20260701-083656-LAPTOP-0IM1OHQH,2026-07-01 08:54:41.202000+00:00,control,49,8,1,1,2,0,0,2,0,1,20,2,2,12,4.356,0.0485
ses_20260701-083656-LAPTOP-0IM1OHQH,2026-07-01 08:52:56.289000+00:00,control,42,8,1,1,1,0,0,3,1,0,16,3,2,10,4.041,0.035
ses_20260701-083656-LAPTOP-0IM1OHQH,2026-07-01 08:43:47.965000+00:00,control,52,8,1,2,8,0,0,1,0,1,20,1,1,12,3.904,0.082
ses_20260701-083656-LAPTOP-0IM1OHQH,2026-07-01 08:42:02.816000+00:00,control,55,9,2,2,13,0,0,2,1,1,16,2,1,13,3.759,0.08449999999999999
ses_20260701-083656-LAPTOP-0IM1OHQH,2026-07-01 08:56:03.320000+00:00,control,11,4,1,1,2,0,3,0,0,0,0,0,0,3,3.272,0.348
ses_20260701-083656-LAPTOP-0IM1OHQH,2026-07-01 08:48:39.705000+00:00,control,53,9,1,1,2,0,0,2,1,3,22,2,1,11,3.054,0.047
ses_20260701-083656-LAPTOP-0IM1OHQH,2026-07-01 08:39:09.299000+00:00,control,44,8,1,1,1,0,0,1,0,3,20,1,2,8,4.048,0.044
ses_20260701-083656-LAPTOP-0IM1OHQH,2026-07-01 08:39:09.301000+00:00,control,44,8,1,1,1,0,0,1,0,3,20,1,2,8,4.048,0.044
ses_20260701-083656-LAPTOP-0IM1OHQH,2026-07-01 08:44:24.106000+00:00,control,45,8,2,2,15,0,0,2,1,0,10,2,1,10,2.442,0.056999999999999995
ses_20260701-083656-LAPTOP-0IM1OHQH,2026-07-01 08:54:15.617000+00:00,control,42,10,1,1,1,0,1,2,1,1,16,2,1,11,2.996,0.052
ses_20260701-083656-LAPTOP-0IM1OHQH,2026-07-01 08:53:23.790000+00:00,control,47,8,1,1,3,0,0,3,1,0,18,2,1,12,3.709,0.0475
ses_20260701-083656-LAPTOP-0IM1OHQH,2026-07-01 08:44:25.458000+00:00,control,45,8,2,2,15,0,0,2,1,0,10,2,1,10,2.442,0.056999999999999995
ses_20260701-083656-LAPTOP-0IM1OHQH,2026-07-01 08:55:17.115000+00:00,control,49,9,2,2,11,0,0,2,1,1,14,2,1,11,2.947,0.055
ses_20260701-083656-LAPTOP-0IM1OHQH,2026-07-01 08:37:50.991000+00:00,control,49,8,1,1,2,0,0,1,0,1,22,1,1,12,3.222,0.0815
ses_20260701-083656-LAPTOP-0IM1OHQH,2026-07-01 08:40:54.164000+00:00,control,46,12,2,3,15,1,1,2,1,1,8,2,1,9,2.002,0.056
ses_20260701-083656-LAPTOP-0IM1OHQH,2026-07-01 08:52:03.074000+00:00,control,55,9,1,2,10,0,1,3,1,0,16,3,1,14,2.894,0.067
ses_20260701-083656-LAPTOP-0IM1OHQH,2026-07-01 08:40:59.597000+00:00,control,121,13,2,3,15,1,1,4,2,1,72,4,1,13,3.365,0.041
ses_20260701-083656-LAPTOP-0IM1OHQH,2026-07-01 08:44:19.757000+00:00,control,59,8,2,2,15,0,0,2,1,0,18,2,1,13,4.254,0.0515
ses_20260701-083656-LAPTOP-0IM1OHQH,2026-07-01 08:48:42.635000+00:00,control,42,9,1,1,1,0,0,2,1,3,16,2,1,10,3.054,0.048
ses_20260701-083656-LAPTOP-0IM1OHQH,2026-07-01 08:50:36.756000+00:00,control,47,10,1,1,1,0,1,3,1,1,16,3,2,13,3.803,0.041
ses_20260701-083656-LAPTOP-0IM1OHQH,2026-07-01 08:39:08.810000+00:00,control,42,8,1,1,1,0,0,1,0,3,20,1,1,7,4.048,0.044
ses_20260701-083656-LAPTOP-0IM1OHQH,2026-07-01 08:50:15.662000+00:00,control,53,9,1,1,2,0,0,2,1,2,22,2,1,12,3.823,0.039
ses_20260701-083656-LAPTOP-0IM1OHQH,2026-07-01 08:39:12.799000+00:00,control,49,8,1,1,0,0,0,2,1,3,22,2,1,9,4.048,0.044
ses_20260701-083656-LAPTOP-0IM1OHQH,2026-07-01 08:55:49.028000+00:00,control,40,10,1,1,3,0,2,2,1,1,12,2,1,10,3.069,0.058
ses_20260701-083656-LAPTOP-0IM1OHQH,2026-07-01 08:55:44.628000+00:00,control,46,10,1,1,2,0,1,2,1,1,18,2,1,11,3.793,0.048
ses_20260701-083656-LAPTOP-0IM1OHQH,2026-07-01 08:41:32.812000+00:00,control,51,8,1,1,2,0,0,2,1,0,22,2,1,12,3.023,0.031
ses_20260701-083656-LAPTOP-0IM1OHQH,2026-07-01 08:48:42.387000+00:00,control,46,9,1,1,1,0,0,2,1,3,19,2,1,10,3.054,0.048
ses_20260701-083656-LAPTOP-0IM1OHQH,2026-07-01 08:55:44.150000+00:00,control,50,10,1,1,2,0,1,2,1,2,20,2,1,11,3.793,0.035
ses_20260701-083656-LAPTOP-0IM1OHQH,2026-07-01 08:44:25.892000+00:00,control,45,8,2,2,15,0,0,2,1,0,10,2,1,10,2.442,0.056999999999999995
ses_20260701-083656-LAPTOP-0IM1OHQH,2026-07-01 08:40:04.084000+00:00,control,52,6,2,3,20,0,0,1,0,0,14,1,0,11,4.465,0.077
ses_20260701-083656-LAPTOP-0IM1OHQH,2026-07-01 08:49:47.833000+00:00,control,47,10,2,2,17,1,0,2,1,2,8,2,1,9,2.574,0.055
ses_20260701-083656-LAPTOP-0IM1OHQH,2026-07-01 08:54:41.108000+00:00,control,49,8,1,1,2,0,0,2,0,1,20,2,2,12,4.356,0.0485
ses_20260701-083656-LAPTOP-0IM1OHQH,2026-07-01 08:52:33.969000+00:00,control,58,8,2,2,16,0,0,2,1,0,18,2,1,11,3.408,0.054
ses_20260701-083656-LAPTOP-0IM1OHQH,2026-07-01 08:55:43.413000+00:00,control,51,9,1,1,1,0,0,2,1,2,22,2,1,11,3.793,0.033
ses_20260701-083656-LAPTOP-0IM1OHQH,2026-07-01 08:44:24.019000+00:00,control,45,8,2,2,15,0,0,2,1,0,10,2,1,10,2.442,0.056999999999999995
ses_20260701-083656-LAPTOP-0IM1OHQH,2026-07-01 08:40:55.210000+00:00,control,46,12,2,3,15,1,1,2,1,1,8,2,1,9,2.002,0.056
ses_20260701-083656-LAPTOP-0IM1OHQH,2026-07-01 08:40:57.706000+00:00,control,89,13,2,3,15,1,1,3,1,1,46,3,1,11,3.365,0.0415
ses_20260701-083656-LAPTOP-0IM1OHQH,2026-07-01 08:40:51.755000+00:00,control,43,10,2,2,15,0,0,2,1,1,8,2,1,8,2.002,0.0555
ses_20260701-083656-LAPTOP-0IM1OHQH,2026-07-01 08:50:11.816000+00:00,control,55,8,1,2,4,0,0,2,0,2,22,2,1,13,3.823,0.0485
ses_20260701-083656-LAPTOP-0IM1OHQH,2026-07-01 08:48:46.878000+00:00,control,31,9,1,1,1,0,0,2,1,2,10,2,1,7,2.569,0.047
ses_20260701-083656-LAPTOP-0IM1OHQH,2026-07-01 08:48:13.029000+00:00,control,38,9,2,2,10,0,0,2,1,1,8,2,1,9,1.896,0.072
ses_20260701-083656-LAPTOP-0IM1OHQH,2026-07-01 08:55:44.379000+00:00,control,50,10,1,1,2,0,1,2,1,2,20,2,1,11,3.793,0.035
ses_20260701-083656-LAPTOP-0IM1OHQH,2026-07-01 08:41:05.632000+00:00,control,96,11,1,2,1,1,2,4,3,0,66,4,0,10,3.365,0.038
ses_20260701-083656-LAPTOP-0IM1OHQH,2026-07-01 08:41:53.097000+00:00,control,68,7,2,3,27,0,0,1,0,1,18,1,0,13,3.759,0.053
ses_20260701-083656-LAPTOP-0IM1OHQH,2026-07-01 08:54:44.446000+00:00,control,47,9,1,1,1,0,0,2,1,1,20,2,1,11,4.356,0.034
ses_20260701-083656-LAPTOP-0IM1OHQH,2026-07-01 08:50:15.714000+00:00,control,53,9,1,1,2,0,0,2,1,2,22,2,1,12,3.823,0.039
ses_20260701-083656-LAPTOP-0IM1OHQH,2026-07-01 08:54:40.616000+00:00,control,46,8,1,1,2,0,0,1,0,1,20,1,2,11,4.356,0.043
ses_20260701-083656-LAPTOP-0IM1OHQH,2026-07-01 08:38:25.915000+00:00,control,53,10,2,2,12,0,0,2,1,2,14,2,1,12,3.288,0.0775
ses_20260701-083656-LAPTOP-0IM1OHQH,2026-07-01 08:38:25.913000+00:00,control,53,10,2,2,12,0,0,2,1,2,14,2,1,12,3.288,0.0775
ses_20260701-083656-LAPTOP-0IM1OHQH,2026-07-01 08:41:02.069000+00:00,control,114,13,2,3,14,1,1,4,3,1,68,4,1,12,3.365,0.041
ses_20260701-083656-LAPTOP-0IM1OHQH,2026-07-01 08:47:31.674000+00:00,control,37,9,2,2,10,0,0,2,1,1,8,2,1,8,2.234,0.105
ses_20260701-083656-LAPTOP-0IM1OHQH,2026-07-01 08:53:49.314000+00:00,control,61,9,2,2,17,0,0,2,1,1,18,2,1,12,4.436,0.052
ses_20260701-083656-LAPTOP-0IM1OHQH,2026-07-01 08:55:10.601000+00:00,control,56,8,2,3,12,0,0,1,0,1,20,1,1,12,3.957,0.056
ses_20260701-083656-LAPTOP-0IM1OHQH,2026-07-01 08:52:56.187000+00:00,control,42,8,1,1,1,0,0,3,1,0,16,3,2,10,4.041,0.035
ses_20260701-083656-LAPTOP-0IM1OHQH,2026-07-01 08:41:05.718000+00:00,control,96,11,1,2,1,1,2,4,3,0,66,4,0,10,3.365,0.038
ses_20260701-090300-Marcos,2026-07-01 09:08:55.188000+00:00,control,35,5,1,1,3,0,0,0,0,2,16,0,0,8,4.14,0.041999999999999996
ses_20260701-090300-Marcos,2026-07-01 09:18:52.740000+00:00,control,109,12,1,2,15,0,1,4,2,2,58,4,2,14,3.018,0.037
ses_20260701-090300-Marcos,2026-07-01 09:18:45.820000+00:00,control,49,11,1,1,2,0,1,2,1,3,18,2,1,11,3.898,0.0455
ses_20260701-090300-Marcos,2026-07-01 09:09:54.140000+00:00,control,38,9,2,2,14,0,0,2,1,1,6,2,1,9,3.314,0.057
ses_20260701-090300-Marcos,2026-07-01 09:20:53.651000+00:00,control,43,10,2,2,15,1,0,2,1,1,8,2,1,8,2.206,0.0545
ses_20260701-090300-Marcos,2026-07-01 09:17:21.897000+00:00,control,7,5,1,1,1,0,0,0,0,1,2,0,0,2,1.126,0.1055
ses_20260701-090300-Marcos,2026-07-01 09:18:58.909000+00:00,control,116,12,1,2,15,0,2,4,2,1,66,4,2,15,3.333,0.037
ses_20260701-090300-Marcos,2026-07-01 09:28:23.620000+00:00,control,48,10,2,2,17,0,2,2,1,1,8,2,1,10,2.612,0.054
ses_20260701-090300-Marcos,2026-07-01 09:17:21.956000+00:00,control,7,5,1,1,1,0,0,0,0,1,2,0,0,2,1.126,0.1055
ses_20260701-090300-Marcos,2026-07-01 09:27:28.770000+00:00,control,42,9,2,2,15,0,0,2,1,1,8,2,1,8,2.223,0.052
ses_20260701-090300-Marcos,2026-07-01 09:04:19.871000+00:00,control,50,10,2,2,14,0,0,2,1,1,12,2,1,10,3.338,0.045
ses_20260701-090300-Marcos,2026-07-01 09:19:26.674000+00:00,control,29,7,2,3,4,0,0,1,0,0,10,1,1,8,7.391,0.094
ses_20260701-090300-Marcos,2026-07-01 09:18:58.726000+00:00,control,116,12,1,2,15,0,2,4,2,1,66,4,2,15,3.333,0.037
ses_20260701-090300-Marcos,2026-07-01 09:07:25.423000+00:00,control,117,13,3,5,20,0,1,2,1,0,68,2,2,15,3.859,0.041
ses_20260701-090300-Marcos,2026-07-01 09:22:14.486000+00:00,control,65,9,2,2,16,0,0,3,1,2,18,3,2,13,4.008,0.0485
ses_20260701-090300-Marcos,2026-07-01 09:17:55.910000+00:00,control,45,9,2,2,16,0,0,2,1,2,8,2,1,9,1.926,0.059
ses_20260701-090300-Marcos,2026-07-01 09:04:22.156000+00:00,control,46,10,2,2,14,0,0,2,1,1,10,2,1,9,2.255,0.051
ses_20260701-090300-Marcos,2026-07-01 09:27:28.770000+00:00,control,42,9,2,2,15,0,0,2,1,1,8,2,1,8,2.223,0.052
ses_20260701-090300-Marcos,2026-07-01 09:14:29.190000+00:00,control,38,9,1,1,1,0,0,2,1,1,16,2,1,8,3.354,0.046
ses_20260701-090300-Marcos,2026-07-01 09:12:25.135000+00:00,control,115,12,2,3,16,0,2,4,2,1,66,4,1,14,3.485,0.035
ses_20260701-090300-Marcos,2026-07-01 09:05:57.937000+00:00,control,70,9,2,2,16,0,0,2,1,2,22,2,1,15,2.956,0.053
ses_20260701-090300-Marcos,2026-07-01 09:28:20.136000+00:00,control,45,10,2,2,16,0,1,2,1,1,8,2,1,9,2.54,0.0545
ses_20260701-090300-Marcos,2026-07-01 09:10:42.090000+00:00,control,21,6,1,2,2,0,0,1,0,0,8,1,0,6,3.338,0.06
ses_20260701-090300-Marcos,2026-07-01 09:20:00.120000+00:00,control,32,6,2,3,11,0,0,1,0,0,10,1,0,8,3.863,0.058
ses_20260701-090300-Marcos,2026-07-01 09:09:32.557000+00:00,control,39,8,2,2,4,0,0,1,0,1,16,1,1,9,3.512,0.052000000000000005
ses_20260701-090300-Marcos,2026-07-01 09:13:16.817000+00:00,control,46,9,2,2,16,0,0,2,1,3,8,2,1,9,2.809,0.053
ses_20260701-090300-Marcos,2026-07-01 09:05:16.398000+00:00,control,40,8,2,4,15,0,0,1,0,0,8,1,2,9,3.792,0.061
ses_20260701-090300-Marcos,2026-07-01 09:07:27.184000+00:00,control,71,13,3,5,18,0,1,1,1,0,30,1,2,12,3.859,0.043
ses_20260701-090300-Marcos,2026-07-01 09:12:10.782000+00:00,control,61,11,2,2,16,0,1,2,1,3,16,2,1,12,3.258,0.0535
ses_20260701-090300-Marcos,2026-07-01 09:04:20.001000+00:00,control,50,10,2,2,14,0,0,2,1,1,12,2,1,10,3.338,0.045
ses_20260701-090300-Marcos,2026-07-01 09:23:18.403000+00:00,control,43,9,2,2,15,0,0,2,1,2,8,2,1,8,2.066,0.054
ses_20260701-090300-Marcos,2026-07-01 09:18:20.852000+00:00,control,67,9,2,3,18,0,0,3,1,1,18,3,2,14,3.283,0.05
ses_20260701-090300-Marcos,2026-07-01 09:22:14.718000+00:00,control,64,9,2,2,17,0,0,2,1,2,18,2,2,13,4.008,0.049
ses_20260701-090300-Marcos,2026-07-01 09:09:35.886000+00:00,control,29,5,2,2,3,0,0,0,0,1,14,0,0,6,3.512,0.052000000000000005
ses_20260701-090300-Marcos,2026-07-01 09:21:26.226000+00:00,control,29,9,1,1,1,0,0,2,1,1,10,2,1,6,2.525,0.026500000000000003
ses_20260701-090300-Marcos,2026-07-01 09:12:16.408000+00:00,control,103,12,2,3,22,0,1,3,1,3,48,3,1,14,2.325,0.042499999999999996
ses_20260701-090300-Marcos,2026-07-01 09:21:24.596000+00:00,control,36,9,1,1,1,0,0,2,1,1,14,2,1,8,2.525,0.043
ses_20260701-090300-Marcos,2026-07-01 09:27:28.293000+00:00,control,42,9,2,2,15,0,0,2,1,1,8,2,1,8,2.223,0.052
ses_20260701-090300-Marcos,2026-07-01 09:07:12.598000+00:00,control,99,10,1,2,15,0,1,2,1,0,64,2,1,10,2.826,0.033
ses_20260701-090300-Marcos,2026-07-01 09:08:54.938000+00:00,control,35,5,1,1,3,0,0,0,0,2,16,0,0,8,4.14,0.041999999999999996
ses_20260701-090300-Marcos,2026-07-01 09:12:20.295000+00:00,control,140,12,2,3,29,0,1,4,2,3,72,4,2,16,2.325,0.042
ses_20260701-090300-Marcos,2026-07-01 09:18:50.686000+00:00,control,83,12,1,2,7,0,1,3,1,2,48,3,1,11,3.018,0.035
ses_20260701-090300-Marcos,2026-07-01 09:28:19.907000+00:00,control,45,10,2,2,16,0,1,2,1,1,8,2,1,9,2.54,0.0545
ses_20260701-090300-Marcos,2026-07-01 09:19:36.743000+00:00,control,49,8,2,2,17,0,0,2,1,0,10,2,1,12,7.391,0.0565
ses_20260701-090300-Marcos,2026-07-01 09:10:42.997000+00:00,control,17,4,1,1,1,0,0,0,0,0,8,0,0,5,3.338,0.062
ses_20260701-090300-Marcos,2026-07-01 09:25:40.767000+00:00,control,53,9,2,2,16,0,0,2,1,2,12,2,1,12,3.919,0.051500000000000004
ses_20260701-090300-Marcos,2026-07-01 09:18:59.186000+00:00,control,114,12,1,2,15,0,2,4,2,1,66,4,1,14,3.333,0.037
ses_20260701-090300-Marcos,2026-07-01 09:19:00.617000+00:00,control,113,12,1,2,16,0,2,3,2,1,66,3,1,14,3.333,0.0375
ses_20260701-090300-Marcos,2026-07-01 09:14:28.526000+00:00,control,42,9,1,1,1,0,0,2,1,1,18,2,1,9,3.354,0.033
ses_20260701-090300-Marcos,2026-07-01 09:28:23.116000+00:00,control,48,10,2,2,17,0,2,2,1,1,8,2,1,10,2.612,0.054
ses_20260701-090300-Marcos,2026-07-01 09:12:13.039000+00:00,control,61,11,2,2,17,0,1,2,1,3,14,2,1,13,2.838,0.0555
ses_20260701-090300-Marcos,2026-07-01 09:13:42.346000+00:00,control,43,9,1,1,1,0,0,2,1,2,18,2,1,9,3.733,0.046
ses_20260701-092027-SIDDHIGUPTAB00B,2026-07-01 09:29:37.606000+00:00,control,42,8,2,2,13,0,0,2,1,3,8,2,0,9,2.056,0.049
ses_20260701-092027-SIDDHIGUPTAB00B,2026-07-01 09:41:02.792000+00:00,control,28,9,1,1,1,0,0,2,1,3,8,2,1,6,3.005,0.046
ses_20260701-092027-SIDDHIGUPTAB00B,2026-07-01 09:30:03.835000+00:00,control,20,8,2,2,1,0,0,1,0,0,8,1,1,5,5.348,0.064
ses_20260701-092027-SIDDHIGUPTAB00B,2026-07-01 09:27:01.817000+00:00,control,50,9,1,1,3,0,0,2,1,4,18,2,1,12,4.686,0.049
ses_20260701-092027-SIDDHIGUPTAB00B,2026-07-01 09:30:03.833000+00:00,control,20,8,2,2,1,0,0,1,0,0,8,1,1,5,5.348,0.064
ses_20260701-092027-SIDDHIGUPTAB00B,2026-07-01 09:30:00.156000+00:00,control,37,9,2,3,14,0,1,1,0,0,8,1,1,8,5.348,0.0545
ses_20260701-092027-SIDDHIGUPTAB00B,2026-07-01 09:26:33.960000+00:00,control,64,9,2,2,16,0,0,2,1,4,18,2,1,13,4.58,0.051
ses_20260701-092027-SIDDHIGUPTAB00B,2026-07-01 09:37:22.836000+00:00,control,46,9,2,2,2,0,0,3,1,2,16,3,1,12,4.327,0.044
ses_20260701-092027-SIDDHIGUPTAB00B,2026-07-01 09:30:20.714000+00:00,control,45,9,2,2,15,0,0,2,1,3,8,2,1,9,2.829,0.05499999999999999
ses_20260701-092027-SIDDHIGUPTAB00B,2026-07-01 09:35:42.944000+00:00,control,35,5,1,1,3,0,0,0,0,3,16,0,0,7,3.613,0.0455
ses_20260701-092027-SIDDHIGUPTAB00B,2026-07-01 09:31:28.277000+00:00,control,69,9,2,2,14,0,0,2,1,4,22,2,1,14,3.569,0.057
ses_20260701-092027-SIDDHIGUPTAB00B,2026-07-01 09:41:46.995000+00:00,control,48,9,1,2,5,0,0,3,1,2,16,3,1,11,4.288,0.057
ses_20260701-092027-SIDDHIGUPTAB00B,2026-07-01 09:29:36.677000+00:00,control,42,8,2,2,13,0,0,2,1,3,8,2,0,9,2.056,0.049
ses_20260701-092027-SIDDHIGUPTAB00B,2026-07-01 09:30:00.156000+00:00,control,37,9,2,3,14,0,1,1,0,0,8,1,1,8,5.348,0.0545
ses_20260701-092027-SIDDHIGUPTAB00B,2026-07-01 09:24:50.517000+00:00,control,35,7,2,3,15,1,0,1,0,0,8,1,0,7,2.689,0.0795
ses_20260701-092027-SIDDHIGUPTAB00B,2026-07-01 09:41:51.911000+00:00,control,35,8,1,1,0,0,0,2,1,2,14,2,1,8,4.288,0.044
ses_20260701-092027-SIDDHIGUPTAB00B,2026-07-01 09:46:08.931000+00:00,control,5,2,1,1,0,0,0,0,0,0,4,0,0,1,0.034,0.0195
ses_20260701-092027-SIDDHIGUPTAB00B,2026-07-01 09:40:26.390000+00:00,control,45,10,2,2,15,1,0,2,1,3,8,2,1,8,1.968,0.0525
ses_20260701-092027-SIDDHIGUPTAB00B,2026-07-01 09:31:33.203000+00:00,control,54,9,2,2,15,0,0,2,1,3,12,2,1,12,3.0,0.058
ses_20260701-092027-SIDDHIGUPTAB00B,2026-07-01 09:33:59.795000+00:00,control,42,9,2,2,13,0,0,2,1,3,8,2,1,8,1.813,0.051
ses_20260701-092027-SIDDHIGUPTAB00B,2026-07-01 09:31:25.564000+00:00,control,71,9,2,2,15,0,0,2,1,4,22,2,1,15,3.569,0.0575
ses_20260701-092027-SIDDHIGUPTAB00B,2026-07-01 09:25:27.919000+00:00,control,60,8,2,3,22,0,1,1,0,1,16,1,0,12,2.9,0.033
ses_20260701-092027-SIDDHIGUPTAB00B,2026-07-01 09:30:00.319000+00:00,control,37,9,2,3,14,0,1,1,0,0,8,1,1,8,5.348,0.0545
ses_20260701-092027-SIDDHIGUPTAB00B,2026-07-01 09:22:46.697000+00:00,control,48,10,2,2,16,0,0,2,1,3,8,2,1,10,1.638,0.049
ses_20260701-092027-SIDDHIGUPTAB00B,2026-07-01 09:23:39.030000+00:00,control,50,9,1,1,3,0,0,2,1,4,18,2,1,12,3.128,0.06
ses_20260701-092027-SIDDHIGUPTAB00B,2026-07-01 09:31:25.682000+00:00,control,71,9,2,2,15,0,0,2,1,4,22,2,1,15,3.569,0.0575
ses_20260701-092027-SIDDHIGUPTAB00B,2026-07-01 09:35:04.597000+00:00,control,34,7,2,3,14,0,0,1,0,0,8,1,1,7,5.736,0.052
ses_20260701-092027-SIDDHIGUPTAB00B,2026-07-01 09:45:17.573000+00:00,control,50,10,2,2,16,0,2,2,1,3,8,2,1,11,3.125,0.056
ses_20260701-092027-SIDDHIGUPTAB00B,2026-07-01 09:28:57.624000+00:00,control,45,9,1,1,1,0,0,3,1,2,16,3,2,11,3.111,0.052000000000000005
ses_20260701-092027-SIDDHIGUPTAB00B,2026-07-01 09:35:42.942000+00:00,control,35,5,1,1,3,0,0,0,0,3,16,0,0,7,3.613,0.0455
ses_20260701-092027-SIDDHIGUPTAB00B,2026-07-01 09:26:59.569000+00:00,control,52,9,1,2,3,0,0,3,1,4,18,3,1,12,4.686,0.05
ses_20260701-092027-SIDDHIGUPTAB00B,2026-07-01 09:26:33.495000+00:00,control,64,9,2,2,16,0,0,2,1,4,18,2,1,13,4.58,0.051
ses_20260701-092027-SIDDHIGUPTAB00B,2026-07-01 09:40:26.252000+00:00,control,45,10,2,2,15,1,0,2,1,3,8,2,1,8,1.968,0.0525
ses_20260701-092027-SIDDHIGUPTAB00B,2026-07-01 09:29:23.989000+00:00,control,16,4,1,1,1,0,0,0,0,0,8,0,0,5,3.278,0.041
ses_20260701-092027-SIDDHIGUPTAB00B,2026-07-01 09:41:47.035000+00:00,control,47,9,1,2,4,0,0,3,1,2,16,3,1,11,4.288,0.056
ses_20260701-092027-SIDDHIGUPTAB00B,2026-07-01 09:29:24.056000+00:00,control,16,4,1,1,1,0,0,0,0,0,8,0,0,5,3.278,0.041
ses_20260701-092027-SIDDHIGUPTAB00B,2026-07-01 09:25:05.843000+00:00,control,45,9,2,2,15,0,0,2,1,3,8,2,1,9,1.656,0.0615
ses_20260701-092027-SIDDHIGUPTAB00B,2026-07-01 09:24:26.803000+00:00,control,40,9,3,3,9,0,0,2,1,3,8,2,1,10,2.829,0.052
ses_20260701-092027-SIDDHIGUPTAB00B,2026-07-01 09:44:17.688000+00:00,control,46,10,2,2,15,1,0,2,1,3,8,2,1,9,1.729,0.049
ses_20260701-092027-SIDDHIGUPTAB00B,2026-07-01 09:42:51.814000+00:00,control,65,8,2,3,14,0,0,2,0,3,20,2,1,15,4.448,0.053
ses_20260701-092027-SIDDHIGUPTAB00B,2026-07-01 09:27:06.203000+00:00,control,33,9,1,1,2,0,0,2,1,3,10,2,1,8,2.903,0.0445
ses_20260701-092027-SIDDHIGUPTAB00B,2026-07-01 09:27:07.724000+00:00,control,33,9,1,1,2,0,0,2,1,3,10,2,1,8,2.903,0.0445
ses_20260701-092027-SIDDHIGUPTAB00B,2026-07-01 09:23:31.751000+00:00,control,44,7,1,1,2,0,0,2,0,3,20,2,0,9,5.499,0.051
ses_20260701-092027-SIDDHIGUPTAB00B,2026-07-01 09:45:32.194000+00:00,control,13,4,2,2,3,0,3,0,0,0,0,0,0,4,3.971,0.14150000000000001
ses_20260701-092027-SIDDHIGUPTAB00B,2026-07-01 09:40:25.808000+00:00,control,45,10,2,2,15,1,0,2,1,3,8,2,1,8,1.968,0.0525
ses_20260701-092027-SIDDHIGUPTAB00B,2026-07-01 09:27:01.818000+00:00,control,50,9,1,1,3,0,0,2,1,4,18,2,1,12,4.686,0.049
ses_20260701-092027-SIDDHIGUPTAB00B,2026-07-01 09:45:15.320000+00:00,control,50,10,2,2,16,0,2,2,1,3,8,2,1,11,3.125,0.056
ses_20260701-092027-SIDDHIGUPTAB00B,2026-07-01 09:27:05.521000+00:00,control,33,9,1,1,2,0,0,2,1,3,10,2,1,8,2.903,0.0445
ses_20260701-092027-SIDDHIGUPTAB00B,2026-07-01 09:23:32.283000+00:00,control,46,8,1,1,2,0,0,2,0,3,20,2,1,10,5.499,0.052
ses_20260701-092027-SIDDHIGUPTAB00B,2026-07-01 09:24:10.814000+00:00,control,21,7,1,2,1,1,0,0,0,0,8,0,1,7,2.107,0.393
ses_20260701-092027-SIDDHIGUPTAB00B,2026-07-01 09:34:24.367000+00:00,control,34,7,2,3,14,0,0,1,0,0,8,1,1,7,5.443,0.048
ses_20260701-092027-SIDDHIGUPTAB00B,2026-07-01 09:30:47.136000+00:00,control,36,5,1,1,3,0,0,0,0,3,16,0,0,8,4.115,0.052
ses_20260701-092027-SIDDHIGUPTAB00B,2026-07-01 09:35:42.078000+00:00,control,38,7,1,1,3,0,0,1,0,3,16,1,0,8,3.613,0.046
ses_20260701-092027-SIDDHIGUPTAB00B,2026-07-01 09:21:14.049000+00:00,control,43,9,1,1,1,0,0,3,1,1,16,3,1,11,3.349,0.0865
ses_20260701-092027-SIDDHIGUPTAB00B,2026-07-01 09:40:49.076000+00:00,control,20,7,1,1,1,0,0,1,0,0,8,1,1,6,3.511,0.016
ses_20260701-092027-SIDDHIGUPTAB00B,2026-07-01 09:25:34.679000+00:00,control,62,8,2,2,12,0,0,1,0,3,22,1,1,13,2.9,0.049
ses_20260701-092027-SIDDHIGUPTAB00B,2026-07-01 09:34:00.873000+00:00,control,44,9,2,2,14,0,0,2,1,3,8,2,1,9,2.685,0.053
ses_20260701-092027-SIDDHIGUPTAB00B,2026-07-01 09:45:17.539000+00:00,control,50,10,2,2,16,0,2,2,1,3,8,2,1,11,3.125,0.056
ses_20260701-092027-SIDDHIGUPTAB00B,2026-07-01 09:35:42.788000+00:00,control,35,5,1,1,3,0,0,0,0,3,16,0,0,7,3.613,0.0455
ses_20260701-092027-SIDDHIGUPTAB00B,2026-07-01 09:35:42.911000+00:00,control,35,5,1,1,3,0,0,0,0,3,16,0,0,7,3.613,0.0455
ses_20260701-092027-SIDDHIGUPTAB00B,2026-07-01 09:45:17.077000+00:00,control,50,10,2,2,16,0,2,2,1,3,8,2,1,11,3.125,0.056
ses_20260701-092027-SIDDHIGUPTAB00B,2026-07-01 09:26:33.458000+00:00,control,64,9,2,2,16,0,0,2,1,4,18,2,1,13,4.58,0.051
ses_20260701-092027-SIDDHIGUPTAB00B,2026-07-01 09:30:46.161000+00:00,control,36,5,1,1,3,0,0,0,0,3,16,0,0,8,4.115,0.052
ses_20260701-093900-Marcos,2026-07-01 09:47:31.951000+00:00,control,62,8,2,2,15,0,0,1,0,2,20,1,2,13,3.137,0.048
ses_20260701-093900-Marcos,2026-07-01 09:58:16.112000+00:00,control,64,8,2,2,14,0,0,1,0,3,22,1,1,13,3.343,0.045
ses_20260701-093900-Marcos,2026-07-01 09:40:59.279000+00:00,control,29,9,1,1,1,0,0,2,1,1,10,2,1,6,3.259,0.026500000000000003
ses_20260701-093900-Marcos,2026-07-01 09:43:12.235000+00:00,control,51,9,1,1,2,0,0,2,1,1,22,2,1,11,2.806,0.052000000000000005
ses_20260701-093900-Marcos,2026-07-01 09:58:18.988000+00:00,control,54,9,2,2,13,0,0,2,1,2,16,2,1,11,3.343,0.05
ses_20260701-093900-Marcos,2026-07-01 09:56:25.461000+00:00,control,9,6,2,2,2,0,0,0,0,1,2,0,1,2,0.664,0.057999999999999996
ses_20260701-093900-Marcos,2026-07-01 09:46:00.413000+00:00,control,52,8,1,2,5,0,0,2,0,3,20,2,1,11,4.33,0.046
ses_20260701-093900-Marcos,2026-07-01 09:55:25.782000+00:00,control,36,9,1,1,1,0,0,2,1,1,14,2,1,8,2.775,0.034
ses_20260701-093900-Marcos,2026-07-01 09:40:50.072000+00:00,control,50,9,1,1,1,0,0,2,1,1,22,2,1,11,3.27,0.043
ses_20260701-093900-Marcos,2026-07-01 09:45:11.183000+00:00,control,69,8,2,2,16,0,0,2,0,2,22,2,2,14,4.845,0.046
ses_20260701-093900-Marcos,2026-07-01 09:52:40.047000+00:00,control,59,7,2,2,15,0,0,1,0,0,20,1,2,12,3.411,0.053
ses_20260701-093900-Marcos,2026-07-01 09:45:11.185000+00:00,control,69,8,2,2,16,0,0,2,0,2,22,2,2,14,4.845,0.046
ses_20260701-093900-Marcos,2026-07-01 09:40:49.983000+00:00,control,50,9,1,1,1,0,0,2,1,1,22,2,1,11,3.27,0.043
ses_20260701-093900-Marcos,2026-07-01 09:51:20.599000+00:00,control,9,5,1,1,2,0,0,0,0,2,2,0,0,2,0.887,0.0565
ses_20260701-093900-Marcos,2026-07-01 09:53:45.919000+00:00,control,53,13,2,4,15,1,1,2,1,1,10,2,2,11,2.957,0.052
ses_20260701-093900-Marcos,2026-07-01 09:45:15.584000+00:00,control,58,10,3,3,16,1,0,2,1,1,16,2,1,12,4.845,0.05
ses_20260701-093900-Marcos,2026-07-01 09:47:35.203000+00:00,control,70,9,2,2,16,0,0,2,1,3,22,2,1,14,3.137,0.049
ses_20260701-093900-Marcos,2026-07-01 09:40:05.384000+00:00,control,21,7,1,1,1,0,0,1,0,0,8,1,1,6,2.873,0.0535
ses_20260701-093900-Marcos,2026-07-01 09:47:38.191000+00:00,control,55,9,2,2,15,0,0,2,1,2,14,2,1,12,3.137,0.051500000000000004
ses_20260701-093900-Marcos,2026-07-01 09:56:12.997000+00:00,control,16,3,1,1,0,0,0,0,0,0,10,0,0,5,3.452,0.115
ses_20260701-093900-Marcos,2026-07-01 09:57:28.240000+00:00,control,52,9,1,1,1,0,0,2,1,2,22,2,1,12,4.554,0.046
ses_20260701-093900-Marcos,2026-07-01 09:43:40.040000+00:00,control,37,5,2,2,4,0,0,0,0,2,16,0,0,9,4.132,0.0485
ses_20260701-093900-Marcos,2026-07-01 09:49:01.689000+00:00,control,56,9,2,2,15,0,0,2,1,1,16,2,1,12,3.333,0.053
ses_20260701-093900-Marcos,2026-07-01 09:47:31.840000+00:00,control,60,8,2,2,13,0,0,1,0,2,20,1,2,13,3.137,0.048
ses_20260701-093900-Marcos,2026-07-01 09:53:11.823000+00:00,control,49,9,1,1,2,0,0,2,1,2,20,2,1,11,3.254,0.057999999999999996
ses_20260701-093900-Marcos,2026-07-01 09:58:12.907000+00:00,control,64,8,2,3,18,0,0,1,0,2,20,1,1,13,3.343,0.05
ses_20260701-093900-Marcos,2026-07-01 09:55:30.150000+00:00,control,30,9,1,1,1,0,0,2,1,1,10,2,1,7,2.775,0.034
ses_20260701-093900-Marcos,2026-07-01 09:55:22.454000+00:00,control,51,9,1,1,2,0,0,2,1,1,22,2,1,11,4.453,0.0315
ses_20260701-093900-Marcos,2026-07-01 09:53:44.670000+00:00,control,60,13,2,4,15,1,1,2,1,1,14,2,2,13,3.04,0.051
ses_20260701-093900-Marcos,2026-07-01 09:44:01.567000+00:00,control,32,8,3,3,16,0,0,2,1,0,2,2,1,7,1.813,0.049
ses_20260701-093900-Marcos,2026-07-01 09:53:48.187000+00:00,control,53,13,2,4,15,1,1,2,1,1,10,2,2,11,2.957,0.052
ses_20260701-093900-Marcos,2026-07-01 09:53:41.143000+00:00,control,63,9,2,2,14,0,0,2,1,2,20,2,2,12,3.085,0.047
ses_20260701-093900-Marcos,2026-07-01 09:46:57.723000+00:00,control,21,6,1,2,2,0,0,1,0,0,8,1,0,6,3.288,0.0625
ses_20260701-093900-Marcos,2026-07-01 09:45:16.063000+00:00,control,57,10,3,3,16,1,0,2,1,1,14,2,1,13,2.056,0.052000000000000005
ses_20260701-093900-Marcos,2026-07-01 09:43:58.457000+00:00,control,32,8,3,3,16,0,0,2,1,0,2,2,1,7,1.813,0.049
ses_20260701-093900-Marcos,2026-07-01 09:49:01.460000+00:00,control,62,9,2,2,15,0,0,2,1,1,20,2,1,12,3.333,0.048
ses_20260701-093900-Marcos,2026-07-01 09:44:46.960000+00:00,control,27,9,1,1,1,0,0,2,1,2,8,2,1,6,3.349,0.055
ses_20260701-093900-Marcos,2026-07-01 09:53:35.465000+00:00,control,75,8,2,3,27,0,0,1,0,2,20,1,2,14,3.085,0.0505
ses_20260701-093900-Marcos,2026-07-01 09:58:18.377000+00:00,control,62,9,2,2,13,0,0,2,1,3,20,2,1,12,3.343,0.045
ses_20260701-093900-Marcos,2026-07-01 09:46:33.003000+00:00,control,53,9,2,2,15,0,0,2,1,1,14,2,1,11,3.06,0.052000000000000005
ses_20260701-093900-Marcos,2026-07-01 09:40:06.886000+00:00,control,21,7,1,1,1,0,0,1,0,0,8,1,1,6,2.873,0.0535
ses_20260701-093900-Marcos,2026-07-01 09:49:22.688000+00:00,control,34,6,2,3,14,0,1,1,0,0,8,1,0,9,3.257,0.06
ses_20260701-093900-Marcos,2026-07-01 09:47:38.094000+00:00,control,57,9,2,2,15,0,0,2,1,2,16,2,1,12,3.137,0.051500000000000004
ses_20260701-093900-Marcos,2026-07-01 09:58:22.873000+00:00,control,55,10,2,2,14,0,2,2,1,2,12,2,2,12,3.116,0.05
ses_20260701-093900-Marcos,2026-07-01 09:57:31.348000+00:00,control,42,10,2,2,2,1,0,2,1,2,14,2,1,11,2.889,0.076
ses_20260701-093900-Marcos,2026-07-01 09:58:12.451000+00:00,control,67,8,2,3,21,0,0,1,0,2,20,1,1,13,3.343,0.048
ses_20260701-093900-Marcos,2026-07-01 09:51:56.723000+00:00,control,44,9,3,3,16,0,0,2,1,1,8,2,1,9,2.217,0.05
ses_20260701-093900-Marcos,2026-07-01 09:52:44.913000+00:00,control,66,9,2,2,15,0,0,2,1,1,22,2,1,13,3.411,0.049
ses_20260701-093900-Marcos,2026-07-01 09:55:19.592000+00:00,control,44,8,1,1,2,0,0,1,0,1,20,1,1,10,4.453,0.038
ses_20260701-093900-Marcos,2026-07-01 09:49:00.685000+00:00,control,65,9,2,2,14,0,0,2,1,1,22,2,1,13,3.333,0.047
ses_20260701-093900-Marcos,2026-07-01 09:43:09.646000+00:00,control,65,8,1,2,15,0,0,2,0,1,22,2,1,13,2.806,0.049
ses_20260701-095337-LAPTOP-0IM1OHQH,2026-07-01 10:09:36.656000+00:00,control,2,2,1,1,1,0,0,0,0,0,0,0,0,1,0.124,0.124
ses_20260701-095337-LAPTOP-0IM1OHQH,2026-07-01 10:19:33.293000+00:00,control,16,3,1,1,0,0,0,0,0,0,10,0,0,5,4.565,0.098
ses_20260701-095337-LAPTOP-0IM1OHQH,2026-07-01 09:58:04.100000+00:00,control,43,9,2,4,17,1,1,1,0,0,8,1,2,9,3.837,0.057
ses_20260701-095337-LAPTOP-0IM1OHQH,2026-07-01 10:02:37.963000+00:00,control,35,7,2,5,16,0,1,1,0,0,6,1,0,9,4.635,0.0555
ses_20260701-095337-LAPTOP-0IM1OHQH,2026-07-01 10:00:08.202000+00:00,control,44,9,2,2,16,0,0,2,1,0,8,2,1,9,1.94,0.053
ses_20260701-095337-LAPTOP-0IM1OHQH,2026-07-01 10:13:46.110000+00:00,control,41,8,2,2,15,0,0,2,1,0,8,2,1,8,1.782,0.0515
ses_20260701-095337-LAPTOP-0IM1OHQH,2026-07-01 10:06:56.008000+00:00,control,43,9,3,3,15,1,0,2,1,0,8,2,1,9,2.253,0.0545
ses_20260701-095337-LAPTOP-0IM1OHQH,2026-07-01 10:03:49.750000+00:00,control,43,10,2,2,15,1,0,2,1,1,8,2,1,8,1.635,0.0525
ses_20260701-095337-LAPTOP-0IM1OHQH,2026-07-01 09:54:06.567000+00:00,control,46,7,2,2,14,0,1,1,0,0,14,1,0,10,4.429,0.052
ses_20260701-095337-LAPTOP-0IM1OHQH,2026-07-01 10:04:25.578000+00:00,control,44,8,1,1,2,0,0,2,1,0,18,2,1,11,3.351,0.039
ses_20260701-095337-LAPTOP-0IM1OHQH,2026-07-01 10:07:59.887000+00:00,control,47,9,2,2,14,0,0,2,1,1,12,2,1,10,4.353,0.059
ses_20260701-095337-LAPTOP-0IM1OHQH,2026-07-01 10:03:45.913000+00:00,control,43,10,2,2,15,1,0,2,1,1,8,2,1,8,1.635,0.0525
ses_20260701-095337-LAPTOP-0IM1OHQH,2026-07-01 10:10:06.221000+00:00,control,34,12,2,4,14,1,1,2,1,0,2,2,1,7,3.599,0.058
ses_20260701-095337-LAPTOP-0IM1OHQH,2026-07-01 10:21:10.334000+00:00,control,31,8,1,1,2,0,0,2,1,0,10,2,1,8,2.838,0.044
ses_20260701-095337-LAPTOP-0IM1OHQH,2026-07-01 10:04:28.333000+00:00,control,42,8,1,1,1,0,0,2,1,0,18,2,1,10,3.351,0.039
ses_20260701-095337-LAPTOP-0IM1OHQH,2026-07-01 10:06:56.308000+00:00,control,43,9,3,3,15,1,0,2,1,0,8,2,1,9,2.253,0.0545
ses_20260701-095337-LAPTOP-0IM1OHQH,2026-07-01 10:06:18.421000+00:00,control,7,4,2,2,2,0,0,0,0,0,2,0,0,2,0.818,0.0955
ses_20260701-095337-LAPTOP-0IM1OHQH,2026-07-01 10:15:36.752000+00:00,control,53,9,2,2,15,0,0,2,1,1,14,2,1,11,2.398,0.051000000000000004
ses_20260701-095337-LAPTOP-0IM1OHQH,2026-07-01 10:20:59.498000+00:00,control,52,7,1,1,2,0,0,2,0,0,22,2,2,13,3.786,0.044
ses_20260701-095337-LAPTOP-0IM1OHQH,2026-07-01 10:15:33.458000+00:00,control,66,8,2,2,16,0,0,1,0,2,22,1,1,14,4.442,0.047
ses_20260701-095337-LAPTOP-0IM1OHQH,2026-07-01 09:54:11.351000+00:00,control,39,6,1,1,1,0,0,0,0,1,20,0,1,8,4.429,0.023
ses_20260701-095337-LAPTOP-0IM1OHQH,2026-07-01 10:18:53.948000+00:00,control,4,3,2,2,1,1,0,0,0,0,0,0,0,2,0.674,0.188
ses_20260701-095337-LAPTOP-0IM1OHQH,2026-07-01 10:07:54.778000+00:00,control,66,9,2,3,17,0,0,3,1,1,18,3,1,15,4.353,0.059
ses_20260701-095337-LAPTOP-0IM1OHQH,2026-07-01 10:20:25.044000+00:00,control,41,10,2,2,14,1,0,2,1,1,8,2,1,7,2.222,0.0505
ses_20260701-095337-LAPTOP-0IM1OHQH,2026-07-01 09:56:40.389000+00:00,control,26,9,2,4,3,1,0,1,0,0,8,1,1,7,3.455,0.096
ses_20260701-095337-LAPTOP-0IM1OHQH,2026-07-01 10:19:33.197000+00:00,control,16,3,1,1,0,0,0,0,0,0,10,0,0,5,4.565,0.098
ses_20260701-095337-LAPTOP-0IM1OHQH,2026-07-01 09:58:58.039000+00:00,control,19,5,1,1,1,0,0,0,0,0,8,0,1,6,2.815,0.067
ses_20260701-095337-LAPTOP-0IM1OHQH,2026-07-01 10:12:09.348000+00:00,control,28,9,1,1,2,0,0,2,1,1,8,2,1,7,2.913,0.062
ses_20260701-095337-LAPTOP-0IM1OHQH,2026-07-01 10:06:52.769000+00:00,control,43,9,3,3,15,1,0,2,1,0,8,2,1,9,2.253,0.0545
ses_20260701-095337-LAPTOP-0IM1OHQH,2026-07-01 10:00:59.056000+00:00,control,61,8,2,2,15,0,0,1,0,0,20,1,2,13,4.619,0.0455
ses_20260701-095337-LAPTOP-0IM1OHQH,2026-07-01 10:09:52.924000+00:00,control,41,8,2,2,15,0,0,2,1,0,8,2,1,8,2.162,0.0555
ses_20260701-095337-LAPTOP-0IM1OHQH,2026-07-01 10:20:21.850000+00:00,control,41,10,2,2,14,1,0,2,1,1,8,2,1,7,2.222,0.0505
ses_20260701-095337-LAPTOP-0IM1OHQH,2026-07-01 10:14:28.239000+00:00,control,30,10,1,1,2,0,1,2,1,2,8,2,1,7,2.735,0.061
ses_20260701-095337-LAPTOP-0IM1OHQH,2026-07-01 10:20:25.543000+00:00,control,41,10,2,2,14,1,0,2,1,1,8,2,1,7,2.222,0.0505
ses_20260701-095337-LAPTOP-0IM1OHQH,2026-07-01 10:21:50.536000+00:00,control,22,7,2,3,1,0,0,1,0,0,8,1,2,6,5.912,0.107
ses_20260701-095337-LAPTOP-0IM1OHQH,2026-07-01 10:06:52.998000+00:00,control,43,9,3,3,15,1,0,2,1,0,8,2,1,9,2.253,0.0545
ses_20260701-095337-LAPTOP-0IM1OHQH,2026-07-01 10:20:21.909000+00:00,control,41,10,2,2,14,1,0,2,1,1,8,2,1,7,2.222,0.0505
ses_20260701-095337-LAPTOP-0IM1OHQH,2026-07-01 09:58:58.038000+00:00,control,19,5,1,1,1,0,0,0,0,0,8,0,1,6,2.815,0.067
ses_20260701-095337-LAPTOP-0IM1OHQH,2026-07-01 10:17:45.399000+00:00,control,41,9,1,1,2,0,0,2,1,1,16,2,1,10,3.139,0.0445
ses_20260701-095337-LAPTOP-0IM1OHQH,2026-07-01 10:06:00.540000+00:00,control,16,3,1,1,0,0,0,0,0,0,10,0,0,5,3.89,0.071
ses_20260701-095337-LAPTOP-0IM1OHQH,2026-07-01 10:07:56.709000+00:00,control,60,9,2,2,15,0,0,2,1,1,18,2,1,13,4.353,0.059
ses_20260701-095337-LAPTOP-0IM1OHQH,2026-07-01 10:17:16.306000+00:00,control,61,9,2,3,15,0,0,3,1,1,18,3,1,12,3.392,0.0465
ses_20260701-095337-LAPTOP-0IM1OHQH,2026-07-01 10:03:43.245000+00:00,control,43,10,2,2,15,1,0,2,1,1,8,2,1,8,1.635,0.0525
ses_20260701-095337-LAPTOP-0IM1OHQH,2026-07-01 10:03:43.203000+00:00,control,43,10,2,2,15,1,0,2,1,1,8,2,1,8,1.635,0.0525
ses_20260701-095337-LAPTOP-0IM1OHQH,2026-07-01 09:59:39.414000+00:00,control,21,6,2,2,0,0,0,1,0,0,8,1,3,5,5.251,0.096
ses_20260701-095337-LAPTOP-0IM1OHQH,2026-07-01 10:13:46.110000+00:00,control,41,8,2,2,15,0,0,2,1,0,8,2,1,8,1.782,0.0515
ses_20260701-095337-LAPTOP-0IM1OHQH,2026-07-01 10:00:36.736000+00:00,control,47,9,1,1,1,0,0,2,1,1,20,2,1,11,3.789,0.046
ses_20260701-095337-LAPTOP-0IM1OHQH,2026-07-01 10:11:43.035000+00:00,control,20,6,2,2,0,0,0,1,0,0,8,1,2,5,5.329,0.134
ses_20260701-095337-LAPTOP-0IM1OHQH,2026-07-01 10:21:08.125000+00:00,control,38,8,1,1,2,0,0,2,1,0,14,2,1,10,2.838,0.044
ses_20260701-095337-LAPTOP-0IM1OHQH,2026-07-01 10:16:51.355000+00:00,control,49,9,1,2,3,0,0,3,1,1,18,3,1,12,4.138,0.0345
ses_20260701-095337-LAPTOP-0IM1OHQH,2026-07-01 10:07:58.858000+00:00,control,58,9,2,2,14,0,0,2,1,1,18,2,1,12,4.353,0.055
ses_20260701-095337-LAPTOP-0IM1OHQH,2026-07-01 10:09:55.649000+00:00,control,45,10,2,3,16,0,0,2,1,0,8,2,1,9,3.599,0.058
ses_20260701-095337-LAPTOP-0IM1OHQH,2026-07-01 10:20:25.423000+00:00,control,41,10,2,2,14,1,0,2,1,1,8,2,1,7,2.222,0.0505
ses_20260701-095337-LAPTOP-0IM1OHQH,2026-07-01 10:15:04.608000+00:00,control,60,9,2,2,16,0,0,2,1,2,16,2,1,13,2.328,0.052
ses_20260701-095337-LAPTOP-0IM1OHQH,2026-07-01 10:13:45.323000+00:00,control,41,8,2,2,15,0,0,2,1,0,8,2,1,8,1.782,0.0515
ses_20260701-095337-LAPTOP-0IM1OHQH,2026-07-01 10:21:47.177000+00:00,control,37,8,2,3,12,0,1,1,0,0,8,1,2,9,5.912,0.0545
ses_20260701-100550-Marcos,2026-07-01 10:26:09.723000+00:00,control,62,9,2,2,14,0,0,3,1,3,18,3,1,12,3.901,0.053
ses_20260701-100550-Marcos,2026-07-01 10:30:55.740000+00:00,control,63,9,2,2,16,0,0,2,1,3,18,2,1,13,4.385,0.048
ses_20260701-100550-Marcos,2026-07-01 10:13:54.777000+00:00,control,25,5,1,1,2,0,0,0,0,1,12,0,0,5,3.182,0.025
ses_20260701-100550-Marcos,2026-07-01 10:32:38.554000+00:00,control,31,9,1,1,1,0,0,2,1,3,10,2,1,7,2.483,0.044
ses_20260701-100550-Marcos,2026-07-01 10:15:15.131000+00:00,control,49,8,1,2,3,0,0,2,0,1,20,2,1,12,4.487,0.051500000000000004
ses_20260701-100550-Marcos,2026-07-01 10:31:20.872000+00:00,control,64,8,1,2,13,0,0,2,0,2,22,2,1,13,3.387,0.053
ses_20260701-100550-Marcos,2026-07-01 10:32:36.616000+00:00,control,32,9,1,1,1,0,0,2,1,3,10,2,1,8,3.621,0.05
ses_20260701-100550-Marcos,2026-07-01 10:28:11.606000+00:00,control,45,9,3,3,16,0,0,2,1,2,8,2,1,9,1.823,0.056
ses_20260701-100550-Marcos,2026-07-01 10:12:47.770000+00:00,control,45,12,2,3,14,1,1,2,1,1,8,2,1,9,1.712,0.056
ses_20260701-100550-Marcos,2026-07-01 10:26:08.653000+00:00,control,64,9,2,3,15,0,0,3,1,3,18,3,1,13,3.901,0.053
ses_20260701-100550-Marcos,2026-07-01 10:23:44.771000+00:00,control,53,9,1,1,2,0,0,2,1,3,22,2,1,11,3.4,0.035
ses_20260701-100550-Marcos,2026-07-01 10:26:09.243000+00:00,control,64,9,2,3,15,0,0,3,1,3,18,3,1,13,3.901,0.053
ses_20260701-100550-Marcos,2026-07-01 10:31:30.662000+00:00,control,35,9,2,2,2,0,0,2,1,1,12,2,1,8,3.041,0.036
ses_20260701-100550-Marcos,2026-07-01 10:19:16.197000+00:00,control,47,8,1,2,2,0,0,2,0,2,20,2,1,10,4.571,0.054
ses_20260701-100550-Marcos,2026-07-01 10:12:30.180000+00:00,control,2,2,1,1,1,0,0,0,0,0,0,0,0,1,0.018,0.018
ses_20260701-100550-Marcos,2026-07-01 10:26:16.980000+00:00,control,44,9,2,2,13,0,0,2,1,2,10,2,1,9,2.082,0.054
ses_20260701-100550-Marcos,2026-07-01 10:12:52.666000+00:00,control,88,13,2,3,14,1,1,3,1,1,46,3,1,11,4.223,0.042
ses_20260701-100550-Marcos,2026-07-01 10:10:46.124000+00:00,control,46,10,2,2,16,1,0,2,1,2,8,2,1,9,2.393,0.056
ses_20260701-100550-Marcos,2026-07-01 10:26:12.990000+00:00,control,53,9,2,2,13,0,0,2,1,2,16,2,1,10,3.901,0.051000000000000004
ses_20260701-100550-Marcos,2026-07-01 10:25:38.773000+00:00,control,52,9,1,1,2,0,0,2,1,1,22,2,1,12,3.593,0.03
ses_20260701-100550-Marcos,2026-07-01 10:13:47.777000+00:00,control,48,9,1,1,3,0,1,1,0,2,20,1,1,11,3.182,0.055
ses_20260701-100550-Marcos,2026-07-01 10:27:24.617000+00:00,control,16,3,1,1,0,0,0,0,0,0,10,0,0,5,4.585,0.122
ses_20260701-100550-Marcos,2026-07-01 10:26:09.723000+00:00,control,62,9,2,2,14,0,0,3,1,3,18,3,1,12,3.901,0.053
ses_20260701-100550-Marcos,2026-07-01 10:13:01.147000+00:00,control,97,12,2,3,1,1,2,4,3,1,66,4,0,10,4.223,0.031
ses_20260701-100550-Marcos,2026-07-01 10:13:01.459000+00:00,control,97,12,2,3,1,1,2,4,3,1,66,4,0,10,4.223,0.031
ses_20260701-100550-Marcos,2026-07-01 10:17:58.754000+00:00,control,42,9,2,2,15,1,0,2,1,0,8,2,1,8,2.262,0.049
ses_20260701-100550-Marcos,2026-07-01 10:25:41.323000+00:00,control,47,9,1,1,1,0,1,2,1,0,20,2,1,11,3.593,0.0305
ses_20260701-100550-Marcos,2026-07-01 10:23:42.883000+00:00,control,53,9,1,1,2,0,0,2,1,3,22,2,1,11,3.4,0.035
ses_20260701-100550-Marcos,2026-07-01 10:12:54.483000+00:00,control,120,13,2,3,14,1,1,4,2,1,72,4,1,13,4.223,0.036
ses_20260701-100550-Marcos,2026-07-01 10:13:48.231000+00:00,control,48,9,1,1,3,0,1,1,0,2,20,1,1,11,3.182,0.055
ses_20260701-100550-Marcos,2026-07-01 10:32:01.676000+00:00,control,62,8,2,2,15,0,0,2,0,1,20,2,2,12,4.767,0.049
ses_20260701-100550-Marcos,2026-07-01 10:27:43.055000+00:00,control,8,5,1,1,2,0,0,0,0,1,2,0,0,2,1.016,0.121
ses_20260701-100550-Marcos,2026-07-01 10:25:31.274000+00:00,control,66,7,1,2,26,0,0,1,0,1,18,1,0,12,3.593,0.034
ses_20260701-100550-Marcos,2026-07-01 10:12:49.751000+00:00,control,45,12,2,3,14,1,1,2,1,1,8,2,1,9,1.712,0.056
ses_20260701-100550-Marcos,2026-07-01 10:25:40.378000+00:00,control,52,10,1,1,1,0,1,2,1,1,22,2,1,12,3.593,0.031
ses_20260701-100550-Marcos,2026-07-01 10:23:44.721000+00:00,control,53,9,1,1,2,0,0,2,1,3,22,2,1,11,3.4,0.035
ses_20260701-100550-Marcos,2026-07-01 10:10:44.813000+00:00,control,46,10,2,2,16,1,0,2,1,2,8,2,1,9,2.393,0.056
ses_20260701-100550-Marcos,2026-07-01 10:24:10.539000+00:00,control,21,4,2,2,1,0,0,0,0,0,12,0,0,7,2.996,0.10500000000000001
ses_20260701-100550-Marcos,2026-07-01 10:13:00.737000+00:00,control,103,12,2,3,6,1,2,4,3,1,66,4,0,11,4.223,0.038
ses_20260701-100550-Marcos,2026-07-01 10:25:40.846000+00:00,control,48,10,1,1,1,0,1,2,1,1,20,2,1,11,3.593,0.031
ses_20260701-100550-Marcos,2026-07-01 10:22:16.368000+00:00,control,63,9,2,2,16,0,0,2,1,2,18,2,2,13,4.208,0.0545
ses_20260701-100550-Marcos,2026-07-01 10:24:12.550000+00:00,control,19,3,1,1,0,0,0,0,0,0,12,0,0,6,2.942,0.101
ses_20260701-100550-Marcos,2026-07-01 10:10:44.924000+00:00,control,46,10,2,2,16,1,0,2,1,2,8,2,1,9,2.393,0.056
ses_20260701-100550-Marcos,2026-07-01 10:26:15.121000+00:00,control,44,9,2,2,13,0,0,2,1,2,10,2,1,9,2.082,0.054
ses_20260701-100550-Marcos,2026-07-01 10:24:16.863000+00:00,control,16,3,1,1,0,0,0,0,0,0,10,0,0,5,2.942,0.091
ses_20260701-100550-Marcos,2026-07-01 10:30:56.997000+00:00,control,65,9,2,2,17,0,0,2,1,3,18,2,1,14,4.385,0.049
ses_20260701-100550-Marcos,2026-07-01 10:16:32.303000+00:00,control,41,9,1,1,1,0,0,2,1,1,16,2,1,11,4.569,0.028
ses_20260701-100550-Marcos,2026-07-01 10:32:03.999000+00:00,control,65,9,2,2,15,0,0,2,1,1,22,2,1,12,4.767,0.049
ses_20260701-100550-Marcos,2026-07-01 10:08:29.885000+00:00,control,45,9,2,2,16,0,0,2,1,2,8,2,1,9,2.746,0.0535
ses_20260701-100550-Marcos,2026-07-01 10:21:22.430000+00:00,control,54,9,2,2,13,0,0,2,1,1,16,2,2,11,4.166,0.054
ses_20260701-100550-Marcos,2026-07-01 10:15:18.350000+00:00,control,53,9,1,1,2,0,0,2,1,1,22,2,1,13,4.487,0.048
ses_20260701-100550-Marcos,2026-07-01 10:07:30.200000+00:00,control,43,11,2,3,14,1,0,2,1,1,8,2,1,8,1.642,0.043
ses_20260701-100550-Marcos,2026-07-01 10:32:32.656000+00:00,control,48,9,1,1,2,0,0,2,1,4,18,2,1,11,3.621,0.05
ses_20260701-100550-Marcos,2026-07-01 10:27:28.121000+00:00,control,13,3,1,1,0,0,0,0,0,0,8,0,0,4,4.585,0.13
ses_20260701-100550-Marcos,2026-07-01 10:10:50.838000+00:00,control,44,10,2,2,15,1,0,2,1,2,8,2,1,8,2.393,0.056
ses_20260701-100550-Marcos,2026-07-01 10:10:44.316000+00:00,control,46,10,2,2,16,1,0,2,1,2,8,2,1,9,2.393,0.056
ses_20260701-100550-Marcos,2026-07-01 10:22:42.202000+00:00,control,31,8,1,1,1,0,0,2,1,0,12,2,1,8,4.843,0.0335
ses_20260701-100550-Marcos,2026-07-01 10:18:22.489000+00:00,control,59,8,1,2,15,0,0,1,0,1,20,1,1,12,3.294,0.0495
ses_20260701-100550-Marcos,2026-07-01 10:31:30.295000+00:00,control,35,9,2,2,2,0,0,2,1,1,12,2,1,8,3.041,0.036
ses_20260701-100550-Marcos,2026-07-01 10:10:46.654000+00:00,control,46,10,2,2,16,1,0,2,1,2,8,2,1,9,2.393,0.056
ses_20260701-100550-Marcos,2026-07-01 10:26:12.701000+00:00,control,54,9,2,2,13,0,0,2,1,3,16,2,1,10,3.901,0.053
ses_20260701-100550-Marcos,2026-07-01 10:10:46.001000+00:00,control,46,10,2,2,16,1,0,2,1,2,8,2,1,9,2.393,0.056
ses_20260701-100550-Marcos,2026-07-01 10:10:48.283000+00:00,control,46,10,2,2,16,1,0,2,1,2,8,2,1,9,2.393,0.056
ses_20260701-100550-Marcos,2026-07-01 10:24:35.935000+00:00,control,8,5,2,2,2,0,0,0,0,1,2,0,0,2,0.97,0.088
ses_20260701-103521-LAPTOP-0IM1OHQH,2026-07-01 10:36:45.268000+00:00,control,63,10,2,2,17,0,0,2,1,1,18,2,1,13,3.354,0.049
ses_20260701-103521-LAPTOP-0IM1OHQH,2026-07-01 10:44:26.223000+00:00,control,46,9,3,3,17,0,0,2,1,1,8,2,1,10,1.911,0.057
ses_20260701-103521-LAPTOP-0IM1OHQH,2026-07-01 10:47:52.453000+00:00,control,37,8,2,2,3,0,0,1,0,1,16,1,0,7,3.547,0.0345
ses_20260701-103521-LAPTOP-0IM1OHQH,2026-07-01 10:41:22.232000+00:00,control,63,7,2,3,17,0,0,2,0,0,20,2,1,13,4.148,0.0505
ses_20260701-103521-LAPTOP-0IM1OHQH,2026-07-01 10:40:38.735000+00:00,control,5,3,1,1,1,0,0,0,0,0,2,0,0,2,9.276,0.14500000000000002
ses_20260701-103521-LAPTOP-0IM1OHQH,2026-07-01 10:54:25.320000+00:00,control,58,7,2,3,14,0,0,1,0,1,20,1,0,13,3.054,0.054
ses_20260701-103521-LAPTOP-0IM1OHQH,2026-07-01 10:54:27.607000+00:00,control,44,5,2,2,4,0,0,0,0,1,20,0,0,11,3.054,0.04
ses_20260701-103521-LAPTOP-0IM1OHQH,2026-07-01 10:48:11.531000+00:00,control,31,9,3,3,14,0,0,2,1,1,2,2,1,7,1.686,0.0485
ses_20260701-103521-LAPTOP-0IM1OHQH,2026-07-01 10:46:45.303000+00:00,control,36,8,1,1,1,0,0,2,1,0,14,2,1,9,3.049,0.038
ses_20260701-103521-LAPTOP-0IM1OHQH,2026-07-01 10:46:48.082000+00:00,control,36,8,1,1,1,0,0,2,1,0,14,2,1,9,3.049,0.038
ses_20260701-103521-LAPTOP-0IM1OHQH,2026-07-01 10:48:17.995000+00:00,control,31,9,3,3,14,0,0,2,1,1,2,2,1,7,1.686,0.0485
ses_20260701-103521-LAPTOP-0IM1OHQH,2026-07-01 10:46:45.530000+00:00,control,36,8,1,1,1,0,0,2,1,0,14,2,1,9,3.049,0.038
ses_20260701-103521-LAPTOP-0IM1OHQH,2026-07-01 10:46:45.357000+00:00,control,36,8,1,1,1,0,0,2,1,0,14,2,1,9,3.049,0.038
ses_20260701-103521-LAPTOP-0IM1OHQH,2026-07-01 10:38:42.042000+00:00,control,14,4,2,2,2,0,0,0,0,0,6,0,0,3,7.882,0.079
ses_20260701-103521-LAPTOP-0IM1OHQH,2026-07-01 10:55:18.300000+00:00,control,33,9,1,1,1,0,1,2,1,0,12,2,1,9,3.574,0.038500000000000006
ses_20260701-103521-LAPTOP-0IM1OHQH,2026-07-01 10:54:32.815000+00:00,control,28,5,2,2,3,0,0,0,0,1,12,0,0,7,2.229,0.059
ses_20260701-103521-LAPTOP-0IM1OHQH,2026-07-01 10:52:12.688000+00:00,control,49,8,1,1,1,0,0,2,1,0,22,2,1,11,3.038,0.0465
ses_20260701-103521-LAPTOP-0IM1OHQH,2026-07-01 10:40:29.334000+00:00,control,30,7,2,3,8,0,0,1,0,0,8,1,2,7,9.276,0.08
ses_20260701-103521-LAPTOP-0IM1OHQH,2026-07-01 10:54:30.664000+00:00,control,38,5,2,2,3,0,0,0,0,1,18,0,0,9,3.054,0.035
ses_20260701-103521-LAPTOP-0IM1OHQH,2026-07-01 10:46:10.682000+00:00,control,39,9,3,4,4,0,0,2,1,0,10,2,3,11,7.957,0.07200000000000001
ses_20260701-103521-LAPTOP-0IM1OHQH,2026-07-01 10:40:25.639000+00:00,control,49,7,2,3,25,0,0,1,0,0,8,1,2,9,4.674,0.053
ses_20260701-103521-LAPTOP-0IM1OHQH,2026-07-01 10:41:21.585000+00:00,control,63,7,2,3,19,0,0,1,0,0,20,1,1,13,4.148,0.0505
ses_20260701-103521-LAPTOP-0IM1OHQH,2026-07-01 10:52:12.686000+00:00,control,49,8,1,1,1,0,0,2,1,0,22,2,1,11,3.038,0.0465
ses_20260701-103521-LAPTOP-0IM1OHQH,2026-07-01 10:46:51.604000+00:00,control,29,8,1,1,1,0,0,2,1,0,10,2,1,7,2.302,0.0335
ses_20260701-103521-LAPTOP-0IM1OHQH,2026-07-01 10:52:07.654000+00:00,control,50,7,1,2,5,0,0,2,0,0,20,2,1,12,3.109,0.056
ses_20260701-103521-LAPTOP-0IM1OHQH,2026-07-01 10:40:28.361000+00:00,control,35,7,2,3,13,0,0,1,0,0,8,1,2,7,4.674,0.0545
ses_20260701-103521-LAPTOP-0IM1OHQH,2026-07-01 10:42:59.846000+00:00,control,16,4,3,3,3,0,0,0,0,0,6,0,0,4,8.029,0.06
ses_20260701-103521-LAPTOP-0IM1OHQH,2026-07-01 10:35:51.144000+00:00,control,60,9,2,2,20,0,1,2,0,1,16,2,1,11,3.756,0.051
ses_20260701-103521-LAPTOP-0IM1OHQH,2026-07-01 10:36:44.788000+00:00,control,62,10,2,2,16,0,0,2,1,1,18,2,1,13,3.354,0.049
ses_20260701-103521-LAPTOP-0IM1OHQH,2026-07-01 10:44:30.638000+00:00,control,44,9,3,3,16,0,0,2,1,1,8,2,1,9,1.911,0.053
ses_20260701-103521-LAPTOP-0IM1OHQH,2026-07-01 10:48:51.768000+00:00,control,63,9,2,2,15,0,0,2,1,2,20,2,1,12,4.205,0.0365
ses_20260701-103521-LAPTOP-0IM1OHQH,2026-07-01 10:55:14.437000+00:00,control,49,9,1,1,2,0,1,3,1,0,18,3,2,12,3.574,0.035500000000000004
ses_20260701-103521-LAPTOP-0IM1OHQH,2026-07-01 10:52:33.710000+00:00,control,59,7,2,2,15,0,0,1,0,0,20,1,2,12,3.204,0.053
ses_20260701-103521-LAPTOP-0IM1OHQH,2026-07-01 10:48:12.233000+00:00,control,31,9,3,3,14,0,0,2,1,1,2,2,1,7,1.686,0.0485
ses_20260701-103521-LAPTOP-0IM1OHQH,2026-07-01 10:52:09.981000+00:00,control,51,8,1,1,2,0,0,2,1,0,22,2,1,12,3.038,0.0465
ses_20260701-103521-LAPTOP-0IM1OHQH,2026-07-01 10:46:45.779000+00:00,control,36,8,1,1,1,0,0,2,1,0,14,2,1,9,3.049,0.038
ses_20260701-103521-LAPTOP-0IM1OHQH,2026-07-01 10:43:31.960000+00:00,control,62,8,1,2,15,0,0,3,1,0,18,3,1,14,3.02,0.05
ses_20260701-103521-LAPTOP-0IM1OHQH,2026-07-01 10:43:57.484000+00:00,control,21,6,2,2,0,0,0,1,0,0,8,1,3,5,6.191,0.0925
ses_20260701-103521-LAPTOP-0IM1OHQH,2026-07-01 10:48:51.116000+00:00,control,67,9,2,2,15,0,0,2,1,2,22,2,1,13,4.205,0.0365
ses_20260701-103521-LAPTOP-0IM1OHQH,2026-07-01 10:46:10.434000+00:00,control,36,9,3,4,4,0,0,2,1,0,10,2,1,10,7.957,0.084
ses_20260701-103521-LAPTOP-0IM1OHQH,2026-07-01 10:40:54.050000+00:00,control,48,8,2,2,17,0,0,2,1,0,10,2,1,10,1.8,0.054
ses_20260701-103521-LAPTOP-0IM1OHQH,2026-07-01 10:44:24.497000+00:00,control,46,9,3,3,17,0,0,2,1,1,8,2,1,10,1.911,0.057
ses_20260701-103521-LAPTOP-0IM1OHQH,2026-07-01 10:41:51.656000+00:00,control,44,8,1,2,7,0,0,3,1,0,14,3,1,10,4.621,0.037
ses_20260701-103521-LAPTOP-0IM1OHQH,2026-07-01 10:40:04.278000+00:00,control,57,8,1,2,13,0,0,3,1,0,16,3,1,14,3.819,0.053
ses_20260701-103521-LAPTOP-0IM1OHQH,2026-07-01 10:54:32.780000+00:00,control,28,5,2,2,3,0,0,0,0,1,12,0,0,7,2.229,0.059
ses_20260701-103521-LAPTOP-0IM1OHQH,2026-07-01 10:48:11.485000+00:00,control,31,9,3,3,14,0,0,2,1,1,2,2,1,7,1.686,0.0485
ses_20260701-103521-LAPTOP-0IM1OHQH,2026-07-01 10:53:43.543000+00:00,control,43,9,2,2,2,1,0,2,1,0,16,2,1,12,3.612,0.055
ses_20260701-103521-LAPTOP-0IM1OHQH,2026-07-01 10:36:21.487000+00:00,control,48,9,1,2,3,0,0,3,1,1,18,3,1,11,3.921,0.043
ses_20260701-103521-LAPTOP-0IM1OHQH,2026-07-01 10:43:54.448000+00:00,control,23,7,2,2,0,0,1,1,0,0,8,1,3,6,6.191,0.126
ses_20260701-103521-LAPTOP-0IM1OHQH,2026-07-01 10:42:38.752000+00:00,control,47,8,2,3,22,0,1,1,0,0,8,1,2,9,5.642,0.0555
ses_20260701-103521-LAPTOP-0IM1OHQH,2026-07-01 10:38:27.853000+00:00,control,44,9,2,3,17,1,1,1,0,0,8,1,2,10,2.722,0.06
ses_20260701-103521-LAPTOP-0IM1OHQH,2026-07-01 10:39:16.346000+00:00,control,21,6,1,2,2,0,0,1,0,0,8,1,0,6,3.281,0.0905
ses_20260701-103521-LAPTOP-0IM1OHQH,2026-07-01 10:53:13.073000+00:00,control,55,10,2,3,7,0,0,2,1,0,16,2,4,14,3.057,0.041
ses_20260701-103521-LAPTOP-0IM1OHQH,2026-07-01 10:37:08.925000+00:00,control,58,8,1,2,14,0,0,3,1,0,16,3,1,14,3.758,0.054
ses_20260701-103521-LAPTOP-0IM1OHQH,2026-07-01 10:48:16.247000+00:00,control,31,9,3,3,14,0,0,2,1,1,2,2,1,7,1.686,0.0485
ses_20260701-103853-Marcos,2026-07-01 10:55:14.479000+00:00,control,24,7,1,2,2,0,0,1,0,0,8,1,3,6,3.011,0.059
ses_20260701-103853-Marcos,2026-07-01 10:58:33.693000+00:00,control,47,8,2,3,4,0,0,1,0,1,20,1,1,11,4.418,0.0455
ses_20260701-103853-Marcos,2026-07-01 10:59:20.756000+00:00,control,52,8,1,1,2,0,0,1,0,2,22,1,2,13,4.723,0.043
ses_20260701-103853-Marcos,2026-07-01 10:39:52.099000+00:00,control,113,11,1,2,15,0,2,4,2,0,66,4,1,14,3.037,0.035500000000000004
ses_20260701-103853-Marcos,2026-07-01 10:43:24.845000+00:00,control,53,9,1,1,2,0,0,2,1,1,22,2,1,13,3.465,0.052
ses_20260701-103853-Marcos,2026-07-01 11:00:01.631000+00:00,control,12,5,1,1,2,0,3,0,0,0,0,0,0,3,3.398,0.112
ses_20260701-103853-Marcos,2026-07-01 10:39:52.033000+00:00,control,113,11,1,2,15,0,2,4,2,0,66,4,1,14,3.037,0.035500000000000004
ses_20260701-103853-Marcos,2026-07-01 10:48:36.083000+00:00,control,46,9,2,2,16,0,0,2,1,2,8,2,1,10,3.022,0.046
ses_20260701-103853-Marcos,2026-07-01 10:50:46.827000+00:00,control,60,8,2,3,16,0,0,1,0,1,20,1,1,12,3.458,0.05
ses_20260701-103853-Marcos,2026-07-01 10:42:57.513000+00:00,control,45,9,1,2,2,0,0,3,1,1,16,3,1,12,3.392,0.056999999999999995
ses_20260701-103853-Marcos,2026-07-01 10:53:13.151000+00:00,control,38,9,1,1,1,0,0,2,1,2,14,2,1,9,2.428,0.028
ses_20260701-103853-Marcos,2026-07-01 10:41:57.728000+00:00,control,38,7,1,1,0,0,0,2,1,0,16,2,1,10,3.261,0.053
ses_20260701-103853-Marcos,2026-07-01 10:39:52.235000+00:00,control,113,11,1,2,15,0,2,4,2,0,66,4,1,14,3.037,0.035500000000000004
ses_20260701-103853-Marcos,2026-07-01 10:40:03.341000+00:00,control,74,14,3,5,20,0,1,1,1,0,30,1,2,12,3.037,0.041
ses_20260701-103853-Marcos,2026-07-01 10:51:52.925000+00:00,control,41,9,1,1,1,0,0,2,1,1,16,2,1,11,3.522,0.0505
ses_20260701-103853-Marcos,2026-07-01 10:46:15.757000+00:00,control,38,8,1,2,13,0,1,1,0,0,8,1,3,8,2.783,0.037
ses_20260701-103853-Marcos,2026-07-01 10:59:30.445000+00:00,control,35,9,1,1,1,0,0,2,1,2,12,2,1,8,3.092,0.0295
ses_20260701-103853-Marcos,2026-07-01 10:54:26.212000+00:00,control,63,9,2,2,17,0,0,2,1,3,18,2,1,12,4.243,0.0525
ses_20260701-103853-Marcos,2026-07-01 10:46:29.760000+00:00,control,47,9,2,2,15,0,0,2,1,2,10,2,1,10,8.208,0.041
ses_20260701-103853-Marcos,2026-07-01 10:54:26.398000+00:00,control,64,9,2,2,17,0,0,2,1,3,18,2,1,13,4.243,0.054
ses_20260701-103853-Marcos,2026-07-01 10:46:53.675000+00:00,control,64,9,1,2,15,0,0,3,1,3,18,3,1,13,3.412,0.045
ses_20260701-103853-Marcos,2026-07-01 10:43:21.039000+00:00,control,59,7,1,2,15,0,0,1,0,0,20,1,1,13,3.465,0.056
ses_20260701-103853-Marcos,2026-07-01 10:46:18.735000+00:00,control,31,7,2,3,8,0,0,1,0,0,8,1,3,7,8.208,0.0465
ses_20260701-103853-Marcos,2026-07-01 10:40:04.034000+00:00,control,64,14,3,5,11,0,1,1,1,0,30,1,2,11,3.037,0.036
ses_20260701-103853-Marcos,2026-07-01 10:58:04.988000+00:00,control,50,8,1,2,5,0,0,1,0,3,20,1,1,11,4.247,0.047
ses_20260701-103853-Marcos,2026-07-01 10:53:06.606000+00:00,control,51,8,2,2,8,0,0,1,0,1,20,1,1,11,4.542,0.046
ses_20260701-103853-Marcos,2026-07-01 10:41:58.412000+00:00,control,34,7,1,1,0,0,0,2,1,0,14,2,1,9,3.261,0.053
ses_20260701-103853-Marcos,2026-07-01 10:48:39.645000+00:00,control,46,9,2,2,16,0,0,2,1,2,8,2,1,10,3.022,0.046
ses_20260701-103853-Marcos,2026-07-01 10:46:18.612000+00:00,control,33,7,2,3,10,0,0,1,0,0,8,1,3,7,8.208,0.0465
ses_20260701-103853-Marcos,2026-07-01 10:45:42.099000+00:00,control,39,7,1,2,14,0,0,1,0,0,8,1,4,8,2.808,0.0605
ses_20260701-103853-Marcos,2026-07-01 10:39:52.365000+00:00,control,113,11,1,2,15,0,2,4,2,0,66,4,1,14,3.037,0.035500000000000004
ses_20260701-103853-Marcos,2026-07-01 10:53:19.007000+00:00,control,31,9,1,1,1,0,0,2,1,2,10,2,1,7,2.428,0.0305
ses_20260701-103853-Marcos,2026-07-01 10:55:12.184000+00:00,control,38,7,1,2,14,0,0,1,0,0,8,1,3,8,3.011,0.039
ses_20260701-103853-Marcos,2026-07-01 10:59:32.085000+00:00,control,31,9,1,1,1,0,0,2,1,2,10,2,1,7,3.092,0.0295
ses_20260701-103853-Marcos,2026-07-01 10:41:18.334000+00:00,control,41,8,2,3,16,1,1,1,0,0,8,1,0,10,2.913,0.051500000000000004
ses_20260701-103853-Marcos,2026-07-01 10:56:13.797000+00:00,control,63,8,2,3,17,0,0,3,1,0,18,3,1,13,3.443,0.0505
ses_20260701-103853-Marcos,2026-07-01 10:58:37.468000+00:00,control,43,6,2,2,3,0,0,0,0,1,20,0,1,10,4.418,0.0385
ses_20260701-103853-Marcos,2026-07-01 10:50:20.148000+00:00,control,52,8,1,1,2,0,0,2,0,2,22,2,1,12,3.094,0.044
ses_20260701-103853-Marcos,2026-07-01 10:53:18.938000+00:00,control,31,9,1,1,1,0,0,2,1,2,10,2,1,7,2.428,0.0305
ses_20260701-103853-Marcos,2026-07-01 10:51:25.452000+00:00,control,49,9,1,1,2,0,0,3,1,2,18,3,2,11,3.05,0.05
ses_20260701-103853-Marcos,2026-07-01 10:39:52.057000+00:00,control,113,11,1,2,15,0,2,4,2,0,66,4,1,14,3.037,0.035500000000000004
ses_20260701-103853-Marcos,2026-07-01 10:47:27.074000+00:00,control,50,9,2,2,14,0,0,2,1,2,12,2,1,11,7.688,0.056
ses_20260701-103853-Marcos,2026-07-01 10:57:01.212000+00:00,control,36,8,1,1,2,0,0,1,0,1,16,1,1,8,3.451,0.06
ses_20260701-103853-Marcos,2026-07-01 10:58:33.691000+00:00,control,47,8,2,3,4,0,0,1,0,1,20,1,1,11,4.418,0.0455
ses_20260701-103853-Marcos,2026-07-01 10:48:33.013000+00:00,control,46,9,2,2,16,0,0,2,1,2,8,2,1,10,3.022,0.046
ses_20260701-103853-Marcos,2026-07-01 10:53:07.175000+00:00,control,49,8,2,2,3,0,0,2,0,2,20,2,1,11,4.542,0.0305
ses_20260701-103853-Marcos,2026-07-01 10:58:43.080000+00:00,control,29,6,2,2,3,0,0,0,0,1,12,0,1,7,3.088,0.0525
ses_20260701-103853-Marcos,2026-07-01 10:48:39.739000+00:00,control,46,9,2,2,16,0,0,2,1,2,8,2,1,10,3.022,0.046
ses_20260701-103853-Marcos,2026-07-01 10:48:37.238000+00:00,control,46,9,2,2,16,0,0,2,1,2,8,2,1,10,3.022,0.046
ses_20260701-103853-Marcos,2026-07-01 10:40:07.159000+00:00,control,25,10,3,4,7,0,1,0,0,0,4,0,1,7,3.037,0.07050000000000001
ses_20260701-103853-Marcos,2026-07-01 10:48:32.785000+00:00,control,45,9,2,2,16,0,0,2,1,2,8,2,1,9,3.022,0.0465
ses_20260701-103853-Marcos,2026-07-01 10:41:21.449000+00:00,control,35,7,3,4,8,1,0,1,0,0,10,1,0,10,6.588,0.0955
ses_20260701-103853-Marcos,2026-07-01 10:53:13.118000+00:00,control,38,9,1,1,1,0,0,2,1,2,14,2,1,9,2.428,0.028
ses_20260701-103853-Marcos,2026-07-01 10:50:58.151000+00:00,control,48,9,3,3,15,0,0,2,1,2,10,2,1,10,2.451,0.05
ses_20260701-103853-Marcos,2026-07-01 10:43:21.683000+00:00,control,55,7,1,2,9,0,0,2,0,0,20,2,1,13,3.465,0.0565
ses_20260701-103853-Marcos,2026-07-01 10:42:00.163000+00:00,control,24,7,1,1,0,0,0,2,1,0,8,2,1,7,1.799,0.053
ses_20260701-103853-Marcos,2026-07-01 10:59:22.546000+00:00,control,54,9,1,1,2,0,0,2,1,2,22,2,1,13,4.723,0.043
ses_20260701-103853-Marcos,2026-07-01 10:40:04.398000+00:00,control,60,14,3,5,8,0,1,1,1,0,30,1,2,10,3.037,0.035
ses_20260701-103853-Marcos,2026-07-01 10:50:56.780000+00:00,control,52,9,3,3,15,0,0,2,1,2,12,2,1,11,3.458,0.05
ses_20260701-110548-LAPTOP-0IM1OHQH,2026-07-01 11:08:36.785000+00:00,control,8,5,1,1,1,0,0,0,0,2,2,0,0,2,1.277,0.063
ses_20260701-110548-LAPTOP-0IM1OHQH,2026-07-01 11:22:41.696000+00:00,control,43,9,2,2,16,0,0,2,1,1,8,2,1,8,1.963,0.054
ses_20260701-110548-LAPTOP-0IM1OHQH,2026-07-01 11:17:21.307000+00:00,control,43,6,2,3,22,0,1,1,0,0,8,1,0,10,2.627,0.057
ses_20260701-110548-LAPTOP-0IM1OHQH,2026-07-01 11:17:26.700000+00:00,control,24,4,2,2,1,0,0,0,0,0,14,0,0,8,4.17,0.088
ses_20260701-110548-LAPTOP-0IM1OHQH,2026-07-01 11:22:24.499000+00:00,control,2,2,1,1,1,0,0,0,0,0,0,0,0,1,0.041,0.041
ses_20260701-110548-LAPTOP-0IM1OHQH,2026-07-01 11:20:55.737000+00:00,control,40,9,2,2,16,0,0,2,1,1,6,2,1,9,5.028,0.051
ses_20260701-110548-LAPTOP-0IM1OHQH,2026-07-01 11:11:38.006000+00:00,control,54,9,2,2,16,0,0,2,1,1,14,2,1,11,3.322,0.056
ses_20260701-110548-LAPTOP-0IM1OHQH,2026-07-01 11:16:46.601000+00:00,control,61,9,1,2,15,0,0,3,1,2,16,3,1,14,3.186,0.0515
ses_20260701-110548-LAPTOP-0IM1OHQH,2026-07-01 11:15:15.012000+00:00,control,54,9,2,2,16,0,0,2,1,1,14,2,1,11,3.375,0.052
ses_20260701-110548-LAPTOP-0IM1OHQH,2026-07-01 11:15:18.004000+00:00,control,51,9,2,2,16,0,0,2,1,1,12,2,1,10,3.375,0.0515
ses_20260701-110548-LAPTOP-0IM1OHQH,2026-07-01 11:13:57.834000+00:00,control,34,9,1,1,1,0,0,3,1,1,12,3,1,8,3.877,0.072
ses_20260701-110548-LAPTOP-0IM1OHQH,2026-07-01 11:16:19.884000+00:00,control,105,12,1,2,8,0,1,4,2,1,66,4,1,14,2.132,0.042
ses_20260701-110548-LAPTOP-0IM1OHQH,2026-07-01 11:25:37.230000+00:00,control,47,9,1,1,2,0,0,3,1,1,18,3,2,10,3.769,0.07150000000000001
ses_20260701-110548-LAPTOP-0IM1OHQH,2026-07-01 11:09:12.488000+00:00,control,41,9,2,2,12,0,0,2,1,1,8,2,1,10,2.664,0.1155
ses_20260701-110548-LAPTOP-0IM1OHQH,2026-07-01 11:18:20.939000+00:00,control,42,9,2,2,12,0,0,2,1,1,8,2,1,11,2.099,0.074
ses_20260701-110548-LAPTOP-0IM1OHQH,2026-07-01 11:16:23.646000+00:00,control,97,10,1,2,9,0,2,2,1,0,64,2,1,12,3.888,0.042
ses_20260701-110548-LAPTOP-0IM1OHQH,2026-07-01 11:10:27.654000+00:00,control,58,9,2,2,13,0,0,2,1,0,18,2,1,13,3.64,0.053
ses_20260701-110548-LAPTOP-0IM1OHQH,2026-07-01 11:20:56.278000+00:00,control,40,9,2,2,16,0,0,2,1,1,6,2,1,9,5.028,0.051
ses_20260701-110548-LAPTOP-0IM1OHQH,2026-07-01 11:13:31.964000+00:00,control,46,9,2,2,17,0,0,2,1,1,8,2,1,10,1.989,0.055
ses_20260701-110548-LAPTOP-0IM1OHQH,2026-07-01 11:08:17.383000+00:00,control,15,6,1,2,2,1,0,0,0,0,8,0,0,2,3.127,0.027
ses_20260701-110548-LAPTOP-0IM1OHQH,2026-07-01 11:15:19.802000+00:00,control,47,9,2,2,16,0,0,2,1,1,10,2,1,9,2.213,0.0515
ses_20260701-110548-LAPTOP-0IM1OHQH,2026-07-01 11:16:23.784000+00:00,control,99,10,1,2,10,0,2,2,1,0,64,2,1,13,3.888,0.042
ses_20260701-110548-LAPTOP-0IM1OHQH,2026-07-01 11:26:07.851000+00:00,control,51,9,2,2,13,0,1,2,1,0,14,2,1,11,2.625,0.077
ses_20260701-110548-LAPTOP-0IM1OHQH,2026-07-01 11:24:19.404000+00:00,control,49,7,2,3,6,0,0,1,0,0,20,1,1,12,4.115,0.0505
ses_20260701-110548-LAPTOP-0IM1OHQH,2026-07-01 11:24:19.403000+00:00,control,49,7,2,3,6,0,0,1,0,0,20,1,1,12,4.115,0.0505
ses_20260701-110548-LAPTOP-0IM1OHQH,2026-07-01 11:07:49.631000+00:00,control,44,9,1,2,2,0,0,3,1,1,16,3,1,11,4.63,0.053
ses_20260701-110548-LAPTOP-0IM1OHQH,2026-07-01 11:09:11.744000+00:00,control,39,9,2,2,11,0,0,2,1,1,8,2,1,9,1.684,0.1155
ses_20260701-110548-LAPTOP-0IM1OHQH,2026-07-01 11:13:31.361000+00:00,control,46,9,2,2,17,0,0,2,1,1,8,2,1,10,1.989,0.055
ses_20260701-110548-LAPTOP-0IM1OHQH,2026-07-01 11:23:52.965000+00:00,control,59,9,1,2,12,0,0,3,1,1,18,3,1,13,3.299,0.0695
ses_20260701-110548-LAPTOP-0IM1OHQH,2026-07-01 11:26:05.971000+00:00,control,57,8,2,2,12,0,0,2,1,0,20,2,1,11,3.544,0.059
ses_20260701-110548-LAPTOP-0IM1OHQH,2026-07-01 11:22:41.176000+00:00,control,43,9,2,2,16,0,0,2,1,1,8,2,1,8,1.963,0.054
ses_20260701-110548-LAPTOP-0IM1OHQH,2026-07-01 11:14:42.791000+00:00,control,57,8,1,2,15,0,0,3,1,0,16,3,1,12,3.337,0.05
ses_20260701-110548-LAPTOP-0IM1OHQH,2026-07-01 11:18:28.532000+00:00,control,42,9,2,2,12,0,0,2,1,1,8,2,1,11,2.099,0.074
ses_20260701-110548-LAPTOP-0IM1OHQH,2026-07-01 11:13:59.148000+00:00,control,31,9,1,1,1,0,0,2,1,1,12,2,1,7,3.877,0.065
ses_20260701-110548-LAPTOP-0IM1OHQH,2026-07-01 11:16:19.943000+00:00,control,104,12,1,2,8,0,1,4,2,1,66,4,1,13,2.132,0.042
ses_20260701-110548-LAPTOP-0IM1OHQH,2026-07-01 11:16:15.099000+00:00,control,116,12,1,2,8,0,1,4,2,1,72,4,2,16,2.495,0.042
ses_20260701-110548-LAPTOP-0IM1OHQH,2026-07-01 11:06:28.200000+00:00,control,23,7,1,1,0,0,0,2,1,0,8,2,1,6,2.823,0.014
ses_20260701-110548-LAPTOP-0IM1OHQH,2026-07-01 11:14:01.175000+00:00,control,29,8,1,1,0,0,0,2,1,1,12,2,1,6,3.877,0.048
ses_20260701-110548-LAPTOP-0IM1OHQH,2026-07-01 11:13:31.962000+00:00,control,46,9,2,2,17,0,0,2,1,1,8,2,1,10,1.989,0.055
ses_20260701-110548-LAPTOP-0IM1OHQH,2026-07-01 11:11:31.067000+00:00,control,51,8,2,2,6,0,0,1,0,1,20,1,2,12,3.322,0.041999999999999996
ses_20260701-110548-LAPTOP-0IM1OHQH,2026-07-01 11:26:13.308000+00:00,control,46,9,2,2,14,0,3,2,1,0,8,2,1,11,2.625,0.077
ses_20260701-110548-LAPTOP-0IM1OHQH,2026-07-01 11:24:19.403000+00:00,control,49,7,2,3,6,0,0,1,0,0,20,1,1,12,4.115,0.0505
ses_20260701-110548-LAPTOP-0IM1OHQH,2026-07-01 11:26:21.429000+00:00,control,17,7,2,2,3,0,3,1,1,0,0,1,0,5,3.273,0.1515
ses_20260701-110548-LAPTOP-0IM1OHQH,2026-07-01 11:13:57.892000+00:00,control,34,9,1,1,1,0,0,3,1,1,12,3,1,8,3.877,0.072
ses_20260701-110548-LAPTOP-0IM1OHQH,2026-07-01 11:16:49.620000+00:00,control,43,9,1,1,1,0,0,3,1,2,16,2,1,11,3.186,0.051000000000000004
ses_20260701-110548-LAPTOP-0IM1OHQH,2026-07-01 11:15:14.786000+00:00,control,54,9,2,2,16,0,0,2,1,1,14,2,1,11,3.375,0.052
ses_20260701-110548-LAPTOP-0IM1OHQH,2026-07-01 11:21:49.149000+00:00,control,45,10,2,2,16,1,0,2,1,2,8,2,1,8,1.728,0.049
ses_20260701-110548-LAPTOP-0IM1OHQH,2026-07-01 11:16:19.605000+00:00,control,106,12,1,2,8,0,1,4,2,1,66,4,2,14,2.132,0.042
ses_20260701-110548-LAPTOP-0IM1OHQH,2026-07-01 11:16:05.782000+00:00,control,52,11,1,2,6,0,1,3,1,1,16,3,1,13,3.651,0.071
ses_20260701-110548-LAPTOP-0IM1OHQH,2026-07-01 11:16:23.871000+00:00,control,99,10,1,2,10,0,2,2,1,0,64,2,1,13,3.888,0.042
ses_20260701-110548-LAPTOP-0IM1OHQH,2026-07-01 11:18:25.594000+00:00,control,42,9,2,2,12,0,0,2,1,1,8,2,1,11,2.099,0.074
ses_20260701-110917-Marcos,2026-07-01 11:27:32.557000+00:00,control,44,9,3,3,16,0,0,2,1,1,8,2,1,9,1.71,0.051
ses_20260701-110917-Marcos,2026-07-01 11:30:22.270000+00:00,control,53,9,2,2,14,0,0,2,1,1,14,2,2,11,1.935,0.041999999999999996
ses_20260701-110917-Marcos,2026-07-01 11:19:39.915000+00:00,control,58,7,1,2,15,0,0,1,0,2,20,1,0,11,3.447,0.045
ses_20260701-110917-Marcos,2026-07-01 11:17:30.914000+00:00,control,52,9,1,2,4,0,0,3,1,2,18,3,1,13,3.149,0.057
ses_20260701-110917-Marcos,2026-07-01 11:15:34.567000+00:00,control,47,9,3,3,16,0,0,2,1,1,10,2,1,10,1.959,0.054
ses_20260701-110917-Marcos,2026-07-01 11:19:39.954000+00:00,control,58,7,1,2,15,0,0,1,0,2,20,1,0,11,3.447,0.045
ses_20260701-110917-Marcos,2026-07-01 11:26:42.939000+00:00,control,13,3,1,1,0,0,0,0,0,0,8,0,0,4,4.746,0.11649999999999999
ses_20260701-110917-Marcos,2026-07-01 11:25:23.728000+00:00,control,63,7,2,2,16,0,0,2,0,0,20,2,2,13,3.519,0.041
ses_20260701-110917-Marcos,2026-07-01 11:24:16.716000+00:00,control,40,8,2,2,14,0,0,2,1,0,8,2,1,8,2.27,0.054
ses_20260701-110917-Marcos,2026-07-01 11:10:51.798000+00:00,control,115,12,1,2,15,0,2,4,2,1,66,4,2,14,3.227,0.0385
ses_20260701-110917-Marcos,2026-07-01 11:34:00.829000+00:00,control,33,10,2,2,10,0,3,2,1,1,2,2,0,8,3.841,0.056
ses_20260701-110917-Marcos,2026-07-01 11:32:01.814000+00:00,control,53,9,2,2,15,0,0,2,1,1,14,2,1,11,2.39,0.053
ses_20260701-110917-Marcos,2026-07-01 11:24:16.876000+00:00,control,40,8,2,2,14,0,0,2,1,0,8,2,1,8,2.27,0.054
ses_20260701-110917-Marcos,2026-07-01 11:33:47.362000+00:00,control,66,9,2,2,16,0,0,3,1,2,18,3,2,14,3.552,0.052
ses_20260701-110917-Marcos,2026-07-01 11:18:17.238000+00:00,control,38,8,2,2,3,0,0,1,0,2,16,1,1,8,4.003,0.055
ses_20260701-110917-Marcos,2026-07-01 11:13:40.744000+00:00,control,22,13,1,3,1,1,1,2,1,0,2,2,1,7,3.65,0.051
ses_20260701-110917-Marcos,2026-07-01 11:20:07.477000+00:00,control,26,7,1,1,1,0,0,1,0,0,8,1,5,7,3.026,0.052
ses_20260701-110917-Marcos,2026-07-01 11:17:52.767000+00:00,control,58,8,1,2,14,0,0,3,1,0,16,3,1,14,3.393,0.047
ses_20260701-110917-Marcos,2026-07-01 11:21:13.886000+00:00,control,43,8,1,1,2,0,0,2,1,0,18,2,1,10,4.034,0.05
ses_20260701-110917-Marcos,2026-07-01 11:10:43.992000+00:00,control,90,12,1,2,15,0,1,3,1,2,46,3,1,12,2.53,0.041
ses_20260701-110917-Marcos,2026-07-01 11:28:54.732000+00:00,control,49,9,3,3,17,0,0,2,1,3,8,2,2,10,2.053,0.0565
ses_20260701-110917-Marcos,2026-07-01 11:15:26.734000+00:00,control,63,9,3,3,17,0,0,2,1,1,18,2,1,14,3.515,0.052
ses_20260701-110917-Marcos,2026-07-01 11:33:07.397000+00:00,control,37,7,1,2,14,0,0,1,0,0,8,1,3,7,2.83,0.041
ses_20260701-110917-Marcos,2026-07-01 11:12:11.231000+00:00,control,53,9,1,1,2,0,0,2,1,3,22,2,1,11,3.23,0.0455
ses_20260701-110917-Marcos,2026-07-01 11:10:22.091000+00:00,control,32,7,1,2,8,0,0,1,0,0,8,1,4,7,2.162,0.031
ses_20260701-110917-Marcos,2026-07-01 11:28:17.264000+00:00,control,8,5,1,1,2,0,0,0,0,1,2,0,0,2,0.819,0.082
ses_20260701-110917-Marcos,2026-07-01 11:28:58.630000+00:00,control,49,9,3,3,17,0,0,2,1,3,8,2,2,10,2.053,0.0565
ses_20260701-110917-Marcos,2026-07-01 11:28:58.351000+00:00,control,49,9,3,3,17,0,0,2,1,3,8,2,2,10,2.053,0.0565
ses_20260701-110917-Marcos,2026-07-01 11:32:01.708000+00:00,control,53,9,2,2,15,0,0,2,1,1,14,2,1,11,2.39,0.053
ses_20260701-110917-Marcos,2026-07-01 11:21:16.427000+00:00,control,41,8,1,1,1,0,0,2,1,0,18,2,1,9,4.034,0.0495
ses_20260701-110917-Marcos,2026-07-01 11:17:05.841000+00:00,control,47,9,3,3,17,0,0,2,1,3,8,2,1,9,3.286,0.056
ses_20260701-110917-Marcos,2026-07-01 11:12:35.649000+00:00,control,56,9,1,2,13,0,0,3,1,1,16,3,1,12,2.814,0.038
ses_20260701-110917-Marcos,2026-07-01 11:13:35.364000+00:00,control,33,13,1,3,1,1,1,2,1,0,8,2,1,10,3.65,0.053
ses_20260701-110917-Marcos,2026-07-01 11:18:18.192000+00:00,control,34,5,2,2,3,0,0,0,0,2,16,0,0,7,4.003,0.055
ses_20260701-110917-Marcos,2026-07-01 11:15:28.025000+00:00,control,63,9,3,3,17,0,0,2,1,1,18,2,1,14,3.515,0.052
ses_20260701-110917-Marcos,2026-07-01 11:20:08.466000+00:00,control,25,7,1,1,1,0,0,1,0,0,8,1,5,6,3.026,0.051000000000000004
ses_20260701-110917-Marcos,2026-07-01 11:28:55.026000+00:00,control,49,9,3,3,17,0,0,2,1,3,8,2,2,10,2.053,0.0565
ses_20260701-110917-Marcos,2026-07-01 11:15:30.646000+00:00,control,57,9,3,3,16,0,0,2,1,1,16,2,1,12,3.515,0.052
ses_20260701-110917-Marcos,2026-07-01 11:25:23.798000+00:00,control,63,7,2,2,16,0,0,2,0,0,20,2,2,13,3.519,0.041
ses_20260701-110917-Marcos,2026-07-01 11:28:16.427000+00:00,control,8,5,1,1,2,0,0,0,0,1,2,0,0,2,0.819,0.082
ses_20260701-110917-Marcos,2026-07-01 11:30:23.601000+00:00,control,50,9,2,2,14,0,0,2,1,1,12,2,2,10,1.935,0.044
ses_20260701-110917-Marcos,2026-07-01 11:31:52.045000+00:00,control,66,8,2,3,19,0,0,1,0,2,20,1,1,14,4.453,0.048
ses_20260701-110917-Marcos,2026-07-01 11:18:56.102000+00:00,control,43,8,1,1,2,0,0,1,0,1,20,1,1,9,4.003,0.036000000000000004
ses_20260701-110917-Marcos,2026-07-01 11:15:32.723000+00:00,control,47,9,3,3,16,0,0,2,1,1,10,2,1,10,1.959,0.054
ses_20260701-110917-Marcos,2026-07-01 11:33:47.427000+00:00,control,64,9,2,2,16,0,0,2,1,2,18,2,2,14,3.552,0.052
ses_20260701-110917-Marcos,2026-07-01 11:25:01.835000+00:00,control,49,9,1,2,3,0,0,3,1,2,18,3,1,11,3.282,0.057999999999999996
ses_20260701-110917-Marcos,2026-07-01 11:32:01.836000+00:00,control,53,9,2,2,15,0,0,2,1,1,14,2,1,11,2.39,0.053
ses_20260701-110917-Marcos,2026-07-01 11:30:21.898000+00:00,control,53,9,2,2,14,0,0,2,1,1,14,2,2,11,1.935,0.041999999999999996
ses_20260701-110917-Marcos,2026-07-01 11:33:07.306000+00:00,control,37,7,1,2,14,0,0,1,0,0,8,1,3,7,2.83,0.041
ses_20260701-110917-Marcos,2026-07-01 11:25:02.382000+00:00,control,49,9,1,2,3,0,0,3,1,2,18,3,1,11,3.282,0.057999999999999996
ses_20260701-110917-Marcos,2026-07-01 11:24:16.338000+00:00,control,40,8,2,2,14,0,0,2,1,0,8,2,1,8,2.27,0.054
ses_20260701-110917-Marcos,2026-07-01 11:13:03.174000+00:00,control,66,9,2,2,13,0,0,2,1,3,22,2,1,13,3.802,0.047
ses_20260701-110917-Marcos,2026-07-01 11:32:05.311000+00:00,control,42,9,2,2,15,0,0,2,1,1,8,2,1,8,1.68,0.053
ses_20260701-110917-Marcos,2026-07-01 11:33:55.021000+00:00,control,52,10,2,2,16,0,3,2,1,1,10,2,1,12,2.819,0.053
ses_20260701-110917-Marcos,2026-07-01 11:19:01.799000+00:00,control,24,5,1,1,1,0,0,0,0,1,12,0,0,5,3.183,0.032
ses_20260701-110917-Marcos,2026-07-01 11:13:05.395000+00:00,control,50,9,2,2,12,0,0,2,1,2,14,2,1,10,3.279,0.049
ses_20260701-115141-SIDDHIGUPTAB00B,2026-07-01 11:55:43.281000+00:00,control,62,8,1,2,15,0,0,1,0,3,20,1,1,13,3.341,0.035
ses_20260701-115141-SIDDHIGUPTAB00B,2026-07-01 12:28:16.272000+00:00,control,51,9,1,2,3,0,0,3,1,4,18,3,1,11,4.293,0.058499999999999996
ses_20260701-115141-SIDDHIGUPTAB00B,2026-07-01 12:21:31.012000+00:00,control,54,10,2,3,3,0,0,2,1,4,20,2,1,12,4.003,0.044
ses_20260701-115141-SIDDHIGUPTAB00B,2026-07-01 12:19:22.538000+00:00,control,48,9,2,2,15,0,0,2,1,3,10,2,1,10,1.938,0.055
ses_20260701-115141-SIDDHIGUPTAB00B,2026-07-01 11:56:57.687000+00:00,control,45,10,2,2,14,1,0,2,1,3,8,2,1,9,1.939,0.052
ses_20260701-115141-SIDDHIGUPTAB00B,2026-07-01 12:21:30.924000+00:00,control,54,10,2,3,3,0,0,2,1,4,20,2,1,12,4.003,0.044
ses_20260701-115141-SIDDHIGUPTAB00B,2026-07-01 12:25:16.139000+00:00,control,35,9,1,1,2,0,0,2,1,2,12,2,1,9,3.287,0.0505
ses_20260701-115141-SIDDHIGUPTAB00B,2026-07-01 11:53:19.849000+00:00,control,44,9,1,1,1,0,0,4,1,2,16,3,2,9,4.117,0.045
ses_20260701-115141-SIDDHIGUPTAB00B,2026-07-01 12:21:06.043000+00:00,control,44,9,2,2,15,0,0,2,1,3,8,2,1,8,2.008,0.047
ses_20260701-115141-SIDDHIGUPTAB00B,2026-07-01 11:52:06.605000+00:00,control,28,6,1,1,0,0,3,0,0,0,10,0,0,4,1.523,0.051
ses_20260701-115141-SIDDHIGUPTAB00B,2026-07-01 12:34:18.205000+00:00,control,11,4,1,1,2,0,3,0,0,0,0,0,0,3,3.895,0.2665
ses_20260701-115141-SIDDHIGUPTAB00B,2026-07-01 11:53:48.214000+00:00,control,71,11,2,3,15,1,0,3,1,4,20,2,1,15,3.956,0.048
ses_20260701-115141-SIDDHIGUPTAB00B,2026-07-01 12:32:48.098000+00:00,control,24,13,1,3,3,1,1,2,1,1,2,2,1,6,6.026,0.096
ses_20260701-115141-SIDDHIGUPTAB00B,2026-07-01 12:26:53.422000+00:00,control,51,9,1,1,2,0,0,3,1,4,18,3,2,11,3.118,0.041999999999999996
ses_20260701-115141-SIDDHIGUPTAB00B,2026-07-01 11:52:56.455000+00:00,control,48,9,1,1,1,0,0,3,1,3,20,2,1,9,3.499,0.029
ses_20260701-115141-SIDDHIGUPTAB00B,2026-07-01 12:31:35.103000+00:00,control,51,8,1,2,5,0,0,1,0,3,20,1,1,12,4.312,0.046
ses_20260701-115141-SIDDHIGUPTAB00B,2026-07-01 11:51:55.855000+00:00,control,35,5,2,2,12,0,0,0,0,0,10,1,0,10,5.474,0.1255
ses_20260701-115141-SIDDHIGUPTAB00B,2026-07-01 12:17:55.058000+00:00,control,35,6,1,2,15,0,0,1,0,0,8,1,0,8,2.722,0.056
ses_20260701-115141-SIDDHIGUPTAB00B,2026-07-01 11:55:42.724000+00:00,control,62,8,1,2,15,0,0,1,0,3,20,1,1,13,3.341,0.035
ses_20260701-115141-SIDDHIGUPTAB00B,2026-07-01 12:24:48.789000+00:00,control,55,9,1,1,2,0,0,2,1,4,22,2,1,12,3.661,0.0465
ses_20260701-115141-SIDDHIGUPTAB00B,2026-07-01 12:10:42.466000+00:00,control,19,5,1,1,1,0,0,0,0,0,8,0,0,7,3.233,0.146
ses_20260701-115141-SIDDHIGUPTAB00B,2026-07-01 11:53:44.044000+00:00,control,66,10,2,3,15,1,0,1,0,3,20,1,2,14,3.956,0.051
ses_20260701-115141-SIDDHIGUPTAB00B,2026-07-01 12:27:50.588000+00:00,control,65,9,2,2,16,0,0,2,1,4,18,2,1,14,4.714,0.0495
ses_20260701-115141-SIDDHIGUPTAB00B,2026-07-01 11:56:12.437000+00:00,control,19,6,2,2,2,0,0,1,0,0,8,1,0,6,3.658,0.097
ses_20260701-115141-SIDDHIGUPTAB00B,2026-07-01 11:52:01.463000+00:00,control,36,7,1,1,5,0,3,0,0,0,10,0,0,7,5.474,0.075
ses_20260701-115141-SIDDHIGUPTAB00B,2026-07-01 12:10:37.717000+00:00,control,22,7,1,1,2,0,0,1,0,0,8,1,0,7,3.233,0.209
ses_20260701-115141-SIDDHIGUPTAB00B,2026-07-01 12:20:12.176000+00:00,control,16,3,1,1,0,0,0,0,0,0,10,0,0,5,4.55,0.088
ses_20260701-115141-SIDDHIGUPTAB00B,2026-07-01 12:19:15.163000+00:00,control,64,9,2,2,16,0,0,2,1,4,18,2,1,13,4.498,0.049
ses_20260701-115141-SIDDHIGUPTAB00B,2026-07-01 12:16:09.997000+00:00,control,34,7,1,2,13,0,1,1,0,0,8,1,0,8,3.022,0.051
ses_20260701-115141-SIDDHIGUPTAB00B,2026-07-01 11:53:19.894000+00:00,control,44,9,1,1,1,0,0,4,1,2,16,3,2,9,4.117,0.045
ses_20260701-115141-SIDDHIGUPTAB00B,2026-07-01 12:24:22.975000+00:00,control,43,9,2,2,15,0,0,2,1,3,8,2,1,7,2.971,0.0535
ses_20260701-115141-SIDDHIGUPTAB00B,2026-07-01 12:25:15.661000+00:00,control,39,9,1,2,3,0,0,3,1,2,12,3,1,10,3.287,0.0505
ses_20260701-115141-SIDDHIGUPTAB00B,2026-07-01 12:26:30.814000+00:00,control,45,10,2,2,14,1,0,2,1,3,8,2,1,9,2.029,0.054
ses_20260701-115141-SIDDHIGUPTAB00B,2026-07-01 12:24:22.918000+00:00,control,42,9,2,2,14,0,0,2,1,3,8,2,1,7,2.971,0.053
ses_20260701-115141-SIDDHIGUPTAB00B,2026-07-01 12:19:20.250000+00:00,control,48,9,2,2,15,0,0,2,1,3,10,2,1,10,1.938,0.055
ses_20260701-115141-SIDDHIGUPTAB00B,2026-07-01 12:26:30.447000+00:00,control,45,10,2,2,14,1,0,2,1,3,8,2,1,9,2.029,0.054
ses_20260701-115141-SIDDHIGUPTAB00B,2026-07-01 12:19:20.909000+00:00,control,48,9,2,2,15,0,0,2,1,3,10,2,1,10,1.938,0.055
ses_20260701-115141-SIDDHIGUPTAB00B,2026-07-01 11:52:04.145000+00:00,control,32,7,1,1,1,0,3,0,0,0,10,0,0,7,5.474,0.064
ses_20260701-115141-SIDDHIGUPTAB00B,2026-07-01 12:21:06.522000+00:00,control,44,9,2,2,15,0,0,2,1,3,8,2,1,8,2.008,0.047
ses_20260701-115141-SIDDHIGUPTAB00B,2026-07-01 12:21:34.153000+00:00,control,44,10,2,3,3,0,0,2,1,3,14,2,3,10,4.003,0.054
ses_20260701-115141-SIDDHIGUPTAB00B,2026-07-01 12:17:55.058000+00:00,control,35,6,1,2,15,0,0,1,0,0,8,1,0,8,2.722,0.056
ses_20260701-115141-SIDDHIGUPTAB00B,2026-07-01 11:52:02.672000+00:00,control,34,7,1,1,3,0,3,0,0,0,10,0,0,7,5.474,0.074
ses_20260701-115141-SIDDHIGUPTAB00B,2026-07-01 11:52:04.145000+00:00,control,32,7,1,1,1,0,3,0,0,0,10,0,0,7,5.474,0.064
ses_20260701-115141-SIDDHIGUPTAB00B,2026-07-01 12:21:06.273000+00:00,control,44,9,2,2,15,0,0,2,1,3,8,2,1,8,2.008,0.047
ses_20260701-115141-SIDDHIGUPTAB00B,2026-07-01 12:28:17.805000+00:00,control,49,9,1,1,3,0,0,2,1,4,18,2,1,11,4.293,0.0615
ses_20260701-115141-SIDDHIGUPTAB00B,2026-07-01 12:12:22.881000+00:00,control,54,10,1,2,4,0,0,3,1,4,18,3,1,12,3.827,0.056
ses_20260701-115141-SIDDHIGUPTAB00B,2026-07-01 12:21:28.728000+00:00,control,51,9,1,1,2,0,0,3,1,4,18,3,2,11,4.003,0.044
ses_20260701-115141-SIDDHIGUPTAB00B,2026-07-01 12:12:48.796000+00:00,control,59,9,2,2,13,0,0,2,1,4,18,2,1,11,3.821,0.05
ses_20260701-115141-SIDDHIGUPTAB00B,2026-07-01 12:20:07.423000+00:00,control,21,4,2,2,1,0,0,0,0,0,12,0,0,7,4.55,0.113
ses_20260701-115141-SIDDHIGUPTAB00B,2026-07-01 12:32:41.950000+00:00,control,37,10,1,3,4,1,0,2,1,3,10,2,1,8,6.026,0.0505
ses_20260701-115141-SIDDHIGUPTAB00B,2026-07-01 12:27:03.776000+00:00,control,29,9,1,1,2,0,0,2,1,3,8,2,1,6,2.847,0.0455
ses_20260701-115141-SIDDHIGUPTAB00B,2026-07-01 12:26:55.366000+00:00,control,49,9,1,1,3,0,0,2,1,4,18,2,1,11,3.118,0.0445
ses_20260701-115141-SIDDHIGUPTAB00B,2026-07-01 12:18:11.662000+00:00,control,44,9,2,2,15,0,0,2,1,3,8,2,1,8,2.174,0.057
ses_20260701-115141-SIDDHIGUPTAB00B,2026-07-01 12:32:39.717000+00:00,control,37,10,1,3,4,1,0,2,1,3,10,2,1,8,6.026,0.0505
ses_20260701-115141-SIDDHIGUPTAB00B,2026-07-01 11:56:57.434000+00:00,control,45,10,2,2,14,1,0,2,1,3,8,2,1,9,1.939,0.052
ses_20260701-115141-SIDDHIGUPTAB00B,2026-07-01 11:54:26.261000+00:00,control,10,3,1,1,0,0,0,0,0,0,6,0,0,3,5.081,0.091
ses_20260701-115141-SIDDHIGUPTAB00B,2026-07-01 11:54:13.236000+00:00,control,17,6,2,4,3,0,0,1,0,0,6,1,0,5,4.392,0.133
ses_20260701-115141-SIDDHIGUPTAB00B,2026-07-01 11:56:09.216000+00:00,control,46,6,2,3,25,0,0,1,0,0,8,1,0,10,3.658,0.058
ses_20260701-115141-SIDDHIGUPTAB00B,2026-07-01 12:10:53.428000+00:00,control,41,8,2,2,12,0,0,2,1,3,8,2,0,9,2.22,0.056
ses_20260701-115141-SIDDHIGUPTAB00B,2026-07-01 11:57:21.059000+00:00,control,55,9,1,2,12,0,0,3,1,2,16,3,1,11,3.244,0.045
ses_20260701-115141-SIDDHIGUPTAB00B,2026-07-01 12:24:22.976000+00:00,control,43,9,2,2,15,0,0,2,1,3,8,2,1,7,2.971,0.0535
ses_20260701-115141-SIDDHIGUPTAB00B,2026-07-01 12:21:06.240000+00:00,control,44,9,2,2,15,0,0,2,1,3,8,2,1,8,2.008,0.047
ses_20260701-115141-SIDDHIGUPTAB00B,2026-07-01 12:11:39.771000+00:00,control,54,7,2,3,15,0,0,1,0,3,16,1,0,12,3.594,0.049
ses_20260701-115141-SIDDHIGUPTAB00B,2026-07-01 12:32:41.956000+00:00,control,37,10,1,3,4,1,0,2,1,3,10,2,1,8,6.026,0.0505
ses_20260701-115141-SIDDHIGUPTAB00B,2026-07-01 12:15:45.136000+00:00,control,66,8,2,2,15,0,0,1,0,4,22,1,1,13,3.75,0.054
ses_20260701-115141-SIDDHIGUPTAB00B,2026-07-01 12:11:42.394000+00:00,control,37,5,2,2,3,0,0,0,0,3,16,0,0,9,3.594,0.043
ses_20260701-115141-SIDDHIGUPTAB00B,2026-07-01 12:32:35.940000+00:00,control,38,9,1,1,1,0,0,2,1,3,14,2,1,8,3.39,0.049
ses_20260701-115141-SIDDHIGUPTAB00B,2026-07-01 12:17:13.325000+00:00,control,36,7,1,2,14,0,1,1,0,0,8,1,0,9,3.07,0.054
ses_20260701-115141-SIDDHIGUPTAB00B,2026-07-01 11:53:48.958000+00:00,control,62,11,2,3,15,1,0,3,1,3,16,2,1,13,3.956,0.047
ses_20260701-115141-SIDDHIGUPTAB00B,2026-07-01 12:17:17.927000+00:00,control,16,4,1,1,1,0,0,0,0,0,8,0,0,5,2.281,0.049
ses_20260701-115141-SIDDHIGUPTAB00B,2026-07-01 12:19:15.361000+00:00,control,64,9,2,2,16,0,0,2,1,4,18,2,1,13,4.498,0.049
ses_20260701-115141-SIDDHIGUPTAB00B,2026-07-01 12:21:58.916000+00:00,control,42,6,2,2,21,0,0,1,0,0,8,1,0,9,2.986,0.054
ses_20260701-115141-SIDDHIGUPTAB00B,2026-07-01 12:10:53.688000+00:00,control,41,8,2,2,12,0,0,2,1,3,8,2,0,9,2.22,0.056
ses_20260701-115141-SIDDHIGUPTAB00B,2026-07-01 12:27:03.705000+00:00,control,29,9,1,1,2,0,0,2,1,3,8,2,1,6,2.847,0.0455
ses_20260701-115141-SIDDHIGUPTAB00B,2026-07-01 12:10:41.103000+00:00,control,20,5,1,1,2,0,0,0,0,0,8,0,0,7,3.233,0.209
ses_20260701-115141-SIDDHIGUPTAB00B,2026-07-01 12:13:34.385000+00:00,control,66,9,1,2,15,0,0,3,1,4,18,3,1,14,2.909,0.043
ses_20260701-115141-SIDDHIGUPTAB00B,2026-07-01 12:26:58.692000+00:00,control,47,9,1,1,2,0,0,2,1,4,18,2,1,10,3.118,0.041999999999999996
ses_20260701-115141-SIDDHIGUPTAB00B,2026-07-01 12:34:06.590000+00:00,control,12,5,1,2,3,0,3,0,0,0,0,0,0,4,2.713,0.105
ses_20260701-115141-SIDDHIGUPTAB00B,2026-07-01 11:53:49.094000+00:00,control,62,11,2,3,15,1,0,3,1,3,16,2,1,13,3.956,0.047
ses_20260701-115141-SIDDHIGUPTAB00B,2026-07-01 12:26:30.216000+00:00,control,45,10,2,2,14,1,0,2,1,3,8,2,1,9,2.029,0.054
ses_20260701-115141-SIDDHIGUPTAB00B,2026-07-01 12:26:17.256000+00:00,control,2,2,1,1,1,0,0,0,0,0,0,0,0,1,0.134,0.134
ses_20260701-115141-SIDDHIGUPTAB00B,2026-07-01 12:31:10.501000+00:00,control,68,9,2,3,18,0,0,3,1,4,18,3,1,13,3.003,0.052
ses_20260701-115141-SIDDHIGUPTAB00B,2026-07-01 11:52:06.114000+00:00,control,28,6,1,1,0,0,3,0,0,0,10,0,0,4,1.523,0.051
ses_20260701-115141-SIDDHIGUPTAB00B,2026-07-01 11:54:12.049000+00:00,control,30,6,2,4,14,0,0,1,0,0,6,1,0,7,4.392,0.055
ses_20260701-120612-Marcos,2026-07-01 12:22:03.079000+00:00,control,68,9,2,2,15,0,0,2,1,1,22,2,2,14,4.121,0.051
ses_20260701-120612-Marcos,2026-07-01 12:21:16.840000+00:00,control,39,9,1,1,2,0,0,2,1,1,14,2,1,10,2.395,0.059
ses_20260701-120612-Marcos,2026-07-01 12:21:16.590000+00:00,control,41,9,1,1,2,0,0,2,1,1,16,2,1,10,4.164,0.059
ses_20260701-120612-Marcos,2026-07-01 12:27:09.626000+00:00,control,41,9,2,2,14,1,0,2,1,0,8,2,1,8,2.0,0.052
ses_20260701-120612-Marcos,2026-07-01 12:24:18.309000+00:00,control,15,4,2,2,1,0,0,0,0,0,8,0,0,5,3.621,0.14
ses_20260701-120612-Marcos,2026-07-01 12:08:42.657000+00:00,control,43,10,2,2,14,1,0,2,1,2,8,2,1,8,2.353,0.053
ses_20260701-120612-Marcos,2026-07-01 12:06:54.149000+00:00,control,44,8,2,2,2,0,0,1,0,1,20,1,1,10,3.419,0.034
ses_20260701-120612-Marcos,2026-07-01 12:12:07.476000+00:00,control,42,9,2,2,15,0,0,2,1,1,8,2,1,8,1.754,0.049
ses_20260701-120612-Marcos,2026-07-01 12:09:50.021000+00:00,control,37,7,1,2,3,0,0,1,0,0,14,1,4,8,8.713,0.0635
ses_20260701-120612-Marcos,2026-07-01 12:25:32.179000+00:00,control,46,7,1,1,2,0,0,2,0,0,20,2,2,10,4.461,0.035
ses_20260701-120612-Marcos,2026-07-01 12:22:46.960000+00:00,control,26,9,1,1,1,0,0,2,1,1,8,2,1,6,3.088,0.046
ses_20260701-120612-Marcos,2026-07-01 12:19:52.211000+00:00,control,63,8,2,2,16,0,0,3,1,0,18,3,2,13,3.431,0.0555
ses_20260701-120612-Marcos,2026-07-01 12:27:12.096000+00:00,control,41,9,2,2,14,1,0,2,1,0,8,2,1,8,2.0,0.052
ses_20260701-120612-Marcos,2026-07-01 12:10:22.231000+00:00,control,41,7,2,3,15,0,0,1,0,0,8,1,4,9,7.59,0.0525
ses_20260701-120612-Marcos,2026-07-01 12:26:28.058000+00:00,control,8,5,2,2,2,0,0,0,0,1,2,0,0,2,0.942,0.119
ses_20260701-120612-Marcos,2026-07-01 12:07:46.396000+00:00,control,49,8,1,2,3,0,0,2,0,2,20,2,1,11,4.636,0.0385
ses_20260701-120612-Marcos,2026-07-01 12:16:28.953000+00:00,control,55,8,2,3,11,0,0,1,0,1,20,1,1,12,4.001,0.04
ses_20260701-120612-Marcos,2026-07-01 12:14:17.205000+00:00,control,74,7,2,3,28,0,0,1,0,0,20,1,1,15,3.547,0.049
ses_20260701-120612-Marcos,2026-07-01 12:27:12.098000+00:00,control,41,9,2,2,14,1,0,2,1,0,8,2,1,8,2.0,0.052
ses_20260701-120612-Marcos,2026-07-01 12:24:18.307000+00:00,control,15,4,2,2,1,0,0,0,0,0,8,0,0,5,3.621,0.14
ses_20260701-120612-Marcos,2026-07-01 12:17:53.638000+00:00,control,44,8,2,2,16,0,0,2,1,0,8,2,1,10,1.764,0.061
ses_20260701-120612-Marcos,2026-07-01 12:07:48.591000+00:00,control,53,9,1,1,2,0,0,2,1,2,22,2,1,12,4.636,0.0385
ses_20260701-120612-Marcos,2026-07-01 12:09:47.965000+00:00,control,39,7,1,2,14,0,0,1,0,0,8,1,4,8,2.695,0.04
ses_20260701-120612-Marcos,2026-07-01 12:18:16.094000+00:00,control,60,8,2,2,15,0,0,1,0,1,20,1,2,12,3.671,0.047
ses_20260701-120612-Marcos,2026-07-01 12:27:06.529000+00:00,control,41,9,2,2,14,1,0,2,1,0,8,2,1,8,2.0,0.052
ses_20260701-120612-Marcos,2026-07-01 12:27:11.583000+00:00,control,41,9,2,2,14,1,0,2,1,0,8,2,1,8,2.0,0.052
ses_20260701-120612-Marcos,2026-07-01 12:07:04.928000+00:00,control,28,8,1,1,0,0,0,2,1,1,10,2,1,6,3.272,0.024
ses_20260701-120612-Marcos,2026-07-01 12:12:07.887000+00:00,control,42,9,2,2,15,0,0,2,1,1,8,2,1,8,1.754,0.049
ses_20260701-120612-Marcos,2026-07-01 12:19:12.345000+00:00,control,41,8,1,2,14,0,1,1,0,0,8,1,4,9,3.251,0.058
ses_20260701-120612-Marcos,2026-07-01 12:07:00.682000+00:00,control,35,8,1,1,0,0,0,2,1,1,14,2,1,8,3.272,0.0245
ses_20260701-120612-Marcos,2026-07-01 12:13:52.600000+00:00,control,53,9,1,1,2,0,0,2,1,1,22,2,1,13,3.76,0.0385
ses_20260701-120612-Marcos,2026-07-01 12:27:57.648000+00:00,control,31,10,1,1,2,0,1,2,1,3,8,2,1,7,2.688,0.040499999999999994
ses_20260701-120612-Marcos,2026-07-01 12:11:46.632000+00:00,control,39,7,1,2,14,0,0,1,0,0,8,1,4,8,2.813,0.054
ses_20260701-120612-Marcos,2026-07-01 12:21:59.120000+00:00,control,66,7,2,3,21,0,0,1,0,0,20,1,2,13,4.121,0.056
ses_20260701-120612-Marcos,2026-07-01 12:09:48.016000+00:00,control,39,7,1,2,14,0,0,1,0,0,8,1,4,8,2.695,0.04
ses_20260701-120612-Marcos,2026-07-01 12:18:44.543000+00:00,control,41,7,1,1,1,0,0,1,0,0,20,1,1,9,4.333,0.012
ses_20260701-120612-Marcos,2026-07-01 12:12:04.503000+00:00,control,42,9,2,2,15,0,0,2,1,1,8,2,1,8,1.754,0.049
ses_20260701-120612-Marcos,2026-07-01 12:16:34.637000+00:00,control,57,9,2,2,15,0,0,2,1,2,16,2,1,12,4.001,0.055
ses_20260701-120612-Marcos,2026-07-01 12:21:20.479000+00:00,control,39,9,1,1,2,0,0,2,1,1,14,2,1,10,2.395,0.059
ses_20260701-120612-Marcos,2026-07-01 12:27:06.279000+00:00,control,41,9,2,2,14,1,0,2,1,0,8,2,1,8,2.0,0.052
ses_20260701-120612-Marcos,2026-07-01 12:21:19.925000+00:00,control,39,9,1,1,2,0,0,2,1,1,14,2,1,10,2.395,0.059
ses_20260701-120612-Marcos,2026-07-01 12:11:44.359000+00:00,control,48,8,1,2,20,0,1,1,0,0,8,1,4,10,2.813,0.056
ses_20260701-120612-Marcos,2026-07-01 12:09:49.063000+00:00,control,31,7,1,2,6,0,0,1,0,0,8,1,4,8,8.713,0.0635
ses_20260701-120612-Marcos,2026-07-01 12:25:32.179000+00:00,control,46,7,1,1,2,0,0,2,0,0,20,2,2,10,4.461,0.035
ses_20260701-120612-Marcos,2026-07-01 12:20:30.580000+00:00,control,2,2,1,1,1,0,0,0,0,0,0,0,0,1,0.105,0.105
ses_20260701-120612-Marcos,2026-07-01 12:08:41.219000+00:00,control,43,10,2,2,14,1,0,2,1,2,8,2,1,8,2.353,0.053
ses_20260701-120612-Marcos,2026-07-01 12:10:23.130000+00:00,control,38,8,2,3,3,0,0,1,0,1,14,1,4,8,7.59,0.043
ses_20260701-120612-Marcos,2026-07-01 12:23:09.377000+00:00,control,24,7,1,1,1,0,0,1,0,0,8,1,4,6,2.859,0.029
ses_20260701-120612-Marcos,2026-07-01 12:16:29.012000+00:00,control,56,8,2,3,12,0,0,1,0,1,20,1,1,12,4.001,0.046
ses_20260701-120612-Marcos,2026-07-01 12:09:48.007000+00:00,control,39,7,1,2,14,0,0,1,0,0,8,1,4,8,2.695,0.04
ses_20260701-120612-Marcos,2026-07-01 12:19:54.200000+00:00,control,63,8,2,2,16,0,0,3,1,0,18,3,2,13,3.431,0.0555
ses_20260701-120612-Marcos,2026-07-01 12:28:02.509000+00:00,control,34,10,1,1,3,0,2,2,1,3,8,2,1,8,2.688,0.044
ses_20260701-120612-Marcos,2026-07-01 12:28:07.205000+00:00,control,37,11,1,1,2,0,3,2,1,3,8,2,1,8,3.529,0.055999999999999994
ses_20260701-120612-Marcos,2026-07-01 12:27:58.074000+00:00,control,31,10,1,1,2,0,1,2,1,3,8,2,1,7,2.688,0.040499999999999994
ses_20260701-120612-Marcos,2026-07-01 12:21:59.118000+00:00,control,66,7,2,3,21,0,0,1,0,0,20,1,2,13,4.121,0.056
ses_20260701-120612-Marcos,2026-07-01 12:19:15.238000+00:00,control,25,7,1,2,2,0,0,1,0,0,8,1,4,6,3.251,0.0525
ses_20260701-120828-LAPTOP-0IM1OHQH,2026-07-01 12:09:53.035000+00:00,control,44,9,2,2,13,0,0,2,1,2,8,2,1,11,2.315,0.087
ses_20260701-120828-LAPTOP-0IM1OHQH,2026-07-01 12:29:08.506000+00:00,control,64,8,2,2,14,0,0,1,0,1,22,2,1,14,3.967,0.049
ses_20260701-120828-LAPTOP-0IM1OHQH,2026-07-01 12:16:52.943000+00:00,control,44,11,3,3,11,1,0,2,1,2,8,2,1,10,1.723,0.084
ses_20260701-120828-LAPTOP-0IM1OHQH,2026-07-01 12:23:17.510000+00:00,control,59,8,2,2,10,0,0,1,0,1,22,1,1,14,3.197,0.072
ses_20260701-120828-LAPTOP-0IM1OHQH,2026-07-01 12:24:22.351000+00:00,control,6,2,3,3,3,0,0,0,0,0,0,0,0,3,8.939,0.102
ses_20260701-120828-LAPTOP-0IM1OHQH,2026-07-01 12:15:44.457000+00:00,control,71,8,1,2,26,0,1,1,0,1,20,1,0,13,3.93,0.056
ses_20260701-120828-LAPTOP-0IM1OHQH,2026-07-01 12:19:31.526000+00:00,control,43,8,1,1,1,0,0,3,1,0,16,3,2,11,3.391,0.048
ses_20260701-120828-LAPTOP-0IM1OHQH,2026-07-01 12:26:38.306000+00:00,control,65,9,2,2,15,0,0,3,1,2,18,3,2,14,4.181,0.051
ses_20260701-120828-LAPTOP-0IM1OHQH,2026-07-01 12:19:44.024000+00:00,control,26,13,1,3,1,1,1,2,1,0,4,2,1,7,5.182,0.099
ses_20260701-120828-LAPTOP-0IM1OHQH,2026-07-01 12:22:24.127000+00:00,control,59,8,2,2,14,0,0,2,1,0,18,2,1,14,3.091,0.048
ses_20260701-120828-LAPTOP-0IM1OHQH,2026-07-01 12:14:07.804000+00:00,control,46,9,2,2,15,0,2,2,1,0,8,2,1,11,5.753,0.067
ses_20260701-120828-LAPTOP-0IM1OHQH,2026-07-01 12:30:07.864000+00:00,control,48,9,2,2,9,0,0,2,1,0,14,2,1,12,3.152,0.077
ses_20260701-120828-LAPTOP-0IM1OHQH,2026-07-01 12:28:12.690000+00:00,control,66,8,2,2,13,0,0,2,0,2,22,2,2,14,3.036,0.068
ses_20260701-120828-LAPTOP-0IM1OHQH,2026-07-01 12:29:38.205000+00:00,control,47,9,1,1,1,0,0,2,1,2,20,2,1,10,4.826,0.0165
ses_20260701-120828-LAPTOP-0IM1OHQH,2026-07-01 12:19:45.326000+00:00,control,22,13,1,3,1,1,1,2,1,0,2,2,1,6,5.182,0.11
ses_20260701-120828-LAPTOP-0IM1OHQH,2026-07-01 12:11:43.103000+00:00,control,57,9,2,2,11,0,0,2,1,1,18,2,1,14,4.635,0.0875
ses_20260701-120828-LAPTOP-0IM1OHQH,2026-07-01 12:28:41.953000+00:00,control,46,10,1,1,1,0,2,2,1,2,18,2,1,10,4.474,0.045
ses_20260701-120828-LAPTOP-0IM1OHQH,2026-07-01 12:17:39.461000+00:00,control,29,6,2,2,9,0,0,1,0,0,8,1,0,7,2.842,0.0915
ses_20260701-120828-LAPTOP-0IM1OHQH,2026-07-01 12:16:46.956000+00:00,control,40,10,2,2,10,1,0,2,1,2,8,2,1,9,1.723,0.088
ses_20260701-120828-LAPTOP-0IM1OHQH,2026-07-01 12:30:18.517000+00:00,control,36,10,2,2,11,0,3,2,1,0,2,2,1,11,3.28,0.112
ses_20260701-120828-LAPTOP-0IM1OHQH,2026-07-01 12:11:13.775000+00:00,control,50,9,1,1,2,0,0,2,1,1,22,2,1,10,4.391,0.017
ses_20260701-120828-LAPTOP-0IM1OHQH,2026-07-01 12:11:42.228000+00:00,control,57,9,2,2,11,0,0,2,1,1,18,2,1,14,4.635,0.0875
ses_20260701-120828-LAPTOP-0IM1OHQH,2026-07-01 12:16:52.058000+00:00,control,44,11,3,3,11,1,0,2,1,2,8,2,1,10,1.723,0.084
ses_20260701-120828-LAPTOP-0IM1OHQH,2026-07-01 12:14:00.827000+00:00,control,44,8,3,3,16,0,0,2,1,0,8,2,1,10,6.696,0.067
ses_20260701-120828-LAPTOP-0IM1OHQH,2026-07-01 12:30:18.364000+00:00,control,36,10,2,2,11,0,3,2,1,0,2,2,1,11,3.28,0.112
ses_20260701-120828-LAPTOP-0IM1OHQH,2026-07-01 12:21:53.699000+00:00,control,38,9,2,2,11,0,0,2,1,1,8,2,1,8,2.081,0.076
ses_20260701-120828-LAPTOP-0IM1OHQH,2026-07-01 12:18:31.485000+00:00,control,31,4,2,2,2,0,0,0,0,0,16,0,0,7,3.415,0.03
ses_20260701-120828-LAPTOP-0IM1OHQH,2026-07-01 12:19:34.140000+00:00,control,44,10,1,3,2,0,0,2,1,0,16,2,1,11,5.182,0.057
ses_20260701-120828-LAPTOP-0IM1OHQH,2026-07-01 12:12:31.932000+00:00,control,28,9,1,1,2,0,0,2,1,1,8,2,1,7,3.106,0.068
ses_20260701-120828-LAPTOP-0IM1OHQH,2026-07-01 12:12:07.447000+00:00,control,31,6,1,2,10,0,0,1,0,0,8,1,0,8,3.63,0.0815
ses_20260701-120828-LAPTOP-0IM1OHQH,2026-07-01 12:08:57.448000+00:00,control,54,8,2,2,14,0,1,1,0,0,16,1,1,14,4.431,0.077
ses_20260701-120828-LAPTOP-0IM1OHQH,2026-07-01 12:18:28.279000+00:00,control,34,4,2,2,3,0,0,0,0,0,16,0,0,9,3.415,0.036
ses_20260701-120828-LAPTOP-0IM1OHQH,2026-07-01 12:23:13.904000+00:00,control,56,7,2,3,11,0,0,1,0,1,20,1,0,14,3.197,0.072
ses_20260701-120828-LAPTOP-0IM1OHQH,2026-07-01 12:19:34.041000+00:00,control,42,9,1,3,2,0,0,2,1,0,16,2,1,10,5.182,0.057
ses_20260701-120828-LAPTOP-0IM1OHQH,2026-07-01 12:16:52.090000+00:00,control,44,11,3,3,11,1,0,2,1,2,8,2,1,10,1.723,0.084
ses_20260701-120828-LAPTOP-0IM1OHQH,2026-07-01 12:12:30.522000+00:00,control,28,9,1,1,2,0,0,2,1,1,8,2,1,7,3.106,0.068
ses_20260701-120828-LAPTOP-0IM1OHQH,2026-07-01 12:13:21.416000+00:00,control,40,9,1,2,1,0,0,3,1,1,16,3,1,8,4.892,0.041
ses_20260701-120828-LAPTOP-0IM1OHQH,2026-07-01 12:12:04.855000+00:00,control,41,6,1,2,19,0,0,1,0,0,8,1,0,9,3.63,0.057
ses_20260701-120828-LAPTOP-0IM1OHQH,2026-07-01 12:14:08.046000+00:00,control,46,9,2,2,15,0,2,2,1,0,8,2,1,11,5.753,0.067
ses_20260701-120828-LAPTOP-0IM1OHQH,2026-07-01 12:22:24.125000+00:00,control,59,8,2,2,14,0,0,2,1,0,18,2,1,14,3.091,0.048
ses_20260701-120828-LAPTOP-0IM1OHQH,2026-07-01 12:23:14.581000+00:00,control,59,8,2,3,12,0,0,1,0,1,20,1,1,15,3.197,0.0745
ses_20260701-120828-LAPTOP-0IM1OHQH,2026-07-01 12:26:39.246000+00:00,control,61,9,2,2,15,0,0,2,1,2,18,2,1,13,4.181,0.051
ses_20260701-120828-LAPTOP-0IM1OHQH,2026-07-01 12:26:39.171000+00:00,control,61,9,2,2,15,0,0,2,1,2,18,2,1,13,4.181,0.051
ses_20260701-120828-LAPTOP-0IM1OHQH,2026-07-01 12:24:36.180000+00:00,control,40,9,2,2,12,0,0,2,1,1,8,2,1,9,2.039,0.067
ses_20260701-120828-LAPTOP-0IM1OHQH,2026-07-01 12:21:59.100000+00:00,control,47,9,2,2,12,0,0,2,1,1,12,2,1,11,3.402,0.0685
ses_20260701-120828-LAPTOP-0IM1OHQH,2026-07-01 12:12:30.648000+00:00,control,28,9,1,1,2,0,0,2,1,1,8,2,1,7,3.106,0.068
ses_20260701-120828-LAPTOP-0IM1OHQH,2026-07-01 12:09:52.628000+00:00,control,42,9,2,2,12,0,0,2,1,2,8,2,1,10,2.063,0.087
ses_20260701-120828-LAPTOP-0IM1OHQH,2026-07-01 12:12:04.868000+00:00,control,40,6,1,2,18,0,0,1,0,0,8,1,0,9,3.63,0.057
ses_20260701-120828-LAPTOP-0IM1OHQH,2026-07-01 12:19:31.524000+00:00,control,43,8,1,1,1,0,0,3,1,0,16,3,2,11,3.391,0.048
ses_20260701-120828-LAPTOP-0IM1OHQH,2026-07-01 12:26:39.171000+00:00,control,61,9,2,2,15,0,0,2,1,2,18,2,1,13,4.181,0.051
ses_20260701-120828-LAPTOP-0IM1OHQH,2026-07-01 12:12:07.448000+00:00,control,31,6,1,2,10,0,0,1,0,0,8,1,0,8,3.63,0.0815
ses_20260701-120828-LAPTOP-0IM1OHQH,2026-07-01 12:28:15.460000+00:00,control,64,9,2,2,12,0,0,2,1,2,22,2,1,13,3.036,0.068
ses_20260701-120828-LAPTOP-0IM1OHQH,2026-07-01 12:28:15.462000+00:00,control,64,9,2,2,12,0,0,2,1,2,22,2,1,13,3.036,0.068
ses_20260701-120828-LAPTOP-0IM1OHQH,2026-07-01 12:18:45.750000+00:00,control,33,10,2,2,15,0,1,2,1,1,2,2,1,7,1.751,0.056
ses_20260701-120828-LAPTOP-0IM1OHQH,2026-07-01 12:21:53.474000+00:00,control,38,9,2,2,11,0,0,2,1,1,8,2,1,8,2.081,0.076
ses_20260701-123729-Marcos,2026-07-01 12:39:04.108000+00:00,control,25,7,1,1,1,0,0,1,0,0,8,1,5,6,2.853,0.0605
ses_20260701-123729-Marcos,2026-07-01 12:49:50.485000+00:00,control,28,8,1,1,0,0,0,2,1,1,10,2,1,8,3.413,0.044
ses_20260701-123729-Marcos,2026-07-01 12:53:49.723000+00:00,control,63,7,2,3,17,0,0,2,0,0,20,2,1,13,4.529,0.0485
ses_20260701-123729-Marcos,2026-07-01 12:53:17.442000+00:00,control,27,10,1,1,1,0,1,2,1,1,8,2,1,6,2.836,0.049
ses_20260701-123729-Marcos,2026-07-01 12:41:53.083000+00:00,control,62,8,2,3,17,0,0,1,0,1,20,1,1,13,3.445,0.044
ses_20260701-123729-Marcos,2026-07-01 12:59:23.364000+00:00,control,27,5,1,1,2,0,0,0,0,2,12,0,0,6,2.541,0.055999999999999994
ses_20260701-123729-Marcos,2026-07-01 12:47:47.572000+00:00,control,63,10,1,2,15,0,1,3,1,1,18,3,1,13,3.306,0.0505
ses_20260701-123729-Marcos,2026-07-01 13:00:00.597000+00:00,control,65,10,2,2,15,0,0,3,1,2,18,3,2,13,3.912,0.0525
ses_20260701-123729-Marcos,2026-07-01 12:58:03.110000+00:00,control,64,9,2,2,15,0,0,3,1,2,18,3,2,13,4.2,0.05
ses_20260701-123729-Marcos,2026-07-01 12:46:01.267000+00:00,control,24,7,1,1,1,0,0,1,0,0,8,1,4,6,2.98,0.071
ses_20260701-123729-Marcos,2026-07-01 12:53:00.690000+00:00,control,25,7,1,1,1,0,0,1,0,0,8,1,5,6,2.788,0.064
ses_20260701-123729-Marcos,2026-07-01 12:43:27.368000+00:00,control,41,9,2,2,14,0,0,2,1,1,8,2,1,8,2.067,0.05
ses_20260701-123729-Marcos,2026-07-01 12:48:04.240000+00:00,control,16,9,1,3,1,1,3,1,1,0,0,1,0,6,6.873,0.096
ses_20260701-123729-Marcos,2026-07-01 12:49:52.941000+00:00,control,25,8,1,1,0,0,0,2,1,1,8,2,1,7,2.602,0.0335
ses_20260701-123729-Marcos,2026-07-01 12:47:57.367000+00:00,control,31,9,1,1,1,0,2,2,1,0,10,2,1,8,6.873,0.0755
ses_20260701-123729-Marcos,2026-07-01 12:56:51.155000+00:00,control,36,5,1,1,2,0,0,0,0,1,18,0,0,8,3.882,0.026
ses_20260701-123729-Marcos,2026-07-01 12:43:27.847000+00:00,control,41,9,2,2,14,0,0,2,1,1,8,2,1,8,2.067,0.05
ses_20260701-123729-Marcos,2026-07-01 12:41:03.811000+00:00,control,27,7,1,1,0,0,0,2,1,0,10,2,1,8,3.924,0.049
ses_20260701-123729-Marcos,2026-07-01 12:46:01.147000+00:00,control,24,7,1,1,1,0,0,1,0,0,8,1,4,6,2.98,0.071
ses_20260701-123729-Marcos,2026-07-01 12:54:28.951000+00:00,control,2,2,1,1,1,0,0,0,0,0,0,0,0,1,0.053,0.053
ses_20260701-123729-Marcos,2026-07-01 12:48:08.378000+00:00,control,10,6,1,3,1,1,2,0,0,0,0,0,0,4,3.315,0.096
ses_20260701-123729-Marcos,2026-07-01 12:53:54.500000+00:00,control,54,8,2,2,15,0,0,2,1,0,16,2,1,11,4.529,0.049
ses_20260701-123729-Marcos,2026-07-01 12:49:52.938000+00:00,control,25,8,1,1,0,0,0,2,1,1,8,2,1,7,2.602,0.0335
ses_20260701-123729-Marcos,2026-07-01 12:56:46.226000+00:00,control,46,8,1,1,3,0,0,1,0,1,20,1,1,11,3.882,0.061
ses_20260701-123729-Marcos,2026-07-01 12:41:49.457000+00:00,control,60,7,2,3,22,0,1,1,0,0,16,1,0,13,3.445,0.046
ses_20260701-123729-Marcos,2026-07-01 12:51:55.318000+00:00,control,47,9,2,2,15,0,0,2,1,2,10,2,1,9,1.753,0.0455
ses_20260701-123729-Marcos,2026-07-01 12:47:49.493000+00:00,control,49,10,1,2,3,0,1,3,1,1,18,3,1,11,3.306,0.044
ses_20260701-123729-Marcos,2026-07-01 12:47:49.262000+00:00,control,49,10,1,2,3,0,1,3,1,1,18,3,1,11,3.306,0.044
ses_20260701-123729-Marcos,2026-07-01 12:56:51.287000+00:00,control,32,4,1,1,2,0,0,0,0,0,16,0,0,8,3.882,0.026
ses_20260701-123729-Marcos,2026-07-01 13:00:04.311000+00:00,control,57,10,2,2,15,0,0,2,1,2,16,2,1,11,3.912,0.0525
ses_20260701-123729-Marcos,2026-07-01 13:02:16.370000+00:00,control,12,5,2,2,2,0,3,0,0,0,0,1,0,3,5.755,0.316
ses_20260701-123729-Marcos,2026-07-01 12:47:03.878000+00:00,control,60,9,2,2,15,0,0,2,1,2,18,2,1,12,4.775,0.05
ses_20260701-123729-Marcos,2026-07-01 12:55:55.528000+00:00,control,48,9,1,2,3,0,0,3,1,1,18,3,1,11,4.794,0.03
ses_20260701-123729-Marcos,2026-07-01 12:42:20.219000+00:00,control,26,8,1,1,1,0,1,1,0,0,8,1,4,7,2.498,0.068
ses_20260701-123729-Marcos,2026-07-01 12:43:17.094000+00:00,control,27,7,2,3,3,0,0,1,0,0,8,1,4,7,9.62,0.0615
ses_20260701-123729-Marcos,2026-07-01 12:50:49.725000+00:00,control,67,9,2,3,17,0,0,3,1,3,18,3,1,14,4.07,0.055
ses_20260701-123729-Marcos,2026-07-01 12:39:02.673000+00:00,control,25,7,1,1,1,0,0,1,0,0,8,1,5,6,2.853,0.0605
ses_20260701-123729-Marcos,2026-07-01 12:53:20.754000+00:00,control,27,10,1,1,1,0,1,2,1,1,8,2,1,6,2.836,0.049
ses_20260701-123729-Marcos,2026-07-01 12:51:50.412000+00:00,control,64,9,2,2,15,0,0,2,1,3,20,2,1,12,2.924,0.046
ses_20260701-123729-Marcos,2026-07-01 12:51:49.624000+00:00,control,70,9,2,2,16,0,0,2,1,3,22,2,1,14,2.924,0.047
ses_20260701-123729-Marcos,2026-07-01 12:55:29.877000+00:00,control,46,10,2,2,15,1,0,2,1,1,8,2,3,9,1.735,0.054
ses_20260701-123729-Marcos,2026-07-01 12:51:50.516000+00:00,control,64,9,2,2,15,0,0,2,1,3,20,2,1,12,2.924,0.046
ses_20260701-123729-Marcos,2026-07-01 12:54:16.040000+00:00,control,22,7,1,2,12,0,1,1,0,0,2,1,0,4,4.099,0.036
ses_20260701-123729-Marcos,2026-07-01 12:43:26.714000+00:00,control,44,9,2,2,14,0,0,2,1,1,10,2,1,9,9.62,0.051
ses_20260701-123729-Marcos,2026-07-01 12:49:52.940000+00:00,control,25,8,1,1,0,0,0,2,1,1,8,2,1,7,2.602,0.0335
ses_20260701-123729-Marcos,2026-07-01 12:51:44.452000+00:00,control,75,8,2,3,28,0,0,1,0,2,20,1,1,14,2.924,0.05
ses_20260701-123729-Marcos,2026-07-01 13:00:06.384000+00:00,control,48,10,2,2,15,0,0,2,1,2,10,2,1,10,2.847,0.055
ses_20260701-123729-Marcos,2026-07-01 12:47:04.768000+00:00,control,63,10,3,3,16,1,0,2,1,2,18,2,1,13,4.775,0.051000000000000004
ses_20260701-123729-Marcos,2026-07-01 12:56:24.215000+00:00,control,54,8,2,2,15,0,0,2,1,0,16,2,1,11,4.173,0.05
ses_20260701-123729-Marcos,2026-07-01 12:51:19.454000+00:00,control,49,9,1,1,1,0,0,2,1,1,22,2,1,10,4.38,0.036000000000000004
ses_20260701-123729-Marcos,2026-07-01 12:46:12.952000+00:00,control,43,9,2,2,16,0,0,2,1,1,8,2,1,8,2.464,0.0555
ses_20260701-123729-Marcos,2026-07-01 12:53:21.341000+00:00,control,27,10,1,1,1,0,1,2,1,1,8,2,1,6,2.836,0.049
ses_20260701-123729-Marcos,2026-07-01 12:51:21.815000+00:00,control,37,8,1,1,2,0,0,2,1,0,14,2,1,9,3.523,0.04
ses_20260701-123729-Marcos,2026-07-01 12:56:50.317000+00:00,control,40,5,1,1,2,0,0,0,0,1,20,0,0,9,3.882,0.026
ses_20260701-123729-Marcos,2026-07-01 13:00:00.846000+00:00,control,65,10,2,2,15,0,0,3,1,2,18,3,2,13,3.912,0.0525
ses_20260701-123729-Marcos,2026-07-01 12:51:47.871000+00:00,control,70,9,2,2,16,0,0,2,1,3,22,2,1,14,2.924,0.047
ses_20260701-123729-Marcos,2026-07-01 12:52:59.902000+00:00,control,25,7,1,1,1,0,0,1,0,0,8,1,5,6,2.788,0.064
ses_20260701-123729-Marcos,2026-07-01 12:49:44.322000+00:00,control,59,9,1,2,14,0,0,3,1,2,16,3,1,13,3.413,0.043
ses_20260701-123729-Marcos,2026-07-01 12:53:17.916000+00:00,control,27,10,1,1,1,0,1,2,1,1,8,2,1,6,2.836,0.049
ses_20260701-123729-Marcos,2026-07-01 12:51:55.900000+00:00,control,47,9,2,2,15,0,0,2,1,2,10,2,1,9,1.753,0.0455
ses_20260701-123729-Marcos,2026-07-01 12:42:22.308000+00:00,control,37,8,1,1,2,0,0,1,0,1,14,1,4,8,8.066,0.0345
ses_20260701-124033-SIDDHIGUPTAB00B,2026-07-01 13:06:49.685000+00:00,control,38,10,1,1,2,0,3,2,1,3,10,2,1,9,3.127,0.063
ses_20260701-124033-SIDDHIGUPTAB00B,2026-07-01 12:56:19.499000+00:00,control,56,9,2,2,16,0,0,2,1,3,14,2,1,11,3.224,0.049
ses_20260701-124033-SIDDHIGUPTAB00B,2026-07-01 12:47:07.218000+00:00,control,50,8,1,1,2,0,0,1,0,4,22,1,1,10,4.705,0.027
ses_20260701-124033-SIDDHIGUPTAB00B,2026-07-01 12:56:24.718000+00:00,control,49,9,2,2,16,0,0,2,1,3,10,2,1,9,2.334,0.051500000000000004
ses_20260701-124033-SIDDHIGUPTAB00B,2026-07-01 12:55:31.484000+00:00,control,33,9,1,1,2,0,0,2,1,3,10,2,1,8,2.658,0.0545
ses_20260701-124033-SIDDHIGUPTAB00B,2026-07-01 12:46:25.498000+00:00,control,2,2,1,1,1,0,0,0,0,0,0,0,0,1,0.094,0.094
ses_20260701-124033-SIDDHIGUPTAB00B,2026-07-01 12:59:57.318000+00:00,control,48,10,3,3,17,0,0,2,1,3,8,2,1,9,2.442,0.053
ses_20260701-124033-SIDDHIGUPTAB00B,2026-07-01 13:02:14.147000+00:00,control,29,9,1,1,2,0,0,2,1,3,8,2,1,6,3.548,0.0515
ses_20260701-124033-SIDDHIGUPTAB00B,2026-07-01 12:56:13.018000+00:00,control,56,8,2,3,10,0,0,1,0,3,20,1,1,12,3.233,0.045
ses_20260701-124033-SIDDHIGUPTAB00B,2026-07-01 12:41:47.816000+00:00,control,60,10,2,2,16,0,0,2,1,3,16,2,1,12,3.127,0.053
ses_20260701-124033-SIDDHIGUPTAB00B,2026-07-01 13:01:25.366000+00:00,control,48,9,3,3,17,0,0,2,1,3,8,2,1,10,1.987,0.052
ses_20260701-124033-SIDDHIGUPTAB00B,2026-07-01 12:53:59.122000+00:00,control,42,9,2,2,14,0,0,2,1,3,8,2,1,7,2.725,0.05
ses_20260701-124033-SIDDHIGUPTAB00B,2026-07-01 13:07:00.919000+00:00,control,10,4,1,1,1,0,3,0,0,0,0,0,0,3,3.456,0.231
ses_20260701-124033-SIDDHIGUPTAB00B,2026-07-01 13:00:48.774000+00:00,control,7,5,1,1,1,0,0,0,0,1,2,0,0,2,0.818,0.077
ses_20260701-124033-SIDDHIGUPTAB00B,2026-07-01 12:47:33.848000+00:00,control,52,9,1,2,15,0,0,3,1,2,12,3,1,11,3.12,0.044
ses_20260701-124033-SIDDHIGUPTAB00B,2026-07-01 12:52:39.395000+00:00,control,42,9,1,1,1,0,0,2,1,2,16,2,1,11,3.571,0.036
ses_20260701-124033-SIDDHIGUPTAB00B,2026-07-01 13:04:11.331000+00:00,control,8,5,2,2,2,0,0,0,0,1,2,0,0,2,0.717,0.074
ses_20260701-124033-SIDDHIGUPTAB00B,2026-07-01 12:49:12.636000+00:00,control,103,10,1,2,15,0,3,2,1,0,64,2,1,12,3.093,0.038
ses_20260701-124033-SIDDHIGUPTAB00B,2026-07-01 13:05:07.923000+00:00,control,20,7,2,3,1,0,0,1,0,0,8,1,2,5,5.119,0.117
ses_20260701-124033-SIDDHIGUPTAB00B,2026-07-01 13:00:21.248000+00:00,control,22,6,2,3,2,0,0,1,0,0,10,1,0,7,4.524,0.143
ses_20260701-124033-SIDDHIGUPTAB00B,2026-07-01 12:42:40.491000+00:00,control,62,9,1,2,14,0,0,3,1,4,18,3,1,11,3.362,0.032
ses_20260701-124033-SIDDHIGUPTAB00B,2026-07-01 13:05:03.574000+00:00,control,40,7,2,3,18,0,0,1,0,0,8,1,2,8,5.119,0.055
ses_20260701-124033-SIDDHIGUPTAB00B,2026-07-01 13:05:23.210000+00:00,control,49,10,2,2,17,0,0,2,1,3,8,2,1,10,1.797,0.0545
ses_20260701-124033-SIDDHIGUPTAB00B,2026-07-01 13:04:10.585000+00:00,control,8,5,2,2,2,0,0,0,0,1,2,0,0,2,0.717,0.074
ses_20260701-124033-SIDDHIGUPTAB00B,2026-07-01 12:51:21.349000+00:00,control,50,9,1,1,1,0,0,2,1,4,20,2,1,11,4.739,0.032
ses_20260701-124033-SIDDHIGUPTAB00B,2026-07-01 12:59:55.404000+00:00,control,48,10,3,3,17,0,0,2,1,3,8,2,1,9,2.442,0.053
ses_20260701-124033-SIDDHIGUPTAB00B,2026-07-01 12:54:56.001000+00:00,control,68,9,2,2,17,0,0,3,1,4,18,3,2,13,3.393,0.053
ses_20260701-124033-SIDDHIGUPTAB00B,2026-07-01 12:44:55.499000+00:00,control,44,10,2,2,14,1,0,2,1,3,8,2,1,8,1.967,0.05
ses_20260701-124033-SIDDHIGUPTAB00B,2026-07-01 12:59:01.311000+00:00,control,33,10,2,2,2,1,0,2,1,3,8,2,2,8,2.828,0.065
ses_20260701-124033-SIDDHIGUPTAB00B,2026-07-01 12:49:12.907000+00:00,control,101,10,1,2,15,0,2,2,1,0,64,2,1,11,2.288,0.036
ses_20260701-124033-SIDDHIGUPTAB00B,2026-07-01 12:48:57.222000+00:00,control,51,11,2,2,16,1,2,2,1,3,8,2,1,11,3.093,0.048
ses_20260701-124033-SIDDHIGUPTAB00B,2026-07-01 12:48:57.695000+00:00,control,51,11,2,2,16,1,2,2,1,3,8,2,1,11,3.093,0.048
ses_20260701-124033-SIDDHIGUPTAB00B,2026-07-01 12:59:37.628000+00:00,control,27,9,2,3,2,0,1,1,0,0,8,1,3,8,3.214,0.1405
ses_20260701-124033-SIDDHIGUPTAB00B,2026-07-01 12:45:20.160000+00:00,control,50,9,1,1,3,0,0,2,1,4,18,2,1,12,4.595,0.046
ses_20260701-124033-SIDDHIGUPTAB00B,2026-07-01 13:01:23.357000+00:00,control,48,9,3,3,17,0,0,2,1,3,8,2,1,10,1.987,0.052
ses_20260701-124033-SIDDHIGUPTAB00B,2026-07-01 12:52:13.623000+00:00,control,45,10,2,2,16,1,0,2,1,3,8,2,1,7,2.255,0.0475
ses_20260701-124033-SIDDHIGUPTAB00B,2026-07-01 13:03:53.181000+00:00,control,13,3,1,1,0,0,0,0,0,0,8,0,0,4,3.766,0.11149999999999999
ses_20260701-124033-SIDDHIGUPTAB00B,2026-07-01 12:49:26.012000+00:00,control,30,6,2,2,2,0,1,0,0,0,19,0,0,6,4.516,0.042
ses_20260701-124033-SIDDHIGUPTAB00B,2026-07-01 12:43:03.810000+00:00,control,77,8,2,3,29,0,0,1,0,3,20,1,1,14,3.167,0.0515
ses_20260701-124033-SIDDHIGUPTAB00B,2026-07-01 12:52:44.113000+00:00,control,25,8,1,1,0,0,0,2,1,1,8,2,1,7,3.348,0.039999999999999994
ses_20260701-124033-SIDDHIGUPTAB00B,2026-07-01 12:56:27.144000+00:00,control,45,9,2,2,16,0,0,2,1,3,8,2,1,8,2.106,0.051500000000000004
ses_20260701-124033-SIDDHIGUPTAB00B,2026-07-01 12:54:28.605000+00:00,control,51,10,1,1,1,0,1,2,1,4,20,2,1,11,3.247,0.0385
ses_20260701-124033-SIDDHIGUPTAB00B,2026-07-01 12:56:23.107000+00:00,control,49,9,2,2,16,0,0,2,1,3,10,2,1,9,2.334,0.051500000000000004
ses_20260701-124033-SIDDHIGUPTAB00B,2026-07-01 12:51:17.376000+00:00,control,46,7,1,2,3,0,0,1,0,3,20,1,0,10,4.739,0.036
ses_20260701-124033-SIDDHIGUPTAB00B,2026-07-01 12:55:27.614000+00:00,control,36,9,1,1,2,0,0,2,1,3,12,2,1,9,3.721,0.057
ses_20260701-124033-SIDDHIGUPTAB00B,2026-07-01 12:54:58.304000+00:00,control,68,9,2,2,17,0,0,3,1,4,18,3,2,13,3.393,0.053
ses_20260701-124033-SIDDHIGUPTAB00B,2026-07-01 13:06:46.754000+00:00,control,39,10,1,1,1,0,2,2,1,3,12,2,1,9,3.127,0.059
ses_20260701-124033-SIDDHIGUPTAB00B,2026-07-01 13:06:43.533000+00:00,control,40,10,1,1,1,0,1,2,1,3,14,2,1,9,3.127,0.055
ses_20260701-124033-SIDDHIGUPTAB00B,2026-07-01 13:05:28.079000+00:00,control,49,10,2,2,17,0,0,2,1,3,8,2,1,10,1.797,0.0545
ses_20260701-124033-SIDDHIGUPTAB00B,2026-07-01 13:00:21.073000+00:00,control,22,6,2,3,2,0,0,1,0,0,10,1,0,7,4.524,0.143
ses_20260701-124033-SIDDHIGUPTAB00B,2026-07-01 12:52:12.436000+00:00,control,45,10,2,2,16,1,0,2,1,3,8,2,1,7,2.255,0.0475
ses_20260701-124033-SIDDHIGUPTAB00B,2026-07-01 12:55:29.968000+00:00,control,33,9,1,1,2,0,0,2,1,3,10,2,1,8,2.658,0.0545
ses_20260701-124033-SIDDHIGUPTAB00B,2026-07-01 12:41:48.291000+00:00,control,58,10,2,2,16,0,0,2,1,3,14,2,1,12,3.127,0.053
ses_20260701-124033-SIDDHIGUPTAB00B,2026-07-01 13:03:53.181000+00:00,control,13,3,1,1,0,0,0,0,0,0,8,0,0,4,3.766,0.11149999999999999
ses_20260701-124033-SIDDHIGUPTAB00B,2026-07-01 12:49:16.141000+00:00,control,108,11,1,2,16,0,2,2,1,0,66,2,1,13,4.516,0.036
ses_20260701-124033-SIDDHIGUPTAB00B,2026-07-01 13:00:30.111000+00:00,control,13,3,1,1,0,0,0,0,0,0,8,0,0,4,4.524,0.1195
ses_20260701-124033-SIDDHIGUPTAB00B,2026-07-01 13:06:12.609000+00:00,control,48,9,3,3,18,0,0,2,1,3,8,2,1,9,2.754,0.053
ses_20260701-124033-SIDDHIGUPTAB00B,2026-07-01 13:04:42.789000+00:00,control,48,10,2,2,17,1,0,2,1,3,8,2,1,9,2.515,0.052
ses_20260701-124550-LAPTOP-0IM1OHQH,2026-07-01 13:06:06.556000+00:00,control,44,10,2,2,16,1,0,2,1,1,8,2,1,8,2.211,0.052
ses_20260701-124550-LAPTOP-0IM1OHQH,2026-07-01 13:07:37.392000+00:00,control,52,9,2,2,15,0,0,2,1,1,14,2,1,10,3.105,0.052
ses_20260701-124550-LAPTOP-0IM1OHQH,2026-07-01 13:08:59.119000+00:00,control,59,9,2,2,15,0,1,2,1,0,18,2,1,12,3.332,0.051000000000000004
ses_20260701-124550-LAPTOP-0IM1OHQH,2026-07-01 12:49:07.569000+00:00,control,21,6,1,2,3,1,0,0,0,0,8,0,0,5,7.238,0.083
ses_20260701-124550-LAPTOP-0IM1OHQH,2026-07-01 12:49:32.568000+00:00,control,29,9,1,1,2,0,0,2,1,2,8,2,1,7,2.394,0.053500000000000006
ses_20260701-124550-LAPTOP-0IM1OHQH,2026-07-01 12:54:08.904000+00:00,control,51,8,1,1,2,0,0,2,1,0,22,2,1,12,3.224,0.039
ses_20260701-124550-LAPTOP-0IM1OHQH,2026-07-01 13:09:03.300000+00:00,control,48,9,2,2,15,0,2,2,1,0,10,2,1,11,6.824,0.054
ses_20260701-124550-LAPTOP-0IM1OHQH,2026-07-01 13:09:28.338000+00:00,control,47,10,1,1,2,0,1,2,1,1,18,2,2,11,3.143,0.056499999999999995
ses_20260701-124550-LAPTOP-0IM1OHQH,2026-07-01 12:58:22.723000+00:00,control,45,9,1,1,1,0,0,3,1,1,16,3,2,12,4.661,0.038
ses_20260701-124550-LAPTOP-0IM1OHQH,2026-07-01 12:51:13.005000+00:00,control,54,8,1,2,7,0,0,1,0,2,20,1,1,14,3.596,0.08
ses_20260701-124550-LAPTOP-0IM1OHQH,2026-07-01 13:09:00.547000+00:00,control,55,9,2,2,15,0,1,2,1,0,16,2,1,11,3.332,0.051000000000000004
ses_20260701-124550-LAPTOP-0IM1OHQH,2026-07-01 13:08:31.976000+00:00,control,37,8,1,1,2,0,0,2,1,0,14,2,1,9,3.077,0.038
ses_20260701-124550-LAPTOP-0IM1OHQH,2026-07-01 12:48:02.615000+00:00,control,33,5,1,1,3,0,0,1,0,0,16,0,0,7,3.053,0.0515
ses_20260701-124550-LAPTOP-0IM1OHQH,2026-07-01 13:06:56.866000+00:00,control,48,7,1,2,14,0,1,1,0,0,14,1,0,12,4.35,0.074
ses_20260701-124550-LAPTOP-0IM1OHQH,2026-07-01 13:08:59.500000+00:00,control,59,9,2,2,15,0,1,2,1,0,18,2,1,12,3.332,0.051000000000000004
ses_20260701-124550-LAPTOP-0IM1OHQH,2026-07-01 13:09:32.136000+00:00,control,47,10,1,1,3,0,2,2,1,1,18,2,1,10,3.143,0.056499999999999995
ses_20260701-124550-LAPTOP-0IM1OHQH,2026-07-01 12:59:58.538000+00:00,control,47,11,2,2,16,1,0,2,1,2,8,2,1,9,1.996,0.049
ses_20260701-124550-LAPTOP-0IM1OHQH,2026-07-01 12:57:08.153000+00:00,control,16,3,1,1,0,0,0,0,0,0,10,0,0,5,3.213,0.055
ses_20260701-124550-LAPTOP-0IM1OHQH,2026-07-01 13:02:01.296000+00:00,control,23,7,2,2,0,0,0,1,0,0,8,1,3,6,5.489,0.14650000000000002
ses_20260701-124550-LAPTOP-0IM1OHQH,2026-07-01 12:49:31.995000+00:00,control,29,9,1,1,2,0,0,2,1,2,8,2,1,7,2.394,0.053500000000000006
ses_20260701-124550-LAPTOP-0IM1OHQH,2026-07-01 12:46:24.839000+00:00,control,44,6,2,2,3,0,0,0,0,1,20,0,0,10,3.308,0.02
ses_20260701-124550-LAPTOP-0IM1OHQH,2026-07-01 12:49:28.579000+00:00,control,29,9,1,1,2,0,0,2,1,2,8,2,1,7,2.394,0.053500000000000006
ses_20260701-124550-LAPTOP-0IM1OHQH,2026-07-01 12:54:37.470000+00:00,control,20,3,2,2,1,0,0,0,0,0,12,0,0,7,4.96,0.114
ses_20260701-124550-LAPTOP-0IM1OHQH,2026-07-01 12:53:05.411000+00:00,control,8,5,1,1,2,0,0,0,0,1,2,0,0,2,1.191,0.075
ses_20260701-124550-LAPTOP-0IM1OHQH,2026-07-01 13:04:12.859000+00:00,control,46,9,1,1,2,0,0,2,1,1,18,2,1,12,3.754,0.035
ses_20260701-124550-LAPTOP-0IM1OHQH,2026-07-01 13:04:16.944000+00:00,control,30,9,1,1,1,0,0,2,1,1,10,2,1,8,2.219,0.041
ses_20260701-124550-LAPTOP-0IM1OHQH,2026-07-01 13:06:56.483000+00:00,control,55,7,1,2,20,0,1,1,0,0,14,1,0,13,4.35,0.0625
ses_20260701-124550-LAPTOP-0IM1OHQH,2026-07-01 13:07:30.958000+00:00,control,52,8,2,3,10,0,0,1,0,1,20,1,1,10,3.837,0.052
ses_20260701-124550-LAPTOP-0IM1OHQH,2026-07-01 13:09:39.795000+00:00,control,24,11,1,1,2,0,3,2,1,1,2,2,1,6,3.552,0.09
ses_20260701-124550-LAPTOP-0IM1OHQH,2026-07-01 13:07:06.192000+00:00,control,45,8,1,1,1,0,0,2,1,0,20,2,1,10,4.35,0.054
ses_20260701-124550-LAPTOP-0IM1OHQH,2026-07-01 12:53:05.397000+00:00,control,8,5,1,1,2,0,0,0,0,1,2,0,0,2,1.191,0.075
ses_20260701-124550-LAPTOP-0IM1OHQH,2026-07-01 13:02:23.795000+00:00,control,30,9,2,2,4,0,0,2,1,1,8,2,1,7,9.192,0.067
ses_20260701-124550-LAPTOP-0IM1OHQH,2026-07-01 12:59:10.047000+00:00,control,26,8,1,1,2,0,0,2,1,0,8,2,1,6,3.959,0.011
ses_20260701-124550-LAPTOP-0IM1OHQH,2026-07-01 12:59:57.484000+00:00,control,47,11,2,2,16,1,0,2,1,2,8,2,1,9,1.996,0.049
ses_20260701-124550-LAPTOP-0IM1OHQH,2026-07-01 13:03:13.024000+00:00,control,51,8,2,2,14,0,0,2,1,0,14,2,1,11,2.77,0.0565
ses_20260701-124550-LAPTOP-0IM1OHQH,2026-07-01 13:09:32.488000+00:00,control,45,10,1,1,3,0,3,2,1,1,16,2,1,10,3.143,0.055
ses_20260701-124550-LAPTOP-0IM1OHQH,2026-07-01 13:07:37.160000+00:00,control,52,9,2,2,15,0,0,2,1,1,14,2,1,10,3.105,0.052
ses_20260701-124550-LAPTOP-0IM1OHQH,2026-07-01 13:09:42.105000+00:00,control,20,10,1,1,2,0,3,1,1,1,2,1,0,5,3.552,0.09
ses_20260701-124550-LAPTOP-0IM1OHQH,2026-07-01 13:04:11.631000+00:00,control,46,9,1,1,2,0,0,2,1,1,18,2,1,12,3.754,0.035
ses_20260701-124550-LAPTOP-0IM1OHQH,2026-07-01 12:50:21.651000+00:00,control,46,9,2,2,13,0,2,2,1,0,10,2,1,11,4.612,0.073
ses_20260701-124550-LAPTOP-0IM1OHQH,2026-07-01 12:57:59.217000+00:00,control,39,9,3,3,12,0,0,2,1,1,8,2,1,8,1.619,0.0795
ses_20260701-124550-LAPTOP-0IM1OHQH,2026-07-01 12:46:28.188000+00:00,control,38,6,2,2,2,0,0,0,0,1,18,0,0,8,3.308,0.016
ses_20260701-124550-LAPTOP-0IM1OHQH,2026-07-01 13:03:16.211000+00:00,control,51,8,2,2,14,0,0,2,1,0,14,2,1,11,2.77,0.0565
ses_20260701-124550-LAPTOP-0IM1OHQH,2026-07-01 12:49:31.980000+00:00,control,29,9,1,1,2,0,0,2,1,2,8,2,1,7,2.394,0.053500000000000006
ses_20260701-124550-LAPTOP-0IM1OHQH,2026-07-01 12:56:05.462000+00:00,control,46,8,1,1,2,0,0,1,0,1,20,1,2,11,4.313,0.044
ses_20260701-124550-LAPTOP-0IM1OHQH,2026-07-01 13:01:14.964000+00:00,control,21,6,2,2,0,0,0,1,0,0,8,1,3,5,5.654,0.074
ses_20260701-124550-LAPTOP-0IM1OHQH,2026-07-01 12:49:36.139000+00:00,control,29,9,1,1,2,0,0,2,1,2,8,2,1,7,2.394,0.053500000000000006
ses_20260701-124550-LAPTOP-0IM1OHQH,2026-07-01 12:50:19.738000+00:00,control,54,9,2,2,13,0,1,2,1,0,16,2,1,12,3.567,0.054
ses_20260701-124550-LAPTOP-0IM1OHQH,2026-07-01 12:57:59.984000+00:00,control,39,9,3,3,12,0,0,2,1,1,8,2,1,8,1.619,0.0795
ses_20260701-124550-LAPTOP-0IM1OHQH,2026-07-01 12:56:36.464000+00:00,control,58,9,2,2,14,0,0,2,1,1,18,2,1,12,4.158,0.048
ses_20260701-124550-LAPTOP-0IM1OHQH,2026-07-01 12:57:58.748000+00:00,control,39,9,3,3,12,0,0,2,1,1,8,2,1,8,1.619,0.0795
ses_20260701-124550-LAPTOP-0IM1OHQH,2026-07-01 13:03:10.082000+00:00,control,65,8,2,2,15,0,0,2,1,0,22,2,1,13,3.577,0.055
ses_20260701-124550-LAPTOP-0IM1OHQH,2026-07-01 12:52:39.328000+00:00,control,24,8,2,3,2,0,0,1,0,0,10,1,1,7,3.553,0.086
ses_20260701-124550-LAPTOP-0IM1OHQH,2026-07-01 13:04:17.024000+00:00,control,30,9,1,1,1,0,0,2,1,1,10,2,1,8,2.219,0.041
ses_20260701-124550-LAPTOP-0IM1OHQH,2026-07-01 13:03:15.588000+00:00,control,51,8,2,2,14,0,0,2,1,0,14,2,1,11,2.77,0.0565
ses_20260701-124550-LAPTOP-0IM1OHQH,2026-07-01 12:49:28.400000+00:00,control,29,9,1,1,2,0,0,2,1,2,8,2,1,7,2.394,0.053500000000000006
ses_20260701-124550-LAPTOP-0IM1OHQH,2026-07-01 13:02:02.558000+00:00,control,23,7,2,2,0,0,0,1,0,0,8,1,3,6,5.489,0.14650000000000002
ses_20260701-124550-LAPTOP-0IM1OHQH,2026-07-01 13:03:07.310000+00:00,control,70,7,2,3,25,0,0,1,0,0,20,1,1,14,3.577,0.058
ses_20260701-124550-LAPTOP-0IM1OHQH,2026-07-01 12:56:58.672000+00:00,control,39,6,2,3,14,0,0,1,0,0,12,1,0,10,3.213,0.0555
ses_20260701-124550-LAPTOP-0IM1OHQH,2026-07-01 12:48:39.820000+00:00,control,60,9,2,2,11,0,0,3,1,1,18,3,2,14,3.429,0.086
ses_20260701-124636-MSI,2026-07-01 12:57:41.159000+00:00,control,2,2,1,1,1,0,0,0,0,0,0,0,0,1,0.037,0.037
ses_20260701-124636-MSI,2026-07-01 12:49:11.572000+00:00,control,29,9,2,3,4,1,0,1,0,0,8,1,1,8,2.986,0.077
ses_20260701-124636-MSI,2026-07-01 13:08:22.240000+00:00,control,35,10,1,1,3,0,2,2,1,3,8,2,1,9,2.901,0.066
ses_20260701-124636-MSI,2026-07-01 12:49:59.613000+00:00,control,66,9,2,2,17,0,0,2,1,4,18,2,1,14,4.123,0.052
ses_20260701-124636-MSI,2026-07-01 12:46:50.242000+00:00,control,39,7,4,5,12,3,2,0,0,0,6,0,0,7,6.972,0.058499999999999996
ses_20260701-124636-MSI,2026-07-01 12:59:29.691000+00:00,control,48,8,1,1,2,0,0,1,0,3,20,1,2,11,3.421,0.046
ses_20260701-124636-MSI,2026-07-01 13:06:30.530000+00:00,control,36,6,1,2,15,0,0,1,0,0,8,1,0,8,2.247,0.053
ses_20260701-124636-MSI,2026-07-01 12:49:59.334000+00:00,control,66,9,2,2,17,0,0,2,1,4,18,2,1,14,4.123,0.052
ses_20260701-124636-MSI,2026-07-01 13:07:39.362000+00:00,control,64,9,2,2,16,0,0,2,1,4,18,2,1,13,3.732,0.051
ses_20260701-124636-MSI,2026-07-01 12:51:58.155000+00:00,control,48,9,2,2,17,0,0,2,1,3,8,2,1,10,1.631,0.051
ses_20260701-124636-MSI,2026-07-01 12:53:14.772000+00:00,control,29,9,2,2,1,0,0,2,1,3,8,2,1,7,3.237,0.053
ses_20260701-124636-MSI,2026-07-01 13:03:32.216000+00:00,control,46,10,2,2,15,1,0,2,1,3,8,2,1,9,1.819,0.051
ses_20260701-124636-MSI,2026-07-01 12:51:59.460000+00:00,control,49,9,2,2,18,0,0,2,1,3,8,2,1,10,2.935,0.051
ses_20260701-124636-MSI,2026-07-01 13:04:09.900000+00:00,control,99,12,1,2,0,2,2,4,3,1,66,4,1,11,3.912,0.0345
ses_20260701-124636-MSI,2026-07-01 12:51:45.412000+00:00,control,22,5,2,2,4,1,0,0,0,0,8,0,0,6,1.769,0.085
ses_20260701-124636-MSI,2026-07-01 12:59:06.303000+00:00,control,45,9,2,2,15,0,0,2,1,3,8,2,1,9,1.782,0.0555
ses_20260701-124636-MSI,2026-07-01 13:04:10.032000+00:00,control,99,12,1,2,0,2,2,4,3,1,66,4,1,11,3.912,0.0345
ses_20260701-124636-MSI,2026-07-01 13:02:02.367000+00:00,control,47,9,2,2,16,0,0,2,1,3,8,2,1,10,2.146,0.0535
ses_20260701-124636-MSI,2026-07-01 13:02:08.631000+00:00,control,54,9,2,2,16,0,0,2,1,3,12,2,1,12,4.879,0.054
ses_20260701-124636-MSI,2026-07-01 12:53:08.915000+00:00,control,31,9,2,2,2,0,0,2,1,3,8,2,1,8,3.237,0.055
ses_20260701-124636-MSI,2026-07-01 13:01:16.027000+00:00,control,51,10,2,3,3,0,0,2,1,3,18,2,1,13,3.775,0.0535
ses_20260701-124636-MSI,2026-07-01 13:05:41.470000+00:00,control,45,9,2,2,15,0,0,2,1,3,8,2,1,9,1.821,0.053
ses_20260701-124636-MSI,2026-07-01 12:52:24.161000+00:00,control,62,8,2,3,14,0,0,1,0,3,20,1,1,14,4.381,0.05
ses_20260701-124636-MSI,2026-07-01 12:52:27.040000+00:00,control,67,8,2,2,15,0,0,1,0,4,22,1,1,14,4.381,0.0465
ses_20260701-124636-MSI,2026-07-01 13:06:28.292000+00:00,control,38,7,1,2,15,0,1,1,0,0,8,1,0,9,2.247,0.053
ses_20260701-124636-MSI,2026-07-01 13:06:41.609000+00:00,control,46,9,2,2,15,0,0,2,1,3,8,2,2,9,2.17,0.053
ses_20260701-124636-MSI,2026-07-01 13:02:02.599000+00:00,control,47,9,2,2,16,0,0,2,1,3,8,2,1,10,2.146,0.0535
ses_20260701-124636-MSI,2026-07-01 13:01:13.074000+00:00,control,57,9,1,1,2,0,0,2,1,4,22,2,1,14,3.775,0.0505
ses_20260701-124636-MSI,2026-07-01 12:46:52.431000+00:00,control,31,6,3,4,12,3,2,0,0,0,0,0,0,5,0.989,0.0565
ses_20260701-124636-MSI,2026-07-01 13:05:07.493000+00:00,control,56,9,2,2,15,0,0,2,1,3,14,2,1,12,3.168,0.054
ses_20260701-124636-MSI,2026-07-01 12:52:30.285000+00:00,control,56,9,2,2,15,0,0,2,1,3,14,2,1,12,2.879,0.053
ses_20260701-124636-MSI,2026-07-01 13:02:06.533000+00:00,control,51,9,2,2,16,0,0,2,1,3,10,2,1,11,2.146,0.0535
ses_20260701-124636-MSI,2026-07-01 13:04:34.773000+00:00,control,67,9,1,2,16,0,0,3,1,4,18,3,1,14,3.347,0.0525
ses_20260701-124636-MSI,2026-07-01 13:02:02.544000+00:00,control,47,9,2,2,16,0,0,2,1,3,8,2,1,10,2.146,0.0535
ses_20260701-124636-MSI,2026-07-01 13:01:10.229000+00:00,control,55,8,1,2,6,0,0,2,0,3,20,2,1,13,3.775,0.0505
ses_20260701-124636-MSI,2026-07-01 12:46:49.443000+00:00,control,42,7,4,5,12,3,2,0,0,0,8,0,0,8,6.972,0.059
ses_20260701-124636-MSI,2026-07-01 13:08:19.430000+00:00,control,32,10,1,1,2,0,1,2,1,3,8,2,1,8,2.585,0.066
ses_20260701-124636-MSI,2026-07-01 12:53:04.298000+00:00,control,29,9,1,1,1,0,0,2,1,3,8,2,1,7,2.747,0.055
ses_20260701-124636-MSI,2026-07-01 12:52:52.030000+00:00,control,21,7,1,1,1,0,0,1,0,0,8,1,1,6,3.386,0.0595
ses_20260701-124636-MSI,2026-07-01 12:56:14.701000+00:00,control,47,10,2,2,16,1,0,2,1,3,8,2,1,9,2.024,0.052
ses_20260701-124636-MSI,2026-07-01 13:08:19.428000+00:00,control,32,10,1,1,2,0,1,2,1,3,8,2,1,8,2.585,0.066
ses_20260701-124636-MSI,2026-07-01 12:49:26.246000+00:00,control,52,10,2,2,17,0,1,2,1,3,8,2,2,12,1.732,0.055
ses_20260701-124636-MSI,2026-07-01 13:04:10.433000+00:00,control,98,11,1,2,0,2,2,4,3,1,66,4,0,11,3.912,0.031
ses_20260701-124636-MSI,2026-07-01 12:49:57.416000+00:00,control,75,9,2,3,24,0,0,3,1,4,18,3,1,14,4.123,0.052
ses_20260701-124636-MSI,2026-07-01 13:04:02.050000+00:00,control,71,12,1,2,0,1,1,3,1,1,46,3,1,9,3.912,0.0295
ses_20260701-124636-MSI,2026-07-01 12:52:27.041000+00:00,control,67,8,2,2,15,0,0,1,0,4,22,1,1,14,4.381,0.0465
ses_20260701-124636-MSI,2026-07-01 13:00:09.067000+00:00,control,46,10,2,2,15,0,0,2,1,3,8,2,1,9,2.031,0.053
ses_20260701-124636-MSI,2026-07-01 12:59:06.072000+00:00,control,45,9,2,2,15,0,0,2,1,3,8,2,1,9,1.782,0.0555
ses_20260701-124636-MSI,2026-07-01 12:52:30.280000+00:00,control,56,9,2,2,15,0,0,2,1,3,14,2,1,12,2.879,0.053
ses_20260701-124636-MSI,2026-07-01 13:02:08.021000+00:00,control,54,9,2,2,16,0,0,2,1,3,12,2,1,12,4.879,0.054
ses_20260701-124636-MSI,2026-07-01 12:49:59.613000+00:00,control,66,9,2,2,17,0,0,2,1,4,18,2,1,14,4.123,0.052
ses_20260701-124636-MSI,2026-07-01 12:55:11.816000+00:00,control,67,9,2,3,16,0,0,3,1,4,18,3,1,14,4.914,0.05
ses_20260701-124636-MSI,2026-07-01 13:07:37.246000+00:00,control,68,9,2,2,16,0,0,3,1,4,18,3,2,14,3.732,0.051
ses_20260701-124636-MSI,2026-07-01 13:02:50.569000+00:00,control,53,10,2,2,15,1,0,2,1,3,12,2,1,11,3.829,0.052
ses_20260701-124636-MSI,2026-07-01 13:03:58.007000+00:00,control,44,12,1,2,1,1,1,2,1,2,16,2,1,10,4.031,0.058
ses_20260701-124636-MSI,2026-07-01 13:06:06.599000+00:00,control,53,9,1,2,3,0,0,3,1,4,18,3,1,13,4.42,0.053000000000000005
ses_20260701-124636-MSI,2026-07-01 12:58:47.442000+00:00,control,35,6,2,2,14,0,0,1,0,0,8,1,0,8,3.026,0.0465
ses_20260701-124636-MSI,2026-07-01 13:04:36.571000+00:00,control,54,9,1,2,4,0,0,3,1,4,18,3,1,13,3.347,0.057
ses_20260701-124636-MSI,2026-07-01 13:01:10.228000+00:00,control,55,8,1,2,6,0,0,2,0,3,20,2,1,13,3.775,0.0505
ses_20260701-124636-MSI,2026-07-01 13:05:06.635000+00:00,control,55,9,2,2,14,0,0,2,1,3,14,2,1,12,3.168,0.0525
ses_20260701-124636-MSI,2026-07-01 13:01:10.733000+00:00,control,52,8,1,2,3,0,0,2,0,3,20,2,1,13,3.775,0.051
ses_20260701-124636-MSI,2026-07-01 13:04:10.653000+00:00,control,97,11,1,2,0,2,2,4,3,1,66,4,0,10,3.912,0.0295
ses_20260701-124636-MSI,2026-07-01 12:59:56.661000+00:00,control,21,7,1,1,1,0,0,1,0,0,8,1,1,6,2.868,0.029500000000000002
ses_20260701-131015-SIDDHIGUPTAB00B,2026-07-01 13:21:19.210000+00:00,control,27,8,1,1,0,0,0,2,1,2,10,2,1,6,4.656,0.047
ses_20260701-131015-SIDDHIGUPTAB00B,2026-07-01 13:26:33.383000+00:00,control,51,9,1,1,2,0,0,2,1,4,20,2,1,11,3.852,0.0505
ses_20260701-131015-SIDDHIGUPTAB00B,2026-07-01 13:34:34.461000+00:00,control,49,7,2,2,11,0,0,0,0,3,16,1,1,11,2.98,0.0615
ses_20260701-131015-SIDDHIGUPTAB00B,2026-07-01 13:15:10.026000+00:00,control,47,9,3,3,16,0,0,2,1,3,8,2,1,10,1.966,0.055
ses_20260701-131015-SIDDHIGUPTAB00B,2026-07-01 13:35:28.849000+00:00,control,69,9,2,3,18,0,0,3,1,4,18,3,1,14,2.889,0.0465
ses_20260701-131015-SIDDHIGUPTAB00B,2026-07-01 13:36:19.189000+00:00,control,68,10,2,2,15,0,1,2,1,4,20,2,1,14,3.073,0.047
ses_20260701-131015-SIDDHIGUPTAB00B,2026-07-01 13:19:26.280000+00:00,control,44,9,2,2,15,0,0,2,1,3,8,2,1,8,2.478,0.049
ses_20260701-131015-SIDDHIGUPTAB00B,2026-07-01 13:34:33.976000+00:00,control,48,7,2,2,11,0,0,0,0,3,16,1,1,10,2.98,0.06
ses_20260701-131015-SIDDHIGUPTAB00B,2026-07-01 13:30:32.676000+00:00,control,30,9,1,1,1,0,0,2,1,3,10,2,1,6,2.759,0.055
ses_20260701-131015-SIDDHIGUPTAB00B,2026-07-01 13:13:13.191000+00:00,control,29,5,2,2,3,0,0,0,0,2,12,0,0,7,2.992,0.065
ses_20260701-131015-SIDDHIGUPTAB00B,2026-07-01 13:35:28.849000+00:00,control,69,9,2,3,18,0,0,3,1,4,18,3,1,14,2.889,0.0465
ses_20260701-131015-SIDDHIGUPTAB00B,2026-07-01 13:14:21.114000+00:00,control,60,8,1,2,11,0,0,2,0,3,20,2,1,13,3.174,0.047
ses_20260701-131015-SIDDHIGUPTAB00B,2026-07-01 13:20:12.124000+00:00,control,40,8,2,3,17,1,0,1,0,0,8,1,2,8,4.589,0.058
ses_20260701-131015-SIDDHIGUPTAB00B,2026-07-01 13:13:39.532000+00:00,control,33,9,2,2,16,0,0,2,1,1,2,2,1,7,1.942,0.051000000000000004
ses_20260701-131015-SIDDHIGUPTAB00B,2026-07-01 13:18:17.918000+00:00,control,75,8,2,3,27,0,0,1,0,3,20,1,1,14,3.44,0.048
ses_20260701-131015-SIDDHIGUPTAB00B,2026-07-01 13:20:09.753000+00:00,control,50,9,2,3,24,1,1,1,0,0,8,1,2,10,4.589,0.057
ses_20260701-131015-SIDDHIGUPTAB00B,2026-07-01 13:13:39.523000+00:00,control,33,9,2,2,16,0,0,2,1,1,2,2,1,7,1.942,0.051000000000000004
ses_20260701-131015-SIDDHIGUPTAB00B,2026-07-01 13:16:02.617000+00:00,control,48,9,2,2,17,0,0,2,1,3,8,2,1,10,2.396,0.055
ses_20260701-131015-SIDDHIGUPTAB00B,2026-07-01 13:23:38.049000+00:00,control,45,9,2,2,16,0,0,2,1,3,8,2,1,8,1.865,0.052
ses_20260701-131015-SIDDHIGUPTAB00B,2026-07-01 13:36:18.208000+00:00,control,69,9,2,2,14,0,0,2,1,4,22,2,1,14,3.073,0.043
ses_20260701-131015-SIDDHIGUPTAB00B,2026-07-01 13:14:23.945000+00:00,control,56,9,1,1,2,0,0,2,1,4,22,2,1,13,3.174,0.034
ses_20260701-131015-SIDDHIGUPTAB00B,2026-07-01 13:28:27.483000+00:00,control,6,4,2,2,1,1,0,0,0,0,0,0,1,3,0.824,0.368
ses_20260701-131015-SIDDHIGUPTAB00B,2026-07-01 13:25:12.267000+00:00,control,37,8,2,3,14,0,1,1,0,0,8,1,2,8,5.527,0.0505
ses_20260701-131015-SIDDHIGUPTAB00B,2026-07-01 13:25:50.050000+00:00,control,19,6,2,2,0,0,0,1,0,0,8,1,2,5,5.813,0.0975
ses_20260701-131015-SIDDHIGUPTAB00B,2026-07-01 13:30:51.329000+00:00,control,6,2,1,1,0,0,0,0,0,0,4,0,0,2,3.509,0.053
ses_20260701-131015-SIDDHIGUPTAB00B,2026-07-01 13:14:21.696000+00:00,control,56,8,1,2,3,0,0,2,0,4,22,2,1,13,3.174,0.034
ses_20260701-131015-SIDDHIGUPTAB00B,2026-07-01 13:30:26.718000+00:00,control,47,9,1,1,2,0,0,2,1,4,18,2,1,10,4.215,0.045
ses_20260701-131015-SIDDHIGUPTAB00B,2026-07-01 13:24:32.762000+00:00,control,2,2,1,1,1,0,0,0,0,0,0,0,0,1,0.143,0.143
ses_20260701-131015-SIDDHIGUPTAB00B,2026-07-01 13:25:51.451000+00:00,control,19,6,2,2,0,0,0,1,0,0,8,1,2,5,5.813,0.0975
ses_20260701-131015-SIDDHIGUPTAB00B,2026-07-01 13:16:02.683000+00:00,control,48,9,2,2,17,0,0,2,1,3,8,2,1,10,2.396,0.055
ses_20260701-131015-SIDDHIGUPTAB00B,2026-07-01 13:27:25.960000+00:00,control,54,8,1,2,3,0,0,2,0,4,22,2,1,11,4.449,0.039
ses_20260701-131015-SIDDHIGUPTAB00B,2026-07-01 13:34:40.671000+00:00,control,50,7,2,2,3,0,0,0,0,4,18,3,1,14,2.98,0.066
ses_20260701-131015-SIDDHIGUPTAB00B,2026-07-01 13:29:21.133000+00:00,control,20,7,1,1,1,0,0,1,0,0,8,1,1,6,2.641,0.037
ses_20260701-131015-SIDDHIGUPTAB00B,2026-07-01 13:34:41.162000+00:00,control,48,7,2,2,3,0,0,0,0,4,18,3,1,12,2.98,0.066
ses_20260701-131015-SIDDHIGUPTAB00B,2026-07-01 13:15:10.059000+00:00,control,47,9,3,3,16,0,0,2,1,3,8,2,1,10,1.966,0.055
ses_20260701-131015-SIDDHIGUPTAB00B,2026-07-01 13:29:59.461000+00:00,control,68,9,2,2,16,0,0,1,0,4,22,1,1,13,3.024,0.05
ses_20260701-131015-SIDDHIGUPTAB00B,2026-07-01 13:15:09.081000+00:00,control,47,9,3,3,16,0,0,2,1,3,8,2,1,10,1.966,0.055
ses_20260701-131015-SIDDHIGUPTAB00B,2026-07-01 13:27:28.151000+00:00,control,54,9,1,1,2,0,0,2,1,4,22,2,1,11,4.449,0.039
ses_20260701-131015-SIDDHIGUPTAB00B,2026-07-01 13:19:25.785000+00:00,control,44,9,2,2,15,0,0,2,1,3,8,2,1,8,2.478,0.049
ses_20260701-131015-SIDDHIGUPTAB00B,2026-07-01 13:14:23.944000+00:00,control,56,9,1,1,2,0,0,2,1,4,22,2,1,13,3.174,0.034
ses_20260701-131015-SIDDHIGUPTAB00B,2026-07-01 13:16:23.913000+00:00,control,34,6,1,2,14,0,0,1,0,0,8,1,0,8,2.825,0.05
ses_20260701-131015-SIDDHIGUPTAB00B,2026-07-01 13:20:12.952000+00:00,control,30,8,2,3,8,1,0,1,0,0,8,1,2,7,4.589,0.071
ses_20260701-131015-SIDDHIGUPTAB00B,2026-07-01 13:26:28.706000+00:00,control,63,8,1,2,10,0,0,2,0,4,22,2,1,13,3.852,0.0535
ses_20260701-131015-SIDDHIGUPTAB00B,2026-07-01 13:34:35.215000+00:00,control,51,7,2,2,11,0,0,0,0,3,16,2,1,12,2.98,0.063
ses_20260701-131015-SIDDHIGUPTAB00B,2026-07-01 13:12:31.424000+00:00,control,36,5,1,1,3,0,0,0,0,3,16,0,0,8,3.221,0.044
ses_20260701-131015-SIDDHIGUPTAB00B,2026-07-01 13:22:11.965000+00:00,control,30,8,1,1,2,0,0,1,0,1,12,1,1,8,7.822,0.064
ses_20260701-131015-SIDDHIGUPTAB00B,2026-07-01 13:10:59.264000+00:00,control,51,9,1,1,1,0,0,2,1,3,22,2,1,10,3.802,0.049
ses_20260701-131015-SIDDHIGUPTAB00B,2026-07-01 13:27:25.879000+00:00,control,54,8,1,2,3,0,0,2,0,4,22,2,1,11,4.449,0.039
ses_20260701-131015-SIDDHIGUPTAB00B,2026-07-01 13:14:21.588000+00:00,control,51,8,1,2,3,0,0,2,0,3,20,2,1,12,3.174,0.042499999999999996
ses_20260701-131015-SIDDHIGUPTAB00B,2026-07-01 13:16:26.476000+00:00,control,34,6,1,2,14,0,0,1,0,0,8,1,0,8,2.825,0.05
ses_20260701-131015-SIDDHIGUPTAB00B,2026-07-01 13:24:32.905000+00:00,control,2,2,1,1,1,0,0,0,0,0,0,0,0,1,0.143,0.143
ses_20260701-131015-SIDDHIGUPTAB00B,2026-07-01 13:30:02.459000+00:00,control,68,10,2,2,16,0,0,2,1,4,20,2,1,13,3.024,0.05
ses_20260701-131015-SIDDHIGUPTAB00B,2026-07-01 13:27:55.511000+00:00,control,31,8,1,1,0,0,0,2,1,2,12,2,1,7,3.513,0.04
ses_20260701-131015-SIDDHIGUPTAB00B,2026-07-01 13:34:45.637000+00:00,control,31,7,1,1,1,0,0,0,0,3,12,2,1,8,2.98,0.0835
ses_20260701-131015-SIDDHIGUPTAB00B,2026-07-01 13:27:52.392000+00:00,control,35,8,1,1,0,0,0,3,1,2,12,3,2,8,3.513,0.04
ses_20260701-131015-SIDDHIGUPTAB00B,2026-07-01 13:25:28.642000+00:00,control,45,9,2,2,15,0,0,2,1,3,8,2,1,9,2.468,0.0555
ses_20260701-131015-SIDDHIGUPTAB00B,2026-07-01 13:36:13.727000+00:00,control,62,8,2,2,14,0,0,1,0,3,20,1,2,13,3.073,0.045
ses_20260701-131015-SIDDHIGUPTAB00B,2026-07-01 13:27:51.351000+00:00,control,35,8,1,1,0,0,0,3,1,2,12,3,2,8,3.513,0.04
ses_20260701-131015-SIDDHIGUPTAB00B,2026-07-01 13:25:29.047000+00:00,control,45,9,2,2,15,0,0,2,1,3,8,2,1,9,2.468,0.0555
ses_20260701-131015-SIDDHIGUPTAB00B,2026-07-01 13:36:22.097000+00:00,control,59,10,2,2,15,0,2,2,1,3,14,2,1,13,2.904,0.051000000000000004
ses_20260701-131015-SIDDHIGUPTAB00B,2026-07-01 13:26:04.352000+00:00,control,48,9,3,3,18,0,0,2,1,3,8,2,1,9,2.013,0.051
ses_20260701-131247-MSI,2026-07-01 13:25:04.039000+00:00,control,54,9,1,2,4,0,0,3,1,4,18,3,1,13,3.675,0.046
ses_20260701-131247-MSI,2026-07-01 13:17:34.622000+00:00,control,47,9,3,3,16,0,0,2,1,3,8,2,1,10,2.185,0.053
ses_20260701-131247-MSI,2026-07-01 13:15:17.821000+00:00,control,48,11,2,3,15,1,1,2,1,3,8,2,1,10,1.902,0.053
ses_20260701-131247-MSI,2026-07-01 13:27:29.500000+00:00,control,57,10,3,3,18,1,0,2,1,3,12,2,1,12,7.701,0.0525
ses_20260701-131247-MSI,2026-07-01 13:13:12.915000+00:00,control,42,7,4,6,15,2,3,0,0,0,4,0,0,9,6.067,0.05
ses_20260701-131247-MSI,2026-07-01 13:33:08.602000+00:00,control,59,9,2,2,15,0,0,2,1,3,16,2,1,13,3.613,0.052
ses_20260701-131247-MSI,2026-07-01 13:32:01.660000+00:00,control,46,10,2,2,15,1,0,2,1,3,8,2,1,9,1.996,0.048
ses_20260701-131247-MSI,2026-07-01 13:18:49.664000+00:00,control,44,9,2,2,15,0,0,2,1,3,8,2,1,8,1.661,0.046
ses_20260701-131247-MSI,2026-07-01 13:22:00.863000+00:00,control,35,6,1,2,14,0,0,1,0,0,8,1,0,8,2.813,0.0505
ses_20260701-131247-MSI,2026-07-01 13:13:14.276000+00:00,control,41,7,3,5,15,2,3,0,0,0,4,0,0,8,6.067,0.0435
ses_20260701-131247-MSI,2026-07-01 13:21:01.710000+00:00,control,72,9,2,2,16,0,0,2,1,4,22,2,1,15,4.281,0.053
ses_20260701-131247-MSI,2026-07-01 13:18:49.893000+00:00,control,45,9,2,2,16,0,0,2,1,3,8,2,1,8,3.104,0.0485
ses_20260701-131247-MSI,2026-07-01 13:26:51.257000+00:00,control,61,8,1,2,12,0,0,2,0,3,20,2,1,13,3.491,0.052
ses_20260701-131247-MSI,2026-07-01 13:21:59.807000+00:00,control,35,6,1,2,14,0,0,1,0,0,8,1,0,8,2.813,0.0505
ses_20260701-131247-MSI,2026-07-01 13:17:34.622000+00:00,control,47,9,3,3,16,0,0,2,1,3,8,2,1,10,2.185,0.053
ses_20260701-131247-MSI,2026-07-01 13:32:41.133000+00:00,control,29,9,1,1,1,0,0,2,1,3,8,2,1,7,2.388,0.056
ses_20260701-131247-MSI,2026-07-01 13:24:26.685000+00:00,control,107,11,1,2,16,0,2,2,1,0,66,2,1,12,2.278,0.0405
ses_20260701-131247-MSI,2026-07-01 13:27:29.564000+00:00,control,57,10,3,3,18,1,0,2,1,3,12,2,1,12,7.701,0.0525
ses_20260701-131247-MSI,2026-07-01 13:30:41.986000+00:00,control,6,4,2,2,2,1,0,0,0,0,0,0,1,2,0.68,0.205
ses_20260701-131247-MSI,2026-07-01 13:32:23.937000+00:00,control,21,7,1,1,1,0,0,1,0,0,8,1,1,6,2.932,0.034
ses_20260701-131247-MSI,2026-07-01 13:32:01.918000+00:00,control,46,10,2,2,15,1,0,2,1,3,8,2,1,9,1.996,0.048
ses_20260701-131247-MSI,2026-07-01 13:25:28.300000+00:00,control,65,8,2,3,16,0,0,1,0,3,20,1,2,14,3.164,0.052
ses_20260701-131247-MSI,2026-07-01 13:27:18.343000+00:00,control,36,6,1,2,15,0,0,1,0,0,8,1,0,8,2.573,0.048
ses_20260701-131247-MSI,2026-07-01 13:25:58.779000+00:00,control,56,9,1,1,2,0,0,2,1,4,22,2,1,13,3.727,0.038
ses_20260701-131247-MSI,2026-07-01 13:15:23.212000+00:00,control,48,11,2,3,15,1,1,2,1,3,8,2,1,10,1.902,0.053
ses_20260701-131247-MSI,2026-07-01 13:27:29.872000+00:00,control,55,10,3,3,18,1,0,2,1,3,10,2,2,12,7.701,0.054
ses_20260701-131247-MSI,2026-07-01 13:15:23.212000+00:00,control,48,11,2,3,15,1,1,2,1,3,8,2,1,10,1.902,0.053
ses_20260701-131247-MSI,2026-07-01 13:20:58.592000+00:00,control,63,8,2,2,15,0,0,1,0,3,20,1,2,13,4.281,0.05
ses_20260701-131247-MSI,2026-07-01 13:32:23.939000+00:00,control,21,7,1,1,1,0,0,1,0,0,8,1,1,6,2.932,0.034
ses_20260701-131247-MSI,2026-07-01 13:26:56.191000+00:00,control,52,9,1,1,2,0,0,2,1,4,20,2,1,12,3.491,0.054
ses_20260701-131247-MSI,2026-07-01 13:33:14.035000+00:00,control,49,9,2,2,15,0,0,2,1,3,10,2,1,10,2.124,0.052
ses_20260701-131247-MSI,2026-07-01 13:24:12.904000+00:00,control,63,12,2,3,17,0,1,3,1,3,14,3,1,13,3.372,0.052
ses_20260701-131247-MSI,2026-07-01 13:26:54.589000+00:00,control,56,9,1,1,2,0,0,2,1,4,22,2,1,13,3.491,0.049
ses_20260701-131247-MSI,2026-07-01 13:33:12.914000+00:00,control,53,9,2,2,15,0,0,2,1,3,12,2,1,11,2.845,0.052
ses_20260701-131247-MSI,2026-07-01 13:32:01.431000+00:00,control,46,10,2,2,15,1,0,2,1,3,8,2,1,9,1.996,0.048
ses_20260701-131247-MSI,2026-07-01 13:13:14.662000+00:00,control,37,7,3,5,12,2,3,0,0,0,4,0,0,7,6.067,0.051000000000000004
ses_20260701-131247-MSI,2026-07-01 13:32:01.641000+00:00,control,46,10,2,2,15,1,0,2,1,3,8,2,1,9,1.996,0.048
ses_20260701-131247-MSI,2026-07-01 13:30:09.311000+00:00,control,48,10,2,2,16,0,0,2,1,3,8,2,1,10,2.741,0.049
ses_20260701-131247-MSI,2026-07-01 13:24:26.365000+00:00,control,107,11,1,2,16,0,2,2,1,0,66,2,1,12,2.278,0.0405
ses_20260701-131247-MSI,2026-07-01 13:27:16.553000+00:00,control,50,7,1,2,25,0,1,1,0,0,8,1,0,11,2.573,0.052
ses_20260701-131247-MSI,2026-07-01 13:18:49.036000+00:00,control,44,9,2,2,15,0,0,2,1,3,8,2,1,8,1.661,0.046
ses_20260701-131247-MSI,2026-07-01 13:24:24.704000+00:00,control,111,11,1,2,16,0,2,3,2,0,66,3,1,13,3.372,0.0405
ses_20260701-131247-MSI,2026-07-01 13:15:21.159000+00:00,control,48,11,2,3,15,1,1,2,1,3,8,2,1,10,1.902,0.053
ses_20260701-131247-MSI,2026-07-01 13:30:13.352000+00:00,control,48,10,2,2,16,0,0,2,1,3,8,2,1,10,2.741,0.049
ses_20260701-131247-MSI,2026-07-01 13:33:14.783000+00:00,control,49,9,2,2,15,0,0,2,1,3,10,2,1,10,2.124,0.052
ses_20260701-131247-MSI,2026-07-01 13:28:53.013000+00:00,control,44,9,2,2,14,0,0,2,1,3,8,2,1,9,2.03,0.051
ses_20260701-131247-MSI,2026-07-01 13:31:10.568000+00:00,control,5,4,1,1,1,1,0,0,0,0,0,0,1,2,0.603,0.17300000000000001
ses_20260701-131247-MSI,2026-07-01 13:20:08.375000+00:00,control,49,8,1,2,3,0,0,1,0,3,20,1,1,12,4.561,0.0555
ses_20260701-131247-MSI,2026-07-01 13:22:01.668000+00:00,control,28,6,1,2,8,0,0,1,0,0,8,1,0,7,2.813,0.052
ses_20260701-131247-MSI,2026-07-01 13:34:08.775000+00:00,control,14,5,2,2,3,0,3,0,0,0,0,0,1,4,3.565,0.069
ses_20260701-131247-MSI,2026-07-01 13:24:26.500000+00:00,control,107,11,1,2,16,0,2,2,1,0,66,2,1,12,2.278,0.0405
ses_20260701-131247-MSI,2026-07-01 13:20:15.103000+00:00,control,39,9,1,1,1,0,0,2,1,3,14,2,1,9,2.834,0.0485
ses_20260701-131247-MSI,2026-07-01 13:24:10.088000+00:00,control,60,11,2,2,16,0,1,2,1,3,14,2,1,13,3.372,0.055
ses_20260701-131247-MSI,2026-07-01 13:33:56.294000+00:00,control,38,10,1,1,2,0,3,2,1,3,10,2,2,9,2.964,0.05
ses_20260701-131247-MSI,2026-07-01 13:33:12.588000+00:00,control,56,9,2,2,15,0,0,2,1,3,14,2,1,12,2.845,0.051
ses_20260701-131247-MSI,2026-07-01 13:15:18.079000+00:00,control,48,11,2,3,15,1,1,2,1,3,8,2,1,10,1.902,0.053
ses_20260701-131247-MSI,2026-07-01 13:24:26.228000+00:00,control,107,11,1,2,16,0,2,2,1,0,66,2,1,12,2.278,0.0405
ses_20260701-131247-MSI,2026-07-01 13:33:59.447000+00:00,control,40,11,2,2,3,0,3,2,1,3,8,2,2,9,3.565,0.051
ses_20260701-131247-MSI,2026-07-01 13:15:24.908000+00:00,control,50,11,2,3,15,1,2,2,1,3,8,2,1,11,6.948,0.053
ses_20260701-131247-MSI,2026-07-01 13:32:23.966000+00:00,control,21,7,1,1,1,0,0,1,0,0,8,1,1,6,2.932,0.034
ses_20260701-131247-MSI,2026-07-01 13:33:12.357000+00:00,control,56,9,2,2,15,0,0,2,1,3,14,2,1,12,2.845,0.051
ses_20260701-131247-MSI,2026-07-01 13:19:14.896000+00:00,control,56,8,1,2,3,0,0,2,0,4,22,2,1,13,3.855,0.047
ses_20260701-131247-MSI,2026-07-01 13:18:33.089000+00:00,control,35,6,1,2,14,0,0,1,0,0,8,1,0,8,2.877,0.0515
ses_20260701-134215-SIDDHIGUPTAB00B,2026-07-01 14:07:51.060000+00:00,control,54,9,2,2,17,0,0,2,1,3,12,2,1,12,8.503,0.056
ses_20260701-134215-SIDDHIGUPTAB00B,2026-07-01 14:05:36.612000+00:00,control,42,9,1,1,1,0,0,2,1,2,16,2,1,11,3.329,0.038
ses_20260701-134215-SIDDHIGUPTAB00B,2026-07-01 14:01:55.770000+00:00,control,94,12,2,3,28,0,1,3,2,1,40,3,1,12,2.179,0.041
ses_20260701-134215-SIDDHIGUPTAB00B,2026-07-01 14:04:09.991000+00:00,control,34,7,2,3,14,0,0,1,0,0,8,1,1,7,5.376,0.053
ses_20260701-134215-SIDDHIGUPTAB00B,2026-07-01 13:54:18.367000+00:00,control,78,13,2,4,16,0,1,1,1,0,38,1,4,11,4.217,0.042
ses_20260701-134215-SIDDHIGUPTAB00B,2026-07-01 14:08:23.313000+00:00,control,50,10,2,2,15,0,2,2,1,3,10,2,1,10,2.734,0.052
ses_20260701-134215-SIDDHIGUPTAB00B,2026-07-01 14:04:27.775000+00:00,control,47,9,3,3,18,0,0,2,1,3,8,2,1,8,2.888,0.051
ses_20260701-134215-SIDDHIGUPTAB00B,2026-07-01 14:02:03.017000+00:00,control,129,12,2,3,28,0,2,4,2,1,66,4,2,15,3.292,0.041
ses_20260701-134215-SIDDHIGUPTAB00B,2026-07-01 14:02:03.501000+00:00,control,125,12,2,3,25,0,2,4,2,1,66,4,1,15,3.292,0.041
ses_20260701-134215-SIDDHIGUPTAB00B,2026-07-01 13:57:29.631000+00:00,control,63,9,2,2,15,0,0,2,1,4,18,2,1,13,4.357,0.041999999999999996
ses_20260701-134215-SIDDHIGUPTAB00B,2026-07-01 13:47:52.240000+00:00,control,2,2,1,1,0,0,1,1,0,0,0,0,0,0,2.405,2.405
ses_20260701-134215-SIDDHIGUPTAB00B,2026-07-01 14:02:03.147000+00:00,control,129,12,2,3,28,0,2,4,2,1,66,4,2,15,3.292,0.041
ses_20260701-134215-SIDDHIGUPTAB00B,2026-07-01 13:46:48.214000+00:00,control,45,9,1,1,1,0,0,3,1,2,16,3,2,11,4.379,0.03
ses_20260701-134215-SIDDHIGUPTAB00B,2026-07-01 14:07:14.077000+00:00,control,67,8,2,2,16,0,0,1,0,4,22,1,1,13,4.522,0.0455
ses_20260701-134215-SIDDHIGUPTAB00B,2026-07-01 13:52:50.569000+00:00,control,20,10,2,2,1,1,0,2,1,1,2,2,2,7,2.116,0.087
ses_20260701-134215-SIDDHIGUPTAB00B,2026-07-01 14:07:51.960000+00:00,control,51,9,2,2,17,0,0,2,1,3,10,2,1,11,8.503,0.055
ses_20260701-134215-SIDDHIGUPTAB00B,2026-07-01 14:07:41.347000+00:00,control,22,7,2,2,2,0,0,1,0,0,8,1,2,6,8.503,0.099
ses_20260701-134215-SIDDHIGUPTAB00B,2026-07-01 13:44:02.347000+00:00,control,54,9,1,1,1,0,0,2,1,4,22,2,1,12,3.747,0.056
ses_20260701-134215-SIDDHIGUPTAB00B,2026-07-01 14:01:53.522000+00:00,control,72,12,2,3,17,0,1,3,1,1,32,3,1,10,2.179,0.041
ses_20260701-134215-SIDDHIGUPTAB00B,2026-07-01 14:01:04.815000+00:00,control,49,9,2,2,18,0,0,2,1,3,8,2,1,10,1.95,0.056
ses_20260701-134215-SIDDHIGUPTAB00B,2026-07-01 13:54:07.985000+00:00,control,107,12,1,2,12,0,1,4,2,1,66,4,1,12,2.91,0.037
ses_20260701-134215-SIDDHIGUPTAB00B,2026-07-01 14:01:59.235000+00:00,control,127,12,2,3,29,0,1,4,2,1,66,4,2,14,2.179,0.041
ses_20260701-134215-SIDDHIGUPTAB00B,2026-07-01 14:01:29.277000+00:00,control,56,7,2,3,11,0,0,1,0,3,20,1,0,12,3.918,0.05
ses_20260701-134215-SIDDHIGUPTAB00B,2026-07-01 13:50:55.317000+00:00,control,66,9,2,2,14,0,0,2,1,4,18,3,2,15,3.128,0.058
ses_20260701-134215-SIDDHIGUPTAB00B,2026-07-01 13:54:11.350000+00:00,control,104,11,2,4,14,0,2,2,1,0,66,2,1,11,4.217,0.037
ses_20260701-134215-SIDDHIGUPTAB00B,2026-07-01 14:04:27.351000+00:00,control,46,9,3,3,17,0,0,2,1,3,8,2,1,8,2.888,0.051
ses_20260701-134215-SIDDHIGUPTAB00B,2026-07-01 13:54:08.285000+00:00,control,104,12,1,2,12,0,1,3,2,1,66,3,1,11,2.91,0.037
ses_20260701-134215-SIDDHIGUPTAB00B,2026-07-01 13:54:08.190000+00:00,control,104,12,1,2,12,0,1,3,2,1,66,3,1,11,2.91,0.037
ses_20260701-134215-SIDDHIGUPTAB00B,2026-07-01 14:01:53.656000+00:00,control,78,12,2,3,17,0,1,3,1,1,38,3,1,10,2.179,0.041
ses_20260701-134215-SIDDHIGUPTAB00B,2026-07-01 13:54:07.651000+00:00,control,107,12,1,2,12,0,1,4,2,1,66,4,1,12,2.91,0.037
ses_20260701-134215-SIDDHIGUPTAB00B,2026-07-01 14:08:23.265000+00:00,control,50,10,2,2,15,0,2,2,1,3,10,2,1,10,2.734,0.052
ses_20260701-134215-SIDDHIGUPTAB00B,2026-07-01 14:00:50.053000+00:00,control,21,7,2,3,4,1,0,1,0,0,8,1,0,4,5.947,0.051500000000000004
ses_20260701-134215-SIDDHIGUPTAB00B,2026-07-01 14:03:44.709000+00:00,control,52,9,1,1,2,0,0,3,1,4,18,3,2,12,4.467,0.051
ses_20260701-134215-SIDDHIGUPTAB00B,2026-07-01 14:07:52.694000+00:00,control,48,9,2,2,17,0,0,2,1,3,8,2,1,10,1.648,0.054
ses_20260701-134215-SIDDHIGUPTAB00B,2026-07-01 13:45:42.543000+00:00,control,48,7,1,2,24,0,1,1,0,0,8,1,0,11,2.65,0.051
ses_20260701-134215-SIDDHIGUPTAB00B,2026-07-01 13:46:10.726000+00:00,control,30,9,1,1,2,0,0,2,1,3,8,2,1,7,2.976,0.047
ses_20260701-134215-SIDDHIGUPTAB00B,2026-07-01 14:05:40.120000+00:00,control,25,8,1,1,0,0,0,2,1,1,8,2,1,7,3.316,0.0325
ses_20260701-134215-SIDDHIGUPTAB00B,2026-07-01 14:07:16.523000+00:00,control,56,9,2,2,16,0,0,2,1,3,14,2,1,11,2.548,0.048
ses_20260701-134215-SIDDHIGUPTAB00B,2026-07-01 13:56:39.519000+00:00,control,45,9,2,2,16,0,0,2,1,3,8,2,1,8,1.759,0.0535
ses_20260701-134215-SIDDHIGUPTAB00B,2026-07-01 13:54:07.891000+00:00,control,107,12,1,2,12,0,1,4,2,1,66,4,1,12,2.91,0.037
ses_20260701-134215-SIDDHIGUPTAB00B,2026-07-01 14:08:28.039000+00:00,control,44,11,2,2,15,0,3,2,1,2,6,2,1,8,4.06,0.052
ses_20260701-134215-SIDDHIGUPTAB00B,2026-07-01 14:02:26.600000+00:00,control,52,10,1,1,2,0,1,3,1,4,18,3,1,12,2.803,0.049
ses_20260701-134215-SIDDHIGUPTAB00B,2026-07-01 13:46:07.468000+00:00,control,30,9,1,1,2,0,0,2,1,3,8,2,1,7,2.976,0.047
ses_20260701-134215-SIDDHIGUPTAB00B,2026-07-01 14:04:26.494000+00:00,control,46,9,3,3,17,0,0,2,1,3,8,2,1,8,2.888,0.051
ses_20260701-134215-SIDDHIGUPTAB00B,2026-07-01 14:08:25.305000+00:00,control,53,10,2,2,16,0,3,2,1,3,10,2,1,11,2.91,0.052
ses_20260701-134215-SIDDHIGUPTAB00B,2026-07-01 13:46:09.038000+00:00,control,30,9,1,1,2,0,0,2,1,3,8,2,1,7,2.976,0.047
ses_20260701-134215-SIDDHIGUPTAB00B,2026-07-01 13:53:58.556000+00:00,control,82,12,1,2,2,0,1,3,1,3,50,3,1,12,3.113,0.042
ses_20260701-134215-SIDDHIGUPTAB00B,2026-07-01 13:46:50.619000+00:00,control,41,9,1,1,1,0,0,2,1,2,16,2,1,10,4.379,0.029
ses_20260701-134215-SIDDHIGUPTAB00B,2026-07-01 14:04:27.833000+00:00,control,48,9,3,3,18,0,0,2,1,3,8,2,1,9,2.888,0.051
ses_20260701-134215-SIDDHIGUPTAB00B,2026-07-01 13:54:11.346000+00:00,control,104,11,2,4,14,0,2,2,1,0,66,2,1,11,4.217,0.037
ses_20260701-134215-SIDDHIGUPTAB00B,2026-07-01 14:08:17.824000+00:00,control,62,9,2,2,15,0,0,2,1,4,18,2,1,12,3.622,0.05
ses_20260701-134215-SIDDHIGUPTAB00B,2026-07-01 13:53:58.053000+00:00,control,69,12,1,2,2,0,1,3,1,4,34,3,1,12,3.113,0.042
ses_20260701-134215-SIDDHIGUPTAB00B,2026-07-01 14:06:22.242000+00:00,control,68,9,2,3,18,0,0,3,1,4,18,3,1,13,3.264,0.045
ses_20260701-134215-SIDDHIGUPTAB00B,2026-07-01 14:08:21.138000+00:00,control,61,10,2,2,15,0,2,2,1,4,16,2,1,12,3.622,0.0505
ses_20260701-134215-SIDDHIGUPTAB00B,2026-07-01 14:03:01.967000+00:00,control,46,9,2,2,15,0,0,2,1,3,8,2,1,10,2.63,0.048
ses_20260701-134215-SIDDHIGUPTAB00B,2026-07-01 13:55:50.806000+00:00,control,16,5,1,1,1,0,0,0,0,0,8,0,0,5,4.646,0.108
ses_20260701-134215-SIDDHIGUPTAB00B,2026-07-01 13:59:49.644000+00:00,control,8,5,1,1,2,0,0,0,0,1,2,0,0,2,0.956,0.025
ses_20260701-134215-SIDDHIGUPTAB00B,2026-07-01 13:46:48.308000+00:00,control,45,9,1,1,1,0,0,3,1,2,16,3,2,11,4.379,0.03
ses_20260701-134215-SIDDHIGUPTAB00B,2026-07-01 14:01:53.922000+00:00,control,80,12,2,3,17,0,1,3,1,1,40,3,1,10,2.179,0.041
ses_20260701-134215-SIDDHIGUPTAB00B,2026-07-01 13:54:07.700000+00:00,control,107,12,1,2,12,0,1,4,2,1,66,4,1,12,2.91,0.037
ses_20260701-134215-SIDDHIGUPTAB00B,2026-07-01 14:02:03.411000+00:00,control,127,12,2,3,27,0,2,4,2,1,66,4,1,15,3.292,0.041
ses_20260701-134215-SIDDHIGUPTAB00B,2026-07-01 13:57:01.692000+00:00,control,54,8,1,1,2,0,0,2,0,4,22,2,2,11,3.994,0.05
ses_20260701-134215-SIDDHIGUPTAB00B,2026-07-01 13:55:13.761000+00:00,control,5,2,1,1,0,0,0,0,0,0,4,0,0,1,0.068,0.024
ses_20260701-134215-SIDDHIGUPTAB00B,2026-07-01 13:58:05.905000+00:00,control,13,3,1,1,0,0,0,0,0,0,8,0,0,4,4.582,0.117
ses_20260701-134215-SIDDHIGUPTAB00B,2026-07-01 13:45:18.646000+00:00,control,66,8,2,2,16,0,0,1,0,4,22,1,1,12,4.42,0.048
ses_20260701-141430-SIDDHIGUPTAB00B,2026-07-01 14:19:37.504000+00:00,control,60,13,2,3,17,1,1,3,1,3,14,3,1,10,2.669,0.046
ses_20260701-141430-SIDDHIGUPTAB00B,2026-07-01 14:34:17.867000+00:00,control,7,5,1,1,1,0,0,0,0,1,2,0,0,2,0.63,0.053000000000000005
ses_20260701-141430-SIDDHIGUPTAB00B,2026-07-01 14:41:54.593000+00:00,control,42,6,1,2,21,0,0,1,0,0,8,1,0,9,2.711,0.051
ses_20260701-141430-SIDDHIGUPTAB00B,2026-07-01 14:25:17.712000+00:00,control,47,9,2,2,17,0,0,2,1,3,8,2,1,9,1.723,0.055
ses_20260701-141430-SIDDHIGUPTAB00B,2026-07-01 14:32:04.408000+00:00,control,49,10,2,2,17,1,0,2,1,3,8,2,1,10,2.86,0.0515
ses_20260701-141430-SIDDHIGUPTAB00B,2026-07-01 14:37:40.625000+00:00,control,60,9,1,2,12,0,0,3,1,4,18,3,1,11,3.153,0.045
ses_20260701-141430-SIDDHIGUPTAB00B,2026-07-01 14:39:53.685000+00:00,control,16,3,1,1,0,0,0,0,0,0,10,0,0,5,3.184,0.104
ses_20260701-141430-SIDDHIGUPTAB00B,2026-07-01 14:28:10.737000+00:00,control,2,2,1,1,1,0,0,0,0,0,0,0,0,1,0.101,0.101
ses_20260701-141430-SIDDHIGUPTAB00B,2026-07-01 14:15:08.022000+00:00,control,58,7,2,2,23,0,1,1,0,0,14,1,0,13,4.541,0.052
ses_20260701-141430-SIDDHIGUPTAB00B,2026-07-01 14:38:04.450000+00:00,control,50,8,1,1,2,0,0,2,0,3,20,2,2,11,3.865,0.033
ses_20260701-141430-SIDDHIGUPTAB00B,2026-07-01 14:31:05.450000+00:00,control,47,8,1,1,2,0,0,2,0,3,20,2,1,9,4.558,0.039
ses_20260701-141430-SIDDHIGUPTAB00B,2026-07-01 14:17:55.807000+00:00,control,102,10,1,2,15,0,2,2,1,0,64,2,1,11,3.171,0.032
ses_20260701-141430-SIDDHIGUPTAB00B,2026-07-01 14:42:42.757000+00:00,control,72,9,2,3,22,0,0,3,1,4,18,3,1,13,2.933,0.049
ses_20260701-141430-SIDDHIGUPTAB00B,2026-07-01 14:33:51.446000+00:00,control,20,7,2,4,3,0,0,1,0,0,8,1,0,5,4.221,0.097
ses_20260701-141430-SIDDHIGUPTAB00B,2026-07-01 14:22:07.784000+00:00,control,58,9,1,4,18,0,0,3,1,2,12,3,1,14,4.439,0.05
ses_20260701-141430-SIDDHIGUPTAB00B,2026-07-01 14:36:09.179000+00:00,control,45,9,2,2,15,0,0,2,1,3,8,2,1,9,2.111,0.049
ses_20260701-141430-SIDDHIGUPTAB00B,2026-07-01 14:21:44.591000+00:00,control,107,10,1,2,16,0,2,3,2,0,64,3,1,12,4.333,0.0395
ses_20260701-141430-SIDDHIGUPTAB00B,2026-07-01 14:40:47.826000+00:00,control,45,9,2,2,15,0,0,2,1,3,8,2,1,9,1.657,0.051500000000000004
ses_20260701-141430-SIDDHIGUPTAB00B,2026-07-01 14:25:12.246000+00:00,control,58,9,2,2,17,0,0,2,1,3,14,2,1,12,2.025,0.055
ses_20260701-141430-SIDDHIGUPTAB00B,2026-07-01 14:27:40.458000+00:00,control,42,9,2,2,13,0,0,2,1,3,8,2,1,8,2.613,0.051
ses_20260701-141430-SIDDHIGUPTAB00B,2026-07-01 14:26:26.910000+00:00,control,62,8,2,3,16,0,0,1,0,3,20,1,1,12,4.699,0.05
ses_20260701-141430-SIDDHIGUPTAB00B,2026-07-01 14:28:35.229000+00:00,control,53,10,3,3,17,2,0,2,1,3,8,2,2,12,2.326,0.0535
ses_20260701-141430-SIDDHIGUPTAB00B,2026-07-01 14:42:46.956000+00:00,control,62,10,2,2,15,0,1,2,1,4,18,2,1,11,2.933,0.048
ses_20260701-141430-SIDDHIGUPTAB00B,2026-07-01 14:19:49.736000+00:00,control,107,10,1,2,16,0,2,3,2,0,64,3,1,12,3.234,0.032
ses_20260701-141430-SIDDHIGUPTAB00B,2026-07-01 14:39:48.143000+00:00,control,22,7,2,2,1,0,0,1,0,0,10,1,1,7,3.184,0.104
ses_20260701-141430-SIDDHIGUPTAB00B,2026-07-01 14:28:35.769000+00:00,control,53,10,3,3,17,2,0,2,1,3,8,2,2,12,2.326,0.0535
ses_20260701-141430-SIDDHIGUPTAB00B,2026-07-01 14:17:55.191000+00:00,control,102,10,1,2,15,0,2,2,1,0,64,2,1,11,3.171,0.032
ses_20260701-141430-SIDDHIGUPTAB00B,2026-07-01 14:17:51.402000+00:00,control,98,10,1,2,15,0,1,2,1,0,64,2,1,9,2.255,0.027
ses_20260701-141430-SIDDHIGUPTAB00B,2026-07-01 14:19:39.623000+00:00,control,100,13,2,3,22,1,1,3,1,3,46,3,1,13,2.669,0.041
ses_20260701-141430-SIDDHIGUPTAB00B,2026-07-01 14:38:07.861000+00:00,control,55,9,1,1,2,0,0,2,1,4,22,2,1,12,3.865,0.036000000000000004
ses_20260701-141430-SIDDHIGUPTAB00B,2026-07-01 14:15:39.643000+00:00,control,81,10,2,3,36,0,1,1,0,3,16,1,1,15,3.787,0.05
ses_20260701-141430-SIDDHIGUPTAB00B,2026-07-01 14:19:48.109000+00:00,control,114,12,2,3,16,0,2,4,2,1,66,4,1,13,3.234,0.03
ses_20260701-141430-SIDDHIGUPTAB00B,2026-07-01 14:21:31.586000+00:00,control,102,12,2,3,17,0,1,3,1,4,50,3,1,14,3.71,0.041
ses_20260701-141430-SIDDHIGUPTAB00B,2026-07-01 14:36:59.019000+00:00,control,37,7,1,2,15,0,1,1,0,0,8,1,0,9,3.331,0.055
ses_20260701-141430-SIDDHIGUPTAB00B,2026-07-01 14:38:03.894000+00:00,control,47,8,1,1,2,0,0,1,0,3,20,1,2,10,3.865,0.031
ses_20260701-141430-SIDDHIGUPTAB00B,2026-07-01 14:15:07.975000+00:00,control,58,7,2,2,23,0,1,1,0,0,14,1,0,13,4.541,0.052
ses_20260701-141430-SIDDHIGUPTAB00B,2026-07-01 14:36:08.951000+00:00,control,45,9,2,2,15,0,0,2,1,3,8,2,1,9,2.111,0.049
ses_20260701-141430-SIDDHIGUPTAB00B,2026-07-01 14:21:44.224000+00:00,control,106,10,1,2,15,0,2,3,2,0,64,3,1,12,4.333,0.039
ses_20260701-141430-SIDDHIGUPTAB00B,2026-07-01 14:19:49.907000+00:00,control,107,10,1,2,16,0,2,3,2,0,64,3,1,12,3.234,0.032
ses_20260701-141430-SIDDHIGUPTAB00B,2026-07-01 14:26:36.697000+00:00,control,57,9,2,2,16,0,0,2,1,3,14,2,1,12,2.287,0.0525
ses_20260701-141430-SIDDHIGUPTAB00B,2026-07-01 14:21:31.694000+00:00,control,105,12,2,3,17,0,1,3,1,3,54,3,1,14,3.71,0.041
ses_20260701-141430-SIDDHIGUPTAB00B,2026-07-01 14:25:14.011000+00:00,control,58,9,2,2,17,0,0,2,1,3,14,2,1,12,2.025,0.055
ses_20260701-141430-SIDDHIGUPTAB00B,2026-07-01 14:19:37.555000+00:00,control,63,13,2,3,17,1,1,3,1,3,16,3,1,11,2.669,0.042
ses_20260701-141430-SIDDHIGUPTAB00B,2026-07-01 14:31:08.359000+00:00,control,54,9,1,1,2,0,0,2,1,4,22,2,1,11,4.558,0.031
ses_20260701-141430-SIDDHIGUPTAB00B,2026-07-01 14:25:04.100000+00:00,control,86,8,2,3,30,0,0,2,0,4,22,2,1,16,3.099,0.052
ses_20260701-141430-SIDDHIGUPTAB00B,2026-07-01 14:19:33.811000+00:00,control,49,12,2,2,16,1,1,2,1,3,8,2,1,9,2.669,0.0535
ses_20260701-141430-SIDDHIGUPTAB00B,2026-07-01 14:32:28.861000+00:00,control,48,8,1,2,3,0,0,1,0,3,20,1,1,11,4.18,0.052
ses_20260701-141430-SIDDHIGUPTAB00B,2026-07-01 14:21:33.522000+00:00,control,109,12,2,3,28,0,1,3,2,3,48,3,1,14,3.406,0.042
ses_20260701-141430-SIDDHIGUPTAB00B,2026-07-01 14:17:55.328000+00:00,control,102,10,1,2,15,0,2,2,1,0,64,2,1,11,3.171,0.032
ses_20260701-141430-SIDDHIGUPTAB00B,2026-07-01 14:33:49.615000+00:00,control,36,7,2,4,16,0,0,1,0,0,8,1,0,8,4.221,0.056
ses_20260701-141430-SIDDHIGUPTAB00B,2026-07-01 14:26:38.792000+00:00,control,50,9,2,2,16,0,0,2,1,3,10,2,1,10,2.287,0.052
ses_20260701-141430-SIDDHIGUPTAB00B,2026-07-01 14:23:35.044000+00:00,control,68,8,1,2,14,0,0,2,0,4,22,2,1,14,3.438,0.051
ses_20260701-141430-SIDDHIGUPTAB00B,2026-07-01 14:19:37.298000+00:00,control,51,12,2,2,17,1,1,2,1,3,8,2,1,10,2.669,0.0535
ses_20260701-141430-SIDDHIGUPTAB00B,2026-07-01 14:19:37.721000+00:00,control,71,13,2,3,17,1,1,3,1,3,24,3,1,11,2.669,0.042
ses_20260701-141430-SIDDHIGUPTAB00B,2026-07-01 14:15:07.975000+00:00,control,58,7,2,2,23,0,1,1,0,0,14,1,0,13,4.541,0.052
ses_20260701-141430-SIDDHIGUPTAB00B,2026-07-01 14:21:44.681000+00:00,control,108,10,1,2,16,0,2,3,2,0,64,3,1,13,4.333,0.039
ses_20260701-141430-SIDDHIGUPTAB00B,2026-07-01 14:39:08.340000+00:00,control,44,7,1,2,10,0,0,1,0,3,16,1,0,7,4.27,0.041
ses_20260701-141430-SIDDHIGUPTAB00B,2026-07-01 14:17:58.922000+00:00,control,106,10,1,2,17,0,2,2,1,0,64,2,1,13,3.171,0.035
ses_20260701-141430-SIDDHIGUPTAB00B,2026-07-01 14:19:49.963000+00:00,control,107,10,1,2,16,0,2,3,2,0,64,3,1,12,3.234,0.032
ses_20260701-141430-SIDDHIGUPTAB00B,2026-07-01 14:22:17.541000+00:00,control,29,13,1,4,3,1,1,2,1,1,4,2,1,9,4.439,0.1
ses_20260701-141430-SIDDHIGUPTAB00B,2026-07-01 14:41:58.309000+00:00,control,20,6,1,1,2,0,0,1,0,0,8,1,0,6,2.711,0.043
ses_20260701-141430-SIDDHIGUPTAB00B,2026-07-01 14:37:04.064000+00:00,control,16,4,1,1,1,0,0,0,0,0,8,0,0,5,3.331,0.085
ses_20260701-141430-SIDDHIGUPTAB00B,2026-07-01 14:15:15.897000+00:00,control,53,9,1,1,2,0,0,2,1,3,22,2,1,11,4.541,0.051500000000000004
ses_20260701-141430-SIDDHIGUPTAB00B,2026-07-01 14:15:13.768000+00:00,control,46,8,1,1,2,0,0,1,0,2,20,1,1,11,4.541,0.053
ses_20260701-145907-MSI,2026-07-01 15:11:57.465000+00:00,control,59,9,2,2,16,0,0,2,1,3,14,2,2,13,2.985,0.052
ses_20260701-145907-MSI,2026-07-01 15:05:47.483000+00:00,control,112,13,2,3,13,1,2,4,3,1,66,4,1,12,4.741,0.038
ses_20260701-145907-MSI,2026-07-01 15:15:08.747000+00:00,control,62,8,2,2,14,0,0,1,0,3,20,1,1,14,3.512,0.052
ses_20260701-145907-MSI,2026-07-01 15:05:49.827000+00:00,control,93,11,1,2,0,1,2,3,3,1,66,3,0,9,4.741,0.032
ses_20260701-145907-MSI,2026-07-01 15:17:29.904000+00:00,control,51,10,3,3,17,1,0,2,1,3,8,2,2,11,1.585,0.058499999999999996
ses_20260701-145907-MSI,2026-07-01 15:04:40.352000+00:00,control,46,9,2,2,16,0,0,2,1,3,8,2,1,9,2.973,0.055
ses_20260701-145907-MSI,2026-07-01 15:08:50.163000+00:00,control,50,9,2,2,15,0,0,2,1,3,10,2,1,11,1.92,0.053
ses_20260701-145907-MSI,2026-07-01 15:13:21.796000+00:00,control,72,9,2,2,16,0,0,2,1,4,22,2,1,15,4.46,0.052
ses_20260701-145907-MSI,2026-07-01 15:05:34.782000+00:00,control,61,12,2,3,14,1,1,2,1,3,16,2,1,13,3.194,0.054
ses_20260701-145907-MSI,2026-07-01 15:05:40.083000+00:00,control,111,13,2,3,14,1,1,4,2,3,60,4,1,13,3.354,0.037
ses_20260701-145907-MSI,2026-07-01 15:05:40.138000+00:00,control,113,13,2,3,14,1,1,4,2,3,62,4,1,13,3.354,0.037
ses_20260701-145907-MSI,2026-07-01 15:11:24.166000+00:00,control,114,12,1,2,14,0,2,4,2,1,66,4,2,14,2.58,0.039
ses_20260701-145907-MSI,2026-07-01 15:12:41.652000+00:00,control,31,9,2,2,2,0,0,2,1,3,8,2,1,8,2.984,0.07200000000000001
ses_20260701-145907-MSI,2026-07-01 15:11:18.303000+00:00,control,125,12,1,2,15,0,1,4,2,3,72,4,2,15,2.699,0.0385
ses_20260701-145907-MSI,2026-07-01 15:05:50.053000+00:00,control,93,11,1,2,0,1,2,3,3,1,66,3,0,9,4.741,0.032
ses_20260701-145907-MSI,2026-07-01 15:13:21.731000+00:00,control,72,9,2,2,16,0,0,2,1,4,22,2,1,15,4.46,0.052
ses_20260701-145907-MSI,2026-07-01 15:05:49.872000+00:00,control,93,11,1,2,0,1,2,3,3,1,66,3,0,9,4.741,0.032
ses_20260701-145907-MSI,2026-07-01 15:05:50.324000+00:00,control,88,9,1,2,0,1,2,3,3,0,64,3,0,8,4.741,0.028
ses_20260701-145907-MSI,2026-07-01 15:04:40.122000+00:00,control,45,9,2,2,15,0,0,2,1,3,8,2,1,9,1.449,0.055
ses_20260701-145907-MSI,2026-07-01 15:20:35.757000+00:00,control,40,9,1,1,1,0,0,2,1,3,14,2,1,10,3.048,0.05
ses_20260701-145907-MSI,2026-07-01 14:59:21.832000+00:00,control,32,7,4,7,12,2,2,0,0,0,2,0,0,6,7.674,0.055
ses_20260701-145907-MSI,2026-07-01 15:07:43.019000+00:00,control,33,12,1,2,1,1,1,2,1,3,8,2,1,8,2.891,0.051000000000000004
ses_20260701-145907-MSI,2026-07-01 15:16:08.343000+00:00,control,37,6,2,3,15,0,0,1,0,0,8,1,0,9,7.385,0.0525
ses_20260701-145907-MSI,2026-07-01 15:11:59.187000+00:00,control,52,9,2,2,16,0,0,2,1,3,10,2,2,11,2.013,0.051
ses_20260701-145907-MSI,2026-07-01 15:07:59.986000+00:00,control,90,11,2,4,1,2,2,2,2,0,66,2,0,8,4.923,0.026
ses_20260701-145907-MSI,2026-07-01 15:07:02.646000+00:00,control,46,10,2,2,15,1,0,2,1,3,8,2,1,9,1.523,0.053
ses_20260701-145907-MSI,2026-07-01 15:14:43.162000+00:00,control,62,9,2,2,16,0,0,2,1,3,16,2,1,14,2.667,0.052
ses_20260701-145907-MSI,2026-07-01 15:16:09.746000+00:00,control,36,7,2,3,3,0,0,1,0,2,14,1,0,9,7.385,0.044
ses_20260701-145907-MSI,2026-07-01 15:08:07.218000+00:00,control,74,14,3,5,5,1,1,1,2,0,46,1,1,11,4.923,0.038
ses_20260701-145907-MSI,2026-07-01 15:05:34.550000+00:00,control,68,12,2,3,14,1,1,2,1,4,20,2,1,13,3.194,0.052
ses_20260701-145907-MSI,2026-07-01 15:05:39.393000+00:00,control,94,13,2,3,14,1,1,3,1,3,48,3,1,12,3.354,0.041
ses_20260701-145907-MSI,2026-07-01 15:05:50.186000+00:00,control,89,9,1,2,0,1,2,3,3,0,64,3,0,9,4.741,0.032
ses_20260701-145907-MSI,2026-07-01 15:05:47.576000+00:00,control,112,13,2,3,13,1,2,4,3,1,66,4,1,12,4.741,0.038
ses_20260701-145907-MSI,2026-07-01 15:13:23.438000+00:00,control,66,9,2,2,15,0,0,2,1,4,20,2,1,13,4.46,0.052
ses_20260701-145907-MSI,2026-07-01 15:15:14.791000+00:00,control,55,9,2,2,14,0,0,2,1,3,14,2,1,12,2.691,0.0555
ses_20260701-145907-MSI,2026-07-01 15:11:24.256000+00:00,control,114,12,1,2,14,0,2,4,2,1,66,4,2,14,2.58,0.039
ses_20260701-145907-MSI,2026-07-01 15:09:28.600000+00:00,control,48,11,2,2,15,1,1,2,1,3,8,2,1,10,1.897,0.056
ses_20260701-145907-MSI,2026-07-01 15:10:30.514000+00:00,control,72,9,2,2,16,0,0,2,1,4,22,2,1,15,3.487,0.048
ses_20260701-145907-MSI,2026-07-01 15:05:31.630000+00:00,control,69,9,2,2,15,0,0,2,1,4,22,2,1,13,3.194,0.0515
ses_20260701-145907-MSI,2026-07-01 15:09:28.676000+00:00,control,48,11,2,2,15,1,1,2,1,3,8,2,1,10,1.897,0.056
ses_20260701-145907-MSI,2026-07-01 15:10:55.040000+00:00,control,21,6,1,2,2,0,0,1,0,0,8,1,0,6,2.553,0.037000000000000005
ses_20260701-145907-MSI,2026-07-01 15:01:53.400000+00:00,control,70,11,2,3,16,1,0,3,1,4,18,3,2,14,2.838,0.047
ses_20260701-145907-MSI,2026-07-01 15:11:20.198000+00:00,control,126,12,1,2,15,0,1,4,2,3,72,4,2,16,2.699,0.039
ses_20260701-145907-MSI,2026-07-01 15:07:59.623000+00:00,control,87,10,2,3,1,2,2,2,2,0,64,2,0,8,4.923,0.028499999999999998
ses_20260701-145907-MSI,2026-07-01 15:20:04.350000+00:00,control,45,9,2,2,15,0,0,2,1,3,8,2,1,9,1.971,0.0515
ses_20260701-145907-MSI,2026-07-01 15:19:32.584000+00:00,control,66,9,2,2,17,0,0,2,1,4,18,2,1,14,4.169,0.052
ses_20260701-145907-MSI,2026-07-01 15:07:57.139000+00:00,control,93,11,1,2,0,1,2,3,3,1,66,3,0,9,4.923,0.026
ses_20260701-145907-MSI,2026-07-01 15:13:46.683000+00:00,control,56,8,1,1,2,0,0,2,0,4,22,2,2,13,2.932,0.055
ses_20260701-145907-MSI,2026-07-01 15:11:16.342000+00:00,control,92,12,1,2,14,0,1,3,2,3,46,3,1,13,2.699,0.042
ses_20260701-145907-MSI,2026-07-01 15:02:34.341000+00:00,control,6,4,2,2,2,1,0,0,0,0,0,0,1,2,1.107,0.351
ses_20260701-145907-MSI,2026-07-01 15:08:53.618000+00:00,control,53,9,2,2,15,0,0,2,1,3,12,2,1,12,2.98,0.0535
ses_20260701-145907-MSI,2026-07-01 15:18:41.429000+00:00,control,63,9,2,2,15,0,0,2,1,4,18,2,1,13,4.851,0.0535
ses_20260701-145907-MSI,2026-07-01 15:13:24.082000+00:00,control,58,9,2,2,15,0,0,2,1,3,16,2,1,12,4.46,0.052
ses_20260701-145907-MSI,2026-07-01 15:05:47.125000+00:00,control,109,13,2,3,13,1,1,4,3,1,66,4,1,11,3.354,0.037
ses_20260701-145907-MSI,2026-07-01 15:08:53.787000+00:00,control,53,9,2,2,15,0,0,2,1,3,12,2,1,12,2.98,0.0535
ses_20260701-145907-MSI,2026-07-01 15:19:04.100000+00:00,control,68,8,1,2,14,0,0,2,0,4,22,2,1,14,3.134,0.045
ses_20260701-145907-MSI,2026-07-01 15:20:35.491000+00:00,control,40,9,1,1,1,0,0,2,1,3,14,2,1,10,3.048,0.05
ses_20260701-145907-MSI,2026-07-01 14:59:23.499000+00:00,control,29,6,3,6,12,2,2,0,0,0,0,0,0,5,1.162,0.0555
ses_20260701-145907-MSI,2026-07-01 15:12:25.878000+00:00,control,21,7,1,1,1,0,0,1,0,0,8,1,1,6,3.221,0.0385
ses_20260701-145907-MSI,2026-07-01 15:11:24.345000+00:00,control,114,12,1,2,14,0,2,4,2,1,66,4,2,14,2.58,0.039
ses_20260701-152030-CHAITANYA0BCF,2026-07-01 15:22:49.087000+00:00,control,46,9,2,2,17,0,0,2,1,3,8,2,1,8,2.787,0.049
ses_20260701-152030-CHAITANYA0BCF,2026-07-01 15:24:37.591000+00:00,control,51,11,2,4,18,2,0,2,1,3,8,2,1,9,3.601,0.051
ses_20260701-152030-CHAITANYA0BCF,2026-07-01 15:29:08.978000+00:00,control,45,9,3,3,16,0,0,2,1,3,8,2,1,8,2.405,0.0475
ses_20260701-152030-CHAITANYA0BCF,2026-07-01 15:28:50.627000+00:00,control,7,3,1,1,1,0,0,0,0,0,4,0,0,2,2.413,0.032
ses_20260701-152030-CHAITANYA0BCF,2026-07-01 15:27:10.316000+00:00,control,42,9,1,1,1,0,0,2,1,3,16,2,1,10,4.614,0.047
ses_20260701-152030-CHAITANYA0BCF,2026-07-01 15:24:43.323000+00:00,control,36,11,2,4,17,1,0,2,1,1,2,2,1,7,3.601,0.051
ses_20260701-152030-CHAITANYA0BCF,2026-07-01 15:24:36.808000+00:00,control,51,11,2,4,18,2,0,2,1,3,8,2,1,9,3.601,0.051
ses_20260701-152030-CHAITANYA0BCF,2026-07-01 15:27:09.457000+00:00,control,50,9,1,1,1,0,0,2,1,4,20,2,1,11,4.614,0.034
ses_20260701-152030-CHAITANYA0BCF,2026-07-01 15:27:48.836000+00:00,control,48,9,3,3,18,0,0,2,1,3,8,2,1,9,1.977,0.051
ses_20260701-152030-CHAITANYA0BCF,2026-07-01 15:23:12.697000+00:00,control,45,9,1,2,2,0,0,3,1,2,16,3,1,11,4.344,0.0305
ses_20260701-152030-CHAITANYA0BCF,2026-07-01 15:28:19.427000+00:00,control,18,4,1,1,1,0,0,0,0,0,10,0,0,6,4.498,0.084
ses_20260701-152030-CHAITANYA0BCF,2026-07-01 15:26:41.654000+00:00,control,45,9,2,2,16,0,0,2,1,3,8,2,1,8,2.216,0.051
ses_20260701-152030-CHAITANYA0BCF,2026-07-01 15:28:19.513000+00:00,control,18,4,1,1,1,0,0,0,0,0,10,0,0,6,4.498,0.084
ses_20260701-152030-CHAITANYA0BCF,2026-07-01 15:21:48.607000+00:00,control,58,11,2,3,16,1,0,2,1,3,14,2,1,11,3.241,0.049
ses_20260701-152030-CHAITANYA0BCF,2026-07-01 15:21:41.725000+00:00,control,50,10,2,3,3,1,0,1,0,3,20,1,1,11,4.573,0.038
ses_20260701-152030-CHAITANYA0BCF,2026-07-01 15:27:10.631000+00:00,control,41,9,1,1,2,0,0,2,1,3,14,2,1,10,3.632,0.0495
ses_20260701-152030-CHAITANYA0BCF,2026-07-01 15:21:48.607000+00:00,control,58,11,2,3,16,1,0,2,1,3,14,2,1,11,3.241,0.049
ses_20260701-152030-CHAITANYA0BCF,2026-07-01 15:21:41.724000+00:00,control,50,10,2,3,3,1,0,1,0,3,20,1,1,11,4.573,0.038
ses_20260701-152030-CHAITANYA0BCF,2026-07-01 15:24:31.760000+00:00,control,44,10,2,2,15,1,0,2,1,3,8,2,1,7,3.056,0.051
ses_20260701-152030-CHAITANYA0BCF,2026-07-01 15:23:40.171000+00:00,control,54,9,1,1,1,0,0,2,1,4,22,2,1,12,4.395,0.034
ses_20260701-152030-CHAITANYA0BCF,2026-07-01 15:21:45.649000+00:00,control,69,10,2,3,16,1,0,1,0,4,22,1,1,13,4.573,0.046
ses_20260701-152030-CHAITANYA0BCF,2026-07-01 15:21:47.810000+00:00,control,58,11,2,3,16,1,0,2,1,3,14,2,1,11,3.241,0.049
ses_20260701-152030-CHAITANYA0BCF,2026-07-01 15:28:22.554000+00:00,control,14,3,1,1,0,0,0,0,0,0,8,0,0,5,4.498,0.084
ses_20260701-152030-CHAITANYA0BCF,2026-07-01 15:24:39.520000+00:00,control,51,11,2,4,18,2,0,2,1,3,8,2,1,9,3.601,0.051
ses_20260701-152030-CHAITANYA0BCF,2026-07-01 15:27:05.117000+00:00,control,52,8,1,1,2,0,0,2,0,4,20,2,2,12,4.614,0.047
ses_20260701-152030-CHAITANYA0BCF,2026-07-01 15:24:32.063000+00:00,control,44,10,2,2,15,1,0,2,1,3,8,2,1,7,3.056,0.051
ses_20260701-152030-CHAITANYA0BCF,2026-07-01 15:27:33.844000+00:00,control,41,7,2,5,18,0,0,1,0,0,8,1,0,10,3.285,0.055
ses_20260701-152030-CHAITANYA0BCF,2026-07-01 15:27:50.552000+00:00,control,48,9,3,3,18,0,0,2,1,3,8,2,1,9,1.977,0.051
ses_20260701-152030-CHAITANYA0BCF,2026-07-01 15:27:05.114000+00:00,control,52,8,1,1,2,0,0,2,0,4,20,2,2,12,4.614,0.047
ses_20260701-152030-CHAITANYA0BCF,2026-07-01 15:28:19.429000+00:00,control,18,4,1,1,1,0,0,0,0,0,10,0,0,6,4.498,0.084
ses_20260701-152030-CHAITANYA0BCF,2026-07-01 15:24:43.310000+00:00,control,36,11,2,4,17,1,0,2,1,1,2,2,1,7,3.601,0.051
ses_20260701-152030-CHAITANYA0BCF,2026-07-01 15:24:43.330000+00:00,control,36,11,2,4,17,1,0,2,1,1,2,2,1,7,3.601,0.051
ses_20260701-152030-CHAITANYA0BCF,2026-07-01 15:27:50.324000+00:00,control,48,9,3,3,18,0,0,2,1,3,8,2,1,9,1.977,0.051
ses_20260701-152030-CHAITANYA0BCF,2026-07-01 15:24:39.524000+00:00,control,51,11,2,4,18,2,0,2,1,3,8,2,1,9,3.601,0.051
ses_20260701-152030-CHAITANYA0BCF,2026-07-01 15:21:48.770000+00:00,control,60,11,2,3,17,1,0,2,1,3,14,2,1,12,3.241,0.05
ses_20260701-152030-CHAITANYA0BCF,2026-07-01 15:27:34.465000+00:00,control,41,7,2,5,18,0,0,1,0,0,8,1,0,10,3.285,0.055
ses_20260701-152030-CHAITANYA0BCF,2026-07-01 15:27:07.531000+00:00,control,56,9,1,1,2,0,0,2,1,4,22,2,1,13,4.614,0.045
ses_20260701-152030-CHAITANYA0BCF,2026-07-01 15:28:22.554000+00:00,control,14,3,1,1,0,0,0,0,0,0,8,0,0,5,4.498,0.084
ses_20260701-152030-CHAITANYA0BCF,2026-07-01 15:27:32.590000+00:00,control,43,8,2,5,18,0,1,1,0,0,8,1,0,11,3.285,0.056
ses_20260701-152030-CHAITANYA0BCF,2026-07-01 15:22:49.336000+00:00,control,47,9,2,2,17,0,0,2,1,3,8,2,1,9,2.787,0.0495
ses_20260701-152030-CHAITANYA0BCF,2026-07-01 15:24:31.994000+00:00,control,44,10,2,2,15,1,0,2,1,3,8,2,1,7,3.056,0.051
ses_20260701-152030-CHAITANYA0BCF,2026-07-01 15:28:22.556000+00:00,control,14,3,1,1,0,0,0,0,0,0,8,0,0,5,4.498,0.084
ses_20260701-152030-CHAITANYA0BCF,2026-07-01 15:24:35.217000+00:00,control,51,11,2,4,18,2,0,2,1,3,8,2,1,9,3.601,0.051
ses_20260701-152030-CHAITANYA0BCF,2026-07-01 15:21:48.732000+00:00,control,60,11,2,3,17,1,0,2,1,3,14,2,1,12,3.241,0.05
ses_20260701-152030-CHAITANYA0BCF,2026-07-01 15:27:05.206000+00:00,control,56,8,1,1,2,0,0,2,0,4,22,2,2,13,4.614,0.045
ses_20260701-152030-CHAITANYA0BCF,2026-07-01 15:23:36.734000+00:00,control,52,8,1,1,2,0,0,2,0,4,20,2,2,12,4.395,0.045
ses_20260701-152030-CHAITANYA0BCF,2026-07-01 15:28:20.775000+00:00,control,16,3,1,1,0,0,0,0,0,0,10,0,0,5,4.498,0.084
ses_20260701-152030-CHAITANYA0BCF,2026-07-01 15:28:20.911000+00:00,control,16,3,1,1,0,0,0,0,0,0,10,0,0,5,4.498,0.084
ses_20260701-152030-CHAITANYA0BCF,2026-07-01 15:24:35.378000+00:00,control,51,11,2,4,18,2,0,2,1,3,8,2,1,9,3.601,0.051
ses_20260701-152030-CHAITANYA0BCF,2026-07-01 15:24:37.691000+00:00,control,51,11,2,4,18,2,0,2,1,3,8,2,1,9,3.601,0.051
ses_20260701-152030-CHAITANYA0BCF,2026-07-01 15:29:09.558000+00:00,control,45,9,3,3,16,0,0,2,1,3,8,2,1,8,2.405,0.0475
ses_20260701-152030-CHAITANYA0BCF,2026-07-01 15:27:34.465000+00:00,control,41,7,2,5,18,0,0,1,0,0,8,1,0,10,3.285,0.055
ses_20260701-152030-CHAITANYA0BCF,2026-07-01 15:27:35.733000+00:00,control,26,7,2,5,5,0,0,1,0,0,8,1,0,8,3.285,0.086
ses_20260701-152030-CHAITANYA0BCF,2026-07-01 15:29:34.056000+00:00,control,24,8,2,3,3,1,0,1,0,0,8,1,0,7,3.071,0.051
ses_20260701-152030-CHAITANYA0BCF,2026-07-01 15:27:34.466000+00:00,control,41,7,2,5,18,0,0,1,0,0,8,1,0,10,3.285,0.055
ses_20260701-152030-CHAITANYA0BCF,2026-07-01 15:21:47.861000+00:00,control,58,11,2,3,16,1,0,2,1,3,14,2,1,11,3.241,0.049
ses_20260701-152030-CHAITANYA0BCF,2026-07-01 15:29:31.729000+00:00,control,41,9,2,3,16,1,1,1,0,0,8,1,0,10,3.071,0.049
ses_20260701-152030-CHAITANYA0BCF,2026-07-01 15:27:50.321000+00:00,control,48,9,3,3,18,0,0,2,1,3,8,2,1,9,1.977,0.051
ses_20260701-155031-CHAITANYA0BCF,2026-07-01 16:01:14.562000+00:00,control,41,10,3,3,15,0,0,2,1,3,6,2,1,7,2.603,0.049
ses_20260701-155031-CHAITANYA0BCF,2026-07-01 16:13:38.363000+00:00,control,73,8,2,2,17,0,0,2,0,4,22,2,2,15,4.194,0.0495
ses_20260701-155031-CHAITANYA0BCF,2026-07-01 15:56:41.528000+00:00,control,19,6,2,2,0,0,0,1,0,0,8,1,2,5,5.531,0.1265
ses_20260701-155031-CHAITANYA0BCF,2026-07-01 15:52:31.588000+00:00,control,30,8,1,1,0,0,0,2,1,1,14,2,1,6,3.834,0.039
ses_20260701-155031-CHAITANYA0BCF,2026-07-01 15:56:43.224000+00:00,control,15,4,1,1,0,0,0,0,0,0,8,0,1,4,2.398,0.16349999999999998
ses_20260701-155031-CHAITANYA0BCF,2026-07-01 15:53:08.753000+00:00,control,81,9,1,2,0,1,1,2,2,0,64,2,0,6,3.822,0.018000000000000002
ses_20260701-155031-CHAITANYA0BCF,2026-07-01 16:01:11.843000+00:00,control,47,10,3,3,16,0,0,2,1,3,8,2,1,9,2.603,0.051000000000000004
ses_20260701-155031-CHAITANYA0BCF,2026-07-01 15:53:09.415000+00:00,control,85,9,1,2,0,2,2,2,2,0,64,2,0,7,4.977,0.026000000000000002
ses_20260701-155031-CHAITANYA0BCF,2026-07-01 16:02:45.919000+00:00,control,49,8,2,2,4,0,0,1,0,3,20,1,1,11,3.941,0.035500000000000004
ses_20260701-155031-CHAITANYA0BCF,2026-07-01 16:08:34.199000+00:00,control,67,9,2,2,17,0,0,2,1,4,18,2,2,14,4.582,0.049
ses_20260701-155031-CHAITANYA0BCF,2026-07-01 16:08:34.019000+00:00,control,65,9,2,2,16,0,0,2,1,4,18,2,2,13,4.582,0.049
ses_20260701-155031-CHAITANYA0BCF,2026-07-01 15:52:30.800000+00:00,control,38,8,1,1,0,0,0,2,1,2,18,2,1,7,3.834,0.031
ses_20260701-155031-CHAITANYA0BCF,2026-07-01 15:58:24.275000+00:00,control,120,10,2,2,14,1,0,2,1,3,8,2,74,11,1.911,0.017
ses_20260701-155031-CHAITANYA0BCF,2026-07-01 16:10:00.575000+00:00,control,70,9,2,2,16,0,0,2,1,4,22,2,1,13,3.182,0.046
ses_20260701-155031-CHAITANYA0BCF,2026-07-01 16:13:43.047000+00:00,control,69,10,2,2,16,0,1,2,1,4,20,2,1,14,4.194,0.051000000000000004
ses_20260701-155031-CHAITANYA0BCF,2026-07-01 16:09:55.824000+00:00,control,63,8,2,2,16,0,0,1,0,3,20,1,2,12,3.182,0.0465
ses_20260701-155031-CHAITANYA0BCF,2026-07-01 16:13:43.047000+00:00,control,69,10,2,2,16,0,1,2,1,4,20,2,1,14,4.194,0.051000000000000004
ses_20260701-155031-CHAITANYA0BCF,2026-07-01 15:54:29.618000+00:00,control,65,9,2,2,16,0,0,2,1,4,18,2,1,14,4.208,0.049
ses_20260701-155031-CHAITANYA0BCF,2026-07-01 15:53:11.445000+00:00,control,85,9,1,2,0,2,2,2,2,0,64,2,0,7,4.977,0.026000000000000002
ses_20260701-155031-CHAITANYA0BCF,2026-07-01 15:51:23.058000+00:00,control,53,9,1,1,1,0,0,2,1,3,22,2,1,12,3.445,0.040499999999999994
ses_20260701-155031-CHAITANYA0BCF,2026-07-01 16:10:54.300000+00:00,control,50,9,2,2,16,0,0,2,1,3,12,2,1,9,2.92,0.05
ses_20260701-155031-CHAITANYA0BCF,2026-07-01 15:53:11.813000+00:00,control,85,9,1,2,0,2,2,2,2,0,64,2,0,7,4.977,0.026000000000000002
ses_20260701-155031-CHAITANYA0BCF,2026-07-01 16:10:52.947000+00:00,control,50,9,2,2,16,0,0,2,1,3,12,2,1,9,2.92,0.05
ses_20260701-155031-CHAITANYA0BCF,2026-07-01 15:51:23.026000+00:00,control,53,9,1,1,1,0,0,2,1,3,22,2,1,12,3.445,0.040499999999999994
ses_20260701-155031-CHAITANYA0BCF,2026-07-01 15:54:04.501000+00:00,control,48,9,2,2,18,0,0,2,1,3,8,2,1,9,2.721,0.048
ses_20260701-155031-CHAITANYA0BCF,2026-07-01 16:04:46.977000+00:00,control,2,2,1,1,1,0,0,0,0,0,0,0,0,1,0.016,0.016
ses_20260701-155031-CHAITANYA0BCF,2026-07-01 15:58:24.909000+00:00,control,120,10,2,2,14,1,0,2,1,3,8,2,74,11,1.911,0.017
ses_20260701-155031-CHAITANYA0BCF,2026-07-01 16:05:40.083000+00:00,control,21,4,2,2,1,0,0,0,0,0,12,0,0,7,3.526,0.0935
ses_20260701-155031-CHAITANYA0BCF,2026-07-01 16:05:34.250000+00:00,control,17,5,2,2,1,0,0,1,0,0,8,1,0,6,3.392,0.0875
ses_20260701-155031-CHAITANYA0BCF,2026-07-01 16:14:39.513000+00:00,control,47,10,2,2,16,0,1,2,1,3,8,2,1,9,2.235,0.053
ses_20260701-155031-CHAITANYA0BCF,2026-07-01 16:14:46.969000+00:00,control,53,10,2,2,18,0,3,2,1,3,8,2,1,11,3.097,0.054
ses_20260701-155031-CHAITANYA0BCF,2026-07-01 16:10:57.105000+00:00,control,50,9,2,2,16,0,0,2,1,3,12,2,1,9,2.92,0.05
ses_20260701-155031-CHAITANYA0BCF,2026-07-01 15:57:19.005000+00:00,control,37,7,2,4,16,0,1,1,0,0,8,1,0,9,3.388,0.0525
ses_20260701-155031-CHAITANYA0BCF,2026-07-01 15:54:27.528000+00:00,control,75,9,2,3,22,0,0,3,1,4,18,3,1,16,4.208,0.0515
ses_20260701-155031-CHAITANYA0BCF,2026-07-01 15:58:25.934000+00:00,control,120,10,2,2,14,1,0,2,1,3,8,2,74,11,1.911,0.017
ses_20260701-155031-CHAITANYA0BCF,2026-07-01 15:53:11.589000+00:00,control,85,9,1,2,0,2,2,2,2,0,64,2,0,7,4.977,0.026000000000000002
ses_20260701-155031-CHAITANYA0BCF,2026-07-01 16:13:43.523000+00:00,control,62,10,2,2,16,0,1,2,1,3,16,2,1,14,4.194,0.053
ses_20260701-155031-CHAITANYA0BCF,2026-07-01 16:14:38.870000+00:00,control,45,9,2,2,16,0,0,2,1,3,8,2,1,8,2.141,0.053
ses_20260701-155031-CHAITANYA0BCF,2026-07-01 15:57:27.712000+00:00,control,22,3,1,1,0,0,0,0,0,0,14,0,0,7,4.419,0.084
ses_20260701-155031-CHAITANYA0BCF,2026-07-01 16:13:38.873000+00:00,control,73,8,2,2,17,0,0,2,0,4,22,2,2,15,4.194,0.0495
ses_20260701-155031-CHAITANYA0BCF,2026-07-01 15:53:11.424000+00:00,control,85,9,1,2,0,2,2,2,2,0,64,2,0,7,4.977,0.026000000000000002
ses_20260701-155031-CHAITANYA0BCF,2026-07-01 16:13:47.694000+00:00,control,60,10,2,2,16,0,2,2,1,3,14,2,1,13,4.218,0.053
ses_20260701-155031-CHAITANYA0BCF,2026-07-01 15:51:47.946000+00:00,control,37,7,2,5,16,0,0,1,0,0,8,1,0,8,3.1,0.057
ses_20260701-155031-CHAITANYA0BCF,2026-07-01 15:58:24.709000+00:00,control,120,10,2,2,14,1,0,2,1,3,8,2,74,11,1.911,0.017
ses_20260701-155031-CHAITANYA0BCF,2026-07-01 16:14:43.351000+00:00,control,50,10,2,2,17,0,2,2,1,3,8,2,1,10,2.544,0.053
ses_20260701-155031-CHAITANYA0BCF,2026-07-01 16:01:10.045000+00:00,control,47,10,3,3,16,0,0,2,1,3,8,2,1,9,2.603,0.051000000000000004
ses_20260701-155031-CHAITANYA0BCF,2026-07-01 15:57:32.224000+00:00,control,19,3,1,1,0,0,0,0,0,0,12,0,0,6,4.419,0.07550000000000001
ses_20260701-155031-CHAITANYA0BCF,2026-07-01 16:05:40.085000+00:00,control,21,4,2,2,1,0,0,0,0,0,12,0,0,7,3.526,0.0935
ses_20260701-155031-CHAITANYA0BCF,2026-07-01 15:52:33.786000+00:00,control,28,8,1,1,0,0,0,2,1,1,12,2,1,6,2.346,0.039
ses_20260701-155031-CHAITANYA0BCF,2026-07-01 15:57:22.329000+00:00,control,23,6,2,3,3,0,0,1,0,0,10,1,0,7,4.419,0.086
ses_20260701-155031-CHAITANYA0BCF,2026-07-01 16:10:55.067000+00:00,control,50,9,2,2,16,0,0,2,1,3,12,2,1,9,2.92,0.05
ses_20260701-172430-yuvraj,2026-07-01 17:39:46.479000+00:00,control,53,10,1,1,2,0,1,3,1,4,18,3,2,12,3.032,0.0335
ses_20260701-172430-yuvraj,2026-07-01 17:41:20.860000+00:00,control,37,9,4,4,16,0,0,2,1,3,2,2,1,9,2.166,0.0625
ses_20260701-172430-yuvraj,2026-07-01 17:26:45.291000+00:00,control,26,8,2,2,1,0,0,2,1,3,8,2,0,5,3.281,0.039
ses_20260701-172430-yuvraj,2026-07-01 17:37:49.422000+00:00,control,54,9,1,2,10,0,0,3,1,2,16,3,1,12,4.023,0.048
ses_20260701-172430-yuvraj,2026-07-01 17:36:30.289000+00:00,control,50,9,1,2,3,0,0,3,1,3,18,3,1,11,4.693,0.049
ses_20260701-172430-yuvraj,2026-07-01 17:37:53.214000+00:00,control,41,9,1,1,1,0,0,2,1,2,16,2,1,10,4.023,0.0445
ses_20260701-172430-yuvraj,2026-07-01 17:32:53.464000+00:00,control,32,8,2,2,14,0,0,2,1,2,2,2,0,8,9.372,0.058
ses_20260701-172430-yuvraj,2026-07-01 17:26:41.532000+00:00,control,29,8,2,2,1,0,0,2,1,3,10,2,0,6,7.524,0.047
ses_20260701-172430-yuvraj,2026-07-01 17:37:49.524000+00:00,control,52,9,1,2,8,0,0,3,1,2,16,3,1,12,4.023,0.045
ses_20260701-172430-yuvraj,2026-07-01 17:44:03.087000+00:00,control,41,10,2,2,17,0,3,2,1,2,2,2,1,10,2.857,0.056
ses_20260701-172430-yuvraj,2026-07-01 17:39:46.251000+00:00,control,53,10,1,1,2,0,1,3,1,4,18,3,2,12,3.032,0.0335
ses_20260701-172430-yuvraj,2026-07-01 17:27:46.211000+00:00,control,40,13,1,3,3,1,1,2,1,2,12,2,1,9,4.253,0.057
ses_20260701-172430-yuvraj,2026-07-01 17:33:17.846000+00:00,control,58,8,1,2,14,0,0,1,0,1,20,1,1,12,3.325,0.052
ses_20260701-172430-yuvraj,2026-07-01 17:27:44.362000+00:00,control,42,13,1,3,4,1,1,2,1,2,12,2,1,10,4.253,0.057
ses_20260701-172430-yuvraj,2026-07-01 17:29:48.303000+00:00,control,40,10,2,3,16,1,0,2,1,1,4,2,0,10,1.751,0.055
ses_20260701-172430-yuvraj,2026-07-01 17:42:29.737000+00:00,control,36,9,2,2,15,0,0,2,1,1,4,2,1,8,2.148,0.058
ses_20260701-172430-yuvraj,2026-07-01 17:26:49.390000+00:00,control,26,8,2,2,1,0,0,2,1,3,8,2,0,5,3.281,0.039
ses_20260701-172430-yuvraj,2026-07-01 17:39:46.348000+00:00,control,53,10,1,1,2,0,1,3,1,4,18,3,2,12,3.032,0.0335
ses_20260701-172430-yuvraj,2026-07-01 17:41:26.473000+00:00,control,37,9,4,4,16,0,0,2,1,3,2,2,1,9,2.166,0.0625
ses_20260701-172430-yuvraj,2026-07-01 17:42:19.505000+00:00,control,46,8,2,2,10,0,0,1,0,2,14,1,2,11,3.557,0.058
ses_20260701-172430-yuvraj,2026-07-01 17:27:13.265000+00:00,control,79,8,1,2,28,0,0,2,0,1,22,2,1,14,3.723,0.0115
ses_20260701-172430-yuvraj,2026-07-01 17:29:46.917000+00:00,control,40,10,2,3,16,1,0,2,1,1,4,2,0,10,1.751,0.055
ses_20260701-172430-yuvraj,2026-07-01 17:42:28.154000+00:00,control,43,9,2,2,15,0,0,2,1,1,8,2,1,10,3.372,0.058499999999999996
ses_20260701-172430-yuvraj,2026-07-01 17:37:53.214000+00:00,control,41,9,1,1,1,0,0,2,1,2,16,2,1,10,4.023,0.0445
ses_20260701-172430-yuvraj,2026-07-01 17:25:43.604000+00:00,control,36,9,1,1,1,0,0,3,1,1,12,3,1,10,4.535,0.038
ses_20260701-172430-yuvraj,2026-07-01 17:26:30.720000+00:00,control,19,7,1,1,1,0,0,1,0,0,8,1,1,5,3.348,0.091
ses_20260701-172430-yuvraj,2026-07-01 17:44:04.976000+00:00,control,41,10,2,2,17,0,3,2,1,2,2,2,1,10,2.857,0.056
ses_20260701-172430-yuvraj,2026-07-01 17:25:46.107000+00:00,control,33,9,1,1,1,0,0,2,1,1,12,2,1,9,4.535,0.036500000000000005
ses_20260701-172430-yuvraj,2026-07-01 17:29:48.051000+00:00,control,40,10,2,3,16,1,0,2,1,1,4,2,0,10,1.751,0.055
ses_20260701-172430-yuvraj,2026-07-01 17:26:30.721000+00:00,control,19,7,1,1,1,0,0,1,0,0,8,1,1,5,3.348,0.091
ses_20260701-172430-yuvraj,2026-07-01 17:36:55.411000+00:00,control,53,8,2,3,18,0,0,1,0,2,14,1,1,11,3.598,0.058
ses_20260701-172430-yuvraj,2026-07-01 17:32:54.244000+00:00,control,31,8,2,2,14,0,0,2,1,2,2,2,0,7,2.125,0.057
ses_20260701-172430-yuvraj,2026-07-01 17:33:21.983000+00:00,control,52,9,1,1,2,0,0,2,1,1,22,2,1,12,3.325,0.032
ses_20260701-172430-yuvraj,2026-07-01 17:27:43.719000+00:00,control,42,13,1,3,4,1,1,2,1,2,12,2,1,10,4.253,0.057
ses_20260701-172430-yuvraj,2026-07-01 17:27:50.620000+00:00,control,26,13,1,3,3,1,1,2,1,1,4,2,1,7,4.253,0.076
ses_20260701-172430-yuvraj,2026-07-01 17:26:29.638000+00:00,control,19,7,1,1,1,0,0,1,0,0,8,1,1,5,3.348,0.091
ses_20260701-172430-yuvraj,2026-07-01 17:39:23.154000+00:00,control,35,9,3,3,16,0,0,2,1,2,2,2,1,8,2.018,0.0535
ses_20260701-172430-yuvraj,2026-07-01 17:43:56.169000+00:00,control,33,9,2,2,15,0,0,2,1,2,2,2,1,7,2.525,0.052
ses_20260701-172430-yuvraj,2026-07-01 17:42:18.844000+00:00,control,37,8,2,2,3,0,0,1,0,2,14,1,1,10,3.557,0.062
ses_20260701-172430-yuvraj,2026-07-01 17:41:24.553000+00:00,control,37,9,4,4,16,0,0,2,1,3,2,2,1,9,2.166,0.0625
ses_20260701-172430-yuvraj,2026-07-01 17:34:25.765000+00:00,control,39,9,1,1,1,0,0,2,1,2,16,2,1,8,4.606,0.022
ses_20260701-172430-yuvraj,2026-07-01 17:29:45.073000+00:00,control,40,10,2,3,16,1,0,2,1,1,4,2,0,10,1.751,0.055
ses_20260701-172430-yuvraj,2026-07-01 17:32:15.353000+00:00,control,58,9,1,2,14,0,0,3,1,1,16,3,1,13,3.889,0.053
ses_20260701-172430-yuvraj,2026-07-01 17:29:48.162000+00:00,control,40,10,2,3,16,1,0,2,1,1,4,2,0,10,1.751,0.055
ses_20260701-172430-yuvraj,2026-07-01 17:34:23.843000+00:00,control,53,9,1,1,2,0,0,2,1,3,22,2,1,11,4.606,0.022
ses_20260701-172430-yuvraj,2026-07-01 17:42:19.504000+00:00,control,46,8,2,2,10,0,0,1,0,2,14,1,2,11,3.557,0.058
ses_20260701-172430-yuvraj,2026-07-01 17:31:51.744000+00:00,control,51,9,1,1,2,0,0,2,1,3,20,2,1,12,4.058,0.045
ses_20260701-172430-yuvraj,2026-07-01 17:29:50.285000+00:00,control,43,10,2,3,16,1,0,2,1,1,6,2,0,11,4.195,0.055
ses_20260701-172430-yuvraj,2026-07-01 17:44:00.605000+00:00,control,38,10,2,2,16,0,2,2,1,2,2,2,1,9,2.857,0.056
ses_20260701-172430-yuvraj,2026-07-01 17:39:46.252000+00:00,control,53,10,1,1,2,0,1,3,1,4,18,3,2,12,3.032,0.0335
ses_20260701-172430-yuvraj,2026-07-01 17:33:18.584000+00:00,control,46,8,1,2,3,0,0,1,0,1,20,1,1,11,3.325,0.041
