session_id,process_code,process_name,domain,variant,case_id,start_ts,end_ts,phase,exec_id,seq,split_id,continues_from_prev,continues_to_next,duration_seconds
ses_20260630-121953-LAPTOP-R36BQBTE,H,銀行勘定照合,finance,,BR-175009-001,2026-06-30 12:21:12.794418+00:00,2026-06-30 12:21:41.332221+00:00,1,M1-H-1,1,,False,False,28.537803
ses_20260630-121953-LAPTOP-R36BQBTE,C,育児・産休申請確認,hr,,LA-175009-001,2026-06-30 12:21:41.335282+00:00,2026-06-30 12:22:25.680580+00:00,1,M1-C-1,1,,False,False,44.345298
ses_20260630-121953-LAPTOP-R36BQBTE,B,給与備考・控除整備,hr,reg,PI-175009-001,2026-06-30 12:22:25.682643+00:00,2026-06-30 12:23:22.089303+00:00,1,M1-B-1,1,,False,False,56.40666
ses_20260630-121953-LAPTOP-R36BQBTE,A,住民税通知確認,hr,std,RT-175009-001,2026-06-30 12:23:22.090864+00:00,2026-06-30 12:23:46.001092+00:00,1,M1-A-1,1,,False,False,23.910228
ses_20260630-121953-LAPTOP-R36BQBTE,M,仕入先連絡,ops,,SUP-175009-001,2026-06-30 12:23:46.003666+00:00,2026-06-30 12:24:20.921107+00:00,1,M1-M-1,1,,False,False,34.917441
ses_20260630-121953-LAPTOP-R36BQBTE,C,育児・産休申請確認,hr,,LA-175009-002,2026-06-30 12:24:20.924171+00:00,2026-06-30 12:24:53.806914+00:00,1,M1-C-2,2,,False,False,32.882743
ses_20260630-121953-LAPTOP-R36BQBTE,B,給与備考・控除整備,hr,reg,PI-175009-002,2026-06-30 12:24:53.808438+00:00,2026-06-30 12:25:11.308831+00:00,1,M1-B-2,2,,False,False,17.500393
ses_20260630-121953-LAPTOP-R36BQBTE,H,銀行勘定照合,finance,,BR-175009-002,2026-06-30 12:26:02.529449+00:00,2026-06-30 12:26:32.486677+00:00,1,M1-H-2,2,,False,False,29.957228
ses_20260630-121953-LAPTOP-R36BQBTE,A,住民税通知確認,hr,std,RT-175009-002,2026-06-30 12:26:32.488202+00:00,2026-06-30 12:26:55.497696+00:00,1,M1-A-2,2,,False,False,23.009494
ses_20260630-121953-LAPTOP-R36BQBTE,M,仕入先連絡,ops,,SUP-175009-002,2026-06-30 12:26:55.499262+00:00,2026-06-30 12:27:38.178310+00:00,1,M1-M-2,2,,False,False,42.679048
ses_20260630-121953-LAPTOP-R36BQBTE,H,銀行勘定照合,finance,,BR-175009-003,2026-06-30 12:27:38.179852+00:00,,1,M1-H-3,3,,False,False,
ses_20260630-121953-LAPTOP-R36BQBTE,H,銀行勘定照合,finance,,BR-175009-004,2026-06-30 12:28:02.650411+00:00,2026-06-30 12:28:45.840345+00:00,1,M1-H-4,4,,True,True,43.189934
ses_20260630-121953-LAPTOP-R36BQBTE,J,支払処理,finance,,PM-175009-001,2026-06-30 12:28:45.841909+00:00,2026-06-30 12:29:08.849625+00:00,1,M1-J-1,1,,False,False,23.007716
ses_20260630-121953-LAPTOP-R36BQBTE,G,経費精算承認,finance,reg,EXP-175009-001,2026-06-30 12:29:08.851162+00:00,,1,M1-G-1,1,,False,False,
ses_20260630-121953-LAPTOP-R36BQBTE,G,経費精算承認,finance,reg,EXP-175009-002,2026-06-30 12:29:26.327121+00:00,2026-06-30 12:29:48.734321+00:00,1,M1-G-2,2,,False,False,22.4072
ses_20260630-121953-LAPTOP-R36BQBTE,A,住民税通知確認,hr,std,RT-175009-003,2026-06-30 12:29:48.738459+00:00,2026-06-30 12:30:16.343479+00:00,1,M1-A-3,3,,False,False,27.60502
ses_20260630-121953-LAPTOP-R36BQBTE,C,育児・産休申請確認,hr,,LA-175009-003,2026-06-30 12:30:16.346287+00:00,2026-06-30 12:30:59.737845+00:00,1,M1-C-3,3,,False,False,43.391558
ses_20260630-121953-LAPTOP-R36BQBTE,B,給与備考・控除整備,hr,reg,PI-175009-003,2026-06-30 12:30:59.741103+00:00,2026-06-30 12:32:06.461432+00:00,2,M1-B-3,3,M1-B-split-1,False,False,66.720329
ses_20260630-121953-LAPTOP-R36BQBTE,A,住民税通知確認,hr,exc,RT-175009-004,2026-06-30 12:32:06.464478+00:00,2026-06-30 12:32:47.003314+00:00,1,M1-A-4,4,,False,False,40.538836
ses_20260630-121953-LAPTOP-R36BQBTE,E,入社照合・手当確認,hr,,OB-175009-001,2026-06-30 12:32:47.004857+00:00,2026-06-30 12:33:14.763293+00:00,1,M1-E-1,1,,False,False,27.758436
ses_20260630-121953-LAPTOP-R36BQBTE,M,仕入先連絡,ops,,SUP-175009-003,2026-06-30 12:33:14.766353+00:00,,1,M1-M-3,3,,False,False,
ses_20260630-121953-LAPTOP-R36BQBTE,M,仕入先連絡,ops,,SUP-175009-004,2026-06-30 12:33:52.808425+00:00,2026-06-30 12:34:28.680180+00:00,1,M1-M-4,4,,False,False,35.871755
ses_20260630-121953-LAPTOP-R36BQBTE,G,経費精算承認,finance,reg,EXP-175009-003,2026-06-30 12:34:28.683333+00:00,2026-06-30 12:34:54.396611+00:00,1,M1-G-3,3,,False,False,25.713278
ses_20260630-121953-LAPTOP-R36BQBTE,J,支払処理,finance,,PM-175009-002,2026-06-30 12:34:54.399147+00:00,2026-06-30 12:35:17.321832+00:00,1,M1-J-2,2,,False,False,22.922685
ses_20260630-121953-LAPTOP-R36BQBTE,G,経費精算承認,finance,adj,EXP-175009-004,2026-06-30 12:35:17.324363+00:00,2026-06-30 12:36:00.979399+00:00,1,M1-G-4,4,,False,False,43.655036
ses_20260630-121953-LAPTOP-R36BQBTE,J,支払処理,finance,,PM-175009-003,2026-06-30 12:36:00.981445+00:00,2026-06-30 12:36:28.932883+00:00,1,M1-J-3,3,,False,False,27.951438
ses_20260630-121953-LAPTOP-R36BQBTE,O,返品処理,ops,,RET-175009-001,2026-06-30 12:36:28.936570+00:00,2026-06-30 12:37:00.192122+00:00,1,M1-O-1,1,,False,False,31.255552
ses_20260630-121953-LAPTOP-R36BQBTE,E,入社照合・手当確認,hr,,OB-175009-002,2026-06-30 12:37:00.195233+00:00,2026-06-30 12:37:29.052665+00:00,1,M1-E-2,2,,False,False,28.857432
ses_20260630-121953-LAPTOP-R36BQBTE,C,育児・産休申請確認,hr,,LA-175009-004,2026-06-30 12:37:29.054797+00:00,2026-06-30 12:38:09.952572+00:00,1,M1-C-4,4,,False,False,40.897775
ses_20260630-121953-LAPTOP-R36BQBTE,E,入社照合・手当確認,hr,,OB-175009-003,2026-06-30 12:38:09.955157+00:00,2026-06-30 12:39:10.883173+00:00,1,M1-E-3,3,,False,False,60.928016
ses_20260630-121953-LAPTOP-R36BQBTE,O,返品処理,ops,,RET-175009-002,2026-06-30 12:39:10.886250+00:00,,1,M1-O-2,2,,False,False,
ses_20260630-121953-LAPTOP-R36BQBTE,O,返品処理,ops,,RET-175009-003,2026-06-30 12:40:55.675988+00:00,2026-06-30 12:41:30.423107+00:00,1,M1-O-3,3,,False,False,34.747119
ses_20260630-124826-CHAITANYA0BCF,M,仕入先連絡,ops,,SUP-181750-001,2026-06-30 12:49:20.542539+00:00,2026-06-30 12:49:59.457850+00:00,1,M1-M-1,1,,False,False,38.915311
ses_20260630-124826-CHAITANYA0BCF,K,受注処理,ops,std,ORD-181750-001,2026-06-30 12:49:59.457850+00:00,2026-06-30 12:51:00.762014+00:00,1,M1-K-1,1,,True,True,61.304164
ses_20260630-124826-CHAITANYA0BCF,F,請求書承認,finance,std,INV-181750-001,2026-06-30 12:51:00.763588+00:00,2026-06-30 12:51:26.235750+00:00,1,M1-F-1,1,,False,False,25.472162
ses_20260630-124826-CHAITANYA0BCF,N,出荷追跡,ops,,SHP-181750-001,2026-06-30 12:51:26.236396+00:00,2026-06-30 12:52:07.674203+00:00,1,M1-N-1,1,,False,False,41.437807
ses_20260630-124826-CHAITANYA0BCF,K,受注処理,ops,std,ORD-181750-002,2026-06-30 12:52:07.674203+00:00,2026-06-30 12:52:34.698697+00:00,1,M1-K-2,2,,False,False,27.024494
ses_20260630-124826-CHAITANYA0BCF,L,在庫調整,ops,reg,STK-181750-001,2026-06-30 12:53:14.540471+00:00,2026-06-30 12:53:36.360765+00:00,1,M1-L-1,1,,False,False,21.820294
ses_20260630-124826-CHAITANYA0BCF,G,経費精算承認,finance,reg,EXP-181750-001,2026-06-30 12:53:36.360765+00:00,,1,M1-G-1,1,,False,False,
ses_20260630-124826-CHAITANYA0BCF,G,経費精算承認,finance,reg,EXP-181750-002,2026-06-30 12:54:00.352665+00:00,,1,M1-G-2,2,,False,False,
ses_20260630-124826-CHAITANYA0BCF,G,経費精算承認,finance,reg,EXP-181750-003,2026-06-30 12:54:23.490214+00:00,2026-06-30 12:54:46.769224+00:00,1,M1-G-3,3,,False,False,23.27901
ses_20260630-124826-CHAITANYA0BCF,L,在庫調整,ops,reg,STK-181750-002,2026-06-30 12:54:46.769754+00:00,2026-06-30 12:55:12.501775+00:00,1,M1-L-2,2,,False,False,25.732021
ses_20260630-124826-CHAITANYA0BCF,I,予算差異分析,finance,,BV-181750-001,2026-06-30 12:55:12.503326+00:00,2026-06-30 12:56:37.984807+00:00,1,M1-I-1,1,,False,False,85.481481
ses_20260630-124826-CHAITANYA0BCF,A,住民税通知確認,hr,std,RT-181750-001,2026-06-30 12:56:37.985328+00:00,2026-06-30 12:57:06.250845+00:00,1,M1-A-1,1,,False,False,28.265517
ses_20260630-124826-CHAITANYA0BCF,F,請求書承認,finance,std,INV-181750-002,2026-06-30 12:57:06.251582+00:00,2026-06-30 12:57:36.500900+00:00,1,M1-F-2,2,,False,False,30.249318
ses_20260630-124826-CHAITANYA0BCF,A,住民税通知確認,hr,std,RT-181750-002,2026-06-30 12:57:36.502358+00:00,2026-06-30 12:58:05.919716+00:00,1,M1-A-2,2,,False,False,29.417358
ses_20260630-124826-CHAITANYA0BCF,L,在庫調整,ops,reg,STK-181750-003,2026-06-30 12:58:05.920400+00:00,2026-06-30 12:58:29.457646+00:00,1,M1-L-3,3,,False,False,23.537246
ses_20260630-124826-CHAITANYA0BCF,I,予算差異分析,finance,,BV-181750-002,2026-06-30 12:58:29.459235+00:00,2026-06-30 12:59:29.547686+00:00,1,M1-I-2,2,,False,False,60.088451
ses_20260630-124826-CHAITANYA0BCF,N,出荷追跡,ops,,SHP-181750-002,2026-06-30 12:59:29.548712+00:00,2026-06-30 13:00:02.755949+00:00,1,M1-N-2,2,,False,False,33.207237
ses_20260630-124826-CHAITANYA0BCF,M,仕入先連絡,ops,,SUP-181750-002,2026-06-30 13:00:02.755949+00:00,2026-06-30 13:00:35.677911+00:00,1,M1-M-2,2,,False,False,32.921962
ses_20260630-124826-CHAITANYA0BCF,F,請求書承認,finance,std,INV-181750-003,2026-06-30 13:00:35.677911+00:00,2026-06-30 13:01:02.003236+00:00,1,M1-F-3,3,,False,False,26.325325
ses_20260630-124826-CHAITANYA0BCF,A,住民税通知確認,hr,std,RT-181750-003,2026-06-30 13:01:02.003766+00:00,2026-06-30 13:01:27.658080+00:00,1,M1-A-3,3,,False,False,25.654314
ses_20260630-124826-CHAITANYA0BCF,I,予算差異分析,finance,,BV-181750-003,2026-06-30 13:01:27.658080+00:00,2026-06-30 13:02:42.184502+00:00,1,M1-I-3,3,,False,False,74.526422
ses_20260630-124826-CHAITANYA0BCF,K,受注処理,ops,std,ORD-181750-003,2026-06-30 13:02:42.188884+00:00,2026-06-30 13:04:02.382708+00:00,2,M1-K-3,3,M1-K-split-1,False,False,80.193824
ses_20260630-124826-CHAITANYA0BCF,A,住民税通知確認,hr,exc,RT-181750-004,2026-06-30 13:04:02.385933+00:00,2026-06-30 13:04:31.961222+00:00,1,M1-A-4,4,,False,False,29.575289
ses_20260630-124826-CHAITANYA0BCF,E,入社照合・手当確認,hr,,OB-181750-001,2026-06-30 13:04:31.962158+00:00,2026-06-30 13:05:00.428951+00:00,1,M1-E-1,1,,False,False,28.466793
ses_20260630-124826-CHAITANYA0BCF,M,仕入先連絡,ops,,SUP-181750-003,2026-06-30 13:05:00.429287+00:00,2026-06-30 13:05:34.603917+00:00,1,M1-M-3,3,,False,False,34.17463
ses_20260630-124826-CHAITANYA0BCF,A,住民税通知確認,hr,exc,RT-181750-005,2026-06-30 13:05:34.605486+00:00,2026-06-30 13:05:59.044743+00:00,1,M1-A-5,5,,False,False,24.439257
ses_20260630-124826-CHAITANYA0BCF,M,仕入先連絡,ops,,SUP-181750-004,2026-06-30 13:05:59.044743+00:00,2026-06-30 13:06:36.467639+00:00,1,M1-M-4,4,,False,False,37.422896
ses_20260630-124826-CHAITANYA0BCF,D,社保・年金補正対応,hr,,SI-181750-001,2026-06-30 13:06:36.467639+00:00,2026-06-30 13:07:15.665985+00:00,1,M1-D-1,1,,False,False,39.198346
ses_20260630-124826-CHAITANYA0BCF,F,請求書承認,finance,exc,INV-181750-004,2026-06-30 13:07:15.667039+00:00,2026-06-30 13:07:39.697559+00:00,1,M1-F-4,4,,False,False,24.03052
ses_20260630-124826-CHAITANYA0BCF,N,出荷追跡,ops,,SHP-181750-003,2026-06-30 13:07:39.698197+00:00,2026-06-30 13:08:53.134774+00:00,1,M1-N-3,3,,False,False,73.436577
ses_20260630-124826-CHAITANYA0BCF,D,社保・年金補正対応,hr,,SI-181750-002,2026-06-30 13:08:53.136423+00:00,,1,M1-D-2,2,,False,False,
ses_20260630-124826-CHAITANYA0BCF,D,社保・年金補正対応,hr,,SI-181750-003,2026-06-30 13:09:32.741170+00:00,2026-06-30 13:10:07.950426+00:00,1,M1-D-3,3,,False,False,35.209256
ses_20260630-124826-CHAITANYA0BCF,E,入社照合・手当確認,hr,,OB-181750-002,2026-06-30 13:10:07.950426+00:00,,1,M1-E-2,2,,False,False,
ses_20260630-124826-CHAITANYA0BCF,E,入社照合・手当確認,hr,,OB-181750-003,2026-06-30 13:10:36.134532+00:00,2026-06-30 13:11:14.178454+00:00,1,M1-E-3,3,,False,False,38.043922
ses_20260630-125757-LAPTOP-R36BQBTE,K,受注処理,ops,std,ORD-182807-001,2026-06-30 12:59:09.824450+00:00,2026-06-30 12:59:33.418026+00:00,1,M1-K-1,1,,False,False,23.593576
ses_20260630-125757-LAPTOP-R36BQBTE,C,育児・産休申請確認,hr,,LA-182807-001,2026-06-30 12:59:33.421078+00:00,2026-06-30 13:00:15.633511+00:00,1,M1-C-1,1,,False,False,42.212433
ses_20260630-125757-LAPTOP-R36BQBTE,N,出荷追跡,ops,,SHP-182807-001,2026-06-30 13:00:15.635048+00:00,,1,M1-N-1,1,,False,False,
ses_20260630-125757-LAPTOP-R36BQBTE,N,出荷追跡,ops,,SHP-182807-002,2026-06-30 13:00:50.946388+00:00,2026-06-30 13:01:28.835057+00:00,1,M1-N-2,2,,False,False,37.888669
ses_20260630-125757-LAPTOP-R36BQBTE,C,育児・産休申請確認,hr,,LA-182807-002,2026-06-30 13:01:28.836435+00:00,,1,M1-C-2,2,,False,False,
ses_20260630-125757-LAPTOP-R36BQBTE,C,育児・産休申請確認,hr,,LA-182807-003,2026-06-30 13:02:02.857613+00:00,2026-06-30 13:03:40.728677+00:00,1,M1-C-3,3,,False,False,97.871064
ses_20260630-125757-LAPTOP-R36BQBTE,J,支払処理,finance,,PM-182807-001,2026-06-30 13:03:40.732331+00:00,2026-06-30 13:04:10.879433+00:00,1,M1-J-1,1,,False,False,30.147102
ses_20260630-125757-LAPTOP-R36BQBTE,L,在庫調整,ops,reg,STK-182807-001,2026-06-30 13:04:10.881436+00:00,,1,M1-L-1,1,,False,False,
ses_20260630-125757-LAPTOP-R36BQBTE,L,在庫調整,ops,reg,STK-182807-002,2026-06-30 13:05:15.621590+00:00,2026-06-30 13:05:32.449371+00:00,1,M1-L-2,2,,False,False,16.827781
ses_20260630-125757-LAPTOP-R36BQBTE,C,育児・産休申請確認,hr,,LA-182807-004,2026-06-30 13:06:09.223270+00:00,2026-06-30 13:06:50.416068+00:00,1,M1-C-4,4,,False,False,41.192798
ses_20260630-125757-LAPTOP-R36BQBTE,D,社保・年金補正対応,hr,,SI-182807-001,2026-06-30 13:06:50.418113+00:00,,1,M1-D-1,1,,False,False,
ses_20260630-125757-LAPTOP-R36BQBTE,D,社保・年金補正対応,hr,,SI-182807-002,2026-06-30 13:07:26.585042+00:00,2026-06-30 13:08:05.516567+00:00,1,M1-D-2,2,,False,False,38.931525
ses_20260630-125757-LAPTOP-R36BQBTE,K,受注処理,ops,std,ORD-182807-002,2026-06-30 13:08:05.519912+00:00,2026-06-30 13:08:33.352999+00:00,1,M1-K-2,2,,False,False,27.833087
ses_20260630-125757-LAPTOP-R36BQBTE,H,銀行勘定照合,finance,,BR-182807-001,2026-06-30 13:08:41.128383+00:00,2026-06-30 13:09:08.228338+00:00,1,M1-H-1,1,,False,False,27.099955
ses_20260630-125757-LAPTOP-R36BQBTE,O,返品処理,ops,,RET-182807-001,2026-06-30 13:09:08.229849+00:00,2026-06-30 13:09:34.234058+00:00,1,M1-O-1,1,,True,True,26.004209
ses_20260630-125757-LAPTOP-R36BQBTE,D,社保・年金補正対応,hr,,SI-182807-003,2026-06-30 13:09:34.236096+00:00,2026-06-30 13:10:16.352895+00:00,1,M1-D-3,3,,False,False,42.116799
ses_20260630-125757-LAPTOP-R36BQBTE,H,銀行勘定照合,finance,,BR-182807-002,2026-06-30 13:10:16.355950+00:00,2026-06-30 13:10:46.532576+00:00,1,M1-H-2,2,,False,False,30.176626
ses_20260630-125757-LAPTOP-R36BQBTE,L,在庫調整,ops,reg,STK-182807-003,2026-06-30 13:10:46.534625+00:00,2026-06-30 13:11:38.082832+00:00,2,M1-L-3,3,M1-L-split-1,False,False,51.548207
ses_20260630-125757-LAPTOP-R36BQBTE,N,出荷追跡,ops,,SHP-182807-003,2026-06-30 13:11:38.085860+00:00,2026-06-30 13:12:16.784438+00:00,1,M1-N-3,3,,False,False,38.698578
ses_20260630-125757-LAPTOP-R36BQBTE,H,銀行勘定照合,finance,,BR-182807-003,2026-06-30 13:12:16.787510+00:00,2026-06-30 13:12:43.067740+00:00,1,M1-H-3,3,,False,False,26.28023
ses_20260630-125757-LAPTOP-R36BQBTE,K,受注処理,ops,std,ORD-182807-003,2026-06-30 13:12:43.070806+00:00,2026-06-30 13:13:13.148565+00:00,2,M1-K-3,3,M1-K-split-1,False,False,30.077759
ses_20260630-125757-LAPTOP-R36BQBTE,L,在庫調整,ops,adj,STK-182807-004,2026-06-30 13:13:13.150602+00:00,2026-06-30 13:14:13.154768+00:00,2,M1-L-4,4,M1-L-split-1,False,False,60.004166
ses_20260630-125757-LAPTOP-R36BQBTE,J,支払処理,finance,,PM-182807-002,2026-06-30 13:14:13.158356+00:00,,1,M1-J-2,2,,False,False,
ses_20260630-125757-LAPTOP-R36BQBTE,J,支払処理,finance,,PM-182807-003,2026-06-30 13:14:37.378581+00:00,2026-06-30 13:15:01.738035+00:00,1,M1-J-3,3,,False,False,24.359454
ses_20260630-125757-LAPTOP-R36BQBTE,O,返品処理,ops,,RET-182807-002,2026-06-30 13:15:01.741101+00:00,,1,M1-O-2,2,,False,False,
ses_20260630-125757-LAPTOP-R36BQBTE,O,返品処理,ops,,RET-182807-003,2026-06-30 13:15:30.063273+00:00,2026-06-30 13:16:00.610607+00:00,1,M1-O-3,3,,False,False,30.547334
ses_20260630-131729-CHAITANYA0BCF,D,社保・年金補正対応,hr,,SI-184607-001,2026-06-30 13:18:24.273524+00:00,,1,M1-D-1,1,,False,False,
ses_20260630-131729-CHAITANYA0BCF,D,社保・年金補正対応,hr,,SI-184607-002,2026-06-30 13:19:25.384441+00:00,2026-06-30 13:19:54.657895+00:00,1,M1-D-2,2,,False,False,29.273454
ses_20260630-131729-CHAITANYA0BCF,O,返品処理,ops,,RET-184607-001,2026-06-30 13:19:54.659454+00:00,,1,M1-O-1,1,,False,False,
ses_20260630-131729-CHAITANYA0BCF,O,返品処理,ops,,RET-184607-002,2026-06-30 13:20:23.380766+00:00,2026-06-30 13:20:50.760049+00:00,1,M1-O-2,2,,False,False,27.379283
ses_20260630-131729-CHAITANYA0BCF,E,入社照合・手当確認,hr,,OB-184607-001,2026-06-30 13:20:50.760049+00:00,2026-06-30 13:21:20.805064+00:00,1,M1-E-1,1,,False,False,30.045015
ses_20260630-131729-CHAITANYA0BCF,D,社保・年金補正対応,hr,,SI-184607-003,2026-06-30 13:21:20.805064+00:00,2026-06-30 13:21:54.801633+00:00,1,M1-D-3,3,,False,False,33.996569
ses_20260630-131729-CHAITANYA0BCF,O,返品処理,ops,,RET-184607-003,2026-06-30 13:21:54.802166+00:00,2026-06-30 13:22:20.846324+00:00,1,M1-O-3,3,,False,False,26.044158
ses_20260630-131729-CHAITANYA0BCF,L,在庫調整,ops,reg,STK-184607-001,2026-06-30 13:22:20.847157+00:00,2026-06-30 13:22:39.092336+00:00,1,M1-L-1,1,,False,False,18.245179
ses_20260630-131729-CHAITANYA0BCF,G,経費精算承認,finance,reg,EXP-184607-001,2026-06-30 13:22:39.092911+00:00,2026-06-30 13:22:59.455077+00:00,1,M1-G-1,1,,False,False,20.362166
ses_20260630-131729-CHAITANYA0BCF,C,育児・産休申請確認,hr,,LA-184607-001,2026-06-30 13:22:59.456628+00:00,,1,M1-C-1,1,,False,False,
ses_20260630-131729-CHAITANYA0BCF,C,育児・産休申請確認,hr,,LA-184607-002,2026-06-30 13:23:41.819703+00:00,2026-06-30 13:24:40.896738+00:00,1,M1-C-2,2,,False,False,59.077035
ses_20260630-131729-CHAITANYA0BCF,L,在庫調整,ops,reg,STK-184607-002,2026-06-30 13:24:40.899940+00:00,2026-06-30 13:25:03.834276+00:00,1,M1-L-2,2,,False,False,22.934336
ses_20260630-131729-CHAITANYA0BCF,C,育児・産休申請確認,hr,,LA-184607-003,2026-06-30 13:25:18.577822+00:00,2026-06-30 13:25:53.669680+00:00,1,M1-C-3,3,,False,False,35.091858
ses_20260630-131729-CHAITANYA0BCF,M,仕入先連絡,ops,,SUP-184607-001,2026-06-30 13:25:53.671226+00:00,2026-06-30 13:26:32.584392+00:00,1,M1-M-1,1,,False,False,38.913166
ses_20260630-131729-CHAITANYA0BCF,C,育児・産休申請確認,hr,,LA-184607-004,2026-06-30 13:26:32.584392+00:00,2026-06-30 13:27:09.915177+00:00,1,M1-C-4,4,,False,False,37.330785
ses_20260630-131729-CHAITANYA0BCF,L,在庫調整,ops,reg,STK-184607-003,2026-06-30 13:27:09.916740+00:00,2026-06-30 13:27:35.166911+00:00,2,M1-L-3,3,M1-L-split-1,False,False,25.250171
ses_20260630-131729-CHAITANYA0BCF,M,仕入先連絡,ops,,SUP-184607-002,2026-06-30 13:27:35.167595+00:00,2026-06-30 13:28:07.352633+00:00,1,M1-M-2,2,,False,False,32.185038
ses_20260630-131729-CHAITANYA0BCF,L,在庫調整,ops,adj,STK-184607-004,2026-06-30 13:28:07.352633+00:00,2026-06-30 13:28:30.801229+00:00,2,M1-L-4,4,M1-L-split-1,True,True,23.448596
ses_20260630-131729-CHAITANYA0BCF,G,経費精算承認,finance,reg,EXP-184607-002,2026-06-30 13:28:30.802738+00:00,,1,M1-G-2,2,,False,False,
ses_20260630-131729-CHAITANYA0BCF,G,経費精算承認,finance,reg,EXP-184607-003,2026-06-30 13:30:07.252528+00:00,,1,M1-G-3,3,,False,False,
ses_20260630-131729-CHAITANYA0BCF,G,経費精算承認,finance,adj,EXP-184607-004,2026-06-30 13:32:09.328696+00:00,2026-06-30 13:32:35.152036+00:00,1,M1-G-4,4,,False,False,25.82334
ses_20260630-131729-CHAITANYA0BCF,E,入社照合・手当確認,hr,,OB-184607-002,2026-06-30 13:32:35.154130+00:00,2026-06-30 13:33:02.455872+00:00,1,M1-E-2,2,,False,False,27.301742
ses_20260630-131729-CHAITANYA0BCF,N,出荷追跡,ops,,SHP-184607-001,2026-06-30 13:33:02.458006+00:00,2026-06-30 13:33:39.982782+00:00,1,M1-N-1,1,,False,False,37.524776
ses_20260630-131729-CHAITANYA0BCF,E,入社照合・手当確認,hr,,OB-184607-003,2026-06-30 13:33:39.984366+00:00,2026-06-30 13:34:08.448240+00:00,1,M1-E-3,3,,False,False,28.463874
ses_20260630-131729-CHAITANYA0BCF,M,仕入先連絡,ops,,SUP-184607-003,2026-06-30 13:34:08.448240+00:00,,1,M1-M-3,3,,False,False,
ses_20260630-131729-CHAITANYA0BCF,M,仕入先連絡,ops,,SUP-184607-004,2026-06-30 13:34:49.556892+00:00,2026-06-30 13:35:27.438364+00:00,1,M1-M-4,4,,False,False,37.881472
ses_20260630-131729-CHAITANYA0BCF,N,出荷追跡,ops,,SHP-184607-002,2026-06-30 13:35:27.440038+00:00,,1,M1-N-2,2,,False,False,
ses_20260630-131729-CHAITANYA0BCF,N,出荷追跡,ops,,SHP-184607-003,2026-06-30 13:36:05.088473+00:00,2026-06-30 13:36:57.335139+00:00,1,M1-N-3,3,,False,False,52.246666
ses_20260630-132737-LAPTOP-R36BQBTE,F,請求書承認,finance,std,INV-185754-001,2026-06-30 13:28:56.338260+00:00,2026-06-30 13:29:26.197821+00:00,1,M1-F-1,1,,False,False,29.859561
ses_20260630-132737-LAPTOP-R36BQBTE,E,入社照合・手当確認,hr,,OB-185754-001,2026-06-30 13:29:26.200469+00:00,2026-06-30 13:29:55.558351+00:00,1,M1-E-1,1,,False,False,29.357882
ses_20260630-132737-LAPTOP-R36BQBTE,C,育児・産休申請確認,hr,,LA-185754-001,2026-06-30 13:29:55.560997+00:00,,1,M1-C-1,1,,False,False,
ses_20260630-132737-LAPTOP-R36BQBTE,C,育児・産休申請確認,hr,,LA-185754-002,2026-06-30 13:30:31.323337+00:00,2026-06-30 13:31:11.132559+00:00,1,M1-C-2,2,,False,False,39.809222
ses_20260630-132737-LAPTOP-R36BQBTE,B,給与備考・控除整備,hr,reg,PI-185754-001,2026-06-30 13:31:11.135341+00:00,2026-06-30 13:31:58.624041+00:00,1,M1-B-1,1,,False,False,47.4887
ses_20260630-132737-LAPTOP-R36BQBTE,D,社保・年金補正対応,hr,,SI-185754-001,2026-06-30 13:31:58.625568+00:00,2026-06-30 13:34:14.177451+00:00,1,M1-D-1,1,,True,True,135.551883
ses_20260630-132737-LAPTOP-R36BQBTE,H,銀行勘定照合,finance,,BR-185754-001,2026-06-30 13:34:14.180551+00:00,2026-06-30 13:34:45.260085+00:00,1,M1-H-1,1,,False,False,31.079534
ses_20260630-132737-LAPTOP-R36BQBTE,B,給与備考・控除整備,hr,reg,PI-185754-002,2026-06-30 13:34:45.262682+00:00,2026-06-30 13:35:09.644561+00:00,1,M1-B-2,2,,False,False,24.381879
ses_20260630-132737-LAPTOP-R36BQBTE,F,請求書承認,finance,std,INV-185754-002,2026-06-30 13:35:46.354209+00:00,2026-06-30 13:36:16.880954+00:00,1,M1-F-2,2,,False,False,30.526745
ses_20260630-132737-LAPTOP-R36BQBTE,C,育児・産休申請確認,hr,,LA-185754-003,2026-06-30 13:36:16.883099+00:00,2026-06-30 13:36:56.514549+00:00,1,M1-C-3,3,,False,False,39.63145
ses_20260630-132737-LAPTOP-R36BQBTE,F,請求書承認,finance,std,INV-185754-003,2026-06-30 13:36:56.517617+00:00,2026-06-30 13:37:24.991225+00:00,1,M1-F-3,3,,False,False,28.473608
ses_20260630-132737-LAPTOP-R36BQBTE,C,育児・産休申請確認,hr,,LA-185754-004,2026-06-30 13:37:24.994193+00:00,2026-06-30 13:38:07.653240+00:00,1,M1-C-4,4,,False,False,42.659047
ses_20260630-132737-LAPTOP-R36BQBTE,A,住民税通知確認,hr,std,RT-185754-001,2026-06-30 13:38:07.655287+00:00,2026-06-30 13:38:33.628027+00:00,1,M1-A-1,1,,False,False,25.97274
ses_20260630-132737-LAPTOP-R36BQBTE,E,入社照合・手当確認,hr,,OB-185754-002,2026-06-30 13:38:33.630586+00:00,2026-06-30 13:39:01.030280+00:00,1,M1-E-2,2,,False,False,27.399694
ses_20260630-132737-LAPTOP-R36BQBTE,O,返品処理,ops,,RET-185754-001,2026-06-30 13:39:01.033890+00:00,2026-06-30 13:40:35.457777+00:00,1,M1-O-1,1,,False,False,94.423887
ses_20260630-132737-LAPTOP-R36BQBTE,D,社保・年金補正対応,hr,,SI-185754-002,2026-06-30 13:40:35.460829+00:00,2026-06-30 13:41:11.400703+00:00,1,M1-D-2,2,,False,False,35.939874
ses_20260630-132737-LAPTOP-R36BQBTE,A,住民税通知確認,hr,std,RT-185754-002,2026-06-30 13:41:11.403251+00:00,2026-06-30 13:41:33.404322+00:00,1,M1-A-2,2,,False,False,22.001071
ses_20260630-132737-LAPTOP-R36BQBTE,O,返品処理,ops,,RET-185754-002,2026-06-30 13:41:35.005117+00:00,2026-06-30 13:42:04.744159+00:00,1,M1-O-2,2,,False,False,29.739042
ses_20260630-132737-LAPTOP-R36BQBTE,D,社保・年金補正対応,hr,,SI-185754-003,2026-06-30 13:42:04.747215+00:00,2026-06-30 13:42:45.253811+00:00,1,M1-D-3,3,,False,False,40.506596
ses_20260630-132737-LAPTOP-R36BQBTE,O,返品処理,ops,,RET-185754-003,2026-06-30 13:42:45.257525+00:00,2026-06-30 13:43:15.341031+00:00,1,M1-O-3,3,,False,False,30.083506
ses_20260630-132737-LAPTOP-R36BQBTE,B,給与備考・控除整備,hr,reg,PI-185754-003,2026-06-30 13:43:15.344098+00:00,2026-06-30 13:44:14.125167+00:00,2,M1-B-3,3,M1-B-split-1,False,False,58.781069
ses_20260630-132737-LAPTOP-R36BQBTE,A,住民税通知確認,hr,std,RT-185754-003,2026-06-30 13:44:14.126700+00:00,2026-06-30 13:44:42.556130+00:00,2,M1-A-3,3,M1-A-split-1,False,False,28.42943
ses_20260630-132737-LAPTOP-R36BQBTE,B,給与備考・控除整備,hr,adj,PI-185754-004,2026-06-30 13:44:42.559148+00:00,2026-06-30 13:45:51.700041+00:00,2,M1-B-4,4,M1-B-split-1,False,False,69.140893
ses_20260630-132737-LAPTOP-R36BQBTE,H,銀行勘定照合,finance,,BR-185754-002,2026-06-30 13:45:51.703095+00:00,,1,M1-H-2,2,,False,False,
ses_20260630-132737-LAPTOP-R36BQBTE,H,銀行勘定照合,finance,,BR-185754-003,2026-06-30 13:46:15.908221+00:00,2026-06-30 13:46:42.685307+00:00,1,M1-H-3,3,,False,False,26.777086
ses_20260630-132737-LAPTOP-R36BQBTE,E,入社照合・手当確認,hr,,OB-185754-003,2026-06-30 13:46:42.687373+00:00,2026-06-30 13:47:10.575067+00:00,1,M1-E-3,3,,False,False,27.887694
ses_20260630-132737-LAPTOP-R36BQBTE,H,銀行勘定照合,finance,,BR-185754-004,2026-06-30 13:47:10.577670+00:00,2026-06-30 13:47:57.334182+00:00,1,M1-H-4,4,,False,False,46.756512
ses_20260630-135201-LAPTOP-R36BQBTE,O,返品処理,ops,,RET-192210-001,2026-06-30 13:53:12.251131+00:00,,1,M1-O-1,1,,False,False,
ses_20260630-135201-LAPTOP-R36BQBTE,O,返品処理,ops,,RET-192210-002,2026-06-30 13:53:42.872986+00:00,2026-06-30 13:54:10.700758+00:00,1,M1-O-2,2,,False,False,27.827772
ses_20260630-135201-LAPTOP-R36BQBTE,I,予算差異分析,finance,,BV-192210-001,2026-06-30 13:54:10.701776+00:00,2026-06-30 13:55:19.743348+00:00,1,M1-I-1,1,,False,False,69.041572
ses_20260630-135201-LAPTOP-R36BQBTE,L,在庫調整,ops,reg,STK-192210-001,2026-06-30 13:55:19.746417+00:00,2026-06-30 13:56:05.079580+00:00,1,M1-L-1,1,,False,False,45.333163
ses_20260630-135201-LAPTOP-R36BQBTE,K,受注処理,ops,std,ORD-192210-001,2026-06-30 13:56:05.081111+00:00,2026-06-30 13:56:31.921007+00:00,1,M1-K-1,1,,False,False,26.839896
ses_20260630-135201-LAPTOP-R36BQBTE,C,育児・産休申請確認,hr,,LA-192210-001,2026-06-30 13:56:31.922543+00:00,,1,M1-C-1,1,,False,False,
ses_20260630-135201-LAPTOP-R36BQBTE,C,育児・産休申請確認,hr,,LA-192210-002,2026-06-30 13:59:08.851070+00:00,2026-06-30 13:59:45.153410+00:00,1,M1-C-2,2,,False,False,36.30234
ses_20260630-135201-LAPTOP-R36BQBTE,K,受注処理,ops,std,ORD-192210-002,2026-06-30 13:59:45.155567+00:00,2026-06-30 14:00:07.754357+00:00,1,M1-K-2,2,,False,False,22.59879
ses_20260630-135201-LAPTOP-R36BQBTE,B,給与備考・控除整備,hr,reg,PI-192210-001,2026-06-30 14:00:07.757921+00:00,2026-06-30 14:00:32.256630+00:00,1,M1-B-1,1,,False,False,24.498709
ses_20260630-135201-LAPTOP-R36BQBTE,L,在庫調整,ops,reg,STK-192210-002,2026-06-30 14:00:32.259681+00:00,2026-06-30 14:00:55.279447+00:00,1,M1-L-2,2,,False,False,23.019766
ses_20260630-135201-LAPTOP-R36BQBTE,B,給与備考・控除整備,hr,reg,PI-192210-002,2026-06-30 14:00:56.559090+00:00,2026-06-30 14:01:19.144670+00:00,1,M1-B-2,2,,False,False,22.58558
ses_20260630-135201-LAPTOP-R36BQBTE,C,育児・産休申請確認,hr,,LA-192210-003,2026-06-30 14:01:21.145451+00:00,2026-06-30 14:01:56.973960+00:00,1,M1-C-3,3,,False,False,35.828509
ses_20260630-135201-LAPTOP-R36BQBTE,I,予算差異分析,finance,,BV-192210-002,2026-06-30 14:01:56.977023+00:00,,1,M1-I-2,2,,False,False,
ses_20260630-135201-LAPTOP-R36BQBTE,I,予算差異分析,finance,,BV-192210-003,2026-06-30 14:03:06.124315+00:00,2026-06-30 14:04:02.585801+00:00,1,M1-I-3,3,,True,True,56.461486
ses_20260630-135201-LAPTOP-R36BQBTE,G,経費精算承認,finance,reg,EXP-192210-001,2026-06-30 14:04:02.588865+00:00,2026-06-30 14:04:29.724825+00:00,1,M1-G-1,1,,False,False,27.13596
ses_20260630-135201-LAPTOP-R36BQBTE,D,社保・年金補正対応,hr,,SI-192210-001,2026-06-30 14:04:29.727869+00:00,2026-06-30 14:05:24.173462+00:00,1,M1-D-1,1,,False,False,54.445593
ses_20260630-135201-LAPTOP-R36BQBTE,L,在庫調整,ops,reg,STK-192210-003,2026-06-30 14:05:24.176528+00:00,2026-06-30 14:05:48.499092+00:00,2,M1-L-3,3,M1-L-split-1,False,False,24.322564
ses_20260630-135201-LAPTOP-R36BQBTE,K,受注処理,ops,std,ORD-192210-003,2026-06-30 14:05:48.501128+00:00,2026-06-30 14:06:29.938514+00:00,1,M1-K-3,3,,False,False,41.437386
ses_20260630-135201-LAPTOP-R36BQBTE,L,在庫調整,ops,adj,STK-192210-004,2026-06-30 14:06:29.941087+00:00,2026-06-30 14:07:11.473001+00:00,2,M1-L-4,4,M1-L-split-1,False,False,41.531914
ses_20260630-135201-LAPTOP-R36BQBTE,G,経費精算承認,finance,reg,EXP-192210-002,2026-06-30 14:07:11.476070+00:00,2026-06-30 14:07:33.221804+00:00,1,M1-G-2,2,,False,False,21.745734
ses_20260630-135201-LAPTOP-R36BQBTE,O,返品処理,ops,,RET-192210-003,2026-06-30 14:07:33.224316+00:00,2026-06-30 14:08:01.056624+00:00,1,M1-O-3,3,,False,False,27.832308
ses_20260630-135201-LAPTOP-R36BQBTE,K,受注処理,ops,exc,ORD-192210-004,2026-06-30 14:08:01.058656+00:00,2026-06-30 14:08:23.612452+00:00,1,M1-K-4,4,,False,False,22.553796
ses_20260630-135201-LAPTOP-R36BQBTE,B,給与備考・控除整備,hr,reg,PI-192210-003,2026-06-30 14:08:23.615732+00:00,2026-06-30 14:08:48.611796+00:00,2,M1-B-3,3,M1-B-split-1,False,False,24.996064
ses_20260630-135201-LAPTOP-R36BQBTE,D,社保・年金補正対応,hr,,SI-192210-002,2026-06-30 14:08:48.615227+00:00,,1,M1-D-2,2,,False,False,
ses_20260630-135201-LAPTOP-R36BQBTE,D,社保・年金補正対応,hr,,SI-192210-003,2026-06-30 14:09:27.948771+00:00,2026-06-30 14:11:10.713744+00:00,1,M1-D-3,3,,False,False,102.764973
ses_20260630-135201-LAPTOP-R36BQBTE,G,経費精算承認,finance,reg,EXP-192210-003,2026-06-30 14:11:10.716869+00:00,2026-06-30 14:11:35.337425+00:00,1,M1-G-3,3,,False,False,24.620556
ses_20260630-135201-LAPTOP-R36BQBTE,K,受注処理,ops,exc,ORD-192210-005,2026-06-30 14:11:35.340033+00:00,2026-06-30 14:12:05.457354+00:00,1,M1-K-5,5,,False,False,30.117321
ses_20260630-135201-LAPTOP-R36BQBTE,G,経費精算承認,finance,adj,EXP-192210-004,2026-06-30 14:12:05.460958+00:00,2026-06-30 14:12:41.084977+00:00,1,M1-G-4,4,,False,False,35.624019
ses_20260630-135451-CHAITANYA0BCF,H,銀行勘定照合,finance,,BR-191840-001,2026-06-30 13:55:44.970707+00:00,2026-06-30 13:56:09.833748+00:00,1,M1-H-1,1,,False,False,24.863041
ses_20260630-135451-CHAITANYA0BCF,J,支払処理,finance,,PM-191840-001,2026-06-30 13:56:09.835467+00:00,2026-06-30 13:56:34.355095+00:00,1,M1-J-1,1,,False,False,24.519628
ses_20260630-135451-CHAITANYA0BCF,M,仕入先連絡,ops,,SUP-191840-001,2026-06-30 13:56:34.356133+00:00,2026-06-30 13:57:14.479862+00:00,1,M1-M-1,1,,False,False,40.123729
ses_20260630-135451-CHAITANYA0BCF,N,出荷追跡,ops,,SHP-191840-001,2026-06-30 13:57:14.494114+00:00,2026-06-30 13:57:51.583264+00:00,1,M1-N-1,1,,False,False,37.08915
ses_20260630-135451-CHAITANYA0BCF,M,仕入先連絡,ops,,SUP-191840-002,2026-06-30 13:57:51.585847+00:00,2026-06-30 13:58:57.815959+00:00,1,M1-M-2,2,,False,False,66.230112
ses_20260630-135451-CHAITANYA0BCF,F,請求書承認,finance,std,INV-191840-001,2026-06-30 13:58:57.815959+00:00,,1,M1-F-1,1,,False,False,
ses_20260630-135451-CHAITANYA0BCF,F,請求書承認,finance,std,INV-191840-002,2026-06-30 13:59:25.875718+00:00,2026-06-30 13:59:49.669990+00:00,1,M1-F-2,2,,False,False,23.794272
ses_20260630-135451-CHAITANYA0BCF,L,在庫調整,ops,reg,STK-191840-001,2026-06-30 13:59:51.255792+00:00,2026-06-30 14:00:17.271934+00:00,1,M1-L-1,1,,False,False,26.016142
ses_20260630-135451-CHAITANYA0BCF,H,銀行勘定照合,finance,,BR-191840-002,2026-06-30 14:00:17.274520+00:00,2026-06-30 14:00:45.517450+00:00,1,M1-H-2,2,,False,False,28.24293
ses_20260630-135451-CHAITANYA0BCF,J,支払処理,finance,,PM-191840-002,2026-06-30 14:00:45.519100+00:00,2026-06-30 14:01:15.507952+00:00,1,M1-J-2,2,,False,False,29.988852
ses_20260630-135451-CHAITANYA0BCF,F,請求書承認,finance,std,INV-191840-003,2026-06-30 14:01:15.512332+00:00,2026-06-30 14:01:39.077775+00:00,2,M1-F-3,3,M1-F-split-1,False,False,23.565443
ses_20260630-135451-CHAITANYA0BCF,C,育児・産休申請確認,hr,,LA-191840-001,2026-06-30 14:01:39.077775+00:00,2026-06-30 14:02:18.952203+00:00,1,M1-C-1,1,,False,False,39.874428
ses_20260630-135451-CHAITANYA0BCF,H,銀行勘定照合,finance,,BR-191840-003,2026-06-30 14:02:18.953881+00:00,2026-06-30 14:02:46.953382+00:00,1,M1-H-3,3,,False,False,27.999501
ses_20260630-135451-CHAITANYA0BCF,A,住民税通知確認,hr,std,RT-191840-001,2026-06-30 14:02:46.955038+00:00,2026-06-30 14:03:13.228984+00:00,1,M1-A-1,1,,False,False,26.273946
ses_20260630-135451-CHAITANYA0BCF,M,仕入先連絡,ops,,SUP-191840-003,2026-06-30 14:03:13.230666+00:00,2026-06-30 14:03:52.360261+00:00,1,M1-M-3,3,,False,False,39.129595
ses_20260630-135451-CHAITANYA0BCF,H,銀行勘定照合,finance,,BR-191840-004,2026-06-30 14:03:52.360261+00:00,2026-06-30 14:04:23.200600+00:00,1,M1-H-4,4,,False,False,30.840339
ses_20260630-135451-CHAITANYA0BCF,A,住民税通知確認,hr,std,RT-191840-002,2026-06-30 14:04:23.204185+00:00,2026-06-30 14:04:48.027195+00:00,1,M1-A-2,2,,False,False,24.82301
ses_20260630-135451-CHAITANYA0BCF,L,在庫調整,ops,reg,STK-191840-002,2026-06-30 14:04:49.775979+00:00,,1,M1-L-2,2,,False,False,
ses_20260630-135451-CHAITANYA0BCF,L,在庫調整,ops,reg,STK-191840-003,2026-06-30 14:05:16.104806+00:00,,1,M1-L-3,3,,False,False,
ses_20260630-135451-CHAITANYA0BCF,L,在庫調整,ops,adj,STK-191840-004,2026-06-30 14:05:34.859785+00:00,2026-06-30 14:05:59.368458+00:00,1,M1-L-4,4,,True,True,24.508673
ses_20260630-135451-CHAITANYA0BCF,M,仕入先連絡,ops,,SUP-191840-004,2026-06-30 14:05:59.368458+00:00,2026-06-30 14:06:36.418873+00:00,1,M1-M-4,4,,False,False,37.050415
ses_20260630-135451-CHAITANYA0BCF,J,支払処理,finance,,PM-191840-003,2026-06-30 14:06:36.418873+00:00,2026-06-30 14:07:05.299827+00:00,1,M1-J-3,3,,False,False,28.880954
ses_20260630-135451-CHAITANYA0BCF,A,住民税通知確認,hr,std,RT-191840-003,2026-06-30 14:07:05.301347+00:00,2026-06-30 14:07:32.990991+00:00,2,M1-A-3,3,M1-A-split-1,False,False,27.689644
ses_20260630-135451-CHAITANYA0BCF,I,予算差異分析,finance,,BV-191840-001,2026-06-30 14:07:32.992537+00:00,2026-06-30 14:08:28.108427+00:00,1,M1-I-1,1,,False,False,55.11589
ses_20260630-135451-CHAITANYA0BCF,A,住民税通知確認,hr,exc,RT-191840-004,2026-06-30 14:08:28.108427+00:00,2026-06-30 14:08:57.427741+00:00,2,M1-A-4,4,M1-A-split-1,False,False,29.319314
ses_20260630-135451-CHAITANYA0BCF,O,返品処理,ops,,RET-191840-001,2026-06-30 14:08:57.429415+00:00,2026-06-30 14:09:25.215152+00:00,1,M1-O-1,1,,False,False,27.785737
ses_20260630-135451-CHAITANYA0BCF,C,育児・産休申請確認,hr,,LA-191840-002,2026-06-30 14:09:25.217015+00:00,,1,M1-C-2,2,,False,False,
ses_20260630-135451-CHAITANYA0BCF,C,育児・産休申請確認,hr,,LA-191840-003,2026-06-30 14:10:05.184647+00:00,2026-06-30 14:10:42.894000+00:00,1,M1-C-3,3,,False,False,37.709353
ses_20260630-135451-CHAITANYA0BCF,I,予算差異分析,finance,,BV-191840-002,2026-06-30 14:10:42.895895+00:00,2026-06-30 14:11:50.860355+00:00,1,M1-I-2,2,,False,False,67.96446
ses_20260630-135451-CHAITANYA0BCF,N,出荷追跡,ops,,SHP-191840-002,2026-06-30 14:11:50.860355+00:00,2026-06-30 14:12:30.349239+00:00,1,M1-N-2,2,,False,False,39.488884
ses_20260630-135451-CHAITANYA0BCF,I,予算差異分析,finance,,BV-191840-003,2026-06-30 14:12:30.351294+00:00,2026-06-30 14:13:37.929011+00:00,1,M1-I-3,3,,False,False,67.577717
ses_20260630-135451-CHAITANYA0BCF,N,出荷追跡,ops,,SHP-191840-003,2026-06-30 14:13:37.929011+00:00,2026-06-30 14:14:11.932213+00:00,1,M1-N-3,3,,False,False,34.003202
ses_20260630-135451-CHAITANYA0BCF,C,育児・産休申請確認,hr,,LA-191840-004,2026-06-30 14:14:11.933256+00:00,2026-06-30 14:14:53.504428+00:00,1,M1-C-4,4,,False,False,41.571172
ses_20260630-135451-CHAITANYA0BCF,O,返品処理,ops,,RET-191840-002,2026-06-30 14:14:53.506006+00:00,,1,M1-O-2,2,,False,False,
ses_20260630-135451-CHAITANYA0BCF,O,返品処理,ops,,RET-191840-003,2026-06-30 14:15:19.324927+00:00,2026-06-30 14:15:51.324167+00:00,1,M1-O-3,3,,False,False,31.99924
ses_20260630-145433-JAYESH,K,受注処理,ops,std,ORD-202333-001,2026-06-30 14:55:22.179462+00:00,2026-06-30 14:55:52.347955+00:00,1,M1-K-1,1,,True,True,30.168493
ses_20260630-145433-JAYESH,H,銀行勘定照合,finance,,BR-202333-001,2026-06-30 14:55:52.349647+00:00,2026-06-30 14:56:17.181117+00:00,1,M1-H-1,1,,False,False,24.83147
ses_20260630-145433-JAYESH,K,受注処理,ops,std,ORD-202333-002,2026-06-30 14:56:17.182947+00:00,2026-06-30 14:56:43.089268+00:00,1,M1-K-2,2,,False,False,25.906321
ses_20260630-145433-JAYESH,O,返品処理,ops,,RET-202333-001,2026-06-30 14:56:44.844742+00:00,2026-06-30 14:57:10.689375+00:00,1,M1-O-1,1,,False,False,25.844633
ses_20260630-145433-JAYESH,N,出荷追跡,ops,,SHP-202333-001,2026-06-30 14:57:10.691721+00:00,2026-06-30 14:57:48.466220+00:00,1,M1-N-1,1,,False,False,37.774499
ses_20260630-145433-JAYESH,G,経費精算承認,finance,reg,EXP-202333-001,2026-06-30 14:57:48.467981+00:00,2026-06-30 14:58:11.961060+00:00,1,M1-G-1,1,,False,False,23.493079
ses_20260630-145433-JAYESH,N,出荷追跡,ops,,SHP-202333-002,2026-06-30 14:58:11.963006+00:00,2026-06-30 14:58:54.157099+00:00,1,M1-N-2,2,,False,False,42.194093
ses_20260630-145433-JAYESH,O,返品処理,ops,,RET-202333-002,2026-06-30 14:58:54.159084+00:00,2026-06-30 14:59:21.613303+00:00,1,M1-O-2,2,,False,False,27.454219
ses_20260630-145433-JAYESH,F,請求書承認,finance,std,INV-202333-001,2026-06-30 14:59:21.615299+00:00,2026-06-30 14:59:49.324639+00:00,1,M1-F-1,1,,False,False,27.70934
ses_20260630-145433-JAYESH,K,受注処理,ops,std,ORD-202333-003,2026-06-30 14:59:49.326496+00:00,2026-06-30 15:02:04.367949+00:00,2,M1-K-3,3,M1-K-split-1,False,False,135.041453
ses_20260630-145433-JAYESH,O,返品処理,ops,,RET-202333-003,2026-06-30 15:02:04.369918+00:00,2026-06-30 15:02:32.772390+00:00,1,M1-O-3,3,,False,False,28.402472
ses_20260630-145433-JAYESH,C,育児・産休申請確認,hr,,LA-202333-001,2026-06-30 15:02:32.774221+00:00,2026-06-30 15:03:16.011413+00:00,1,M1-C-1,1,,False,False,43.237192
ses_20260630-145433-JAYESH,A,住民税通知確認,hr,std,RT-202333-001,2026-06-30 15:03:16.016128+00:00,2026-06-30 15:03:46.339546+00:00,1,M1-A-1,1,,False,False,30.323418
ses_20260630-145433-JAYESH,M,仕入先連絡,ops,,SUP-202333-001,2026-06-30 15:03:46.341403+00:00,2026-06-30 15:04:23.763680+00:00,1,M1-M-1,1,,False,False,37.422277
ses_20260630-145433-JAYESH,A,住民税通知確認,hr,std,RT-202333-002,2026-06-30 15:04:23.765564+00:00,2026-06-30 15:04:49.740355+00:00,1,M1-A-2,2,,False,False,25.974791
ses_20260630-145433-JAYESH,G,経費精算承認,finance,reg,EXP-202333-002,2026-06-30 15:04:49.742114+00:00,2026-06-30 15:05:09.619380+00:00,1,M1-G-2,2,,False,False,19.877266
ses_20260630-145433-JAYESH,M,仕入先連絡,ops,,SUP-202333-002,2026-06-30 15:05:09.621370+00:00,2026-06-30 15:05:41.954811+00:00,1,M1-M-2,2,,False,False,32.333441
ses_20260630-145433-JAYESH,G,経費精算承認,finance,reg,EXP-202333-003,2026-06-30 15:05:41.956466+00:00,2026-06-30 15:06:06.916717+00:00,1,M1-G-3,3,,False,False,24.960251
ses_20260630-145433-JAYESH,J,支払処理,finance,,PM-202333-001,2026-06-30 15:06:06.918523+00:00,2026-06-30 15:06:36.667344+00:00,1,M1-J-1,1,,False,False,29.748821
ses_20260630-145433-JAYESH,F,請求書承認,finance,std,INV-202333-002,2026-06-30 15:06:36.669346+00:00,2026-06-30 15:07:04.700300+00:00,1,M1-F-2,2,,False,False,28.030954
ses_20260630-145433-JAYESH,I,予算差異分析,finance,,BV-202333-001,2026-06-30 15:07:04.702098+00:00,2026-06-30 15:08:26.526354+00:00,1,M1-I-1,1,,False,False,81.824256
ses_20260630-145433-JAYESH,N,出荷追跡,ops,,SHP-202333-003,2026-06-30 15:08:26.529257+00:00,2026-06-30 15:09:00.418388+00:00,1,M1-N-3,3,,False,False,33.889131
ses_20260630-145433-JAYESH,F,請求書承認,finance,std,INV-202333-003,2026-06-30 15:09:00.420166+00:00,,1,M1-F-3,3,,False,False,
ses_20260630-145433-JAYESH,F,請求書承認,finance,exc,INV-202333-004,2026-06-30 15:09:25.485231+00:00,2026-06-30 15:10:11.399844+00:00,1,M1-F-4,4,,False,False,45.914613
ses_20260630-145433-JAYESH,A,住民税通知確認,hr,std,RT-202333-003,2026-06-30 15:10:11.401017+00:00,2026-06-30 15:10:39.715272+00:00,1,M1-A-3,3,,False,False,28.314255
ses_20260630-145433-JAYESH,I,予算差異分析,finance,,BV-202333-002,2026-06-30 15:10:39.717094+00:00,2026-06-30 15:12:21.763734+00:00,1,M1-I-2,2,,False,False,102.04664
ses_20260630-145433-JAYESH,H,銀行勘定照合,finance,,BR-202333-002,2026-06-30 15:12:21.765639+00:00,2026-06-30 15:12:49.495514+00:00,1,M1-H-2,2,,False,False,27.729875
ses_20260630-145433-JAYESH,C,育児・産休申請確認,hr,,LA-202333-002,2026-06-30 15:12:49.497449+00:00,2026-06-30 15:13:28.896077+00:00,1,M1-C-2,2,,False,False,39.398628
ses_20260630-145433-JAYESH,G,経費精算承認,finance,adj,EXP-202333-004,2026-06-30 15:13:28.897852+00:00,2026-06-30 15:13:53.566094+00:00,1,M1-G-4,4,,False,False,24.668242
ses_20260630-145433-JAYESH,I,予算差異分析,finance,,BV-202333-003,2026-06-30 15:13:53.568026+00:00,2026-06-30 15:14:53.079826+00:00,1,M1-I-3,3,,False,False,59.5118
ses_20260630-145433-JAYESH,A,住民税通知確認,hr,exc,RT-202333-004,2026-06-30 15:14:53.081600+00:00,2026-06-30 15:15:18.745897+00:00,1,M1-A-4,4,,False,False,25.664297
ses_20260630-145433-JAYESH,M,仕入先連絡,ops,,SUP-202333-003,2026-06-30 15:15:18.747929+00:00,2026-06-30 15:16:01.374954+00:00,1,M1-M-3,3,,False,False,42.627025
ses_20260630-145433-JAYESH,C,育児・産休申請確認,hr,,LA-202333-003,2026-06-30 15:16:01.376795+00:00,2026-06-30 15:16:35.536700+00:00,1,M1-C-3,3,,False,False,34.159905
ses_20260630-145433-JAYESH,H,銀行勘定照合,finance,,BR-202333-003,2026-06-30 15:16:35.538180+00:00,,1,M1-H-3,3,,False,False,
ses_20260630-145433-JAYESH,H,銀行勘定照合,finance,,BR-202333-004,2026-06-30 15:17:03.683149+00:00,2026-06-30 15:17:31.566554+00:00,1,M1-H-4,4,,False,False,27.883405
ses_20260630-145433-JAYESH,J,支払処理,finance,,PM-202333-002,2026-06-30 15:17:31.568364+00:00,,1,M1-J-2,2,,False,False,
ses_20260630-145433-JAYESH,J,支払処理,finance,,PM-202333-003,2026-06-30 15:17:57.835220+00:00,2026-06-30 15:18:31.180529+00:00,1,M1-J-3,3,,False,False,33.345309
ses_20260630-163424-SIDDHIGUPTAB00B,D,社保・年金補正対応,hr,,SI-220339-001,2026-06-30 16:35:10.144776+00:00,,1,M1-D-1,1,,False,False,
ses_20260630-163424-SIDDHIGUPTAB00B,D,社保・年金補正対応,hr,,SI-220339-002,2026-06-30 16:35:47.740296+00:00,2026-06-30 16:36:24.541388+00:00,1,M1-D-2,2,,False,False,36.801092
ses_20260630-163424-SIDDHIGUPTAB00B,B,給与備考・控除整備,hr,reg,PI-220339-001,2026-06-30 16:36:24.544122+00:00,2026-06-30 16:36:43.992556+00:00,1,M1-B-1,1,,False,False,19.448434
ses_20260630-163424-SIDDHIGUPTAB00B,G,経費精算承認,finance,reg,EXP-220339-001,2026-06-30 16:36:44.000421+00:00,2026-06-30 16:37:03.691532+00:00,1,M1-G-1,1,,False,False,19.691111
ses_20260630-163424-SIDDHIGUPTAB00B,B,給与備考・控除整備,hr,reg,PI-220339-002,2026-06-30 16:37:03.701191+00:00,2026-06-30 16:37:26.534092+00:00,1,M1-B-2,2,,False,False,22.832901
ses_20260630-163424-SIDDHIGUPTAB00B,F,請求書承認,finance,std,INV-220339-001,2026-06-30 16:37:27.981645+00:00,2026-06-30 16:37:57.215724+00:00,1,M1-F-1,1,,False,False,29.234079
ses_20260630-163424-SIDDHIGUPTAB00B,A,住民税通知確認,hr,std,RT-220339-001,2026-06-30 16:37:57.217406+00:00,2026-06-30 16:38:55.329689+00:00,1,M1-A-1,1,,False,False,58.112283
ses_20260630-163424-SIDDHIGUPTAB00B,D,社保・年金補正対応,hr,,SI-220339-003,2026-06-30 16:38:55.332997+00:00,2026-06-30 16:39:34.987531+00:00,1,M1-D-3,3,,False,False,39.654534
ses_20260630-163424-SIDDHIGUPTAB00B,E,入社照合・手当確認,hr,,OB-220339-001,2026-06-30 16:39:34.989260+00:00,2026-06-30 16:40:15.452687+00:00,1,M1-E-1,1,,True,True,40.463427
ses_20260630-163424-SIDDHIGUPTAB00B,F,請求書承認,finance,std,INV-220339-002,2026-06-30 16:40:15.459440+00:00,2026-06-30 16:40:44.935218+00:00,1,M1-F-2,2,,False,False,29.475778
ses_20260630-163424-SIDDHIGUPTAB00B,O,返品処理,ops,,RET-220339-001,2026-06-30 16:40:44.943343+00:00,2026-06-30 16:41:19.084068+00:00,1,M1-O-1,1,,False,False,34.140725
ses_20260630-163424-SIDDHIGUPTAB00B,G,経費精算承認,finance,reg,EXP-220339-002,2026-06-30 16:41:19.087775+00:00,2026-06-30 16:41:46.331612+00:00,1,M1-G-2,2,,False,False,27.243837
ses_20260630-163424-SIDDHIGUPTAB00B,F,請求書承認,finance,std,INV-220339-003,2026-06-30 16:41:46.335498+00:00,2026-06-30 16:42:14.525724+00:00,1,M1-F-3,3,,False,False,28.190226
ses_20260630-163424-SIDDHIGUPTAB00B,G,経費精算承認,finance,reg,EXP-220339-003,2026-06-30 16:42:14.527374+00:00,2026-06-30 16:42:36.500197+00:00,1,M1-G-3,3,,False,False,21.972823
ses_20260630-163424-SIDDHIGUPTAB00B,J,支払処理,finance,,PM-220339-001,2026-06-30 16:42:36.510009+00:00,2026-06-30 16:43:01.205110+00:00,1,M1-J-1,1,,False,False,24.695101
ses_20260630-163424-SIDDHIGUPTAB00B,F,請求書承認,finance,exc,INV-220339-004,2026-06-30 16:43:01.209995+00:00,2026-06-30 16:43:42.250378+00:00,1,M1-F-4,4,,False,False,41.040383
ses_20260630-163424-SIDDHIGUPTAB00B,J,支払処理,finance,,PM-220339-002,2026-06-30 16:43:42.268039+00:00,2026-06-30 16:45:37.780974+00:00,1,M1-J-2,2,,False,False,115.512935
ses_20260630-163424-SIDDHIGUPTAB00B,G,経費精算承認,finance,adj,EXP-220339-004,2026-06-30 16:45:37.782965+00:00,2026-06-30 16:46:06.564770+00:00,1,M1-G-4,4,,False,False,28.781805
ses_20260630-163424-SIDDHIGUPTAB00B,M,仕入先連絡,ops,,SUP-220339-001,2026-06-30 16:46:06.567722+00:00,2026-06-30 16:47:00.094840+00:00,1,M1-M-1,1,,False,False,53.527118
ses_20260630-163424-SIDDHIGUPTAB00B,O,返品処理,ops,,RET-220339-002,2026-06-30 16:47:00.115828+00:00,2026-06-30 16:47:29.237559+00:00,1,M1-O-2,2,,False,False,29.121731
ses_20260630-163424-SIDDHIGUPTAB00B,M,仕入先連絡,ops,,SUP-220339-002,2026-06-30 16:47:29.240301+00:00,2026-06-30 16:48:04.028232+00:00,1,M1-M-2,2,,False,False,34.787931
ses_20260630-163424-SIDDHIGUPTAB00B,A,住民税通知確認,hr,std,RT-220339-002,2026-06-30 16:48:04.029724+00:00,2026-06-30 16:48:32.821900+00:00,1,M1-A-2,2,,False,False,28.792176
ses_20260630-163424-SIDDHIGUPTAB00B,J,支払処理,finance,,PM-220339-003,2026-06-30 16:49:30.153697+00:00,2026-06-30 16:49:57.079772+00:00,1,M1-J-3,3,,False,False,26.926075
ses_20260630-163424-SIDDHIGUPTAB00B,O,返品処理,ops,,RET-220339-003,2026-06-30 16:49:57.086258+00:00,2026-06-30 16:50:25.638260+00:00,1,M1-O-3,3,,False,False,28.552002
ses_20260630-163424-SIDDHIGUPTAB00B,B,給与備考・控除整備,hr,reg,PI-220339-003,2026-06-30 16:50:25.643202+00:00,2026-06-30 16:51:04.396747+00:00,2,M1-B-3,3,M1-B-split-1,False,False,38.753545
ses_20260630-163424-SIDDHIGUPTAB00B,E,入社照合・手当確認,hr,,OB-220339-002,2026-06-30 16:51:04.401310+00:00,,1,M1-E-2,2,,False,False,
ses_20260630-163424-SIDDHIGUPTAB00B,E,入社照合・手当確認,hr,,OB-220339-003,2026-06-30 16:51:28.548000+00:00,2026-06-30 16:51:54.395762+00:00,1,M1-E-3,3,,False,False,25.847762
ses_20260630-163424-SIDDHIGUPTAB00B,B,給与備考・控除整備,hr,adj,PI-220339-004,2026-06-30 16:51:54.397871+00:00,2026-06-30 16:52:19.680560+00:00,2,M1-B-4,4,M1-B-split-1,False,False,25.282689
ses_20260630-163424-SIDDHIGUPTAB00B,A,住民税通知確認,hr,std,RT-220339-003,2026-06-30 16:52:19.682409+00:00,,2,M1-A-3,3,M1-A-split-1,False,False,
ses_20260630-163424-SIDDHIGUPTAB00B,A,住民税通知確認,hr,exc,RT-220339-004,2026-06-30 16:53:22.541276+00:00,2026-06-30 16:54:26.415021+00:00,2,M1-A-4,4,M1-A-split-1,False,False,63.873745
ses_20260630-163424-SIDDHIGUPTAB00B,M,仕入先連絡,ops,,SUP-220339-003,2026-06-30 16:54:26.420139+00:00,2026-06-30 16:55:28.855784+00:00,1,M1-M-3,3,,False,False,62.435645
ses_20260630-164418-MSI,A,住民税通知確認,hr,std,RT-221428-001,2026-06-30 16:45:20.484061+00:00,2026-06-30 16:45:46.008496+00:00,1,M1-A-1,1,,False,False,25.524435
ses_20260630-164418-MSI,B,給与備考・控除整備,hr,reg,PI-221428-001,2026-06-30 16:45:46.009319+00:00,2026-06-30 16:46:04.506793+00:00,1,M1-B-1,1,,False,False,18.497474
ses_20260630-164418-MSI,A,住民税通知確認,hr,std,RT-221428-002,2026-06-30 16:46:04.507419+00:00,2026-06-30 16:46:33.343820+00:00,1,M1-A-2,2,,False,False,28.836401
ses_20260630-164418-MSI,O,返品処理,ops,,RET-221428-001,2026-06-30 16:46:33.344687+00:00,2026-06-30 16:46:58.260482+00:00,1,M1-O-1,1,,False,False,24.915795
ses_20260630-164418-MSI,A,住民税通知確認,hr,std,RT-221428-003,2026-06-30 16:46:58.261119+00:00,2026-06-30 16:47:22.005402+00:00,1,M1-A-3,3,,False,False,23.744283
ses_20260630-164418-MSI,F,請求書承認,finance,std,INV-221428-001,2026-06-30 16:47:22.005930+00:00,,1,M1-F-1,1,,True,True,
ses_20260630-164418-MSI,F,請求書承認,finance,std,INV-221428-002,2026-06-30 16:47:49.081748+00:00,2026-06-30 16:48:14.331195+00:00,1,M1-F-2,2,,False,False,25.249447
ses_20260630-164418-MSI,N,出荷追跡,ops,,SHP-221428-001,2026-06-30 16:48:34.558444+00:00,2026-06-30 16:49:11.370440+00:00,1,M1-N-1,1,,False,False,36.811996
ses_20260630-164418-MSI,B,給与備考・控除整備,hr,reg,PI-221428-002,2026-06-30 16:49:11.371103+00:00,2026-06-30 16:49:30.895754+00:00,1,M1-B-2,2,,False,False,19.524651
ses_20260630-164418-MSI,C,育児・産休申請確認,hr,,LA-221428-001,2026-06-30 16:49:32.313940+00:00,2026-06-30 16:50:29.447733+00:00,1,M1-C-1,1,,False,False,57.133793
ses_20260630-164418-MSI,D,社保・年金補正対応,hr,,SI-221428-001,2026-06-30 16:50:29.448303+00:00,,1,M1-D-1,1,,False,False,
ses_20260630-164418-MSI,D,社保・年金補正対応,hr,,SI-221428-002,2026-06-30 16:51:02.289103+00:00,2026-06-30 16:51:38.569201+00:00,1,M1-D-2,2,,False,False,36.280098
ses_20260630-164418-MSI,C,育児・産休申請確認,hr,,LA-221428-002,2026-06-30 16:51:38.570036+00:00,2026-06-30 16:52:15.924570+00:00,1,M1-C-2,2,,False,False,37.354534
ses_20260630-164418-MSI,F,請求書承認,finance,std,INV-221428-003,2026-06-30 16:52:15.925826+00:00,2026-06-30 16:52:46.369530+00:00,2,M1-F-3,3,M1-F-split-1,False,False,30.443704
ses_20260630-164418-MSI,A,住民税通知確認,hr,exc,RT-221428-004,2026-06-30 16:52:46.370549+00:00,2026-06-30 16:53:10.429247+00:00,1,M1-A-4,4,,False,False,24.058698
ses_20260630-164418-MSI,B,給与備考・控除整備,hr,reg,PI-221428-003,2026-06-30 16:53:10.429845+00:00,2026-06-30 16:53:32.250674+00:00,2,M1-B-3,3,M1-B-split-1,False,False,21.820829
ses_20260630-164418-MSI,D,社保・年金補正対応,hr,,SI-221428-003,2026-06-30 16:53:32.251413+00:00,2026-06-30 16:54:11.496088+00:00,1,M1-D-3,3,,False,False,39.244675
ses_20260630-164418-MSI,C,育児・産休申請確認,hr,,LA-221428-003,2026-06-30 16:54:11.497009+00:00,2026-06-30 16:54:48.525067+00:00,1,M1-C-3,3,,False,False,37.028058
ses_20260630-164418-MSI,M,仕入先連絡,ops,,SUP-221428-001,2026-06-30 16:54:48.525742+00:00,2026-06-30 16:55:28.869571+00:00,1,M1-M-1,1,,False,False,40.343829
ses_20260630-164418-MSI,F,請求書承認,finance,exc,INV-221428-004,2026-06-30 16:55:28.870284+00:00,2026-06-30 16:55:53.913814+00:00,2,M1-F-4,4,M1-F-split-1,False,False,25.04353
ses_20260630-164418-MSI,B,給与備考・控除整備,hr,adj,PI-221428-004,2026-06-30 16:55:53.914522+00:00,2026-06-30 16:58:07.214219+00:00,2,M1-B-4,4,M1-B-split-1,False,False,133.299697
ses_20260630-164418-MSI,O,返品処理,ops,,RET-221428-002,2026-06-30 16:58:07.215347+00:00,2026-06-30 16:58:36.706443+00:00,1,M1-O-2,2,,False,False,29.491096
ses_20260630-164418-MSI,C,育児・産休申請確認,hr,,LA-221428-004,2026-06-30 16:58:36.706986+00:00,2026-06-30 16:59:16.269586+00:00,1,M1-C-4,4,,False,False,39.5626
ses_20260630-164418-MSI,F,請求書承認,finance,exc,INV-221428-005,2026-06-30 16:59:16.270256+00:00,2026-06-30 16:59:43.564455+00:00,2,M1-F-5,5,M1-F-split-1,False,False,27.294199
ses_20260630-164418-MSI,N,出荷追跡,ops,,SHP-221428-002,2026-06-30 16:59:43.565063+00:00,2026-06-30 17:00:21.034707+00:00,1,M1-N-2,2,,False,False,37.469644
ses_20260630-164418-MSI,M,仕入先連絡,ops,,SUP-221428-002,2026-06-30 17:00:21.035426+00:00,2026-06-30 17:00:58.172363+00:00,1,M1-M-2,2,,False,False,37.136937
ses_20260630-164418-MSI,O,返品処理,ops,,RET-221428-003,2026-06-30 17:00:58.173223+00:00,2026-06-30 17:01:30.659156+00:00,1,M1-O-3,3,,False,False,32.485933
ses_20260630-164418-MSI,N,出荷追跡,ops,,SHP-221428-003,2026-06-30 17:01:30.660040+00:00,2026-06-30 17:02:09.676151+00:00,1,M1-N-3,3,,False,False,39.016111
ses_20260630-164418-MSI,M,仕入先連絡,ops,,SUP-221428-003,2026-06-30 17:02:09.676890+00:00,2026-06-30 17:03:57.024190+00:00,1,M1-M-3,3,,False,False,107.3473
ses_20260630-164418-MSI,E,入社照合・手当確認,hr,,OB-221428-001,2026-06-30 17:03:57.024800+00:00,2026-06-30 17:04:27.514779+00:00,1,M1-E-1,1,,False,False,30.489979
ses_20260630-164418-MSI,M,仕入先連絡,ops,,SUP-221428-004,2026-06-30 17:04:27.515609+00:00,2026-06-30 17:05:04.764360+00:00,1,M1-M-4,4,,False,False,37.248751
ses_20260630-164418-MSI,E,入社照合・手当確認,hr,,OB-221428-002,2026-06-30 17:05:04.765066+00:00,,1,M1-E-2,2,,False,False,
ses_20260630-164418-MSI,E,入社照合・手当確認,hr,,OB-221428-003,2026-06-30 17:05:42.044486+00:00,2026-06-30 17:06:16.007438+00:00,1,M1-E-3,3,,False,False,33.962952
ses_20260701-005920-yuvraj,O,返品処理,ops,,RET-062507-001,2026-07-01 01:00:18.385032+00:00,2026-07-01 01:00:41.026823+00:00,1,M1-O-1,1,,False,False,22.641791
ses_20260701-005920-yuvraj,F,請求書承認,finance,std,INV-062507-001,2026-07-01 01:00:41.027854+00:00,2026-07-01 01:01:06.013647+00:00,1,M1-F-1,1,,False,False,24.985793
ses_20260701-005920-yuvraj,G,経費精算承認,finance,reg,EXP-062507-001,2026-07-01 01:01:06.015100+00:00,2026-07-01 01:01:28.603152+00:00,1,M1-G-1,1,,False,False,22.588052
ses_20260701-005920-yuvraj,H,銀行勘定照合,finance,,BR-062507-001,2026-07-01 01:01:28.603826+00:00,2026-07-01 01:02:02.937417+00:00,1,M1-H-1,1,,False,False,34.333591
ses_20260701-005920-yuvraj,G,経費精算承認,finance,reg,EXP-062507-002,2026-07-01 01:02:02.938452+00:00,2026-07-01 01:02:20.674949+00:00,1,M1-G-2,2,,False,False,17.736497
ses_20260701-005920-yuvraj,K,受注処理,ops,std,ORD-062507-001,2026-07-01 01:02:20.676003+00:00,2026-07-01 01:02:49.325775+00:00,1,M1-K-1,1,,False,False,28.649772
ses_20260701-005920-yuvraj,O,返品処理,ops,,RET-062507-002,2026-07-01 01:02:49.326301+00:00,2026-07-01 01:03:13.233799+00:00,1,M1-O-2,2,,False,False,23.907498
ses_20260701-005920-yuvraj,L,在庫調整,ops,reg,STK-062507-001,2026-07-01 01:03:13.234350+00:00,2026-07-01 01:04:13.816447+00:00,1,M1-L-1,1,,True,True,60.582097
ses_20260701-005920-yuvraj,O,返品処理,ops,,RET-062507-003,2026-07-01 01:04:13.816447+00:00,2026-07-01 01:04:35.973636+00:00,1,M1-O-3,3,,False,False,22.157189
ses_20260701-005920-yuvraj,C,育児・産休申請確認,hr,,LA-062507-001,2026-07-01 01:04:35.974923+00:00,2026-07-01 01:05:35.472490+00:00,1,M1-C-1,1,,False,False,59.497567
ses_20260701-005920-yuvraj,A,住民税通知確認,hr,std,RT-062507-001,2026-07-01 01:05:35.472490+00:00,2026-07-01 01:05:59.632662+00:00,1,M1-A-1,1,,False,False,24.160172
ses_20260701-005920-yuvraj,C,育児・産休申請確認,hr,,LA-062507-002,2026-07-01 01:05:59.633561+00:00,,1,M1-C-2,2,,False,False,
ses_20260701-005920-yuvraj,C,育児・産休申請確認,hr,,LA-062507-003,2026-07-01 01:06:39.422840+00:00,2026-07-01 01:07:12.079148+00:00,1,M1-C-3,3,,False,False,32.656308
ses_20260701-005920-yuvraj,H,銀行勘定照合,finance,,BR-062507-002,2026-07-01 01:07:12.080175+00:00,2026-07-01 01:07:37.782761+00:00,1,M1-H-2,2,,False,False,25.702586
ses_20260701-005920-yuvraj,K,受注処理,ops,std,ORD-062507-002,2026-07-01 01:07:37.784019+00:00,,1,M1-K-2,2,,False,False,
ses_20260701-005920-yuvraj,K,受注処理,ops,std,ORD-062507-003,2026-07-01 01:09:25.135759+00:00,2026-07-01 01:09:49.083904+00:00,1,M1-K-3,3,,False,False,23.948145
ses_20260701-005920-yuvraj,H,銀行勘定照合,finance,,BR-062507-003,2026-07-01 01:09:49.085183+00:00,2026-07-01 01:10:19.376366+00:00,1,M1-H-3,3,,False,False,30.291183
ses_20260701-005920-yuvraj,L,在庫調整,ops,reg,STK-062507-002,2026-07-01 01:10:19.376366+00:00,2026-07-01 01:10:43.452156+00:00,1,M1-L-2,2,,False,False,24.07579
ses_20260701-005920-yuvraj,F,請求書承認,finance,std,INV-062507-002,2026-07-01 01:11:20.919056+00:00,2026-07-01 01:11:45.231914+00:00,1,M1-F-2,2,,False,False,24.312858
ses_20260701-005920-yuvraj,K,受注処理,ops,exc,ORD-062507-004,2026-07-01 01:11:47.497583+00:00,2026-07-01 01:12:14.020615+00:00,1,M1-K-4,4,,False,False,26.523032
ses_20260701-005920-yuvraj,C,育児・産休申請確認,hr,,LA-062507-004,2026-07-01 01:12:14.021675+00:00,2026-07-01 01:12:54.847158+00:00,1,M1-C-4,4,,False,False,40.825483
ses_20260701-005920-yuvraj,G,経費精算承認,finance,reg,EXP-062507-003,2026-07-01 01:12:54.848690+00:00,2026-07-01 01:13:18.201911+00:00,1,M1-G-3,3,,False,False,23.353221
ses_20260701-005920-yuvraj,A,住民税通知確認,hr,std,RT-062507-002,2026-07-01 01:13:18.203461+00:00,2026-07-01 01:13:42.538044+00:00,1,M1-A-2,2,,False,False,24.334583
ses_20260701-005920-yuvraj,F,請求書承認,finance,std,INV-062507-003,2026-07-01 01:13:42.539564+00:00,2026-07-01 01:14:10.811643+00:00,2,M1-F-3,3,M1-F-split-1,False,False,28.272079
ses_20260701-005920-yuvraj,A,住民税通知確認,hr,std,RT-062507-003,2026-07-01 01:14:10.813196+00:00,2026-07-01 01:14:39.920242+00:00,1,M1-A-3,3,,False,False,29.107046
ses_20260701-005920-yuvraj,L,在庫調整,ops,reg,STK-062507-003,2026-07-01 01:14:39.920766+00:00,2026-07-01 01:15:30.938147+00:00,2,M1-L-3,3,M1-L-split-1,False,False,51.017381
ses_20260701-005920-yuvraj,K,受注処理,ops,exc,ORD-062507-005,2026-07-01 01:15:30.938676+00:00,2026-07-01 01:16:19.886025+00:00,1,M1-K-5,5,,False,False,48.947349
ses_20260701-005920-yuvraj,J,支払処理,finance,,PM-062507-001,2026-07-01 01:16:19.887052+00:00,,1,M1-J-1,1,,False,False,
ses_20260701-005920-yuvraj,J,支払処理,finance,,PM-062507-002,2026-07-01 01:16:43.842780+00:00,2026-07-01 01:17:07.770962+00:00,1,M1-J-2,2,,False,False,23.928182
ses_20260701-005920-yuvraj,L,在庫調整,ops,adj,STK-062507-004,2026-07-01 01:17:07.771479+00:00,2026-07-01 01:19:16.200841+00:00,2,M1-L-4,4,M1-L-split-1,False,False,128.429362
ses_20260701-005920-yuvraj,I,予算差異分析,finance,,BV-062507-001,2026-07-01 01:19:16.202418+00:00,2026-07-01 01:20:17.096940+00:00,1,M1-I-1,1,,False,False,60.894522
ses_20260701-005920-yuvraj,J,支払処理,finance,,PM-062507-003,2026-07-01 01:20:17.098137+00:00,2026-07-01 01:20:49.871469+00:00,1,M1-J-3,3,,False,False,32.773332
ses_20260701-005920-yuvraj,I,予算差異分析,finance,,BV-062507-002,2026-07-01 01:20:49.871469+00:00,,1,M1-I-2,2,,False,False,
ses_20260701-005920-yuvraj,I,予算差異分析,finance,,BV-062507-003,2026-07-01 01:22:00.019323+00:00,2026-07-01 01:23:05.726891+00:00,1,M1-I-3,3,,False,False,65.707568
ses_20260701-014804-yuvraj,J,支払処理,finance,,PM-071644-001,2026-07-01 01:49:02.308978+00:00,2026-07-01 01:49:31.969126+00:00,1,M1-J-1,1,,False,False,29.660148
ses_20260701-014804-yuvraj,L,在庫調整,ops,reg,STK-071644-001,2026-07-01 01:49:31.969126+00:00,,1,M1-L-1,1,,False,False,
ses_20260701-014804-yuvraj,L,在庫調整,ops,reg,STK-071644-002,2026-07-01 01:50:08.610291+00:00,2026-07-01 01:50:32.276222+00:00,1,M1-L-2,2,,False,False,23.665931
ses_20260701-014804-yuvraj,D,社保・年金補正対応,hr,,SI-071644-001,2026-07-01 01:50:32.277740+00:00,2026-07-01 01:51:07.877044+00:00,1,M1-D-1,1,,False,False,35.599304
ses_20260701-014804-yuvraj,K,受注処理,ops,std,ORD-071644-001,2026-07-01 01:51:07.878588+00:00,2026-07-01 01:51:37.517252+00:00,1,M1-K-1,1,,False,False,29.638664
ses_20260701-014804-yuvraj,F,請求書承認,finance,std,INV-071644-001,2026-07-01 01:51:37.517778+00:00,2026-07-01 01:52:40.706060+00:00,1,M1-F-1,1,,False,False,63.188282
ses_20260701-014804-yuvraj,J,支払処理,finance,,PM-071644-002,2026-07-01 01:52:40.707107+00:00,2026-07-01 01:53:04.222053+00:00,1,M1-J-2,2,,False,False,23.514946
ses_20260701-014804-yuvraj,G,経費精算承認,finance,reg,EXP-071644-001,2026-07-01 01:53:04.222580+00:00,2026-07-01 01:53:23.557513+00:00,1,M1-G-1,1,,False,False,19.334933
ses_20260701-014804-yuvraj,K,受注処理,ops,std,ORD-071644-002,2026-07-01 01:53:23.558523+00:00,2026-07-01 01:53:53.720885+00:00,1,M1-K-2,2,,False,False,30.162362
ses_20260701-014804-yuvraj,F,請求書承認,finance,std,INV-071644-002,2026-07-01 01:53:53.722519+00:00,2026-07-01 01:54:17.124570+00:00,1,M1-F-2,2,,False,False,23.402051
ses_20260701-014804-yuvraj,K,受注処理,ops,std,ORD-071644-003,2026-07-01 01:54:52.099279+00:00,,1,M1-K-3,3,,False,False,
ses_20260701-014804-yuvraj,K,受注処理,ops,exc,ORD-071644-004,2026-07-01 01:55:22.504545+00:00,2026-07-01 01:57:02.071217+00:00,1,M1-K-4,4,,True,True,99.566672
ses_20260701-014804-yuvraj,G,経費精算承認,finance,reg,EXP-071644-002,2026-07-01 01:57:02.072828+00:00,,1,M1-G-2,2,,False,False,
ses_20260701-014804-yuvraj,G,経費精算承認,finance,reg,EXP-071644-003,2026-07-01 01:57:22.046512+00:00,2026-07-01 01:57:44.863646+00:00,1,M1-G-3,3,,False,False,22.817134
ses_20260701-014804-yuvraj,L,在庫調整,ops,reg,STK-071644-003,2026-07-01 01:57:44.863646+00:00,2026-07-01 01:58:10.070403+00:00,1,M1-L-3,3,,False,False,25.206757
ses_20260701-014804-yuvraj,F,請求書承認,finance,std,INV-071644-003,2026-07-01 01:58:10.070950+00:00,2026-07-01 01:58:56.606802+00:00,2,M1-F-3,3,M1-F-split-1,False,False,46.535852
ses_20260701-014804-yuvraj,I,予算差異分析,finance,,BV-071644-001,2026-07-01 01:58:56.607831+00:00,2026-07-01 02:00:10.113723+00:00,1,M1-I-1,1,,False,False,73.505892
ses_20260701-014804-yuvraj,K,受注処理,ops,exc,ORD-071644-005,2026-07-01 02:00:10.115290+00:00,2026-07-01 02:00:36.259843+00:00,1,M1-K-5,5,,False,False,26.144553
ses_20260701-014804-yuvraj,D,社保・年金補正対応,hr,,SI-071644-002,2026-07-01 02:00:36.260788+00:00,2026-07-01 02:01:08.803485+00:00,1,M1-D-2,2,,False,False,32.542697
ses_20260701-014804-yuvraj,M,仕入先連絡,ops,,SUP-071644-001,2026-07-01 02:01:08.805019+00:00,2026-07-01 02:01:46.591328+00:00,1,M1-M-1,1,,False,False,37.786309
ses_20260701-014804-yuvraj,D,社保・年金補正対応,hr,,SI-071644-003,2026-07-01 02:01:46.592481+00:00,2026-07-01 02:02:24.085669+00:00,1,M1-D-3,3,,False,False,37.493188
ses_20260701-014804-yuvraj,M,仕入先連絡,ops,,SUP-071644-002,2026-07-01 02:02:24.086731+00:00,2026-07-01 02:02:58.637894+00:00,1,M1-M-2,2,,False,False,34.551163
ses_20260701-014804-yuvraj,I,予算差異分析,finance,,BV-071644-002,2026-07-01 02:02:58.639449+00:00,2026-07-01 02:04:10.409396+00:00,1,M1-I-2,2,,False,False,71.769947
ses_20260701-014804-yuvraj,J,支払処理,finance,,PM-071644-003,2026-07-01 02:04:10.409396+00:00,2026-07-01 02:04:57.167643+00:00,1,M1-J-3,3,,False,False,46.758247
ses_20260701-014804-yuvraj,M,仕入先連絡,ops,,SUP-071644-003,2026-07-01 02:04:57.167643+00:00,2026-07-01 02:05:33.272742+00:00,1,M1-M-3,3,,False,False,36.105099
ses_20260701-014804-yuvraj,H,銀行勘定照合,finance,,BR-071644-001,2026-07-01 02:05:33.272742+00:00,2026-07-01 02:06:02.496849+00:00,1,M1-H-1,1,,False,False,29.224107
ses_20260701-014804-yuvraj,M,仕入先連絡,ops,,SUP-071644-004,2026-07-01 02:06:02.498389+00:00,2026-07-01 02:06:36.040718+00:00,1,M1-M-4,4,,False,False,33.542329
ses_20260701-014804-yuvraj,H,銀行勘定照合,finance,,BR-071644-002,2026-07-01 02:06:36.041753+00:00,,1,M1-H-2,2,,False,False,
ses_20260701-014804-yuvraj,H,銀行勘定照合,finance,,BR-071644-003,2026-07-01 02:07:05.019500+00:00,,1,M1-H-3,3,,False,False,
ses_20260701-014804-yuvraj,H,銀行勘定照合,finance,,BR-071644-004,2026-07-01 02:07:46.112009+00:00,2026-07-01 02:08:12.653429+00:00,1,M1-H-4,4,,False,False,26.54142
ses_20260701-014804-yuvraj,O,返品処理,ops,,RET-071644-001,2026-07-01 02:08:12.653429+00:00,,1,M1-O-1,1,,False,False,
ses_20260701-014804-yuvraj,O,返品処理,ops,,RET-071644-002,2026-07-01 02:08:39.281424+00:00,,1,M1-O-2,2,,False,False,
ses_20260701-014804-yuvraj,O,返品処理,ops,,RET-071644-003,2026-07-01 02:09:05.788117+00:00,2026-07-01 02:09:35.024866+00:00,1,M1-O-3,3,,False,False,29.236749
ses_20260701-014804-yuvraj,I,予算差異分析,finance,,BV-071644-003,2026-07-01 02:09:35.024866+00:00,2026-07-01 02:10:51.877464+00:00,1,M1-I-3,3,,False,False,76.852598
ses_20260701-022828-yuvraj,K,受注処理,ops,std,ORD-075754-001,2026-07-01 02:29:23.411990+00:00,2026-07-01 02:30:30.182660+00:00,1,M1-K-1,1,,False,False,66.77067
ses_20260701-022828-yuvraj,L,在庫調整,ops,reg,STK-075754-001,2026-07-01 02:30:30.182660+00:00,2026-07-01 02:30:53.159558+00:00,1,M1-L-1,1,,False,False,22.976898
ses_20260701-022828-yuvraj,I,予算差異分析,finance,,BV-075754-001,2026-07-01 02:30:53.161100+00:00,,1,M1-I-1,1,,False,False,
ses_20260701-022828-yuvraj,I,予算差異分析,finance,,BV-075754-002,2026-07-01 02:32:16.632626+00:00,2026-07-01 02:33:14.392415+00:00,1,M1-I-2,2,,False,False,57.759789
ses_20260701-022828-yuvraj,C,育児・産休申請確認,hr,,LA-075754-001,2026-07-01 02:33:14.392415+00:00,2026-07-01 02:33:52.463012+00:00,1,M1-C-1,1,,False,False,38.070597
ses_20260701-022828-yuvraj,O,返品処理,ops,,RET-075754-001,2026-07-01 02:33:52.463610+00:00,2026-07-01 02:34:37.667947+00:00,1,M1-O-1,1,,False,False,45.204337
ses_20260701-022828-yuvraj,K,受注処理,ops,std,ORD-075754-002,2026-07-01 02:34:37.668461+00:00,2026-07-01 02:35:00.638946+00:00,1,M1-K-2,2,,False,False,22.970485
ses_20260701-022828-yuvraj,I,予算差異分析,finance,,BV-075754-003,2026-07-01 02:35:46.081178+00:00,2026-07-01 02:36:53.079917+00:00,1,M1-I-3,3,,False,False,66.998739
ses_20260701-022828-yuvraj,C,育児・産休申請確認,hr,,LA-075754-002,2026-07-01 02:36:53.080937+00:00,2026-07-01 02:37:28.107369+00:00,1,M1-C-2,2,,False,False,35.026432
ses_20260701-022828-yuvraj,K,受注処理,ops,std,ORD-075754-003,2026-07-01 02:37:28.107369+00:00,,2,M1-K-3,3,M1-K-split-1,False,False,
ses_20260701-022828-yuvraj,K,受注処理,ops,exc,ORD-075754-004,2026-07-01 02:38:40.862182+00:00,2026-07-01 02:40:48.764827+00:00,2,M1-K-4,4,M1-K-split-1,True,True,127.902645
ses_20260701-022828-yuvraj,H,銀行勘定照合,finance,,BR-075754-001,2026-07-01 02:40:48.764827+00:00,2026-07-01 02:41:16.318655+00:00,1,M1-H-1,1,,False,False,27.553828
ses_20260701-022828-yuvraj,D,社保・年金補正対応,hr,,SI-075754-001,2026-07-01 02:41:16.320096+00:00,2026-07-01 02:41:55.981836+00:00,1,M1-D-1,1,,False,False,39.66174
ses_20260701-022828-yuvraj,C,育児・産休申請確認,hr,,LA-075754-003,2026-07-01 02:41:55.981836+00:00,2026-07-01 02:42:33.936772+00:00,1,M1-C-3,3,,False,False,37.954936
ses_20260701-022828-yuvraj,H,銀行勘定照合,finance,,BR-075754-002,2026-07-01 02:42:33.937298+00:00,2026-07-01 02:43:19.963140+00:00,1,M1-H-2,2,,False,False,46.025842
ses_20260701-022828-yuvraj,D,社保・年金補正対応,hr,,SI-075754-002,2026-07-01 02:43:19.965014+00:00,2026-07-01 02:43:52.354031+00:00,1,M1-D-2,2,,False,False,32.389017
ses_20260701-022828-yuvraj,O,返品処理,ops,,RET-075754-002,2026-07-01 02:43:52.354549+00:00,2026-07-01 02:44:17.457859+00:00,1,M1-O-2,2,,False,False,25.10331
ses_20260701-022828-yuvraj,H,銀行勘定照合,finance,,BR-075754-003,2026-07-01 02:44:17.457859+00:00,2026-07-01 02:44:46.196437+00:00,1,M1-H-3,3,,False,False,28.738578
ses_20260701-022828-yuvraj,C,育児・産休申請確認,hr,,LA-075754-004,2026-07-01 02:44:46.197986+00:00,2026-07-01 02:45:23.782187+00:00,1,M1-C-4,4,,False,False,37.584201
ses_20260701-022828-yuvraj,E,入社照合・手当確認,hr,,OB-075754-001,2026-07-01 02:45:23.782896+00:00,2026-07-01 02:45:46.193638+00:00,1,M1-E-1,1,,False,False,22.410742
ses_20260701-022828-yuvraj,D,社保・年金補正対応,hr,,SI-075754-003,2026-07-01 02:45:46.194176+00:00,2026-07-01 02:46:25.556486+00:00,1,M1-D-3,3,,False,False,39.36231
ses_20260701-022828-yuvraj,H,銀行勘定照合,finance,,BR-075754-004,2026-07-01 02:46:25.556486+00:00,2026-07-01 02:46:50.916177+00:00,1,M1-H-4,4,,False,False,25.359691
ses_20260701-022828-yuvraj,L,在庫調整,ops,reg,STK-075754-002,2026-07-01 02:46:50.916693+00:00,2026-07-01 02:47:13.509977+00:00,1,M1-L-2,2,,False,False,22.593284
ses_20260701-022828-yuvraj,O,返品処理,ops,,RET-075754-003,2026-07-01 02:47:14.773996+00:00,2026-07-01 02:47:42.814854+00:00,1,M1-O-3,3,,False,False,28.040858
ses_20260701-022828-yuvraj,E,入社照合・手当確認,hr,,OB-075754-002,2026-07-01 02:47:42.816930+00:00,2026-07-01 02:48:08.709517+00:00,1,M1-E-2,2,,False,False,25.892587
ses_20260701-022828-yuvraj,L,在庫調整,ops,reg,STK-075754-003,2026-07-01 02:48:08.709517+00:00,,2,M1-L-3,3,M1-L-split-1,False,False,
ses_20260701-022828-yuvraj,L,在庫調整,ops,adj,STK-075754-004,2026-07-01 02:48:33.980420+00:00,2026-07-01 02:48:56.544410+00:00,2,M1-L-4,4,M1-L-split-1,False,False,22.56399
ses_20260701-022828-yuvraj,E,入社照合・手当確認,hr,,OB-075754-003,2026-07-01 02:48:56.545470+00:00,2026-07-01 02:49:33.210090+00:00,1,M1-E-3,3,,False,False,36.66462
ses_20260701-030836-yuvraj,N,出荷追跡,ops,,SHP-083800-001,2026-07-01 03:09:31.158144+00:00,2026-07-01 03:10:02.768371+00:00,1,M1-N-1,1,,False,False,31.610227
ses_20260701-030836-yuvraj,K,受注処理,ops,std,ORD-083800-001,2026-07-01 03:10:02.769485+00:00,2026-07-01 03:11:03.743078+00:00,1,M1-K-1,1,,False,False,60.973593
ses_20260701-030836-yuvraj,N,出荷追跡,ops,,SHP-083800-002,2026-07-01 03:11:03.743678+00:00,2026-07-01 03:11:34.976003+00:00,1,M1-N-2,2,,False,False,31.232325
ses_20260701-030836-yuvraj,D,社保・年金補正対応,hr,,SI-083800-001,2026-07-01 03:11:34.977577+00:00,2026-07-01 03:12:10.929142+00:00,1,M1-D-1,1,,False,False,35.951565
ses_20260701-030836-yuvraj,N,出荷追跡,ops,,SHP-083800-003,2026-07-01 03:12:10.930161+00:00,2026-07-01 03:13:24.258613+00:00,1,M1-N-3,3,,False,False,73.328452
ses_20260701-030836-yuvraj,G,経費精算承認,finance,reg,EXP-083800-001,2026-07-01 03:13:24.259643+00:00,2026-07-01 03:13:43.073930+00:00,1,M1-G-1,1,,False,False,18.814287
ses_20260701-030836-yuvraj,J,支払処理,finance,,PM-083800-001,2026-07-01 03:13:43.074462+00:00,2026-07-01 03:14:06.426531+00:00,1,M1-J-1,1,,False,False,23.352069
ses_20260701-030836-yuvraj,D,社保・年金補正対応,hr,,SI-083800-002,2026-07-01 03:14:06.426531+00:00,2026-07-01 03:14:42.113111+00:00,1,M1-D-2,2,,False,False,35.68658
ses_20260701-030836-yuvraj,L,在庫調整,ops,reg,STK-083800-001,2026-07-01 03:14:42.113629+00:00,2026-07-01 03:15:06.894779+00:00,1,M1-L-1,1,,False,False,24.78115
ses_20260701-030836-yuvraj,D,社保・年金補正対応,hr,,SI-083800-003,2026-07-01 03:15:06.896008+00:00,2026-07-01 03:17:09.312125+00:00,1,M1-D-3,3,,True,True,122.416117
ses_20260701-030836-yuvraj,C,育児・産休申請確認,hr,,LA-083800-001,2026-07-01 03:17:09.313652+00:00,2026-07-01 03:17:48.098496+00:00,1,M1-C-1,1,,False,False,38.784844
ses_20260701-030836-yuvraj,G,経費精算承認,finance,reg,EXP-083800-002,2026-07-01 03:17:48.099519+00:00,2026-07-01 03:18:08.966657+00:00,1,M1-G-2,2,,False,False,20.867138
ses_20260701-030836-yuvraj,J,支払処理,finance,,PM-083800-002,2026-07-01 03:18:08.966657+00:00,,1,M1-J-2,2,,False,False,
ses_20260701-030836-yuvraj,J,支払処理,finance,,PM-083800-003,2026-07-01 03:18:36.291129+00:00,2026-07-01 03:18:58.980917+00:00,1,M1-J-3,3,,False,False,22.689788
ses_20260701-030836-yuvraj,H,銀行勘定照合,finance,,BR-083800-001,2026-07-01 03:18:58.980917+00:00,2026-07-01 03:19:26.798063+00:00,1,M1-H-1,1,,False,False,27.817146
ses_20260701-030836-yuvraj,K,受注処理,ops,std,ORD-083800-002,2026-07-01 03:19:26.799149+00:00,2026-07-01 03:19:51.307740+00:00,1,M1-K-2,2,,False,False,24.508591
ses_20260701-030836-yuvraj,H,銀行勘定照合,finance,,BR-083800-002,2026-07-01 03:20:28.535564+00:00,2026-07-01 03:20:56.954826+00:00,1,M1-H-2,2,,False,False,28.419262
ses_20260701-030836-yuvraj,L,在庫調整,ops,reg,STK-083800-002,2026-07-01 03:20:56.956392+00:00,,1,M1-L-2,2,,False,False,
ses_20260701-030836-yuvraj,L,在庫調整,ops,reg,STK-083800-003,2026-07-01 03:21:20.531190+00:00,2026-07-01 03:21:57.171138+00:00,1,M1-L-3,3,,False,False,36.639948
ses_20260701-030836-yuvraj,G,経費精算承認,finance,reg,EXP-083800-003,2026-07-01 03:21:57.172920+00:00,2026-07-01 03:22:21.893969+00:00,1,M1-G-3,3,,False,False,24.721049
ses_20260701-030836-yuvraj,C,育児・産休申請確認,hr,,LA-083800-002,2026-07-01 03:22:21.894979+00:00,2026-07-01 03:23:02.101830+00:00,1,M1-C-2,2,,False,False,40.206851
ses_20260701-030836-yuvraj,G,経費精算承認,finance,adj,EXP-083800-004,2026-07-01 03:23:02.102862+00:00,2026-07-01 03:23:34.234585+00:00,1,M1-G-4,4,,False,False,32.131723
ses_20260701-030836-yuvraj,L,在庫調整,ops,adj,STK-083800-004,2026-07-01 03:23:34.234585+00:00,2026-07-01 03:23:58.812651+00:00,1,M1-L-4,4,,False,False,24.578066
ses_20260701-030836-yuvraj,C,育児・産休申請確認,hr,,LA-083800-003,2026-07-01 03:23:58.814401+00:00,,1,M1-C-3,3,,False,False,
ses_20260701-030836-yuvraj,C,育児・産休申請確認,hr,,LA-083800-004,2026-07-01 03:24:41.989224+00:00,2026-07-01 03:25:16.982814+00:00,1,M1-C-4,4,,False,False,34.99359
ses_20260701-030836-yuvraj,H,銀行勘定照合,finance,,BR-083800-003,2026-07-01 03:25:16.984370+00:00,2026-07-01 03:26:04.071554+00:00,1,M1-H-3,3,,False,False,47.087184
ses_20260701-030836-yuvraj,K,受注処理,ops,std,ORD-083800-003,2026-07-01 03:26:04.073116+00:00,2026-07-01 03:27:14.345513+00:00,2,M1-K-3,3,M1-K-split-1,False,False,70.272397
ses_20260701-032825-CHAITANYA0BCF,C,育児・産休申請確認,hr,,LA-085736-001,2026-07-01 03:29:19.940364+00:00,2026-07-01 03:29:59.488821+00:00,1,M1-C-1,1,,False,False,39.548457
ses_20260701-032825-CHAITANYA0BCF,N,出荷追跡,ops,,SHP-085736-001,2026-07-01 03:29:59.490416+00:00,2026-07-01 03:30:38.949756+00:00,1,M1-N-1,1,,False,False,39.45934
ses_20260701-032825-CHAITANYA0BCF,B,給与備考・控除整備,hr,reg,PI-085736-001,2026-07-01 03:30:38.949756+00:00,2026-07-01 03:31:44.799913+00:00,1,M1-B-1,1,,True,True,65.850157
ses_20260701-032825-CHAITANYA0BCF,H,銀行勘定照合,finance,,BR-085736-001,2026-07-01 03:31:44.801030+00:00,2026-07-01 03:32:11.227738+00:00,1,M1-H-1,1,,False,False,26.426708
ses_20260701-032825-CHAITANYA0BCF,B,給与備考・控除整備,hr,reg,PI-085736-002,2026-07-01 03:32:11.229878+00:00,2026-07-01 03:32:35.117453+00:00,1,M1-B-2,2,,False,False,23.887575
ses_20260701-032825-CHAITANYA0BCF,I,予算差異分析,finance,,BV-085736-001,2026-07-01 03:33:31.199862+00:00,2026-07-01 03:34:41.499504+00:00,1,M1-I-1,1,,False,False,70.299642
ses_20260701-032825-CHAITANYA0BCF,D,社保・年金補正対応,hr,,SI-085736-001,2026-07-01 03:34:41.501229+00:00,2026-07-01 03:35:15.787623+00:00,1,M1-D-1,1,,False,False,34.286394
ses_20260701-032825-CHAITANYA0BCF,H,銀行勘定照合,finance,,BR-085736-002,2026-07-01 03:35:15.789254+00:00,2026-07-01 03:35:42.020419+00:00,1,M1-H-2,2,,False,False,26.231165
ses_20260701-032825-CHAITANYA0BCF,I,予算差異分析,finance,,BV-085736-002,2026-07-01 03:35:42.023473+00:00,2026-07-01 03:36:44.558913+00:00,1,M1-I-2,2,,False,False,62.53544
ses_20260701-032825-CHAITANYA0BCF,C,育児・産休申請確認,hr,,LA-085736-002,2026-07-01 03:36:44.560512+00:00,2026-07-01 03:37:50.112127+00:00,1,M1-C-2,2,,False,False,65.551615
ses_20260701-032825-CHAITANYA0BCF,I,予算差異分析,finance,,BV-085736-003,2026-07-01 03:37:50.112127+00:00,2026-07-01 03:40:30.091062+00:00,1,M1-I-3,3,,False,False,159.978935
ses_20260701-032825-CHAITANYA0BCF,E,入社照合・手当確認,hr,,OB-085736-001,2026-07-01 03:40:30.095698+00:00,2026-07-01 03:41:00.537504+00:00,1,M1-E-1,1,,False,False,30.441806
ses_20260701-032825-CHAITANYA0BCF,A,住民税通知確認,hr,std,RT-085736-001,2026-07-01 03:41:00.537504+00:00,2026-07-01 03:41:28.046517+00:00,1,M1-A-1,1,,False,False,27.509013
ses_20260701-032825-CHAITANYA0BCF,B,給与備考・控除整備,hr,reg,PI-085736-003,2026-07-01 03:41:28.047527+00:00,,2,M1-B-3,3,M1-B-split-1,False,False,
ses_20260701-032825-CHAITANYA0BCF,B,給与備考・控除整備,hr,adj,PI-085736-004,2026-07-01 03:42:51.387917+00:00,2026-07-01 03:44:04.739748+00:00,2,M1-B-4,4,M1-B-split-1,False,False,73.351831
ses_20260701-032825-CHAITANYA0BCF,H,銀行勘定照合,finance,,BR-085736-003,2026-07-01 03:44:04.741349+00:00,,1,M1-H-3,3,,False,False,
ses_20260701-032825-CHAITANYA0BCF,H,銀行勘定照合,finance,,BR-085736-004,2026-07-01 03:44:33.992607+00:00,2026-07-01 03:45:00.752540+00:00,1,M1-H-4,4,,False,False,26.759933
ses_20260701-032825-CHAITANYA0BCF,N,出荷追跡,ops,,SHP-085736-002,2026-07-01 03:45:00.752540+00:00,,1,M1-N-2,2,,False,False,
ses_20260701-032825-CHAITANYA0BCF,N,出荷追跡,ops,,SHP-085736-003,2026-07-01 03:45:42.589056+00:00,2026-07-01 03:46:14.493900+00:00,1,M1-N-3,3,,False,False,31.904844
ses_20260701-032825-CHAITANYA0BCF,A,住民税通知確認,hr,std,RT-085736-002,2026-07-01 03:46:14.493900+00:00,2026-07-01 03:46:40.896227+00:00,1,M1-A-2,2,,False,False,26.402327
ses_20260701-032825-CHAITANYA0BCF,C,育児・産休申請確認,hr,,LA-085736-003,2026-07-01 03:46:40.897324+00:00,2026-07-01 03:47:15.676713+00:00,1,M1-C-3,3,,False,False,34.779389
ses_20260701-032825-CHAITANYA0BCF,D,社保・年金補正対応,hr,,SI-085736-002,2026-07-01 03:47:15.677742+00:00,,1,M1-D-2,2,,False,False,
ses_20260701-032825-CHAITANYA0BCF,D,社保・年金補正対応,hr,,SI-085736-003,2026-07-01 03:47:50.432721+00:00,2026-07-01 03:48:26.476161+00:00,1,M1-D-3,3,,False,False,36.04344
ses_20260701-032825-CHAITANYA0BCF,J,支払処理,finance,,PM-085736-001,2026-07-01 03:48:26.476693+00:00,2026-07-01 03:48:56.337067+00:00,1,M1-J-1,1,,False,False,29.860374
ses_20260701-032825-CHAITANYA0BCF,A,住民税通知確認,hr,std,RT-085736-003,2026-07-01 03:48:56.338631+00:00,2026-07-01 03:49:26.746912+00:00,1,M1-A-3,3,,False,False,30.408281
ses_20260701-032825-CHAITANYA0BCF,J,支払処理,finance,,PM-085736-002,2026-07-01 03:49:26.746912+00:00,2026-07-01 03:49:55.825812+00:00,1,M1-J-2,2,,False,False,29.0789
ses_20260701-032825-CHAITANYA0BCF,E,入社照合・手当確認,hr,,OB-085736-002,2026-07-01 03:49:55.825812+00:00,2026-07-01 03:50:26.590587+00:00,1,M1-E-2,2,,False,False,30.764775
ses_20260701-032825-CHAITANYA0BCF,C,育児・産休申請確認,hr,,LA-085736-004,2026-07-01 03:50:26.592187+00:00,2026-07-01 03:51:03.937753+00:00,1,M1-C-4,4,,False,False,37.345566
ses_20260701-032825-CHAITANYA0BCF,E,入社照合・手当確認,hr,,OB-085736-003,2026-07-01 03:51:03.938821+00:00,2026-07-01 03:51:29.885371+00:00,1,M1-E-3,3,,False,False,25.94655
ses_20260701-032825-CHAITANYA0BCF,J,支払処理,finance,,PM-085736-003,2026-07-01 03:51:29.885371+00:00,2026-07-01 03:52:19.090076+00:00,1,M1-J-3,3,,False,False,49.204705
ses_20260701-035622-SIDDHIGUPTAB00B,B,給与備考・控除整備,hr,reg,PI-092612-001,2026-07-01 03:57:45.068404+00:00,2026-07-01 03:58:13.684470+00:00,1,M1-B-1,1,,True,True,28.616066
ses_20260701-035622-SIDDHIGUPTAB00B,L,在庫調整,ops,reg,STK-092612-001,2026-07-01 03:58:13.686616+00:00,2026-07-01 03:58:34.351866+00:00,1,M1-L-1,1,,False,False,20.66525
ses_20260701-035622-SIDDHIGUPTAB00B,B,給与備考・控除整備,hr,reg,PI-092612-002,2026-07-01 03:58:34.355370+00:00,2026-07-01 03:58:57.665560+00:00,1,M1-B-2,2,,False,False,23.31019
ses_20260701-035622-SIDDHIGUPTAB00B,G,経費精算承認,finance,reg,EXP-092612-001,2026-07-01 04:00:22.971516+00:00,2026-07-01 04:00:47.066803+00:00,1,M1-G-1,1,,False,False,24.095287
ses_20260701-035622-SIDDHIGUPTAB00B,M,仕入先連絡,ops,,SUP-092612-001,2026-07-01 04:00:47.074357+00:00,2026-07-01 04:01:27.765043+00:00,1,M1-M-1,1,,False,False,40.690686
ses_20260701-035622-SIDDHIGUPTAB00B,I,予算差異分析,finance,,BV-092612-001,2026-07-01 04:01:27.768149+00:00,2026-07-01 04:02:33.390638+00:00,1,M1-I-1,1,,False,False,65.622489
ses_20260701-035622-SIDDHIGUPTAB00B,F,請求書承認,finance,std,INV-092612-001,2026-07-01 04:02:33.397063+00:00,2026-07-01 04:03:00.776884+00:00,1,M1-F-1,1,,False,False,27.379821
ses_20260701-035622-SIDDHIGUPTAB00B,E,入社照合・手当確認,hr,,OB-092612-001,2026-07-01 04:03:00.784196+00:00,2026-07-01 04:03:32.192881+00:00,1,M1-E-1,1,,False,False,31.408685
ses_20260701-035622-SIDDHIGUPTAB00B,F,請求書承認,finance,std,INV-092612-002,2026-07-01 04:03:32.194572+00:00,2026-07-01 04:03:53.924777+00:00,1,M1-F-2,2,,False,False,21.730205
ses_20260701-035622-SIDDHIGUPTAB00B,D,社保・年金補正対応,hr,,SI-092612-001,2026-07-01 04:05:54.900232+00:00,2026-07-01 04:06:45.974262+00:00,1,M1-D-1,1,,False,False,51.07403
ses_20260701-035622-SIDDHIGUPTAB00B,B,給与備考・控除整備,hr,reg,PI-092612-003,2026-07-01 04:06:45.981313+00:00,2026-07-01 04:07:27.462322+00:00,2,M1-B-3,3,M1-B-split-1,False,False,41.481009
ses_20260701-035622-SIDDHIGUPTAB00B,L,在庫調整,ops,reg,STK-092612-002,2026-07-01 04:07:27.473472+00:00,2026-07-01 04:07:54.281046+00:00,1,M1-L-2,2,,False,False,26.807574
ses_20260701-035622-SIDDHIGUPTAB00B,F,請求書承認,finance,std,INV-092612-003,2026-07-01 04:07:54.286133+00:00,,2,M1-F-3,3,M1-F-split-1,False,False,
ses_20260701-035622-SIDDHIGUPTAB00B,F,請求書承認,finance,exc,INV-092612-004,2026-07-01 04:08:19.150909+00:00,2026-07-01 04:08:48.676613+00:00,2,M1-F-4,4,M1-F-split-1,False,False,29.525704
ses_20260701-035622-SIDDHIGUPTAB00B,G,経費精算承認,finance,reg,EXP-092612-002,2026-07-01 04:08:48.681909+00:00,2026-07-01 04:09:11.695393+00:00,1,M1-G-2,2,,False,False,23.013484
ses_20260701-035622-SIDDHIGUPTAB00B,I,予算差異分析,finance,,BV-092612-002,2026-07-01 04:09:11.701579+00:00,2026-07-01 04:10:13.885032+00:00,1,M1-I-2,2,,False,False,62.183453
ses_20260701-035622-SIDDHIGUPTAB00B,G,経費精算承認,finance,reg,EXP-092612-003,2026-07-01 04:10:13.889368+00:00,2026-07-01 04:10:32.270220+00:00,1,M1-G-3,3,,False,False,18.380852
ses_20260701-035622-SIDDHIGUPTAB00B,L,在庫調整,ops,reg,STK-092612-003,2026-07-01 04:10:32.273119+00:00,2026-07-01 04:10:53.755382+00:00,1,M1-L-3,3,,False,False,21.482263
ses_20260701-035622-SIDDHIGUPTAB00B,K,受注処理,ops,std,ORD-092612-001,2026-07-01 04:10:53.761756+00:00,2026-07-01 04:11:31.342177+00:00,1,M1-K-1,1,,False,False,37.580421
ses_20260701-035622-SIDDHIGUPTAB00B,N,出荷追跡,ops,,SHP-092612-001,2026-07-01 04:11:31.846051+00:00,2026-07-01 04:12:30.036172+00:00,1,M1-N-1,1,,False,False,58.190121
ses_20260701-035622-SIDDHIGUPTAB00B,H,銀行勘定照合,finance,,BR-092612-001,2026-07-01 04:12:30.043192+00:00,2026-07-01 04:12:56.970737+00:00,1,M1-H-1,1,,False,False,26.927545
ses_20260701-035622-SIDDHIGUPTAB00B,K,受注処理,ops,std,ORD-092612-002,2026-07-01 04:12:57.005462+00:00,2026-07-01 04:13:43.428081+00:00,1,M1-K-2,2,,False,False,46.422619
ses_20260701-035622-SIDDHIGUPTAB00B,E,入社照合・手当確認,hr,,OB-092612-002,2026-07-01 04:13:43.446150+00:00,2026-07-01 04:14:12.258774+00:00,1,M1-E-2,2,,False,False,28.812624
ses_20260701-035622-SIDDHIGUPTAB00B,K,受注処理,ops,std,ORD-092612-003,2026-07-01 04:14:12.261332+00:00,2026-07-01 04:14:59.475213+00:00,1,M1-K-3,3,,False,False,47.213881
ses_20260701-035622-SIDDHIGUPTAB00B,N,出荷追跡,ops,,SHP-092612-002,2026-07-01 04:14:59.481364+00:00,,1,M1-N-2,2,,False,False,
ses_20260701-035622-SIDDHIGUPTAB00B,N,出荷追跡,ops,,SHP-092612-003,2026-07-01 04:15:42.099576+00:00,2026-07-01 04:16:18.996506+00:00,1,M1-N-3,3,,False,False,36.89693
ses_20260701-035622-SIDDHIGUPTAB00B,G,経費精算承認,finance,adj,EXP-092612-004,2026-07-01 04:16:19.003594+00:00,2026-07-01 04:16:47.614292+00:00,1,M1-G-4,4,,False,False,28.610698
ses_20260701-035622-SIDDHIGUPTAB00B,H,銀行勘定照合,finance,,BR-092612-002,2026-07-01 04:16:47.616589+00:00,2026-07-01 04:17:21.176599+00:00,1,M1-H-2,2,,False,False,33.56001
ses_20260701-035622-SIDDHIGUPTAB00B,E,入社照合・手当確認,hr,,OB-092612-003,2026-07-01 04:17:21.181967+00:00,2026-07-01 04:17:56.376089+00:00,1,M1-E-3,3,,False,False,35.194122
ses_20260701-035622-SIDDHIGUPTAB00B,H,銀行勘定照合,finance,,BR-092612-003,2026-07-01 04:17:56.381501+00:00,2026-07-01 04:18:30.680929+00:00,1,M1-H-3,3,,False,False,34.299428
ses_20260701-035622-SIDDHIGUPTAB00B,K,受注処理,ops,exc,ORD-092612-004,2026-07-01 04:18:30.684718+00:00,2026-07-01 04:19:06.442525+00:00,1,M1-K-4,4,,False,False,35.757807
ses_20260701-035622-SIDDHIGUPTAB00B,M,仕入先連絡,ops,,SUP-092612-002,2026-07-01 04:19:06.447115+00:00,2026-07-01 04:20:04.893898+00:00,1,M1-M-2,2,,False,False,58.446783
ses_20260701-035622-SIDDHIGUPTAB00B,D,社保・年金補正対応,hr,,SI-092612-002,2026-07-01 04:20:04.925452+00:00,2026-07-01 04:20:49.058760+00:00,1,M1-D-2,2,,False,False,44.133308
ses_20260701-035622-SIDDHIGUPTAB00B,M,仕入先連絡,ops,,SUP-092612-003,2026-07-01 04:20:49.064429+00:00,,1,M1-M-3,3,,False,False,
ses_20260701-035622-SIDDHIGUPTAB00B,M,仕入先連絡,ops,,SUP-092612-004,2026-07-01 04:21:28.430435+00:00,2026-07-01 04:22:07.189026+00:00,1,M1-M-4,4,,False,False,38.758591
ses_20260701-035622-SIDDHIGUPTAB00B,I,予算差異分析,finance,,BV-092612-003,2026-07-01 04:22:07.191848+00:00,2026-07-01 04:23:13.557277+00:00,1,M1-I-3,3,,False,False,66.365429
ses_20260701-035622-SIDDHIGUPTAB00B,D,社保・年金補正対応,hr,,SI-092612-003,2026-07-01 04:23:13.561922+00:00,2026-07-01 04:24:16.203402+00:00,1,M1-D-3,3,,False,False,62.64148
ses_20260701-043922-SIDDHIGUPTAB00B,K,受注処理,ops,std,ORD-100848-001,2026-07-01 04:40:14.127234+00:00,2026-07-01 04:40:49.037451+00:00,1,M1-K-1,1,,False,False,34.910217
ses_20260701-043922-SIDDHIGUPTAB00B,L,在庫調整,ops,reg,STK-100848-001,2026-07-01 04:40:49.039261+00:00,2026-07-01 04:41:11.921964+00:00,1,M1-L-1,1,,False,False,22.882703
ses_20260701-043922-SIDDHIGUPTAB00B,F,請求書承認,finance,std,INV-100848-001,2026-07-01 04:41:11.933060+00:00,2026-07-01 04:42:07.599624+00:00,1,M1-F-1,1,,True,True,55.666564
ses_20260701-043922-SIDDHIGUPTAB00B,A,住民税通知確認,hr,std,RT-100848-001,2026-07-01 04:42:07.601685+00:00,,1,M1-A-1,1,,False,False,
ses_20260701-043922-SIDDHIGUPTAB00B,A,住民税通知確認,hr,std,RT-100848-002,2026-07-01 04:42:36.486621+00:00,2026-07-01 04:43:00.582992+00:00,1,M1-A-2,2,,False,False,24.096371
ses_20260701-043922-SIDDHIGUPTAB00B,G,経費精算承認,finance,reg,EXP-100848-001,2026-07-01 04:43:02.412155+00:00,2026-07-01 04:45:06.152695+00:00,1,M1-G-1,1,,False,False,123.74054
ses_20260701-043922-SIDDHIGUPTAB00B,J,支払処理,finance,,PM-100848-001,2026-07-01 04:45:06.155025+00:00,2026-07-01 04:45:52.233827+00:00,1,M1-J-1,1,,False,False,46.078802
ses_20260701-043922-SIDDHIGUPTAB00B,I,予算差異分析,finance,,BV-100848-001,2026-07-01 04:45:52.235376+00:00,2026-07-01 04:47:04.855421+00:00,1,M1-I-1,1,,False,False,72.620045
ses_20260701-043922-SIDDHIGUPTAB00B,B,給与備考・控除整備,hr,reg,PI-100848-001,2026-07-01 04:47:04.857366+00:00,2026-07-01 04:47:37.925252+00:00,1,M1-B-1,1,,False,False,33.067886
ses_20260701-043922-SIDDHIGUPTAB00B,A,住民税通知確認,hr,std,RT-100848-003,2026-07-01 04:47:37.927875+00:00,2026-07-01 04:48:20.314846+00:00,2,M1-A-3,3,M1-A-split-1,False,False,42.386971
ses_20260701-043922-SIDDHIGUPTAB00B,G,経費精算承認,finance,reg,EXP-100848-002,2026-07-01 04:48:20.317367+00:00,2026-07-01 04:49:08.685884+00:00,1,M1-G-2,2,,False,False,48.368517
ses_20260701-043922-SIDDHIGUPTAB00B,B,給与備考・控除整備,hr,reg,PI-100848-002,2026-07-01 04:49:08.692800+00:00,2026-07-01 04:49:48.602904+00:00,1,M1-B-2,2,,False,False,39.910104
ses_20260701-043922-SIDDHIGUPTAB00B,F,請求書承認,finance,std,INV-100848-002,2026-07-01 04:49:48.604678+00:00,2026-07-01 04:50:38.255870+00:00,1,M1-F-2,2,,False,False,49.651192
ses_20260701-043922-SIDDHIGUPTAB00B,I,予算差異分析,finance,,BV-100848-002,2026-07-01 04:51:13.093628+00:00,2026-07-01 04:52:45.336697+00:00,1,M1-I-2,2,,False,False,92.243069
ses_20260701-043922-SIDDHIGUPTAB00B,H,銀行勘定照合,finance,,BR-100848-001,2026-07-01 04:52:45.338870+00:00,2026-07-01 04:53:38.284414+00:00,1,M1-H-1,1,,False,False,52.945544
ses_20260701-043922-SIDDHIGUPTAB00B,K,受注処理,ops,std,ORD-100848-002,2026-07-01 04:53:38.289467+00:00,2026-07-01 04:54:20.997998+00:00,1,M1-K-2,2,,False,False,42.708531
ses_20260701-043922-SIDDHIGUPTAB00B,L,在庫調整,ops,reg,STK-100848-002,2026-07-01 04:54:21.001304+00:00,2026-07-01 04:55:03.700797+00:00,1,M1-L-2,2,,False,False,42.699493
ses_20260701-043922-SIDDHIGUPTAB00B,J,支払処理,finance,,PM-100848-002,2026-07-01 04:55:03.702124+00:00,2026-07-01 04:56:05.694701+00:00,1,M1-J-2,2,,False,False,61.992577
ses_20260701-043922-SIDDHIGUPTAB00B,K,受注処理,ops,std,ORD-100848-003,2026-07-01 04:56:05.700430+00:00,2026-07-01 04:56:52.154752+00:00,1,M1-K-3,3,,False,False,46.454322
ses_20260701-043922-SIDDHIGUPTAB00B,N,出荷追跡,ops,,SHP-100848-001,2026-07-01 04:56:52.157114+00:00,2026-07-01 04:57:43.607254+00:00,1,M1-N-1,1,,False,False,51.45014
ses_20260701-043922-SIDDHIGUPTAB00B,D,社保・年金補正対応,hr,,SI-100848-001,2026-07-01 04:57:43.609071+00:00,2026-07-01 04:58:35.430576+00:00,1,M1-D-1,1,,False,False,51.821505
ses_20260701-043922-SIDDHIGUPTAB00B,F,請求書承認,finance,std,INV-100848-003,2026-07-01 04:58:35.437957+00:00,2026-07-01 05:00:01.866161+00:00,2,M1-F-3,3,M1-F-split-1,False,False,86.428204
ses_20260701-043922-SIDDHIGUPTAB00B,I,予算差異分析,finance,,BV-100848-003,2026-07-01 05:00:01.885100+00:00,2026-07-01 05:01:33.317673+00:00,1,M1-I-3,3,,False,False,91.432573
ses_20260701-043922-SIDDHIGUPTAB00B,B,給与備考・控除整備,hr,reg,PI-100848-003,2026-07-01 05:01:33.321340+00:00,2026-07-01 05:02:18.628519+00:00,1,M1-B-3,3,,False,False,45.307179
ses_20260701-043922-SIDDHIGUPTAB00B,F,請求書承認,finance,exc,INV-100848-004,2026-07-01 05:02:18.630410+00:00,2026-07-01 05:03:33.622451+00:00,2,M1-F-4,4,M1-F-split-1,False,False,74.992041
ses_20260701-043922-SIDDHIGUPTAB00B,K,受注処理,ops,exc,ORD-100848-004,2026-07-01 05:03:33.624195+00:00,2026-07-01 05:04:20.745476+00:00,1,M1-K-4,4,,False,False,47.121281
ses_20260701-043922-SIDDHIGUPTAB00B,L,在庫調整,ops,reg,STK-100848-003,2026-07-01 05:04:20.749014+00:00,2026-07-01 05:05:00.531234+00:00,1,M1-L-3,3,,False,False,39.78222
ses_20260701-043922-SIDDHIGUPTAB00B,N,出荷追跡,ops,,SHP-100848-002,2026-07-01 05:05:00.532863+00:00,2026-07-01 05:05:56.931519+00:00,1,M1-N-2,2,,False,False,56.398656
ses_20260701-043922-SIDDHIGUPTAB00B,K,受注処理,ops,exc,ORD-100848-005,2026-07-01 05:05:56.933196+00:00,2026-07-01 05:06:43.870949+00:00,1,M1-K-5,5,,False,False,46.937753
ses_20260701-043922-SIDDHIGUPTAB00B,G,経費精算承認,finance,reg,EXP-100848-003,2026-07-01 05:06:43.872568+00:00,2026-07-01 05:07:31.715793+00:00,1,M1-G-3,3,,False,False,47.843225
ses_20260701-043922-SIDDHIGUPTAB00B,H,銀行勘定照合,finance,,BR-100848-002,2026-07-01 05:07:31.718704+00:00,2026-07-01 05:08:21.779956+00:00,1,M1-H-2,2,,False,False,50.061252
ses_20260701-043922-SIDDHIGUPTAB00B,G,経費精算承認,finance,adj,EXP-100848-004,2026-07-01 05:08:21.805226+00:00,2026-07-01 05:09:07.423664+00:00,1,M1-G-4,4,,False,False,45.618438
ses_20260701-043922-SIDDHIGUPTAB00B,H,銀行勘定照合,finance,,BR-100848-003,2026-07-01 05:09:07.430423+00:00,2026-07-01 05:09:56.967177+00:00,1,M1-H-3,3,,False,False,49.536754
ses_20260701-043922-SIDDHIGUPTAB00B,J,支払処理,finance,,PM-100848-003,2026-07-01 05:09:56.975454+00:00,2026-07-01 05:10:40.966230+00:00,1,M1-J-3,3,,False,False,43.990776
ses_20260701-043922-SIDDHIGUPTAB00B,C,育児・産休申請確認,hr,,LA-100848-001,2026-07-01 05:10:40.970131+00:00,2026-07-01 05:11:49.694372+00:00,1,M1-C-1,1,,False,False,68.724241
ses_20260701-043922-SIDDHIGUPTAB00B,N,出荷追跡,ops,,SHP-100848-003,2026-07-01 05:11:49.732802+00:00,2026-07-01 05:12:49.774769+00:00,1,M1-N-3,3,,False,False,60.041967
ses_20260701-043922-SIDDHIGUPTAB00B,D,社保・年金補正対応,hr,,SI-100848-002,2026-07-01 05:12:49.778361+00:00,,1,M1-D-2,2,,False,False,
ses_20260701-043922-SIDDHIGUPTAB00B,D,社保・年金補正対応,hr,,SI-100848-003,2026-07-01 05:14:00.723215+00:00,2026-07-01 05:14:59.175098+00:00,1,M1-D-3,3,,False,False,58.451883
ses_20260701-043922-SIDDHIGUPTAB00B,C,育児・産休申請確認,hr,,LA-100848-002,2026-07-01 05:14:59.176901+00:00,,1,M1-C-2,2,,False,False,
ses_20260701-043922-SIDDHIGUPTAB00B,C,育児・産休申請確認,hr,,LA-100848-003,2026-07-01 05:15:58.592155+00:00,,1,M1-C-3,3,,False,False,
ses_20260701-043922-SIDDHIGUPTAB00B,C,育児・産休申請確認,hr,,LA-100848-004,2026-07-01 05:16:36.834742+00:00,2026-07-01 05:17:18.209381+00:00,1,M1-C-4,4,,False,False,41.374639
ses_20260701-051820-CHAITANYA0BCF,I,予算差異分析,finance,,BV-101000-001,2026-07-01 05:19:14.814928+00:00,2026-07-01 05:20:15.943732+00:00,1,M1-I-1,1,,False,False,61.128804
ses_20260701-051820-CHAITANYA0BCF,C,育児・産休申請確認,hr,,LA-101000-001,2026-07-01 05:20:15.945376+00:00,2026-07-01 05:20:58.084064+00:00,1,M1-C-1,1,,False,False,42.138688
ses_20260701-051820-CHAITANYA0BCF,M,仕入先連絡,ops,,SUP-101000-001,2026-07-01 05:20:58.084064+00:00,2026-07-01 05:21:35.178522+00:00,1,M1-M-1,1,,False,False,37.094458
ses_20260701-051820-CHAITANYA0BCF,L,在庫調整,ops,reg,STK-101000-001,2026-07-01 05:21:35.180539+00:00,2026-07-01 05:21:58.532375+00:00,1,M1-L-1,1,,False,False,23.351836
ses_20260701-051820-CHAITANYA0BCF,E,入社照合・手当確認,hr,,OB-101000-001,2026-07-01 05:21:58.534385+00:00,2026-07-01 05:22:28.081654+00:00,1,M1-E-1,1,,False,False,29.547269
ses_20260701-051820-CHAITANYA0BCF,D,社保・年金補正対応,hr,,SI-101000-001,2026-07-01 05:22:28.084350+00:00,,1,M1-D-1,1,,False,False,
ses_20260701-051820-CHAITANYA0BCF,D,社保・年金補正対応,hr,,SI-101000-002,2026-07-01 05:23:32.736148+00:00,2026-07-01 05:24:09.354661+00:00,1,M1-D-2,2,,False,False,36.618513
ses_20260701-051820-CHAITANYA0BCF,L,在庫調整,ops,reg,STK-101000-002,2026-07-01 05:24:09.355881+00:00,2026-07-01 05:24:34.849786+00:00,1,M1-L-2,2,,True,True,25.493905
ses_20260701-051820-CHAITANYA0BCF,M,仕入先連絡,ops,,SUP-101000-002,2026-07-01 05:24:34.851050+00:00,2026-07-01 05:25:12.531923+00:00,1,M1-M-2,2,,False,False,37.680873
ses_20260701-051820-CHAITANYA0BCF,C,育児・産休申請確認,hr,,LA-101000-002,2026-07-01 05:25:12.531923+00:00,2026-07-01 05:25:48.919517+00:00,1,M1-C-2,2,,False,False,36.387594
ses_20260701-051820-CHAITANYA0BCF,M,仕入先連絡,ops,,SUP-101000-003,2026-07-01 05:25:48.919517+00:00,2026-07-01 05:26:30.730356+00:00,1,M1-M-3,3,,False,False,41.810839
ses_20260701-051820-CHAITANYA0BCF,C,育児・産休申請確認,hr,,LA-101000-003,2026-07-01 05:26:30.732119+00:00,2026-07-01 05:27:12.483858+00:00,1,M1-C-3,3,,False,False,41.751739
ses_20260701-051820-CHAITANYA0BCF,L,在庫調整,ops,reg,STK-101000-003,2026-07-01 05:27:12.485460+00:00,2026-07-01 05:27:36.599378+00:00,1,M1-L-3,3,,False,False,24.113918
ses_20260701-051820-CHAITANYA0BCF,M,仕入先連絡,ops,,SUP-101000-004,2026-07-01 05:27:36.601650+00:00,2026-07-01 05:28:12.418395+00:00,1,M1-M-4,4,,False,False,35.816745
ses_20260701-051820-CHAITANYA0BCF,I,予算差異分析,finance,,BV-101000-002,2026-07-01 05:28:12.420006+00:00,2026-07-01 05:29:16.111558+00:00,1,M1-I-2,2,,False,False,63.691552
ses_20260701-051820-CHAITANYA0BCF,L,在庫調整,ops,adj,STK-101000-004,2026-07-01 05:29:16.113135+00:00,2026-07-01 05:29:46.063095+00:00,1,M1-L-4,4,,False,False,29.94996
ses_20260701-051820-CHAITANYA0BCF,C,育児・産休申請確認,hr,,LA-101000-004,2026-07-01 05:29:46.063095+00:00,2026-07-01 05:30:27.326139+00:00,1,M1-C-4,4,,False,False,41.263044
ses_20260701-051820-CHAITANYA0BCF,D,社保・年金補正対応,hr,,SI-101000-003,2026-07-01 05:30:27.326139+00:00,2026-07-01 05:31:04.650078+00:00,1,M1-D-3,3,,False,False,37.323939
ses_20260701-051820-CHAITANYA0BCF,B,給与備考・控除整備,hr,reg,PI-101000-001,2026-07-01 05:31:04.650078+00:00,2026-07-01 05:31:27.329524+00:00,1,M1-B-1,1,,False,False,22.679446
ses_20260701-051820-CHAITANYA0BCF,J,支払処理,finance,,PM-101000-001,2026-07-01 05:31:27.329524+00:00,2026-07-01 05:31:52.057212+00:00,1,M1-J-1,1,,False,False,24.727688
ses_20260701-051820-CHAITANYA0BCF,I,予算差異分析,finance,,BV-101000-003,2026-07-01 05:31:52.057212+00:00,2026-07-01 05:33:00.901265+00:00,1,M1-I-3,3,,False,False,68.844053
ses_20260701-051820-CHAITANYA0BCF,J,支払処理,finance,,PM-101000-002,2026-07-01 05:33:00.901265+00:00,2026-07-01 05:33:27.540677+00:00,1,M1-J-2,2,,False,False,26.639412
ses_20260701-051820-CHAITANYA0BCF,B,給与備考・控除整備,hr,reg,PI-101000-002,2026-07-01 05:33:27.541701+00:00,2026-07-01 05:33:47.067677+00:00,1,M1-B-2,2,,False,False,19.525976
ses_20260701-051820-CHAITANYA0BCF,E,入社照合・手当確認,hr,,OB-101000-002,2026-07-01 05:33:49.291910+00:00,,1,M1-E-2,2,,False,False,
ses_20260701-051820-CHAITANYA0BCF,E,入社照合・手当確認,hr,,OB-101000-003,2026-07-01 05:34:18.973342+00:00,2026-07-01 05:34:45.296110+00:00,1,M1-E-3,3,,False,False,26.322768
ses_20260701-051820-CHAITANYA0BCF,J,支払処理,finance,,PM-101000-003,2026-07-01 05:34:45.297668+00:00,2026-07-01 05:37:02.861941+00:00,1,M1-J-3,3,,False,False,137.564273
ses_20260701-051850-LAPTOP-R36BQBTE,C,育児・産休申請確認,hr,,LA-104902-001,2026-07-01 05:20:06.067508+00:00,2026-07-01 05:20:44.702652+00:00,1,M1-C-1,1,,False,False,38.635144
ses_20260701-051850-LAPTOP-R36BQBTE,I,予算差異分析,finance,,BV-104902-001,2026-07-01 05:20:44.705783+00:00,2026-07-01 05:21:53.008921+00:00,1,M1-I-1,1,,False,False,68.303138
ses_20260701-051850-LAPTOP-R36BQBTE,N,出荷追跡,ops,,SHP-104902-001,2026-07-01 05:21:53.012059+00:00,2026-07-01 05:22:27.136887+00:00,1,M1-N-1,1,,False,False,34.124828
ses_20260701-051850-LAPTOP-R36BQBTE,I,予算差異分析,finance,,BV-104902-002,2026-07-01 05:22:27.142506+00:00,2026-07-01 05:23:28.113800+00:00,1,M1-I-2,2,,False,False,60.971294
ses_20260701-051850-LAPTOP-R36BQBTE,H,銀行勘定照合,finance,,BR-104902-001,2026-07-01 05:23:28.117877+00:00,2026-07-01 05:23:54.703745+00:00,1,M1-H-1,1,,False,False,26.585868
ses_20260701-051850-LAPTOP-R36BQBTE,K,受注処理,ops,std,ORD-104902-001,2026-07-01 05:23:54.706795+00:00,2026-07-01 05:24:23.137439+00:00,1,M1-K-1,1,,False,False,28.430644
ses_20260701-051850-LAPTOP-R36BQBTE,C,育児・産休申請確認,hr,,LA-104902-002,2026-07-01 05:24:23.139115+00:00,2026-07-01 05:24:58.240270+00:00,1,M1-C-2,2,,False,False,35.101155
ses_20260701-051850-LAPTOP-R36BQBTE,H,銀行勘定照合,finance,,BR-104902-002,2026-07-01 05:24:58.241795+00:00,2026-07-01 05:25:27.972082+00:00,1,M1-H-2,2,,True,True,29.730287
ses_20260701-051850-LAPTOP-R36BQBTE,N,出荷追跡,ops,,SHP-104902-002,2026-07-01 05:25:27.975160+00:00,2026-07-01 05:26:01.425566+00:00,1,M1-N-2,2,,False,False,33.450406
ses_20260701-051850-LAPTOP-R36BQBTE,C,育児・産休申請確認,hr,,LA-104902-003,2026-07-01 05:26:01.428649+00:00,2026-07-01 05:26:58.906144+00:00,1,M1-C-3,3,,False,False,57.477495
ses_20260701-051850-LAPTOP-R36BQBTE,A,住民税通知確認,hr,std,RT-104902-001,2026-07-01 05:26:58.907149+00:00,2026-07-01 05:27:21.050944+00:00,1,M1-A-1,1,,False,False,22.143795
ses_20260701-051850-LAPTOP-R36BQBTE,D,社保・年金補正対応,hr,,SI-104902-001,2026-07-01 05:27:21.053039+00:00,2026-07-01 05:28:00.673040+00:00,1,M1-D-1,1,,False,False,39.620001
ses_20260701-051850-LAPTOP-R36BQBTE,K,受注処理,ops,std,ORD-104902-002,2026-07-01 05:28:00.676161+00:00,2026-07-01 05:28:26.092321+00:00,1,M1-K-2,2,,False,False,25.41616
ses_20260701-051850-LAPTOP-R36BQBTE,H,銀行勘定照合,finance,,BR-104902-003,2026-07-01 05:28:26.095369+00:00,2026-07-01 05:28:51.387759+00:00,1,M1-H-3,3,,False,False,25.29239
ses_20260701-051850-LAPTOP-R36BQBTE,L,在庫調整,ops,reg,STK-104902-001,2026-07-01 05:28:51.390335+00:00,2026-07-01 05:29:15.885331+00:00,1,M1-L-1,1,,False,False,24.494996
ses_20260701-051850-LAPTOP-R36BQBTE,I,予算差異分析,finance,,BV-104902-003,2026-07-01 05:29:15.888229+00:00,2026-07-01 05:30:11.074540+00:00,1,M1-I-3,3,,False,False,55.186311
ses_20260701-051850-LAPTOP-R36BQBTE,G,経費精算承認,finance,reg,EXP-104902-001,2026-07-01 05:30:11.077186+00:00,2026-07-01 05:30:29.215756+00:00,1,M1-G-1,1,,False,False,18.13857
ses_20260701-051850-LAPTOP-R36BQBTE,K,受注処理,ops,std,ORD-104902-003,2026-07-01 05:30:29.219518+00:00,2026-07-01 05:30:58.438453+00:00,1,M1-K-3,3,,False,False,29.218935
ses_20260701-051850-LAPTOP-R36BQBTE,G,経費精算承認,finance,reg,EXP-104902-002,2026-07-01 05:30:58.442580+00:00,,1,M1-G-2,2,,False,False,
ses_20260701-051850-LAPTOP-R36BQBTE,G,経費精算承認,finance,reg,EXP-104902-003,2026-07-01 05:31:22.364447+00:00,2026-07-01 05:31:44.682767+00:00,1,M1-G-3,3,,False,False,22.31832
ses_20260701-051850-LAPTOP-R36BQBTE,H,銀行勘定照合,finance,,BR-104902-004,2026-07-01 05:31:44.685995+00:00,2026-07-01 05:32:13.290831+00:00,1,M1-H-4,4,,False,False,28.604836
ses_20260701-051850-LAPTOP-R36BQBTE,A,住民税通知確認,hr,std,RT-104902-002,2026-07-01 05:32:13.295115+00:00,2026-07-01 05:32:36.656025+00:00,1,M1-A-2,2,,False,False,23.36091
ses_20260701-051850-LAPTOP-R36BQBTE,K,受注処理,ops,exc,ORD-104902-004,2026-07-01 05:32:38.547957+00:00,2026-07-01 05:33:03.336399+00:00,1,M1-K-4,4,,False,False,24.788442
ses_20260701-051850-LAPTOP-R36BQBTE,G,経費精算承認,finance,adj,EXP-104902-004,2026-07-01 05:33:03.341039+00:00,2026-07-01 05:33:33.476773+00:00,1,M1-G-4,4,,False,False,30.135734
ses_20260701-051850-LAPTOP-R36BQBTE,D,社保・年金補正対応,hr,,SI-104902-002,2026-07-01 05:33:33.479971+00:00,2026-07-01 05:34:04.668622+00:00,1,M1-D-2,2,,False,False,31.188651
ses_20260701-051850-LAPTOP-R36BQBTE,K,受注処理,ops,exc,ORD-104902-005,2026-07-01 05:34:04.673000+00:00,2026-07-01 05:34:33.367048+00:00,1,M1-K-5,5,,False,False,28.694048
ses_20260701-051850-LAPTOP-R36BQBTE,D,社保・年金補正対応,hr,,SI-104902-003,2026-07-01 05:34:33.371561+00:00,2026-07-01 05:35:07.176195+00:00,1,M1-D-3,3,,False,False,33.804634
ses_20260701-051850-LAPTOP-R36BQBTE,N,出荷追跡,ops,,SHP-104902-003,2026-07-01 05:35:07.179286+00:00,2026-07-01 05:37:14.110575+00:00,1,M1-N-3,3,,False,False,126.931289
ses_20260701-051850-LAPTOP-R36BQBTE,A,住民税通知確認,hr,std,RT-104902-003,2026-07-01 05:37:14.114662+00:00,2026-07-01 05:37:43.081658+00:00,2,M1-A-3,3,M1-A-split-1,False,False,28.966996
ses_20260701-051850-LAPTOP-R36BQBTE,L,在庫調整,ops,reg,STK-104902-002,2026-07-01 05:37:43.084859+00:00,,1,M1-L-2,2,,False,False,
ses_20260701-051850-LAPTOP-R36BQBTE,L,在庫調整,ops,reg,STK-104902-003,2026-07-01 05:38:15.662041+00:00,,1,M1-L-3,3,,False,False,
ses_20260701-051850-LAPTOP-R36BQBTE,L,在庫調整,ops,adj,STK-104902-004,2026-07-01 05:38:39.869856+00:00,2026-07-01 05:39:07.321620+00:00,1,M1-L-4,4,,False,False,27.451764
ses_20260701-051850-LAPTOP-R36BQBTE,A,住民税通知確認,hr,exc,RT-104902-004,2026-07-01 05:39:07.354378+00:00,,2,M1-A-4,4,M1-A-split-1,False,False,
ses_20260701-051850-LAPTOP-R36BQBTE,A,住民税通知確認,hr,exc,RT-104902-005,2026-07-01 05:39:33.330029+00:00,2026-07-01 05:39:57.363265+00:00,2,M1-A-5,5,M1-A-split-1,False,False,24.033236
ses_20260701-051850-LAPTOP-R36BQBTE,C,育児・産休申請確認,hr,,LA-104902-004,2026-07-01 05:39:57.366822+00:00,2026-07-01 05:40:44.680413+00:00,1,M1-C-4,4,,False,False,47.313591
ses_20260701-053005-MSI,F,請求書承認,finance,std,INV-110019-001,2026-07-01 05:31:23.671540+00:00,2026-07-01 05:31:51.702758+00:00,1,M1-F-1,1,,True,True,28.031218
ses_20260701-053005-MSI,C,育児・産休申請確認,hr,,LA-110019-001,2026-07-01 05:31:51.703612+00:00,2026-07-01 05:32:32.271006+00:00,1,M1-C-1,1,,False,False,40.567394
ses_20260701-053005-MSI,A,住民税通知確認,hr,std,RT-110019-001,2026-07-01 05:32:32.271786+00:00,2026-07-01 05:32:56.975964+00:00,1,M1-A-1,1,,False,False,24.704178
ses_20260701-053005-MSI,D,社保・年金補正対応,hr,,SI-110019-001,2026-07-01 05:32:56.976547+00:00,2026-07-01 05:34:47.665893+00:00,1,M1-D-1,1,,False,False,110.689346
ses_20260701-053005-MSI,B,給与備考・控除整備,hr,reg,PI-110019-001,2026-07-01 05:34:47.668429+00:00,,1,M1-B-1,1,,False,False,
ses_20260701-053005-MSI,B,給与備考・控除整備,hr,reg,PI-110019-002,2026-07-01 05:35:09.246257+00:00,2026-07-01 05:35:29.845808+00:00,1,M1-B-2,2,,False,False,20.599551
ses_20260701-053005-MSI,N,出荷追跡,ops,,SHP-110019-001,2026-07-01 05:35:31.328208+00:00,2026-07-01 05:36:12.013590+00:00,1,M1-N-1,1,,False,False,40.685382
ses_20260701-053005-MSI,A,住民税通知確認,hr,std,RT-110019-002,2026-07-01 05:36:12.014418+00:00,2026-07-01 05:36:40.545202+00:00,1,M1-A-2,2,,False,False,28.530784
ses_20260701-053005-MSI,E,入社照合・手当確認,hr,,OB-110019-001,2026-07-01 05:36:40.545920+00:00,2026-07-01 05:37:09.183878+00:00,1,M1-E-1,1,,False,False,28.637958
ses_20260701-053005-MSI,A,住民税通知確認,hr,std,RT-110019-003,2026-07-01 05:37:09.184782+00:00,2026-07-01 05:37:36.898021+00:00,1,M1-A-3,3,,False,False,27.713239
ses_20260701-053005-MSI,D,社保・年金補正対応,hr,,SI-110019-002,2026-07-01 05:37:36.898831+00:00,2026-07-01 05:38:13.749617+00:00,1,M1-D-2,2,,False,False,36.850786
ses_20260701-053005-MSI,F,請求書承認,finance,std,INV-110019-002,2026-07-01 05:38:13.750350+00:00,2026-07-01 05:38:35.404533+00:00,1,M1-F-2,2,,False,False,21.654183
ses_20260701-053005-MSI,A,住民税通知確認,hr,exc,RT-110019-004,2026-07-01 05:38:36.881748+00:00,2026-07-01 05:39:07.763974+00:00,1,M1-A-4,4,,False,False,30.882226
ses_20260701-053005-MSI,E,入社照合・手当確認,hr,,OB-110019-002,2026-07-01 05:39:07.764579+00:00,2026-07-01 05:39:36.332542+00:00,1,M1-E-2,2,,False,False,28.567963
ses_20260701-053005-MSI,C,育児・産休申請確認,hr,,LA-110019-002,2026-07-01 05:39:36.333348+00:00,2026-07-01 05:40:13.340684+00:00,1,M1-C-2,2,,False,False,37.007336
ses_20260701-053005-MSI,B,給与備考・控除整備,hr,reg,PI-110019-003,2026-07-01 05:40:13.341568+00:00,2026-07-01 05:40:42.713398+00:00,2,M1-B-3,3,M1-B-split-1,False,False,29.37183
ses_20260701-053005-MSI,D,社保・年金補正対応,hr,,SI-110019-003,2026-07-01 05:40:42.714386+00:00,2026-07-01 05:41:22.974510+00:00,1,M1-D-3,3,,False,False,40.260124
ses_20260701-053005-MSI,B,給与備考・控除整備,hr,adj,PI-110019-004,2026-07-01 05:41:22.975309+00:00,2026-07-01 05:41:47.396525+00:00,2,M1-B-4,4,M1-B-split-1,False,False,24.421216
ses_20260701-053005-MSI,M,仕入先連絡,ops,,SUP-110019-001,2026-07-01 05:41:47.397114+00:00,2026-07-01 05:42:27.891802+00:00,1,M1-M-1,1,,False,False,40.494688
ses_20260701-053005-MSI,N,出荷追跡,ops,,SHP-110019-002,2026-07-01 05:42:27.892797+00:00,,1,M1-N-2,2,,False,False,
ses_20260701-053005-MSI,N,出荷追跡,ops,,SHP-110019-003,2026-07-01 05:43:03.782824+00:00,2026-07-01 05:43:43.662599+00:00,1,M1-N-3,3,,False,False,39.879775
ses_20260701-053005-MSI,M,仕入先連絡,ops,,SUP-110019-002,2026-07-01 05:43:43.663390+00:00,,1,M1-M-2,2,,False,False,
ses_20260701-053005-MSI,M,仕入先連絡,ops,,SUP-110019-003,2026-07-01 05:44:16.750608+00:00,2026-07-01 05:44:52.105691+00:00,1,M1-M-3,3,,False,False,35.355083
ses_20260701-053005-MSI,O,返品処理,ops,,RET-110019-001,2026-07-01 05:44:52.106682+00:00,2026-07-01 05:45:17.877798+00:00,1,M1-O-1,1,,False,False,25.771116
ses_20260701-053005-MSI,F,請求書承認,finance,std,INV-110019-003,2026-07-01 05:45:17.878658+00:00,,2,M1-F-3,3,M1-F-split-1,False,False,
ses_20260701-053005-MSI,F,請求書承認,finance,exc,INV-110019-004,2026-07-01 05:45:45.188940+00:00,,2,M1-F-4,4,M1-F-split-1,False,False,
ses_20260701-053005-MSI,F,請求書承認,finance,exc,INV-110019-005,2026-07-01 05:46:10.902595+00:00,2026-07-01 05:46:36.555325+00:00,2,M1-F-5,5,M1-F-split-1,False,False,25.65273
ses_20260701-053005-MSI,M,仕入先連絡,ops,,SUP-110019-004,2026-07-01 05:46:36.556621+00:00,2026-07-01 05:47:41.633801+00:00,1,M1-M-4,4,,False,False,65.07718
ses_20260701-053005-MSI,C,育児・産休申請確認,hr,,LA-110019-003,2026-07-01 05:47:41.634832+00:00,2026-07-01 05:48:19.903814+00:00,1,M1-C-3,3,,False,False,38.268982
ses_20260701-053005-MSI,E,入社照合・手当確認,hr,,OB-110019-003,2026-07-01 05:48:19.904347+00:00,2026-07-01 05:48:46.149870+00:00,1,M1-E-3,3,,False,False,26.245523
ses_20260701-053005-MSI,C,育児・産休申請確認,hr,,LA-110019-004,2026-07-01 05:48:46.150503+00:00,2026-07-01 05:49:23.659734+00:00,1,M1-C-4,4,,False,False,37.509231
ses_20260701-053005-MSI,O,返品処理,ops,,RET-110019-002,2026-07-01 05:49:23.660507+00:00,,1,M1-O-2,2,,False,False,
ses_20260701-053005-MSI,O,返品処理,ops,,RET-110019-003,2026-07-01 05:49:48.522076+00:00,2026-07-01 05:50:24.115538+00:00,1,M1-O-3,3,,False,False,35.593462
ses_20260701-053720-SIDDHIGUPTAB00B,F,請求書承認,finance,std,INV-110635-001,2026-07-01 05:38:06.400896+00:00,2026-07-01 05:39:08.222368+00:00,1,M1-F-1,1,,True,True,61.821472
ses_20260701-053720-SIDDHIGUPTAB00B,L,在庫調整,ops,reg,STK-110635-001,2026-07-01 05:39:08.229382+00:00,2026-07-01 05:39:49.462851+00:00,1,M1-L-1,1,,False,False,41.233469
ses_20260701-053720-SIDDHIGUPTAB00B,F,請求書承認,finance,std,INV-110635-002,2026-07-01 05:39:49.475391+00:00,2026-07-01 05:40:12.462431+00:00,1,M1-F-2,2,,False,False,22.98704
ses_20260701-053720-SIDDHIGUPTAB00B,I,予算差異分析,finance,,BV-110635-001,2026-07-01 05:40:41.658365+00:00,2026-07-01 05:41:47.004921+00:00,1,M1-I-1,1,,False,False,65.346556
ses_20260701-053720-SIDDHIGUPTAB00B,D,社保・年金補正対応,hr,,SI-110635-001,2026-07-01 05:41:47.008457+00:00,2026-07-01 05:42:27.854931+00:00,1,M1-D-1,1,,False,False,40.846474
ses_20260701-053720-SIDDHIGUPTAB00B,J,支払処理,finance,,PM-110635-001,2026-07-01 05:42:27.856629+00:00,2026-07-01 05:42:54.135124+00:00,1,M1-J-1,1,,False,False,26.278495
ses_20260701-053720-SIDDHIGUPTAB00B,L,在庫調整,ops,reg,STK-110635-002,2026-07-01 05:42:54.136974+00:00,2026-07-01 05:43:16.623903+00:00,1,M1-L-2,2,,False,False,22.486929
ses_20260701-053720-SIDDHIGUPTAB00B,F,請求書承認,finance,std,INV-110635-003,2026-07-01 05:43:18.148399+00:00,,2,M1-F-3,3,M1-F-split-1,False,False,
ses_20260701-053720-SIDDHIGUPTAB00B,F,請求書承認,finance,exc,INV-110635-004,2026-07-01 05:44:16.906515+00:00,2026-07-01 05:45:20.155490+00:00,2,M1-F-4,4,M1-F-split-1,False,False,63.248975
ses_20260701-053720-SIDDHIGUPTAB00B,I,予算差異分析,finance,,BV-110635-002,2026-07-01 05:45:20.157771+00:00,2026-07-01 05:46:34.409662+00:00,1,M1-I-2,2,,False,False,74.251891
ses_20260701-053720-SIDDHIGUPTAB00B,H,銀行勘定照合,finance,,BR-110635-001,2026-07-01 05:46:34.414288+00:00,2026-07-01 05:46:57.015244+00:00,1,M1-H-1,1,,False,False,22.600956
ses_20260701-053720-SIDDHIGUPTAB00B,L,在庫調整,ops,reg,STK-110635-003,2026-07-01 05:46:57.022318+00:00,2026-07-01 05:47:24.889669+00:00,2,M1-L-3,3,M1-L-split-1,False,False,27.867351
ses_20260701-053720-SIDDHIGUPTAB00B,C,育児・産休申請確認,hr,,LA-110635-001,2026-07-01 05:47:24.897362+00:00,2026-07-01 05:48:08.858404+00:00,1,M1-C-1,1,,False,False,43.961042
ses_20260701-053720-SIDDHIGUPTAB00B,G,経費精算承認,finance,reg,EXP-110635-001,2026-07-01 05:48:08.860124+00:00,2026-07-01 05:48:45.945040+00:00,1,M1-G-1,1,,False,False,37.084916
ses_20260701-053720-SIDDHIGUPTAB00B,H,銀行勘定照合,finance,,BR-110635-002,2026-07-01 05:48:45.947384+00:00,2026-07-01 05:49:13.192230+00:00,1,M1-H-2,2,,False,False,27.244846
ses_20260701-053720-SIDDHIGUPTAB00B,I,予算差異分析,finance,,BV-110635-003,2026-07-01 05:49:13.202745+00:00,2026-07-01 05:50:11.946729+00:00,1,M1-I-3,3,,False,False,58.743984
ses_20260701-053720-SIDDHIGUPTAB00B,N,出荷追跡,ops,,SHP-110635-001,2026-07-01 05:50:11.949689+00:00,2026-07-01 05:50:51.297676+00:00,1,M1-N-1,1,,False,False,39.347987
ses_20260701-053720-SIDDHIGUPTAB00B,G,経費精算承認,finance,reg,EXP-110635-002,2026-07-01 05:50:51.300703+00:00,2026-07-01 05:51:20.533707+00:00,1,M1-G-2,2,,False,False,29.233004
ses_20260701-053720-SIDDHIGUPTAB00B,H,銀行勘定照合,finance,,BR-110635-003,2026-07-01 05:51:20.537077+00:00,2026-07-01 05:51:59.315566+00:00,1,M1-H-3,3,,False,False,38.778489
ses_20260701-053720-SIDDHIGUPTAB00B,D,社保・年金補正対応,hr,,SI-110635-002,2026-07-01 05:51:59.326798+00:00,,1,M1-D-2,2,,False,False,
ses_20260701-053720-SIDDHIGUPTAB00B,D,社保・年金補正対応,hr,,SI-110635-003,2026-07-01 05:52:37.126069+00:00,2026-07-01 05:53:11.629235+00:00,1,M1-D-3,3,,False,False,34.503166
ses_20260701-053720-SIDDHIGUPTAB00B,L,在庫調整,ops,adj,STK-110635-004,2026-07-01 05:53:11.634834+00:00,2026-07-01 05:53:44.654337+00:00,2,M1-L-4,4,M1-L-split-1,False,False,33.019503
ses_20260701-053720-SIDDHIGUPTAB00B,H,銀行勘定照合,finance,,BR-110635-004,2026-07-01 05:53:44.658419+00:00,2026-07-01 05:54:13.167724+00:00,1,M1-H-4,4,,False,False,28.509305
ses_20260701-053720-SIDDHIGUPTAB00B,N,出荷追跡,ops,,SHP-110635-002,2026-07-01 05:54:13.170157+00:00,2026-07-01 05:54:46.986841+00:00,1,M1-N-2,2,,False,False,33.816684
ses_20260701-053720-SIDDHIGUPTAB00B,G,経費精算承認,finance,reg,EXP-110635-003,2026-07-01 05:54:46.991167+00:00,2026-07-01 05:55:13.388762+00:00,1,M1-G-3,3,,False,False,26.397595
ses_20260701-053720-SIDDHIGUPTAB00B,J,支払処理,finance,,PM-110635-002,2026-07-01 05:55:13.392589+00:00,2026-07-01 05:55:37.229441+00:00,1,M1-J-2,2,,False,False,23.836852
ses_20260701-053720-SIDDHIGUPTAB00B,C,育児・産休申請確認,hr,,LA-110635-002,2026-07-01 05:55:37.231612+00:00,2026-07-01 05:56:16.541309+00:00,1,M1-C-2,2,,False,False,39.309697
ses_20260701-053720-SIDDHIGUPTAB00B,N,出荷追跡,ops,,SHP-110635-003,2026-07-01 05:56:16.549360+00:00,2026-07-01 05:56:54.054203+00:00,1,M1-N-3,3,,False,False,37.504843
ses_20260701-053720-SIDDHIGUPTAB00B,C,育児・産休申請確認,hr,,LA-110635-003,2026-07-01 05:56:54.055561+00:00,2026-07-01 05:57:47.086876+00:00,1,M1-C-3,3,,False,False,53.031315
ses_20260701-053720-SIDDHIGUPTAB00B,G,経費精算承認,finance,adj,EXP-110635-004,2026-07-01 05:57:47.091110+00:00,2026-07-01 05:58:17.654528+00:00,1,M1-G-4,4,,False,False,30.563418
ses_20260701-053720-SIDDHIGUPTAB00B,J,支払処理,finance,,PM-110635-003,2026-07-01 05:58:17.657706+00:00,2026-07-01 05:59:00.225891+00:00,1,M1-J-3,3,,False,False,42.568185
ses_20260701-053720-SIDDHIGUPTAB00B,C,育児・産休申請確認,hr,,LA-110635-004,2026-07-01 05:59:00.229519+00:00,2026-07-01 06:01:24.383867+00:00,1,M1-C-4,4,,False,False,144.154348
ses_20260701-053720-SIDDHIGUPTAB00B,E,入社照合・手当確認,hr,,OB-110635-001,2026-07-01 06:01:24.385633+00:00,,1,M1-E-1,1,,False,False,
ses_20260701-053720-SIDDHIGUPTAB00B,E,入社照合・手当確認,hr,,OB-110635-002,2026-07-01 06:01:51.943671+00:00,,1,M1-E-2,2,,False,False,
ses_20260701-053720-SIDDHIGUPTAB00B,E,入社照合・手当確認,hr,,OB-110635-003,2026-07-01 06:02:18.938553+00:00,2026-07-01 06:02:55.359680+00:00,1,M1-E-3,3,,False,False,36.421127
ses_20260701-054901-LAPTOP-R36BQBTE,F,請求書承認,finance,std,INV-111912-001,2026-07-01 05:50:24.894940+00:00,2026-07-01 05:50:54.629968+00:00,1,M1-F-1,1,,False,False,29.735028
ses_20260701-054901-LAPTOP-R36BQBTE,A,住民税通知確認,hr,std,RT-111912-001,2026-07-01 05:50:54.631642+00:00,2026-07-01 05:51:21.157987+00:00,1,M1-A-1,1,,False,False,26.526345
ses_20260701-054901-LAPTOP-R36BQBTE,F,請求書承認,finance,std,INV-111912-002,2026-07-01 05:51:21.159592+00:00,2026-07-01 05:51:45.472403+00:00,1,M1-F-2,2,,False,False,24.312811
ses_20260701-054901-LAPTOP-R36BQBTE,L,在庫調整,ops,reg,STK-111912-001,2026-07-01 05:51:45.472403+00:00,2026-07-01 05:52:49.105656+00:00,1,M1-L-1,1,,True,True,63.633253
ses_20260701-054901-LAPTOP-R36BQBTE,H,銀行勘定照合,finance,,BR-111912-001,2026-07-01 05:52:49.106388+00:00,2026-07-01 05:53:13.736277+00:00,1,M1-H-1,1,,False,False,24.629889
ses_20260701-054901-LAPTOP-R36BQBTE,A,住民税通知確認,hr,std,RT-111912-002,2026-07-01 05:53:13.737213+00:00,2026-07-01 05:53:41.907501+00:00,1,M1-A-2,2,,False,False,28.170288
ses_20260701-054901-LAPTOP-R36BQBTE,I,予算差異分析,finance,,BV-111912-001,2026-07-01 05:53:41.907501+00:00,2026-07-01 05:54:53.359955+00:00,1,M1-I-1,1,,False,False,71.452454
ses_20260701-054901-LAPTOP-R36BQBTE,L,在庫調整,ops,reg,STK-111912-002,2026-07-01 05:54:53.359955+00:00,2026-07-01 05:55:13.733242+00:00,1,M1-L-2,2,,False,False,20.373287
ses_20260701-054901-LAPTOP-R36BQBTE,H,銀行勘定照合,finance,,BR-111912-002,2026-07-01 05:55:45.906952+00:00,2026-07-01 05:56:10.755421+00:00,1,M1-H-2,2,,False,False,24.848469
ses_20260701-054901-LAPTOP-R36BQBTE,A,住民税通知確認,hr,std,RT-111912-003,2026-07-01 05:56:10.756460+00:00,2026-07-01 05:56:42.337535+00:00,1,M1-A-3,3,,False,False,31.581075
ses_20260701-054901-LAPTOP-R36BQBTE,G,経費精算承認,finance,reg,EXP-111912-001,2026-07-01 05:56:42.339210+00:00,,1,M1-G-1,1,,False,False,
ses_20260701-054901-LAPTOP-R36BQBTE,G,経費精算承認,finance,reg,EXP-111912-002,2026-07-01 05:57:01.726990+00:00,2026-07-01 05:57:24.938641+00:00,1,M1-G-2,2,,False,False,23.211651
ses_20260701-054901-LAPTOP-R36BQBTE,F,請求書承認,finance,std,INV-111912-003,2026-07-01 05:57:24.940204+00:00,2026-07-01 05:57:51.775775+00:00,1,M1-F-3,3,,False,False,26.835571
ses_20260701-054901-LAPTOP-R36BQBTE,H,銀行勘定照合,finance,,BR-111912-003,2026-07-01 05:57:51.777142+00:00,2026-07-01 05:58:19.163450+00:00,1,M1-H-3,3,,False,False,27.386308
ses_20260701-054901-LAPTOP-R36BQBTE,G,経費精算承認,finance,reg,EXP-111912-003,2026-07-01 05:58:19.163450+00:00,2026-07-01 05:58:41.003909+00:00,1,M1-G-3,3,,False,False,21.840459
ses_20260701-054901-LAPTOP-R36BQBTE,J,支払処理,finance,,PM-111912-001,2026-07-01 05:58:41.006756+00:00,2026-07-01 05:59:25.692895+00:00,1,M1-J-1,1,,False,False,44.686139
ses_20260701-054901-LAPTOP-R36BQBTE,A,住民税通知確認,hr,exc,RT-111912-004,2026-07-01 05:59:25.693423+00:00,2026-07-01 05:59:53.084761+00:00,1,M1-A-4,4,,False,False,27.391338
ses_20260701-054901-LAPTOP-R36BQBTE,I,予算差異分析,finance,,BV-111912-002,2026-07-01 05:59:53.084761+00:00,2026-07-01 06:01:56.672286+00:00,1,M1-I-2,2,,False,False,123.587525
ses_20260701-054901-LAPTOP-R36BQBTE,L,在庫調整,ops,reg,STK-111912-003,2026-07-01 06:01:56.673341+00:00,2026-07-01 06:04:43.318273+00:00,2,M1-L-3,3,M1-L-split-1,False,False,166.644932
ses_20260701-054901-LAPTOP-R36BQBTE,J,支払処理,finance,,PM-111912-002,2026-07-01 06:04:43.318273+00:00,2026-07-01 06:05:09.256463+00:00,1,M1-J-2,2,,False,False,25.93819
ses_20260701-054901-LAPTOP-R36BQBTE,H,銀行勘定照合,finance,,BR-111912-004,2026-07-01 06:05:09.259321+00:00,2026-07-01 06:05:35.486949+00:00,1,M1-H-4,4,,False,False,26.227628
ses_20260701-054901-LAPTOP-R36BQBTE,G,経費精算承認,finance,adj,EXP-111912-004,2026-07-01 06:05:35.488686+00:00,2026-07-01 06:06:04.154343+00:00,1,M1-G-4,4,,False,False,28.665657
ses_20260701-054901-LAPTOP-R36BQBTE,L,在庫調整,ops,adj,STK-111912-004,2026-07-01 06:06:04.155974+00:00,2026-07-01 06:07:09.416498+00:00,2,M1-L-4,4,M1-L-split-1,False,False,65.260524
ses_20260701-054901-LAPTOP-R36BQBTE,J,支払処理,finance,,PM-111912-003,2026-07-01 06:07:09.417517+00:00,2026-07-01 06:07:34.729233+00:00,1,M1-J-3,3,,False,False,25.311716
ses_20260701-054901-LAPTOP-R36BQBTE,N,出荷追跡,ops,,SHP-111912-001,2026-07-01 06:07:34.729823+00:00,,1,M1-N-1,1,,False,False,
ses_20260701-054901-LAPTOP-R36BQBTE,N,出荷追跡,ops,,SHP-111912-002,2026-07-01 06:08:10.246697+00:00,2026-07-01 06:08:43.885699+00:00,1,M1-N-2,2,,False,False,33.639002
ses_20260701-054901-LAPTOP-R36BQBTE,I,予算差異分析,finance,,BV-111912-003,2026-07-01 06:08:43.888293+00:00,2026-07-01 06:09:42.249845+00:00,1,M1-I-3,3,,False,False,58.361552
ses_20260701-054901-LAPTOP-R36BQBTE,N,出荷追跡,ops,,SHP-111912-003,2026-07-01 06:09:42.259378+00:00,2026-07-01 06:10:24.344609+00:00,1,M1-N-3,3,,False,False,42.085231
ses_20260701-054930-CHAITANYA0BCF,F,請求書承認,finance,std,INV-111912-001,2026-07-01 05:50:24.894940+00:00,2026-07-01 05:50:54.629968+00:00,1,M1-F-1,1,,False,False,29.735028
ses_20260701-054930-CHAITANYA0BCF,A,住民税通知確認,hr,std,RT-111912-001,2026-07-01 05:50:54.631642+00:00,2026-07-01 05:51:21.157987+00:00,1,M1-A-1,1,,False,False,26.526345
ses_20260701-054930-CHAITANYA0BCF,F,請求書承認,finance,std,INV-111912-002,2026-07-01 05:51:21.159592+00:00,2026-07-01 05:51:45.472403+00:00,1,M1-F-2,2,,False,False,24.312811
ses_20260701-054930-CHAITANYA0BCF,L,在庫調整,ops,reg,STK-111912-001,2026-07-01 05:51:45.472403+00:00,2026-07-01 05:52:49.105656+00:00,1,M1-L-1,1,,True,True,63.633253
ses_20260701-054930-CHAITANYA0BCF,H,銀行勘定照合,finance,,BR-111912-001,2026-07-01 05:52:49.106388+00:00,2026-07-01 05:53:13.736277+00:00,1,M1-H-1,1,,False,False,24.629889
ses_20260701-054930-CHAITANYA0BCF,A,住民税通知確認,hr,std,RT-111912-002,2026-07-01 05:53:13.737213+00:00,2026-07-01 05:53:41.907501+00:00,1,M1-A-2,2,,False,False,28.170288
ses_20260701-054930-CHAITANYA0BCF,I,予算差異分析,finance,,BV-111912-001,2026-07-01 05:53:41.907501+00:00,2026-07-01 05:54:53.359955+00:00,1,M1-I-1,1,,False,False,71.452454
ses_20260701-054930-CHAITANYA0BCF,L,在庫調整,ops,reg,STK-111912-002,2026-07-01 05:54:53.359955+00:00,2026-07-01 05:55:13.733242+00:00,1,M1-L-2,2,,False,False,20.373287
ses_20260701-054930-CHAITANYA0BCF,H,銀行勘定照合,finance,,BR-111912-002,2026-07-01 05:55:45.906952+00:00,2026-07-01 05:56:10.755421+00:00,1,M1-H-2,2,,False,False,24.848469
ses_20260701-054930-CHAITANYA0BCF,A,住民税通知確認,hr,std,RT-111912-003,2026-07-01 05:56:10.756460+00:00,2026-07-01 05:56:42.337535+00:00,1,M1-A-3,3,,False,False,31.581075
ses_20260701-054930-CHAITANYA0BCF,G,経費精算承認,finance,reg,EXP-111912-001,2026-07-01 05:56:42.339210+00:00,,1,M1-G-1,1,,False,False,
ses_20260701-054930-CHAITANYA0BCF,G,経費精算承認,finance,reg,EXP-111912-002,2026-07-01 05:57:01.726990+00:00,2026-07-01 05:57:24.938641+00:00,1,M1-G-2,2,,False,False,23.211651
ses_20260701-054930-CHAITANYA0BCF,F,請求書承認,finance,std,INV-111912-003,2026-07-01 05:57:24.940204+00:00,2026-07-01 05:57:51.775775+00:00,1,M1-F-3,3,,False,False,26.835571
ses_20260701-054930-CHAITANYA0BCF,H,銀行勘定照合,finance,,BR-111912-003,2026-07-01 05:57:51.777142+00:00,2026-07-01 05:58:19.163450+00:00,1,M1-H-3,3,,False,False,27.386308
ses_20260701-054930-CHAITANYA0BCF,G,経費精算承認,finance,reg,EXP-111912-003,2026-07-01 05:58:19.163450+00:00,2026-07-01 05:58:41.003909+00:00,1,M1-G-3,3,,False,False,21.840459
ses_20260701-054930-CHAITANYA0BCF,J,支払処理,finance,,PM-111912-001,2026-07-01 05:58:41.006756+00:00,2026-07-01 05:59:25.692895+00:00,1,M1-J-1,1,,False,False,44.686139
ses_20260701-054930-CHAITANYA0BCF,A,住民税通知確認,hr,exc,RT-111912-004,2026-07-01 05:59:25.693423+00:00,2026-07-01 05:59:53.084761+00:00,1,M1-A-4,4,,False,False,27.391338
ses_20260701-054930-CHAITANYA0BCF,I,予算差異分析,finance,,BV-111912-002,2026-07-01 05:59:53.084761+00:00,2026-07-01 06:01:56.672286+00:00,1,M1-I-2,2,,False,False,123.587525
ses_20260701-054930-CHAITANYA0BCF,L,在庫調整,ops,reg,STK-111912-003,2026-07-01 06:01:56.673341+00:00,2026-07-01 06:04:43.318273+00:00,2,M1-L-3,3,M1-L-split-1,False,False,166.644932
ses_20260701-054930-CHAITANYA0BCF,J,支払処理,finance,,PM-111912-002,2026-07-01 06:04:43.318273+00:00,2026-07-01 06:05:09.256463+00:00,1,M1-J-2,2,,False,False,25.93819
ses_20260701-054930-CHAITANYA0BCF,H,銀行勘定照合,finance,,BR-111912-004,2026-07-01 06:05:09.259321+00:00,2026-07-01 06:05:35.486949+00:00,1,M1-H-4,4,,False,False,26.227628
ses_20260701-054930-CHAITANYA0BCF,G,経費精算承認,finance,adj,EXP-111912-004,2026-07-01 06:05:35.488686+00:00,2026-07-01 06:06:04.154343+00:00,1,M1-G-4,4,,False,False,28.665657
ses_20260701-054930-CHAITANYA0BCF,L,在庫調整,ops,adj,STK-111912-004,2026-07-01 06:06:04.155974+00:00,2026-07-01 06:07:09.416498+00:00,2,M1-L-4,4,M1-L-split-1,False,False,65.260524
ses_20260701-054930-CHAITANYA0BCF,J,支払処理,finance,,PM-111912-003,2026-07-01 06:07:09.417517+00:00,2026-07-01 06:07:34.729233+00:00,1,M1-J-3,3,,False,False,25.311716
ses_20260701-054930-CHAITANYA0BCF,N,出荷追跡,ops,,SHP-111912-001,2026-07-01 06:07:34.729823+00:00,,1,M1-N-1,1,,False,False,
ses_20260701-054930-CHAITANYA0BCF,N,出荷追跡,ops,,SHP-111912-002,2026-07-01 06:08:10.246697+00:00,2026-07-01 06:08:43.885699+00:00,1,M1-N-2,2,,False,False,33.639002
ses_20260701-054930-CHAITANYA0BCF,I,予算差異分析,finance,,BV-111912-003,2026-07-01 06:08:43.888293+00:00,2026-07-01 06:09:42.249845+00:00,1,M1-I-3,3,,False,False,58.361552
ses_20260701-054930-CHAITANYA0BCF,N,出荷追跡,ops,,SHP-111912-003,2026-07-01 06:09:42.259378+00:00,2026-07-01 06:10:24.344609+00:00,1,M1-N-3,3,,False,False,42.085231
ses_20260701-055037-Marcos,F,請求書承認,finance,std,INV-112003-001,2026-07-01 05:51:24.952550+00:00,2026-07-01 05:52:27.572373+00:00,1,M1-F-1,1,,True,True,62.619823
ses_20260701-055037-Marcos,L,在庫調整,ops,reg,STK-112003-001,2026-07-01 05:52:27.573386+00:00,2026-07-01 05:53:03.168081+00:00,1,M1-L-1,1,,False,False,35.594695
ses_20260701-055037-Marcos,E,入社照合・手当確認,hr,,OB-112003-001,2026-07-01 05:53:03.169056+00:00,2026-07-01 05:53:31.240613+00:00,1,M1-E-1,1,,False,False,28.071557
ses_20260701-055037-Marcos,K,受注処理,ops,std,ORD-112003-001,2026-07-01 05:53:31.241521+00:00,2026-07-01 05:54:00.789098+00:00,1,M1-K-1,1,,False,False,29.547577
ses_20260701-055037-Marcos,F,請求書承認,finance,std,INV-112003-002,2026-07-01 05:54:00.789786+00:00,2026-07-01 05:54:29.762026+00:00,1,M1-F-2,2,,False,False,28.97224
ses_20260701-055037-Marcos,D,社保・年金補正対応,hr,,SI-112003-001,2026-07-01 05:54:59.052997+00:00,2026-07-01 05:55:38.270896+00:00,1,M1-D-1,1,,False,False,39.217899
ses_20260701-055037-Marcos,L,在庫調整,ops,reg,STK-112003-002,2026-07-01 05:55:38.271675+00:00,2026-07-01 05:56:01.043250+00:00,1,M1-L-2,2,,False,False,22.771575
ses_20260701-055037-Marcos,A,住民税通知確認,hr,std,RT-112003-001,2026-07-01 05:56:02.753525+00:00,2026-07-01 05:56:28.297226+00:00,1,M1-A-1,1,,False,False,25.543701
ses_20260701-055037-Marcos,F,請求書承認,finance,std,INV-112003-003,2026-07-01 05:56:28.298033+00:00,2026-07-01 05:57:26.012192+00:00,2,M1-F-3,3,M1-F-split-1,False,False,57.714159
ses_20260701-055037-Marcos,K,受注処理,ops,std,ORD-112003-002,2026-07-01 05:57:26.012921+00:00,2026-07-01 05:59:19.129579+00:00,1,M1-K-2,2,,False,False,113.116658
ses_20260701-055037-Marcos,E,入社照合・手当確認,hr,,OB-112003-002,2026-07-01 05:59:19.130517+00:00,2026-07-01 05:59:49.233484+00:00,1,M1-E-2,2,,False,False,30.102967
ses_20260701-055037-Marcos,A,住民税通知確認,hr,std,RT-112003-002,2026-07-01 05:59:49.234313+00:00,2026-07-01 06:00:15.105756+00:00,1,M1-A-2,2,,False,False,25.871443
ses_20260701-055037-Marcos,O,返品処理,ops,,RET-112003-001,2026-07-01 06:00:15.106665+00:00,2026-07-01 06:00:44.751692+00:00,1,M1-O-1,1,,False,False,29.645027
ses_20260701-055037-Marcos,K,受注処理,ops,std,ORD-112003-003,2026-07-01 06:00:44.752404+00:00,2026-07-01 06:01:12.929002+00:00,1,M1-K-3,3,,False,False,28.176598
ses_20260701-055037-Marcos,L,在庫調整,ops,reg,STK-112003-003,2026-07-01 06:01:12.930111+00:00,2026-07-01 06:01:35.904114+00:00,2,M1-L-3,3,M1-L-split-1,False,False,22.974003
ses_20260701-055037-Marcos,F,請求書承認,finance,exc,INV-112003-004,2026-07-01 06:01:35.904925+00:00,2026-07-01 06:02:33.087485+00:00,2,M1-F-4,4,M1-F-split-1,False,False,57.18256
ses_20260701-055037-Marcos,A,住民税通知確認,hr,std,RT-112003-003,2026-07-01 06:02:33.088284+00:00,2026-07-01 06:02:57.858036+00:00,1,M1-A-3,3,,False,False,24.769752
ses_20260701-055037-Marcos,D,社保・年金補正対応,hr,,SI-112003-002,2026-07-01 06:02:57.858989+00:00,2026-07-01 06:03:36.123124+00:00,1,M1-D-2,2,,False,False,38.264135
ses_20260701-055037-Marcos,K,受注処理,ops,exc,ORD-112003-004,2026-07-01 06:03:36.123907+00:00,2026-07-01 06:04:03.376316+00:00,1,M1-K-4,4,,False,False,27.252409
ses_20260701-055037-Marcos,D,社保・年金補正対応,hr,,SI-112003-003,2026-07-01 06:04:03.377371+00:00,2026-07-01 06:04:40.842224+00:00,1,M1-D-3,3,,False,False,37.464853
ses_20260701-055037-Marcos,O,返品処理,ops,,RET-112003-002,2026-07-01 06:04:40.843096+00:00,,1,M1-O-2,2,,False,False,
ses_20260701-055037-Marcos,O,返品処理,ops,,RET-112003-003,2026-07-01 06:05:04.894497+00:00,2026-07-01 06:05:29.303887+00:00,1,M1-O-3,3,,False,False,24.40939
ses_20260701-055037-Marcos,K,受注処理,ops,exc,ORD-112003-005,2026-07-01 06:05:29.304800+00:00,2026-07-01 06:05:55.556850+00:00,1,M1-K-5,5,,False,False,26.25205
ses_20260701-055037-Marcos,F,請求書承認,finance,exc,INV-112003-005,2026-07-01 06:05:55.557714+00:00,2026-07-01 06:07:06.474857+00:00,2,M1-F-5,5,M1-F-split-1,False,False,70.917143
ses_20260701-055037-Marcos,I,予算差異分析,finance,,BV-112003-001,2026-07-01 06:07:06.475599+00:00,2026-07-01 06:08:17.669184+00:00,1,M1-I-1,1,,False,False,71.193585
ses_20260701-055037-Marcos,A,住民税通知確認,hr,exc,RT-112003-004,2026-07-01 06:08:17.670124+00:00,2026-07-01 06:09:08.768526+00:00,1,M1-A-4,4,,False,False,51.098402
ses_20260701-055037-Marcos,E,入社照合・手当確認,hr,,OB-112003-003,2026-07-01 06:09:08.769593+00:00,2026-07-01 06:09:31.452307+00:00,1,M1-E-3,3,,False,False,22.682714
ses_20260701-055037-Marcos,A,住民税通知確認,hr,exc,RT-112003-005,2026-07-01 06:09:31.453601+00:00,2026-07-01 06:09:54.523046+00:00,1,M1-A-5,5,,False,False,23.069445
ses_20260701-055037-Marcos,I,予算差異分析,finance,,BV-112003-002,2026-07-01 06:09:54.523945+00:00,,1,M1-I-2,2,,False,False,
ses_20260701-055037-Marcos,I,予算差異分析,finance,,BV-112003-003,2026-07-01 06:12:41.804111+00:00,2026-07-01 06:14:02.802981+00:00,1,M1-I-3,3,,False,False,80.99887
ses_20260701-055918-MSI,N,出荷追跡,ops,,SHP-112927-001,2026-07-01 06:00:29.516823+00:00,2026-07-01 06:01:10.281031+00:00,1,M1-N-1,1,,False,False,40.764208
ses_20260701-055918-MSI,F,請求書承認,finance,std,INV-112927-001,2026-07-01 06:01:10.282020+00:00,2026-07-01 06:01:33.116674+00:00,1,M1-F-1,1,,True,True,22.834654
ses_20260701-055918-MSI,B,給与備考・控除整備,hr,reg,PI-112927-001,2026-07-01 06:01:33.117356+00:00,2026-07-01 06:01:56.800209+00:00,1,M1-B-1,1,,False,False,23.682853
ses_20260701-055918-MSI,E,入社照合・手当確認,hr,,OB-112927-001,2026-07-01 06:01:56.800796+00:00,2026-07-01 06:02:40.068504+00:00,1,M1-E-1,1,,False,False,43.267708
ses_20260701-055918-MSI,F,請求書承認,finance,std,INV-112927-002,2026-07-01 06:02:40.069135+00:00,2026-07-01 06:03:09.014124+00:00,1,M1-F-2,2,,False,False,28.944989
ses_20260701-055918-MSI,O,返品処理,ops,,RET-112927-001,2026-07-01 06:03:10.454145+00:00,2026-07-01 06:03:39.153515+00:00,1,M1-O-1,1,,False,False,28.69937
ses_20260701-055918-MSI,B,給与備考・控除整備,hr,reg,PI-112927-002,2026-07-01 06:03:39.154377+00:00,2026-07-01 06:04:02.863445+00:00,1,M1-B-2,2,,False,False,23.709068
ses_20260701-055918-MSI,M,仕入先連絡,ops,,SUP-112927-001,2026-07-01 06:04:04.210973+00:00,2026-07-01 06:04:42.678436+00:00,1,M1-M-1,1,,False,False,38.467463
ses_20260701-055918-MSI,C,育児・産休申請確認,hr,,LA-112927-001,2026-07-01 06:04:42.679484+00:00,2026-07-01 06:05:21.651670+00:00,1,M1-C-1,1,,False,False,38.972186
ses_20260701-055918-MSI,A,住民税通知確認,hr,std,RT-112927-001,2026-07-01 06:05:21.652364+00:00,,1,M1-A-1,1,,False,False,
ses_20260701-055918-MSI,A,住民税通知確認,hr,std,RT-112927-002,2026-07-01 06:05:48.210559+00:00,2026-07-01 06:06:13.288768+00:00,1,M1-A-2,2,,False,False,25.078209
ses_20260701-055918-MSI,F,請求書承認,finance,std,INV-112927-003,2026-07-01 06:06:13.289536+00:00,2026-07-01 06:06:37.161635+00:00,2,M1-F-3,3,M1-F-split-1,False,False,23.872099
ses_20260701-055918-MSI,O,返品処理,ops,,RET-112927-002,2026-07-01 06:06:37.162262+00:00,2026-07-01 06:07:07.219917+00:00,1,M1-O-2,2,,False,False,30.057655
ses_20260701-055918-MSI,A,住民税通知確認,hr,std,RT-112927-003,2026-07-01 06:07:07.220657+00:00,2026-07-01 06:07:43.804219+00:00,1,M1-A-3,3,,False,False,36.583562
ses_20260701-055918-MSI,D,社保・年金補正対応,hr,,SI-112927-001,2026-07-01 06:07:43.804880+00:00,2026-07-01 06:08:20.994339+00:00,1,M1-D-1,1,,False,False,37.189459
ses_20260701-055918-MSI,N,出荷追跡,ops,,SHP-112927-002,2026-07-01 06:08:20.995065+00:00,2026-07-01 06:09:13.314641+00:00,1,M1-N-2,2,,False,False,52.319576
ses_20260701-055918-MSI,M,仕入先連絡,ops,,SUP-112927-002,2026-07-01 06:09:13.315780+00:00,2026-07-01 06:09:45.003211+00:00,1,M1-M-2,2,,False,False,31.687431
ses_20260701-055918-MSI,D,社保・年金補正対応,hr,,SI-112927-002,2026-07-01 06:09:45.003924+00:00,2026-07-01 06:11:43.269431+00:00,1,M1-D-2,2,,False,False,118.265507
ses_20260701-055918-MSI,A,住民税通知確認,hr,exc,RT-112927-004,2026-07-01 06:11:43.270789+00:00,2026-07-01 06:12:18.047275+00:00,1,M1-A-4,4,,False,False,34.776486
ses_20260701-055918-MSI,E,入社照合・手当確認,hr,,OB-112927-002,2026-07-01 06:12:18.048115+00:00,2026-07-01 06:12:46.898007+00:00,1,M1-E-2,2,,False,False,28.849892
ses_20260701-055918-MSI,F,請求書承認,finance,exc,INV-112927-004,2026-07-01 06:12:46.898627+00:00,2026-07-01 06:13:15.318844+00:00,2,M1-F-4,4,M1-F-split-1,False,False,28.420217
ses_20260701-055918-MSI,C,育児・産休申請確認,hr,,LA-112927-002,2026-07-01 06:13:15.319454+00:00,,1,M1-C-2,2,,False,False,
ses_20260701-055918-MSI,C,育児・産休申請確認,hr,,LA-112927-003,2026-07-01 06:13:57.629523+00:00,2026-07-01 06:14:46.802828+00:00,1,M1-C-3,3,,False,False,49.173305
ses_20260701-055918-MSI,F,請求書承認,finance,exc,INV-112927-005,2026-07-01 06:14:46.803452+00:00,2026-07-01 06:15:16.902065+00:00,2,M1-F-5,5,M1-F-split-1,False,False,30.098613
ses_20260701-055918-MSI,M,仕入先連絡,ops,,SUP-112927-003,2026-07-01 06:15:16.903005+00:00,2026-07-01 06:17:19.417310+00:00,1,M1-M-3,3,,False,False,122.514305
ses_20260701-055918-MSI,C,育児・産休申請確認,hr,,LA-112927-004,2026-07-01 06:17:19.418022+00:00,2026-07-01 06:17:57.436765+00:00,1,M1-C-4,4,,False,False,38.018743
ses_20260701-055918-MSI,O,返品処理,ops,,RET-112927-003,2026-07-01 06:17:57.437795+00:00,2026-07-01 06:18:23.225932+00:00,1,M1-O-3,3,,False,False,25.788137
ses_20260701-055918-MSI,N,出荷追跡,ops,,SHP-112927-003,2026-07-01 06:18:23.226762+00:00,2026-07-01 06:18:56.327037+00:00,1,M1-N-3,3,,False,False,33.100275
ses_20260701-055918-MSI,E,入社照合・手当確認,hr,,OB-112927-003,2026-07-01 06:18:56.327939+00:00,2026-07-01 06:19:26.573028+00:00,1,M1-E-3,3,,False,False,30.245089
ses_20260701-055918-MSI,M,仕入先連絡,ops,,SUP-112927-004,2026-07-01 06:19:26.573884+00:00,2026-07-01 06:20:03.694176+00:00,1,M1-M-4,4,,False,False,37.120292
ses_20260701-055918-MSI,B,給与備考・控除整備,hr,reg,PI-112927-003,2026-07-01 06:20:03.694799+00:00,,2,M1-B-3,3,M1-B-split-1,False,False,
ses_20260701-055918-MSI,B,給与備考・控除整備,hr,adj,PI-112927-004,2026-07-01 06:20:25.451803+00:00,2026-07-01 06:20:52.652664+00:00,2,M1-B-4,4,M1-B-split-1,False,False,27.200861
ses_20260701-055918-MSI,D,社保・年金補正対応,hr,,SI-112927-003,2026-07-01 06:20:52.653709+00:00,2026-07-01 06:21:38.118519+00:00,1,M1-D-3,3,,False,False,45.46481
ses_20260701-062250-Marcos,J,支払処理,finance,,PM-115207-001,2026-07-01 06:23:38.452907+00:00,2026-07-01 06:24:04.632873+00:00,1,M1-J-1,1,,False,False,26.179966
ses_20260701-062250-Marcos,M,仕入先連絡,ops,,SUP-115207-001,2026-07-01 06:24:04.633712+00:00,2026-07-01 06:24:40.482200+00:00,1,M1-M-1,1,,False,False,35.848488
ses_20260701-062250-Marcos,D,社保・年金補正対応,hr,,SI-115207-001,2026-07-01 06:24:40.484001+00:00,2026-07-01 06:25:21.604176+00:00,1,M1-D-1,1,,False,False,41.120175
ses_20260701-062250-Marcos,A,住民税通知確認,hr,std,RT-115207-001,2026-07-01 06:25:21.604982+00:00,2026-07-01 06:25:49.932417+00:00,1,M1-A-1,1,,False,False,28.327435
ses_20260701-062250-Marcos,G,経費精算承認,finance,reg,EXP-115207-001,2026-07-01 06:25:49.933207+00:00,2026-07-01 06:26:15.314150+00:00,1,M1-G-1,1,,False,False,25.380943
ses_20260701-062250-Marcos,J,支払処理,finance,,PM-115207-002,2026-07-01 06:26:15.315223+00:00,,1,M1-J-2,2,,False,False,
ses_20260701-062250-Marcos,J,支払処理,finance,,PM-115207-003,2026-07-01 06:26:38.439543+00:00,2026-07-01 06:27:06.259004+00:00,1,M1-J-3,3,,False,False,27.819461
ses_20260701-062250-Marcos,B,給与備考・控除整備,hr,reg,PI-115207-001,2026-07-01 06:27:06.259796+00:00,2026-07-01 06:27:31.248637+00:00,1,M1-B-1,1,,False,False,24.988841
ses_20260701-062250-Marcos,E,入社照合・手当確認,hr,,OB-115207-001,2026-07-01 06:27:31.249611+00:00,2026-07-01 06:27:59.634633+00:00,1,M1-E-1,1,,False,False,28.385022
ses_20260701-062250-Marcos,M,仕入先連絡,ops,,SUP-115207-002,2026-07-01 06:27:59.635915+00:00,2026-07-01 06:28:40.101196+00:00,1,M1-M-2,2,,False,False,40.465281
ses_20260701-062250-Marcos,I,予算差異分析,finance,,BV-115207-001,2026-07-01 06:28:40.102591+00:00,2026-07-01 06:29:40.631953+00:00,1,M1-I-1,1,,False,False,60.529362
ses_20260701-062250-Marcos,A,住民税通知確認,hr,std,RT-115207-002,2026-07-01 06:29:40.633102+00:00,2026-07-01 06:30:08.162386+00:00,1,M1-A-2,2,,False,False,27.529284
ses_20260701-062250-Marcos,E,入社照合・手当確認,hr,,OB-115207-002,2026-07-01 06:30:09.321851+00:00,2026-07-01 06:30:33.669012+00:00,1,M1-E-2,2,,False,False,24.347161
ses_20260701-062250-Marcos,G,経費精算承認,finance,reg,EXP-115207-002,2026-07-01 06:30:33.669961+00:00,2026-07-01 06:30:53.840394+00:00,1,M1-G-2,2,,True,True,20.170433
ses_20260701-062250-Marcos,H,銀行勘定照合,finance,,BR-115207-001,2026-07-01 06:30:53.841110+00:00,2026-07-01 06:31:16.200285+00:00,1,M1-H-1,1,,False,False,22.359175
ses_20260701-062250-Marcos,B,給与備考・控除整備,hr,reg,PI-115207-002,2026-07-01 06:31:16.201542+00:00,2026-07-01 06:31:39.112136+00:00,1,M1-B-2,2,,False,False,22.910594
ses_20260701-062250-Marcos,G,経費精算承認,finance,reg,EXP-115207-003,2026-07-01 06:31:40.478296+00:00,,1,M1-G-3,3,,False,False,
ses_20260701-062250-Marcos,G,経費精算承認,finance,adj,EXP-115207-004,2026-07-01 06:32:00.013983+00:00,2026-07-01 06:32:29.760404+00:00,1,M1-G-4,4,,False,False,29.746421
ses_20260701-062250-Marcos,A,住民税通知確認,hr,std,RT-115207-003,2026-07-01 06:32:29.761210+00:00,2026-07-01 06:32:55.680787+00:00,2,M1-A-3,3,M1-A-split-1,False,False,25.919577
ses_20260701-062250-Marcos,I,予算差異分析,finance,,BV-115207-002,2026-07-01 06:32:55.681838+00:00,2026-07-01 06:33:59.673972+00:00,1,M1-I-2,2,,False,False,63.992134
ses_20260701-062250-Marcos,H,銀行勘定照合,finance,,BR-115207-002,2026-07-01 06:33:59.675226+00:00,,1,M1-H-2,2,,False,False,
ses_20260701-062250-Marcos,H,銀行勘定照合,finance,,BR-115207-003,2026-07-01 06:34:38.312143+00:00,2026-07-01 06:35:07.526462+00:00,1,M1-H-3,3,,False,False,29.214319
ses_20260701-062250-Marcos,D,社保・年金補正対応,hr,,SI-115207-002,2026-07-01 06:35:07.527566+00:00,2026-07-01 06:35:43.526210+00:00,1,M1-D-2,2,,False,False,35.998644
ses_20260701-062250-Marcos,B,給与備考・控除整備,hr,reg,PI-115207-003,2026-07-01 06:35:43.527067+00:00,2026-07-01 06:36:02.561723+00:00,2,M1-B-3,3,M1-B-split-1,False,False,19.034656
ses_20260701-062250-Marcos,C,育児・産休申請確認,hr,,LA-115207-001,2026-07-01 06:36:02.562623+00:00,2026-07-01 06:36:42.623618+00:00,1,M1-C-1,1,,False,False,40.060995
ses_20260701-062250-Marcos,B,給与備考・控除整備,hr,adj,PI-115207-004,2026-07-01 06:36:42.624364+00:00,2026-07-01 06:37:09.205337+00:00,2,M1-B-4,4,M1-B-split-1,False,False,26.580973
ses_20260701-062250-Marcos,M,仕入先連絡,ops,,SUP-115207-003,2026-07-01 06:37:09.206274+00:00,2026-07-01 06:37:46.852054+00:00,1,M1-M-3,3,,False,False,37.64578
ses_20260701-062250-Marcos,D,社保・年金補正対応,hr,,SI-115207-003,2026-07-01 06:37:46.853243+00:00,2026-07-01 06:38:28.391882+00:00,1,M1-D-3,3,,False,False,41.538639
ses_20260701-062250-Marcos,I,予算差異分析,finance,,BV-115207-003,2026-07-01 06:38:28.392851+00:00,2026-07-01 06:39:33.188121+00:00,1,M1-I-3,3,,False,False,64.79527
ses_20260701-062250-Marcos,H,銀行勘定照合,finance,,BR-115207-004,2026-07-01 06:39:33.189140+00:00,2026-07-01 06:39:56.902695+00:00,1,M1-H-4,4,,False,False,23.713555
ses_20260701-062250-Marcos,C,育児・産休申請確認,hr,,LA-115207-002,2026-07-01 06:39:56.903480+00:00,,1,M1-C-2,2,,False,False,
ses_20260701-062250-Marcos,C,育児・産休申請確認,hr,,LA-115207-003,2026-07-01 06:42:14.246165+00:00,2026-07-01 06:42:48.035329+00:00,1,M1-C-3,3,,False,False,33.789164
ses_20260701-062250-Marcos,M,仕入先連絡,ops,,SUP-115207-004,2026-07-01 06:42:48.036289+00:00,2026-07-01 06:43:28.478272+00:00,1,M1-M-4,4,,False,False,40.441983
ses_20260701-062250-Marcos,E,入社照合・手当確認,hr,,OB-115207-003,2026-07-01 06:43:28.479610+00:00,2026-07-01 06:44:01.686012+00:00,1,M1-E-3,3,,False,False,33.206402
ses_20260701-062732-MSI,F,請求書承認,finance,std,INV-115753-001,2026-07-01 06:28:55.385474+00:00,2026-07-01 06:29:20.657145+00:00,1,M1-F-1,1,,True,True,25.271671
ses_20260701-062732-MSI,A,住民税通知確認,hr,std,RT-115753-001,2026-07-01 06:29:20.657988+00:00,2026-07-01 06:29:49.456702+00:00,1,M1-A-1,1,,False,False,28.798714
ses_20260701-062732-MSI,B,給与備考・控除整備,hr,reg,PI-115753-001,2026-07-01 06:29:49.457249+00:00,2026-07-01 06:30:29.239429+00:00,1,M1-B-1,1,,False,False,39.78218
ses_20260701-062732-MSI,F,請求書承認,finance,std,INV-115753-002,2026-07-01 06:30:29.240196+00:00,2026-07-01 06:30:55.698096+00:00,1,M1-F-2,2,,False,False,26.4579
ses_20260701-062732-MSI,B,給与備考・控除整備,hr,reg,PI-115753-002,2026-07-01 06:30:57.188196+00:00,2026-07-01 06:31:16.348299+00:00,1,M1-B-2,2,,False,False,19.160103
ses_20260701-062732-MSI,D,社保・年金補正対応,hr,,SI-115753-001,2026-07-01 06:31:17.479284+00:00,2026-07-01 06:31:50.049930+00:00,1,M1-D-1,1,,False,False,32.570646
ses_20260701-062732-MSI,A,住民税通知確認,hr,std,RT-115753-002,2026-07-01 06:31:50.050921+00:00,2026-07-01 06:32:17.934441+00:00,1,M1-A-2,2,,False,False,27.88352
ses_20260701-062732-MSI,C,育児・産休申請確認,hr,,LA-115753-001,2026-07-01 06:32:17.935772+00:00,2026-07-01 06:32:55.819322+00:00,1,M1-C-1,1,,False,False,37.88355
ses_20260701-062732-MSI,A,住民税通知確認,hr,std,RT-115753-003,2026-07-01 06:32:55.820024+00:00,2026-07-01 06:33:23.993157+00:00,1,M1-A-3,3,,False,False,28.173133
ses_20260701-062732-MSI,F,請求書承認,finance,std,INV-115753-003,2026-07-01 06:33:23.994000+00:00,,2,M1-F-3,3,M1-F-split-1,False,False,
ses_20260701-062732-MSI,F,請求書承認,finance,exc,INV-115753-004,2026-07-01 06:33:53.854256+00:00,2026-07-01 06:34:16.485666+00:00,2,M1-F-4,4,M1-F-split-1,False,False,22.63141
ses_20260701-062732-MSI,D,社保・年金補正対応,hr,,SI-115753-002,2026-07-01 06:34:16.486324+00:00,2026-07-01 06:34:52.571803+00:00,1,M1-D-2,2,,False,False,36.085479
ses_20260701-062732-MSI,A,住民税通知確認,hr,exc,RT-115753-004,2026-07-01 06:34:52.572493+00:00,2026-07-01 06:35:21.249829+00:00,1,M1-A-4,4,,False,False,28.677336
ses_20260701-062732-MSI,B,給与備考・控除整備,hr,reg,PI-115753-003,2026-07-01 06:35:21.250692+00:00,2026-07-01 06:36:57.860594+00:00,2,M1-B-3,3,M1-B-split-1,False,False,96.609902
ses_20260701-062732-MSI,E,入社照合・手当確認,hr,,OB-115753-001,2026-07-01 06:36:57.863051+00:00,2026-07-01 06:37:25.812887+00:00,1,M1-E-1,1,,False,False,27.949836
ses_20260701-062732-MSI,F,請求書承認,finance,exc,INV-115753-005,2026-07-01 06:37:25.813487+00:00,2026-07-01 06:37:52.867886+00:00,2,M1-F-5,5,M1-F-split-1,False,False,27.054399
ses_20260701-062732-MSI,N,出荷追跡,ops,,SHP-115753-001,2026-07-01 06:37:52.868632+00:00,,1,M1-N-1,1,,False,False,
ses_20260701-062732-MSI,N,出荷追跡,ops,,SHP-115753-002,2026-07-01 06:38:28.210998+00:00,2026-07-01 06:39:07.836093+00:00,1,M1-N-2,2,,False,False,39.625095
ses_20260701-062732-MSI,C,育児・産休申請確認,hr,,LA-115753-002,2026-07-01 06:39:07.836786+00:00,,1,M1-C-2,2,,False,False,
ses_20260701-062732-MSI,C,育児・産休申請確認,hr,,LA-115753-003,2026-07-01 06:39:47.845480+00:00,,1,M1-C-3,3,,False,False,
ses_20260701-062732-MSI,C,育児・産休申請確認,hr,,LA-115753-004,2026-07-01 06:40:22.379763+00:00,2026-07-01 06:41:02.339421+00:00,1,M1-C-4,4,,False,False,39.959658
ses_20260701-062732-MSI,B,給与備考・控除整備,hr,adj,PI-115753-004,2026-07-01 06:41:02.340105+00:00,2026-07-01 06:41:30.326298+00:00,2,M1-B-4,4,M1-B-split-1,False,False,27.986193
ses_20260701-062732-MSI,O,返品処理,ops,,RET-115753-001,2026-07-01 06:41:30.327848+00:00,2026-07-01 06:42:00.515980+00:00,1,M1-O-1,1,,False,False,30.188132
ses_20260701-062732-MSI,D,社保・年金補正対応,hr,,SI-115753-003,2026-07-01 06:42:00.516709+00:00,2026-07-01 06:42:34.289042+00:00,1,M1-D-3,3,,False,False,33.772333
ses_20260701-062732-MSI,E,入社照合・手当確認,hr,,OB-115753-002,2026-07-01 06:42:34.289873+00:00,2026-07-01 06:42:58.014668+00:00,1,M1-E-2,2,,False,False,23.724795
ses_20260701-062732-MSI,M,仕入先連絡,ops,,SUP-115753-001,2026-07-01 06:42:58.015584+00:00,,1,M1-M-1,1,,False,False,
ses_20260701-062732-MSI,M,仕入先連絡,ops,,SUP-115753-002,2026-07-01 06:44:52.929523+00:00,2026-07-01 06:45:45.815888+00:00,1,M1-M-2,2,,False,False,52.886365
ses_20260701-062732-MSI,O,返品処理,ops,,RET-115753-002,2026-07-01 06:45:45.816621+00:00,2026-07-01 06:46:15.667073+00:00,1,M1-O-2,2,,False,False,29.850452
ses_20260701-062732-MSI,M,仕入先連絡,ops,,SUP-115753-003,2026-07-01 06:46:15.667906+00:00,,1,M1-M-3,3,,False,False,
ses_20260701-062732-MSI,M,仕入先連絡,ops,,SUP-115753-004,2026-07-01 06:46:51.776323+00:00,2026-07-01 06:47:23.014277+00:00,1,M1-M-4,4,,False,False,31.237954
ses_20260701-062732-MSI,N,出荷追跡,ops,,SHP-115753-003,2026-07-01 06:47:23.015042+00:00,2026-07-01 06:47:55.875604+00:00,1,M1-N-3,3,,False,False,32.860562
ses_20260701-062732-MSI,O,返品処理,ops,,RET-115753-003,2026-07-01 06:47:55.877040+00:00,2026-07-01 06:48:21.716948+00:00,1,M1-O-3,3,,False,False,25.839908
ses_20260701-062732-MSI,E,入社照合・手当確認,hr,,OB-115753-003,2026-07-01 06:48:21.717707+00:00,2026-07-01 06:48:55.711084+00:00,1,M1-E-3,3,,False,False,33.993377
ses_20260701-063106-LAPTOP-R36BQBTE,G,経費精算承認,finance,reg,EXP-120116-001,2026-07-01 06:32:19.255524+00:00,2026-07-01 06:32:41.417938+00:00,1,M1-G-1,1,,False,False,22.162414
ses_20260701-063106-LAPTOP-R36BQBTE,D,社保・年金補正対応,hr,,SI-120116-001,2026-07-01 06:32:41.423510+00:00,2026-07-01 06:33:20.238950+00:00,1,M1-D-1,1,,False,False,38.81544
ses_20260701-063106-LAPTOP-R36BQBTE,G,経費精算承認,finance,reg,EXP-120116-002,2026-07-01 06:33:20.241504+00:00,2026-07-01 06:33:43.422927+00:00,1,M1-G-2,2,,False,False,23.181423
ses_20260701-063106-LAPTOP-R36BQBTE,F,請求書承認,finance,std,INV-120116-001,2026-07-01 06:33:43.424983+00:00,2026-07-01 06:35:14.437492+00:00,1,M1-F-1,1,,False,False,91.012509
ses_20260701-063106-LAPTOP-R36BQBTE,B,給与備考・控除整備,hr,reg,PI-120116-001,2026-07-01 06:35:14.441129+00:00,2026-07-01 06:35:38.831069+00:00,1,M1-B-1,1,,False,False,24.38994
ses_20260701-063106-LAPTOP-R36BQBTE,D,社保・年金補正対応,hr,,SI-120116-002,2026-07-01 06:35:38.833125+00:00,2026-07-01 06:36:13.296622+00:00,1,M1-D-2,2,,False,False,34.463497
ses_20260701-063106-LAPTOP-R36BQBTE,F,請求書承認,finance,std,INV-120116-002,2026-07-01 06:36:13.299765+00:00,2026-07-01 06:36:37.576974+00:00,1,M1-F-2,2,,False,False,24.277209
ses_20260701-063106-LAPTOP-R36BQBTE,I,予算差異分析,finance,,BV-120116-001,2026-07-01 06:37:15.450581+00:00,,1,M1-I-1,1,,False,False,
ses_20260701-063106-LAPTOP-R36BQBTE,I,予算差異分析,finance,,BV-120116-002,2026-07-01 06:38:16.700781+00:00,,1,M1-I-2,2,,False,False,
ses_20260701-063106-LAPTOP-R36BQBTE,I,予算差異分析,finance,,BV-120116-003,2026-07-01 06:39:27.330205+00:00,2026-07-01 06:40:26.812483+00:00,1,M1-I-3,3,,False,False,59.482278
ses_20260701-063106-LAPTOP-R36BQBTE,B,給与備考・控除整備,hr,reg,PI-120116-002,2026-07-01 06:40:26.815562+00:00,2026-07-01 06:40:49.911042+00:00,1,M1-B-2,2,,False,False,23.09548
ses_20260701-063106-LAPTOP-R36BQBTE,F,請求書承認,finance,std,INV-120116-003,2026-07-01 06:40:52.220233+00:00,2026-07-01 06:41:48.470452+00:00,2,M1-F-3,3,M1-F-split-1,False,False,56.250219
ses_20260701-063106-LAPTOP-R36BQBTE,D,社保・年金補正対応,hr,,SI-120116-003,2026-07-01 06:41:48.473484+00:00,2026-07-01 06:42:24.304948+00:00,1,M1-D-3,3,,False,False,35.831464
ses_20260701-063106-LAPTOP-R36BQBTE,F,請求書承認,finance,exc,INV-120116-004,2026-07-01 06:42:24.308541+00:00,2026-07-01 06:43:25.398257+00:00,2,M1-F-4,4,M1-F-split-1,False,False,61.089716
ses_20260701-063106-LAPTOP-R36BQBTE,B,給与備考・控除整備,hr,reg,PI-120116-003,2026-07-01 06:43:25.401288+00:00,2026-07-01 06:43:55.385865+00:00,2,M1-B-3,3,M1-B-split-1,False,False,29.984577
ses_20260701-063106-LAPTOP-R36BQBTE,F,請求書承認,finance,exc,INV-120116-005,2026-07-01 06:43:55.387409+00:00,2026-07-01 06:45:09.163132+00:00,2,M1-F-5,5,M1-F-split-1,False,False,73.775723
ses_20260701-063106-LAPTOP-R36BQBTE,E,入社照合・手当確認,hr,,OB-120116-001,2026-07-01 06:45:09.165675+00:00,2026-07-01 06:45:45.017492+00:00,1,M1-E-1,1,,False,False,35.851817
ses_20260701-063106-LAPTOP-R36BQBTE,N,出荷追跡,ops,,SHP-120116-001,2026-07-01 06:45:45.019921+00:00,2026-07-01 06:46:25.415377+00:00,1,M1-N-1,1,,True,True,40.395456
ses_20260701-063106-LAPTOP-R36BQBTE,G,経費精算承認,finance,reg,EXP-120116-003,2026-07-01 06:46:25.417908+00:00,2026-07-01 06:46:44.435656+00:00,1,M1-G-3,3,,False,False,19.017748
ses_20260701-063106-LAPTOP-R36BQBTE,B,給与備考・控除整備,hr,adj,PI-120116-004,2026-07-01 06:46:44.438189+00:00,2026-07-01 06:47:13.784550+00:00,2,M1-B-4,4,M1-B-split-1,False,False,29.346361
ses_20260701-063106-LAPTOP-R36BQBTE,H,銀行勘定照合,finance,,BR-120116-001,2026-07-01 06:47:13.788114+00:00,,1,M1-H-1,1,,False,False,
ses_20260701-063106-LAPTOP-R36BQBTE,H,銀行勘定照合,finance,,BR-120116-002,2026-07-01 06:47:43.391357+00:00,2026-07-01 06:48:06.557581+00:00,1,M1-H-2,2,,False,False,23.166224
ses_20260701-063106-LAPTOP-R36BQBTE,N,出荷追跡,ops,,SHP-120116-002,2026-07-01 06:48:06.561185+00:00,2026-07-01 06:48:48.296137+00:00,1,M1-N-2,2,,False,False,41.734952
ses_20260701-063106-LAPTOP-R36BQBTE,H,銀行勘定照合,finance,,BR-120116-003,2026-07-01 06:48:48.297668+00:00,,1,M1-H-3,3,,False,False,
ses_20260701-063106-LAPTOP-R36BQBTE,H,銀行勘定照合,finance,,BR-120116-004,2026-07-01 06:49:11.413937+00:00,2026-07-01 06:49:39.002970+00:00,1,M1-H-4,4,,False,False,27.589033
ses_20260701-063106-LAPTOP-R36BQBTE,E,入社照合・手当確認,hr,,OB-120116-002,2026-07-01 06:49:39.006059+00:00,,1,M1-E-2,2,,False,False,
ses_20260701-063106-LAPTOP-R36BQBTE,E,入社照合・手当確認,hr,,OB-120116-003,2026-07-01 06:50:03.984236+00:00,2026-07-01 06:50:32.136214+00:00,1,M1-E-3,3,,False,False,28.151978
ses_20260701-063106-LAPTOP-R36BQBTE,N,出荷追跡,ops,,SHP-120116-003,2026-07-01 06:50:32.139273+00:00,2026-07-01 06:52:31.797481+00:00,1,M1-N-3,3,,False,False,119.658208
ses_20260701-065151-CHAITANYA0BCF,G,経費精算承認,finance,reg,EXP-122013-001,2026-07-01 06:52:45.528928+00:00,2026-07-01 06:53:10.567260+00:00,1,M1-G-1,1,,False,False,25.038332
ses_20260701-065151-CHAITANYA0BCF,C,育児・産休申請確認,hr,,LA-122013-001,2026-07-01 06:53:10.567260+00:00,2026-07-01 06:55:19.364882+00:00,1,M1-C-1,1,,False,False,128.797622
ses_20260701-065151-CHAITANYA0BCF,H,銀行勘定照合,finance,,BR-122013-001,2026-07-01 06:55:19.365933+00:00,2026-07-01 06:55:47.165907+00:00,1,M1-H-1,1,,False,False,27.799974
ses_20260701-065151-CHAITANYA0BCF,B,給与備考・控除整備,hr,reg,PI-122013-001,2026-07-01 06:55:47.165907+00:00,2026-07-01 06:56:48.215519+00:00,1,M1-B-1,1,,False,False,61.049612
ses_20260701-065151-CHAITANYA0BCF,L,在庫調整,ops,reg,STK-122013-001,2026-07-01 06:56:48.216666+00:00,2026-07-01 06:57:10.007928+00:00,1,M1-L-1,1,,False,False,21.791262
ses_20260701-065151-CHAITANYA0BCF,N,出荷追跡,ops,,SHP-122013-001,2026-07-01 06:57:10.008470+00:00,2026-07-01 06:57:50.184657+00:00,1,M1-N-1,1,,True,True,40.176187
ses_20260701-065151-CHAITANYA0BCF,G,経費精算承認,finance,reg,EXP-122013-002,2026-07-01 06:57:50.186287+00:00,2026-07-01 06:58:13.763511+00:00,1,M1-G-2,2,,False,False,23.577224
ses_20260701-065151-CHAITANYA0BCF,H,銀行勘定照合,finance,,BR-122013-002,2026-07-01 06:58:13.764044+00:00,2026-07-01 06:58:37.634803+00:00,1,M1-H-2,2,,False,False,23.870759
ses_20260701-065151-CHAITANYA0BCF,B,給与備考・控除整備,hr,reg,PI-122013-002,2026-07-01 06:58:37.636339+00:00,,1,M1-B-2,2,,False,False,
ses_20260701-065151-CHAITANYA0BCF,B,給与備考・控除整備,hr,reg,PI-122013-003,2026-07-01 06:59:04.013025+00:00,2026-07-01 06:59:23.005502+00:00,1,M1-B-3,3,,False,False,18.992477
ses_20260701-065151-CHAITANYA0BCF,G,経費精算承認,finance,reg,EXP-122013-003,2026-07-01 06:59:23.007550+00:00,2026-07-01 06:59:46.128825+00:00,1,M1-G-3,3,,False,False,23.121275
ses_20260701-065151-CHAITANYA0BCF,K,受注処理,ops,std,ORD-122013-001,2026-07-01 06:59:46.130779+00:00,2026-07-01 07:00:12.433312+00:00,1,M1-K-1,1,,False,False,26.302533
ses_20260701-065151-CHAITANYA0BCF,H,銀行勘定照合,finance,,BR-122013-003,2026-07-01 07:00:12.433312+00:00,2026-07-01 07:00:38.104419+00:00,1,M1-H-3,3,,False,False,25.671107
ses_20260701-065151-CHAITANYA0BCF,I,予算差異分析,finance,,BV-122013-001,2026-07-01 07:00:38.104751+00:00,2026-07-01 07:01:38.053340+00:00,1,M1-I-1,1,,False,False,59.948589
ses_20260701-065151-CHAITANYA0BCF,C,育児・産休申請確認,hr,,LA-122013-002,2026-07-01 07:01:38.055137+00:00,2026-07-01 07:02:12.030404+00:00,1,M1-C-2,2,,False,False,33.975267
ses_20260701-065151-CHAITANYA0BCF,K,受注処理,ops,std,ORD-122013-002,2026-07-01 07:02:12.031428+00:00,2026-07-01 07:02:41.269495+00:00,1,M1-K-2,2,,False,False,29.238067
ses_20260701-065151-CHAITANYA0BCF,H,銀行勘定照合,finance,,BR-122013-004,2026-07-01 07:02:41.270370+00:00,2026-07-01 07:03:10.441480+00:00,1,M1-H-4,4,,False,False,29.17111
ses_20260701-065151-CHAITANYA0BCF,N,出荷追跡,ops,,SHP-122013-002,2026-07-01 07:03:10.442534+00:00,2026-07-01 07:03:46.637632+00:00,1,M1-N-2,2,,False,False,36.195098
ses_20260701-065151-CHAITANYA0BCF,B,給与備考・控除整備,hr,adj,PI-122013-004,2026-07-01 07:03:46.638169+00:00,2026-07-01 07:04:11.738523+00:00,1,M1-B-4,4,,False,False,25.100354
ses_20260701-065151-CHAITANYA0BCF,L,在庫調整,ops,reg,STK-122013-002,2026-07-01 07:04:11.740111+00:00,2026-07-01 07:04:35.878903+00:00,1,M1-L-2,2,,False,False,24.138792
ses_20260701-065151-CHAITANYA0BCF,G,経費精算承認,finance,adj,EXP-122013-004,2026-07-01 07:04:37.575808+00:00,2026-07-01 07:05:08.265096+00:00,1,M1-G-4,4,,False,False,30.689288
ses_20260701-065151-CHAITANYA0BCF,I,予算差異分析,finance,,BV-122013-002,2026-07-01 07:05:08.265096+00:00,,1,M1-I-2,2,,False,False,
ses_20260701-065151-CHAITANYA0BCF,I,予算差異分析,finance,,BV-122013-003,2026-07-01 07:06:17.790422+00:00,2026-07-01 07:07:15.687115+00:00,1,M1-I-3,3,,False,False,57.896693
ses_20260701-065151-CHAITANYA0BCF,O,返品処理,ops,,RET-122013-001,2026-07-01 07:07:15.687115+00:00,2026-07-01 07:07:59.803034+00:00,1,M1-O-1,1,,False,False,44.115919
ses_20260701-065151-CHAITANYA0BCF,L,在庫調整,ops,reg,STK-122013-003,2026-07-01 07:07:59.805276+00:00,,2,M1-L-3,3,M1-L-split-1,False,False,
ses_20260701-065151-CHAITANYA0BCF,L,在庫調整,ops,adj,STK-122013-004,2026-07-01 07:08:24.288573+00:00,2026-07-01 07:08:48.756029+00:00,2,M1-L-4,4,M1-L-split-1,False,False,24.467456
ses_20260701-065151-CHAITANYA0BCF,K,受注処理,ops,std,ORD-122013-003,2026-07-01 07:08:48.757512+00:00,,1,M1-K-3,3,,False,False,
ses_20260701-065151-CHAITANYA0BCF,K,受注処理,ops,exc,ORD-122013-004,2026-07-01 07:09:17.210284+00:00,,1,M1-K-4,4,,False,False,
ses_20260701-065151-CHAITANYA0BCF,K,受注処理,ops,exc,ORD-122013-005,2026-07-01 07:09:45.915821+00:00,2026-07-01 07:10:12.771046+00:00,1,M1-K-5,5,,False,False,26.855225
ses_20260701-065151-CHAITANYA0BCF,J,支払処理,finance,,PM-122013-001,2026-07-01 07:10:12.771046+00:00,2026-07-01 07:10:39.147320+00:00,1,M1-J-1,1,,False,False,26.376274
ses_20260701-065151-CHAITANYA0BCF,C,育児・産休申請確認,hr,,LA-122013-003,2026-07-01 07:10:39.148866+00:00,2026-07-01 07:11:20.686346+00:00,1,M1-C-3,3,,False,False,41.53748
ses_20260701-065151-CHAITANYA0BCF,N,出荷追跡,ops,,SHP-122013-003,2026-07-01 07:11:20.686874+00:00,2026-07-01 07:12:00.886782+00:00,1,M1-N-3,3,,False,False,40.199908
ses_20260701-065151-CHAITANYA0BCF,C,育児・産休申請確認,hr,,LA-122013-004,2026-07-01 07:12:00.886782+00:00,2026-07-01 07:12:35.766212+00:00,1,M1-C-4,4,,False,False,34.87943
ses_20260701-065151-CHAITANYA0BCF,O,返品処理,ops,,RET-122013-002,2026-07-01 07:12:35.766212+00:00,2026-07-01 07:13:01.223340+00:00,1,M1-O-2,2,,False,False,25.457128
ses_20260701-065151-CHAITANYA0BCF,J,支払処理,finance,,PM-122013-002,2026-07-01 07:13:01.223340+00:00,,1,M1-J-2,2,,False,False,
ses_20260701-065151-CHAITANYA0BCF,J,支払処理,finance,,PM-122013-003,2026-07-01 07:13:29.845275+00:00,2026-07-01 07:13:56.898091+00:00,1,M1-J-3,3,,False,False,27.052816
ses_20260701-065151-CHAITANYA0BCF,O,返品処理,ops,,RET-122013-003,2026-07-01 07:13:56.899702+00:00,2026-07-01 07:14:35.554184+00:00,1,M1-O-3,3,,False,False,38.654482
ses_20260701-070320-JAYESH,J,支払処理,finance,,PM-123250-001,2026-07-01 07:04:08.084182+00:00,,1,M1-J-1,1,,False,False,
ses_20260701-070320-JAYESH,J,支払処理,finance,,PM-123250-002,2026-07-01 07:04:36.188818+00:00,2026-07-01 07:05:04.969605+00:00,1,M1-J-2,2,,False,False,28.780787
ses_20260701-070320-JAYESH,K,受注処理,ops,std,ORD-123250-001,2026-07-01 07:05:04.971098+00:00,,1,M1-K-1,1,,False,False,
ses_20260701-070320-JAYESH,K,受注処理,ops,std,ORD-123250-002,2026-07-01 07:05:35.177619+00:00,2026-07-01 07:06:03.421589+00:00,1,M1-K-2,2,,False,False,28.24397
ses_20260701-070320-JAYESH,F,請求書承認,finance,std,INV-123250-001,2026-07-01 07:06:03.422744+00:00,2026-07-01 07:06:28.978708+00:00,1,M1-F-1,1,,False,False,25.555964
ses_20260701-070320-JAYESH,M,仕入先連絡,ops,,SUP-123250-001,2026-07-01 07:06:28.980464+00:00,2026-07-01 07:07:11.275235+00:00,1,M1-M-1,1,,False,False,42.294771
ses_20260701-070320-JAYESH,N,出荷追跡,ops,,SHP-123250-001,2026-07-01 07:07:11.276640+00:00,2026-07-01 07:08:45.957492+00:00,1,M1-N-1,1,,False,False,94.680852
ses_20260701-070320-JAYESH,D,社保・年金補正対応,hr,,SI-123250-001,2026-07-01 07:08:45.958759+00:00,2026-07-01 07:09:44.729776+00:00,1,M1-D-1,1,,False,False,58.771017
ses_20260701-070320-JAYESH,G,経費精算承認,finance,reg,EXP-123250-001,2026-07-01 07:09:44.731837+00:00,,1,M1-G-1,1,,False,False,
ses_20260701-070320-JAYESH,G,経費精算承認,finance,reg,EXP-123250-002,2026-07-01 07:10:08.916163+00:00,2026-07-01 07:10:27.654342+00:00,1,M1-G-2,2,,False,False,18.738179
ses_20260701-070320-JAYESH,H,銀行勘定照合,finance,,BR-123250-001,2026-07-01 07:10:27.656336+00:00,2026-07-01 07:10:54.714014+00:00,1,M1-H-1,1,,False,False,27.057678
ses_20260701-070320-JAYESH,I,予算差異分析,finance,,BV-123250-001,2026-07-01 07:10:54.716855+00:00,2026-07-01 07:12:04.603898+00:00,1,M1-I-1,1,,False,False,69.887043
ses_20260701-070320-JAYESH,F,請求書承認,finance,std,INV-123250-002,2026-07-01 07:12:04.605192+00:00,2026-07-01 07:12:32.382828+00:00,1,M1-F-2,2,,False,False,27.777636
ses_20260701-070320-JAYESH,C,育児・産休申請確認,hr,,LA-123250-001,2026-07-01 07:12:32.384767+00:00,2026-07-01 07:13:11.627439+00:00,1,M1-C-1,1,,False,False,39.242672
ses_20260701-070320-JAYESH,I,予算差異分析,finance,,BV-123250-002,2026-07-01 07:13:11.628976+00:00,2026-07-01 07:14:25.816286+00:00,1,M1-I-2,2,,False,False,74.18731
ses_20260701-070320-JAYESH,A,住民税通知確認,hr,std,RT-123250-001,2026-07-01 07:14:25.817789+00:00,2026-07-01 07:15:29.638984+00:00,1,M1-A-1,1,,True,True,63.821195
ses_20260701-070320-JAYESH,H,銀行勘定照合,finance,,BR-123250-002,2026-07-01 07:15:29.640210+00:00,2026-07-01 07:15:53.315946+00:00,1,M1-H-2,2,,False,False,23.675736
ses_20260701-070320-JAYESH,M,仕入先連絡,ops,,SUP-123250-002,2026-07-01 07:15:53.317748+00:00,2026-07-01 07:16:28.470832+00:00,1,M1-M-2,2,,False,False,35.153084
ses_20260701-070320-JAYESH,A,住民税通知確認,hr,std,RT-123250-002,2026-07-01 07:16:28.471547+00:00,2026-07-01 07:16:55.455335+00:00,1,M1-A-2,2,,False,False,26.983788
ses_20260701-070320-JAYESH,C,育児・産休申請確認,hr,,LA-123250-002,2026-07-01 07:16:57.168316+00:00,2026-07-01 07:17:31.977316+00:00,1,M1-C-2,2,,False,False,34.809
ses_20260701-070320-JAYESH,N,出荷追跡,ops,,SHP-123250-002,2026-07-01 07:17:31.978111+00:00,2026-07-01 07:18:08.581274+00:00,1,M1-N-2,2,,False,False,36.603163
ses_20260701-070320-JAYESH,B,給与備考・控除整備,hr,reg,PI-123250-001,2026-07-01 07:18:08.582453+00:00,2026-07-01 07:18:29.839768+00:00,1,M1-B-1,1,,False,False,21.257315
ses_20260701-070320-JAYESH,A,住民税通知確認,hr,std,RT-123250-003,2026-07-01 07:18:29.841857+00:00,2026-07-01 07:18:57.956773+00:00,2,M1-A-3,3,M1-A-split-1,False,False,28.114916
ses_20260701-070320-JAYESH,D,社保・年金補正対応,hr,,SI-123250-002,2026-07-01 07:18:57.959148+00:00,2026-07-01 07:19:28.999033+00:00,1,M1-D-2,2,,False,False,31.039885
ses_20260701-070320-JAYESH,A,住民税通知確認,hr,exc,RT-123250-004,2026-07-01 07:19:29.002364+00:00,,2,M1-A-4,4,M1-A-split-1,False,False,
ses_20260701-070320-JAYESH,A,住民税通知確認,hr,exc,RT-123250-005,2026-07-01 07:19:55.439342+00:00,2026-07-01 07:20:21.430508+00:00,2,M1-A-5,5,M1-A-split-1,False,False,25.991166
ses_20260701-070320-JAYESH,I,予算差異分析,finance,,BV-123250-003,2026-07-01 07:20:21.432180+00:00,2026-07-01 07:21:27.063753+00:00,1,M1-I-3,3,,False,False,65.631573
ses_20260701-070320-JAYESH,B,給与備考・控除整備,hr,reg,PI-123250-002,2026-07-01 07:21:27.064786+00:00,2026-07-01 07:21:50.447923+00:00,1,M1-B-2,2,,False,False,23.383137
ses_20260701-070320-JAYESH,C,育児・産休申請確認,hr,,LA-123250-003,2026-07-01 07:21:52.176453+00:00,2026-07-01 07:22:33.969570+00:00,1,M1-C-3,3,,False,False,41.793117
ses_20260701-070320-JAYESH,H,銀行勘定照合,finance,,BR-123250-003,2026-07-01 07:22:33.970852+00:00,2026-07-01 07:23:04.049803+00:00,1,M1-H-3,3,,False,False,30.078951
ses_20260701-070320-JAYESH,M,仕入先連絡,ops,,SUP-123250-003,2026-07-01 07:23:04.051057+00:00,2026-07-01 07:23:46.154160+00:00,1,M1-M-3,3,,False,False,42.103103
ses_20260701-070320-JAYESH,F,請求書承認,finance,std,INV-123250-003,2026-07-01 07:23:46.156716+00:00,2026-07-01 07:24:15.634093+00:00,1,M1-F-3,3,,False,False,29.477377
ses_20260701-070320-JAYESH,N,出荷追跡,ops,,SHP-123250-003,2026-07-01 07:24:15.635418+00:00,2026-07-01 07:24:52.562834+00:00,1,M1-N-3,3,,False,False,36.927416
ses_20260701-070320-JAYESH,D,社保・年金補正対応,hr,,SI-123250-003,2026-07-01 07:24:52.564356+00:00,2026-07-01 07:25:27.944295+00:00,1,M1-D-3,3,,False,False,35.379939
ses_20260701-070320-JAYESH,K,受注処理,ops,std,ORD-123250-003,2026-07-01 07:25:27.946066+00:00,2026-07-01 07:25:53.673996+00:00,1,M1-K-3,3,,False,False,25.72793
ses_20260701-070320-JAYESH,F,請求書承認,finance,exc,INV-123250-004,2026-07-01 07:25:53.675159+00:00,2026-07-01 07:26:36.065428+00:00,1,M1-F-4,4,,False,False,42.390269
ses_20260701-070320-JAYESH,H,銀行勘定照合,finance,,BR-123250-004,2026-07-01 07:26:36.067169+00:00,2026-07-01 07:27:18.810910+00:00,1,M1-H-4,4,,False,False,42.743741
ses_20260701-070320-JAYESH,K,受注処理,ops,exc,ORD-123250-004,2026-07-01 07:27:18.811896+00:00,2026-07-01 07:28:01.490480+00:00,1,M1-K-4,4,,False,False,42.678584
ses_20260701-070320-JAYESH,G,経費精算承認,finance,reg,EXP-123250-003,2026-07-01 07:28:01.491885+00:00,2026-07-01 07:28:22.265179+00:00,1,M1-G-3,3,,False,False,20.773294
ses_20260701-070320-JAYESH,B,給与備考・控除整備,hr,reg,PI-123250-003,2026-07-01 07:28:22.266686+00:00,2026-07-01 07:28:43.176945+00:00,2,M1-B-3,3,M1-B-split-1,False,False,20.910259
ses_20260701-070320-JAYESH,J,支払処理,finance,,PM-123250-003,2026-07-01 07:28:43.179348+00:00,2026-07-01 07:29:10.670005+00:00,1,M1-J-3,3,,False,False,27.490657
ses_20260701-070320-JAYESH,B,給与備考・控除整備,hr,adj,PI-123250-004,2026-07-01 07:29:10.671285+00:00,2026-07-01 07:29:48.310526+00:00,2,M1-B-4,4,M1-B-split-1,False,False,37.639241
ses_20260701-071849-Marcos,F,請求書承認,finance,std,INV-124819-001,2026-07-01 07:19:36.661215+00:00,2026-07-01 07:20:05.951639+00:00,1,M1-F-1,1,,False,False,29.290424
ses_20260701-071849-Marcos,B,給与備考・控除整備,hr,reg,PI-124819-001,2026-07-01 07:20:05.952504+00:00,2026-07-01 07:20:59.823517+00:00,1,M1-B-1,1,,True,True,53.871013
ses_20260701-071849-Marcos,C,育児・産休申請確認,hr,,LA-124819-001,2026-07-01 07:20:59.824571+00:00,2026-07-01 07:21:34.047647+00:00,1,M1-C-1,1,,False,False,34.223076
ses_20260701-071849-Marcos,F,請求書承認,finance,std,INV-124819-002,2026-07-01 07:21:34.048577+00:00,,1,M1-F-2,2,,False,False,
ses_20260701-071849-Marcos,F,請求書承認,finance,std,INV-124819-003,2026-07-01 07:21:58.221290+00:00,2026-07-01 07:23:47.217443+00:00,1,M1-F-3,3,,False,False,108.996153
ses_20260701-071849-Marcos,I,予算差異分析,finance,,BV-124819-001,2026-07-01 07:23:47.218347+00:00,2026-07-01 07:26:42.203862+00:00,1,M1-I-1,1,,False,False,174.985515
ses_20260701-071849-Marcos,L,在庫調整,ops,reg,STK-124819-001,2026-07-01 07:26:42.204785+00:00,2026-07-01 07:27:02.270955+00:00,1,M1-L-1,1,,False,False,20.06617
ses_20260701-071849-Marcos,I,予算差異分析,finance,,BV-124819-002,2026-07-01 07:27:02.272174+00:00,2026-07-01 07:28:00.760158+00:00,1,M1-I-2,2,,False,False,58.487984
ses_20260701-071849-Marcos,E,入社照合・手当確認,hr,,OB-124819-001,2026-07-01 07:28:00.761039+00:00,2026-07-01 07:28:24.619396+00:00,1,M1-E-1,1,,False,False,23.858357
ses_20260701-071849-Marcos,G,経費精算承認,finance,reg,EXP-124819-001,2026-07-01 07:28:24.620382+00:00,2026-07-01 07:28:47.633546+00:00,1,M1-G-1,1,,False,False,23.013164
ses_20260701-071849-Marcos,I,予算差異分析,finance,,BV-124819-003,2026-07-01 07:28:47.634322+00:00,2026-07-01 07:29:51.156454+00:00,1,M1-I-3,3,,False,False,63.522132
ses_20260701-071849-Marcos,C,育児・産休申請確認,hr,,LA-124819-002,2026-07-01 07:29:51.157119+00:00,2026-07-01 07:30:26.776378+00:00,1,M1-C-2,2,,False,False,35.619259
ses_20260701-071849-Marcos,O,返品処理,ops,,RET-124819-001,2026-07-01 07:30:26.777301+00:00,2026-07-01 07:30:57.027054+00:00,1,M1-O-1,1,,False,False,30.249753
ses_20260701-071849-Marcos,C,育児・産休申請確認,hr,,LA-124819-003,2026-07-01 07:30:57.028033+00:00,2026-07-01 07:31:39.781126+00:00,1,M1-C-3,3,,False,False,42.753093
ses_20260701-071849-Marcos,B,給与備考・控除整備,hr,reg,PI-124819-002,2026-07-01 07:31:39.782361+00:00,2026-07-01 07:32:02.272926+00:00,1,M1-B-2,2,,False,False,22.490565
ses_20260701-071849-Marcos,M,仕入先連絡,ops,,SUP-124819-001,2026-07-01 07:32:53.919883+00:00,,1,M1-M-1,1,,False,False,
ses_20260701-071849-Marcos,M,仕入先連絡,ops,,SUP-124819-002,2026-07-01 07:33:33.023180+00:00,,1,M1-M-2,2,,False,False,
ses_20260701-071849-Marcos,M,仕入先連絡,ops,,SUP-124819-003,2026-07-01 07:34:05.557411+00:00,2026-07-01 07:34:39.308105+00:00,1,M1-M-3,3,,False,False,33.750694
ses_20260701-071849-Marcos,C,育児・産休申請確認,hr,,LA-124819-004,2026-07-01 07:34:39.308943+00:00,2026-07-01 07:35:22.578201+00:00,1,M1-C-4,4,,False,False,43.269258
ses_20260701-071849-Marcos,M,仕入先連絡,ops,,SUP-124819-004,2026-07-01 07:35:22.579138+00:00,2026-07-01 07:35:58.446018+00:00,1,M1-M-4,4,,False,False,35.86688
ses_20260701-071849-Marcos,L,在庫調整,ops,reg,STK-124819-002,2026-07-01 07:35:58.446876+00:00,2026-07-01 07:36:22.809940+00:00,1,M1-L-2,2,,False,False,24.363064
ses_20260701-071849-Marcos,E,入社照合・手当確認,hr,,OB-124819-002,2026-07-01 07:36:22.810654+00:00,2026-07-01 07:36:50.037123+00:00,1,M1-E-2,2,,False,False,27.226469
ses_20260701-071849-Marcos,L,在庫調整,ops,reg,STK-124819-003,2026-07-01 07:36:50.038206+00:00,2026-07-01 07:37:12.167094+00:00,1,M1-L-3,3,,False,False,22.128888
ses_20260701-071849-Marcos,G,経費精算承認,finance,reg,EXP-124819-002,2026-07-01 07:37:12.167993+00:00,,1,M1-G-2,2,,False,False,
ses_20260701-071849-Marcos,G,経費精算承認,finance,reg,EXP-124819-003,2026-07-01 07:37:32.562799+00:00,2026-07-01 07:37:51.066109+00:00,1,M1-G-3,3,,False,False,18.50331
ses_20260701-071849-Marcos,O,返品処理,ops,,RET-124819-002,2026-07-01 07:37:51.067166+00:00,2026-07-01 07:38:17.012404+00:00,1,M1-O-2,2,,False,False,25.945238
ses_20260701-071849-Marcos,B,給与備考・控除整備,hr,reg,PI-124819-003,2026-07-01 07:38:17.013133+00:00,2026-07-01 07:39:28.626476+00:00,2,M1-B-3,3,M1-B-split-1,False,False,71.613343
ses_20260701-071849-Marcos,L,在庫調整,ops,adj,STK-124819-004,2026-07-01 07:39:28.627674+00:00,2026-07-01 07:39:52.455884+00:00,1,M1-L-4,4,,False,False,23.82821
ses_20260701-071849-Marcos,O,返品処理,ops,,RET-124819-003,2026-07-01 07:39:52.456542+00:00,2026-07-01 07:40:21.292961+00:00,1,M1-O-3,3,,False,False,28.836419
ses_20260701-071849-Marcos,E,入社照合・手当確認,hr,,OB-124819-003,2026-07-01 07:40:21.293821+00:00,2026-07-01 07:40:58.863881+00:00,1,M1-E-3,3,,False,False,37.57006
ses_20260701-072319-MSI,M,仕入先連絡,ops,,SUP-125329-001,2026-07-01 07:24:31.513060+00:00,2026-07-01 07:25:07.863007+00:00,1,M1-M-1,1,,False,False,36.349947
ses_20260701-072319-MSI,C,育児・産休申請確認,hr,,LA-125329-001,2026-07-01 07:25:07.863783+00:00,2026-07-01 07:25:47.020458+00:00,1,M1-C-1,1,,False,False,39.156675
ses_20260701-072319-MSI,B,給与備考・控除整備,hr,reg,PI-125329-001,2026-07-01 07:25:47.021266+00:00,,1,M1-B-1,1,,False,False,
ses_20260701-072319-MSI,B,給与備考・控除整備,hr,reg,PI-125329-002,2026-07-01 07:26:11.394972+00:00,2026-07-01 07:26:28.036199+00:00,1,M1-B-2,2,,False,False,16.641227
ses_20260701-072319-MSI,F,請求書承認,finance,std,INV-125329-001,2026-07-01 07:26:29.689591+00:00,2026-07-01 07:26:58.480139+00:00,1,M1-F-1,1,,True,True,28.790548
ses_20260701-072319-MSI,C,育児・産休申請確認,hr,,LA-125329-002,2026-07-01 07:26:58.480807+00:00,2026-07-01 07:27:41.078193+00:00,1,M1-C-2,2,,False,False,42.597386
ses_20260701-072319-MSI,A,住民税通知確認,hr,std,RT-125329-001,2026-07-01 07:27:41.078882+00:00,,1,M1-A-1,1,,False,False,
ses_20260701-072319-MSI,A,住民税通知確認,hr,std,RT-125329-002,2026-07-01 07:28:03.381945+00:00,2026-07-01 07:28:32.654112+00:00,1,M1-A-2,2,,False,False,29.272167
ses_20260701-072319-MSI,D,社保・年金補正対応,hr,,SI-125329-001,2026-07-01 07:28:32.654906+00:00,2026-07-01 07:29:04.286699+00:00,1,M1-D-1,1,,False,False,31.631793
ses_20260701-072319-MSI,C,育児・産休申請確認,hr,,LA-125329-003,2026-07-01 07:29:04.287557+00:00,2026-07-01 07:29:45.169695+00:00,1,M1-C-3,3,,False,False,40.882138
ses_20260701-072319-MSI,M,仕入先連絡,ops,,SUP-125329-002,2026-07-01 07:29:45.170625+00:00,2026-07-01 07:30:28.454197+00:00,1,M1-M-2,2,,False,False,43.283572
ses_20260701-072319-MSI,N,出荷追跡,ops,,SHP-125329-001,2026-07-01 07:30:28.455294+00:00,2026-07-01 07:31:06.890791+00:00,1,M1-N-1,1,,False,False,38.435497
ses_20260701-072319-MSI,M,仕入先連絡,ops,,SUP-125329-003,2026-07-01 07:31:06.892040+00:00,2026-07-01 07:31:47.403118+00:00,1,M1-M-3,3,,False,False,40.511078
ses_20260701-072319-MSI,A,住民税通知確認,hr,std,RT-125329-003,2026-07-01 07:31:47.403736+00:00,2026-07-01 07:34:21.481838+00:00,1,M1-A-3,3,,False,False,154.078102
ses_20260701-072319-MSI,C,育児・産休申請確認,hr,,LA-125329-004,2026-07-01 07:34:21.482469+00:00,2026-07-01 07:35:32.955100+00:00,1,M1-C-4,4,,False,False,71.472631
ses_20260701-072319-MSI,N,出荷追跡,ops,,SHP-125329-002,2026-07-01 07:35:32.955752+00:00,2026-07-01 07:36:11.027621+00:00,1,M1-N-2,2,,False,False,38.071869
ses_20260701-072319-MSI,O,返品処理,ops,,RET-125329-001,2026-07-01 07:36:11.028242+00:00,2026-07-01 07:36:37.328771+00:00,1,M1-O-1,1,,False,False,26.300529
ses_20260701-072319-MSI,M,仕入先連絡,ops,,SUP-125329-004,2026-07-01 07:36:37.329866+00:00,2026-07-01 07:37:14.715882+00:00,1,M1-M-4,4,,False,False,37.386016
ses_20260701-072319-MSI,F,請求書承認,finance,std,INV-125329-002,2026-07-01 07:37:14.716887+00:00,2026-07-01 07:37:37.146921+00:00,1,M1-F-2,2,,False,False,22.430034
ses_20260701-072319-MSI,D,社保・年金補正対応,hr,,SI-125329-002,2026-07-01 07:37:39.290462+00:00,2026-07-01 07:38:14.699043+00:00,1,M1-D-2,2,,False,False,35.408581
ses_20260701-072319-MSI,A,住民税通知確認,hr,exc,RT-125329-004,2026-07-01 07:38:14.699819+00:00,2026-07-01 07:38:38.098009+00:00,1,M1-A-4,4,,False,False,23.39819
ses_20260701-072319-MSI,B,給与備考・控除整備,hr,reg,PI-125329-003,2026-07-01 07:38:38.098787+00:00,,2,M1-B-3,3,M1-B-split-1,False,False,
ses_20260701-072319-MSI,B,給与備考・控除整備,hr,adj,PI-125329-004,2026-07-01 07:38:55.819336+00:00,2026-07-01 07:39:18.321760+00:00,2,M1-B-4,4,M1-B-split-1,False,False,22.502424
ses_20260701-072319-MSI,F,請求書承認,finance,std,INV-125329-003,2026-07-01 07:39:18.322337+00:00,2026-07-01 07:39:43.163278+00:00,2,M1-F-3,3,M1-F-split-1,False,False,24.840941
ses_20260701-072319-MSI,D,社保・年金補正対応,hr,,SI-125329-003,2026-07-01 07:39:43.164101+00:00,2026-07-01 07:40:21.188541+00:00,1,M1-D-3,3,,False,False,38.02444
ses_20260701-072319-MSI,N,出荷追跡,ops,,SHP-125329-003,2026-07-01 07:40:21.189164+00:00,2026-07-01 07:40:57.713548+00:00,1,M1-N-3,3,,False,False,36.524384
ses_20260701-072319-MSI,F,請求書承認,finance,exc,INV-125329-004,2026-07-01 07:40:57.714384+00:00,2026-07-01 07:41:25.558036+00:00,2,M1-F-4,4,M1-F-split-1,False,False,27.843652
ses_20260701-072319-MSI,E,入社照合・手当確認,hr,,OB-125329-001,2026-07-01 07:41:25.558920+00:00,,1,M1-E-1,1,,False,False,
ses_20260701-072319-MSI,E,入社照合・手当確認,hr,,OB-125329-002,2026-07-01 07:41:55.862746+00:00,2026-07-01 07:42:24.001208+00:00,1,M1-E-2,2,,False,False,28.138462
ses_20260701-072319-MSI,F,請求書承認,finance,exc,INV-125329-005,2026-07-01 07:42:24.001880+00:00,2026-07-01 07:42:53.540529+00:00,2,M1-F-5,5,M1-F-split-1,False,False,29.538649
ses_20260701-072319-MSI,E,入社照合・手当確認,hr,,OB-125329-003,2026-07-01 07:42:53.541385+00:00,2026-07-01 07:43:23.512168+00:00,1,M1-E-3,3,,False,False,29.970783
ses_20260701-072319-MSI,O,返品処理,ops,,RET-125329-002,2026-07-01 07:43:23.512822+00:00,,1,M1-O-2,2,,False,False,
ses_20260701-072319-MSI,O,返品処理,ops,,RET-125329-003,2026-07-01 07:43:51.984266+00:00,2026-07-01 07:44:26.772551+00:00,1,M1-O-3,3,,False,False,34.788285
ses_20260701-072435-CHAITANYA0BCF,H,銀行勘定照合,finance,,BR-125403-001,2026-07-01 07:25:29.035438+00:00,2026-07-01 07:25:53.403285+00:00,1,M1-H-1,1,,False,False,24.367847
ses_20260701-072435-CHAITANYA0BCF,G,経費精算承認,finance,reg,EXP-125403-001,2026-07-01 07:25:53.404860+00:00,2026-07-01 07:26:16.724192+00:00,1,M1-G-1,1,,False,False,23.319332
ses_20260701-072435-CHAITANYA0BCF,J,支払処理,finance,,PM-125403-001,2026-07-01 07:26:16.726216+00:00,2026-07-01 07:26:41.613447+00:00,1,M1-J-1,1,,False,False,24.887231
ses_20260701-072435-CHAITANYA0BCF,I,予算差異分析,finance,,BV-125403-001,2026-07-01 07:26:41.614116+00:00,2026-07-01 07:27:42.417672+00:00,1,M1-I-1,1,,False,False,60.803556
ses_20260701-072435-CHAITANYA0BCF,M,仕入先連絡,ops,,SUP-125403-001,2026-07-01 07:27:42.417672+00:00,2026-07-01 07:28:19.891981+00:00,1,M1-M-1,1,,False,False,37.474309
ses_20260701-072435-CHAITANYA0BCF,J,支払処理,finance,,PM-125403-002,2026-07-01 07:28:19.891981+00:00,2026-07-01 07:28:45.190951+00:00,1,M1-J-2,2,,False,False,25.29897
ses_20260701-072435-CHAITANYA0BCF,L,在庫調整,ops,reg,STK-125403-001,2026-07-01 07:28:45.190951+00:00,2026-07-01 07:29:06.130973+00:00,1,M1-L-1,1,,False,False,20.940022
ses_20260701-072435-CHAITANYA0BCF,G,経費精算承認,finance,reg,EXP-125403-002,2026-07-01 07:29:06.132297+00:00,2026-07-01 07:29:25.595060+00:00,1,M1-G-2,2,,False,False,19.462763
ses_20260701-072435-CHAITANYA0BCF,L,在庫調整,ops,reg,STK-125403-002,2026-07-01 07:29:25.596660+00:00,2026-07-01 07:29:49.768939+00:00,1,M1-L-2,2,,False,False,24.172279
ses_20260701-072435-CHAITANYA0BCF,H,銀行勘定照合,finance,,BR-125403-002,2026-07-01 07:29:49.770549+00:00,,1,M1-H-2,2,,False,False,
ses_20260701-072435-CHAITANYA0BCF,H,銀行勘定照合,finance,,BR-125403-003,2026-07-01 07:30:18.622009+00:00,2026-07-01 07:30:55.647461+00:00,1,M1-H-3,3,,False,False,37.025452
ses_20260701-072435-CHAITANYA0BCF,J,支払処理,finance,,PM-125403-003,2026-07-01 07:30:55.653731+00:00,2026-07-01 07:31:31.659668+00:00,1,M1-J-3,3,,False,False,36.005937
ses_20260701-072435-CHAITANYA0BCF,K,受注処理,ops,std,ORD-125403-001,2026-07-01 07:31:31.662514+00:00,,1,M1-K-1,1,,False,False,
ses_20260701-072435-CHAITANYA0BCF,K,受注処理,ops,std,ORD-125403-002,2026-07-01 07:32:30.057780+00:00,2026-07-01 07:32:58.651060+00:00,1,M1-K-2,2,,False,False,28.59328
ses_20260701-072435-CHAITANYA0BCF,G,経費精算承認,finance,reg,EXP-125403-003,2026-07-01 07:33:24.348280+00:00,2026-07-01 07:33:50.909117+00:00,1,M1-G-3,3,,False,False,26.560837
ses_20260701-072435-CHAITANYA0BCF,A,住民税通知確認,hr,std,RT-125403-001,2026-07-01 07:33:50.909117+00:00,,1,M1-A-1,1,,False,False,
ses_20260701-072435-CHAITANYA0BCF,A,住民税通知確認,hr,std,RT-125403-002,2026-07-01 07:34:21.533316+00:00,2026-07-01 07:34:44.057909+00:00,1,M1-A-2,2,,False,False,22.524593
ses_20260701-072435-CHAITANYA0BCF,G,経費精算承認,finance,adj,EXP-125403-004,2026-07-01 07:34:45.989521+00:00,2026-07-01 07:35:16.015737+00:00,1,M1-G-4,4,,False,False,30.026216
ses_20260701-072435-CHAITANYA0BCF,H,銀行勘定照合,finance,,BR-125403-004,2026-07-01 07:35:16.016259+00:00,2026-07-01 07:35:38.430951+00:00,1,M1-H-4,4,,True,True,22.414692
ses_20260701-072435-CHAITANYA0BCF,L,在庫調整,ops,reg,STK-125403-003,2026-07-01 07:35:38.430951+00:00,2026-07-01 07:36:03.475395+00:00,1,M1-L-3,3,,False,False,25.044444
ses_20260701-072435-CHAITANYA0BCF,I,予算差異分析,finance,,BV-125403-002,2026-07-01 07:36:03.476917+00:00,2026-07-01 07:37:03.856574+00:00,1,M1-I-2,2,,False,False,60.379657
ses_20260701-072435-CHAITANYA0BCF,K,受注処理,ops,std,ORD-125403-003,2026-07-01 07:37:03.856574+00:00,2026-07-01 07:38:07.920721+00:00,2,M1-K-3,3,M1-K-split-1,False,False,64.064147
ses_20260701-072435-CHAITANYA0BCF,L,在庫調整,ops,adj,STK-125403-004,2026-07-01 07:38:07.922313+00:00,2026-07-01 07:38:35.102529+00:00,1,M1-L-4,4,,False,False,27.180216
ses_20260701-072435-CHAITANYA0BCF,I,予算差異分析,finance,,BV-125403-003,2026-07-01 07:38:35.104298+00:00,2026-07-01 07:39:38.713421+00:00,1,M1-I-3,3,,False,False,63.609123
ses_20260701-072435-CHAITANYA0BCF,K,受注処理,ops,exc,ORD-125403-004,2026-07-01 07:39:38.713421+00:00,,2,M1-K-4,4,M1-K-split-1,False,False,
ses_20260701-072435-CHAITANYA0BCF,K,受注処理,ops,exc,ORD-125403-005,2026-07-01 07:40:36.980115+00:00,2026-07-01 07:41:37.860086+00:00,2,M1-K-5,5,M1-K-split-1,False,False,60.879971
ses_20260701-072435-CHAITANYA0BCF,C,育児・産休申請確認,hr,,LA-125403-001,2026-07-01 07:41:37.861649+00:00,,1,M1-C-1,1,,False,False,
ses_20260701-072435-CHAITANYA0BCF,C,育児・産休申請確認,hr,,LA-125403-002,2026-07-01 07:42:13.583645+00:00,2026-07-01 07:42:50.259856+00:00,1,M1-C-2,2,,False,False,36.676211
ses_20260701-072435-CHAITANYA0BCF,M,仕入先連絡,ops,,SUP-125403-002,2026-07-01 07:42:50.261172+00:00,,1,M1-M-2,2,,False,False,
ses_20260701-072435-CHAITANYA0BCF,M,仕入先連絡,ops,,SUP-125403-003,2026-07-01 07:43:26.564911+00:00,2026-07-01 07:44:00.157697+00:00,1,M1-M-3,3,,False,False,33.592786
ses_20260701-072435-CHAITANYA0BCF,A,住民税通知確認,hr,std,RT-125403-003,2026-07-01 07:44:00.159293+00:00,2026-07-01 07:45:46.211628+00:00,2,M1-A-3,3,M1-A-split-1,False,False,106.052335
ses_20260701-072435-CHAITANYA0BCF,C,育児・産休申請確認,hr,,LA-125403-003,2026-07-01 07:45:46.214246+00:00,,1,M1-C-3,3,,False,False,
ses_20260701-072435-CHAITANYA0BCF,C,育児・産休申請確認,hr,,LA-125403-004,2026-07-01 07:46:26.250448+00:00,2026-07-01 07:47:02.368983+00:00,1,M1-C-4,4,,False,False,36.118535
ses_20260701-072435-CHAITANYA0BCF,A,住民税通知確認,hr,exc,RT-125403-004,2026-07-01 07:47:02.369651+00:00,,2,M1-A-4,4,M1-A-split-1,False,False,
ses_20260701-072435-CHAITANYA0BCF,A,住民税通知確認,hr,exc,RT-125403-005,2026-07-01 07:47:28.899845+00:00,2026-07-01 07:48:01.320371+00:00,2,M1-A-5,5,M1-A-split-1,False,False,32.420526
ses_20260701-074424-SIDDHIGUPTAB00B,G,経費精算承認,finance,reg,EXP-131352-001,2026-07-01 07:45:12.997793+00:00,2026-07-01 07:45:39.656514+00:00,1,M1-G-1,1,,False,False,26.658721
ses_20260701-074424-SIDDHIGUPTAB00B,K,受注処理,ops,std,ORD-131352-001,2026-07-01 07:45:39.662172+00:00,2026-07-01 07:46:10.386051+00:00,1,M1-K-1,1,,False,False,30.723879
ses_20260701-074424-SIDDHIGUPTAB00B,B,給与備考・控除整備,hr,reg,PI-131352-001,2026-07-01 07:46:10.418033+00:00,2026-07-01 07:47:03.380540+00:00,1,M1-B-1,1,,False,False,52.962507
ses_20260701-074424-SIDDHIGUPTAB00B,H,銀行勘定照合,finance,,BR-131352-001,2026-07-01 07:47:03.383708+00:00,2026-07-01 07:47:35.259523+00:00,1,M1-H-1,1,,False,False,31.875815
ses_20260701-074424-SIDDHIGUPTAB00B,B,給与備考・控除整備,hr,reg,PI-131352-002,2026-07-01 07:47:35.261277+00:00,2026-07-01 07:47:55.606310+00:00,1,M1-B-2,2,,False,False,20.345033
ses_20260701-074424-SIDDHIGUPTAB00B,I,予算差異分析,finance,,BV-131352-001,2026-07-01 07:48:23.531923+00:00,2026-07-01 07:49:48.960688+00:00,1,M1-I-1,1,,False,False,85.428765
ses_20260701-074424-SIDDHIGUPTAB00B,E,入社照合・手当確認,hr,,OB-131352-001,2026-07-01 07:49:48.968251+00:00,2026-07-01 07:50:18.958385+00:00,1,M1-E-1,1,,True,True,29.990134
ses_20260701-074424-SIDDHIGUPTAB00B,M,仕入先連絡,ops,,SUP-131352-001,2026-07-01 07:50:18.960136+00:00,2026-07-01 07:51:15.385712+00:00,1,M1-M-1,1,,False,False,56.425576
ses_20260701-074424-SIDDHIGUPTAB00B,N,出荷追跡,ops,,SHP-131352-001,2026-07-01 07:51:15.388647+00:00,2026-07-01 07:52:11.605242+00:00,1,M1-N-1,1,,False,False,56.216595
ses_20260701-074424-SIDDHIGUPTAB00B,F,請求書承認,finance,std,INV-131352-001,2026-07-01 07:52:11.624947+00:00,2026-07-01 07:52:35.292923+00:00,1,M1-F-1,1,,False,False,23.667976
ses_20260701-074424-SIDDHIGUPTAB00B,E,入社照合・手当確認,hr,,OB-131352-002,2026-07-01 07:52:35.294558+00:00,2026-07-01 07:53:02.022387+00:00,1,M1-E-2,2,,False,False,26.727829
ses_20260701-074424-SIDDHIGUPTAB00B,F,請求書承認,finance,std,INV-131352-002,2026-07-01 07:53:02.027509+00:00,2026-07-01 07:53:27.379888+00:00,1,M1-F-2,2,,False,False,25.352379
ses_20260701-074424-SIDDHIGUPTAB00B,G,経費精算承認,finance,reg,EXP-131352-002,2026-07-01 07:53:27.382653+00:00,2026-07-01 07:53:50.121830+00:00,1,M1-G-2,2,,False,False,22.739177
ses_20260701-074424-SIDDHIGUPTAB00B,H,銀行勘定照合,finance,,BR-131352-002,2026-07-01 07:53:50.174603+00:00,2026-07-01 07:54:18.887125+00:00,1,M1-H-2,2,,False,False,28.712522
ses_20260701-074424-SIDDHIGUPTAB00B,F,請求書承認,finance,std,INV-131352-003,2026-07-01 07:54:18.895078+00:00,,1,M1-F-3,3,,False,False,
ses_20260701-074424-SIDDHIGUPTAB00B,F,請求書承認,finance,exc,INV-131352-004,2026-07-01 07:54:42.045487+00:00,2026-07-01 07:55:09.988162+00:00,1,M1-F-4,4,,False,False,27.942675
ses_20260701-074424-SIDDHIGUPTAB00B,E,入社照合・手当確認,hr,,OB-131352-003,2026-07-01 07:55:09.989703+00:00,2026-07-01 07:55:41.928836+00:00,1,M1-E-3,3,,False,False,31.939133
ses_20260701-074424-SIDDHIGUPTAB00B,H,銀行勘定照合,finance,,BR-131352-003,2026-07-01 07:55:41.935809+00:00,2026-07-01 07:56:07.741614+00:00,1,M1-H-3,3,,False,False,25.805805
ses_20260701-074424-SIDDHIGUPTAB00B,G,経費精算承認,finance,reg,EXP-131352-003,2026-07-01 07:56:07.745413+00:00,,1,M1-G-3,3,,False,False,
ses_20260701-074424-SIDDHIGUPTAB00B,G,経費精算承認,finance,adj,EXP-131352-004,2026-07-01 07:56:28.344281+00:00,2026-07-01 07:56:55.805279+00:00,1,M1-G-4,4,,False,False,27.460998
ses_20260701-074424-SIDDHIGUPTAB00B,B,給与備考・控除整備,hr,reg,PI-131352-003,2026-07-01 07:56:55.807530+00:00,2026-07-01 07:59:43.113708+00:00,2,M1-B-3,3,M1-B-split-1,False,False,167.306178
ses_20260701-074424-SIDDHIGUPTAB00B,M,仕入先連絡,ops,,SUP-131352-002,2026-07-01 07:59:43.121679+00:00,2026-07-01 08:01:38.407143+00:00,1,M1-M-2,2,,False,False,115.285464
ses_20260701-074424-SIDDHIGUPTAB00B,K,受注処理,ops,std,ORD-131352-002,2026-07-01 08:01:38.416584+00:00,2026-07-01 08:02:00.270497+00:00,1,M1-K-2,2,,False,False,21.853913
ses_20260701-074424-SIDDHIGUPTAB00B,H,銀行勘定照合,finance,,BR-131352-004,2026-07-01 08:02:01.866470+00:00,2026-07-01 08:02:27.669280+00:00,1,M1-H-4,4,,False,False,25.80281
ses_20260701-074424-SIDDHIGUPTAB00B,N,出荷追跡,ops,,SHP-131352-002,2026-07-01 08:02:27.670865+00:00,2026-07-01 08:03:09.844520+00:00,1,M1-N-2,2,,False,False,42.173655
ses_20260701-074424-SIDDHIGUPTAB00B,I,予算差異分析,finance,,BV-131352-002,2026-07-01 08:03:09.861974+00:00,2026-07-01 08:04:18.681730+00:00,1,M1-I-2,2,,False,False,68.819756
ses_20260701-074424-SIDDHIGUPTAB00B,N,出荷追跡,ops,,SHP-131352-003,2026-07-01 08:04:18.683976+00:00,2026-07-01 08:04:56.179003+00:00,1,M1-N-3,3,,False,False,37.495027
ses_20260701-074424-SIDDHIGUPTAB00B,M,仕入先連絡,ops,,SUP-131352-003,2026-07-01 08:04:56.183704+00:00,2026-07-01 08:05:36.415614+00:00,1,M1-M-3,3,,False,False,40.23191
ses_20260701-074424-SIDDHIGUPTAB00B,K,受注処理,ops,std,ORD-131352-003,2026-07-01 08:05:36.418556+00:00,,2,M1-K-3,3,M1-K-split-1,False,False,
ses_20260701-074424-SIDDHIGUPTAB00B,K,受注処理,ops,exc,ORD-131352-004,2026-07-01 08:06:05.779015+00:00,2026-07-01 08:06:36.019722+00:00,2,M1-K-4,4,M1-K-split-1,False,False,30.240707
ses_20260701-074424-SIDDHIGUPTAB00B,I,予算差異分析,finance,,BV-131352-003,2026-07-01 08:06:36.024314+00:00,2026-07-01 08:07:55.604126+00:00,1,M1-I-3,3,,False,False,79.579812
ses_20260701-075548-CHAITANYA0BCF,A,住民税通知確認,hr,std,RT-132513-001,2026-07-01 07:56:42.270150+00:00,2026-07-01 07:57:06.849430+00:00,1,M1-A-1,1,,False,False,24.57928
ses_20260701-075548-CHAITANYA0BCF,G,経費精算承認,finance,reg,EXP-132513-001,2026-07-01 07:57:06.851035+00:00,2026-07-01 07:57:27.708143+00:00,1,M1-G-1,1,,False,False,20.857108
ses_20260701-075548-CHAITANYA0BCF,A,住民税通知確認,hr,std,RT-132513-002,2026-07-01 07:57:27.709689+00:00,2026-07-01 07:57:53.711393+00:00,1,M1-A-2,2,,False,False,26.001704
ses_20260701-075548-CHAITANYA0BCF,K,受注処理,ops,std,ORD-132513-001,2026-07-01 07:57:53.718046+00:00,,1,M1-K-1,1,,False,False,
ses_20260701-075548-CHAITANYA0BCF,K,受注処理,ops,std,ORD-132513-002,2026-07-01 07:58:19.644034+00:00,2026-07-01 07:58:43.023489+00:00,1,M1-K-2,2,,False,False,23.379455
ses_20260701-075548-CHAITANYA0BCF,G,経費精算承認,finance,reg,EXP-132513-002,2026-07-01 07:58:43.023489+00:00,2026-07-01 07:59:07.355562+00:00,1,M1-G-2,2,,False,False,24.332073
ses_20260701-075548-CHAITANYA0BCF,L,在庫調整,ops,reg,STK-132513-001,2026-07-01 07:59:07.356083+00:00,2026-07-01 07:59:33.322581+00:00,1,M1-L-1,1,,False,False,25.966498
ses_20260701-075548-CHAITANYA0BCF,M,仕入先連絡,ops,,SUP-132513-001,2026-07-01 07:59:33.322581+00:00,2026-07-01 08:00:07.595773+00:00,1,M1-M-1,1,,False,False,34.273192
ses_20260701-075548-CHAITANYA0BCF,K,受注処理,ops,std,ORD-132513-003,2026-07-01 08:00:07.596301+00:00,2026-07-01 08:00:36.382615+00:00,1,M1-K-3,3,,False,False,28.786314
ses_20260701-075548-CHAITANYA0BCF,N,出荷追跡,ops,,SHP-132513-001,2026-07-01 08:00:36.384332+00:00,,1,M1-N-1,1,,False,False,
ses_20260701-075548-CHAITANYA0BCF,N,出荷追跡,ops,,SHP-132513-002,2026-07-01 08:01:09.013482+00:00,2026-07-01 08:01:49.778355+00:00,1,M1-N-2,2,,False,False,40.764873
ses_20260701-075548-CHAITANYA0BCF,A,住民税通知確認,hr,std,RT-132513-003,2026-07-01 08:01:49.779391+00:00,2026-07-01 08:02:18.771756+00:00,1,M1-A-3,3,,False,False,28.992365
ses_20260701-075548-CHAITANYA0BCF,L,在庫調整,ops,reg,STK-132513-002,2026-07-01 08:02:18.773482+00:00,2026-07-01 08:02:42.304504+00:00,1,M1-L-2,2,,False,False,23.531022
ses_20260701-075548-CHAITANYA0BCF,M,仕入先連絡,ops,,SUP-132513-002,2026-07-01 08:02:43.875114+00:00,,1,M1-M-2,2,,False,False,
ses_20260701-075548-CHAITANYA0BCF,M,仕入先連絡,ops,,SUP-132513-003,2026-07-01 08:04:53.010769+00:00,2026-07-01 08:05:30.337939+00:00,1,M1-M-3,3,,False,False,37.32717
ses_20260701-075548-CHAITANYA0BCF,L,在庫調整,ops,reg,STK-132513-003,2026-07-01 08:05:30.339451+00:00,2026-07-01 08:05:53.719882+00:00,2,M1-L-3,3,M1-L-split-1,False,False,23.380431
ses_20260701-075548-CHAITANYA0BCF,D,社保・年金補正対応,hr,,SI-132513-001,2026-07-01 08:05:53.719882+00:00,2026-07-01 08:06:27.492670+00:00,1,M1-D-1,1,,False,False,33.772788
ses_20260701-075548-CHAITANYA0BCF,O,返品処理,ops,,RET-132513-001,2026-07-01 08:06:27.494640+00:00,2026-07-01 08:06:56.323092+00:00,1,M1-O-1,1,,True,True,28.828452
ses_20260701-075548-CHAITANYA0BCF,N,出荷追跡,ops,,SHP-132513-003,2026-07-01 08:06:56.325247+00:00,2026-07-01 08:07:31.089425+00:00,1,M1-N-3,3,,False,False,34.764178
ses_20260701-075548-CHAITANYA0BCF,O,返品処理,ops,,RET-132513-002,2026-07-01 08:07:31.089937+00:00,2026-07-01 08:08:01.276208+00:00,1,M1-O-2,2,,False,False,30.186271
ses_20260701-075548-CHAITANYA0BCF,G,経費精算承認,finance,reg,EXP-132513-003,2026-07-01 08:08:01.277743+00:00,2026-07-01 08:08:22.728546+00:00,1,M1-G-3,3,,False,False,21.450803
ses_20260701-075548-CHAITANYA0BCF,D,社保・年金補正対応,hr,,SI-132513-002,2026-07-01 08:08:22.728546+00:00,,1,M1-D-2,2,,False,False,
ses_20260701-075548-CHAITANYA0BCF,D,社保・年金補正対応,hr,,SI-132513-003,2026-07-01 08:09:01.169841+00:00,2026-07-01 08:09:37.618645+00:00,1,M1-D-3,3,,False,False,36.448804
ses_20260701-075548-CHAITANYA0BCF,O,返品処理,ops,,RET-132513-003,2026-07-01 08:09:37.621174+00:00,2026-07-01 08:10:16.401482+00:00,1,M1-O-3,3,,False,False,38.780308
ses_20260701-075604-LAPTOP-0IM1OHQH,K,受注処理,ops,std,ORD-132457-001,2026-07-01 07:56:43.819199+00:00,2026-07-01 07:57:12.249229+00:00,1,M1-K-1,1,,False,False,28.43003
ses_20260701-075604-LAPTOP-0IM1OHQH,A,住民税通知確認,hr,std,RT-132457-001,2026-07-01 07:57:12.251773+00:00,2026-07-01 07:57:39.461211+00:00,1,M1-A-1,1,,False,False,27.209438
ses_20260701-075604-LAPTOP-0IM1OHQH,K,受注処理,ops,std,ORD-132457-002,2026-07-01 07:57:39.463319+00:00,2026-07-01 07:58:08.323232+00:00,1,M1-K-2,2,,False,False,28.859913
ses_20260701-075604-LAPTOP-0IM1OHQH,D,社保・年金補正対応,hr,,SI-132457-001,2026-07-01 07:58:08.325444+00:00,2026-07-01 07:58:49.492663+00:00,1,M1-D-1,1,,False,False,41.167219
ses_20260701-075604-LAPTOP-0IM1OHQH,B,給与備考・控除整備,hr,reg,PI-132457-001,2026-07-01 07:58:49.508493+00:00,2026-07-01 07:59:08.392327+00:00,1,M1-B-1,1,,False,False,18.883834
ses_20260701-075604-LAPTOP-0IM1OHQH,C,育児・産休申請確認,hr,,LA-132457-001,2026-07-01 07:59:08.395632+00:00,2026-07-01 07:59:58.739289+00:00,1,M1-C-1,1,,False,False,50.343657
ses_20260701-075604-LAPTOP-0IM1OHQH,N,出荷追跡,ops,,SHP-132457-001,2026-07-01 07:59:58.756007+00:00,2026-07-01 08:00:35.182148+00:00,1,M1-N-1,1,,False,False,36.426141
ses_20260701-075604-LAPTOP-0IM1OHQH,K,受注処理,ops,std,ORD-132457-003,2026-07-01 08:00:35.184369+00:00,2026-07-01 08:00:58.585127+00:00,1,M1-K-3,3,,False,False,23.400758
ses_20260701-075604-LAPTOP-0IM1OHQH,A,住民税通知確認,hr,std,RT-132457-002,2026-07-01 08:00:58.587580+00:00,2026-07-01 08:01:28.629909+00:00,1,M1-A-2,2,,False,False,30.042329
ses_20260701-075604-LAPTOP-0IM1OHQH,D,社保・年金補正対応,hr,,SI-132457-002,2026-07-01 08:01:29.839096+00:00,2026-07-01 08:02:07.764075+00:00,1,M1-D-2,2,,True,True,37.924979
ses_20260701-075604-LAPTOP-0IM1OHQH,O,返品処理,ops,,RET-132457-001,2026-07-01 08:02:07.780784+00:00,2026-07-01 08:02:37.964409+00:00,1,M1-O-1,1,,False,False,30.183625
ses_20260701-075604-LAPTOP-0IM1OHQH,C,育児・産休申請確認,hr,,LA-132457-002,2026-07-01 08:02:37.984537+00:00,2026-07-01 08:03:26.559884+00:00,1,M1-C-2,2,,False,False,48.575347
ses_20260701-075604-LAPTOP-0IM1OHQH,E,入社照合・手当確認,hr,,OB-132457-001,2026-07-01 08:03:26.562380+00:00,2026-07-01 08:04:30.810480+00:00,1,M1-E-1,1,,False,False,64.2481
ses_20260701-075604-LAPTOP-0IM1OHQH,N,出荷追跡,ops,,SHP-132457-002,2026-07-01 08:04:30.812611+00:00,2026-07-01 08:05:10.562371+00:00,1,M1-N-2,2,,False,False,39.74976
ses_20260701-075604-LAPTOP-0IM1OHQH,H,銀行勘定照合,finance,,BR-132457-001,2026-07-01 08:05:10.578900+00:00,2026-07-01 08:05:59.097242+00:00,1,M1-H-1,1,,False,False,48.518342
ses_20260701-075604-LAPTOP-0IM1OHQH,C,育児・産休申請確認,hr,,LA-132457-003,2026-07-01 08:05:59.114164+00:00,2026-07-01 08:06:48.369221+00:00,1,M1-C-3,3,,False,False,49.255057
ses_20260701-075604-LAPTOP-0IM1OHQH,A,住民税通知確認,hr,std,RT-132457-003,2026-07-01 08:06:48.371748+00:00,2026-07-01 08:07:37.213279+00:00,2,M1-A-3,3,M1-A-split-1,False,False,48.841531
ses_20260701-075604-LAPTOP-0IM1OHQH,H,銀行勘定照合,finance,,BR-132457-002,2026-07-01 08:07:37.230364+00:00,2026-07-01 08:08:07.241257+00:00,1,M1-H-2,2,,False,False,30.010893
ses_20260701-075604-LAPTOP-0IM1OHQH,C,育児・産休申請確認,hr,,LA-132457-004,2026-07-01 08:08:07.244350+00:00,2026-07-01 08:08:57.783926+00:00,1,M1-C-4,4,,False,False,50.539576
ses_20260701-075604-LAPTOP-0IM1OHQH,A,住民税通知確認,hr,exc,RT-132457-004,2026-07-01 08:08:57.803021+00:00,2026-07-01 08:09:22.159117+00:00,2,M1-A-4,4,M1-A-split-1,False,False,24.356096
ses_20260701-075604-LAPTOP-0IM1OHQH,D,社保・年金補正対応,hr,,SI-132457-003,2026-07-01 08:09:22.162207+00:00,2026-07-01 08:10:02.197716+00:00,1,M1-D-3,3,,False,False,40.035509
ses_20260701-075604-LAPTOP-0IM1OHQH,N,出荷追跡,ops,,SHP-132457-003,2026-07-01 08:10:02.200017+00:00,2026-07-01 08:10:39.702925+00:00,1,M1-N-3,3,,False,False,37.502908
ses_20260701-075604-LAPTOP-0IM1OHQH,B,給与備考・控除整備,hr,reg,PI-132457-002,2026-07-01 08:10:39.705254+00:00,,1,M1-B-2,2,,False,False,
ses_20260701-075604-LAPTOP-0IM1OHQH,B,給与備考・控除整備,hr,reg,PI-132457-003,2026-07-01 08:11:00.705404+00:00,2026-07-01 08:11:19.313162+00:00,1,M1-B-3,3,,False,False,18.607758
ses_20260701-075604-LAPTOP-0IM1OHQH,A,住民税通知確認,hr,exc,RT-132457-005,2026-07-01 08:11:19.315460+00:00,2026-07-01 08:11:42.345183+00:00,2,M1-A-5,5,M1-A-split-1,False,False,23.029723
ses_20260701-075604-LAPTOP-0IM1OHQH,E,入社照合・手当確認,hr,,OB-132457-002,2026-07-01 08:11:42.347996+00:00,,1,M1-E-2,2,,False,False,
ses_20260701-075604-LAPTOP-0IM1OHQH,E,入社照合・手当確認,hr,,OB-132457-003,2026-07-01 08:12:10.735945+00:00,2026-07-01 08:12:34.549058+00:00,1,M1-E-3,3,,False,False,23.813113
ses_20260701-075604-LAPTOP-0IM1OHQH,O,返品処理,ops,,RET-132457-002,2026-07-01 08:12:34.551547+00:00,2026-07-01 08:13:07.432256+00:00,1,M1-O-2,2,,False,False,32.880709
ses_20260701-075604-LAPTOP-0IM1OHQH,H,銀行勘定照合,finance,,BR-132457-003,2026-07-01 08:13:07.435359+00:00,,1,M1-H-3,3,,False,False,
ses_20260701-075604-LAPTOP-0IM1OHQH,H,銀行勘定照合,finance,,BR-132457-004,2026-07-01 08:13:36.538167+00:00,2026-07-01 08:14:06.369588+00:00,1,M1-H-4,4,,False,False,29.831421
ses_20260701-075604-LAPTOP-0IM1OHQH,O,返品処理,ops,,RET-132457-003,2026-07-01 08:14:06.390311+00:00,2026-07-01 08:14:43.963969+00:00,1,M1-O-3,3,,False,False,37.573658
ses_20260701-081120-SIDDHIGUPTAB00B,K,受注処理,ops,std,ORD-134051-001,2026-07-01 08:12:08.126505+00:00,2026-07-01 08:12:34.892430+00:00,1,M1-K-1,1,,False,False,26.765925
ses_20260701-081120-SIDDHIGUPTAB00B,M,仕入先連絡,ops,,SUP-134051-001,2026-07-01 08:12:34.896645+00:00,2026-07-01 08:13:12.083056+00:00,1,M1-M-1,1,,False,False,37.186411
ses_20260701-081120-SIDDHIGUPTAB00B,C,育児・産休申請確認,hr,,LA-134051-001,2026-07-01 08:13:12.084768+00:00,,1,M1-C-1,1,,False,False,
ses_20260701-081120-SIDDHIGUPTAB00B,C,育児・産休申請確認,hr,,LA-134051-002,2026-07-01 08:13:54.358006+00:00,2026-07-01 08:14:27.364836+00:00,1,M1-C-2,2,,False,False,33.00683
ses_20260701-081120-SIDDHIGUPTAB00B,O,返品処理,ops,,RET-134051-001,2026-07-01 08:14:27.365999+00:00,2026-07-01 08:14:55.449978+00:00,1,M1-O-1,1,,False,False,28.083979
ses_20260701-081120-SIDDHIGUPTAB00B,K,受注処理,ops,std,ORD-134051-002,2026-07-01 08:14:55.451714+00:00,2026-07-01 08:15:20.799923+00:00,1,M1-K-2,2,,False,False,25.348209
ses_20260701-081120-SIDDHIGUPTAB00B,M,仕入先連絡,ops,,SUP-134051-002,2026-07-01 08:15:20.801122+00:00,2026-07-01 08:34:25.625658+00:00,1,M1-M-2,2,,False,False,1144.824536
ses_20260701-081120-SIDDHIGUPTAB00B,K,受注処理,ops,std,ORD-134051-003,2026-07-01 08:34:25.638371+00:00,2026-07-01 08:34:58.570563+00:00,1,M1-K-3,3,,False,False,32.932192
ses_20260701-081120-SIDDHIGUPTAB00B,M,仕入先連絡,ops,,SUP-134051-003,2026-07-01 08:34:58.573242+00:00,2026-07-01 08:36:36.857626+00:00,1,M1-M-3,3,,False,False,98.284384
ses_20260701-081120-SIDDHIGUPTAB00B,J,支払処理,finance,,PM-134051-001,2026-07-01 08:36:36.860081+00:00,2026-07-01 08:37:07.468102+00:00,1,M1-J-1,1,,False,False,30.608021
ses_20260701-081120-SIDDHIGUPTAB00B,L,在庫調整,ops,reg,STK-134051-001,2026-07-01 08:37:07.469272+00:00,,1,M1-L-1,1,,False,False,
ses_20260701-081120-SIDDHIGUPTAB00B,L,在庫調整,ops,reg,STK-134051-002,2026-07-01 08:37:38.850100+00:00,2026-07-01 08:37:58.179239+00:00,1,M1-L-2,2,,False,False,19.329139
ses_20260701-081120-SIDDHIGUPTAB00B,B,給与備考・控除整備,hr,reg,PI-134051-001,2026-07-01 08:37:59.854466+00:00,2026-07-01 08:38:52.478747+00:00,1,M1-B-1,1,,True,True,52.624281
ses_20260701-081120-SIDDHIGUPTAB00B,C,育児・産休申請確認,hr,,LA-134051-003,2026-07-01 08:38:52.483424+00:00,,1,M1-C-3,3,,False,False,
ses_20260701-081120-SIDDHIGUPTAB00B,C,育児・産休申請確認,hr,,LA-134051-004,2026-07-01 08:39:28.082790+00:00,2026-07-01 08:40:31.987513+00:00,1,M1-C-4,4,,False,False,63.904723
ses_20260701-081120-SIDDHIGUPTAB00B,B,給与備考・控除整備,hr,reg,PI-134051-002,2026-07-01 08:40:32.017574+00:00,2026-07-01 08:48:13.680083+00:00,1,M1-B-2,2,,False,False,461.662509
ses_20260701-081120-SIDDHIGUPTAB00B,E,入社照合・手当確認,hr,,OB-134051-001,2026-07-01 08:48:37.144255+00:00,2026-07-01 08:49:04.833329+00:00,1,M1-E-1,1,,False,False,27.689074
ses_20260701-081120-SIDDHIGUPTAB00B,M,仕入先連絡,ops,,SUP-134051-004,2026-07-01 08:49:04.838493+00:00,2026-07-01 08:49:45.866968+00:00,1,M1-M-4,4,,False,False,41.028475
ses_20260701-081120-SIDDHIGUPTAB00B,D,社保・年金補正対応,hr,,SI-134051-001,2026-07-01 08:49:45.870167+00:00,2026-07-01 08:50:22.468613+00:00,1,M1-D-1,1,,False,False,36.598446
ses_20260701-081120-SIDDHIGUPTAB00B,L,在庫調整,ops,reg,STK-134051-003,2026-07-01 08:50:22.469964+00:00,2026-07-01 08:50:45.059085+00:00,2,M1-L-3,3,M1-L-split-1,False,False,22.589121
ses_20260701-081120-SIDDHIGUPTAB00B,O,返品処理,ops,,RET-134051-002,2026-07-01 08:50:45.068594+00:00,2026-07-01 08:51:09.596363+00:00,1,M1-O-2,2,,False,False,24.527769
ses_20260701-081120-SIDDHIGUPTAB00B,L,在庫調整,ops,adj,STK-134051-004,2026-07-01 08:51:09.602696+00:00,2026-07-01 08:51:36.619060+00:00,2,M1-L-4,4,M1-L-split-1,False,False,27.016364
ses_20260701-081120-SIDDHIGUPTAB00B,B,給与備考・控除整備,hr,reg,PI-134051-003,2026-07-01 08:51:36.625342+00:00,2026-07-01 08:52:21.400370+00:00,2,M1-B-3,3,M1-B-split-1,False,False,44.775028
ses_20260701-081120-SIDDHIGUPTAB00B,O,返品処理,ops,,RET-134051-003,2026-07-01 08:52:21.404669+00:00,2026-07-01 08:52:51.778558+00:00,1,M1-O-3,3,,False,False,30.373889
ses_20260701-081120-SIDDHIGUPTAB00B,J,支払処理,finance,,PM-134051-002,2026-07-01 08:52:51.780197+00:00,2026-07-01 08:53:21.221216+00:00,1,M1-J-2,2,,False,False,29.441019
ses_20260701-081120-SIDDHIGUPTAB00B,D,社保・年金補正対応,hr,,SI-134051-002,2026-07-01 08:53:21.222519+00:00,,1,M1-D-2,2,,False,False,
ses_20260701-081120-SIDDHIGUPTAB00B,D,社保・年金補正対応,hr,,SI-134051-003,2026-07-01 08:54:17.171437+00:00,2026-07-01 08:54:53.861360+00:00,1,M1-D-3,3,,False,False,36.689923
ses_20260701-081120-SIDDHIGUPTAB00B,B,給与備考・控除整備,hr,adj,PI-134051-004,2026-07-01 08:54:53.868883+00:00,2026-07-01 08:56:14.012001+00:00,2,M1-B-4,4,M1-B-split-1,False,False,80.143118
ses_20260701-081120-SIDDHIGUPTAB00B,J,支払処理,finance,,PM-134051-003,2026-07-01 08:56:14.015772+00:00,2026-07-01 08:56:38.714469+00:00,1,M1-J-3,3,,False,False,24.698697
ses_20260701-081120-SIDDHIGUPTAB00B,E,入社照合・手当確認,hr,,OB-134051-002,2026-07-01 08:56:38.716046+00:00,,1,M1-E-2,2,,False,False,
ses_20260701-081120-SIDDHIGUPTAB00B,E,入社照合・手当確認,hr,,OB-134051-003,2026-07-01 08:57:07.797567+00:00,2026-07-01 08:57:55.983604+00:00,1,M1-E-3,3,,False,False,48.186037
ses_20260701-081732-CHAITANYA0BCF,B,給与備考・控除整備,hr,reg,PI-134655-001,2026-07-01 08:18:26.729670+00:00,2026-07-01 08:18:48.864436+00:00,1,M1-B-1,1,,False,False,22.134766
ses_20260701-081732-CHAITANYA0BCF,L,在庫調整,ops,reg,STK-134655-001,2026-07-01 08:18:48.865987+00:00,2026-07-01 08:19:42.571811+00:00,1,M1-L-1,1,,True,True,53.705824
ses_20260701-081732-CHAITANYA0BCF,M,仕入先連絡,ops,,SUP-134655-001,2026-07-01 08:19:42.573677+00:00,2026-07-01 08:20:22.457073+00:00,1,M1-M-1,1,,False,False,39.883396
ses_20260701-081732-CHAITANYA0BCF,N,出荷追跡,ops,,SHP-134655-001,2026-07-01 08:20:22.458129+00:00,2026-07-01 08:21:01.133790+00:00,1,M1-N-1,1,,False,False,38.675661
ses_20260701-081732-CHAITANYA0BCF,M,仕入先連絡,ops,,SUP-134655-002,2026-07-01 08:21:01.135424+00:00,2026-07-01 08:21:32.967785+00:00,1,M1-M-2,2,,False,False,31.832361
ses_20260701-081732-CHAITANYA0BCF,A,住民税通知確認,hr,std,RT-134655-001,2026-07-01 08:21:32.970961+00:00,,1,M1-A-1,1,,False,False,
ses_20260701-081732-CHAITANYA0BCF,A,住民税通知確認,hr,std,RT-134655-002,2026-07-01 08:22:03.695975+00:00,2026-07-01 08:22:30.895221+00:00,1,M1-A-2,2,,False,False,27.199246
ses_20260701-081732-CHAITANYA0BCF,K,受注処理,ops,std,ORD-134655-001,2026-07-01 08:22:30.896637+00:00,2026-07-01 08:23:01.547922+00:00,1,M1-K-1,1,,False,False,30.651285
ses_20260701-081732-CHAITANYA0BCF,A,住民税通知確認,hr,std,RT-134655-003,2026-07-01 08:23:01.547922+00:00,2026-07-01 08:23:26.695926+00:00,1,M1-A-3,3,,False,False,25.148004
ses_20260701-081732-CHAITANYA0BCF,L,在庫調整,ops,reg,STK-134655-002,2026-07-01 08:23:26.695926+00:00,2026-07-01 08:23:51.498692+00:00,1,M1-L-2,2,,False,False,24.802766
ses_20260701-081732-CHAITANYA0BCF,A,住民税通知確認,hr,exc,RT-134655-004,2026-07-01 08:25:28.033743+00:00,2026-07-01 08:25:59.734629+00:00,1,M1-A-4,4,,False,False,31.700886
ses_20260701-081732-CHAITANYA0BCF,E,入社照合・手当確認,hr,,OB-134655-001,2026-07-01 08:25:59.736021+00:00,2026-07-01 08:26:29.050127+00:00,1,M1-E-1,1,,False,False,29.314106
ses_20260701-081732-CHAITANYA0BCF,K,受注処理,ops,std,ORD-134655-002,2026-07-01 08:26:29.050127+00:00,2026-07-01 08:26:54.435385+00:00,1,M1-K-2,2,,False,False,25.385258
ses_20260701-081732-CHAITANYA0BCF,M,仕入先連絡,ops,,SUP-134655-003,2026-07-01 08:26:54.436982+00:00,2026-07-01 08:27:31.776499+00:00,1,M1-M-3,3,,False,False,37.339517
ses_20260701-081732-CHAITANYA0BCF,I,予算差異分析,finance,,BV-134655-001,2026-07-01 08:27:31.777606+00:00,2026-07-01 08:28:40.923173+00:00,1,M1-I-1,1,,False,False,69.145567
ses_20260701-081732-CHAITANYA0BCF,B,給与備考・控除整備,hr,reg,PI-134655-002,2026-07-01 08:28:40.924265+00:00,2026-07-01 08:29:06.220488+00:00,1,M1-B-2,2,,False,False,25.296223
ses_20260701-081732-CHAITANYA0BCF,K,受注処理,ops,std,ORD-134655-003,2026-07-01 08:29:06.222057+00:00,2026-07-01 08:29:31.175634+00:00,1,M1-K-3,3,,False,False,24.953577
ses_20260701-081732-CHAITANYA0BCF,N,出荷追跡,ops,,SHP-134655-002,2026-07-01 08:29:31.177968+00:00,,1,M1-N-2,2,,False,False,
ses_20260701-081732-CHAITANYA0BCF,N,出荷追跡,ops,,SHP-134655-003,2026-07-01 08:30:08.380815+00:00,2026-07-01 08:30:41.845813+00:00,1,M1-N-3,3,,False,False,33.464998
ses_20260701-081732-CHAITANYA0BCF,I,予算差異分析,finance,,BV-134655-002,2026-07-01 08:30:41.846395+00:00,,1,M1-I-2,2,,False,False,
ses_20260701-081732-CHAITANYA0BCF,I,予算差異分析,finance,,BV-134655-003,2026-07-01 08:32:15.295933+00:00,2026-07-01 08:33:18.845128+00:00,1,M1-I-3,3,,False,False,63.549195
ses_20260701-081732-CHAITANYA0BCF,K,受注処理,ops,exc,ORD-134655-004,2026-07-01 08:33:18.846714+00:00,2026-07-01 08:33:45.226477+00:00,1,M1-K-4,4,,False,False,26.379763
ses_20260701-081732-CHAITANYA0BCF,L,在庫調整,ops,reg,STK-134655-003,2026-07-01 08:33:45.228508+00:00,2026-07-01 08:34:51.408936+00:00,2,M1-L-3,3,M1-L-split-1,False,False,66.180428
ses_20260701-081732-CHAITANYA0BCF,B,給与備考・控除整備,hr,reg,PI-134655-003,2026-07-01 08:34:51.411417+00:00,2026-07-01 08:35:12.168650+00:00,1,M1-B-3,3,,False,False,20.757233
ses_20260701-081732-CHAITANYA0BCF,E,入社照合・手当確認,hr,,OB-134655-002,2026-07-01 08:35:12.169066+00:00,,1,M1-E-2,2,,False,False,
ses_20260701-081732-CHAITANYA0BCF,E,入社照合・手当確認,hr,,OB-134655-003,2026-07-01 08:35:41.029935+00:00,2026-07-01 08:36:37.368153+00:00,1,M1-E-3,3,,False,False,56.338218
ses_20260701-083656-LAPTOP-0IM1OHQH,F,請求書承認,finance,std,INV-140614-001,2026-07-01 08:37:35.511261+00:00,2026-07-01 08:38:04.335255+00:00,1,M1-F-1,1,,False,False,28.823994
ses_20260701-083656-LAPTOP-0IM1OHQH,K,受注処理,ops,std,ORD-140614-001,2026-07-01 08:38:04.337817+00:00,2026-07-01 08:38:36.152632+00:00,1,M1-K-1,1,,False,False,31.814815
ses_20260701-083656-LAPTOP-0IM1OHQH,B,給与備考・控除整備,hr,reg,PI-140614-001,2026-07-01 08:38:36.172013+00:00,2026-07-01 08:38:57.319407+00:00,1,M1-B-1,1,,False,False,21.147394
ses_20260701-083656-LAPTOP-0IM1OHQH,A,住民税通知確認,hr,std,RT-140614-001,2026-07-01 08:38:57.321455+00:00,2026-07-01 08:39:25.772464+00:00,1,M1-A-1,1,,False,False,28.451009
ses_20260701-083656-LAPTOP-0IM1OHQH,K,受注処理,ops,std,ORD-140614-002,2026-07-01 08:39:25.791029+00:00,2026-07-01 08:39:52.370941+00:00,1,M1-K-2,2,,False,False,26.579912
ses_20260701-083656-LAPTOP-0IM1OHQH,A,住民税通知確認,hr,std,RT-140614-002,2026-07-01 08:39:53.989969+00:00,2026-07-01 08:40:24.947221+00:00,1,M1-A-2,2,,False,False,30.957252
ses_20260701-083656-LAPTOP-0IM1OHQH,D,社保・年金補正対応,hr,,SI-140614-001,2026-07-01 08:40:24.963615+00:00,2026-07-01 08:41:16.451508+00:00,1,M1-D-1,1,,False,False,51.487893
ses_20260701-083656-LAPTOP-0IM1OHQH,A,住民税通知確認,hr,std,RT-140614-003,2026-07-01 08:41:16.453394+00:00,2026-07-01 08:41:42.856628+00:00,1,M1-A-3,3,,False,False,26.403234
ses_20260701-083656-LAPTOP-0IM1OHQH,K,受注処理,ops,std,ORD-140614-003,2026-07-01 08:41:42.858939+00:00,2026-07-01 08:42:13.574949+00:00,2,M1-K-3,3,M1-K-split-1,False,False,30.71601
ses_20260701-083656-LAPTOP-0IM1OHQH,D,社保・年金補正対応,hr,,SI-140614-002,2026-07-01 08:42:13.593928+00:00,2026-07-01 08:42:47.509786+00:00,1,M1-D-2,2,,False,False,33.915858
ses_20260701-083656-LAPTOP-0IM1OHQH,L,在庫調整,ops,reg,STK-140614-001,2026-07-01 08:42:47.524716+00:00,,1,M1-L-1,1,,False,False,
ses_20260701-083656-LAPTOP-0IM1OHQH,L,在庫調整,ops,reg,STK-140614-002,2026-07-01 08:43:11.629764+00:00,2026-07-01 08:43:32.649923+00:00,1,M1-L-2,2,,False,False,21.020159
ses_20260701-083656-LAPTOP-0IM1OHQH,E,入社照合・手当確認,hr,,OB-140614-001,2026-07-01 08:43:34.334817+00:00,2026-07-01 08:44:04.213004+00:00,1,M1-E-1,1,,False,False,29.878187
ses_20260701-083656-LAPTOP-0IM1OHQH,F,請求書承認,finance,std,INV-140614-002,2026-07-01 08:44:04.215528+00:00,2026-07-01 08:46:20.379208+00:00,1,M1-F-2,2,,True,True,136.16368
ses_20260701-083656-LAPTOP-0IM1OHQH,B,給与備考・控除整備,hr,reg,PI-140614-002,2026-07-01 08:46:20.396705+00:00,2026-07-01 08:46:42.251339+00:00,1,M1-B-2,2,,False,False,21.854634
ses_20260701-083656-LAPTOP-0IM1OHQH,E,入社照合・手当確認,hr,,OB-140614-002,2026-07-01 08:46:42.255249+00:00,2026-07-01 08:47:05.018772+00:00,1,M1-E-2,2,,False,False,22.763523
ses_20260701-083656-LAPTOP-0IM1OHQH,N,出荷追跡,ops,,SHP-140614-001,2026-07-01 08:47:05.034344+00:00,2026-07-01 08:47:43.432703+00:00,1,M1-N-1,1,,False,False,38.398359
ses_20260701-083656-LAPTOP-0IM1OHQH,D,社保・年金補正対応,hr,,SI-140614-003,2026-07-01 08:47:43.435336+00:00,2026-07-01 08:48:23.452086+00:00,1,M1-D-3,3,,False,False,40.01675
ses_20260701-083656-LAPTOP-0IM1OHQH,F,請求書承認,finance,std,INV-140614-003,2026-07-01 08:48:23.454391+00:00,2026-07-01 08:49:04.508851+00:00,1,M1-F-3,3,,False,False,41.05446
ses_20260701-083656-LAPTOP-0IM1OHQH,L,在庫調整,ops,reg,STK-140614-003,2026-07-01 08:49:04.525429+00:00,2026-07-01 08:49:26.772587+00:00,2,M1-L-3,3,M1-L-split-1,False,False,22.247158
ses_20260701-083656-LAPTOP-0IM1OHQH,N,出荷追跡,ops,,SHP-140614-002,2026-07-01 08:49:26.796161+00:00,2026-07-01 08:49:58.175827+00:00,1,M1-N-2,2,,False,False,31.379666
ses_20260701-083656-LAPTOP-0IM1OHQH,F,請求書承認,finance,exc,INV-140614-004,2026-07-01 08:49:58.191750+00:00,2026-07-01 08:50:26.053716+00:00,1,M1-F-4,4,,False,False,27.861966
ses_20260701-083656-LAPTOP-0IM1OHQH,G,経費精算承認,finance,reg,EXP-140614-001,2026-07-01 08:50:26.056375+00:00,2026-07-01 08:50:48.196871+00:00,1,M1-G-1,1,,False,False,22.140496
ses_20260701-083656-LAPTOP-0IM1OHQH,N,出荷追跡,ops,,SHP-140614-003,2026-07-01 08:50:48.199140+00:00,2026-07-01 08:51:27.744659+00:00,1,M1-N-3,3,,False,False,39.545519
ses_20260701-083656-LAPTOP-0IM1OHQH,L,在庫調整,ops,adj,STK-140614-004,2026-07-01 08:51:27.761447+00:00,2026-07-01 08:51:50.542017+00:00,2,M1-L-4,4,M1-L-split-1,False,False,22.78057
ses_20260701-083656-LAPTOP-0IM1OHQH,G,経費精算承認,finance,reg,EXP-140614-002,2026-07-01 08:51:50.544463+00:00,2026-07-01 08:52:18.622322+00:00,1,M1-G-2,2,,False,False,28.077859
ses_20260701-083656-LAPTOP-0IM1OHQH,E,入社照合・手当確認,hr,,OB-140614-003,2026-07-01 08:52:18.625349+00:00,2026-07-01 08:52:44.359467+00:00,1,M1-E-3,3,,False,False,25.734118
ses_20260701-083656-LAPTOP-0IM1OHQH,B,給与備考・控除整備,hr,reg,PI-140614-003,2026-07-01 08:52:44.362400+00:00,2026-07-01 08:53:07.952601+00:00,1,M1-B-3,3,,False,False,23.590201
ses_20260701-083656-LAPTOP-0IM1OHQH,O,返品処理,ops,,RET-140614-001,2026-07-01 08:53:07.969353+00:00,2026-07-01 08:53:33.791721+00:00,1,M1-O-1,1,,False,False,25.822368
ses_20260701-083656-LAPTOP-0IM1OHQH,B,給与備考・控除整備,hr,adj,PI-140614-004,2026-07-01 08:53:33.793918+00:00,2026-07-01 08:54:00.960082+00:00,1,M1-B-4,4,,False,False,27.166164
ses_20260701-083656-LAPTOP-0IM1OHQH,G,経費精算承認,finance,reg,EXP-140614-003,2026-07-01 08:54:00.977904+00:00,,1,M1-G-3,3,,False,False,
ses_20260701-083656-LAPTOP-0IM1OHQH,G,経費精算承認,finance,adj,EXP-140614-004,2026-07-01 08:54:28.015951+00:00,2026-07-01 08:54:55.816611+00:00,1,M1-G-4,4,,False,False,27.80066
ses_20260701-083656-LAPTOP-0IM1OHQH,O,返品処理,ops,,RET-140614-002,2026-07-01 08:54:55.819183+00:00,,1,M1-O-2,2,,False,False,
ses_20260701-083656-LAPTOP-0IM1OHQH,O,返品処理,ops,,RET-140614-003,2026-07-01 08:55:27.356615+00:00,2026-07-01 08:56:02.526846+00:00,1,M1-O-3,3,,False,False,35.170231
ses_20260701-090300-Marcos,A,住民税通知確認,hr,std,RT-143234-001,2026-07-01 09:03:30.625658+00:00,2026-07-01 09:03:56.171208+00:00,1,M1-A-1,1,,False,False,25.54555
ses_20260701-090300-Marcos,F,請求書承認,finance,std,INV-143234-001,2026-07-01 09:03:56.172124+00:00,2026-07-01 09:05:03.825192+00:00,1,M1-F-1,1,,False,False,67.653068
ses_20260701-090300-Marcos,M,仕入先連絡,ops,,SUP-143234-001,2026-07-01 09:05:03.826280+00:00,2026-07-01 09:05:40.998121+00:00,1,M1-M-1,1,,False,False,37.171841
ses_20260701-090300-Marcos,H,銀行勘定照合,finance,,BR-143234-001,2026-07-01 09:05:40.999076+00:00,2026-07-01 09:06:09.217235+00:00,1,M1-H-1,1,,False,False,28.218159
ses_20260701-090300-Marcos,F,請求書承認,finance,std,INV-143234-002,2026-07-01 09:06:09.217900+00:00,2026-07-01 09:06:34.196736+00:00,1,M1-F-2,2,,False,False,24.978836
ses_20260701-090300-Marcos,A,住民税通知確認,hr,std,RT-143234-002,2026-07-01 09:07:46.245936+00:00,,1,M1-A-2,2,,False,False,
ses_20260701-090300-Marcos,A,住民税通知確認,hr,std,RT-143234-003,2026-07-01 09:08:10.902682+00:00,2026-07-01 09:08:38.840882+00:00,1,M1-A-3,3,,True,True,27.9382
ses_20260701-090300-Marcos,J,支払処理,finance,,PM-143234-001,2026-07-01 09:08:38.841878+00:00,,1,M1-J-1,1,,False,False,
ses_20260701-090300-Marcos,J,支払処理,finance,,PM-143234-002,2026-07-01 09:09:19.758941+00:00,,1,M1-J-2,2,,False,False,
ses_20260701-090300-Marcos,J,支払処理,finance,,PM-143234-003,2026-07-01 09:10:04.546251+00:00,2026-07-01 09:10:27.584754+00:00,1,M1-J-3,3,,False,False,23.038503
ses_20260701-090300-Marcos,M,仕入先連絡,ops,,SUP-143234-002,2026-07-01 09:10:27.585871+00:00,2026-07-01 09:11:08.504551+00:00,1,M1-M-2,2,,False,False,40.91868
ses_20260701-090300-Marcos,L,在庫調整,ops,reg,STK-143234-001,2026-07-01 09:11:08.505414+00:00,,1,M1-L-1,1,,False,False,
ses_20260701-090300-Marcos,L,在庫調整,ops,reg,STK-143234-002,2026-07-01 09:11:30.740424+00:00,2026-07-01 09:11:51.951370+00:00,1,M1-L-2,2,,False,False,21.210946
ses_20260701-090300-Marcos,H,銀行勘定照合,finance,,BR-143234-002,2026-07-01 09:11:51.952550+00:00,2026-07-01 09:12:37.913470+00:00,1,M1-H-2,2,,False,False,45.96092
ses_20260701-090300-Marcos,N,出荷追跡,ops,,SHP-143234-001,2026-07-01 09:12:37.914366+00:00,2026-07-01 09:13:26.867284+00:00,1,M1-N-1,1,,False,False,48.952918
ses_20260701-090300-Marcos,F,請求書承認,finance,std,INV-143234-003,2026-07-01 09:13:26.868133+00:00,,2,M1-F-3,3,M1-F-split-1,False,False,
ses_20260701-090300-Marcos,F,請求書承認,finance,exc,INV-143234-004,2026-07-01 09:14:12.663937+00:00,2026-07-01 09:15:00.929592+00:00,2,M1-F-4,4,M1-F-split-1,False,False,48.265655
ses_20260701-090300-Marcos,L,在庫調整,ops,reg,STK-143234-003,2026-07-01 09:15:00.930472+00:00,2026-07-01 09:15:26.524364+00:00,1,M1-L-3,3,,False,False,25.593892
ses_20260701-090300-Marcos,I,予算差異分析,finance,,BV-143234-001,2026-07-01 09:15:26.525549+00:00,,1,M1-I-1,1,,False,False,
ses_20260701-090300-Marcos,I,予算差異分析,finance,,BV-143234-002,2026-07-01 09:16:52.702709+00:00,2026-07-01 09:18:06.470253+00:00,1,M1-I-2,2,,False,False,73.767544
ses_20260701-090300-Marcos,L,在庫調整,ops,adj,STK-143234-004,2026-07-01 09:18:06.471104+00:00,2026-07-01 09:18:30.869850+00:00,1,M1-L-4,4,,False,False,24.398746
ses_20260701-090300-Marcos,H,銀行勘定照合,finance,,BR-143234-003,2026-07-01 09:18:30.870871+00:00,2026-07-01 09:19:12.579645+00:00,1,M1-H-3,3,,False,False,41.708774
ses_20260701-090300-Marcos,M,仕入先連絡,ops,,SUP-143234-003,2026-07-01 09:19:12.580660+00:00,2026-07-01 09:19:47.236674+00:00,1,M1-M-3,3,,False,False,34.656014
ses_20260701-090300-Marcos,I,予算差異分析,finance,,BV-143234-003,2026-07-01 09:19:47.237444+00:00,2026-07-01 09:21:04.681131+00:00,1,M1-I-3,3,,False,False,77.443687
ses_20260701-090300-Marcos,F,請求書承認,finance,exc,INV-143234-005,2026-07-01 09:21:04.682337+00:00,2026-07-01 09:22:01.739533+00:00,2,M1-F-5,5,M1-F-split-1,False,False,57.057196
ses_20260701-090300-Marcos,H,銀行勘定照合,finance,,BR-143234-004,2026-07-01 09:22:01.740419+00:00,2026-07-01 09:22:25.021157+00:00,1,M1-H-4,4,,False,False,23.280738
ses_20260701-090300-Marcos,D,社保・年金補正対応,hr,,SI-143234-001,2026-07-01 09:22:25.022197+00:00,,1,M1-D-1,1,,False,False,
ses_20260701-090300-Marcos,D,社保・年金補正対応,hr,,SI-143234-002,2026-07-01 09:24:54.686519+00:00,,1,M1-D-2,2,,False,False,
ses_20260701-090300-Marcos,D,社保・年金補正対応,hr,,SI-143234-003,2026-07-01 09:25:52.350700+00:00,2026-07-01 09:26:49.819328+00:00,1,M1-D-3,3,,False,False,57.468628
ses_20260701-090300-Marcos,N,出荷追跡,ops,,SHP-143234-002,2026-07-01 09:26:49.820093+00:00,,1,M1-N-2,2,,False,False,
ses_20260701-090300-Marcos,N,出荷追跡,ops,,SHP-143234-003,2026-07-01 09:27:40.056774+00:00,2026-07-01 09:28:38.126063+00:00,1,M1-N-3,3,,False,False,58.069289
ses_20260701-092027-SIDDHIGUPTAB00B,B,給与備考・控除整備,hr,reg,PI-144951-001,2026-07-01 09:21:00.451545+00:00,2026-07-01 09:22:00.584233+00:00,1,M1-B-1,1,,True,True,60.132688
ses_20260701-092027-SIDDHIGUPTAB00B,N,出荷追跡,ops,,SHP-144951-001,2026-07-01 09:22:00.588798+00:00,2026-07-01 09:22:57.114651+00:00,1,M1-N-1,1,,False,False,56.525853
ses_20260701-092027-SIDDHIGUPTAB00B,L,在庫調整,ops,reg,STK-144951-001,2026-07-01 09:22:57.118322+00:00,2026-07-01 09:23:17.380759+00:00,1,M1-L-1,1,,False,False,20.262437
ses_20260701-092027-SIDDHIGUPTAB00B,A,住民税通知確認,hr,std,RT-144951-001,2026-07-01 09:23:17.392033+00:00,2026-07-01 09:23:49.122875+00:00,1,M1-A-1,1,,False,False,31.730842
ses_20260701-092027-SIDDHIGUPTAB00B,M,仕入先連絡,ops,,SUP-144951-001,2026-07-01 09:23:49.152010+00:00,2026-07-01 09:24:36.905820+00:00,1,M1-M-1,1,,False,False,47.75381
ses_20260701-092027-SIDDHIGUPTAB00B,C,育児・産休申請確認,hr,,LA-144951-001,2026-07-01 09:24:36.907711+00:00,2026-07-01 09:25:17.557577+00:00,1,M1-C-1,1,,False,False,40.649866
ses_20260701-092027-SIDDHIGUPTAB00B,K,受注処理,ops,std,ORD-144951-001,2026-07-01 09:25:17.559382+00:00,,1,M1-K-1,1,,False,False,
ses_20260701-092027-SIDDHIGUPTAB00B,K,受注処理,ops,std,ORD-144951-002,2026-07-01 09:25:48.642095+00:00,2026-07-01 09:26:16.671346+00:00,1,M1-K-2,2,,False,False,28.029251
ses_20260701-092027-SIDDHIGUPTAB00B,A,住民税通知確認,hr,std,RT-144951-002,2026-07-01 09:26:16.672952+00:00,2026-07-01 09:26:44.518695+00:00,1,M1-A-2,2,,False,False,27.845743
ses_20260701-092027-SIDDHIGUPTAB00B,K,受注処理,ops,std,ORD-144951-003,2026-07-01 09:26:44.521396+00:00,2026-07-01 09:28:25.846920+00:00,1,M1-K-3,3,,False,False,101.325524
ses_20260701-092027-SIDDHIGUPTAB00B,G,経費精算承認,finance,reg,EXP-144951-001,2026-07-01 09:28:25.863233+00:00,,1,M1-G-1,1,,False,False,
ses_20260701-092027-SIDDHIGUPTAB00B,G,経費精算承認,finance,reg,EXP-144951-002,2026-07-01 09:28:46.679149+00:00,2026-07-01 09:29:08.140121+00:00,1,M1-G-2,2,,False,False,21.460972
ses_20260701-092027-SIDDHIGUPTAB00B,C,育児・産休申請確認,hr,,LA-144951-002,2026-07-01 09:29:08.142101+00:00,2026-07-01 09:29:49.076791+00:00,1,M1-C-2,2,,False,False,40.93469
ses_20260701-092027-SIDDHIGUPTAB00B,M,仕入先連絡,ops,,SUP-144951-002,2026-07-01 09:29:49.079342+00:00,2026-07-01 09:30:30.857988+00:00,1,M1-M-2,2,,False,False,41.778646
ses_20260701-092027-SIDDHIGUPTAB00B,J,支払処理,finance,,PM-144951-001,2026-07-01 09:30:30.860383+00:00,2026-07-01 09:31:10.391651+00:00,1,M1-J-1,1,,False,False,39.531268
ses_20260701-092027-SIDDHIGUPTAB00B,A,住民税通知確認,hr,std,RT-144951-003,2026-07-01 09:31:10.393302+00:00,2026-07-01 09:33:25.274927+00:00,1,M1-A-3,3,,False,False,134.881625
ses_20260701-092027-SIDDHIGUPTAB00B,N,出荷追跡,ops,,SHP-144951-002,2026-07-01 09:33:25.280143+00:00,2026-07-01 09:34:11.027413+00:00,1,M1-N-2,2,,False,False,45.74727
ses_20260701-092027-SIDDHIGUPTAB00B,C,育児・産休申請確認,hr,,LA-144951-003,2026-07-01 09:34:11.029866+00:00,2026-07-01 09:34:51.339856+00:00,1,M1-C-3,3,,False,False,40.30999
ses_20260701-092027-SIDDHIGUPTAB00B,M,仕入先連絡,ops,,SUP-144951-003,2026-07-01 09:34:51.341264+00:00,2026-07-01 09:35:28.478396+00:00,1,M1-M-3,3,,False,False,37.137132
ses_20260701-092027-SIDDHIGUPTAB00B,J,支払処理,finance,,PM-144951-002,2026-07-01 09:35:28.480968+00:00,2026-07-01 09:36:05.881681+00:00,1,M1-J-2,2,,False,False,37.400713
ses_20260701-092027-SIDDHIGUPTAB00B,B,給与備考・控除整備,hr,reg,PI-144951-002,2026-07-01 09:36:05.884854+00:00,2026-07-01 09:36:28.921251+00:00,1,M1-B-2,2,,False,False,23.036397
ses_20260701-092027-SIDDHIGUPTAB00B,G,経費精算承認,finance,reg,EXP-144951-003,2026-07-01 09:37:08.956456+00:00,2026-07-01 09:37:35.502835+00:00,1,M1-G-3,3,,False,False,26.546379
ses_20260701-092027-SIDDHIGUPTAB00B,L,在庫調整,ops,reg,STK-144951-002,2026-07-01 09:37:35.504420+00:00,2026-07-01 09:37:58.663894+00:00,1,M1-L-2,2,,False,False,23.159474
ses_20260701-092027-SIDDHIGUPTAB00B,A,住民税通知確認,hr,exc,RT-144951-004,2026-07-01 09:38:00.132077+00:00,,1,M1-A-4,4,,False,False,
ses_20260701-092027-SIDDHIGUPTAB00B,A,住民税通知確認,hr,exc,RT-144951-005,2026-07-01 09:38:29.600701+00:00,2026-07-01 09:38:58.527723+00:00,1,M1-A-5,5,,False,False,28.927022
ses_20260701-092027-SIDDHIGUPTAB00B,D,社保・年金補正対応,hr,,SI-144951-001,2026-07-01 09:38:58.529651+00:00,2026-07-01 09:39:42.603491+00:00,1,M1-D-1,1,,False,False,44.07384
ses_20260701-092027-SIDDHIGUPTAB00B,N,出荷追跡,ops,,SHP-144951-003,2026-07-01 09:39:42.605907+00:00,2026-07-01 09:40:36.390390+00:00,1,M1-N-3,3,,False,False,53.784483
ses_20260701-092027-SIDDHIGUPTAB00B,M,仕入先連絡,ops,,SUP-144951-004,2026-07-01 09:40:36.391841+00:00,2026-07-01 09:41:12.978877+00:00,1,M1-M-4,4,,False,False,36.587036
ses_20260701-092027-SIDDHIGUPTAB00B,L,在庫調整,ops,reg,STK-144951-003,2026-07-01 09:41:12.980515+00:00,2026-07-01 09:41:33.095282+00:00,2,M1-L-3,3,M1-L-split-1,False,False,20.114767
ses_20260701-092027-SIDDHIGUPTAB00B,B,給与備考・控除整備,hr,reg,PI-144951-003,2026-07-01 09:41:33.097231+00:00,2026-07-01 09:42:37.436497+00:00,2,M1-B-3,3,M1-B-split-1,False,False,64.339266
ses_20260701-092027-SIDDHIGUPTAB00B,J,支払処理,finance,,PM-144951-003,2026-07-01 09:42:37.443375+00:00,2026-07-01 09:43:07.846949+00:00,1,M1-J-3,3,,False,False,30.403574
ses_20260701-092027-SIDDHIGUPTAB00B,L,在庫調整,ops,adj,STK-144951-004,2026-07-01 09:43:07.849628+00:00,2026-07-01 09:43:32.737572+00:00,2,M1-L-4,4,M1-L-split-1,False,False,24.887944
ses_20260701-092027-SIDDHIGUPTAB00B,D,社保・年金補正対応,hr,,SI-144951-002,2026-07-01 09:43:32.739091+00:00,,1,M1-D-2,2,,False,False,
ses_20260701-092027-SIDDHIGUPTAB00B,D,社保・年金補正対応,hr,,SI-144951-003,2026-07-01 09:44:28.238030+00:00,2026-07-01 09:45:30.742208+00:00,1,M1-D-3,3,,False,False,62.504178
ses_20260701-093900-Marcos,K,受注処理,ops,std,ORD-150734-001,2026-07-01 09:39:29.390972+00:00,2026-07-01 09:39:54.420390+00:00,1,M1-K-1,1,,False,False,25.029418
ses_20260701-093900-Marcos,M,仕入先連絡,ops,,SUP-150734-001,2026-07-01 09:39:54.421614+00:00,2026-07-01 09:40:33.564762+00:00,1,M1-M-1,1,,False,False,39.143148
ses_20260701-093900-Marcos,E,入社照合・手当確認,hr,,OB-150734-001,2026-07-01 09:40:33.565908+00:00,2026-07-01 09:41:20.772358+00:00,1,M1-E-1,1,,False,False,47.20645
ses_20260701-093900-Marcos,G,経費精算承認,finance,reg,EXP-150734-001,2026-07-01 09:41:20.773071+00:00,2026-07-01 09:41:41.412525+00:00,1,M1-G-1,1,,False,False,20.639454
ses_20260701-093900-Marcos,J,支払処理,finance,,PM-150734-001,2026-07-01 09:41:41.413125+00:00,2026-07-01 09:42:17.182291+00:00,1,M1-J-1,1,,False,False,35.769166
ses_20260701-093900-Marcos,G,経費精算承認,finance,reg,EXP-150734-002,2026-07-01 09:42:17.183030+00:00,,1,M1-G-2,2,,False,False,
ses_20260701-093900-Marcos,G,経費精算承認,finance,reg,EXP-150734-003,2026-07-01 09:42:34.092775+00:00,2026-07-01 09:42:56.932255+00:00,1,M1-G-3,3,,False,False,22.83948
ses_20260701-093900-Marcos,K,受注処理,ops,std,ORD-150734-002,2026-07-01 09:42:56.933437+00:00,2026-07-01 09:43:22.602142+00:00,1,M1-K-2,2,,False,False,25.668705
ses_20260701-093900-Marcos,J,支払処理,finance,,PM-150734-002,2026-07-01 09:43:24.338438+00:00,2026-07-01 09:44:19.859240+00:00,1,M1-J-2,2,,False,False,55.520802
ses_20260701-093900-Marcos,M,仕入先連絡,ops,,SUP-150734-002,2026-07-01 09:44:19.859933+00:00,2026-07-01 09:44:57.663623+00:00,1,M1-M-2,2,,False,False,37.80369
ses_20260701-093900-Marcos,O,返品処理,ops,,RET-150734-001,2026-07-01 09:44:57.664963+00:00,2026-07-01 09:45:47.377902+00:00,1,M1-O-1,1,,False,False,49.712939
ses_20260701-093900-Marcos,G,経費精算承認,finance,adj,EXP-150734-004,2026-07-01 09:45:47.378731+00:00,2026-07-01 09:46:15.312430+00:00,1,M1-G-4,4,,False,False,27.933699
ses_20260701-093900-Marcos,F,請求書承認,finance,std,INV-150734-001,2026-07-01 09:46:15.313115+00:00,2026-07-01 09:46:43.480007+00:00,1,M1-F-1,1,,True,True,28.166892
ses_20260701-093900-Marcos,M,仕入先連絡,ops,,SUP-150734-003,2026-07-01 09:46:43.481097+00:00,2026-07-01 09:47:20.413778+00:00,1,M1-M-3,3,,False,False,36.932681
ses_20260701-093900-Marcos,O,返品処理,ops,,RET-150734-002,2026-07-01 09:47:20.414677+00:00,2026-07-01 09:47:48.732885+00:00,1,M1-O-2,2,,False,False,28.318208
ses_20260701-093900-Marcos,F,請求書承認,finance,std,INV-150734-002,2026-07-01 09:47:48.734067+00:00,2026-07-01 09:48:12.542752+00:00,1,M1-F-2,2,,False,False,23.808685
ses_20260701-093900-Marcos,E,入社照合・手当確認,hr,,OB-150734-002,2026-07-01 09:48:13.921651+00:00,2026-07-01 09:48:42.305241+00:00,1,M1-E-2,2,,False,False,28.38359
ses_20260701-093900-Marcos,K,受注処理,ops,std,ORD-150734-003,2026-07-01 09:48:42.306150+00:00,2026-07-01 09:49:11.768826+00:00,2,M1-K-3,3,M1-K-split-1,False,False,29.462676
ses_20260701-093900-Marcos,I,予算差異分析,finance,,BV-150734-001,2026-07-01 09:49:11.769615+00:00,,1,M1-I-1,1,,False,False,
ses_20260701-093900-Marcos,I,予算差異分析,finance,,BV-150734-002,2026-07-01 09:50:42.277993+00:00,2026-07-01 09:52:07.826950+00:00,1,M1-I-2,2,,False,False,85.548957
ses_20260701-093900-Marcos,F,請求書承認,finance,std,INV-150734-003,2026-07-01 09:52:07.828003+00:00,,2,M1-F-3,3,M1-F-split-1,False,False,
ses_20260701-093900-Marcos,F,請求書承認,finance,exc,INV-150734-004,2026-07-01 09:52:29.279642+00:00,2026-07-01 09:52:56.521274+00:00,2,M1-F-4,4,M1-F-split-1,False,False,27.241632
ses_20260701-093900-Marcos,J,支払処理,finance,,PM-150734-003,2026-07-01 09:52:56.522090+00:00,2026-07-01 09:53:21.964140+00:00,1,M1-J-3,3,,False,False,25.44205
ses_20260701-093900-Marcos,K,受注処理,ops,exc,ORD-150734-004,2026-07-01 09:53:21.965051+00:00,,2,M1-K-4,4,M1-K-split-1,False,False,
ses_20260701-093900-Marcos,K,受注処理,ops,exc,ORD-150734-005,2026-07-01 09:55:06.777987+00:00,2026-07-01 09:55:48.922052+00:00,2,M1-K-5,5,M1-K-split-1,False,False,42.144065
ses_20260701-093900-Marcos,I,予算差異分析,finance,,BV-150734-003,2026-07-01 09:55:48.923229+00:00,2026-07-01 09:57:10.263106+00:00,1,M1-I-3,3,,False,False,81.339877
ses_20260701-093900-Marcos,O,返品処理,ops,,RET-150734-003,2026-07-01 09:57:10.264190+00:00,2026-07-01 09:57:58.881348+00:00,1,M1-O-3,3,,False,False,48.617158
ses_20260701-093900-Marcos,E,入社照合・手当確認,hr,,OB-150734-003,2026-07-01 09:57:58.882346+00:00,2026-07-01 09:58:37.679247+00:00,1,M1-E-3,3,,False,False,38.796901
ses_20260701-095337-LAPTOP-0IM1OHQH,A,住民税通知確認,hr,std,RT-152303-001,2026-07-01 09:53:55.716680+00:00,,1,M1-A-1,1,,False,False,
ses_20260701-095337-LAPTOP-0IM1OHQH,A,住民税通知確認,hr,std,RT-152303-002,2026-07-01 09:55:05.332562+00:00,2026-07-01 09:55:31.197581+00:00,1,M1-A-2,2,,False,False,25.865019
ses_20260701-095337-LAPTOP-0IM1OHQH,M,仕入先連絡,ops,,SUP-152303-001,2026-07-01 09:56:26.074473+00:00,2026-07-01 09:57:10.732175+00:00,1,M1-M-1,1,,False,False,44.657702
ses_20260701-095337-LAPTOP-0IM1OHQH,G,経費精算承認,finance,reg,EXP-152303-001,2026-07-01 09:57:10.735347+00:00,,1,M1-G-1,1,,False,False,
ses_20260701-095337-LAPTOP-0IM1OHQH,G,経費精算承認,finance,reg,EXP-152303-002,2026-07-01 09:57:30.985485+00:00,2026-07-01 09:57:52.648209+00:00,1,M1-G-2,2,,False,False,21.662724
ses_20260701-095337-LAPTOP-0IM1OHQH,C,育児・産休申請確認,hr,,LA-152303-001,2026-07-01 09:57:52.651098+00:00,,1,M1-C-1,1,,False,False,
ses_20260701-095337-LAPTOP-0IM1OHQH,C,育児・産休申請確認,hr,,LA-152303-002,2026-07-01 09:58:44.381682+00:00,,1,M1-C-2,2,,False,False,
ses_20260701-095337-LAPTOP-0IM1OHQH,C,育児・産休申請確認,hr,,LA-152303-003,2026-07-01 09:59:27.686096+00:00,2026-07-01 10:00:18.826938+00:00,1,M1-C-3,3,,False,False,51.140842
ses_20260701-095337-LAPTOP-0IM1OHQH,F,請求書承認,finance,std,INV-152303-001,2026-07-01 10:00:18.829807+00:00,,1,M1-F-1,1,,False,False,
ses_20260701-095337-LAPTOP-0IM1OHQH,F,請求書承認,finance,std,INV-152303-002,2026-07-01 10:00:46.943471+00:00,2026-07-01 10:01:12.768181+00:00,1,M1-F-2,2,,True,True,25.82471
ses_20260701-095337-LAPTOP-0IM1OHQH,C,育児・産休申請確認,hr,,LA-152303-004,2026-07-01 10:01:35.784222+00:00,2026-07-01 10:02:26.401282+00:00,1,M1-C-4,4,,False,False,50.61706
ses_20260701-095337-LAPTOP-0IM1OHQH,I,予算差異分析,finance,,BV-152303-001,2026-07-01 10:02:26.403715+00:00,2026-07-01 10:04:09.891893+00:00,1,M1-I-1,1,,False,False,103.488178
ses_20260701-095337-LAPTOP-0IM1OHQH,A,住民税通知確認,hr,std,RT-152303-003,2026-07-01 10:04:09.894633+00:00,2026-07-01 10:05:16.948432+00:00,2,M1-A-3,3,M1-A-split-1,False,False,67.053799
ses_20260701-095337-LAPTOP-0IM1OHQH,G,経費精算承認,finance,reg,EXP-152303-003,2026-07-01 10:05:16.951949+00:00,2026-07-01 10:05:37.132450+00:00,1,M1-G-3,3,,False,False,20.180501
ses_20260701-095337-LAPTOP-0IM1OHQH,I,予算差異分析,finance,,BV-152303-002,2026-07-01 10:05:37.135919+00:00,2026-07-01 10:07:14.493794+00:00,1,M1-I-2,2,,False,False,97.357875
ses_20260701-095337-LAPTOP-0IM1OHQH,G,経費精算承認,finance,adj,EXP-152303-004,2026-07-01 10:07:14.496989+00:00,2026-07-01 10:07:40.670143+00:00,1,M1-G-4,4,,False,False,26.173154
ses_20260701-095337-LAPTOP-0IM1OHQH,A,住民税通知確認,hr,exc,RT-152303-004,2026-07-01 10:07:40.673025+00:00,2026-07-01 10:09:07.193213+00:00,2,M1-A-4,4,M1-A-split-1,False,False,86.520188
ses_20260701-095337-LAPTOP-0IM1OHQH,N,出荷追跡,ops,,SHP-152303-001,2026-07-01 10:09:07.196317+00:00,2026-07-01 10:11:29.991275+00:00,1,M1-N-1,1,,False,False,142.794958
ses_20260701-095337-LAPTOP-0IM1OHQH,M,仕入先連絡,ops,,SUP-152303-002,2026-07-01 10:11:29.994337+00:00,2026-07-01 10:12:19.471179+00:00,1,M1-M-2,2,,False,False,49.476842
ses_20260701-095337-LAPTOP-0IM1OHQH,N,出荷追跡,ops,,SHP-152303-002,2026-07-01 10:12:19.475871+00:00,,1,M1-N-2,2,,False,False,
ses_20260701-095337-LAPTOP-0IM1OHQH,N,出荷追跡,ops,,SHP-152303-003,2026-07-01 10:13:11.061163+00:00,2026-07-01 10:13:56.500193+00:00,1,M1-N-3,3,,False,False,45.43903
ses_20260701-095337-LAPTOP-0IM1OHQH,M,仕入先連絡,ops,,SUP-152303-003,2026-07-01 10:13:56.504087+00:00,2026-07-01 10:14:42.271429+00:00,1,M1-M-3,3,,False,False,45.767342
ses_20260701-095337-LAPTOP-0IM1OHQH,F,請求書承認,finance,std,INV-152303-003,2026-07-01 10:14:42.275128+00:00,,2,M1-F-3,3,M1-F-split-1,False,False,
ses_20260701-095337-LAPTOP-0IM1OHQH,F,請求書承認,finance,exc,INV-152303-004,2026-07-01 10:15:17.865172+00:00,2026-07-01 10:15:47.183424+00:00,2,M1-F-4,4,M1-F-split-1,False,False,29.318252
ses_20260701-095337-LAPTOP-0IM1OHQH,O,返品処理,ops,,RET-152303-001,2026-07-01 10:15:47.187615+00:00,2026-07-01 10:16:11.795076+00:00,1,M1-O-1,1,,False,False,24.607461
ses_20260701-095337-LAPTOP-0IM1OHQH,H,銀行勘定照合,finance,,BR-152303-001,2026-07-01 10:16:11.798437+00:00,2026-07-01 10:16:36.396362+00:00,1,M1-H-1,1,,False,False,24.597925
ses_20260701-095337-LAPTOP-0IM1OHQH,O,返品処理,ops,,RET-152303-002,2026-07-01 10:16:36.399482+00:00,2026-07-01 10:17:01.751411+00:00,1,M1-O-2,2,,False,False,25.351929
ses_20260701-095337-LAPTOP-0IM1OHQH,H,銀行勘定照合,finance,,BR-152303-002,2026-07-01 10:17:01.754766+00:00,2026-07-01 10:17:26.738521+00:00,1,M1-H-2,2,,False,False,24.983755
ses_20260701-095337-LAPTOP-0IM1OHQH,O,返品処理,ops,,RET-152303-003,2026-07-01 10:17:26.741597+00:00,2026-07-01 10:19:12.717578+00:00,1,M1-O-3,3,,False,False,105.975981
ses_20260701-095337-LAPTOP-0IM1OHQH,I,予算差異分析,finance,,BV-152303-003,2026-07-01 10:19:12.720569+00:00,2026-07-01 10:20:47.367486+00:00,1,M1-I-3,3,,False,False,94.646917
ses_20260701-095337-LAPTOP-0IM1OHQH,H,銀行勘定照合,finance,,BR-152303-003,2026-07-01 10:20:47.370922+00:00,2026-07-01 10:21:35.999341+00:00,1,M1-H-3,3,,False,False,48.628419
ses_20260701-095337-LAPTOP-0IM1OHQH,M,仕入先連絡,ops,,SUP-152303-004,2026-07-01 10:21:36.003259+00:00,2026-07-01 10:22:35.249613+00:00,1,M1-M-4,4,,False,False,59.246354
ses_20260701-100550-Marcos,G,経費精算承認,finance,reg,EXP-153520-001,2026-07-01 10:06:19.979701+00:00,2026-07-01 10:06:42.139873+00:00,1,M1-G-1,1,,False,False,22.160172
ses_20260701-100550-Marcos,N,出荷追跡,ops,,SHP-153520-001,2026-07-01 10:06:42.140975+00:00,,1,M1-N-1,1,,False,False,
ses_20260701-100550-Marcos,N,出荷追跡,ops,,SHP-153520-002,2026-07-01 10:07:41.015003+00:00,2026-07-01 10:08:39.889666+00:00,1,M1-N-2,2,,False,False,58.874663
ses_20260701-100550-Marcos,D,社保・年金補正対応,hr,,SI-153520-001,2026-07-01 10:08:39.890333+00:00,2026-07-01 10:09:37.032875+00:00,1,M1-D-1,1,,False,False,57.142542
ses_20260701-100550-Marcos,G,経費精算承認,finance,reg,EXP-153520-002,2026-07-01 10:09:37.033874+00:00,2026-07-01 10:09:57.152104+00:00,1,M1-G-2,2,,False,False,20.11823
ses_20260701-100550-Marcos,N,出荷追跡,ops,,SHP-153520-003,2026-07-01 10:09:57.153419+00:00,2026-07-01 10:12:01.574666+00:00,1,M1-N-3,3,,False,False,124.421247
ses_20260701-100550-Marcos,D,社保・年金補正対応,hr,,SI-153520-002,2026-07-01 10:12:01.576221+00:00,2026-07-01 10:13:13.598070+00:00,1,M1-D-2,2,,False,False,72.021849
ses_20260701-100550-Marcos,G,経費精算承認,finance,reg,EXP-153520-003,2026-07-01 10:13:13.599535+00:00,2026-07-01 10:13:37.670609+00:00,1,M1-G-3,3,,True,True,24.071074
ses_20260701-100550-Marcos,J,支払処理,finance,,PM-153520-001,2026-07-01 10:13:37.671347+00:00,,1,M1-J-1,1,,False,False,
ses_20260701-100550-Marcos,J,支払処理,finance,,PM-153520-002,2026-07-01 10:14:19.777328+00:00,2026-07-01 10:15:00.274778+00:00,1,M1-J-2,2,,False,False,40.49745
ses_20260701-100550-Marcos,O,返品処理,ops,,RET-153520-001,2026-07-01 10:15:00.275859+00:00,2026-07-01 10:15:49.265924+00:00,1,M1-O-1,1,,False,False,48.990065
ses_20260701-100550-Marcos,F,請求書承認,finance,std,INV-153520-001,2026-07-01 10:15:49.266747+00:00,2026-07-01 10:16:15.091911+00:00,1,M1-F-1,1,,False,False,25.825164
ses_20260701-100550-Marcos,L,在庫調整,ops,reg,STK-153520-001,2026-07-01 10:16:15.092871+00:00,2026-07-01 10:17:16.093159+00:00,1,M1-L-1,1,,False,False,61.000288
ses_20260701-100550-Marcos,D,社保・年金補正対応,hr,,SI-153520-003,2026-07-01 10:17:16.094033+00:00,2026-07-01 10:18:10.010819+00:00,1,M1-D-3,3,,False,False,53.916786
ses_20260701-100550-Marcos,G,経費精算承認,finance,adj,EXP-153520-004,2026-07-01 10:18:10.011580+00:00,2026-07-01 10:18:38.944360+00:00,1,M1-G-4,4,,False,False,28.93278
ses_20260701-100550-Marcos,F,請求書承認,finance,std,INV-153520-002,2026-07-01 10:18:38.945337+00:00,2026-07-01 10:19:00.274173+00:00,1,M1-F-2,2,,False,False,21.328836
ses_20260701-100550-Marcos,A,住民税通知確認,hr,std,RT-153520-001,2026-07-01 10:19:02.154317+00:00,2026-07-01 10:19:31.792405+00:00,1,M1-A-1,1,,False,False,29.638088
ses_20260701-100550-Marcos,L,在庫調整,ops,reg,STK-153520-002,2026-07-01 10:19:31.793422+00:00,2026-07-01 10:19:51.204200+00:00,1,M1-L-2,2,,False,False,19.410778
ses_20260701-100550-Marcos,A,住民税通知確認,hr,std,RT-153520-002,2026-07-01 10:20:38.335370+00:00,2026-07-01 10:21:03.037313+00:00,1,M1-A-2,2,,False,False,24.701943
ses_20260701-100550-Marcos,F,請求書承認,finance,std,INV-153520-003,2026-07-01 10:21:03.038416+00:00,,2,M1-F-3,3,M1-F-split-1,False,False,
ses_20260701-100550-Marcos,F,請求書承認,finance,exc,INV-153520-004,2026-07-01 10:21:32.451310+00:00,2026-07-01 10:22:00.376977+00:00,2,M1-F-4,4,M1-F-split-1,False,False,27.925667
ses_20260701-100550-Marcos,A,住民税通知確認,hr,std,RT-153520-003,2026-07-01 10:22:00.378326+00:00,2026-07-01 10:22:27.163904+00:00,1,M1-A-3,3,,False,False,26.785578
ses_20260701-100550-Marcos,L,在庫調整,ops,reg,STK-153520-003,2026-07-01 10:22:27.165113+00:00,2026-07-01 10:23:26.138880+00:00,2,M1-L-3,3,M1-L-split-1,False,False,58.973767
ses_20260701-100550-Marcos,A,住民税通知確認,hr,exc,RT-153520-004,2026-07-01 10:23:26.139953+00:00,2026-07-01 10:23:54.974143+00:00,1,M1-A-4,4,,False,False,28.83419
ses_20260701-100550-Marcos,I,予算差異分析,finance,,BV-153520-001,2026-07-01 10:23:54.975394+00:00,2026-07-01 10:25:21.177031+00:00,1,M1-I-1,1,,False,False,86.201637
ses_20260701-100550-Marcos,A,住民税通知確認,hr,exc,RT-153520-005,2026-07-01 10:25:21.177860+00:00,2026-07-01 10:25:54.635878+00:00,1,M1-A-5,5,,False,False,33.458018
ses_20260701-100550-Marcos,L,在庫調整,ops,adj,STK-153520-004,2026-07-01 10:25:54.636743+00:00,2026-07-01 10:27:04.436736+00:00,2,M1-L-4,4,M1-L-split-1,False,False,69.799993
ses_20260701-100550-Marcos,I,予算差異分析,finance,,BV-153520-002,2026-07-01 10:27:04.437818+00:00,2026-07-01 10:28:21.616082+00:00,1,M1-I-2,2,,False,False,77.178264
ses_20260701-100550-Marcos,J,支払処理,finance,,PM-153520-003,2026-07-01 10:28:21.616780+00:00,2026-07-01 10:29:03.846533+00:00,1,M1-J-3,3,,False,False,42.229753
ses_20260701-100550-Marcos,I,予算差異分析,finance,,BV-153520-003,2026-07-01 10:29:03.847788+00:00,2026-07-01 10:30:17.853308+00:00,1,M1-I-3,3,,False,False,74.00552
ses_20260701-100550-Marcos,E,入社照合・手当確認,hr,,OB-153520-001,2026-07-01 10:30:17.854171+00:00,,1,M1-E-1,1,,False,False,
ses_20260701-100550-Marcos,E,入社照合・手当確認,hr,,OB-153520-002,2026-07-01 10:30:41.451560+00:00,2026-07-01 10:31:07.187719+00:00,1,M1-E-2,2,,False,False,25.736159
ses_20260701-100550-Marcos,O,返品処理,ops,,RET-153520-002,2026-07-01 10:31:07.188681+00:00,,1,M1-O-2,2,,False,False,
ses_20260701-100550-Marcos,O,返品処理,ops,,RET-153520-003,2026-07-01 10:31:48.332603+00:00,2026-07-01 10:32:17.052169+00:00,1,M1-O-3,3,,False,False,28.719566
ses_20260701-100550-Marcos,E,入社照合・手当確認,hr,,OB-153520-003,2026-07-01 10:32:17.052978+00:00,2026-07-01 10:33:12.235756+00:00,1,M1-E-3,3,,False,False,55.182778
ses_20260701-103521-LAPTOP-0IM1OHQH,A,住民税通知確認,hr,std,RT-160443-001,2026-07-01 10:35:40.686024+00:00,2026-07-01 10:36:07.049751+00:00,1,M1-A-1,1,,True,True,26.363727
ses_20260701-103521-LAPTOP-0IM1OHQH,H,銀行勘定照合,finance,,BR-160443-001,2026-07-01 10:36:07.053398+00:00,,1,M1-H-1,1,,False,False,
ses_20260701-103521-LAPTOP-0IM1OHQH,H,銀行勘定照合,finance,,BR-160443-002,2026-07-01 10:36:31.646092+00:00,2026-07-01 10:36:55.599623+00:00,1,M1-H-2,2,,False,False,23.953531
ses_20260701-103521-LAPTOP-0IM1OHQH,L,在庫調整,ops,reg,STK-160443-001,2026-07-01 10:36:55.602744+00:00,2026-07-01 10:37:20.843423+00:00,1,M1-L-1,1,,False,False,25.240679
ses_20260701-103521-LAPTOP-0IM1OHQH,C,育児・産休申請確認,hr,,LA-160443-001,2026-07-01 10:37:20.846667+00:00,2026-07-01 10:38:16.249775+00:00,1,M1-C-1,1,,False,False,55.403108
ses_20260701-103521-LAPTOP-0IM1OHQH,M,仕入先連絡,ops,,SUP-160443-001,2026-07-01 10:38:16.252684+00:00,2026-07-01 10:39:01.868834+00:00,1,M1-M-1,1,,False,False,45.61615
ses_20260701-103521-LAPTOP-0IM1OHQH,C,育児・産休申請確認,hr,,LA-160443-002,2026-07-01 10:39:01.872263+00:00,2026-07-01 10:39:51.476011+00:00,1,M1-C-2,2,,False,False,49.603748
ses_20260701-103521-LAPTOP-0IM1OHQH,G,経費精算承認,finance,reg,EXP-160443-001,2026-07-01 10:39:51.478996+00:00,2026-07-01 10:40:15.592602+00:00,1,M1-G-1,1,,False,False,24.113606
ses_20260701-103521-LAPTOP-0IM1OHQH,M,仕入先連絡,ops,,SUP-160443-002,2026-07-01 10:40:15.596249+00:00,2026-07-01 10:41:08.080128+00:00,1,M1-M-2,2,,False,False,52.483879
ses_20260701-103521-LAPTOP-0IM1OHQH,A,住民税通知確認,hr,std,RT-160443-002,2026-07-01 10:41:08.083303+00:00,2026-07-01 10:41:36.073483+00:00,1,M1-A-2,2,,False,False,27.99018
ses_20260701-103521-LAPTOP-0IM1OHQH,L,在庫調整,ops,reg,STK-160443-002,2026-07-01 10:41:37.634020+00:00,,1,M1-L-2,2,,False,False,
ses_20260701-103521-LAPTOP-0IM1OHQH,L,在庫調整,ops,reg,STK-160443-003,2026-07-01 10:42:05.536046+00:00,2026-07-01 10:42:28.425853+00:00,1,M1-L-3,3,,False,False,22.889807
ses_20260701-103521-LAPTOP-0IM1OHQH,C,育児・産休申請確認,hr,,LA-160443-003,2026-07-01 10:42:28.428900+00:00,2026-07-01 10:43:18.997453+00:00,1,M1-C-3,3,,False,False,50.568553
ses_20260701-103521-LAPTOP-0IM1OHQH,O,返品処理,ops,,RET-160443-001,2026-07-01 10:43:19.000869+00:00,2026-07-01 10:43:43.898243+00:00,1,M1-O-1,1,,False,False,24.897374
ses_20260701-103521-LAPTOP-0IM1OHQH,M,仕入先連絡,ops,,SUP-160443-003,2026-07-01 10:43:43.901267+00:00,2026-07-01 10:44:44.487114+00:00,1,M1-M-3,3,,False,False,60.585847
ses_20260701-103521-LAPTOP-0IM1OHQH,A,住民税通知確認,hr,std,RT-160443-003,2026-07-01 10:44:44.490515+00:00,2026-07-01 10:45:10.459380+00:00,2,M1-A-3,3,M1-A-split-1,False,False,25.968865
ses_20260701-103521-LAPTOP-0IM1OHQH,E,入社照合・手当確認,hr,,OB-160443-001,2026-07-01 10:45:10.462560+00:00,2026-07-01 10:45:35.517317+00:00,1,M1-E-1,1,,False,False,25.054757
ses_20260701-103521-LAPTOP-0IM1OHQH,M,仕入先連絡,ops,,SUP-160443-004,2026-07-01 10:45:35.521366+00:00,2026-07-01 10:46:25.189012+00:00,1,M1-M-4,4,,False,False,49.667646
ses_20260701-103521-LAPTOP-0IM1OHQH,E,入社照合・手当確認,hr,,OB-160443-002,2026-07-01 10:46:25.192316+00:00,,1,M1-E-2,2,,False,False,
ses_20260701-103521-LAPTOP-0IM1OHQH,E,入社照合・手当確認,hr,,OB-160443-003,2026-07-01 10:47:14.591211+00:00,2026-07-01 10:47:38.018035+00:00,1,M1-E-3,3,,False,False,23.426824
ses_20260701-103521-LAPTOP-0IM1OHQH,J,支払処理,finance,,PM-160443-001,2026-07-01 10:47:38.021283+00:00,2026-07-01 10:48:33.056624+00:00,1,M1-J-1,1,,False,False,55.035341
ses_20260701-103521-LAPTOP-0IM1OHQH,A,住民税通知確認,hr,exc,RT-160443-004,2026-07-01 10:48:33.060382+00:00,2026-07-01 10:49:02.697501+00:00,2,M1-A-4,4,M1-A-split-1,False,False,29.637119
ses_20260701-103521-LAPTOP-0IM1OHQH,G,経費精算承認,finance,reg,EXP-160443-002,2026-07-01 10:49:02.701452+00:00,,1,M1-G-2,2,,False,False,
ses_20260701-103521-LAPTOP-0IM1OHQH,G,経費精算承認,finance,reg,EXP-160443-003,2026-07-01 10:49:22.619714+00:00,,1,M1-G-3,3,,False,False,
ses_20260701-103521-LAPTOP-0IM1OHQH,G,経費精算承認,finance,adj,EXP-160443-004,2026-07-01 10:49:44.359426+00:00,2026-07-01 10:50:06.957437+00:00,1,M1-G-4,4,,False,False,22.598011
ses_20260701-103521-LAPTOP-0IM1OHQH,A,住民税通知確認,hr,exc,RT-160443-005,2026-07-01 10:50:06.961590+00:00,2026-07-01 10:51:54.301463+00:00,2,M1-A-5,5,M1-A-split-1,False,False,107.339873
ses_20260701-103521-LAPTOP-0IM1OHQH,H,銀行勘定照合,finance,,BR-160443-003,2026-07-01 10:51:54.305440+00:00,,1,M1-H-3,3,,False,False,
ses_20260701-103521-LAPTOP-0IM1OHQH,H,銀行勘定照合,finance,,BR-160443-004,2026-07-01 10:52:23.078688+00:00,2026-07-01 10:52:49.778585+00:00,1,M1-H-4,4,,False,False,26.699897
ses_20260701-103521-LAPTOP-0IM1OHQH,O,返品処理,ops,,RET-160443-002,2026-07-01 10:52:49.782512+00:00,,1,M1-O-2,2,,False,False,
ses_20260701-103521-LAPTOP-0IM1OHQH,O,返品処理,ops,,RET-160443-003,2026-07-01 10:53:23.610644+00:00,2026-07-01 10:54:12.163482+00:00,1,M1-O-3,3,,False,False,48.552838
ses_20260701-103521-LAPTOP-0IM1OHQH,J,支払処理,finance,,PM-160443-002,2026-07-01 10:54:12.167286+00:00,,1,M1-J-2,2,,False,False,
ses_20260701-103521-LAPTOP-0IM1OHQH,J,支払処理,finance,,PM-160443-003,2026-07-01 10:55:01.408165+00:00,2026-07-01 10:55:39.323293+00:00,1,M1-J-3,3,,False,False,37.915128
ses_20260701-103853-Marcos,K,受注処理,ops,std,ORD-160804-001,2026-07-01 10:39:22.706110+00:00,2026-07-01 10:40:20.042905+00:00,1,M1-K-1,1,,False,False,57.336795
ses_20260701-103853-Marcos,H,銀行勘定照合,finance,,BR-160804-001,2026-07-01 10:40:20.044109+00:00,2026-07-01 10:40:48.922702+00:00,1,M1-H-1,1,,False,False,28.878593
ses_20260701-103853-Marcos,G,経費精算承認,finance,reg,EXP-160804-001,2026-07-01 10:40:48.923446+00:00,2026-07-01 10:41:07.033234+00:00,1,M1-G-1,1,,False,False,18.109788
ses_20260701-103853-Marcos,C,育児・産休申請確認,hr,,LA-160804-001,2026-07-01 10:41:07.034815+00:00,2026-07-01 10:41:42.127996+00:00,1,M1-C-1,1,,False,False,35.093181
ses_20260701-103853-Marcos,B,給与備考・控除整備,hr,reg,PI-160804-001,2026-07-01 10:41:42.129592+00:00,2026-07-01 10:42:43.849864+00:00,1,M1-B-1,1,,False,False,61.720272
ses_20260701-103853-Marcos,G,経費精算承認,finance,reg,EXP-160804-002,2026-07-01 10:42:43.851267+00:00,2026-07-01 10:43:08.163733+00:00,1,M1-G-2,2,,False,False,24.312466
ses_20260701-103853-Marcos,K,受注処理,ops,std,ORD-160804-002,2026-07-01 10:43:08.164800+00:00,2026-07-01 10:43:35.655695+00:00,1,M1-K-2,2,,False,False,27.490895
ses_20260701-103853-Marcos,M,仕入先連絡,ops,,SUP-160804-001,2026-07-01 10:43:37.329613+00:00,2026-07-01 10:44:12.380343+00:00,1,M1-M-1,1,,False,False,35.05073
ses_20260701-103853-Marcos,G,経費精算承認,finance,reg,EXP-160804-003,2026-07-01 10:44:12.381227+00:00,2026-07-01 10:44:33.116748+00:00,1,M1-G-3,3,,False,False,20.735521
ses_20260701-103853-Marcos,B,給与備考・控除整備,hr,reg,PI-160804-002,2026-07-01 10:44:33.118175+00:00,2026-07-01 10:44:56.793019+00:00,1,M1-B-2,2,,False,False,23.674844
ses_20260701-103853-Marcos,M,仕入先連絡,ops,,SUP-160804-002,2026-07-01 10:45:29.795962+00:00,2026-07-01 10:46:04.786996+00:00,1,M1-M-2,2,,False,False,34.991034
ses_20260701-103853-Marcos,C,育児・産休申請確認,hr,,LA-160804-002,2026-07-01 10:46:04.788077+00:00,2026-07-01 10:46:40.300147+00:00,1,M1-C-2,2,,True,True,35.51207
ses_20260701-103853-Marcos,O,返品処理,ops,,RET-160804-001,2026-07-01 10:46:40.301531+00:00,2026-07-01 10:47:05.081010+00:00,1,M1-O-1,1,,False,False,24.779479
ses_20260701-103853-Marcos,M,仕入先連絡,ops,,SUP-160804-003,2026-07-01 10:47:05.081921+00:00,2026-07-01 10:47:37.755489+00:00,1,M1-M-3,3,,False,False,32.673568
ses_20260701-103853-Marcos,G,経費精算承認,finance,adj,EXP-160804-004,2026-07-01 10:47:37.756504+00:00,2026-07-01 10:48:02.975566+00:00,1,M1-G-4,4,,False,False,25.219062
ses_20260701-103853-Marcos,M,仕入先連絡,ops,,SUP-160804-004,2026-07-01 10:48:02.976725+00:00,2026-07-01 10:50:07.985016+00:00,1,M1-M-4,4,,False,False,125.008291
ses_20260701-103853-Marcos,K,受注処理,ops,std,ORD-160804-003,2026-07-01 10:50:07.985850+00:00,2026-07-01 10:50:34.023372+00:00,2,M1-K-3,3,M1-K-split-1,False,False,26.037522
ses_20260701-103853-Marcos,H,銀行勘定照合,finance,,BR-160804-002,2026-07-01 10:50:34.024397+00:00,,1,M1-H-2,2,,False,False,
ses_20260701-103853-Marcos,H,銀行勘定照合,finance,,BR-160804-003,2026-07-01 10:51:13.129693+00:00,2026-07-01 10:51:35.509373+00:00,1,M1-H-3,3,,False,False,22.37968
ses_20260701-103853-Marcos,B,給与備考・控除整備,hr,reg,PI-160804-003,2026-07-01 10:51:35.510546+00:00,,2,M1-B-3,3,M1-B-split-1,False,False,
ses_20260701-103853-Marcos,B,給与備考・控除整備,hr,adj,PI-160804-004,2026-07-01 10:52:53.002346+00:00,2026-07-01 10:54:09.100854+00:00,2,M1-B-4,4,M1-B-split-1,False,False,76.098508
ses_20260701-103853-Marcos,O,返品処理,ops,,RET-160804-002,2026-07-01 10:54:09.101560+00:00,2026-07-01 10:54:36.539842+00:00,1,M1-O-2,2,,False,False,27.438282
ses_20260701-103853-Marcos,F,請求書承認,finance,std,INV-160804-001,2026-07-01 10:54:36.540760+00:00,2026-07-01 10:54:59.508978+00:00,1,M1-F-1,1,,False,False,22.968218
ses_20260701-103853-Marcos,C,育児・産休申請確認,hr,,LA-160804-003,2026-07-01 10:54:59.510501+00:00,2026-07-01 10:55:36.192514+00:00,1,M1-C-3,3,,False,False,36.682013
ses_20260701-103853-Marcos,K,受注処理,ops,exc,ORD-160804-004,2026-07-01 10:55:36.193953+00:00,2026-07-01 10:55:59.924066+00:00,2,M1-K-4,4,M1-K-split-1,False,False,23.730113
ses_20260701-103853-Marcos,F,請求書承認,finance,std,INV-160804-002,2026-07-01 10:55:59.924923+00:00,,1,M1-F-2,2,,False,False,
ses_20260701-103853-Marcos,F,請求書承認,finance,std,INV-160804-003,2026-07-01 10:56:24.220030+00:00,2026-07-01 10:56:48.129100+00:00,1,M1-F-3,3,,False,False,23.90907
ses_20260701-103853-Marcos,J,支払処理,finance,,PM-160804-001,2026-07-01 10:56:48.130219+00:00,2026-07-01 10:57:28.119321+00:00,1,M1-J-1,1,,False,False,39.989102
ses_20260701-103853-Marcos,F,請求書承認,finance,exc,INV-160804-004,2026-07-01 10:57:28.120520+00:00,2026-07-01 10:57:50.802099+00:00,1,M1-F-4,4,,False,False,22.681579
ses_20260701-103853-Marcos,O,返品処理,ops,,RET-160804-003,2026-07-01 10:57:50.803467+00:00,2026-07-01 10:58:20.443646+00:00,1,M1-O-3,3,,False,False,29.640179
ses_20260701-103853-Marcos,J,支払処理,finance,,PM-160804-002,2026-07-01 10:58:20.444512+00:00,,1,M1-J-2,2,,False,False,
ses_20260701-103853-Marcos,J,支払処理,finance,,PM-160804-003,2026-07-01 10:59:08.123646+00:00,2026-07-01 11:00:07.129146+00:00,1,M1-J-3,3,,False,False,59.0055
ses_20260701-110548-LAPTOP-0IM1OHQH,L,在庫調整,ops,reg,STK-163510-001,2026-07-01 11:06:06.619754+00:00,2026-07-01 11:07:07.629940+00:00,1,M1-L-1,1,,False,False,61.010186
ses_20260701-110548-LAPTOP-0IM1OHQH,B,給与備考・控除整備,hr,reg,PI-163510-001,2026-07-01 11:07:07.632636+00:00,2026-07-01 11:07:34.934702+00:00,1,M1-B-1,1,,False,False,27.302066
ses_20260701-110548-LAPTOP-0IM1OHQH,G,経費精算承認,finance,reg,EXP-163510-001,2026-07-01 11:07:34.937479+00:00,2026-07-01 11:08:01.519179+00:00,1,M1-G-1,1,,False,False,26.5817
ses_20260701-110548-LAPTOP-0IM1OHQH,I,予算差異分析,finance,,BV-163510-001,2026-07-01 11:08:01.521937+00:00,2026-07-01 11:09:22.634524+00:00,1,M1-I-1,1,,False,False,81.112587
ses_20260701-110548-LAPTOP-0IM1OHQH,L,在庫調整,ops,reg,STK-163510-002,2026-07-01 11:09:22.637224+00:00,2026-07-01 11:09:42.875388+00:00,1,M1-L-2,2,,False,False,20.238164
ses_20260701-110548-LAPTOP-0IM1OHQH,E,入社照合・手当確認,hr,,OB-163510-001,2026-07-01 11:10:11.958190+00:00,2026-07-01 11:10:38.123129+00:00,1,M1-E-1,1,,False,False,26.164939
ses_20260701-110548-LAPTOP-0IM1OHQH,J,支払処理,finance,,PM-163510-001,2026-07-01 11:10:38.143456+00:00,2026-07-01 11:11:20.009297+00:00,1,M1-J-1,1,,False,False,41.865841
ses_20260701-110548-LAPTOP-0IM1OHQH,H,銀行勘定照合,finance,,BR-163510-001,2026-07-01 11:11:20.025594+00:00,2026-07-01 11:11:48.425188+00:00,1,M1-H-1,1,,False,False,28.399594
ses_20260701-110548-LAPTOP-0IM1OHQH,E,入社照合・手当確認,hr,,OB-163510-002,2026-07-01 11:11:48.427475+00:00,2026-07-01 11:12:19.517508+00:00,1,M1-E-2,2,,False,False,31.090033
ses_20260701-110548-LAPTOP-0IM1OHQH,I,予算差異分析,finance,,BV-163510-002,2026-07-01 11:12:19.519353+00:00,2026-07-01 11:13:43.279549+00:00,1,M1-I-2,2,,True,True,83.760196
ses_20260701-110548-LAPTOP-0IM1OHQH,L,在庫調整,ops,reg,STK-163510-003,2026-07-01 11:13:43.282257+00:00,2026-07-01 11:14:31.000688+00:00,2,M1-L-3,3,M1-L-split-1,False,False,47.718431
ses_20260701-110548-LAPTOP-0IM1OHQH,G,経費精算承認,finance,reg,EXP-163510-002,2026-07-01 11:14:31.003149+00:00,2026-07-01 11:14:54.112956+00:00,1,M1-G-2,2,,False,False,23.109807
ses_20260701-110548-LAPTOP-0IM1OHQH,L,在庫調整,ops,adj,STK-163510-004,2026-07-01 11:14:54.115384+00:00,2026-07-01 11:15:52.394353+00:00,2,M1-L-4,4,M1-L-split-1,False,False,58.278969
ses_20260701-110548-LAPTOP-0IM1OHQH,G,経費精算承認,finance,reg,EXP-163510-003,2026-07-01 11:15:52.411178+00:00,2026-07-01 11:16:34.022271+00:00,1,M1-G-3,3,,False,False,41.611093
ses_20260701-110548-LAPTOP-0IM1OHQH,B,給与備考・控除整備,hr,reg,PI-163510-002,2026-07-01 11:16:34.025345+00:00,2026-07-01 11:17:10.833997+00:00,1,M1-B-2,2,,False,False,36.808652
ses_20260701-110548-LAPTOP-0IM1OHQH,I,予算差異分析,finance,,BV-163510-003,2026-07-01 11:17:10.837148+00:00,2026-07-01 11:19:54.752871+00:00,1,M1-I-3,3,,False,False,163.915723
ses_20260701-110548-LAPTOP-0IM1OHQH,B,給与備考・控除整備,hr,reg,PI-163510-003,2026-07-01 11:19:54.771428+00:00,2026-07-01 11:20:15.494899+00:00,1,M1-B-3,3,,False,False,20.723471
ses_20260701-110548-LAPTOP-0IM1OHQH,J,支払処理,finance,,PM-163510-002,2026-07-01 11:20:15.497943+00:00,2026-07-01 11:21:08.477675+00:00,1,M1-J-2,2,,False,False,52.979732
ses_20260701-110548-LAPTOP-0IM1OHQH,N,出荷追跡,ops,,SHP-163510-001,2026-07-01 11:21:08.493871+00:00,,1,M1-N-1,1,,False,False,
ses_20260701-110548-LAPTOP-0IM1OHQH,N,出荷追跡,ops,,SHP-163510-002,2026-07-01 11:21:59.712640+00:00,,1,M1-N-2,2,,False,False,
ses_20260701-110548-LAPTOP-0IM1OHQH,N,出荷追跡,ops,,SHP-163510-003,2026-07-01 11:22:52.680610+00:00,2026-07-01 11:23:39.380067+00:00,1,M1-N-3,3,,False,False,46.699457
ses_20260701-110548-LAPTOP-0IM1OHQH,E,入社照合・手当確認,hr,,OB-163510-003,2026-07-01 11:23:39.382453+00:00,2026-07-01 11:24:05.649323+00:00,1,M1-E-3,3,,False,False,26.26687
ses_20260701-110548-LAPTOP-0IM1OHQH,H,銀行勘定照合,finance,,BR-163510-002,2026-07-01 11:24:05.651981+00:00,2026-07-01 11:24:37.095935+00:00,1,M1-H-2,2,,False,False,31.443954
ses_20260701-110548-LAPTOP-0IM1OHQH,G,経費精算承認,finance,adj,EXP-163510-004,2026-07-01 11:24:37.098249+00:00,2026-07-01 11:24:58.856300+00:00,1,M1-G-4,4,,False,False,21.758051
ses_20260701-110548-LAPTOP-0IM1OHQH,H,銀行勘定照合,finance,,BR-163510-003,2026-07-01 11:24:58.859099+00:00,2026-07-01 11:25:25.528890+00:00,1,M1-H-3,3,,False,False,26.669791
ses_20260701-110548-LAPTOP-0IM1OHQH,J,支払処理,finance,,PM-163510-003,2026-07-01 11:25:25.531839+00:00,2026-07-01 11:25:48.751326+00:00,1,M1-J-3,3,,False,False,23.219487
ses_20260701-110548-LAPTOP-0IM1OHQH,H,銀行勘定照合,finance,,BR-163510-004,2026-07-01 11:25:48.754693+00:00,2026-07-01 11:26:23.949073+00:00,1,M1-H-4,4,,False,False,35.19438
ses_20260701-110917-Marcos,G,経費精算承認,finance,reg,EXP-163846-001,2026-07-01 11:09:46.110640+00:00,2026-07-01 11:10:09.924443+00:00,1,M1-G-1,1,,False,False,23.813803
ses_20260701-110917-Marcos,M,仕入先連絡,ops,,SUP-163846-001,2026-07-01 11:10:09.925225+00:00,2026-07-01 11:11:04.175266+00:00,1,M1-M-1,1,,False,False,54.250041
ses_20260701-110917-Marcos,L,在庫調整,ops,reg,STK-163846-001,2026-07-01 11:11:04.176448+00:00,2026-07-01 11:11:27.980713+00:00,1,M1-L-1,1,,False,False,23.804265
ses_20260701-110917-Marcos,H,銀行勘定照合,finance,,BR-163846-001,2026-07-01 11:11:27.981535+00:00,2026-07-01 11:11:55.055805+00:00,1,M1-H-1,1,,False,False,27.07427
ses_20260701-110917-Marcos,E,入社照合・手当確認,hr,,OB-163846-001,2026-07-01 11:11:55.057125+00:00,2026-07-01 11:12:23.800812+00:00,1,M1-E-1,1,,False,False,28.743687
ses_20260701-110917-Marcos,L,在庫調整,ops,reg,STK-163846-002,2026-07-01 11:12:23.801706+00:00,2026-07-01 11:12:46.734062+00:00,1,M1-L-2,2,,False,False,22.932356
ses_20260701-110917-Marcos,O,返品処理,ops,,RET-163846-001,2026-07-01 11:12:46.735291+00:00,2026-07-01 11:13:16.124430+00:00,1,M1-O-1,1,,False,False,29.389139
ses_20260701-110917-Marcos,L,在庫調整,ops,reg,STK-163846-003,2026-07-01 11:13:16.125421+00:00,2026-07-01 11:14:46.168545+00:00,1,M1-L-3,3,,False,False,90.043124
ses_20260701-110917-Marcos,H,銀行勘定照合,finance,,BR-163846-002,2026-07-01 11:14:46.169517+00:00,,1,M1-H-2,2,,False,False,
ses_20260701-110917-Marcos,H,銀行勘定照合,finance,,BR-163846-003,2026-07-01 11:15:13.651487+00:00,2026-07-01 11:15:47.524119+00:00,1,M1-H-3,3,,False,False,33.872632
ses_20260701-110917-Marcos,I,予算差異分析,finance,,BV-163846-001,2026-07-01 11:15:47.525024+00:00,2026-07-01 11:17:16.160273+00:00,1,M1-I-1,1,,False,False,88.635249
ses_20260701-110917-Marcos,L,在庫調整,ops,adj,STK-163846-004,2026-07-01 11:17:16.161169+00:00,2026-07-01 11:17:41.045378+00:00,1,M1-L-4,4,,False,False,24.884209
ses_20260701-110917-Marcos,G,経費精算承認,finance,reg,EXP-163846-002,2026-07-01 11:17:41.046696+00:00,2026-07-01 11:18:04.831631+00:00,1,M1-G-2,2,,False,False,23.784935
ses_20260701-110917-Marcos,J,支払処理,finance,,PM-163846-001,2026-07-01 11:18:04.832870+00:00,,1,M1-J-1,1,,False,False,
ses_20260701-110917-Marcos,J,支払処理,finance,,PM-163846-002,2026-07-01 11:18:45.074613+00:00,2026-07-01 11:19:27.314254+00:00,1,M1-J-2,2,,False,False,42.239641
ses_20260701-110917-Marcos,O,返品処理,ops,,RET-163846-002,2026-07-01 11:19:27.315651+00:00,2026-07-01 11:19:56.425741+00:00,1,M1-O-2,2,,False,False,29.11009
ses_20260701-110917-Marcos,M,仕入先連絡,ops,,SUP-163846-002,2026-07-01 11:19:56.426466+00:00,2026-07-01 11:20:36.329711+00:00,1,M1-M-2,2,,False,False,39.903245
ses_20260701-110917-Marcos,G,経費精算承認,finance,reg,EXP-163846-003,2026-07-01 11:20:36.330664+00:00,2026-07-01 11:21:00.283067+00:00,1,M1-G-3,3,,False,False,23.952403
ses_20260701-110917-Marcos,F,請求書承認,finance,std,INV-163846-001,2026-07-01 11:21:00.283775+00:00,2026-07-01 11:23:44.730763+00:00,1,M1-F-1,1,,True,True,164.446988
ses_20260701-110917-Marcos,M,仕入先連絡,ops,,SUP-163846-003,2026-07-01 11:23:44.732167+00:00,2026-07-01 11:24:48.440379+00:00,1,M1-M-3,3,,False,False,63.708212
ses_20260701-110917-Marcos,J,支払処理,finance,,PM-163846-003,2026-07-01 11:24:48.441540+00:00,2026-07-01 11:25:12.475190+00:00,1,M1-J-3,3,,False,False,24.03365
ses_20260701-110917-Marcos,F,請求書承認,finance,std,INV-163846-002,2026-07-01 11:25:12.476124+00:00,2026-07-01 11:25:36.977886+00:00,1,M1-F-2,2,,False,False,24.501762
ses_20260701-110917-Marcos,I,予算差異分析,finance,,BV-163846-002,2026-07-01 11:26:23.511123+00:00,,1,M1-I-2,2,,False,False,
ses_20260701-110917-Marcos,I,予算差異分析,finance,,BV-163846-003,2026-07-01 11:27:42.725627+00:00,2026-07-01 11:29:34.727051+00:00,1,M1-I-3,3,,False,False,112.001424
ses_20260701-110917-Marcos,E,入社照合・手当確認,hr,,OB-163846-002,2026-07-01 11:29:34.728211+00:00,2026-07-01 11:29:59.993758+00:00,1,M1-E-2,2,,False,False,25.265547
ses_20260701-110917-Marcos,F,請求書承認,finance,std,INV-163846-003,2026-07-01 11:29:59.994924+00:00,2026-07-01 11:31:09.843513+00:00,2,M1-F-3,3,M1-F-split-1,False,False,69.848589
ses_20260701-110917-Marcos,E,入社照合・手当確認,hr,,OB-163846-003,2026-07-01 11:31:09.844835+00:00,2026-07-01 11:31:38.661396+00:00,1,M1-E-3,3,,False,False,28.816561
ses_20260701-110917-Marcos,F,請求書承認,finance,exc,INV-163846-004,2026-07-01 11:31:38.662627+00:00,2026-07-01 11:32:56.209658+00:00,2,M1-F-4,4,M1-F-split-1,False,False,77.547031
ses_20260701-110917-Marcos,M,仕入先連絡,ops,,SUP-163846-004,2026-07-01 11:32:56.210678+00:00,2026-07-01 11:33:33.512481+00:00,1,M1-M-4,4,,False,False,37.301803
ses_20260701-110917-Marcos,O,返品処理,ops,,RET-163846-003,2026-07-01 11:33:33.513252+00:00,2026-07-01 11:34:06.488454+00:00,1,M1-O-3,3,,False,False,32.975202
ses_20260701-115141-SIDDHIGUPTAB00B,A,住民税通知確認,hr,std,RT-172137-001,2026-07-01 11:52:38.558074+00:00,2026-07-01 11:53:07.779103+00:00,1,M1-A-1,1,,False,False,29.221029
ses_20260701-115141-SIDDHIGUPTAB00B,B,給与備考・控除整備,hr,reg,PI-172137-001,2026-07-01 11:53:07.780559+00:00,2026-07-01 11:53:31.132191+00:00,1,M1-B-1,1,,False,False,23.351632
ses_20260701-115141-SIDDHIGUPTAB00B,A,住民税通知確認,hr,std,RT-172137-002,2026-07-01 11:53:31.133515+00:00,2026-07-01 11:53:59.616657+00:00,1,M1-A-2,2,,False,False,28.483142
ses_20260701-115141-SIDDHIGUPTAB00B,I,予算差異分析,finance,,BV-172137-001,2026-07-01 11:53:59.618251+00:00,2026-07-01 11:55:30.100550+00:00,1,M1-I-1,1,,False,False,90.482299
ses_20260701-115141-SIDDHIGUPTAB00B,K,受注処理,ops,std,ORD-172137-001,2026-07-01 11:55:30.101645+00:00,2026-07-01 11:55:59.169228+00:00,1,M1-K-1,1,,True,True,29.067583
ses_20260701-115141-SIDDHIGUPTAB00B,I,予算差異分析,finance,,BV-172137-002,2026-07-01 11:55:59.169848+00:00,2026-07-01 11:57:08.129915+00:00,1,M1-I-2,2,,False,False,68.960067
ses_20260701-115141-SIDDHIGUPTAB00B,B,給与備考・控除整備,hr,reg,PI-172137-002,2026-07-01 11:57:08.132647+00:00,,1,M1-B-2,2,,False,False,
ses_20260701-115141-SIDDHIGUPTAB00B,B,給与備考・控除整備,hr,reg,PI-172137-003,2026-07-01 11:57:32.392588+00:00,2026-07-01 11:57:51.127653+00:00,1,M1-B-3,3,,False,False,18.735065
ses_20260701-115141-SIDDHIGUPTAB00B,J,支払処理,finance,,PM-172137-001,2026-07-01 11:57:51.130038+00:00,2026-07-01 11:58:35.360539+00:00,1,M1-J-1,1,,False,False,44.230501
ses_20260701-115141-SIDDHIGUPTAB00B,C,育児・産休申請確認,hr,,LA-172137-001,2026-07-01 11:58:35.455019+00:00,2026-07-01 12:11:04.560216+00:00,1,M1-C-1,1,,False,False,749.105197
ses_20260701-115141-SIDDHIGUPTAB00B,A,住民税通知確認,hr,std,RT-172137-003,2026-07-01 12:11:04.561723+00:00,2026-07-01 12:11:27.207904+00:00,1,M1-A-3,3,,False,False,22.646181
ses_20260701-115141-SIDDHIGUPTAB00B,J,支払処理,finance,,PM-172137-002,2026-07-01 12:11:27.209621+00:00,2026-07-01 12:12:08.416346+00:00,1,M1-J-2,2,,False,False,41.206725
ses_20260701-115141-SIDDHIGUPTAB00B,B,給与備考・控除整備,hr,adj,PI-172137-004,2026-07-01 12:12:08.418557+00:00,2026-07-01 12:12:33.052386+00:00,1,M1-B-4,4,,False,False,24.633829
ses_20260701-115141-SIDDHIGUPTAB00B,F,請求書承認,finance,std,INV-172137-001,2026-07-01 12:12:33.053262+00:00,2026-07-01 12:12:59.401628+00:00,1,M1-F-1,1,,False,False,26.348366
ses_20260701-115141-SIDDHIGUPTAB00B,L,在庫調整,ops,reg,STK-172137-001,2026-07-01 12:12:59.404307+00:00,2026-07-01 12:13:22.576737+00:00,1,M1-L-1,1,,False,False,23.17243
ses_20260701-115141-SIDDHIGUPTAB00B,J,支払処理,finance,,PM-172137-003,2026-07-01 12:13:22.578502+00:00,2026-07-01 12:13:45.658179+00:00,1,M1-J-3,3,,False,False,23.079677
ses_20260701-115141-SIDDHIGUPTAB00B,M,仕入先連絡,ops,,SUP-172137-001,2026-07-01 12:13:45.659666+00:00,2026-07-01 12:14:20.512478+00:00,1,M1-M-1,1,,False,False,34.852812
ses_20260701-115141-SIDDHIGUPTAB00B,N,出荷追跡,ops,,SHP-172137-001,2026-07-01 12:14:20.521386+00:00,2026-07-01 12:15:05.325583+00:00,1,M1-N-1,1,,False,False,44.804197
ses_20260701-115141-SIDDHIGUPTAB00B,K,受注処理,ops,std,ORD-172137-002,2026-07-01 12:15:05.327642+00:00,2026-07-01 12:15:27.092907+00:00,1,M1-K-2,2,,False,False,21.765265
ses_20260701-115141-SIDDHIGUPTAB00B,F,請求書承認,finance,std,INV-172137-002,2026-07-01 12:15:28.698691+00:00,2026-07-01 12:15:58.909715+00:00,1,M1-F-2,2,,False,False,30.211024
ses_20260701-115141-SIDDHIGUPTAB00B,C,育児・産休申請確認,hr,,LA-172137-002,2026-07-01 12:15:58.911149+00:00,2026-07-01 12:16:37.052829+00:00,1,M1-C-2,2,,False,False,38.14168
ses_20260701-115141-SIDDHIGUPTAB00B,F,請求書承認,finance,std,INV-172137-003,2026-07-01 12:16:37.053989+00:00,2026-07-01 12:17:02.387589+00:00,1,M1-F-3,3,,False,False,25.3336
ses_20260701-115141-SIDDHIGUPTAB00B,M,仕入先連絡,ops,,SUP-172137-002,2026-07-01 12:17:02.389460+00:00,2026-07-01 12:17:42.874306+00:00,1,M1-M-2,2,,False,False,40.484846
ses_20260701-115141-SIDDHIGUPTAB00B,C,育児・産休申請確認,hr,,LA-172137-003,2026-07-01 12:17:42.875349+00:00,,1,M1-C-3,3,,False,False,
ses_20260701-115141-SIDDHIGUPTAB00B,C,育児・産休申請確認,hr,,LA-172137-004,2026-07-01 12:18:21.845849+00:00,2026-07-01 12:19:00.722606+00:00,1,M1-C-4,4,,False,False,38.876757
ses_20260701-115141-SIDDHIGUPTAB00B,E,入社照合・手当確認,hr,,OB-172137-001,2026-07-01 12:19:00.723860+00:00,2026-07-01 12:19:50.286703+00:00,1,M1-E-1,1,,False,False,49.562843
ses_20260701-115141-SIDDHIGUPTAB00B,I,予算差異分析,finance,,BV-172137-003,2026-07-01 12:19:50.289994+00:00,2026-07-01 12:21:17.625431+00:00,1,M1-I-3,3,,False,False,87.335437
ses_20260701-115141-SIDDHIGUPTAB00B,F,請求書承認,finance,exc,INV-172137-004,2026-07-01 12:21:17.626630+00:00,2026-07-01 12:21:48.462557+00:00,1,M1-F-4,4,,False,False,30.835927
ses_20260701-115141-SIDDHIGUPTAB00B,M,仕入先連絡,ops,,SUP-172137-003,2026-07-01 12:21:48.464019+00:00,2026-07-01 12:22:28.036861+00:00,1,M1-M-3,3,,False,False,39.572842
ses_20260701-115141-SIDDHIGUPTAB00B,K,受注処理,ops,std,ORD-172137-003,2026-07-01 12:22:28.039497+00:00,2026-07-01 12:22:50.976770+00:00,2,M1-K-3,3,M1-K-split-1,False,False,22.937273
ses_20260701-115141-SIDDHIGUPTAB00B,F,請求書承認,finance,exc,INV-172137-005,2026-07-01 12:22:50.977746+00:00,2026-07-01 12:23:15.985813+00:00,1,M1-F-5,5,,False,False,25.008067
ses_20260701-115141-SIDDHIGUPTAB00B,E,入社照合・手当確認,hr,,OB-172137-002,2026-07-01 12:23:15.987515+00:00,2026-07-01 12:23:41.900324+00:00,1,M1-E-2,2,,False,False,25.912809
ses_20260701-115141-SIDDHIGUPTAB00B,N,出荷追跡,ops,,SHP-172137-002,2026-07-01 12:23:41.902387+00:00,2026-07-01 12:24:33.348996+00:00,1,M1-N-2,2,,False,False,51.446609
ses_20260701-115141-SIDDHIGUPTAB00B,H,銀行勘定照合,finance,,BR-172137-001,2026-07-01 12:24:33.350166+00:00,2026-07-01 12:25:00.873223+00:00,1,M1-H-1,1,,False,False,27.523057
ses_20260701-115141-SIDDHIGUPTAB00B,L,在庫調整,ops,reg,STK-172137-002,2026-07-01 12:25:00.874792+00:00,2026-07-01 12:25:51.075430+00:00,1,M1-L-2,2,,False,False,50.200638
ses_20260701-115141-SIDDHIGUPTAB00B,N,出荷追跡,ops,,SHP-172137-003,2026-07-01 12:25:51.087581+00:00,2026-07-01 12:26:41.540080+00:00,1,M1-N-3,3,,False,False,50.452499
ses_20260701-115141-SIDDHIGUPTAB00B,O,返品処理,ops,,RET-172137-001,2026-07-01 12:26:41.541334+00:00,2026-07-01 12:27:34.497994+00:00,1,M1-O-1,1,,False,False,52.95666
ses_20260701-115141-SIDDHIGUPTAB00B,H,銀行勘定照合,finance,,BR-172137-002,2026-07-01 12:27:34.500577+00:00,2026-07-01 12:28:01.538469+00:00,1,M1-H-2,2,,False,False,27.037892
ses_20260701-115141-SIDDHIGUPTAB00B,O,返品処理,ops,,RET-172137-002,2026-07-01 12:28:01.543202+00:00,2026-07-01 12:30:36.428525+00:00,1,M1-O-2,2,,False,False,154.885323
ses_20260701-115141-SIDDHIGUPTAB00B,L,在庫調整,ops,reg,STK-172137-003,2026-07-01 12:30:36.435017+00:00,2026-07-01 12:30:56.551884+00:00,1,M1-L-3,3,,False,False,20.116867
ses_20260701-115141-SIDDHIGUPTAB00B,E,入社照合・手当確認,hr,,OB-172137-003,2026-07-01 12:30:56.553321+00:00,2026-07-01 12:31:21.450932+00:00,1,M1-E-3,3,,False,False,24.897611
ses_20260701-115141-SIDDHIGUPTAB00B,O,返品処理,ops,,RET-172137-003,2026-07-01 12:31:21.452682+00:00,2026-07-01 12:31:50.735928+00:00,1,M1-O-3,3,,False,False,29.283246
ses_20260701-115141-SIDDHIGUPTAB00B,H,銀行勘定照合,finance,,BR-172137-003,2026-07-01 12:31:50.737458+00:00,,1,M1-H-3,3,,False,False,
ses_20260701-115141-SIDDHIGUPTAB00B,H,銀行勘定照合,finance,,BR-172137-004,2026-07-01 12:32:16.412294+00:00,2026-07-01 12:34:16.919850+00:00,1,M1-H-4,4,,False,False,120.507556
ses_20260701-120612-Marcos,H,銀行勘定照合,finance,,BR-173546-001,2026-07-01 12:06:39.824012+00:00,2026-07-01 12:07:31.739742+00:00,1,M1-H-1,1,,False,False,51.91573
ses_20260701-120612-Marcos,K,受注処理,ops,std,ORD-173546-001,2026-07-01 12:07:31.740624+00:00,2026-07-01 12:08:01.453015+00:00,1,M1-K-1,1,,False,False,29.712391
ses_20260701-120612-Marcos,N,出荷追跡,ops,,SHP-173546-001,2026-07-01 12:08:01.454085+00:00,2026-07-01 12:08:53.021462+00:00,1,M1-N-1,1,,False,False,51.567377
ses_20260701-120612-Marcos,L,在庫調整,ops,reg,STK-173546-001,2026-07-01 12:08:53.022393+00:00,,1,M1-L-1,1,,False,False,
ses_20260701-120612-Marcos,L,在庫調整,ops,reg,STK-173546-002,2026-07-01 12:09:11.611258+00:00,2026-07-01 12:09:33.849932+00:00,1,M1-L-2,2,,False,False,22.238674
ses_20260701-120612-Marcos,C,育児・産休申請確認,hr,,LA-173546-001,2026-07-01 12:09:35.256676+00:00,2026-07-01 12:10:08.629844+00:00,1,M1-C-1,1,,False,False,33.373168
ses_20260701-120612-Marcos,M,仕入先連絡,ops,,SUP-173546-001,2026-07-01 12:10:08.630819+00:00,2026-07-01 12:10:42.934758+00:00,1,M1-M-1,1,,False,False,34.303939
ses_20260701-120612-Marcos,L,在庫調整,ops,reg,STK-173546-003,2026-07-01 12:10:42.936295+00:00,2026-07-01 12:11:06.088946+00:00,2,M1-L-3,3,M1-L-split-1,False,False,23.152651
ses_20260701-120612-Marcos,H,銀行勘定照合,finance,,BR-173546-002,2026-07-01 12:11:06.089843+00:00,2026-07-01 12:11:33.886884+00:00,1,M1-H-2,2,,False,False,27.797041
ses_20260701-120612-Marcos,M,仕入先連絡,ops,,SUP-173546-002,2026-07-01 12:11:33.887783+00:00,2026-07-01 12:13:36.940895+00:00,1,M1-M-2,2,,False,False,123.053112
ses_20260701-120612-Marcos,F,請求書承認,finance,std,INV-173546-001,2026-07-01 12:13:36.941896+00:00,2026-07-01 12:14:04.458925+00:00,1,M1-F-1,1,,True,True,27.517029
ses_20260701-120612-Marcos,K,受注処理,ops,std,ORD-173546-002,2026-07-01 12:14:04.460252+00:00,2026-07-01 12:14:32.241621+00:00,1,M1-K-2,2,,False,False,27.781369
ses_20260701-120612-Marcos,N,出荷追跡,ops,,SHP-173546-002,2026-07-01 12:14:57.629333+00:00,2026-07-01 12:15:50.893740+00:00,1,M1-N-2,2,,False,False,53.264407
ses_20260701-120612-Marcos,H,銀行勘定照合,finance,,BR-173546-003,2026-07-01 12:15:50.894652+00:00,2026-07-01 12:16:15.162915+00:00,1,M1-H-3,3,,False,False,24.268263
ses_20260701-120612-Marcos,K,受注処理,ops,std,ORD-173546-003,2026-07-01 12:16:15.163675+00:00,2026-07-01 12:16:45.636372+00:00,2,M1-K-3,3,M1-K-split-1,False,False,30.472697
ses_20260701-120612-Marcos,I,予算差異分析,finance,,BV-173546-001,2026-07-01 12:16:45.637356+00:00,2026-07-01 12:18:05.090800+00:00,1,M1-I-1,1,,False,False,79.453444
ses_20260701-120612-Marcos,H,銀行勘定照合,finance,,BR-173546-004,2026-07-01 12:18:05.091653+00:00,2026-07-01 12:18:32.806523+00:00,1,M1-H-4,4,,False,False,27.71487
ses_20260701-120612-Marcos,F,請求書承認,finance,std,INV-173546-002,2026-07-01 12:18:32.807341+00:00,2026-07-01 12:19:01.290110+00:00,1,M1-F-2,2,,False,False,28.482769
ses_20260701-120612-Marcos,M,仕入先連絡,ops,,SUP-173546-003,2026-07-01 12:19:01.290998+00:00,2026-07-01 12:19:41.130726+00:00,1,M1-M-3,3,,False,False,39.839728
ses_20260701-120612-Marcos,K,受注処理,ops,exc,ORD-173546-004,2026-07-01 12:19:41.131767+00:00,2026-07-01 12:20:04.550292+00:00,2,M1-K-4,4,M1-K-split-1,False,False,23.418525
ses_20260701-120612-Marcos,N,出荷追跡,ops,,SHP-173546-003,2026-07-01 12:20:04.551000+00:00,2026-07-01 12:20:57.344129+00:00,1,M1-N-3,3,,False,False,52.793129
ses_20260701-120612-Marcos,F,請求書承認,finance,std,INV-173546-003,2026-07-01 12:20:57.345460+00:00,2026-07-01 12:21:45.505773+00:00,1,M1-F-3,3,,False,False,48.160313
ses_20260701-120612-Marcos,K,受注処理,ops,exc,ORD-173546-005,2026-07-01 12:21:45.506598+00:00,2026-07-01 12:22:15.537569+00:00,2,M1-K-5,5,M1-K-split-1,False,False,30.030971
ses_20260701-120612-Marcos,C,育児・産休申請確認,hr,,LA-173546-002,2026-07-01 12:22:15.538599+00:00,,1,M1-C-2,2,,False,False,
ses_20260701-120612-Marcos,C,育児・産休申請確認,hr,,LA-173546-003,2026-07-01 12:22:57.110088+00:00,,1,M1-C-3,3,,False,False,
ses_20260701-120612-Marcos,C,育児・産休申請確認,hr,,LA-173546-004,2026-07-01 12:23:31.043312+00:00,2026-07-01 12:24:01.846792+00:00,1,M1-C-4,4,,False,False,30.80348
ses_20260701-120612-Marcos,I,予算差異分析,finance,,BV-173546-002,2026-07-01 12:24:01.847494+00:00,2026-07-01 12:25:20.084390+00:00,1,M1-I-2,2,,False,False,78.236896
ses_20260701-120612-Marcos,F,請求書承認,finance,exc,INV-173546-004,2026-07-01 12:25:20.085567+00:00,2026-07-01 12:25:47.809322+00:00,1,M1-F-4,4,,False,False,27.723755
ses_20260701-120612-Marcos,I,予算差異分析,finance,,BV-173546-003,2026-07-01 12:25:47.810076+00:00,2026-07-01 12:27:30.047537+00:00,1,M1-I-3,3,,False,False,102.237461
ses_20260701-120612-Marcos,M,仕入先連絡,ops,,SUP-173546-004,2026-07-01 12:27:30.048473+00:00,2026-07-01 12:28:15.259366+00:00,1,M1-M-4,4,,False,False,45.210893
ses_20260701-120828-LAPTOP-0IM1OHQH,F,請求書承認,finance,std,INV-173600-001,2026-07-01 12:08:46.974019+00:00,2026-07-01 12:09:13.964381+00:00,1,M1-F-1,1,,True,True,26.990362
ses_20260701-120828-LAPTOP-0IM1OHQH,D,社保・年金補正対応,hr,,SI-173600-001,2026-07-01 12:09:13.966567+00:00,2026-07-01 12:10:03.162134+00:00,1,M1-D-1,1,,False,False,49.195567
ses_20260701-120828-LAPTOP-0IM1OHQH,M,仕入先連絡,ops,,SUP-173600-001,2026-07-01 12:10:03.165071+00:00,2026-07-01 12:10:56.896471+00:00,1,M1-M-1,1,,False,False,53.7314
ses_20260701-120828-LAPTOP-0IM1OHQH,A,住民税通知確認,hr,std,RT-173600-001,2026-07-01 12:10:56.899690+00:00,2026-07-01 12:11:25.874273+00:00,1,M1-A-1,1,,False,False,28.974583
ses_20260701-120828-LAPTOP-0IM1OHQH,F,請求書承認,finance,std,INV-173600-002,2026-07-01 12:11:25.890022+00:00,2026-07-01 12:11:53.128493+00:00,1,M1-F-2,2,,False,False,27.238471
ses_20260701-120828-LAPTOP-0IM1OHQH,M,仕入先連絡,ops,,SUP-173600-002,2026-07-01 12:11:54.528109+00:00,2026-07-01 12:13:07.244361+00:00,1,M1-M-2,2,,False,False,72.716252
ses_20260701-120828-LAPTOP-0IM1OHQH,G,経費精算承認,finance,reg,EXP-173600-001,2026-07-01 12:13:07.246234+00:00,2026-07-01 12:13:31.929481+00:00,1,M1-G-1,1,,False,False,24.683247
ses_20260701-120828-LAPTOP-0IM1OHQH,M,仕入先連絡,ops,,SUP-173600-003,2026-07-01 12:13:31.931518+00:00,2026-07-01 12:14:19.380009+00:00,1,M1-M-3,3,,False,False,47.448491
ses_20260701-120828-LAPTOP-0IM1OHQH,A,住民税通知確認,hr,std,RT-173600-002,2026-07-01 12:14:19.396343+00:00,2026-07-01 12:14:46.412480+00:00,1,M1-A-2,2,,False,False,27.016137
ses_20260701-120828-LAPTOP-0IM1OHQH,C,育児・産休申請確認,hr,,LA-173600-001,2026-07-01 12:14:46.414908+00:00,2026-07-01 12:15:34.437168+00:00,1,M1-C-1,1,,False,False,48.02226
ses_20260701-120828-LAPTOP-0IM1OHQH,F,請求書承認,finance,std,INV-173600-003,2026-07-01 12:15:34.439274+00:00,2026-07-01 12:16:02.613942+00:00,2,M1-F-3,3,M1-F-split-1,False,False,28.174668
ses_20260701-120828-LAPTOP-0IM1OHQH,D,社保・年金補正対応,hr,,SI-173600-002,2026-07-01 12:16:02.630424+00:00,2026-07-01 12:17:25.532903+00:00,1,M1-D-2,2,,False,False,82.902479
ses_20260701-120828-LAPTOP-0IM1OHQH,C,育児・産休申請確認,hr,,LA-173600-002,2026-07-01 12:17:25.555623+00:00,2026-07-01 12:18:13.588032+00:00,1,M1-C-2,2,,False,False,48.032409
ses_20260701-120828-LAPTOP-0IM1OHQH,J,支払処理,finance,,PM-173600-001,2026-07-01 12:18:13.611498+00:00,2026-07-01 12:18:58.506115+00:00,1,M1-J-1,1,,False,False,44.894617
ses_20260701-120828-LAPTOP-0IM1OHQH,G,経費精算承認,finance,reg,EXP-173600-002,2026-07-01 12:18:58.522264+00:00,,1,M1-G-2,2,,False,False,
ses_20260701-120828-LAPTOP-0IM1OHQH,G,経費精算承認,finance,reg,EXP-173600-003,2026-07-01 12:19:20.231271+00:00,2026-07-01 12:21:03.303526+00:00,1,M1-G-3,3,,False,False,103.072255
ses_20260701-120828-LAPTOP-0IM1OHQH,D,社保・年金補正対応,hr,,SI-173600-003,2026-07-01 12:21:03.323739+00:00,2026-07-01 12:22:10.886580+00:00,1,M1-D-3,3,,False,False,67.562841
ses_20260701-120828-LAPTOP-0IM1OHQH,E,入社照合・手当確認,hr,,OB-173600-001,2026-07-01 12:22:10.889351+00:00,2026-07-01 12:22:34.128750+00:00,1,M1-E-1,1,,False,False,23.239399
ses_20260701-120828-LAPTOP-0IM1OHQH,G,経費精算承認,finance,adj,EXP-173600-004,2026-07-01 12:22:34.146625+00:00,2026-07-01 12:23:00.715789+00:00,1,M1-G-4,4,,False,False,26.569164
ses_20260701-120828-LAPTOP-0IM1OHQH,E,入社照合・手当確認,hr,,OB-173600-002,2026-07-01 12:23:00.718780+00:00,2026-07-01 12:23:31.697795+00:00,1,M1-E-2,2,,False,False,30.979015
ses_20260701-120828-LAPTOP-0IM1OHQH,F,請求書承認,finance,exc,INV-173600-004,2026-07-01 12:23:31.701245+00:00,2026-07-01 12:23:57.151805+00:00,2,M1-F-4,4,M1-F-split-1,False,False,25.45056
ses_20260701-120828-LAPTOP-0IM1OHQH,C,育児・産休申請確認,hr,,LA-173600-003,2026-07-01 12:23:57.154381+00:00,2026-07-01 12:25:58.942919+00:00,1,M1-C-3,3,,False,False,121.788538
ses_20260701-120828-LAPTOP-0IM1OHQH,E,入社照合・手当確認,hr,,OB-173600-003,2026-07-01 12:25:58.945595+00:00,2026-07-01 12:26:24.703813+00:00,1,M1-E-3,3,,False,False,25.758218
ses_20260701-120828-LAPTOP-0IM1OHQH,A,住民税通知確認,hr,std,RT-173600-003,2026-07-01 12:26:24.707619+00:00,,1,M1-A-3,3,,False,False,
ses_20260701-120828-LAPTOP-0IM1OHQH,A,住民税通知確認,hr,exc,RT-173600-004,2026-07-01 12:26:49.627752+00:00,2026-07-01 12:27:13.713806+00:00,1,M1-A-4,4,,False,False,24.086054
ses_20260701-120828-LAPTOP-0IM1OHQH,J,支払処理,finance,,PM-173600-002,2026-07-01 12:27:13.716231+00:00,,1,M1-J-2,2,,False,False,
ses_20260701-120828-LAPTOP-0IM1OHQH,J,支払処理,finance,,PM-173600-003,2026-07-01 12:28:00.340073+00:00,2026-07-01 12:28:26.147549+00:00,1,M1-J-3,3,,False,False,25.807476
ses_20260701-120828-LAPTOP-0IM1OHQH,H,銀行勘定照合,finance,,BR-173600-001,2026-07-01 12:28:26.164967+00:00,,1,M1-H-1,1,,False,False,
ses_20260701-120828-LAPTOP-0IM1OHQH,H,銀行勘定照合,finance,,BR-173600-002,2026-07-01 12:28:53.475567+00:00,,1,M1-H-2,2,,False,False,
ses_20260701-120828-LAPTOP-0IM1OHQH,H,銀行勘定照合,finance,,BR-173600-003,2026-07-01 12:29:21.617388+00:00,,1,M1-H-3,3,,False,False,
ses_20260701-120828-LAPTOP-0IM1OHQH,H,銀行勘定照合,finance,,BR-173600-004,2026-07-01 12:29:49.036707+00:00,2026-07-01 12:30:26.537580+00:00,1,M1-H-4,4,,False,False,37.500873
ses_20260701-123729-Marcos,N,出荷追跡,ops,,SHP-180703-001,2026-07-01 12:37:57.796020+00:00,2026-07-01 12:38:50.906265+00:00,1,M1-N-1,1,,False,False,53.110245
ses_20260701-123729-Marcos,M,仕入先連絡,ops,,SUP-180703-001,2026-07-01 12:38:50.907441+00:00,2026-07-01 12:39:24.235172+00:00,1,M1-M-1,1,,False,False,33.327731
ses_20260701-123729-Marcos,C,育児・産休申請確認,hr,,LA-180703-001,2026-07-01 12:39:24.236242+00:00,2026-07-01 12:40:02.281584+00:00,1,M1-C-1,1,,False,False,38.045342
ses_20260701-123729-Marcos,F,請求書承認,finance,std,INV-180703-001,2026-07-01 12:40:02.282358+00:00,2026-07-01 12:40:25.873148+00:00,1,M1-F-1,1,,False,False,23.59079
ses_20260701-123729-Marcos,G,経費精算承認,finance,reg,EXP-180703-001,2026-07-01 12:40:25.874221+00:00,2026-07-01 12:40:44.838404+00:00,1,M1-G-1,1,,False,False,18.964183
ses_20260701-123729-Marcos,L,在庫調整,ops,reg,STK-180703-001,2026-07-01 12:40:44.839205+00:00,2026-07-01 12:41:39.153182+00:00,1,M1-L-1,1,,False,False,54.313977
ses_20260701-123729-Marcos,A,住民税通知確認,hr,std,RT-180703-001,2026-07-01 12:41:39.154456+00:00,2026-07-01 12:42:09.752633+00:00,1,M1-A-1,1,,False,False,30.598177
ses_20260701-123729-Marcos,C,育児・産休申請確認,hr,,LA-180703-002,2026-07-01 12:42:09.753530+00:00,2026-07-01 12:42:41.105992+00:00,1,M1-C-2,2,,False,False,31.352462
ses_20260701-123729-Marcos,G,経費精算承認,finance,reg,EXP-180703-002,2026-07-01 12:42:41.107017+00:00,2026-07-01 12:43:01.718829+00:00,1,M1-G-2,2,,True,True,20.611812
ses_20260701-123729-Marcos,M,仕入先連絡,ops,,SUP-180703-002,2026-07-01 12:43:01.719646+00:00,2026-07-01 12:43:38.539325+00:00,1,M1-M-2,2,,False,False,36.819679
ses_20260701-123729-Marcos,G,経費精算承認,finance,reg,EXP-180703-003,2026-07-01 12:43:38.540344+00:00,2026-07-01 12:44:02.585035+00:00,1,M1-G-3,3,,False,False,24.044691
ses_20260701-123729-Marcos,L,在庫調整,ops,reg,STK-180703-002,2026-07-01 12:44:02.585907+00:00,2026-07-01 12:44:24.087682+00:00,1,M1-L-2,2,,False,False,21.501775
ses_20260701-123729-Marcos,A,住民税通知確認,hr,std,RT-180703-002,2026-07-01 12:45:10.875898+00:00,2026-07-01 12:45:37.823310+00:00,1,M1-A-2,2,,False,False,26.947412
ses_20260701-123729-Marcos,C,育児・産休申請確認,hr,,LA-180703-003,2026-07-01 12:45:48.944883+00:00,2026-07-01 12:46:23.282174+00:00,1,M1-C-3,3,,False,False,34.337291
ses_20260701-123729-Marcos,F,請求書承認,finance,std,INV-180703-002,2026-07-01 12:46:23.283218+00:00,2026-07-01 12:46:47.719021+00:00,1,M1-F-2,2,,False,False,24.435803
ses_20260701-123729-Marcos,A,住民税通知確認,hr,std,RT-180703-003,2026-07-01 12:46:47.720133+00:00,2026-07-01 12:47:35.785913+00:00,2,M1-A-3,3,M1-A-split-1,False,False,48.06578
ses_20260701-123729-Marcos,H,銀行勘定照合,finance,,BR-180703-001,2026-07-01 12:47:35.786959+00:00,2026-07-01 12:49:31.389826+00:00,1,M1-H-1,1,,False,False,115.602867
ses_20260701-123729-Marcos,L,在庫調整,ops,reg,STK-180703-003,2026-07-01 12:49:31.390859+00:00,2026-07-01 12:50:36.130989+00:00,2,M1-L-3,3,M1-L-split-1,False,False,64.74013
ses_20260701-123729-Marcos,F,請求書承認,finance,std,INV-180703-003,2026-07-01 12:50:36.131953+00:00,2026-07-01 12:51:01.655320+00:00,1,M1-F-3,3,,False,False,25.523367
ses_20260701-123729-Marcos,A,住民税通知確認,hr,exc,RT-180703-004,2026-07-01 12:51:01.656408+00:00,2026-07-01 12:51:32.068883+00:00,2,M1-A-4,4,M1-A-split-1,False,False,30.412475
ses_20260701-123729-Marcos,L,在庫調整,ops,adj,STK-180703-004,2026-07-01 12:51:32.070013+00:00,2026-07-01 12:52:48.582222+00:00,2,M1-L-4,4,M1-L-split-1,False,False,76.512209
ses_20260701-123729-Marcos,M,仕入先連絡,ops,,SUP-180703-003,2026-07-01 12:52:48.583495+00:00,2026-07-01 12:53:34.912062+00:00,1,M1-M-3,3,,False,False,46.328567
ses_20260701-123729-Marcos,E,入社照合・手当確認,hr,,OB-180703-001,2026-07-01 12:53:34.913100+00:00,2026-07-01 12:54:05.004526+00:00,1,M1-E-1,1,,False,False,30.091426
ses_20260701-123729-Marcos,N,出荷追跡,ops,,SHP-180703-002,2026-07-01 12:54:05.005413+00:00,,1,M1-N-2,2,,False,False,
ses_20260701-123729-Marcos,N,出荷追跡,ops,,SHP-180703-003,2026-07-01 12:54:53.613693+00:00,2026-07-01 12:55:42.008610+00:00,1,M1-N-3,3,,False,False,48.394917
ses_20260701-123729-Marcos,H,銀行勘定照合,finance,,BR-180703-002,2026-07-01 12:55:42.009757+00:00,,1,M1-H-2,2,,False,False,
ses_20260701-123729-Marcos,H,銀行勘定照合,finance,,BR-180703-003,2026-07-01 12:56:07.017774+00:00,2026-07-01 12:56:34.258028+00:00,1,M1-H-3,3,,False,False,27.240254
ses_20260701-123729-Marcos,J,支払処理,finance,,PM-180703-001,2026-07-01 12:56:34.258783+00:00,2026-07-01 12:57:51.833546+00:00,1,M1-J-1,1,,False,False,77.574763
ses_20260701-123729-Marcos,H,銀行勘定照合,finance,,BR-180703-004,2026-07-01 12:57:51.834753+00:00,2026-07-01 12:58:15.082139+00:00,1,M1-H-4,4,,False,False,23.247386
ses_20260701-123729-Marcos,E,入社照合・手当確認,hr,,OB-180703-002,2026-07-01 12:58:15.083629+00:00,,1,M1-E-2,2,,False,False,
ses_20260701-123729-Marcos,E,入社照合・手当確認,hr,,OB-180703-003,2026-07-01 12:58:40.432059+00:00,2026-07-01 12:59:04.608439+00:00,1,M1-E-3,3,,False,False,24.17638
ses_20260701-123729-Marcos,J,支払処理,finance,,PM-180703-002,2026-07-01 12:59:04.609774+00:00,,1,M1-J-2,2,,False,False,
ses_20260701-123729-Marcos,J,支払処理,finance,,PM-180703-003,2026-07-01 12:59:48.270338+00:00,2026-07-01 13:02:18.925497+00:00,1,M1-J-3,3,,False,False,150.655159
ses_20260701-124033-SIDDHIGUPTAB00B,K,受注処理,ops,std,ORD-181002-001,2026-07-01 12:41:00.593568+00:00,2026-07-01 12:41:29.359144+00:00,1,M1-K-1,1,,False,False,28.765576
ses_20260701-124033-SIDDHIGUPTAB00B,F,請求書承認,finance,std,INV-181002-001,2026-07-01 12:41:29.360313+00:00,2026-07-01 12:42:27.343782+00:00,1,M1-F-1,1,,False,False,57.983469
ses_20260701-124033-SIDDHIGUPTAB00B,K,受注処理,ops,std,ORD-181002-002,2026-07-01 12:42:27.344907+00:00,2026-07-01 12:42:51.777813+00:00,1,M1-K-2,2,,False,False,24.432906
ses_20260701-124033-SIDDHIGUPTAB00B,H,銀行勘定照合,finance,,BR-181002-001,2026-07-01 12:42:51.778641+00:00,2026-07-01 12:43:19.988703+00:00,1,M1-H-1,1,,False,False,28.210062
ses_20260701-124033-SIDDHIGUPTAB00B,F,請求書承認,finance,std,INV-181002-002,2026-07-01 12:43:19.990901+00:00,2026-07-01 12:43:46.190895+00:00,1,M1-F-2,2,,False,False,26.199994
ses_20260701-124033-SIDDHIGUPTAB00B,I,予算差異分析,finance,,BV-181002-001,2026-07-01 12:43:46.192529+00:00,2026-07-01 12:45:06.032184+00:00,1,M1-I-1,1,,False,False,79.839655
ses_20260701-124033-SIDDHIGUPTAB00B,F,請求書承認,finance,std,INV-181002-003,2026-07-01 12:45:06.033331+00:00,2026-07-01 12:45:56.133230+00:00,1,M1-F-3,3,,False,False,50.099899
ses_20260701-124033-SIDDHIGUPTAB00B,N,出荷追跡,ops,,SHP-181002-001,2026-07-01 12:45:56.134593+00:00,2026-07-01 12:46:52.434334+00:00,1,M1-N-1,1,,False,False,56.299741
ses_20260701-124033-SIDDHIGUPTAB00B,F,請求書承認,finance,exc,INV-181002-004,2026-07-01 12:46:52.435355+00:00,2026-07-01 12:47:21.210565+00:00,1,M1-F-4,4,,False,False,28.77521
ses_20260701-124033-SIDDHIGUPTAB00B,L,在庫調整,ops,reg,STK-181002-001,2026-07-01 12:47:21.211978+00:00,2026-07-01 12:48:17.336691+00:00,1,M1-L-1,1,,True,True,56.124713
ses_20260701-124033-SIDDHIGUPTAB00B,N,出荷追跡,ops,,SHP-181002-002,2026-07-01 12:48:17.339943+00:00,2026-07-01 12:49:45.430096+00:00,1,M1-N-2,2,,False,False,88.090153
ses_20260701-124033-SIDDHIGUPTAB00B,F,請求書承認,finance,exc,INV-181002-005,2026-07-01 12:49:45.431392+00:00,2026-07-01 12:50:15.076901+00:00,1,M1-F-5,5,,False,False,29.645509
ses_20260701-124033-SIDDHIGUPTAB00B,L,在庫調整,ops,reg,STK-181002-002,2026-07-01 12:50:15.079567+00:00,2026-07-01 12:50:38.682031+00:00,1,M1-L-2,2,,False,False,23.602464
ses_20260701-124033-SIDDHIGUPTAB00B,H,銀行勘定照合,finance,,BR-181002-002,2026-07-01 12:51:03.015400+00:00,2026-07-01 12:51:34.194223+00:00,1,M1-H-2,2,,False,False,31.178823
ses_20260701-124033-SIDDHIGUPTAB00B,N,出荷追跡,ops,,SHP-181002-003,2026-07-01 12:51:34.195206+00:00,2026-07-01 12:52:23.890231+00:00,1,M1-N-3,3,,False,False,49.695025
ses_20260701-124033-SIDDHIGUPTAB00B,L,在庫調整,ops,reg,STK-181002-003,2026-07-01 12:52:23.891655+00:00,2026-07-01 12:53:18.078764+00:00,2,M1-L-3,3,M1-L-split-1,False,False,54.187109
ses_20260701-124033-SIDDHIGUPTAB00B,D,社保・年金補正対応,hr,,SI-181002-001,2026-07-01 12:53:18.080042+00:00,2026-07-01 12:54:10.347794+00:00,1,M1-D-1,1,,False,False,52.267752
ses_20260701-124033-SIDDHIGUPTAB00B,K,受注処理,ops,std,ORD-181002-003,2026-07-01 12:54:10.348478+00:00,,1,M1-K-3,3,,False,False,
ses_20260701-124033-SIDDHIGUPTAB00B,K,受注処理,ops,exc,ORD-181002-004,2026-07-01 12:54:45.031098+00:00,2026-07-01 12:55:08.818502+00:00,1,M1-K-4,4,,False,False,23.787404
ses_20260701-124033-SIDDHIGUPTAB00B,H,銀行勘定照合,finance,,BR-181002-003,2026-07-01 12:55:08.819265+00:00,2026-07-01 12:55:59.155239+00:00,1,M1-H-3,3,,False,False,50.335974
ses_20260701-124033-SIDDHIGUPTAB00B,L,在庫調整,ops,adj,STK-181002-004,2026-07-01 12:55:59.157622+00:00,2026-07-01 12:56:57.489988+00:00,2,M1-L-4,4,M1-L-split-1,False,False,58.332366
ses_20260701-124033-SIDDHIGUPTAB00B,K,受注処理,ops,exc,ORD-181002-005,2026-07-01 12:56:57.494574+00:00,2026-07-01 12:57:21.004645+00:00,1,M1-K-5,5,,False,False,23.510071
ses_20260701-124033-SIDDHIGUPTAB00B,D,社保・年金補正対応,hr,,SI-181002-002,2026-07-01 12:57:21.005336+00:00,,1,M1-D-2,2,,False,False,
ses_20260701-124033-SIDDHIGUPTAB00B,D,社保・年金補正対応,hr,,SI-181002-003,2026-07-01 12:58:15.393029+00:00,2026-07-01 12:59:27.552669+00:00,1,M1-D-3,3,,False,False,72.15964
ses_20260701-124033-SIDDHIGUPTAB00B,C,育児・産休申請確認,hr,,LA-181002-001,2026-07-01 12:59:27.560194+00:00,2026-07-01 13:00:07.903218+00:00,1,M1-C-1,1,,False,False,40.343024
ses_20260701-124033-SIDDHIGUPTAB00B,I,予算差異分析,finance,,BV-181002-002,2026-07-01 13:00:07.907252+00:00,2026-07-01 13:01:36.093196+00:00,1,M1-I-2,2,,False,False,88.185944
ses_20260701-124033-SIDDHIGUPTAB00B,C,育児・産休申請確認,hr,,LA-181002-002,2026-07-01 13:01:36.094777+00:00,2026-07-01 13:03:31.092105+00:00,1,M1-C-2,2,,False,False,114.997328
ses_20260701-124033-SIDDHIGUPTAB00B,I,予算差異分析,finance,,BV-181002-003,2026-07-01 13:03:31.093620+00:00,2026-07-01 13:04:53.108781+00:00,1,M1-I-3,3,,False,False,82.015161
ses_20260701-124033-SIDDHIGUPTAB00B,C,育児・産休申請確認,hr,,LA-181002-003,2026-07-01 13:04:53.109819+00:00,,1,M1-C-3,3,,False,False,
ses_20260701-124033-SIDDHIGUPTAB00B,C,育児・産休申請確認,hr,,LA-181002-004,2026-07-01 13:05:48.426601+00:00,2026-07-01 13:06:22.820396+00:00,1,M1-C-4,4,,False,False,34.393795
ses_20260701-124033-SIDDHIGUPTAB00B,H,銀行勘定照合,finance,,BR-181002-004,2026-07-01 13:06:22.821719+00:00,2026-07-01 13:06:59.463552+00:00,1,M1-H-4,4,,False,False,36.641833
ses_20260701-124550-LAPTOP-0IM1OHQH,J,支払処理,finance,,PM-181519-001,2026-07-01 12:46:08.865884+00:00,2026-07-01 12:46:58.469905+00:00,1,M1-J-1,1,,False,False,49.604021
ses_20260701-124550-LAPTOP-0IM1OHQH,D,社保・年金補正対応,hr,,SI-181519-001,2026-07-01 12:46:58.488581+00:00,2026-07-01 12:47:47.526614+00:00,1,M1-D-1,1,,False,False,49.038033
ses_20260701-124550-LAPTOP-0IM1OHQH,J,支払処理,finance,,PM-181519-002,2026-07-01 12:47:47.528884+00:00,2026-07-01 12:48:27.330188+00:00,1,M1-J-2,2,,False,False,39.801304
ses_20260701-124550-LAPTOP-0IM1OHQH,F,請求書承認,finance,std,INV-181519-001,2026-07-01 12:48:27.332718+00:00,2026-07-01 12:48:50.080781+00:00,1,M1-F-1,1,,False,False,22.748063
ses_20260701-124550-LAPTOP-0IM1OHQH,M,仕入先連絡,ops,,SUP-181519-001,2026-07-01 12:48:50.083240+00:00,2026-07-01 12:50:00.389550+00:00,1,M1-M-1,1,,False,False,70.30631
ses_20260701-124550-LAPTOP-0IM1OHQH,A,住民税通知確認,hr,std,RT-181519-001,2026-07-01 12:50:00.392147+00:00,2026-07-01 12:50:33.485227+00:00,1,M1-A-1,1,,False,False,33.09308
ses_20260701-124550-LAPTOP-0IM1OHQH,G,経費精算承認,finance,reg,EXP-181519-001,2026-07-01 12:50:33.487951+00:00,2026-07-01 12:50:59.004799+00:00,1,M1-G-1,1,,False,False,25.516848
ses_20260701-124550-LAPTOP-0IM1OHQH,K,受注処理,ops,std,ORD-181519-001,2026-07-01 12:50:59.022978+00:00,2026-07-01 12:52:00.092271+00:00,1,M1-K-1,1,,True,True,61.069293
ses_20260701-124550-LAPTOP-0IM1OHQH,F,請求書承認,finance,std,INV-181519-002,2026-07-01 12:52:00.094265+00:00,2026-07-01 12:52:25.615600+00:00,1,M1-F-2,2,,False,False,25.521335
ses_20260701-124550-LAPTOP-0IM1OHQH,I,予算差異分析,finance,,BV-181519-001,2026-07-01 12:52:27.181777+00:00,2026-07-01 12:53:52.458195+00:00,1,M1-I-1,1,,False,False,85.276418
ses_20260701-124550-LAPTOP-0IM1OHQH,A,住民税通知確認,hr,std,RT-181519-002,2026-07-01 12:53:52.477937+00:00,2026-07-01 12:54:21.353669+00:00,1,M1-A-2,2,,False,False,28.875732
ses_20260701-124550-LAPTOP-0IM1OHQH,I,予算差異分析,finance,,BV-181519-002,2026-07-01 12:54:21.356111+00:00,2026-07-01 12:55:54.290451+00:00,1,M1-I-2,2,,False,False,92.93434
ses_20260701-124550-LAPTOP-0IM1OHQH,J,支払処理,finance,,PM-181519-003,2026-07-01 12:55:54.293824+00:00,2026-07-01 12:56:20.609851+00:00,1,M1-J-3,3,,False,False,26.316027
ses_20260701-124550-LAPTOP-0IM1OHQH,A,住民税通知確認,hr,std,RT-181519-003,2026-07-01 12:56:20.612545+00:00,2026-07-01 12:56:46.823373+00:00,1,M1-A-3,3,,False,False,26.210828
ses_20260701-124550-LAPTOP-0IM1OHQH,I,予算差異分析,finance,,BV-181519-003,2026-07-01 12:56:46.841573+00:00,2026-07-01 12:58:10.119916+00:00,1,M1-I-3,3,,False,False,83.278343
ses_20260701-124550-LAPTOP-0IM1OHQH,G,経費精算承認,finance,reg,EXP-181519-002,2026-07-01 12:58:10.136400+00:00,2026-07-01 12:58:34.425836+00:00,1,M1-G-2,2,,False,False,24.289436
ses_20260701-124550-LAPTOP-0IM1OHQH,M,仕入先連絡,ops,,SUP-181519-002,2026-07-01 12:58:34.428238+00:00,2026-07-01 12:59:21.431924+00:00,1,M1-M-2,2,,False,False,47.003686
ses_20260701-124550-LAPTOP-0IM1OHQH,D,社保・年金補正対応,hr,,SI-181519-002,2026-07-01 12:59:21.434667+00:00,2026-07-01 13:00:09.482638+00:00,1,M1-D-2,2,,False,False,48.047971
ses_20260701-124550-LAPTOP-0IM1OHQH,K,受注処理,ops,std,ORD-181519-002,2026-07-01 13:00:09.485179+00:00,2026-07-01 13:00:33.740996+00:00,1,M1-K-2,2,,False,False,24.255817
ses_20260701-124550-LAPTOP-0IM1OHQH,M,仕入先連絡,ops,,SUP-181519-003,2026-07-01 13:01:01.952957+00:00,,1,M1-M-3,3,,False,False,
ses_20260701-124550-LAPTOP-0IM1OHQH,M,仕入先連絡,ops,,SUP-181519-004,2026-07-01 13:01:49.724273+00:00,2026-07-01 13:02:33.849632+00:00,1,M1-M-4,4,,False,False,44.125359
ses_20260701-124550-LAPTOP-0IM1OHQH,G,経費精算承認,finance,reg,EXP-181519-003,2026-07-01 13:02:33.868214+00:00,2026-07-01 13:02:53.476498+00:00,1,M1-G-3,3,,False,False,19.608284
ses_20260701-124550-LAPTOP-0IM1OHQH,K,受注処理,ops,std,ORD-181519-003,2026-07-01 13:02:53.478774+00:00,2026-07-01 13:03:57.313522+00:00,2,M1-K-3,3,M1-K-split-1,False,False,63.834748
ses_20260701-124550-LAPTOP-0IM1OHQH,F,請求書承認,finance,std,INV-181519-003,2026-07-01 13:03:57.316118+00:00,2026-07-01 13:05:25.973373+00:00,2,M1-F-3,3,M1-F-split-1,False,False,88.657255
ses_20260701-124550-LAPTOP-0IM1OHQH,D,社保・年金補正対応,hr,,SI-181519-003,2026-07-01 13:05:25.993613+00:00,2026-07-01 13:06:17.566155+00:00,1,M1-D-3,3,,False,False,51.572542
ses_20260701-124550-LAPTOP-0IM1OHQH,F,請求書承認,finance,exc,INV-181519-004,2026-07-01 13:06:17.582598+00:00,2026-07-01 13:06:46.426980+00:00,2,M1-F-4,4,M1-F-split-1,False,False,28.844382
ses_20260701-124550-LAPTOP-0IM1OHQH,O,返品処理,ops,,RET-181519-001,2026-07-01 13:06:46.430201+00:00,2026-07-01 13:07:16.711536+00:00,1,M1-O-1,1,,False,False,30.281335
ses_20260701-124550-LAPTOP-0IM1OHQH,E,入社照合・手当確認,hr,,OB-181519-001,2026-07-01 13:07:16.715391+00:00,2026-07-01 13:07:48.446426+00:00,1,M1-E-1,1,,False,False,31.731035
ses_20260701-124550-LAPTOP-0IM1OHQH,O,返品処理,ops,,RET-181519-002,2026-07-01 13:07:48.449543+00:00,,1,M1-O-2,2,,False,False,
ses_20260701-124550-LAPTOP-0IM1OHQH,O,返品処理,ops,,RET-181519-003,2026-07-01 13:08:14.332722+00:00,2026-07-01 13:08:42.017153+00:00,1,M1-O-3,3,,False,False,27.684431
ses_20260701-124550-LAPTOP-0IM1OHQH,E,入社照合・手当確認,hr,,OB-181519-002,2026-07-01 13:08:42.021033+00:00,,1,M1-E-2,2,,False,False,
ses_20260701-124550-LAPTOP-0IM1OHQH,E,入社照合・手当確認,hr,,OB-181519-003,2026-07-01 13:09:14.645234+00:00,2026-07-01 13:09:44.862201+00:00,1,M1-E-3,3,,False,False,30.216967
ses_20260701-124636-MSI,A,住民税通知確認,hr,std,RT-181647-001,2026-07-01 12:47:48.790838+00:00,2026-07-01 12:48:14.653244+00:00,1,M1-A-1,1,,False,False,25.862406
ses_20260701-124636-MSI,B,給与備考・控除整備,hr,reg,PI-181647-001,2026-07-01 12:48:14.653897+00:00,2026-07-01 12:48:36.682850+00:00,1,M1-B-1,1,,False,False,22.028953
ses_20260701-124636-MSI,A,住民税通知確認,hr,std,RT-181647-002,2026-07-01 12:48:36.683632+00:00,2026-07-01 12:49:00.586755+00:00,1,M1-A-2,2,,False,False,23.903123
ses_20260701-124636-MSI,C,育児・産休申請確認,hr,,LA-181647-001,2026-07-01 12:49:00.587379+00:00,2026-07-01 12:49:44.713537+00:00,1,M1-C-1,1,,False,False,44.126158
ses_20260701-124636-MSI,F,請求書承認,finance,std,INV-181647-001,2026-07-01 12:49:44.714229+00:00,2026-07-01 12:50:09.634075+00:00,1,M1-F-1,1,,True,True,24.919846
ses_20260701-124636-MSI,A,住民税通知確認,hr,std,RT-181647-003,2026-07-01 12:50:09.634660+00:00,2026-07-01 12:50:36.163428+00:00,1,M1-A-3,3,,False,False,26.528768
ses_20260701-124636-MSI,F,請求書承認,finance,std,INV-181647-002,2026-07-01 12:50:36.164166+00:00,2026-07-01 12:51:00.014097+00:00,1,M1-F-2,2,,False,False,23.849931
ses_20260701-124636-MSI,O,返品処理,ops,,RET-181647-001,2026-07-01 12:51:01.571571+00:00,2026-07-01 12:51:31.255631+00:00,1,M1-O-1,1,,False,False,29.68406
ses_20260701-124636-MSI,M,仕入先連絡,ops,,SUP-181647-001,2026-07-01 12:51:31.256666+00:00,2026-07-01 12:52:09.837011+00:00,1,M1-M-1,1,,False,False,38.580345
ses_20260701-124636-MSI,E,入社照合・手当確認,hr,,OB-181647-001,2026-07-01 12:52:09.837897+00:00,2026-07-01 12:52:40.645515+00:00,1,M1-E-1,1,,False,False,30.807618
ses_20260701-124636-MSI,C,育児・産休申請確認,hr,,LA-181647-002,2026-07-01 12:52:40.646147+00:00,2026-07-01 12:54:32.803344+00:00,1,M1-C-2,2,,False,False,112.157197
ses_20260701-124636-MSI,F,請求書承認,finance,std,INV-181647-003,2026-07-01 12:54:32.804049+00:00,2026-07-01 12:54:56.927440+00:00,2,M1-F-3,3,M1-F-split-1,False,False,24.123391
ses_20260701-124636-MSI,E,入社照合・手当確認,hr,,OB-181647-002,2026-07-01 12:54:56.928014+00:00,2026-07-01 12:55:23.633338+00:00,1,M1-E-2,2,,False,False,26.705324
ses_20260701-124636-MSI,A,住民税通知確認,hr,exc,RT-181647-004,2026-07-01 12:55:23.634091+00:00,2026-07-01 12:55:50.006715+00:00,1,M1-A-4,4,,False,False,26.372624
ses_20260701-124636-MSI,N,出荷追跡,ops,,SHP-181647-001,2026-07-01 12:55:50.007281+00:00,2026-07-01 12:56:27.309488+00:00,1,M1-N-1,1,,False,False,37.302207
ses_20260701-124636-MSI,B,給与備考・控除整備,hr,reg,PI-181647-002,2026-07-01 12:56:27.310057+00:00,2026-07-01 12:56:49.247592+00:00,1,M1-B-2,2,,False,False,21.937535
ses_20260701-124636-MSI,C,育児・産休申請確認,hr,,LA-181647-003,2026-07-01 12:58:34.446684+00:00,2026-07-01 12:59:16.944558+00:00,1,M1-C-3,3,,False,False,42.497874
ses_20260701-124636-MSI,E,入社照合・手当確認,hr,,OB-181647-003,2026-07-01 12:59:16.945311+00:00,2026-07-01 12:59:45.063745+00:00,1,M1-E-3,3,,False,False,28.118434
ses_20260701-124636-MSI,C,育児・産休申請確認,hr,,LA-181647-004,2026-07-01 12:59:45.064912+00:00,2026-07-01 13:00:19.804237+00:00,1,M1-C-4,4,,False,False,34.739325
ses_20260701-124636-MSI,M,仕入先連絡,ops,,SUP-181647-002,2026-07-01 13:00:19.805330+00:00,2026-07-01 13:00:57.018271+00:00,1,M1-M-2,2,,False,False,37.212941
ses_20260701-124636-MSI,F,請求書承認,finance,exc,INV-181647-004,2026-07-01 13:00:57.018890+00:00,2026-07-01 13:01:32.141626+00:00,2,M1-F-4,4,M1-F-split-1,False,False,35.122736
ses_20260701-124636-MSI,D,社保・年金補正対応,hr,,SI-181647-001,2026-07-01 13:01:32.142491+00:00,,1,M1-D-1,1,,False,False,
ses_20260701-124636-MSI,D,社保・年金補正対応,hr,,SI-181647-002,2026-07-01 13:02:20.694132+00:00,,1,M1-D-2,2,,False,False,
ses_20260701-124636-MSI,D,社保・年金補正対応,hr,,SI-181647-003,2026-07-01 13:03:02.703559+00:00,2026-07-01 13:03:42.434272+00:00,1,M1-D-3,3,,False,False,39.730713
ses_20260701-124636-MSI,B,給与備考・控除整備,hr,reg,PI-181647-003,2026-07-01 13:03:42.435269+00:00,2026-07-01 13:04:21.805547+00:00,2,M1-B-3,3,M1-B-split-1,False,False,39.370278
ses_20260701-124636-MSI,O,返品処理,ops,,RET-181647-002,2026-07-01 13:04:21.806325+00:00,2026-07-01 13:04:46.591612+00:00,1,M1-O-2,2,,False,False,24.785287
ses_20260701-124636-MSI,B,給与備考・控除整備,hr,adj,PI-181647-004,2026-07-01 13:04:46.592675+00:00,2026-07-01 13:05:17.834976+00:00,2,M1-B-4,4,M1-B-split-1,False,False,31.242301
ses_20260701-124636-MSI,N,出荷追跡,ops,,SHP-181647-002,2026-07-01 13:05:17.836073+00:00,2026-07-01 13:05:51.944165+00:00,1,M1-N-2,2,,False,False,34.108092
ses_20260701-124636-MSI,F,請求書承認,finance,exc,INV-181647-005,2026-07-01 13:05:51.944925+00:00,2026-07-01 13:06:17.423789+00:00,2,M1-F-5,5,M1-F-split-1,False,False,25.478864
ses_20260701-124636-MSI,M,仕入先連絡,ops,,SUP-181647-003,2026-07-01 13:06:17.424644+00:00,2026-07-01 13:06:52.588960+00:00,1,M1-M-3,3,,False,False,35.164316
ses_20260701-124636-MSI,N,出荷追跡,ops,,SHP-181647-003,2026-07-01 13:06:52.589952+00:00,2026-07-01 13:07:25.004889+00:00,1,M1-N-3,3,,False,False,32.414937
ses_20260701-124636-MSI,O,返品処理,ops,,RET-181647-003,2026-07-01 13:07:25.005735+00:00,2026-07-01 13:07:49.776213+00:00,1,M1-O-3,3,,False,False,24.770478
ses_20260701-124636-MSI,M,仕入先連絡,ops,,SUP-181647-004,2026-07-01 13:07:49.777073+00:00,2026-07-01 13:08:36.567873+00:00,1,M1-M-4,4,,False,False,46.7908
ses_20260701-131015-SIDDHIGUPTAB00B,A,住民税通知確認,hr,std,RT-183942-001,2026-07-01 13:10:41.969415+00:00,2026-07-01 13:11:14.666587+00:00,1,M1-A-1,1,,False,False,32.697172
ses_20260701-131015-SIDDHIGUPTAB00B,N,出荷追跡,ops,,SHP-183942-001,2026-07-01 13:11:14.667452+00:00,2026-07-01 13:12:16.302581+00:00,1,M1-N-1,1,,False,False,61.635129
ses_20260701-131015-SIDDHIGUPTAB00B,J,支払処理,finance,,PM-183942-001,2026-07-01 13:12:16.303891+00:00,,1,M1-J-1,1,,False,False,
ses_20260701-131015-SIDDHIGUPTAB00B,J,支払処理,finance,,PM-183942-002,2026-07-01 13:12:55.842365+00:00,2026-07-01 13:14:07.106294+00:00,1,M1-J-2,2,,False,False,71.263929
ses_20260701-131015-SIDDHIGUPTAB00B,K,受注処理,ops,std,ORD-183942-001,2026-07-01 13:14:07.107868+00:00,2026-07-01 13:14:36.394077+00:00,1,M1-K-1,1,,False,False,29.286209
ses_20260701-131015-SIDDHIGUPTAB00B,C,育児・産休申請確認,hr,,LA-183942-001,2026-07-01 13:14:36.395052+00:00,2026-07-01 13:15:20.569960+00:00,1,M1-C-1,1,,False,False,44.174908
ses_20260701-131015-SIDDHIGUPTAB00B,N,出荷追跡,ops,,SHP-183942-002,2026-07-01 13:15:20.571400+00:00,2026-07-01 13:16:12.812239+00:00,1,M1-N-2,2,,False,False,52.240839
ses_20260701-131015-SIDDHIGUPTAB00B,C,育児・産休申請確認,hr,,LA-183942-002,2026-07-01 13:16:12.813501+00:00,2026-07-01 13:18:04.521828+00:00,1,M1-C-2,2,,False,False,111.708327
ses_20260701-131015-SIDDHIGUPTAB00B,K,受注処理,ops,std,ORD-183942-002,2026-07-01 13:18:04.524322+00:00,2026-07-01 13:18:34.573526+00:00,1,M1-K-2,2,,False,False,30.049204
ses_20260701-131015-SIDDHIGUPTAB00B,G,経費精算承認,finance,reg,EXP-183942-001,2026-07-01 13:18:34.574722+00:00,2026-07-01 13:18:59.344326+00:00,1,M1-G-1,1,,False,False,24.769604
ses_20260701-131015-SIDDHIGUPTAB00B,C,育児・産休申請確認,hr,,LA-183942-003,2026-07-01 13:18:59.345468+00:00,2026-07-01 13:19:36.917679+00:00,1,M1-C-3,3,,False,False,37.572211
ses_20260701-131015-SIDDHIGUPTAB00B,G,経費精算承認,finance,reg,EXP-183942-002,2026-07-01 13:19:36.920794+00:00,2026-07-01 13:19:59.270625+00:00,1,M1-G-2,2,,False,False,22.349831
ses_20260701-131015-SIDDHIGUPTAB00B,M,仕入先連絡,ops,,SUP-183942-001,2026-07-01 13:19:59.272001+00:00,2026-07-01 13:20:38.992125+00:00,1,M1-M-1,1,,False,False,39.720124
ses_20260701-131015-SIDDHIGUPTAB00B,G,経費精算承認,finance,reg,EXP-183942-003,2026-07-01 13:20:38.993321+00:00,2026-07-01 13:21:00.479286+00:00,1,M1-G-3,3,,True,True,21.485965
ses_20260701-131015-SIDDHIGUPTAB00B,B,給与備考・控除整備,hr,reg,PI-183942-001,2026-07-01 13:21:00.480387+00:00,2026-07-01 13:21:59.938932+00:00,1,M1-B-1,1,,False,False,59.458545
ses_20260701-131015-SIDDHIGUPTAB00B,C,育児・産休申請確認,hr,,LA-183942-004,2026-07-01 13:21:59.941963+00:00,2026-07-01 13:22:31.325032+00:00,1,M1-C-4,4,,False,False,31.383069
ses_20260701-131015-SIDDHIGUPTAB00B,G,経費精算承認,finance,adj,EXP-183942-004,2026-07-01 13:22:31.329201+00:00,2026-07-01 13:22:56.653551+00:00,1,M1-G-4,4,,False,False,25.32435
ses_20260701-131015-SIDDHIGUPTAB00B,N,出荷追跡,ops,,SHP-183942-003,2026-07-01 13:22:56.654526+00:00,2026-07-01 13:23:48.882283+00:00,1,M1-N-3,3,,False,False,52.227757
ses_20260701-131015-SIDDHIGUPTAB00B,B,給与備考・控除整備,hr,reg,PI-183942-002,2026-07-01 13:23:48.883511+00:00,2026-07-01 13:24:10.381891+00:00,1,M1-B-2,2,,False,False,21.49838
ses_20260701-131015-SIDDHIGUPTAB00B,M,仕入先連絡,ops,,SUP-183942-002,2026-07-01 13:25:01.228823+00:00,,1,M1-M-2,2,,False,False,
ses_20260701-131015-SIDDHIGUPTAB00B,M,仕入先連絡,ops,,SUP-183942-003,2026-07-01 13:25:39.075780+00:00,2026-07-01 13:26:14.833258+00:00,1,M1-M-3,3,,False,False,35.757478
ses_20260701-131015-SIDDHIGUPTAB00B,A,住民税通知確認,hr,std,RT-183942-002,2026-07-01 13:26:14.834929+00:00,2026-07-01 13:26:43.648737+00:00,1,M1-A-2,2,,False,False,28.813808
ses_20260701-131015-SIDDHIGUPTAB00B,K,受注処理,ops,std,ORD-183942-003,2026-07-01 13:26:43.649866+00:00,2026-07-01 13:27:10.648788+00:00,1,M1-K-3,3,,False,False,26.998922
ses_20260701-131015-SIDDHIGUPTAB00B,A,住民税通知確認,hr,std,RT-183942-003,2026-07-01 13:27:10.650178+00:00,2026-07-01 13:27:39.671795+00:00,1,M1-A-3,3,,False,False,29.021617
ses_20260701-131015-SIDDHIGUPTAB00B,B,給与備考・控除整備,hr,reg,PI-183942-003,2026-07-01 13:27:39.672998+00:00,2026-07-01 13:28:43.740499+00:00,2,M1-B-3,3,M1-B-split-1,False,False,64.067501
ses_20260701-131015-SIDDHIGUPTAB00B,K,受注処理,ops,exc,ORD-183942-004,2026-07-01 13:28:43.744974+00:00,2026-07-01 13:29:09.437786+00:00,1,M1-K-4,4,,False,False,25.692812
ses_20260701-131015-SIDDHIGUPTAB00B,M,仕入先連絡,ops,,SUP-183942-004,2026-07-01 13:29:09.439061+00:00,2026-07-01 13:29:43.181674+00:00,1,M1-M-4,4,,False,False,33.742613
ses_20260701-131015-SIDDHIGUPTAB00B,H,銀行勘定照合,finance,,BR-183942-001,2026-07-01 13:29:43.182714+00:00,2026-07-01 13:30:12.580773+00:00,1,M1-H-1,1,,False,False,29.398059
ses_20260701-131015-SIDDHIGUPTAB00B,J,支払処理,finance,,PM-183942-003,2026-07-01 13:30:12.582819+00:00,2026-07-01 13:31:05.180167+00:00,1,M1-J-3,3,,False,False,52.597348
ses_20260701-131015-SIDDHIGUPTAB00B,B,給与備考・控除整備,hr,adj,PI-183942-004,2026-07-01 13:31:05.199071+00:00,2026-07-01 13:35:14.915469+00:00,2,M1-B-4,4,M1-B-split-1,False,False,249.716398
ses_20260701-131015-SIDDHIGUPTAB00B,H,銀行勘定照合,finance,,BR-183942-002,2026-07-01 13:35:14.916832+00:00,,1,M1-H-2,2,,False,False,
ses_20260701-131015-SIDDHIGUPTAB00B,H,銀行勘定照合,finance,,BR-183942-003,2026-07-01 13:35:39.270286+00:00,,1,M1-H-3,3,,False,False,
ses_20260701-131015-SIDDHIGUPTAB00B,H,銀行勘定照合,finance,,BR-183942-004,2026-07-01 13:36:01.904331+00:00,2026-07-01 13:36:37.699386+00:00,1,M1-H-4,4,,False,False,35.795055
ses_20260701-131247-MSI,C,育児・産休申請確認,hr,,LA-184311-001,2026-07-01 13:14:13.581728+00:00,2026-07-01 13:14:47.785519+00:00,1,M1-C-1,1,,False,False,34.203791
ses_20260701-131247-MSI,N,出荷追跡,ops,,SHP-184311-001,2026-07-01 13:14:47.786096+00:00,2026-07-01 13:15:36.141458+00:00,1,M1-N-1,1,,False,False,48.355362
ses_20260701-131247-MSI,F,請求書承認,finance,std,INV-184311-001,2026-07-01 13:15:36.142171+00:00,2026-07-01 13:16:00.764628+00:00,1,M1-F-1,1,,True,True,24.622457
ses_20260701-131247-MSI,B,給与備考・控除整備,hr,reg,PI-184311-001,2026-07-01 13:16:00.765214+00:00,2026-07-01 13:16:26.654649+00:00,1,M1-B-1,1,,False,False,25.889435
ses_20260701-131247-MSI,D,社保・年金補正対応,hr,,SI-184311-001,2026-07-01 13:16:26.656134+00:00,2026-07-01 13:17:07.004533+00:00,1,M1-D-1,1,,False,False,40.348399
ses_20260701-131247-MSI,N,出荷追跡,ops,,SHP-184311-002,2026-07-01 13:17:07.005445+00:00,2026-07-01 13:17:55.001911+00:00,1,M1-N-2,2,,False,False,47.996466
ses_20260701-131247-MSI,A,住民税通知確認,hr,std,RT-184311-001,2026-07-01 13:17:55.002546+00:00,2026-07-01 13:18:20.292499+00:00,1,M1-A-1,1,,False,False,25.289953
ses_20260701-131247-MSI,M,仕入先連絡,ops,,SUP-184311-001,2026-07-01 13:18:20.293496+00:00,2026-07-01 13:19:00.258631+00:00,1,M1-M-1,1,,False,False,39.965135
ses_20260701-131247-MSI,A,住民税通知確認,hr,std,RT-184311-002,2026-07-01 13:19:00.259212+00:00,2026-07-01 13:19:29.320590+00:00,1,M1-A-2,2,,False,False,29.061378
ses_20260701-131247-MSI,F,請求書承認,finance,std,INV-184311-002,2026-07-01 13:19:29.321159+00:00,2026-07-01 13:19:52.379390+00:00,1,M1-F-2,2,,False,False,23.058231
ses_20260701-131247-MSI,A,住民税通知確認,hr,std,RT-184311-003,2026-07-01 13:19:53.865608+00:00,2026-07-01 13:20:25.315510+00:00,1,M1-A-3,3,,False,False,31.449902
ses_20260701-131247-MSI,B,給与備考・控除整備,hr,reg,PI-184311-002,2026-07-01 13:20:25.316737+00:00,2026-07-01 13:20:45.262945+00:00,1,M1-B-2,2,,False,False,19.946208
ses_20260701-131247-MSI,A,住民税通知確認,hr,exc,RT-184311-004,2026-07-01 13:20:46.712687+00:00,2026-07-01 13:21:13.774620+00:00,1,M1-A-4,4,,False,False,27.061933
ses_20260701-131247-MSI,D,社保・年金補正対応,hr,,SI-184311-002,2026-07-01 13:21:13.775446+00:00,2026-07-01 13:21:47.976900+00:00,1,M1-D-2,2,,False,False,34.201454
ses_20260701-131247-MSI,M,仕入先連絡,ops,,SUP-184311-002,2026-07-01 13:21:47.977805+00:00,2026-07-01 13:22:22.807962+00:00,1,M1-M-2,2,,False,False,34.830157
ses_20260701-131247-MSI,N,出荷追跡,ops,,SHP-184311-003,2026-07-01 13:22:22.808947+00:00,2026-07-01 13:23:01.885785+00:00,1,M1-N-3,3,,False,False,39.076838
ses_20260701-131247-MSI,B,給与備考・控除整備,hr,reg,PI-184311-003,2026-07-01 13:23:01.886627+00:00,2026-07-01 13:23:22.900368+00:00,2,M1-B-3,3,M1-B-split-1,False,False,21.013741
ses_20260701-131247-MSI,F,請求書承認,finance,std,INV-184311-003,2026-07-01 13:23:22.901075+00:00,2026-07-01 13:23:47.382747+00:00,2,M1-F-3,3,M1-F-split-1,False,False,24.481672
ses_20260701-131247-MSI,O,返品処理,ops,,RET-184311-001,2026-07-01 13:23:47.383370+00:00,2026-07-01 13:24:49.585594+00:00,1,M1-O-1,1,,False,False,62.202224
ses_20260701-131247-MSI,E,入社照合・手当確認,hr,,OB-184311-001,2026-07-01 13:24:49.586178+00:00,2026-07-01 13:25:14.406190+00:00,1,M1-E-1,1,,False,False,24.820012
ses_20260701-131247-MSI,F,請求書承認,finance,exc,INV-184311-004,2026-07-01 13:25:14.406907+00:00,,2,M1-F-4,4,M1-F-split-1,False,False,
ses_20260701-131247-MSI,F,請求書承認,finance,exc,INV-184311-005,2026-07-01 13:25:43.434963+00:00,2026-07-01 13:26:10.886153+00:00,2,M1-F-5,5,M1-F-split-1,False,False,27.45119
ses_20260701-131247-MSI,B,給与備考・控除整備,hr,adj,PI-184311-004,2026-07-01 13:26:10.886945+00:00,2026-07-01 13:26:37.610785+00:00,2,M1-B-4,4,M1-B-split-1,False,False,26.72384
ses_20260701-131247-MSI,O,返品処理,ops,,RET-184311-002,2026-07-01 13:26:37.611748+00:00,2026-07-01 13:27:06.342319+00:00,1,M1-O-2,2,,False,False,28.730571
ses_20260701-131247-MSI,C,育児・産休申請確認,hr,,LA-184311-002,2026-07-01 13:27:06.343097+00:00,2026-07-01 13:27:57.071269+00:00,1,M1-C-2,2,,False,False,50.728172
ses_20260701-131247-MSI,O,返品処理,ops,,RET-184311-003,2026-07-01 13:27:57.071849+00:00,2026-07-01 13:28:27.091238+00:00,1,M1-O-3,3,,False,False,30.019389
ses_20260701-131247-MSI,M,仕入先連絡,ops,,SUP-184311-003,2026-07-01 13:28:27.092025+00:00,2026-07-01 13:29:04.100946+00:00,1,M1-M-3,3,,False,False,37.008921
ses_20260701-131247-MSI,C,育児・産休申請確認,hr,,LA-184311-003,2026-07-01 13:29:04.101604+00:00,2026-07-01 13:29:40.869408+00:00,1,M1-C-3,3,,False,False,36.767804
ses_20260701-131247-MSI,M,仕入先連絡,ops,,SUP-184311-004,2026-07-01 13:29:40.870491+00:00,2026-07-01 13:31:32.879992+00:00,1,M1-M-4,4,,False,False,112.009501
ses_20260701-131247-MSI,D,社保・年金補正対応,hr,,SI-184311-003,2026-07-01 13:31:32.880700+00:00,2026-07-01 13:32:11.996704+00:00,1,M1-D-3,3,,False,False,39.116004
ses_20260701-131247-MSI,C,育児・産休申請確認,hr,,LA-184311-004,2026-07-01 13:32:11.997542+00:00,2026-07-01 13:32:51.158100+00:00,1,M1-C-4,4,,False,False,39.160558
ses_20260701-131247-MSI,E,入社照合・手当確認,hr,,OB-184311-002,2026-07-01 13:32:51.159273+00:00,,1,M1-E-2,2,,False,False,
ses_20260701-131247-MSI,E,入社照合・手当確認,hr,,OB-184311-003,2026-07-01 13:33:35.809746+00:00,2026-07-01 13:34:07.872611+00:00,1,M1-E-3,3,,False,False,32.062865
ses_20260701-134215-SIDDHIGUPTAB00B,M,仕入先連絡,ops,,SUP-191148-001,2026-07-01 13:42:42.913658+00:00,2026-07-01 13:43:20.299504+00:00,1,M1-M-1,1,,False,False,37.385846
ses_20260701-134215-SIDDHIGUPTAB00B,K,受注処理,ops,std,ORD-191148-001,2026-07-01 13:43:20.300805+00:00,2026-07-01 13:43:44.310615+00:00,1,M1-K-1,1,,False,False,24.00981
ses_20260701-134215-SIDDHIGUPTAB00B,F,請求書承認,finance,std,INV-191148-001,2026-07-01 13:43:44.313509+00:00,2026-07-01 13:44:13.009718+00:00,1,M1-F-1,1,,False,False,28.696209
ses_20260701-134215-SIDDHIGUPTAB00B,B,給与備考・控除整備,hr,reg,PI-191148-001,2026-07-01 13:44:13.011093+00:00,,1,M1-B-1,1,,False,False,
ses_20260701-134215-SIDDHIGUPTAB00B,B,給与備考・控除整備,hr,reg,PI-191148-002,2026-07-01 13:44:38.295105+00:00,2026-07-01 13:44:59.970447+00:00,1,M1-B-2,2,,False,False,21.675342
ses_20260701-134215-SIDDHIGUPTAB00B,H,銀行勘定照合,finance,,BR-191148-001,2026-07-01 13:45:01.746517+00:00,2026-07-01 13:45:32.258099+00:00,1,M1-H-1,1,,False,False,30.511582
ses_20260701-134215-SIDDHIGUPTAB00B,M,仕入先連絡,ops,,SUP-191148-002,2026-07-01 13:45:32.260733+00:00,2026-07-01 13:46:35.349526+00:00,1,M1-M-2,2,,False,False,63.088793
ses_20260701-134215-SIDDHIGUPTAB00B,L,在庫調整,ops,reg,STK-191148-001,2026-07-01 13:46:35.351587+00:00,2026-07-01 13:50:44.314981+00:00,1,M1-L-1,1,,True,True,248.963394
ses_20260701-134215-SIDDHIGUPTAB00B,K,受注処理,ops,std,ORD-191148-002,2026-07-01 13:50:44.317427+00:00,2026-07-01 13:51:07.552648+00:00,1,M1-K-2,2,,False,False,23.235221
ses_20260701-134215-SIDDHIGUPTAB00B,B,給与備考・控除整備,hr,reg,PI-191148-003,2026-07-01 13:51:07.555068+00:00,2026-07-01 13:51:29.015393+00:00,2,M1-B-3,3,M1-B-split-1,False,False,21.460325
ses_20260701-134215-SIDDHIGUPTAB00B,G,経費精算承認,finance,reg,EXP-191148-001,2026-07-01 13:51:29.016386+00:00,,1,M1-G-1,1,,False,False,
ses_20260701-134215-SIDDHIGUPTAB00B,G,経費精算承認,finance,reg,EXP-191148-002,2026-07-01 13:51:51.241422+00:00,2026-07-01 13:52:13.828342+00:00,1,M1-G-2,2,,False,False,22.58692
ses_20260701-134215-SIDDHIGUPTAB00B,J,支払処理,finance,,PM-191148-001,2026-07-01 13:52:13.831844+00:00,2026-07-01 13:53:15.281020+00:00,1,M1-J-1,1,,False,False,61.449176
ses_20260701-134215-SIDDHIGUPTAB00B,K,受注処理,ops,std,ORD-191148-003,2026-07-01 13:53:15.282526+00:00,,1,M1-K-3,3,,False,False,
ses_20260701-134215-SIDDHIGUPTAB00B,K,受注処理,ops,exc,ORD-191148-004,2026-07-01 13:53:40.905329+00:00,2026-07-01 13:54:39.546469+00:00,1,M1-K-4,4,,False,False,58.64114
ses_20260701-134215-SIDDHIGUPTAB00B,L,在庫調整,ops,reg,STK-191148-002,2026-07-01 13:54:39.549751+00:00,2026-07-01 13:55:01.670886+00:00,1,M1-L-2,2,,False,False,22.121135
ses_20260701-134215-SIDDHIGUPTAB00B,I,予算差異分析,finance,,BV-191148-001,2026-07-01 13:55:30.059077+00:00,2026-07-01 13:56:49.695182+00:00,1,M1-I-1,1,,False,False,79.636105
ses_20260701-134215-SIDDHIGUPTAB00B,F,請求書承認,finance,std,INV-191148-002,2026-07-01 13:56:49.697213+00:00,2026-07-01 13:57:16.051481+00:00,1,M1-F-2,2,,False,False,26.354268
ses_20260701-134215-SIDDHIGUPTAB00B,H,銀行勘定照合,finance,,BR-191148-002,2026-07-01 13:57:16.052659+00:00,2026-07-01 13:57:40.333963+00:00,1,M1-H-2,2,,False,False,24.281304
ses_20260701-134215-SIDDHIGUPTAB00B,I,予算差異分析,finance,,BV-191148-002,2026-07-01 13:57:40.337645+00:00,,1,M1-I-2,2,,False,False,
ses_20260701-134215-SIDDHIGUPTAB00B,I,予算差異分析,finance,,BV-191148-003,2026-07-01 13:59:07.351003+00:00,2026-07-01 14:00:36.196917+00:00,1,M1-I-3,3,,False,False,88.845914
ses_20260701-134215-SIDDHIGUPTAB00B,C,育児・産休申請確認,hr,,LA-191148-001,2026-07-01 14:00:36.201089+00:00,2026-07-01 14:01:16.098518+00:00,1,M1-C-1,1,,False,False,39.897429
ses_20260701-134215-SIDDHIGUPTAB00B,J,支払処理,finance,,PM-191148-002,2026-07-01 14:01:16.100683+00:00,2026-07-01 14:02:16.216433+00:00,1,M1-J-2,2,,False,False,60.11575
ses_20260701-134215-SIDDHIGUPTAB00B,F,請求書承認,finance,std,INV-191148-003,2026-07-01 14:02:16.219660+00:00,2026-07-01 14:02:37.882877+00:00,1,M1-F-3,3,,False,False,21.663217
ses_20260701-134215-SIDDHIGUPTAB00B,C,育児・産休申請確認,hr,,LA-191148-002,2026-07-01 14:02:37.884640+00:00,2026-07-01 14:03:12.104913+00:00,1,M1-C-2,2,,False,False,34.220273
ses_20260701-134215-SIDDHIGUPTAB00B,G,経費精算承認,finance,reg,EXP-191148-003,2026-07-01 14:03:12.106049+00:00,2026-07-01 14:03:32.242633+00:00,1,M1-G-3,3,,False,False,20.136584
ses_20260701-134215-SIDDHIGUPTAB00B,H,銀行勘定照合,finance,,BR-191148-003,2026-07-01 14:03:32.244409+00:00,2026-07-01 14:03:56.711308+00:00,1,M1-H-3,3,,False,False,24.466899
ses_20260701-134215-SIDDHIGUPTAB00B,M,仕入先連絡,ops,,SUP-191148-003,2026-07-01 14:03:56.712124+00:00,2026-07-01 14:04:38.104638+00:00,1,M1-M-3,3,,False,False,41.392514
ses_20260701-134215-SIDDHIGUPTAB00B,C,育児・産休申請確認,hr,,LA-191148-003,2026-07-01 14:04:38.105921+00:00,2026-07-01 14:05:19.331080+00:00,1,M1-C-3,3,,False,False,41.225159
ses_20260701-134215-SIDDHIGUPTAB00B,L,在庫調整,ops,reg,STK-191148-003,2026-07-01 14:05:19.332279+00:00,2026-07-01 14:06:07.508564+00:00,2,M1-L-3,3,M1-L-split-1,False,False,48.176285
ses_20260701-134215-SIDDHIGUPTAB00B,F,請求書承認,finance,exc,INV-191148-004,2026-07-01 14:06:07.510802+00:00,2026-07-01 14:06:32.399828+00:00,1,M1-F-4,4,,False,False,24.889026
ses_20260701-134215-SIDDHIGUPTAB00B,H,銀行勘定照合,finance,,BR-191148-004,2026-07-01 14:06:32.400984+00:00,2026-07-01 14:06:58.056358+00:00,1,M1-H-4,4,,False,False,25.655374
ses_20260701-134215-SIDDHIGUPTAB00B,J,支払処理,finance,,PM-191148-003,2026-07-01 14:06:58.057796+00:00,2026-07-01 14:07:28.047693+00:00,1,M1-J-3,3,,False,False,29.989897
ses_20260701-134215-SIDDHIGUPTAB00B,M,仕入先連絡,ops,,SUP-191148-004,2026-07-01 14:07:28.050206+00:00,2026-07-01 14:08:03.026302+00:00,1,M1-M-4,4,,False,False,34.976096
ses_20260701-134215-SIDDHIGUPTAB00B,F,請求書承認,finance,exc,INV-191148-005,2026-07-01 14:08:03.027533+00:00,2026-07-01 14:08:36.642587+00:00,1,M1-F-5,5,,False,False,33.615054
ses_20260701-141430-SIDDHIGUPTAB00B,A,住民税通知確認,hr,std,RT-194400-001,2026-07-01 14:14:57.930334+00:00,2026-07-01 14:15:29.629657+00:00,1,M1-A-1,1,,False,False,31.699323
ses_20260701-141430-SIDDHIGUPTAB00B,K,受注処理,ops,std,ORD-194400-001,2026-07-01 14:15:29.631528+00:00,,1,M1-K-1,1,,True,True,
ses_20260701-141430-SIDDHIGUPTAB00B,K,受注処理,ops,std,ORD-194400-002,2026-07-01 14:16:37.908446+00:00,2026-07-01 14:17:03.843331+00:00,1,M1-K-2,2,,False,False,25.934885
ses_20260701-141430-SIDDHIGUPTAB00B,B,給与備考・控除整備,hr,reg,PI-194400-001,2026-07-01 14:18:08.944731+00:00,,1,M1-B-1,1,,False,False,
ses_20260701-141430-SIDDHIGUPTAB00B,B,給与備考・控除整備,hr,reg,PI-194400-002,2026-07-01 14:18:32.271954+00:00,2026-07-01 14:18:51.883609+00:00,1,M1-B-2,2,,False,False,19.611655
ses_20260701-141430-SIDDHIGUPTAB00B,N,出荷追跡,ops,,SHP-194400-001,2026-07-01 14:18:51.885948+00:00,2026-07-01 14:20:00.865883+00:00,1,M1-N-1,1,,False,False,68.979935
ses_20260701-141430-SIDDHIGUPTAB00B,A,住民税通知確認,hr,std,RT-194400-002,2026-07-01 14:20:00.867233+00:00,2026-07-01 14:20:28.632564+00:00,1,M1-A-2,2,,False,False,27.765331
ses_20260701-141430-SIDDHIGUPTAB00B,G,経費精算承認,finance,reg,EXP-194400-001,2026-07-01 14:20:30.327076+00:00,,1,M1-G-1,1,,False,False,
ses_20260701-141430-SIDDHIGUPTAB00B,G,経費精算承認,finance,reg,EXP-194400-002,2026-07-01 14:20:53.087350+00:00,2026-07-01 14:21:14.735311+00:00,1,M1-G-2,2,,False,False,21.647961
ses_20260701-141430-SIDDHIGUPTAB00B,H,銀行勘定照合,finance,,BR-194400-001,2026-07-01 14:21:14.736862+00:00,2026-07-01 14:21:54.906629+00:00,1,M1-H-1,1,,False,False,40.169767
ses_20260701-141430-SIDDHIGUPTAB00B,B,給与備考・控除整備,hr,reg,PI-194400-003,2026-07-01 14:21:54.907717+00:00,2026-07-01 14:23:21.499228+00:00,1,M1-B-3,3,,False,False,86.591511
ses_20260701-141430-SIDDHIGUPTAB00B,K,受注処理,ops,std,ORD-194400-003,2026-07-01 14:23:21.504537+00:00,2026-07-01 14:24:31.309319+00:00,2,M1-K-3,3,M1-K-split-1,False,False,69.804782
ses_20260701-141430-SIDDHIGUPTAB00B,G,経費精算承認,finance,reg,EXP-194400-003,2026-07-01 14:24:31.311073+00:00,2026-07-01 14:24:51.362232+00:00,1,M1-G-3,3,,False,False,20.051159
ses_20260701-141430-SIDDHIGUPTAB00B,A,住民税通知確認,hr,std,RT-194400-003,2026-07-01 14:24:51.364632+00:00,2026-07-01 14:25:47.837897+00:00,2,M1-A-3,3,M1-A-split-1,False,False,56.473265
ses_20260701-141430-SIDDHIGUPTAB00B,O,返品処理,ops,,RET-194400-001,2026-07-01 14:25:47.839567+00:00,2026-07-01 14:26:13.377903+00:00,1,M1-O-1,1,,False,False,25.538336
ses_20260701-141430-SIDDHIGUPTAB00B,H,銀行勘定照合,finance,,BR-194400-002,2026-07-01 14:26:13.379156+00:00,2026-07-01 14:27:10.542483+00:00,1,M1-H-2,2,,False,False,57.163327
ses_20260701-141430-SIDDHIGUPTAB00B,M,仕入先連絡,ops,,SUP-194400-001,2026-07-01 14:27:10.545347+00:00,2026-07-01 14:27:51.346160+00:00,1,M1-M-1,1,,False,False,40.800813
ses_20260701-141430-SIDDHIGUPTAB00B,N,出荷追跡,ops,,SHP-194400-002,2026-07-01 14:27:51.348605+00:00,2026-07-01 14:30:50.102018+00:00,1,M1-N-2,2,,False,False,178.753413
ses_20260701-141430-SIDDHIGUPTAB00B,A,住民税通知確認,hr,exc,RT-194400-004,2026-07-01 14:30:50.103873+00:00,2026-07-01 14:31:19.973615+00:00,2,M1-A-4,4,M1-A-split-1,False,False,29.869742
ses_20260701-141430-SIDDHIGUPTAB00B,N,出荷追跡,ops,,SHP-194400-003,2026-07-01 14:31:19.974937+00:00,2026-07-01 14:32:14.446511+00:00,1,M1-N-3,3,,False,False,54.471574
ses_20260701-141430-SIDDHIGUPTAB00B,A,住民税通知確認,hr,exc,RT-194400-005,2026-07-01 14:32:14.448471+00:00,2026-07-01 14:32:44.359439+00:00,2,M1-A-5,5,M1-A-split-1,False,False,29.910968
ses_20260701-141430-SIDDHIGUPTAB00B,O,返品処理,ops,,RET-194400-002,2026-07-01 14:32:44.360904+00:00,,1,M1-O-2,2,,False,False,
ses_20260701-141430-SIDDHIGUPTAB00B,O,返品処理,ops,,RET-194400-003,2026-07-01 14:33:13.929861+00:00,2026-07-01 14:33:37.762475+00:00,1,M1-O-3,3,,False,False,23.832614
ses_20260701-141430-SIDDHIGUPTAB00B,I,予算差異分析,finance,,BV-194400-001,2026-07-01 14:33:37.763563+00:00,,1,M1-I-1,1,,False,False,
ses_20260701-141430-SIDDHIGUPTAB00B,I,予算差異分析,finance,,BV-194400-002,2026-07-01 14:35:02.842970+00:00,2026-07-01 14:36:20.066625+00:00,1,M1-I-2,2,,False,False,77.223655
ses_20260701-141430-SIDDHIGUPTAB00B,H,銀行勘定照合,finance,,BR-194400-003,2026-07-01 14:36:20.069875+00:00,2026-07-01 14:36:47.503188+00:00,1,M1-H-3,3,,False,False,27.433313
ses_20260701-141430-SIDDHIGUPTAB00B,M,仕入先連絡,ops,,SUP-194400-002,2026-07-01 14:36:47.504063+00:00,2026-07-01 14:37:27.731058+00:00,1,M1-M-2,2,,False,False,40.226995
ses_20260701-141430-SIDDHIGUPTAB00B,H,銀行勘定照合,finance,,BR-194400-004,2026-07-01 14:37:27.733636+00:00,2026-07-01 14:37:52.329199+00:00,1,M1-H-4,4,,False,False,24.595563
ses_20260701-141430-SIDDHIGUPTAB00B,G,経費精算承認,finance,adj,EXP-194400-004,2026-07-01 14:37:52.330957+00:00,2026-07-01 14:38:19.242885+00:00,1,M1-G-4,4,,False,False,26.911928
ses_20260701-141430-SIDDHIGUPTAB00B,M,仕入先連絡,ops,,SUP-194400-003,2026-07-01 14:38:19.253374+00:00,2026-07-01 14:38:55.460281+00:00,1,M1-M-3,3,,False,False,36.206907
ses_20260701-141430-SIDDHIGUPTAB00B,J,支払処理,finance,,PM-194400-001,2026-07-01 14:38:55.461689+00:00,2026-07-01 14:39:37.112108+00:00,1,M1-J-1,1,,False,False,41.650419
ses_20260701-141430-SIDDHIGUPTAB00B,I,予算差異分析,finance,,BV-194400-003,2026-07-01 14:39:37.114852+00:00,2026-07-01 14:40:59.511238+00:00,1,M1-I-3,3,,False,False,82.396386
ses_20260701-141430-SIDDHIGUPTAB00B,J,支払処理,finance,,PM-194400-002,2026-07-01 14:40:59.513603+00:00,2026-07-01 14:41:44.130650+00:00,1,M1-J-2,2,,False,False,44.617047
ses_20260701-141430-SIDDHIGUPTAB00B,M,仕入先連絡,ops,,SUP-194400-004,2026-07-01 14:41:44.143757+00:00,2026-07-01 14:42:29.976014+00:00,1,M1-M-4,4,,False,False,45.832257
ses_20260701-141430-SIDDHIGUPTAB00B,J,支払処理,finance,,PM-194400-003,2026-07-01 14:42:29.981127+00:00,2026-07-01 14:43:02.832240+00:00,1,M1-J-3,3,,False,False,32.851113
ses_20260701-145907-MSI,B,給与備考・控除整備,hr,reg,PI-202918-001,2026-07-01 15:00:20.455812+00:00,2026-07-01 15:00:46.123392+00:00,1,M1-B-1,1,,False,False,25.66758
ses_20260701-145907-MSI,M,仕入先連絡,ops,,SUP-202918-001,2026-07-01 15:00:46.124383+00:00,2026-07-01 15:01:20.607622+00:00,1,M1-M-1,1,,False,False,34.483239
ses_20260701-145907-MSI,B,給与備考・控除整備,hr,reg,PI-202918-002,2026-07-01 15:01:20.608424+00:00,2026-07-01 15:01:40.091325+00:00,1,M1-B-2,2,,False,False,19.482901
ses_20260701-145907-MSI,E,入社照合・手当確認,hr,,OB-202918-001,2026-07-01 15:01:41.675430+00:00,2026-07-01 15:03:30.709071+00:00,1,M1-E-1,1,,False,False,109.033641
ses_20260701-145907-MSI,N,出荷追跡,ops,,SHP-202918-001,2026-07-01 15:03:30.710520+00:00,,1,M1-N-1,1,,False,False,
ses_20260701-145907-MSI,N,出荷追跡,ops,,SHP-202918-002,2026-07-01 15:04:11.856366+00:00,2026-07-01 15:04:50.669110+00:00,1,M1-N-2,2,,False,False,38.812744
ses_20260701-145907-MSI,F,請求書承認,finance,std,INV-202918-001,2026-07-01 15:04:50.669963+00:00,2026-07-01 15:05:14.882602+00:00,1,M1-F-1,1,,True,True,24.212639
ses_20260701-145907-MSI,E,入社照合・手当確認,hr,,OB-202918-002,2026-07-01 15:05:14.883363+00:00,2026-07-01 15:06:01.205648+00:00,1,M1-E-2,2,,False,False,46.322285
ses_20260701-145907-MSI,C,育児・産休申請確認,hr,,LA-202918-001,2026-07-01 15:06:01.206614+00:00,2026-07-01 15:06:40.473166+00:00,1,M1-C-1,1,,False,False,39.266552
ses_20260701-145907-MSI,N,出荷追跡,ops,,SHP-202918-003,2026-07-01 15:06:40.473844+00:00,2026-07-01 15:07:14.443517+00:00,1,M1-N-3,3,,False,False,33.969673
ses_20260701-145907-MSI,C,育児・産休申請確認,hr,,LA-202918-002,2026-07-01 15:07:14.444218+00:00,2026-07-01 15:08:27.962802+00:00,1,M1-C-2,2,,False,False,73.518584
ses_20260701-145907-MSI,D,社保・年金補正対応,hr,,SI-202918-001,2026-07-01 15:08:27.963602+00:00,,1,M1-D-1,1,,False,False,
ses_20260701-145907-MSI,D,社保・年金補正対応,hr,,SI-202918-002,2026-07-01 15:09:05.224155+00:00,2026-07-01 15:09:44.792735+00:00,1,M1-D-2,2,,False,False,39.56858
ses_20260701-145907-MSI,F,請求書承認,finance,std,INV-202918-002,2026-07-01 15:09:44.793606+00:00,2026-07-01 15:10:10.981707+00:00,1,M1-F-2,2,,False,False,26.188101
ses_20260701-145907-MSI,A,住民税通知確認,hr,std,RT-202918-001,2026-07-01 15:10:12.563758+00:00,2026-07-01 15:10:40.824423+00:00,1,M1-A-1,1,,False,False,28.260665
ses_20260701-145907-MSI,M,仕入先連絡,ops,,SUP-202918-002,2026-07-01 15:10:40.825141+00:00,2026-07-01 15:11:36.138208+00:00,1,M1-M-2,2,,False,False,55.313067
ses_20260701-145907-MSI,O,返品処理,ops,,RET-202918-001,2026-07-01 15:11:36.138944+00:00,2026-07-01 15:12:14.363642+00:00,1,M1-O-1,1,,False,False,38.224698
ses_20260701-145907-MSI,M,仕入先連絡,ops,,SUP-202918-003,2026-07-01 15:12:14.364452+00:00,2026-07-01 15:13:05.026257+00:00,1,M1-M-3,3,,False,False,50.661805
ses_20260701-145907-MSI,E,入社照合・手当確認,hr,,OB-202918-003,2026-07-01 15:13:05.027129+00:00,2026-07-01 15:13:34.503518+00:00,1,M1-E-3,3,,False,False,29.476389
ses_20260701-145907-MSI,A,住民税通知確認,hr,std,RT-202918-002,2026-07-01 15:13:34.504184+00:00,2026-07-01 15:13:59.713470+00:00,1,M1-A-2,2,,False,False,25.209286
ses_20260701-145907-MSI,B,給与備考・控除整備,hr,reg,PI-202918-003,2026-07-01 15:13:59.714377+00:00,,2,M1-B-3,3,M1-B-split-1,False,False,
ses_20260701-145907-MSI,B,給与備考・控除整備,hr,adj,PI-202918-004,2026-07-01 15:14:22.799443+00:00,2026-07-01 15:14:55.634636+00:00,2,M1-B-4,4,M1-B-split-1,False,False,32.835193
ses_20260701-145907-MSI,A,住民税通知確認,hr,std,RT-202918-003,2026-07-01 15:14:55.635578+00:00,2026-07-01 15:15:25.083482+00:00,1,M1-A-3,3,,False,False,29.447904
ses_20260701-145907-MSI,C,育児・産休申請確認,hr,,LA-202918-003,2026-07-01 15:15:25.084356+00:00,2026-07-01 15:15:55.799573+00:00,1,M1-C-3,3,,False,False,30.715217
ses_20260701-145907-MSI,M,仕入先連絡,ops,,SUP-202918-004,2026-07-01 15:15:55.800157+00:00,2026-07-01 15:16:29.727816+00:00,1,M1-M-4,4,,False,False,33.927659
ses_20260701-145907-MSI,A,住民税通知確認,hr,exc,RT-202918-004,2026-07-01 15:16:29.728489+00:00,2026-07-01 15:16:54.683723+00:00,1,M1-A-4,4,,False,False,24.955234
ses_20260701-145907-MSI,C,育児・産休申請確認,hr,,LA-202918-004,2026-07-01 15:16:54.684977+00:00,2026-07-01 15:17:56.707085+00:00,1,M1-C-4,4,,False,False,62.022108
ses_20260701-145907-MSI,O,返品処理,ops,,RET-202918-002,2026-07-01 15:17:56.707764+00:00,,1,M1-O-2,2,,False,False,
ses_20260701-145907-MSI,O,返品処理,ops,,RET-202918-003,2026-07-01 15:18:26.465889+00:00,2026-07-01 15:18:52.092273+00:00,1,M1-O-3,3,,False,False,25.626384
ses_20260701-145907-MSI,F,請求書承認,finance,std,INV-202918-003,2026-07-01 15:18:52.093010+00:00,,2,M1-F-3,3,M1-F-split-1,False,False,
ses_20260701-145907-MSI,F,請求書承認,finance,exc,INV-202918-004,2026-07-01 15:19:18.780773+00:00,2026-07-01 15:19:42.676966+00:00,2,M1-F-4,4,M1-F-split-1,False,False,23.896193
ses_20260701-145907-MSI,D,社保・年金補正対応,hr,,SI-202918-003,2026-07-01 15:19:42.677820+00:00,2026-07-01 15:20:15.626634+00:00,1,M1-D-3,3,,False,False,32.948814
ses_20260701-145907-MSI,F,請求書承認,finance,exc,INV-202918-005,2026-07-01 15:20:15.627358+00:00,2026-07-01 15:21:08.132496+00:00,2,M1-F-5,5,M1-F-split-1,False,False,52.505138
ses_20260701-152030-CHAITANYA0BCF,H,銀行勘定照合,finance,,BR-205011-001,2026-07-01 15:21:06.052089+00:00,,1,M1-H-1,1,,False,False,
ses_20260701-152030-CHAITANYA0BCF,H,銀行勘定照合,finance,,BR-205011-002,2026-07-01 15:21:29.394475+00:00,2026-07-01 15:21:58.995491+00:00,1,M1-H-2,2,,False,False,29.601016
ses_20260701-152030-CHAITANYA0BCF,N,出荷追跡,ops,,SHP-205011-001,2026-07-01 15:21:58.995491+00:00,2026-07-01 15:22:59.448146+00:00,1,M1-N-1,1,,False,False,60.452655
ses_20260701-152030-CHAITANYA0BCF,G,経費精算承認,finance,reg,EXP-205011-001,2026-07-01 15:22:59.448146+00:00,2026-07-01 15:23:23.964688+00:00,1,M1-G-1,1,,False,False,24.516542
ses_20260701-152030-CHAITANYA0BCF,H,銀行勘定照合,finance,,BR-205011-003,2026-07-01 15:23:23.964688+00:00,2026-07-01 15:23:51.790951+00:00,1,M1-H-3,3,,False,False,27.826263
ses_20260701-152030-CHAITANYA0BCF,N,出荷追跡,ops,,SHP-205011-002,2026-07-01 15:23:51.791482+00:00,,1,M1-N-2,2,,False,False,
ses_20260701-152030-CHAITANYA0BCF,N,出荷追跡,ops,,SHP-205011-003,2026-07-01 15:25:55.493944+00:00,2026-07-01 15:26:52.184771+00:00,1,M1-N-3,3,,False,False,56.690827
ses_20260701-152030-CHAITANYA0BCF,O,返品処理,ops,,RET-205011-001,2026-07-01 15:26:52.185102+00:00,2026-07-01 15:27:20.917620+00:00,1,M1-O-1,1,,False,False,28.732518
ses_20260701-152030-CHAITANYA0BCF,C,育児・産休申請確認,hr,,LA-205011-001,2026-07-01 15:27:20.917620+00:00,2026-07-01 15:28:01.401485+00:00,1,M1-C-1,1,,False,False,40.483865
ses_20260701-152030-CHAITANYA0BCF,I,予算差異分析,finance,,BV-205011-001,2026-07-01 15:28:01.402535+00:00,2026-07-01 15:29:19.954236+00:00,1,M1-I-1,1,,True,True,78.551701
ses_20260701-152030-CHAITANYA0BCF,M,仕入先連絡,ops,,SUP-205011-001,2026-07-01 15:29:19.955875+00:00,2026-07-01 15:30:02.950383+00:00,1,M1-M-1,1,,False,False,42.994508
ses_20260701-152030-CHAITANYA0BCF,G,経費精算承認,finance,reg,EXP-205011-002,2026-07-01 15:30:02.953773+00:00,2026-07-01 15:30:55.142048+00:00,1,M1-G-2,2,,False,False,52.188275
ses_20260701-152030-CHAITANYA0BCF,K,受注処理,ops,std,ORD-205011-001,2026-07-01 15:30:55.142048+00:00,2026-07-01 15:31:50.450323+00:00,1,M1-K-1,1,,False,False,55.308275
ses_20260701-152030-CHAITANYA0BCF,G,経費精算承認,finance,reg,EXP-205011-003,2026-07-01 15:31:50.451890+00:00,2026-07-01 15:32:10.726866+00:00,1,M1-G-3,3,,False,False,20.274976
ses_20260701-152030-CHAITANYA0BCF,K,受注処理,ops,std,ORD-205011-002,2026-07-01 15:32:10.728461+00:00,2026-07-01 15:32:39.168000+00:00,1,M1-K-2,2,,False,False,28.439539
ses_20260701-152030-CHAITANYA0BCF,G,経費精算承認,finance,adj,EXP-205011-004,2026-07-01 15:33:05.091290+00:00,2026-07-01 15:33:36.153538+00:00,1,M1-G-4,4,,False,False,31.062248
ses_20260701-152030-CHAITANYA0BCF,H,銀行勘定照合,finance,,BR-205011-004,2026-07-01 15:33:36.153538+00:00,2026-07-01 15:34:02.340630+00:00,1,M1-H-4,4,,False,False,26.187092
ses_20260701-152030-CHAITANYA0BCF,K,受注処理,ops,std,ORD-205011-003,2026-07-01 15:34:02.340630+00:00,,2,M1-K-3,3,M1-K-split-1,False,False,
ses_20260701-152030-CHAITANYA0BCF,K,受注処理,ops,exc,ORD-205011-004,2026-07-01 15:35:08.353159+00:00,2026-07-01 15:35:56.315306+00:00,2,M1-K-4,4,M1-K-split-1,False,False,47.962147
ses_20260701-152030-CHAITANYA0BCF,M,仕入先連絡,ops,,SUP-205011-002,2026-07-01 15:35:56.317661+00:00,,1,M1-M-2,2,,False,False,
ses_20260701-152030-CHAITANYA0BCF,M,仕入先連絡,ops,,SUP-205011-003,2026-07-01 15:36:30.563945+00:00,2026-07-01 15:38:25.795358+00:00,1,M1-M-3,3,,False,False,115.231413
ses_20260701-152030-CHAITANYA0BCF,I,予算差異分析,finance,,BV-205011-002,2026-07-01 15:38:25.796394+00:00,2026-07-01 15:39:55.781487+00:00,1,M1-I-2,2,,False,False,89.985093
ses_20260701-152030-CHAITANYA0BCF,C,育児・産休申請確認,hr,,LA-205011-002,2026-07-01 15:39:55.781487+00:00,2026-07-01 15:40:33.047487+00:00,1,M1-C-2,2,,False,False,37.266
ses_20260701-152030-CHAITANYA0BCF,L,在庫調整,ops,reg,STK-205011-001,2026-07-01 15:40:33.048509+00:00,2026-07-01 15:40:58.720332+00:00,1,M1-L-1,1,,False,False,25.671823
ses_20260701-152030-CHAITANYA0BCF,O,返品処理,ops,,RET-205011-002,2026-07-01 15:40:58.720332+00:00,2026-07-01 15:41:27.029018+00:00,1,M1-O-2,2,,False,False,28.308686
ses_20260701-152030-CHAITANYA0BCF,L,在庫調整,ops,reg,STK-205011-002,2026-07-01 15:41:27.030750+00:00,,1,M1-L-2,2,,False,False,
ses_20260701-152030-CHAITANYA0BCF,L,在庫調整,ops,reg,STK-205011-003,2026-07-01 15:41:50.165063+00:00,2026-07-01 15:42:09.799329+00:00,1,M1-L-3,3,,False,False,19.634266
ses_20260701-152030-CHAITANYA0BCF,C,育児・産休申請確認,hr,,LA-205011-003,2026-07-01 15:42:09.800893+00:00,2026-07-01 15:42:46.188629+00:00,1,M1-C-3,3,,False,False,36.387736
ses_20260701-152030-CHAITANYA0BCF,O,返品処理,ops,,RET-205011-003,2026-07-01 15:42:46.190252+00:00,2026-07-01 15:43:18.628701+00:00,1,M1-O-3,3,,False,False,32.438449
ses_20260701-152030-CHAITANYA0BCF,I,予算差異分析,finance,,BV-205011-003,2026-07-01 15:43:18.628701+00:00,2026-07-01 15:44:44.830917+00:00,1,M1-I-3,3,,False,False,86.202216
ses_20260701-152030-CHAITANYA0BCF,L,在庫調整,ops,adj,STK-205011-004,2026-07-01 15:44:44.831440+00:00,2026-07-01 15:45:13.060860+00:00,1,M1-L-4,4,,False,False,28.22942
ses_20260701-152030-CHAITANYA0BCF,C,育児・産休申請確認,hr,,LA-205011-004,2026-07-01 15:45:13.060860+00:00,2026-07-01 15:46:02.467017+00:00,1,M1-C-4,4,,False,False,49.406157
ses_20260701-155031-CHAITANYA0BCF,F,請求書承認,finance,std,INV-212010-001,2026-07-01 15:51:05.349623+00:00,2026-07-01 15:51:34.388641+00:00,1,M1-F-1,1,,False,False,29.039018
ses_20260701-155031-CHAITANYA0BCF,C,育児・産休申請確認,hr,,LA-212010-001,2026-07-01 15:51:34.392468+00:00,2026-07-01 15:52:13.954695+00:00,1,M1-C-1,1,,False,False,39.562227
ses_20260701-155031-CHAITANYA0BCF,B,給与備考・控除整備,hr,reg,PI-212010-001,2026-07-01 15:52:13.956412+00:00,2026-07-01 15:53:22.731540+00:00,1,M1-B-1,1,,True,True,68.775128
ses_20260701-155031-CHAITANYA0BCF,D,社保・年金補正対応,hr,,SI-212010-001,2026-07-01 15:53:22.732079+00:00,2026-07-01 15:54:14.634663+00:00,1,M1-D-1,1,,False,False,51.902584
ses_20260701-155031-CHAITANYA0BCF,F,請求書承認,finance,std,INV-212010-002,2026-07-01 15:54:14.636316+00:00,2026-07-01 15:54:40.362663+00:00,1,M1-F-2,2,,False,False,25.726347
ses_20260701-155031-CHAITANYA0BCF,C,育児・産休申請確認,hr,,LA-212010-002,2026-07-01 15:54:40.362663+00:00,2026-07-01 15:55:14.437794+00:00,1,M1-C-2,2,,False,False,34.075131
ses_20260701-155031-CHAITANYA0BCF,A,住民税通知確認,hr,std,RT-212010-001,2026-07-01 15:55:14.441377+00:00,2026-07-01 15:55:38.439119+00:00,1,M1-A-1,1,,False,False,23.997742
ses_20260701-155031-CHAITANYA0BCF,E,入社照合・手当確認,hr,,OB-212010-001,2026-07-01 15:55:38.440840+00:00,,1,M1-E-1,1,,False,False,
ses_20260701-155031-CHAITANYA0BCF,E,入社照合・手当確認,hr,,OB-212010-002,2026-07-01 15:56:01.613873+00:00,2026-07-01 15:56:29.313810+00:00,1,M1-E-2,2,,False,False,27.699937
ses_20260701-155031-CHAITANYA0BCF,C,育児・産休申請確認,hr,,LA-212010-003,2026-07-01 15:56:29.314164+00:00,2026-07-01 15:57:07.995783+00:00,1,M1-C-3,3,,False,False,38.681619
ses_20260701-155031-CHAITANYA0BCF,I,予算差異分析,finance,,BV-212010-001,2026-07-01 15:57:07.999009+00:00,2026-07-01 15:58:36.727652+00:00,1,M1-I-1,1,,False,False,88.728643
ses_20260701-155031-CHAITANYA0BCF,B,給与備考・控除整備,hr,reg,PI-212010-002,2026-07-01 15:58:36.729246+00:00,2026-07-01 15:58:55.624433+00:00,1,M1-B-2,2,,False,False,18.895187
ses_20260701-155031-CHAITANYA0BCF,N,出荷追跡,ops,,SHP-212010-001,2026-07-01 15:59:28.677660+00:00,,1,M1-N-1,1,,False,False,
ses_20260701-155031-CHAITANYA0BCF,N,出荷追跡,ops,,SHP-212010-002,2026-07-01 16:00:22.096053+00:00,2026-07-01 16:02:31.654094+00:00,1,M1-N-2,2,,False,False,129.558041
ses_20260701-155031-CHAITANYA0BCF,A,住民税通知確認,hr,std,RT-212010-002,2026-07-01 16:02:31.654094+00:00,2026-07-01 16:03:02.737206+00:00,1,M1-A-2,2,,False,False,31.083112
ses_20260701-155031-CHAITANYA0BCF,I,予算差異分析,finance,,BV-212010-002,2026-07-01 16:03:02.737733+00:00,2026-07-01 16:04:20.204516+00:00,1,M1-I-2,2,,False,False,77.466783
ses_20260701-155031-CHAITANYA0BCF,N,出荷追跡,ops,,SHP-212010-003,2026-07-01 16:04:20.206087+00:00,2026-07-01 16:05:13.596944+00:00,1,M1-N-3,3,,False,False,53.390857
ses_20260701-155031-CHAITANYA0BCF,I,予算差異分析,finance,,BV-212010-003,2026-07-01 16:05:13.597801+00:00,2026-07-01 16:06:46.394654+00:00,1,M1-I-3,3,,False,False,92.796853
ses_20260701-155031-CHAITANYA0BCF,F,請求書承認,finance,std,INV-212010-003,2026-07-01 16:06:46.395332+00:00,2026-07-01 16:07:14.218931+00:00,1,M1-F-3,3,,False,False,27.823599
ses_20260701-155031-CHAITANYA0BCF,B,給与備考・控除整備,hr,reg,PI-212010-003,2026-07-01 16:07:14.222462+00:00,2026-07-01 16:08:17.697023+00:00,2,M1-B-3,3,M1-B-split-1,False,False,63.474561
ses_20260701-155031-CHAITANYA0BCF,F,請求書承認,finance,exc,INV-212010-004,2026-07-01 16:08:17.699203+00:00,2026-07-01 16:08:44.501828+00:00,1,M1-F-4,4,,False,False,26.802625
ses_20260701-155031-CHAITANYA0BCF,B,給与備考・控除整備,hr,adj,PI-212010-004,2026-07-01 16:08:44.503055+00:00,2026-07-01 16:09:43.684767+00:00,2,M1-B-4,4,M1-B-split-1,False,False,59.181712
ses_20260701-155031-CHAITANYA0BCF,A,住民税通知確認,hr,std,RT-212010-003,2026-07-01 16:09:43.687154+00:00,2026-07-01 16:10:10.961561+00:00,1,M1-A-3,3,,False,False,27.274407
ses_20260701-155031-CHAITANYA0BCF,D,社保・年金補正対応,hr,,SI-212010-002,2026-07-01 16:10:10.962896+00:00,2026-07-01 16:13:02.968937+00:00,1,M1-D-2,2,,False,False,172.006041
ses_20260701-155031-CHAITANYA0BCF,A,住民税通知確認,hr,exc,RT-212010-004,2026-07-01 16:13:02.969538+00:00,2026-07-01 16:13:26.440196+00:00,1,M1-A-4,4,,False,False,23.470658
ses_20260701-155031-CHAITANYA0BCF,E,入社照合・手当確認,hr,,OB-212010-003,2026-07-01 16:13:26.440722+00:00,2026-07-01 16:13:59.263016+00:00,1,M1-E-3,3,,False,False,32.822294
ses_20260701-155031-CHAITANYA0BCF,D,社保・年金補正対応,hr,,SI-212010-003,2026-07-01 16:13:59.263016+00:00,2026-07-01 16:14:57.992216+00:00,1,M1-D-3,3,,False,False,58.7292
ses_20260701-172430-yuvraj,L,在庫調整,ops,reg,STK-225333-001,2026-07-01 17:25:30.515886+00:00,2026-07-01 17:26:17.519232+00:00,1,M1-L-1,1,,True,True,47.003346
ses_20260701-172430-yuvraj,M,仕入先連絡,ops,,SUP-225333-001,2026-07-01 17:26:17.519762+00:00,2026-07-01 17:26:59.585025+00:00,1,M1-M-1,1,,False,False,42.065263
ses_20260701-172430-yuvraj,F,請求書承認,finance,std,INV-225333-001,2026-07-01 17:26:59.586572+00:00,2026-07-01 17:27:27.998673+00:00,1,M1-F-1,1,,False,False,28.412101
ses_20260701-172430-yuvraj,B,給与備考・控除整備,hr,reg,PI-225333-001,2026-07-01 17:27:27.999691+00:00,2026-07-01 17:29:14.330882+00:00,1,M1-B-1,1,,False,False,106.331191
ses_20260701-172430-yuvraj,M,仕入先連絡,ops,,SUP-225333-002,2026-07-01 17:29:14.331943+00:00,,1,M1-M-2,2,,False,False,
ses_20260701-172430-yuvraj,M,仕入先連絡,ops,,SUP-225333-003,2026-07-01 17:30:00.891873+00:00,2026-07-01 17:30:40.558352+00:00,1,M1-M-3,3,,False,False,39.666479
ses_20260701-172430-yuvraj,L,在庫調整,ops,reg,STK-225333-002,2026-07-01 17:30:40.558908+00:00,2026-07-01 17:31:01.194299+00:00,1,M1-L-2,2,,False,False,20.635391
ses_20260701-172430-yuvraj,H,銀行勘定照合,finance,,BR-225333-001,2026-07-01 17:31:33.842573+00:00,2026-07-01 17:32:01.786346+00:00,1,M1-H-1,1,,False,False,27.943773
ses_20260701-172430-yuvraj,B,給与備考・控除整備,hr,reg,PI-225333-002,2026-07-01 17:32:01.787757+00:00,2026-07-01 17:32:26.626522+00:00,1,M1-B-2,2,,False,False,24.838765
ses_20260701-172430-yuvraj,M,仕入先連絡,ops,,SUP-225333-004,2026-07-01 17:32:26.627035+00:00,2026-07-01 17:33:05.395680+00:00,1,M1-M-4,4,,False,False,38.768645
ses_20260701-172430-yuvraj,F,請求書承認,finance,std,INV-225333-002,2026-07-01 17:33:05.396721+00:00,2026-07-01 17:33:34.388109+00:00,1,M1-F-2,2,,False,False,28.991388
ses_20260701-172430-yuvraj,N,出荷追跡,ops,,SHP-225333-001,2026-07-01 17:33:34.389210+00:00,2026-07-01 17:34:07.511312+00:00,1,M1-N-1,1,,False,False,33.122102
ses_20260701-172430-yuvraj,O,返品処理,ops,,RET-225333-001,2026-07-01 17:34:07.512334+00:00,2026-07-01 17:34:35.964925+00:00,1,M1-O-1,1,,False,False,28.452591
ses_20260701-172430-yuvraj,N,出荷追跡,ops,,SHP-225333-002,2026-07-01 17:34:35.965951+00:00,,1,M1-N-2,2,,False,False,
ses_20260701-172430-yuvraj,N,出荷追跡,ops,,SHP-225333-003,2026-07-01 17:35:13.341880+00:00,2026-07-01 17:35:52.322002+00:00,1,M1-N-3,3,,False,False,38.980122
ses_20260701-172430-yuvraj,B,給与備考・控除整備,hr,reg,PI-225333-003,2026-07-01 17:35:52.323550+00:00,2026-07-01 17:36:16.423396+00:00,1,M1-B-3,3,,False,False,24.099846
ses_20260701-172430-yuvraj,F,請求書承認,finance,std,INV-225333-003,2026-07-01 17:36:16.424475+00:00,2026-07-01 17:36:41.539324+00:00,1,M1-F-3,3,,False,False,25.114849
ses_20260701-172430-yuvraj,O,返品処理,ops,,RET-225333-002,2026-07-01 17:36:41.539324+00:00,2026-07-01 17:37:12.454898+00:00,1,M1-O-2,2,,False,False,30.915574
ses_20260701-172430-yuvraj,H,銀行勘定照合,finance,,BR-225333-002,2026-07-01 17:37:12.454898+00:00,2026-07-01 17:37:35.566308+00:00,1,M1-H-2,2,,False,False,23.11141
ses_20260701-172430-yuvraj,L,在庫調整,ops,reg,STK-225333-003,2026-07-01 17:37:35.567357+00:00,2026-07-01 17:38:35.321383+00:00,2,M1-L-3,3,M1-L-split-1,False,False,59.754026
ses_20260701-172430-yuvraj,I,予算差異分析,finance,,BV-225333-001,2026-07-01 17:38:35.321383+00:00,2026-07-01 17:39:33.522909+00:00,1,M1-I-1,1,,False,False,58.201526
ses_20260701-172430-yuvraj,H,銀行勘定照合,finance,,BR-225333-003,2026-07-01 17:39:33.523930+00:00,2026-07-01 17:40:00.481785+00:00,1,M1-H-3,3,,False,False,26.957855
ses_20260701-172430-yuvraj,B,給与備考・控除整備,hr,adj,PI-225333-004,2026-07-01 17:40:00.483321+00:00,2026-07-01 17:40:25.661462+00:00,1,M1-B-4,4,,False,False,25.178141
ses_20260701-172430-yuvraj,I,予算差異分析,finance,,BV-225333-002,2026-07-01 17:40:25.663012+00:00,2026-07-01 17:41:40.706706+00:00,1,M1-I-2,2,,False,False,75.043694
ses_20260701-172430-yuvraj,O,返品処理,ops,,RET-225333-003,2026-07-01 17:41:40.706706+00:00,2026-07-01 17:42:06.879334+00:00,1,M1-O-3,3,,False,False,26.172628
ses_20260701-172430-yuvraj,L,在庫調整,ops,adj,STK-225333-004,2026-07-01 17:42:06.879842+00:00,2026-07-01 17:43:04.304130+00:00,2,M1-L-4,4,M1-L-split-1,False,False,57.424288
ses_20260701-172430-yuvraj,I,予算差異分析,finance,,BV-225333-003,2026-07-01 17:43:04.306206+00:00,2026-07-01 17:44:15.571958+00:00,1,M1-I-3,3,,False,False,71.265752
