session_id,segment_index,segment_start,segment_end,event_timestamp,event_id,source_file,source_line,chunk_hint,screenshot_reference,reference_present
ses_20260701-164424-CHAITANYA0BCF,1,2026-07-01T16:44:42.390Z,2026-07-01T16:44:56.390Z,2026-07-01T16:44:42.659000+00:00,evt_267d7578-25f4-4862-a3a4-0ae97d8a811b,C:\Users\Gaurav Rathod\Downloads\automation-proposal\raw_data\dataset-downloads\dataset_b-20260908T164438Z-1-001\dataset_b\ses_20260701-164424-CHAITANYA0BCF\chunk_20260701-1630-CHAITANYA0BCF\events.jsonl,41,20260701-1630-CHAITANYA0BCF,scr_smart_1782924282659_monitor_1_post.jpg | screenshots/scr_smart_1782924282659_monitor_1_post.jpg,True
ses_20260701-164424-CHAITANYA0BCF,1,2026-07-01T16:44:42.390Z,2026-07-01T16:44:56.390Z,2026-07-01T16:44:44.834000+00:00,evt_feb98951-31d4-407c-bc5c-b74dcc849879,C:\Users\Gaurav Rathod\Downloads\automation-proposal\raw_data\dataset-downloads\dataset_b-20260908T164438Z-1-001\dataset_b\ses_20260701-164424-CHAITANYA0BCF\chunk_20260701-1630-CHAITANYA0BCF\events.jsonl,43,20260701-1630-CHAITANYA0BCF,scr_smart_1782924284834_monitor_1_post.jpg | screenshots/scr_smart_1782924284834_monitor_1_post.jpg,True
ses_20260701-164424-CHAITANYA0BCF,1,2026-07-01T16:44:42.390Z,2026-07-01T16:44:56.390Z,2026-07-01T16:44:47.812000+00:00,evt_e0c3e8f5-c1e7-4069-a73b-ec43a5efc943,C:\Users\Gaurav Rathod\Downloads\automation-proposal\raw_data\dataset-downloads\dataset_b-20260908T164438Z-1-001\dataset_b\ses_20260701-164424-CHAITANYA0BCF\chunk_20260701-1630-CHAITANYA0BCF\events.jsonl,48,20260701-1630-CHAITANYA0BCF,scr_smart_1782924287812_monitor_1_post.jpg | screenshots/scr_smart_1782924287812_monitor_1_post.jpg,True
ses_20260701-164424-CHAITANYA0BCF,1,2026-07-01T16:44:42.390Z,2026-07-01T16:44:56.390Z,2026-07-01T16:44:48.510000+00:00,evt_5162b681-07de-4cbf-9589-8a9e2f5dba47,C:\Users\Gaurav Rathod\Downloads\automation-proposal\raw_data\dataset-downloads\dataset_b-20260908T164438Z-1-001\dataset_b\ses_20260701-164424-CHAITANYA0BCF\chunk_20260701-1630-CHAITANYA0BCF\events.jsonl,49,20260701-1630-CHAITANYA0BCF,scr_smart_1782924288510_monitor_1_post.jpg | screenshots/scr_smart_1782924288510_monitor_1_post.jpg,True
ses_20260701-164424-CHAITANYA0BCF,1,2026-07-01T16:44:42.390Z,2026-07-01T16:44:56.390Z,2026-07-01T16:44:50.922000+00:00,evt_af54b0fa-d528-4b1d-be98-52d9678a45a1,C:\Users\Gaurav Rathod\Downloads\automation-proposal\raw_data\dataset-downloads\dataset_b-20260908T164438Z-1-001\dataset_b\ses_20260701-164424-CHAITANYA0BCF\chunk_20260701-1630-CHAITANYA0BCF\events.jsonl,51,20260701-1630-CHAITANYA0BCF,scr_smart_1782924290922_monitor_1_post.jpg | screenshots/scr_smart_1782924290922_monitor_1_post.jpg,True
ses_20260701-164424-CHAITANYA0BCF,1,2026-07-01T16:44:42.390Z,2026-07-01T16:44:56.390Z,2026-07-01T16:44:53.023000+00:00,evt_a5f3ff03-944c-4977-a323-9f4c16bdcde8,C:\Users\Gaurav Rathod\Downloads\automation-proposal\raw_data\dataset-downloads\dataset_b-20260908T164438Z-1-001\dataset_b\ses_20260701-164424-CHAITANYA0BCF\chunk_20260701-1630-CHAITANYA0BCF\events.jsonl,55,20260701-1630-CHAITANYA0BCF,scr_smart_1782924293023_monitor_1_post.jpg | screenshots/scr_smart_1782924293023_monitor_1_post.jpg,True
ses_20260701-164424-CHAITANYA0BCF,1,2026-07-01T16:44:42.390Z,2026-07-01T16:44:56.390Z,2026-07-01T16:44:54.631000+00:00,evt_91bc9085-a0cf-4599-8ef1-ad7046a23772,C:\Users\Gaurav Rathod\Downloads\automation-proposal\raw_data\dataset-downloads\dataset_b-20260908T164438Z-1-001\dataset_b\ses_20260701-164424-CHAITANYA0BCF\chunk_20260701-1630-CHAITANYA0BCF\events.jsonl,59,20260701-1630-CHAITANYA0BCF,scr_smart_1782924294631_monitor_1_post.jpg | screenshots/scr_smart_1782924294631_monitor_1_post.jpg,True
ses_20260701-164424-CHAITANYA0BCF,2,2026-07-01T16:44:56.390Z,2026-07-01T16:45:10.390Z,2026-07-01T16:44:58.320000+00:00,evt_d3e4a8bf-3060-457e-81e8-86152a21c34b,C:\Users\Gaurav Rathod\Downloads\automation-proposal\raw_data\dataset-downloads\dataset_b-20260908T164438Z-1-001\dataset_b\ses_20260701-164424-CHAITANYA0BCF\chunk_20260701-1630-CHAITANYA0BCF\events.jsonl,62,20260701-1630-CHAITANYA0BCF,scr_smart_1782924298320_monitor_1_post.jpg | screenshots/scr_smart_1782924298320_monitor_1_post.jpg,True
ses_20260701-164424-CHAITANYA0BCF,2,2026-07-01T16:44:56.390Z,2026-07-01T16:45:10.390Z,2026-07-01T16:45:00.467000+00:00,evt_58fb2c09-306d-460c-8c87-9abdf3cffadb,C:\Users\Gaurav Rathod\Downloads\automation-proposal\raw_data\dataset-downloads\dataset_b-20260908T164438Z-1-001\dataset_b\ses_20260701-164424-CHAITANYA0BCF\chunk_20260701-1630-CHAITANYA0BCF\events.jsonl,66,20260701-1630-CHAITANYA0BCF,scr_smart_1782924300467_monitor_1_post.jpg | screenshots/scr_smart_1782924300467_monitor_1_post.jpg,True
ses_20260701-164424-CHAITANYA0BCF,2,2026-07-01T16:44:56.390Z,2026-07-01T16:45:10.390Z,2026-07-01T16:45:04.692000+00:00,evt_99750435-a0e2-4eb1-baf3-b15d21cfa806,C:\Users\Gaurav Rathod\Downloads\automation-proposal\raw_data\dataset-downloads\dataset_b-20260908T164438Z-1-001\dataset_b\ses_20260701-164424-CHAITANYA0BCF\chunk_20260701-1630-CHAITANYA0BCF\events.jsonl,68,20260701-1630-CHAITANYA0BCF,scr_smart_1782924304692_monitor_1_post.jpg | screenshots/scr_smart_1782924304692_monitor_1_post.jpg,True
ses_20260701-164424-CHAITANYA0BCF,2,2026-07-01T16:44:56.390Z,2026-07-01T16:45:10.390Z,2026-07-01T16:45:05.328000+00:00,evt_9fdf9571-8508-482a-811b-68af8b93ec0a,C:\Users\Gaurav Rathod\Downloads\automation-proposal\raw_data\dataset-downloads\dataset_b-20260908T164438Z-1-001\dataset_b\ses_20260701-164424-CHAITANYA0BCF\chunk_20260701-1630-CHAITANYA0BCF\events.jsonl,70,20260701-1630-CHAITANYA0BCF,scr_smart_1782924305328_monitor_1_post.jpg | screenshots/scr_smart_1782924305328_monitor_1_post.jpg,True
ses_20260701-164424-CHAITANYA0BCF,2,2026-07-01T16:44:56.390Z,2026-07-01T16:45:10.390Z,2026-07-01T16:45:05.799000+00:00,evt_564417e4-8d0c-447e-9bf5-15a81a81580a,C:\Users\Gaurav Rathod\Downloads\automation-proposal\raw_data\dataset-downloads\dataset_b-20260908T164438Z-1-001\dataset_b\ses_20260701-164424-CHAITANYA0BCF\chunk_20260701-1630-CHAITANYA0BCF\events.jsonl,76,20260701-1630-CHAITANYA0BCF,scr_smart_1782924305799_monitor_1_post.jpg | screenshots/scr_smart_1782924305799_monitor_1_post.jpg,True
ses_20260701-164424-CHAITANYA0BCF,2,2026-07-01T16:44:56.390Z,2026-07-01T16:45:10.390Z,2026-07-01T16:45:07.961000+00:00,evt_3c9d6a94-be61-4127-a17b-9c67b4e716e6,C:\Users\Gaurav Rathod\Downloads\automation-proposal\raw_data\dataset-downloads\dataset_b-20260908T164438Z-1-001\dataset_b\ses_20260701-164424-CHAITANYA0BCF\chunk_20260701-1630-CHAITANYA0BCF\events.jsonl,79,20260701-1630-CHAITANYA0BCF,scr_smart_1782924307961_monitor_1_post.jpg | screenshots/scr_smart_1782924307961_monitor_1_post.jpg,True
ses_20260701-164424-CHAITANYA0BCF,3,2026-07-01T16:45:10.390Z,2026-07-01T16:45:44.390Z,2026-07-01T16:45:13.861000+00:00,evt_283f7ecd-2f39-409e-a02d-9a33d596efd0,C:\Users\Gaurav Rathod\Downloads\automation-proposal\raw_data\dataset-downloads\dataset_b-20260908T164438Z-1-001\dataset_b\ses_20260701-164424-CHAITANYA0BCF\chunk_20260701-1630-CHAITANYA0BCF\events.jsonl,82,20260701-1630-CHAITANYA0BCF,scr_smart_1782924313861_monitor_1_post.jpg | screenshots/scr_smart_1782924313861_monitor_1_post.jpg,True
ses_20260701-164424-CHAITANYA0BCF,3,2026-07-01T16:45:10.390Z,2026-07-01T16:45:44.390Z,2026-07-01T16:45:14.459000+00:00,evt_584bea18-e7e2-47c6-9c1b-a612754bfda9,C:\Users\Gaurav Rathod\Downloads\automation-proposal\raw_data\dataset-downloads\dataset_b-20260908T164438Z-1-001\dataset_b\ses_20260701-164424-CHAITANYA0BCF\chunk_20260701-1630-CHAITANYA0BCF\events.jsonl,85,20260701-1630-CHAITANYA0BCF,scr_smart_1782924314459_monitor_1_post.jpg | screenshots/scr_smart_1782924314459_monitor_1_post.jpg,True
ses_20260701-164424-CHAITANYA0BCF,3,2026-07-01T16:45:10.390Z,2026-07-01T16:45:44.390Z,2026-07-01T16:45:16.141000+00:00,evt_6b8e0297-8655-4c78-ad7c-f632b1b7c9bf,C:\Users\Gaurav Rathod\Downloads\automation-proposal\raw_data\dataset-downloads\dataset_b-20260908T164438Z-1-001\dataset_b\ses_20260701-164424-CHAITANYA0BCF\chunk_20260701-1630-CHAITANYA0BCF\events.jsonl,88,20260701-1630-CHAITANYA0BCF,scr_smart_1782924316141_monitor_1_post.jpg | screenshots/scr_smart_1782924316141_monitor_1_post.jpg,True
ses_20260701-164424-CHAITANYA0BCF,3,2026-07-01T16:45:10.390Z,2026-07-01T16:45:44.390Z,2026-07-01T16:45:20.033000+00:00,evt_5493a998-9274-4ed0-a32a-1cb811caa46f,C:\Users\Gaurav Rathod\Downloads\automation-proposal\raw_data\dataset-downloads\dataset_b-20260908T164438Z-1-001\dataset_b\ses_20260701-164424-CHAITANYA0BCF\chunk_20260701-1630-CHAITANYA0BCF\events.jsonl,91,20260701-1630-CHAITANYA0BCF,scr_smart_1782924320033_monitor_1_post.jpg | screenshots/scr_smart_1782924320033_monitor_1_post.jpg,True
ses_20260701-164424-CHAITANYA0BCF,3,2026-07-01T16:45:10.390Z,2026-07-01T16:45:44.390Z,2026-07-01T16:45:20.602000+00:00,evt_0a8b71d0-8acd-4301-a797-8c58fdb91edc,C:\Users\Gaurav Rathod\Downloads\automation-proposal\raw_data\dataset-downloads\dataset_b-20260908T164438Z-1-001\dataset_b\ses_20260701-164424-CHAITANYA0BCF\chunk_20260701-1630-CHAITANYA0BCF\events.jsonl,112,20260701-1630-CHAITANYA0BCF,scr_smart_1782924320602_monitor_1_post.jpg | screenshots/scr_smart_1782924320602_monitor_1_post.jpg,True
ses_20260701-164424-CHAITANYA0BCF,3,2026-07-01T16:45:10.390Z,2026-07-01T16:45:44.390Z,2026-07-01T16:45:21.173000+00:00,evt_63c8df34-e7fc-41ba-bdc0-eadc1f15b7ed,C:\Users\Gaurav Rathod\Downloads\automation-proposal\raw_data\dataset-downloads\dataset_b-20260908T164438Z-1-001\dataset_b\ses_20260701-164424-CHAITANYA0BCF\chunk_20260701-1630-CHAITANYA0BCF\events.jsonl,153,20260701-1630-CHAITANYA0BCF,scr_smart_1782924321173_monitor_1_post.jpg | screenshots/scr_smart_1782924321173_monitor_1_post.jpg,True
ses_20260701-164424-CHAITANYA0BCF,3,2026-07-01T16:45:10.390Z,2026-07-01T16:45:44.390Z,2026-07-01T16:45:21.652000+00:00,evt_7dfc4ad9-a8f9-4a25-a7da-15c638d64434,C:\Users\Gaurav Rathod\Downloads\automation-proposal\raw_data\dataset-downloads\dataset_b-20260908T164438Z-1-001\dataset_b\ses_20260701-164424-CHAITANYA0BCF\chunk_20260701-1630-CHAITANYA0BCF\events.jsonl,180,20260701-1630-CHAITANYA0BCF,scr_smart_1782924321652_monitor_1_post.jpg | screenshots/scr_smart_1782924321652_monitor_1_post.jpg,True
ses_20260701-164424-CHAITANYA0BCF,3,2026-07-01T16:45:10.390Z,2026-07-01T16:45:44.390Z,2026-07-01T16:45:22.216000+00:00,evt_058da64a-4561-42cb-a143-897a6617a8aa,C:\Users\Gaurav Rathod\Downloads\automation-proposal\raw_data\dataset-downloads\dataset_b-20260908T164438Z-1-001\dataset_b\ses_20260701-164424-CHAITANYA0BCF\chunk_20260701-1630-CHAITANYA0BCF\events.jsonl,214,20260701-1630-CHAITANYA0BCF,scr_smart_1782924322216_monitor_1_post.jpg | screenshots/scr_smart_1782924322216_monitor_1_post.jpg,True
ses_20260701-164424-CHAITANYA0BCF,3,2026-07-01T16:45:10.390Z,2026-07-01T16:45:44.390Z,2026-07-01T16:45:22.671000+00:00,evt_c1a99547-5566-4653-8c93-2667099f2046,C:\Users\Gaurav Rathod\Downloads\automation-proposal\raw_data\dataset-downloads\dataset_b-20260908T164438Z-1-001\dataset_b\ses_20260701-164424-CHAITANYA0BCF\chunk_20260701-1630-CHAITANYA0BCF\events.jsonl,240,20260701-1630-CHAITANYA0BCF,scr_smart_1782924322671_monitor_1_post.jpg | screenshots/scr_smart_1782924322671_monitor_1_post.jpg,True
ses_20260701-164424-CHAITANYA0BCF,3,2026-07-01T16:45:10.390Z,2026-07-01T16:45:44.390Z,2026-07-01T16:45:23.139000+00:00,evt_ba2a1053-5b2f-4c94-a302-06eb5467b791,C:\Users\Gaurav Rathod\Downloads\automation-proposal\raw_data\dataset-downloads\dataset_b-20260908T164438Z-1-001\dataset_b\ses_20260701-164424-CHAITANYA0BCF\chunk_20260701-1630-CHAITANYA0BCF\events.jsonl,294,20260701-1630-CHAITANYA0BCF,scr_smart_1782924323139_monitor_1_post.jpg | screenshots/scr_smart_1782924323139_monitor_1_post.jpg,True
ses_20260701-164424-CHAITANYA0BCF,3,2026-07-01T16:45:10.390Z,2026-07-01T16:45:44.390Z,2026-07-01T16:45:23.712000+00:00,evt_c5a2ae92-bcdf-4bb1-b59d-4c0efc914eeb,C:\Users\Gaurav Rathod\Downloads\automation-proposal\raw_data\dataset-downloads\dataset_b-20260908T164438Z-1-001\dataset_b\ses_20260701-164424-CHAITANYA0BCF\chunk_20260701-1630-CHAITANYA0BCF\events.jsonl,336,20260701-1630-CHAITANYA0BCF,scr_smart_1782924323712_monitor_1_post.jpg | screenshots/scr_smart_1782924323712_monitor_1_post.jpg,True
ses_20260701-164424-CHAITANYA0BCF,3,2026-07-01T16:45:10.390Z,2026-07-01T16:45:44.390Z,2026-07-01T16:45:26.605000+00:00,evt_03266ca7-cc7e-40f4-92d4-1a6579a8869f,C:\Users\Gaurav Rathod\Downloads\automation-proposal\raw_data\dataset-downloads\dataset_b-20260908T164438Z-1-001\dataset_b\ses_20260701-164424-CHAITANYA0BCF\chunk_20260701-1630-CHAITANYA0BCF\events.jsonl,341,20260701-1630-CHAITANYA0BCF,scr_smart_1782924326605_monitor_1_post.jpg | screenshots/scr_smart_1782924326605_monitor_1_post.jpg,True
ses_20260701-164424-CHAITANYA0BCF,3,2026-07-01T16:45:10.390Z,2026-07-01T16:45:44.390Z,2026-07-01T16:45:31.669000+00:00,evt_e8e3210e-dc06-4115-9a13-40de793cec98,C:\Users\Gaurav Rathod\Downloads\automation-proposal\raw_data\dataset-downloads\dataset_b-20260908T164438Z-1-001\dataset_b\ses_20260701-164424-CHAITANYA0BCF\chunk_20260701-1630-CHAITANYA0BCF\events.jsonl,345,20260701-1630-CHAITANYA0BCF,scr_smart_1782924331669_monitor_1_post.jpg | screenshots/scr_smart_1782924331669_monitor_1_post.jpg,True
ses_20260701-164424-CHAITANYA0BCF,3,2026-07-01T16:45:10.390Z,2026-07-01T16:45:44.390Z,2026-07-01T16:45:32.276000+00:00,evt_05652704-9f19-4d28-8b1a-940682ee4aa6,C:\Users\Gaurav Rathod\Downloads\automation-proposal\raw_data\dataset-downloads\dataset_b-20260908T164438Z-1-001\dataset_b\ses_20260701-164424-CHAITANYA0BCF\chunk_20260701-1630-CHAITANYA0BCF\events.jsonl,365,20260701-1630-CHAITANYA0BCF,scr_smart_1782924332276_monitor_1_post.jpg | screenshots/scr_smart_1782924332276_monitor_1_post.jpg,True
ses_20260701-164424-CHAITANYA0BCF,3,2026-07-01T16:45:10.390Z,2026-07-01T16:45:44.390Z,2026-07-01T16:45:32.900000+00:00,evt_7a2cdcac-d09f-45ff-a5b4-8bb7b311b877,C:\Users\Gaurav Rathod\Downloads\automation-proposal\raw_data\dataset-downloads\dataset_b-20260908T164438Z-1-001\dataset_b\ses_20260701-164424-CHAITANYA0BCF\chunk_20260701-1630-CHAITANYA0BCF\events.jsonl,369,20260701-1630-CHAITANYA0BCF,scr_smart_1782924332900_monitor_1_post.jpg | screenshots/scr_smart_1782924332900_monitor_1_post.jpg,True
ses_20260701-164424-CHAITANYA0BCF,3,2026-07-01T16:45:10.390Z,2026-07-01T16:45:44.390Z,2026-07-01T16:45:34.229000+00:00,evt_dbacac07-46cd-42d4-bb83-8ae23c2af7fd,C:\Users\Gaurav Rathod\Downloads\automation-proposal\raw_data\dataset-downloads\dataset_b-20260908T164438Z-1-001\dataset_b\ses_20260701-164424-CHAITANYA0BCF\chunk_20260701-1630-CHAITANYA0BCF\events.jsonl,373,20260701-1630-CHAITANYA0BCF,scr_smart_1782924334229_monitor_1_post.jpg | screenshots/scr_smart_1782924334229_monitor_1_post.jpg,True
ses_20260701-164424-CHAITANYA0BCF,3,2026-07-01T16:45:10.390Z,2026-07-01T16:45:44.390Z,2026-07-01T16:45:35.713000+00:00,evt_5a8aa693-0f8d-410e-8d6f-1e759e2cd4a3,C:\Users\Gaurav Rathod\Downloads\automation-proposal\raw_data\dataset-downloads\dataset_b-20260908T164438Z-1-001\dataset_b\ses_20260701-164424-CHAITANYA0BCF\chunk_20260701-1630-CHAITANYA0BCF\events.jsonl,380,20260701-1630-CHAITANYA0BCF,scr_smart_1782924335713_monitor_1_post.jpg | screenshots/scr_smart_1782924335713_monitor_1_post.jpg,True
ses_20260701-164424-CHAITANYA0BCF,3,2026-07-01T16:45:10.390Z,2026-07-01T16:45:44.390Z,2026-07-01T16:45:38.170000+00:00,evt_98c7c75b-a206-4b96-a1bf-06fee7a205b1,C:\Users\Gaurav Rathod\Downloads\automation-proposal\raw_data\dataset-downloads\dataset_b-20260908T164438Z-1-001\dataset_b\ses_20260701-164424-CHAITANYA0BCF\chunk_20260701-1630-CHAITANYA0BCF\events.jsonl,382,20260701-1630-CHAITANYA0BCF,scr_smart_1782924338170_monitor_1_post.jpg | screenshots/scr_smart_1782924338170_monitor_1_post.jpg,True
ses_20260701-164424-CHAITANYA0BCF,3,2026-07-01T16:45:10.390Z,2026-07-01T16:45:44.390Z,2026-07-01T16:45:38.675000+00:00,evt_c478f489-e467-4a1a-9d9e-f73d1da2b33d,C:\Users\Gaurav Rathod\Downloads\automation-proposal\raw_data\dataset-downloads\dataset_b-20260908T164438Z-1-001\dataset_b\ses_20260701-164424-CHAITANYA0BCF\chunk_20260701-1630-CHAITANYA0BCF\events.jsonl,385,20260701-1630-CHAITANYA0BCF,scr_smart_1782924338675_monitor_1_post.jpg | screenshots/scr_smart_1782924338675_monitor_1_post.jpg,True
ses_20260701-164424-CHAITANYA0BCF,3,2026-07-01T16:45:10.390Z,2026-07-01T16:45:44.390Z,2026-07-01T16:45:39.958000+00:00,evt_3facba1b-5eb9-40fa-9063-d0314d1ec4a0,C:\Users\Gaurav Rathod\Downloads\automation-proposal\raw_data\dataset-downloads\dataset_b-20260908T164438Z-1-001\dataset_b\ses_20260701-164424-CHAITANYA0BCF\chunk_20260701-1630-CHAITANYA0BCF\events.jsonl,388,20260701-1630-CHAITANYA0BCF,scr_smart_1782924339958_monitor_1_post.jpg | screenshots/scr_smart_1782924339958_monitor_1_post.jpg,True
ses_20260701-164424-CHAITANYA0BCF,3,2026-07-01T16:45:10.390Z,2026-07-01T16:45:44.390Z,2026-07-01T16:45:40.746000+00:00,evt_cfe849f5-e5f1-4d58-9b27-defbeeb0e47c,C:\Users\Gaurav Rathod\Downloads\automation-proposal\raw_data\dataset-downloads\dataset_b-20260908T164438Z-1-001\dataset_b\ses_20260701-164424-CHAITANYA0BCF\chunk_20260701-1630-CHAITANYA0BCF\events.jsonl,395,20260701-1630-CHAITANYA0BCF,scr_smart_1782924340746_monitor_1_post.jpg | screenshots/scr_smart_1782924340746_monitor_1_post.jpg,True
ses_20260701-164424-CHAITANYA0BCF,3,2026-07-01T16:45:10.390Z,2026-07-01T16:45:44.390Z,2026-07-01T16:45:43.119000+00:00,evt_ed1ef987-bf64-40fb-ab54-816aab0c3d76,C:\Users\Gaurav Rathod\Downloads\automation-proposal\raw_data\dataset-downloads\dataset_b-20260908T164438Z-1-001\dataset_b\ses_20260701-164424-CHAITANYA0BCF\chunk_20260701-1630-CHAITANYA0BCF\events.jsonl,398,20260701-1630-CHAITANYA0BCF,scr_smart_1782924343119_monitor_1_post.jpg | screenshots/scr_smart_1782924343119_monitor_1_post.jpg,True
ses_20260701-164424-CHAITANYA0BCF,4,2026-07-01T16:45:44.390Z,2026-07-01T16:46:00.390Z,2026-07-01T16:45:47.692000+00:00,evt_b6025351-bc62-40db-b35e-2e057f02918f,C:\Users\Gaurav Rathod\Downloads\automation-proposal\raw_data\dataset-downloads\dataset_b-20260908T164438Z-1-001\dataset_b\ses_20260701-164424-CHAITANYA0BCF\chunk_20260701-1630-CHAITANYA0BCF\events.jsonl,401,20260701-1630-CHAITANYA0BCF,scr_smart_1782924347692_monitor_1_post.jpg | screenshots/scr_smart_1782924347692_monitor_1_post.jpg,True
ses_20260701-164424-CHAITANYA0BCF,4,2026-07-01T16:45:44.390Z,2026-07-01T16:46:00.390Z,2026-07-01T16:45:49.375000+00:00,evt_1433bf89-b465-4148-8d99-1d5db73b59aa,C:\Users\Gaurav Rathod\Downloads\automation-proposal\raw_data\dataset-downloads\dataset_b-20260908T164438Z-1-001\dataset_b\ses_20260701-164424-CHAITANYA0BCF\chunk_20260701-1630-CHAITANYA0BCF\events.jsonl,403,20260701-1630-CHAITANYA0BCF,scr_smart_1782924349375_monitor_1_post.jpg | screenshots/scr_smart_1782924349375_monitor_1_post.jpg,True
ses_20260701-164424-CHAITANYA0BCF,4,2026-07-01T16:45:44.390Z,2026-07-01T16:46:00.390Z,2026-07-01T16:45:49.955000+00:00,evt_e6ac2627-865a-4dd0-b881-a5bf0df69d91,C:\Users\Gaurav Rathod\Downloads\automation-proposal\raw_data\dataset-downloads\dataset_b-20260908T164438Z-1-001\dataset_b\ses_20260701-164424-CHAITANYA0BCF\chunk_20260701-1630-CHAITANYA0BCF\events.jsonl,406,20260701-1630-CHAITANYA0BCF,scr_smart_1782924349955_monitor_1_post.jpg | screenshots/scr_smart_1782924349955_monitor_1_post.jpg,True
ses_20260701-164424-CHAITANYA0BCF,4,2026-07-01T16:45:44.390Z,2026-07-01T16:46:00.390Z,2026-07-01T16:45:51.854000+00:00,evt_e678ba68-f3df-4e2c-845d-777165ec6f29,C:\Users\Gaurav Rathod\Downloads\automation-proposal\raw_data\dataset-downloads\dataset_b-20260908T164438Z-1-001\dataset_b\ses_20260701-164424-CHAITANYA0BCF\chunk_20260701-1630-CHAITANYA0BCF\events.jsonl,412,20260701-1630-CHAITANYA0BCF,scr_smart_1782924351854_monitor_1_post.jpg | screenshots/scr_smart_1782924351854_monitor_1_post.jpg,True
ses_20260701-164424-CHAITANYA0BCF,4,2026-07-01T16:45:44.390Z,2026-07-01T16:46:00.390Z,2026-07-01T16:45:55.749000+00:00,evt_0e0a9593-fc01-4da5-ae17-03d5ce23d26d,C:\Users\Gaurav Rathod\Downloads\automation-proposal\raw_data\dataset-downloads\dataset_b-20260908T164438Z-1-001\dataset_b\ses_20260701-164424-CHAITANYA0BCF\chunk_20260701-1630-CHAITANYA0BCF\events.jsonl,414,20260701-1630-CHAITANYA0BCF,scr_smart_1782924355749_monitor_1_post.jpg | screenshots/scr_smart_1782924355749_monitor_1_post.jpg,True
ses_20260701-164424-CHAITANYA0BCF,4,2026-07-01T16:45:44.390Z,2026-07-01T16:46:00.390Z,2026-07-01T16:45:56.796000+00:00,evt_81edacdf-8cb8-4d74-9724-6a6c3e1d69b1,C:\Users\Gaurav Rathod\Downloads\automation-proposal\raw_data\dataset-downloads\dataset_b-20260908T164438Z-1-001\dataset_b\ses_20260701-164424-CHAITANYA0BCF\chunk_20260701-1630-CHAITANYA0BCF\events.jsonl,421,20260701-1630-CHAITANYA0BCF,scr_smart_1782924356796_monitor_1_post.jpg | screenshots/scr_smart_1782924356796_monitor_1_post.jpg,True
ses_20260701-164424-CHAITANYA0BCF,4,2026-07-01T16:45:44.390Z,2026-07-01T16:46:00.390Z,2026-07-01T16:45:59.112000+00:00,evt_c426e5a4-5061-4101-b957-59bd8cf644cc,C:\Users\Gaurav Rathod\Downloads\automation-proposal\raw_data\dataset-downloads\dataset_b-20260908T164438Z-1-001\dataset_b\ses_20260701-164424-CHAITANYA0BCF\chunk_20260701-1630-CHAITANYA0BCF\events.jsonl,424,20260701-1630-CHAITANYA0BCF,scr_smart_1782924359112_monitor_1_post.jpg | screenshots/scr_smart_1782924359112_monitor_1_post.jpg,True
ses_20260701-164424-CHAITANYA0BCF,5,2026-07-01T16:46:00.390Z,2026-07-01T16:46:12.390Z,2026-07-01T16:46:05.232000+00:00,evt_7cf9ca69-7f4d-4f22-bb3a-47ab9b49bc48,C:\Users\Gaurav Rathod\Downloads\automation-proposal\raw_data\dataset-downloads\dataset_b-20260908T164438Z-1-001\dataset_b\ses_20260701-164424-CHAITANYA0BCF\chunk_20260701-1630-CHAITANYA0BCF\events.jsonl,428,20260701-1630-CHAITANYA0BCF,scr_smart_1782924365232_monitor_1_post.jpg | screenshots/scr_smart_1782924365232_monitor_1_post.jpg,True
ses_20260701-164424-CHAITANYA0BCF,5,2026-07-01T16:46:00.390Z,2026-07-01T16:46:12.390Z,2026-07-01T16:46:06.684000+00:00,evt_0d001d3c-5a7b-42ff-8860-d85fbfd8b828,C:\Users\Gaurav Rathod\Downloads\automation-proposal\raw_data\dataset-downloads\dataset_b-20260908T164438Z-1-001\dataset_b\ses_20260701-164424-CHAITANYA0BCF\chunk_20260701-1630-CHAITANYA0BCF\events.jsonl,432,20260701-1630-CHAITANYA0BCF,scr_smart_1782924366684_monitor_1_post.jpg | screenshots/scr_smart_1782924366684_monitor_1_post.jpg,True
ses_20260701-164424-CHAITANYA0BCF,5,2026-07-01T16:46:00.390Z,2026-07-01T16:46:12.390Z,2026-07-01T16:46:07.256000+00:00,evt_238c1a99-6f5e-43a2-9a62-1b1b5bdece63,C:\Users\Gaurav Rathod\Downloads\automation-proposal\raw_data\dataset-downloads\dataset_b-20260908T164438Z-1-001\dataset_b\ses_20260701-164424-CHAITANYA0BCF\chunk_20260701-1630-CHAITANYA0BCF\events.jsonl,434,20260701-1630-CHAITANYA0BCF,scr_smart_1782924367256_monitor_1_post.jpg | screenshots/scr_smart_1782924367256_monitor_1_post.jpg,True
ses_20260701-164424-CHAITANYA0BCF,5,2026-07-01T16:46:00.390Z,2026-07-01T16:46:12.390Z,2026-07-01T16:46:07.837000+00:00,evt_59b1011f-b820-4843-8cd8-563519e0a02f,C:\Users\Gaurav Rathod\Downloads\automation-proposal\raw_data\dataset-downloads\dataset_b-20260908T164438Z-1-001\dataset_b\ses_20260701-164424-CHAITANYA0BCF\chunk_20260701-1630-CHAITANYA0BCF\events.jsonl,440,20260701-1630-CHAITANYA0BCF,scr_smart_1782924367837_monitor_1_post.jpg | screenshots/scr_smart_1782924367837_monitor_1_post.jpg,True
ses_20260701-164424-CHAITANYA0BCF,5,2026-07-01T16:46:00.390Z,2026-07-01T16:46:12.390Z,2026-07-01T16:46:10.065000+00:00,evt_06447f90-e9c7-4b48-96f2-c40864619706,C:\Users\Gaurav Rathod\Downloads\automation-proposal\raw_data\dataset-downloads\dataset_b-20260908T164438Z-1-001\dataset_b\ses_20260701-164424-CHAITANYA0BCF\chunk_20260701-1630-CHAITANYA0BCF\events.jsonl,443,20260701-1630-CHAITANYA0BCF,scr_smart_1782924370065_monitor_1_post.jpg | screenshots/scr_smart_1782924370065_monitor_1_post.jpg,True
ses_20260701-164424-CHAITANYA0BCF,6,2026-07-01T16:46:12.390Z,2026-07-01T16:46:34.390Z,2026-07-01T16:46:16.463000+00:00,evt_5a164bb3-a8f6-4fb6-bc51-81be8f001fe2,C:\Users\Gaurav Rathod\Downloads\automation-proposal\raw_data\dataset-downloads\dataset_b-20260908T164438Z-1-001\dataset_b\ses_20260701-164424-CHAITANYA0BCF\chunk_20260701-1630-CHAITANYA0BCF\events.jsonl,446,20260701-1630-CHAITANYA0BCF,scr_smart_1782924376463_monitor_1_post.jpg | screenshots/scr_smart_1782924376463_monitor_1_post.jpg,True
ses_20260701-164424-CHAITANYA0BCF,6,2026-07-01T16:46:12.390Z,2026-07-01T16:46:34.390Z,2026-07-01T16:46:16.954000+00:00,evt_0189b580-305a-4037-9a5e-25400b0459eb,C:\Users\Gaurav Rathod\Downloads\automation-proposal\raw_data\dataset-downloads\dataset_b-20260908T164438Z-1-001\dataset_b\ses_20260701-164424-CHAITANYA0BCF\chunk_20260701-1630-CHAITANYA0BCF\events.jsonl,449,20260701-1630-CHAITANYA0BCF,scr_smart_1782924376954_monitor_1_post.jpg | screenshots/scr_smart_1782924376954_monitor_1_post.jpg,True
ses_20260701-164424-CHAITANYA0BCF,6,2026-07-01T16:46:12.390Z,2026-07-01T16:46:34.390Z,2026-07-01T16:46:18.455000+00:00,evt_6c24e351-982f-4f7d-b411-a871937709b5,C:\Users\Gaurav Rathod\Downloads\automation-proposal\raw_data\dataset-downloads\dataset_b-20260908T164438Z-1-001\dataset_b\ses_20260701-164424-CHAITANYA0BCF\chunk_20260701-1630-CHAITANYA0BCF\events.jsonl,452,20260701-1630-CHAITANYA0BCF,scr_smart_1782924378455_monitor_1_post.jpg | screenshots/scr_smart_1782924378455_monitor_1_post.jpg,True
ses_20260701-164424-CHAITANYA0BCF,6,2026-07-01T16:46:12.390Z,2026-07-01T16:46:34.390Z,2026-07-01T16:46:19.333000+00:00,evt_1fef0c4b-1fbf-40be-8ce6-1e51cf4acd21,C:\Users\Gaurav Rathod\Downloads\automation-proposal\raw_data\dataset-downloads\dataset_b-20260908T164438Z-1-001\dataset_b\ses_20260701-164424-CHAITANYA0BCF\chunk_20260701-1630-CHAITANYA0BCF\events.jsonl,459,20260701-1630-CHAITANYA0BCF,scr_smart_1782924379333_monitor_1_post.jpg | screenshots/scr_smart_1782924379333_monitor_1_post.jpg,True
ses_20260701-164424-CHAITANYA0BCF,6,2026-07-01T16:46:12.390Z,2026-07-01T16:46:34.390Z,2026-07-01T16:46:21.446000+00:00,evt_d8cf0141-d481-4c9e-83ca-d70857da459a,C:\Users\Gaurav Rathod\Downloads\automation-proposal\raw_data\dataset-downloads\dataset_b-20260908T164438Z-1-001\dataset_b\ses_20260701-164424-CHAITANYA0BCF\chunk_20260701-1630-CHAITANYA0BCF\events.jsonl,462,20260701-1630-CHAITANYA0BCF,scr_smart_1782924381446_monitor_1_post.jpg | screenshots/scr_smart_1782924381446_monitor_1_post.jpg,True
ses_20260701-164424-CHAITANYA0BCF,6,2026-07-01T16:46:12.390Z,2026-07-01T16:46:34.390Z,2026-07-01T16:46:27.623000+00:00,evt_9b4284a5-e09f-43b6-a95b-56f476329b9b,C:\Users\Gaurav Rathod\Downloads\automation-proposal\raw_data\dataset-downloads\dataset_b-20260908T164438Z-1-001\dataset_b\ses_20260701-164424-CHAITANYA0BCF\chunk_20260701-1630-CHAITANYA0BCF\events.jsonl,469,20260701-1630-CHAITANYA0BCF,scr_smart_1782924387623_monitor_1_post.jpg | screenshots/scr_smart_1782924387623_monitor_1_post.jpg,True
ses_20260701-164424-CHAITANYA0BCF,6,2026-07-01T16:46:12.390Z,2026-07-01T16:46:34.390Z,2026-07-01T16:46:28.141000+00:00,evt_165c69e4-70a0-4c9a-a011-7c1e80efd3cf,C:\Users\Gaurav Rathod\Downloads\automation-proposal\raw_data\dataset-downloads\dataset_b-20260908T164438Z-1-001\dataset_b\ses_20260701-164424-CHAITANYA0BCF\chunk_20260701-1630-CHAITANYA0BCF\events.jsonl,472,20260701-1630-CHAITANYA0BCF,scr_smart_1782924388141_monitor_1_post.jpg | screenshots/scr_smart_1782924388141_monitor_1_post.jpg,True
ses_20260701-164424-CHAITANYA0BCF,6,2026-07-01T16:46:12.390Z,2026-07-01T16:46:34.390Z,2026-07-01T16:46:29.436000+00:00,evt_79609358-5110-412d-94c9-e2f168c7741d,C:\Users\Gaurav Rathod\Downloads\automation-proposal\raw_data\dataset-downloads\dataset_b-20260908T164438Z-1-001\dataset_b\ses_20260701-164424-CHAITANYA0BCF\chunk_20260701-1630-CHAITANYA0BCF\events.jsonl,475,20260701-1630-CHAITANYA0BCF,scr_smart_1782924389436_monitor_1_post.jpg | screenshots/scr_smart_1782924389436_monitor_1_post.jpg,True
ses_20260701-164424-CHAITANYA0BCF,6,2026-07-01T16:46:12.390Z,2026-07-01T16:46:34.390Z,2026-07-01T16:46:30.325000+00:00,evt_bc2030c2-0e24-4f7d-9503-c7edf2ae35f4,C:\Users\Gaurav Rathod\Downloads\automation-proposal\raw_data\dataset-downloads\dataset_b-20260908T164438Z-1-001\dataset_b\ses_20260701-164424-CHAITANYA0BCF\chunk_20260701-1630-CHAITANYA0BCF\events.jsonl,482,20260701-1630-CHAITANYA0BCF,scr_smart_1782924390325_monitor_1_post.jpg | screenshots/scr_smart_1782924390325_monitor_1_post.jpg,True
ses_20260701-164424-CHAITANYA0BCF,6,2026-07-01T16:46:12.390Z,2026-07-01T16:46:34.390Z,2026-07-01T16:46:32.706000+00:00,evt_01752944-3e19-4c60-a61c-85e5d3a3d579,C:\Users\Gaurav Rathod\Downloads\automation-proposal\raw_data\dataset-downloads\dataset_b-20260908T164438Z-1-001\dataset_b\ses_20260701-164424-CHAITANYA0BCF\chunk_20260701-1630-CHAITANYA0BCF\events.jsonl,485,20260701-1630-CHAITANYA0BCF,scr_smart_1782924392706_monitor_1_post.jpg | screenshots/scr_smart_1782924392706_monitor_1_post.jpg,True
ses_20260701-164424-CHAITANYA0BCF,7,2026-07-01T16:46:34.390Z,2026-07-01T16:46:46.390Z,2026-07-01T16:46:38.457000+00:00,evt_d39e605b-1c45-4ee3-bb0d-fab02364464a,C:\Users\Gaurav Rathod\Downloads\automation-proposal\raw_data\dataset-downloads\dataset_b-20260908T164438Z-1-001\dataset_b\ses_20260701-164424-CHAITANYA0BCF\chunk_20260701-1630-CHAITANYA0BCF\events.jsonl,488,20260701-1630-CHAITANYA0BCF,scr_smart_1782924398457_monitor_1_post.jpg | screenshots/scr_smart_1782924398457_monitor_1_post.jpg,True
ses_20260701-164424-CHAITANYA0BCF,7,2026-07-01T16:46:34.390Z,2026-07-01T16:46:46.390Z,2026-07-01T16:46:39.058000+00:00,evt_bf794614-8fb6-4337-a012-fae8270961f1,C:\Users\Gaurav Rathod\Downloads\automation-proposal\raw_data\dataset-downloads\dataset_b-20260908T164438Z-1-001\dataset_b\ses_20260701-164424-CHAITANYA0BCF\chunk_20260701-1630-CHAITANYA0BCF\events.jsonl,491,20260701-1630-CHAITANYA0BCF,scr_smart_1782924399058_monitor_1_post.jpg | screenshots/scr_smart_1782924399058_monitor_1_post.jpg,True
ses_20260701-164424-CHAITANYA0BCF,7,2026-07-01T16:46:34.390Z,2026-07-01T16:46:46.390Z,2026-07-01T16:46:40.247000+00:00,evt_a1c21a19-267a-4962-a76a-61c8afa76a15,C:\Users\Gaurav Rathod\Downloads\automation-proposal\raw_data\dataset-downloads\dataset_b-20260908T164438Z-1-001\dataset_b\ses_20260701-164424-CHAITANYA0BCF\chunk_20260701-1630-CHAITANYA0BCF\events.jsonl,494,20260701-1630-CHAITANYA0BCF,scr_smart_1782924400247_monitor_1_post.jpg | screenshots/scr_smart_1782924400247_monitor_1_post.jpg,True
ses_20260701-164424-CHAITANYA0BCF,7,2026-07-01T16:46:34.390Z,2026-07-01T16:46:46.390Z,2026-07-01T16:46:41.232000+00:00,evt_606ace8b-cab4-4d70-b7de-56ebad65a5d9,C:\Users\Gaurav Rathod\Downloads\automation-proposal\raw_data\dataset-downloads\dataset_b-20260908T164438Z-1-001\dataset_b\ses_20260701-164424-CHAITANYA0BCF\chunk_20260701-1630-CHAITANYA0BCF\events.jsonl,501,20260701-1630-CHAITANYA0BCF,scr_smart_1782924401232_monitor_1_post.jpg | screenshots/scr_smart_1782924401232_monitor_1_post.jpg,True
ses_20260701-164424-CHAITANYA0BCF,7,2026-07-01T16:46:34.390Z,2026-07-01T16:46:46.390Z,2026-07-01T16:46:43.297000+00:00,evt_0ed4b4c4-5a4d-4660-a57e-88237bbccf9b,C:\Users\Gaurav Rathod\Downloads\automation-proposal\raw_data\dataset-downloads\dataset_b-20260908T164438Z-1-001\dataset_b\ses_20260701-164424-CHAITANYA0BCF\chunk_20260701-1630-CHAITANYA0BCF\events.jsonl,504,20260701-1630-CHAITANYA0BCF,scr_smart_1782924403297_monitor_1_post.jpg | screenshots/scr_smart_1782924403297_monitor_1_post.jpg,True
ses_20260701-164424-CHAITANYA0BCF,8,2026-07-01T16:46:46.390Z,2026-07-01T16:47:14.390Z,2026-07-01T16:46:46.792000+00:00,evt_2aba4a58-9255-485c-b03b-6340c6768e7a,C:\Users\Gaurav Rathod\Downloads\automation-proposal\raw_data\dataset-downloads\dataset_b-20260908T164438Z-1-001\dataset_b\ses_20260701-164424-CHAITANYA0BCF\chunk_20260701-1630-CHAITANYA0BCF\events.jsonl,507,20260701-1630-CHAITANYA0BCF,scr_smart_1782924406792_monitor_1_post.jpg | screenshots/scr_smart_1782924406792_monitor_1_post.jpg,True
ses_20260701-164424-CHAITANYA0BCF,8,2026-07-01T16:46:46.390Z,2026-07-01T16:47:14.390Z,2026-07-01T16:46:47.260000+00:00,evt_8ce544ca-b6bc-4ca8-9c14-bbf3ea365818,C:\Users\Gaurav Rathod\Downloads\automation-proposal\raw_data\dataset-downloads\dataset_b-20260908T164438Z-1-001\dataset_b\ses_20260701-164424-CHAITANYA0BCF\chunk_20260701-1630-CHAITANYA0BCF\events.jsonl,510,20260701-1630-CHAITANYA0BCF,scr_smart_1782924407260_monitor_1_post.jpg | screenshots/scr_smart_1782924407260_monitor_1_post.jpg,True
ses_20260701-164424-CHAITANYA0BCF,8,2026-07-01T16:46:46.390Z,2026-07-01T16:47:14.390Z,2026-07-01T16:46:48.851000+00:00,evt_52028670-97cd-4bb4-9b02-89e81bb30bda,C:\Users\Gaurav Rathod\Downloads\automation-proposal\raw_data\dataset-downloads\dataset_b-20260908T164438Z-1-001\dataset_b\ses_20260701-164424-CHAITANYA0BCF\chunk_20260701-1630-CHAITANYA0BCF\events.jsonl,514,20260701-1630-CHAITANYA0BCF,scr_smart_1782924408851_monitor_1_post.jpg | screenshots/scr_smart_1782924408851_monitor_1_post.jpg,True
ses_20260701-164424-CHAITANYA0BCF,8,2026-07-01T16:46:46.390Z,2026-07-01T16:47:14.390Z,2026-07-01T16:46:52.559000+00:00,evt_75c84f74-982c-4dcf-8968-dff00de5a033,C:\Users\Gaurav Rathod\Downloads\automation-proposal\raw_data\dataset-downloads\dataset_b-20260908T164438Z-1-001\dataset_b\ses_20260701-164424-CHAITANYA0BCF\chunk_20260701-1630-CHAITANYA0BCF\events.jsonl,516,20260701-1630-CHAITANYA0BCF,scr_smart_1782924412559_monitor_1_post.jpg | screenshots/scr_smart_1782924412559_monitor_1_post.jpg,True
ses_20260701-164424-CHAITANYA0BCF,8,2026-07-01T16:46:46.390Z,2026-07-01T16:47:14.390Z,2026-07-01T16:46:53.035000+00:00,evt_b16d4d53-fd58-404f-ac2a-42a834bba0ad,C:\Users\Gaurav Rathod\Downloads\automation-proposal\raw_data\dataset-downloads\dataset_b-20260908T164438Z-1-001\dataset_b\ses_20260701-164424-CHAITANYA0BCF\chunk_20260701-1630-CHAITANYA0BCF\events.jsonl,518,20260701-1630-CHAITANYA0BCF,scr_smart_1782924413035_monitor_1_post.jpg | screenshots/scr_smart_1782924413035_monitor_1_post.jpg,True
ses_20260701-164424-CHAITANYA0BCF,8,2026-07-01T16:46:46.390Z,2026-07-01T16:47:14.390Z,2026-07-01T16:46:53.588000+00:00,evt_fb758bb6-10e3-47c3-a5f5-6e1e95bc6a5e,C:\Users\Gaurav Rathod\Downloads\automation-proposal\raw_data\dataset-downloads\dataset_b-20260908T164438Z-1-001\dataset_b\ses_20260701-164424-CHAITANYA0BCF\chunk_20260701-1630-CHAITANYA0BCF\events.jsonl,524,20260701-1630-CHAITANYA0BCF,scr_smart_1782924413588_monitor_1_post.jpg | screenshots/scr_smart_1782924413588_monitor_1_post.jpg,True
ses_20260701-164424-CHAITANYA0BCF,8,2026-07-01T16:46:46.390Z,2026-07-01T16:47:14.390Z,2026-07-01T16:46:55.965000+00:00,evt_bd6f896e-a9d2-4986-abf2-3f72ce37f057,C:\Users\Gaurav Rathod\Downloads\automation-proposal\raw_data\dataset-downloads\dataset_b-20260908T164438Z-1-001\dataset_b\ses_20260701-164424-CHAITANYA0BCF\chunk_20260701-1630-CHAITANYA0BCF\events.jsonl,527,20260701-1630-CHAITANYA0BCF,scr_smart_1782924415965_monitor_1_post.jpg | screenshots/scr_smart_1782924415965_monitor_1_post.jpg,True
ses_20260701-164424-CHAITANYA0BCF,8,2026-07-01T16:46:46.390Z,2026-07-01T16:47:14.390Z,2026-07-01T16:46:59.284000+00:00,evt_d2d02f71-3148-442f-9608-93d7949b8791,C:\Users\Gaurav Rathod\Downloads\automation-proposal\raw_data\dataset-downloads\dataset_b-20260908T164438Z-1-001\dataset_b\ses_20260701-164424-CHAITANYA0BCF\chunk_20260701-1630-CHAITANYA0BCF\events.jsonl,532,20260701-1630-CHAITANYA0BCF,scr_smart_1782924419284_monitor_1_post.jpg | screenshots/scr_smart_1782924419284_monitor_1_post.jpg,True
ses_20260701-164424-CHAITANYA0BCF,8,2026-07-01T16:46:46.390Z,2026-07-01T16:47:14.390Z,2026-07-01T16:47:03.468000+00:00,evt_ec21cad3-05c9-4b27-8afa-9891d106a0b8,C:\Users\Gaurav Rathod\Downloads\automation-proposal\raw_data\dataset-downloads\dataset_b-20260908T164438Z-1-001\dataset_b\ses_20260701-164424-CHAITANYA0BCF\chunk_20260701-1630-CHAITANYA0BCF\events.jsonl,536,20260701-1630-CHAITANYA0BCF,scr_smart_1782924423468_monitor_1_post.jpg | screenshots/scr_smart_1782924423468_monitor_1_post.jpg,True
ses_20260701-164424-CHAITANYA0BCF,8,2026-07-01T16:46:46.390Z,2026-07-01T16:47:14.390Z,2026-07-01T16:47:03.962000+00:00,evt_85aab736-7a25-4e19-8cea-7c468db26226,C:\Users\Gaurav Rathod\Downloads\automation-proposal\raw_data\dataset-downloads\dataset_b-20260908T164438Z-1-001\dataset_b\ses_20260701-164424-CHAITANYA0BCF\chunk_20260701-1630-CHAITANYA0BCF\events.jsonl,556,20260701-1630-CHAITANYA0BCF,scr_smart_1782924423962_monitor_1_post.jpg | screenshots/scr_smart_1782924423962_monitor_1_post.jpg,True
ses_20260701-164424-CHAITANYA0BCF,8,2026-07-01T16:46:46.390Z,2026-07-01T16:47:14.390Z,2026-07-01T16:47:04.539000+00:00,evt_c1af3f24-b4b9-4ebc-a309-974332b71be9,C:\Users\Gaurav Rathod\Downloads\automation-proposal\raw_data\dataset-downloads\dataset_b-20260908T164438Z-1-001\dataset_b\ses_20260701-164424-CHAITANYA0BCF\chunk_20260701-1630-CHAITANYA0BCF\events.jsonl,560,20260701-1630-CHAITANYA0BCF,scr_smart_1782924424539_monitor_1_post.jpg | screenshots/scr_smart_1782924424539_monitor_1_post.jpg,True
ses_20260701-164424-CHAITANYA0BCF,8,2026-07-01T16:46:46.390Z,2026-07-01T16:47:14.390Z,2026-07-01T16:47:05.719000+00:00,evt_1497c783-f03b-4700-afa9-23f4f03084ee,C:\Users\Gaurav Rathod\Downloads\automation-proposal\raw_data\dataset-downloads\dataset_b-20260908T164438Z-1-001\dataset_b\ses_20260701-164424-CHAITANYA0BCF\chunk_20260701-1630-CHAITANYA0BCF\events.jsonl,564,20260701-1630-CHAITANYA0BCF,scr_smart_1782924425719_monitor_1_post.jpg | screenshots/scr_smart_1782924425719_monitor_1_post.jpg,True
ses_20260701-164424-CHAITANYA0BCF,8,2026-07-01T16:46:46.390Z,2026-07-01T16:47:14.390Z,2026-07-01T16:47:07.600000+00:00,evt_2dc5ec4f-efd7-4990-a3a5-2b104adde451,C:\Users\Gaurav Rathod\Downloads\automation-proposal\raw_data\dataset-downloads\dataset_b-20260908T164438Z-1-001\dataset_b\ses_20260701-164424-CHAITANYA0BCF\chunk_20260701-1630-CHAITANYA0BCF\events.jsonl,569,20260701-1630-CHAITANYA0BCF,scr_smart_1782924427600_monitor_1_post.jpg | screenshots/scr_smart_1782924427600_monitor_1_post.jpg,True
ses_20260701-164424-CHAITANYA0BCF,8,2026-07-01T16:46:46.390Z,2026-07-01T16:47:14.390Z,2026-07-01T16:47:10.710000+00:00,evt_a852d899-2c65-42b0-8b7a-8b5e4fefee91,C:\Users\Gaurav Rathod\Downloads\automation-proposal\raw_data\dataset-downloads\dataset_b-20260908T164438Z-1-001\dataset_b\ses_20260701-164424-CHAITANYA0BCF\chunk_20260701-1630-CHAITANYA0BCF\events.jsonl,574,20260701-1630-CHAITANYA0BCF,scr_smart_1782924430710_monitor_1_post.jpg | screenshots/scr_smart_1782924430710_monitor_1_post.jpg,True
ses_20260701-164424-CHAITANYA0BCF,8,2026-07-01T16:46:46.390Z,2026-07-01T16:47:14.390Z,2026-07-01T16:47:11.778000+00:00,evt_4c48911f-63a1-41e5-a791-e4d5c30c6a73,C:\Users\Gaurav Rathod\Downloads\automation-proposal\raw_data\dataset-downloads\dataset_b-20260908T164438Z-1-001\dataset_b\ses_20260701-164424-CHAITANYA0BCF\chunk_20260701-1630-CHAITANYA0BCF\events.jsonl,577,20260701-1630-CHAITANYA0BCF,scr_smart_1782924431778_monitor_1_post.jpg | screenshots/scr_smart_1782924431778_monitor_1_post.jpg,True
ses_20260701-164424-CHAITANYA0BCF,8,2026-07-01T16:46:46.390Z,2026-07-01T16:47:14.390Z,2026-07-01T16:47:12.762000+00:00,evt_c54e18af-0282-4091-b23b-6f6ba4202200,C:\Users\Gaurav Rathod\Downloads\automation-proposal\raw_data\dataset-downloads\dataset_b-20260908T164438Z-1-001\dataset_b\ses_20260701-164424-CHAITANYA0BCF\chunk_20260701-1630-CHAITANYA0BCF\events.jsonl,584,20260701-1630-CHAITANYA0BCF,scr_smart_1782924432762_monitor_1_post.jpg | screenshots/scr_smart_1782924432762_monitor_1_post.jpg,True
ses_20260701-164424-CHAITANYA0BCF,9,2026-07-01T16:47:14.390Z,2026-07-01T16:47:50.390Z,2026-07-01T16:47:15.046000+00:00,evt_19dd9d0f-acf9-41b7-869e-e9af154614ee,C:\Users\Gaurav Rathod\Downloads\automation-proposal\raw_data\dataset-downloads\dataset_b-20260908T164438Z-1-001\dataset_b\ses_20260701-164424-CHAITANYA0BCF\chunk_20260701-1630-CHAITANYA0BCF\events.jsonl,587,20260701-1630-CHAITANYA0BCF,scr_smart_1782924435046_monitor_1_post.jpg | screenshots/scr_smart_1782924435046_monitor_1_post.jpg,True
ses_20260701-164424-CHAITANYA0BCF,9,2026-07-01T16:47:14.390Z,2026-07-01T16:47:50.390Z,2026-07-01T16:47:17.934000+00:00,evt_dc523631-0716-4f00-bc19-2092d7c97134,C:\Users\Gaurav Rathod\Downloads\automation-proposal\raw_data\dataset-downloads\dataset_b-20260908T164438Z-1-001\dataset_b\ses_20260701-164424-CHAITANYA0BCF\chunk_20260701-1630-CHAITANYA0BCF\events.jsonl,592,20260701-1630-CHAITANYA0BCF,scr_smart_1782924437934_monitor_1_post.jpg | screenshots/scr_smart_1782924437934_monitor_1_post.jpg,True
ses_20260701-164424-CHAITANYA0BCF,9,2026-07-01T16:47:14.390Z,2026-07-01T16:47:50.390Z,2026-07-01T16:47:23.549000+00:00,evt_84b0e873-604f-4222-b223-c1fd924c03c6,C:\Users\Gaurav Rathod\Downloads\automation-proposal\raw_data\dataset-downloads\dataset_b-20260908T164438Z-1-001\dataset_b\ses_20260701-164424-CHAITANYA0BCF\chunk_20260701-1630-CHAITANYA0BCF\events.jsonl,596,20260701-1630-CHAITANYA0BCF,scr_smart_1782924443549_monitor_1_post.jpg | screenshots/scr_smart_1782924443549_monitor_1_post.jpg,True
ses_20260701-164424-CHAITANYA0BCF,9,2026-07-01T16:47:14.390Z,2026-07-01T16:47:50.390Z,2026-07-01T16:47:24.055000+00:00,evt_9cf35469-9efd-4f46-bc55-6cf0666f4a32,C:\Users\Gaurav Rathod\Downloads\automation-proposal\raw_data\dataset-downloads\dataset_b-20260908T164438Z-1-001\dataset_b\ses_20260701-164424-CHAITANYA0BCF\chunk_20260701-1630-CHAITANYA0BCF\events.jsonl,616,20260701-1630-CHAITANYA0BCF,scr_smart_1782924444055_monitor_1_post.jpg | screenshots/scr_smart_1782924444055_monitor_1_post.jpg,True
ses_20260701-164424-CHAITANYA0BCF,9,2026-07-01T16:47:14.390Z,2026-07-01T16:47:50.390Z,2026-07-01T16:47:24.635000+00:00,evt_cd40008e-7636-4e20-ba18-6bdf433ff0f2,C:\Users\Gaurav Rathod\Downloads\automation-proposal\raw_data\dataset-downloads\dataset_b-20260908T164438Z-1-001\dataset_b\ses_20260701-164424-CHAITANYA0BCF\chunk_20260701-1630-CHAITANYA0BCF\events.jsonl,620,20260701-1630-CHAITANYA0BCF,scr_smart_1782924444635_monitor_1_post.jpg | screenshots/scr_smart_1782924444635_monitor_1_post.jpg,True
ses_20260701-164424-CHAITANYA0BCF,9,2026-07-01T16:47:14.390Z,2026-07-01T16:47:50.390Z,2026-07-01T16:47:26.003000+00:00,evt_ea8eb469-e45b-4361-8728-b701826e182e,C:\Users\Gaurav Rathod\Downloads\automation-proposal\raw_data\dataset-downloads\dataset_b-20260908T164438Z-1-001\dataset_b\ses_20260701-164424-CHAITANYA0BCF\chunk_20260701-1630-CHAITANYA0BCF\events.jsonl,624,20260701-1630-CHAITANYA0BCF,scr_smart_1782924446003_monitor_1_post.jpg | screenshots/scr_smart_1782924446003_monitor_1_post.jpg,True
ses_20260701-164424-CHAITANYA0BCF,9,2026-07-01T16:47:14.390Z,2026-07-01T16:47:50.390Z,2026-07-01T16:47:27.575000+00:00,evt_86648fdd-3001-4ffc-939b-c7e7bdfb9df4,C:\Users\Gaurav Rathod\Downloads\automation-proposal\raw_data\dataset-downloads\dataset_b-20260908T164438Z-1-001\dataset_b\ses_20260701-164424-CHAITANYA0BCF\chunk_20260701-1630-CHAITANYA0BCF\events.jsonl,629,20260701-1630-CHAITANYA0BCF,scr_smart_1782924447575_monitor_1_post.jpg | screenshots/scr_smart_1782924447575_monitor_1_post.jpg,True
ses_20260701-164424-CHAITANYA0BCF,9,2026-07-01T16:47:14.390Z,2026-07-01T16:47:50.390Z,2026-07-01T16:47:30.740000+00:00,evt_35277ee3-fe71-40fe-b332-45128b02231d,C:\Users\Gaurav Rathod\Downloads\automation-proposal\raw_data\dataset-downloads\dataset_b-20260908T164438Z-1-001\dataset_b\ses_20260701-164424-CHAITANYA0BCF\chunk_20260701-1630-CHAITANYA0BCF\events.jsonl,634,20260701-1630-CHAITANYA0BCF,scr_smart_1782924450740_monitor_1_post.jpg | screenshots/scr_smart_1782924450740_monitor_1_post.jpg,True
ses_20260701-164424-CHAITANYA0BCF,9,2026-07-01T16:47:14.390Z,2026-07-01T16:47:50.390Z,2026-07-01T16:47:32.356000+00:00,evt_3d0584b6-88ad-4fb6-b95c-26eb94aaa91a,C:\Users\Gaurav Rathod\Downloads\automation-proposal\raw_data\dataset-downloads\dataset_b-20260908T164438Z-1-001\dataset_b\ses_20260701-164424-CHAITANYA0BCF\chunk_20260701-1630-CHAITANYA0BCF\events.jsonl,637,20260701-1630-CHAITANYA0BCF,scr_smart_1782924452356_monitor_1_post.jpg | screenshots/scr_smart_1782924452356_monitor_1_post.jpg,True
ses_20260701-164424-CHAITANYA0BCF,9,2026-07-01T16:47:14.390Z,2026-07-01T16:47:50.390Z,2026-07-01T16:47:36.675000+00:00,evt_04441657-f015-47ab-9293-777e5e05b3d5,C:\Users\Gaurav Rathod\Downloads\automation-proposal\raw_data\dataset-downloads\dataset_b-20260908T164438Z-1-001\dataset_b\ses_20260701-164424-CHAITANYA0BCF\chunk_20260701-1630-CHAITANYA0BCF\events.jsonl,639,20260701-1630-CHAITANYA0BCF,scr_smart_1782924456675_monitor_1_post.jpg | screenshots/scr_smart_1782924456675_monitor_1_post.jpg,True
ses_20260701-164424-CHAITANYA0BCF,9,2026-07-01T16:47:14.390Z,2026-07-01T16:47:50.390Z,2026-07-01T16:47:37.165000+00:00,evt_88f7a35e-c9c8-4e3b-968c-6c93e8f0ef39,C:\Users\Gaurav Rathod\Downloads\automation-proposal\raw_data\dataset-downloads\dataset_b-20260908T164438Z-1-001\dataset_b\ses_20260701-164424-CHAITANYA0BCF\chunk_20260701-1630-CHAITANYA0BCF\events.jsonl,641,20260701-1630-CHAITANYA0BCF,scr_smart_1782924457165_monitor_1_post.jpg | screenshots/scr_smart_1782924457165_monitor_1_post.jpg,True
ses_20260701-164424-CHAITANYA0BCF,9,2026-07-01T16:47:14.390Z,2026-07-01T16:47:50.390Z,2026-07-01T16:47:37.725000+00:00,evt_459adf53-d6f2-4ed5-a664-fb4ccc0f3bc5,C:\Users\Gaurav Rathod\Downloads\automation-proposal\raw_data\dataset-downloads\dataset_b-20260908T164438Z-1-001\dataset_b\ses_20260701-164424-CHAITANYA0BCF\chunk_20260701-1630-CHAITANYA0BCF\events.jsonl,647,20260701-1630-CHAITANYA0BCF,scr_smart_1782924457725_monitor_1_post.jpg | screenshots/scr_smart_1782924457725_monitor_1_post.jpg,True
ses_20260701-164424-CHAITANYA0BCF,9,2026-07-01T16:47:14.390Z,2026-07-01T16:47:50.390Z,2026-07-01T16:47:40.212000+00:00,evt_c41c0369-59f6-48fc-8dc4-ea9777467494,C:\Users\Gaurav Rathod\Downloads\automation-proposal\raw_data\dataset-downloads\dataset_b-20260908T164438Z-1-001\dataset_b\ses_20260701-164424-CHAITANYA0BCF\chunk_20260701-1630-CHAITANYA0BCF\events.jsonl,650,20260701-1630-CHAITANYA0BCF,scr_smart_1782924460212_monitor_1_post.jpg | screenshots/scr_smart_1782924460212_monitor_1_post.jpg,True
ses_20260701-164424-CHAITANYA0BCF,9,2026-07-01T16:47:14.390Z,2026-07-01T16:47:50.390Z,2026-07-01T16:47:44.122000+00:00,evt_a83cedbc-17d5-4440-a819-18871fe9e1bd,C:\Users\Gaurav Rathod\Downloads\automation-proposal\raw_data\dataset-downloads\dataset_b-20260908T164438Z-1-001\dataset_b\ses_20260701-164424-CHAITANYA0BCF\chunk_20260701-1630-CHAITANYA0BCF\events.jsonl,653,20260701-1630-CHAITANYA0BCF,scr_smart_1782924464122_monitor_1_post.jpg | screenshots/scr_smart_1782924464122_monitor_1_post.jpg,True
ses_20260701-164424-CHAITANYA0BCF,10,2026-07-01T16:52:14.390Z,2026-07-01T16:52:28.390Z,2026-07-01T16:52:18.512000+00:00,evt_b1e87dbe-23bf-47cb-ac6c-8ecd34703214,C:\Users\Gaurav Rathod\Downloads\automation-proposal\raw_data\dataset-downloads\dataset_b-20260908T164438Z-1-001\dataset_b\ses_20260701-164424-CHAITANYA0BCF\chunk_20260701-1630-CHAITANYA0BCF\events.jsonl,1126,20260701-1630-CHAITANYA0BCF,scr_smart_1782924738512_monitor_1_post.jpg | screenshots/scr_smart_1782924738512_monitor_1_post.jpg,True
ses_20260701-164424-CHAITANYA0BCF,10,2026-07-01T16:52:14.390Z,2026-07-01T16:52:28.390Z,2026-07-01T16:52:19.112000+00:00,evt_10af7f5a-7289-4a7b-9106-ccf1e295f933,C:\Users\Gaurav Rathod\Downloads\automation-proposal\raw_data\dataset-downloads\dataset_b-20260908T164438Z-1-001\dataset_b\ses_20260701-164424-CHAITANYA0BCF\chunk_20260701-1630-CHAITANYA0BCF\events.jsonl,1128,20260701-1630-CHAITANYA0BCF,scr_smart_1782924739112_monitor_1_post.jpg | screenshots/scr_smart_1782924739112_monitor_1_post.jpg,True
ses_20260701-164424-CHAITANYA0BCF,10,2026-07-01T16:52:14.390Z,2026-07-01T16:52:28.390Z,2026-07-01T16:52:20.249000+00:00,evt_60928579-1b29-4543-850b-6a0996c28fca,C:\Users\Gaurav Rathod\Downloads\automation-proposal\raw_data\dataset-downloads\dataset_b-20260908T164438Z-1-001\dataset_b\ses_20260701-164424-CHAITANYA0BCF\chunk_20260701-1630-CHAITANYA0BCF\events.jsonl,1131,20260701-1630-CHAITANYA0BCF,scr_smart_1782924740249_monitor_1_post.jpg | screenshots/scr_smart_1782924740249_monitor_1_post.jpg,True
ses_20260701-164424-CHAITANYA0BCF,10,2026-07-01T16:52:14.390Z,2026-07-01T16:52:28.390Z,2026-07-01T16:52:21.270000+00:00,evt_f9c451c5-74b3-4bf1-b178-75f147419654,C:\Users\Gaurav Rathod\Downloads\automation-proposal\raw_data\dataset-downloads\dataset_b-20260908T164438Z-1-001\dataset_b\ses_20260701-164424-CHAITANYA0BCF\chunk_20260701-1630-CHAITANYA0BCF\events.jsonl,1142,20260701-1630-CHAITANYA0BCF,scr_smart_1782924741270_monitor_1_post.jpg | screenshots/scr_smart_1782924741270_monitor_1_post.jpg,True
ses_20260701-164424-CHAITANYA0BCF,10,2026-07-01T16:52:14.390Z,2026-07-01T16:52:28.390Z,2026-07-01T16:52:23.370000+00:00,evt_dea9af56-8871-44ad-b33a-48b4ab28a86b,C:\Users\Gaurav Rathod\Downloads\automation-proposal\raw_data\dataset-downloads\dataset_b-20260908T164438Z-1-001\dataset_b\ses_20260701-164424-CHAITANYA0BCF\chunk_20260701-1630-CHAITANYA0BCF\events.jsonl,1145,20260701-1630-CHAITANYA0BCF,scr_smart_1782924743370_monitor_1_post.jpg | screenshots/scr_smart_1782924743370_monitor_1_post.jpg,True
ses_20260701-164424-CHAITANYA0BCF,11,2026-07-01T16:52:28.390Z,2026-07-01T16:52:40.390Z,2026-07-01T16:52:29.911000+00:00,evt_7ba7e494-fa91-413f-b214-63c19e82c7fe,C:\Users\Gaurav Rathod\Downloads\automation-proposal\raw_data\dataset-downloads\dataset_b-20260908T164438Z-1-001\dataset_b\ses_20260701-164424-CHAITANYA0BCF\chunk_20260701-1630-CHAITANYA0BCF\events.jsonl,1149,20260701-1630-CHAITANYA0BCF,scr_smart_1782924749911_monitor_1_post.jpg | screenshots/scr_smart_1782924749911_monitor_1_post.jpg,True
ses_20260701-164424-CHAITANYA0BCF,11,2026-07-01T16:52:28.390Z,2026-07-01T16:52:40.390Z,2026-07-01T16:52:31.848000+00:00,evt_e0415794-f724-484c-8ce2-0bd5a1e7978c,C:\Users\Gaurav Rathod\Downloads\automation-proposal\raw_data\dataset-downloads\dataset_b-20260908T164438Z-1-001\dataset_b\ses_20260701-164424-CHAITANYA0BCF\chunk_20260701-1630-CHAITANYA0BCF\events.jsonl,1153,20260701-1630-CHAITANYA0BCF,scr_smart_1782924751848_monitor_1_post.jpg | screenshots/scr_smart_1782924751848_monitor_1_post.jpg,True
ses_20260701-164424-CHAITANYA0BCF,11,2026-07-01T16:52:28.390Z,2026-07-01T16:52:40.390Z,2026-07-01T16:52:35.990000+00:00,evt_565dbcaf-b0c5-4363-a8cc-6ecf77152574,C:\Users\Gaurav Rathod\Downloads\automation-proposal\raw_data\dataset-downloads\dataset_b-20260908T164438Z-1-001\dataset_b\ses_20260701-164424-CHAITANYA0BCF\chunk_20260701-1630-CHAITANYA0BCF\events.jsonl,1155,20260701-1630-CHAITANYA0BCF,scr_smart_1782924755990_monitor_1_post.jpg | screenshots/scr_smart_1782924755990_monitor_1_post.jpg,True
ses_20260701-164424-CHAITANYA0BCF,11,2026-07-01T16:52:28.390Z,2026-07-01T16:52:40.390Z,2026-07-01T16:52:36.865000+00:00,evt_e37a9b70-d436-4d06-9398-fb4ee0f83716,C:\Users\Gaurav Rathod\Downloads\automation-proposal\raw_data\dataset-downloads\dataset_b-20260908T164438Z-1-001\dataset_b\ses_20260701-164424-CHAITANYA0BCF\chunk_20260701-1630-CHAITANYA0BCF\events.jsonl,1162,20260701-1630-CHAITANYA0BCF,scr_smart_1782924756865_monitor_1_post.jpg | screenshots/scr_smart_1782924756865_monitor_1_post.jpg,True
ses_20260701-164424-CHAITANYA0BCF,11,2026-07-01T16:52:28.390Z,2026-07-01T16:52:40.390Z,2026-07-01T16:52:39.145000+00:00,evt_aa699f5d-63c2-4b23-9742-492f5b5edf94,C:\Users\Gaurav Rathod\Downloads\automation-proposal\raw_data\dataset-downloads\dataset_b-20260908T164438Z-1-001\dataset_b\ses_20260701-164424-CHAITANYA0BCF\chunk_20260701-1630-CHAITANYA0BCF\events.jsonl,1165,20260701-1630-CHAITANYA0BCF,scr_smart_1782924759145_monitor_1_post.jpg | screenshots/scr_smart_1782924759145_monitor_1_post.jpg,True
ses_20260701-164424-CHAITANYA0BCF,12,2026-07-01T16:52:40.390Z,2026-07-01T16:52:48.390Z,2026-07-01T16:52:45.877000+00:00,evt_6de21de9-9137-4737-a9aa-3b8e38008e23,C:\Users\Gaurav Rathod\Downloads\automation-proposal\raw_data\dataset-downloads\dataset_b-20260908T164438Z-1-001\dataset_b\ses_20260701-164424-CHAITANYA0BCF\chunk_20260701-1630-CHAITANYA0BCF\events.jsonl,1169,20260701-1630-CHAITANYA0BCF,scr_smart_1782924765877_monitor_1_post.jpg | screenshots/scr_smart_1782924765877_monitor_1_post.jpg,True
ses_20260701-164424-CHAITANYA0BCF,12,2026-07-01T16:52:40.390Z,2026-07-01T16:52:48.390Z,2026-07-01T16:52:47.167000+00:00,evt_56f9af38-947e-4bcc-8e1a-fd71bb29798f,C:\Users\Gaurav Rathod\Downloads\automation-proposal\raw_data\dataset-downloads\dataset_b-20260908T164438Z-1-001\dataset_b\ses_20260701-164424-CHAITANYA0BCF\chunk_20260701-1630-CHAITANYA0BCF\events.jsonl,1172,20260701-1630-CHAITANYA0BCF,scr_smart_1782924767167_monitor_1_post.jpg | screenshots/scr_smart_1782924767167_monitor_1_post.jpg,True
ses_20260701-164424-CHAITANYA0BCF,12,2026-07-01T16:52:40.390Z,2026-07-01T16:52:48.390Z,2026-07-01T16:52:48.078000+00:00,evt_c53e5282-1da0-49b1-b719-75414855c7ab,C:\Users\Gaurav Rathod\Downloads\automation-proposal\raw_data\dataset-downloads\dataset_b-20260908T164438Z-1-001\dataset_b\ses_20260701-164424-CHAITANYA0BCF\chunk_20260701-1630-CHAITANYA0BCF\events.jsonl,1179,20260701-1630-CHAITANYA0BCF,scr_smart_1782924768078_monitor_1_post.jpg | screenshots/scr_smart_1782924768078_monitor_1_post.jpg,True
ses_20260701-164424-CHAITANYA0BCF,13,2026-07-01T16:52:48.390Z,2026-07-01T16:53:00.390Z,2026-07-01T16:52:50.547000+00:00,evt_ba9c80ee-d310-4193-9728-f068aa33ccb9,C:\Users\Gaurav Rathod\Downloads\automation-proposal\raw_data\dataset-downloads\dataset_b-20260908T164438Z-1-001\dataset_b\ses_20260701-164424-CHAITANYA0BCF\chunk_20260701-1630-CHAITANYA0BCF\events.jsonl,1182,20260701-1630-CHAITANYA0BCF,scr_smart_1782924770547_monitor_1_post.jpg | screenshots/scr_smart_1782924770547_monitor_1_post.jpg,True
ses_20260701-164424-CHAITANYA0BCF,13,2026-07-01T16:52:48.390Z,2026-07-01T16:53:00.390Z,2026-07-01T16:52:57.561000+00:00,evt_731c58a7-9486-46a8-80d2-a9d180ad1a2c,C:\Users\Gaurav Rathod\Downloads\automation-proposal\raw_data\dataset-downloads\dataset_b-20260908T164438Z-1-001\dataset_b\ses_20260701-164424-CHAITANYA0BCF\chunk_20260701-1630-CHAITANYA0BCF\events.jsonl,1186,20260701-1630-CHAITANYA0BCF,scr_smart_1782924777561_monitor_1_post.jpg | screenshots/scr_smart_1782924777561_monitor_1_post.jpg,True
ses_20260701-164424-CHAITANYA0BCF,13,2026-07-01T16:52:48.390Z,2026-07-01T16:53:00.390Z,2026-07-01T16:52:58.638000+00:00,evt_4b8f061e-b808-49bc-9820-a1a592bf99dc,C:\Users\Gaurav Rathod\Downloads\automation-proposal\raw_data\dataset-downloads\dataset_b-20260908T164438Z-1-001\dataset_b\ses_20260701-164424-CHAITANYA0BCF\chunk_20260701-1630-CHAITANYA0BCF\events.jsonl,1189,20260701-1630-CHAITANYA0BCF,scr_smart_1782924778638_monitor_1_post.jpg | screenshots/scr_smart_1782924778638_monitor_1_post.jpg,True
ses_20260701-164424-CHAITANYA0BCF,13,2026-07-01T16:52:48.390Z,2026-07-01T16:53:00.390Z,2026-07-01T16:52:59.616000+00:00,evt_c0e38535-c260-4507-93f5-da644078626d,C:\Users\Gaurav Rathod\Downloads\automation-proposal\raw_data\dataset-downloads\dataset_b-20260908T164438Z-1-001\dataset_b\ses_20260701-164424-CHAITANYA0BCF\chunk_20260701-1630-CHAITANYA0BCF\events.jsonl,1196,20260701-1630-CHAITANYA0BCF,scr_smart_1782924779616_monitor_1_post.jpg | screenshots/scr_smart_1782924779616_monitor_1_post.jpg,True
ses_20260701-164424-CHAITANYA0BCF,14,2026-07-01T16:53:00.390Z,2026-07-01T16:53:06.390Z,2026-07-01T16:53:02.082000+00:00,evt_38f5a639-024a-4ff1-8fda-df1176a66150,C:\Users\Gaurav Rathod\Downloads\automation-proposal\raw_data\dataset-downloads\dataset_b-20260908T164438Z-1-001\dataset_b\ses_20260701-164424-CHAITANYA0BCF\chunk_20260701-1630-CHAITANYA0BCF\events.jsonl,1199,20260701-1630-CHAITANYA0BCF,scr_smart_1782924782082_monitor_1_post.jpg | screenshots/scr_smart_1782924782082_monitor_1_post.jpg,True
ses_20260701-171614-CHAITANYA0BCF,1,2026-07-01T17:17:28.350Z,2026-07-01T17:17:40.350Z,2026-07-01T17:17:30.922000+00:00,evt_ff4bbfb6-a7f7-4142-b9a8-3fe05e59ef2f,C:\Users\Gaurav Rathod\Downloads\automation-proposal\raw_data\dataset-downloads\dataset_b-20260908T164438Z-1-001\dataset_b\ses_20260701-171614-CHAITANYA0BCF\chunk_20260701-1700-CHAITANYA0BCF\events.jsonl,123,20260701-1700-CHAITANYA0BCF,scr_smart_1782926250922_monitor_1_post.jpg | screenshots/scr_smart_1782926250922_monitor_1_post.jpg,True
ses_20260701-171614-CHAITANYA0BCF,1,2026-07-01T17:17:28.350Z,2026-07-01T17:17:40.350Z,2026-07-01T17:17:32.900000+00:00,evt_a1abbd07-2328-496d-b0b5-ae6eb5ef0197,C:\Users\Gaurav Rathod\Downloads\automation-proposal\raw_data\dataset-downloads\dataset_b-20260908T164438Z-1-001\dataset_b\ses_20260701-171614-CHAITANYA0BCF\chunk_20260701-1700-CHAITANYA0BCF\events.jsonl,126,20260701-1700-CHAITANYA0BCF,scr_smart_1782926252900_monitor_1_post.jpg | screenshots/scr_smart_1782926252900_monitor_1_post.jpg,True
ses_20260701-171614-CHAITANYA0BCF,1,2026-07-01T17:17:28.350Z,2026-07-01T17:17:40.350Z,2026-07-01T17:17:33.534000+00:00,evt_97812f1e-42fd-4cda-be23-cc9c12e99fc6,C:\Users\Gaurav Rathod\Downloads\automation-proposal\raw_data\dataset-downloads\dataset_b-20260908T164438Z-1-001\dataset_b\ses_20260701-171614-CHAITANYA0BCF\chunk_20260701-1700-CHAITANYA0BCF\events.jsonl,129,20260701-1700-CHAITANYA0BCF,scr_smart_1782926253534_monitor_1_post.jpg | screenshots/scr_smart_1782926253534_monitor_1_post.jpg,True
ses_20260701-171614-CHAITANYA0BCF,1,2026-07-01T17:17:28.350Z,2026-07-01T17:17:40.350Z,2026-07-01T17:17:34.403000+00:00,evt_3123d627-12bd-4c5b-943f-87fd6035d28f,C:\Users\Gaurav Rathod\Downloads\automation-proposal\raw_data\dataset-downloads\dataset_b-20260908T164438Z-1-001\dataset_b\ses_20260701-171614-CHAITANYA0BCF\chunk_20260701-1700-CHAITANYA0BCF\events.jsonl,131,20260701-1700-CHAITANYA0BCF,scr_smart_1782926254403_monitor_1_post.jpg | screenshots/scr_smart_1782926254403_monitor_1_post.jpg,True
ses_20260701-171614-CHAITANYA0BCF,1,2026-07-01T17:17:28.350Z,2026-07-01T17:17:40.350Z,2026-07-01T17:17:34.918000+00:00,evt_86e97517-d1ec-40e5-906f-8c2b204bafaa,C:\Users\Gaurav Rathod\Downloads\automation-proposal\raw_data\dataset-downloads\dataset_b-20260908T164438Z-1-001\dataset_b\ses_20260701-171614-CHAITANYA0BCF\chunk_20260701-1700-CHAITANYA0BCF\events.jsonl,133,20260701-1700-CHAITANYA0BCF,scr_smart_1782926254918_monitor_1_post.jpg | screenshots/scr_smart_1782926254918_monitor_1_post.jpg,True
ses_20260701-171614-CHAITANYA0BCF,1,2026-07-01T17:17:28.350Z,2026-07-01T17:17:40.350Z,2026-07-01T17:17:35.388000+00:00,evt_1a662dca-d4f5-453a-ac66-838cfd806eaa,C:\Users\Gaurav Rathod\Downloads\automation-proposal\raw_data\dataset-downloads\dataset_b-20260908T164438Z-1-001\dataset_b\ses_20260701-171614-CHAITANYA0BCF\chunk_20260701-1700-CHAITANYA0BCF\events.jsonl,139,20260701-1700-CHAITANYA0BCF,scr_smart_1782926255388_monitor_1_post.jpg | screenshots/scr_smart_1782926255388_monitor_1_post.jpg,True
ses_20260701-171614-CHAITANYA0BCF,1,2026-07-01T17:17:28.350Z,2026-07-01T17:17:40.350Z,2026-07-01T17:17:37.916000+00:00,evt_400fbc97-f7ba-45ba-932a-6dd7b1b7354a,C:\Users\Gaurav Rathod\Downloads\automation-proposal\raw_data\dataset-downloads\dataset_b-20260908T164438Z-1-001\dataset_b\ses_20260701-171614-CHAITANYA0BCF\chunk_20260701-1700-CHAITANYA0BCF\events.jsonl,142,20260701-1700-CHAITANYA0BCF,scr_smart_1782926257916_monitor_1_post.jpg | screenshots/scr_smart_1782926257916_monitor_1_post.jpg,True
ses_20260701-171614-CHAITANYA0BCF,2,2026-07-01T17:17:40.350Z,2026-07-01T17:17:56.350Z,2026-07-01T17:17:45.315000+00:00,evt_54c2b4df-4b04-4422-acad-7978ea12513e,C:\Users\Gaurav Rathod\Downloads\automation-proposal\raw_data\dataset-downloads\dataset_b-20260908T164438Z-1-001\dataset_b\ses_20260701-171614-CHAITANYA0BCF\chunk_20260701-1700-CHAITANYA0BCF\events.jsonl,145,20260701-1700-CHAITANYA0BCF,scr_smart_1782926265315_monitor_1_post.jpg | screenshots/scr_smart_1782926265315_monitor_1_post.jpg,True
ses_20260701-171614-CHAITANYA0BCF,2,2026-07-01T17:17:40.350Z,2026-07-01T17:17:56.350Z,2026-07-01T17:17:45.896000+00:00,evt_ec383793-94cc-4dc6-937c-fa42c7093033,C:\Users\Gaurav Rathod\Downloads\automation-proposal\raw_data\dataset-downloads\dataset_b-20260908T164438Z-1-001\dataset_b\ses_20260701-171614-CHAITANYA0BCF\chunk_20260701-1700-CHAITANYA0BCF\events.jsonl,148,20260701-1700-CHAITANYA0BCF,scr_smart_1782926265896_monitor_1_post.jpg | screenshots/scr_smart_1782926265896_monitor_1_post.jpg,True
ses_20260701-171614-CHAITANYA0BCF,2,2026-07-01T17:17:40.350Z,2026-07-01T17:17:56.350Z,2026-07-01T17:17:46.876000+00:00,evt_23399da5-ee90-4a0a-87a4-bc9a22cad571,C:\Users\Gaurav Rathod\Downloads\automation-proposal\raw_data\dataset-downloads\dataset_b-20260908T164438Z-1-001\dataset_b\ses_20260701-171614-CHAITANYA0BCF\chunk_20260701-1700-CHAITANYA0BCF\events.jsonl,155,20260701-1700-CHAITANYA0BCF,scr_smart_1782926266876_monitor_1_post.jpg | screenshots/scr_smart_1782926266876_monitor_1_post.jpg,True
ses_20260701-171614-CHAITANYA0BCF,2,2026-07-01T17:17:40.350Z,2026-07-01T17:17:56.350Z,2026-07-01T17:17:47.451000+00:00,evt_c0735e8b-316f-4975-abb6-40bc6f9afc21,C:\Users\Gaurav Rathod\Downloads\automation-proposal\raw_data\dataset-downloads\dataset_b-20260908T164438Z-1-001\dataset_b\ses_20260701-171614-CHAITANYA0BCF\chunk_20260701-1700-CHAITANYA0BCF\events.jsonl,157,20260701-1700-CHAITANYA0BCF,scr_smart_1782926267451_monitor_1_post.jpg | screenshots/scr_smart_1782926267451_monitor_1_post.jpg,True
ses_20260701-171614-CHAITANYA0BCF,2,2026-07-01T17:17:40.350Z,2026-07-01T17:17:56.350Z,2026-07-01T17:17:47.976000+00:00,evt_013a8c1f-0337-43b9-9408-de01284b5b06,C:\Users\Gaurav Rathod\Downloads\automation-proposal\raw_data\dataset-downloads\dataset_b-20260908T164438Z-1-001\dataset_b\ses_20260701-171614-CHAITANYA0BCF\chunk_20260701-1700-CHAITANYA0BCF\events.jsonl,163,20260701-1700-CHAITANYA0BCF,scr_smart_1782926267976_monitor_1_post.jpg | screenshots/scr_smart_1782926267976_monitor_1_post.jpg,True
ses_20260701-171614-CHAITANYA0BCF,2,2026-07-01T17:17:40.350Z,2026-07-01T17:17:56.350Z,2026-07-01T17:17:49.980000+00:00,evt_f58c4e4c-0cca-4eca-ae5b-ed1cc3b949ec,C:\Users\Gaurav Rathod\Downloads\automation-proposal\raw_data\dataset-downloads\dataset_b-20260908T164438Z-1-001\dataset_b\ses_20260701-171614-CHAITANYA0BCF\chunk_20260701-1700-CHAITANYA0BCF\events.jsonl,166,20260701-1700-CHAITANYA0BCF,scr_smart_1782926269980_monitor_1_post.jpg | screenshots/scr_smart_1782926269980_monitor_1_post.jpg,True
ses_20260701-171614-CHAITANYA0BCF,2,2026-07-01T17:17:40.350Z,2026-07-01T17:17:56.350Z,2026-07-01T17:17:53.620000+00:00,evt_c9a4448f-464e-4963-9047-2f90ae776237,C:\Users\Gaurav Rathod\Downloads\automation-proposal\raw_data\dataset-downloads\dataset_b-20260908T164438Z-1-001\dataset_b\ses_20260701-171614-CHAITANYA0BCF\chunk_20260701-1700-CHAITANYA0BCF\events.jsonl,169,20260701-1700-CHAITANYA0BCF,scr_smart_1782926273620_monitor_1_post.jpg | screenshots/scr_smart_1782926273620_monitor_1_post.jpg,True
ses_20260701-171614-CHAITANYA0BCF,2,2026-07-01T17:17:40.350Z,2026-07-01T17:17:56.350Z,2026-07-01T17:17:55.222000+00:00,evt_d01bb16a-9c62-49c6-8cd5-a979daeeef57,C:\Users\Gaurav Rathod\Downloads\automation-proposal\raw_data\dataset-downloads\dataset_b-20260908T164438Z-1-001\dataset_b\ses_20260701-171614-CHAITANYA0BCF\chunk_20260701-1700-CHAITANYA0BCF\events.jsonl,174,20260701-1700-CHAITANYA0BCF,scr_smart_1782926275222_monitor_1_post.jpg | screenshots/scr_smart_1782926275222_monitor_1_post.jpg,True
ses_20260701-171614-CHAITANYA0BCF,2,2026-07-01T17:17:40.350Z,2026-07-01T17:17:56.350Z,2026-07-01T17:17:56.114000+00:00,evt_87f1b96d-7a53-4d73-9ebc-116ddb324281,C:\Users\Gaurav Rathod\Downloads\automation-proposal\raw_data\dataset-downloads\dataset_b-20260908T164438Z-1-001\dataset_b\ses_20260701-171614-CHAITANYA0BCF\chunk_20260701-1700-CHAITANYA0BCF\events.jsonl,181,20260701-1700-CHAITANYA0BCF,scr_smart_1782926276114_monitor_1_post.jpg | screenshots/scr_smart_1782926276114_monitor_1_post.jpg,True
ses_20260701-171614-CHAITANYA0BCF,3,2026-07-01T17:17:56.350Z,2026-07-01T17:18:14.350Z,2026-07-01T17:17:58.240000+00:00,evt_cf0670a7-cf41-4589-ab6f-2afcb61c435d,C:\Users\Gaurav Rathod\Downloads\automation-proposal\raw_data\dataset-downloads\dataset_b-20260908T164438Z-1-001\dataset_b\ses_20260701-171614-CHAITANYA0BCF\chunk_20260701-1700-CHAITANYA0BCF\events.jsonl,184,20260701-1700-CHAITANYA0BCF,scr_smart_1782926278240_monitor_1_post.jpg | screenshots/scr_smart_1782926278240_monitor_1_post.jpg,True
ses_20260701-171614-CHAITANYA0BCF,3,2026-07-01T17:17:56.350Z,2026-07-01T17:18:14.350Z,2026-07-01T17:17:59.813000+00:00,evt_36bfdc2a-1823-403a-8c5b-214730091374,C:\Users\Gaurav Rathod\Downloads\automation-proposal\raw_data\dataset-downloads\dataset_b-20260908T164438Z-1-001\dataset_b\ses_20260701-171614-CHAITANYA0BCF\chunk_20260701-1700-CHAITANYA0BCF\events.jsonl,187,20260701-1700-CHAITANYA0BCF,scr_smart_1782926279813_monitor_1_post.jpg | screenshots/scr_smart_1782926279813_monitor_1_post.jpg,True
ses_20260701-171614-CHAITANYA0BCF,3,2026-07-01T17:17:56.350Z,2026-07-01T17:18:14.350Z,2026-07-01T17:18:02.971000+00:00,evt_a0516da8-95e7-4c76-9d1e-038f3baaf199,C:\Users\Gaurav Rathod\Downloads\automation-proposal\raw_data\dataset-downloads\dataset_b-20260908T164438Z-1-001\dataset_b\ses_20260701-171614-CHAITANYA0BCF\chunk_20260701-1700-CHAITANYA0BCF\events.jsonl,189,20260701-1700-CHAITANYA0BCF,scr_smart_1782926282971_monitor_1_post.jpg | screenshots/scr_smart_1782926282971_monitor_1_post.jpg,True
ses_20260701-171614-CHAITANYA0BCF,3,2026-07-01T17:17:56.350Z,2026-07-01T17:18:14.350Z,2026-07-01T17:18:03.442000+00:00,evt_120b92e7-23b4-49f1-bbf9-de60158feed6,C:\Users\Gaurav Rathod\Downloads\automation-proposal\raw_data\dataset-downloads\dataset_b-20260908T164438Z-1-001\dataset_b\ses_20260701-171614-CHAITANYA0BCF\chunk_20260701-1700-CHAITANYA0BCF\events.jsonl,192,20260701-1700-CHAITANYA0BCF,scr_smart_1782926283442_monitor_1_post.jpg | screenshots/scr_smart_1782926283442_monitor_1_post.jpg,True
ses_20260701-171614-CHAITANYA0BCF,3,2026-07-01T17:17:56.350Z,2026-07-01T17:18:14.350Z,2026-07-01T17:18:04.540000+00:00,evt_eea443e9-c0b0-4852-8c77-9d6fded6f9cb,C:\Users\Gaurav Rathod\Downloads\automation-proposal\raw_data\dataset-downloads\dataset_b-20260908T164438Z-1-001\dataset_b\ses_20260701-171614-CHAITANYA0BCF\chunk_20260701-1700-CHAITANYA0BCF\events.jsonl,195,20260701-1700-CHAITANYA0BCF,scr_smart_1782926284540_monitor_1_post.jpg | screenshots/scr_smart_1782926284540_monitor_1_post.jpg,True
ses_20260701-171614-CHAITANYA0BCF,3,2026-07-01T17:17:56.350Z,2026-07-01T17:18:14.350Z,2026-07-01T17:18:05.248000+00:00,evt_f8b53d9c-8ff5-4fa2-84ca-1194b17c9b8f,C:\Users\Gaurav Rathod\Downloads\automation-proposal\raw_data\dataset-downloads\dataset_b-20260908T164438Z-1-001\dataset_b\ses_20260701-171614-CHAITANYA0BCF\chunk_20260701-1700-CHAITANYA0BCF\events.jsonl,202,20260701-1700-CHAITANYA0BCF,scr_smart_1782926285248_monitor_1_post.jpg | screenshots/scr_smart_1782926285248_monitor_1_post.jpg,True
ses_20260701-171614-CHAITANYA0BCF,3,2026-07-01T17:17:56.350Z,2026-07-01T17:18:14.350Z,2026-07-01T17:18:07.659000+00:00,evt_d70aec59-c5b2-42f4-bd42-6995f482cc06,C:\Users\Gaurav Rathod\Downloads\automation-proposal\raw_data\dataset-downloads\dataset_b-20260908T164438Z-1-001\dataset_b\ses_20260701-171614-CHAITANYA0BCF\chunk_20260701-1700-CHAITANYA0BCF\events.jsonl,209,20260701-1700-CHAITANYA0BCF,scr_smart_1782926287659_monitor_1_post.jpg | screenshots/scr_smart_1782926287659_monitor_1_post.jpg,True
ses_20260701-171614-CHAITANYA0BCF,4,2026-07-01T17:18:14.350Z,2026-07-01T17:18:24.350Z,2026-07-01T17:18:16.672000+00:00,evt_58863648-3a94-4445-8067-cf0e23ba4234,C:\Users\Gaurav Rathod\Downloads\automation-proposal\raw_data\dataset-downloads\dataset_b-20260908T164438Z-1-001\dataset_b\ses_20260701-171614-CHAITANYA0BCF\chunk_20260701-1700-CHAITANYA0BCF\events.jsonl,212,20260701-1700-CHAITANYA0BCF,scr_smart_1782926296672_monitor_1_post.jpg | screenshots/scr_smart_1782926296672_monitor_1_post.jpg,True
ses_20260701-171614-CHAITANYA0BCF,4,2026-07-01T17:18:14.350Z,2026-07-01T17:18:24.350Z,2026-07-01T17:18:18.677000+00:00,evt_29c2396d-59ac-4557-95e1-60391ef1e144,C:\Users\Gaurav Rathod\Downloads\automation-proposal\raw_data\dataset-downloads\dataset_b-20260908T164438Z-1-001\dataset_b\ses_20260701-171614-CHAITANYA0BCF\chunk_20260701-1700-CHAITANYA0BCF\events.jsonl,214,20260701-1700-CHAITANYA0BCF,scr_smart_1782926298677_monitor_1_post.jpg | screenshots/scr_smart_1782926298677_monitor_1_post.jpg,True
ses_20260701-171614-CHAITANYA0BCF,4,2026-07-01T17:18:14.350Z,2026-07-01T17:18:24.350Z,2026-07-01T17:18:20.143000+00:00,evt_2d01d6b9-3931-4a18-bd07-93659c265985,C:\Users\Gaurav Rathod\Downloads\automation-proposal\raw_data\dataset-downloads\dataset_b-20260908T164438Z-1-001\dataset_b\ses_20260701-171614-CHAITANYA0BCF\chunk_20260701-1700-CHAITANYA0BCF\events.jsonl,218,20260701-1700-CHAITANYA0BCF,scr_smart_1782926300143_monitor_1_post.jpg | screenshots/scr_smart_1782926300143_monitor_1_post.jpg,True
ses_20260701-171614-CHAITANYA0BCF,4,2026-07-01T17:18:14.350Z,2026-07-01T17:18:24.350Z,2026-07-01T17:18:21.168000+00:00,evt_8da7cf7b-993c-47f2-9a68-077e5d1ae2f1,C:\Users\Gaurav Rathod\Downloads\automation-proposal\raw_data\dataset-downloads\dataset_b-20260908T164438Z-1-001\dataset_b\ses_20260701-171614-CHAITANYA0BCF\chunk_20260701-1700-CHAITANYA0BCF\events.jsonl,225,20260701-1700-CHAITANYA0BCF,scr_smart_1782926301168_monitor_1_post.jpg | screenshots/scr_smart_1782926301168_monitor_1_post.jpg,True
ses_20260701-171614-CHAITANYA0BCF,4,2026-07-01T17:18:14.350Z,2026-07-01T17:18:24.350Z,2026-07-01T17:18:23.587000+00:00,evt_616df2d8-e91e-44d9-94b2-fa772718e518,C:\Users\Gaurav Rathod\Downloads\automation-proposal\raw_data\dataset-downloads\dataset_b-20260908T164438Z-1-001\dataset_b\ses_20260701-171614-CHAITANYA0BCF\chunk_20260701-1700-CHAITANYA0BCF\events.jsonl,228,20260701-1700-CHAITANYA0BCF,scr_smart_1782926303587_monitor_1_post.jpg | screenshots/scr_smart_1782926303587_monitor_1_post.jpg,True
ses_20260701-171614-CHAITANYA0BCF,5,2026-07-01T17:18:24.350Z,2026-07-01T17:18:32.350Z,2026-07-01T17:18:25.399000+00:00,evt_7a2ef231-0701-4791-bb45-8828065b85e0,C:\Users\Gaurav Rathod\Downloads\automation-proposal\raw_data\dataset-downloads\dataset_b-20260908T164438Z-1-001\dataset_b\ses_20260701-171614-CHAITANYA0BCF\chunk_20260701-1700-CHAITANYA0BCF\events.jsonl,231,20260701-1700-CHAITANYA0BCF,scr_smart_1782926305399_monitor_1_post.jpg | screenshots/scr_smart_1782926305399_monitor_1_post.jpg,True
ses_20260701-171614-CHAITANYA0BCF,5,2026-07-01T17:18:24.350Z,2026-07-01T17:18:32.350Z,2026-07-01T17:18:26.095000+00:00,evt_db69174e-96bb-4269-be3e-45cccda98d03,C:\Users\Gaurav Rathod\Downloads\automation-proposal\raw_data\dataset-downloads\dataset_b-20260908T164438Z-1-001\dataset_b\ses_20260701-171614-CHAITANYA0BCF\chunk_20260701-1700-CHAITANYA0BCF\events.jsonl,239,20260701-1700-CHAITANYA0BCF,scr_smart_1782926306095_monitor_1_post.jpg | screenshots/scr_smart_1782926306095_monitor_1_post.jpg,True
ses_20260701-171614-CHAITANYA0BCF,5,2026-07-01T17:18:24.350Z,2026-07-01T17:18:32.350Z,2026-07-01T17:18:29.762000+00:00,evt_898ff44a-8b72-47af-979f-354ff190309e,C:\Users\Gaurav Rathod\Downloads\automation-proposal\raw_data\dataset-downloads\dataset_b-20260908T164438Z-1-001\dataset_b\ses_20260701-171614-CHAITANYA0BCF\chunk_20260701-1700-CHAITANYA0BCF\events.jsonl,241,20260701-1700-CHAITANYA0BCF,scr_smart_1782926309762_monitor_1_post.jpg | screenshots/scr_smart_1782926309762_monitor_1_post.jpg,True
ses_20260701-171614-CHAITANYA0BCF,5,2026-07-01T17:18:24.350Z,2026-07-01T17:18:32.350Z,2026-07-01T17:18:31.402000+00:00,evt_1b611ea1-ff42-4440-8149-9b2fb6b76266,C:\Users\Gaurav Rathod\Downloads\automation-proposal\raw_data\dataset-downloads\dataset_b-20260908T164438Z-1-001\dataset_b\ses_20260701-171614-CHAITANYA0BCF\chunk_20260701-1700-CHAITANYA0BCF\events.jsonl,245,20260701-1700-CHAITANYA0BCF,scr_smart_1782926311402_monitor_1_post.jpg | screenshots/scr_smart_1782926311402_monitor_1_post.jpg,True
ses_20260701-171614-CHAITANYA0BCF,6,2026-07-01T17:18:32.350Z,2026-07-01T17:18:50.350Z,2026-07-01T17:18:32.403000+00:00,evt_badef6ea-74cd-4dbc-b375-efe03976c843,C:\Users\Gaurav Rathod\Downloads\automation-proposal\raw_data\dataset-downloads\dataset_b-20260908T164438Z-1-001\dataset_b\ses_20260701-171614-CHAITANYA0BCF\chunk_20260701-1700-CHAITANYA0BCF\events.jsonl,252,20260701-1700-CHAITANYA0BCF,scr_smart_1782926312403_monitor_1_post.jpg | screenshots/scr_smart_1782926312403_monitor_1_post.jpg,True
ses_20260701-171614-CHAITANYA0BCF,6,2026-07-01T17:18:32.350Z,2026-07-01T17:18:50.350Z,2026-07-01T17:18:34.869000+00:00,evt_2e0c649b-10ff-4e05-a06d-e6015596b9e0,C:\Users\Gaurav Rathod\Downloads\automation-proposal\raw_data\dataset-downloads\dataset_b-20260908T164438Z-1-001\dataset_b\ses_20260701-171614-CHAITANYA0BCF\chunk_20260701-1700-CHAITANYA0BCF\events.jsonl,255,20260701-1700-CHAITANYA0BCF,scr_smart_1782926314869_monitor_1_post.jpg | screenshots/scr_smart_1782926314869_monitor_1_post.jpg,True
ses_20260701-171614-CHAITANYA0BCF,6,2026-07-01T17:18:32.350Z,2026-07-01T17:18:50.350Z,2026-07-01T17:18:38.931000+00:00,evt_ec2308a8-08ec-458a-a613-127685cada29,C:\Users\Gaurav Rathod\Downloads\automation-proposal\raw_data\dataset-downloads\dataset_b-20260908T164438Z-1-001\dataset_b\ses_20260701-171614-CHAITANYA0BCF\chunk_20260701-1700-CHAITANYA0BCF\events.jsonl,258,20260701-1700-CHAITANYA0BCF,scr_smart_1782926318931_monitor_1_post.jpg | screenshots/scr_smart_1782926318931_monitor_1_post.jpg,True
ses_20260701-171614-CHAITANYA0BCF,6,2026-07-01T17:18:32.350Z,2026-07-01T17:18:50.350Z,2026-07-01T17:18:39.505000+00:00,evt_32858f10-43f0-4a0a-8117-5c835ad5fdec,C:\Users\Gaurav Rathod\Downloads\automation-proposal\raw_data\dataset-downloads\dataset_b-20260908T164438Z-1-001\dataset_b\ses_20260701-171614-CHAITANYA0BCF\chunk_20260701-1700-CHAITANYA0BCF\events.jsonl,261,20260701-1700-CHAITANYA0BCF,scr_smart_1782926319505_monitor_1_post.jpg | screenshots/scr_smart_1782926319505_monitor_1_post.jpg,True
ses_20260701-171614-CHAITANYA0BCF,6,2026-07-01T17:18:32.350Z,2026-07-01T17:18:50.350Z,2026-07-01T17:18:40.796000+00:00,evt_398a1cc2-bc64-44b0-9e70-8f7b854a78b2,C:\Users\Gaurav Rathod\Downloads\automation-proposal\raw_data\dataset-downloads\dataset_b-20260908T164438Z-1-001\dataset_b\ses_20260701-171614-CHAITANYA0BCF\chunk_20260701-1700-CHAITANYA0BCF\events.jsonl,264,20260701-1700-CHAITANYA0BCF,scr_smart_1782926320796_monitor_1_post.jpg | screenshots/scr_smart_1782926320796_monitor_1_post.jpg,True
ses_20260701-171614-CHAITANYA0BCF,6,2026-07-01T17:18:32.350Z,2026-07-01T17:18:50.350Z,2026-07-01T17:18:41.395000+00:00,evt_3ac06e14-3a47-4725-a5a9-1ffaf7b36b29,C:\Users\Gaurav Rathod\Downloads\automation-proposal\raw_data\dataset-downloads\dataset_b-20260908T164438Z-1-001\dataset_b\ses_20260701-171614-CHAITANYA0BCF\chunk_20260701-1700-CHAITANYA0BCF\events.jsonl,266,20260701-1700-CHAITANYA0BCF,scr_smart_1782926321395_monitor_1_post.jpg | screenshots/scr_smart_1782926321395_monitor_1_post.jpg,True
ses_20260701-171614-CHAITANYA0BCF,6,2026-07-01T17:18:32.350Z,2026-07-01T17:18:50.350Z,2026-07-01T17:18:41.919000+00:00,evt_2d8f7dd1-8e0f-41d0-8bac-756f6f3fa319,C:\Users\Gaurav Rathod\Downloads\automation-proposal\raw_data\dataset-downloads\dataset_b-20260908T164438Z-1-001\dataset_b\ses_20260701-171614-CHAITANYA0BCF\chunk_20260701-1700-CHAITANYA0BCF\events.jsonl,272,20260701-1700-CHAITANYA0BCF,scr_smart_1782926321919_monitor_1_post.jpg | screenshots/scr_smart_1782926321919_monitor_1_post.jpg,True
ses_20260701-171614-CHAITANYA0BCF,6,2026-07-01T17:18:32.350Z,2026-07-01T17:18:50.350Z,2026-07-01T17:18:43.903000+00:00,evt_12df4006-9787-4cd3-8c26-d9287299f017,C:\Users\Gaurav Rathod\Downloads\automation-proposal\raw_data\dataset-downloads\dataset_b-20260908T164438Z-1-001\dataset_b\ses_20260701-171614-CHAITANYA0BCF\chunk_20260701-1700-CHAITANYA0BCF\events.jsonl,275,20260701-1700-CHAITANYA0BCF,scr_smart_1782926323903_monitor_1_post.jpg | screenshots/scr_smart_1782926323903_monitor_1_post.jpg,True
ses_20260701-171614-CHAITANYA0BCF,6,2026-07-01T17:18:32.350Z,2026-07-01T17:18:50.350Z,2026-07-01T17:18:47.561000+00:00,evt_76ac48e5-9362-474b-ad3b-b14b47767c2d,C:\Users\Gaurav Rathod\Downloads\automation-proposal\raw_data\dataset-downloads\dataset_b-20260908T164438Z-1-001\dataset_b\ses_20260701-171614-CHAITANYA0BCF\chunk_20260701-1700-CHAITANYA0BCF\events.jsonl,279,20260701-1700-CHAITANYA0BCF,scr_smart_1782926327561_monitor_1_post.jpg | screenshots/scr_smart_1782926327561_monitor_1_post.jpg,True
ses_20260701-171614-CHAITANYA0BCF,6,2026-07-01T17:18:32.350Z,2026-07-01T17:18:50.350Z,2026-07-01T17:18:49.399000+00:00,evt_03ab15ba-222c-4f9d-81c0-292cb86f8f3e,C:\Users\Gaurav Rathod\Downloads\automation-proposal\raw_data\dataset-downloads\dataset_b-20260908T164438Z-1-001\dataset_b\ses_20260701-171614-CHAITANYA0BCF\chunk_20260701-1700-CHAITANYA0BCF\events.jsonl,283,20260701-1700-CHAITANYA0BCF,scr_smart_1782926329399_monitor_1_post.jpg | screenshots/scr_smart_1782926329399_monitor_1_post.jpg,True
ses_20260701-171614-CHAITANYA0BCF,7,2026-07-01T17:18:50.350Z,2026-07-01T17:19:06.350Z,2026-07-01T17:18:50.382000+00:00,evt_9c7d38ce-4b70-42c1-9b94-1aa09952794b,C:\Users\Gaurav Rathod\Downloads\automation-proposal\raw_data\dataset-downloads\dataset_b-20260908T164438Z-1-001\dataset_b\ses_20260701-171614-CHAITANYA0BCF\chunk_20260701-1700-CHAITANYA0BCF\events.jsonl,290,20260701-1700-CHAITANYA0BCF,scr_smart_1782926330382_monitor_1_post.jpg | screenshots/scr_smart_1782926330382_monitor_1_post.jpg,True
ses_20260701-171614-CHAITANYA0BCF,7,2026-07-01T17:18:50.350Z,2026-07-01T17:19:06.350Z,2026-07-01T17:18:52.505000+00:00,evt_9ae5342a-c5fc-4299-9bb7-03b815ba6833,C:\Users\Gaurav Rathod\Downloads\automation-proposal\raw_data\dataset-downloads\dataset_b-20260908T164438Z-1-001\dataset_b\ses_20260701-171614-CHAITANYA0BCF\chunk_20260701-1700-CHAITANYA0BCF\events.jsonl,293,20260701-1700-CHAITANYA0BCF,scr_smart_1782926332505_monitor_1_post.jpg | screenshots/scr_smart_1782926332505_monitor_1_post.jpg,True
ses_20260701-171614-CHAITANYA0BCF,7,2026-07-01T17:18:50.350Z,2026-07-01T17:19:06.350Z,2026-07-01T17:19:00.989000+00:00,evt_69045e90-854f-4d60-947e-7c1c109f9868,C:\Users\Gaurav Rathod\Downloads\automation-proposal\raw_data\dataset-downloads\dataset_b-20260908T164438Z-1-001\dataset_b\ses_20260701-171614-CHAITANYA0BCF\chunk_20260701-1700-CHAITANYA0BCF\events.jsonl,296,20260701-1700-CHAITANYA0BCF,scr_smart_1782926340989_monitor_1_post.jpg | screenshots/scr_smart_1782926340989_monitor_1_post.jpg,True
ses_20260701-171614-CHAITANYA0BCF,7,2026-07-01T17:18:50.350Z,2026-07-01T17:19:06.350Z,2026-07-01T17:19:01.520000+00:00,evt_37e8d84e-93cb-4645-b64a-7ed0bc852e98,C:\Users\Gaurav Rathod\Downloads\automation-proposal\raw_data\dataset-downloads\dataset_b-20260908T164438Z-1-001\dataset_b\ses_20260701-171614-CHAITANYA0BCF\chunk_20260701-1700-CHAITANYA0BCF\events.jsonl,299,20260701-1700-CHAITANYA0BCF,scr_smart_1782926341520_monitor_1_post.jpg | screenshots/scr_smart_1782926341520_monitor_1_post.jpg,True
ses_20260701-171614-CHAITANYA0BCF,8,2026-07-01T17:24:36.350Z,2026-07-01T17:25:14.350Z,2026-07-01T17:24:36.858000+00:00,evt_38e9ae73-a696-47d9-a2ba-602f2f1ade57,C:\Users\Gaurav Rathod\Downloads\automation-proposal\raw_data\dataset-downloads\dataset_b-20260908T164438Z-1-001\dataset_b\ses_20260701-171614-CHAITANYA0BCF\chunk_20260701-1700-CHAITANYA0BCF\events.jsonl,1381,20260701-1700-CHAITANYA0BCF,scr_smart_1782926676858_monitor_1_post.jpg | screenshots/scr_smart_1782926676858_monitor_1_post.jpg,True
ses_20260701-171614-CHAITANYA0BCF,8,2026-07-01T17:24:36.350Z,2026-07-01T17:25:14.350Z,2026-07-01T17:24:41.740000+00:00,evt_36a80c41-685a-4ae4-92b6-e1736e254fce,C:\Users\Gaurav Rathod\Downloads\automation-proposal\raw_data\dataset-downloads\dataset_b-20260908T164438Z-1-001\dataset_b\ses_20260701-171614-CHAITANYA0BCF\chunk_20260701-1700-CHAITANYA0BCF\events.jsonl,1384,20260701-1700-CHAITANYA0BCF,scr_smart_1782926681740_monitor_1_post.jpg | screenshots/scr_smart_1782926681740_monitor_1_post.jpg,True
ses_20260701-171614-CHAITANYA0BCF,8,2026-07-01T17:24:36.350Z,2026-07-01T17:25:14.350Z,2026-07-01T17:24:43.469000+00:00,evt_89d909b4-78cb-4c8f-8704-d0564b12a258,C:\Users\Gaurav Rathod\Downloads\automation-proposal\raw_data\dataset-downloads\dataset_b-20260908T164438Z-1-001\dataset_b\ses_20260701-171614-CHAITANYA0BCF\chunk_20260701-1700-CHAITANYA0BCF\events.jsonl,1387,20260701-1700-CHAITANYA0BCF,scr_smart_1782926683469_monitor_1_post.jpg | screenshots/scr_smart_1782926683469_monitor_1_post.jpg,True
ses_20260701-171614-CHAITANYA0BCF,8,2026-07-01T17:24:36.350Z,2026-07-01T17:25:14.350Z,2026-07-01T17:24:44.062000+00:00,evt_6587ef5c-eeab-44e1-b672-a5253657ad7b,C:\Users\Gaurav Rathod\Downloads\automation-proposal\raw_data\dataset-downloads\dataset_b-20260908T164438Z-1-001\dataset_b\ses_20260701-171614-CHAITANYA0BCF\chunk_20260701-1700-CHAITANYA0BCF\events.jsonl,1390,20260701-1700-CHAITANYA0BCF,scr_smart_1782926684062_monitor_1_post.jpg | screenshots/scr_smart_1782926684062_monitor_1_post.jpg,True
ses_20260701-171614-CHAITANYA0BCF,8,2026-07-01T17:24:36.350Z,2026-07-01T17:25:14.350Z,2026-07-01T17:24:45.270000+00:00,evt_e2ed3755-666a-4b11-ada4-2c03b93aaa3a,C:\Users\Gaurav Rathod\Downloads\automation-proposal\raw_data\dataset-downloads\dataset_b-20260908T164438Z-1-001\dataset_b\ses_20260701-171614-CHAITANYA0BCF\chunk_20260701-1700-CHAITANYA0BCF\events.jsonl,1393,20260701-1700-CHAITANYA0BCF,scr_smart_1782926685270_monitor_1_post.jpg | screenshots/scr_smart_1782926685270_monitor_1_post.jpg,True
ses_20260701-171614-CHAITANYA0BCF,8,2026-07-01T17:24:36.350Z,2026-07-01T17:25:14.350Z,2026-07-01T17:24:45.842000+00:00,evt_3e7f9ddb-0964-48b2-8eca-2e54b548e26a,C:\Users\Gaurav Rathod\Downloads\automation-proposal\raw_data\dataset-downloads\dataset_b-20260908T164438Z-1-001\dataset_b\ses_20260701-171614-CHAITANYA0BCF\chunk_20260701-1700-CHAITANYA0BCF\events.jsonl,1395,20260701-1700-CHAITANYA0BCF,scr_smart_1782926685842_monitor_1_post.jpg | screenshots/scr_smart_1782926685842_monitor_1_post.jpg,True
ses_20260701-171614-CHAITANYA0BCF,8,2026-07-01T17:24:36.350Z,2026-07-01T17:25:14.350Z,2026-07-01T17:24:46.435000+00:00,evt_c342ea17-6c0c-445b-8600-0aa44ee22c3b,C:\Users\Gaurav Rathod\Downloads\automation-proposal\raw_data\dataset-downloads\dataset_b-20260908T164438Z-1-001\dataset_b\ses_20260701-171614-CHAITANYA0BCF\chunk_20260701-1700-CHAITANYA0BCF\events.jsonl,1401,20260701-1700-CHAITANYA0BCF,scr_smart_1782926686435_monitor_1_post.jpg | screenshots/scr_smart_1782926686435_monitor_1_post.jpg,True
ses_20260701-171614-CHAITANYA0BCF,8,2026-07-01T17:24:36.350Z,2026-07-01T17:25:14.350Z,2026-07-01T17:24:48.741000+00:00,evt_ff03e599-062a-4fad-a968-5139f866e3e8,C:\Users\Gaurav Rathod\Downloads\automation-proposal\raw_data\dataset-downloads\dataset_b-20260908T164438Z-1-001\dataset_b\ses_20260701-171614-CHAITANYA0BCF\chunk_20260701-1700-CHAITANYA0BCF\events.jsonl,1404,20260701-1700-CHAITANYA0BCF,scr_smart_1782926688741_monitor_1_post.jpg | screenshots/scr_smart_1782926688741_monitor_1_post.jpg,True
ses_20260701-171614-CHAITANYA0BCF,8,2026-07-01T17:24:36.350Z,2026-07-01T17:25:14.350Z,2026-07-01T17:24:52.503000+00:00,evt_57817ed7-c504-46d4-b28c-6b34c84eebfc,C:\Users\Gaurav Rathod\Downloads\automation-proposal\raw_data\dataset-downloads\dataset_b-20260908T164438Z-1-001\dataset_b\ses_20260701-171614-CHAITANYA0BCF\chunk_20260701-1700-CHAITANYA0BCF\events.jsonl,1408,20260701-1700-CHAITANYA0BCF,scr_smart_1782926692503_monitor_1_post.jpg | screenshots/scr_smart_1782926692503_monitor_1_post.jpg,True
ses_20260701-171614-CHAITANYA0BCF,8,2026-07-01T17:24:36.350Z,2026-07-01T17:25:14.350Z,2026-07-01T17:24:53.873000+00:00,evt_68819265-7ea6-4642-901d-8efbfc30cd5c,C:\Users\Gaurav Rathod\Downloads\automation-proposal\raw_data\dataset-downloads\dataset_b-20260908T164438Z-1-001\dataset_b\ses_20260701-171614-CHAITANYA0BCF\chunk_20260701-1700-CHAITANYA0BCF\events.jsonl,1412,20260701-1700-CHAITANYA0BCF,scr_smart_1782926693873_monitor_1_post.jpg | screenshots/scr_smart_1782926693873_monitor_1_post.jpg,True
ses_20260701-171614-CHAITANYA0BCF,8,2026-07-01T17:24:36.350Z,2026-07-01T17:25:14.350Z,2026-07-01T17:24:54.872000+00:00,evt_319fb5d6-b7d6-4af8-95bf-43616b0b01f6,C:\Users\Gaurav Rathod\Downloads\automation-proposal\raw_data\dataset-downloads\dataset_b-20260908T164438Z-1-001\dataset_b\ses_20260701-171614-CHAITANYA0BCF\chunk_20260701-1700-CHAITANYA0BCF\events.jsonl,1419,20260701-1700-CHAITANYA0BCF,scr_smart_1782926694872_monitor_1_post.jpg | screenshots/scr_smart_1782926694872_monitor_1_post.jpg,True
ses_20260701-171614-CHAITANYA0BCF,8,2026-07-01T17:24:36.350Z,2026-07-01T17:25:14.350Z,2026-07-01T17:24:57.238000+00:00,evt_d61577bd-a461-4421-8b84-efa0b30d2029,C:\Users\Gaurav Rathod\Downloads\automation-proposal\raw_data\dataset-downloads\dataset_b-20260908T164438Z-1-001\dataset_b\ses_20260701-171614-CHAITANYA0BCF\chunk_20260701-1700-CHAITANYA0BCF\events.jsonl,1422,20260701-1700-CHAITANYA0BCF,scr_smart_1782926697238_monitor_1_post.jpg | screenshots/scr_smart_1782926697238_monitor_1_post.jpg,True
ses_20260701-171614-CHAITANYA0BCF,8,2026-07-01T17:24:36.350Z,2026-07-01T17:25:14.350Z,2026-07-01T17:25:01.051000+00:00,evt_1532dc6b-ea4b-4158-99a7-acd7855e91a7,C:\Users\Gaurav Rathod\Downloads\automation-proposal\raw_data\dataset-downloads\dataset_b-20260908T164438Z-1-001\dataset_b\ses_20260701-171614-CHAITANYA0BCF\chunk_20260701-1700-CHAITANYA0BCF\events.jsonl,1426,20260701-1700-CHAITANYA0BCF,scr_smart_1782926701051_monitor_1_post.jpg | screenshots/scr_smart_1782926701051_monitor_1_post.jpg,True
ses_20260701-171614-CHAITANYA0BCF,8,2026-07-01T17:24:36.350Z,2026-07-01T17:25:14.350Z,2026-07-01T17:25:02.369000+00:00,evt_ef003184-06df-4383-a039-cd22f9b418f7,C:\Users\Gaurav Rathod\Downloads\automation-proposal\raw_data\dataset-downloads\dataset_b-20260908T164438Z-1-001\dataset_b\ses_20260701-171614-CHAITANYA0BCF\chunk_20260701-1700-CHAITANYA0BCF\events.jsonl,1429,20260701-1700-CHAITANYA0BCF,scr_smart_1782926702369_monitor_1_post.jpg | screenshots/scr_smart_1782926702369_monitor_1_post.jpg,True
ses_20260701-171614-CHAITANYA0BCF,8,2026-07-01T17:24:36.350Z,2026-07-01T17:25:14.350Z,2026-07-01T17:25:03.272000+00:00,evt_76e7eeb9-0f3b-4124-b7ba-a57a0106f487,C:\Users\Gaurav Rathod\Downloads\automation-proposal\raw_data\dataset-downloads\dataset_b-20260908T164438Z-1-001\dataset_b\ses_20260701-171614-CHAITANYA0BCF\chunk_20260701-1700-CHAITANYA0BCF\events.jsonl,1436,20260701-1700-CHAITANYA0BCF,scr_smart_1782926703272_monitor_1_post.jpg | screenshots/scr_smart_1782926703272_monitor_1_post.jpg,True
ses_20260701-171614-CHAITANYA0BCF,8,2026-07-01T17:24:36.350Z,2026-07-01T17:25:14.350Z,2026-07-01T17:25:05.597000+00:00,evt_de2586ff-16af-437f-a580-dacd9b928dc5,C:\Users\Gaurav Rathod\Downloads\automation-proposal\raw_data\dataset-downloads\dataset_b-20260908T164438Z-1-001\dataset_b\ses_20260701-171614-CHAITANYA0BCF\chunk_20260701-1700-CHAITANYA0BCF\events.jsonl,1439,20260701-1700-CHAITANYA0BCF,scr_smart_1782926705597_monitor_1_post.jpg | screenshots/scr_smart_1782926705597_monitor_1_post.jpg,True
ses_20260701-171614-CHAITANYA0BCF,8,2026-07-01T17:24:36.350Z,2026-07-01T17:25:14.350Z,2026-07-01T17:25:10.063000+00:00,evt_b065166c-51bb-4b78-a0b7-57923554ce94,C:\Users\Gaurav Rathod\Downloads\automation-proposal\raw_data\dataset-downloads\dataset_b-20260908T164438Z-1-001\dataset_b\ses_20260701-171614-CHAITANYA0BCF\chunk_20260701-1700-CHAITANYA0BCF\events.jsonl,1443,20260701-1700-CHAITANYA0BCF,scr_smart_1782926710063_monitor_1_post.jpg | screenshots/scr_smart_1782926710063_monitor_1_post.jpg,True
ses_20260701-171614-CHAITANYA0BCF,8,2026-07-01T17:24:36.350Z,2026-07-01T17:25:14.350Z,2026-07-01T17:25:11.390000+00:00,evt_73cddeb4-f91c-4802-b2fb-30e15796389b,C:\Users\Gaurav Rathod\Downloads\automation-proposal\raw_data\dataset-downloads\dataset_b-20260908T164438Z-1-001\dataset_b\ses_20260701-171614-CHAITANYA0BCF\chunk_20260701-1700-CHAITANYA0BCF\events.jsonl,1446,20260701-1700-CHAITANYA0BCF,scr_smart_1782926711390_monitor_1_post.jpg | screenshots/scr_smart_1782926711390_monitor_1_post.jpg,True
ses_20260701-171614-CHAITANYA0BCF,8,2026-07-01T17:24:36.350Z,2026-07-01T17:25:14.350Z,2026-07-01T17:25:12.384000+00:00,evt_c661ccb0-7409-4ea9-8a9d-c6a9ba799d50,C:\Users\Gaurav Rathod\Downloads\automation-proposal\raw_data\dataset-downloads\dataset_b-20260908T164438Z-1-001\dataset_b\ses_20260701-171614-CHAITANYA0BCF\chunk_20260701-1700-CHAITANYA0BCF\events.jsonl,1453,20260701-1700-CHAITANYA0BCF,scr_smart_1782926712384_monitor_1_post.jpg | screenshots/scr_smart_1782926712384_monitor_1_post.jpg,True
ses_20260701-171614-CHAITANYA0BCF,9,2026-07-01T17:25:14.350Z,2026-07-01T17:25:24.350Z,2026-07-01T17:25:14.461000+00:00,evt_a3754253-c6be-455e-ba72-fcb517811340,C:\Users\Gaurav Rathod\Downloads\automation-proposal\raw_data\dataset-downloads\dataset_b-20260908T164438Z-1-001\dataset_b\ses_20260701-171614-CHAITANYA0BCF\chunk_20260701-1700-CHAITANYA0BCF\events.jsonl,1456,20260701-1700-CHAITANYA0BCF,scr_smart_1782926714461_monitor_1_post.jpg | screenshots/scr_smart_1782926714461_monitor_1_post.jpg,True
ses_20260701-171614-CHAITANYA0BCF,9,2026-07-01T17:25:14.350Z,2026-07-01T17:25:24.350Z,2026-07-01T17:25:18.829000+00:00,evt_f7067f1d-7f60-450a-af54-78f37e969fd3,C:\Users\Gaurav Rathod\Downloads\automation-proposal\raw_data\dataset-downloads\dataset_b-20260908T164438Z-1-001\dataset_b\ses_20260701-171614-CHAITANYA0BCF\chunk_20260701-1700-CHAITANYA0BCF\events.jsonl,1460,20260701-1700-CHAITANYA0BCF,scr_smart_1782926718829_monitor_1_post.jpg | screenshots/scr_smart_1782926718829_monitor_1_post.jpg,True
ses_20260701-171614-CHAITANYA0BCF,10,2026-07-01T17:29:06.350Z,2026-07-01T17:29:58.350Z,2026-07-01T17:29:07.644000+00:00,evt_e7c2cd15-bd94-488a-b4b0-8de58c48ae57,C:\Users\Gaurav Rathod\Downloads\automation-proposal\raw_data\dataset-downloads\dataset_b-20260908T164438Z-1-001\dataset_b\ses_20260701-171614-CHAITANYA0BCF\chunk_20260701-1700-CHAITANYA0BCF\events.jsonl,1893,20260701-1700-CHAITANYA0BCF,scr_smart_1782926947644_monitor_1_post.jpg | screenshots/scr_smart_1782926947644_monitor_1_post.jpg,True
ses_20260701-171614-CHAITANYA0BCF,10,2026-07-01T17:29:06.350Z,2026-07-01T17:29:58.350Z,2026-07-01T17:29:09.792000+00:00,evt_4af52927-9a9b-4b01-b509-fb07a5210ff6,C:\Users\Gaurav Rathod\Downloads\automation-proposal\raw_data\dataset-downloads\dataset_b-20260908T164438Z-1-001\dataset_b\ses_20260701-171614-CHAITANYA0BCF\chunk_20260701-1700-CHAITANYA0BCF\events.jsonl,1898,20260701-1700-CHAITANYA0BCF,scr_smart_1782926949792_monitor_1_post.jpg | screenshots/scr_smart_1782926949792_monitor_1_post.jpg,True
ses_20260701-171614-CHAITANYA0BCF,10,2026-07-01T17:29:06.350Z,2026-07-01T17:29:58.350Z,2026-07-01T17:29:16.389000+00:00,evt_7381dfc7-79ce-41fb-adc0-38a6e07cac95,C:\Users\Gaurav Rathod\Downloads\automation-proposal\raw_data\dataset-downloads\dataset_b-20260908T164438Z-1-001\dataset_b\ses_20260701-171614-CHAITANYA0BCF\chunk_20260701-1700-CHAITANYA0BCF\events.jsonl,1902,20260701-1700-CHAITANYA0BCF,scr_smart_1782926956389_monitor_1_post.jpg | screenshots/scr_smart_1782926956389_monitor_1_post.jpg,True
ses_20260701-171614-CHAITANYA0BCF,10,2026-07-01T17:29:06.350Z,2026-07-01T17:29:58.350Z,2026-07-01T17:29:17.661000+00:00,evt_f96b957c-0188-4958-b349-f892b7bbec28,C:\Users\Gaurav Rathod\Downloads\automation-proposal\raw_data\dataset-downloads\dataset_b-20260908T164438Z-1-001\dataset_b\ses_20260701-171614-CHAITANYA0BCF\chunk_20260701-1700-CHAITANYA0BCF\events.jsonl,1909,20260701-1700-CHAITANYA0BCF,scr_smart_1782926957661_monitor_1_post.jpg | screenshots/scr_smart_1782926957661_monitor_1_post.jpg,True
ses_20260701-171614-CHAITANYA0BCF,10,2026-07-01T17:29:06.350Z,2026-07-01T17:29:58.350Z,2026-07-01T17:29:19.054000+00:00,evt_65fb6517-b735-4679-b0dd-bb85190b9536,C:\Users\Gaurav Rathod\Downloads\automation-proposal\raw_data\dataset-downloads\dataset_b-20260908T164438Z-1-001\dataset_b\ses_20260701-171614-CHAITANYA0BCF\chunk_20260701-1700-CHAITANYA0BCF\events.jsonl,1913,20260701-1700-CHAITANYA0BCF,scr_smart_1782926959054_monitor_1_post.jpg | screenshots/scr_smart_1782926959054_monitor_1_post.jpg,True
ses_20260701-171614-CHAITANYA0BCF,10,2026-07-01T17:29:06.350Z,2026-07-01T17:29:58.350Z,2026-07-01T17:29:21.055000+00:00,evt_8f88e7aa-42fc-45b9-8618-58fa2a2b697c,C:\Users\Gaurav Rathod\Downloads\automation-proposal\raw_data\dataset-downloads\dataset_b-20260908T164438Z-1-001\dataset_b\ses_20260701-171614-CHAITANYA0BCF\chunk_20260701-1700-CHAITANYA0BCF\events.jsonl,1918,20260701-1700-CHAITANYA0BCF,scr_smart_1782926961055_monitor_1_post.jpg | screenshots/scr_smart_1782926961055_monitor_1_post.jpg,True
ses_20260701-171614-CHAITANYA0BCF,10,2026-07-01T17:29:06.350Z,2026-07-01T17:29:58.350Z,2026-07-01T17:29:22.073000+00:00,evt_224f86e2-499a-46ca-b102-b03ad76ff134,C:\Users\Gaurav Rathod\Downloads\automation-proposal\raw_data\dataset-downloads\dataset_b-20260908T164438Z-1-001\dataset_b\ses_20260701-171614-CHAITANYA0BCF\chunk_20260701-1700-CHAITANYA0BCF\events.jsonl,1922,20260701-1700-CHAITANYA0BCF,scr_smart_1782926962073_monitor_1_post.jpg | screenshots/scr_smart_1782926962073_monitor_1_post.jpg,True
ses_20260701-171614-CHAITANYA0BCF,10,2026-07-01T17:29:06.350Z,2026-07-01T17:29:58.350Z,2026-07-01T17:29:26.466000+00:00,evt_9e1f274a-adc7-413b-8386-aa9c05ed496c,C:\Users\Gaurav Rathod\Downloads\automation-proposal\raw_data\dataset-downloads\dataset_b-20260908T164438Z-1-001\dataset_b\ses_20260701-171614-CHAITANYA0BCF\chunk_20260701-1700-CHAITANYA0BCF\events.jsonl,1924,20260701-1700-CHAITANYA0BCF,scr_smart_1782926966466_monitor_1_post.jpg | screenshots/scr_smart_1782926966466_monitor_1_post.jpg,True
ses_20260701-171614-CHAITANYA0BCF,10,2026-07-01T17:29:06.350Z,2026-07-01T17:29:58.350Z,2026-07-01T17:29:27.955000+00:00,evt_44672abd-430f-45c8-b1d1-7ac76197bbc6,C:\Users\Gaurav Rathod\Downloads\automation-proposal\raw_data\dataset-downloads\dataset_b-20260908T164438Z-1-001\dataset_b\ses_20260701-171614-CHAITANYA0BCF\chunk_20260701-1700-CHAITANYA0BCF\events.jsonl,1926,20260701-1700-CHAITANYA0BCF,scr_smart_1782926967955_monitor_1_post.jpg | screenshots/scr_smart_1782926967955_monitor_1_post.jpg,True
ses_20260701-171614-CHAITANYA0BCF,10,2026-07-01T17:29:06.350Z,2026-07-01T17:29:58.350Z,2026-07-01T17:29:28.537000+00:00,evt_30a4b835-9a51-4c0d-9ea2-b3f96eca5c6d,C:\Users\Gaurav Rathod\Downloads\automation-proposal\raw_data\dataset-downloads\dataset_b-20260908T164438Z-1-001\dataset_b\ses_20260701-171614-CHAITANYA0BCF\chunk_20260701-1700-CHAITANYA0BCF\events.jsonl,1929,20260701-1700-CHAITANYA0BCF,scr_smart_1782926968537_monitor_1_post.jpg | screenshots/scr_smart_1782926968537_monitor_1_post.jpg,True
ses_20260701-171614-CHAITANYA0BCF,10,2026-07-01T17:29:06.350Z,2026-07-01T17:29:58.350Z,2026-07-01T17:29:30.063000+00:00,evt_424f00f1-0642-43a7-8975-06feee3a4b67,C:\Users\Gaurav Rathod\Downloads\automation-proposal\raw_data\dataset-downloads\dataset_b-20260908T164438Z-1-001\dataset_b\ses_20260701-171614-CHAITANYA0BCF\chunk_20260701-1700-CHAITANYA0BCF\events.jsonl,1933,20260701-1700-CHAITANYA0BCF,scr_smart_1782926970063_monitor_1_post.jpg | screenshots/scr_smart_1782926970063_monitor_1_post.jpg,True
ses_20260701-171614-CHAITANYA0BCF,10,2026-07-01T17:29:06.350Z,2026-07-01T17:29:58.350Z,2026-07-01T17:29:30.874000+00:00,evt_64a898a2-c1ff-4339-9487-eccc3456862a,C:\Users\Gaurav Rathod\Downloads\automation-proposal\raw_data\dataset-downloads\dataset_b-20260908T164438Z-1-001\dataset_b\ses_20260701-171614-CHAITANYA0BCF\chunk_20260701-1700-CHAITANYA0BCF\events.jsonl,1939,20260701-1700-CHAITANYA0BCF,scr_smart_1782926970874_monitor_1_post.jpg | screenshots/scr_smart_1782926970874_monitor_1_post.jpg,True
ses_20260701-171614-CHAITANYA0BCF,10,2026-07-01T17:29:06.350Z,2026-07-01T17:29:58.350Z,2026-07-01T17:29:33.079000+00:00,evt_62cf7ee1-3ea9-40a0-92f6-581c31fe1605,C:\Users\Gaurav Rathod\Downloads\automation-proposal\raw_data\dataset-downloads\dataset_b-20260908T164438Z-1-001\dataset_b\ses_20260701-171614-CHAITANYA0BCF\chunk_20260701-1700-CHAITANYA0BCF\events.jsonl,1942,20260701-1700-CHAITANYA0BCF,scr_smart_1782926973079_monitor_1_post.jpg | screenshots/scr_smart_1782926973079_monitor_1_post.jpg,True
ses_20260701-171614-CHAITANYA0BCF,10,2026-07-01T17:29:06.350Z,2026-07-01T17:29:58.350Z,2026-07-01T17:29:37.019000+00:00,evt_eef4828f-2f0b-4d51-bf9a-56783386e395,C:\Users\Gaurav Rathod\Downloads\automation-proposal\raw_data\dataset-downloads\dataset_b-20260908T164438Z-1-001\dataset_b\ses_20260701-171614-CHAITANYA0BCF\chunk_20260701-1700-CHAITANYA0BCF\events.jsonl,1946,20260701-1700-CHAITANYA0BCF,scr_smart_1782926977019_monitor_1_post.jpg | screenshots/scr_smart_1782926977019_monitor_1_post.jpg,True
ses_20260701-171614-CHAITANYA0BCF,10,2026-07-01T17:29:06.350Z,2026-07-01T17:29:58.350Z,2026-07-01T17:29:38.478000+00:00,evt_0110c169-18f1-420b-a670-00cfec50d617,C:\Users\Gaurav Rathod\Downloads\automation-proposal\raw_data\dataset-downloads\dataset_b-20260908T164438Z-1-001\dataset_b\ses_20260701-171614-CHAITANYA0BCF\chunk_20260701-1700-CHAITANYA0BCF\events.jsonl,1949,20260701-1700-CHAITANYA0BCF,scr_smart_1782926978478_monitor_1_post.jpg | screenshots/scr_smart_1782926978478_monitor_1_post.jpg,True
ses_20260701-171614-CHAITANYA0BCF,10,2026-07-01T17:29:06.350Z,2026-07-01T17:29:58.350Z,2026-07-01T17:29:39.068000+00:00,evt_24808d27-9841-480f-b199-a97ba6871a2b,C:\Users\Gaurav Rathod\Downloads\automation-proposal\raw_data\dataset-downloads\dataset_b-20260908T164438Z-1-001\dataset_b\ses_20260701-171614-CHAITANYA0BCF\chunk_20260701-1700-CHAITANYA0BCF\events.jsonl,1951,20260701-1700-CHAITANYA0BCF,scr_smart_1782926979068_monitor_1_post.jpg | screenshots/scr_smart_1782926979068_monitor_1_post.jpg,True
ses_20260701-171614-CHAITANYA0BCF,10,2026-07-01T17:29:06.350Z,2026-07-01T17:29:58.350Z,2026-07-01T17:29:39.653000+00:00,evt_31cbec85-16f9-408f-a6d8-5203367cfcef,C:\Users\Gaurav Rathod\Downloads\automation-proposal\raw_data\dataset-downloads\dataset_b-20260908T164438Z-1-001\dataset_b\ses_20260701-171614-CHAITANYA0BCF\chunk_20260701-1700-CHAITANYA0BCF\events.jsonl,1957,20260701-1700-CHAITANYA0BCF,scr_smart_1782926979653_monitor_1_post.jpg | screenshots/scr_smart_1782926979653_monitor_1_post.jpg,True
ses_20260701-171614-CHAITANYA0BCF,10,2026-07-01T17:29:06.350Z,2026-07-01T17:29:58.350Z,2026-07-01T17:29:41.638000+00:00,evt_23b4e7fa-7e52-4890-9bdf-5e56ad6eed8a,C:\Users\Gaurav Rathod\Downloads\automation-proposal\raw_data\dataset-downloads\dataset_b-20260908T164438Z-1-001\dataset_b\ses_20260701-171614-CHAITANYA0BCF\chunk_20260701-1700-CHAITANYA0BCF\events.jsonl,1960,20260701-1700-CHAITANYA0BCF,scr_smart_1782926981638_monitor_1_post.jpg | screenshots/scr_smart_1782926981638_monitor_1_post.jpg,True
ses_20260701-171614-CHAITANYA0BCF,10,2026-07-01T17:29:06.350Z,2026-07-01T17:29:58.350Z,2026-07-01T17:29:45.624000+00:00,evt_7b023300-6552-448c-aa0d-f716750467bf,C:\Users\Gaurav Rathod\Downloads\automation-proposal\raw_data\dataset-downloads\dataset_b-20260908T164438Z-1-001\dataset_b\ses_20260701-171614-CHAITANYA0BCF\chunk_20260701-1700-CHAITANYA0BCF\events.jsonl,1964,20260701-1700-CHAITANYA0BCF,scr_smart_1782926985624_monitor_1_post.jpg | screenshots/scr_smart_1782926985624_monitor_1_post.jpg,True
ses_20260701-171614-CHAITANYA0BCF,10,2026-07-01T17:29:06.350Z,2026-07-01T17:29:58.350Z,2026-07-01T17:29:47.040000+00:00,evt_0a92d375-7913-4a6f-ba1a-5ee0ac11d2e6,C:\Users\Gaurav Rathod\Downloads\automation-proposal\raw_data\dataset-downloads\dataset_b-20260908T164438Z-1-001\dataset_b\ses_20260701-171614-CHAITANYA0BCF\chunk_20260701-1700-CHAITANYA0BCF\events.jsonl,1967,20260701-1700-CHAITANYA0BCF,scr_smart_1782926987040_monitor_1_post.jpg | screenshots/scr_smart_1782926987040_monitor_1_post.jpg,True
ses_20260701-171614-CHAITANYA0BCF,10,2026-07-01T17:29:06.350Z,2026-07-01T17:29:58.350Z,2026-07-01T17:29:47.949000+00:00,evt_8351fafd-dcfb-49f2-8952-b38785bbd201,C:\Users\Gaurav Rathod\Downloads\automation-proposal\raw_data\dataset-downloads\dataset_b-20260908T164438Z-1-001\dataset_b\ses_20260701-171614-CHAITANYA0BCF\chunk_20260701-1700-CHAITANYA0BCF\events.jsonl,1974,20260701-1700-CHAITANYA0BCF,scr_smart_1782926987949_monitor_1_post.jpg | screenshots/scr_smart_1782926987949_monitor_1_post.jpg,True
ses_20260701-171614-CHAITANYA0BCF,10,2026-07-01T17:29:06.350Z,2026-07-01T17:29:58.350Z,2026-07-01T17:29:50.061000+00:00,evt_c57d52b3-4241-4b40-9ed9-1589f9d2bc92,C:\Users\Gaurav Rathod\Downloads\automation-proposal\raw_data\dataset-downloads\dataset_b-20260908T164438Z-1-001\dataset_b\ses_20260701-171614-CHAITANYA0BCF\chunk_20260701-1700-CHAITANYA0BCF\events.jsonl,1977,20260701-1700-CHAITANYA0BCF,scr_smart_1782926990061_monitor_1_post.jpg | screenshots/scr_smart_1782926990061_monitor_1_post.jpg,True
ses_20260701-171614-CHAITANYA0BCF,10,2026-07-01T17:29:06.350Z,2026-07-01T17:29:58.350Z,2026-07-01T17:29:54.192000+00:00,evt_b4cdc3e5-e21e-40ce-b3b1-25c41ecc4827,C:\Users\Gaurav Rathod\Downloads\automation-proposal\raw_data\dataset-downloads\dataset_b-20260908T164438Z-1-001\dataset_b\ses_20260701-171614-CHAITANYA0BCF\chunk_20260701-1700-CHAITANYA0BCF\events.jsonl,1981,20260701-1700-CHAITANYA0BCF,scr_smart_1782926994192_monitor_1_post.jpg | screenshots/scr_smart_1782926994192_monitor_1_post.jpg,True
ses_20260701-171614-CHAITANYA0BCF,10,2026-07-01T17:29:06.350Z,2026-07-01T17:29:58.350Z,2026-07-01T17:29:55.291000+00:00,evt_fc2b62ae-d757-421e-8c98-f2fa03833fd7,C:\Users\Gaurav Rathod\Downloads\automation-proposal\raw_data\dataset-downloads\dataset_b-20260908T164438Z-1-001\dataset_b\ses_20260701-171614-CHAITANYA0BCF\chunk_20260701-1700-CHAITANYA0BCF\events.jsonl,1984,20260701-1700-CHAITANYA0BCF,scr_smart_1782926995291_monitor_1_post.jpg | screenshots/scr_smart_1782926995291_monitor_1_post.jpg,True
ses_20260701-171614-CHAITANYA0BCF,10,2026-07-01T17:29:06.350Z,2026-07-01T17:29:58.350Z,2026-07-01T17:29:56.313000+00:00,evt_b4309805-53b8-42b2-a6b2-2f4e68c9086a,C:\Users\Gaurav Rathod\Downloads\automation-proposal\raw_data\dataset-downloads\dataset_b-20260908T164438Z-1-001\dataset_b\ses_20260701-171614-CHAITANYA0BCF\chunk_20260701-1700-CHAITANYA0BCF\events.jsonl,1991,20260701-1700-CHAITANYA0BCF,scr_smart_1782926996313_monitor_1_post.jpg | screenshots/scr_smart_1782926996313_monitor_1_post.jpg,True
ses_20260701-171614-CHAITANYA0BCF,11,2026-07-01T17:29:58.350Z,2026-07-01T17:30:13.013Z,2026-07-01T17:29:58.522000+00:00,evt_b468bdf4-8c0e-4122-a598-62e8eb0e799e,C:\Users\Gaurav Rathod\Downloads\automation-proposal\raw_data\dataset-downloads\dataset_b-20260908T164438Z-1-001\dataset_b\ses_20260701-171614-CHAITANYA0BCF\chunk_20260701-1700-CHAITANYA0BCF\events.jsonl,1994,20260701-1700-CHAITANYA0BCF,scr_smart_1782926998522_monitor_1_post.jpg | screenshots/scr_smart_1782926998522_monitor_1_post.jpg,True
ses_20260701-171614-CHAITANYA0BCF,11,2026-07-01T17:29:58.350Z,2026-07-01T17:30:13.013Z,2026-07-01T17:30:03.485000+00:00,evt_d4f60c50-fda6-4085-8577-71d1dfa66c09,C:\Users\Gaurav Rathod\Downloads\automation-proposal\raw_data\dataset-downloads\dataset_b-20260908T164438Z-1-001\dataset_b\ses_20260701-171614-CHAITANYA0BCF\chunk_20260701-1730-CHAITANYA0BCF\events.jsonl,1,20260701-1730-CHAITANYA0BCF,scr_smart_1782927003485_monitor_1_post.jpg | screenshots/scr_smart_1782927003485_monitor_1_post.jpg,True
ses_20260701-171614-CHAITANYA0BCF,11,2026-07-01T17:29:58.350Z,2026-07-01T17:30:13.013Z,2026-07-01T17:30:03.941000+00:00,evt_6bec20e6-c8cf-44fa-8219-1a7f8412af6d,C:\Users\Gaurav Rathod\Downloads\automation-proposal\raw_data\dataset-downloads\dataset_b-20260908T164438Z-1-001\dataset_b\ses_20260701-171614-CHAITANYA0BCF\chunk_20260701-1730-CHAITANYA0BCF\events.jsonl,3,20260701-1730-CHAITANYA0BCF,scr_smart_1782927003941_monitor_1_post.jpg | screenshots/scr_smart_1782927003941_monitor_1_post.jpg,True
ses_20260701-171614-CHAITANYA0BCF,11,2026-07-01T17:29:58.350Z,2026-07-01T17:30:13.013Z,2026-07-01T17:30:06.184000+00:00,evt_b16f99d0-814d-4a68-b6e9-81d4358c1680,C:\Users\Gaurav Rathod\Downloads\automation-proposal\raw_data\dataset-downloads\dataset_b-20260908T164438Z-1-001\dataset_b\ses_20260701-171614-CHAITANYA0BCF\chunk_20260701-1730-CHAITANYA0BCF\events.jsonl,7,20260701-1730-CHAITANYA0BCF,scr_smart_1782927006184_monitor_1_post.jpg | screenshots/scr_smart_1782927006184_monitor_1_post.jpg,True
ses_20260701-171614-CHAITANYA0BCF,11,2026-07-01T17:29:58.350Z,2026-07-01T17:30:13.013Z,2026-07-01T17:30:07.901000+00:00,evt_1f97aecf-f2d4-4944-9692-afed02432798,C:\Users\Gaurav Rathod\Downloads\automation-proposal\raw_data\dataset-downloads\dataset_b-20260908T164438Z-1-001\dataset_b\ses_20260701-171614-CHAITANYA0BCF\chunk_20260701-1730-CHAITANYA0BCF\events.jsonl,14,20260701-1730-CHAITANYA0BCF,scr_smart_1782927007901_monitor_1_post.jpg | screenshots/scr_smart_1782927007901_monitor_1_post.jpg,True
ses_20260701-171614-CHAITANYA0BCF,11,2026-07-01T17:29:58.350Z,2026-07-01T17:30:13.013Z,2026-07-01T17:30:10.885000+00:00,evt_096cfb6d-6cb3-4d16-99c8-4bf98df10829,C:\Users\Gaurav Rathod\Downloads\automation-proposal\raw_data\dataset-downloads\dataset_b-20260908T164438Z-1-001\dataset_b\ses_20260701-171614-CHAITANYA0BCF\chunk_20260701-1730-CHAITANYA0BCF\events.jsonl,16,20260701-1730-CHAITANYA0BCF,scr_smart_1782927010885_monitor_1_post.jpg | screenshots/scr_smart_1782927010885_monitor_1_post.jpg,True
ses_20260701-173246-SIDDHIGUPTAB00B,1,2026-07-01T17:33:00.100Z,2026-07-01T17:33:24.100Z,2026-07-01T17:33:03.602000+00:00,evt_efab1612-a8b8-4a41-9cd7-6f8513ff2567,C:\Users\Gaurav Rathod\Downloads\automation-proposal\raw_data\dataset-downloads\dataset_b-20260908T164438Z-1-001\dataset_b\ses_20260701-173246-SIDDHIGUPTAB00B\chunk_20260701-1730-SIDDHIGUPTAB00B\events.jsonl,36,20260701-1730-SIDDHIGUPTAB00B,scr_smart_1782927183602_monitor_1_post.jpg | screenshots/scr_smart_1782927183602_monitor_1_post.jpg,True
ses_20260701-173246-SIDDHIGUPTAB00B,1,2026-07-01T17:33:00.100Z,2026-07-01T17:33:24.100Z,2026-07-01T17:33:05.455000+00:00,evt_c9fba422-35b6-412b-9e4c-a05945cb35c3,C:\Users\Gaurav Rathod\Downloads\automation-proposal\raw_data\dataset-downloads\dataset_b-20260908T164438Z-1-001\dataset_b\ses_20260701-173246-SIDDHIGUPTAB00B\chunk_20260701-1730-SIDDHIGUPTAB00B\events.jsonl,38,20260701-1730-SIDDHIGUPTAB00B,scr_smart_1782927185455_monitor_1_post.jpg | screenshots/scr_smart_1782927185455_monitor_1_post.jpg,True
ses_20260701-173246-SIDDHIGUPTAB00B,1,2026-07-01T17:33:00.100Z,2026-07-01T17:33:24.100Z,2026-07-01T17:33:08.791000+00:00,evt_733ff061-b4e3-4fde-b1a4-de4dd9896eac,C:\Users\Gaurav Rathod\Downloads\automation-proposal\raw_data\dataset-downloads\dataset_b-20260908T164438Z-1-001\dataset_b\ses_20260701-173246-SIDDHIGUPTAB00B\chunk_20260701-1730-SIDDHIGUPTAB00B\events.jsonl,42,20260701-1730-SIDDHIGUPTAB00B,scr_smart_1782927188791_monitor_1_post.jpg | screenshots/scr_smart_1782927188791_monitor_1_post.jpg,True
ses_20260701-173246-SIDDHIGUPTAB00B,1,2026-07-01T17:33:00.100Z,2026-07-01T17:33:24.100Z,2026-07-01T17:33:09.732000+00:00,evt_45f7ad09-1138-447b-b1cb-a7074d494b00,C:\Users\Gaurav Rathod\Downloads\automation-proposal\raw_data\dataset-downloads\dataset_b-20260908T164438Z-1-001\dataset_b\ses_20260701-173246-SIDDHIGUPTAB00B\chunk_20260701-1730-SIDDHIGUPTAB00B\events.jsonl,46,20260701-1730-SIDDHIGUPTAB00B,scr_smart_1782927189732_monitor_1_post.jpg | screenshots/scr_smart_1782927189732_monitor_1_post.jpg,True
ses_20260701-173246-SIDDHIGUPTAB00B,1,2026-07-01T17:33:00.100Z,2026-07-01T17:33:24.100Z,2026-07-01T17:33:10.792000+00:00,evt_fa47b27e-9b6e-4366-a3cd-7a9a13a58a89,C:\Users\Gaurav Rathod\Downloads\automation-proposal\raw_data\dataset-downloads\dataset_b-20260908T164438Z-1-001\dataset_b\ses_20260701-173246-SIDDHIGUPTAB00B\chunk_20260701-1730-SIDDHIGUPTAB00B\events.jsonl,47,20260701-1730-SIDDHIGUPTAB00B,scr_smart_1782927190792_monitor_1_post.jpg | screenshots/scr_smart_1782927190792_monitor_1_post.jpg,True
ses_20260701-173246-SIDDHIGUPTAB00B,1,2026-07-01T17:33:00.100Z,2026-07-01T17:33:24.100Z,2026-07-01T17:33:13.661000+00:00,evt_b72b97d5-b201-442e-baf8-8e500a16a23e,C:\Users\Gaurav Rathod\Downloads\automation-proposal\raw_data\dataset-downloads\dataset_b-20260908T164438Z-1-001\dataset_b\ses_20260701-173246-SIDDHIGUPTAB00B\chunk_20260701-1730-SIDDHIGUPTAB00B\events.jsonl,51,20260701-1730-SIDDHIGUPTAB00B,scr_smart_1782927193661_monitor_1_post.jpg | screenshots/scr_smart_1782927193661_monitor_1_post.jpg,True
ses_20260701-173246-SIDDHIGUPTAB00B,1,2026-07-01T17:33:00.100Z,2026-07-01T17:33:24.100Z,2026-07-01T17:33:17.105000+00:00,evt_dd963412-466f-450f-8c1f-c710412c27b0,C:\Users\Gaurav Rathod\Downloads\automation-proposal\raw_data\dataset-downloads\dataset_b-20260908T164438Z-1-001\dataset_b\ses_20260701-173246-SIDDHIGUPTAB00B\chunk_20260701-1730-SIDDHIGUPTAB00B\events.jsonl,56,20260701-1730-SIDDHIGUPTAB00B,scr_smart_1782927197105_monitor_1_post.jpg | screenshots/scr_smart_1782927197105_monitor_1_post.jpg,True
ses_20260701-173246-SIDDHIGUPTAB00B,1,2026-07-01T17:33:00.100Z,2026-07-01T17:33:24.100Z,2026-07-01T17:33:17.828000+00:00,evt_9ce98c6e-e078-4ca7-b94f-ad2068f23559,C:\Users\Gaurav Rathod\Downloads\automation-proposal\raw_data\dataset-downloads\dataset_b-20260908T164438Z-1-001\dataset_b\ses_20260701-173246-SIDDHIGUPTAB00B\chunk_20260701-1730-SIDDHIGUPTAB00B\events.jsonl,61,20260701-1730-SIDDHIGUPTAB00B,scr_smart_1782927197828_monitor_1_post.jpg | screenshots/scr_smart_1782927197828_monitor_1_post.jpg,True
ses_20260701-173246-SIDDHIGUPTAB00B,1,2026-07-01T17:33:00.100Z,2026-07-01T17:33:24.100Z,2026-07-01T17:33:20.960000+00:00,evt_b120da48-8c5c-4792-9e9e-068ceae8f3b6,C:\Users\Gaurav Rathod\Downloads\automation-proposal\raw_data\dataset-downloads\dataset_b-20260908T164438Z-1-001\dataset_b\ses_20260701-173246-SIDDHIGUPTAB00B\chunk_20260701-1730-SIDDHIGUPTAB00B\events.jsonl,64,20260701-1730-SIDDHIGUPTAB00B,scr_smart_1782927200960_monitor_1_post.jpg | screenshots/scr_smart_1782927200960_monitor_1_post.jpg,True
ses_20260701-173246-SIDDHIGUPTAB00B,1,2026-07-01T17:33:00.100Z,2026-07-01T17:33:24.100Z,2026-07-01T17:33:22.755000+00:00,evt_f43f14c6-70f8-45f8-b086-1473f30c7d35,C:\Users\Gaurav Rathod\Downloads\automation-proposal\raw_data\dataset-downloads\dataset_b-20260908T164438Z-1-001\dataset_b\ses_20260701-173246-SIDDHIGUPTAB00B\chunk_20260701-1730-SIDDHIGUPTAB00B\events.jsonl,67,20260701-1730-SIDDHIGUPTAB00B,scr_smart_1782927202755_monitor_1_post.jpg | screenshots/scr_smart_1782927202755_monitor_1_post.jpg,True
ses_20260701-173246-SIDDHIGUPTAB00B,1,2026-07-01T17:33:00.100Z,2026-07-01T17:33:24.100Z,2026-07-01T17:33:23.665000+00:00,evt_6ac06dae-16ae-4822-9480-b07fd2d6a470,C:\Users\Gaurav Rathod\Downloads\automation-proposal\raw_data\dataset-downloads\dataset_b-20260908T164438Z-1-001\dataset_b\ses_20260701-173246-SIDDHIGUPTAB00B\chunk_20260701-1730-SIDDHIGUPTAB00B\events.jsonl,74,20260701-1730-SIDDHIGUPTAB00B,scr_smart_1782927203665_monitor_1_post.jpg | screenshots/scr_smart_1782927203665_monitor_1_post.jpg,True
ses_20260701-173246-SIDDHIGUPTAB00B,2,2026-07-01T17:33:24.100Z,2026-07-01T17:33:38.100Z,2026-07-01T17:33:25.960000+00:00,evt_d4aeff7f-eb74-46da-8612-053ba0c2b5a3,C:\Users\Gaurav Rathod\Downloads\automation-proposal\raw_data\dataset-downloads\dataset_b-20260908T164438Z-1-001\dataset_b\ses_20260701-173246-SIDDHIGUPTAB00B\chunk_20260701-1730-SIDDHIGUPTAB00B\events.jsonl,77,20260701-1730-SIDDHIGUPTAB00B,scr_smart_1782927205960_monitor_1_post.jpg | screenshots/scr_smart_1782927205960_monitor_1_post.jpg,True
ses_20260701-173246-SIDDHIGUPTAB00B,2,2026-07-01T17:33:24.100Z,2026-07-01T17:33:38.100Z,2026-07-01T17:33:27.875000+00:00,evt_8c340402-3103-4298-a237-d403cd1f1a44,C:\Users\Gaurav Rathod\Downloads\automation-proposal\raw_data\dataset-downloads\dataset_b-20260908T164438Z-1-001\dataset_b\ses_20260701-173246-SIDDHIGUPTAB00B\chunk_20260701-1730-SIDDHIGUPTAB00B\events.jsonl,84,20260701-1730-SIDDHIGUPTAB00B,scr_smart_1782927207875_monitor_1_post.jpg | screenshots/scr_smart_1782927207875_monitor_1_post.jpg,True
ses_20260701-173246-SIDDHIGUPTAB00B,2,2026-07-01T17:33:24.100Z,2026-07-01T17:33:38.100Z,2026-07-01T17:33:28.531000+00:00,evt_1ce51eac-5d29-41b2-83e3-55a43cc100a9,C:\Users\Gaurav Rathod\Downloads\automation-proposal\raw_data\dataset-downloads\dataset_b-20260908T164438Z-1-001\dataset_b\ses_20260701-173246-SIDDHIGUPTAB00B\chunk_20260701-1730-SIDDHIGUPTAB00B\events.jsonl,89,20260701-1730-SIDDHIGUPTAB00B,scr_smart_1782927208531_monitor_1_post.jpg | screenshots/scr_smart_1782927208531_monitor_1_post.jpg,True
ses_20260701-173246-SIDDHIGUPTAB00B,2,2026-07-01T17:33:24.100Z,2026-07-01T17:33:38.100Z,2026-07-01T17:33:34.279000+00:00,evt_18f5e7f7-691f-4bb4-9add-44a3065efada,C:\Users\Gaurav Rathod\Downloads\automation-proposal\raw_data\dataset-downloads\dataset_b-20260908T164438Z-1-001\dataset_b\ses_20260701-173246-SIDDHIGUPTAB00B\chunk_20260701-1730-SIDDHIGUPTAB00B\events.jsonl,91,20260701-1730-SIDDHIGUPTAB00B,scr_smart_1782927214279_monitor_1_post.jpg | screenshots/scr_smart_1782927214279_monitor_1_post.jpg,True
ses_20260701-173246-SIDDHIGUPTAB00B,2,2026-07-01T17:33:24.100Z,2026-07-01T17:33:38.100Z,2026-07-01T17:33:34.860000+00:00,evt_42682914-e4c5-4eb5-8c04-df3ef927a9ca,C:\Users\Gaurav Rathod\Downloads\automation-proposal\raw_data\dataset-downloads\dataset_b-20260908T164438Z-1-001\dataset_b\ses_20260701-173246-SIDDHIGUPTAB00B\chunk_20260701-1730-SIDDHIGUPTAB00B\events.jsonl,93,20260701-1730-SIDDHIGUPTAB00B,scr_smart_1782927214860_monitor_1_post.jpg | screenshots/scr_smart_1782927214860_monitor_1_post.jpg,True
ses_20260701-173246-SIDDHIGUPTAB00B,2,2026-07-01T17:33:24.100Z,2026-07-01T17:33:38.100Z,2026-07-01T17:33:35.941000+00:00,evt_4ab6360d-ddde-433f-a2e3-fb4c8f8df8dd,C:\Users\Gaurav Rathod\Downloads\automation-proposal\raw_data\dataset-downloads\dataset_b-20260908T164438Z-1-001\dataset_b\ses_20260701-173246-SIDDHIGUPTAB00B\chunk_20260701-1730-SIDDHIGUPTAB00B\events.jsonl,96,20260701-1730-SIDDHIGUPTAB00B,scr_smart_1782927215941_monitor_1_post.jpg | screenshots/scr_smart_1782927215941_monitor_1_post.jpg,True
ses_20260701-173246-SIDDHIGUPTAB00B,2,2026-07-01T17:33:24.100Z,2026-07-01T17:33:38.100Z,2026-07-01T17:33:37.033000+00:00,evt_df55e686-3029-414e-9a78-64848b76bc20,C:\Users\Gaurav Rathod\Downloads\automation-proposal\raw_data\dataset-downloads\dataset_b-20260908T164438Z-1-001\dataset_b\ses_20260701-173246-SIDDHIGUPTAB00B\chunk_20260701-1730-SIDDHIGUPTAB00B\events.jsonl,103,20260701-1730-SIDDHIGUPTAB00B,scr_smart_1782927217033_monitor_1_post.jpg | screenshots/scr_smart_1782927217033_monitor_1_post.jpg,True
ses_20260701-173246-SIDDHIGUPTAB00B,3,2026-07-01T17:33:38.100Z,2026-07-01T17:33:52.100Z,2026-07-01T17:33:39.499000+00:00,evt_3a9f6e98-cc4f-42e7-9280-2a73dda4b4c1,C:\Users\Gaurav Rathod\Downloads\automation-proposal\raw_data\dataset-downloads\dataset_b-20260908T164438Z-1-001\dataset_b\ses_20260701-173246-SIDDHIGUPTAB00B\chunk_20260701-1730-SIDDHIGUPTAB00B\events.jsonl,106,20260701-1730-SIDDHIGUPTAB00B,scr_smart_1782927219499_monitor_1_post.jpg | screenshots/scr_smart_1782927219499_monitor_1_post.jpg,True
ses_20260701-173246-SIDDHIGUPTAB00B,3,2026-07-01T17:33:38.100Z,2026-07-01T17:33:52.100Z,2026-07-01T17:33:41.380000+00:00,evt_a07c59f7-b096-4813-af08-dccda16b84d2,C:\Users\Gaurav Rathod\Downloads\automation-proposal\raw_data\dataset-downloads\dataset_b-20260908T164438Z-1-001\dataset_b\ses_20260701-173246-SIDDHIGUPTAB00B\chunk_20260701-1730-SIDDHIGUPTAB00B\events.jsonl,110,20260701-1730-SIDDHIGUPTAB00B,scr_smart_1782927221380_monitor_1_post.jpg | screenshots/scr_smart_1782927221380_monitor_1_post.jpg,True
ses_20260701-173246-SIDDHIGUPTAB00B,3,2026-07-01T17:33:38.100Z,2026-07-01T17:33:52.100Z,2026-07-01T17:33:41.865000+00:00,evt_2d859988-5060-470e-916a-290ccfe0e5b2,C:\Users\Gaurav Rathod\Downloads\automation-proposal\raw_data\dataset-downloads\dataset_b-20260908T164438Z-1-001\dataset_b\ses_20260701-173246-SIDDHIGUPTAB00B\chunk_20260701-1730-SIDDHIGUPTAB00B\events.jsonl,117,20260701-1730-SIDDHIGUPTAB00B,scr_smart_1782927221865_monitor_1_post.jpg | screenshots/scr_smart_1782927221865_monitor_1_post.jpg,True
ses_20260701-173246-SIDDHIGUPTAB00B,3,2026-07-01T17:33:38.100Z,2026-07-01T17:33:52.100Z,2026-07-01T17:33:43.033000+00:00,evt_b0915347-b51a-497f-a1c6-19d991d5c003,C:\Users\Gaurav Rathod\Downloads\automation-proposal\raw_data\dataset-downloads\dataset_b-20260908T164438Z-1-001\dataset_b\ses_20260701-173246-SIDDHIGUPTAB00B\chunk_20260701-1730-SIDDHIGUPTAB00B\events.jsonl,119,20260701-1730-SIDDHIGUPTAB00B,scr_smart_1782927223033_monitor_1_post.jpg | screenshots/scr_smart_1782927223033_monitor_1_post.jpg,True
ses_20260701-173246-SIDDHIGUPTAB00B,3,2026-07-01T17:33:38.100Z,2026-07-01T17:33:52.100Z,2026-07-01T17:33:46.138000+00:00,evt_1ed0d31d-e97a-4cd1-a03a-2497ae4c0467,C:\Users\Gaurav Rathod\Downloads\automation-proposal\raw_data\dataset-downloads\dataset_b-20260908T164438Z-1-001\dataset_b\ses_20260701-173246-SIDDHIGUPTAB00B\chunk_20260701-1730-SIDDHIGUPTAB00B\events.jsonl,122,20260701-1730-SIDDHIGUPTAB00B,scr_smart_1782927226138_monitor_1_post.jpg | screenshots/scr_smart_1782927226138_monitor_1_post.jpg,True
ses_20260701-173246-SIDDHIGUPTAB00B,3,2026-07-01T17:33:38.100Z,2026-07-01T17:33:52.100Z,2026-07-01T17:33:47.647000+00:00,evt_8ec3ceed-0ea3-41e2-bd92-de2c03f9d411,C:\Users\Gaurav Rathod\Downloads\automation-proposal\raw_data\dataset-downloads\dataset_b-20260908T164438Z-1-001\dataset_b\ses_20260701-173246-SIDDHIGUPTAB00B\chunk_20260701-1730-SIDDHIGUPTAB00B\events.jsonl,126,20260701-1730-SIDDHIGUPTAB00B,scr_smart_1782927227647_monitor_1_post.jpg | screenshots/scr_smart_1782927227647_monitor_1_post.jpg,True
ses_20260701-173246-SIDDHIGUPTAB00B,3,2026-07-01T17:33:38.100Z,2026-07-01T17:33:52.100Z,2026-07-01T17:33:48.183000+00:00,evt_6076ce88-c07e-494a-8910-c6dc28cd9c2a,C:\Users\Gaurav Rathod\Downloads\automation-proposal\raw_data\dataset-downloads\dataset_b-20260908T164438Z-1-001\dataset_b\ses_20260701-173246-SIDDHIGUPTAB00B\chunk_20260701-1730-SIDDHIGUPTAB00B\events.jsonl,128,20260701-1730-SIDDHIGUPTAB00B,scr_smart_1782927228183_monitor_1_post.jpg | screenshots/scr_smart_1782927228183_monitor_1_post.jpg,True
ses_20260701-173246-SIDDHIGUPTAB00B,3,2026-07-01T17:33:38.100Z,2026-07-01T17:33:52.100Z,2026-07-01T17:33:48.742000+00:00,evt_82eeb692-b0b4-4562-acfc-795ab6889afe,C:\Users\Gaurav Rathod\Downloads\automation-proposal\raw_data\dataset-downloads\dataset_b-20260908T164438Z-1-001\dataset_b\ses_20260701-173246-SIDDHIGUPTAB00B\chunk_20260701-1730-SIDDHIGUPTAB00B\events.jsonl,134,20260701-1730-SIDDHIGUPTAB00B,scr_smart_1782927228742_monitor_1_post.jpg | screenshots/scr_smart_1782927228742_monitor_1_post.jpg,True
ses_20260701-173246-SIDDHIGUPTAB00B,3,2026-07-01T17:33:38.100Z,2026-07-01T17:33:52.100Z,2026-07-01T17:33:51.140000+00:00,evt_229011c8-a16a-492a-b296-513fa5e407fb,C:\Users\Gaurav Rathod\Downloads\automation-proposal\raw_data\dataset-downloads\dataset_b-20260908T164438Z-1-001\dataset_b\ses_20260701-173246-SIDDHIGUPTAB00B\chunk_20260701-1730-SIDDHIGUPTAB00B\events.jsonl,138,20260701-1730-SIDDHIGUPTAB00B,scr_smart_1782927231140_monitor_1_post.jpg | screenshots/scr_smart_1782927231140_monitor_1_post.jpg,True
ses_20260701-173246-SIDDHIGUPTAB00B,4,2026-07-01T17:42:24.100Z,2026-07-01T17:42:34.100Z,2026-07-01T17:42:26.655000+00:00,evt_26d6c4de-6b0b-4b53-8b56-e1d3f074f205,C:\Users\Gaurav Rathod\Downloads\automation-proposal\raw_data\dataset-downloads\dataset_b-20260908T164438Z-1-001\dataset_b\ses_20260701-173246-SIDDHIGUPTAB00B\chunk_20260701-1730-SIDDHIGUPTAB00B\events.jsonl,1068,20260701-1730-SIDDHIGUPTAB00B,scr_smart_1782927746655_monitor_1_post.jpg | screenshots/scr_smart_1782927746655_monitor_1_post.jpg,True
ses_20260701-173246-SIDDHIGUPTAB00B,4,2026-07-01T17:42:24.100Z,2026-07-01T17:42:34.100Z,2026-07-01T17:42:28.577000+00:00,evt_5f07f597-e9da-43e4-928e-be3376e9ef5b,C:\Users\Gaurav Rathod\Downloads\automation-proposal\raw_data\dataset-downloads\dataset_b-20260908T164438Z-1-001\dataset_b\ses_20260701-173246-SIDDHIGUPTAB00B\chunk_20260701-1730-SIDDHIGUPTAB00B\events.jsonl,1073,20260701-1730-SIDDHIGUPTAB00B,scr_smart_1782927748577_monitor_1_post.jpg | screenshots/scr_smart_1782927748577_monitor_1_post.jpg,True
ses_20260701-173246-SIDDHIGUPTAB00B,4,2026-07-01T17:42:24.100Z,2026-07-01T17:42:34.100Z,2026-07-01T17:42:29.426000+00:00,evt_02fa71ab-a767-4dfa-aa2a-6de97dbfc884,C:\Users\Gaurav Rathod\Downloads\automation-proposal\raw_data\dataset-downloads\dataset_b-20260908T164438Z-1-001\dataset_b\ses_20260701-173246-SIDDHIGUPTAB00B\chunk_20260701-1730-SIDDHIGUPTAB00B\events.jsonl,1074,20260701-1730-SIDDHIGUPTAB00B,scr_smart_1782927749426_monitor_1_post.jpg | screenshots/scr_smart_1782927749426_monitor_1_post.jpg,True
ses_20260701-173246-SIDDHIGUPTAB00B,4,2026-07-01T17:42:24.100Z,2026-07-01T17:42:34.100Z,2026-07-01T17:42:30.717000+00:00,evt_81f18660-82b1-4635-92a4-21069609b5af,C:\Users\Gaurav Rathod\Downloads\automation-proposal\raw_data\dataset-downloads\dataset_b-20260908T164438Z-1-001\dataset_b\ses_20260701-173246-SIDDHIGUPTAB00B\chunk_20260701-1730-SIDDHIGUPTAB00B\events.jsonl,1076,20260701-1730-SIDDHIGUPTAB00B,scr_smart_1782927750717_monitor_1_post.jpg | screenshots/scr_smart_1782927750717_monitor_1_post.jpg,True
ses_20260701-173246-SIDDHIGUPTAB00B,4,2026-07-01T17:42:24.100Z,2026-07-01T17:42:34.100Z,2026-07-01T17:42:31.744000+00:00,evt_61c86006-9457-4d2b-8067-421b6de8878e,C:\Users\Gaurav Rathod\Downloads\automation-proposal\raw_data\dataset-downloads\dataset_b-20260908T164438Z-1-001\dataset_b\ses_20260701-173246-SIDDHIGUPTAB00B\chunk_20260701-1730-SIDDHIGUPTAB00B\events.jsonl,1083,20260701-1730-SIDDHIGUPTAB00B,scr_smart_1782927751744_monitor_1_post.jpg | screenshots/scr_smart_1782927751744_monitor_1_post.jpg,True
ses_20260701-173246-SIDDHIGUPTAB00B,4,2026-07-01T17:42:24.100Z,2026-07-01T17:42:34.100Z,2026-07-01T17:42:33.811000+00:00,evt_9f200c06-94e4-4a21-940b-399401ecf116,C:\Users\Gaurav Rathod\Downloads\automation-proposal\raw_data\dataset-downloads\dataset_b-20260908T164438Z-1-001\dataset_b\ses_20260701-173246-SIDDHIGUPTAB00B\chunk_20260701-1730-SIDDHIGUPTAB00B\events.jsonl,1086,20260701-1730-SIDDHIGUPTAB00B,scr_smart_1782927753811_monitor_1_post.jpg | screenshots/scr_smart_1782927753811_monitor_1_post.jpg,True
ses_20260701-173246-SIDDHIGUPTAB00B,5,2026-07-01T17:42:34.100Z,2026-07-01T17:42:46.100Z,2026-07-01T17:42:35.552000+00:00,evt_f911b7f4-e569-4b94-9ef9-3ef889c08558,C:\Users\Gaurav Rathod\Downloads\automation-proposal\raw_data\dataset-downloads\dataset_b-20260908T164438Z-1-001\dataset_b\ses_20260701-173246-SIDDHIGUPTAB00B\chunk_20260701-1730-SIDDHIGUPTAB00B\events.jsonl,1089,20260701-1730-SIDDHIGUPTAB00B,scr_smart_1782927755552_monitor_1_post.jpg | screenshots/scr_smart_1782927755552_monitor_1_post.jpg,True
ses_20260701-173246-SIDDHIGUPTAB00B,5,2026-07-01T17:42:34.100Z,2026-07-01T17:42:46.100Z,2026-07-01T17:42:36.081000+00:00,evt_59d5f730-31a1-4000-86ed-db1aa0ce3185,C:\Users\Gaurav Rathod\Downloads\automation-proposal\raw_data\dataset-downloads\dataset_b-20260908T164438Z-1-001\dataset_b\ses_20260701-173246-SIDDHIGUPTAB00B\chunk_20260701-1730-SIDDHIGUPTAB00B\events.jsonl,1097,20260701-1730-SIDDHIGUPTAB00B,scr_smart_1782927756081_monitor_1_post.jpg | screenshots/scr_smart_1782927756081_monitor_1_post.jpg,True
ses_20260701-173246-SIDDHIGUPTAB00B,5,2026-07-01T17:42:34.100Z,2026-07-01T17:42:46.100Z,2026-07-01T17:42:39.469000+00:00,evt_6c5b08f3-dcd3-44bb-b958-e36ecfa0c0f5,C:\Users\Gaurav Rathod\Downloads\automation-proposal\raw_data\dataset-downloads\dataset_b-20260908T164438Z-1-001\dataset_b\ses_20260701-173246-SIDDHIGUPTAB00B\chunk_20260701-1730-SIDDHIGUPTAB00B\events.jsonl,1101,20260701-1730-SIDDHIGUPTAB00B,scr_smart_1782927759469_monitor_1_post.jpg | screenshots/scr_smart_1782927759469_monitor_1_post.jpg,True
ses_20260701-173246-SIDDHIGUPTAB00B,5,2026-07-01T17:42:34.100Z,2026-07-01T17:42:46.100Z,2026-07-01T17:42:40.033000+00:00,evt_39c9c981-0b01-4319-b495-7d68e1fa5ee4,C:\Users\Gaurav Rathod\Downloads\automation-proposal\raw_data\dataset-downloads\dataset_b-20260908T164438Z-1-001\dataset_b\ses_20260701-173246-SIDDHIGUPTAB00B\chunk_20260701-1730-SIDDHIGUPTAB00B\events.jsonl,1103,20260701-1730-SIDDHIGUPTAB00B,scr_smart_1782927760033_monitor_1_post.jpg | screenshots/scr_smart_1782927760033_monitor_1_post.jpg,True
ses_20260701-173246-SIDDHIGUPTAB00B,5,2026-07-01T17:42:34.100Z,2026-07-01T17:42:46.100Z,2026-07-01T17:42:41.203000+00:00,evt_46ee714e-20ff-43af-8b6b-d5d631cd8275,C:\Users\Gaurav Rathod\Downloads\automation-proposal\raw_data\dataset-downloads\dataset_b-20260908T164438Z-1-001\dataset_b\ses_20260701-173246-SIDDHIGUPTAB00B\chunk_20260701-1730-SIDDHIGUPTAB00B\events.jsonl,1105,20260701-1730-SIDDHIGUPTAB00B,scr_smart_1782927761203_monitor_1_post.jpg | screenshots/scr_smart_1782927761203_monitor_1_post.jpg,True
ses_20260701-173246-SIDDHIGUPTAB00B,5,2026-07-01T17:42:34.100Z,2026-07-01T17:42:46.100Z,2026-07-01T17:42:42.254000+00:00,evt_55865b31-f4ea-4581-adf2-b00ed2abbcc6,C:\Users\Gaurav Rathod\Downloads\automation-proposal\raw_data\dataset-downloads\dataset_b-20260908T164438Z-1-001\dataset_b\ses_20260701-173246-SIDDHIGUPTAB00B\chunk_20260701-1730-SIDDHIGUPTAB00B\events.jsonl,1112,20260701-1730-SIDDHIGUPTAB00B,scr_smart_1782927762254_monitor_1_post.jpg | screenshots/scr_smart_1782927762254_monitor_1_post.jpg,True
ses_20260701-173246-SIDDHIGUPTAB00B,5,2026-07-01T17:42:34.100Z,2026-07-01T17:42:46.100Z,2026-07-01T17:42:44.612000+00:00,evt_1a132781-26f7-4e7d-8ef7-636e95b00acb,C:\Users\Gaurav Rathod\Downloads\automation-proposal\raw_data\dataset-downloads\dataset_b-20260908T164438Z-1-001\dataset_b\ses_20260701-173246-SIDDHIGUPTAB00B\chunk_20260701-1730-SIDDHIGUPTAB00B\events.jsonl,1115,20260701-1730-SIDDHIGUPTAB00B,scr_smart_1782927764612_monitor_1_post.jpg | screenshots/scr_smart_1782927764612_monitor_1_post.jpg,True
ses_20260701-173246-SIDDHIGUPTAB00B,6,2026-07-01T17:42:46.100Z,2026-07-01T17:42:54.100Z,2026-07-01T17:42:46.827000+00:00,evt_e11931ee-d888-40c4-8b4b-1b2c535df851,C:\Users\Gaurav Rathod\Downloads\automation-proposal\raw_data\dataset-downloads\dataset_b-20260908T164438Z-1-001\dataset_b\ses_20260701-173246-SIDDHIGUPTAB00B\chunk_20260701-1730-SIDDHIGUPTAB00B\events.jsonl,1126,20260701-1730-SIDDHIGUPTAB00B,scr_smart_1782927766827_monitor_1_post.jpg | screenshots/scr_smart_1782927766827_monitor_1_post.jpg,True
ses_20260701-173246-SIDDHIGUPTAB00B,6,2026-07-01T17:42:46.100Z,2026-07-01T17:42:54.100Z,2026-07-01T17:42:47.463000+00:00,evt_7f108bfd-7fd8-4f4c-a5c5-f2fbebaa8fc2,C:\Users\Gaurav Rathod\Downloads\automation-proposal\raw_data\dataset-downloads\dataset_b-20260908T164438Z-1-001\dataset_b\ses_20260701-173246-SIDDHIGUPTAB00B\chunk_20260701-1730-SIDDHIGUPTAB00B\events.jsonl,1127,20260701-1730-SIDDHIGUPTAB00B,scr_smart_1782927767463_monitor_1_post.jpg | screenshots/scr_smart_1782927767463_monitor_1_post.jpg,True
ses_20260701-173246-SIDDHIGUPTAB00B,6,2026-07-01T17:42:46.100Z,2026-07-01T17:42:54.100Z,2026-07-01T17:42:51.099000+00:00,evt_f0fdafb6-8f54-4128-9bda-49fc2822de20,C:\Users\Gaurav Rathod\Downloads\automation-proposal\raw_data\dataset-downloads\dataset_b-20260908T164438Z-1-001\dataset_b\ses_20260701-173246-SIDDHIGUPTAB00B\chunk_20260701-1730-SIDDHIGUPTAB00B\events.jsonl,1132,20260701-1730-SIDDHIGUPTAB00B,scr_smart_1782927771099_monitor_1_post.jpg | screenshots/scr_smart_1782927771099_monitor_1_post.jpg,True
ses_20260701-173246-SIDDHIGUPTAB00B,6,2026-07-01T17:42:46.100Z,2026-07-01T17:42:54.100Z,2026-07-01T17:42:52.672000+00:00,evt_76d94281-698a-4473-b721-1521650b7b7b,C:\Users\Gaurav Rathod\Downloads\automation-proposal\raw_data\dataset-downloads\dataset_b-20260908T164438Z-1-001\dataset_b\ses_20260701-173246-SIDDHIGUPTAB00B\chunk_20260701-1730-SIDDHIGUPTAB00B\events.jsonl,1136,20260701-1730-SIDDHIGUPTAB00B,scr_smart_1782927772672_monitor_1_post.jpg | screenshots/scr_smart_1782927772672_monitor_1_post.jpg,True
ses_20260701-173246-SIDDHIGUPTAB00B,6,2026-07-01T17:42:46.100Z,2026-07-01T17:42:54.100Z,2026-07-01T17:42:53.723000+00:00,evt_b4720960-af7e-4395-a5dd-f69d406011d0,C:\Users\Gaurav Rathod\Downloads\automation-proposal\raw_data\dataset-downloads\dataset_b-20260908T164438Z-1-001\dataset_b\ses_20260701-173246-SIDDHIGUPTAB00B\chunk_20260701-1730-SIDDHIGUPTAB00B\events.jsonl,1142,20260701-1730-SIDDHIGUPTAB00B,scr_smart_1782927773723_monitor_1_post.jpg | screenshots/scr_smart_1782927773723_monitor_1_post.jpg,True
ses_20260701-173246-SIDDHIGUPTAB00B,7,2026-07-01T17:42:54.100Z,2026-07-01T17:42:58.100Z,2026-07-01T17:42:56.011000+00:00,evt_cc74b8ce-35d5-4127-bac3-aa7a171320c7,C:\Users\Gaurav Rathod\Downloads\automation-proposal\raw_data\dataset-downloads\dataset_b-20260908T164438Z-1-001\dataset_b\ses_20260701-173246-SIDDHIGUPTAB00B\chunk_20260701-1730-SIDDHIGUPTAB00B\events.jsonl,1145,20260701-1730-SIDDHIGUPTAB00B,scr_smart_1782927776011_monitor_1_post.jpg | screenshots/scr_smart_1782927776011_monitor_1_post.jpg,True
ses_20260701-173246-SIDDHIGUPTAB00B,8,2026-07-01T17:42:58.100Z,2026-07-01T17:43:06.100Z,2026-07-01T17:42:58.305000+00:00,evt_67af9cfd-6837-4f57-9964-4b338a229ef5,C:\Users\Gaurav Rathod\Downloads\automation-proposal\raw_data\dataset-downloads\dataset_b-20260908T164438Z-1-001\dataset_b\ses_20260701-173246-SIDDHIGUPTAB00B\chunk_20260701-1730-SIDDHIGUPTAB00B\events.jsonl,1155,20260701-1730-SIDDHIGUPTAB00B,scr_smart_1782927778305_monitor_1_post.jpg | screenshots/scr_smart_1782927778305_monitor_1_post.jpg,True
ses_20260701-173246-SIDDHIGUPTAB00B,8,2026-07-01T17:42:58.100Z,2026-07-01T17:43:06.100Z,2026-07-01T17:42:58.836000+00:00,evt_a0d41c70-df63-49cf-b475-7b2ac1ead0a1,C:\Users\Gaurav Rathod\Downloads\automation-proposal\raw_data\dataset-downloads\dataset_b-20260908T164438Z-1-001\dataset_b\ses_20260701-173246-SIDDHIGUPTAB00B\chunk_20260701-1730-SIDDHIGUPTAB00B\events.jsonl,1156,20260701-1730-SIDDHIGUPTAB00B,scr_smart_1782927778836_monitor_1_post.jpg | screenshots/scr_smart_1782927778836_monitor_1_post.jpg,True
ses_20260701-173246-SIDDHIGUPTAB00B,8,2026-07-01T17:42:58.100Z,2026-07-01T17:43:06.100Z,2026-07-01T17:43:02.345000+00:00,evt_a95dc4ef-bcc1-4a66-91e5-c4096c63a17d,C:\Users\Gaurav Rathod\Downloads\automation-proposal\raw_data\dataset-downloads\dataset_b-20260908T164438Z-1-001\dataset_b\ses_20260701-173246-SIDDHIGUPTAB00B\chunk_20260701-1730-SIDDHIGUPTAB00B\events.jsonl,1160,20260701-1730-SIDDHIGUPTAB00B,scr_smart_1782927782345_monitor_1_post.jpg | screenshots/scr_smart_1782927782345_monitor_1_post.jpg,True
ses_20260701-173246-SIDDHIGUPTAB00B,8,2026-07-01T17:42:58.100Z,2026-07-01T17:43:06.100Z,2026-07-01T17:43:03.774000+00:00,evt_37a3a6fa-56f9-4f40-9e87-4e1ec020892a,C:\Users\Gaurav Rathod\Downloads\automation-proposal\raw_data\dataset-downloads\dataset_b-20260908T164438Z-1-001\dataset_b\ses_20260701-173246-SIDDHIGUPTAB00B\chunk_20260701-1730-SIDDHIGUPTAB00B\events.jsonl,1163,20260701-1730-SIDDHIGUPTAB00B,scr_smart_1782927783774_monitor_1_post.jpg | screenshots/scr_smart_1782927783774_monitor_1_post.jpg,True
ses_20260701-173246-SIDDHIGUPTAB00B,8,2026-07-01T17:42:58.100Z,2026-07-01T17:43:06.100Z,2026-07-01T17:43:04.807000+00:00,evt_400a1ac5-a98f-451f-9c59-513c5305b5e2,C:\Users\Gaurav Rathod\Downloads\automation-proposal\raw_data\dataset-downloads\dataset_b-20260908T164438Z-1-001\dataset_b\ses_20260701-173246-SIDDHIGUPTAB00B\chunk_20260701-1730-SIDDHIGUPTAB00B\events.jsonl,1170,20260701-1730-SIDDHIGUPTAB00B,scr_smart_1782927784807_monitor_1_post.jpg | screenshots/scr_smart_1782927784807_monitor_1_post.jpg,True
ses_20260701-173246-SIDDHIGUPTAB00B,9,2026-07-01T17:43:06.100Z,2026-07-01T17:43:16.100Z,2026-07-01T17:43:07.018000+00:00,evt_050be8b1-048d-4d96-8419-418b2d87d1d1,C:\Users\Gaurav Rathod\Downloads\automation-proposal\raw_data\dataset-downloads\dataset_b-20260908T164438Z-1-001\dataset_b\ses_20260701-173246-SIDDHIGUPTAB00B\chunk_20260701-1730-SIDDHIGUPTAB00B\events.jsonl,1173,20260701-1730-SIDDHIGUPTAB00B,scr_smart_1782927787018_monitor_1_post.jpg | screenshots/scr_smart_1782927787018_monitor_1_post.jpg,True
ses_20260701-173246-SIDDHIGUPTAB00B,9,2026-07-01T17:43:06.100Z,2026-07-01T17:43:16.100Z,2026-07-01T17:43:12.224000+00:00,evt_9367ca83-fea8-4260-a30f-c04334d74ff1,C:\Users\Gaurav Rathod\Downloads\automation-proposal\raw_data\dataset-downloads\dataset_b-20260908T164438Z-1-001\dataset_b\ses_20260701-173246-SIDDHIGUPTAB00B\chunk_20260701-1730-SIDDHIGUPTAB00B\events.jsonl,1178,20260701-1730-SIDDHIGUPTAB00B,scr_smart_1782927792224_monitor_1_post.jpg | screenshots/scr_smart_1782927792224_monitor_1_post.jpg,True
ses_20260701-173246-SIDDHIGUPTAB00B,9,2026-07-01T17:43:06.100Z,2026-07-01T17:43:16.100Z,2026-07-01T17:43:12.900000+00:00,evt_588bd4a8-3dd7-4c28-8174-3ea1798b4953,C:\Users\Gaurav Rathod\Downloads\automation-proposal\raw_data\dataset-downloads\dataset_b-20260908T164438Z-1-001\dataset_b\ses_20260701-173246-SIDDHIGUPTAB00B\chunk_20260701-1730-SIDDHIGUPTAB00B\events.jsonl,1179,20260701-1730-SIDDHIGUPTAB00B,scr_smart_1782927792900_monitor_1_post.jpg | screenshots/scr_smart_1782927792900_monitor_1_post.jpg,True
ses_20260701-173642-NEELA9BAF,1,2026-07-01T17:37:32.813Z,2026-07-01T17:37:48.813Z,2026-07-01T17:37:36.414000+00:00,evt_bb106388-e252-4ad1-83bb-54a555153516,C:\Users\Gaurav Rathod\Downloads\automation-proposal\raw_data\dataset-downloads\dataset_b-20260908T164438Z-1-001\dataset_b\ses_20260701-173642-NEELA9BAF\chunk_20260701-1730-NEELA9BAF\events.jsonl,119,20260701-1730-NEELA9BAF,scr_smart_1782927456414_monitor_1_post.jpg | screenshots/scr_smart_1782927456414_monitor_1_post.jpg,True
ses_20260701-173642-NEELA9BAF,1,2026-07-01T17:37:32.813Z,2026-07-01T17:37:48.813Z,2026-07-01T17:37:37.911000+00:00,evt_859e02a8-0f79-459e-8929-9752f9477292,C:\Users\Gaurav Rathod\Downloads\automation-proposal\raw_data\dataset-downloads\dataset_b-20260908T164438Z-1-001\dataset_b\ses_20260701-173642-NEELA9BAF\chunk_20260701-1730-NEELA9BAF\events.jsonl,121,20260701-1730-NEELA9BAF,scr_smart_1782927457911_monitor_1_post.jpg | screenshots/scr_smart_1782927457911_monitor_1_post.jpg,True
ses_20260701-173642-NEELA9BAF,1,2026-07-01T17:37:32.813Z,2026-07-01T17:37:48.813Z,2026-07-01T17:37:39.326000+00:00,evt_09dbcec0-de76-48e2-b63d-ddb7f7bc4ad1,C:\Users\Gaurav Rathod\Downloads\automation-proposal\raw_data\dataset-downloads\dataset_b-20260908T164438Z-1-001\dataset_b\ses_20260701-173642-NEELA9BAF\chunk_20260701-1730-NEELA9BAF\events.jsonl,125,20260701-1730-NEELA9BAF,scr_smart_1782927459326_monitor_1_post.jpg | screenshots/scr_smart_1782927459326_monitor_1_post.jpg,True
ses_20260701-173642-NEELA9BAF,1,2026-07-01T17:37:32.813Z,2026-07-01T17:37:48.813Z,2026-07-01T17:37:40.315000+00:00,evt_84e5f157-b6d7-4dcb-8ff0-d4899e7897d0,C:\Users\Gaurav Rathod\Downloads\automation-proposal\raw_data\dataset-downloads\dataset_b-20260908T164438Z-1-001\dataset_b\ses_20260701-173642-NEELA9BAF\chunk_20260701-1730-NEELA9BAF\events.jsonl,132,20260701-1730-NEELA9BAF,scr_smart_1782927460315_monitor_1_post.jpg | screenshots/scr_smart_1782927460315_monitor_1_post.jpg,True
ses_20260701-173642-NEELA9BAF,1,2026-07-01T17:37:32.813Z,2026-07-01T17:37:48.813Z,2026-07-01T17:37:42.696000+00:00,evt_5c4fd041-14e7-42f5-a1b1-d5d03dd75e69,C:\Users\Gaurav Rathod\Downloads\automation-proposal\raw_data\dataset-downloads\dataset_b-20260908T164438Z-1-001\dataset_b\ses_20260701-173642-NEELA9BAF\chunk_20260701-1730-NEELA9BAF\events.jsonl,135,20260701-1730-NEELA9BAF,scr_smart_1782927462696_monitor_1_post.jpg | screenshots/scr_smart_1782927462696_monitor_1_post.jpg,True
ses_20260701-173642-NEELA9BAF,1,2026-07-01T17:37:32.813Z,2026-07-01T17:37:48.813Z,2026-07-01T17:37:46.599000+00:00,evt_aa37e0cc-1872-4e79-bd42-52a861960de5,C:\Users\Gaurav Rathod\Downloads\automation-proposal\raw_data\dataset-downloads\dataset_b-20260908T164438Z-1-001\dataset_b\ses_20260701-173642-NEELA9BAF\chunk_20260701-1730-NEELA9BAF\events.jsonl,139,20260701-1730-NEELA9BAF,scr_smart_1782927466599_monitor_1_post.jpg | screenshots/scr_smart_1782927466599_monitor_1_post.jpg,True
ses_20260701-173642-NEELA9BAF,1,2026-07-01T17:37:32.813Z,2026-07-01T17:37:48.813Z,2026-07-01T17:37:47.721000+00:00,evt_2fa3235d-ed8c-4c9f-a00c-0786a789ac50,C:\Users\Gaurav Rathod\Downloads\automation-proposal\raw_data\dataset-downloads\dataset_b-20260908T164438Z-1-001\dataset_b\ses_20260701-173642-NEELA9BAF\chunk_20260701-1730-NEELA9BAF\events.jsonl,142,20260701-1730-NEELA9BAF,scr_smart_1782927467721_monitor_1_post.jpg | screenshots/scr_smart_1782927467721_monitor_1_post.jpg,True
ses_20260701-173642-NEELA9BAF,1,2026-07-01T17:37:32.813Z,2026-07-01T17:37:48.813Z,2026-07-01T17:37:48.330000+00:00,evt_f0571db4-4b43-49cc-bee1-c1304bf3bd02,C:\Users\Gaurav Rathod\Downloads\automation-proposal\raw_data\dataset-downloads\dataset_b-20260908T164438Z-1-001\dataset_b\ses_20260701-173642-NEELA9BAF\chunk_20260701-1730-NEELA9BAF\events.jsonl,144,20260701-1730-NEELA9BAF,scr_smart_1782927468330_monitor_1_post.jpg | screenshots/scr_smart_1782927468330_monitor_1_post.jpg,True
ses_20260701-173642-NEELA9BAF,1,2026-07-01T17:37:32.813Z,2026-07-01T17:37:48.813Z,2026-07-01T17:37:48.812000+00:00,evt_a6966461-1d0a-415a-a651-8088c1b970da,C:\Users\Gaurav Rathod\Downloads\automation-proposal\raw_data\dataset-downloads\dataset_b-20260908T164438Z-1-001\dataset_b\ses_20260701-173642-NEELA9BAF\chunk_20260701-1730-NEELA9BAF\events.jsonl,150,20260701-1730-NEELA9BAF,scr_smart_1782927468812_monitor_1_post.jpg | screenshots/scr_smart_1782927468812_monitor_1_post.jpg,True
ses_20260701-173642-NEELA9BAF,2,2026-07-01T17:37:48.813Z,2026-07-01T17:38:06.813Z,2026-07-01T17:37:51.091000+00:00,evt_46bab8c3-db89-4e70-9631-73b6441d55cb,C:\Users\Gaurav Rathod\Downloads\automation-proposal\raw_data\dataset-downloads\dataset_b-20260908T164438Z-1-001\dataset_b\ses_20260701-173642-NEELA9BAF\chunk_20260701-1730-NEELA9BAF\events.jsonl,153,20260701-1730-NEELA9BAF,scr_smart_1782927471091_monitor_1_post.jpg | screenshots/scr_smart_1782927471091_monitor_1_post.jpg,True
ses_20260701-173642-NEELA9BAF,2,2026-07-01T17:37:48.813Z,2026-07-01T17:38:06.813Z,2026-07-01T17:37:52.804000+00:00,evt_f26f61af-d3bf-4253-bd30-7b80db919924,C:\Users\Gaurav Rathod\Downloads\automation-proposal\raw_data\dataset-downloads\dataset_b-20260908T164438Z-1-001\dataset_b\ses_20260701-173642-NEELA9BAF\chunk_20260701-1730-NEELA9BAF\events.jsonl,156,20260701-1730-NEELA9BAF,scr_smart_1782927472804_monitor_1_post.jpg | screenshots/scr_smart_1782927472804_monitor_1_post.jpg,True
ses_20260701-173642-NEELA9BAF,2,2026-07-01T17:37:48.813Z,2026-07-01T17:38:06.813Z,2026-07-01T17:37:53.385000+00:00,evt_63b35daf-6b12-41ee-9034-21eb71f41c7d,C:\Users\Gaurav Rathod\Downloads\automation-proposal\raw_data\dataset-downloads\dataset_b-20260908T164438Z-1-001\dataset_b\ses_20260701-173642-NEELA9BAF\chunk_20260701-1730-NEELA9BAF\events.jsonl,164,20260701-1730-NEELA9BAF,scr_smart_1782927473385_monitor_1_post.jpg | screenshots/scr_smart_1782927473385_monitor_1_post.jpg,True
ses_20260701-173642-NEELA9BAF,2,2026-07-01T17:37:48.813Z,2026-07-01T17:38:06.813Z,2026-07-01T17:38:01.139000+00:00,evt_2efbba14-e650-4bd6-ba47-a5cf9c8fe698,C:\Users\Gaurav Rathod\Downloads\automation-proposal\raw_data\dataset-downloads\dataset_b-20260908T164438Z-1-001\dataset_b\ses_20260701-173642-NEELA9BAF\chunk_20260701-1730-NEELA9BAF\events.jsonl,166,20260701-1730-NEELA9BAF,scr_smart_1782927481139_monitor_1_post.jpg | screenshots/scr_smart_1782927481139_monitor_1_post.jpg,True
ses_20260701-173642-NEELA9BAF,2,2026-07-01T17:37:48.813Z,2026-07-01T17:38:06.813Z,2026-07-01T17:38:02.239000+00:00,evt_7213507b-007b-4135-ad76-a71aa66b1249,C:\Users\Gaurav Rathod\Downloads\automation-proposal\raw_data\dataset-downloads\dataset_b-20260908T164438Z-1-001\dataset_b\ses_20260701-173642-NEELA9BAF\chunk_20260701-1730-NEELA9BAF\events.jsonl,169,20260701-1730-NEELA9BAF,scr_smart_1782927482239_monitor_1_post.jpg | screenshots/scr_smart_1782927482239_monitor_1_post.jpg,True
ses_20260701-173642-NEELA9BAF,2,2026-07-01T17:37:48.813Z,2026-07-01T17:38:06.813Z,2026-07-01T17:38:02.737000+00:00,evt_b4f17717-17b8-40ff-8048-efccef55905b,C:\Users\Gaurav Rathod\Downloads\automation-proposal\raw_data\dataset-downloads\dataset_b-20260908T164438Z-1-001\dataset_b\ses_20260701-173642-NEELA9BAF\chunk_20260701-1730-NEELA9BAF\events.jsonl,171,20260701-1730-NEELA9BAF,scr_smart_1782927482737_monitor_1_post.jpg | screenshots/scr_smart_1782927482737_monitor_1_post.jpg,True
ses_20260701-173642-NEELA9BAF,2,2026-07-01T17:37:48.813Z,2026-07-01T17:38:06.813Z,2026-07-01T17:38:03.225000+00:00,evt_5d7e3398-1588-469a-a6a8-664c906e5c1b,C:\Users\Gaurav Rathod\Downloads\automation-proposal\raw_data\dataset-downloads\dataset_b-20260908T164438Z-1-001\dataset_b\ses_20260701-173642-NEELA9BAF\chunk_20260701-1730-NEELA9BAF\events.jsonl,177,20260701-1730-NEELA9BAF,scr_smart_1782927483225_monitor_1_post.jpg | screenshots/scr_smart_1782927483225_monitor_1_post.jpg,True
ses_20260701-173642-NEELA9BAF,2,2026-07-01T17:37:48.813Z,2026-07-01T17:38:06.813Z,2026-07-01T17:38:05.517000+00:00,evt_44f4bc3c-5d31-4f89-bed4-65ec43ec89be,C:\Users\Gaurav Rathod\Downloads\automation-proposal\raw_data\dataset-downloads\dataset_b-20260908T164438Z-1-001\dataset_b\ses_20260701-173642-NEELA9BAF\chunk_20260701-1730-NEELA9BAF\events.jsonl,180,20260701-1730-NEELA9BAF,scr_smart_1782927485517_monitor_1_post.jpg | screenshots/scr_smart_1782927485517_monitor_1_post.jpg,True
ses_20260701-173642-NEELA9BAF,3,2026-07-01T17:38:06.813Z,2026-07-01T17:38:14.813Z,2026-07-01T17:38:07.428000+00:00,evt_cc8d8cf6-e299-49c0-a285-944d70102830,C:\Users\Gaurav Rathod\Downloads\automation-proposal\raw_data\dataset-downloads\dataset_b-20260908T164438Z-1-001\dataset_b\ses_20260701-173642-NEELA9BAF\chunk_20260701-1730-NEELA9BAF\events.jsonl,183,20260701-1730-NEELA9BAF,scr_smart_1782927487428_monitor_1_post.jpg | screenshots/scr_smart_1782927487428_monitor_1_post.jpg,True
ses_20260701-173642-NEELA9BAF,3,2026-07-01T17:38:06.813Z,2026-07-01T17:38:14.813Z,2026-07-01T17:38:07.905000+00:00,evt_e2e0b173-d343-42ed-96d5-65172d35a7ea,C:\Users\Gaurav Rathod\Downloads\automation-proposal\raw_data\dataset-downloads\dataset_b-20260908T164438Z-1-001\dataset_b\ses_20260701-173642-NEELA9BAF\chunk_20260701-1730-NEELA9BAF\events.jsonl,191,20260701-1730-NEELA9BAF,scr_smart_1782927487905_monitor_1_post.jpg | screenshots/scr_smart_1782927487905_monitor_1_post.jpg,True
ses_20260701-173642-NEELA9BAF,3,2026-07-01T17:38:06.813Z,2026-07-01T17:38:14.813Z,2026-07-01T17:38:10.902000+00:00,evt_4d0b3893-a786-4209-9a15-b1d08fd32284,C:\Users\Gaurav Rathod\Downloads\automation-proposal\raw_data\dataset-downloads\dataset_b-20260908T164438Z-1-001\dataset_b\ses_20260701-173642-NEELA9BAF\chunk_20260701-1730-NEELA9BAF\events.jsonl,193,20260701-1730-NEELA9BAF,scr_smart_1782927490902_monitor_1_post.jpg | screenshots/scr_smart_1782927490902_monitor_1_post.jpg,True
ses_20260701-173642-NEELA9BAF,3,2026-07-01T17:38:06.813Z,2026-07-01T17:38:14.813Z,2026-07-01T17:38:11.411000+00:00,evt_21333fc5-8b29-40c7-b066-970445b6afc2,C:\Users\Gaurav Rathod\Downloads\automation-proposal\raw_data\dataset-downloads\dataset_b-20260908T164438Z-1-001\dataset_b\ses_20260701-173642-NEELA9BAF\chunk_20260701-1730-NEELA9BAF\events.jsonl,195,20260701-1730-NEELA9BAF,scr_smart_1782927491411_monitor_1_post.jpg | screenshots/scr_smart_1782927491411_monitor_1_post.jpg,True
ses_20260701-173642-NEELA9BAF,3,2026-07-01T17:38:06.813Z,2026-07-01T17:38:14.813Z,2026-07-01T17:38:12.795000+00:00,evt_d0a22e8b-37d3-45c0-bb9d-00cac078c2f3,C:\Users\Gaurav Rathod\Downloads\automation-proposal\raw_data\dataset-downloads\dataset_b-20260908T164438Z-1-001\dataset_b\ses_20260701-173642-NEELA9BAF\chunk_20260701-1730-NEELA9BAF\events.jsonl,198,20260701-1730-NEELA9BAF,scr_smart_1782927492795_monitor_1_post.jpg | screenshots/scr_smart_1782927492795_monitor_1_post.jpg,True
ses_20260701-173642-NEELA9BAF,3,2026-07-01T17:38:06.813Z,2026-07-01T17:38:14.813Z,2026-07-01T17:38:13.685000+00:00,evt_43d689c4-5cf4-4470-9023-05d535c496bc,C:\Users\Gaurav Rathod\Downloads\automation-proposal\raw_data\dataset-downloads\dataset_b-20260908T164438Z-1-001\dataset_b\ses_20260701-173642-NEELA9BAF\chunk_20260701-1730-NEELA9BAF\events.jsonl,205,20260701-1730-NEELA9BAF,scr_smart_1782927493685_monitor_1_post.jpg | screenshots/scr_smart_1782927493685_monitor_1_post.jpg,True
ses_20260701-173642-NEELA9BAF,4,2026-07-01T17:38:14.813Z,2026-07-01T17:38:26.813Z,2026-07-01T17:38:15.673000+00:00,evt_2ebc2c7a-37c5-4534-9857-2e0c90f7315c,C:\Users\Gaurav Rathod\Downloads\automation-proposal\raw_data\dataset-downloads\dataset_b-20260908T164438Z-1-001\dataset_b\ses_20260701-173642-NEELA9BAF\chunk_20260701-1730-NEELA9BAF\events.jsonl,208,20260701-1730-NEELA9BAF,scr_smart_1782927495673_monitor_1_post.jpg | screenshots/scr_smart_1782927495673_monitor_1_post.jpg,True
ses_20260701-173642-NEELA9BAF,4,2026-07-01T17:38:14.813Z,2026-07-01T17:38:26.813Z,2026-07-01T17:38:17.362000+00:00,evt_22522cf6-4796-4572-9b67-936857de94d4,C:\Users\Gaurav Rathod\Downloads\automation-proposal\raw_data\dataset-downloads\dataset_b-20260908T164438Z-1-001\dataset_b\ses_20260701-173642-NEELA9BAF\chunk_20260701-1730-NEELA9BAF\events.jsonl,211,20260701-1730-NEELA9BAF,scr_smart_1782927497362_monitor_1_post.jpg | screenshots/scr_smart_1782927497362_monitor_1_post.jpg,True
ses_20260701-173642-NEELA9BAF,4,2026-07-01T17:38:14.813Z,2026-07-01T17:38:26.813Z,2026-07-01T17:38:17.939000+00:00,evt_38e82a8e-fc28-42d9-bc18-4a56099bdc21,C:\Users\Gaurav Rathod\Downloads\automation-proposal\raw_data\dataset-downloads\dataset_b-20260908T164438Z-1-001\dataset_b\ses_20260701-173642-NEELA9BAF\chunk_20260701-1730-NEELA9BAF\events.jsonl,219,20260701-1730-NEELA9BAF,scr_smart_1782927497939_monitor_1_post.jpg | screenshots/scr_smart_1782927497939_monitor_1_post.jpg,True
ses_20260701-173642-NEELA9BAF,4,2026-07-01T17:38:14.813Z,2026-07-01T17:38:26.813Z,2026-07-01T17:38:22.256000+00:00,evt_e4ae1661-1f4b-4b34-bfee-b6f7120342b5,C:\Users\Gaurav Rathod\Downloads\automation-proposal\raw_data\dataset-downloads\dataset_b-20260908T164438Z-1-001\dataset_b\ses_20260701-173642-NEELA9BAF\chunk_20260701-1730-NEELA9BAF\events.jsonl,221,20260701-1730-NEELA9BAF,scr_smart_1782927502256_monitor_1_post.jpg | screenshots/scr_smart_1782927502256_monitor_1_post.jpg,True
ses_20260701-173642-NEELA9BAF,4,2026-07-01T17:38:14.813Z,2026-07-01T17:38:26.813Z,2026-07-01T17:38:24.463000+00:00,evt_f1360f26-e6cf-4083-b5dc-3c0a758a7341,C:\Users\Gaurav Rathod\Downloads\automation-proposal\raw_data\dataset-downloads\dataset_b-20260908T164438Z-1-001\dataset_b\ses_20260701-173642-NEELA9BAF\chunk_20260701-1730-NEELA9BAF\events.jsonl,223,20260701-1730-NEELA9BAF,scr_smart_1782927504463_monitor_1_post.jpg | screenshots/scr_smart_1782927504463_monitor_1_post.jpg,True
ses_20260701-173642-NEELA9BAF,4,2026-07-01T17:38:14.813Z,2026-07-01T17:38:26.813Z,2026-07-01T17:38:26.275000+00:00,evt_365c30b8-4544-4d22-a517-5eeda369a1a0,C:\Users\Gaurav Rathod\Downloads\automation-proposal\raw_data\dataset-downloads\dataset_b-20260908T164438Z-1-001\dataset_b\ses_20260701-173642-NEELA9BAF\chunk_20260701-1730-NEELA9BAF\events.jsonl,229,20260701-1730-NEELA9BAF,scr_smart_1782927506275_monitor_1_post.jpg | screenshots/scr_smart_1782927506275_monitor_1_post.jpg,True
ses_20260701-173642-NEELA9BAF,5,2026-07-01T17:38:54.813Z,2026-07-01T17:39:10.813Z,2026-07-01T17:38:56.027000+00:00,evt_0faa979f-b6f1-4b65-8b59-9a6cd81cd87b,C:\Users\Gaurav Rathod\Downloads\automation-proposal\raw_data\dataset-downloads\dataset_b-20260908T164438Z-1-001\dataset_b\ses_20260701-173642-NEELA9BAF\chunk_20260701-1730-NEELA9BAF\events.jsonl,278,20260701-1730-NEELA9BAF,scr_smart_1782927536027_monitor_1_post.jpg | screenshots/scr_smart_1782927536027_monitor_1_post.jpg,True
ses_20260701-173642-NEELA9BAF,5,2026-07-01T17:38:54.813Z,2026-07-01T17:39:10.813Z,2026-07-01T17:39:06.278000+00:00,evt_a707d443-3861-4c8e-8069-0a2d0f286719,C:\Users\Gaurav Rathod\Downloads\automation-proposal\raw_data\dataset-downloads\dataset_b-20260908T164438Z-1-001\dataset_b\ses_20260701-173642-NEELA9BAF\chunk_20260701-1730-NEELA9BAF\events.jsonl,281,20260701-1730-NEELA9BAF,scr_smart_1782927546278_monitor_1_post.jpg | screenshots/scr_smart_1782927546278_monitor_1_post.jpg,True
ses_20260701-173642-NEELA9BAF,5,2026-07-01T17:38:54.813Z,2026-07-01T17:39:10.813Z,2026-07-01T17:39:06.780000+00:00,evt_b9e5fd93-949c-4901-9ce0-92cff01ce166,C:\Users\Gaurav Rathod\Downloads\automation-proposal\raw_data\dataset-downloads\dataset_b-20260908T164438Z-1-001\dataset_b\ses_20260701-173642-NEELA9BAF\chunk_20260701-1730-NEELA9BAF\events.jsonl,283,20260701-1730-NEELA9BAF,scr_smart_1782927546780_monitor_1_post.jpg | screenshots/scr_smart_1782927546780_monitor_1_post.jpg,True
ses_20260701-173642-NEELA9BAF,5,2026-07-01T17:38:54.813Z,2026-07-01T17:39:10.813Z,2026-07-01T17:39:08.169000+00:00,evt_8a9c5f4f-a441-4310-bfc3-38b054aa5814,C:\Users\Gaurav Rathod\Downloads\automation-proposal\raw_data\dataset-downloads\dataset_b-20260908T164438Z-1-001\dataset_b\ses_20260701-173642-NEELA9BAF\chunk_20260701-1730-NEELA9BAF\events.jsonl,286,20260701-1730-NEELA9BAF,scr_smart_1782927548169_monitor_1_post.jpg | screenshots/scr_smart_1782927548169_monitor_1_post.jpg,True
ses_20260701-173642-NEELA9BAF,5,2026-07-01T17:38:54.813Z,2026-07-01T17:39:10.813Z,2026-07-01T17:39:08.668000+00:00,evt_68f73fba-680a-4901-8d71-da9396272d11,C:\Users\Gaurav Rathod\Downloads\automation-proposal\raw_data\dataset-downloads\dataset_b-20260908T164438Z-1-001\dataset_b\ses_20260701-173642-NEELA9BAF\chunk_20260701-1730-NEELA9BAF\events.jsonl,288,20260701-1730-NEELA9BAF,scr_smart_1782927548668_monitor_1_post.jpg | screenshots/scr_smart_1782927548668_monitor_1_post.jpg,True
ses_20260701-173642-NEELA9BAF,5,2026-07-01T17:38:54.813Z,2026-07-01T17:39:10.813Z,2026-07-01T17:39:09.156000+00:00,evt_1a647575-5030-4087-9ebc-8ac3016a0f3e,C:\Users\Gaurav Rathod\Downloads\automation-proposal\raw_data\dataset-downloads\dataset_b-20260908T164438Z-1-001\dataset_b\ses_20260701-173642-NEELA9BAF\chunk_20260701-1730-NEELA9BAF\events.jsonl,294,20260701-1730-NEELA9BAF,scr_smart_1782927549156_monitor_1_post.jpg | screenshots/scr_smart_1782927549156_monitor_1_post.jpg,True
ses_20260701-173642-NEELA9BAF,6,2026-07-01T17:39:10.813Z,2026-07-01T17:39:14.813Z,2026-07-01T17:39:11.442000+00:00,evt_0a542c4a-7b54-4352-8c15-d06351c0c74e,C:\Users\Gaurav Rathod\Downloads\automation-proposal\raw_data\dataset-downloads\dataset_b-20260908T164438Z-1-001\dataset_b\ses_20260701-173642-NEELA9BAF\chunk_20260701-1730-NEELA9BAF\events.jsonl,297,20260701-1730-NEELA9BAF,scr_smart_1782927551442_monitor_1_post.jpg | screenshots/scr_smart_1782927551442_monitor_1_post.jpg,True
ses_20260701-173642-NEELA9BAF,7,2026-07-01T17:39:14.813Z,2026-07-01T17:39:24.813Z,2026-07-01T17:39:18.982000+00:00,evt_bd32da23-a23c-43ce-87fb-0d4e76e6f6ce,C:\Users\Gaurav Rathod\Downloads\automation-proposal\raw_data\dataset-downloads\dataset_b-20260908T164438Z-1-001\dataset_b\ses_20260701-173642-NEELA9BAF\chunk_20260701-1730-NEELA9BAF\events.jsonl,301,20260701-1730-NEELA9BAF,scr_smart_1782927558982_monitor_1_post.jpg | screenshots/scr_smart_1782927558982_monitor_1_post.jpg,True
ses_20260701-173642-NEELA9BAF,7,2026-07-01T17:39:14.813Z,2026-07-01T17:39:24.813Z,2026-07-01T17:39:20.378000+00:00,evt_ecefbf0e-9fd2-4f4b-91ed-e5a2232448c3,C:\Users\Gaurav Rathod\Downloads\automation-proposal\raw_data\dataset-downloads\dataset_b-20260908T164438Z-1-001\dataset_b\ses_20260701-173642-NEELA9BAF\chunk_20260701-1730-NEELA9BAF\events.jsonl,304,20260701-1730-NEELA9BAF,scr_smart_1782927560378_monitor_1_post.jpg | screenshots/scr_smart_1782927560378_monitor_1_post.jpg,True
ses_20260701-173642-NEELA9BAF,7,2026-07-01T17:39:14.813Z,2026-07-01T17:39:24.813Z,2026-07-01T17:39:20.997000+00:00,evt_96b7c72d-4932-4d5b-82e3-0ab13f1cdf17,C:\Users\Gaurav Rathod\Downloads\automation-proposal\raw_data\dataset-downloads\dataset_b-20260908T164438Z-1-001\dataset_b\ses_20260701-173642-NEELA9BAF\chunk_20260701-1730-NEELA9BAF\events.jsonl,306,20260701-1730-NEELA9BAF,scr_smart_1782927560997_monitor_1_post.jpg | screenshots/scr_smart_1782927560997_monitor_1_post.jpg,True
ses_20260701-173642-NEELA9BAF,7,2026-07-01T17:39:14.813Z,2026-07-01T17:39:24.813Z,2026-07-01T17:39:21.490000+00:00,evt_a5c22ebc-b6d7-484f-88b0-4e57773d6be1,C:\Users\Gaurav Rathod\Downloads\automation-proposal\raw_data\dataset-downloads\dataset_b-20260908T164438Z-1-001\dataset_b\ses_20260701-173642-NEELA9BAF\chunk_20260701-1730-NEELA9BAF\events.jsonl,312,20260701-1730-NEELA9BAF,scr_smart_1782927561490_monitor_1_post.jpg | screenshots/scr_smart_1782927561490_monitor_1_post.jpg,True
ses_20260701-173642-NEELA9BAF,7,2026-07-01T17:39:14.813Z,2026-07-01T17:39:24.813Z,2026-07-01T17:39:23.981000+00:00,evt_c1d78014-7b24-49cf-ba87-e565a35cf558,C:\Users\Gaurav Rathod\Downloads\automation-proposal\raw_data\dataset-downloads\dataset_b-20260908T164438Z-1-001\dataset_b\ses_20260701-173642-NEELA9BAF\chunk_20260701-1730-NEELA9BAF\events.jsonl,315,20260701-1730-NEELA9BAF,scr_smart_1782927563981_monitor_1_post.jpg | screenshots/scr_smart_1782927563981_monitor_1_post.jpg,True
ses_20260701-173642-NEELA9BAF,8,2026-07-01T17:39:24.813Z,2026-07-01T17:39:32.813Z,2026-07-01T17:39:25.667000+00:00,evt_cd42cbe0-59df-454a-94ac-84bc4c8074f6,C:\Users\Gaurav Rathod\Downloads\automation-proposal\raw_data\dataset-downloads\dataset_b-20260908T164438Z-1-001\dataset_b\ses_20260701-173642-NEELA9BAF\chunk_20260701-1730-NEELA9BAF\events.jsonl,321,20260701-1730-NEELA9BAF,scr_smart_1782927565667_monitor_1_post.jpg | screenshots/scr_smart_1782927565667_monitor_1_post.jpg,True
ses_20260701-173642-NEELA9BAF,8,2026-07-01T17:39:24.813Z,2026-07-01T17:39:32.813Z,2026-07-01T17:39:29.178000+00:00,evt_cc3918b9-9d69-4de3-86d9-4b3be56b6c4f,C:\Users\Gaurav Rathod\Downloads\automation-proposal\raw_data\dataset-downloads\dataset_b-20260908T164438Z-1-001\dataset_b\ses_20260701-173642-NEELA9BAF\chunk_20260701-1730-NEELA9BAF\events.jsonl,327,20260701-1730-NEELA9BAF,scr_smart_1782927569178_monitor_1_post.jpg | screenshots/scr_smart_1782927569178_monitor_1_post.jpg,True
ses_20260701-173642-NEELA9BAF,8,2026-07-01T17:39:24.813Z,2026-07-01T17:39:32.813Z,2026-07-01T17:39:29.777000+00:00,evt_d63e95cf-d52d-41c6-ae8d-f77c0caa9c5b,C:\Users\Gaurav Rathod\Downloads\automation-proposal\raw_data\dataset-downloads\dataset_b-20260908T164438Z-1-001\dataset_b\ses_20260701-173642-NEELA9BAF\chunk_20260701-1730-NEELA9BAF\events.jsonl,329,20260701-1730-NEELA9BAF,scr_smart_1782927569777_monitor_1_post.jpg | screenshots/scr_smart_1782927569777_monitor_1_post.jpg,True
ses_20260701-173642-NEELA9BAF,8,2026-07-01T17:39:24.813Z,2026-07-01T17:39:32.813Z,2026-07-01T17:39:30.977000+00:00,evt_465086d5-33ff-474d-ab86-2fdbec20bce5,C:\Users\Gaurav Rathod\Downloads\automation-proposal\raw_data\dataset-downloads\dataset_b-20260908T164438Z-1-001\dataset_b\ses_20260701-173642-NEELA9BAF\chunk_20260701-1730-NEELA9BAF\events.jsonl,332,20260701-1730-NEELA9BAF,scr_smart_1782927570977_monitor_1_post.jpg | screenshots/scr_smart_1782927570977_monitor_1_post.jpg,True
ses_20260701-173642-NEELA9BAF,8,2026-07-01T17:39:24.813Z,2026-07-01T17:39:32.813Z,2026-07-01T17:39:31.989000+00:00,evt_49d2493a-a1e6-4458-8833-72569de0688f,C:\Users\Gaurav Rathod\Downloads\automation-proposal\raw_data\dataset-downloads\dataset_b-20260908T164438Z-1-001\dataset_b\ses_20260701-173642-NEELA9BAF\chunk_20260701-1730-NEELA9BAF\events.jsonl,339,20260701-1730-NEELA9BAF,scr_smart_1782927571989_monitor_1_post.jpg | screenshots/scr_smart_1782927571989_monitor_1_post.jpg,True
ses_20260701-173642-NEELA9BAF,9,2026-07-01T17:39:32.813Z,2026-07-01T17:39:42.813Z,2026-07-01T17:39:34.177000+00:00,evt_c19ce368-2bb6-477c-86bc-0fcb5d38c43c,C:\Users\Gaurav Rathod\Downloads\automation-proposal\raw_data\dataset-downloads\dataset_b-20260908T164438Z-1-001\dataset_b\ses_20260701-173642-NEELA9BAF\chunk_20260701-1730-NEELA9BAF\events.jsonl,342,20260701-1730-NEELA9BAF,scr_smart_1782927574177_monitor_1_post.jpg | screenshots/scr_smart_1782927574177_monitor_1_post.jpg,True
ses_20260701-173642-NEELA9BAF,9,2026-07-01T17:39:32.813Z,2026-07-01T17:39:42.813Z,2026-07-01T17:39:36.074000+00:00,evt_a6fc41b6-b093-41ce-954d-d6ade684f7f9,C:\Users\Gaurav Rathod\Downloads\automation-proposal\raw_data\dataset-downloads\dataset_b-20260908T164438Z-1-001\dataset_b\ses_20260701-173642-NEELA9BAF\chunk_20260701-1730-NEELA9BAF\events.jsonl,345,20260701-1730-NEELA9BAF,scr_smart_1782927576074_monitor_1_post.jpg | screenshots/scr_smart_1782927576074_monitor_1_post.jpg,True
ses_20260701-173642-NEELA9BAF,9,2026-07-01T17:39:32.813Z,2026-07-01T17:39:42.813Z,2026-07-01T17:39:36.650000+00:00,evt_64274829-50e3-422c-8b8c-6ed94f52bd59,C:\Users\Gaurav Rathod\Downloads\automation-proposal\raw_data\dataset-downloads\dataset_b-20260908T164438Z-1-001\dataset_b\ses_20260701-173642-NEELA9BAF\chunk_20260701-1730-NEELA9BAF\events.jsonl,353,20260701-1730-NEELA9BAF,scr_smart_1782927576650_monitor_1_post.jpg | screenshots/scr_smart_1782927576650_monitor_1_post.jpg,True
ses_20260701-173642-NEELA9BAF,9,2026-07-01T17:39:32.813Z,2026-07-01T17:39:42.813Z,2026-07-01T17:39:40.444000+00:00,evt_df584fe3-3b7f-4f10-8e36-4b6764ad28f5,C:\Users\Gaurav Rathod\Downloads\automation-proposal\raw_data\dataset-downloads\dataset_b-20260908T164438Z-1-001\dataset_b\ses_20260701-173642-NEELA9BAF\chunk_20260701-1730-NEELA9BAF\events.jsonl,355,20260701-1730-NEELA9BAF,scr_smart_1782927580444_monitor_1_post.jpg | screenshots/scr_smart_1782927580444_monitor_1_post.jpg,True
ses_20260701-173642-NEELA9BAF,9,2026-07-01T17:39:32.813Z,2026-07-01T17:39:42.813Z,2026-07-01T17:39:41.752000+00:00,evt_b79db871-2b19-46df-b56b-3979d7982580,C:\Users\Gaurav Rathod\Downloads\automation-proposal\raw_data\dataset-downloads\dataset_b-20260908T164438Z-1-001\dataset_b\ses_20260701-173642-NEELA9BAF\chunk_20260701-1730-NEELA9BAF\events.jsonl,358,20260701-1730-NEELA9BAF,scr_smart_1782927581752_monitor_1_post.jpg | screenshots/scr_smart_1782927581752_monitor_1_post.jpg,True
ses_20260701-173642-NEELA9BAF,9,2026-07-01T17:39:32.813Z,2026-07-01T17:39:42.813Z,2026-07-01T17:39:42.757000+00:00,evt_2c8dff1a-efa0-4c70-98b0-abf5ca3b4e58,C:\Users\Gaurav Rathod\Downloads\automation-proposal\raw_data\dataset-downloads\dataset_b-20260908T164438Z-1-001\dataset_b\ses_20260701-173642-NEELA9BAF\chunk_20260701-1730-NEELA9BAF\events.jsonl,365,20260701-1730-NEELA9BAF,scr_smart_1782927582757_monitor_1_post.jpg | screenshots/scr_smart_1782927582757_monitor_1_post.jpg,True
ses_20260701-173642-NEELA9BAF,10,2026-07-01T17:40:46.813Z,2026-07-01T17:41:02.813Z,2026-07-01T17:40:48.960000+00:00,evt_2d103d47-da64-478f-872e-7f641d3b7347,C:\Users\Gaurav Rathod\Downloads\automation-proposal\raw_data\dataset-downloads\dataset_b-20260908T164438Z-1-001\dataset_b\ses_20260701-173642-NEELA9BAF\chunk_20260701-1730-NEELA9BAF\events.jsonl,469,20260701-1730-NEELA9BAF,scr_smart_1782927648960_monitor_1_post.jpg | screenshots/scr_smart_1782927648960_monitor_1_post.jpg,True
ses_20260701-173642-NEELA9BAF,10,2026-07-01T17:40:46.813Z,2026-07-01T17:41:02.813Z,2026-07-01T17:40:50.446000+00:00,evt_3f704945-68c6-4cc7-9549-c4b03118de82,C:\Users\Gaurav Rathod\Downloads\automation-proposal\raw_data\dataset-downloads\dataset_b-20260908T164438Z-1-001\dataset_b\ses_20260701-173642-NEELA9BAF\chunk_20260701-1730-NEELA9BAF\events.jsonl,471,20260701-1730-NEELA9BAF,scr_smart_1782927650446_monitor_1_post.jpg | screenshots/scr_smart_1782927650446_monitor_1_post.jpg,True
ses_20260701-173642-NEELA9BAF,10,2026-07-01T17:40:46.813Z,2026-07-01T17:41:02.813Z,2026-07-01T17:40:50.963000+00:00,evt_1013b9ba-ffe4-4c28-b7fa-079c41d0e7d3,C:\Users\Gaurav Rathod\Downloads\automation-proposal\raw_data\dataset-downloads\dataset_b-20260908T164438Z-1-001\dataset_b\ses_20260701-173642-NEELA9BAF\chunk_20260701-1730-NEELA9BAF\events.jsonl,473,20260701-1730-NEELA9BAF,scr_smart_1782927650963_monitor_1_post.jpg | screenshots/scr_smart_1782927650963_monitor_1_post.jpg,True
ses_20260701-173642-NEELA9BAF,10,2026-07-01T17:40:46.813Z,2026-07-01T17:41:02.813Z,2026-07-01T17:40:52.759000+00:00,evt_75fd1034-d935-4bc4-94a3-fcc36a238b2d,C:\Users\Gaurav Rathod\Downloads\automation-proposal\raw_data\dataset-downloads\dataset_b-20260908T164438Z-1-001\dataset_b\ses_20260701-173642-NEELA9BAF\chunk_20260701-1730-NEELA9BAF\events.jsonl,480,20260701-1730-NEELA9BAF,scr_smart_1782927652759_monitor_1_post.jpg | screenshots/scr_smart_1782927652759_monitor_1_post.jpg,True
ses_20260701-173642-NEELA9BAF,10,2026-07-01T17:40:46.813Z,2026-07-01T17:41:02.813Z,2026-07-01T17:40:56.398000+00:00,evt_cf06cc22-f9fd-459d-8e8a-8db10ecc6c0a,C:\Users\Gaurav Rathod\Downloads\automation-proposal\raw_data\dataset-downloads\dataset_b-20260908T164438Z-1-001\dataset_b\ses_20260701-173642-NEELA9BAF\chunk_20260701-1730-NEELA9BAF\events.jsonl,482,20260701-1730-NEELA9BAF,scr_smart_1782927656398_monitor_1_post.jpg | screenshots/scr_smart_1782927656398_monitor_1_post.jpg,True
ses_20260701-173642-NEELA9BAF,10,2026-07-01T17:40:46.813Z,2026-07-01T17:41:02.813Z,2026-07-01T17:40:57.400000+00:00,evt_47e439c5-815a-4acd-ace4-f76059c9d186,C:\Users\Gaurav Rathod\Downloads\automation-proposal\raw_data\dataset-downloads\dataset_b-20260908T164438Z-1-001\dataset_b\ses_20260701-173642-NEELA9BAF\chunk_20260701-1730-NEELA9BAF\events.jsonl,489,20260701-1730-NEELA9BAF,scr_smart_1782927657400_monitor_1_post.jpg | screenshots/scr_smart_1782927657400_monitor_1_post.jpg,True
ses_20260701-173642-NEELA9BAF,10,2026-07-01T17:40:46.813Z,2026-07-01T17:41:02.813Z,2026-07-01T17:40:59.590000+00:00,evt_c1f173c4-1620-4c62-bbf9-bd250bb18efa,C:\Users\Gaurav Rathod\Downloads\automation-proposal\raw_data\dataset-downloads\dataset_b-20260908T164438Z-1-001\dataset_b\ses_20260701-173642-NEELA9BAF\chunk_20260701-1730-NEELA9BAF\events.jsonl,492,20260701-1730-NEELA9BAF,scr_smart_1782927659590_monitor_1_post.jpg | screenshots/scr_smart_1782927659590_monitor_1_post.jpg,True
ses_20260701-173642-NEELA9BAF,11,2026-07-01T17:41:02.813Z,2026-07-01T17:41:46.813Z,2026-07-01T17:41:03.798000+00:00,evt_efe3b768-febe-4c8c-a9a1-a6dbd783e617,C:\Users\Gaurav Rathod\Downloads\automation-proposal\raw_data\dataset-downloads\dataset_b-20260908T164438Z-1-001\dataset_b\ses_20260701-173642-NEELA9BAF\chunk_20260701-1730-NEELA9BAF\events.jsonl,496,20260701-1730-NEELA9BAF,scr_smart_1782927663798_monitor_1_post.jpg | screenshots/scr_smart_1782927663798_monitor_1_post.jpg,True
ses_20260701-173642-NEELA9BAF,11,2026-07-01T17:41:02.813Z,2026-07-01T17:41:46.813Z,2026-07-01T17:41:05.299000+00:00,evt_21b60f3e-ebc0-4fa7-bd04-87a20ba4bc27,C:\Users\Gaurav Rathod\Downloads\automation-proposal\raw_data\dataset-downloads\dataset_b-20260908T164438Z-1-001\dataset_b\ses_20260701-173642-NEELA9BAF\chunk_20260701-1730-NEELA9BAF\events.jsonl,499,20260701-1730-NEELA9BAF,scr_smart_1782927665299_monitor_1_post.jpg | screenshots/scr_smart_1782927665299_monitor_1_post.jpg,True
ses_20260701-173642-NEELA9BAF,11,2026-07-01T17:41:02.813Z,2026-07-01T17:41:46.813Z,2026-07-01T17:41:08.803000+00:00,evt_2a694d8a-441c-4d2c-85d9-59434054f965,C:\Users\Gaurav Rathod\Downloads\automation-proposal\raw_data\dataset-downloads\dataset_b-20260908T164438Z-1-001\dataset_b\ses_20260701-173642-NEELA9BAF\chunk_20260701-1730-NEELA9BAF\events.jsonl,501,20260701-1730-NEELA9BAF,scr_smart_1782927668803_monitor_1_post.jpg | screenshots/scr_smart_1782927668803_monitor_1_post.jpg,True
ses_20260701-173642-NEELA9BAF,11,2026-07-01T17:41:02.813Z,2026-07-01T17:41:46.813Z,2026-07-01T17:41:09.817000+00:00,evt_18e4bd2a-9a96-4c8f-aca3-02c9e2f2df1e,C:\Users\Gaurav Rathod\Downloads\automation-proposal\raw_data\dataset-downloads\dataset_b-20260908T164438Z-1-001\dataset_b\ses_20260701-173642-NEELA9BAF\chunk_20260701-1730-NEELA9BAF\events.jsonl,508,20260701-1730-NEELA9BAF,scr_smart_1782927669817_monitor_1_post.jpg | screenshots/scr_smart_1782927669817_monitor_1_post.jpg,True
ses_20260701-173642-NEELA9BAF,11,2026-07-01T17:41:02.813Z,2026-07-01T17:41:46.813Z,2026-07-01T17:41:12.215000+00:00,evt_f89790e7-8543-45d5-9017-fd29d4f75380,C:\Users\Gaurav Rathod\Downloads\automation-proposal\raw_data\dataset-downloads\dataset_b-20260908T164438Z-1-001\dataset_b\ses_20260701-173642-NEELA9BAF\chunk_20260701-1730-NEELA9BAF\events.jsonl,511,20260701-1730-NEELA9BAF,scr_smart_1782927672215_monitor_1_post.jpg | screenshots/scr_smart_1782927672215_monitor_1_post.jpg,True
ses_20260701-173642-NEELA9BAF,11,2026-07-01T17:41:02.813Z,2026-07-01T17:41:46.813Z,2026-07-01T17:41:18.541000+00:00,evt_5103f70e-4c6d-4541-aa77-f364ccb48056,C:\Users\Gaurav Rathod\Downloads\automation-proposal\raw_data\dataset-downloads\dataset_b-20260908T164438Z-1-001\dataset_b\ses_20260701-173642-NEELA9BAF\chunk_20260701-1730-NEELA9BAF\events.jsonl,514,20260701-1730-NEELA9BAF,scr_smart_1782927678541_monitor_1_post.jpg | screenshots/scr_smart_1782927678541_monitor_1_post.jpg,True
ses_20260701-173642-NEELA9BAF,11,2026-07-01T17:41:02.813Z,2026-07-01T17:41:46.813Z,2026-07-01T17:41:20.259000+00:00,evt_90f79a9b-48ab-4473-815c-3b9c16fe9aa9,C:\Users\Gaurav Rathod\Downloads\automation-proposal\raw_data\dataset-downloads\dataset_b-20260908T164438Z-1-001\dataset_b\ses_20260701-173642-NEELA9BAF\chunk_20260701-1730-NEELA9BAF\events.jsonl,518,20260701-1730-NEELA9BAF,scr_smart_1782927680259_monitor_1_post.jpg | screenshots/scr_smart_1782927680259_monitor_1_post.jpg,True
ses_20260701-173642-NEELA9BAF,11,2026-07-01T17:41:02.813Z,2026-07-01T17:41:46.813Z,2026-07-01T17:41:21.174000+00:00,evt_1d95913f-76ab-43ce-a191-9d9e4aaa5fc7,C:\Users\Gaurav Rathod\Downloads\automation-proposal\raw_data\dataset-downloads\dataset_b-20260908T164438Z-1-001\dataset_b\ses_20260701-173642-NEELA9BAF\chunk_20260701-1730-NEELA9BAF\events.jsonl,525,20260701-1730-NEELA9BAF,scr_smart_1782927681174_monitor_1_post.jpg | screenshots/scr_smart_1782927681174_monitor_1_post.jpg,True
ses_20260701-173642-NEELA9BAF,11,2026-07-01T17:41:02.813Z,2026-07-01T17:41:46.813Z,2026-07-01T17:41:23.577000+00:00,evt_ad698fc4-e448-4375-a32e-077ee43ee709,C:\Users\Gaurav Rathod\Downloads\automation-proposal\raw_data\dataset-downloads\dataset_b-20260908T164438Z-1-001\dataset_b\ses_20260701-173642-NEELA9BAF\chunk_20260701-1730-NEELA9BAF\events.jsonl,528,20260701-1730-NEELA9BAF,scr_smart_1782927683577_monitor_1_post.jpg | screenshots/scr_smart_1782927683577_monitor_1_post.jpg,True
ses_20260701-173642-NEELA9BAF,11,2026-07-01T17:41:02.813Z,2026-07-01T17:41:46.813Z,2026-07-01T17:41:27.489000+00:00,evt_d0edd067-f98e-495c-92a8-7a2ddc13493d,C:\Users\Gaurav Rathod\Downloads\automation-proposal\raw_data\dataset-downloads\dataset_b-20260908T164438Z-1-001\dataset_b\ses_20260701-173642-NEELA9BAF\chunk_20260701-1730-NEELA9BAF\events.jsonl,532,20260701-1730-NEELA9BAF,scr_smart_1782927687489_monitor_1_post.jpg | screenshots/scr_smart_1782927687489_monitor_1_post.jpg,True
ses_20260701-173642-NEELA9BAF,11,2026-07-01T17:41:02.813Z,2026-07-01T17:41:46.813Z,2026-07-01T17:41:28.477000+00:00,evt_e8aa12f0-5612-4eed-90c6-003417a106f5,C:\Users\Gaurav Rathod\Downloads\automation-proposal\raw_data\dataset-downloads\dataset_b-20260908T164438Z-1-001\dataset_b\ses_20260701-173642-NEELA9BAF\chunk_20260701-1730-NEELA9BAF\events.jsonl,535,20260701-1730-NEELA9BAF,scr_smart_1782927688477_monitor_1_post.jpg | screenshots/scr_smart_1782927688477_monitor_1_post.jpg,True
ses_20260701-173642-NEELA9BAF,11,2026-07-01T17:41:02.813Z,2026-07-01T17:41:46.813Z,2026-07-01T17:41:29.566000+00:00,evt_f650adae-a39f-497e-8da5-3b14604048ac,C:\Users\Gaurav Rathod\Downloads\automation-proposal\raw_data\dataset-downloads\dataset_b-20260908T164438Z-1-001\dataset_b\ses_20260701-173642-NEELA9BAF\chunk_20260701-1730-NEELA9BAF\events.jsonl,542,20260701-1730-NEELA9BAF,scr_smart_1782927689566_monitor_1_post.jpg | screenshots/scr_smart_1782927689566_monitor_1_post.jpg,True
ses_20260701-173642-NEELA9BAF,11,2026-07-01T17:41:02.813Z,2026-07-01T17:41:46.813Z,2026-07-01T17:41:31.748000+00:00,evt_ea5fde54-3d9a-4f1c-995e-c19c3e1e8f55,C:\Users\Gaurav Rathod\Downloads\automation-proposal\raw_data\dataset-downloads\dataset_b-20260908T164438Z-1-001\dataset_b\ses_20260701-173642-NEELA9BAF\chunk_20260701-1730-NEELA9BAF\events.jsonl,545,20260701-1730-NEELA9BAF,scr_smart_1782927691748_monitor_1_post.jpg | screenshots/scr_smart_1782927691748_monitor_1_post.jpg,True
ses_20260701-173642-NEELA9BAF,11,2026-07-01T17:41:02.813Z,2026-07-01T17:41:46.813Z,2026-07-01T17:41:35.454000+00:00,evt_210c6fdc-b289-42c1-940f-cb7514035442,C:\Users\Gaurav Rathod\Downloads\automation-proposal\raw_data\dataset-downloads\dataset_b-20260908T164438Z-1-001\dataset_b\ses_20260701-173642-NEELA9BAF\chunk_20260701-1730-NEELA9BAF\events.jsonl,549,20260701-1730-NEELA9BAF,scr_smart_1782927695454_monitor_1_post.jpg | screenshots/scr_smart_1782927695454_monitor_1_post.jpg,True
ses_20260701-173642-NEELA9BAF,11,2026-07-01T17:41:02.813Z,2026-07-01T17:41:46.813Z,2026-07-01T17:41:36.654000+00:00,evt_70a6c056-881a-4889-871f-3ebbf0b7b08a,C:\Users\Gaurav Rathod\Downloads\automation-proposal\raw_data\dataset-downloads\dataset_b-20260908T164438Z-1-001\dataset_b\ses_20260701-173642-NEELA9BAF\chunk_20260701-1730-NEELA9BAF\events.jsonl,552,20260701-1730-NEELA9BAF,scr_smart_1782927696654_monitor_1_post.jpg | screenshots/scr_smart_1782927696654_monitor_1_post.jpg,True
ses_20260701-173642-NEELA9BAF,11,2026-07-01T17:41:02.813Z,2026-07-01T17:41:46.813Z,2026-07-01T17:41:37.244000+00:00,evt_a2638c02-0720-49d4-9eab-278bc1819980,C:\Users\Gaurav Rathod\Downloads\automation-proposal\raw_data\dataset-downloads\dataset_b-20260908T164438Z-1-001\dataset_b\ses_20260701-173642-NEELA9BAF\chunk_20260701-1730-NEELA9BAF\events.jsonl,554,20260701-1730-NEELA9BAF,scr_smart_1782927697244_monitor_1_post.jpg | screenshots/scr_smart_1782927697244_monitor_1_post.jpg,True
ses_20260701-173642-NEELA9BAF,11,2026-07-01T17:41:02.813Z,2026-07-01T17:41:46.813Z,2026-07-01T17:41:37.820000+00:00,evt_b20bc352-fbc3-4baa-902d-37dc30247705,C:\Users\Gaurav Rathod\Downloads\automation-proposal\raw_data\dataset-downloads\dataset_b-20260908T164438Z-1-001\dataset_b\ses_20260701-173642-NEELA9BAF\chunk_20260701-1730-NEELA9BAF\events.jsonl,560,20260701-1730-NEELA9BAF,scr_smart_1782927697820_monitor_1_post.jpg | screenshots/scr_smart_1782927697820_monitor_1_post.jpg,True
ses_20260701-173642-NEELA9BAF,11,2026-07-01T17:41:02.813Z,2026-07-01T17:41:46.813Z,2026-07-01T17:41:40.212000+00:00,evt_29c907d5-18a7-42ae-b1b7-3974839b99e0,C:\Users\Gaurav Rathod\Downloads\automation-proposal\raw_data\dataset-downloads\dataset_b-20260908T164438Z-1-001\dataset_b\ses_20260701-173642-NEELA9BAF\chunk_20260701-1730-NEELA9BAF\events.jsonl,563,20260701-1730-NEELA9BAF,scr_smart_1782927700212_monitor_1_post.jpg | screenshots/scr_smart_1782927700212_monitor_1_post.jpg,True
ses_20260701-173642-NEELA9BAF,11,2026-07-01T17:41:02.813Z,2026-07-01T17:41:46.813Z,2026-07-01T17:41:43.930000+00:00,evt_4138bab3-5e29-470a-8e62-5a9b0417aab2,C:\Users\Gaurav Rathod\Downloads\automation-proposal\raw_data\dataset-downloads\dataset_b-20260908T164438Z-1-001\dataset_b\ses_20260701-173642-NEELA9BAF\chunk_20260701-1730-NEELA9BAF\events.jsonl,567,20260701-1730-NEELA9BAF,scr_smart_1782927703930_monitor_1_post.jpg | screenshots/scr_smart_1782927703930_monitor_1_post.jpg,True
ses_20260701-173642-NEELA9BAF,11,2026-07-01T17:41:02.813Z,2026-07-01T17:41:46.813Z,2026-07-01T17:41:45.123000+00:00,evt_11866085-5549-410a-8ff0-21cbbd41f7be,C:\Users\Gaurav Rathod\Downloads\automation-proposal\raw_data\dataset-downloads\dataset_b-20260908T164438Z-1-001\dataset_b\ses_20260701-173642-NEELA9BAF\chunk_20260701-1730-NEELA9BAF\events.jsonl,570,20260701-1730-NEELA9BAF,scr_smart_1782927705123_monitor_1_post.jpg | screenshots/scr_smart_1782927705123_monitor_1_post.jpg,True
ses_20260701-173642-NEELA9BAF,11,2026-07-01T17:41:02.813Z,2026-07-01T17:41:46.813Z,2026-07-01T17:41:46.027000+00:00,evt_b55b2594-8829-460b-9422-87874023f091,C:\Users\Gaurav Rathod\Downloads\automation-proposal\raw_data\dataset-downloads\dataset_b-20260908T164438Z-1-001\dataset_b\ses_20260701-173642-NEELA9BAF\chunk_20260701-1730-NEELA9BAF\events.jsonl,577,20260701-1730-NEELA9BAF,scr_smart_1782927706027_monitor_1_post.jpg | screenshots/scr_smart_1782927706027_monitor_1_post.jpg,True
ses_20260701-173642-NEELA9BAF,12,2026-07-01T17:41:46.813Z,2026-07-01T17:41:50.813Z,2026-07-01T17:41:48.112000+00:00,evt_382db7a5-0322-46f4-b6ee-8fdc5980a91c,C:\Users\Gaurav Rathod\Downloads\automation-proposal\raw_data\dataset-downloads\dataset_b-20260908T164438Z-1-001\dataset_b\ses_20260701-173642-NEELA9BAF\chunk_20260701-1730-NEELA9BAF\events.jsonl,580,20260701-1730-NEELA9BAF,scr_smart_1782927708112_monitor_1_post.jpg | screenshots/scr_smart_1782927708112_monitor_1_post.jpg,True
ses_20260701-173642-NEELA9BAF,13,2026-07-01T17:41:50.813Z,2026-07-01T17:41:58.813Z,2026-07-01T17:41:55.148000+00:00,evt_2af6863f-f6a5-4937-8e6c-c17db95004ba,C:\Users\Gaurav Rathod\Downloads\automation-proposal\raw_data\dataset-downloads\dataset_b-20260908T164438Z-1-001\dataset_b\ses_20260701-173642-NEELA9BAF\chunk_20260701-1730-NEELA9BAF\events.jsonl,583,20260701-1730-NEELA9BAF,scr_smart_1782927715148_monitor_1_post.jpg | screenshots/scr_smart_1782927715148_monitor_1_post.jpg,True
ses_20260701-173642-NEELA9BAF,13,2026-07-01T17:41:50.813Z,2026-07-01T17:41:58.813Z,2026-07-01T17:41:55.659000+00:00,evt_c714d964-c64f-4769-9a6c-6057d463a808,C:\Users\Gaurav Rathod\Downloads\automation-proposal\raw_data\dataset-downloads\dataset_b-20260908T164438Z-1-001\dataset_b\ses_20260701-173642-NEELA9BAF\chunk_20260701-1730-NEELA9BAF\events.jsonl,585,20260701-1730-NEELA9BAF,scr_smart_1782927715659_monitor_1_post.jpg | screenshots/scr_smart_1782927715659_monitor_1_post.jpg,True
ses_20260701-173642-NEELA9BAF,13,2026-07-01T17:41:50.813Z,2026-07-01T17:41:58.813Z,2026-07-01T17:41:57.165000+00:00,evt_a01a3a19-d55b-4865-840e-3d64abc83708,C:\Users\Gaurav Rathod\Downloads\automation-proposal\raw_data\dataset-downloads\dataset_b-20260908T164438Z-1-001\dataset_b\ses_20260701-173642-NEELA9BAF\chunk_20260701-1730-NEELA9BAF\events.jsonl,588,20260701-1730-NEELA9BAF,scr_smart_1782927717165_monitor_1_post.jpg | screenshots/scr_smart_1782927717165_monitor_1_post.jpg,True
ses_20260701-173642-NEELA9BAF,13,2026-07-01T17:41:50.813Z,2026-07-01T17:41:58.813Z,2026-07-01T17:41:58.058000+00:00,evt_22d4f3dd-f906-4e5e-8c83-95fdb6028f57,C:\Users\Gaurav Rathod\Downloads\automation-proposal\raw_data\dataset-downloads\dataset_b-20260908T164438Z-1-001\dataset_b\ses_20260701-173642-NEELA9BAF\chunk_20260701-1730-NEELA9BAF\events.jsonl,595,20260701-1730-NEELA9BAF,scr_smart_1782927718058_monitor_1_post.jpg | screenshots/scr_smart_1782927718058_monitor_1_post.jpg,True
ses_20260701-173642-NEELA9BAF,14,2026-07-01T17:41:58.813Z,2026-07-01T17:42:02.813Z,2026-07-01T17:42:00.263000+00:00,evt_862966b3-09f2-4def-ab1e-ec89d1d37d6f,C:\Users\Gaurav Rathod\Downloads\automation-proposal\raw_data\dataset-downloads\dataset_b-20260908T164438Z-1-001\dataset_b\ses_20260701-173642-NEELA9BAF\chunk_20260701-1730-NEELA9BAF\events.jsonl,598,20260701-1730-NEELA9BAF,scr_smart_1782927720263_monitor_1_post.jpg | screenshots/scr_smart_1782927720263_monitor_1_post.jpg,True
ses_20260701-173642-NEELA9BAF,15,2026-07-01T17:42:02.813Z,2026-07-01T17:43:08.813Z,2026-07-01T17:42:06.403000+00:00,evt_f303f9b1-b383-4c0c-b2c4-ea5338d8d3ca,C:\Users\Gaurav Rathod\Downloads\automation-proposal\raw_data\dataset-downloads\dataset_b-20260908T164438Z-1-001\dataset_b\ses_20260701-173642-NEELA9BAF\chunk_20260701-1730-NEELA9BAF\events.jsonl,603,20260701-1730-NEELA9BAF,scr_smart_1782927726403_monitor_1_post.jpg | screenshots/scr_smart_1782927726403_monitor_1_post.jpg,True
ses_20260701-173642-NEELA9BAF,15,2026-07-01T17:42:02.813Z,2026-07-01T17:43:08.813Z,2026-07-01T17:42:06.990000+00:00,evt_06e597a8-1a10-4861-9749-6eac11ff8d85,C:\Users\Gaurav Rathod\Downloads\automation-proposal\raw_data\dataset-downloads\dataset_b-20260908T164438Z-1-001\dataset_b\ses_20260701-173642-NEELA9BAF\chunk_20260701-1730-NEELA9BAF\events.jsonl,604,20260701-1730-NEELA9BAF,scr_smart_1782927726990_monitor_1_post.jpg | screenshots/scr_smart_1782927726990_monitor_1_post.jpg,True
ses_20260701-173642-NEELA9BAF,15,2026-07-01T17:42:02.813Z,2026-07-01T17:43:08.813Z,2026-07-01T17:42:09.183000+00:00,evt_941d57ea-7efb-4b4e-86b4-d721b94932d2,C:\Users\Gaurav Rathod\Downloads\automation-proposal\raw_data\dataset-downloads\dataset_b-20260908T164438Z-1-001\dataset_b\ses_20260701-173642-NEELA9BAF\chunk_20260701-1730-NEELA9BAF\events.jsonl,608,20260701-1730-NEELA9BAF,scr_smart_1782927729183_monitor_1_post.jpg | screenshots/scr_smart_1782927729183_monitor_1_post.jpg,True
ses_20260701-173642-NEELA9BAF,15,2026-07-01T17:42:02.813Z,2026-07-01T17:43:08.813Z,2026-07-01T17:42:12.367000+00:00,evt_8c961d5f-a2e0-4303-870c-4547c84a08ca,C:\Users\Gaurav Rathod\Downloads\automation-proposal\raw_data\dataset-downloads\dataset_b-20260908T164438Z-1-001\dataset_b\ses_20260701-173642-NEELA9BAF\chunk_20260701-1730-NEELA9BAF\events.jsonl,611,20260701-1730-NEELA9BAF,scr_smart_1782927732367_monitor_1_post.jpg | screenshots/scr_smart_1782927732367_monitor_1_post.jpg,True
ses_20260701-173642-NEELA9BAF,15,2026-07-01T17:42:02.813Z,2026-07-01T17:43:08.813Z,2026-07-01T17:42:13.445000+00:00,evt_4dbd6c04-1740-4ac8-826b-cd4571633d37,C:\Users\Gaurav Rathod\Downloads\automation-proposal\raw_data\dataset-downloads\dataset_b-20260908T164438Z-1-001\dataset_b\ses_20260701-173642-NEELA9BAF\chunk_20260701-1730-NEELA9BAF\events.jsonl,618,20260701-1730-NEELA9BAF,scr_smart_1782927733445_monitor_1_post.jpg | screenshots/scr_smart_1782927733445_monitor_1_post.jpg,True
ses_20260701-173642-NEELA9BAF,15,2026-07-01T17:42:02.813Z,2026-07-01T17:43:08.813Z,2026-07-01T17:42:15.571000+00:00,evt_b9ec740b-fb12-47c8-be64-26ef5c550430,C:\Users\Gaurav Rathod\Downloads\automation-proposal\raw_data\dataset-downloads\dataset_b-20260908T164438Z-1-001\dataset_b\ses_20260701-173642-NEELA9BAF\chunk_20260701-1730-NEELA9BAF\events.jsonl,621,20260701-1730-NEELA9BAF,scr_smart_1782927735571_monitor_1_post.jpg | screenshots/scr_smart_1782927735571_monitor_1_post.jpg,True
ses_20260701-173642-NEELA9BAF,15,2026-07-01T17:42:02.813Z,2026-07-01T17:43:08.813Z,2026-07-01T17:42:19.229000+00:00,evt_44f3ab46-2b3a-458f-82a8-939a1eb0e9ac,C:\Users\Gaurav Rathod\Downloads\automation-proposal\raw_data\dataset-downloads\dataset_b-20260908T164438Z-1-001\dataset_b\ses_20260701-173642-NEELA9BAF\chunk_20260701-1730-NEELA9BAF\events.jsonl,626,20260701-1730-NEELA9BAF,scr_smart_1782927739229_monitor_1_post.jpg | screenshots/scr_smart_1782927739229_monitor_1_post.jpg,True
ses_20260701-173642-NEELA9BAF,15,2026-07-01T17:42:02.813Z,2026-07-01T17:43:08.813Z,2026-07-01T17:42:24.110000+00:00,evt_adda76f1-fad8-4acd-830a-a465c4039af9,C:\Users\Gaurav Rathod\Downloads\automation-proposal\raw_data\dataset-downloads\dataset_b-20260908T164438Z-1-001\dataset_b\ses_20260701-173642-NEELA9BAF\chunk_20260701-1730-NEELA9BAF\events.jsonl,647,20260701-1730-NEELA9BAF,scr_smart_1782927744110_monitor_1_post.jpg | screenshots/scr_smart_1782927744110_monitor_1_post.jpg,True
ses_20260701-173642-NEELA9BAF,15,2026-07-01T17:42:02.813Z,2026-07-01T17:43:08.813Z,2026-07-01T17:42:24.594000+00:00,evt_2b7a47e4-364c-42d2-8268-317c22887e78,C:\Users\Gaurav Rathod\Downloads\automation-proposal\raw_data\dataset-downloads\dataset_b-20260908T164438Z-1-001\dataset_b\ses_20260701-173642-NEELA9BAF\chunk_20260701-1730-NEELA9BAF\events.jsonl,648,20260701-1730-NEELA9BAF,scr_smart_1782927744594_monitor_1_post.jpg | screenshots/scr_smart_1782927744594_monitor_1_post.jpg,True
ses_20260701-173642-NEELA9BAF,15,2026-07-01T17:42:02.813Z,2026-07-01T17:43:08.813Z,2026-07-01T17:42:25.105000+00:00,evt_b2b7ec00-43f8-4fcc-ae9b-470b050ae43e,C:\Users\Gaurav Rathod\Downloads\automation-proposal\raw_data\dataset-downloads\dataset_b-20260908T164438Z-1-001\dataset_b\ses_20260701-173642-NEELA9BAF\chunk_20260701-1730-NEELA9BAF\events.jsonl,652,20260701-1730-NEELA9BAF,scr_smart_1782927745105_monitor_1_post.jpg | screenshots/scr_smart_1782927745105_monitor_1_post.jpg,True
ses_20260701-173642-NEELA9BAF,15,2026-07-01T17:42:02.813Z,2026-07-01T17:43:08.813Z,2026-07-01T17:42:26.313000+00:00,evt_d845ebb1-c225-4429-8d9d-2a6f5b916b8a,C:\Users\Gaurav Rathod\Downloads\automation-proposal\raw_data\dataset-downloads\dataset_b-20260908T164438Z-1-001\dataset_b\ses_20260701-173642-NEELA9BAF\chunk_20260701-1730-NEELA9BAF\events.jsonl,656,20260701-1730-NEELA9BAF,scr_smart_1782927746313_monitor_1_post.jpg | screenshots/scr_smart_1782927746313_monitor_1_post.jpg,True
ses_20260701-173642-NEELA9BAF,15,2026-07-01T17:42:02.813Z,2026-07-01T17:43:08.813Z,2026-07-01T17:42:31.200000+00:00,evt_cdf128ea-93c2-4d0c-abe3-dde66605263b,C:\Users\Gaurav Rathod\Downloads\automation-proposal\raw_data\dataset-downloads\dataset_b-20260908T164438Z-1-001\dataset_b\ses_20260701-173642-NEELA9BAF\chunk_20260701-1730-NEELA9BAF\events.jsonl,666,20260701-1730-NEELA9BAF,scr_smart_1782927751200_monitor_1_post.jpg | screenshots/scr_smart_1782927751200_monitor_1_post.jpg,True
ses_20260701-173642-NEELA9BAF,15,2026-07-01T17:42:02.813Z,2026-07-01T17:43:08.813Z,2026-07-01T17:42:31.899000+00:00,evt_86697613-7231-4171-b8d0-f9f23739a187,C:\Users\Gaurav Rathod\Downloads\automation-proposal\raw_data\dataset-downloads\dataset_b-20260908T164438Z-1-001\dataset_b\ses_20260701-173642-NEELA9BAF\chunk_20260701-1730-NEELA9BAF\events.jsonl,667,20260701-1730-NEELA9BAF,scr_smart_1782927751899_monitor_1_post.jpg | screenshots/scr_smart_1782927751899_monitor_1_post.jpg,True
ses_20260701-173642-NEELA9BAF,15,2026-07-01T17:42:02.813Z,2026-07-01T17:43:08.813Z,2026-07-01T17:42:33.117000+00:00,evt_2c005772-fabc-4570-b9c9-099619f2141c,C:\Users\Gaurav Rathod\Downloads\automation-proposal\raw_data\dataset-downloads\dataset_b-20260908T164438Z-1-001\dataset_b\ses_20260701-173642-NEELA9BAF\chunk_20260701-1730-NEELA9BAF\events.jsonl,669,20260701-1730-NEELA9BAF,scr_smart_1782927753117_monitor_1_post.jpg | screenshots/scr_smart_1782927753117_monitor_1_post.jpg,True
ses_20260701-173642-NEELA9BAF,15,2026-07-01T17:42:02.813Z,2026-07-01T17:43:08.813Z,2026-07-01T17:42:36.708000+00:00,evt_e68231ff-a945-4adb-9bdb-4be03b2c46a6,C:\Users\Gaurav Rathod\Downloads\automation-proposal\raw_data\dataset-downloads\dataset_b-20260908T164438Z-1-001\dataset_b\ses_20260701-173642-NEELA9BAF\chunk_20260701-1730-NEELA9BAF\events.jsonl,671,20260701-1730-NEELA9BAF,scr_smart_1782927756708_monitor_1_post.jpg | screenshots/scr_smart_1782927756708_monitor_1_post.jpg,True
ses_20260701-173642-NEELA9BAF,15,2026-07-01T17:42:02.813Z,2026-07-01T17:43:08.813Z,2026-07-01T17:42:37.626000+00:00,evt_c2128ed2-0a8f-4448-8f59-48565cc83ed9,C:\Users\Gaurav Rathod\Downloads\automation-proposal\raw_data\dataset-downloads\dataset_b-20260908T164438Z-1-001\dataset_b\ses_20260701-173642-NEELA9BAF\chunk_20260701-1730-NEELA9BAF\events.jsonl,678,20260701-1730-NEELA9BAF,scr_smart_1782927757626_monitor_1_post.jpg | screenshots/scr_smart_1782927757626_monitor_1_post.jpg,True
ses_20260701-173642-NEELA9BAF,15,2026-07-01T17:42:02.813Z,2026-07-01T17:43:08.813Z,2026-07-01T17:42:39.654000+00:00,evt_84b12f52-32d5-465e-99f3-77a42d6019a8,C:\Users\Gaurav Rathod\Downloads\automation-proposal\raw_data\dataset-downloads\dataset_b-20260908T164438Z-1-001\dataset_b\ses_20260701-173642-NEELA9BAF\chunk_20260701-1730-NEELA9BAF\events.jsonl,681,20260701-1730-NEELA9BAF,scr_smart_1782927759654_monitor_1_post.jpg | screenshots/scr_smart_1782927759654_monitor_1_post.jpg,True
ses_20260701-173642-NEELA9BAF,15,2026-07-01T17:42:02.813Z,2026-07-01T17:43:08.813Z,2026-07-01T17:42:44.775000+00:00,evt_0d92d1f9-d459-4cb3-9785-bba74d58d56a,C:\Users\Gaurav Rathod\Downloads\automation-proposal\raw_data\dataset-downloads\dataset_b-20260908T164438Z-1-001\dataset_b\ses_20260701-173642-NEELA9BAF\chunk_20260701-1730-NEELA9BAF\events.jsonl,689,20260701-1730-NEELA9BAF,scr_smart_1782927764775_monitor_1_post.jpg | screenshots/scr_smart_1782927764775_monitor_1_post.jpg,True
ses_20260701-173642-NEELA9BAF,15,2026-07-01T17:42:02.813Z,2026-07-01T17:43:08.813Z,2026-07-01T17:42:50.055000+00:00,evt_555d28c6-8257-400e-b737-61688c71fafe,C:\Users\Gaurav Rathod\Downloads\automation-proposal\raw_data\dataset-downloads\dataset_b-20260908T164438Z-1-001\dataset_b\ses_20260701-173642-NEELA9BAF\chunk_20260701-1730-NEELA9BAF\events.jsonl,710,20260701-1730-NEELA9BAF,scr_smart_1782927770055_monitor_1_post.jpg | screenshots/scr_smart_1782927770055_monitor_1_post.jpg,True
ses_20260701-173642-NEELA9BAF,15,2026-07-01T17:42:02.813Z,2026-07-01T17:43:08.813Z,2026-07-01T17:42:50.598000+00:00,evt_7d704c0a-eb5b-4c25-b504-408363f3503d,C:\Users\Gaurav Rathod\Downloads\automation-proposal\raw_data\dataset-downloads\dataset_b-20260908T164438Z-1-001\dataset_b\ses_20260701-173642-NEELA9BAF\chunk_20260701-1730-NEELA9BAF\events.jsonl,715,20260701-1730-NEELA9BAF,scr_smart_1782927770598_monitor_1_post.jpg | screenshots/scr_smart_1782927770598_monitor_1_post.jpg,True
ses_20260701-173642-NEELA9BAF,15,2026-07-01T17:42:02.813Z,2026-07-01T17:43:08.813Z,2026-07-01T17:42:51.132000+00:00,evt_00e96cf4-a8fa-4467-ada9-b7eb530358ed,C:\Users\Gaurav Rathod\Downloads\automation-proposal\raw_data\dataset-downloads\dataset_b-20260908T164438Z-1-001\dataset_b\ses_20260701-173642-NEELA9BAF\chunk_20260701-1730-NEELA9BAF\events.jsonl,719,20260701-1730-NEELA9BAF,scr_smart_1782927771132_monitor_1_post.jpg | screenshots/scr_smart_1782927771132_monitor_1_post.jpg,True
ses_20260701-173642-NEELA9BAF,15,2026-07-01T17:42:02.813Z,2026-07-01T17:43:08.813Z,2026-07-01T17:42:52.428000+00:00,evt_85de353f-d167-4a36-8441-aad7815253f4,C:\Users\Gaurav Rathod\Downloads\automation-proposal\raw_data\dataset-downloads\dataset_b-20260908T164438Z-1-001\dataset_b\ses_20260701-173642-NEELA9BAF\chunk_20260701-1730-NEELA9BAF\events.jsonl,723,20260701-1730-NEELA9BAF,scr_smart_1782927772428_monitor_1_post.jpg | screenshots/scr_smart_1782927772428_monitor_1_post.jpg,True
ses_20260701-173642-NEELA9BAF,15,2026-07-01T17:42:02.813Z,2026-07-01T17:43:08.813Z,2026-07-01T17:42:54.021000+00:00,evt_a40d2fa4-56d7-487c-82c1-308dd125eb31,C:\Users\Gaurav Rathod\Downloads\automation-proposal\raw_data\dataset-downloads\dataset_b-20260908T164438Z-1-001\dataset_b\ses_20260701-173642-NEELA9BAF\chunk_20260701-1730-NEELA9BAF\events.jsonl,729,20260701-1730-NEELA9BAF,scr_smart_1782927774021_monitor_1_post.jpg | screenshots/scr_smart_1782927774021_monitor_1_post.jpg,True
ses_20260701-173642-NEELA9BAF,15,2026-07-01T17:42:02.813Z,2026-07-01T17:43:08.813Z,2026-07-01T17:42:57.394000+00:00,evt_02bb53e1-0ff5-4037-a9d0-c8c3965709e7,C:\Users\Gaurav Rathod\Downloads\automation-proposal\raw_data\dataset-downloads\dataset_b-20260908T164438Z-1-001\dataset_b\ses_20260701-173642-NEELA9BAF\chunk_20260701-1730-NEELA9BAF\events.jsonl,734,20260701-1730-NEELA9BAF,scr_smart_1782927777394_monitor_1_post.jpg | screenshots/scr_smart_1782927777394_monitor_1_post.jpg,True
ses_20260701-173642-NEELA9BAF,15,2026-07-01T17:42:02.813Z,2026-07-01T17:43:08.813Z,2026-07-01T17:42:59.049000+00:00,evt_f3585418-169e-447e-b7d8-3d14db4cd1c9,C:\Users\Gaurav Rathod\Downloads\automation-proposal\raw_data\dataset-downloads\dataset_b-20260908T164438Z-1-001\dataset_b\ses_20260701-173642-NEELA9BAF\chunk_20260701-1730-NEELA9BAF\events.jsonl,737,20260701-1730-NEELA9BAF,scr_smart_1782927779049_monitor_1_post.jpg | screenshots/scr_smart_1782927779049_monitor_1_post.jpg,True
ses_20260701-173642-NEELA9BAF,15,2026-07-01T17:42:02.813Z,2026-07-01T17:43:08.813Z,2026-07-01T17:43:03.565000+00:00,evt_a0e44d04-6abe-4a39-a885-418d7ed5616e,C:\Users\Gaurav Rathod\Downloads\automation-proposal\raw_data\dataset-downloads\dataset_b-20260908T164438Z-1-001\dataset_b\ses_20260701-173642-NEELA9BAF\chunk_20260701-1730-NEELA9BAF\events.jsonl,739,20260701-1730-NEELA9BAF,scr_smart_1782927783565_monitor_1_post.jpg | screenshots/scr_smart_1782927783565_monitor_1_post.jpg,True
ses_20260701-173642-NEELA9BAF,15,2026-07-01T17:42:02.813Z,2026-07-01T17:43:08.813Z,2026-07-01T17:43:04.564000+00:00,evt_42f9e63d-115d-4c4c-bb64-23bfc1ccd596,C:\Users\Gaurav Rathod\Downloads\automation-proposal\raw_data\dataset-downloads\dataset_b-20260908T164438Z-1-001\dataset_b\ses_20260701-173642-NEELA9BAF\chunk_20260701-1730-NEELA9BAF\events.jsonl,746,20260701-1730-NEELA9BAF,scr_smart_1782927784564_monitor_1_post.jpg | screenshots/scr_smart_1782927784564_monitor_1_post.jpg,True
ses_20260701-173642-NEELA9BAF,15,2026-07-01T17:42:02.813Z,2026-07-01T17:43:08.813Z,2026-07-01T17:43:06.762000+00:00,evt_973c4cd3-ed20-4ebe-a878-19006a673c8d,C:\Users\Gaurav Rathod\Downloads\automation-proposal\raw_data\dataset-downloads\dataset_b-20260908T164438Z-1-001\dataset_b\ses_20260701-173642-NEELA9BAF\chunk_20260701-1730-NEELA9BAF\events.jsonl,749,20260701-1730-NEELA9BAF,scr_smart_1782927786762_monitor_1_post.jpg | screenshots/scr_smart_1782927786762_monitor_1_post.jpg,True
ses_20260701-173642-NEELA9BAF,16,2026-07-01T17:43:32.813Z,2026-07-01T17:43:42.813Z,2026-07-01T17:43:36.335000+00:00,evt_ab3647bb-31d2-4728-980d-2f05629e30a8,C:\Users\Gaurav Rathod\Downloads\automation-proposal\raw_data\dataset-downloads\dataset_b-20260908T164438Z-1-001\dataset_b\ses_20260701-173642-NEELA9BAF\chunk_20260701-1730-NEELA9BAF\events.jsonl,759,20260701-1730-NEELA9BAF,scr_smart_1782927816335_monitor_1_post.jpg | screenshots/scr_smart_1782927816335_monitor_1_post.jpg,True
ses_20260701-173642-NEELA9BAF,16,2026-07-01T17:43:32.813Z,2026-07-01T17:43:42.813Z,2026-07-01T17:43:37.838000+00:00,evt_18260ada-bc65-492f-90e2-e7abd55851ca,C:\Users\Gaurav Rathod\Downloads\automation-proposal\raw_data\dataset-downloads\dataset_b-20260908T164438Z-1-001\dataset_b\ses_20260701-173642-NEELA9BAF\chunk_20260701-1730-NEELA9BAF\events.jsonl,761,20260701-1730-NEELA9BAF,scr_smart_1782927817838_monitor_1_post.jpg | screenshots/scr_smart_1782927817838_monitor_1_post.jpg,True
ses_20260701-173642-NEELA9BAF,16,2026-07-01T17:43:32.813Z,2026-07-01T17:43:42.813Z,2026-07-01T17:43:38.365000+00:00,evt_04d9afc8-f624-4b02-b3f7-bacd853d34f3,C:\Users\Gaurav Rathod\Downloads\automation-proposal\raw_data\dataset-downloads\dataset_b-20260908T164438Z-1-001\dataset_b\ses_20260701-173642-NEELA9BAF\chunk_20260701-1730-NEELA9BAF\events.jsonl,764,20260701-1730-NEELA9BAF,scr_smart_1782927818365_monitor_1_post.jpg | screenshots/scr_smart_1782927818365_monitor_1_post.jpg,True
ses_20260701-173642-NEELA9BAF,16,2026-07-01T17:43:32.813Z,2026-07-01T17:43:42.813Z,2026-07-01T17:43:39.755000+00:00,evt_70bc2d0c-3a89-4b42-9ed1-d9d3a85b99f9,C:\Users\Gaurav Rathod\Downloads\automation-proposal\raw_data\dataset-downloads\dataset_b-20260908T164438Z-1-001\dataset_b\ses_20260701-173642-NEELA9BAF\chunk_20260701-1730-NEELA9BAF\events.jsonl,767,20260701-1730-NEELA9BAF,scr_smart_1782927819755_monitor_1_post.jpg | screenshots/scr_smart_1782927819755_monitor_1_post.jpg,True
ses_20260701-173642-NEELA9BAF,16,2026-07-01T17:43:32.813Z,2026-07-01T17:43:42.813Z,2026-07-01T17:43:40.755000+00:00,evt_7e6916b2-c9f2-4d48-b552-fa9af776e563,C:\Users\Gaurav Rathod\Downloads\automation-proposal\raw_data\dataset-downloads\dataset_b-20260908T164438Z-1-001\dataset_b\ses_20260701-173642-NEELA9BAF\chunk_20260701-1730-NEELA9BAF\events.jsonl,774,20260701-1730-NEELA9BAF,scr_smart_1782927820755_monitor_1_post.jpg | screenshots/scr_smart_1782927820755_monitor_1_post.jpg,True
ses_20260701-173642-NEELA9BAF,17,2026-07-01T17:43:42.813Z,2026-07-01T17:44:08.813Z,2026-07-01T17:43:43.046000+00:00,evt_0e247a2c-c723-44ec-9428-23064ad94d6c,C:\Users\Gaurav Rathod\Downloads\automation-proposal\raw_data\dataset-downloads\dataset_b-20260908T164438Z-1-001\dataset_b\ses_20260701-173642-NEELA9BAF\chunk_20260701-1730-NEELA9BAF\events.jsonl,777,20260701-1730-NEELA9BAF,scr_smart_1782927823046_monitor_1_post.jpg | screenshots/scr_smart_1782927823046_monitor_1_post.jpg,True
ses_20260701-173642-NEELA9BAF,17,2026-07-01T17:43:42.813Z,2026-07-01T17:44:08.813Z,2026-07-01T17:43:49.064000+00:00,evt_46acdba6-a705-433c-860a-c5dd2158158f,C:\Users\Gaurav Rathod\Downloads\automation-proposal\raw_data\dataset-downloads\dataset_b-20260908T164438Z-1-001\dataset_b\ses_20260701-173642-NEELA9BAF\chunk_20260701-1730-NEELA9BAF\events.jsonl,780,20260701-1730-NEELA9BAF,scr_smart_1782927829064_monitor_1_post.jpg | screenshots/scr_smart_1782927829064_monitor_1_post.jpg,True
ses_20260701-173642-NEELA9BAF,17,2026-07-01T17:43:42.813Z,2026-07-01T17:44:08.813Z,2026-07-01T17:43:49.645000+00:00,evt_b2d535a2-8002-4baf-89e9-59e58f4ebe34,C:\Users\Gaurav Rathod\Downloads\automation-proposal\raw_data\dataset-downloads\dataset_b-20260908T164438Z-1-001\dataset_b\ses_20260701-173642-NEELA9BAF\chunk_20260701-1730-NEELA9BAF\events.jsonl,783,20260701-1730-NEELA9BAF,scr_smart_1782927829645_monitor_1_post.jpg | screenshots/scr_smart_1782927829645_monitor_1_post.jpg,True
ses_20260701-173642-NEELA9BAF,17,2026-07-01T17:43:42.813Z,2026-07-01T17:44:08.813Z,2026-07-01T17:43:50.942000+00:00,evt_789d5b25-57ac-4af3-a0fa-e4be5911d362,C:\Users\Gaurav Rathod\Downloads\automation-proposal\raw_data\dataset-downloads\dataset_b-20260908T164438Z-1-001\dataset_b\ses_20260701-173642-NEELA9BAF\chunk_20260701-1730-NEELA9BAF\events.jsonl,786,20260701-1730-NEELA9BAF,scr_smart_1782927830942_monitor_1_post.jpg | screenshots/scr_smart_1782927830942_monitor_1_post.jpg,True
ses_20260701-173642-NEELA9BAF,17,2026-07-01T17:43:42.813Z,2026-07-01T17:44:08.813Z,2026-07-01T17:43:51.874000+00:00,evt_51fa6083-6473-4bac-b356-8c9d46e7ad81,C:\Users\Gaurav Rathod\Downloads\automation-proposal\raw_data\dataset-downloads\dataset_b-20260908T164438Z-1-001\dataset_b\ses_20260701-173642-NEELA9BAF\chunk_20260701-1730-NEELA9BAF\events.jsonl,793,20260701-1730-NEELA9BAF,scr_smart_1782927831874_monitor_1_post.jpg | screenshots/scr_smart_1782927831874_monitor_1_post.jpg,True
ses_20260701-173642-NEELA9BAF,17,2026-07-01T17:43:42.813Z,2026-07-01T17:44:08.813Z,2026-07-01T17:43:54.260000+00:00,evt_a77ddcc6-1f77-4a93-9672-6ffd1d73a14e,C:\Users\Gaurav Rathod\Downloads\automation-proposal\raw_data\dataset-downloads\dataset_b-20260908T164438Z-1-001\dataset_b\ses_20260701-173642-NEELA9BAF\chunk_20260701-1730-NEELA9BAF\events.jsonl,796,20260701-1730-NEELA9BAF,scr_smart_1782927834260_monitor_1_post.jpg | screenshots/scr_smart_1782927834260_monitor_1_post.jpg,True
ses_20260701-173642-NEELA9BAF,17,2026-07-01T17:43:42.813Z,2026-07-01T17:44:08.813Z,2026-07-01T17:43:57.357000+00:00,evt_b542b593-8fa5-4ab0-ab18-a506b4487d8b,C:\Users\Gaurav Rathod\Downloads\automation-proposal\raw_data\dataset-downloads\dataset_b-20260908T164438Z-1-001\dataset_b\ses_20260701-173642-NEELA9BAF\chunk_20260701-1730-NEELA9BAF\events.jsonl,799,20260701-1730-NEELA9BAF,scr_smart_1782927837357_monitor_1_post.jpg | screenshots/scr_smart_1782927837357_monitor_1_post.jpg,True
ses_20260701-173642-NEELA9BAF,17,2026-07-01T17:43:42.813Z,2026-07-01T17:44:08.813Z,2026-07-01T17:43:57.844000+00:00,evt_df615e6e-2b7a-4836-b523-f6f44dc919af,C:\Users\Gaurav Rathod\Downloads\automation-proposal\raw_data\dataset-downloads\dataset_b-20260908T164438Z-1-001\dataset_b\ses_20260701-173642-NEELA9BAF\chunk_20260701-1730-NEELA9BAF\events.jsonl,802,20260701-1730-NEELA9BAF,scr_smart_1782927837844_monitor_1_post.jpg | screenshots/scr_smart_1782927837844_monitor_1_post.jpg,True
ses_20260701-173642-NEELA9BAF,17,2026-07-01T17:43:42.813Z,2026-07-01T17:44:08.813Z,2026-07-01T17:43:59.137000+00:00,evt_218cdbeb-c904-4c7b-a9aa-85e9728729a4,C:\Users\Gaurav Rathod\Downloads\automation-proposal\raw_data\dataset-downloads\dataset_b-20260908T164438Z-1-001\dataset_b\ses_20260701-173642-NEELA9BAF\chunk_20260701-1730-NEELA9BAF\events.jsonl,805,20260701-1730-NEELA9BAF,scr_smart_1782927839137_monitor_1_post.jpg | screenshots/scr_smart_1782927839137_monitor_1_post.jpg,True
ses_20260701-173642-NEELA9BAF,17,2026-07-01T17:43:42.813Z,2026-07-01T17:44:08.813Z,2026-07-01T17:43:59.639000+00:00,evt_cd222f3d-3182-4dc3-8f3b-11451116167d,C:\Users\Gaurav Rathod\Downloads\automation-proposal\raw_data\dataset-downloads\dataset_b-20260908T164438Z-1-001\dataset_b\ses_20260701-173642-NEELA9BAF\chunk_20260701-1730-NEELA9BAF\events.jsonl,807,20260701-1730-NEELA9BAF,scr_smart_1782927839639_monitor_1_post.jpg | screenshots/scr_smart_1782927839639_monitor_1_post.jpg,True
ses_20260701-173642-NEELA9BAF,17,2026-07-01T17:43:42.813Z,2026-07-01T17:44:08.813Z,2026-07-01T17:44:00.226000+00:00,evt_179607a7-867f-492a-9201-f5a63d6bce03,C:\Users\Gaurav Rathod\Downloads\automation-proposal\raw_data\dataset-downloads\dataset_b-20260908T164438Z-1-001\dataset_b\ses_20260701-173642-NEELA9BAF\chunk_20260701-1730-NEELA9BAF\events.jsonl,813,20260701-1730-NEELA9BAF,scr_smart_1782927840226_monitor_1_post.jpg | screenshots/scr_smart_1782927840226_monitor_1_post.jpg,True
ses_20260701-173642-NEELA9BAF,17,2026-07-01T17:43:42.813Z,2026-07-01T17:44:08.813Z,2026-07-01T17:44:02.610000+00:00,evt_50cdc812-c516-4b13-826f-586c0964a5b1,C:\Users\Gaurav Rathod\Downloads\automation-proposal\raw_data\dataset-downloads\dataset_b-20260908T164438Z-1-001\dataset_b\ses_20260701-173642-NEELA9BAF\chunk_20260701-1730-NEELA9BAF\events.jsonl,816,20260701-1730-NEELA9BAF,scr_smart_1782927842610_monitor_1_post.jpg | screenshots/scr_smart_1782927842610_monitor_1_post.jpg,True
ses_20260701-173642-NEELA9BAF,17,2026-07-01T17:43:42.813Z,2026-07-01T17:44:08.813Z,2026-07-01T17:44:05.710000+00:00,evt_d6071644-da34-4e81-be49-a836ef8abec5,C:\Users\Gaurav Rathod\Downloads\automation-proposal\raw_data\dataset-downloads\dataset_b-20260908T164438Z-1-001\dataset_b\ses_20260701-173642-NEELA9BAF\chunk_20260701-1730-NEELA9BAF\events.jsonl,819,20260701-1730-NEELA9BAF,scr_smart_1782927845710_monitor_1_post.jpg | screenshots/scr_smart_1782927845710_monitor_1_post.jpg,True
ses_20260701-173642-NEELA9BAF,17,2026-07-01T17:43:42.813Z,2026-07-01T17:44:08.813Z,2026-07-01T17:44:07.603000+00:00,evt_23faa620-98f3-4d39-ac25-fa3a150d8375,C:\Users\Gaurav Rathod\Downloads\automation-proposal\raw_data\dataset-downloads\dataset_b-20260908T164438Z-1-001\dataset_b\ses_20260701-173642-NEELA9BAF\chunk_20260701-1730-NEELA9BAF\events.jsonl,824,20260701-1730-NEELA9BAF,scr_smart_1782927847603_monitor_1_post.jpg | screenshots/scr_smart_1782927847603_monitor_1_post.jpg,True
ses_20260701-173642-NEELA9BAF,17,2026-07-01T17:43:42.813Z,2026-07-01T17:44:08.813Z,2026-07-01T17:44:08.501000+00:00,evt_a6871b3e-e6ec-4e77-92d0-eed34fafbb1a,C:\Users\Gaurav Rathod\Downloads\automation-proposal\raw_data\dataset-downloads\dataset_b-20260908T164438Z-1-001\dataset_b\ses_20260701-173642-NEELA9BAF\chunk_20260701-1730-NEELA9BAF\events.jsonl,831,20260701-1730-NEELA9BAF,scr_smart_1782927848501_monitor_1_post.jpg | screenshots/scr_smart_1782927848501_monitor_1_post.jpg,True
ses_20260701-173642-NEELA9BAF,18,2026-07-01T17:45:00.813Z,2026-07-01T17:45:10.813Z,2026-07-01T17:45:01.638000+00:00,evt_51c31a2b-23b3-47bd-a17c-7f487c5d80ca,C:\Users\Gaurav Rathod\Downloads\automation-proposal\raw_data\dataset-downloads\dataset_b-20260908T164438Z-1-001\dataset_b\ses_20260701-173642-NEELA9BAF\chunk_20260701-1730-NEELA9BAF\events.jsonl,914,20260701-1730-NEELA9BAF,scr_smart_1782927901638_monitor_1_post.jpg | screenshots/scr_smart_1782927901638_monitor_1_post.jpg,True
ses_20260701-173642-NEELA9BAF,18,2026-07-01T17:45:00.813Z,2026-07-01T17:45:10.813Z,2026-07-01T17:45:06.085000+00:00,evt_1f03965c-222f-4000-88b5-9af792b3f1f3,C:\Users\Gaurav Rathod\Downloads\automation-proposal\raw_data\dataset-downloads\dataset_b-20260908T164438Z-1-001\dataset_b\ses_20260701-173642-NEELA9BAF\chunk_20260701-1730-NEELA9BAF\events.jsonl,916,20260701-1730-NEELA9BAF,scr_smart_1782927906085_monitor_1_post.jpg | screenshots/scr_smart_1782927906085_monitor_1_post.jpg,True
ses_20260701-173642-NEELA9BAF,18,2026-07-01T17:45:00.813Z,2026-07-01T17:45:10.813Z,2026-07-01T17:45:06.691000+00:00,evt_47bbd310-9e1a-4642-8b17-ae2a52090285,C:\Users\Gaurav Rathod\Downloads\automation-proposal\raw_data\dataset-downloads\dataset_b-20260908T164438Z-1-001\dataset_b\ses_20260701-173642-NEELA9BAF\chunk_20260701-1730-NEELA9BAF\events.jsonl,918,20260701-1730-NEELA9BAF,scr_smart_1782927906691_monitor_1_post.jpg | screenshots/scr_smart_1782927906691_monitor_1_post.jpg,True
ses_20260701-173642-NEELA9BAF,18,2026-07-01T17:45:00.813Z,2026-07-01T17:45:10.813Z,2026-07-01T17:45:07.180000+00:00,evt_dd0f1302-2c1f-4b8f-9d9a-d2d7ca157738,C:\Users\Gaurav Rathod\Downloads\automation-proposal\raw_data\dataset-downloads\dataset_b-20260908T164438Z-1-001\dataset_b\ses_20260701-173642-NEELA9BAF\chunk_20260701-1730-NEELA9BAF\events.jsonl,924,20260701-1730-NEELA9BAF,scr_smart_1782927907180_monitor_1_post.jpg | screenshots/scr_smart_1782927907180_monitor_1_post.jpg,True
ses_20260701-173642-NEELA9BAF,18,2026-07-01T17:45:00.813Z,2026-07-01T17:45:10.813Z,2026-07-01T17:45:09.476000+00:00,evt_c1a4eae0-e528-49f1-9d90-5691e024f5db,C:\Users\Gaurav Rathod\Downloads\automation-proposal\raw_data\dataset-downloads\dataset_b-20260908T164438Z-1-001\dataset_b\ses_20260701-173642-NEELA9BAF\chunk_20260701-1730-NEELA9BAF\events.jsonl,927,20260701-1730-NEELA9BAF,scr_smart_1782927909476_monitor_1_post.jpg | screenshots/scr_smart_1782927909476_monitor_1_post.jpg,True
ses_20260701-173642-NEELA9BAF,19,2026-07-01T17:45:10.813Z,2026-07-01T17:45:22.813Z,2026-07-01T17:45:13.490000+00:00,evt_56f68d81-62fb-4d79-9660-585d3abfa98a,C:\Users\Gaurav Rathod\Downloads\automation-proposal\raw_data\dataset-downloads\dataset_b-20260908T164438Z-1-001\dataset_b\ses_20260701-173642-NEELA9BAF\chunk_20260701-1730-NEELA9BAF\events.jsonl,931,20260701-1730-NEELA9BAF,scr_smart_1782927913490_monitor_1_post.jpg | screenshots/scr_smart_1782927913490_monitor_1_post.jpg,True
ses_20260701-173642-NEELA9BAF,19,2026-07-01T17:45:10.813Z,2026-07-01T17:45:22.813Z,2026-07-01T17:45:14.781000+00:00,evt_5642aaca-150b-461a-8ccc-d115f8d568f7,C:\Users\Gaurav Rathod\Downloads\automation-proposal\raw_data\dataset-downloads\dataset_b-20260908T164438Z-1-001\dataset_b\ses_20260701-173642-NEELA9BAF\chunk_20260701-1730-NEELA9BAF\events.jsonl,934,20260701-1730-NEELA9BAF,scr_smart_1782927914781_monitor_1_post.jpg | screenshots/scr_smart_1782927914781_monitor_1_post.jpg,True
ses_20260701-173642-NEELA9BAF,19,2026-07-01T17:45:10.813Z,2026-07-01T17:45:22.813Z,2026-07-01T17:45:18.689000+00:00,evt_f0f54372-fbed-4668-ac9b-9fc2b433787c,C:\Users\Gaurav Rathod\Downloads\automation-proposal\raw_data\dataset-downloads\dataset_b-20260908T164438Z-1-001\dataset_b\ses_20260701-173642-NEELA9BAF\chunk_20260701-1730-NEELA9BAF\events.jsonl,936,20260701-1730-NEELA9BAF,scr_smart_1782927918689_monitor_1_post.jpg | screenshots/scr_smart_1782927918689_monitor_1_post.jpg,True
ses_20260701-173642-NEELA9BAF,19,2026-07-01T17:45:10.813Z,2026-07-01T17:45:22.813Z,2026-07-01T17:45:19.702000+00:00,evt_40fac1cf-c694-4457-9887-aa33d7a90a24,C:\Users\Gaurav Rathod\Downloads\automation-proposal\raw_data\dataset-downloads\dataset_b-20260908T164438Z-1-001\dataset_b\ses_20260701-173642-NEELA9BAF\chunk_20260701-1730-NEELA9BAF\events.jsonl,943,20260701-1730-NEELA9BAF,scr_smart_1782927919702_monitor_1_post.jpg | screenshots/scr_smart_1782927919702_monitor_1_post.jpg,True
ses_20260701-173642-NEELA9BAF,19,2026-07-01T17:45:10.813Z,2026-07-01T17:45:22.813Z,2026-07-01T17:45:22.209000+00:00,evt_922ba654-229a-41dd-93d3-c33664408acf,C:\Users\Gaurav Rathod\Downloads\automation-proposal\raw_data\dataset-downloads\dataset_b-20260908T164438Z-1-001\dataset_b\ses_20260701-173642-NEELA9BAF\chunk_20260701-1730-NEELA9BAF\events.jsonl,946,20260701-1730-NEELA9BAF,scr_smart_1782927922209_monitor_1_post.jpg | screenshots/scr_smart_1782927922209_monitor_1_post.jpg,True
ses_20260701-173642-NEELA9BAF,20,2026-07-01T17:45:22.813Z,2026-07-01T17:45:30.813Z,2026-07-01T17:45:24.123000+00:00,evt_6c9f403e-e7ab-4793-9219-606cb793389e,C:\Users\Gaurav Rathod\Downloads\automation-proposal\raw_data\dataset-downloads\dataset_b-20260908T164438Z-1-001\dataset_b\ses_20260701-173642-NEELA9BAF\chunk_20260701-1730-NEELA9BAF\events.jsonl,949,20260701-1730-NEELA9BAF,scr_smart_1782927924123_monitor_1_post.jpg | screenshots/scr_smart_1782927924123_monitor_1_post.jpg,True
ses_20260701-173642-NEELA9BAF,20,2026-07-01T17:45:22.813Z,2026-07-01T17:45:30.813Z,2026-07-01T17:45:27.934000+00:00,evt_a7dc8162-e617-4751-ba54-0c802aba248f,C:\Users\Gaurav Rathod\Downloads\automation-proposal\raw_data\dataset-downloads\dataset_b-20260908T164438Z-1-001\dataset_b\ses_20260701-173642-NEELA9BAF\chunk_20260701-1730-NEELA9BAF\events.jsonl,952,20260701-1730-NEELA9BAF,scr_smart_1782927927934_monitor_1_post.jpg | screenshots/scr_smart_1782927927934_monitor_1_post.jpg,True
ses_20260701-173642-NEELA9BAF,20,2026-07-01T17:45:22.813Z,2026-07-01T17:45:30.813Z,2026-07-01T17:45:29.031000+00:00,evt_e83015fd-2e49-46a8-9045-4fcb503e69db,C:\Users\Gaurav Rathod\Downloads\automation-proposal\raw_data\dataset-downloads\dataset_b-20260908T164438Z-1-001\dataset_b\ses_20260701-173642-NEELA9BAF\chunk_20260701-1730-NEELA9BAF\events.jsonl,955,20260701-1730-NEELA9BAF,scr_smart_1782927929031_monitor_1_post.jpg | screenshots/scr_smart_1782927929031_monitor_1_post.jpg,True
ses_20260701-173642-NEELA9BAF,20,2026-07-01T17:45:22.813Z,2026-07-01T17:45:30.813Z,2026-07-01T17:45:30.021000+00:00,evt_8b5eb15b-f9a2-43a0-baa9-8ee892236119,C:\Users\Gaurav Rathod\Downloads\automation-proposal\raw_data\dataset-downloads\dataset_b-20260908T164438Z-1-001\dataset_b\ses_20260701-173642-NEELA9BAF\chunk_20260701-1730-NEELA9BAF\events.jsonl,962,20260701-1730-NEELA9BAF,scr_smart_1782927930021_monitor_1_post.jpg | screenshots/scr_smart_1782927930021_monitor_1_post.jpg,True
ses_20260701-173642-NEELA9BAF,21,2026-07-01T17:45:30.813Z,2026-07-01T17:46:04.813Z,2026-07-01T17:45:32.518000+00:00,evt_bd81cd23-3c9d-4075-a7ad-f772ac3f6e41,C:\Users\Gaurav Rathod\Downloads\automation-proposal\raw_data\dataset-downloads\dataset_b-20260908T164438Z-1-001\dataset_b\ses_20260701-173642-NEELA9BAF\chunk_20260701-1730-NEELA9BAF\events.jsonl,965,20260701-1730-NEELA9BAF,scr_smart_1782927932518_monitor_1_post.jpg | screenshots/scr_smart_1782927932518_monitor_1_post.jpg,True
ses_20260701-173642-NEELA9BAF,21,2026-07-01T17:45:30.813Z,2026-07-01T17:46:04.813Z,2026-07-01T17:45:35.258000+00:00,evt_8f643fe4-11cc-46cb-a9bb-9eb7b031bcd5,C:\Users\Gaurav Rathod\Downloads\automation-proposal\raw_data\dataset-downloads\dataset_b-20260908T164438Z-1-001\dataset_b\ses_20260701-173642-NEELA9BAF\chunk_20260701-1730-NEELA9BAF\events.jsonl,970,20260701-1730-NEELA9BAF,scr_smart_1782927935258_monitor_1_post.jpg | screenshots/scr_smart_1782927935258_monitor_1_post.jpg,True
ses_20260701-173642-NEELA9BAF,21,2026-07-01T17:45:30.813Z,2026-07-01T17:46:04.813Z,2026-07-01T17:45:39.397000+00:00,evt_f152760a-3903-4007-bac6-f11aed7ee370,C:\Users\Gaurav Rathod\Downloads\automation-proposal\raw_data\dataset-downloads\dataset_b-20260908T164438Z-1-001\dataset_b\ses_20260701-173642-NEELA9BAF\chunk_20260701-1730-NEELA9BAF\events.jsonl,988,20260701-1730-NEELA9BAF,scr_smart_1782927939397_monitor_1_post.jpg | screenshots/scr_smart_1782927939397_monitor_1_post.jpg,True
ses_20260701-173642-NEELA9BAF,21,2026-07-01T17:45:30.813Z,2026-07-01T17:46:04.813Z,2026-07-01T17:45:39.944000+00:00,evt_69dff685-a1f8-4ea8-b870-20e46b9f9caa,C:\Users\Gaurav Rathod\Downloads\automation-proposal\raw_data\dataset-downloads\dataset_b-20260908T164438Z-1-001\dataset_b\ses_20260701-173642-NEELA9BAF\chunk_20260701-1730-NEELA9BAF\events.jsonl,995,20260701-1730-NEELA9BAF,scr_smart_1782927939944_monitor_1_post.jpg | screenshots/scr_smart_1782927939944_monitor_1_post.jpg,True
ses_20260701-173642-NEELA9BAF,21,2026-07-01T17:45:30.813Z,2026-07-01T17:46:04.813Z,2026-07-01T17:45:40.563000+00:00,evt_2de97a10-d0d4-440d-9536-97fbb97d77bf,C:\Users\Gaurav Rathod\Downloads\automation-proposal\raw_data\dataset-downloads\dataset_b-20260908T164438Z-1-001\dataset_b\ses_20260701-173642-NEELA9BAF\chunk_20260701-1730-NEELA9BAF\events.jsonl,999,20260701-1730-NEELA9BAF,scr_smart_1782927940563_monitor_1_post.jpg | screenshots/scr_smart_1782927940563_monitor_1_post.jpg,True
ses_20260701-173642-NEELA9BAF,21,2026-07-01T17:45:30.813Z,2026-07-01T17:46:04.813Z,2026-07-01T17:45:41.836000+00:00,evt_90f76e52-cb87-4370-8db3-563d89f3efbf,C:\Users\Gaurav Rathod\Downloads\automation-proposal\raw_data\dataset-downloads\dataset_b-20260908T164438Z-1-001\dataset_b\ses_20260701-173642-NEELA9BAF\chunk_20260701-1730-NEELA9BAF\events.jsonl,1003,20260701-1730-NEELA9BAF,scr_smart_1782927941836_monitor_1_post.jpg | screenshots/scr_smart_1782927941836_monitor_1_post.jpg,True
ses_20260701-173642-NEELA9BAF,21,2026-07-01T17:45:30.813Z,2026-07-01T17:46:04.813Z,2026-07-01T17:45:43.273000+00:00,evt_0af446b9-f7be-40f7-868a-3654cf6c0db7,C:\Users\Gaurav Rathod\Downloads\automation-proposal\raw_data\dataset-downloads\dataset_b-20260908T164438Z-1-001\dataset_b\ses_20260701-173642-NEELA9BAF\chunk_20260701-1730-NEELA9BAF\events.jsonl,1008,20260701-1730-NEELA9BAF,scr_smart_1782927943273_monitor_1_post.jpg | screenshots/scr_smart_1782927943273_monitor_1_post.jpg,True
ses_20260701-173642-NEELA9BAF,21,2026-07-01T17:45:30.813Z,2026-07-01T17:46:04.813Z,2026-07-01T17:45:46.754000+00:00,evt_50213b5a-2b26-4815-bc33-18ac46dec7a1,C:\Users\Gaurav Rathod\Downloads\automation-proposal\raw_data\dataset-downloads\dataset_b-20260908T164438Z-1-001\dataset_b\ses_20260701-173642-NEELA9BAF\chunk_20260701-1730-NEELA9BAF\events.jsonl,1013,20260701-1730-NEELA9BAF,scr_smart_1782927946754_monitor_1_post.jpg | screenshots/scr_smart_1782927946754_monitor_1_post.jpg,True
ses_20260701-173642-NEELA9BAF,21,2026-07-01T17:45:30.813Z,2026-07-01T17:46:04.813Z,2026-07-01T17:45:48.329000+00:00,evt_2ff5f6e8-9388-491f-8408-896a9b3a3c4e,C:\Users\Gaurav Rathod\Downloads\automation-proposal\raw_data\dataset-downloads\dataset_b-20260908T164438Z-1-001\dataset_b\ses_20260701-173642-NEELA9BAF\chunk_20260701-1730-NEELA9BAF\events.jsonl,1016,20260701-1730-NEELA9BAF,scr_smart_1782927948329_monitor_1_post.jpg | screenshots/scr_smart_1782927948329_monitor_1_post.jpg,True
ses_20260701-173642-NEELA9BAF,21,2026-07-01T17:45:30.813Z,2026-07-01T17:46:04.813Z,2026-07-01T17:45:51.740000+00:00,evt_86ebe2ca-4612-4744-a8ba-f747ceedfd48,C:\Users\Gaurav Rathod\Downloads\automation-proposal\raw_data\dataset-downloads\dataset_b-20260908T164438Z-1-001\dataset_b\ses_20260701-173642-NEELA9BAF\chunk_20260701-1730-NEELA9BAF\events.jsonl,1018,20260701-1730-NEELA9BAF,scr_smart_1782927951740_monitor_1_post.jpg | screenshots/scr_smart_1782927951740_monitor_1_post.jpg,True
ses_20260701-173642-NEELA9BAF,21,2026-07-01T17:45:30.813Z,2026-07-01T17:46:04.813Z,2026-07-01T17:45:52.362000+00:00,evt_6c7d91e8-d7cc-4e0b-9848-577771dc6690,C:\Users\Gaurav Rathod\Downloads\automation-proposal\raw_data\dataset-downloads\dataset_b-20260908T164438Z-1-001\dataset_b\ses_20260701-173642-NEELA9BAF\chunk_20260701-1730-NEELA9BAF\events.jsonl,1020,20260701-1730-NEELA9BAF,scr_smart_1782927952362_monitor_1_post.jpg | screenshots/scr_smart_1782927952362_monitor_1_post.jpg,True
ses_20260701-173642-NEELA9BAF,21,2026-07-01T17:45:30.813Z,2026-07-01T17:46:04.813Z,2026-07-01T17:45:52.834000+00:00,evt_e98f373b-754c-4602-9f32-77e640bb3631,C:\Users\Gaurav Rathod\Downloads\automation-proposal\raw_data\dataset-downloads\dataset_b-20260908T164438Z-1-001\dataset_b\ses_20260701-173642-NEELA9BAF\chunk_20260701-1730-NEELA9BAF\events.jsonl,1026,20260701-1730-NEELA9BAF,scr_smart_1782927952834_monitor_1_post.jpg | screenshots/scr_smart_1782927952834_monitor_1_post.jpg,True
ses_20260701-173642-NEELA9BAF,21,2026-07-01T17:45:30.813Z,2026-07-01T17:46:04.813Z,2026-07-01T17:45:54.921000+00:00,evt_72633d59-ffb5-4dac-bc46-f267dd963b6e,C:\Users\Gaurav Rathod\Downloads\automation-proposal\raw_data\dataset-downloads\dataset_b-20260908T164438Z-1-001\dataset_b\ses_20260701-173642-NEELA9BAF\chunk_20260701-1730-NEELA9BAF\events.jsonl,1029,20260701-1730-NEELA9BAF,scr_smart_1782927954921_monitor_1_post.jpg | screenshots/scr_smart_1782927954921_monitor_1_post.jpg,True
ses_20260701-173642-NEELA9BAF,21,2026-07-01T17:45:30.813Z,2026-07-01T17:46:04.813Z,2026-07-01T17:46:00.589000+00:00,evt_f2cec88d-14a9-4136-be37-4e40f0569bcb,C:\Users\Gaurav Rathod\Downloads\automation-proposal\raw_data\dataset-downloads\dataset_b-20260908T164438Z-1-001\dataset_b\ses_20260701-173642-NEELA9BAF\chunk_20260701-1730-NEELA9BAF\events.jsonl,1034,20260701-1730-NEELA9BAF,scr_smart_1782927960589_monitor_1_post.jpg | screenshots/scr_smart_1782927960589_monitor_1_post.jpg,True
ses_20260701-175258-LAPTOP-76QMG9DE,1,2026-07-01T17:54:18.085Z,2026-07-01T17:54:28.085Z,2026-07-01T17:54:20.794000+00:00,evt_d3537d67-cb07-47dc-bd6f-c9ad1216ebcf,C:\Users\Gaurav Rathod\Downloads\automation-proposal\raw_data\dataset-downloads\dataset_b-20260908T164438Z-1-001\dataset_b\ses_20260701-175258-LAPTOP-76QMG9DE\chunk_20260701-1730-LAPTOP-76QMG9DE\events.jsonl,158,20260701-1730-LAPTOP-76QMG9DE,scr_smart_1782928460794_monitor_1_post.jpg | screenshots/scr_smart_1782928460794_monitor_1_post.jpg,True
ses_20260701-175258-LAPTOP-76QMG9DE,1,2026-07-01T17:54:18.085Z,2026-07-01T17:54:28.085Z,2026-07-01T17:54:22.557000+00:00,evt_b0b0c0c0-2566-4bad-b467-2438b7d39e4f,C:\Users\Gaurav Rathod\Downloads\automation-proposal\raw_data\dataset-downloads\dataset_b-20260908T164438Z-1-001\dataset_b\ses_20260701-175258-LAPTOP-76QMG9DE\chunk_20260701-1730-LAPTOP-76QMG9DE\events.jsonl,160,20260701-1730-LAPTOP-76QMG9DE,scr_smart_1782928462557_monitor_1_post.jpg | screenshots/scr_smart_1782928462557_monitor_1_post.jpg,True
ses_20260701-175258-LAPTOP-76QMG9DE,1,2026-07-01T17:54:18.085Z,2026-07-01T17:54:28.085Z,2026-07-01T17:54:23.305000+00:00,evt_b6ecb1f0-cb58-4cfb-9095-ec23dd147473,C:\Users\Gaurav Rathod\Downloads\automation-proposal\raw_data\dataset-downloads\dataset_b-20260908T164438Z-1-001\dataset_b\ses_20260701-175258-LAPTOP-76QMG9DE\chunk_20260701-1730-LAPTOP-76QMG9DE\events.jsonl,162,20260701-1730-LAPTOP-76QMG9DE,scr_smart_1782928463305_monitor_1_post.jpg | screenshots/scr_smart_1782928463305_monitor_1_post.jpg,True
ses_20260701-175258-LAPTOP-76QMG9DE,1,2026-07-01T17:54:18.085Z,2026-07-01T17:54:28.085Z,2026-07-01T17:54:24.153000+00:00,evt_b2e97640-d098-400b-b29f-5fb4dc0d1880,C:\Users\Gaurav Rathod\Downloads\automation-proposal\raw_data\dataset-downloads\dataset_b-20260908T164438Z-1-001\dataset_b\ses_20260701-175258-LAPTOP-76QMG9DE\chunk_20260701-1730-LAPTOP-76QMG9DE\events.jsonl,165,20260701-1730-LAPTOP-76QMG9DE,scr_smart_1782928464153_monitor_1_post.jpg | screenshots/scr_smart_1782928464153_monitor_1_post.jpg,True
ses_20260701-175258-LAPTOP-76QMG9DE,1,2026-07-01T17:54:18.085Z,2026-07-01T17:54:28.085Z,2026-07-01T17:54:24.684000+00:00,evt_9e475d50-2cf7-4935-af18-78bf09f9182e,C:\Users\Gaurav Rathod\Downloads\automation-proposal\raw_data\dataset-downloads\dataset_b-20260908T164438Z-1-001\dataset_b\ses_20260701-175258-LAPTOP-76QMG9DE\chunk_20260701-1730-LAPTOP-76QMG9DE\events.jsonl,167,20260701-1730-LAPTOP-76QMG9DE,scr_smart_1782928464684_monitor_1_post.jpg | screenshots/scr_smart_1782928464684_monitor_1_post.jpg,True
ses_20260701-175258-LAPTOP-76QMG9DE,1,2026-07-01T17:54:18.085Z,2026-07-01T17:54:28.085Z,2026-07-01T17:54:25.258000+00:00,evt_c38393a7-c88c-4505-9cde-bb7dd02c0bbb,C:\Users\Gaurav Rathod\Downloads\automation-proposal\raw_data\dataset-downloads\dataset_b-20260908T164438Z-1-001\dataset_b\ses_20260701-175258-LAPTOP-76QMG9DE\chunk_20260701-1730-LAPTOP-76QMG9DE\events.jsonl,173,20260701-1730-LAPTOP-76QMG9DE,scr_smart_1782928465258_monitor_1_post.jpg | screenshots/scr_smart_1782928465258_monitor_1_post.jpg,True
ses_20260701-175258-LAPTOP-76QMG9DE,1,2026-07-01T17:54:18.085Z,2026-07-01T17:54:28.085Z,2026-07-01T17:54:27.408000+00:00,evt_8455d313-80a3-4063-b638-bec04c9b259a,C:\Users\Gaurav Rathod\Downloads\automation-proposal\raw_data\dataset-downloads\dataset_b-20260908T164438Z-1-001\dataset_b\ses_20260701-175258-LAPTOP-76QMG9DE\chunk_20260701-1730-LAPTOP-76QMG9DE\events.jsonl,176,20260701-1730-LAPTOP-76QMG9DE,scr_smart_1782928467408_monitor_1_post.jpg | screenshots/scr_smart_1782928467408_monitor_1_post.jpg,True
ses_20260701-175258-LAPTOP-76QMG9DE,2,2026-07-01T17:54:28.085Z,2026-07-01T17:54:36.085Z,2026-07-01T17:54:29.466000+00:00,evt_4747b56e-137e-4e5c-a28a-a53fce09469e,C:\Users\Gaurav Rathod\Downloads\automation-proposal\raw_data\dataset-downloads\dataset_b-20260908T164438Z-1-001\dataset_b\ses_20260701-175258-LAPTOP-76QMG9DE\chunk_20260701-1730-LAPTOP-76QMG9DE\events.jsonl,179,20260701-1730-LAPTOP-76QMG9DE,scr_smart_1782928469466_monitor_1_post.jpg | screenshots/scr_smart_1782928469466_monitor_1_post.jpg,True
ses_20260701-175258-LAPTOP-76QMG9DE,2,2026-07-01T17:54:28.085Z,2026-07-01T17:54:36.085Z,2026-07-01T17:54:32.560000+00:00,evt_45eb6e98-9ae7-4294-a8ed-5d7e2d6842a9,C:\Users\Gaurav Rathod\Downloads\automation-proposal\raw_data\dataset-downloads\dataset_b-20260908T164438Z-1-001\dataset_b\ses_20260701-175258-LAPTOP-76QMG9DE\chunk_20260701-1730-LAPTOP-76QMG9DE\events.jsonl,181,20260701-1730-LAPTOP-76QMG9DE,scr_smart_1782928472560_monitor_1_post.jpg | screenshots/scr_smart_1782928472560_monitor_1_post.jpg,True
ses_20260701-175258-LAPTOP-76QMG9DE,2,2026-07-01T17:54:28.085Z,2026-07-01T17:54:36.085Z,2026-07-01T17:54:33.100000+00:00,evt_a8ba8c65-cb8a-4ca3-ab0b-a6dacd44d100,C:\Users\Gaurav Rathod\Downloads\automation-proposal\raw_data\dataset-downloads\dataset_b-20260908T164438Z-1-001\dataset_b\ses_20260701-175258-LAPTOP-76QMG9DE\chunk_20260701-1730-LAPTOP-76QMG9DE\events.jsonl,183,20260701-1730-LAPTOP-76QMG9DE,scr_smart_1782928473100_monitor_1_post.jpg | screenshots/scr_smart_1782928473100_monitor_1_post.jpg,True
ses_20260701-175258-LAPTOP-76QMG9DE,2,2026-07-01T17:54:28.085Z,2026-07-01T17:54:36.085Z,2026-07-01T17:54:34.229000+00:00,evt_ad1dee05-47f7-4fef-9c45-eba9c0d73cb4,C:\Users\Gaurav Rathod\Downloads\automation-proposal\raw_data\dataset-downloads\dataset_b-20260908T164438Z-1-001\dataset_b\ses_20260701-175258-LAPTOP-76QMG9DE\chunk_20260701-1730-LAPTOP-76QMG9DE\events.jsonl,186,20260701-1730-LAPTOP-76QMG9DE,scr_smart_1782928474229_monitor_1_post.jpg | screenshots/scr_smart_1782928474229_monitor_1_post.jpg,True
ses_20260701-175258-LAPTOP-76QMG9DE,2,2026-07-01T17:54:28.085Z,2026-07-01T17:54:36.085Z,2026-07-01T17:54:35.405000+00:00,evt_27ead6b2-0465-47ec-8b8f-199958e1190d,C:\Users\Gaurav Rathod\Downloads\automation-proposal\raw_data\dataset-downloads\dataset_b-20260908T164438Z-1-001\dataset_b\ses_20260701-175258-LAPTOP-76QMG9DE\chunk_20260701-1730-LAPTOP-76QMG9DE\events.jsonl,193,20260701-1730-LAPTOP-76QMG9DE,scr_smart_1782928475405_monitor_1_post.jpg | screenshots/scr_smart_1782928475405_monitor_1_post.jpg,True
ses_20260701-175258-LAPTOP-76QMG9DE,3,2026-07-01T17:54:36.085Z,2026-07-01T17:54:58.085Z,2026-07-01T17:54:37.570000+00:00,evt_bf09997e-f042-4e33-b344-ffbcd47331a1,C:\Users\Gaurav Rathod\Downloads\automation-proposal\raw_data\dataset-downloads\dataset_b-20260908T164438Z-1-001\dataset_b\ses_20260701-175258-LAPTOP-76QMG9DE\chunk_20260701-1730-LAPTOP-76QMG9DE\events.jsonl,196,20260701-1730-LAPTOP-76QMG9DE,scr_smart_1782928477570_monitor_1_post.jpg | screenshots/scr_smart_1782928477570_monitor_1_post.jpg,True
ses_20260701-175258-LAPTOP-76QMG9DE,3,2026-07-01T17:54:36.085Z,2026-07-01T17:54:58.085Z,2026-07-01T17:54:39.415000+00:00,evt_ea48877b-baee-4a13-bb9a-8c6f9cc37d9a,C:\Users\Gaurav Rathod\Downloads\automation-proposal\raw_data\dataset-downloads\dataset_b-20260908T164438Z-1-001\dataset_b\ses_20260701-175258-LAPTOP-76QMG9DE\chunk_20260701-1730-LAPTOP-76QMG9DE\events.jsonl,199,20260701-1730-LAPTOP-76QMG9DE,scr_smart_1782928479415_monitor_1_post.jpg | screenshots/scr_smart_1782928479415_monitor_1_post.jpg,True
ses_20260701-175258-LAPTOP-76QMG9DE,3,2026-07-01T17:54:36.085Z,2026-07-01T17:54:58.085Z,2026-07-01T17:54:39.945000+00:00,evt_2427ec3b-9f70-4893-91e1-5c58133959e8,C:\Users\Gaurav Rathod\Downloads\automation-proposal\raw_data\dataset-downloads\dataset_b-20260908T164438Z-1-001\dataset_b\ses_20260701-175258-LAPTOP-76QMG9DE\chunk_20260701-1730-LAPTOP-76QMG9DE\events.jsonl,207,20260701-1730-LAPTOP-76QMG9DE,scr_smart_1782928479945_monitor_1_post.jpg | screenshots/scr_smart_1782928479945_monitor_1_post.jpg,True
ses_20260701-175258-LAPTOP-76QMG9DE,3,2026-07-01T17:54:36.085Z,2026-07-01T17:54:58.085Z,2026-07-01T17:54:43.107000+00:00,evt_f729bc3b-9a06-4df9-8d30-c271e3be98ae,C:\Users\Gaurav Rathod\Downloads\automation-proposal\raw_data\dataset-downloads\dataset_b-20260908T164438Z-1-001\dataset_b\ses_20260701-175258-LAPTOP-76QMG9DE\chunk_20260701-1730-LAPTOP-76QMG9DE\events.jsonl,210,20260701-1730-LAPTOP-76QMG9DE,scr_smart_1782928483107_monitor_1_post.jpg | screenshots/scr_smart_1782928483107_monitor_1_post.jpg,True
ses_20260701-175258-LAPTOP-76QMG9DE,3,2026-07-01T17:54:36.085Z,2026-07-01T17:54:58.085Z,2026-07-01T17:54:44.548000+00:00,evt_159936d5-dc89-4b3a-b908-61086b6c5073,C:\Users\Gaurav Rathod\Downloads\automation-proposal\raw_data\dataset-downloads\dataset_b-20260908T164438Z-1-001\dataset_b\ses_20260701-175258-LAPTOP-76QMG9DE\chunk_20260701-1730-LAPTOP-76QMG9DE\events.jsonl,213,20260701-1730-LAPTOP-76QMG9DE,scr_smart_1782928484548_monitor_1_post.jpg | screenshots/scr_smart_1782928484548_monitor_1_post.jpg,True
ses_20260701-175258-LAPTOP-76QMG9DE,3,2026-07-01T17:54:36.085Z,2026-07-01T17:54:58.085Z,2026-07-01T17:54:45.380000+00:00,evt_a2b2a3a0-5626-42fb-8878-741a13accb28,C:\Users\Gaurav Rathod\Downloads\automation-proposal\raw_data\dataset-downloads\dataset_b-20260908T164438Z-1-001\dataset_b\ses_20260701-175258-LAPTOP-76QMG9DE\chunk_20260701-1730-LAPTOP-76QMG9DE\events.jsonl,220,20260701-1730-LAPTOP-76QMG9DE,scr_smart_1782928485380_monitor_1_post.jpg | screenshots/scr_smart_1782928485380_monitor_1_post.jpg,True
ses_20260701-175258-LAPTOP-76QMG9DE,3,2026-07-01T17:54:36.085Z,2026-07-01T17:54:58.085Z,2026-07-01T17:54:47.438000+00:00,evt_305688e1-1222-4f65-8e61-7d04803bcfb7,C:\Users\Gaurav Rathod\Downloads\automation-proposal\raw_data\dataset-downloads\dataset_b-20260908T164438Z-1-001\dataset_b\ses_20260701-175258-LAPTOP-76QMG9DE\chunk_20260701-1730-LAPTOP-76QMG9DE\events.jsonl,223,20260701-1730-LAPTOP-76QMG9DE,scr_smart_1782928487438_monitor_1_post.jpg | screenshots/scr_smart_1782928487438_monitor_1_post.jpg,True
ses_20260701-175258-LAPTOP-76QMG9DE,3,2026-07-01T17:54:36.085Z,2026-07-01T17:54:58.085Z,2026-07-01T17:54:50.612000+00:00,evt_c0069d44-f5d2-44d5-a3ce-78e68a39cf0e,C:\Users\Gaurav Rathod\Downloads\automation-proposal\raw_data\dataset-downloads\dataset_b-20260908T164438Z-1-001\dataset_b\ses_20260701-175258-LAPTOP-76QMG9DE\chunk_20260701-1730-LAPTOP-76QMG9DE\events.jsonl,226,20260701-1730-LAPTOP-76QMG9DE,scr_smart_1782928490612_monitor_1_post.jpg | screenshots/scr_smart_1782928490612_monitor_1_post.jpg,True
ses_20260701-175258-LAPTOP-76QMG9DE,3,2026-07-01T17:54:36.085Z,2026-07-01T17:54:58.085Z,2026-07-01T17:54:51.067000+00:00,evt_95b05e6c-8246-4cf7-b708-c063b9e96052,C:\Users\Gaurav Rathod\Downloads\automation-proposal\raw_data\dataset-downloads\dataset_b-20260908T164438Z-1-001\dataset_b\ses_20260701-175258-LAPTOP-76QMG9DE\chunk_20260701-1730-LAPTOP-76QMG9DE\events.jsonl,229,20260701-1730-LAPTOP-76QMG9DE,scr_smart_1782928491067_monitor_1_post.jpg | screenshots/scr_smart_1782928491067_monitor_1_post.jpg,True
ses_20260701-175258-LAPTOP-76QMG9DE,3,2026-07-01T17:54:36.085Z,2026-07-01T17:54:58.085Z,2026-07-01T17:54:52.195000+00:00,evt_45a2eb87-7191-4b61-bd0e-ffb61a1b3d7b,C:\Users\Gaurav Rathod\Downloads\automation-proposal\raw_data\dataset-downloads\dataset_b-20260908T164438Z-1-001\dataset_b\ses_20260701-175258-LAPTOP-76QMG9DE\chunk_20260701-1730-LAPTOP-76QMG9DE\events.jsonl,232,20260701-1730-LAPTOP-76QMG9DE,scr_smart_1782928492195_monitor_1_post.jpg | screenshots/scr_smart_1782928492195_monitor_1_post.jpg,True
ses_20260701-175258-LAPTOP-76QMG9DE,3,2026-07-01T17:54:36.085Z,2026-07-01T17:54:58.085Z,2026-07-01T17:54:53.139000+00:00,evt_3597ac95-b335-4990-bb7f-d618cdfc8c63,C:\Users\Gaurav Rathod\Downloads\automation-proposal\raw_data\dataset-downloads\dataset_b-20260908T164438Z-1-001\dataset_b\ses_20260701-175258-LAPTOP-76QMG9DE\chunk_20260701-1730-LAPTOP-76QMG9DE\events.jsonl,239,20260701-1730-LAPTOP-76QMG9DE,scr_smart_1782928493139_monitor_1_post.jpg | screenshots/scr_smart_1782928493139_monitor_1_post.jpg,True
ses_20260701-175258-LAPTOP-76QMG9DE,3,2026-07-01T17:54:36.085Z,2026-07-01T17:54:58.085Z,2026-07-01T17:54:55.277000+00:00,evt_0beb6ecd-088b-45c5-aec5-6057193cb756,C:\Users\Gaurav Rathod\Downloads\automation-proposal\raw_data\dataset-downloads\dataset_b-20260908T164438Z-1-001\dataset_b\ses_20260701-175258-LAPTOP-76QMG9DE\chunk_20260701-1730-LAPTOP-76QMG9DE\events.jsonl,242,20260701-1730-LAPTOP-76QMG9DE,scr_smart_1782928495277_monitor_1_post.jpg | screenshots/scr_smart_1782928495277_monitor_1_post.jpg,True
ses_20260701-175258-LAPTOP-76QMG9DE,4,2026-07-01T17:54:58.085Z,2026-07-01T17:55:10.085Z,2026-07-01T17:55:01.329000+00:00,evt_2ec89cc9-7d52-4edf-82c3-f080b862c671,C:\Users\Gaurav Rathod\Downloads\automation-proposal\raw_data\dataset-downloads\dataset_b-20260908T164438Z-1-001\dataset_b\ses_20260701-175258-LAPTOP-76QMG9DE\chunk_20260701-1730-LAPTOP-76QMG9DE\events.jsonl,245,20260701-1730-LAPTOP-76QMG9DE,scr_smart_1782928501329_monitor_1_post.jpg | screenshots/scr_smart_1782928501329_monitor_1_post.jpg,True
ses_20260701-175258-LAPTOP-76QMG9DE,4,2026-07-01T17:54:58.085Z,2026-07-01T17:55:10.085Z,2026-07-01T17:55:01.999000+00:00,evt_427e392e-867e-4c31-a3d3-d6239fccb049,C:\Users\Gaurav Rathod\Downloads\automation-proposal\raw_data\dataset-downloads\dataset_b-20260908T164438Z-1-001\dataset_b\ses_20260701-175258-LAPTOP-76QMG9DE\chunk_20260701-1730-LAPTOP-76QMG9DE\events.jsonl,248,20260701-1730-LAPTOP-76QMG9DE,scr_smart_1782928501999_monitor_1_post.jpg | screenshots/scr_smart_1782928501999_monitor_1_post.jpg,True
ses_20260701-175258-LAPTOP-76QMG9DE,4,2026-07-01T17:54:58.085Z,2026-07-01T17:55:10.085Z,2026-07-01T17:55:04.036000+00:00,evt_07de2a88-a11b-431d-91be-44bbe556271d,C:\Users\Gaurav Rathod\Downloads\automation-proposal\raw_data\dataset-downloads\dataset_b-20260908T164438Z-1-001\dataset_b\ses_20260701-175258-LAPTOP-76QMG9DE\chunk_20260701-1730-LAPTOP-76QMG9DE\events.jsonl,252,20260701-1730-LAPTOP-76QMG9DE,scr_smart_1782928504036_monitor_1_post.jpg | screenshots/scr_smart_1782928504036_monitor_1_post.jpg,True
ses_20260701-175258-LAPTOP-76QMG9DE,4,2026-07-01T17:54:58.085Z,2026-07-01T17:55:10.085Z,2026-07-01T17:55:07.019000+00:00,evt_22ac8034-c342-4615-ab02-1bd38d9f8fd4,C:\Users\Gaurav Rathod\Downloads\automation-proposal\raw_data\dataset-downloads\dataset_b-20260908T164438Z-1-001\dataset_b\ses_20260701-175258-LAPTOP-76QMG9DE\chunk_20260701-1730-LAPTOP-76QMG9DE\events.jsonl,254,20260701-1730-LAPTOP-76QMG9DE,scr_smart_1782928507019_monitor_1_post.jpg | screenshots/scr_smart_1782928507019_monitor_1_post.jpg,True
ses_20260701-175258-LAPTOP-76QMG9DE,4,2026-07-01T17:54:58.085Z,2026-07-01T17:55:10.085Z,2026-07-01T17:55:07.553000+00:00,evt_2829294a-ef90-4615-a41c-75649495dfde,C:\Users\Gaurav Rathod\Downloads\automation-proposal\raw_data\dataset-downloads\dataset_b-20260908T164438Z-1-001\dataset_b\ses_20260701-175258-LAPTOP-76QMG9DE\chunk_20260701-1730-LAPTOP-76QMG9DE\events.jsonl,256,20260701-1730-LAPTOP-76QMG9DE,scr_smart_1782928507553_monitor_1_post.jpg | screenshots/scr_smart_1782928507553_monitor_1_post.jpg,True
ses_20260701-175258-LAPTOP-76QMG9DE,4,2026-07-01T17:54:58.085Z,2026-07-01T17:55:10.085Z,2026-07-01T17:55:08.080000+00:00,evt_7973017d-0ca8-4ba3-bf05-d0f5eeb08ab2,C:\Users\Gaurav Rathod\Downloads\automation-proposal\raw_data\dataset-downloads\dataset_b-20260908T164438Z-1-001\dataset_b\ses_20260701-175258-LAPTOP-76QMG9DE\chunk_20260701-1730-LAPTOP-76QMG9DE\events.jsonl,262,20260701-1730-LAPTOP-76QMG9DE,scr_smart_1782928508080_monitor_1_post.jpg | screenshots/scr_smart_1782928508080_monitor_1_post.jpg,True
ses_20260701-175258-LAPTOP-76QMG9DE,5,2026-07-01T17:55:10.085Z,2026-07-01T17:55:38.085Z,2026-07-01T17:55:10.142000+00:00,evt_d073c5b2-f192-485b-852a-2246b737139b,C:\Users\Gaurav Rathod\Downloads\automation-proposal\raw_data\dataset-downloads\dataset_b-20260908T164438Z-1-001\dataset_b\ses_20260701-175258-LAPTOP-76QMG9DE\chunk_20260701-1730-LAPTOP-76QMG9DE\events.jsonl,265,20260701-1730-LAPTOP-76QMG9DE,scr_smart_1782928510142_monitor_1_post.jpg | screenshots/scr_smart_1782928510142_monitor_1_post.jpg,True
ses_20260701-175258-LAPTOP-76QMG9DE,5,2026-07-01T17:55:10.085Z,2026-07-01T17:55:38.085Z,2026-07-01T17:55:11.594000+00:00,evt_261dc193-ac2b-4ca9-8315-046ceda29c0a,C:\Users\Gaurav Rathod\Downloads\automation-proposal\raw_data\dataset-downloads\dataset_b-20260908T164438Z-1-001\dataset_b\ses_20260701-175258-LAPTOP-76QMG9DE\chunk_20260701-1730-LAPTOP-76QMG9DE\events.jsonl,268,20260701-1730-LAPTOP-76QMG9DE,scr_smart_1782928511594_monitor_1_post.jpg | screenshots/scr_smart_1782928511594_monitor_1_post.jpg,True
ses_20260701-175258-LAPTOP-76QMG9DE,5,2026-07-01T17:55:10.085Z,2026-07-01T17:55:38.085Z,2026-07-01T17:55:12.237000+00:00,evt_864b1d49-d3b1-4c39-89ee-35576639c8ed,C:\Users\Gaurav Rathod\Downloads\automation-proposal\raw_data\dataset-downloads\dataset_b-20260908T164438Z-1-001\dataset_b\ses_20260701-175258-LAPTOP-76QMG9DE\chunk_20260701-1730-LAPTOP-76QMG9DE\events.jsonl,276,20260701-1730-LAPTOP-76QMG9DE,scr_smart_1782928512237_monitor_1_post.jpg | screenshots/scr_smart_1782928512237_monitor_1_post.jpg,True
ses_20260701-175258-LAPTOP-76QMG9DE,5,2026-07-01T17:55:10.085Z,2026-07-01T17:55:38.085Z,2026-07-01T17:55:15.194000+00:00,evt_5116e8a4-c40a-4f9b-b6ea-32fedc0ceab9,C:\Users\Gaurav Rathod\Downloads\automation-proposal\raw_data\dataset-downloads\dataset_b-20260908T164438Z-1-001\dataset_b\ses_20260701-175258-LAPTOP-76QMG9DE\chunk_20260701-1730-LAPTOP-76QMG9DE\events.jsonl,279,20260701-1730-LAPTOP-76QMG9DE,scr_smart_1782928515194_monitor_1_post.jpg | screenshots/scr_smart_1782928515194_monitor_1_post.jpg,True
ses_20260701-175258-LAPTOP-76QMG9DE,5,2026-07-01T17:55:10.085Z,2026-07-01T17:55:38.085Z,2026-07-01T17:55:15.747000+00:00,evt_b86273c3-3a2a-464d-8b83-a2d9525d8393,C:\Users\Gaurav Rathod\Downloads\automation-proposal\raw_data\dataset-downloads\dataset_b-20260908T164438Z-1-001\dataset_b\ses_20260701-175258-LAPTOP-76QMG9DE\chunk_20260701-1730-LAPTOP-76QMG9DE\events.jsonl,282,20260701-1730-LAPTOP-76QMG9DE,scr_smart_1782928515747_monitor_1_post.jpg | screenshots/scr_smart_1782928515747_monitor_1_post.jpg,True
ses_20260701-175258-LAPTOP-76QMG9DE,5,2026-07-01T17:55:10.085Z,2026-07-01T17:55:38.085Z,2026-07-01T17:55:16.985000+00:00,evt_adbc6b6f-c9ce-49f6-8d65-e6b7fb59ad77,C:\Users\Gaurav Rathod\Downloads\automation-proposal\raw_data\dataset-downloads\dataset_b-20260908T164438Z-1-001\dataset_b\ses_20260701-175258-LAPTOP-76QMG9DE\chunk_20260701-1730-LAPTOP-76QMG9DE\events.jsonl,285,20260701-1730-LAPTOP-76QMG9DE,scr_smart_1782928516985_monitor_1_post.jpg | screenshots/scr_smart_1782928516985_monitor_1_post.jpg,True
ses_20260701-175258-LAPTOP-76QMG9DE,5,2026-07-01T17:55:10.085Z,2026-07-01T17:55:38.085Z,2026-07-01T17:55:18.027000+00:00,evt_acffba53-ea2a-4086-92a8-6cebce392735,C:\Users\Gaurav Rathod\Downloads\automation-proposal\raw_data\dataset-downloads\dataset_b-20260908T164438Z-1-001\dataset_b\ses_20260701-175258-LAPTOP-76QMG9DE\chunk_20260701-1730-LAPTOP-76QMG9DE\events.jsonl,292,20260701-1730-LAPTOP-76QMG9DE,scr_smart_1782928518027_monitor_1_post.jpg | screenshots/scr_smart_1782928518027_monitor_1_post.jpg,True
ses_20260701-175258-LAPTOP-76QMG9DE,5,2026-07-01T17:55:10.085Z,2026-07-01T17:55:38.085Z,2026-07-01T17:55:20.065000+00:00,evt_64f54dc8-b586-4a5a-a90b-96ec3f183475,C:\Users\Gaurav Rathod\Downloads\automation-proposal\raw_data\dataset-downloads\dataset_b-20260908T164438Z-1-001\dataset_b\ses_20260701-175258-LAPTOP-76QMG9DE\chunk_20260701-1730-LAPTOP-76QMG9DE\events.jsonl,295,20260701-1730-LAPTOP-76QMG9DE,scr_smart_1782928520065_monitor_1_post.jpg | screenshots/scr_smart_1782928520065_monitor_1_post.jpg,True
ses_20260701-175258-LAPTOP-76QMG9DE,5,2026-07-01T17:55:10.085Z,2026-07-01T17:55:38.085Z,2026-07-01T17:55:21.810000+00:00,evt_a8b011ed-0a53-45a7-bd68-1d1fb6dfd085,C:\Users\Gaurav Rathod\Downloads\automation-proposal\raw_data\dataset-downloads\dataset_b-20260908T164438Z-1-001\dataset_b\ses_20260701-175258-LAPTOP-76QMG9DE\chunk_20260701-1730-LAPTOP-76QMG9DE\events.jsonl,298,20260701-1730-LAPTOP-76QMG9DE,scr_smart_1782928521810_monitor_1_post.jpg | screenshots/scr_smart_1782928521810_monitor_1_post.jpg,True
ses_20260701-175258-LAPTOP-76QMG9DE,5,2026-07-01T17:55:10.085Z,2026-07-01T17:55:38.085Z,2026-07-01T17:55:22.444000+00:00,evt_9bb77122-c25a-4aa5-8dcf-fb3a7edbf103,C:\Users\Gaurav Rathod\Downloads\automation-proposal\raw_data\dataset-downloads\dataset_b-20260908T164438Z-1-001\dataset_b\ses_20260701-175258-LAPTOP-76QMG9DE\chunk_20260701-1730-LAPTOP-76QMG9DE\events.jsonl,306,20260701-1730-LAPTOP-76QMG9DE,scr_smart_1782928522444_monitor_1_post.jpg | screenshots/scr_smart_1782928522444_monitor_1_post.jpg,True
ses_20260701-175258-LAPTOP-76QMG9DE,5,2026-07-01T17:55:10.085Z,2026-07-01T17:55:38.085Z,2026-07-01T17:55:26.114000+00:00,evt_d2733b5d-195d-46f1-a0cd-b0e63c85e0e2,C:\Users\Gaurav Rathod\Downloads\automation-proposal\raw_data\dataset-downloads\dataset_b-20260908T164438Z-1-001\dataset_b\ses_20260701-175258-LAPTOP-76QMG9DE\chunk_20260701-1730-LAPTOP-76QMG9DE\events.jsonl,309,20260701-1730-LAPTOP-76QMG9DE,scr_smart_1782928526114_monitor_1_post.jpg | screenshots/scr_smart_1782928526114_monitor_1_post.jpg,True
ses_20260701-175258-LAPTOP-76QMG9DE,5,2026-07-01T17:55:10.085Z,2026-07-01T17:55:38.085Z,2026-07-01T17:55:27.556000+00:00,evt_2d1a02ca-c745-47d9-adae-08394e72e864,C:\Users\Gaurav Rathod\Downloads\automation-proposal\raw_data\dataset-downloads\dataset_b-20260908T164438Z-1-001\dataset_b\ses_20260701-175258-LAPTOP-76QMG9DE\chunk_20260701-1730-LAPTOP-76QMG9DE\events.jsonl,313,20260701-1730-LAPTOP-76QMG9DE,scr_smart_1782928527556_monitor_1_post.jpg | screenshots/scr_smart_1782928527556_monitor_1_post.jpg,True
ses_20260701-175258-LAPTOP-76QMG9DE,5,2026-07-01T17:55:10.085Z,2026-07-01T17:55:38.085Z,2026-07-01T17:55:28.504000+00:00,evt_ef50b7a0-3ce9-4a7d-8886-a0ec15bf8f5c,C:\Users\Gaurav Rathod\Downloads\automation-proposal\raw_data\dataset-downloads\dataset_b-20260908T164438Z-1-001\dataset_b\ses_20260701-175258-LAPTOP-76QMG9DE\chunk_20260701-1730-LAPTOP-76QMG9DE\events.jsonl,320,20260701-1730-LAPTOP-76QMG9DE,scr_smart_1782928528504_monitor_1_post.jpg | screenshots/scr_smart_1782928528504_monitor_1_post.jpg,True
ses_20260701-175258-LAPTOP-76QMG9DE,5,2026-07-01T17:55:10.085Z,2026-07-01T17:55:38.085Z,2026-07-01T17:55:30.845000+00:00,evt_eb7b21b9-7e0a-480a-aaf6-223b5b68a437,C:\Users\Gaurav Rathod\Downloads\automation-proposal\raw_data\dataset-downloads\dataset_b-20260908T164438Z-1-001\dataset_b\ses_20260701-175258-LAPTOP-76QMG9DE\chunk_20260701-1730-LAPTOP-76QMG9DE\events.jsonl,323,20260701-1730-LAPTOP-76QMG9DE,scr_smart_1782928530845_monitor_1_post.jpg | screenshots/scr_smart_1782928530845_monitor_1_post.jpg,True
ses_20260701-175258-LAPTOP-76QMG9DE,5,2026-07-01T17:55:10.085Z,2026-07-01T17:55:38.085Z,2026-07-01T17:55:34.809000+00:00,evt_24172b6f-a2f2-43a3-86e4-3f92a191e41e,C:\Users\Gaurav Rathod\Downloads\automation-proposal\raw_data\dataset-downloads\dataset_b-20260908T164438Z-1-001\dataset_b\ses_20260701-175258-LAPTOP-76QMG9DE\chunk_20260701-1730-LAPTOP-76QMG9DE\events.jsonl,326,20260701-1730-LAPTOP-76QMG9DE,scr_smart_1782928534809_monitor_1_post.jpg | screenshots/scr_smart_1782928534809_monitor_1_post.jpg,True
ses_20260701-175258-LAPTOP-76QMG9DE,5,2026-07-01T17:55:10.085Z,2026-07-01T17:55:38.085Z,2026-07-01T17:55:35.362000+00:00,evt_3ae40785-5b04-4daa-b86b-bdcb70ce1c62,C:\Users\Gaurav Rathod\Downloads\automation-proposal\raw_data\dataset-downloads\dataset_b-20260908T164438Z-1-001\dataset_b\ses_20260701-175258-LAPTOP-76QMG9DE\chunk_20260701-1730-LAPTOP-76QMG9DE\events.jsonl,329,20260701-1730-LAPTOP-76QMG9DE,scr_smart_1782928535362_monitor_1_post.jpg | screenshots/scr_smart_1782928535362_monitor_1_post.jpg,True
ses_20260701-175258-LAPTOP-76QMG9DE,5,2026-07-01T17:55:10.085Z,2026-07-01T17:55:38.085Z,2026-07-01T17:55:36.708000+00:00,evt_470ef3e6-5914-4ad4-972c-37d7e919ecdb,C:\Users\Gaurav Rathod\Downloads\automation-proposal\raw_data\dataset-downloads\dataset_b-20260908T164438Z-1-001\dataset_b\ses_20260701-175258-LAPTOP-76QMG9DE\chunk_20260701-1730-LAPTOP-76QMG9DE\events.jsonl,332,20260701-1730-LAPTOP-76QMG9DE,scr_smart_1782928536708_monitor_1_post.jpg | screenshots/scr_smart_1782928536708_monitor_1_post.jpg,True
ses_20260701-175258-LAPTOP-76QMG9DE,5,2026-07-01T17:55:10.085Z,2026-07-01T17:55:38.085Z,2026-07-01T17:55:37.152000+00:00,evt_bcd004a8-6993-40ef-93a4-4d6cb573fa9e,C:\Users\Gaurav Rathod\Downloads\automation-proposal\raw_data\dataset-downloads\dataset_b-20260908T164438Z-1-001\dataset_b\ses_20260701-175258-LAPTOP-76QMG9DE\chunk_20260701-1730-LAPTOP-76QMG9DE\events.jsonl,334,20260701-1730-LAPTOP-76QMG9DE,scr_smart_1782928537152_monitor_1_post.jpg | screenshots/scr_smart_1782928537152_monitor_1_post.jpg,True
ses_20260701-175258-LAPTOP-76QMG9DE,5,2026-07-01T17:55:10.085Z,2026-07-01T17:55:38.085Z,2026-07-01T17:55:37.777000+00:00,evt_217b95a0-b9ee-4065-96d7-862af258b0be,C:\Users\Gaurav Rathod\Downloads\automation-proposal\raw_data\dataset-downloads\dataset_b-20260908T164438Z-1-001\dataset_b\ses_20260701-175258-LAPTOP-76QMG9DE\chunk_20260701-1730-LAPTOP-76QMG9DE\events.jsonl,340,20260701-1730-LAPTOP-76QMG9DE,scr_smart_1782928537777_monitor_1_post.jpg | screenshots/scr_smart_1782928537777_monitor_1_post.jpg,True
ses_20260701-175258-LAPTOP-76QMG9DE,6,2026-07-01T17:57:12.085Z,2026-07-01T17:57:34.085Z,2026-07-01T17:57:13.302000+00:00,evt_348bb288-2291-4b3f-adc5-ac67f8f890b2,C:\Users\Gaurav Rathod\Downloads\automation-proposal\raw_data\dataset-downloads\dataset_b-20260908T164438Z-1-001\dataset_b\ses_20260701-175258-LAPTOP-76QMG9DE\chunk_20260701-1730-LAPTOP-76QMG9DE\events.jsonl,509,20260701-1730-LAPTOP-76QMG9DE,scr_smart_1782928633302_monitor_1_post.jpg | screenshots/scr_smart_1782928633302_monitor_1_post.jpg,True
ses_20260701-175258-LAPTOP-76QMG9DE,6,2026-07-01T17:57:12.085Z,2026-07-01T17:57:34.085Z,2026-07-01T17:57:15.350000+00:00,evt_fd906492-05d8-4ffb-9eef-19e42220df4d,C:\Users\Gaurav Rathod\Downloads\automation-proposal\raw_data\dataset-downloads\dataset_b-20260908T164438Z-1-001\dataset_b\ses_20260701-175258-LAPTOP-76QMG9DE\chunk_20260701-1730-LAPTOP-76QMG9DE\events.jsonl,512,20260701-1730-LAPTOP-76QMG9DE,scr_smart_1782928635350_monitor_1_post.jpg | screenshots/scr_smart_1782928635350_monitor_1_post.jpg,True
ses_20260701-175258-LAPTOP-76QMG9DE,6,2026-07-01T17:57:12.085Z,2026-07-01T17:57:34.085Z,2026-07-01T17:57:16.197000+00:00,evt_132bc830-0d9c-4893-a677-dcd693c302b4,C:\Users\Gaurav Rathod\Downloads\automation-proposal\raw_data\dataset-downloads\dataset_b-20260908T164438Z-1-001\dataset_b\ses_20260701-175258-LAPTOP-76QMG9DE\chunk_20260701-1730-LAPTOP-76QMG9DE\events.jsonl,517,20260701-1730-LAPTOP-76QMG9DE,scr_smart_1782928636197_monitor_1_post.jpg | screenshots/scr_smart_1782928636197_monitor_1_post.jpg,True
ses_20260701-175258-LAPTOP-76QMG9DE,6,2026-07-01T17:57:12.085Z,2026-07-01T17:57:34.085Z,2026-07-01T17:57:20.202000+00:00,evt_4c9b2f52-30c1-4ed0-87bb-5e0c009c82b8,C:\Users\Gaurav Rathod\Downloads\automation-proposal\raw_data\dataset-downloads\dataset_b-20260908T164438Z-1-001\dataset_b\ses_20260701-175258-LAPTOP-76QMG9DE\chunk_20260701-1730-LAPTOP-76QMG9DE\events.jsonl,521,20260701-1730-LAPTOP-76QMG9DE,scr_smart_1782928640202_monitor_1_post.jpg | screenshots/scr_smart_1782928640202_monitor_1_post.jpg,True
ses_20260701-175258-LAPTOP-76QMG9DE,6,2026-07-01T17:57:12.085Z,2026-07-01T17:57:34.085Z,2026-07-01T17:57:21.535000+00:00,evt_1f3402c9-0008-463a-802d-8caa4edb8157,C:\Users\Gaurav Rathod\Downloads\automation-proposal\raw_data\dataset-downloads\dataset_b-20260908T164438Z-1-001\dataset_b\ses_20260701-175258-LAPTOP-76QMG9DE\chunk_20260701-1730-LAPTOP-76QMG9DE\events.jsonl,525,20260701-1730-LAPTOP-76QMG9DE,scr_smart_1782928641535_monitor_1_post.jpg | screenshots/scr_smart_1782928641535_monitor_1_post.jpg,True
ses_20260701-175258-LAPTOP-76QMG9DE,6,2026-07-01T17:57:12.085Z,2026-07-01T17:57:34.085Z,2026-07-01T17:57:22.886000+00:00,evt_971909c3-cce1-45d6-aba3-4cbdc11a4551,C:\Users\Gaurav Rathod\Downloads\automation-proposal\raw_data\dataset-downloads\dataset_b-20260908T164438Z-1-001\dataset_b\ses_20260701-175258-LAPTOP-76QMG9DE\chunk_20260701-1730-LAPTOP-76QMG9DE\events.jsonl,532,20260701-1730-LAPTOP-76QMG9DE,scr_smart_1782928642886_monitor_1_post.jpg | screenshots/scr_smart_1782928642886_monitor_1_post.jpg,True
ses_20260701-175258-LAPTOP-76QMG9DE,6,2026-07-01T17:57:12.085Z,2026-07-01T17:57:34.085Z,2026-07-01T17:57:24.652000+00:00,evt_53aa6f1f-824e-4b2c-8270-3856cabe0052,C:\Users\Gaurav Rathod\Downloads\automation-proposal\raw_data\dataset-downloads\dataset_b-20260908T164438Z-1-001\dataset_b\ses_20260701-175258-LAPTOP-76QMG9DE\chunk_20260701-1730-LAPTOP-76QMG9DE\events.jsonl,537,20260701-1730-LAPTOP-76QMG9DE,scr_smart_1782928644652_monitor_1_post.jpg | screenshots/scr_smart_1782928644652_monitor_1_post.jpg,True
ses_20260701-175258-LAPTOP-76QMG9DE,6,2026-07-01T17:57:12.085Z,2026-07-01T17:57:34.085Z,2026-07-01T17:57:25.706000+00:00,evt_cf04892f-eae6-4e63-8ab7-f89c7a5c6283,C:\Users\Gaurav Rathod\Downloads\automation-proposal\raw_data\dataset-downloads\dataset_b-20260908T164438Z-1-001\dataset_b\ses_20260701-175258-LAPTOP-76QMG9DE\chunk_20260701-1730-LAPTOP-76QMG9DE\events.jsonl,540,20260701-1730-LAPTOP-76QMG9DE,scr_smart_1782928645706_monitor_1_post.jpg | screenshots/scr_smart_1782928645706_monitor_1_post.jpg,True
ses_20260701-175258-LAPTOP-76QMG9DE,6,2026-07-01T17:57:12.085Z,2026-07-01T17:57:34.085Z,2026-07-01T17:57:28.256000+00:00,evt_25571e16-764f-47ad-b80e-51a90d61a7e6,C:\Users\Gaurav Rathod\Downloads\automation-proposal\raw_data\dataset-downloads\dataset_b-20260908T164438Z-1-001\dataset_b\ses_20260701-175258-LAPTOP-76QMG9DE\chunk_20260701-1730-LAPTOP-76QMG9DE\events.jsonl,542,20260701-1730-LAPTOP-76QMG9DE,scr_smart_1782928648256_monitor_1_post.jpg | screenshots/scr_smart_1782928648256_monitor_1_post.jpg,True
ses_20260701-175258-LAPTOP-76QMG9DE,6,2026-07-01T17:57:12.085Z,2026-07-01T17:57:34.085Z,2026-07-01T17:57:30.007000+00:00,evt_722ad268-cb6b-489c-9de0-166c1556aac3,C:\Users\Gaurav Rathod\Downloads\automation-proposal\raw_data\dataset-downloads\dataset_b-20260908T164438Z-1-001\dataset_b\ses_20260701-175258-LAPTOP-76QMG9DE\chunk_20260701-1730-LAPTOP-76QMG9DE\events.jsonl,544,20260701-1730-LAPTOP-76QMG9DE,scr_smart_1782928650007_monitor_1_post.jpg | screenshots/scr_smart_1782928650007_monitor_1_post.jpg,True
ses_20260701-175258-LAPTOP-76QMG9DE,6,2026-07-01T17:57:12.085Z,2026-07-01T17:57:34.085Z,2026-07-01T17:57:30.553000+00:00,evt_04628461-d3ad-4697-bcb4-82aa61ac2f4f,C:\Users\Gaurav Rathod\Downloads\automation-proposal\raw_data\dataset-downloads\dataset_b-20260908T164438Z-1-001\dataset_b\ses_20260701-175258-LAPTOP-76QMG9DE\chunk_20260701-1730-LAPTOP-76QMG9DE\events.jsonl,547,20260701-1730-LAPTOP-76QMG9DE,scr_smart_1782928650553_monitor_1_post.jpg | screenshots/scr_smart_1782928650553_monitor_1_post.jpg,True
ses_20260701-175258-LAPTOP-76QMG9DE,6,2026-07-01T17:57:12.085Z,2026-07-01T17:57:34.085Z,2026-07-01T17:57:31.500000+00:00,evt_b33a5c98-da88-4af3-8d20-0b4745631ab5,C:\Users\Gaurav Rathod\Downloads\automation-proposal\raw_data\dataset-downloads\dataset_b-20260908T164438Z-1-001\dataset_b\ses_20260701-175258-LAPTOP-76QMG9DE\chunk_20260701-1730-LAPTOP-76QMG9DE\events.jsonl,550,20260701-1730-LAPTOP-76QMG9DE,scr_smart_1782928651500_monitor_1_post.jpg | screenshots/scr_smart_1782928651500_monitor_1_post.jpg,True
ses_20260701-175258-LAPTOP-76QMG9DE,6,2026-07-01T17:57:12.085Z,2026-07-01T17:57:34.085Z,2026-07-01T17:57:32.440000+00:00,evt_8e4cf41e-0946-48f5-90a7-f779d2528d07,C:\Users\Gaurav Rathod\Downloads\automation-proposal\raw_data\dataset-downloads\dataset_b-20260908T164438Z-1-001\dataset_b\ses_20260701-175258-LAPTOP-76QMG9DE\chunk_20260701-1730-LAPTOP-76QMG9DE\events.jsonl,557,20260701-1730-LAPTOP-76QMG9DE,scr_smart_1782928652440_monitor_1_post.jpg | screenshots/scr_smart_1782928652440_monitor_1_post.jpg,True
ses_20260701-175258-LAPTOP-76QMG9DE,7,2026-07-01T17:57:34.085Z,2026-07-01T17:57:56.085Z,2026-07-01T17:57:34.583000+00:00,evt_70040bb0-443b-4828-849e-42489d18dc9a,C:\Users\Gaurav Rathod\Downloads\automation-proposal\raw_data\dataset-downloads\dataset_b-20260908T164438Z-1-001\dataset_b\ses_20260701-175258-LAPTOP-76QMG9DE\chunk_20260701-1730-LAPTOP-76QMG9DE\events.jsonl,560,20260701-1730-LAPTOP-76QMG9DE,scr_smart_1782928654583_monitor_1_post.jpg | screenshots/scr_smart_1782928654583_monitor_1_post.jpg,True
ses_20260701-175258-LAPTOP-76QMG9DE,7,2026-07-01T17:57:34.085Z,2026-07-01T17:57:56.085Z,2026-07-01T17:57:40.500000+00:00,evt_8fabb20c-9d66-41ae-9aa6-6a6f3733c0b7,C:\Users\Gaurav Rathod\Downloads\automation-proposal\raw_data\dataset-downloads\dataset_b-20260908T164438Z-1-001\dataset_b\ses_20260701-175258-LAPTOP-76QMG9DE\chunk_20260701-1730-LAPTOP-76QMG9DE\events.jsonl,563,20260701-1730-LAPTOP-76QMG9DE,scr_smart_1782928660500_monitor_1_post.jpg | screenshots/scr_smart_1782928660500_monitor_1_post.jpg,True
ses_20260701-175258-LAPTOP-76QMG9DE,7,2026-07-01T17:57:34.085Z,2026-07-01T17:57:56.085Z,2026-07-01T17:57:40.943000+00:00,evt_69f02806-70dd-4760-9304-e75c6addee15,C:\Users\Gaurav Rathod\Downloads\automation-proposal\raw_data\dataset-downloads\dataset_b-20260908T164438Z-1-001\dataset_b\ses_20260701-175258-LAPTOP-76QMG9DE\chunk_20260701-1730-LAPTOP-76QMG9DE\events.jsonl,566,20260701-1730-LAPTOP-76QMG9DE,scr_smart_1782928660943_monitor_1_post.jpg | screenshots/scr_smart_1782928660943_monitor_1_post.jpg,True
ses_20260701-175258-LAPTOP-76QMG9DE,7,2026-07-01T17:57:34.085Z,2026-07-01T17:57:56.085Z,2026-07-01T17:57:42.474000+00:00,evt_59f5f3ad-c31e-4264-877a-ca304d7e665a,C:\Users\Gaurav Rathod\Downloads\automation-proposal\raw_data\dataset-downloads\dataset_b-20260908T164438Z-1-001\dataset_b\ses_20260701-175258-LAPTOP-76QMG9DE\chunk_20260701-1730-LAPTOP-76QMG9DE\events.jsonl,569,20260701-1730-LAPTOP-76QMG9DE,scr_smart_1782928662474_monitor_1_post.jpg | screenshots/scr_smart_1782928662474_monitor_1_post.jpg,True
ses_20260701-175258-LAPTOP-76QMG9DE,7,2026-07-01T17:57:34.085Z,2026-07-01T17:57:56.085Z,2026-07-01T17:57:43.423000+00:00,evt_d2582814-fac3-492d-9dfe-0173893944e4,C:\Users\Gaurav Rathod\Downloads\automation-proposal\raw_data\dataset-downloads\dataset_b-20260908T164438Z-1-001\dataset_b\ses_20260701-175258-LAPTOP-76QMG9DE\chunk_20260701-1730-LAPTOP-76QMG9DE\events.jsonl,576,20260701-1730-LAPTOP-76QMG9DE,scr_smart_1782928663423_monitor_1_post.jpg | screenshots/scr_smart_1782928663423_monitor_1_post.jpg,True
ses_20260701-175258-LAPTOP-76QMG9DE,7,2026-07-01T17:57:34.085Z,2026-07-01T17:57:56.085Z,2026-07-01T17:57:45.569000+00:00,evt_ab265ceb-c595-4121-b108-26474c1ddc1b,C:\Users\Gaurav Rathod\Downloads\automation-proposal\raw_data\dataset-downloads\dataset_b-20260908T164438Z-1-001\dataset_b\ses_20260701-175258-LAPTOP-76QMG9DE\chunk_20260701-1730-LAPTOP-76QMG9DE\events.jsonl,579,20260701-1730-LAPTOP-76QMG9DE,scr_smart_1782928665569_monitor_1_post.jpg | screenshots/scr_smart_1782928665569_monitor_1_post.jpg,True
ses_20260701-175258-LAPTOP-76QMG9DE,7,2026-07-01T17:57:34.085Z,2026-07-01T17:57:56.085Z,2026-07-01T17:57:51.974000+00:00,evt_355d65d4-36f1-4490-aefa-6da351a86ab5,C:\Users\Gaurav Rathod\Downloads\automation-proposal\raw_data\dataset-downloads\dataset_b-20260908T164438Z-1-001\dataset_b\ses_20260701-175258-LAPTOP-76QMG9DE\chunk_20260701-1730-LAPTOP-76QMG9DE\events.jsonl,583,20260701-1730-LAPTOP-76QMG9DE,scr_smart_1782928671974_monitor_1_post.jpg | screenshots/scr_smart_1782928671974_monitor_1_post.jpg,True
ses_20260701-175258-LAPTOP-76QMG9DE,7,2026-07-01T17:57:34.085Z,2026-07-01T17:57:56.085Z,2026-07-01T17:57:53.515000+00:00,evt_cda40673-75e1-4afa-b606-236d312717aa,C:\Users\Gaurav Rathod\Downloads\automation-proposal\raw_data\dataset-downloads\dataset_b-20260908T164438Z-1-001\dataset_b\ses_20260701-175258-LAPTOP-76QMG9DE\chunk_20260701-1730-LAPTOP-76QMG9DE\events.jsonl,587,20260701-1730-LAPTOP-76QMG9DE,scr_smart_1782928673515_monitor_1_post.jpg | screenshots/scr_smart_1782928673515_monitor_1_post.jpg,True
ses_20260701-175258-LAPTOP-76QMG9DE,7,2026-07-01T17:57:34.085Z,2026-07-01T17:57:56.085Z,2026-07-01T17:57:54.559000+00:00,evt_67102eb1-2465-40b6-b2a1-9f475046af4d,C:\Users\Gaurav Rathod\Downloads\automation-proposal\raw_data\dataset-downloads\dataset_b-20260908T164438Z-1-001\dataset_b\ses_20260701-175258-LAPTOP-76QMG9DE\chunk_20260701-1730-LAPTOP-76QMG9DE\events.jsonl,594,20260701-1730-LAPTOP-76QMG9DE,scr_smart_1782928674559_monitor_1_post.jpg | screenshots/scr_smart_1782928674559_monitor_1_post.jpg,True
ses_20260701-175258-LAPTOP-76QMG9DE,8,2026-07-01T17:57:56.085Z,2026-07-01T17:58:06.085Z,2026-07-01T17:57:56.625000+00:00,evt_e0fe014a-10dd-46a8-be94-3a119a73e68b,C:\Users\Gaurav Rathod\Downloads\automation-proposal\raw_data\dataset-downloads\dataset_b-20260908T164438Z-1-001\dataset_b\ses_20260701-175258-LAPTOP-76QMG9DE\chunk_20260701-1730-LAPTOP-76QMG9DE\events.jsonl,597,20260701-1730-LAPTOP-76QMG9DE,scr_smart_1782928676625_monitor_1_post.jpg | screenshots/scr_smart_1782928676625_monitor_1_post.jpg,True
ses_20260701-175258-LAPTOP-76QMG9DE,8,2026-07-01T17:57:56.085Z,2026-07-01T17:58:06.085Z,2026-07-01T17:57:58.570000+00:00,evt_2da12c1c-1cbf-45fe-8076-3e8978dbd2c3,C:\Users\Gaurav Rathod\Downloads\automation-proposal\raw_data\dataset-downloads\dataset_b-20260908T164438Z-1-001\dataset_b\ses_20260701-175258-LAPTOP-76QMG9DE\chunk_20260701-1730-LAPTOP-76QMG9DE\events.jsonl,600,20260701-1730-LAPTOP-76QMG9DE,scr_smart_1782928678570_monitor_1_post.jpg | screenshots/scr_smart_1782928678570_monitor_1_post.jpg,True
ses_20260701-175258-LAPTOP-76QMG9DE,8,2026-07-01T17:57:56.085Z,2026-07-01T17:58:06.085Z,2026-07-01T17:57:59.098000+00:00,evt_6bf03900-3021-4dba-8eee-16e21f23e650,C:\Users\Gaurav Rathod\Downloads\automation-proposal\raw_data\dataset-downloads\dataset_b-20260908T164438Z-1-001\dataset_b\ses_20260701-175258-LAPTOP-76QMG9DE\chunk_20260701-1730-LAPTOP-76QMG9DE\events.jsonl,608,20260701-1730-LAPTOP-76QMG9DE,scr_smart_1782928679098_monitor_1_post.jpg | screenshots/scr_smart_1782928679098_monitor_1_post.jpg,True
ses_20260701-175258-LAPTOP-76QMG9DE,8,2026-07-01T17:57:56.085Z,2026-07-01T17:58:06.085Z,2026-07-01T17:58:02.161000+00:00,evt_b44d264c-41fb-4f28-8015-ffa2c6bf927e,C:\Users\Gaurav Rathod\Downloads\automation-proposal\raw_data\dataset-downloads\dataset_b-20260908T164438Z-1-001\dataset_b\ses_20260701-175258-LAPTOP-76QMG9DE\chunk_20260701-1730-LAPTOP-76QMG9DE\events.jsonl,610,20260701-1730-LAPTOP-76QMG9DE,scr_smart_1782928682161_monitor_1_post.jpg | screenshots/scr_smart_1782928682161_monitor_1_post.jpg,True
ses_20260701-175258-LAPTOP-76QMG9DE,8,2026-07-01T17:57:56.085Z,2026-07-01T17:58:06.085Z,2026-07-01T17:58:02.704000+00:00,evt_cc902c83-a529-47a2-b0dc-a0f13c7251d1,C:\Users\Gaurav Rathod\Downloads\automation-proposal\raw_data\dataset-downloads\dataset_b-20260908T164438Z-1-001\dataset_b\ses_20260701-175258-LAPTOP-76QMG9DE\chunk_20260701-1730-LAPTOP-76QMG9DE\events.jsonl,613,20260701-1730-LAPTOP-76QMG9DE,scr_smart_1782928682704_monitor_1_post.jpg | screenshots/scr_smart_1782928682704_monitor_1_post.jpg,True
ses_20260701-175258-LAPTOP-76QMG9DE,8,2026-07-01T17:57:56.085Z,2026-07-01T17:58:06.085Z,2026-07-01T17:58:03.842000+00:00,evt_0f706c42-1248-4c00-aea7-a33f033173d8,C:\Users\Gaurav Rathod\Downloads\automation-proposal\raw_data\dataset-downloads\dataset_b-20260908T164438Z-1-001\dataset_b\ses_20260701-175258-LAPTOP-76QMG9DE\chunk_20260701-1730-LAPTOP-76QMG9DE\events.jsonl,616,20260701-1730-LAPTOP-76QMG9DE,scr_smart_1782928683842_monitor_1_post.jpg | screenshots/scr_smart_1782928683842_monitor_1_post.jpg,True
ses_20260701-175258-LAPTOP-76QMG9DE,8,2026-07-01T17:57:56.085Z,2026-07-01T17:58:06.085Z,2026-07-01T17:58:04.777000+00:00,evt_fd33adb5-a549-4ee3-9da0-b39b653c2b9c,C:\Users\Gaurav Rathod\Downloads\automation-proposal\raw_data\dataset-downloads\dataset_b-20260908T164438Z-1-001\dataset_b\ses_20260701-175258-LAPTOP-76QMG9DE\chunk_20260701-1730-LAPTOP-76QMG9DE\events.jsonl,623,20260701-1730-LAPTOP-76QMG9DE,scr_smart_1782928684777_monitor_1_post.jpg | screenshots/scr_smart_1782928684777_monitor_1_post.jpg,True
ses_20260701-175258-LAPTOP-76QMG9DE,9,2026-07-01T17:59:02.085Z,2026-07-01T17:59:22.085Z,2026-07-01T17:59:06.208000+00:00,evt_0a234841-fa23-43d9-a2cf-d87829653b74,C:\Users\Gaurav Rathod\Downloads\automation-proposal\raw_data\dataset-downloads\dataset_b-20260908T164438Z-1-001\dataset_b\ses_20260701-175258-LAPTOP-76QMG9DE\chunk_20260701-1730-LAPTOP-76QMG9DE\events.jsonl,741,20260701-1730-LAPTOP-76QMG9DE,scr_smart_1782928746208_monitor_1_post.jpg | screenshots/scr_smart_1782928746208_monitor_1_post.jpg,True
ses_20260701-175258-LAPTOP-76QMG9DE,9,2026-07-01T17:59:02.085Z,2026-07-01T17:59:22.085Z,2026-07-01T17:59:06.762000+00:00,evt_d6f75802-30c3-47fe-a9b1-0c593173902e,C:\Users\Gaurav Rathod\Downloads\automation-proposal\raw_data\dataset-downloads\dataset_b-20260908T164438Z-1-001\dataset_b\ses_20260701-175258-LAPTOP-76QMG9DE\chunk_20260701-1730-LAPTOP-76QMG9DE\events.jsonl,744,20260701-1730-LAPTOP-76QMG9DE,scr_smart_1782928746762_monitor_1_post.jpg | screenshots/scr_smart_1782928746762_monitor_1_post.jpg,True
ses_20260701-175258-LAPTOP-76QMG9DE,9,2026-07-01T17:59:02.085Z,2026-07-01T17:59:22.085Z,2026-07-01T17:59:08.204000+00:00,evt_d110bc6d-a36c-4eb4-9294-8da12e7526f4,C:\Users\Gaurav Rathod\Downloads\automation-proposal\raw_data\dataset-downloads\dataset_b-20260908T164438Z-1-001\dataset_b\ses_20260701-175258-LAPTOP-76QMG9DE\chunk_20260701-1730-LAPTOP-76QMG9DE\events.jsonl,748,20260701-1730-LAPTOP-76QMG9DE,scr_smart_1782928748204_monitor_1_post.jpg | screenshots/scr_smart_1782928748204_monitor_1_post.jpg,True
ses_20260701-175258-LAPTOP-76QMG9DE,9,2026-07-01T17:59:02.085Z,2026-07-01T17:59:22.085Z,2026-07-01T17:59:09.045000+00:00,evt_c0c66085-1796-47f4-b102-79e03bc0f195,C:\Users\Gaurav Rathod\Downloads\automation-proposal\raw_data\dataset-downloads\dataset_b-20260908T164438Z-1-001\dataset_b\ses_20260701-175258-LAPTOP-76QMG9DE\chunk_20260701-1730-LAPTOP-76QMG9DE\events.jsonl,754,20260701-1730-LAPTOP-76QMG9DE,scr_smart_1782928749045_monitor_1_post.jpg | screenshots/scr_smart_1782928749045_monitor_1_post.jpg,True
ses_20260701-175258-LAPTOP-76QMG9DE,9,2026-07-01T17:59:02.085Z,2026-07-01T17:59:22.085Z,2026-07-01T17:59:11.488000+00:00,evt_8c6a5fee-1ed1-45f4-bb91-2b0d94213441,C:\Users\Gaurav Rathod\Downloads\automation-proposal\raw_data\dataset-downloads\dataset_b-20260908T164438Z-1-001\dataset_b\ses_20260701-175258-LAPTOP-76QMG9DE\chunk_20260701-1730-LAPTOP-76QMG9DE\events.jsonl,757,20260701-1730-LAPTOP-76QMG9DE,scr_smart_1782928751488_monitor_1_post.jpg | screenshots/scr_smart_1782928751488_monitor_1_post.jpg,True
ses_20260701-175258-LAPTOP-76QMG9DE,9,2026-07-01T17:59:02.085Z,2026-07-01T17:59:22.085Z,2026-07-01T17:59:15.163000+00:00,evt_f079c7e6-285f-438f-8e76-46c1e4202b2c,C:\Users\Gaurav Rathod\Downloads\automation-proposal\raw_data\dataset-downloads\dataset_b-20260908T164438Z-1-001\dataset_b\ses_20260701-175258-LAPTOP-76QMG9DE\chunk_20260701-1730-LAPTOP-76QMG9DE\events.jsonl,760,20260701-1730-LAPTOP-76QMG9DE,scr_smart_1782928755163_monitor_1_post.jpg | screenshots/scr_smart_1782928755163_monitor_1_post.jpg,True
ses_20260701-175258-LAPTOP-76QMG9DE,9,2026-07-01T17:59:02.085Z,2026-07-01T17:59:22.085Z,2026-07-01T17:59:15.708000+00:00,evt_b4402a44-3eec-4d50-af2a-2e89c1472146,C:\Users\Gaurav Rathod\Downloads\automation-proposal\raw_data\dataset-downloads\dataset_b-20260908T164438Z-1-001\dataset_b\ses_20260701-175258-LAPTOP-76QMG9DE\chunk_20260701-1730-LAPTOP-76QMG9DE\events.jsonl,763,20260701-1730-LAPTOP-76QMG9DE,scr_smart_1782928755708_monitor_1_post.jpg | screenshots/scr_smart_1782928755708_monitor_1_post.jpg,True
ses_20260701-175258-LAPTOP-76QMG9DE,9,2026-07-01T17:59:02.085Z,2026-07-01T17:59:22.085Z,2026-07-01T17:59:16.746000+00:00,evt_3352822e-33fe-4709-ae49-f227e3cefcfc,C:\Users\Gaurav Rathod\Downloads\automation-proposal\raw_data\dataset-downloads\dataset_b-20260908T164438Z-1-001\dataset_b\ses_20260701-175258-LAPTOP-76QMG9DE\chunk_20260701-1730-LAPTOP-76QMG9DE\events.jsonl,766,20260701-1730-LAPTOP-76QMG9DE,scr_smart_1782928756746_monitor_1_post.jpg | screenshots/scr_smart_1782928756746_monitor_1_post.jpg,True
ses_20260701-175258-LAPTOP-76QMG9DE,9,2026-07-01T17:59:02.085Z,2026-07-01T17:59:22.085Z,2026-07-01T17:59:17.682000+00:00,evt_0c2e1291-42c8-4049-b328-09cd0546360d,C:\Users\Gaurav Rathod\Downloads\automation-proposal\raw_data\dataset-downloads\dataset_b-20260908T164438Z-1-001\dataset_b\ses_20260701-175258-LAPTOP-76QMG9DE\chunk_20260701-1730-LAPTOP-76QMG9DE\events.jsonl,773,20260701-1730-LAPTOP-76QMG9DE,scr_smart_1782928757682_monitor_1_post.jpg | screenshots/scr_smart_1782928757682_monitor_1_post.jpg,True
ses_20260701-175258-LAPTOP-76QMG9DE,9,2026-07-01T17:59:02.085Z,2026-07-01T17:59:22.085Z,2026-07-01T17:59:20.134000+00:00,evt_25a15c9e-10e7-4143-860a-2d0d20dffff8,C:\Users\Gaurav Rathod\Downloads\automation-proposal\raw_data\dataset-downloads\dataset_b-20260908T164438Z-1-001\dataset_b\ses_20260701-175258-LAPTOP-76QMG9DE\chunk_20260701-1730-LAPTOP-76QMG9DE\events.jsonl,776,20260701-1730-LAPTOP-76QMG9DE,scr_smart_1782928760134_monitor_1_post.jpg | screenshots/scr_smart_1782928760134_monitor_1_post.jpg,True
ses_20260701-175258-LAPTOP-76QMG9DE,10,2026-07-01T17:59:22.085Z,2026-07-01T17:59:40.085Z,2026-07-01T17:59:26.144000+00:00,evt_0129b73c-6308-49bf-85f2-ca441d77d22f,C:\Users\Gaurav Rathod\Downloads\automation-proposal\raw_data\dataset-downloads\dataset_b-20260908T164438Z-1-001\dataset_b\ses_20260701-175258-LAPTOP-76QMG9DE\chunk_20260701-1730-LAPTOP-76QMG9DE\events.jsonl,779,20260701-1730-LAPTOP-76QMG9DE,scr_smart_1782928766144_monitor_1_post.jpg | screenshots/scr_smart_1782928766144_monitor_1_post.jpg,True
ses_20260701-175258-LAPTOP-76QMG9DE,10,2026-07-01T17:59:22.085Z,2026-07-01T17:59:40.085Z,2026-07-01T17:59:26.681000+00:00,evt_d29622fb-8501-46d1-b1d9-508ccfd83ecf,C:\Users\Gaurav Rathod\Downloads\automation-proposal\raw_data\dataset-downloads\dataset_b-20260908T164438Z-1-001\dataset_b\ses_20260701-175258-LAPTOP-76QMG9DE\chunk_20260701-1730-LAPTOP-76QMG9DE\events.jsonl,782,20260701-1730-LAPTOP-76QMG9DE,scr_smart_1782928766681_monitor_1_post.jpg | screenshots/scr_smart_1782928766681_monitor_1_post.jpg,True
ses_20260701-175258-LAPTOP-76QMG9DE,10,2026-07-01T17:59:22.085Z,2026-07-01T17:59:40.085Z,2026-07-01T17:59:27.926000+00:00,evt_ea2a8161-2500-43cd-90e2-6093b3920350,C:\Users\Gaurav Rathod\Downloads\automation-proposal\raw_data\dataset-downloads\dataset_b-20260908T164438Z-1-001\dataset_b\ses_20260701-175258-LAPTOP-76QMG9DE\chunk_20260701-1730-LAPTOP-76QMG9DE\events.jsonl,785,20260701-1730-LAPTOP-76QMG9DE,scr_smart_1782928767926_monitor_1_post.jpg | screenshots/scr_smart_1782928767926_monitor_1_post.jpg,True
ses_20260701-175258-LAPTOP-76QMG9DE,10,2026-07-01T17:59:22.085Z,2026-07-01T17:59:40.085Z,2026-07-01T17:59:28.956000+00:00,evt_3c772fe1-c534-49e2-8185-416e3f05862e,C:\Users\Gaurav Rathod\Downloads\automation-proposal\raw_data\dataset-downloads\dataset_b-20260908T164438Z-1-001\dataset_b\ses_20260701-175258-LAPTOP-76QMG9DE\chunk_20260701-1730-LAPTOP-76QMG9DE\events.jsonl,792,20260701-1730-LAPTOP-76QMG9DE,scr_smart_1782928768956_monitor_1_post.jpg | screenshots/scr_smart_1782928768956_monitor_1_post.jpg,True
ses_20260701-175258-LAPTOP-76QMG9DE,10,2026-07-01T17:59:22.085Z,2026-07-01T17:59:40.085Z,2026-07-01T17:59:31.307000+00:00,evt_c4caf13d-7226-4725-9c41-cb51c532e14a,C:\Users\Gaurav Rathod\Downloads\automation-proposal\raw_data\dataset-downloads\dataset_b-20260908T164438Z-1-001\dataset_b\ses_20260701-175258-LAPTOP-76QMG9DE\chunk_20260701-1730-LAPTOP-76QMG9DE\events.jsonl,795,20260701-1730-LAPTOP-76QMG9DE,scr_smart_1782928771307_monitor_1_post.jpg | screenshots/scr_smart_1782928771307_monitor_1_post.jpg,True
ses_20260701-175258-LAPTOP-76QMG9DE,10,2026-07-01T17:59:22.085Z,2026-07-01T17:59:40.085Z,2026-07-01T17:59:34.580000+00:00,evt_9340dd3b-c6f8-44eb-8825-749fa349be7e,C:\Users\Gaurav Rathod\Downloads\automation-proposal\raw_data\dataset-downloads\dataset_b-20260908T164438Z-1-001\dataset_b\ses_20260701-175258-LAPTOP-76QMG9DE\chunk_20260701-1730-LAPTOP-76QMG9DE\events.jsonl,798,20260701-1730-LAPTOP-76QMG9DE,scr_smart_1782928774580_monitor_1_post.jpg | screenshots/scr_smart_1782928774580_monitor_1_post.jpg,True
ses_20260701-175258-LAPTOP-76QMG9DE,10,2026-07-01T17:59:22.085Z,2026-07-01T17:59:40.085Z,2026-07-01T17:59:36.222000+00:00,evt_6ef87bfc-23ca-4616-95cd-5103adfd0da6,C:\Users\Gaurav Rathod\Downloads\automation-proposal\raw_data\dataset-downloads\dataset_b-20260908T164438Z-1-001\dataset_b\ses_20260701-175258-LAPTOP-76QMG9DE\chunk_20260701-1730-LAPTOP-76QMG9DE\events.jsonl,803,20260701-1730-LAPTOP-76QMG9DE,scr_smart_1782928776222_monitor_1_post.jpg | screenshots/scr_smart_1782928776222_monitor_1_post.jpg,True
ses_20260701-175258-LAPTOP-76QMG9DE,10,2026-07-01T17:59:22.085Z,2026-07-01T17:59:40.085Z,2026-07-01T17:59:37.167000+00:00,evt_ebbacdb8-363d-43aa-8982-2c1898429d67,C:\Users\Gaurav Rathod\Downloads\automation-proposal\raw_data\dataset-downloads\dataset_b-20260908T164438Z-1-001\dataset_b\ses_20260701-175258-LAPTOP-76QMG9DE\chunk_20260701-1730-LAPTOP-76QMG9DE\events.jsonl,810,20260701-1730-LAPTOP-76QMG9DE,scr_smart_1782928777167_monitor_1_post.jpg | screenshots/scr_smart_1782928777167_monitor_1_post.jpg,True
ses_20260701-175258-LAPTOP-76QMG9DE,10,2026-07-01T17:59:22.085Z,2026-07-01T17:59:40.085Z,2026-07-01T17:59:39.313000+00:00,evt_dc1f988f-ad7a-442f-b10b-997e7b27a869,C:\Users\Gaurav Rathod\Downloads\automation-proposal\raw_data\dataset-downloads\dataset_b-20260908T164438Z-1-001\dataset_b\ses_20260701-175258-LAPTOP-76QMG9DE\chunk_20260701-1730-LAPTOP-76QMG9DE\events.jsonl,813,20260701-1730-LAPTOP-76QMG9DE,scr_smart_1782928779313_monitor_1_post.jpg | screenshots/scr_smart_1782928779313_monitor_1_post.jpg,True
ses_20260701-175258-LAPTOP-76QMG9DE,11,2026-07-01T18:01:38.085Z,2026-07-01T18:02:12.085Z,2026-07-01T18:01:38.329000+00:00,evt_18ea4167-8ca1-462d-844f-07c9ce8db746,C:\Users\Gaurav Rathod\Downloads\automation-proposal\raw_data\dataset-downloads\dataset_b-20260908T164438Z-1-001\dataset_b\ses_20260701-175258-LAPTOP-76QMG9DE\chunk_20260701-1800-LAPTOP-76QMG9DE\events.jsonl,213,20260701-1800-LAPTOP-76QMG9DE,scr_smart_1782928898329_monitor_1_post.jpg | screenshots/scr_smart_1782928898329_monitor_1_post.jpg,True
ses_20260701-175258-LAPTOP-76QMG9DE,11,2026-07-01T18:01:38.085Z,2026-07-01T18:02:12.085Z,2026-07-01T18:01:40.283000+00:00,evt_067b69bd-befc-4db4-ba41-97cc37711db3,C:\Users\Gaurav Rathod\Downloads\automation-proposal\raw_data\dataset-downloads\dataset_b-20260908T164438Z-1-001\dataset_b\ses_20260701-175258-LAPTOP-76QMG9DE\chunk_20260701-1800-LAPTOP-76QMG9DE\events.jsonl,217,20260701-1800-LAPTOP-76QMG9DE,scr_smart_1782928900283_monitor_1_post.jpg | screenshots/scr_smart_1782928900283_monitor_1_post.jpg,True
ses_20260701-175258-LAPTOP-76QMG9DE,11,2026-07-01T18:01:38.085Z,2026-07-01T18:02:12.085Z,2026-07-01T18:01:41.634000+00:00,evt_b5c8f748-61dd-4c36-93e4-1c642c883fca,C:\Users\Gaurav Rathod\Downloads\automation-proposal\raw_data\dataset-downloads\dataset_b-20260908T164438Z-1-001\dataset_b\ses_20260701-175258-LAPTOP-76QMG9DE\chunk_20260701-1800-LAPTOP-76QMG9DE\events.jsonl,219,20260701-1800-LAPTOP-76QMG9DE,scr_smart_1782928901634_monitor_1_post.jpg | screenshots/scr_smart_1782928901634_monitor_1_post.jpg,True
ses_20260701-175258-LAPTOP-76QMG9DE,11,2026-07-01T18:01:38.085Z,2026-07-01T18:02:12.085Z,2026-07-01T18:01:45.188000+00:00,evt_21fe6eb5-891a-4de7-bacb-4aca10603f10,C:\Users\Gaurav Rathod\Downloads\automation-proposal\raw_data\dataset-downloads\dataset_b-20260908T164438Z-1-001\dataset_b\ses_20260701-175258-LAPTOP-76QMG9DE\chunk_20260701-1800-LAPTOP-76QMG9DE\events.jsonl,225,20260701-1800-LAPTOP-76QMG9DE,scr_smart_1782928905188_monitor_1_post.jpg | screenshots/scr_smart_1782928905188_monitor_1_post.jpg,True
ses_20260701-175258-LAPTOP-76QMG9DE,11,2026-07-01T18:01:38.085Z,2026-07-01T18:02:12.085Z,2026-07-01T18:01:46.230000+00:00,evt_49ecef20-22a0-4920-96a7-cce86a873da2,C:\Users\Gaurav Rathod\Downloads\automation-proposal\raw_data\dataset-downloads\dataset_b-20260908T164438Z-1-001\dataset_b\ses_20260701-175258-LAPTOP-76QMG9DE\chunk_20260701-1800-LAPTOP-76QMG9DE\events.jsonl,232,20260701-1800-LAPTOP-76QMG9DE,scr_smart_1782928906230_monitor_1_post.jpg | screenshots/scr_smart_1782928906230_monitor_1_post.jpg,True
ses_20260701-175258-LAPTOP-76QMG9DE,11,2026-07-01T18:01:38.085Z,2026-07-01T18:02:12.085Z,2026-07-01T18:01:47.763000+00:00,evt_618cbd65-e54d-4497-95cf-4bb559659406,C:\Users\Gaurav Rathod\Downloads\automation-proposal\raw_data\dataset-downloads\dataset_b-20260908T164438Z-1-001\dataset_b\ses_20260701-175258-LAPTOP-76QMG9DE\chunk_20260701-1800-LAPTOP-76QMG9DE\events.jsonl,236,20260701-1800-LAPTOP-76QMG9DE,scr_smart_1782928907763_monitor_1_post.jpg | screenshots/scr_smart_1782928907763_monitor_1_post.jpg,True
ses_20260701-175258-LAPTOP-76QMG9DE,11,2026-07-01T18:01:38.085Z,2026-07-01T18:02:12.085Z,2026-07-01T18:01:50.035000+00:00,evt_624239f0-e905-4798-b0f2-520b011810b0,C:\Users\Gaurav Rathod\Downloads\automation-proposal\raw_data\dataset-downloads\dataset_b-20260908T164438Z-1-001\dataset_b\ses_20260701-175258-LAPTOP-76QMG9DE\chunk_20260701-1800-LAPTOP-76QMG9DE\events.jsonl,243,20260701-1800-LAPTOP-76QMG9DE,scr_smart_1782928910035_monitor_1_post.jpg | screenshots/scr_smart_1782928910035_monitor_1_post.jpg,True
ses_20260701-175258-LAPTOP-76QMG9DE,11,2026-07-01T18:01:38.085Z,2026-07-01T18:02:12.085Z,2026-07-01T18:01:53.410000+00:00,evt_8d2d57f4-3f36-4c5b-86cc-ea26f4b516f2,C:\Users\Gaurav Rathod\Downloads\automation-proposal\raw_data\dataset-downloads\dataset_b-20260908T164438Z-1-001\dataset_b\ses_20260701-175258-LAPTOP-76QMG9DE\chunk_20260701-1800-LAPTOP-76QMG9DE\events.jsonl,245,20260701-1800-LAPTOP-76QMG9DE,scr_smart_1782928913410_monitor_1_post.jpg | screenshots/scr_smart_1782928913410_monitor_1_post.jpg,True
ses_20260701-175258-LAPTOP-76QMG9DE,11,2026-07-01T18:01:38.085Z,2026-07-01T18:02:12.085Z,2026-07-01T18:01:55.148000+00:00,evt_31c07403-8573-45b8-ac43-1cd8bc635b4f,C:\Users\Gaurav Rathod\Downloads\automation-proposal\raw_data\dataset-downloads\dataset_b-20260908T164438Z-1-001\dataset_b\ses_20260701-175258-LAPTOP-76QMG9DE\chunk_20260701-1800-LAPTOP-76QMG9DE\events.jsonl,247,20260701-1800-LAPTOP-76QMG9DE,scr_smart_1782928915148_monitor_1_post.jpg | screenshots/scr_smart_1782928915148_monitor_1_post.jpg,True
ses_20260701-175258-LAPTOP-76QMG9DE,11,2026-07-01T18:01:38.085Z,2026-07-01T18:02:12.085Z,2026-07-01T18:01:59.311000+00:00,evt_01c1c91c-2a77-4a1a-b8d7-e976b56b35ef,C:\Users\Gaurav Rathod\Downloads\automation-proposal\raw_data\dataset-downloads\dataset_b-20260908T164438Z-1-001\dataset_b\ses_20260701-175258-LAPTOP-76QMG9DE\chunk_20260701-1800-LAPTOP-76QMG9DE\events.jsonl,255,20260701-1800-LAPTOP-76QMG9DE,scr_smart_1782928919311_monitor_1_post.jpg | screenshots/scr_smart_1782928919311_monitor_1_post.jpg,True
ses_20260701-175258-LAPTOP-76QMG9DE,11,2026-07-01T18:01:38.085Z,2026-07-01T18:02:12.085Z,2026-07-01T18:02:02.072000+00:00,evt_fb8044ee-1b03-49c8-9215-31b6e3edf83f,C:\Users\Gaurav Rathod\Downloads\automation-proposal\raw_data\dataset-downloads\dataset_b-20260908T164438Z-1-001\dataset_b\ses_20260701-175258-LAPTOP-76QMG9DE\chunk_20260701-1800-LAPTOP-76QMG9DE\events.jsonl,257,20260701-1800-LAPTOP-76QMG9DE,scr_smart_1782928922072_monitor_1_post.jpg | screenshots/scr_smart_1782928922072_monitor_1_post.jpg,True
ses_20260701-175258-LAPTOP-76QMG9DE,11,2026-07-01T18:01:38.085Z,2026-07-01T18:02:12.085Z,2026-07-01T18:02:03.116000+00:00,evt_887aadd2-2463-4ede-b100-ee97defa6561,C:\Users\Gaurav Rathod\Downloads\automation-proposal\raw_data\dataset-downloads\dataset_b-20260908T164438Z-1-001\dataset_b\ses_20260701-175258-LAPTOP-76QMG9DE\chunk_20260701-1800-LAPTOP-76QMG9DE\events.jsonl,264,20260701-1800-LAPTOP-76QMG9DE,scr_smart_1782928923116_monitor_1_post.jpg | screenshots/scr_smart_1782928923116_monitor_1_post.jpg,True
ses_20260701-175258-LAPTOP-76QMG9DE,11,2026-07-01T18:01:38.085Z,2026-07-01T18:02:12.085Z,2026-07-01T18:02:05.286000+00:00,evt_6230e014-796a-405a-bbb8-7892d2f71e24,C:\Users\Gaurav Rathod\Downloads\automation-proposal\raw_data\dataset-downloads\dataset_b-20260908T164438Z-1-001\dataset_b\ses_20260701-175258-LAPTOP-76QMG9DE\chunk_20260701-1800-LAPTOP-76QMG9DE\events.jsonl,267,20260701-1800-LAPTOP-76QMG9DE,scr_smart_1782928925286_monitor_1_post.jpg | screenshots/scr_smart_1782928925286_monitor_1_post.jpg,True
ses_20260701-175258-LAPTOP-76QMG9DE,11,2026-07-01T18:01:38.085Z,2026-07-01T18:02:12.085Z,2026-07-01T18:02:08.807000+00:00,evt_ee23a2c3-c40b-4252-9adc-e6c28a80a643,C:\Users\Gaurav Rathod\Downloads\automation-proposal\raw_data\dataset-downloads\dataset_b-20260908T164438Z-1-001\dataset_b\ses_20260701-175258-LAPTOP-76QMG9DE\chunk_20260701-1800-LAPTOP-76QMG9DE\events.jsonl,270,20260701-1800-LAPTOP-76QMG9DE,scr_smart_1782928928807_monitor_1_post.jpg | screenshots/scr_smart_1782928928807_monitor_1_post.jpg,True
ses_20260701-175258-LAPTOP-76QMG9DE,11,2026-07-01T18:01:38.085Z,2026-07-01T18:02:12.085Z,2026-07-01T18:02:10.249000+00:00,evt_223f7feb-5aaa-44df-a1ed-8ce0348ea306,C:\Users\Gaurav Rathod\Downloads\automation-proposal\raw_data\dataset-downloads\dataset_b-20260908T164438Z-1-001\dataset_b\ses_20260701-175258-LAPTOP-76QMG9DE\chunk_20260701-1800-LAPTOP-76QMG9DE\events.jsonl,274,20260701-1800-LAPTOP-76QMG9DE,scr_smart_1782928930249_monitor_1_post.jpg | screenshots/scr_smart_1782928930249_monitor_1_post.jpg,True
ses_20260701-175258-LAPTOP-76QMG9DE,11,2026-07-01T18:01:38.085Z,2026-07-01T18:02:12.085Z,2026-07-01T18:02:10.698000+00:00,evt_35b04553-206c-46d6-9223-3d0f971d89de,C:\Users\Gaurav Rathod\Downloads\automation-proposal\raw_data\dataset-downloads\dataset_b-20260908T164438Z-1-001\dataset_b\ses_20260701-175258-LAPTOP-76QMG9DE\chunk_20260701-1800-LAPTOP-76QMG9DE\events.jsonl,276,20260701-1800-LAPTOP-76QMG9DE,scr_smart_1782928930698_monitor_1_post.jpg | screenshots/scr_smart_1782928930698_monitor_1_post.jpg,True
ses_20260701-175258-LAPTOP-76QMG9DE,11,2026-07-01T18:01:38.085Z,2026-07-01T18:02:12.085Z,2026-07-01T18:02:11.246000+00:00,evt_64e385c6-8499-4166-b2c3-d8dbf41a4322,C:\Users\Gaurav Rathod\Downloads\automation-proposal\raw_data\dataset-downloads\dataset_b-20260908T164438Z-1-001\dataset_b\ses_20260701-175258-LAPTOP-76QMG9DE\chunk_20260701-1800-LAPTOP-76QMG9DE\events.jsonl,282,20260701-1800-LAPTOP-76QMG9DE,scr_smart_1782928931246_monitor_1_post.jpg | screenshots/scr_smart_1782928931246_monitor_1_post.jpg,True
ses_20260701-175258-LAPTOP-76QMG9DE,12,2026-07-01T18:02:12.085Z,2026-07-01T18:03:18.085Z,2026-07-01T18:02:13.793000+00:00,evt_227ed7f3-532f-4a8f-aabf-ab4b2f4ceb38,C:\Users\Gaurav Rathod\Downloads\automation-proposal\raw_data\dataset-downloads\dataset_b-20260908T164438Z-1-001\dataset_b\ses_20260701-175258-LAPTOP-76QMG9DE\chunk_20260701-1800-LAPTOP-76QMG9DE\events.jsonl,285,20260701-1800-LAPTOP-76QMG9DE,scr_smart_1782928933793_monitor_1_post.jpg | screenshots/scr_smart_1782928933793_monitor_1_post.jpg,True
ses_20260701-175258-LAPTOP-76QMG9DE,12,2026-07-01T18:02:12.085Z,2026-07-01T18:03:18.085Z,2026-07-01T18:02:16.340000+00:00,evt_778ef83a-b829-4f69-b56f-2f7f625c1df9,C:\Users\Gaurav Rathod\Downloads\automation-proposal\raw_data\dataset-downloads\dataset_b-20260908T164438Z-1-001\dataset_b\ses_20260701-175258-LAPTOP-76QMG9DE\chunk_20260701-1800-LAPTOP-76QMG9DE\events.jsonl,288,20260701-1800-LAPTOP-76QMG9DE,scr_smart_1782928936340_monitor_1_post.jpg | screenshots/scr_smart_1782928936340_monitor_1_post.jpg,True
ses_20260701-175258-LAPTOP-76QMG9DE,12,2026-07-01T18:02:12.085Z,2026-07-01T18:03:18.085Z,2026-07-01T18:02:22.232000+00:00,evt_6b3bb427-3dae-4ee3-b60d-78f04f686f0f,C:\Users\Gaurav Rathod\Downloads\automation-proposal\raw_data\dataset-downloads\dataset_b-20260908T164438Z-1-001\dataset_b\ses_20260701-175258-LAPTOP-76QMG9DE\chunk_20260701-1800-LAPTOP-76QMG9DE\events.jsonl,292,20260701-1800-LAPTOP-76QMG9DE,scr_smart_1782928942232_monitor_1_post.jpg | screenshots/scr_smart_1782928942232_monitor_1_post.jpg,True
ses_20260701-175258-LAPTOP-76QMG9DE,12,2026-07-01T18:02:12.085Z,2026-07-01T18:03:18.085Z,2026-07-01T18:02:22.765000+00:00,evt_d8b6353e-1182-4c34-9112-356c7395324f,C:\Users\Gaurav Rathod\Downloads\automation-proposal\raw_data\dataset-downloads\dataset_b-20260908T164438Z-1-001\dataset_b\ses_20260701-175258-LAPTOP-76QMG9DE\chunk_20260701-1800-LAPTOP-76QMG9DE\events.jsonl,312,20260701-1800-LAPTOP-76QMG9DE,scr_smart_1782928942765_monitor_1_post.jpg | screenshots/scr_smart_1782928942765_monitor_1_post.jpg,True
ses_20260701-175258-LAPTOP-76QMG9DE,12,2026-07-01T18:02:12.085Z,2026-07-01T18:03:18.085Z,2026-07-01T18:02:23.398000+00:00,evt_d2863cea-7a1f-44c9-bc3a-5a67fc01ffed,C:\Users\Gaurav Rathod\Downloads\automation-proposal\raw_data\dataset-downloads\dataset_b-20260908T164438Z-1-001\dataset_b\ses_20260701-175258-LAPTOP-76QMG9DE\chunk_20260701-1800-LAPTOP-76QMG9DE\events.jsonl,316,20260701-1800-LAPTOP-76QMG9DE,scr_smart_1782928943398_monitor_1_post.jpg | screenshots/scr_smart_1782928943398_monitor_1_post.jpg,True
ses_20260701-175258-LAPTOP-76QMG9DE,12,2026-07-01T18:02:12.085Z,2026-07-01T18:03:18.085Z,2026-07-01T18:02:24.640000+00:00,evt_142f5833-0515-4a8d-bfbf-0bcef92b1727,C:\Users\Gaurav Rathod\Downloads\automation-proposal\raw_data\dataset-downloads\dataset_b-20260908T164438Z-1-001\dataset_b\ses_20260701-175258-LAPTOP-76QMG9DE\chunk_20260701-1800-LAPTOP-76QMG9DE\events.jsonl,320,20260701-1800-LAPTOP-76QMG9DE,scr_smart_1782928944640_monitor_1_post.jpg | screenshots/scr_smart_1782928944640_monitor_1_post.jpg,True
ses_20260701-175258-LAPTOP-76QMG9DE,12,2026-07-01T18:02:12.085Z,2026-07-01T18:03:18.085Z,2026-07-01T18:02:26.294000+00:00,evt_373b7a77-b628-46e9-8151-9d4cc657f9eb,C:\Users\Gaurav Rathod\Downloads\automation-proposal\raw_data\dataset-downloads\dataset_b-20260908T164438Z-1-001\dataset_b\ses_20260701-175258-LAPTOP-76QMG9DE\chunk_20260701-1800-LAPTOP-76QMG9DE\events.jsonl,325,20260701-1800-LAPTOP-76QMG9DE,scr_smart_1782928946294_monitor_1_post.jpg | screenshots/scr_smart_1782928946294_monitor_1_post.jpg,True
ses_20260701-175258-LAPTOP-76QMG9DE,12,2026-07-01T18:02:12.085Z,2026-07-01T18:03:18.085Z,2026-07-01T18:02:26.833000+00:00,evt_319cd530-9c93-4e87-af6c-c3bfd2bed44b,C:\Users\Gaurav Rathod\Downloads\automation-proposal\raw_data\dataset-downloads\dataset_b-20260908T164438Z-1-001\dataset_b\ses_20260701-175258-LAPTOP-76QMG9DE\chunk_20260701-1800-LAPTOP-76QMG9DE\events.jsonl,328,20260701-1800-LAPTOP-76QMG9DE,scr_smart_1782928946833_monitor_1_post.jpg | screenshots/scr_smart_1782928946833_monitor_1_post.jpg,True
ses_20260701-175258-LAPTOP-76QMG9DE,12,2026-07-01T18:02:12.085Z,2026-07-01T18:03:18.085Z,2026-07-01T18:02:29.501000+00:00,evt_c6cabe3b-b910-4eae-b40a-e848b697ebd2,C:\Users\Gaurav Rathod\Downloads\automation-proposal\raw_data\dataset-downloads\dataset_b-20260908T164438Z-1-001\dataset_b\ses_20260701-175258-LAPTOP-76QMG9DE\chunk_20260701-1800-LAPTOP-76QMG9DE\events.jsonl,330,20260701-1800-LAPTOP-76QMG9DE,scr_smart_1782928949501_monitor_1_post.jpg | screenshots/scr_smart_1782928949501_monitor_1_post.jpg,True
ses_20260701-175258-LAPTOP-76QMG9DE,12,2026-07-01T18:02:12.085Z,2026-07-01T18:03:18.085Z,2026-07-01T18:02:31.449000+00:00,evt_c5074af5-b4fb-4d36-aaf5-4356a417616e,C:\Users\Gaurav Rathod\Downloads\automation-proposal\raw_data\dataset-downloads\dataset_b-20260908T164438Z-1-001\dataset_b\ses_20260701-175258-LAPTOP-76QMG9DE\chunk_20260701-1800-LAPTOP-76QMG9DE\events.jsonl,334,20260701-1800-LAPTOP-76QMG9DE,scr_smart_1782928951449_monitor_1_post.jpg | screenshots/scr_smart_1782928951449_monitor_1_post.jpg,True
ses_20260701-175258-LAPTOP-76QMG9DE,12,2026-07-01T18:02:12.085Z,2026-07-01T18:03:18.085Z,2026-07-01T18:02:35.845000+00:00,evt_af6d34ba-8e2e-4eea-ac84-d385240c5c42,C:\Users\Gaurav Rathod\Downloads\automation-proposal\raw_data\dataset-downloads\dataset_b-20260908T164438Z-1-001\dataset_b\ses_20260701-175258-LAPTOP-76QMG9DE\chunk_20260701-1800-LAPTOP-76QMG9DE\events.jsonl,337,20260701-1800-LAPTOP-76QMG9DE,scr_smart_1782928955845_monitor_1_post.jpg | screenshots/scr_smart_1782928955845_monitor_1_post.jpg,True
ses_20260701-175258-LAPTOP-76QMG9DE,12,2026-07-01T18:02:12.085Z,2026-07-01T18:03:18.085Z,2026-07-01T18:02:36.607000+00:00,evt_58b558d8-e64d-450a-ae42-ee6f83d02836,C:\Users\Gaurav Rathod\Downloads\automation-proposal\raw_data\dataset-downloads\dataset_b-20260908T164438Z-1-001\dataset_b\ses_20260701-175258-LAPTOP-76QMG9DE\chunk_20260701-1800-LAPTOP-76QMG9DE\events.jsonl,343,20260701-1800-LAPTOP-76QMG9DE,scr_smart_1782928956607_monitor_1_post.jpg | screenshots/scr_smart_1782928956607_monitor_1_post.jpg,True
ses_20260701-175258-LAPTOP-76QMG9DE,12,2026-07-01T18:02:12.085Z,2026-07-01T18:03:18.085Z,2026-07-01T18:02:38.851000+00:00,evt_ca85aa4c-939f-4252-92ad-efe09a7d40a3,C:\Users\Gaurav Rathod\Downloads\automation-proposal\raw_data\dataset-downloads\dataset_b-20260908T164438Z-1-001\dataset_b\ses_20260701-175258-LAPTOP-76QMG9DE\chunk_20260701-1800-LAPTOP-76QMG9DE\events.jsonl,346,20260701-1800-LAPTOP-76QMG9DE,scr_smart_1782928958851_monitor_1_post.jpg | screenshots/scr_smart_1782928958851_monitor_1_post.jpg,True
ses_20260701-175258-LAPTOP-76QMG9DE,12,2026-07-01T18:02:12.085Z,2026-07-01T18:03:18.085Z,2026-07-01T18:02:41.293000+00:00,evt_cb48456b-70a0-4743-8b97-5a7fd83b89af,C:\Users\Gaurav Rathod\Downloads\automation-proposal\raw_data\dataset-downloads\dataset_b-20260908T164438Z-1-001\dataset_b\ses_20260701-175258-LAPTOP-76QMG9DE\chunk_20260701-1800-LAPTOP-76QMG9DE\events.jsonl,349,20260701-1800-LAPTOP-76QMG9DE,scr_smart_1782928961293_monitor_1_post.jpg | screenshots/scr_smart_1782928961293_monitor_1_post.jpg,True
ses_20260701-175258-LAPTOP-76QMG9DE,12,2026-07-01T18:02:12.085Z,2026-07-01T18:03:18.085Z,2026-07-01T18:02:45.942000+00:00,evt_79ebbc45-a86e-4136-8d0c-f6ceacd5be15,C:\Users\Gaurav Rathod\Downloads\automation-proposal\raw_data\dataset-downloads\dataset_b-20260908T164438Z-1-001\dataset_b\ses_20260701-175258-LAPTOP-76QMG9DE\chunk_20260701-1800-LAPTOP-76QMG9DE\events.jsonl,353,20260701-1800-LAPTOP-76QMG9DE,scr_smart_1782928965942_monitor_1_post.jpg | screenshots/scr_smart_1782928965942_monitor_1_post.jpg,True
ses_20260701-175258-LAPTOP-76QMG9DE,12,2026-07-01T18:02:12.085Z,2026-07-01T18:03:18.085Z,2026-07-01T18:02:46.377000+00:00,evt_ea506aab-f1c5-44cf-a834-a8f21ca994c6,C:\Users\Gaurav Rathod\Downloads\automation-proposal\raw_data\dataset-downloads\dataset_b-20260908T164438Z-1-001\dataset_b\ses_20260701-175258-LAPTOP-76QMG9DE\chunk_20260701-1800-LAPTOP-76QMG9DE\events.jsonl,373,20260701-1800-LAPTOP-76QMG9DE,scr_smart_1782928966377_monitor_1_post.jpg | screenshots/scr_smart_1782928966377_monitor_1_post.jpg,True
ses_20260701-175258-LAPTOP-76QMG9DE,12,2026-07-01T18:02:12.085Z,2026-07-01T18:03:18.085Z,2026-07-01T18:02:46.908000+00:00,evt_155e7ba2-7f2b-4081-81a2-7e20ec4e8d9d,C:\Users\Gaurav Rathod\Downloads\automation-proposal\raw_data\dataset-downloads\dataset_b-20260908T164438Z-1-001\dataset_b\ses_20260701-175258-LAPTOP-76QMG9DE\chunk_20260701-1800-LAPTOP-76QMG9DE\events.jsonl,377,20260701-1800-LAPTOP-76QMG9DE,scr_smart_1782928966908_monitor_1_post.jpg | screenshots/scr_smart_1782928966908_monitor_1_post.jpg,True
ses_20260701-175258-LAPTOP-76QMG9DE,12,2026-07-01T18:02:12.085Z,2026-07-01T18:03:18.085Z,2026-07-01T18:02:48.350000+00:00,evt_d0022734-a318-4a7a-8024-7797d5f235e0,C:\Users\Gaurav Rathod\Downloads\automation-proposal\raw_data\dataset-downloads\dataset_b-20260908T164438Z-1-001\dataset_b\ses_20260701-175258-LAPTOP-76QMG9DE\chunk_20260701-1800-LAPTOP-76QMG9DE\events.jsonl,381,20260701-1800-LAPTOP-76QMG9DE,scr_smart_1782928968350_monitor_1_post.jpg | screenshots/scr_smart_1782928968350_monitor_1_post.jpg,True
ses_20260701-175258-LAPTOP-76QMG9DE,12,2026-07-01T18:02:12.085Z,2026-07-01T18:03:18.085Z,2026-07-01T18:02:49.900000+00:00,evt_6e806910-13b9-4217-a86d-56eb6f01e2e6,C:\Users\Gaurav Rathod\Downloads\automation-proposal\raw_data\dataset-downloads\dataset_b-20260908T164438Z-1-001\dataset_b\ses_20260701-175258-LAPTOP-76QMG9DE\chunk_20260701-1800-LAPTOP-76QMG9DE\events.jsonl,386,20260701-1800-LAPTOP-76QMG9DE,scr_smart_1782928969900_monitor_1_post.jpg | screenshots/scr_smart_1782928969900_monitor_1_post.jpg,True
ses_20260701-175258-LAPTOP-76QMG9DE,12,2026-07-01T18:02:12.085Z,2026-07-01T18:03:18.085Z,2026-07-01T18:02:50.429000+00:00,evt_dbbf8820-1733-406b-8905-f45dec6a6481,C:\Users\Gaurav Rathod\Downloads\automation-proposal\raw_data\dataset-downloads\dataset_b-20260908T164438Z-1-001\dataset_b\ses_20260701-175258-LAPTOP-76QMG9DE\chunk_20260701-1800-LAPTOP-76QMG9DE\events.jsonl,389,20260701-1800-LAPTOP-76QMG9DE,scr_smart_1782928970429_monitor_1_post.jpg | screenshots/scr_smart_1782928970429_monitor_1_post.jpg,True
ses_20260701-175258-LAPTOP-76QMG9DE,12,2026-07-01T18:02:12.085Z,2026-07-01T18:03:18.085Z,2026-07-01T18:02:52.692000+00:00,evt_936cf788-8ad4-4dc5-beec-5dd52a449894,C:\Users\Gaurav Rathod\Downloads\automation-proposal\raw_data\dataset-downloads\dataset_b-20260908T164438Z-1-001\dataset_b\ses_20260701-175258-LAPTOP-76QMG9DE\chunk_20260701-1800-LAPTOP-76QMG9DE\events.jsonl,391,20260701-1800-LAPTOP-76QMG9DE,scr_smart_1782928972692_monitor_1_post.jpg | screenshots/scr_smart_1782928972692_monitor_1_post.jpg,True
ses_20260701-175258-LAPTOP-76QMG9DE,12,2026-07-01T18:02:12.085Z,2026-07-01T18:03:18.085Z,2026-07-01T18:02:53.241000+00:00,evt_0edc6bf9-a0b5-4d9b-8e29-e9ea0a2059d7,C:\Users\Gaurav Rathod\Downloads\automation-proposal\raw_data\dataset-downloads\dataset_b-20260908T164438Z-1-001\dataset_b\ses_20260701-175258-LAPTOP-76QMG9DE\chunk_20260701-1800-LAPTOP-76QMG9DE\events.jsonl,394,20260701-1800-LAPTOP-76QMG9DE,scr_smart_1782928973241_monitor_1_post.jpg | screenshots/scr_smart_1782928973241_monitor_1_post.jpg,True
ses_20260701-175258-LAPTOP-76QMG9DE,12,2026-07-01T18:02:12.085Z,2026-07-01T18:03:18.085Z,2026-07-01T18:02:54.094000+00:00,evt_dee18ac2-b778-48f1-a512-8a974628346b,C:\Users\Gaurav Rathod\Downloads\automation-proposal\raw_data\dataset-downloads\dataset_b-20260908T164438Z-1-001\dataset_b\ses_20260701-175258-LAPTOP-76QMG9DE\chunk_20260701-1800-LAPTOP-76QMG9DE\events.jsonl,397,20260701-1800-LAPTOP-76QMG9DE,scr_smart_1782928974094_monitor_1_post.jpg | screenshots/scr_smart_1782928974094_monitor_1_post.jpg,True
ses_20260701-175258-LAPTOP-76QMG9DE,12,2026-07-01T18:02:12.085Z,2026-07-01T18:03:18.085Z,2026-07-01T18:02:54.624000+00:00,evt_528fa70c-5386-49f3-8387-19042191b42c,C:\Users\Gaurav Rathod\Downloads\automation-proposal\raw_data\dataset-downloads\dataset_b-20260908T164438Z-1-001\dataset_b\ses_20260701-175258-LAPTOP-76QMG9DE\chunk_20260701-1800-LAPTOP-76QMG9DE\events.jsonl,399,20260701-1800-LAPTOP-76QMG9DE,scr_smart_1782928974624_monitor_1_post.jpg | screenshots/scr_smart_1782928974624_monitor_1_post.jpg,True
ses_20260701-175258-LAPTOP-76QMG9DE,12,2026-07-01T18:02:12.085Z,2026-07-01T18:03:18.085Z,2026-07-01T18:02:55.148000+00:00,evt_687c2350-ac49-486d-95c0-5c598619d7df,C:\Users\Gaurav Rathod\Downloads\automation-proposal\raw_data\dataset-downloads\dataset_b-20260908T164438Z-1-001\dataset_b\ses_20260701-175258-LAPTOP-76QMG9DE\chunk_20260701-1800-LAPTOP-76QMG9DE\events.jsonl,405,20260701-1800-LAPTOP-76QMG9DE,scr_smart_1782928975148_monitor_1_post.jpg | screenshots/scr_smart_1782928975148_monitor_1_post.jpg,True
ses_20260701-175258-LAPTOP-76QMG9DE,12,2026-07-01T18:02:12.085Z,2026-07-01T18:03:18.085Z,2026-07-01T18:02:57.494000+00:00,evt_aff06ce8-3653-4e81-be54-550f6720c6b6,C:\Users\Gaurav Rathod\Downloads\automation-proposal\raw_data\dataset-downloads\dataset_b-20260908T164438Z-1-001\dataset_b\ses_20260701-175258-LAPTOP-76QMG9DE\chunk_20260701-1800-LAPTOP-76QMG9DE\events.jsonl,408,20260701-1800-LAPTOP-76QMG9DE,scr_smart_1782928977494_monitor_1_post.jpg | screenshots/scr_smart_1782928977494_monitor_1_post.jpg,True
ses_20260701-175258-LAPTOP-76QMG9DE,12,2026-07-01T18:02:12.085Z,2026-07-01T18:03:18.085Z,2026-07-01T18:03:02.326000+00:00,evt_c45f6713-4263-4d01-8a22-86f85f2b65a6,C:\Users\Gaurav Rathod\Downloads\automation-proposal\raw_data\dataset-downloads\dataset_b-20260908T164438Z-1-001\dataset_b\ses_20260701-175258-LAPTOP-76QMG9DE\chunk_20260701-1800-LAPTOP-76QMG9DE\events.jsonl,411,20260701-1800-LAPTOP-76QMG9DE,scr_smart_1782928982326_monitor_1_post.jpg | screenshots/scr_smart_1782928982326_monitor_1_post.jpg,True
ses_20260701-175258-LAPTOP-76QMG9DE,12,2026-07-01T18:02:12.085Z,2026-07-01T18:03:18.085Z,2026-07-01T18:03:06.388000+00:00,evt_022dc411-ef25-4f8b-8bc0-a82c575ede8e,C:\Users\Gaurav Rathod\Downloads\automation-proposal\raw_data\dataset-downloads\dataset_b-20260908T164438Z-1-001\dataset_b\ses_20260701-175258-LAPTOP-76QMG9DE\chunk_20260701-1800-LAPTOP-76QMG9DE\events.jsonl,415,20260701-1800-LAPTOP-76QMG9DE,scr_smart_1782928986388_monitor_1_post.jpg | screenshots/scr_smart_1782928986388_monitor_1_post.jpg,True
ses_20260701-175258-LAPTOP-76QMG9DE,12,2026-07-01T18:02:12.085Z,2026-07-01T18:03:18.085Z,2026-07-01T18:03:06.930000+00:00,evt_ac5bb6a4-5868-4c61-a691-fac55bc439a9,C:\Users\Gaurav Rathod\Downloads\automation-proposal\raw_data\dataset-downloads\dataset_b-20260908T164438Z-1-001\dataset_b\ses_20260701-175258-LAPTOP-76QMG9DE\chunk_20260701-1800-LAPTOP-76QMG9DE\events.jsonl,435,20260701-1800-LAPTOP-76QMG9DE,scr_smart_1782928986930_monitor_1_post.jpg | screenshots/scr_smart_1782928986930_monitor_1_post.jpg,True
ses_20260701-175258-LAPTOP-76QMG9DE,12,2026-07-01T18:02:12.085Z,2026-07-01T18:03:18.085Z,2026-07-01T18:03:07.457000+00:00,evt_a17d9071-9e5c-46f6-8623-af3a146ddab5,C:\Users\Gaurav Rathod\Downloads\automation-proposal\raw_data\dataset-downloads\dataset_b-20260908T164438Z-1-001\dataset_b\ses_20260701-175258-LAPTOP-76QMG9DE\chunk_20260701-1800-LAPTOP-76QMG9DE\events.jsonl,439,20260701-1800-LAPTOP-76QMG9DE,scr_smart_1782928987457_monitor_1_post.jpg | screenshots/scr_smart_1782928987457_monitor_1_post.jpg,True
ses_20260701-175258-LAPTOP-76QMG9DE,12,2026-07-01T18:02:12.085Z,2026-07-01T18:03:18.085Z,2026-07-01T18:03:08.814000+00:00,evt_8bd37289-a616-4094-8dea-8c2f70490d9c,C:\Users\Gaurav Rathod\Downloads\automation-proposal\raw_data\dataset-downloads\dataset_b-20260908T164438Z-1-001\dataset_b\ses_20260701-175258-LAPTOP-76QMG9DE\chunk_20260701-1800-LAPTOP-76QMG9DE\events.jsonl,443,20260701-1800-LAPTOP-76QMG9DE,scr_smart_1782928988814_monitor_1_post.jpg | screenshots/scr_smart_1782928988814_monitor_1_post.jpg,True
ses_20260701-175258-LAPTOP-76QMG9DE,12,2026-07-01T18:02:12.085Z,2026-07-01T18:03:18.085Z,2026-07-01T18:03:10.155000+00:00,evt_9a61cb87-9330-4cb1-8610-a10513062596,C:\Users\Gaurav Rathod\Downloads\automation-proposal\raw_data\dataset-downloads\dataset_b-20260908T164438Z-1-001\dataset_b\ses_20260701-175258-LAPTOP-76QMG9DE\chunk_20260701-1800-LAPTOP-76QMG9DE\events.jsonl,448,20260701-1800-LAPTOP-76QMG9DE,scr_smart_1782928990155_monitor_1_post.jpg | screenshots/scr_smart_1782928990155_monitor_1_post.jpg,True
ses_20260701-175258-LAPTOP-76QMG9DE,12,2026-07-01T18:02:12.085Z,2026-07-01T18:03:18.085Z,2026-07-01T18:03:10.651000+00:00,evt_77bf55a9-4686-403f-9467-161b66f2d6d9,C:\Users\Gaurav Rathod\Downloads\automation-proposal\raw_data\dataset-downloads\dataset_b-20260908T164438Z-1-001\dataset_b\ses_20260701-175258-LAPTOP-76QMG9DE\chunk_20260701-1800-LAPTOP-76QMG9DE\events.jsonl,451,20260701-1800-LAPTOP-76QMG9DE,scr_smart_1782928990651_monitor_1_post.jpg | screenshots/scr_smart_1782928990651_monitor_1_post.jpg,True
ses_20260701-175258-LAPTOP-76QMG9DE,12,2026-07-01T18:02:12.085Z,2026-07-01T18:03:18.085Z,2026-07-01T18:03:12.892000+00:00,evt_416b21fc-9b0b-4bdc-a2a2-68e84a941280,C:\Users\Gaurav Rathod\Downloads\automation-proposal\raw_data\dataset-downloads\dataset_b-20260908T164438Z-1-001\dataset_b\ses_20260701-175258-LAPTOP-76QMG9DE\chunk_20260701-1800-LAPTOP-76QMG9DE\events.jsonl,453,20260701-1800-LAPTOP-76QMG9DE,scr_smart_1782928992892_monitor_1_post.jpg | screenshots/scr_smart_1782928992892_monitor_1_post.jpg,True
ses_20260701-175258-LAPTOP-76QMG9DE,12,2026-07-01T18:02:12.085Z,2026-07-01T18:03:18.085Z,2026-07-01T18:03:13.436000+00:00,evt_e7d72d36-6a65-4723-bf33-589be630abe2,C:\Users\Gaurav Rathod\Downloads\automation-proposal\raw_data\dataset-downloads\dataset_b-20260908T164438Z-1-001\dataset_b\ses_20260701-175258-LAPTOP-76QMG9DE\chunk_20260701-1800-LAPTOP-76QMG9DE\events.jsonl,456,20260701-1800-LAPTOP-76QMG9DE,scr_smart_1782928993436_monitor_1_post.jpg | screenshots/scr_smart_1782928993436_monitor_1_post.jpg,True
ses_20260701-175258-LAPTOP-76QMG9DE,12,2026-07-01T18:02:12.085Z,2026-07-01T18:03:18.085Z,2026-07-01T18:03:14.688000+00:00,evt_57c51d55-cacb-46a2-8312-762bdb27d437,C:\Users\Gaurav Rathod\Downloads\automation-proposal\raw_data\dataset-downloads\dataset_b-20260908T164438Z-1-001\dataset_b\ses_20260701-175258-LAPTOP-76QMG9DE\chunk_20260701-1800-LAPTOP-76QMG9DE\events.jsonl,459,20260701-1800-LAPTOP-76QMG9DE,scr_smart_1782928994688_monitor_1_post.jpg | screenshots/scr_smart_1782928994688_monitor_1_post.jpg,True
ses_20260701-175258-LAPTOP-76QMG9DE,12,2026-07-01T18:02:12.085Z,2026-07-01T18:03:18.085Z,2026-07-01T18:03:15.630000+00:00,evt_61a6d266-8338-4f30-a4b5-30ca11175269,C:\Users\Gaurav Rathod\Downloads\automation-proposal\raw_data\dataset-downloads\dataset_b-20260908T164438Z-1-001\dataset_b\ses_20260701-175258-LAPTOP-76QMG9DE\chunk_20260701-1800-LAPTOP-76QMG9DE\events.jsonl,466,20260701-1800-LAPTOP-76QMG9DE,scr_smart_1782928995630_monitor_1_post.jpg | screenshots/scr_smart_1782928995630_monitor_1_post.jpg,True
ses_20260701-175258-LAPTOP-76QMG9DE,12,2026-07-01T18:02:12.085Z,2026-07-01T18:03:18.085Z,2026-07-01T18:03:17.872000+00:00,evt_7ab23666-08af-4c6b-a51c-5c0c13fce83a,C:\Users\Gaurav Rathod\Downloads\automation-proposal\raw_data\dataset-downloads\dataset_b-20260908T164438Z-1-001\dataset_b\ses_20260701-175258-LAPTOP-76QMG9DE\chunk_20260701-1800-LAPTOP-76QMG9DE\events.jsonl,469,20260701-1800-LAPTOP-76QMG9DE,scr_smart_1782928997872_monitor_1_post.jpg | screenshots/scr_smart_1782928997872_monitor_1_post.jpg,True
ses_20260701-175258-LAPTOP-76QMG9DE,13,2026-07-01T18:03:18.085Z,2026-07-01T18:03:30.085Z,2026-07-01T18:03:21.529000+00:00,evt_4912258b-195c-47b7-ac9d-dfcad0f298bd,C:\Users\Gaurav Rathod\Downloads\automation-proposal\raw_data\dataset-downloads\dataset_b-20260908T164438Z-1-001\dataset_b\ses_20260701-175258-LAPTOP-76QMG9DE\chunk_20260701-1800-LAPTOP-76QMG9DE\events.jsonl,473,20260701-1800-LAPTOP-76QMG9DE,scr_smart_1782929001529_monitor_1_post.jpg | screenshots/scr_smart_1782929001529_monitor_1_post.jpg,True
ses_20260701-175258-LAPTOP-76QMG9DE,13,2026-07-01T18:03:18.085Z,2026-07-01T18:03:30.085Z,2026-07-01T18:03:22.869000+00:00,evt_023922b3-191b-45d4-8ce6-feca5cd3de58,C:\Users\Gaurav Rathod\Downloads\automation-proposal\raw_data\dataset-downloads\dataset_b-20260908T164438Z-1-001\dataset_b\ses_20260701-175258-LAPTOP-76QMG9DE\chunk_20260701-1800-LAPTOP-76QMG9DE\events.jsonl,476,20260701-1800-LAPTOP-76QMG9DE,scr_smart_1782929002869_monitor_1_post.jpg | screenshots/scr_smart_1782929002869_monitor_1_post.jpg,True
ses_20260701-175258-LAPTOP-76QMG9DE,13,2026-07-01T18:03:18.085Z,2026-07-01T18:03:30.085Z,2026-07-01T18:03:26.255000+00:00,evt_b7d2da7c-63e6-401e-b9cf-2552d06ff596,C:\Users\Gaurav Rathod\Downloads\automation-proposal\raw_data\dataset-downloads\dataset_b-20260908T164438Z-1-001\dataset_b\ses_20260701-175258-LAPTOP-76QMG9DE\chunk_20260701-1800-LAPTOP-76QMG9DE\events.jsonl,478,20260701-1800-LAPTOP-76QMG9DE,scr_smart_1782929006255_monitor_1_post.jpg | screenshots/scr_smart_1782929006255_monitor_1_post.jpg,True
ses_20260701-175258-LAPTOP-76QMG9DE,13,2026-07-01T18:03:18.085Z,2026-07-01T18:03:30.085Z,2026-07-01T18:03:26.789000+00:00,evt_cd3b096e-f04c-4c6e-a9d9-07a246918541,C:\Users\Gaurav Rathod\Downloads\automation-proposal\raw_data\dataset-downloads\dataset_b-20260908T164438Z-1-001\dataset_b\ses_20260701-175258-LAPTOP-76QMG9DE\chunk_20260701-1800-LAPTOP-76QMG9DE\events.jsonl,480,20260701-1800-LAPTOP-76QMG9DE,scr_smart_1782929006789_monitor_1_post.jpg | screenshots/scr_smart_1782929006789_monitor_1_post.jpg,True
ses_20260701-175258-LAPTOP-76QMG9DE,13,2026-07-01T18:03:18.085Z,2026-07-01T18:03:30.085Z,2026-07-01T18:03:27.319000+00:00,evt_15d09e3f-b3b0-4166-87a6-ae0695b90684,C:\Users\Gaurav Rathod\Downloads\automation-proposal\raw_data\dataset-downloads\dataset_b-20260908T164438Z-1-001\dataset_b\ses_20260701-175258-LAPTOP-76QMG9DE\chunk_20260701-1800-LAPTOP-76QMG9DE\events.jsonl,486,20260701-1800-LAPTOP-76QMG9DE,scr_smart_1782929007319_monitor_1_post.jpg | screenshots/scr_smart_1782929007319_monitor_1_post.jpg,True
ses_20260701-175258-LAPTOP-76QMG9DE,13,2026-07-01T18:03:18.085Z,2026-07-01T18:03:30.085Z,2026-07-01T18:03:29.469000+00:00,evt_306e0497-f94d-4022-ac9b-49228d62e4ee,C:\Users\Gaurav Rathod\Downloads\automation-proposal\raw_data\dataset-downloads\dataset_b-20260908T164438Z-1-001\dataset_b\ses_20260701-175258-LAPTOP-76QMG9DE\chunk_20260701-1800-LAPTOP-76QMG9DE\events.jsonl,489,20260701-1800-LAPTOP-76QMG9DE,scr_smart_1782929009469_monitor_1_post.jpg | screenshots/scr_smart_1782929009469_monitor_1_post.jpg,True
ses_20260701-175258-LAPTOP-76QMG9DE,14,2026-07-01T18:03:30.085Z,2026-07-01T18:04:06.085Z,2026-07-01T18:03:33.327000+00:00,evt_a88d32df-bc56-47a4-ae44-bc325bf5e064,C:\Users\Gaurav Rathod\Downloads\automation-proposal\raw_data\dataset-downloads\dataset_b-20260908T164438Z-1-001\dataset_b\ses_20260701-175258-LAPTOP-76QMG9DE\chunk_20260701-1800-LAPTOP-76QMG9DE\events.jsonl,493,20260701-1800-LAPTOP-76QMG9DE,scr_smart_1782929013327_monitor_1_post.jpg | screenshots/scr_smart_1782929013327_monitor_1_post.jpg,True
ses_20260701-175258-LAPTOP-76QMG9DE,14,2026-07-01T18:03:30.085Z,2026-07-01T18:04:06.085Z,2026-07-01T18:03:34.556000+00:00,evt_57850b92-d8dc-40fb-9830-193dfbbb5eb0,C:\Users\Gaurav Rathod\Downloads\automation-proposal\raw_data\dataset-downloads\dataset_b-20260908T164438Z-1-001\dataset_b\ses_20260701-175258-LAPTOP-76QMG9DE\chunk_20260701-1800-LAPTOP-76QMG9DE\events.jsonl,496,20260701-1800-LAPTOP-76QMG9DE,scr_smart_1782929014556_monitor_1_post.jpg | screenshots/scr_smart_1782929014556_monitor_1_post.jpg,True
ses_20260701-175258-LAPTOP-76QMG9DE,14,2026-07-01T18:03:30.085Z,2026-07-01T18:04:06.085Z,2026-07-01T18:03:39.030000+00:00,evt_1d0e6d26-814e-4a81-bb05-37c9031551fd,C:\Users\Gaurav Rathod\Downloads\automation-proposal\raw_data\dataset-downloads\dataset_b-20260908T164438Z-1-001\dataset_b\ses_20260701-175258-LAPTOP-76QMG9DE\chunk_20260701-1800-LAPTOP-76QMG9DE\events.jsonl,498,20260701-1800-LAPTOP-76QMG9DE,scr_smart_1782929019030_monitor_1_post.jpg | screenshots/scr_smart_1782929019030_monitor_1_post.jpg,True
ses_20260701-175258-LAPTOP-76QMG9DE,14,2026-07-01T18:03:30.085Z,2026-07-01T18:04:06.085Z,2026-07-01T18:03:40.071000+00:00,evt_3e7abaeb-95d4-41dd-9bb4-1aa4331f4022,C:\Users\Gaurav Rathod\Downloads\automation-proposal\raw_data\dataset-downloads\dataset_b-20260908T164438Z-1-001\dataset_b\ses_20260701-175258-LAPTOP-76QMG9DE\chunk_20260701-1800-LAPTOP-76QMG9DE\events.jsonl,505,20260701-1800-LAPTOP-76QMG9DE,scr_smart_1782929020071_monitor_1_post.jpg | screenshots/scr_smart_1782929020071_monitor_1_post.jpg,True
ses_20260701-175258-LAPTOP-76QMG9DE,14,2026-07-01T18:03:30.085Z,2026-07-01T18:04:06.085Z,2026-07-01T18:03:42.423000+00:00,evt_00f0d48c-90b6-4090-b753-921d87b0da59,C:\Users\Gaurav Rathod\Downloads\automation-proposal\raw_data\dataset-downloads\dataset_b-20260908T164438Z-1-001\dataset_b\ses_20260701-175258-LAPTOP-76QMG9DE\chunk_20260701-1800-LAPTOP-76QMG9DE\events.jsonl,508,20260701-1800-LAPTOP-76QMG9DE,scr_smart_1782929022423_monitor_1_post.jpg | screenshots/scr_smart_1782929022423_monitor_1_post.jpg,True
ses_20260701-175258-LAPTOP-76QMG9DE,14,2026-07-01T18:03:30.085Z,2026-07-01T18:04:06.085Z,2026-07-01T18:03:45.381000+00:00,evt_ed7af407-df68-45f5-8cf6-bb0562530aa5,C:\Users\Gaurav Rathod\Downloads\automation-proposal\raw_data\dataset-downloads\dataset_b-20260908T164438Z-1-001\dataset_b\ses_20260701-175258-LAPTOP-76QMG9DE\chunk_20260701-1800-LAPTOP-76QMG9DE\events.jsonl,511,20260701-1800-LAPTOP-76QMG9DE,scr_smart_1782929025381_monitor_1_post.jpg | screenshots/scr_smart_1782929025381_monitor_1_post.jpg,True
ses_20260701-175258-LAPTOP-76QMG9DE,14,2026-07-01T18:03:30.085Z,2026-07-01T18:04:06.085Z,2026-07-01T18:03:50.573000+00:00,evt_b727cfaf-e95e-4302-9899-6e93a9daf7dc,C:\Users\Gaurav Rathod\Downloads\automation-proposal\raw_data\dataset-downloads\dataset_b-20260908T164438Z-1-001\dataset_b\ses_20260701-175258-LAPTOP-76QMG9DE\chunk_20260701-1800-LAPTOP-76QMG9DE\events.jsonl,515,20260701-1800-LAPTOP-76QMG9DE,scr_smart_1782929030573_monitor_1_post.jpg | screenshots/scr_smart_1782929030573_monitor_1_post.jpg,True
ses_20260701-175258-LAPTOP-76QMG9DE,14,2026-07-01T18:03:30.085Z,2026-07-01T18:04:06.085Z,2026-07-01T18:03:51.112000+00:00,evt_a7a4c61c-ddf2-4c1c-8c04-1af8479ac8cf,C:\Users\Gaurav Rathod\Downloads\automation-proposal\raw_data\dataset-downloads\dataset_b-20260908T164438Z-1-001\dataset_b\ses_20260701-175258-LAPTOP-76QMG9DE\chunk_20260701-1800-LAPTOP-76QMG9DE\events.jsonl,533,20260701-1800-LAPTOP-76QMG9DE,scr_smart_1782929031112_monitor_1_post.jpg | screenshots/scr_smart_1782929031112_monitor_1_post.jpg,True
ses_20260701-175258-LAPTOP-76QMG9DE,14,2026-07-01T18:03:30.085Z,2026-07-01T18:04:06.085Z,2026-07-01T18:03:51.655000+00:00,evt_20c6e4fa-4271-4a7a-93dc-046cdbcb8da8,C:\Users\Gaurav Rathod\Downloads\automation-proposal\raw_data\dataset-downloads\dataset_b-20260908T164438Z-1-001\dataset_b\ses_20260701-175258-LAPTOP-76QMG9DE\chunk_20260701-1800-LAPTOP-76QMG9DE\events.jsonl,537,20260701-1800-LAPTOP-76QMG9DE,scr_smart_1782929031655_monitor_1_post.jpg | screenshots/scr_smart_1782929031655_monitor_1_post.jpg,True
ses_20260701-175258-LAPTOP-76QMG9DE,14,2026-07-01T18:03:30.085Z,2026-07-01T18:04:06.085Z,2026-07-01T18:03:52.798000+00:00,evt_59960ff4-641c-4c4f-b95f-3f6e2277b42d,C:\Users\Gaurav Rathod\Downloads\automation-proposal\raw_data\dataset-downloads\dataset_b-20260908T164438Z-1-001\dataset_b\ses_20260701-175258-LAPTOP-76QMG9DE\chunk_20260701-1800-LAPTOP-76QMG9DE\events.jsonl,541,20260701-1800-LAPTOP-76QMG9DE,scr_smart_1782929032798_monitor_1_post.jpg | screenshots/scr_smart_1782929032798_monitor_1_post.jpg,True
ses_20260701-175258-LAPTOP-76QMG9DE,14,2026-07-01T18:03:30.085Z,2026-07-01T18:04:06.085Z,2026-07-01T18:03:57.195000+00:00,evt_7331f66c-478b-4bf5-b8bb-54dc02c6f582,C:\Users\Gaurav Rathod\Downloads\automation-proposal\raw_data\dataset-downloads\dataset_b-20260908T164438Z-1-001\dataset_b\ses_20260701-175258-LAPTOP-76QMG9DE\chunk_20260701-1800-LAPTOP-76QMG9DE\events.jsonl,543,20260701-1800-LAPTOP-76QMG9DE,scr_smart_1782929037195_monitor_1_post.jpg | screenshots/scr_smart_1782929037195_monitor_1_post.jpg,True
ses_20260701-175258-LAPTOP-76QMG9DE,14,2026-07-01T18:03:30.085Z,2026-07-01T18:04:06.085Z,2026-07-01T18:04:02.195000+00:00,evt_9786592c-037c-4dce-a1dc-169fa350a8a6,C:\Users\Gaurav Rathod\Downloads\automation-proposal\raw_data\dataset-downloads\dataset_b-20260908T164438Z-1-001\dataset_b\ses_20260701-175258-LAPTOP-76QMG9DE\chunk_20260701-1800-LAPTOP-76QMG9DE\events.jsonl,545,20260701-1800-LAPTOP-76QMG9DE,scr_smart_1782929042195_monitor_1_post.jpg | screenshots/scr_smart_1782929042195_monitor_1_post.jpg,True
ses_20260701-175258-LAPTOP-76QMG9DE,14,2026-07-01T18:03:30.085Z,2026-07-01T18:04:06.085Z,2026-07-01T18:04:05.075000+00:00,evt_8840936e-0d9c-407f-a1c2-5dfdc196425c,C:\Users\Gaurav Rathod\Downloads\automation-proposal\raw_data\dataset-downloads\dataset_b-20260908T164438Z-1-001\dataset_b\ses_20260701-175258-LAPTOP-76QMG9DE\chunk_20260701-1800-LAPTOP-76QMG9DE\events.jsonl,548,20260701-1800-LAPTOP-76QMG9DE,scr_smart_1782929045075_monitor_1_post.jpg | screenshots/scr_smart_1782929045075_monitor_1_post.jpg,True
ses_20260701-175258-LAPTOP-76QMG9DE,15,2026-07-01T18:04:06.085Z,2026-07-01T18:04:14.085Z,2026-07-01T18:04:09.859000+00:00,evt_982ec674-799c-4a0c-aaac-3df158e32273,C:\Users\Gaurav Rathod\Downloads\automation-proposal\raw_data\dataset-downloads\dataset_b-20260908T164438Z-1-001\dataset_b\ses_20260701-175258-LAPTOP-76QMG9DE\chunk_20260701-1800-LAPTOP-76QMG9DE\events.jsonl,550,20260701-1800-LAPTOP-76QMG9DE,scr_smart_1782929049859_monitor_1_post.jpg | screenshots/scr_smart_1782929049859_monitor_1_post.jpg,True
ses_20260701-175258-LAPTOP-76QMG9DE,15,2026-07-01T18:04:06.085Z,2026-07-01T18:04:14.085Z,2026-07-01T18:04:11.813000+00:00,evt_b18a5fde-0cdf-4baf-874b-4a8174acc24d,C:\Users\Gaurav Rathod\Downloads\automation-proposal\raw_data\dataset-downloads\dataset_b-20260908T164438Z-1-001\dataset_b\ses_20260701-175258-LAPTOP-76QMG9DE\chunk_20260701-1800-LAPTOP-76QMG9DE\events.jsonl,552,20260701-1800-LAPTOP-76QMG9DE,scr_smart_1782929051813_monitor_1_post.jpg | screenshots/scr_smart_1782929051813_monitor_1_post.jpg,True
ses_20260701-175258-LAPTOP-76QMG9DE,15,2026-07-01T18:04:06.085Z,2026-07-01T18:04:14.085Z,2026-07-01T18:04:13.362000+00:00,evt_e75f82d2-633d-47ea-a3f4-39e857e0b08b,C:\Users\Gaurav Rathod\Downloads\automation-proposal\raw_data\dataset-downloads\dataset_b-20260908T164438Z-1-001\dataset_b\ses_20260701-175258-LAPTOP-76QMG9DE\chunk_20260701-1800-LAPTOP-76QMG9DE\events.jsonl,554,20260701-1800-LAPTOP-76QMG9DE,scr_smart_1782929053362_monitor_1_post.jpg | screenshots/scr_smart_1782929053362_monitor_1_post.jpg,True
ses_20260701-175258-LAPTOP-76QMG9DE,16,2026-07-01T18:04:14.085Z,2026-07-01T18:04:42.085Z,2026-07-01T18:04:15.915000+00:00,evt_260c4846-0478-40a1-a28f-55f10a460e29,C:\Users\Gaurav Rathod\Downloads\automation-proposal\raw_data\dataset-downloads\dataset_b-20260908T164438Z-1-001\dataset_b\ses_20260701-175258-LAPTOP-76QMG9DE\chunk_20260701-1800-LAPTOP-76QMG9DE\events.jsonl,557,20260701-1800-LAPTOP-76QMG9DE,scr_smart_1782929055915_monitor_1_post.jpg | screenshots/scr_smart_1782929055915_monitor_1_post.jpg,True
ses_20260701-175258-LAPTOP-76QMG9DE,16,2026-07-01T18:04:14.085Z,2026-07-01T18:04:42.085Z,2026-07-01T18:04:20.302000+00:00,evt_bc5eace6-0054-4899-9800-ec6cb1fbfed4,C:\Users\Gaurav Rathod\Downloads\automation-proposal\raw_data\dataset-downloads\dataset_b-20260908T164438Z-1-001\dataset_b\ses_20260701-175258-LAPTOP-76QMG9DE\chunk_20260701-1800-LAPTOP-76QMG9DE\events.jsonl,559,20260701-1800-LAPTOP-76QMG9DE,scr_smart_1782929060302_monitor_1_post.jpg | screenshots/scr_smart_1782929060302_monitor_1_post.jpg,True
ses_20260701-175258-LAPTOP-76QMG9DE,16,2026-07-01T18:04:14.085Z,2026-07-01T18:04:42.085Z,2026-07-01T18:04:21.848000+00:00,evt_f9070f59-66ef-4f15-9ea4-b239be3bd54f,C:\Users\Gaurav Rathod\Downloads\automation-proposal\raw_data\dataset-downloads\dataset_b-20260908T164438Z-1-001\dataset_b\ses_20260701-175258-LAPTOP-76QMG9DE\chunk_20260701-1800-LAPTOP-76QMG9DE\events.jsonl,561,20260701-1800-LAPTOP-76QMG9DE,scr_smart_1782929061848_monitor_1_post.jpg | screenshots/scr_smart_1782929061848_monitor_1_post.jpg,True
ses_20260701-175258-LAPTOP-76QMG9DE,16,2026-07-01T18:04:14.085Z,2026-07-01T18:04:42.085Z,2026-07-01T18:04:24.699000+00:00,evt_1e9dea10-f5d5-4d89-8381-0def3c865254,C:\Users\Gaurav Rathod\Downloads\automation-proposal\raw_data\dataset-downloads\dataset_b-20260908T164438Z-1-001\dataset_b\ses_20260701-175258-LAPTOP-76QMG9DE\chunk_20260701-1800-LAPTOP-76QMG9DE\events.jsonl,564,20260701-1800-LAPTOP-76QMG9DE,scr_smart_1782929064699_monitor_1_post.jpg | screenshots/scr_smart_1782929064699_monitor_1_post.jpg,True
ses_20260701-175258-LAPTOP-76QMG9DE,16,2026-07-01T18:04:14.085Z,2026-07-01T18:04:42.085Z,2026-07-01T18:04:30.020000+00:00,evt_e3bb95ed-06c5-4002-ae3f-85c8a944eb78,C:\Users\Gaurav Rathod\Downloads\automation-proposal\raw_data\dataset-downloads\dataset_b-20260908T164438Z-1-001\dataset_b\ses_20260701-175258-LAPTOP-76QMG9DE\chunk_20260701-1800-LAPTOP-76QMG9DE\events.jsonl,566,20260701-1800-LAPTOP-76QMG9DE,scr_smart_1782929070020_monitor_1_post.jpg | screenshots/scr_smart_1782929070020_monitor_1_post.jpg,True
ses_20260701-175258-LAPTOP-76QMG9DE,16,2026-07-01T18:04:14.085Z,2026-07-01T18:04:42.085Z,2026-07-01T18:04:31.981000+00:00,evt_e283865f-777b-44ac-87f9-47865d51fcd9,C:\Users\Gaurav Rathod\Downloads\automation-proposal\raw_data\dataset-downloads\dataset_b-20260908T164438Z-1-001\dataset_b\ses_20260701-175258-LAPTOP-76QMG9DE\chunk_20260701-1800-LAPTOP-76QMG9DE\events.jsonl,568,20260701-1800-LAPTOP-76QMG9DE,scr_smart_1782929071981_monitor_1_post.jpg | screenshots/scr_smart_1782929071981_monitor_1_post.jpg,True
ses_20260701-175258-LAPTOP-76QMG9DE,16,2026-07-01T18:04:14.085Z,2026-07-01T18:04:42.085Z,2026-07-01T18:04:34.883000+00:00,evt_8275bb54-5300-4c38-90a1-6380f0d0c5e3,C:\Users\Gaurav Rathod\Downloads\automation-proposal\raw_data\dataset-downloads\dataset_b-20260908T164438Z-1-001\dataset_b\ses_20260701-175258-LAPTOP-76QMG9DE\chunk_20260701-1800-LAPTOP-76QMG9DE\events.jsonl,571,20260701-1800-LAPTOP-76QMG9DE,scr_smart_1782929074883_monitor_1_post.jpg | screenshots/scr_smart_1782929074883_monitor_1_post.jpg,True
ses_20260701-175258-LAPTOP-76QMG9DE,16,2026-07-01T18:04:14.085Z,2026-07-01T18:04:42.085Z,2026-07-01T18:04:38.254000+00:00,evt_0c625712-87f2-459f-9412-d3be558be7fd,C:\Users\Gaurav Rathod\Downloads\automation-proposal\raw_data\dataset-downloads\dataset_b-20260908T164438Z-1-001\dataset_b\ses_20260701-175258-LAPTOP-76QMG9DE\chunk_20260701-1800-LAPTOP-76QMG9DE\events.jsonl,573,20260701-1800-LAPTOP-76QMG9DE,scr_smart_1782929078254_monitor_1_post.jpg | screenshots/scr_smart_1782929078254_monitor_1_post.jpg,True
ses_20260701-175258-LAPTOP-76QMG9DE,16,2026-07-01T18:04:14.085Z,2026-07-01T18:04:42.085Z,2026-07-01T18:04:40.004000+00:00,evt_a5d90562-c7dc-4351-84cd-fa2352e66341,C:\Users\Gaurav Rathod\Downloads\automation-proposal\raw_data\dataset-downloads\dataset_b-20260908T164438Z-1-001\dataset_b\ses_20260701-175258-LAPTOP-76QMG9DE\chunk_20260701-1800-LAPTOP-76QMG9DE\events.jsonl,575,20260701-1800-LAPTOP-76QMG9DE,scr_smart_1782929080004_monitor_1_post.jpg | screenshots/scr_smart_1782929080004_monitor_1_post.jpg,True
ses_20260701-175258-LAPTOP-76QMG9DE,17,2026-07-01T18:04:42.085Z,2026-07-01T18:05:00.085Z,2026-07-01T18:04:42.974000+00:00,evt_605a19ee-d13b-4f88-8ca7-cd7462664739,C:\Users\Gaurav Rathod\Downloads\automation-proposal\raw_data\dataset-downloads\dataset_b-20260908T164438Z-1-001\dataset_b\ses_20260701-175258-LAPTOP-76QMG9DE\chunk_20260701-1800-LAPTOP-76QMG9DE\events.jsonl,578,20260701-1800-LAPTOP-76QMG9DE,scr_smart_1782929082974_monitor_1_post.jpg | screenshots/scr_smart_1782929082974_monitor_1_post.jpg,True
ses_20260701-175258-LAPTOP-76QMG9DE,17,2026-07-01T18:04:42.085Z,2026-07-01T18:05:00.085Z,2026-07-01T18:04:49.590000+00:00,evt_69e4d39d-7aa3-436e-9702-d17a20e701a6,C:\Users\Gaurav Rathod\Downloads\automation-proposal\raw_data\dataset-downloads\dataset_b-20260908T164438Z-1-001\dataset_b\ses_20260701-175258-LAPTOP-76QMG9DE\chunk_20260701-1800-LAPTOP-76QMG9DE\events.jsonl,580,20260701-1800-LAPTOP-76QMG9DE,scr_smart_1782929089590_monitor_1_post.jpg | screenshots/scr_smart_1782929089590_monitor_1_post.jpg,True
ses_20260701-175258-LAPTOP-76QMG9DE,17,2026-07-01T18:04:42.085Z,2026-07-01T18:05:00.085Z,2026-07-01T18:04:51.350000+00:00,evt_905ba69f-371b-450f-971e-a5f158f263e9,C:\Users\Gaurav Rathod\Downloads\automation-proposal\raw_data\dataset-downloads\dataset_b-20260908T164438Z-1-001\dataset_b\ses_20260701-175258-LAPTOP-76QMG9DE\chunk_20260701-1800-LAPTOP-76QMG9DE\events.jsonl,582,20260701-1800-LAPTOP-76QMG9DE,scr_smart_1782929091350_monitor_1_post.jpg | screenshots/scr_smart_1782929091350_monitor_1_post.jpg,True
ses_20260701-175258-LAPTOP-76QMG9DE,17,2026-07-01T18:04:42.085Z,2026-07-01T18:05:00.085Z,2026-07-01T18:04:54.113000+00:00,evt_3380163b-3a5e-4a38-a9ff-888f7805c5af,C:\Users\Gaurav Rathod\Downloads\automation-proposal\raw_data\dataset-downloads\dataset_b-20260908T164438Z-1-001\dataset_b\ses_20260701-175258-LAPTOP-76QMG9DE\chunk_20260701-1800-LAPTOP-76QMG9DE\events.jsonl,594,20260701-1800-LAPTOP-76QMG9DE,scr_smart_1782929094113_monitor_1_post.jpg | screenshots/scr_smart_1782929094113_monitor_1_post.jpg,True
ses_20260701-175258-LAPTOP-76QMG9DE,17,2026-07-01T18:04:42.085Z,2026-07-01T18:05:00.085Z,2026-07-01T18:04:54.651000+00:00,evt_bf755501-2c58-4d0f-88b3-d1c9a78e603a,C:\Users\Gaurav Rathod\Downloads\automation-proposal\raw_data\dataset-downloads\dataset_b-20260908T164438Z-1-001\dataset_b\ses_20260701-175258-LAPTOP-76QMG9DE\chunk_20260701-1800-LAPTOP-76QMG9DE\events.jsonl,637,20260701-1800-LAPTOP-76QMG9DE,scr_smart_1782929094651_monitor_1_post.jpg | screenshots/scr_smart_1782929094651_monitor_1_post.jpg,True
ses_20260701-175258-LAPTOP-76QMG9DE,17,2026-07-01T18:04:42.085Z,2026-07-01T18:05:00.085Z,2026-07-01T18:04:57.826000+00:00,evt_00dd2583-13e6-42ec-b604-81857e486e55,C:\Users\Gaurav Rathod\Downloads\automation-proposal\raw_data\dataset-downloads\dataset_b-20260908T164438Z-1-001\dataset_b\ses_20260701-175258-LAPTOP-76QMG9DE\chunk_20260701-1800-LAPTOP-76QMG9DE\events.jsonl,641,20260701-1800-LAPTOP-76QMG9DE,scr_smart_1782929097826_monitor_1_post.jpg | screenshots/scr_smart_1782929097826_monitor_1_post.jpg,True
ses_20260701-175258-LAPTOP-76QMG9DE,17,2026-07-01T18:04:42.085Z,2026-07-01T18:05:00.085Z,2026-07-01T18:04:58.969000+00:00,evt_5929ab02-6eeb-4795-a258-dbbc335d7ef5,C:\Users\Gaurav Rathod\Downloads\automation-proposal\raw_data\dataset-downloads\dataset_b-20260908T164438Z-1-001\dataset_b\ses_20260701-175258-LAPTOP-76QMG9DE\chunk_20260701-1800-LAPTOP-76QMG9DE\events.jsonl,644,20260701-1800-LAPTOP-76QMG9DE,scr_smart_1782929098969_monitor_1_post.jpg | screenshots/scr_smart_1782929098969_monitor_1_post.jpg,True
ses_20260701-175258-LAPTOP-76QMG9DE,17,2026-07-01T18:04:42.085Z,2026-07-01T18:05:00.085Z,2026-07-01T18:04:59.598000+00:00,evt_f9071df0-42b2-438b-8f22-1dbe35f5cdc2,C:\Users\Gaurav Rathod\Downloads\automation-proposal\raw_data\dataset-downloads\dataset_b-20260908T164438Z-1-001\dataset_b\ses_20260701-175258-LAPTOP-76QMG9DE\chunk_20260701-1800-LAPTOP-76QMG9DE\events.jsonl,646,20260701-1800-LAPTOP-76QMG9DE,scr_smart_1782929099598_monitor_1_post.jpg | screenshots/scr_smart_1782929099598_monitor_1_post.jpg,True
ses_20260701-175258-LAPTOP-76QMG9DE,18,2026-07-01T18:05:00.085Z,2026-07-01T18:06:36.075Z,2026-07-01T18:05:00.143000+00:00,evt_df186f66-8730-437d-996d-33badbbb6c92,C:\Users\Gaurav Rathod\Downloads\automation-proposal\raw_data\dataset-downloads\dataset_b-20260908T164438Z-1-001\dataset_b\ses_20260701-175258-LAPTOP-76QMG9DE\chunk_20260701-1800-LAPTOP-76QMG9DE\events.jsonl,652,20260701-1800-LAPTOP-76QMG9DE,scr_smart_1782929100143_monitor_1_post.jpg | screenshots/scr_smart_1782929100143_monitor_1_post.jpg,True
ses_20260701-175258-LAPTOP-76QMG9DE,18,2026-07-01T18:05:00.085Z,2026-07-01T18:06:36.075Z,2026-07-01T18:05:02.595000+00:00,evt_a4898b5c-0188-4ffc-87c4-a0a66d7324e6,C:\Users\Gaurav Rathod\Downloads\automation-proposal\raw_data\dataset-downloads\dataset_b-20260908T164438Z-1-001\dataset_b\ses_20260701-175258-LAPTOP-76QMG9DE\chunk_20260701-1800-LAPTOP-76QMG9DE\events.jsonl,655,20260701-1800-LAPTOP-76QMG9DE,scr_smart_1782929102595_monitor_1_post.jpg | screenshots/scr_smart_1782929102595_monitor_1_post.jpg,True
ses_20260701-175258-LAPTOP-76QMG9DE,18,2026-07-01T18:05:00.085Z,2026-07-01T18:06:36.075Z,2026-07-01T18:05:06.468000+00:00,evt_a67e605d-2d1c-4c13-a74a-768ea5a8f5fb,C:\Users\Gaurav Rathod\Downloads\automation-proposal\raw_data\dataset-downloads\dataset_b-20260908T164438Z-1-001\dataset_b\ses_20260701-175258-LAPTOP-76QMG9DE\chunk_20260701-1800-LAPTOP-76QMG9DE\events.jsonl,659,20260701-1800-LAPTOP-76QMG9DE,scr_smart_1782929106468_monitor_1_post.jpg | screenshots/scr_smart_1782929106468_monitor_1_post.jpg,True
ses_20260701-175258-LAPTOP-76QMG9DE,18,2026-07-01T18:05:00.085Z,2026-07-01T18:06:36.075Z,2026-07-01T18:05:07.742000+00:00,evt_4510f69e-16af-4754-80e5-545e6d4bc72c,C:\Users\Gaurav Rathod\Downloads\automation-proposal\raw_data\dataset-downloads\dataset_b-20260908T164438Z-1-001\dataset_b\ses_20260701-175258-LAPTOP-76QMG9DE\chunk_20260701-1800-LAPTOP-76QMG9DE\events.jsonl,662,20260701-1800-LAPTOP-76QMG9DE,scr_smart_1782929107742_monitor_1_post.jpg | screenshots/scr_smart_1782929107742_monitor_1_post.jpg,True
ses_20260701-175258-LAPTOP-76QMG9DE,18,2026-07-01T18:05:00.085Z,2026-07-01T18:06:36.075Z,2026-07-01T18:05:08.280000+00:00,evt_6fb9055d-282b-4333-8820-4808d3d9edd5,C:\Users\Gaurav Rathod\Downloads\automation-proposal\raw_data\dataset-downloads\dataset_b-20260908T164438Z-1-001\dataset_b\ses_20260701-175258-LAPTOP-76QMG9DE\chunk_20260701-1800-LAPTOP-76QMG9DE\events.jsonl,664,20260701-1800-LAPTOP-76QMG9DE,scr_smart_1782929108280_monitor_1_post.jpg | screenshots/scr_smart_1782929108280_monitor_1_post.jpg,True
ses_20260701-175258-LAPTOP-76QMG9DE,18,2026-07-01T18:05:00.085Z,2026-07-01T18:06:36.075Z,2026-07-01T18:05:08.822000+00:00,evt_f4bf6023-e98c-47b5-9dd0-323496344d0f,C:\Users\Gaurav Rathod\Downloads\automation-proposal\raw_data\dataset-downloads\dataset_b-20260908T164438Z-1-001\dataset_b\ses_20260701-175258-LAPTOP-76QMG9DE\chunk_20260701-1800-LAPTOP-76QMG9DE\events.jsonl,670,20260701-1800-LAPTOP-76QMG9DE,scr_smart_1782929108822_monitor_1_post.jpg | screenshots/scr_smart_1782929108822_monitor_1_post.jpg,True
ses_20260701-175258-LAPTOP-76QMG9DE,18,2026-07-01T18:05:00.085Z,2026-07-01T18:06:36.075Z,2026-07-01T18:05:10.972000+00:00,evt_e707f3b2-2df2-4c9f-a99e-b042dc740f81,C:\Users\Gaurav Rathod\Downloads\automation-proposal\raw_data\dataset-downloads\dataset_b-20260908T164438Z-1-001\dataset_b\ses_20260701-175258-LAPTOP-76QMG9DE\chunk_20260701-1800-LAPTOP-76QMG9DE\events.jsonl,673,20260701-1800-LAPTOP-76QMG9DE,scr_smart_1782929110972_monitor_1_post.jpg | screenshots/scr_smart_1782929110972_monitor_1_post.jpg,True
ses_20260701-175258-LAPTOP-76QMG9DE,18,2026-07-01T18:05:00.085Z,2026-07-01T18:06:36.075Z,2026-07-01T18:05:15.149000+00:00,evt_92cb8ff7-31bc-44bf-9513-b64919328086,C:\Users\Gaurav Rathod\Downloads\automation-proposal\raw_data\dataset-downloads\dataset_b-20260908T164438Z-1-001\dataset_b\ses_20260701-175258-LAPTOP-76QMG9DE\chunk_20260701-1800-LAPTOP-76QMG9DE\events.jsonl,677,20260701-1800-LAPTOP-76QMG9DE,scr_smart_1782929115149_monitor_1_post.jpg | screenshots/scr_smart_1782929115149_monitor_1_post.jpg,True
ses_20260701-175258-LAPTOP-76QMG9DE,18,2026-07-01T18:05:00.085Z,2026-07-01T18:06:36.075Z,2026-07-01T18:05:16.392000+00:00,evt_36701827-8a88-4dba-959a-c8e2a8c4f4b2,C:\Users\Gaurav Rathod\Downloads\automation-proposal\raw_data\dataset-downloads\dataset_b-20260908T164438Z-1-001\dataset_b\ses_20260701-175258-LAPTOP-76QMG9DE\chunk_20260701-1800-LAPTOP-76QMG9DE\events.jsonl,680,20260701-1800-LAPTOP-76QMG9DE,scr_smart_1782929116392_monitor_1_post.jpg | screenshots/scr_smart_1782929116392_monitor_1_post.jpg,True
ses_20260701-175258-LAPTOP-76QMG9DE,18,2026-07-01T18:05:00.085Z,2026-07-01T18:06:36.075Z,2026-07-01T18:05:17.332000+00:00,evt_c8696290-06ee-45fd-b145-eb0637d627da,C:\Users\Gaurav Rathod\Downloads\automation-proposal\raw_data\dataset-downloads\dataset_b-20260908T164438Z-1-001\dataset_b\ses_20260701-175258-LAPTOP-76QMG9DE\chunk_20260701-1800-LAPTOP-76QMG9DE\events.jsonl,687,20260701-1800-LAPTOP-76QMG9DE,scr_smart_1782929117332_monitor_1_post.jpg | screenshots/scr_smart_1782929117332_monitor_1_post.jpg,True
ses_20260701-175258-LAPTOP-76QMG9DE,18,2026-07-01T18:05:00.085Z,2026-07-01T18:06:36.075Z,2026-07-01T18:05:19.647000+00:00,evt_1505d776-3f67-4375-9eee-10cb5fc5ee79,C:\Users\Gaurav Rathod\Downloads\automation-proposal\raw_data\dataset-downloads\dataset_b-20260908T164438Z-1-001\dataset_b\ses_20260701-175258-LAPTOP-76QMG9DE\chunk_20260701-1800-LAPTOP-76QMG9DE\events.jsonl,690,20260701-1800-LAPTOP-76QMG9DE,scr_smart_1782929119647_monitor_1_post.jpg | screenshots/scr_smart_1782929119647_monitor_1_post.jpg,True
ses_20260701-175258-LAPTOP-76QMG9DE,18,2026-07-01T18:05:00.085Z,2026-07-01T18:06:36.075Z,2026-07-01T18:05:24.113000+00:00,evt_0c4c5957-f5d0-41f6-9c27-a3d8e3e66c37,C:\Users\Gaurav Rathod\Downloads\automation-proposal\raw_data\dataset-downloads\dataset_b-20260908T164438Z-1-001\dataset_b\ses_20260701-175258-LAPTOP-76QMG9DE\chunk_20260701-1800-LAPTOP-76QMG9DE\events.jsonl,693,20260701-1800-LAPTOP-76QMG9DE,scr_smart_1782929124113_monitor_1_post.jpg | screenshots/scr_smart_1782929124113_monitor_1_post.jpg,True
ses_20260701-175258-LAPTOP-76QMG9DE,18,2026-07-01T18:05:00.085Z,2026-07-01T18:06:36.075Z,2026-07-01T18:05:24.664000+00:00,evt_c5845ada-f81a-4fff-85bb-e9ecad9ba60d,C:\Users\Gaurav Rathod\Downloads\automation-proposal\raw_data\dataset-downloads\dataset_b-20260908T164438Z-1-001\dataset_b\ses_20260701-175258-LAPTOP-76QMG9DE\chunk_20260701-1800-LAPTOP-76QMG9DE\events.jsonl,695,20260701-1800-LAPTOP-76QMG9DE,scr_smart_1782929124664_monitor_1_post.jpg | screenshots/scr_smart_1782929124664_monitor_1_post.jpg,True
ses_20260701-175258-LAPTOP-76QMG9DE,18,2026-07-01T18:05:00.085Z,2026-07-01T18:06:36.075Z,2026-07-01T18:05:25.202000+00:00,evt_0691cd2f-9292-4d2d-93e9-cfdd08a35660,C:\Users\Gaurav Rathod\Downloads\automation-proposal\raw_data\dataset-downloads\dataset_b-20260908T164438Z-1-001\dataset_b\ses_20260701-175258-LAPTOP-76QMG9DE\chunk_20260701-1800-LAPTOP-76QMG9DE\events.jsonl,697,20260701-1800-LAPTOP-76QMG9DE,scr_smart_1782929125202_monitor_1_post.jpg | screenshots/scr_smart_1782929125202_monitor_1_post.jpg,True
ses_20260701-175258-LAPTOP-76QMG9DE,18,2026-07-01T18:05:00.085Z,2026-07-01T18:06:36.075Z,2026-07-01T18:05:26.557000+00:00,evt_d9efceb5-45d8-4c4d-bf46-350503e33557,C:\Users\Gaurav Rathod\Downloads\automation-proposal\raw_data\dataset-downloads\dataset_b-20260908T164438Z-1-001\dataset_b\ses_20260701-175258-LAPTOP-76QMG9DE\chunk_20260701-1800-LAPTOP-76QMG9DE\events.jsonl,703,20260701-1800-LAPTOP-76QMG9DE,scr_smart_1782929126557_monitor_1_post.jpg | screenshots/scr_smart_1782929126557_monitor_1_post.jpg,True
ses_20260701-175258-LAPTOP-76QMG9DE,18,2026-07-01T18:05:00.085Z,2026-07-01T18:06:36.075Z,2026-07-01T18:06:31.184000+00:00,evt_ba48c505-7b0a-49bb-876f-9955bc2b4d14,C:\Users\Gaurav Rathod\Downloads\automation-proposal\raw_data\dataset-downloads\dataset_b-20260908T164438Z-1-001\dataset_b\ses_20260701-175258-LAPTOP-76QMG9DE\chunk_20260701-1800-LAPTOP-76QMG9DE\events.jsonl,705,20260701-1800-LAPTOP-76QMG9DE,scr_smart_1782929191184_monitor_1_post.jpg | screenshots/scr_smart_1782929191184_monitor_1_post.jpg,True
ses_20260701-175747-SIDDHIGUPTAB00B,1,2026-07-01T17:58:27.661Z,2026-07-01T17:58:45.661Z,2026-07-01T17:58:28.677000+00:00,evt_26517bdb-eb6b-4972-8a6c-b5821697d798,C:\Users\Gaurav Rathod\Downloads\automation-proposal\raw_data\dataset-downloads\dataset_b-20260908T164438Z-1-001\dataset_b\ses_20260701-175747-SIDDHIGUPTAB00B\chunk_20260701-1730-SIDDHIGUPTAB00B\events.jsonl,87,20260701-1730-SIDDHIGUPTAB00B,scr_smart_1782928708677_monitor_1_post.jpg | screenshots/scr_smart_1782928708677_monitor_1_post.jpg,True
ses_20260701-175747-SIDDHIGUPTAB00B,1,2026-07-01T17:58:27.661Z,2026-07-01T17:58:45.661Z,2026-07-01T17:58:31.002000+00:00,evt_e7e391f7-7093-4498-ac48-93547cb06847,C:\Users\Gaurav Rathod\Downloads\automation-proposal\raw_data\dataset-downloads\dataset_b-20260908T164438Z-1-001\dataset_b\ses_20260701-175747-SIDDHIGUPTAB00B\chunk_20260701-1730-SIDDHIGUPTAB00B\events.jsonl,89,20260701-1730-SIDDHIGUPTAB00B,scr_smart_1782928711002_monitor_1_post.jpg | screenshots/scr_smart_1782928711002_monitor_1_post.jpg,True
ses_20260701-175747-SIDDHIGUPTAB00B,1,2026-07-01T17:58:27.661Z,2026-07-01T17:58:45.661Z,2026-07-01T17:58:32.842000+00:00,evt_78a1e089-b6d6-4b64-b02c-85b3af10d4ff,C:\Users\Gaurav Rathod\Downloads\automation-proposal\raw_data\dataset-downloads\dataset_b-20260908T164438Z-1-001\dataset_b\ses_20260701-175747-SIDDHIGUPTAB00B\chunk_20260701-1730-SIDDHIGUPTAB00B\events.jsonl,91,20260701-1730-SIDDHIGUPTAB00B,scr_smart_1782928712842_monitor_1_post.jpg | screenshots/scr_smart_1782928712842_monitor_1_post.jpg,True
ses_20260701-175747-SIDDHIGUPTAB00B,1,2026-07-01T17:58:27.661Z,2026-07-01T17:58:45.661Z,2026-07-01T17:58:33.338000+00:00,evt_6d3c43d9-e3fd-44f3-a299-b9c36c1a2248,C:\Users\Gaurav Rathod\Downloads\automation-proposal\raw_data\dataset-downloads\dataset_b-20260908T164438Z-1-001\dataset_b\ses_20260701-175747-SIDDHIGUPTAB00B\chunk_20260701-1730-SIDDHIGUPTAB00B\events.jsonl,93,20260701-1730-SIDDHIGUPTAB00B,scr_smart_1782928713338_monitor_1_post.jpg | screenshots/scr_smart_1782928713338_monitor_1_post.jpg,True
ses_20260701-175747-SIDDHIGUPTAB00B,1,2026-07-01T17:58:27.661Z,2026-07-01T17:58:45.661Z,2026-07-01T17:58:34.550000+00:00,evt_265e657b-4b51-459e-96d1-8e252b087869,C:\Users\Gaurav Rathod\Downloads\automation-proposal\raw_data\dataset-downloads\dataset_b-20260908T164438Z-1-001\dataset_b\ses_20260701-175747-SIDDHIGUPTAB00B\chunk_20260701-1730-SIDDHIGUPTAB00B\events.jsonl,96,20260701-1730-SIDDHIGUPTAB00B,scr_smart_1782928714550_monitor_1_post.jpg | screenshots/scr_smart_1782928714550_monitor_1_post.jpg,True
ses_20260701-175747-SIDDHIGUPTAB00B,1,2026-07-01T17:58:27.661Z,2026-07-01T17:58:45.661Z,2026-07-01T17:58:35.046000+00:00,evt_fadef784-2154-4d0d-824d-1b9203b4bf9c,C:\Users\Gaurav Rathod\Downloads\automation-proposal\raw_data\dataset-downloads\dataset_b-20260908T164438Z-1-001\dataset_b\ses_20260701-175747-SIDDHIGUPTAB00B\chunk_20260701-1730-SIDDHIGUPTAB00B\events.jsonl,98,20260701-1730-SIDDHIGUPTAB00B,scr_smart_1782928715046_monitor_1_post.jpg | screenshots/scr_smart_1782928715046_monitor_1_post.jpg,True
ses_20260701-175747-SIDDHIGUPTAB00B,1,2026-07-01T17:58:27.661Z,2026-07-01T17:58:45.661Z,2026-07-01T17:58:36.928000+00:00,evt_0bf0d880-d86a-4f30-9593-4a5083a25336,C:\Users\Gaurav Rathod\Downloads\automation-proposal\raw_data\dataset-downloads\dataset_b-20260908T164438Z-1-001\dataset_b\ses_20260701-175747-SIDDHIGUPTAB00B\chunk_20260701-1730-SIDDHIGUPTAB00B\events.jsonl,103,20260701-1730-SIDDHIGUPTAB00B,scr_smart_1782928716928_monitor_1_post.jpg | screenshots/scr_smart_1782928716928_monitor_1_post.jpg,True
ses_20260701-175747-SIDDHIGUPTAB00B,1,2026-07-01T17:58:27.661Z,2026-07-01T17:58:45.661Z,2026-07-01T17:58:38.472000+00:00,evt_cbdeec83-ff73-4b51-a0ea-83de66cdaf9d,C:\Users\Gaurav Rathod\Downloads\automation-proposal\raw_data\dataset-downloads\dataset_b-20260908T164438Z-1-001\dataset_b\ses_20260701-175747-SIDDHIGUPTAB00B\chunk_20260701-1730-SIDDHIGUPTAB00B\events.jsonl,105,20260701-1730-SIDDHIGUPTAB00B,scr_smart_1782928718472_monitor_1_post.jpg | screenshots/scr_smart_1782928718472_monitor_1_post.jpg,True
ses_20260701-175747-SIDDHIGUPTAB00B,1,2026-07-01T17:58:27.661Z,2026-07-01T17:58:45.661Z,2026-07-01T17:58:42.203000+00:00,evt_d0d0172e-02fa-4c6e-a36c-daeff24f8261,C:\Users\Gaurav Rathod\Downloads\automation-proposal\raw_data\dataset-downloads\dataset_b-20260908T164438Z-1-001\dataset_b\ses_20260701-175747-SIDDHIGUPTAB00B\chunk_20260701-1730-SIDDHIGUPTAB00B\events.jsonl,109,20260701-1730-SIDDHIGUPTAB00B,scr_smart_1782928722203_monitor_1_post.jpg | screenshots/scr_smart_1782928722203_monitor_1_post.jpg,True
ses_20260701-175747-SIDDHIGUPTAB00B,1,2026-07-01T17:58:27.661Z,2026-07-01T17:58:45.661Z,2026-07-01T17:58:43.705000+00:00,evt_cc16a436-6b41-4f5b-84cf-63a14630c278,C:\Users\Gaurav Rathod\Downloads\automation-proposal\raw_data\dataset-downloads\dataset_b-20260908T164438Z-1-001\dataset_b\ses_20260701-175747-SIDDHIGUPTAB00B\chunk_20260701-1730-SIDDHIGUPTAB00B\events.jsonl,112,20260701-1730-SIDDHIGUPTAB00B,scr_smart_1782928723705_monitor_1_post.jpg | screenshots/scr_smart_1782928723705_monitor_1_post.jpg,True
ses_20260701-175747-SIDDHIGUPTAB00B,1,2026-07-01T17:58:27.661Z,2026-07-01T17:58:45.661Z,2026-07-01T17:58:44.681000+00:00,evt_8bb9e754-98d1-4aba-8bcd-569155745259,C:\Users\Gaurav Rathod\Downloads\automation-proposal\raw_data\dataset-downloads\dataset_b-20260908T164438Z-1-001\dataset_b\ses_20260701-175747-SIDDHIGUPTAB00B\chunk_20260701-1730-SIDDHIGUPTAB00B\events.jsonl,119,20260701-1730-SIDDHIGUPTAB00B,scr_smart_1782928724681_monitor_1_post.jpg | screenshots/scr_smart_1782928724681_monitor_1_post.jpg,True
ses_20260701-175747-SIDDHIGUPTAB00B,2,2026-07-01T17:58:45.661Z,2026-07-01T17:58:55.661Z,2026-07-01T17:58:46.897000+00:00,evt_81024875-823e-48de-bca1-c84763eeba6e,C:\Users\Gaurav Rathod\Downloads\automation-proposal\raw_data\dataset-downloads\dataset_b-20260908T164438Z-1-001\dataset_b\ses_20260701-175747-SIDDHIGUPTAB00B\chunk_20260701-1730-SIDDHIGUPTAB00B\events.jsonl,122,20260701-1730-SIDDHIGUPTAB00B,scr_smart_1782928726897_monitor_1_post.jpg | screenshots/scr_smart_1782928726897_monitor_1_post.jpg,True
ses_20260701-175747-SIDDHIGUPTAB00B,2,2026-07-01T17:58:45.661Z,2026-07-01T17:58:55.661Z,2026-07-01T17:58:48.766000+00:00,evt_2c9d7a8d-30c4-42ce-b239-3c87c7cb94e2,C:\Users\Gaurav Rathod\Downloads\automation-proposal\raw_data\dataset-downloads\dataset_b-20260908T164438Z-1-001\dataset_b\ses_20260701-175747-SIDDHIGUPTAB00B\chunk_20260701-1730-SIDDHIGUPTAB00B\events.jsonl,128,20260701-1730-SIDDHIGUPTAB00B,scr_smart_1782928728766_monitor_1_post.jpg | screenshots/scr_smart_1782928728766_monitor_1_post.jpg,True
ses_20260701-175747-SIDDHIGUPTAB00B,2,2026-07-01T17:58:45.661Z,2026-07-01T17:58:55.661Z,2026-07-01T17:58:49.318000+00:00,evt_2803a850-0638-4fbd-92f6-43e038eabfa0,C:\Users\Gaurav Rathod\Downloads\automation-proposal\raw_data\dataset-downloads\dataset_b-20260908T164438Z-1-001\dataset_b\ses_20260701-175747-SIDDHIGUPTAB00B\chunk_20260701-1730-SIDDHIGUPTAB00B\events.jsonl,133,20260701-1730-SIDDHIGUPTAB00B,scr_smart_1782928729318_monitor_1_post.jpg | screenshots/scr_smart_1782928729318_monitor_1_post.jpg,True
ses_20260701-175747-SIDDHIGUPTAB00B,2,2026-07-01T17:58:45.661Z,2026-07-01T17:58:55.661Z,2026-07-01T17:58:52.627000+00:00,evt_fdc65091-9468-432b-ba9b-5b13c9533be3,C:\Users\Gaurav Rathod\Downloads\automation-proposal\raw_data\dataset-downloads\dataset_b-20260908T164438Z-1-001\dataset_b\ses_20260701-175747-SIDDHIGUPTAB00B\chunk_20260701-1730-SIDDHIGUPTAB00B\events.jsonl,136,20260701-1730-SIDDHIGUPTAB00B,scr_smart_1782928732627_monitor_1_post.jpg | screenshots/scr_smart_1782928732627_monitor_1_post.jpg,True
ses_20260701-175747-SIDDHIGUPTAB00B,2,2026-07-01T17:58:45.661Z,2026-07-01T17:58:55.661Z,2026-07-01T17:58:54.324000+00:00,evt_d1a80cc9-0e0a-4246-8d74-a4bc26ea8672,C:\Users\Gaurav Rathod\Downloads\automation-proposal\raw_data\dataset-downloads\dataset_b-20260908T164438Z-1-001\dataset_b\ses_20260701-175747-SIDDHIGUPTAB00B\chunk_20260701-1730-SIDDHIGUPTAB00B\events.jsonl,139,20260701-1730-SIDDHIGUPTAB00B,scr_smart_1782928734324_monitor_1_post.jpg | screenshots/scr_smart_1782928734324_monitor_1_post.jpg,True
ses_20260701-175747-SIDDHIGUPTAB00B,2,2026-07-01T17:58:45.661Z,2026-07-01T17:58:55.661Z,2026-07-01T17:58:55.241000+00:00,evt_d06d54e0-a6b0-450f-8049-139920a2401b,C:\Users\Gaurav Rathod\Downloads\automation-proposal\raw_data\dataset-downloads\dataset_b-20260908T164438Z-1-001\dataset_b\ses_20260701-175747-SIDDHIGUPTAB00B\chunk_20260701-1730-SIDDHIGUPTAB00B\events.jsonl,146,20260701-1730-SIDDHIGUPTAB00B,scr_smart_1782928735241_monitor_1_post.jpg | screenshots/scr_smart_1782928735241_monitor_1_post.jpg,True
ses_20260701-175747-SIDDHIGUPTAB00B,3,2026-07-01T17:58:55.661Z,2026-07-01T17:59:05.661Z,2026-07-01T17:58:57.540000+00:00,evt_65f14e08-96a7-4d21-ac2a-97c950821cf9,C:\Users\Gaurav Rathod\Downloads\automation-proposal\raw_data\dataset-downloads\dataset_b-20260908T164438Z-1-001\dataset_b\ses_20260701-175747-SIDDHIGUPTAB00B\chunk_20260701-1730-SIDDHIGUPTAB00B\events.jsonl,149,20260701-1730-SIDDHIGUPTAB00B,scr_smart_1782928737540_monitor_1_post.jpg | screenshots/scr_smart_1782928737540_monitor_1_post.jpg,True
ses_20260701-175747-SIDDHIGUPTAB00B,3,2026-07-01T17:58:55.661Z,2026-07-01T17:59:05.661Z,2026-07-01T17:59:01.583000+00:00,evt_76f2cb8f-cba1-46e2-a1a6-4099842e3503,C:\Users\Gaurav Rathod\Downloads\automation-proposal\raw_data\dataset-downloads\dataset_b-20260908T164438Z-1-001\dataset_b\ses_20260701-175747-SIDDHIGUPTAB00B\chunk_20260701-1730-SIDDHIGUPTAB00B\events.jsonl,152,20260701-1730-SIDDHIGUPTAB00B,scr_smart_1782928741583_monitor_1_post.jpg | screenshots/scr_smart_1782928741583_monitor_1_post.jpg,True
ses_20260701-175747-SIDDHIGUPTAB00B,3,2026-07-01T17:58:55.661Z,2026-07-01T17:59:05.661Z,2026-07-01T17:59:02.186000+00:00,evt_742c826d-9800-4da1-a28a-a4efad681040,C:\Users\Gaurav Rathod\Downloads\automation-proposal\raw_data\dataset-downloads\dataset_b-20260908T164438Z-1-001\dataset_b\ses_20260701-175747-SIDDHIGUPTAB00B\chunk_20260701-1730-SIDDHIGUPTAB00B\events.jsonl,155,20260701-1730-SIDDHIGUPTAB00B,scr_smart_1782928742186_monitor_1_post.jpg | screenshots/scr_smart_1782928742186_monitor_1_post.jpg,True
ses_20260701-175747-SIDDHIGUPTAB00B,3,2026-07-01T17:58:55.661Z,2026-07-01T17:59:05.661Z,2026-07-01T17:59:03.273000+00:00,evt_2a357495-1ba2-448e-9c87-48152306d4d4,C:\Users\Gaurav Rathod\Downloads\automation-proposal\raw_data\dataset-downloads\dataset_b-20260908T164438Z-1-001\dataset_b\ses_20260701-175747-SIDDHIGUPTAB00B\chunk_20260701-1730-SIDDHIGUPTAB00B\events.jsonl,158,20260701-1730-SIDDHIGUPTAB00B,scr_smart_1782928743273_monitor_1_post.jpg | screenshots/scr_smart_1782928743273_monitor_1_post.jpg,True
ses_20260701-175747-SIDDHIGUPTAB00B,3,2026-07-01T17:58:55.661Z,2026-07-01T17:59:05.661Z,2026-07-01T17:59:04.258000+00:00,evt_c27e7bd1-be5a-4733-ab71-0e734ea5a1ba,C:\Users\Gaurav Rathod\Downloads\automation-proposal\raw_data\dataset-downloads\dataset_b-20260908T164438Z-1-001\dataset_b\ses_20260701-175747-SIDDHIGUPTAB00B\chunk_20260701-1730-SIDDHIGUPTAB00B\events.jsonl,165,20260701-1730-SIDDHIGUPTAB00B,scr_smart_1782928744258_monitor_1_post.jpg | screenshots/scr_smart_1782928744258_monitor_1_post.jpg,True
ses_20260701-175747-SIDDHIGUPTAB00B,4,2026-07-01T17:59:05.661Z,2026-07-01T17:59:09.661Z,2026-07-01T17:59:06.652000+00:00,evt_ea199d30-47af-4a0a-b08e-c955c59f1426,C:\Users\Gaurav Rathod\Downloads\automation-proposal\raw_data\dataset-downloads\dataset_b-20260908T164438Z-1-001\dataset_b\ses_20260701-175747-SIDDHIGUPTAB00B\chunk_20260701-1730-SIDDHIGUPTAB00B\events.jsonl,168,20260701-1730-SIDDHIGUPTAB00B,scr_smart_1782928746652_monitor_1_post.jpg | screenshots/scr_smart_1782928746652_monitor_1_post.jpg,True
ses_20260701-175747-SIDDHIGUPTAB00B,5,2026-07-01T17:59:09.661Z,2026-07-01T17:59:35.661Z,2026-07-01T17:59:11.193000+00:00,evt_808fac5d-863b-494d-8152-b3ce10e23d48,C:\Users\Gaurav Rathod\Downloads\automation-proposal\raw_data\dataset-downloads\dataset_b-20260908T164438Z-1-001\dataset_b\ses_20260701-175747-SIDDHIGUPTAB00B\chunk_20260701-1730-SIDDHIGUPTAB00B\events.jsonl,171,20260701-1730-SIDDHIGUPTAB00B,scr_smart_1782928751193_monitor_1_post.jpg | screenshots/scr_smart_1782928751193_monitor_1_post.jpg,True
ses_20260701-175747-SIDDHIGUPTAB00B,5,2026-07-01T17:59:09.661Z,2026-07-01T17:59:35.661Z,2026-07-01T17:59:13.280000+00:00,evt_6194bafb-b94f-458c-99c5-4ad727304156,C:\Users\Gaurav Rathod\Downloads\automation-proposal\raw_data\dataset-downloads\dataset_b-20260908T164438Z-1-001\dataset_b\ses_20260701-175747-SIDDHIGUPTAB00B\chunk_20260701-1730-SIDDHIGUPTAB00B\events.jsonl,173,20260701-1730-SIDDHIGUPTAB00B,scr_smart_1782928753280_monitor_1_post.jpg | screenshots/scr_smart_1782928753280_monitor_1_post.jpg,True
ses_20260701-175747-SIDDHIGUPTAB00B,5,2026-07-01T17:59:09.661Z,2026-07-01T17:59:35.661Z,2026-07-01T17:59:13.875000+00:00,evt_bc4ef374-c5df-4f49-9042-79bfacf379f2,C:\Users\Gaurav Rathod\Downloads\automation-proposal\raw_data\dataset-downloads\dataset_b-20260908T164438Z-1-001\dataset_b\ses_20260701-175747-SIDDHIGUPTAB00B\chunk_20260701-1730-SIDDHIGUPTAB00B\events.jsonl,175,20260701-1730-SIDDHIGUPTAB00B,scr_smart_1782928753875_monitor_1_post.jpg | screenshots/scr_smart_1782928753875_monitor_1_post.jpg,True
ses_20260701-175747-SIDDHIGUPTAB00B,5,2026-07-01T17:59:09.661Z,2026-07-01T17:59:35.661Z,2026-07-01T17:59:17.766000+00:00,evt_4c97c504-1638-4153-9e7a-640a398baddf,C:\Users\Gaurav Rathod\Downloads\automation-proposal\raw_data\dataset-downloads\dataset_b-20260908T164438Z-1-001\dataset_b\ses_20260701-175747-SIDDHIGUPTAB00B\chunk_20260701-1730-SIDDHIGUPTAB00B\events.jsonl,179,20260701-1730-SIDDHIGUPTAB00B,scr_smart_1782928757766_monitor_1_post.jpg | screenshots/scr_smart_1782928757766_monitor_1_post.jpg,True
ses_20260701-175747-SIDDHIGUPTAB00B,5,2026-07-01T17:59:09.661Z,2026-07-01T17:59:35.661Z,2026-07-01T17:59:20.653000+00:00,evt_396524a9-5ac6-4373-a2cc-31a2ff56a1e7,C:\Users\Gaurav Rathod\Downloads\automation-proposal\raw_data\dataset-downloads\dataset_b-20260908T164438Z-1-001\dataset_b\ses_20260701-175747-SIDDHIGUPTAB00B\chunk_20260701-1730-SIDDHIGUPTAB00B\events.jsonl,181,20260701-1730-SIDDHIGUPTAB00B,scr_smart_1782928760653_monitor_1_post.jpg | screenshots/scr_smart_1782928760653_monitor_1_post.jpg,True
ses_20260701-175747-SIDDHIGUPTAB00B,5,2026-07-01T17:59:09.661Z,2026-07-01T17:59:35.661Z,2026-07-01T17:59:21.869000+00:00,evt_2633ff6c-f77d-4d10-97f6-5244dc68910e,C:\Users\Gaurav Rathod\Downloads\automation-proposal\raw_data\dataset-downloads\dataset_b-20260908T164438Z-1-001\dataset_b\ses_20260701-175747-SIDDHIGUPTAB00B\chunk_20260701-1730-SIDDHIGUPTAB00B\events.jsonl,188,20260701-1730-SIDDHIGUPTAB00B,scr_smart_1782928761869_monitor_1_post.jpg | screenshots/scr_smart_1782928761869_monitor_1_post.jpg,True
ses_20260701-175747-SIDDHIGUPTAB00B,5,2026-07-01T17:59:09.661Z,2026-07-01T17:59:35.661Z,2026-07-01T17:59:23.968000+00:00,evt_a8101ccd-f4f1-490a-a1cf-7b744a713e2e,C:\Users\Gaurav Rathod\Downloads\automation-proposal\raw_data\dataset-downloads\dataset_b-20260908T164438Z-1-001\dataset_b\ses_20260701-175747-SIDDHIGUPTAB00B\chunk_20260701-1730-SIDDHIGUPTAB00B\events.jsonl,191,20260701-1730-SIDDHIGUPTAB00B,scr_smart_1782928763968_monitor_1_post.jpg | screenshots/scr_smart_1782928763968_monitor_1_post.jpg,True
ses_20260701-175747-SIDDHIGUPTAB00B,5,2026-07-01T17:59:09.661Z,2026-07-01T17:59:35.661Z,2026-07-01T17:59:27.809000+00:00,evt_a1ed8064-6acf-450d-8d97-101a285757f1,C:\Users\Gaurav Rathod\Downloads\automation-proposal\raw_data\dataset-downloads\dataset_b-20260908T164438Z-1-001\dataset_b\ses_20260701-175747-SIDDHIGUPTAB00B\chunk_20260701-1730-SIDDHIGUPTAB00B\events.jsonl,194,20260701-1730-SIDDHIGUPTAB00B,scr_smart_1782928767809_monitor_1_post.jpg | screenshots/scr_smart_1782928767809_monitor_1_post.jpg,True
ses_20260701-175747-SIDDHIGUPTAB00B,5,2026-07-01T17:59:09.661Z,2026-07-01T17:59:35.661Z,2026-07-01T17:59:29.516000+00:00,evt_8165d89f-bc93-4f76-b8ee-f397fff4ed1a,C:\Users\Gaurav Rathod\Downloads\automation-proposal\raw_data\dataset-downloads\dataset_b-20260908T164438Z-1-001\dataset_b\ses_20260701-175747-SIDDHIGUPTAB00B\chunk_20260701-1730-SIDDHIGUPTAB00B\events.jsonl,198,20260701-1730-SIDDHIGUPTAB00B,scr_smart_1782928769516_monitor_1_post.jpg | screenshots/scr_smart_1782928769516_monitor_1_post.jpg,True
ses_20260701-175747-SIDDHIGUPTAB00B,5,2026-07-01T17:59:09.661Z,2026-07-01T17:59:35.661Z,2026-07-01T17:59:30.507000+00:00,evt_f042ad1d-a08a-4361-9373-2e2715adcb34,C:\Users\Gaurav Rathod\Downloads\automation-proposal\raw_data\dataset-downloads\dataset_b-20260908T164438Z-1-001\dataset_b\ses_20260701-175747-SIDDHIGUPTAB00B\chunk_20260701-1730-SIDDHIGUPTAB00B\events.jsonl,205,20260701-1730-SIDDHIGUPTAB00B,scr_smart_1782928770507_monitor_1_post.jpg | screenshots/scr_smart_1782928770507_monitor_1_post.jpg,True
ses_20260701-175747-SIDDHIGUPTAB00B,5,2026-07-01T17:59:09.661Z,2026-07-01T17:59:35.661Z,2026-07-01T17:59:32.714000+00:00,evt_7cc565af-b618-463f-b6a4-bc51f292ad1c,C:\Users\Gaurav Rathod\Downloads\automation-proposal\raw_data\dataset-downloads\dataset_b-20260908T164438Z-1-001\dataset_b\ses_20260701-175747-SIDDHIGUPTAB00B\chunk_20260701-1730-SIDDHIGUPTAB00B\events.jsonl,208,20260701-1730-SIDDHIGUPTAB00B,scr_smart_1782928772714_monitor_1_post.jpg | screenshots/scr_smart_1782928772714_monitor_1_post.jpg,True
ses_20260701-175747-SIDDHIGUPTAB00B,6,2026-07-01T17:59:35.661Z,2026-07-01T17:59:53.661Z,2026-07-01T17:59:36.323000+00:00,evt_5da5fdee-1858-476f-8e62-f475884642b0,C:\Users\Gaurav Rathod\Downloads\automation-proposal\raw_data\dataset-downloads\dataset_b-20260908T164438Z-1-001\dataset_b\ses_20260701-175747-SIDDHIGUPTAB00B\chunk_20260701-1730-SIDDHIGUPTAB00B\events.jsonl,211,20260701-1730-SIDDHIGUPTAB00B,scr_smart_1782928776323_monitor_1_post.jpg | screenshots/scr_smart_1782928776323_monitor_1_post.jpg,True
ses_20260701-175747-SIDDHIGUPTAB00B,6,2026-07-01T17:59:35.661Z,2026-07-01T17:59:53.661Z,2026-07-01T17:59:38.740000+00:00,evt_f4ce7119-cc52-4e74-bc8e-e1c98c048193,C:\Users\Gaurav Rathod\Downloads\automation-proposal\raw_data\dataset-downloads\dataset_b-20260908T164438Z-1-001\dataset_b\ses_20260701-175747-SIDDHIGUPTAB00B\chunk_20260701-1730-SIDDHIGUPTAB00B\events.jsonl,215,20260701-1730-SIDDHIGUPTAB00B,scr_smart_1782928778740_monitor_1_post.jpg | screenshots/scr_smart_1782928778740_monitor_1_post.jpg,True
ses_20260701-175747-SIDDHIGUPTAB00B,6,2026-07-01T17:59:35.661Z,2026-07-01T17:59:53.661Z,2026-07-01T17:59:42.801000+00:00,evt_3bcadf69-e449-47bf-94d8-8b7bae5942e1,C:\Users\Gaurav Rathod\Downloads\automation-proposal\raw_data\dataset-downloads\dataset_b-20260908T164438Z-1-001\dataset_b\ses_20260701-175747-SIDDHIGUPTAB00B\chunk_20260701-1730-SIDDHIGUPTAB00B\events.jsonl,218,20260701-1730-SIDDHIGUPTAB00B,scr_smart_1782928782801_monitor_1_post.jpg | screenshots/scr_smart_1782928782801_monitor_1_post.jpg,True
ses_20260701-175747-SIDDHIGUPTAB00B,6,2026-07-01T17:59:35.661Z,2026-07-01T17:59:53.661Z,2026-07-01T17:59:43.684000+00:00,evt_f932ca5c-580c-4cff-b6b1-a58c0c410c1e,C:\Users\Gaurav Rathod\Downloads\automation-proposal\raw_data\dataset-downloads\dataset_b-20260908T164438Z-1-001\dataset_b\ses_20260701-175747-SIDDHIGUPTAB00B\chunk_20260701-1730-SIDDHIGUPTAB00B\events.jsonl,224,20260701-1730-SIDDHIGUPTAB00B,scr_smart_1782928783684_monitor_1_post.jpg | screenshots/scr_smart_1782928783684_monitor_1_post.jpg,True
ses_20260701-175747-SIDDHIGUPTAB00B,6,2026-07-01T17:59:35.661Z,2026-07-01T17:59:53.661Z,2026-07-01T17:59:45.881000+00:00,evt_ff2421bc-661c-4b81-98c0-b008b83d61c4,C:\Users\Gaurav Rathod\Downloads\automation-proposal\raw_data\dataset-downloads\dataset_b-20260908T164438Z-1-001\dataset_b\ses_20260701-175747-SIDDHIGUPTAB00B\chunk_20260701-1730-SIDDHIGUPTAB00B\events.jsonl,227,20260701-1730-SIDDHIGUPTAB00B,scr_smart_1782928785881_monitor_1_post.jpg | screenshots/scr_smart_1782928785881_monitor_1_post.jpg,True
ses_20260701-175747-SIDDHIGUPTAB00B,6,2026-07-01T17:59:35.661Z,2026-07-01T17:59:53.661Z,2026-07-01T17:59:49.591000+00:00,evt_e76f40a0-b019-4c0b-8051-e85b4aa54b97,C:\Users\Gaurav Rathod\Downloads\automation-proposal\raw_data\dataset-downloads\dataset_b-20260908T164438Z-1-001\dataset_b\ses_20260701-175747-SIDDHIGUPTAB00B\chunk_20260701-1730-SIDDHIGUPTAB00B\events.jsonl,230,20260701-1730-SIDDHIGUPTAB00B,scr_smart_1782928789591_monitor_1_post.jpg | screenshots/scr_smart_1782928789591_monitor_1_post.jpg,True
ses_20260701-175747-SIDDHIGUPTAB00B,6,2026-07-01T17:59:35.661Z,2026-07-01T17:59:53.661Z,2026-07-01T17:59:50.126000+00:00,evt_e502708f-9f43-4508-8de2-fe692ef7a47d,C:\Users\Gaurav Rathod\Downloads\automation-proposal\raw_data\dataset-downloads\dataset_b-20260908T164438Z-1-001\dataset_b\ses_20260701-175747-SIDDHIGUPTAB00B\chunk_20260701-1730-SIDDHIGUPTAB00B\events.jsonl,233,20260701-1730-SIDDHIGUPTAB00B,scr_smart_1782928790126_monitor_1_post.jpg | screenshots/scr_smart_1782928790126_monitor_1_post.jpg,True
ses_20260701-175747-SIDDHIGUPTAB00B,6,2026-07-01T17:59:35.661Z,2026-07-01T17:59:53.661Z,2026-07-01T17:59:51.423000+00:00,evt_faa9f408-f0c2-45e6-8fa6-1b8c13632047,C:\Users\Gaurav Rathod\Downloads\automation-proposal\raw_data\dataset-downloads\dataset_b-20260908T164438Z-1-001\dataset_b\ses_20260701-175747-SIDDHIGUPTAB00B\chunk_20260701-1730-SIDDHIGUPTAB00B\events.jsonl,236,20260701-1730-SIDDHIGUPTAB00B,scr_smart_1782928791423_monitor_1_post.jpg | screenshots/scr_smart_1782928791423_monitor_1_post.jpg,True
ses_20260701-175747-SIDDHIGUPTAB00B,6,2026-07-01T17:59:35.661Z,2026-07-01T17:59:53.661Z,2026-07-01T17:59:51.907000+00:00,evt_38e99d99-dd53-4c88-b511-7fb4605b701b,C:\Users\Gaurav Rathod\Downloads\automation-proposal\raw_data\dataset-downloads\dataset_b-20260908T164438Z-1-001\dataset_b\ses_20260701-175747-SIDDHIGUPTAB00B\chunk_20260701-1730-SIDDHIGUPTAB00B\events.jsonl,238,20260701-1730-SIDDHIGUPTAB00B,scr_smart_1782928791907_monitor_1_post.jpg | screenshots/scr_smart_1782928791907_monitor_1_post.jpg,True
ses_20260701-175747-SIDDHIGUPTAB00B,6,2026-07-01T17:59:35.661Z,2026-07-01T17:59:53.661Z,2026-07-01T17:59:52.468000+00:00,evt_3480150e-f937-44d8-a34c-9112b6257f02,C:\Users\Gaurav Rathod\Downloads\automation-proposal\raw_data\dataset-downloads\dataset_b-20260908T164438Z-1-001\dataset_b\ses_20260701-175747-SIDDHIGUPTAB00B\chunk_20260701-1730-SIDDHIGUPTAB00B\events.jsonl,244,20260701-1730-SIDDHIGUPTAB00B,scr_smart_1782928792468_monitor_1_post.jpg | screenshots/scr_smart_1782928792468_monitor_1_post.jpg,True
ses_20260701-175747-SIDDHIGUPTAB00B,7,2026-07-01T17:59:53.661Z,2026-07-01T17:59:57.661Z,2026-07-01T17:59:54.752000+00:00,evt_7780ef8b-267d-485e-a665-31cefb94e8de,C:\Users\Gaurav Rathod\Downloads\automation-proposal\raw_data\dataset-downloads\dataset_b-20260908T164438Z-1-001\dataset_b\ses_20260701-175747-SIDDHIGUPTAB00B\chunk_20260701-1730-SIDDHIGUPTAB00B\events.jsonl,247,20260701-1730-SIDDHIGUPTAB00B,scr_smart_1782928794752_monitor_1_post.jpg | screenshots/scr_smart_1782928794752_monitor_1_post.jpg,True
ses_20260701-175747-SIDDHIGUPTAB00B,7,2026-07-01T17:59:53.661Z,2026-07-01T17:59:57.661Z,2026-07-01T17:59:56.889000+00:00,evt_7a9d2f5f-ba6f-4b65-8f5e-7da333587c33,C:\Users\Gaurav Rathod\Downloads\automation-proposal\raw_data\dataset-downloads\dataset_b-20260908T164438Z-1-001\dataset_b\ses_20260701-175747-SIDDHIGUPTAB00B\chunk_20260701-1730-SIDDHIGUPTAB00B\events.jsonl,253,20260701-1730-SIDDHIGUPTAB00B,scr_smart_1782928796889_monitor_1_post.jpg | screenshots/scr_smart_1782928796889_monitor_1_post.jpg,True
ses_20260701-175747-SIDDHIGUPTAB00B,7,2026-07-01T17:59:53.661Z,2026-07-01T17:59:57.661Z,2026-07-01T17:59:57.389000+00:00,evt_5de3a9ed-5e81-4f7b-852c-7c528a1055f4,C:\Users\Gaurav Rathod\Downloads\automation-proposal\raw_data\dataset-downloads\dataset_b-20260908T164438Z-1-001\dataset_b\ses_20260701-175747-SIDDHIGUPTAB00B\chunk_20260701-1730-SIDDHIGUPTAB00B\events.jsonl,259,20260701-1730-SIDDHIGUPTAB00B,scr_smart_1782928797389_monitor_1_post.jpg | screenshots/scr_smart_1782928797389_monitor_1_post.jpg,True
ses_20260701-175747-SIDDHIGUPTAB00B,8,2026-07-01T18:01:21.661Z,2026-07-01T18:01:29.661Z,2026-07-01T18:01:26.585000+00:00,evt_14cf855b-df78-4f7f-842f-4a7b7531dc4b,C:\Users\Gaurav Rathod\Downloads\automation-proposal\raw_data\dataset-downloads\dataset_b-20260908T164438Z-1-001\dataset_b\ses_20260701-175747-SIDDHIGUPTAB00B\chunk_20260701-1800-SIDDHIGUPTAB00B\events.jsonl,151,20260701-1800-SIDDHIGUPTAB00B,scr_smart_1782928886585_monitor_1_post.jpg | screenshots/scr_smart_1782928886585_monitor_1_post.jpg,True
ses_20260701-175747-SIDDHIGUPTAB00B,8,2026-07-01T18:01:21.661Z,2026-07-01T18:01:29.661Z,2026-07-01T18:01:27.122000+00:00,evt_f81bfa84-30ad-4df8-9065-fbdbda3ae33a,C:\Users\Gaurav Rathod\Downloads\automation-proposal\raw_data\dataset-downloads\dataset_b-20260908T164438Z-1-001\dataset_b\ses_20260701-175747-SIDDHIGUPTAB00B\chunk_20260701-1800-SIDDHIGUPTAB00B\events.jsonl,154,20260701-1800-SIDDHIGUPTAB00B,scr_smart_1782928887122_monitor_1_post.jpg | screenshots/scr_smart_1782928887122_monitor_1_post.jpg,True
ses_20260701-175747-SIDDHIGUPTAB00B,8,2026-07-01T18:01:21.661Z,2026-07-01T18:01:29.661Z,2026-07-01T18:01:27.997000+00:00,evt_2da74764-f7cd-4dc6-a1f3-7daeb0c67bc5,C:\Users\Gaurav Rathod\Downloads\automation-proposal\raw_data\dataset-downloads\dataset_b-20260908T164438Z-1-001\dataset_b\ses_20260701-175747-SIDDHIGUPTAB00B\chunk_20260701-1800-SIDDHIGUPTAB00B\events.jsonl,156,20260701-1800-SIDDHIGUPTAB00B,scr_smart_1782928887997_monitor_1_post.jpg | screenshots/scr_smart_1782928887997_monitor_1_post.jpg,True
ses_20260701-175747-SIDDHIGUPTAB00B,8,2026-07-01T18:01:21.661Z,2026-07-01T18:01:29.661Z,2026-07-01T18:01:28.896000+00:00,evt_86c63071-5a5e-43a8-8b31-b5f06961ff0f,C:\Users\Gaurav Rathod\Downloads\automation-proposal\raw_data\dataset-downloads\dataset_b-20260908T164438Z-1-001\dataset_b\ses_20260701-175747-SIDDHIGUPTAB00B\chunk_20260701-1800-SIDDHIGUPTAB00B\events.jsonl,163,20260701-1800-SIDDHIGUPTAB00B,scr_smart_1782928888896_monitor_1_post.jpg | screenshots/scr_smart_1782928888896_monitor_1_post.jpg,True
ses_20260701-175747-SIDDHIGUPTAB00B,9,2026-07-01T18:01:29.661Z,2026-07-01T18:01:39.661Z,2026-07-01T18:01:30.986000+00:00,evt_b266456f-d1c9-4131-b258-5ec42ce7204b,C:\Users\Gaurav Rathod\Downloads\automation-proposal\raw_data\dataset-downloads\dataset_b-20260908T164438Z-1-001\dataset_b\ses_20260701-175747-SIDDHIGUPTAB00B\chunk_20260701-1800-SIDDHIGUPTAB00B\events.jsonl,166,20260701-1800-SIDDHIGUPTAB00B,scr_smart_1782928890986_monitor_1_post.jpg | screenshots/scr_smart_1782928890986_monitor_1_post.jpg,True
ses_20260701-175747-SIDDHIGUPTAB00B,9,2026-07-01T18:01:29.661Z,2026-07-01T18:01:39.661Z,2026-07-01T18:01:32.894000+00:00,evt_06c5f42a-e49b-4a2b-84eb-cd48d9cf1c66,C:\Users\Gaurav Rathod\Downloads\automation-proposal\raw_data\dataset-downloads\dataset_b-20260908T164438Z-1-001\dataset_b\ses_20260701-175747-SIDDHIGUPTAB00B\chunk_20260701-1800-SIDDHIGUPTAB00B\events.jsonl,169,20260701-1800-SIDDHIGUPTAB00B,scr_smart_1782928892894_monitor_1_post.jpg | screenshots/scr_smart_1782928892894_monitor_1_post.jpg,True
ses_20260701-175747-SIDDHIGUPTAB00B,9,2026-07-01T18:01:29.661Z,2026-07-01T18:01:39.661Z,2026-07-01T18:01:33.500000+00:00,evt_94d82d35-94c9-4ac7-a381-0ebfb727300b,C:\Users\Gaurav Rathod\Downloads\automation-proposal\raw_data\dataset-downloads\dataset_b-20260908T164438Z-1-001\dataset_b\ses_20260701-175747-SIDDHIGUPTAB00B\chunk_20260701-1800-SIDDHIGUPTAB00B\events.jsonl,177,20260701-1800-SIDDHIGUPTAB00B,scr_smart_1782928893500_monitor_1_post.jpg | screenshots/scr_smart_1782928893500_monitor_1_post.jpg,True
ses_20260701-175747-SIDDHIGUPTAB00B,9,2026-07-01T18:01:29.661Z,2026-07-01T18:01:39.661Z,2026-07-01T18:01:36.499000+00:00,evt_a5bcb9b5-245c-42b4-ba68-9f243a10d6bb,C:\Users\Gaurav Rathod\Downloads\automation-proposal\raw_data\dataset-downloads\dataset_b-20260908T164438Z-1-001\dataset_b\ses_20260701-175747-SIDDHIGUPTAB00B\chunk_20260701-1800-SIDDHIGUPTAB00B\events.jsonl,180,20260701-1800-SIDDHIGUPTAB00B,scr_smart_1782928896499_monitor_1_post.jpg | screenshots/scr_smart_1782928896499_monitor_1_post.jpg,True
ses_20260701-175747-SIDDHIGUPTAB00B,9,2026-07-01T18:01:29.661Z,2026-07-01T18:01:39.661Z,2026-07-01T18:01:37.938000+00:00,evt_99f981f4-dc92-4dd4-9dcd-88539f040a7e,C:\Users\Gaurav Rathod\Downloads\automation-proposal\raw_data\dataset-downloads\dataset_b-20260908T164438Z-1-001\dataset_b\ses_20260701-175747-SIDDHIGUPTAB00B\chunk_20260701-1800-SIDDHIGUPTAB00B\events.jsonl,183,20260701-1800-SIDDHIGUPTAB00B,scr_smart_1782928897938_monitor_1_post.jpg | screenshots/scr_smart_1782928897938_monitor_1_post.jpg,True
ses_20260701-175747-SIDDHIGUPTAB00B,9,2026-07-01T18:01:29.661Z,2026-07-01T18:01:39.661Z,2026-07-01T18:01:38.837000+00:00,evt_a18fb946-5cbf-4511-8501-2b72e2c2c72c,C:\Users\Gaurav Rathod\Downloads\automation-proposal\raw_data\dataset-downloads\dataset_b-20260908T164438Z-1-001\dataset_b\ses_20260701-175747-SIDDHIGUPTAB00B\chunk_20260701-1800-SIDDHIGUPTAB00B\events.jsonl,190,20260701-1800-SIDDHIGUPTAB00B,scr_smart_1782928898837_monitor_1_post.jpg | screenshots/scr_smart_1782928898837_monitor_1_post.jpg,True
ses_20260701-175747-SIDDHIGUPTAB00B,10,2026-07-01T18:01:39.661Z,2026-07-01T18:01:51.661Z,2026-07-01T18:01:41.334000+00:00,evt_108f60c2-50f0-49f9-9d12-b9a307be62a4,C:\Users\Gaurav Rathod\Downloads\automation-proposal\raw_data\dataset-downloads\dataset_b-20260908T164438Z-1-001\dataset_b\ses_20260701-175747-SIDDHIGUPTAB00B\chunk_20260701-1800-SIDDHIGUPTAB00B\events.jsonl,193,20260701-1800-SIDDHIGUPTAB00B,scr_smart_1782928901334_monitor_1_post.jpg | screenshots/scr_smart_1782928901334_monitor_1_post.jpg,True
ses_20260701-175747-SIDDHIGUPTAB00B,10,2026-07-01T18:01:39.661Z,2026-07-01T18:01:51.661Z,2026-07-01T18:01:43.068000+00:00,evt_34508764-b6b8-484a-bb78-80ce4e1c4d4e,C:\Users\Gaurav Rathod\Downloads\automation-proposal\raw_data\dataset-downloads\dataset_b-20260908T164438Z-1-001\dataset_b\ses_20260701-175747-SIDDHIGUPTAB00B\chunk_20260701-1800-SIDDHIGUPTAB00B\events.jsonl,197,20260701-1800-SIDDHIGUPTAB00B,scr_smart_1782928903068_monitor_1_post.jpg | screenshots/scr_smart_1782928903068_monitor_1_post.jpg,True
ses_20260701-175747-SIDDHIGUPTAB00B,10,2026-07-01T18:01:39.661Z,2026-07-01T18:01:51.661Z,2026-07-01T18:01:43.756000+00:00,evt_182db379-1104-4a32-9292-5fbedc302ba5,C:\Users\Gaurav Rathod\Downloads\automation-proposal\raw_data\dataset-downloads\dataset_b-20260908T164438Z-1-001\dataset_b\ses_20260701-175747-SIDDHIGUPTAB00B\chunk_20260701-1800-SIDDHIGUPTAB00B\events.jsonl,205,20260701-1800-SIDDHIGUPTAB00B,scr_smart_1782928903756_monitor_1_post.jpg | screenshots/scr_smart_1782928903756_monitor_1_post.jpg,True
ses_20260701-175747-SIDDHIGUPTAB00B,10,2026-07-01T18:01:39.661Z,2026-07-01T18:01:51.661Z,2026-07-01T18:01:46.767000+00:00,evt_7c409f9a-2fe2-4972-bd98-92ca30607d80,C:\Users\Gaurav Rathod\Downloads\automation-proposal\raw_data\dataset-downloads\dataset_b-20260908T164438Z-1-001\dataset_b\ses_20260701-175747-SIDDHIGUPTAB00B\chunk_20260701-1800-SIDDHIGUPTAB00B\events.jsonl,207,20260701-1800-SIDDHIGUPTAB00B,scr_smart_1782928906767_monitor_1_post.jpg | screenshots/scr_smart_1782928906767_monitor_1_post.jpg,True
ses_20260701-175747-SIDDHIGUPTAB00B,10,2026-07-01T18:01:39.661Z,2026-07-01T18:01:51.661Z,2026-07-01T18:01:47.390000+00:00,evt_00f0034f-1fa6-485b-a692-55e216327f75,C:\Users\Gaurav Rathod\Downloads\automation-proposal\raw_data\dataset-downloads\dataset_b-20260908T164438Z-1-001\dataset_b\ses_20260701-175747-SIDDHIGUPTAB00B\chunk_20260701-1800-SIDDHIGUPTAB00B\events.jsonl,210,20260701-1800-SIDDHIGUPTAB00B,scr_smart_1782928907390_monitor_1_post.jpg | screenshots/scr_smart_1782928907390_monitor_1_post.jpg,True
ses_20260701-175747-SIDDHIGUPTAB00B,10,2026-07-01T18:01:39.661Z,2026-07-01T18:01:51.661Z,2026-07-01T18:01:48.674000+00:00,evt_e87d8e5a-caed-4801-b3ab-e9b57995b476,C:\Users\Gaurav Rathod\Downloads\automation-proposal\raw_data\dataset-downloads\dataset_b-20260908T164438Z-1-001\dataset_b\ses_20260701-175747-SIDDHIGUPTAB00B\chunk_20260701-1800-SIDDHIGUPTAB00B\events.jsonl,213,20260701-1800-SIDDHIGUPTAB00B,scr_smart_1782928908674_monitor_1_post.jpg | screenshots/scr_smart_1782928908674_monitor_1_post.jpg,True
ses_20260701-175747-SIDDHIGUPTAB00B,10,2026-07-01T18:01:39.661Z,2026-07-01T18:01:51.661Z,2026-07-01T18:01:49.558000+00:00,evt_e240dc06-19c2-44a8-bcae-de8353c1b53c,C:\Users\Gaurav Rathod\Downloads\automation-proposal\raw_data\dataset-downloads\dataset_b-20260908T164438Z-1-001\dataset_b\ses_20260701-175747-SIDDHIGUPTAB00B\chunk_20260701-1800-SIDDHIGUPTAB00B\events.jsonl,220,20260701-1800-SIDDHIGUPTAB00B,scr_smart_1782928909558_monitor_1_post.jpg | screenshots/scr_smart_1782928909558_monitor_1_post.jpg,True
ses_20260701-175747-SIDDHIGUPTAB00B,11,2026-07-01T18:01:51.661Z,2026-07-01T18:02:01.661Z,2026-07-01T18:01:51.750000+00:00,evt_34706e6e-f574-4843-a619-ef34a45ee233,C:\Users\Gaurav Rathod\Downloads\automation-proposal\raw_data\dataset-downloads\dataset_b-20260908T164438Z-1-001\dataset_b\ses_20260701-175747-SIDDHIGUPTAB00B\chunk_20260701-1800-SIDDHIGUPTAB00B\events.jsonl,223,20260701-1800-SIDDHIGUPTAB00B,scr_smart_1782928911750_monitor_1_post.jpg | screenshots/scr_smart_1782928911750_monitor_1_post.jpg,True
ses_20260701-175747-SIDDHIGUPTAB00B,11,2026-07-01T18:01:51.661Z,2026-07-01T18:02:01.661Z,2026-07-01T18:01:53.434000+00:00,evt_0d9b4e96-01b5-404b-88e3-65e6df2c8c39,C:\Users\Gaurav Rathod\Downloads\automation-proposal\raw_data\dataset-downloads\dataset_b-20260908T164438Z-1-001\dataset_b\ses_20260701-175747-SIDDHIGUPTAB00B\chunk_20260701-1800-SIDDHIGUPTAB00B\events.jsonl,226,20260701-1800-SIDDHIGUPTAB00B,scr_smart_1782928913434_monitor_1_post.jpg | screenshots/scr_smart_1782928913434_monitor_1_post.jpg,True
ses_20260701-175747-SIDDHIGUPTAB00B,11,2026-07-01T18:01:51.661Z,2026-07-01T18:02:01.661Z,2026-07-01T18:01:54.017000+00:00,evt_94b0247d-02af-4916-8acf-f3c2ac769354,C:\Users\Gaurav Rathod\Downloads\automation-proposal\raw_data\dataset-downloads\dataset_b-20260908T164438Z-1-001\dataset_b\ses_20260701-175747-SIDDHIGUPTAB00B\chunk_20260701-1800-SIDDHIGUPTAB00B\events.jsonl,234,20260701-1800-SIDDHIGUPTAB00B,scr_smart_1782928914017_monitor_1_post.jpg | screenshots/scr_smart_1782928914017_monitor_1_post.jpg,True
ses_20260701-175747-SIDDHIGUPTAB00B,11,2026-07-01T18:01:51.661Z,2026-07-01T18:02:01.661Z,2026-07-01T18:01:57.757000+00:00,evt_8047b0c1-d9fc-4447-9786-b788f4e0430e,C:\Users\Gaurav Rathod\Downloads\automation-proposal\raw_data\dataset-downloads\dataset_b-20260908T164438Z-1-001\dataset_b\ses_20260701-175747-SIDDHIGUPTAB00B\chunk_20260701-1800-SIDDHIGUPTAB00B\events.jsonl,237,20260701-1800-SIDDHIGUPTAB00B,scr_smart_1782928917757_monitor_1_post.jpg | screenshots/scr_smart_1782928917757_monitor_1_post.jpg,True
ses_20260701-175747-SIDDHIGUPTAB00B,11,2026-07-01T18:01:51.661Z,2026-07-01T18:02:01.661Z,2026-07-01T18:01:59.072000+00:00,evt_3d8a0e44-4671-43fc-b432-826f806736ab,C:\Users\Gaurav Rathod\Downloads\automation-proposal\raw_data\dataset-downloads\dataset_b-20260908T164438Z-1-001\dataset_b\ses_20260701-175747-SIDDHIGUPTAB00B\chunk_20260701-1800-SIDDHIGUPTAB00B\events.jsonl,240,20260701-1800-SIDDHIGUPTAB00B,scr_smart_1782928919072_monitor_1_post.jpg | screenshots/scr_smart_1782928919072_monitor_1_post.jpg,True
ses_20260701-175747-SIDDHIGUPTAB00B,11,2026-07-01T18:01:51.661Z,2026-07-01T18:02:01.661Z,2026-07-01T18:01:59.958000+00:00,evt_600c770e-2c47-4cd8-9667-1746f2ee9d31,C:\Users\Gaurav Rathod\Downloads\automation-proposal\raw_data\dataset-downloads\dataset_b-20260908T164438Z-1-001\dataset_b\ses_20260701-175747-SIDDHIGUPTAB00B\chunk_20260701-1800-SIDDHIGUPTAB00B\events.jsonl,247,20260701-1800-SIDDHIGUPTAB00B,scr_smart_1782928919958_monitor_1_post.jpg | screenshots/scr_smart_1782928919958_monitor_1_post.jpg,True
ses_20260701-175747-SIDDHIGUPTAB00B,12,2026-07-01T18:02:01.661Z,2026-07-01T18:03:03.661Z,2026-07-01T18:02:02.163000+00:00,evt_d4a98371-01e0-4db0-912f-d5904eb0f42d,C:\Users\Gaurav Rathod\Downloads\automation-proposal\raw_data\dataset-downloads\dataset_b-20260908T164438Z-1-001\dataset_b\ses_20260701-175747-SIDDHIGUPTAB00B\chunk_20260701-1800-SIDDHIGUPTAB00B\events.jsonl,250,20260701-1800-SIDDHIGUPTAB00B,scr_smart_1782928922163_monitor_1_post.jpg | screenshots/scr_smart_1782928922163_monitor_1_post.jpg,True
ses_20260701-175747-SIDDHIGUPTAB00B,12,2026-07-01T18:02:01.661Z,2026-07-01T18:03:03.661Z,2026-07-01T18:02:04.267000+00:00,evt_0f935804-8374-4dd0-82d1-2ff4b4e1d0d2,C:\Users\Gaurav Rathod\Downloads\automation-proposal\raw_data\dataset-downloads\dataset_b-20260908T164438Z-1-001\dataset_b\ses_20260701-175747-SIDDHIGUPTAB00B\chunk_20260701-1800-SIDDHIGUPTAB00B\events.jsonl,256,20260701-1800-SIDDHIGUPTAB00B,scr_smart_1782928924267_monitor_1_post.jpg | screenshots/scr_smart_1782928924267_monitor_1_post.jpg,True
ses_20260701-175747-SIDDHIGUPTAB00B,12,2026-07-01T18:02:01.661Z,2026-07-01T18:03:03.661Z,2026-07-01T18:02:23.915000+00:00,evt_2bbeab9f-5d4e-472d-86b3-e2fdde3ff17a,C:\Users\Gaurav Rathod\Downloads\automation-proposal\raw_data\dataset-downloads\dataset_b-20260908T164438Z-1-001\dataset_b\ses_20260701-175747-SIDDHIGUPTAB00B\chunk_20260701-1800-SIDDHIGUPTAB00B\events.jsonl,264,20260701-1800-SIDDHIGUPTAB00B,scr_smart_1782928943915_monitor_1_post.jpg | screenshots/scr_smart_1782928943915_monitor_1_post.jpg,True
ses_20260701-175747-SIDDHIGUPTAB00B,12,2026-07-01T18:02:01.661Z,2026-07-01T18:03:03.661Z,2026-07-01T18:02:25.365000+00:00,evt_89166057-8e4a-4a3c-92cd-653c446a628e,C:\Users\Gaurav Rathod\Downloads\automation-proposal\raw_data\dataset-downloads\dataset_b-20260908T164438Z-1-001\dataset_b\ses_20260701-175747-SIDDHIGUPTAB00B\chunk_20260701-1800-SIDDHIGUPTAB00B\events.jsonl,265,20260701-1800-SIDDHIGUPTAB00B,scr_smart_1782928945365_monitor_1_post.jpg | screenshots/scr_smart_1782928945365_monitor_1_post.jpg,True
ses_20260701-175747-SIDDHIGUPTAB00B,12,2026-07-01T18:02:01.661Z,2026-07-01T18:03:03.661Z,2026-07-01T18:02:27.448000+00:00,evt_5e4bfab2-1411-4dfa-9caa-6ac5c0ff7e24,C:\Users\Gaurav Rathod\Downloads\automation-proposal\raw_data\dataset-downloads\dataset_b-20260908T164438Z-1-001\dataset_b\ses_20260701-175747-SIDDHIGUPTAB00B\chunk_20260701-1800-SIDDHIGUPTAB00B\events.jsonl,275,20260701-1800-SIDDHIGUPTAB00B,scr_smart_1782928947448_monitor_1_post.jpg | screenshots/scr_smart_1782928947448_monitor_1_post.jpg,True
ses_20260701-175747-SIDDHIGUPTAB00B,12,2026-07-01T18:02:01.661Z,2026-07-01T18:03:03.661Z,2026-07-01T18:02:28.003000+00:00,evt_c30040e8-4a20-4d92-a2cb-ebcecac703b3,C:\Users\Gaurav Rathod\Downloads\automation-proposal\raw_data\dataset-downloads\dataset_b-20260908T164438Z-1-001\dataset_b\ses_20260701-175747-SIDDHIGUPTAB00B\chunk_20260701-1800-SIDDHIGUPTAB00B\events.jsonl,287,20260701-1800-SIDDHIGUPTAB00B,scr_smart_1782928948003_monitor_1_post.jpg | screenshots/scr_smart_1782928948003_monitor_1_post.jpg,True
ses_20260701-175747-SIDDHIGUPTAB00B,12,2026-07-01T18:02:01.661Z,2026-07-01T18:03:03.661Z,2026-07-01T18:02:28.504000+00:00,evt_0982e6bc-29a9-4812-8076-303c6a3b8ee3,C:\Users\Gaurav Rathod\Downloads\automation-proposal\raw_data\dataset-downloads\dataset_b-20260908T164438Z-1-001\dataset_b\ses_20260701-175747-SIDDHIGUPTAB00B\chunk_20260701-1800-SIDDHIGUPTAB00B\events.jsonl,291,20260701-1800-SIDDHIGUPTAB00B,scr_smart_1782928948504_monitor_1_post.jpg | screenshots/scr_smart_1782928948504_monitor_1_post.jpg,True
ses_20260701-175747-SIDDHIGUPTAB00B,12,2026-07-01T18:02:01.661Z,2026-07-01T18:03:03.661Z,2026-07-01T18:02:29.896000+00:00,evt_17265536-7550-4c68-9dca-ad8fe2dbcd90,C:\Users\Gaurav Rathod\Downloads\automation-proposal\raw_data\dataset-downloads\dataset_b-20260908T164438Z-1-001\dataset_b\ses_20260701-175747-SIDDHIGUPTAB00B\chunk_20260701-1800-SIDDHIGUPTAB00B\events.jsonl,295,20260701-1800-SIDDHIGUPTAB00B,scr_smart_1782928949896_monitor_1_post.jpg | screenshots/scr_smart_1782928949896_monitor_1_post.jpg,True
ses_20260701-175747-SIDDHIGUPTAB00B,12,2026-07-01T18:02:01.661Z,2026-07-01T18:03:03.661Z,2026-07-01T18:02:32.318000+00:00,evt_20e5f916-5a03-45ee-85dd-dc546c460073,C:\Users\Gaurav Rathod\Downloads\automation-proposal\raw_data\dataset-downloads\dataset_b-20260908T164438Z-1-001\dataset_b\ses_20260701-175747-SIDDHIGUPTAB00B\chunk_20260701-1800-SIDDHIGUPTAB00B\events.jsonl,303,20260701-1800-SIDDHIGUPTAB00B,scr_smart_1782928952318_monitor_1_post.jpg | screenshots/scr_smart_1782928952318_monitor_1_post.jpg,True
ses_20260701-175747-SIDDHIGUPTAB00B,12,2026-07-01T18:02:01.661Z,2026-07-01T18:03:03.661Z,2026-07-01T18:02:33.857000+00:00,evt_c5e53846-b0b8-4ed0-a619-bfcb7a784694,C:\Users\Gaurav Rathod\Downloads\automation-proposal\raw_data\dataset-downloads\dataset_b-20260908T164438Z-1-001\dataset_b\ses_20260701-175747-SIDDHIGUPTAB00B\chunk_20260701-1800-SIDDHIGUPTAB00B\events.jsonl,305,20260701-1800-SIDDHIGUPTAB00B,scr_smart_1782928953857_monitor_1_post.jpg | screenshots/scr_smart_1782928953857_monitor_1_post.jpg,True
ses_20260701-175747-SIDDHIGUPTAB00B,12,2026-07-01T18:02:01.661Z,2026-07-01T18:03:03.661Z,2026-07-01T18:02:34.456000+00:00,evt_96dff84c-49ac-4d89-a153-f222b5ded93b,C:\Users\Gaurav Rathod\Downloads\automation-proposal\raw_data\dataset-downloads\dataset_b-20260908T164438Z-1-001\dataset_b\ses_20260701-175747-SIDDHIGUPTAB00B\chunk_20260701-1800-SIDDHIGUPTAB00B\events.jsonl,307,20260701-1800-SIDDHIGUPTAB00B,scr_smart_1782928954456_monitor_1_post.jpg | screenshots/scr_smart_1782928954456_monitor_1_post.jpg,True
ses_20260701-175747-SIDDHIGUPTAB00B,12,2026-07-01T18:02:01.661Z,2026-07-01T18:03:03.661Z,2026-07-01T18:02:36.677000+00:00,evt_b68b0700-316d-468f-a7d5-bf38e0dacd62,C:\Users\Gaurav Rathod\Downloads\automation-proposal\raw_data\dataset-downloads\dataset_b-20260908T164438Z-1-001\dataset_b\ses_20260701-175747-SIDDHIGUPTAB00B\chunk_20260701-1800-SIDDHIGUPTAB00B\events.jsonl,314,20260701-1800-SIDDHIGUPTAB00B,scr_smart_1782928956677_monitor_1_post.jpg | screenshots/scr_smart_1782928956677_monitor_1_post.jpg,True
ses_20260701-175747-SIDDHIGUPTAB00B,12,2026-07-01T18:02:01.661Z,2026-07-01T18:03:03.661Z,2026-07-01T18:02:40.012000+00:00,evt_a6303fc4-85c1-4b3a-a70f-63d4ca87ac38,C:\Users\Gaurav Rathod\Downloads\automation-proposal\raw_data\dataset-downloads\dataset_b-20260908T164438Z-1-001\dataset_b\ses_20260701-175747-SIDDHIGUPTAB00B\chunk_20260701-1800-SIDDHIGUPTAB00B\events.jsonl,316,20260701-1800-SIDDHIGUPTAB00B,scr_smart_1782928960012_monitor_1_post.jpg | screenshots/scr_smart_1782928960012_monitor_1_post.jpg,True
ses_20260701-175747-SIDDHIGUPTAB00B,12,2026-07-01T18:02:01.661Z,2026-07-01T18:03:03.661Z,2026-07-01T18:02:40.954000+00:00,evt_c9097a98-29dd-4c40-940b-bd417567d53d,C:\Users\Gaurav Rathod\Downloads\automation-proposal\raw_data\dataset-downloads\dataset_b-20260908T164438Z-1-001\dataset_b\ses_20260701-175747-SIDDHIGUPTAB00B\chunk_20260701-1800-SIDDHIGUPTAB00B\events.jsonl,323,20260701-1800-SIDDHIGUPTAB00B,scr_smart_1782928960954_monitor_1_post.jpg | screenshots/scr_smart_1782928960954_monitor_1_post.jpg,True
ses_20260701-175747-SIDDHIGUPTAB00B,12,2026-07-01T18:02:01.661Z,2026-07-01T18:03:03.661Z,2026-07-01T18:02:43.142000+00:00,evt_1305f827-a2d9-4f1a-8b40-233bc667a266,C:\Users\Gaurav Rathod\Downloads\automation-proposal\raw_data\dataset-downloads\dataset_b-20260908T164438Z-1-001\dataset_b\ses_20260701-175747-SIDDHIGUPTAB00B\chunk_20260701-1800-SIDDHIGUPTAB00B\events.jsonl,326,20260701-1800-SIDDHIGUPTAB00B,scr_smart_1782928963142_monitor_1_post.jpg | screenshots/scr_smart_1782928963142_monitor_1_post.jpg,True
ses_20260701-175747-SIDDHIGUPTAB00B,12,2026-07-01T18:02:01.661Z,2026-07-01T18:03:03.661Z,2026-07-01T18:02:47.412000+00:00,evt_46291d23-90e1-459c-83ea-6c84ddcec1a2,C:\Users\Gaurav Rathod\Downloads\automation-proposal\raw_data\dataset-downloads\dataset_b-20260908T164438Z-1-001\dataset_b\ses_20260701-175747-SIDDHIGUPTAB00B\chunk_20260701-1800-SIDDHIGUPTAB00B\events.jsonl,331,20260701-1800-SIDDHIGUPTAB00B,scr_smart_1782928967412_monitor_1_post.jpg | screenshots/scr_smart_1782928967412_monitor_1_post.jpg,True
ses_20260701-175747-SIDDHIGUPTAB00B,12,2026-07-01T18:02:01.661Z,2026-07-01T18:03:03.661Z,2026-07-01T18:02:50.607000+00:00,evt_a27b1c70-25ba-4beb-a451-c0cddd3728df,C:\Users\Gaurav Rathod\Downloads\automation-proposal\raw_data\dataset-downloads\dataset_b-20260908T164438Z-1-001\dataset_b\ses_20260701-175747-SIDDHIGUPTAB00B\chunk_20260701-1800-SIDDHIGUPTAB00B\events.jsonl,345,20260701-1800-SIDDHIGUPTAB00B,scr_smart_1782928970607_monitor_1_post.jpg | screenshots/scr_smart_1782928970607_monitor_1_post.jpg,True
ses_20260701-175747-SIDDHIGUPTAB00B,12,2026-07-01T18:02:01.661Z,2026-07-01T18:03:03.661Z,2026-07-01T18:02:51.081000+00:00,evt_84b44ca0-1602-4f88-a82a-4ea2bbb86d53,C:\Users\Gaurav Rathod\Downloads\automation-proposal\raw_data\dataset-downloads\dataset_b-20260908T164438Z-1-001\dataset_b\ses_20260701-175747-SIDDHIGUPTAB00B\chunk_20260701-1800-SIDDHIGUPTAB00B\events.jsonl,355,20260701-1800-SIDDHIGUPTAB00B,scr_smart_1782928971081_monitor_1_post.jpg | screenshots/scr_smart_1782928971081_monitor_1_post.jpg,True
ses_20260701-175747-SIDDHIGUPTAB00B,12,2026-07-01T18:02:01.661Z,2026-07-01T18:03:03.661Z,2026-07-01T18:02:51.679000+00:00,evt_0f93b5e7-a6ab-4517-b2f0-065d97012fe0,C:\Users\Gaurav Rathod\Downloads\automation-proposal\raw_data\dataset-downloads\dataset_b-20260908T164438Z-1-001\dataset_b\ses_20260701-175747-SIDDHIGUPTAB00B\chunk_20260701-1800-SIDDHIGUPTAB00B\events.jsonl,359,20260701-1800-SIDDHIGUPTAB00B,scr_smart_1782928971679_monitor_1_post.jpg | screenshots/scr_smart_1782928971679_monitor_1_post.jpg,True
ses_20260701-175747-SIDDHIGUPTAB00B,12,2026-07-01T18:02:01.661Z,2026-07-01T18:03:03.661Z,2026-07-01T18:02:52.886000+00:00,evt_19d6cc37-2dde-451d-8628-b09d0f0f86b0,C:\Users\Gaurav Rathod\Downloads\automation-proposal\raw_data\dataset-downloads\dataset_b-20260908T164438Z-1-001\dataset_b\ses_20260701-175747-SIDDHIGUPTAB00B\chunk_20260701-1800-SIDDHIGUPTAB00B\events.jsonl,363,20260701-1800-SIDDHIGUPTAB00B,scr_smart_1782928972886_monitor_1_post.jpg | screenshots/scr_smart_1782928972886_monitor_1_post.jpg,True
ses_20260701-175747-SIDDHIGUPTAB00B,12,2026-07-01T18:02:01.661Z,2026-07-01T18:03:03.661Z,2026-07-01T18:02:54.817000+00:00,evt_3d7c7b26-24e6-4b4a-8ed7-9f4812cc6330,C:\Users\Gaurav Rathod\Downloads\automation-proposal\raw_data\dataset-downloads\dataset_b-20260908T164438Z-1-001\dataset_b\ses_20260701-175747-SIDDHIGUPTAB00B\chunk_20260701-1800-SIDDHIGUPTAB00B\events.jsonl,370,20260701-1800-SIDDHIGUPTAB00B,scr_smart_1782928974817_monitor_1_post.jpg | screenshots/scr_smart_1782928974817_monitor_1_post.jpg,True
ses_20260701-175747-SIDDHIGUPTAB00B,12,2026-07-01T18:02:01.661Z,2026-07-01T18:03:03.661Z,2026-07-01T18:02:57.617000+00:00,evt_d25d0289-200d-40db-87cd-d6aa39b744c1,C:\Users\Gaurav Rathod\Downloads\automation-proposal\raw_data\dataset-downloads\dataset_b-20260908T164438Z-1-001\dataset_b\ses_20260701-175747-SIDDHIGUPTAB00B\chunk_20260701-1800-SIDDHIGUPTAB00B\events.jsonl,372,20260701-1800-SIDDHIGUPTAB00B,scr_smart_1782928977617_monitor_1_post.jpg | screenshots/scr_smart_1782928977617_monitor_1_post.jpg,True
ses_20260701-175747-SIDDHIGUPTAB00B,12,2026-07-01T18:02:01.661Z,2026-07-01T18:03:03.661Z,2026-07-01T18:02:59.133000+00:00,evt_4b160a7a-89f3-469f-a47c-b98c17ad3f1a,C:\Users\Gaurav Rathod\Downloads\automation-proposal\raw_data\dataset-downloads\dataset_b-20260908T164438Z-1-001\dataset_b\ses_20260701-175747-SIDDHIGUPTAB00B\chunk_20260701-1800-SIDDHIGUPTAB00B\events.jsonl,376,20260701-1800-SIDDHIGUPTAB00B,scr_smart_1782928979133_monitor_1_post.jpg | screenshots/scr_smart_1782928979133_monitor_1_post.jpg,True
ses_20260701-175747-SIDDHIGUPTAB00B,12,2026-07-01T18:02:01.661Z,2026-07-01T18:03:03.661Z,2026-07-01T18:02:59.620000+00:00,evt_7f1b0980-f298-4cd6-9526-2fef84977f42,C:\Users\Gaurav Rathod\Downloads\automation-proposal\raw_data\dataset-downloads\dataset_b-20260908T164438Z-1-001\dataset_b\ses_20260701-175747-SIDDHIGUPTAB00B\chunk_20260701-1800-SIDDHIGUPTAB00B\events.jsonl,378,20260701-1800-SIDDHIGUPTAB00B,scr_smart_1782928979620_monitor_1_post.jpg | screenshots/scr_smart_1782928979620_monitor_1_post.jpg,True
ses_20260701-175747-SIDDHIGUPTAB00B,12,2026-07-01T18:02:01.661Z,2026-07-01T18:03:03.661Z,2026-07-01T18:03:00.192000+00:00,evt_df5206dd-c80b-4d5e-a798-2f22b8b05979,C:\Users\Gaurav Rathod\Downloads\automation-proposal\raw_data\dataset-downloads\dataset_b-20260908T164438Z-1-001\dataset_b\ses_20260701-175747-SIDDHIGUPTAB00B\chunk_20260701-1800-SIDDHIGUPTAB00B\events.jsonl,384,20260701-1800-SIDDHIGUPTAB00B,scr_smart_1782928980192_monitor_1_post.jpg | screenshots/scr_smart_1782928980192_monitor_1_post.jpg,True
ses_20260701-175747-SIDDHIGUPTAB00B,12,2026-07-01T18:02:01.661Z,2026-07-01T18:03:03.661Z,2026-07-01T18:03:02.782000+00:00,evt_a8e872c8-15a6-445d-9876-9fd31bd3f5c5,C:\Users\Gaurav Rathod\Downloads\automation-proposal\raw_data\dataset-downloads\dataset_b-20260908T164438Z-1-001\dataset_b\ses_20260701-175747-SIDDHIGUPTAB00B\chunk_20260701-1800-SIDDHIGUPTAB00B\events.jsonl,387,20260701-1800-SIDDHIGUPTAB00B,scr_smart_1782928982782_monitor_1_post.jpg | screenshots/scr_smart_1782928982782_monitor_1_post.jpg,True
ses_20260701-175747-SIDDHIGUPTAB00B,13,2026-07-01T18:03:03.661Z,2026-07-01T18:03:19.661Z,2026-07-01T18:03:06.801000+00:00,evt_f140e02f-0970-4850-b034-4428021bc661,C:\Users\Gaurav Rathod\Downloads\automation-proposal\raw_data\dataset-downloads\dataset_b-20260908T164438Z-1-001\dataset_b\ses_20260701-175747-SIDDHIGUPTAB00B\chunk_20260701-1800-SIDDHIGUPTAB00B\events.jsonl,390,20260701-1800-SIDDHIGUPTAB00B,scr_smart_1782928986801_monitor_1_post.jpg | screenshots/scr_smart_1782928986801_monitor_1_post.jpg,True
ses_20260701-175747-SIDDHIGUPTAB00B,13,2026-07-01T18:03:03.661Z,2026-07-01T18:03:19.661Z,2026-07-01T18:03:07.400000+00:00,evt_f8153f93-13d7-44bc-96f9-8956cc3238f9,C:\Users\Gaurav Rathod\Downloads\automation-proposal\raw_data\dataset-downloads\dataset_b-20260908T164438Z-1-001\dataset_b\ses_20260701-175747-SIDDHIGUPTAB00B\chunk_20260701-1800-SIDDHIGUPTAB00B\events.jsonl,392,20260701-1800-SIDDHIGUPTAB00B,scr_smart_1782928987400_monitor_1_post.jpg | screenshots/scr_smart_1782928987400_monitor_1_post.jpg,True
ses_20260701-175747-SIDDHIGUPTAB00B,13,2026-07-01T18:03:03.661Z,2026-07-01T18:03:19.661Z,2026-07-01T18:03:09.348000+00:00,evt_1c5b3833-0106-4fad-a5da-83d0a60b16ba,C:\Users\Gaurav Rathod\Downloads\automation-proposal\raw_data\dataset-downloads\dataset_b-20260908T164438Z-1-001\dataset_b\ses_20260701-175747-SIDDHIGUPTAB00B\chunk_20260701-1800-SIDDHIGUPTAB00B\events.jsonl,395,20260701-1800-SIDDHIGUPTAB00B,scr_smart_1782928989348_monitor_1_post.jpg | screenshots/scr_smart_1782928989348_monitor_1_post.jpg,True
ses_20260701-175747-SIDDHIGUPTAB00B,13,2026-07-01T18:03:03.661Z,2026-07-01T18:03:19.661Z,2026-07-01T18:03:13.843000+00:00,evt_574303c0-9db2-4eb1-9ce9-e43fe272022c,C:\Users\Gaurav Rathod\Downloads\automation-proposal\raw_data\dataset-downloads\dataset_b-20260908T164438Z-1-001\dataset_b\ses_20260701-175747-SIDDHIGUPTAB00B\chunk_20260701-1800-SIDDHIGUPTAB00B\events.jsonl,397,20260701-1800-SIDDHIGUPTAB00B,scr_smart_1782928993843_monitor_1_post.jpg | screenshots/scr_smart_1782928993843_monitor_1_post.jpg,True
ses_20260701-175747-SIDDHIGUPTAB00B,13,2026-07-01T18:03:03.661Z,2026-07-01T18:03:19.661Z,2026-07-01T18:03:14.350000+00:00,evt_3d9d7b0e-0f74-4023-9989-36f545e66262,C:\Users\Gaurav Rathod\Downloads\automation-proposal\raw_data\dataset-downloads\dataset_b-20260908T164438Z-1-001\dataset_b\ses_20260701-175747-SIDDHIGUPTAB00B\chunk_20260701-1800-SIDDHIGUPTAB00B\events.jsonl,399,20260701-1800-SIDDHIGUPTAB00B,scr_smart_1782928994350_monitor_1_post.jpg | screenshots/scr_smart_1782928994350_monitor_1_post.jpg,True
ses_20260701-175747-SIDDHIGUPTAB00B,13,2026-07-01T18:03:03.661Z,2026-07-01T18:03:19.661Z,2026-07-01T18:03:14.869000+00:00,evt_478d1c21-fd88-4ab5-9d4d-917eb1329d09,C:\Users\Gaurav Rathod\Downloads\automation-proposal\raw_data\dataset-downloads\dataset_b-20260908T164438Z-1-001\dataset_b\ses_20260701-175747-SIDDHIGUPTAB00B\chunk_20260701-1800-SIDDHIGUPTAB00B\events.jsonl,405,20260701-1800-SIDDHIGUPTAB00B,scr_smart_1782928994869_monitor_1_post.jpg | screenshots/scr_smart_1782928994869_monitor_1_post.jpg,True
ses_20260701-175747-SIDDHIGUPTAB00B,13,2026-07-01T18:03:03.661Z,2026-07-01T18:03:19.661Z,2026-07-01T18:03:17.284000+00:00,evt_ef118e35-9c90-4f7e-b6dd-82483ff26b14,C:\Users\Gaurav Rathod\Downloads\automation-proposal\raw_data\dataset-downloads\dataset_b-20260908T164438Z-1-001\dataset_b\ses_20260701-175747-SIDDHIGUPTAB00B\chunk_20260701-1800-SIDDHIGUPTAB00B\events.jsonl,408,20260701-1800-SIDDHIGUPTAB00B,scr_smart_1782928997284_monitor_1_post.jpg | screenshots/scr_smart_1782928997284_monitor_1_post.jpg,True
ses_20260701-175747-SIDDHIGUPTAB00B,14,2026-07-01T18:03:19.661Z,2026-07-01T18:03:41.661Z,2026-07-01T18:03:24.338000+00:00,evt_0a108404-8d60-432d-8c1d-67713d8de9b4,C:\Users\Gaurav Rathod\Downloads\automation-proposal\raw_data\dataset-downloads\dataset_b-20260908T164438Z-1-001\dataset_b\ses_20260701-175747-SIDDHIGUPTAB00B\chunk_20260701-1800-SIDDHIGUPTAB00B\events.jsonl,413,20260701-1800-SIDDHIGUPTAB00B,scr_smart_1782929004338_monitor_1_post.jpg | screenshots/scr_smart_1782929004338_monitor_1_post.jpg,True
ses_20260701-175747-SIDDHIGUPTAB00B,14,2026-07-01T18:03:19.661Z,2026-07-01T18:03:41.661Z,2026-07-01T18:03:26.605000+00:00,evt_53b7efb3-b368-4097-a706-ec62c9f61022,C:\Users\Gaurav Rathod\Downloads\automation-proposal\raw_data\dataset-downloads\dataset_b-20260908T164438Z-1-001\dataset_b\ses_20260701-175747-SIDDHIGUPTAB00B\chunk_20260701-1800-SIDDHIGUPTAB00B\events.jsonl,416,20260701-1800-SIDDHIGUPTAB00B,scr_smart_1782929006605_monitor_1_post.jpg | screenshots/scr_smart_1782929006605_monitor_1_post.jpg,True
ses_20260701-175747-SIDDHIGUPTAB00B,14,2026-07-01T18:03:19.661Z,2026-07-01T18:03:41.661Z,2026-07-01T18:03:29.908000+00:00,evt_6cd68b9c-a1ad-418e-92f5-295b1b840a38,C:\Users\Gaurav Rathod\Downloads\automation-proposal\raw_data\dataset-downloads\dataset_b-20260908T164438Z-1-001\dataset_b\ses_20260701-175747-SIDDHIGUPTAB00B\chunk_20260701-1800-SIDDHIGUPTAB00B\events.jsonl,418,20260701-1800-SIDDHIGUPTAB00B,scr_smart_1782929009908_monitor_1_post.jpg | screenshots/scr_smart_1782929009908_monitor_1_post.jpg,True
ses_20260701-175747-SIDDHIGUPTAB00B,14,2026-07-01T18:03:19.661Z,2026-07-01T18:03:41.661Z,2026-07-01T18:03:30.919000+00:00,evt_f97f8590-78d5-4963-b6bc-5471a47f86b7,C:\Users\Gaurav Rathod\Downloads\automation-proposal\raw_data\dataset-downloads\dataset_b-20260908T164438Z-1-001\dataset_b\ses_20260701-175747-SIDDHIGUPTAB00B\chunk_20260701-1800-SIDDHIGUPTAB00B\events.jsonl,425,20260701-1800-SIDDHIGUPTAB00B,scr_smart_1782929010919_monitor_1_post.jpg | screenshots/scr_smart_1782929010919_monitor_1_post.jpg,True
ses_20260701-175747-SIDDHIGUPTAB00B,14,2026-07-01T18:03:19.661Z,2026-07-01T18:03:41.661Z,2026-07-01T18:03:33.007000+00:00,evt_7c9fbb8f-f72f-47f2-87d4-8cd49769de8b,C:\Users\Gaurav Rathod\Downloads\automation-proposal\raw_data\dataset-downloads\dataset_b-20260908T164438Z-1-001\dataset_b\ses_20260701-175747-SIDDHIGUPTAB00B\chunk_20260701-1800-SIDDHIGUPTAB00B\events.jsonl,428,20260701-1800-SIDDHIGUPTAB00B,scr_smart_1782929013007_monitor_1_post.jpg | screenshots/scr_smart_1782929013007_monitor_1_post.jpg,True
ses_20260701-175747-SIDDHIGUPTAB00B,14,2026-07-01T18:03:19.661Z,2026-07-01T18:03:41.661Z,2026-07-01T18:03:37.922000+00:00,evt_24388b2a-0865-49e9-9a52-76fe2d8f0d0d,C:\Users\Gaurav Rathod\Downloads\automation-proposal\raw_data\dataset-downloads\dataset_b-20260908T164438Z-1-001\dataset_b\ses_20260701-175747-SIDDHIGUPTAB00B\chunk_20260701-1800-SIDDHIGUPTAB00B\events.jsonl,431,20260701-1800-SIDDHIGUPTAB00B,scr_smart_1782929017922_monitor_1_post.jpg | screenshots/scr_smart_1782929017922_monitor_1_post.jpg,True
ses_20260701-175747-SIDDHIGUPTAB00B,15,2026-07-01T18:05:53.661Z,2026-07-01T18:06:09.661Z,2026-07-01T18:05:55.041000+00:00,evt_9f8b3458-f2b1-43ce-9840-05a41839094e,C:\Users\Gaurav Rathod\Downloads\automation-proposal\raw_data\dataset-downloads\dataset_b-20260908T164438Z-1-001\dataset_b\ses_20260701-175747-SIDDHIGUPTAB00B\chunk_20260701-1800-SIDDHIGUPTAB00B\events.jsonl,683,20260701-1800-SIDDHIGUPTAB00B,scr_smart_1782929155041_monitor_1_post.jpg | screenshots/scr_smart_1782929155041_monitor_1_post.jpg,True
ses_20260701-175747-SIDDHIGUPTAB00B,15,2026-07-01T18:05:53.661Z,2026-07-01T18:06:09.661Z,2026-07-01T18:05:59.970000+00:00,evt_b94fde6c-794e-4225-baa5-03bcd551c483,C:\Users\Gaurav Rathod\Downloads\automation-proposal\raw_data\dataset-downloads\dataset_b-20260908T164438Z-1-001\dataset_b\ses_20260701-175747-SIDDHIGUPTAB00B\chunk_20260701-1800-SIDDHIGUPTAB00B\events.jsonl,687,20260701-1800-SIDDHIGUPTAB00B,scr_smart_1782929159970_monitor_1_post.jpg | screenshots/scr_smart_1782929159970_monitor_1_post.jpg,True
ses_20260701-175747-SIDDHIGUPTAB00B,15,2026-07-01T18:05:53.661Z,2026-07-01T18:06:09.661Z,2026-07-01T18:06:01.900000+00:00,evt_5c3c0034-5dc7-4a25-942d-1c25c857f827,C:\Users\Gaurav Rathod\Downloads\automation-proposal\raw_data\dataset-downloads\dataset_b-20260908T164438Z-1-001\dataset_b\ses_20260701-175747-SIDDHIGUPTAB00B\chunk_20260701-1800-SIDDHIGUPTAB00B\events.jsonl,689,20260701-1800-SIDDHIGUPTAB00B,scr_smart_1782929161900_monitor_1_post.jpg | screenshots/scr_smart_1782929161900_monitor_1_post.jpg,True
ses_20260701-175747-SIDDHIGUPTAB00B,15,2026-07-01T18:05:53.661Z,2026-07-01T18:06:09.661Z,2026-07-01T18:06:02.400000+00:00,evt_eff199af-cb4a-45b5-bb28-9d2976eba9e9,C:\Users\Gaurav Rathod\Downloads\automation-proposal\raw_data\dataset-downloads\dataset_b-20260908T164438Z-1-001\dataset_b\ses_20260701-175747-SIDDHIGUPTAB00B\chunk_20260701-1800-SIDDHIGUPTAB00B\events.jsonl,692,20260701-1800-SIDDHIGUPTAB00B,scr_smart_1782929162400_monitor_1_post.jpg | screenshots/scr_smart_1782929162400_monitor_1_post.jpg,True
ses_20260701-175747-SIDDHIGUPTAB00B,15,2026-07-01T18:05:53.661Z,2026-07-01T18:06:09.661Z,2026-07-01T18:06:03.574000+00:00,evt_d2ef516d-1ee3-4219-b7ca-5af3c2cc9ba3,C:\Users\Gaurav Rathod\Downloads\automation-proposal\raw_data\dataset-downloads\dataset_b-20260908T164438Z-1-001\dataset_b\ses_20260701-175747-SIDDHIGUPTAB00B\chunk_20260701-1800-SIDDHIGUPTAB00B\events.jsonl,695,20260701-1800-SIDDHIGUPTAB00B,scr_smart_1782929163574_monitor_1_post.jpg | screenshots/scr_smart_1782929163574_monitor_1_post.jpg,True
ses_20260701-175747-SIDDHIGUPTAB00B,15,2026-07-01T18:05:53.661Z,2026-07-01T18:06:09.661Z,2026-07-01T18:06:04.549000+00:00,evt_8a356707-75ba-4ec6-9a1f-e793471f7eef,C:\Users\Gaurav Rathod\Downloads\automation-proposal\raw_data\dataset-downloads\dataset_b-20260908T164438Z-1-001\dataset_b\ses_20260701-175747-SIDDHIGUPTAB00B\chunk_20260701-1800-SIDDHIGUPTAB00B\events.jsonl,702,20260701-1800-SIDDHIGUPTAB00B,scr_smart_1782929164549_monitor_1_post.jpg | screenshots/scr_smart_1782929164549_monitor_1_post.jpg,True
ses_20260701-175747-SIDDHIGUPTAB00B,15,2026-07-01T18:05:53.661Z,2026-07-01T18:06:09.661Z,2026-07-01T18:06:06.934000+00:00,evt_ca364e33-c767-4789-83c4-fe481fb75aea,C:\Users\Gaurav Rathod\Downloads\automation-proposal\raw_data\dataset-downloads\dataset_b-20260908T164438Z-1-001\dataset_b\ses_20260701-175747-SIDDHIGUPTAB00B\chunk_20260701-1800-SIDDHIGUPTAB00B\events.jsonl,705,20260701-1800-SIDDHIGUPTAB00B,scr_smart_1782929166934_monitor_1_post.jpg | screenshots/scr_smart_1782929166934_monitor_1_post.jpg,True
ses_20260701-175747-SIDDHIGUPTAB00B,16,2026-07-01T18:06:09.661Z,2026-07-01T18:06:19.661Z,2026-07-01T18:06:13.950000+00:00,evt_e5999ea1-e45b-43ce-aff9-fae8cb14d4d1,C:\Users\Gaurav Rathod\Downloads\automation-proposal\raw_data\dataset-downloads\dataset_b-20260908T164438Z-1-001\dataset_b\ses_20260701-175747-SIDDHIGUPTAB00B\chunk_20260701-1800-SIDDHIGUPTAB00B\events.jsonl,709,20260701-1800-SIDDHIGUPTAB00B,scr_smart_1782929173950_monitor_1_post.jpg | screenshots/scr_smart_1782929173950_monitor_1_post.jpg,True
ses_20260701-175747-SIDDHIGUPTAB00B,16,2026-07-01T18:06:09.661Z,2026-07-01T18:06:19.661Z,2026-07-01T18:06:14.454000+00:00,evt_000e75aa-706d-48a3-9eb5-3f847f0df3d9,C:\Users\Gaurav Rathod\Downloads\automation-proposal\raw_data\dataset-downloads\dataset_b-20260908T164438Z-1-001\dataset_b\ses_20260701-175747-SIDDHIGUPTAB00B\chunk_20260701-1800-SIDDHIGUPTAB00B\events.jsonl,711,20260701-1800-SIDDHIGUPTAB00B,scr_smart_1782929174454_monitor_1_post.jpg | screenshots/scr_smart_1782929174454_monitor_1_post.jpg,True
ses_20260701-175747-SIDDHIGUPTAB00B,16,2026-07-01T18:06:09.661Z,2026-07-01T18:06:19.661Z,2026-07-01T18:06:15.559000+00:00,evt_28b4f20c-f8c3-47c4-8862-8699724f3d04,C:\Users\Gaurav Rathod\Downloads\automation-proposal\raw_data\dataset-downloads\dataset_b-20260908T164438Z-1-001\dataset_b\ses_20260701-175747-SIDDHIGUPTAB00B\chunk_20260701-1800-SIDDHIGUPTAB00B\events.jsonl,714,20260701-1800-SIDDHIGUPTAB00B,scr_smart_1782929175559_monitor_1_post.jpg | screenshots/scr_smart_1782929175559_monitor_1_post.jpg,True
ses_20260701-175747-SIDDHIGUPTAB00B,16,2026-07-01T18:06:09.661Z,2026-07-01T18:06:19.661Z,2026-07-01T18:06:16.578000+00:00,evt_4d7fd932-df50-4b40-a268-869a98f4a045,C:\Users\Gaurav Rathod\Downloads\automation-proposal\raw_data\dataset-downloads\dataset_b-20260908T164438Z-1-001\dataset_b\ses_20260701-175747-SIDDHIGUPTAB00B\chunk_20260701-1800-SIDDHIGUPTAB00B\events.jsonl,721,20260701-1800-SIDDHIGUPTAB00B,scr_smart_1782929176578_monitor_1_post.jpg | screenshots/scr_smart_1782929176578_monitor_1_post.jpg,True
ses_20260701-175747-SIDDHIGUPTAB00B,16,2026-07-01T18:06:09.661Z,2026-07-01T18:06:19.661Z,2026-07-01T18:06:18.987000+00:00,evt_58a29bb7-a5cf-4dca-a985-01304c3a63fb,C:\Users\Gaurav Rathod\Downloads\automation-proposal\raw_data\dataset-downloads\dataset_b-20260908T164438Z-1-001\dataset_b\ses_20260701-175747-SIDDHIGUPTAB00B\chunk_20260701-1800-SIDDHIGUPTAB00B\events.jsonl,724,20260701-1800-SIDDHIGUPTAB00B,scr_smart_1782929178987_monitor_1_post.jpg | screenshots/scr_smart_1782929178987_monitor_1_post.jpg,True
ses_20260701-175747-SIDDHIGUPTAB00B,17,2026-07-01T18:06:19.661Z,2026-07-01T18:06:41.661Z,2026-07-01T18:06:20.984000+00:00,evt_dd0183c2-4c48-424e-91d3-75689a8f12b3,C:\Users\Gaurav Rathod\Downloads\automation-proposal\raw_data\dataset-downloads\dataset_b-20260908T164438Z-1-001\dataset_b\ses_20260701-175747-SIDDHIGUPTAB00B\chunk_20260701-1800-SIDDHIGUPTAB00B\events.jsonl,727,20260701-1800-SIDDHIGUPTAB00B,scr_smart_1782929180984_monitor_1_post.jpg | screenshots/scr_smart_1782929180984_monitor_1_post.jpg,True
ses_20260701-175747-SIDDHIGUPTAB00B,17,2026-07-01T18:06:19.661Z,2026-07-01T18:06:41.661Z,2026-07-01T18:06:21.458000+00:00,evt_2df80b50-d19a-45ee-a444-d7b72a36eda0,C:\Users\Gaurav Rathod\Downloads\automation-proposal\raw_data\dataset-downloads\dataset_b-20260908T164438Z-1-001\dataset_b\ses_20260701-175747-SIDDHIGUPTAB00B\chunk_20260701-1800-SIDDHIGUPTAB00B\events.jsonl,735,20260701-1800-SIDDHIGUPTAB00B,scr_smart_1782929181458_monitor_1_post.jpg | screenshots/scr_smart_1782929181458_monitor_1_post.jpg,True
ses_20260701-175747-SIDDHIGUPTAB00B,17,2026-07-01T18:06:19.661Z,2026-07-01T18:06:41.661Z,2026-07-01T18:06:25.079000+00:00,evt_194f5c10-2265-488a-8fd2-183d9bff7ee4,C:\Users\Gaurav Rathod\Downloads\automation-proposal\raw_data\dataset-downloads\dataset_b-20260908T164438Z-1-001\dataset_b\ses_20260701-175747-SIDDHIGUPTAB00B\chunk_20260701-1800-SIDDHIGUPTAB00B\events.jsonl,739,20260701-1800-SIDDHIGUPTAB00B,scr_smart_1782929185079_monitor_1_post.jpg | screenshots/scr_smart_1782929185079_monitor_1_post.jpg,True
ses_20260701-175747-SIDDHIGUPTAB00B,17,2026-07-01T18:06:19.661Z,2026-07-01T18:06:41.661Z,2026-07-01T18:06:26.693000+00:00,evt_f03bed86-f15a-478e-a75a-00fae97eff03,C:\Users\Gaurav Rathod\Downloads\automation-proposal\raw_data\dataset-downloads\dataset_b-20260908T164438Z-1-001\dataset_b\ses_20260701-175747-SIDDHIGUPTAB00B\chunk_20260701-1800-SIDDHIGUPTAB00B\events.jsonl,742,20260701-1800-SIDDHIGUPTAB00B,scr_smart_1782929186693_monitor_1_post.jpg | screenshots/scr_smart_1782929186693_monitor_1_post.jpg,True
ses_20260701-175747-SIDDHIGUPTAB00B,17,2026-07-01T18:06:19.661Z,2026-07-01T18:06:41.661Z,2026-07-01T18:06:27.289000+00:00,evt_d2acad6d-7d34-4336-aa79-b083863573cd,C:\Users\Gaurav Rathod\Downloads\automation-proposal\raw_data\dataset-downloads\dataset_b-20260908T164438Z-1-001\dataset_b\ses_20260701-175747-SIDDHIGUPTAB00B\chunk_20260701-1800-SIDDHIGUPTAB00B\events.jsonl,744,20260701-1800-SIDDHIGUPTAB00B,scr_smart_1782929187289_monitor_1_post.jpg | screenshots/scr_smart_1782929187289_monitor_1_post.jpg,True
ses_20260701-175747-SIDDHIGUPTAB00B,17,2026-07-01T18:06:19.661Z,2026-07-01T18:06:41.661Z,2026-07-01T18:06:27.761000+00:00,evt_673a81fc-f29d-42e8-9833-1c2f9d7539a5,C:\Users\Gaurav Rathod\Downloads\automation-proposal\raw_data\dataset-downloads\dataset_b-20260908T164438Z-1-001\dataset_b\ses_20260701-175747-SIDDHIGUPTAB00B\chunk_20260701-1800-SIDDHIGUPTAB00B\events.jsonl,750,20260701-1800-SIDDHIGUPTAB00B,scr_smart_1782929187761_monitor_1_post.jpg | screenshots/scr_smart_1782929187761_monitor_1_post.jpg,True
ses_20260701-175747-SIDDHIGUPTAB00B,17,2026-07-01T18:06:19.661Z,2026-07-01T18:06:41.661Z,2026-07-01T18:06:29.850000+00:00,evt_c1938f9f-06e9-4941-9584-f539aea27f57,C:\Users\Gaurav Rathod\Downloads\automation-proposal\raw_data\dataset-downloads\dataset_b-20260908T164438Z-1-001\dataset_b\ses_20260701-175747-SIDDHIGUPTAB00B\chunk_20260701-1800-SIDDHIGUPTAB00B\events.jsonl,753,20260701-1800-SIDDHIGUPTAB00B,scr_smart_1782929189850_monitor_1_post.jpg | screenshots/scr_smart_1782929189850_monitor_1_post.jpg,True
ses_20260701-175747-SIDDHIGUPTAB00B,17,2026-07-01T18:06:19.661Z,2026-07-01T18:06:41.661Z,2026-07-01T18:06:33.454000+00:00,evt_8eb7b8b8-1013-462a-b1be-801991b99287,C:\Users\Gaurav Rathod\Downloads\automation-proposal\raw_data\dataset-downloads\dataset_b-20260908T164438Z-1-001\dataset_b\ses_20260701-175747-SIDDHIGUPTAB00B\chunk_20260701-1800-SIDDHIGUPTAB00B\events.jsonl,756,20260701-1800-SIDDHIGUPTAB00B,scr_smart_1782929193454_monitor_1_post.jpg | screenshots/scr_smart_1782929193454_monitor_1_post.jpg,True
ses_20260701-175747-SIDDHIGUPTAB00B,17,2026-07-01T18:06:19.661Z,2026-07-01T18:06:41.661Z,2026-07-01T18:06:34.045000+00:00,evt_8b27e6e1-134d-4eef-9ec1-61c7da98d151,C:\Users\Gaurav Rathod\Downloads\automation-proposal\raw_data\dataset-downloads\dataset_b-20260908T164438Z-1-001\dataset_b\ses_20260701-175747-SIDDHIGUPTAB00B\chunk_20260701-1800-SIDDHIGUPTAB00B\events.jsonl,759,20260701-1800-SIDDHIGUPTAB00B,scr_smart_1782929194045_monitor_1_post.jpg | screenshots/scr_smart_1782929194045_monitor_1_post.jpg,True
ses_20260701-175747-SIDDHIGUPTAB00B,17,2026-07-01T18:06:19.661Z,2026-07-01T18:06:41.661Z,2026-07-01T18:06:35.431000+00:00,evt_95a15da7-1f22-40bf-95a1-f68fd718b41d,C:\Users\Gaurav Rathod\Downloads\automation-proposal\raw_data\dataset-downloads\dataset_b-20260908T164438Z-1-001\dataset_b\ses_20260701-175747-SIDDHIGUPTAB00B\chunk_20260701-1800-SIDDHIGUPTAB00B\events.jsonl,762,20260701-1800-SIDDHIGUPTAB00B,scr_smart_1782929195431_monitor_1_post.jpg | screenshots/scr_smart_1782929195431_monitor_1_post.jpg,True
ses_20260701-175747-SIDDHIGUPTAB00B,17,2026-07-01T18:06:19.661Z,2026-07-01T18:06:41.661Z,2026-07-01T18:06:36.017000+00:00,evt_d27b13e5-8702-4d4e-9326-63d8961ebffd,C:\Users\Gaurav Rathod\Downloads\automation-proposal\raw_data\dataset-downloads\dataset_b-20260908T164438Z-1-001\dataset_b\ses_20260701-175747-SIDDHIGUPTAB00B\chunk_20260701-1800-SIDDHIGUPTAB00B\events.jsonl,764,20260701-1800-SIDDHIGUPTAB00B,scr_smart_1782929196017_monitor_1_post.jpg | screenshots/scr_smart_1782929196017_monitor_1_post.jpg,True
ses_20260701-175747-SIDDHIGUPTAB00B,17,2026-07-01T18:06:19.661Z,2026-07-01T18:06:41.661Z,2026-07-01T18:06:36.596000+00:00,evt_83eab096-5b12-47ee-883d-dfeace12b419,C:\Users\Gaurav Rathod\Downloads\automation-proposal\raw_data\dataset-downloads\dataset_b-20260908T164438Z-1-001\dataset_b\ses_20260701-175747-SIDDHIGUPTAB00B\chunk_20260701-1800-SIDDHIGUPTAB00B\events.jsonl,770,20260701-1800-SIDDHIGUPTAB00B,scr_smart_1782929196596_monitor_1_post.jpg | screenshots/scr_smart_1782929196596_monitor_1_post.jpg,True
ses_20260701-175747-SIDDHIGUPTAB00B,17,2026-07-01T18:06:19.661Z,2026-07-01T18:06:41.661Z,2026-07-01T18:06:38.800000+00:00,evt_931758be-0ab8-4dee-82f6-9f8fad943d89,C:\Users\Gaurav Rathod\Downloads\automation-proposal\raw_data\dataset-downloads\dataset_b-20260908T164438Z-1-001\dataset_b\ses_20260701-175747-SIDDHIGUPTAB00B\chunk_20260701-1800-SIDDHIGUPTAB00B\events.jsonl,773,20260701-1800-SIDDHIGUPTAB00B,scr_smart_1782929198800_monitor_1_post.jpg | screenshots/scr_smart_1782929198800_monitor_1_post.jpg,True
ses_20260701-175747-SIDDHIGUPTAB00B,18,2026-07-01T18:06:41.661Z,2026-07-01T18:06:57.661Z,2026-07-01T18:06:44.119000+00:00,evt_121fac30-0d47-4804-a022-ff495f46fa98,C:\Users\Gaurav Rathod\Downloads\automation-proposal\raw_data\dataset-downloads\dataset_b-20260908T164438Z-1-001\dataset_b\ses_20260701-175747-SIDDHIGUPTAB00B\chunk_20260701-1800-SIDDHIGUPTAB00B\events.jsonl,776,20260701-1800-SIDDHIGUPTAB00B,scr_smart_1782929204119_monitor_1_post.jpg | screenshots/scr_smart_1782929204119_monitor_1_post.jpg,True
ses_20260701-175747-SIDDHIGUPTAB00B,18,2026-07-01T18:06:41.661Z,2026-07-01T18:06:57.661Z,2026-07-01T18:06:45.742000+00:00,evt_c9f79e59-6008-4f9e-b967-033b80471d93,C:\Users\Gaurav Rathod\Downloads\automation-proposal\raw_data\dataset-downloads\dataset_b-20260908T164438Z-1-001\dataset_b\ses_20260701-175747-SIDDHIGUPTAB00B\chunk_20260701-1800-SIDDHIGUPTAB00B\events.jsonl,778,20260701-1800-SIDDHIGUPTAB00B,scr_smart_1782929205742_monitor_1_post.jpg | screenshots/scr_smart_1782929205742_monitor_1_post.jpg,True
ses_20260701-175747-SIDDHIGUPTAB00B,18,2026-07-01T18:06:41.661Z,2026-07-01T18:06:57.661Z,2026-07-01T18:06:46.383000+00:00,evt_14795460-ec80-4820-a8b6-41eb3e019c22,C:\Users\Gaurav Rathod\Downloads\automation-proposal\raw_data\dataset-downloads\dataset_b-20260908T164438Z-1-001\dataset_b\ses_20260701-175747-SIDDHIGUPTAB00B\chunk_20260701-1800-SIDDHIGUPTAB00B\events.jsonl,781,20260701-1800-SIDDHIGUPTAB00B,scr_smart_1782929206383_monitor_1_post.jpg | screenshots/scr_smart_1782929206383_monitor_1_post.jpg,True
ses_20260701-175747-SIDDHIGUPTAB00B,18,2026-07-01T18:06:41.661Z,2026-07-01T18:06:57.661Z,2026-07-01T18:06:47.461000+00:00,evt_f2acb2e0-4432-4386-bd6b-ba5a9179d009,C:\Users\Gaurav Rathod\Downloads\automation-proposal\raw_data\dataset-downloads\dataset_b-20260908T164438Z-1-001\dataset_b\ses_20260701-175747-SIDDHIGUPTAB00B\chunk_20260701-1800-SIDDHIGUPTAB00B\events.jsonl,784,20260701-1800-SIDDHIGUPTAB00B,scr_smart_1782929207461_monitor_1_post.jpg | screenshots/scr_smart_1782929207461_monitor_1_post.jpg,True
ses_20260701-175747-SIDDHIGUPTAB00B,18,2026-07-01T18:06:41.661Z,2026-07-01T18:06:57.661Z,2026-07-01T18:06:48.447000+00:00,evt_26ae784f-3fb8-4f8d-883c-2d21961798ac,C:\Users\Gaurav Rathod\Downloads\automation-proposal\raw_data\dataset-downloads\dataset_b-20260908T164438Z-1-001\dataset_b\ses_20260701-175747-SIDDHIGUPTAB00B\chunk_20260701-1800-SIDDHIGUPTAB00B\events.jsonl,791,20260701-1800-SIDDHIGUPTAB00B,scr_smart_1782929208447_monitor_1_post.jpg | screenshots/scr_smart_1782929208447_monitor_1_post.jpg,True
ses_20260701-175747-SIDDHIGUPTAB00B,18,2026-07-01T18:06:41.661Z,2026-07-01T18:06:57.661Z,2026-07-01T18:06:50.643000+00:00,evt_ffd5110e-f7af-4edd-803d-931894b47568,C:\Users\Gaurav Rathod\Downloads\automation-proposal\raw_data\dataset-downloads\dataset_b-20260908T164438Z-1-001\dataset_b\ses_20260701-175747-SIDDHIGUPTAB00B\chunk_20260701-1800-SIDDHIGUPTAB00B\events.jsonl,794,20260701-1800-SIDDHIGUPTAB00B,scr_smart_1782929210643_monitor_1_post.jpg | screenshots/scr_smart_1782929210643_monitor_1_post.jpg,True
ses_20260701-175747-SIDDHIGUPTAB00B,18,2026-07-01T18:06:41.661Z,2026-07-01T18:06:57.661Z,2026-07-01T18:06:54.887000+00:00,evt_8c06a326-4c94-4e2d-8898-1ca33dbd94b6,C:\Users\Gaurav Rathod\Downloads\automation-proposal\raw_data\dataset-downloads\dataset_b-20260908T164438Z-1-001\dataset_b\ses_20260701-175747-SIDDHIGUPTAB00B\chunk_20260701-1800-SIDDHIGUPTAB00B\events.jsonl,798,20260701-1800-SIDDHIGUPTAB00B,scr_smart_1782929214887_monitor_1_post.jpg | screenshots/scr_smart_1782929214887_monitor_1_post.jpg,True
ses_20260701-175747-SIDDHIGUPTAB00B,18,2026-07-01T18:06:41.661Z,2026-07-01T18:06:57.661Z,2026-07-01T18:06:56.384000+00:00,evt_8323a766-4ab7-44fc-bb36-4dec43a47d46,C:\Users\Gaurav Rathod\Downloads\automation-proposal\raw_data\dataset-downloads\dataset_b-20260908T164438Z-1-001\dataset_b\ses_20260701-175747-SIDDHIGUPTAB00B\chunk_20260701-1800-SIDDHIGUPTAB00B\events.jsonl,801,20260701-1800-SIDDHIGUPTAB00B,scr_smart_1782929216384_monitor_1_post.jpg | screenshots/scr_smart_1782929216384_monitor_1_post.jpg,True
ses_20260701-175747-SIDDHIGUPTAB00B,18,2026-07-01T18:06:41.661Z,2026-07-01T18:06:57.661Z,2026-07-01T18:06:57.373000+00:00,evt_e9824aa0-502b-40cc-b898-1ffe4142650c,C:\Users\Gaurav Rathod\Downloads\automation-proposal\raw_data\dataset-downloads\dataset_b-20260908T164438Z-1-001\dataset_b\ses_20260701-175747-SIDDHIGUPTAB00B\chunk_20260701-1800-SIDDHIGUPTAB00B\events.jsonl,808,20260701-1800-SIDDHIGUPTAB00B,scr_smart_1782929217373_monitor_1_post.jpg | screenshots/scr_smart_1782929217373_monitor_1_post.jpg,True
ses_20260701-175747-SIDDHIGUPTAB00B,19,2026-07-01T18:06:57.661Z,2026-07-01T18:07:01.661Z,2026-07-01T18:06:59.359000+00:00,evt_eb725fdd-a798-470c-9175-88448baf7bef,C:\Users\Gaurav Rathod\Downloads\automation-proposal\raw_data\dataset-downloads\dataset_b-20260908T164438Z-1-001\dataset_b\ses_20260701-175747-SIDDHIGUPTAB00B\chunk_20260701-1800-SIDDHIGUPTAB00B\events.jsonl,811,20260701-1800-SIDDHIGUPTAB00B,scr_smart_1782929219359_monitor_1_post.jpg | screenshots/scr_smart_1782929219359_monitor_1_post.jpg,True
ses_20260701-175747-SIDDHIGUPTAB00B,20,2026-07-01T18:07:01.661Z,2026-07-01T18:07:09.661Z,2026-07-01T18:07:07.512000+00:00,evt_d43fa8e0-1563-4c85-aecb-3949e851446f,C:\Users\Gaurav Rathod\Downloads\automation-proposal\raw_data\dataset-downloads\dataset_b-20260908T164438Z-1-001\dataset_b\ses_20260701-175747-SIDDHIGUPTAB00B\chunk_20260701-1800-SIDDHIGUPTAB00B\events.jsonl,815,20260701-1800-SIDDHIGUPTAB00B,scr_smart_1782929227512_monitor_1_post.jpg | screenshots/scr_smart_1782929227512_monitor_1_post.jpg,True
ses_20260701-175747-SIDDHIGUPTAB00B,20,2026-07-01T18:07:01.661Z,2026-07-01T18:07:09.661Z,2026-07-01T18:07:08.616000+00:00,evt_04dd535d-3668-4715-9bdf-ee85825a1c68,C:\Users\Gaurav Rathod\Downloads\automation-proposal\raw_data\dataset-downloads\dataset_b-20260908T164438Z-1-001\dataset_b\ses_20260701-175747-SIDDHIGUPTAB00B\chunk_20260701-1800-SIDDHIGUPTAB00B\events.jsonl,818,20260701-1800-SIDDHIGUPTAB00B,scr_smart_1782929228616_monitor_1_post.jpg | screenshots/scr_smart_1782929228616_monitor_1_post.jpg,True
ses_20260701-175747-SIDDHIGUPTAB00B,20,2026-07-01T18:07:01.661Z,2026-07-01T18:07:09.661Z,2026-07-01T18:07:09.106000+00:00,evt_01e6c698-ca01-4a41-9db5-5d1f9dc5b416,C:\Users\Gaurav Rathod\Downloads\automation-proposal\raw_data\dataset-downloads\dataset_b-20260908T164438Z-1-001\dataset_b\ses_20260701-175747-SIDDHIGUPTAB00B\chunk_20260701-1800-SIDDHIGUPTAB00B\events.jsonl,820,20260701-1800-SIDDHIGUPTAB00B,scr_smart_1782929229106_monitor_1_post.jpg | screenshots/scr_smart_1782929229106_monitor_1_post.jpg,True
ses_20260701-175747-SIDDHIGUPTAB00B,21,2026-07-01T18:07:09.661Z,2026-07-01T18:07:21.661Z,2026-07-01T18:07:09.677000+00:00,evt_17cbfb98-aa07-425b-972d-da66b6f1a918,C:\Users\Gaurav Rathod\Downloads\automation-proposal\raw_data\dataset-downloads\dataset_b-20260908T164438Z-1-001\dataset_b\ses_20260701-175747-SIDDHIGUPTAB00B\chunk_20260701-1800-SIDDHIGUPTAB00B\events.jsonl,826,20260701-1800-SIDDHIGUPTAB00B,scr_smart_1782929229677_monitor_1_post.jpg | screenshots/scr_smart_1782929229677_monitor_1_post.jpg,True
ses_20260701-175747-SIDDHIGUPTAB00B,21,2026-07-01T18:07:09.661Z,2026-07-01T18:07:21.661Z,2026-07-01T18:07:11.785000+00:00,evt_3436d9d4-13ca-4f29-8910-39afe594db90,C:\Users\Gaurav Rathod\Downloads\automation-proposal\raw_data\dataset-downloads\dataset_b-20260908T164438Z-1-001\dataset_b\ses_20260701-175747-SIDDHIGUPTAB00B\chunk_20260701-1800-SIDDHIGUPTAB00B\events.jsonl,829,20260701-1800-SIDDHIGUPTAB00B,scr_smart_1782929231785_monitor_1_post.jpg | screenshots/scr_smart_1782929231785_monitor_1_post.jpg,True
ses_20260701-175747-SIDDHIGUPTAB00B,21,2026-07-01T18:07:09.661Z,2026-07-01T18:07:21.661Z,2026-07-01T18:07:13.636000+00:00,evt_c610d468-66a7-420e-81eb-abca5b5aac9a,C:\Users\Gaurav Rathod\Downloads\automation-proposal\raw_data\dataset-downloads\dataset_b-20260908T164438Z-1-001\dataset_b\ses_20260701-175747-SIDDHIGUPTAB00B\chunk_20260701-1800-SIDDHIGUPTAB00B\events.jsonl,835,20260701-1800-SIDDHIGUPTAB00B,scr_smart_1782929233636_monitor_1_post.jpg | screenshots/scr_smart_1782929233636_monitor_1_post.jpg,True
ses_20260701-175747-SIDDHIGUPTAB00B,21,2026-07-01T18:07:09.661Z,2026-07-01T18:07:21.661Z,2026-07-01T18:07:14.321000+00:00,evt_cedc5bfb-0a66-4f01-9c36-895ead1cc31f,C:\Users\Gaurav Rathod\Downloads\automation-proposal\raw_data\dataset-downloads\dataset_b-20260908T164438Z-1-001\dataset_b\ses_20260701-175747-SIDDHIGUPTAB00B\chunk_20260701-1800-SIDDHIGUPTAB00B\events.jsonl,841,20260701-1800-SIDDHIGUPTAB00B,scr_smart_1782929234321_monitor_1_post.jpg | screenshots/scr_smart_1782929234321_monitor_1_post.jpg,True
ses_20260701-175747-SIDDHIGUPTAB00B,21,2026-07-01T18:07:09.661Z,2026-07-01T18:07:21.661Z,2026-07-01T18:07:15.519000+00:00,evt_d742f82f-e161-4786-91e5-8725b9dc9074,C:\Users\Gaurav Rathod\Downloads\automation-proposal\raw_data\dataset-downloads\dataset_b-20260908T164438Z-1-001\dataset_b\ses_20260701-175747-SIDDHIGUPTAB00B\chunk_20260701-1800-SIDDHIGUPTAB00B\events.jsonl,843,20260701-1800-SIDDHIGUPTAB00B,scr_smart_1782929235519_monitor_1_post.jpg | screenshots/scr_smart_1782929235519_monitor_1_post.jpg,True
ses_20260701-175747-SIDDHIGUPTAB00B,21,2026-07-01T18:07:09.661Z,2026-07-01T18:07:21.661Z,2026-07-01T18:07:18.733000+00:00,evt_ee361d8f-ce32-487a-8990-391aa9bd3aae,C:\Users\Gaurav Rathod\Downloads\automation-proposal\raw_data\dataset-downloads\dataset_b-20260908T164438Z-1-001\dataset_b\ses_20260701-175747-SIDDHIGUPTAB00B\chunk_20260701-1800-SIDDHIGUPTAB00B\events.jsonl,845,20260701-1800-SIDDHIGUPTAB00B,scr_smart_1782929238733_monitor_1_post.jpg | screenshots/scr_smart_1782929238733_monitor_1_post.jpg,True
ses_20260701-175747-SIDDHIGUPTAB00B,21,2026-07-01T18:07:09.661Z,2026-07-01T18:07:21.661Z,2026-07-01T18:07:20.244000+00:00,evt_318cd9b5-a582-409c-bbad-071d60360e0d,C:\Users\Gaurav Rathod\Downloads\automation-proposal\raw_data\dataset-downloads\dataset_b-20260908T164438Z-1-001\dataset_b\ses_20260701-175747-SIDDHIGUPTAB00B\chunk_20260701-1800-SIDDHIGUPTAB00B\events.jsonl,850,20260701-1800-SIDDHIGUPTAB00B,scr_smart_1782929240244_monitor_1_post.jpg | screenshots/scr_smart_1782929240244_monitor_1_post.jpg,True
ses_20260701-175747-SIDDHIGUPTAB00B,21,2026-07-01T18:07:09.661Z,2026-07-01T18:07:21.661Z,2026-07-01T18:07:20.837000+00:00,evt_b2db9ae3-9869-4027-bfec-bc9427bd0b43,C:\Users\Gaurav Rathod\Downloads\automation-proposal\raw_data\dataset-downloads\dataset_b-20260908T164438Z-1-001\dataset_b\ses_20260701-175747-SIDDHIGUPTAB00B\chunk_20260701-1800-SIDDHIGUPTAB00B\events.jsonl,852,20260701-1800-SIDDHIGUPTAB00B,scr_smart_1782929240837_monitor_1_post.jpg | screenshots/scr_smart_1782929240837_monitor_1_post.jpg,True
ses_20260701-175747-SIDDHIGUPTAB00B,21,2026-07-01T18:07:09.661Z,2026-07-01T18:07:21.661Z,2026-07-01T18:07:21.308000+00:00,evt_aa905d27-4592-4ec2-809f-6082b4778bbe,C:\Users\Gaurav Rathod\Downloads\automation-proposal\raw_data\dataset-downloads\dataset_b-20260908T164438Z-1-001\dataset_b\ses_20260701-175747-SIDDHIGUPTAB00B\chunk_20260701-1800-SIDDHIGUPTAB00B\events.jsonl,858,20260701-1800-SIDDHIGUPTAB00B,scr_smart_1782929241308_monitor_1_post.jpg | screenshots/scr_smart_1782929241308_monitor_1_post.jpg,True
ses_20260701-175747-SIDDHIGUPTAB00B,22,2026-07-01T18:07:21.661Z,2026-07-01T18:07:35.661Z,2026-07-01T18:07:23.398000+00:00,evt_9c28f352-d838-4ffa-9bd1-609a4c080b8b,C:\Users\Gaurav Rathod\Downloads\automation-proposal\raw_data\dataset-downloads\dataset_b-20260908T164438Z-1-001\dataset_b\ses_20260701-175747-SIDDHIGUPTAB00B\chunk_20260701-1800-SIDDHIGUPTAB00B\events.jsonl,861,20260701-1800-SIDDHIGUPTAB00B,scr_smart_1782929243398_monitor_1_post.jpg | screenshots/scr_smart_1782929243398_monitor_1_post.jpg,True
ses_20260701-175747-SIDDHIGUPTAB00B,22,2026-07-01T18:07:21.661Z,2026-07-01T18:07:35.661Z,2026-07-01T18:07:25.600000+00:00,evt_2e2f0fa5-9be2-4cf5-aa1a-bf6732a7e482,C:\Users\Gaurav Rathod\Downloads\automation-proposal\raw_data\dataset-downloads\dataset_b-20260908T164438Z-1-001\dataset_b\ses_20260701-175747-SIDDHIGUPTAB00B\chunk_20260701-1800-SIDDHIGUPTAB00B\events.jsonl,870,20260701-1800-SIDDHIGUPTAB00B,scr_smart_1782929245600_monitor_1_post.jpg | screenshots/scr_smart_1782929245600_monitor_1_post.jpg,True
ses_20260701-175747-SIDDHIGUPTAB00B,22,2026-07-01T18:07:21.661Z,2026-07-01T18:07:35.661Z,2026-07-01T18:07:31.957000+00:00,evt_23094c23-277b-4b66-9c5a-c3a4b90cd8ff,C:\Users\Gaurav Rathod\Downloads\automation-proposal\raw_data\dataset-downloads\dataset_b-20260908T164438Z-1-001\dataset_b\ses_20260701-175747-SIDDHIGUPTAB00B\chunk_20260701-1800-SIDDHIGUPTAB00B\events.jsonl,873,20260701-1800-SIDDHIGUPTAB00B,scr_smart_1782929251957_monitor_1_post.jpg | screenshots/scr_smart_1782929251957_monitor_1_post.jpg,True
ses_20260701-175747-SIDDHIGUPTAB00B,22,2026-07-01T18:07:21.661Z,2026-07-01T18:07:35.661Z,2026-07-01T18:07:33.461000+00:00,evt_6ca63f52-fff1-444b-ab55-9ee7736dce58,C:\Users\Gaurav Rathod\Downloads\automation-proposal\raw_data\dataset-downloads\dataset_b-20260908T164438Z-1-001\dataset_b\ses_20260701-175747-SIDDHIGUPTAB00B\chunk_20260701-1800-SIDDHIGUPTAB00B\events.jsonl,877,20260701-1800-SIDDHIGUPTAB00B,scr_smart_1782929253461_monitor_1_post.jpg | screenshots/scr_smart_1782929253461_monitor_1_post.jpg,True
ses_20260701-175747-SIDDHIGUPTAB00B,22,2026-07-01T18:07:21.661Z,2026-07-01T18:07:35.661Z,2026-07-01T18:07:34.458000+00:00,evt_a00ea2ef-a7a8-4658-a283-e7b63b5bf232,C:\Users\Gaurav Rathod\Downloads\automation-proposal\raw_data\dataset-downloads\dataset_b-20260908T164438Z-1-001\dataset_b\ses_20260701-175747-SIDDHIGUPTAB00B\chunk_20260701-1800-SIDDHIGUPTAB00B\events.jsonl,884,20260701-1800-SIDDHIGUPTAB00B,scr_smart_1782929254458_monitor_1_post.jpg | screenshots/scr_smart_1782929254458_monitor_1_post.jpg,True
ses_20260701-175747-SIDDHIGUPTAB00B,23,2026-07-01T18:07:35.661Z,2026-07-01T18:07:39.661Z,2026-07-01T18:07:36.758000+00:00,evt_1b03a69b-c812-4af6-8196-be2d272e2359,C:\Users\Gaurav Rathod\Downloads\automation-proposal\raw_data\dataset-downloads\dataset_b-20260908T164438Z-1-001\dataset_b\ses_20260701-175747-SIDDHIGUPTAB00B\chunk_20260701-1800-SIDDHIGUPTAB00B\events.jsonl,887,20260701-1800-SIDDHIGUPTAB00B,scr_smart_1782929256758_monitor_1_post.jpg | screenshots/scr_smart_1782929256758_monitor_1_post.jpg,True
ses_20260701-175747-SIDDHIGUPTAB00B,24,2026-07-01T18:07:39.661Z,2026-07-01T18:07:53.661Z,2026-07-01T18:07:43.492000+00:00,evt_c91679d6-c2b0-4459-9cb2-7c6f6bec163e,C:\Users\Gaurav Rathod\Downloads\automation-proposal\raw_data\dataset-downloads\dataset_b-20260908T164438Z-1-001\dataset_b\ses_20260701-175747-SIDDHIGUPTAB00B\chunk_20260701-1800-SIDDHIGUPTAB00B\events.jsonl,890,20260701-1800-SIDDHIGUPTAB00B,scr_smart_1782929263492_monitor_1_post.jpg | screenshots/scr_smart_1782929263492_monitor_1_post.jpg,True
ses_20260701-175747-SIDDHIGUPTAB00B,24,2026-07-01T18:07:39.661Z,2026-07-01T18:07:53.661Z,2026-07-01T18:07:43.989000+00:00,evt_f5a89ccf-7eb2-4572-9582-6a6aa41b1c5c,C:\Users\Gaurav Rathod\Downloads\automation-proposal\raw_data\dataset-downloads\dataset_b-20260908T164438Z-1-001\dataset_b\ses_20260701-175747-SIDDHIGUPTAB00B\chunk_20260701-1800-SIDDHIGUPTAB00B\events.jsonl,893,20260701-1800-SIDDHIGUPTAB00B,scr_smart_1782929263989_monitor_1_post.jpg | screenshots/scr_smart_1782929263989_monitor_1_post.jpg,True
ses_20260701-175747-SIDDHIGUPTAB00B,24,2026-07-01T18:07:39.661Z,2026-07-01T18:07:53.661Z,2026-07-01T18:07:45.965000+00:00,evt_c3935278-ae12-498a-b5c1-0661b4ffb570,C:\Users\Gaurav Rathod\Downloads\automation-proposal\raw_data\dataset-downloads\dataset_b-20260908T164438Z-1-001\dataset_b\ses_20260701-175747-SIDDHIGUPTAB00B\chunk_20260701-1800-SIDDHIGUPTAB00B\events.jsonl,897,20260701-1800-SIDDHIGUPTAB00B,scr_smart_1782929265965_monitor_1_post.jpg | screenshots/scr_smart_1782929265965_monitor_1_post.jpg,True
ses_20260701-175747-SIDDHIGUPTAB00B,24,2026-07-01T18:07:39.661Z,2026-07-01T18:07:53.661Z,2026-07-01T18:07:50.184000+00:00,evt_f885894b-e167-421e-91dc-2c012e583e8f,C:\Users\Gaurav Rathod\Downloads\automation-proposal\raw_data\dataset-downloads\dataset_b-20260908T164438Z-1-001\dataset_b\ses_20260701-175747-SIDDHIGUPTAB00B\chunk_20260701-1800-SIDDHIGUPTAB00B\events.jsonl,900,20260701-1800-SIDDHIGUPTAB00B,scr_smart_1782929270184_monitor_1_post.jpg | screenshots/scr_smart_1782929270184_monitor_1_post.jpg,True
ses_20260701-175747-SIDDHIGUPTAB00B,24,2026-07-01T18:07:39.661Z,2026-07-01T18:07:53.661Z,2026-07-01T18:07:53.015000+00:00,evt_be34401d-354c-4cb4-a3f2-1d4d19890690,C:\Users\Gaurav Rathod\Downloads\automation-proposal\raw_data\dataset-downloads\dataset_b-20260908T164438Z-1-001\dataset_b\ses_20260701-175747-SIDDHIGUPTAB00B\chunk_20260701-1800-SIDDHIGUPTAB00B\events.jsonl,908,20260701-1800-SIDDHIGUPTAB00B,scr_smart_1782929273015_monitor_1_post.jpg | screenshots/scr_smart_1782929273015_monitor_1_post.jpg,True
ses_20260701-175747-SIDDHIGUPTAB00B,25,2026-07-01T18:07:53.661Z,2026-07-01T18:08:01.661Z,2026-07-01T18:07:55.013000+00:00,evt_f4dda74d-560b-400e-aeb6-18cc40da122e,C:\Users\Gaurav Rathod\Downloads\automation-proposal\raw_data\dataset-downloads\dataset_b-20260908T164438Z-1-001\dataset_b\ses_20260701-175747-SIDDHIGUPTAB00B\chunk_20260701-1800-SIDDHIGUPTAB00B\events.jsonl,911,20260701-1800-SIDDHIGUPTAB00B,scr_smart_1782929275013_monitor_1_post.jpg | screenshots/scr_smart_1782929275013_monitor_1_post.jpg,True
ses_20260701-175747-SIDDHIGUPTAB00B,25,2026-07-01T18:07:53.661Z,2026-07-01T18:08:01.661Z,2026-07-01T18:07:58.125000+00:00,evt_6f48c50a-ea37-4ecd-ae88-9a8fc79a96a3,C:\Users\Gaurav Rathod\Downloads\automation-proposal\raw_data\dataset-downloads\dataset_b-20260908T164438Z-1-001\dataset_b\ses_20260701-175747-SIDDHIGUPTAB00B\chunk_20260701-1800-SIDDHIGUPTAB00B\events.jsonl,913,20260701-1800-SIDDHIGUPTAB00B,scr_smart_1782929278125_monitor_1_post.jpg | screenshots/scr_smart_1782929278125_monitor_1_post.jpg,True
ses_20260701-175747-SIDDHIGUPTAB00B,25,2026-07-01T18:07:53.661Z,2026-07-01T18:08:01.661Z,2026-07-01T18:07:58.702000+00:00,evt_cbdb2118-27b9-440e-8aa6-dad47cb8ec86,C:\Users\Gaurav Rathod\Downloads\automation-proposal\raw_data\dataset-downloads\dataset_b-20260908T164438Z-1-001\dataset_b\ses_20260701-175747-SIDDHIGUPTAB00B\chunk_20260701-1800-SIDDHIGUPTAB00B\events.jsonl,916,20260701-1800-SIDDHIGUPTAB00B,scr_smart_1782929278702_monitor_1_post.jpg | screenshots/scr_smart_1782929278702_monitor_1_post.jpg,True
ses_20260701-175747-SIDDHIGUPTAB00B,25,2026-07-01T18:07:53.661Z,2026-07-01T18:08:01.661Z,2026-07-01T18:07:59.973000+00:00,evt_efa08ee1-552f-4b5e-8e2a-d409e9611239,C:\Users\Gaurav Rathod\Downloads\automation-proposal\raw_data\dataset-downloads\dataset_b-20260908T164438Z-1-001\dataset_b\ses_20260701-175747-SIDDHIGUPTAB00B\chunk_20260701-1800-SIDDHIGUPTAB00B\events.jsonl,919,20260701-1800-SIDDHIGUPTAB00B,scr_smart_1782929279973_monitor_1_post.jpg | screenshots/scr_smart_1782929279973_monitor_1_post.jpg,True
ses_20260701-175747-SIDDHIGUPTAB00B,25,2026-07-01T18:07:53.661Z,2026-07-01T18:08:01.661Z,2026-07-01T18:08:00.972000+00:00,evt_7b647fdf-a78c-49d3-8f72-0e21c7482758,C:\Users\Gaurav Rathod\Downloads\automation-proposal\raw_data\dataset-downloads\dataset_b-20260908T164438Z-1-001\dataset_b\ses_20260701-175747-SIDDHIGUPTAB00B\chunk_20260701-1800-SIDDHIGUPTAB00B\events.jsonl,926,20260701-1800-SIDDHIGUPTAB00B,scr_smart_1782929280972_monitor_1_post.jpg | screenshots/scr_smart_1782929280972_monitor_1_post.jpg,True
ses_20260701-175747-SIDDHIGUPTAB00B,26,2026-07-01T18:08:01.661Z,2026-07-01T18:08:15.661Z,2026-07-01T18:08:03.254000+00:00,evt_6716e315-8bca-4e7d-8fc3-8c64df40a1d0,C:\Users\Gaurav Rathod\Downloads\automation-proposal\raw_data\dataset-downloads\dataset_b-20260908T164438Z-1-001\dataset_b\ses_20260701-175747-SIDDHIGUPTAB00B\chunk_20260701-1800-SIDDHIGUPTAB00B\events.jsonl,929,20260701-1800-SIDDHIGUPTAB00B,scr_smart_1782929283254_monitor_1_post.jpg | screenshots/scr_smart_1782929283254_monitor_1_post.jpg,True
ses_20260701-175747-SIDDHIGUPTAB00B,26,2026-07-01T18:08:01.661Z,2026-07-01T18:08:15.661Z,2026-07-01T18:08:05.349000+00:00,evt_e99afdfa-6a07-47a3-80bb-209745f13e36,C:\Users\Gaurav Rathod\Downloads\automation-proposal\raw_data\dataset-downloads\dataset_b-20260908T164438Z-1-001\dataset_b\ses_20260701-175747-SIDDHIGUPTAB00B\chunk_20260701-1800-SIDDHIGUPTAB00B\events.jsonl,932,20260701-1800-SIDDHIGUPTAB00B,scr_smart_1782929285349_monitor_1_post.jpg | screenshots/scr_smart_1782929285349_monitor_1_post.jpg,True
ses_20260701-175747-SIDDHIGUPTAB00B,26,2026-07-01T18:08:01.661Z,2026-07-01T18:08:15.661Z,2026-07-01T18:08:05.950000+00:00,evt_96dd305d-44ef-4f57-b507-4643b01ee5ea,C:\Users\Gaurav Rathod\Downloads\automation-proposal\raw_data\dataset-downloads\dataset_b-20260908T164438Z-1-001\dataset_b\ses_20260701-175747-SIDDHIGUPTAB00B\chunk_20260701-1800-SIDDHIGUPTAB00B\events.jsonl,940,20260701-1800-SIDDHIGUPTAB00B,scr_smart_1782929285950_monitor_1_post.jpg | screenshots/scr_smart_1782929285950_monitor_1_post.jpg,True
ses_20260701-175747-SIDDHIGUPTAB00B,26,2026-07-01T18:08:01.661Z,2026-07-01T18:08:15.661Z,2026-07-01T18:08:09.451000+00:00,evt_e2bc9d81-e8d2-4e0c-a909-412c6ff001de,C:\Users\Gaurav Rathod\Downloads\automation-proposal\raw_data\dataset-downloads\dataset_b-20260908T164438Z-1-001\dataset_b\ses_20260701-175747-SIDDHIGUPTAB00B\chunk_20260701-1800-SIDDHIGUPTAB00B\events.jsonl,942,20260701-1800-SIDDHIGUPTAB00B,scr_smart_1782929289451_monitor_1_post.jpg | screenshots/scr_smart_1782929289451_monitor_1_post.jpg,True
ses_20260701-175747-SIDDHIGUPTAB00B,26,2026-07-01T18:08:01.661Z,2026-07-01T18:08:15.661Z,2026-07-01T18:08:10.943000+00:00,evt_40633aab-813b-48e1-a201-665ca81b96d0,C:\Users\Gaurav Rathod\Downloads\automation-proposal\raw_data\dataset-downloads\dataset_b-20260908T164438Z-1-001\dataset_b\ses_20260701-175747-SIDDHIGUPTAB00B\chunk_20260701-1800-SIDDHIGUPTAB00B\events.jsonl,948,20260701-1800-SIDDHIGUPTAB00B,scr_smart_1782929290943_monitor_1_post.jpg | screenshots/scr_smart_1782929290943_monitor_1_post.jpg,True
ses_20260701-175747-SIDDHIGUPTAB00B,26,2026-07-01T18:08:01.661Z,2026-07-01T18:08:15.661Z,2026-07-01T18:08:11.845000+00:00,evt_ae86bef4-a04e-43da-8e1c-43db75d815da,C:\Users\Gaurav Rathod\Downloads\automation-proposal\raw_data\dataset-downloads\dataset_b-20260908T164438Z-1-001\dataset_b\ses_20260701-175747-SIDDHIGUPTAB00B\chunk_20260701-1800-SIDDHIGUPTAB00B\events.jsonl,954,20260701-1800-SIDDHIGUPTAB00B,scr_smart_1782929291845_monitor_1_post.jpg | screenshots/scr_smart_1782929291845_monitor_1_post.jpg,True
ses_20260701-175747-SIDDHIGUPTAB00B,26,2026-07-01T18:08:01.661Z,2026-07-01T18:08:15.661Z,2026-07-01T18:08:14.140000+00:00,evt_ab61fb6b-94ec-47b3-9f6f-32fd8adcc965,C:\Users\Gaurav Rathod\Downloads\automation-proposal\raw_data\dataset-downloads\dataset_b-20260908T164438Z-1-001\dataset_b\ses_20260701-175747-SIDDHIGUPTAB00B\chunk_20260701-1800-SIDDHIGUPTAB00B\events.jsonl,957,20260701-1800-SIDDHIGUPTAB00B,scr_smart_1782929294140_monitor_1_post.jpg | screenshots/scr_smart_1782929294140_monitor_1_post.jpg,True
ses_20260701-180923-NEELA9BAF,1,2026-07-01T18:16:37.713Z,2026-07-01T18:17:19.713Z,2026-07-01T18:16:40.828000+00:00,evt_21fbcee9-9094-4517-b9b0-90340c6bf9ec,C:\Users\Gaurav Rathod\Downloads\automation-proposal\raw_data\dataset-downloads\dataset_b-20260908T164438Z-1-001\dataset_b\ses_20260701-180923-NEELA9BAF\chunk_20260701-1800-NEELA9BAF\events.jsonl,828,20260701-1800-NEELA9BAF,scr_smart_1782929800828_monitor_1_post.jpg | screenshots/scr_smart_1782929800828_monitor_1_post.jpg,True
ses_20260701-180923-NEELA9BAF,1,2026-07-01T18:16:37.713Z,2026-07-01T18:17:19.713Z,2026-07-01T18:16:42.138000+00:00,evt_59563c7c-e5a9-4fe7-961a-55eaccea0d99,C:\Users\Gaurav Rathod\Downloads\automation-proposal\raw_data\dataset-downloads\dataset_b-20260908T164438Z-1-001\dataset_b\ses_20260701-180923-NEELA9BAF\chunk_20260701-1800-NEELA9BAF\events.jsonl,831,20260701-1800-NEELA9BAF,scr_smart_1782929802138_monitor_1_post.jpg | screenshots/scr_smart_1782929802138_monitor_1_post.jpg,True
ses_20260701-180923-NEELA9BAF,1,2026-07-01T18:16:37.713Z,2026-07-01T18:17:19.713Z,2026-07-01T18:16:46.350000+00:00,evt_5841e31b-bdbe-417b-bc49-a5acb0161be2,C:\Users\Gaurav Rathod\Downloads\automation-proposal\raw_data\dataset-downloads\dataset_b-20260908T164438Z-1-001\dataset_b\ses_20260701-180923-NEELA9BAF\chunk_20260701-1800-NEELA9BAF\events.jsonl,833,20260701-1800-NEELA9BAF,scr_smart_1782929806350_monitor_1_post.jpg | screenshots/scr_smart_1782929806350_monitor_1_post.jpg,True
ses_20260701-180923-NEELA9BAF,1,2026-07-01T18:16:37.713Z,2026-07-01T18:17:19.713Z,2026-07-01T18:16:46.958000+00:00,evt_d437372b-216a-46b9-a23a-1726f9e92322,C:\Users\Gaurav Rathod\Downloads\automation-proposal\raw_data\dataset-downloads\dataset_b-20260908T164438Z-1-001\dataset_b\ses_20260701-180923-NEELA9BAF\chunk_20260701-1800-NEELA9BAF\events.jsonl,835,20260701-1800-NEELA9BAF,scr_smart_1782929806958_monitor_1_post.jpg | screenshots/scr_smart_1782929806958_monitor_1_post.jpg,True
ses_20260701-180923-NEELA9BAF,1,2026-07-01T18:16:37.713Z,2026-07-01T18:17:19.713Z,2026-07-01T18:16:47.442000+00:00,evt_ec5bc624-96fe-4e4a-b731-15d1351a2cb4,C:\Users\Gaurav Rathod\Downloads\automation-proposal\raw_data\dataset-downloads\dataset_b-20260908T164438Z-1-001\dataset_b\ses_20260701-180923-NEELA9BAF\chunk_20260701-1800-NEELA9BAF\events.jsonl,841,20260701-1800-NEELA9BAF,scr_smart_1782929807442_monitor_1_post.jpg | screenshots/scr_smart_1782929807442_monitor_1_post.jpg,True
ses_20260701-180923-NEELA9BAF,1,2026-07-01T18:16:37.713Z,2026-07-01T18:17:19.713Z,2026-07-01T18:16:49.754000+00:00,evt_3aba1b74-078c-457f-9cc9-dca780da2857,C:\Users\Gaurav Rathod\Downloads\automation-proposal\raw_data\dataset-downloads\dataset_b-20260908T164438Z-1-001\dataset_b\ses_20260701-180923-NEELA9BAF\chunk_20260701-1800-NEELA9BAF\events.jsonl,844,20260701-1800-NEELA9BAF,scr_smart_1782929809754_monitor_1_post.jpg | screenshots/scr_smart_1782929809754_monitor_1_post.jpg,True
ses_20260701-180923-NEELA9BAF,1,2026-07-01T18:16:37.713Z,2026-07-01T18:17:19.713Z,2026-07-01T18:16:52.185000+00:00,evt_ff113522-b7b0-4727-af96-ab3a14ad18b9,C:\Users\Gaurav Rathod\Downloads\automation-proposal\raw_data\dataset-downloads\dataset_b-20260908T164438Z-1-001\dataset_b\ses_20260701-180923-NEELA9BAF\chunk_20260701-1800-NEELA9BAF\events.jsonl,849,20260701-1800-NEELA9BAF,scr_smart_1782929812185_monitor_1_post.jpg | screenshots/scr_smart_1782929812185_monitor_1_post.jpg,True
ses_20260701-180923-NEELA9BAF,1,2026-07-01T18:16:37.713Z,2026-07-01T18:17:19.713Z,2026-07-01T18:16:53.109000+00:00,evt_b043664f-79a0-429d-bbf6-7689bf9f411c,C:\Users\Gaurav Rathod\Downloads\automation-proposal\raw_data\dataset-downloads\dataset_b-20260908T164438Z-1-001\dataset_b\ses_20260701-180923-NEELA9BAF\chunk_20260701-1800-NEELA9BAF\events.jsonl,852,20260701-1800-NEELA9BAF,scr_smart_1782929813109_monitor_1_post.jpg | screenshots/scr_smart_1782929813109_monitor_1_post.jpg,True
ses_20260701-180923-NEELA9BAF,1,2026-07-01T18:16:37.713Z,2026-07-01T18:17:19.713Z,2026-07-01T18:16:57.518000+00:00,evt_f3cd6518-e405-4bfe-8d70-2fc08679bf92,C:\Users\Gaurav Rathod\Downloads\automation-proposal\raw_data\dataset-downloads\dataset_b-20260908T164438Z-1-001\dataset_b\ses_20260701-180923-NEELA9BAF\chunk_20260701-1800-NEELA9BAF\events.jsonl,856,20260701-1800-NEELA9BAF,scr_smart_1782929817518_monitor_1_post.jpg | screenshots/scr_smart_1782929817518_monitor_1_post.jpg,True
ses_20260701-180923-NEELA9BAF,1,2026-07-01T18:16:37.713Z,2026-07-01T18:17:19.713Z,2026-07-01T18:16:58.826000+00:00,evt_2f6fbeab-1169-41a1-bd8e-47f2a48b5767,C:\Users\Gaurav Rathod\Downloads\automation-proposal\raw_data\dataset-downloads\dataset_b-20260908T164438Z-1-001\dataset_b\ses_20260701-180923-NEELA9BAF\chunk_20260701-1800-NEELA9BAF\events.jsonl,863,20260701-1800-NEELA9BAF,scr_smart_1782929818826_monitor_1_post.jpg | screenshots/scr_smart_1782929818826_monitor_1_post.jpg,True
ses_20260701-180923-NEELA9BAF,1,2026-07-01T18:16:37.713Z,2026-07-01T18:17:19.713Z,2026-07-01T18:17:00.606000+00:00,evt_f98b572c-cade-43d5-9a5c-27b6d50eae16,C:\Users\Gaurav Rathod\Downloads\automation-proposal\raw_data\dataset-downloads\dataset_b-20260908T164438Z-1-001\dataset_b\ses_20260701-180923-NEELA9BAF\chunk_20260701-1800-NEELA9BAF\events.jsonl,867,20260701-1800-NEELA9BAF,scr_smart_1782929820606_monitor_1_post.jpg | screenshots/scr_smart_1782929820606_monitor_1_post.jpg,True
ses_20260701-180923-NEELA9BAF,1,2026-07-01T18:16:37.713Z,2026-07-01T18:17:19.713Z,2026-07-01T18:17:02.116000+00:00,evt_a72b99c9-a393-40b9-b7ec-7c560173f87e,C:\Users\Gaurav Rathod\Downloads\automation-proposal\raw_data\dataset-downloads\dataset_b-20260908T164438Z-1-001\dataset_b\ses_20260701-180923-NEELA9BAF\chunk_20260701-1800-NEELA9BAF\events.jsonl,872,20260701-1800-NEELA9BAF,scr_smart_1782929822116_monitor_1_post.jpg | screenshots/scr_smart_1782929822116_monitor_1_post.jpg,True
ses_20260701-180923-NEELA9BAF,1,2026-07-01T18:16:37.713Z,2026-07-01T18:17:19.713Z,2026-07-01T18:17:05.721000+00:00,evt_27bb80ef-54f2-44a0-b3fa-e7968f98b30b,C:\Users\Gaurav Rathod\Downloads\automation-proposal\raw_data\dataset-downloads\dataset_b-20260908T164438Z-1-001\dataset_b\ses_20260701-180923-NEELA9BAF\chunk_20260701-1800-NEELA9BAF\events.jsonl,876,20260701-1800-NEELA9BAF,scr_smart_1782929825721_monitor_1_post.jpg | screenshots/scr_smart_1782929825721_monitor_1_post.jpg,True
ses_20260701-180923-NEELA9BAF,1,2026-07-01T18:16:37.713Z,2026-07-01T18:17:19.713Z,2026-07-01T18:17:07.434000+00:00,evt_8d783d1a-375b-4264-bc74-2386975067d7,C:\Users\Gaurav Rathod\Downloads\automation-proposal\raw_data\dataset-downloads\dataset_b-20260908T164438Z-1-001\dataset_b\ses_20260701-180923-NEELA9BAF\chunk_20260701-1800-NEELA9BAF\events.jsonl,878,20260701-1800-NEELA9BAF,scr_smart_1782929827434_monitor_1_post.jpg | screenshots/scr_smart_1782929827434_monitor_1_post.jpg,True
ses_20260701-180923-NEELA9BAF,1,2026-07-01T18:16:37.713Z,2026-07-01T18:17:19.713Z,2026-07-01T18:17:09.346000+00:00,evt_81e099e0-e73b-4d1f-8696-db3deb698cbd,C:\Users\Gaurav Rathod\Downloads\automation-proposal\raw_data\dataset-downloads\dataset_b-20260908T164438Z-1-001\dataset_b\ses_20260701-180923-NEELA9BAF\chunk_20260701-1800-NEELA9BAF\events.jsonl,882,20260701-1800-NEELA9BAF,scr_smart_1782929829346_monitor_1_post.jpg | screenshots/scr_smart_1782929829346_monitor_1_post.jpg,True
ses_20260701-180923-NEELA9BAF,1,2026-07-01T18:16:37.713Z,2026-07-01T18:17:19.713Z,2026-07-01T18:17:10.249000+00:00,evt_3f69d402-a7d7-4cf6-8664-f6a9c4740100,C:\Users\Gaurav Rathod\Downloads\automation-proposal\raw_data\dataset-downloads\dataset_b-20260908T164438Z-1-001\dataset_b\ses_20260701-180923-NEELA9BAF\chunk_20260701-1800-NEELA9BAF\events.jsonl,889,20260701-1800-NEELA9BAF,scr_smart_1782929830249_monitor_1_post.jpg | screenshots/scr_smart_1782929830249_monitor_1_post.jpg,True
ses_20260701-180923-NEELA9BAF,1,2026-07-01T18:16:37.713Z,2026-07-01T18:17:19.713Z,2026-07-01T18:17:12.747000+00:00,evt_db40a63b-e456-4876-9d3a-e10c03029632,C:\Users\Gaurav Rathod\Downloads\automation-proposal\raw_data\dataset-downloads\dataset_b-20260908T164438Z-1-001\dataset_b\ses_20260701-180923-NEELA9BAF\chunk_20260701-1800-NEELA9BAF\events.jsonl,892,20260701-1800-NEELA9BAF,scr_smart_1782929832747_monitor_1_post.jpg | screenshots/scr_smart_1782929832747_monitor_1_post.jpg,True
ses_20260701-180923-NEELA9BAF,1,2026-07-01T18:16:37.713Z,2026-07-01T18:17:19.713Z,2026-07-01T18:17:15.847000+00:00,evt_6b528a4b-2461-4077-a829-3bedd46d5486,C:\Users\Gaurav Rathod\Downloads\automation-proposal\raw_data\dataset-downloads\dataset_b-20260908T164438Z-1-001\dataset_b\ses_20260701-180923-NEELA9BAF\chunk_20260701-1800-NEELA9BAF\events.jsonl,895,20260701-1800-NEELA9BAF,scr_smart_1782929835847_monitor_1_post.jpg | screenshots/scr_smart_1782929835847_monitor_1_post.jpg,True
ses_20260701-180923-NEELA9BAF,1,2026-07-01T18:16:37.713Z,2026-07-01T18:17:19.713Z,2026-07-01T18:17:17.739000+00:00,evt_3160e5dc-aba7-4efb-9cc1-f9fb9a1d1469,C:\Users\Gaurav Rathod\Downloads\automation-proposal\raw_data\dataset-downloads\dataset_b-20260908T164438Z-1-001\dataset_b\ses_20260701-180923-NEELA9BAF\chunk_20260701-1800-NEELA9BAF\events.jsonl,899,20260701-1800-NEELA9BAF,scr_smart_1782929837739_monitor_1_post.jpg | screenshots/scr_smart_1782929837739_monitor_1_post.jpg,True
ses_20260701-180923-NEELA9BAF,1,2026-07-01T18:16:37.713Z,2026-07-01T18:17:19.713Z,2026-07-01T18:17:18.633000+00:00,evt_61e2367a-69f9-47f8-ab72-6d316494329d,C:\Users\Gaurav Rathod\Downloads\automation-proposal\raw_data\dataset-downloads\dataset_b-20260908T164438Z-1-001\dataset_b\ses_20260701-180923-NEELA9BAF\chunk_20260701-1800-NEELA9BAF\events.jsonl,906,20260701-1800-NEELA9BAF,scr_smart_1782929838633_monitor_1_post.jpg | screenshots/scr_smart_1782929838633_monitor_1_post.jpg,True
ses_20260701-180923-NEELA9BAF,2,2026-07-01T18:17:19.713Z,2026-07-01T18:17:23.713Z,2026-07-01T18:17:20.944000+00:00,evt_d54393ca-06ae-4496-831f-5dfa7da7f93d,C:\Users\Gaurav Rathod\Downloads\automation-proposal\raw_data\dataset-downloads\dataset_b-20260908T164438Z-1-001\dataset_b\ses_20260701-180923-NEELA9BAF\chunk_20260701-1800-NEELA9BAF\events.jsonl,909,20260701-1800-NEELA9BAF,scr_smart_1782929840944_monitor_1_post.jpg | screenshots/scr_smart_1782929840944_monitor_1_post.jpg,True
ses_20260701-180923-NEELA9BAF,3,2026-07-01T18:18:15.713Z,2026-07-01T18:18:41.713Z,2026-07-01T18:18:15.843000+00:00,evt_c191683e-e945-4da0-ad49-298c1cf0c3f5,C:\Users\Gaurav Rathod\Downloads\automation-proposal\raw_data\dataset-downloads\dataset_b-20260908T164438Z-1-001\dataset_b\ses_20260701-180923-NEELA9BAF\chunk_20260701-1800-NEELA9BAF\events.jsonl,1010,20260701-1800-NEELA9BAF,scr_smart_1782929895843_monitor_1_post.jpg | screenshots/scr_smart_1782929895843_monitor_1_post.jpg,True
ses_20260701-180923-NEELA9BAF,3,2026-07-01T18:18:15.713Z,2026-07-01T18:18:41.713Z,2026-07-01T18:18:20.074000+00:00,evt_53539c54-a706-46be-87f8-1945271fd4d4,C:\Users\Gaurav Rathod\Downloads\automation-proposal\raw_data\dataset-downloads\dataset_b-20260908T164438Z-1-001\dataset_b\ses_20260701-180923-NEELA9BAF\chunk_20260701-1800-NEELA9BAF\events.jsonl,1014,20260701-1800-NEELA9BAF,scr_smart_1782929900074_monitor_1_post.jpg | screenshots/scr_smart_1782929900074_monitor_1_post.jpg,True
ses_20260701-180923-NEELA9BAF,3,2026-07-01T18:18:15.713Z,2026-07-01T18:18:41.713Z,2026-07-01T18:18:29.438000+00:00,evt_af6caf95-0d04-4388-991c-77ea0de31fbd,C:\Users\Gaurav Rathod\Downloads\automation-proposal\raw_data\dataset-downloads\dataset_b-20260908T164438Z-1-001\dataset_b\ses_20260701-180923-NEELA9BAF\chunk_20260701-1800-NEELA9BAF\events.jsonl,1016,20260701-1800-NEELA9BAF,scr_smart_1782929909438_monitor_1_post.jpg | screenshots/scr_smart_1782929909438_monitor_1_post.jpg,True
ses_20260701-180923-NEELA9BAF,3,2026-07-01T18:18:15.713Z,2026-07-01T18:18:41.713Z,2026-07-01T18:18:31.065000+00:00,evt_92f9434e-40ea-4702-b19e-55e2ac159a37,C:\Users\Gaurav Rathod\Downloads\automation-proposal\raw_data\dataset-downloads\dataset_b-20260908T164438Z-1-001\dataset_b\ses_20260701-180923-NEELA9BAF\chunk_20260701-1800-NEELA9BAF\events.jsonl,1020,20260701-1800-NEELA9BAF,scr_smart_1782929911065_monitor_1_post.jpg | screenshots/scr_smart_1782929911065_monitor_1_post.jpg,True
ses_20260701-180923-NEELA9BAF,3,2026-07-01T18:18:15.713Z,2026-07-01T18:18:41.713Z,2026-07-01T18:18:31.989000+00:00,evt_14fee7e2-2978-48ae-868e-f23d0d3a7952,C:\Users\Gaurav Rathod\Downloads\automation-proposal\raw_data\dataset-downloads\dataset_b-20260908T164438Z-1-001\dataset_b\ses_20260701-180923-NEELA9BAF\chunk_20260701-1800-NEELA9BAF\events.jsonl,1027,20260701-1800-NEELA9BAF,scr_smart_1782929911989_monitor_1_post.jpg | screenshots/scr_smart_1782929911989_monitor_1_post.jpg,True
ses_20260701-180923-NEELA9BAF,3,2026-07-01T18:18:15.713Z,2026-07-01T18:18:41.713Z,2026-07-01T18:18:34.104000+00:00,evt_79b333d7-f7ba-4889-8699-39f4f20fa500,C:\Users\Gaurav Rathod\Downloads\automation-proposal\raw_data\dataset-downloads\dataset_b-20260908T164438Z-1-001\dataset_b\ses_20260701-180923-NEELA9BAF\chunk_20260701-1800-NEELA9BAF\events.jsonl,1030,20260701-1800-NEELA9BAF,scr_smart_1782929914104_monitor_1_post.jpg | screenshots/scr_smart_1782929914104_monitor_1_post.jpg,True
ses_20260701-180923-NEELA9BAF,3,2026-07-01T18:18:15.713Z,2026-07-01T18:18:41.713Z,2026-07-01T18:18:37.413000+00:00,evt_f0ad0433-93d0-4ea2-8bd7-87bf2581a41b,C:\Users\Gaurav Rathod\Downloads\automation-proposal\raw_data\dataset-downloads\dataset_b-20260908T164438Z-1-001\dataset_b\ses_20260701-180923-NEELA9BAF\chunk_20260701-1800-NEELA9BAF\events.jsonl,1033,20260701-1800-NEELA9BAF,scr_smart_1782929917413_monitor_1_post.jpg | screenshots/scr_smart_1782929917413_monitor_1_post.jpg,True
ses_20260701-180923-NEELA9BAF,3,2026-07-01T18:18:15.713Z,2026-07-01T18:18:41.713Z,2026-07-01T18:18:39.495000+00:00,evt_63616b5a-c2b0-4412-868f-16bf09620b18,C:\Users\Gaurav Rathod\Downloads\automation-proposal\raw_data\dataset-downloads\dataset_b-20260908T164438Z-1-001\dataset_b\ses_20260701-180923-NEELA9BAF\chunk_20260701-1800-NEELA9BAF\events.jsonl,1037,20260701-1800-NEELA9BAF,scr_smart_1782929919495_monitor_1_post.jpg | screenshots/scr_smart_1782929919495_monitor_1_post.jpg,True
ses_20260701-180923-NEELA9BAF,3,2026-07-01T18:18:15.713Z,2026-07-01T18:18:41.713Z,2026-07-01T18:18:40.377000+00:00,evt_aef2221c-8fac-4327-94cb-8de31fdac734,C:\Users\Gaurav Rathod\Downloads\automation-proposal\raw_data\dataset-downloads\dataset_b-20260908T164438Z-1-001\dataset_b\ses_20260701-180923-NEELA9BAF\chunk_20260701-1800-NEELA9BAF\events.jsonl,1044,20260701-1800-NEELA9BAF,scr_smart_1782929920377_monitor_1_post.jpg | screenshots/scr_smart_1782929920377_monitor_1_post.jpg,True
ses_20260701-180923-NEELA9BAF,4,2026-07-01T18:18:41.713Z,2026-07-01T18:18:51.713Z,2026-07-01T18:18:42.659000+00:00,evt_0ae0c347-dd99-41a6-b652-ab6211bf4b8e,C:\Users\Gaurav Rathod\Downloads\automation-proposal\raw_data\dataset-downloads\dataset_b-20260908T164438Z-1-001\dataset_b\ses_20260701-180923-NEELA9BAF\chunk_20260701-1800-NEELA9BAF\events.jsonl,1047,20260701-1800-NEELA9BAF,scr_smart_1782929922659_monitor_1_post.jpg | screenshots/scr_smart_1782929922659_monitor_1_post.jpg,True
ses_20260701-180923-NEELA9BAF,4,2026-07-01T18:18:41.713Z,2026-07-01T18:18:51.713Z,2026-07-01T18:18:48.979000+00:00,evt_5fc69cf2-32c3-471d-831c-c9aabbc62a66,C:\Users\Gaurav Rathod\Downloads\automation-proposal\raw_data\dataset-downloads\dataset_b-20260908T164438Z-1-001\dataset_b\ses_20260701-180923-NEELA9BAF\chunk_20260701-1800-NEELA9BAF\events.jsonl,1050,20260701-1800-NEELA9BAF,scr_smart_1782929928979_monitor_1_post.jpg | screenshots/scr_smart_1782929928979_monitor_1_post.jpg,True
ses_20260701-180923-NEELA9BAF,4,2026-07-01T18:18:41.713Z,2026-07-01T18:18:51.713Z,2026-07-01T18:18:49.458000+00:00,evt_ce69ab3d-ce16-45d3-ad5f-f6dc1c447473,C:\Users\Gaurav Rathod\Downloads\automation-proposal\raw_data\dataset-downloads\dataset_b-20260908T164438Z-1-001\dataset_b\ses_20260701-180923-NEELA9BAF\chunk_20260701-1800-NEELA9BAF\events.jsonl,1053,20260701-1800-NEELA9BAF,scr_smart_1782929929458_monitor_1_post.jpg | screenshots/scr_smart_1782929929458_monitor_1_post.jpg,True
ses_20260701-180923-NEELA9BAF,4,2026-07-01T18:18:41.713Z,2026-07-01T18:18:51.713Z,2026-07-01T18:18:50.450000+00:00,evt_9ab7d29c-bb5f-42b3-9f36-722150942c67,C:\Users\Gaurav Rathod\Downloads\automation-proposal\raw_data\dataset-downloads\dataset_b-20260908T164438Z-1-001\dataset_b\ses_20260701-180923-NEELA9BAF\chunk_20260701-1800-NEELA9BAF\events.jsonl,1056,20260701-1800-NEELA9BAF,scr_smart_1782929930450_monitor_1_post.jpg | screenshots/scr_smart_1782929930450_monitor_1_post.jpg,True
ses_20260701-180923-NEELA9BAF,4,2026-07-01T18:18:41.713Z,2026-07-01T18:18:51.713Z,2026-07-01T18:18:51.453000+00:00,evt_66f1a7c1-3d9a-4d6e-bf17-9aa3e9042233,C:\Users\Gaurav Rathod\Downloads\automation-proposal\raw_data\dataset-downloads\dataset_b-20260908T164438Z-1-001\dataset_b\ses_20260701-180923-NEELA9BAF\chunk_20260701-1800-NEELA9BAF\events.jsonl,1063,20260701-1800-NEELA9BAF,scr_smart_1782929931453_monitor_1_post.jpg | screenshots/scr_smart_1782929931453_monitor_1_post.jpg,True
ses_20260701-180923-NEELA9BAF,5,2026-07-01T18:18:51.713Z,2026-07-01T18:19:05.713Z,2026-07-01T18:18:53.859000+00:00,evt_525bee48-19f1-4c7b-a47c-982418f177bb,C:\Users\Gaurav Rathod\Downloads\automation-proposal\raw_data\dataset-downloads\dataset_b-20260908T164438Z-1-001\dataset_b\ses_20260701-180923-NEELA9BAF\chunk_20260701-1800-NEELA9BAF\events.jsonl,1066,20260701-1800-NEELA9BAF,scr_smart_1782929933859_monitor_1_post.jpg | screenshots/scr_smart_1782929933859_monitor_1_post.jpg,True
ses_20260701-180923-NEELA9BAF,5,2026-07-01T18:18:51.713Z,2026-07-01T18:19:05.713Z,2026-07-01T18:18:55.648000+00:00,evt_6ce3fa50-ce9c-44cf-b7d8-ce4bd2cbe595,C:\Users\Gaurav Rathod\Downloads\automation-proposal\raw_data\dataset-downloads\dataset_b-20260908T164438Z-1-001\dataset_b\ses_20260701-180923-NEELA9BAF\chunk_20260701-1800-NEELA9BAF\events.jsonl,1069,20260701-1800-NEELA9BAF,scr_smart_1782929935648_monitor_1_post.jpg | screenshots/scr_smart_1782929935648_monitor_1_post.jpg,True
ses_20260701-180923-NEELA9BAF,5,2026-07-01T18:18:51.713Z,2026-07-01T18:19:05.713Z,2026-07-01T18:18:56.229000+00:00,evt_d13fc101-05e9-46e4-b5bc-c841620cab12,C:\Users\Gaurav Rathod\Downloads\automation-proposal\raw_data\dataset-downloads\dataset_b-20260908T164438Z-1-001\dataset_b\ses_20260701-180923-NEELA9BAF\chunk_20260701-1800-NEELA9BAF\events.jsonl,1077,20260701-1800-NEELA9BAF,scr_smart_1782929936229_monitor_1_post.jpg | screenshots/scr_smart_1782929936229_monitor_1_post.jpg,True
ses_20260701-180923-NEELA9BAF,5,2026-07-01T18:18:51.713Z,2026-07-01T18:19:05.713Z,2026-07-01T18:19:02.672000+00:00,evt_6fa53b25-843c-46d2-b081-39292c19b7dd,C:\Users\Gaurav Rathod\Downloads\automation-proposal\raw_data\dataset-downloads\dataset_b-20260908T164438Z-1-001\dataset_b\ses_20260701-180923-NEELA9BAF\chunk_20260701-1800-NEELA9BAF\events.jsonl,1080,20260701-1800-NEELA9BAF,scr_smart_1782929942672_monitor_1_post.jpg | screenshots/scr_smart_1782929942672_monitor_1_post.jpg,True
ses_20260701-180923-NEELA9BAF,5,2026-07-01T18:18:51.713Z,2026-07-01T18:19:05.713Z,2026-07-01T18:19:04.173000+00:00,evt_292c92c0-b30d-43e3-8b2e-39564f6f5d8d,C:\Users\Gaurav Rathod\Downloads\automation-proposal\raw_data\dataset-downloads\dataset_b-20260908T164438Z-1-001\dataset_b\ses_20260701-180923-NEELA9BAF\chunk_20260701-1800-NEELA9BAF\events.jsonl,1084,20260701-1800-NEELA9BAF,scr_smart_1782929944173_monitor_1_post.jpg | screenshots/scr_smart_1782929944173_monitor_1_post.jpg,True
ses_20260701-180923-NEELA9BAF,5,2026-07-01T18:18:51.713Z,2026-07-01T18:19:05.713Z,2026-07-01T18:19:05.173000+00:00,evt_238d6e73-8577-4a44-9b19-672c5fb5bb66,C:\Users\Gaurav Rathod\Downloads\automation-proposal\raw_data\dataset-downloads\dataset_b-20260908T164438Z-1-001\dataset_b\ses_20260701-180923-NEELA9BAF\chunk_20260701-1800-NEELA9BAF\events.jsonl,1091,20260701-1800-NEELA9BAF,scr_smart_1782929945173_monitor_1_post.jpg | screenshots/scr_smart_1782929945173_monitor_1_post.jpg,True
ses_20260701-180923-NEELA9BAF,6,2026-07-01T18:19:05.713Z,2026-07-01T18:19:37.713Z,2026-07-01T18:19:07.560000+00:00,evt_5ad056cd-ef43-4cdd-aae9-bc3645cdb667,C:\Users\Gaurav Rathod\Downloads\automation-proposal\raw_data\dataset-downloads\dataset_b-20260908T164438Z-1-001\dataset_b\ses_20260701-180923-NEELA9BAF\chunk_20260701-1800-NEELA9BAF\events.jsonl,1094,20260701-1800-NEELA9BAF,scr_smart_1782929947560_monitor_1_post.jpg | screenshots/scr_smart_1782929947560_monitor_1_post.jpg,True
ses_20260701-180923-NEELA9BAF,6,2026-07-01T18:19:05.713Z,2026-07-01T18:19:37.713Z,2026-07-01T18:19:09.250000+00:00,evt_d8d91a07-4fc2-4977-8d26-48cec37e3d52,C:\Users\Gaurav Rathod\Downloads\automation-proposal\raw_data\dataset-downloads\dataset_b-20260908T164438Z-1-001\dataset_b\ses_20260701-180923-NEELA9BAF\chunk_20260701-1800-NEELA9BAF\events.jsonl,1097,20260701-1800-NEELA9BAF,scr_smart_1782929949250_monitor_1_post.jpg | screenshots/scr_smart_1782929949250_monitor_1_post.jpg,True
ses_20260701-180923-NEELA9BAF,6,2026-07-01T18:19:05.713Z,2026-07-01T18:19:37.713Z,2026-07-01T18:19:09.825000+00:00,evt_8d87efe5-3efe-4753-afd3-ed26308a6c51,C:\Users\Gaurav Rathod\Downloads\automation-proposal\raw_data\dataset-downloads\dataset_b-20260908T164438Z-1-001\dataset_b\ses_20260701-180923-NEELA9BAF\chunk_20260701-1800-NEELA9BAF\events.jsonl,1106,20260701-1800-NEELA9BAF,scr_smart_1782929949825_monitor_1_post.jpg | screenshots/scr_smart_1782929949825_monitor_1_post.jpg,True
ses_20260701-180923-NEELA9BAF,6,2026-07-01T18:19:05.713Z,2026-07-01T18:19:37.713Z,2026-07-01T18:19:13.824000+00:00,evt_cc444105-0aba-466c-91c5-3215caaf1c4b,C:\Users\Gaurav Rathod\Downloads\automation-proposal\raw_data\dataset-downloads\dataset_b-20260908T164438Z-1-001\dataset_b\ses_20260701-180923-NEELA9BAF\chunk_20260701-1800-NEELA9BAF\events.jsonl,1108,20260701-1800-NEELA9BAF,scr_smart_1782929953824_monitor_1_post.jpg | screenshots/scr_smart_1782929953824_monitor_1_post.jpg,True
ses_20260701-180923-NEELA9BAF,6,2026-07-01T18:19:05.713Z,2026-07-01T18:19:37.713Z,2026-07-01T18:19:32.660000+00:00,evt_fb1d2ed7-3dbf-4663-bc99-bcd4a2f00470,C:\Users\Gaurav Rathod\Downloads\automation-proposal\raw_data\dataset-downloads\dataset_b-20260908T164438Z-1-001\dataset_b\ses_20260701-180923-NEELA9BAF\chunk_20260701-1800-NEELA9BAF\events.jsonl,1111,20260701-1800-NEELA9BAF,scr_smart_1782929972660_monitor_1_post.jpg | screenshots/scr_smart_1782929972660_monitor_1_post.jpg,True
ses_20260701-180923-NEELA9BAF,7,2026-07-01T18:20:53.713Z,2026-07-01T18:21:05.713Z,2026-07-01T18:20:56.389000+00:00,evt_0bdaf942-0a3b-4a67-b7ca-5868ca48540f,C:\Users\Gaurav Rathod\Downloads\automation-proposal\raw_data\dataset-downloads\dataset_b-20260908T164438Z-1-001\dataset_b\ses_20260701-180923-NEELA9BAF\chunk_20260701-1800-NEELA9BAF\events.jsonl,1254,20260701-1800-NEELA9BAF,scr_smart_1782930056389_monitor_1_post.jpg | screenshots/scr_smart_1782930056389_monitor_1_post.jpg,True
ses_20260701-180923-NEELA9BAF,7,2026-07-01T18:20:53.713Z,2026-07-01T18:21:05.713Z,2026-07-01T18:20:58.375000+00:00,evt_738c03d6-d1d3-4f66-a8bf-88834c8f7497,C:\Users\Gaurav Rathod\Downloads\automation-proposal\raw_data\dataset-downloads\dataset_b-20260908T164438Z-1-001\dataset_b\ses_20260701-180923-NEELA9BAF\chunk_20260701-1800-NEELA9BAF\events.jsonl,1258,20260701-1800-NEELA9BAF,scr_smart_1782930058375_monitor_1_post.jpg | screenshots/scr_smart_1782930058375_monitor_1_post.jpg,True
ses_20260701-180923-NEELA9BAF,7,2026-07-01T18:20:53.713Z,2026-07-01T18:21:05.713Z,2026-07-01T18:20:59.669000+00:00,evt_01ff8ec1-9de8-4048-a1e6-5f77f1c3ff80,C:\Users\Gaurav Rathod\Downloads\automation-proposal\raw_data\dataset-downloads\dataset_b-20260908T164438Z-1-001\dataset_b\ses_20260701-180923-NEELA9BAF\chunk_20260701-1800-NEELA9BAF\events.jsonl,1261,20260701-1800-NEELA9BAF,scr_smart_1782930059669_monitor_1_post.jpg | screenshots/scr_smart_1782930059669_monitor_1_post.jpg,True
ses_20260701-180923-NEELA9BAF,7,2026-07-01T18:20:53.713Z,2026-07-01T18:21:05.713Z,2026-07-01T18:21:00.664000+00:00,evt_b4168663-d751-40d0-9346-157c763790e9,C:\Users\Gaurav Rathod\Downloads\automation-proposal\raw_data\dataset-downloads\dataset_b-20260908T164438Z-1-001\dataset_b\ses_20260701-180923-NEELA9BAF\chunk_20260701-1800-NEELA9BAF\events.jsonl,1268,20260701-1800-NEELA9BAF,scr_smart_1782930060664_monitor_1_post.jpg | screenshots/scr_smart_1782930060664_monitor_1_post.jpg,True
ses_20260701-180923-NEELA9BAF,7,2026-07-01T18:20:53.713Z,2026-07-01T18:21:05.713Z,2026-07-01T18:21:02.962000+00:00,evt_70f5784b-1d94-4d80-b594-1a8f628eb17a,C:\Users\Gaurav Rathod\Downloads\automation-proposal\raw_data\dataset-downloads\dataset_b-20260908T164438Z-1-001\dataset_b\ses_20260701-180923-NEELA9BAF\chunk_20260701-1800-NEELA9BAF\events.jsonl,1271,20260701-1800-NEELA9BAF,scr_smart_1782930062962_monitor_1_post.jpg | screenshots/scr_smart_1782930062962_monitor_1_post.jpg,True
ses_20260701-180923-NEELA9BAF,8,2026-07-01T18:21:05.713Z,2026-07-01T18:21:13.713Z,2026-07-01T18:21:10.099000+00:00,evt_3266a8b5-ff93-4562-b7e9-5575eece394e,C:\Users\Gaurav Rathod\Downloads\automation-proposal\raw_data\dataset-downloads\dataset_b-20260908T164438Z-1-001\dataset_b\ses_20260701-180923-NEELA9BAF\chunk_20260701-1800-NEELA9BAF\events.jsonl,1276,20260701-1800-NEELA9BAF,scr_smart_1782930070099_monitor_1_post.jpg | screenshots/scr_smart_1782930070099_monitor_1_post.jpg,True
ses_20260701-180923-NEELA9BAF,8,2026-07-01T18:21:05.713Z,2026-07-01T18:21:13.713Z,2026-07-01T18:21:11.421000+00:00,evt_33f7e3ea-eb8e-4647-b1f8-af8a61e60ce6,C:\Users\Gaurav Rathod\Downloads\automation-proposal\raw_data\dataset-downloads\dataset_b-20260908T164438Z-1-001\dataset_b\ses_20260701-180923-NEELA9BAF\chunk_20260701-1800-NEELA9BAF\events.jsonl,1279,20260701-1800-NEELA9BAF,scr_smart_1782930071421_monitor_1_post.jpg | screenshots/scr_smart_1782930071421_monitor_1_post.jpg,True
ses_20260701-180923-NEELA9BAF,8,2026-07-01T18:21:05.713Z,2026-07-01T18:21:13.713Z,2026-07-01T18:21:12.421000+00:00,evt_6f83753d-1b30-4430-8aac-a904c1f470e1,C:\Users\Gaurav Rathod\Downloads\automation-proposal\raw_data\dataset-downloads\dataset_b-20260908T164438Z-1-001\dataset_b\ses_20260701-180923-NEELA9BAF\chunk_20260701-1800-NEELA9BAF\events.jsonl,1286,20260701-1800-NEELA9BAF,scr_smart_1782930072421_monitor_1_post.jpg | screenshots/scr_smart_1782930072421_monitor_1_post.jpg,True
ses_20260701-180923-NEELA9BAF,9,2026-07-01T18:21:13.713Z,2026-07-01T18:21:17.713Z,2026-07-01T18:21:14.513000+00:00,evt_2f2c2034-a686-4b84-b7f2-85bff7c7320b,C:\Users\Gaurav Rathod\Downloads\automation-proposal\raw_data\dataset-downloads\dataset_b-20260908T164438Z-1-001\dataset_b\ses_20260701-180923-NEELA9BAF\chunk_20260701-1800-NEELA9BAF\events.jsonl,1289,20260701-1800-NEELA9BAF,scr_smart_1782930074513_monitor_1_post.jpg | screenshots/scr_smart_1782930074513_monitor_1_post.jpg,True
ses_20260701-180923-NEELA9BAF,10,2026-07-01T18:21:17.713Z,2026-07-01T18:21:29.713Z,2026-07-01T18:21:21.428000+00:00,evt_857e8a94-d87e-4be0-8757-4081085efeb1,C:\Users\Gaurav Rathod\Downloads\automation-proposal\raw_data\dataset-downloads\dataset_b-20260908T164438Z-1-001\dataset_b\ses_20260701-180923-NEELA9BAF\chunk_20260701-1800-NEELA9BAF\events.jsonl,1292,20260701-1800-NEELA9BAF,scr_smart_1782930081428_monitor_1_post.jpg | screenshots/scr_smart_1782930081428_monitor_1_post.jpg,True
ses_20260701-180923-NEELA9BAF,10,2026-07-01T18:21:17.713Z,2026-07-01T18:21:29.713Z,2026-07-01T18:21:21.923000+00:00,evt_04842682-fcf8-4c50-ae6a-e890d5291629,C:\Users\Gaurav Rathod\Downloads\automation-proposal\raw_data\dataset-downloads\dataset_b-20260908T164438Z-1-001\dataset_b\ses_20260701-180923-NEELA9BAF\chunk_20260701-1800-NEELA9BAF\events.jsonl,1295,20260701-1800-NEELA9BAF,scr_smart_1782930081923_monitor_1_post.jpg | screenshots/scr_smart_1782930081923_monitor_1_post.jpg,True
ses_20260701-180923-NEELA9BAF,10,2026-07-01T18:21:17.713Z,2026-07-01T18:21:29.713Z,2026-07-01T18:21:23.620000+00:00,evt_8027fbae-a8d1-494d-a6da-b189681ade8d,C:\Users\Gaurav Rathod\Downloads\automation-proposal\raw_data\dataset-downloads\dataset_b-20260908T164438Z-1-001\dataset_b\ses_20260701-180923-NEELA9BAF\chunk_20260701-1800-NEELA9BAF\events.jsonl,1298,20260701-1800-NEELA9BAF,scr_smart_1782930083620_monitor_1_post.jpg | screenshots/scr_smart_1782930083620_monitor_1_post.jpg,True
ses_20260701-180923-NEELA9BAF,10,2026-07-01T18:21:17.713Z,2026-07-01T18:21:29.713Z,2026-07-01T18:21:28.275000+00:00,evt_f3e0dcf5-e207-465f-a83f-2b45e871163a,C:\Users\Gaurav Rathod\Downloads\automation-proposal\raw_data\dataset-downloads\dataset_b-20260908T164438Z-1-001\dataset_b\ses_20260701-180923-NEELA9BAF\chunk_20260701-1800-NEELA9BAF\events.jsonl,1301,20260701-1800-NEELA9BAF,scr_smart_1782930088275_monitor_1_post.jpg | screenshots/scr_smart_1782930088275_monitor_1_post.jpg,True
ses_20260701-180923-NEELA9BAF,11,2026-07-01T18:21:29.713Z,2026-07-01T18:21:33.713Z,2026-07-01T18:21:30.803000+00:00,evt_0387cfbc-d041-4250-855f-bb8087c592e9,C:\Users\Gaurav Rathod\Downloads\automation-proposal\raw_data\dataset-downloads\dataset_b-20260908T164438Z-1-001\dataset_b\ses_20260701-180923-NEELA9BAF\chunk_20260701-1800-NEELA9BAF\events.jsonl,1309,20260701-1800-NEELA9BAF,scr_smart_1782930090803_monitor_1_post.jpg | screenshots/scr_smart_1782930090803_monitor_1_post.jpg,True
ses_20260701-180923-NEELA9BAF,12,2026-07-01T18:21:33.713Z,2026-07-01T18:21:41.713Z,2026-07-01T18:21:38.852000+00:00,evt_7cc925cc-ebbc-4fec-bb84-e2e61360e9c5,C:\Users\Gaurav Rathod\Downloads\automation-proposal\raw_data\dataset-downloads\dataset_b-20260908T164438Z-1-001\dataset_b\ses_20260701-180923-NEELA9BAF\chunk_20260701-1800-NEELA9BAF\events.jsonl,1312,20260701-1800-NEELA9BAF,scr_smart_1782930098852_monitor_1_post.jpg | screenshots/scr_smart_1782930098852_monitor_1_post.jpg,True
ses_20260701-180923-NEELA9BAF,12,2026-07-01T18:21:33.713Z,2026-07-01T18:21:41.713Z,2026-07-01T18:21:39.444000+00:00,evt_286c042f-9b5e-434f-9bb4-c8a79a1e648c,C:\Users\Gaurav Rathod\Downloads\automation-proposal\raw_data\dataset-downloads\dataset_b-20260908T164438Z-1-001\dataset_b\ses_20260701-180923-NEELA9BAF\chunk_20260701-1800-NEELA9BAF\events.jsonl,1315,20260701-1800-NEELA9BAF,scr_smart_1782930099444_monitor_1_post.jpg | screenshots/scr_smart_1782930099444_monitor_1_post.jpg,True
ses_20260701-180923-NEELA9BAF,12,2026-07-01T18:21:33.713Z,2026-07-01T18:21:41.713Z,2026-07-01T18:21:40.728000+00:00,evt_8a968569-b1c7-4fd6-926e-c7e761c8287c,C:\Users\Gaurav Rathod\Downloads\automation-proposal\raw_data\dataset-downloads\dataset_b-20260908T164438Z-1-001\dataset_b\ses_20260701-180923-NEELA9BAF\chunk_20260701-1800-NEELA9BAF\events.jsonl,1318,20260701-1800-NEELA9BAF,scr_smart_1782930100728_monitor_1_post.jpg | screenshots/scr_smart_1782930100728_monitor_1_post.jpg,True
ses_20260701-180923-NEELA9BAF,13,2026-07-01T18:21:41.713Z,2026-07-01T18:22:03.575Z,2026-07-01T18:21:41.728000+00:00,evt_e577fa2e-99ef-479b-b614-6349feea42e8,C:\Users\Gaurav Rathod\Downloads\automation-proposal\raw_data\dataset-downloads\dataset_b-20260908T164438Z-1-001\dataset_b\ses_20260701-180923-NEELA9BAF\chunk_20260701-1800-NEELA9BAF\events.jsonl,1325,20260701-1800-NEELA9BAF,scr_smart_1782930101728_monitor_1_post.jpg | screenshots/scr_smart_1782930101728_monitor_1_post.jpg,True
ses_20260701-180923-NEELA9BAF,13,2026-07-01T18:21:41.713Z,2026-07-01T18:22:03.575Z,2026-07-01T18:21:44.007000+00:00,evt_f7720e04-b243-4004-9589-ea2a0e08cc4c,C:\Users\Gaurav Rathod\Downloads\automation-proposal\raw_data\dataset-downloads\dataset_b-20260908T164438Z-1-001\dataset_b\ses_20260701-180923-NEELA9BAF\chunk_20260701-1800-NEELA9BAF\events.jsonl,1328,20260701-1800-NEELA9BAF,scr_smart_1782930104007_monitor_1_post.jpg | screenshots/scr_smart_1782930104007_monitor_1_post.jpg,True
ses_20260701-180923-NEELA9BAF,13,2026-07-01T18:21:41.713Z,2026-07-01T18:22:03.575Z,2026-07-01T18:21:46.006000+00:00,evt_658c3960-5a2d-4684-bbdc-86f0b1e8361f,C:\Users\Gaurav Rathod\Downloads\automation-proposal\raw_data\dataset-downloads\dataset_b-20260908T164438Z-1-001\dataset_b\ses_20260701-180923-NEELA9BAF\chunk_20260701-1800-NEELA9BAF\events.jsonl,1331,20260701-1800-NEELA9BAF,scr_smart_1782930106006_monitor_1_post.jpg | screenshots/scr_smart_1782930106006_monitor_1_post.jpg,True
ses_20260701-180923-NEELA9BAF,13,2026-07-01T18:21:41.713Z,2026-07-01T18:22:03.575Z,2026-07-01T18:21:49.937000+00:00,evt_ed0be87e-51de-4008-85f2-dae884ab9898,C:\Users\Gaurav Rathod\Downloads\automation-proposal\raw_data\dataset-downloads\dataset_b-20260908T164438Z-1-001\dataset_b\ses_20260701-180923-NEELA9BAF\chunk_20260701-1800-NEELA9BAF\events.jsonl,1333,20260701-1800-NEELA9BAF,scr_smart_1782930109937_monitor_1_post.jpg | screenshots/scr_smart_1782930109937_monitor_1_post.jpg,True
ses_20260701-180923-NEELA9BAF,13,2026-07-01T18:21:41.713Z,2026-07-01T18:22:03.575Z,2026-07-01T18:21:50.511000+00:00,evt_fd34494d-d878-44c1-bf4a-b9b3b08ef391,C:\Users\Gaurav Rathod\Downloads\automation-proposal\raw_data\dataset-downloads\dataset_b-20260908T164438Z-1-001\dataset_b\ses_20260701-180923-NEELA9BAF\chunk_20260701-1800-NEELA9BAF\events.jsonl,1335,20260701-1800-NEELA9BAF,scr_smart_1782930110511_monitor_1_post.jpg | screenshots/scr_smart_1782930110511_monitor_1_post.jpg,True
ses_20260701-180923-NEELA9BAF,13,2026-07-01T18:21:41.713Z,2026-07-01T18:22:03.575Z,2026-07-01T18:21:50.986000+00:00,evt_1fed2baf-be04-4db1-9ab0-98e6c94db3ad,C:\Users\Gaurav Rathod\Downloads\automation-proposal\raw_data\dataset-downloads\dataset_b-20260908T164438Z-1-001\dataset_b\ses_20260701-180923-NEELA9BAF\chunk_20260701-1800-NEELA9BAF\events.jsonl,1337,20260701-1800-NEELA9BAF,scr_smart_1782930110986_monitor_1_post.jpg | screenshots/scr_smart_1782930110986_monitor_1_post.jpg,True
ses_20260701-180923-NEELA9BAF,13,2026-07-01T18:21:41.713Z,2026-07-01T18:22:03.575Z,2026-07-01T18:21:52.585000+00:00,evt_2c8e0e3b-6493-48c6-8b1d-938eb2de3eef,C:\Users\Gaurav Rathod\Downloads\automation-proposal\raw_data\dataset-downloads\dataset_b-20260908T164438Z-1-001\dataset_b\ses_20260701-180923-NEELA9BAF\chunk_20260701-1800-NEELA9BAF\events.jsonl,1343,20260701-1800-NEELA9BAF,scr_smart_1782930112585_monitor_1_post.jpg | screenshots/scr_smart_1782930112585_monitor_1_post.jpg,True
ses_20260701-180923-NEELA9BAF,13,2026-07-01T18:21:41.713Z,2026-07-01T18:22:03.575Z,2026-07-01T18:21:59.577000+00:00,evt_ec676170-c694-4f18-be09-9096d4d98877,C:\Users\Gaurav Rathod\Downloads\automation-proposal\raw_data\dataset-downloads\dataset_b-20260908T164438Z-1-001\dataset_b\ses_20260701-180923-NEELA9BAF\chunk_20260701-1800-NEELA9BAF\events.jsonl,1345,20260701-1800-NEELA9BAF,scr_smart_1782930119577_monitor_1_post.jpg | screenshots/scr_smart_1782930119577_monitor_1_post.jpg,True
ses_20260701-180923-NEELA9BAF,13,2026-07-01T18:21:41.713Z,2026-07-01T18:22:03.575Z,2026-07-01T18:22:00.618000+00:00,evt_19c721ac-7e41-40cc-83aa-27b29303da15,C:\Users\Gaurav Rathod\Downloads\automation-proposal\raw_data\dataset-downloads\dataset_b-20260908T164438Z-1-001\dataset_b\ses_20260701-180923-NEELA9BAF\chunk_20260701-1800-NEELA9BAF\events.jsonl,1348,20260701-1800-NEELA9BAF,scr_smart_1782930120618_monitor_1_post.jpg | screenshots/scr_smart_1782930120618_monitor_1_post.jpg,True
ses_20260701-181413-LAPTOP-76QMG9DE,1,2026-07-01T18:19:37.186Z,2026-07-01T18:20:07.186Z,2026-07-01T18:19:38.014000+00:00,evt_7572cbc6-4397-4671-b8a7-babe0e8cd7ec,C:\Users\Gaurav Rathod\Downloads\automation-proposal\raw_data\dataset-downloads\dataset_b-20260908T164438Z-1-001\dataset_b\ses_20260701-181413-LAPTOP-76QMG9DE\chunk_20260701-1800-LAPTOP-76QMG9DE\events.jsonl,651,20260701-1800-LAPTOP-76QMG9DE,scr_smart_1782929978014_monitor_1_post.jpg | screenshots/scr_smart_1782929978014_monitor_1_post.jpg,True
ses_20260701-181413-LAPTOP-76QMG9DE,1,2026-07-01T18:19:37.186Z,2026-07-01T18:20:07.186Z,2026-07-01T18:19:39.045000+00:00,evt_eae2e358-02d5-49a3-9b1a-dea11e41300b,C:\Users\Gaurav Rathod\Downloads\automation-proposal\raw_data\dataset-downloads\dataset_b-20260908T164438Z-1-001\dataset_b\ses_20260701-181413-LAPTOP-76QMG9DE\chunk_20260701-1800-LAPTOP-76QMG9DE\events.jsonl,655,20260701-1800-LAPTOP-76QMG9DE,scr_smart_1782929979045_monitor_1_post.jpg | screenshots/scr_smart_1782929979045_monitor_1_post.jpg,True
ses_20260701-181413-LAPTOP-76QMG9DE,1,2026-07-01T18:19:37.186Z,2026-07-01T18:20:07.186Z,2026-07-01T18:19:44.305000+00:00,evt_d5547334-b68c-41af-b656-17c72f0c24de,C:\Users\Gaurav Rathod\Downloads\automation-proposal\raw_data\dataset-downloads\dataset_b-20260908T164438Z-1-001\dataset_b\ses_20260701-181413-LAPTOP-76QMG9DE\chunk_20260701-1800-LAPTOP-76QMG9DE\events.jsonl,658,20260701-1800-LAPTOP-76QMG9DE,scr_smart_1782929984305_monitor_1_post.jpg | screenshots/scr_smart_1782929984305_monitor_1_post.jpg,True
ses_20260701-181413-LAPTOP-76QMG9DE,1,2026-07-01T18:19:37.186Z,2026-07-01T18:20:07.186Z,2026-07-01T18:19:48.958000+00:00,evt_c0ebdad7-78cb-4161-ba52-0cb78ac92da3,C:\Users\Gaurav Rathod\Downloads\automation-proposal\raw_data\dataset-downloads\dataset_b-20260908T164438Z-1-001\dataset_b\ses_20260701-181413-LAPTOP-76QMG9DE\chunk_20260701-1800-LAPTOP-76QMG9DE\events.jsonl,662,20260701-1800-LAPTOP-76QMG9DE,scr_smart_1782929988958_monitor_1_post.jpg | screenshots/scr_smart_1782929988958_monitor_1_post.jpg,True
ses_20260701-181413-LAPTOP-76QMG9DE,1,2026-07-01T18:19:37.186Z,2026-07-01T18:20:07.186Z,2026-07-01T18:19:49.484000+00:00,evt_20a98b51-ee69-43ba-8690-5bd2c9f9385c,C:\Users\Gaurav Rathod\Downloads\automation-proposal\raw_data\dataset-downloads\dataset_b-20260908T164438Z-1-001\dataset_b\ses_20260701-181413-LAPTOP-76QMG9DE\chunk_20260701-1800-LAPTOP-76QMG9DE\events.jsonl,676,20260701-1800-LAPTOP-76QMG9DE,scr_smart_1782929989484_monitor_1_post.jpg | screenshots/scr_smart_1782929989484_monitor_1_post.jpg,True
ses_20260701-181413-LAPTOP-76QMG9DE,1,2026-07-01T18:19:37.186Z,2026-07-01T18:20:07.186Z,2026-07-01T18:19:50.113000+00:00,evt_e38195f3-9fdd-4c67-9475-09b400fddddd,C:\Users\Gaurav Rathod\Downloads\automation-proposal\raw_data\dataset-downloads\dataset_b-20260908T164438Z-1-001\dataset_b\ses_20260701-181413-LAPTOP-76QMG9DE\chunk_20260701-1800-LAPTOP-76QMG9DE\events.jsonl,686,20260701-1800-LAPTOP-76QMG9DE,scr_smart_1782929990113_monitor_1_post.jpg | screenshots/scr_smart_1782929990113_monitor_1_post.jpg,True
ses_20260701-181413-LAPTOP-76QMG9DE,1,2026-07-01T18:19:37.186Z,2026-07-01T18:20:07.186Z,2026-07-01T18:19:51.354000+00:00,evt_050d8112-3cf0-40b0-a848-23a3b62ce147,C:\Users\Gaurav Rathod\Downloads\automation-proposal\raw_data\dataset-downloads\dataset_b-20260908T164438Z-1-001\dataset_b\ses_20260701-181413-LAPTOP-76QMG9DE\chunk_20260701-1800-LAPTOP-76QMG9DE\events.jsonl,690,20260701-1800-LAPTOP-76QMG9DE,scr_smart_1782929991354_monitor_1_post.jpg | screenshots/scr_smart_1782929991354_monitor_1_post.jpg,True
ses_20260701-181413-LAPTOP-76QMG9DE,1,2026-07-01T18:19:37.186Z,2026-07-01T18:20:07.186Z,2026-07-01T18:19:52.995000+00:00,evt_65e322c1-fc5a-46ee-839f-05d69a772436,C:\Users\Gaurav Rathod\Downloads\automation-proposal\raw_data\dataset-downloads\dataset_b-20260908T164438Z-1-001\dataset_b\ses_20260701-181413-LAPTOP-76QMG9DE\chunk_20260701-1800-LAPTOP-76QMG9DE\events.jsonl,695,20260701-1800-LAPTOP-76QMG9DE,scr_smart_1782929992995_monitor_1_post.jpg | screenshots/scr_smart_1782929992995_monitor_1_post.jpg,True
ses_20260701-181413-LAPTOP-76QMG9DE,1,2026-07-01T18:19:37.186Z,2026-07-01T18:20:07.186Z,2026-07-01T18:19:53.523000+00:00,evt_5dd9b356-8373-41a0-8438-4d200cb9b0b2,C:\Users\Gaurav Rathod\Downloads\automation-proposal\raw_data\dataset-downloads\dataset_b-20260908T164438Z-1-001\dataset_b\ses_20260701-181413-LAPTOP-76QMG9DE\chunk_20260701-1800-LAPTOP-76QMG9DE\events.jsonl,698,20260701-1800-LAPTOP-76QMG9DE,scr_smart_1782929993523_monitor_1_post.jpg | screenshots/scr_smart_1782929993523_monitor_1_post.jpg,True
ses_20260701-181413-LAPTOP-76QMG9DE,1,2026-07-01T18:19:37.186Z,2026-07-01T18:20:07.186Z,2026-07-01T18:19:54.045000+00:00,evt_57e9bdbe-b0ed-4546-bcd5-1be011fe85c3,C:\Users\Gaurav Rathod\Downloads\automation-proposal\raw_data\dataset-downloads\dataset_b-20260908T164438Z-1-001\dataset_b\ses_20260701-181413-LAPTOP-76QMG9DE\chunk_20260701-1800-LAPTOP-76QMG9DE\events.jsonl,700,20260701-1800-LAPTOP-76QMG9DE,scr_smart_1782929994045_monitor_1_post.jpg | screenshots/scr_smart_1782929994045_monitor_1_post.jpg,True
ses_20260701-181413-LAPTOP-76QMG9DE,1,2026-07-01T18:19:37.186Z,2026-07-01T18:20:07.186Z,2026-07-01T18:19:55.783000+00:00,evt_d2d36fe9-5069-4a79-8b42-b01f4bee2ab8,C:\Users\Gaurav Rathod\Downloads\automation-proposal\raw_data\dataset-downloads\dataset_b-20260908T164438Z-1-001\dataset_b\ses_20260701-181413-LAPTOP-76QMG9DE\chunk_20260701-1800-LAPTOP-76QMG9DE\events.jsonl,702,20260701-1800-LAPTOP-76QMG9DE,scr_smart_1782929995783_monitor_1_post.jpg | screenshots/scr_smart_1782929995783_monitor_1_post.jpg,True
ses_20260701-181413-LAPTOP-76QMG9DE,1,2026-07-01T18:19:37.186Z,2026-07-01T18:20:07.186Z,2026-07-01T18:19:58.826000+00:00,evt_8836065f-af43-47ce-83da-2a28a3858b89,C:\Users\Gaurav Rathod\Downloads\automation-proposal\raw_data\dataset-downloads\dataset_b-20260908T164438Z-1-001\dataset_b\ses_20260701-181413-LAPTOP-76QMG9DE\chunk_20260701-1800-LAPTOP-76QMG9DE\events.jsonl,710,20260701-1800-LAPTOP-76QMG9DE,scr_smart_1782929998826_monitor_1_post.jpg | screenshots/scr_smart_1782929998826_monitor_1_post.jpg,True
ses_20260701-181413-LAPTOP-76QMG9DE,1,2026-07-01T18:19:37.186Z,2026-07-01T18:20:07.186Z,2026-07-01T18:20:02.579000+00:00,evt_fc466030-fa1e-4367-94c9-707dac4dcd4a,C:\Users\Gaurav Rathod\Downloads\automation-proposal\raw_data\dataset-downloads\dataset_b-20260908T164438Z-1-001\dataset_b\ses_20260701-181413-LAPTOP-76QMG9DE\chunk_20260701-1800-LAPTOP-76QMG9DE\events.jsonl,712,20260701-1800-LAPTOP-76QMG9DE,scr_smart_1782930002579_monitor_1_post.jpg | screenshots/scr_smart_1782930002579_monitor_1_post.jpg,True
ses_20260701-181413-LAPTOP-76QMG9DE,1,2026-07-01T18:19:37.186Z,2026-07-01T18:20:07.186Z,2026-07-01T18:20:03.110000+00:00,evt_caa44b79-8215-45ed-8850-d3366ebad524,C:\Users\Gaurav Rathod\Downloads\automation-proposal\raw_data\dataset-downloads\dataset_b-20260908T164438Z-1-001\dataset_b\ses_20260701-181413-LAPTOP-76QMG9DE\chunk_20260701-1800-LAPTOP-76QMG9DE\events.jsonl,714,20260701-1800-LAPTOP-76QMG9DE,scr_smart_1782930003110_monitor_1_post.jpg | screenshots/scr_smart_1782930003110_monitor_1_post.jpg,True
ses_20260701-181413-LAPTOP-76QMG9DE,1,2026-07-01T18:19:37.186Z,2026-07-01T18:20:07.186Z,2026-07-01T18:20:03.638000+00:00,evt_f207cb88-4488-4a37-9718-88f8c4c30eb8,C:\Users\Gaurav Rathod\Downloads\automation-proposal\raw_data\dataset-downloads\dataset_b-20260908T164438Z-1-001\dataset_b\ses_20260701-181413-LAPTOP-76QMG9DE\chunk_20260701-1800-LAPTOP-76QMG9DE\events.jsonl,720,20260701-1800-LAPTOP-76QMG9DE,scr_smart_1782930003638_monitor_1_post.jpg | screenshots/scr_smart_1782930003638_monitor_1_post.jpg,True
ses_20260701-181413-LAPTOP-76QMG9DE,1,2026-07-01T18:19:37.186Z,2026-07-01T18:20:07.186Z,2026-07-01T18:20:05.875000+00:00,evt_2425a5c5-d423-4ad4-b662-2ee274af127b,C:\Users\Gaurav Rathod\Downloads\automation-proposal\raw_data\dataset-downloads\dataset_b-20260908T164438Z-1-001\dataset_b\ses_20260701-181413-LAPTOP-76QMG9DE\chunk_20260701-1800-LAPTOP-76QMG9DE\events.jsonl,723,20260701-1800-LAPTOP-76QMG9DE,scr_smart_1782930005875_monitor_1_post.jpg | screenshots/scr_smart_1782930005875_monitor_1_post.jpg,True
ses_20260701-181413-LAPTOP-76QMG9DE,2,2026-07-01T18:20:07.186Z,2026-07-01T18:20:47.186Z,2026-07-01T18:20:09.217000+00:00,evt_3c2d1f0b-7cde-4b27-8cf9-7c7ece9ceb30,C:\Users\Gaurav Rathod\Downloads\automation-proposal\raw_data\dataset-downloads\dataset_b-20260908T164438Z-1-001\dataset_b\ses_20260701-181413-LAPTOP-76QMG9DE\chunk_20260701-1800-LAPTOP-76QMG9DE\events.jsonl,726,20260701-1800-LAPTOP-76QMG9DE,scr_smart_1782930009217_monitor_1_post.jpg | screenshots/scr_smart_1782930009217_monitor_1_post.jpg,True
ses_20260701-181413-LAPTOP-76QMG9DE,2,2026-07-01T18:20:07.186Z,2026-07-01T18:20:47.186Z,2026-07-01T18:20:11.355000+00:00,evt_ad124a5b-0e40-45db-adab-96b56200d4ea,C:\Users\Gaurav Rathod\Downloads\automation-proposal\raw_data\dataset-downloads\dataset_b-20260908T164438Z-1-001\dataset_b\ses_20260701-181413-LAPTOP-76QMG9DE\chunk_20260701-1800-LAPTOP-76QMG9DE\events.jsonl,730,20260701-1800-LAPTOP-76QMG9DE,scr_smart_1782930011355_monitor_1_post.jpg | screenshots/scr_smart_1782930011355_monitor_1_post.jpg,True
ses_20260701-181413-LAPTOP-76QMG9DE,2,2026-07-01T18:20:07.186Z,2026-07-01T18:20:47.186Z,2026-07-01T18:20:15.914000+00:00,evt_7d8fb7c8-f801-4e24-baee-ad3ef3f0cf1b,C:\Users\Gaurav Rathod\Downloads\automation-proposal\raw_data\dataset-downloads\dataset_b-20260908T164438Z-1-001\dataset_b\ses_20260701-181413-LAPTOP-76QMG9DE\chunk_20260701-1800-LAPTOP-76QMG9DE\events.jsonl,732,20260701-1800-LAPTOP-76QMG9DE,scr_smart_1782930015914_monitor_1_post.jpg | screenshots/scr_smart_1782930015914_monitor_1_post.jpg,True
ses_20260701-181413-LAPTOP-76QMG9DE,2,2026-07-01T18:20:07.186Z,2026-07-01T18:20:47.186Z,2026-07-01T18:20:16.947000+00:00,evt_f8aa7d9d-d3da-4b82-896e-743545586ac5,C:\Users\Gaurav Rathod\Downloads\automation-proposal\raw_data\dataset-downloads\dataset_b-20260908T164438Z-1-001\dataset_b\ses_20260701-181413-LAPTOP-76QMG9DE\chunk_20260701-1800-LAPTOP-76QMG9DE\events.jsonl,736,20260701-1800-LAPTOP-76QMG9DE,scr_smart_1782930016947_monitor_1_post.jpg | screenshots/scr_smart_1782930016947_monitor_1_post.jpg,True
ses_20260701-181413-LAPTOP-76QMG9DE,2,2026-07-01T18:20:07.186Z,2026-07-01T18:20:47.186Z,2026-07-01T18:20:19.283000+00:00,evt_c7869997-ad14-4c15-81b1-4899237ab92a,C:\Users\Gaurav Rathod\Downloads\automation-proposal\raw_data\dataset-downloads\dataset_b-20260908T164438Z-1-001\dataset_b\ses_20260701-181413-LAPTOP-76QMG9DE\chunk_20260701-1800-LAPTOP-76QMG9DE\events.jsonl,742,20260701-1800-LAPTOP-76QMG9DE,scr_smart_1782930019283_monitor_1_post.jpg | screenshots/scr_smart_1782930019283_monitor_1_post.jpg,True
ses_20260701-181413-LAPTOP-76QMG9DE,2,2026-07-01T18:20:07.186Z,2026-07-01T18:20:47.186Z,2026-07-01T18:20:21.828000+00:00,evt_d176447e-43a3-461c-add6-c230d510f884,C:\Users\Gaurav Rathod\Downloads\automation-proposal\raw_data\dataset-downloads\dataset_b-20260908T164438Z-1-001\dataset_b\ses_20260701-181413-LAPTOP-76QMG9DE\chunk_20260701-1800-LAPTOP-76QMG9DE\events.jsonl,745,20260701-1800-LAPTOP-76QMG9DE,scr_smart_1782930021828_monitor_1_post.jpg | screenshots/scr_smart_1782930021828_monitor_1_post.jpg,True
ses_20260701-181413-LAPTOP-76QMG9DE,2,2026-07-01T18:20:07.186Z,2026-07-01T18:20:47.186Z,2026-07-01T18:20:27.183000+00:00,evt_062e971d-bc32-47f3-822b-2bf0ec260011,C:\Users\Gaurav Rathod\Downloads\automation-proposal\raw_data\dataset-downloads\dataset_b-20260908T164438Z-1-001\dataset_b\ses_20260701-181413-LAPTOP-76QMG9DE\chunk_20260701-1800-LAPTOP-76QMG9DE\events.jsonl,749,20260701-1800-LAPTOP-76QMG9DE,scr_smart_1782930027183_monitor_1_post.jpg | screenshots/scr_smart_1782930027183_monitor_1_post.jpg,True
ses_20260701-181413-LAPTOP-76QMG9DE,2,2026-07-01T18:20:07.186Z,2026-07-01T18:20:47.186Z,2026-07-01T18:20:27.711000+00:00,evt_e0f51392-a01e-428f-bb3e-c45535715cfe,C:\Users\Gaurav Rathod\Downloads\automation-proposal\raw_data\dataset-downloads\dataset_b-20260908T164438Z-1-001\dataset_b\ses_20260701-181413-LAPTOP-76QMG9DE\chunk_20260701-1800-LAPTOP-76QMG9DE\events.jsonl,763,20260701-1800-LAPTOP-76QMG9DE,scr_smart_1782930027711_monitor_1_post.jpg | screenshots/scr_smart_1782930027711_monitor_1_post.jpg,True
ses_20260701-181413-LAPTOP-76QMG9DE,2,2026-07-01T18:20:07.186Z,2026-07-01T18:20:47.186Z,2026-07-01T18:20:28.341000+00:00,evt_6cd0e38a-2c54-4ece-8327-1a39b4a76689,C:\Users\Gaurav Rathod\Downloads\automation-proposal\raw_data\dataset-downloads\dataset_b-20260908T164438Z-1-001\dataset_b\ses_20260701-181413-LAPTOP-76QMG9DE\chunk_20260701-1800-LAPTOP-76QMG9DE\events.jsonl,773,20260701-1800-LAPTOP-76QMG9DE,scr_smart_1782930028341_monitor_1_post.jpg | screenshots/scr_smart_1782930028341_monitor_1_post.jpg,True
ses_20260701-181413-LAPTOP-76QMG9DE,2,2026-07-01T18:20:07.186Z,2026-07-01T18:20:47.186Z,2026-07-01T18:20:29.476000+00:00,evt_e469eb93-0d17-4c5b-a977-913476de39ee,C:\Users\Gaurav Rathod\Downloads\automation-proposal\raw_data\dataset-downloads\dataset_b-20260908T164438Z-1-001\dataset_b\ses_20260701-181413-LAPTOP-76QMG9DE\chunk_20260701-1800-LAPTOP-76QMG9DE\events.jsonl,777,20260701-1800-LAPTOP-76QMG9DE,scr_smart_1782930029476_monitor_1_post.jpg | screenshots/scr_smart_1782930029476_monitor_1_post.jpg,True
ses_20260701-181413-LAPTOP-76QMG9DE,2,2026-07-01T18:20:07.186Z,2026-07-01T18:20:47.186Z,2026-07-01T18:20:30.811000+00:00,evt_54de3129-74b9-46f8-b22e-55ad69ed903d,C:\Users\Gaurav Rathod\Downloads\automation-proposal\raw_data\dataset-downloads\dataset_b-20260908T164438Z-1-001\dataset_b\ses_20260701-181413-LAPTOP-76QMG9DE\chunk_20260701-1800-LAPTOP-76QMG9DE\events.jsonl,782,20260701-1800-LAPTOP-76QMG9DE,scr_smart_1782930030811_monitor_1_post.jpg | screenshots/scr_smart_1782930030811_monitor_1_post.jpg,True
ses_20260701-181413-LAPTOP-76QMG9DE,2,2026-07-01T18:20:07.186Z,2026-07-01T18:20:47.186Z,2026-07-01T18:20:31.341000+00:00,evt_e3c964d5-9487-415c-bceb-84865770e523,C:\Users\Gaurav Rathod\Downloads\automation-proposal\raw_data\dataset-downloads\dataset_b-20260908T164438Z-1-001\dataset_b\ses_20260701-181413-LAPTOP-76QMG9DE\chunk_20260701-1800-LAPTOP-76QMG9DE\events.jsonl,785,20260701-1800-LAPTOP-76QMG9DE,scr_smart_1782930031341_monitor_1_post.jpg | screenshots/scr_smart_1782930031341_monitor_1_post.jpg,True
ses_20260701-181413-LAPTOP-76QMG9DE,2,2026-07-01T18:20:07.186Z,2026-07-01T18:20:47.186Z,2026-07-01T18:20:33.880000+00:00,evt_b3d48fab-1121-4f8c-8ef4-f4ee720bdcc6,C:\Users\Gaurav Rathod\Downloads\automation-proposal\raw_data\dataset-downloads\dataset_b-20260908T164438Z-1-001\dataset_b\ses_20260701-181413-LAPTOP-76QMG9DE\chunk_20260701-1800-LAPTOP-76QMG9DE\events.jsonl,787,20260701-1800-LAPTOP-76QMG9DE,scr_smart_1782930033880_monitor_1_post.jpg | screenshots/scr_smart_1782930033880_monitor_1_post.jpg,True
ses_20260701-181413-LAPTOP-76QMG9DE,2,2026-07-01T18:20:07.186Z,2026-07-01T18:20:47.186Z,2026-07-01T18:20:35.719000+00:00,evt_84e5af9d-c699-4f58-9784-1fb0a8e662a2,C:\Users\Gaurav Rathod\Downloads\automation-proposal\raw_data\dataset-downloads\dataset_b-20260908T164438Z-1-001\dataset_b\ses_20260701-181413-LAPTOP-76QMG9DE\chunk_20260701-1800-LAPTOP-76QMG9DE\events.jsonl,791,20260701-1800-LAPTOP-76QMG9DE,scr_smart_1782930035719_monitor_1_post.jpg | screenshots/scr_smart_1782930035719_monitor_1_post.jpg,True
ses_20260701-181413-LAPTOP-76QMG9DE,2,2026-07-01T18:20:07.186Z,2026-07-01T18:20:47.186Z,2026-07-01T18:20:36.552000+00:00,evt_1ff6a9b3-af18-4812-b3f7-1450d29baee7,C:\Users\Gaurav Rathod\Downloads\automation-proposal\raw_data\dataset-downloads\dataset_b-20260908T164438Z-1-001\dataset_b\ses_20260701-181413-LAPTOP-76QMG9DE\chunk_20260701-1800-LAPTOP-76QMG9DE\events.jsonl,798,20260701-1800-LAPTOP-76QMG9DE,scr_smart_1782930036552_monitor_1_post.jpg | screenshots/scr_smart_1782930036552_monitor_1_post.jpg,True
ses_20260701-181413-LAPTOP-76QMG9DE,2,2026-07-01T18:20:07.186Z,2026-07-01T18:20:47.186Z,2026-07-01T18:20:38.687000+00:00,evt_5a199968-b38b-4af0-a824-4ba326bf6dbb,C:\Users\Gaurav Rathod\Downloads\automation-proposal\raw_data\dataset-downloads\dataset_b-20260908T164438Z-1-001\dataset_b\ses_20260701-181413-LAPTOP-76QMG9DE\chunk_20260701-1800-LAPTOP-76QMG9DE\events.jsonl,801,20260701-1800-LAPTOP-76QMG9DE,scr_smart_1782930038687_monitor_1_post.jpg | screenshots/scr_smart_1782930038687_monitor_1_post.jpg,True
ses_20260701-181413-LAPTOP-76QMG9DE,2,2026-07-01T18:20:07.186Z,2026-07-01T18:20:47.186Z,2026-07-01T18:20:42.636000+00:00,evt_e2c885bd-b07d-4ebf-991d-e386a1c39653,C:\Users\Gaurav Rathod\Downloads\automation-proposal\raw_data\dataset-downloads\dataset_b-20260908T164438Z-1-001\dataset_b\ses_20260701-181413-LAPTOP-76QMG9DE\chunk_20260701-1800-LAPTOP-76QMG9DE\events.jsonl,804,20260701-1800-LAPTOP-76QMG9DE,scr_smart_1782930042636_monitor_1_post.jpg | screenshots/scr_smart_1782930042636_monitor_1_post.jpg,True
ses_20260701-181413-LAPTOP-76QMG9DE,2,2026-07-01T18:20:07.186Z,2026-07-01T18:20:47.186Z,2026-07-01T18:20:44.467000+00:00,evt_748c78e4-b155-4fa8-99f5-d9338e5969ce,C:\Users\Gaurav Rathod\Downloads\automation-proposal\raw_data\dataset-downloads\dataset_b-20260908T164438Z-1-001\dataset_b\ses_20260701-181413-LAPTOP-76QMG9DE\chunk_20260701-1800-LAPTOP-76QMG9DE\events.jsonl,809,20260701-1800-LAPTOP-76QMG9DE,scr_smart_1782930044467_monitor_1_post.jpg | screenshots/scr_smart_1782930044467_monitor_1_post.jpg,True
ses_20260701-181413-LAPTOP-76QMG9DE,2,2026-07-01T18:20:07.186Z,2026-07-01T18:20:47.186Z,2026-07-01T18:20:45.400000+00:00,evt_ba1a3564-f1ff-4996-ad11-8cadcad67747,C:\Users\Gaurav Rathod\Downloads\automation-proposal\raw_data\dataset-downloads\dataset_b-20260908T164438Z-1-001\dataset_b\ses_20260701-181413-LAPTOP-76QMG9DE\chunk_20260701-1800-LAPTOP-76QMG9DE\events.jsonl,816,20260701-1800-LAPTOP-76QMG9DE,scr_smart_1782930045400_monitor_1_post.jpg | screenshots/scr_smart_1782930045400_monitor_1_post.jpg,True
ses_20260701-181413-LAPTOP-76QMG9DE,3,2026-07-01T18:20:47.186Z,2026-07-01T18:20:53.186Z,2026-07-01T18:20:47.539000+00:00,evt_994d94d0-a760-4467-bc58-bd7d72db2f35,C:\Users\Gaurav Rathod\Downloads\automation-proposal\raw_data\dataset-downloads\dataset_b-20260908T164438Z-1-001\dataset_b\ses_20260701-181413-LAPTOP-76QMG9DE\chunk_20260701-1800-LAPTOP-76QMG9DE\events.jsonl,819,20260701-1800-LAPTOP-76QMG9DE,scr_smart_1782930047539_monitor_1_post.jpg | screenshots/scr_smart_1782930047539_monitor_1_post.jpg,True
ses_20260701-181413-LAPTOP-76QMG9DE,4,2026-07-01T18:21:33.186Z,2026-07-01T18:22:25.186Z,2026-07-01T18:21:34.226000+00:00,evt_7991a9dd-b72c-417e-bc2f-94d40c08d4a7,C:\Users\Gaurav Rathod\Downloads\automation-proposal\raw_data\dataset-downloads\dataset_b-20260908T164438Z-1-001\dataset_b\ses_20260701-181413-LAPTOP-76QMG9DE\chunk_20260701-1800-LAPTOP-76QMG9DE\events.jsonl,904,20260701-1800-LAPTOP-76QMG9DE,scr_smart_1782930094226_monitor_1_post.jpg | screenshots/scr_smart_1782930094226_monitor_1_post.jpg,True
ses_20260701-181413-LAPTOP-76QMG9DE,4,2026-07-01T18:21:33.186Z,2026-07-01T18:22:25.186Z,2026-07-01T18:21:40.084000+00:00,evt_62514715-1a0b-4314-80e3-808536ee952a,C:\Users\Gaurav Rathod\Downloads\automation-proposal\raw_data\dataset-downloads\dataset_b-20260908T164438Z-1-001\dataset_b\ses_20260701-181413-LAPTOP-76QMG9DE\chunk_20260701-1800-LAPTOP-76QMG9DE\events.jsonl,907,20260701-1800-LAPTOP-76QMG9DE,scr_smart_1782930100084_monitor_1_post.jpg | screenshots/scr_smart_1782930100084_monitor_1_post.jpg,True
ses_20260701-181413-LAPTOP-76QMG9DE,4,2026-07-01T18:21:33.186Z,2026-07-01T18:22:25.186Z,2026-07-01T18:21:43.837000+00:00,evt_a32f3ca1-2e7d-4559-b4b2-d13dc9a35381,C:\Users\Gaurav Rathod\Downloads\automation-proposal\raw_data\dataset-downloads\dataset_b-20260908T164438Z-1-001\dataset_b\ses_20260701-181413-LAPTOP-76QMG9DE\chunk_20260701-1800-LAPTOP-76QMG9DE\events.jsonl,911,20260701-1800-LAPTOP-76QMG9DE,scr_smart_1782930103837_monitor_1_post.jpg | screenshots/scr_smart_1782930103837_monitor_1_post.jpg,True
ses_20260701-181413-LAPTOP-76QMG9DE,4,2026-07-01T18:21:33.186Z,2026-07-01T18:22:25.186Z,2026-07-01T18:21:44.360000+00:00,evt_34fda37e-c997-43ec-a923-b122f872a17c,C:\Users\Gaurav Rathod\Downloads\automation-proposal\raw_data\dataset-downloads\dataset_b-20260908T164438Z-1-001\dataset_b\ses_20260701-181413-LAPTOP-76QMG9DE\chunk_20260701-1800-LAPTOP-76QMG9DE\events.jsonl,925,20260701-1800-LAPTOP-76QMG9DE,scr_smart_1782930104360_monitor_1_post.jpg | screenshots/scr_smart_1782930104360_monitor_1_post.jpg,True
ses_20260701-181413-LAPTOP-76QMG9DE,4,2026-07-01T18:21:33.186Z,2026-07-01T18:22:25.186Z,2026-07-01T18:21:44.892000+00:00,evt_569b9d16-6e6c-484d-8145-d2470ee1f480,C:\Users\Gaurav Rathod\Downloads\automation-proposal\raw_data\dataset-downloads\dataset_b-20260908T164438Z-1-001\dataset_b\ses_20260701-181413-LAPTOP-76QMG9DE\chunk_20260701-1800-LAPTOP-76QMG9DE\events.jsonl,933,20260701-1800-LAPTOP-76QMG9DE,scr_smart_1782930104892_monitor_1_post.jpg | screenshots/scr_smart_1782930104892_monitor_1_post.jpg,True
ses_20260701-181413-LAPTOP-76QMG9DE,4,2026-07-01T18:21:33.186Z,2026-07-01T18:22:25.186Z,2026-07-01T18:21:46.018000+00:00,evt_b1121e59-1f9c-4c58-84a9-f961e19026f8,C:\Users\Gaurav Rathod\Downloads\automation-proposal\raw_data\dataset-downloads\dataset_b-20260908T164438Z-1-001\dataset_b\ses_20260701-181413-LAPTOP-76QMG9DE\chunk_20260701-1800-LAPTOP-76QMG9DE\events.jsonl,937,20260701-1800-LAPTOP-76QMG9DE,scr_smart_1782930106018_monitor_1_post.jpg | screenshots/scr_smart_1782930106018_monitor_1_post.jpg,True
ses_20260701-181413-LAPTOP-76QMG9DE,4,2026-07-01T18:21:33.186Z,2026-07-01T18:22:25.186Z,2026-07-01T18:21:47.351000+00:00,evt_f6e1c287-1a36-4a34-b433-4c4c05c4045e,C:\Users\Gaurav Rathod\Downloads\automation-proposal\raw_data\dataset-downloads\dataset_b-20260908T164438Z-1-001\dataset_b\ses_20260701-181413-LAPTOP-76QMG9DE\chunk_20260701-1800-LAPTOP-76QMG9DE\events.jsonl,942,20260701-1800-LAPTOP-76QMG9DE,scr_smart_1782930107351_monitor_1_post.jpg | screenshots/scr_smart_1782930107351_monitor_1_post.jpg,True
ses_20260701-181413-LAPTOP-76QMG9DE,4,2026-07-01T18:21:33.186Z,2026-07-01T18:22:25.186Z,2026-07-01T18:21:47.876000+00:00,evt_8c3e0f27-a548-42e3-be49-f0bd8cd0745b,C:\Users\Gaurav Rathod\Downloads\automation-proposal\raw_data\dataset-downloads\dataset_b-20260908T164438Z-1-001\dataset_b\ses_20260701-181413-LAPTOP-76QMG9DE\chunk_20260701-1800-LAPTOP-76QMG9DE\events.jsonl,945,20260701-1800-LAPTOP-76QMG9DE,scr_smart_1782930107876_monitor_1_post.jpg | screenshots/scr_smart_1782930107876_monitor_1_post.jpg,True
ses_20260701-181413-LAPTOP-76QMG9DE,4,2026-07-01T18:21:33.186Z,2026-07-01T18:22:25.186Z,2026-07-01T18:21:49.815000+00:00,evt_1b9213e3-1e4d-434b-96d0-39d736b36064,C:\Users\Gaurav Rathod\Downloads\automation-proposal\raw_data\dataset-downloads\dataset_b-20260908T164438Z-1-001\dataset_b\ses_20260701-181413-LAPTOP-76QMG9DE\chunk_20260701-1800-LAPTOP-76QMG9DE\events.jsonl,947,20260701-1800-LAPTOP-76QMG9DE,scr_smart_1782930109815_monitor_1_post.jpg | screenshots/scr_smart_1782930109815_monitor_1_post.jpg,True
ses_20260701-181413-LAPTOP-76QMG9DE,4,2026-07-01T18:21:33.186Z,2026-07-01T18:22:25.186Z,2026-07-01T18:21:50.345000+00:00,evt_ea15ab67-bd2a-43d0-ba9a-eca1963b18b6,C:\Users\Gaurav Rathod\Downloads\automation-proposal\raw_data\dataset-downloads\dataset_b-20260908T164438Z-1-001\dataset_b\ses_20260701-181413-LAPTOP-76QMG9DE\chunk_20260701-1800-LAPTOP-76QMG9DE\events.jsonl,950,20260701-1800-LAPTOP-76QMG9DE,scr_smart_1782930110345_monitor_1_post.jpg | screenshots/scr_smart_1782930110345_monitor_1_post.jpg,True
ses_20260701-181413-LAPTOP-76QMG9DE,4,2026-07-01T18:21:33.186Z,2026-07-01T18:22:25.186Z,2026-07-01T18:21:51.882000+00:00,evt_26e36fe0-4a7f-4bfc-8d13-3e7d53a54e7a,C:\Users\Gaurav Rathod\Downloads\automation-proposal\raw_data\dataset-downloads\dataset_b-20260908T164438Z-1-001\dataset_b\ses_20260701-181413-LAPTOP-76QMG9DE\chunk_20260701-1800-LAPTOP-76QMG9DE\events.jsonl,954,20260701-1800-LAPTOP-76QMG9DE,scr_smart_1782930111882_monitor_1_post.jpg | screenshots/scr_smart_1782930111882_monitor_1_post.jpg,True
ses_20260701-181413-LAPTOP-76QMG9DE,4,2026-07-01T18:21:33.186Z,2026-07-01T18:22:25.186Z,2026-07-01T18:21:55.430000+00:00,evt_ab6db4b4-d23b-43ce-948a-120f0b1aa7fc,C:\Users\Gaurav Rathod\Downloads\automation-proposal\raw_data\dataset-downloads\dataset_b-20260908T164438Z-1-001\dataset_b\ses_20260701-181413-LAPTOP-76QMG9DE\chunk_20260701-1800-LAPTOP-76QMG9DE\events.jsonl,956,20260701-1800-LAPTOP-76QMG9DE,scr_smart_1782930115430_monitor_1_post.jpg | screenshots/scr_smart_1782930115430_monitor_1_post.jpg,True
ses_20260701-181413-LAPTOP-76QMG9DE,4,2026-07-01T18:21:33.186Z,2026-07-01T18:22:25.186Z,2026-07-01T18:21:56.359000+00:00,evt_359b4637-c90c-481d-86c9-e3a26d9033fc,C:\Users\Gaurav Rathod\Downloads\automation-proposal\raw_data\dataset-downloads\dataset_b-20260908T164438Z-1-001\dataset_b\ses_20260701-181413-LAPTOP-76QMG9DE\chunk_20260701-1800-LAPTOP-76QMG9DE\events.jsonl,963,20260701-1800-LAPTOP-76QMG9DE,scr_smart_1782930116359_monitor_1_post.jpg | screenshots/scr_smart_1782930116359_monitor_1_post.jpg,True
ses_20260701-181413-LAPTOP-76QMG9DE,4,2026-07-01T18:21:33.186Z,2026-07-01T18:22:25.186Z,2026-07-01T18:21:58.592000+00:00,evt_b358f3e0-3771-4509-a817-fa8ec525e295,C:\Users\Gaurav Rathod\Downloads\automation-proposal\raw_data\dataset-downloads\dataset_b-20260908T164438Z-1-001\dataset_b\ses_20260701-181413-LAPTOP-76QMG9DE\chunk_20260701-1800-LAPTOP-76QMG9DE\events.jsonl,966,20260701-1800-LAPTOP-76QMG9DE,scr_smart_1782930118592_monitor_1_post.jpg | screenshots/scr_smart_1782930118592_monitor_1_post.jpg,True
ses_20260701-181413-LAPTOP-76QMG9DE,4,2026-07-01T18:21:33.186Z,2026-07-01T18:22:25.186Z,2026-07-01T18:22:00.628000+00:00,evt_95225ecd-c455-4463-94e6-7f661efcc1c8,C:\Users\Gaurav Rathod\Downloads\automation-proposal\raw_data\dataset-downloads\dataset_b-20260908T164438Z-1-001\dataset_b\ses_20260701-181413-LAPTOP-76QMG9DE\chunk_20260701-1800-LAPTOP-76QMG9DE\events.jsonl,969,20260701-1800-LAPTOP-76QMG9DE,scr_smart_1782930120628_monitor_1_post.jpg | screenshots/scr_smart_1782930120628_monitor_1_post.jpg,True
ses_20260701-181413-LAPTOP-76QMG9DE,4,2026-07-01T18:21:33.186Z,2026-07-01T18:22:25.186Z,2026-07-01T18:22:06.880000+00:00,evt_c46cb853-3546-4422-8b33-baf0b5250fba,C:\Users\Gaurav Rathod\Downloads\automation-proposal\raw_data\dataset-downloads\dataset_b-20260908T164438Z-1-001\dataset_b\ses_20260701-181413-LAPTOP-76QMG9DE\chunk_20260701-1800-LAPTOP-76QMG9DE\events.jsonl,973,20260701-1800-LAPTOP-76QMG9DE,scr_smart_1782930126880_monitor_1_post.jpg | screenshots/scr_smart_1782930126880_monitor_1_post.jpg,True
ses_20260701-181413-LAPTOP-76QMG9DE,4,2026-07-01T18:21:33.186Z,2026-07-01T18:22:25.186Z,2026-07-01T18:22:07.516000+00:00,evt_91a32ba2-2c05-4dfe-af98-8a3fa8a50ef1,C:\Users\Gaurav Rathod\Downloads\automation-proposal\raw_data\dataset-downloads\dataset_b-20260908T164438Z-1-001\dataset_b\ses_20260701-181413-LAPTOP-76QMG9DE\chunk_20260701-1800-LAPTOP-76QMG9DE\events.jsonl,991,20260701-1800-LAPTOP-76QMG9DE,scr_smart_1782930127516_monitor_1_post.jpg | screenshots/scr_smart_1782930127516_monitor_1_post.jpg,True
ses_20260701-181413-LAPTOP-76QMG9DE,4,2026-07-01T18:21:33.186Z,2026-07-01T18:22:25.186Z,2026-07-01T18:22:08.042000+00:00,evt_3906a0d0-3ae6-4a9e-9c9e-08d8e96d09ba,C:\Users\Gaurav Rathod\Downloads\automation-proposal\raw_data\dataset-downloads\dataset_b-20260908T164438Z-1-001\dataset_b\ses_20260701-181413-LAPTOP-76QMG9DE\chunk_20260701-1800-LAPTOP-76QMG9DE\events.jsonl,995,20260701-1800-LAPTOP-76QMG9DE,scr_smart_1782930128042_monitor_1_post.jpg | screenshots/scr_smart_1782930128042_monitor_1_post.jpg,True
ses_20260701-181413-LAPTOP-76QMG9DE,4,2026-07-01T18:21:33.186Z,2026-07-01T18:22:25.186Z,2026-07-01T18:22:09.074000+00:00,evt_6ea1df4a-081c-497f-a007-6a2cc2f56cf5,C:\Users\Gaurav Rathod\Downloads\automation-proposal\raw_data\dataset-downloads\dataset_b-20260908T164438Z-1-001\dataset_b\ses_20260701-181413-LAPTOP-76QMG9DE\chunk_20260701-1800-LAPTOP-76QMG9DE\events.jsonl,999,20260701-1800-LAPTOP-76QMG9DE,scr_smart_1782930129074_monitor_1_post.jpg | screenshots/scr_smart_1782930129074_monitor_1_post.jpg,True
ses_20260701-181413-LAPTOP-76QMG9DE,4,2026-07-01T18:21:33.186Z,2026-07-01T18:22:25.186Z,2026-07-01T18:22:11.111000+00:00,evt_9a930a35-a0d2-4556-a5ad-ed5ad90f6e8d,C:\Users\Gaurav Rathod\Downloads\automation-proposal\raw_data\dataset-downloads\dataset_b-20260908T164438Z-1-001\dataset_b\ses_20260701-181413-LAPTOP-76QMG9DE\chunk_20260701-1800-LAPTOP-76QMG9DE\events.jsonl,1004,20260701-1800-LAPTOP-76QMG9DE,scr_smart_1782930131111_monitor_1_post.jpg | screenshots/scr_smart_1782930131111_monitor_1_post.jpg,True
ses_20260701-181413-LAPTOP-76QMG9DE,4,2026-07-01T18:21:33.186Z,2026-07-01T18:22:25.186Z,2026-07-01T18:22:14.354000+00:00,evt_a0f4980a-fcdd-4fc2-9aba-cce8f4e96ec5,C:\Users\Gaurav Rathod\Downloads\automation-proposal\raw_data\dataset-downloads\dataset_b-20260908T164438Z-1-001\dataset_b\ses_20260701-181413-LAPTOP-76QMG9DE\chunk_20260701-1800-LAPTOP-76QMG9DE\events.jsonl,1009,20260701-1800-LAPTOP-76QMG9DE,scr_smart_1782930134354_monitor_1_post.jpg | screenshots/scr_smart_1782930134354_monitor_1_post.jpg,True
ses_20260701-181413-LAPTOP-76QMG9DE,4,2026-07-01T18:21:33.186Z,2026-07-01T18:22:25.186Z,2026-07-01T18:22:15.986000+00:00,evt_6ea18b11-9c74-44e3-aed7-7a43a0078cd0,C:\Users\Gaurav Rathod\Downloads\automation-proposal\raw_data\dataset-downloads\dataset_b-20260908T164438Z-1-001\dataset_b\ses_20260701-181413-LAPTOP-76QMG9DE\chunk_20260701-1800-LAPTOP-76QMG9DE\events.jsonl,1012,20260701-1800-LAPTOP-76QMG9DE,scr_smart_1782930135986_monitor_1_post.jpg | screenshots/scr_smart_1782930135986_monitor_1_post.jpg,True
ses_20260701-181413-LAPTOP-76QMG9DE,4,2026-07-01T18:21:33.186Z,2026-07-01T18:22:25.186Z,2026-07-01T18:22:20.033000+00:00,evt_00c586cd-5a0e-4008-9fa9-50d812dd6445,C:\Users\Gaurav Rathod\Downloads\automation-proposal\raw_data\dataset-downloads\dataset_b-20260908T164438Z-1-001\dataset_b\ses_20260701-181413-LAPTOP-76QMG9DE\chunk_20260701-1800-LAPTOP-76QMG9DE\events.jsonl,1014,20260701-1800-LAPTOP-76QMG9DE,scr_smart_1782930140033_monitor_1_post.jpg | screenshots/scr_smart_1782930140033_monitor_1_post.jpg,True
ses_20260701-181413-LAPTOP-76QMG9DE,4,2026-07-01T18:21:33.186Z,2026-07-01T18:22:25.186Z,2026-07-01T18:22:20.658000+00:00,evt_9ca6620d-e641-4964-8e1b-7e8aa1a8c94b,C:\Users\Gaurav Rathod\Downloads\automation-proposal\raw_data\dataset-downloads\dataset_b-20260908T164438Z-1-001\dataset_b\ses_20260701-181413-LAPTOP-76QMG9DE\chunk_20260701-1800-LAPTOP-76QMG9DE\events.jsonl,1016,20260701-1800-LAPTOP-76QMG9DE,scr_smart_1782930140658_monitor_1_post.jpg | screenshots/scr_smart_1782930140658_monitor_1_post.jpg,True
ses_20260701-181413-LAPTOP-76QMG9DE,4,2026-07-01T18:21:33.186Z,2026-07-01T18:22:25.186Z,2026-07-01T18:22:21.290000+00:00,evt_884091e7-03a4-47ad-b3d4-f60cd2c122d1,C:\Users\Gaurav Rathod\Downloads\automation-proposal\raw_data\dataset-downloads\dataset_b-20260908T164438Z-1-001\dataset_b\ses_20260701-181413-LAPTOP-76QMG9DE\chunk_20260701-1800-LAPTOP-76QMG9DE\events.jsonl,1022,20260701-1800-LAPTOP-76QMG9DE,scr_smart_1782930141290_monitor_1_post.jpg | screenshots/scr_smart_1782930141290_monitor_1_post.jpg,True
ses_20260701-181413-LAPTOP-76QMG9DE,4,2026-07-01T18:21:33.186Z,2026-07-01T18:22:25.186Z,2026-07-01T18:22:23.423000+00:00,evt_b72b4c6e-9e00-484c-ba29-ac1aed64db11,C:\Users\Gaurav Rathod\Downloads\automation-proposal\raw_data\dataset-downloads\dataset_b-20260908T164438Z-1-001\dataset_b\ses_20260701-181413-LAPTOP-76QMG9DE\chunk_20260701-1800-LAPTOP-76QMG9DE\events.jsonl,1025,20260701-1800-LAPTOP-76QMG9DE,scr_smart_1782930143423_monitor_1_post.jpg | screenshots/scr_smart_1782930143423_monitor_1_post.jpg,True
ses_20260701-181413-LAPTOP-76QMG9DE,5,2026-07-01T18:22:25.186Z,2026-07-01T18:22:39.186Z,2026-07-01T18:22:27.372000+00:00,evt_28b2ce40-4698-461f-84dc-b5c465701106,C:\Users\Gaurav Rathod\Downloads\automation-proposal\raw_data\dataset-downloads\dataset_b-20260908T164438Z-1-001\dataset_b\ses_20260701-181413-LAPTOP-76QMG9DE\chunk_20260701-1800-LAPTOP-76QMG9DE\events.jsonl,1029,20260701-1800-LAPTOP-76QMG9DE,scr_smart_1782930147372_monitor_1_post.jpg | screenshots/scr_smart_1782930147372_monitor_1_post.jpg,True
ses_20260701-181413-LAPTOP-76QMG9DE,5,2026-07-01T18:22:25.186Z,2026-07-01T18:22:39.186Z,2026-07-01T18:22:30.110000+00:00,evt_88947053-7af6-4013-9201-9eeff5af0128,C:\Users\Gaurav Rathod\Downloads\automation-proposal\raw_data\dataset-downloads\dataset_b-20260908T164438Z-1-001\dataset_b\ses_20260701-181413-LAPTOP-76QMG9DE\chunk_20260701-1800-LAPTOP-76QMG9DE\events.jsonl,1032,20260701-1800-LAPTOP-76QMG9DE,scr_smart_1782930150110_monitor_1_post.jpg | screenshots/scr_smart_1782930150110_monitor_1_post.jpg,True
ses_20260701-181413-LAPTOP-76QMG9DE,5,2026-07-01T18:22:25.186Z,2026-07-01T18:22:39.186Z,2026-07-01T18:22:33.752000+00:00,evt_00694017-0619-4579-aafc-5ee1dfce5177,C:\Users\Gaurav Rathod\Downloads\automation-proposal\raw_data\dataset-downloads\dataset_b-20260908T164438Z-1-001\dataset_b\ses_20260701-181413-LAPTOP-76QMG9DE\chunk_20260701-1800-LAPTOP-76QMG9DE\events.jsonl,1034,20260701-1800-LAPTOP-76QMG9DE,scr_smart_1782930153752_monitor_1_post.jpg | screenshots/scr_smart_1782930153752_monitor_1_post.jpg,True
ses_20260701-181413-LAPTOP-76QMG9DE,5,2026-07-01T18:22:25.186Z,2026-07-01T18:22:39.186Z,2026-07-01T18:22:34.784000+00:00,evt_e7c9a2a1-09bd-4e13-8322-9d4bc10c0778,C:\Users\Gaurav Rathod\Downloads\automation-proposal\raw_data\dataset-downloads\dataset_b-20260908T164438Z-1-001\dataset_b\ses_20260701-181413-LAPTOP-76QMG9DE\chunk_20260701-1800-LAPTOP-76QMG9DE\events.jsonl,1041,20260701-1800-LAPTOP-76QMG9DE,scr_smart_1782930154784_monitor_1_post.jpg | screenshots/scr_smart_1782930154784_monitor_1_post.jpg,True
ses_20260701-181413-LAPTOP-76QMG9DE,5,2026-07-01T18:22:25.186Z,2026-07-01T18:22:39.186Z,2026-07-01T18:22:37.222000+00:00,evt_c49ac8d8-be12-447b-b21c-3eaae6505579,C:\Users\Gaurav Rathod\Downloads\automation-proposal\raw_data\dataset-downloads\dataset_b-20260908T164438Z-1-001\dataset_b\ses_20260701-181413-LAPTOP-76QMG9DE\chunk_20260701-1800-LAPTOP-76QMG9DE\events.jsonl,1044,20260701-1800-LAPTOP-76QMG9DE,scr_smart_1782930157222_monitor_1_post.jpg | screenshots/scr_smart_1782930157222_monitor_1_post.jpg,True
ses_20260701-181413-LAPTOP-76QMG9DE,6,2026-07-01T18:22:39.186Z,2026-07-01T18:22:47.186Z,2026-07-01T18:22:44.689000+00:00,evt_2604b772-e3c2-49a1-b527-d9ef20eebe1e,C:\Users\Gaurav Rathod\Downloads\automation-proposal\raw_data\dataset-downloads\dataset_b-20260908T164438Z-1-001\dataset_b\ses_20260701-181413-LAPTOP-76QMG9DE\chunk_20260701-1800-LAPTOP-76QMG9DE\events.jsonl,1048,20260701-1800-LAPTOP-76QMG9DE,scr_smart_1782930164689_monitor_1_post.jpg | screenshots/scr_smart_1782930164689_monitor_1_post.jpg,True
ses_20260701-181413-LAPTOP-76QMG9DE,6,2026-07-01T18:22:39.186Z,2026-07-01T18:22:47.186Z,2026-07-01T18:22:45.821000+00:00,evt_87aa06bf-608f-4174-8ccb-3146f81751c3,C:\Users\Gaurav Rathod\Downloads\automation-proposal\raw_data\dataset-downloads\dataset_b-20260908T164438Z-1-001\dataset_b\ses_20260701-181413-LAPTOP-76QMG9DE\chunk_20260701-1800-LAPTOP-76QMG9DE\events.jsonl,1051,20260701-1800-LAPTOP-76QMG9DE,scr_smart_1782930165821_monitor_1_post.jpg | screenshots/scr_smart_1782930165821_monitor_1_post.jpg,True
ses_20260701-181413-LAPTOP-76QMG9DE,6,2026-07-01T18:22:39.186Z,2026-07-01T18:22:47.186Z,2026-07-01T18:22:46.953000+00:00,evt_f6ac9bb6-95e4-4c5c-a698-f52e817a3a9b,C:\Users\Gaurav Rathod\Downloads\automation-proposal\raw_data\dataset-downloads\dataset_b-20260908T164438Z-1-001\dataset_b\ses_20260701-181413-LAPTOP-76QMG9DE\chunk_20260701-1800-LAPTOP-76QMG9DE\events.jsonl,1058,20260701-1800-LAPTOP-76QMG9DE,scr_smart_1782930166953_monitor_1_post.jpg | screenshots/scr_smart_1782930166953_monitor_1_post.jpg,True
ses_20260701-181413-LAPTOP-76QMG9DE,7,2026-07-01T18:25:47.186Z,2026-07-01T18:26:29.186Z,2026-07-01T18:25:48.786000+00:00,evt_1fbb96e6-91ee-48fb-97f0-b4d6e343eb4c,C:\Users\Gaurav Rathod\Downloads\automation-proposal\raw_data\dataset-downloads\dataset_b-20260908T164438Z-1-001\dataset_b\ses_20260701-181413-LAPTOP-76QMG9DE\chunk_20260701-1800-LAPTOP-76QMG9DE\events.jsonl,1330,20260701-1800-LAPTOP-76QMG9DE,scr_smart_1782930348786_monitor_1_post.jpg | screenshots/scr_smart_1782930348786_monitor_1_post.jpg,True
ses_20260701-181413-LAPTOP-76QMG9DE,7,2026-07-01T18:25:47.186Z,2026-07-01T18:26:29.186Z,2026-07-01T18:25:50.322000+00:00,evt_501dc362-15c4-400b-be28-9f6ce70ace45,C:\Users\Gaurav Rathod\Downloads\automation-proposal\raw_data\dataset-downloads\dataset_b-20260908T164438Z-1-001\dataset_b\ses_20260701-181413-LAPTOP-76QMG9DE\chunk_20260701-1800-LAPTOP-76QMG9DE\events.jsonl,1333,20260701-1800-LAPTOP-76QMG9DE,scr_smart_1782930350322_monitor_1_post.jpg | screenshots/scr_smart_1782930350322_monitor_1_post.jpg,True
ses_20260701-181413-LAPTOP-76QMG9DE,7,2026-07-01T18:25:47.186Z,2026-07-01T18:26:29.186Z,2026-07-01T18:25:50.953000+00:00,evt_adb785a9-3747-4045-bdf7-bb521a699b85,C:\Users\Gaurav Rathod\Downloads\automation-proposal\raw_data\dataset-downloads\dataset_b-20260908T164438Z-1-001\dataset_b\ses_20260701-181413-LAPTOP-76QMG9DE\chunk_20260701-1800-LAPTOP-76QMG9DE\events.jsonl,1341,20260701-1800-LAPTOP-76QMG9DE,scr_smart_1782930350953_monitor_1_post.jpg | screenshots/scr_smart_1782930350953_monitor_1_post.jpg,True
ses_20260701-181413-LAPTOP-76QMG9DE,7,2026-07-01T18:25:47.186Z,2026-07-01T18:26:29.186Z,2026-07-01T18:25:56.908000+00:00,evt_6ca98922-1d1c-4530-8dd4-6bd207f3151c,C:\Users\Gaurav Rathod\Downloads\automation-proposal\raw_data\dataset-downloads\dataset_b-20260908T164438Z-1-001\dataset_b\ses_20260701-181413-LAPTOP-76QMG9DE\chunk_20260701-1800-LAPTOP-76QMG9DE\events.jsonl,1343,20260701-1800-LAPTOP-76QMG9DE,scr_smart_1782930356908_monitor_1_post.jpg | screenshots/scr_smart_1782930356908_monitor_1_post.jpg,True
ses_20260701-181413-LAPTOP-76QMG9DE,7,2026-07-01T18:25:47.186Z,2026-07-01T18:26:29.186Z,2026-07-01T18:25:57.543000+00:00,evt_c3e68d23-1a18-4542-9ffe-c5dccb0eaae6,C:\Users\Gaurav Rathod\Downloads\automation-proposal\raw_data\dataset-downloads\dataset_b-20260908T164438Z-1-001\dataset_b\ses_20260701-181413-LAPTOP-76QMG9DE\chunk_20260701-1800-LAPTOP-76QMG9DE\events.jsonl,1346,20260701-1800-LAPTOP-76QMG9DE,scr_smart_1782930357543_monitor_1_post.jpg | screenshots/scr_smart_1782930357543_monitor_1_post.jpg,True
ses_20260701-181413-LAPTOP-76QMG9DE,7,2026-07-01T18:25:47.186Z,2026-07-01T18:26:29.186Z,2026-07-01T18:25:58.874000+00:00,evt_fa3ffc99-3645-4015-96d1-1d9106d75ad9,C:\Users\Gaurav Rathod\Downloads\automation-proposal\raw_data\dataset-downloads\dataset_b-20260908T164438Z-1-001\dataset_b\ses_20260701-181413-LAPTOP-76QMG9DE\chunk_20260701-1800-LAPTOP-76QMG9DE\events.jsonl,1350,20260701-1800-LAPTOP-76QMG9DE,scr_smart_1782930358874_monitor_1_post.jpg | screenshots/scr_smart_1782930358874_monitor_1_post.jpg,True
ses_20260701-181413-LAPTOP-76QMG9DE,7,2026-07-01T18:25:47.186Z,2026-07-01T18:26:29.186Z,2026-07-01T18:26:03.325000+00:00,evt_a49ea8a4-0ef2-4061-9f65-fff35f34bf21,C:\Users\Gaurav Rathod\Downloads\automation-proposal\raw_data\dataset-downloads\dataset_b-20260908T164438Z-1-001\dataset_b\ses_20260701-181413-LAPTOP-76QMG9DE\chunk_20260701-1800-LAPTOP-76QMG9DE\events.jsonl,1352,20260701-1800-LAPTOP-76QMG9DE,scr_smart_1782930363325_monitor_1_post.jpg | screenshots/scr_smart_1782930363325_monitor_1_post.jpg,True
ses_20260701-181413-LAPTOP-76QMG9DE,7,2026-07-01T18:25:47.186Z,2026-07-01T18:26:29.186Z,2026-07-01T18:26:04.154000+00:00,evt_742d3cdb-1ee8-419d-a38c-50497598483e,C:\Users\Gaurav Rathod\Downloads\automation-proposal\raw_data\dataset-downloads\dataset_b-20260908T164438Z-1-001\dataset_b\ses_20260701-181413-LAPTOP-76QMG9DE\chunk_20260701-1800-LAPTOP-76QMG9DE\events.jsonl,1359,20260701-1800-LAPTOP-76QMG9DE,scr_smart_1782930364154_monitor_1_post.jpg | screenshots/scr_smart_1782930364154_monitor_1_post.jpg,True
ses_20260701-181413-LAPTOP-76QMG9DE,7,2026-07-01T18:25:47.186Z,2026-07-01T18:26:29.186Z,2026-07-01T18:26:06.493000+00:00,evt_eae93d50-8802-4810-80cd-36112194fa6b,C:\Users\Gaurav Rathod\Downloads\automation-proposal\raw_data\dataset-downloads\dataset_b-20260908T164438Z-1-001\dataset_b\ses_20260701-181413-LAPTOP-76QMG9DE\chunk_20260701-1800-LAPTOP-76QMG9DE\events.jsonl,1362,20260701-1800-LAPTOP-76QMG9DE,scr_smart_1782930366493_monitor_1_post.jpg | screenshots/scr_smart_1782930366493_monitor_1_post.jpg,True
ses_20260701-181413-LAPTOP-76QMG9DE,7,2026-07-01T18:25:47.186Z,2026-07-01T18:26:29.186Z,2026-07-01T18:26:08.933000+00:00,evt_c1349df0-c356-425d-b115-9c3a16b290cc,C:\Users\Gaurav Rathod\Downloads\automation-proposal\raw_data\dataset-downloads\dataset_b-20260908T164438Z-1-001\dataset_b\ses_20260701-181413-LAPTOP-76QMG9DE\chunk_20260701-1800-LAPTOP-76QMG9DE\events.jsonl,1365,20260701-1800-LAPTOP-76QMG9DE,scr_smart_1782930368933_monitor_1_post.jpg | screenshots/scr_smart_1782930368933_monitor_1_post.jpg,True
ses_20260701-181413-LAPTOP-76QMG9DE,7,2026-07-01T18:25:47.186Z,2026-07-01T18:26:29.186Z,2026-07-01T18:26:15.093000+00:00,evt_b824805b-022b-45ac-b96c-87afdac00d68,C:\Users\Gaurav Rathod\Downloads\automation-proposal\raw_data\dataset-downloads\dataset_b-20260908T164438Z-1-001\dataset_b\ses_20260701-181413-LAPTOP-76QMG9DE\chunk_20260701-1800-LAPTOP-76QMG9DE\events.jsonl,1369,20260701-1800-LAPTOP-76QMG9DE,scr_smart_1782930375093_monitor_1_post.jpg | screenshots/scr_smart_1782930375093_monitor_1_post.jpg,True
ses_20260701-181413-LAPTOP-76QMG9DE,7,2026-07-01T18:25:47.186Z,2026-07-01T18:26:29.186Z,2026-07-01T18:26:15.622000+00:00,evt_30a42c9c-eb2b-4d64-9ef2-8575b9ac90dc,C:\Users\Gaurav Rathod\Downloads\automation-proposal\raw_data\dataset-downloads\dataset_b-20260908T164438Z-1-001\dataset_b\ses_20260701-181413-LAPTOP-76QMG9DE\chunk_20260701-1800-LAPTOP-76QMG9DE\events.jsonl,1385,20260701-1800-LAPTOP-76QMG9DE,scr_smart_1782930375622_monitor_1_post.jpg | screenshots/scr_smart_1782930375622_monitor_1_post.jpg,True
ses_20260701-181413-LAPTOP-76QMG9DE,7,2026-07-01T18:25:47.186Z,2026-07-01T18:26:29.186Z,2026-07-01T18:26:16.256000+00:00,evt_38fc1477-2d15-4a58-8748-376853554670,C:\Users\Gaurav Rathod\Downloads\automation-proposal\raw_data\dataset-downloads\dataset_b-20260908T164438Z-1-001\dataset_b\ses_20260701-181413-LAPTOP-76QMG9DE\chunk_20260701-1800-LAPTOP-76QMG9DE\events.jsonl,1393,20260701-1800-LAPTOP-76QMG9DE,scr_smart_1782930376256_monitor_1_post.jpg | screenshots/scr_smart_1782930376256_monitor_1_post.jpg,True
ses_20260701-181413-LAPTOP-76QMG9DE,7,2026-07-01T18:25:47.186Z,2026-07-01T18:26:29.186Z,2026-07-01T18:26:17.390000+00:00,evt_5b286165-eab9-46b7-b373-b8ab56d2aeab,C:\Users\Gaurav Rathod\Downloads\automation-proposal\raw_data\dataset-downloads\dataset_b-20260908T164438Z-1-001\dataset_b\ses_20260701-181413-LAPTOP-76QMG9DE\chunk_20260701-1800-LAPTOP-76QMG9DE\events.jsonl,1397,20260701-1800-LAPTOP-76QMG9DE,scr_smart_1782930377390_monitor_1_post.jpg | screenshots/scr_smart_1782930377390_monitor_1_post.jpg,True
ses_20260701-181413-LAPTOP-76QMG9DE,7,2026-07-01T18:25:47.186Z,2026-07-01T18:26:29.186Z,2026-07-01T18:26:19.125000+00:00,evt_fbbe2a22-68d6-4bff-9f0c-a09ca263d11f,C:\Users\Gaurav Rathod\Downloads\automation-proposal\raw_data\dataset-downloads\dataset_b-20260908T164438Z-1-001\dataset_b\ses_20260701-181413-LAPTOP-76QMG9DE\chunk_20260701-1800-LAPTOP-76QMG9DE\events.jsonl,1402,20260701-1800-LAPTOP-76QMG9DE,scr_smart_1782930379125_monitor_1_post.jpg | screenshots/scr_smart_1782930379125_monitor_1_post.jpg,True
ses_20260701-181413-LAPTOP-76QMG9DE,7,2026-07-01T18:25:47.186Z,2026-07-01T18:26:29.186Z,2026-07-01T18:26:19.654000+00:00,evt_98538e9a-c4fc-4884-b382-185af9da91bd,C:\Users\Gaurav Rathod\Downloads\automation-proposal\raw_data\dataset-downloads\dataset_b-20260908T164438Z-1-001\dataset_b\ses_20260701-181413-LAPTOP-76QMG9DE\chunk_20260701-1800-LAPTOP-76QMG9DE\events.jsonl,1405,20260701-1800-LAPTOP-76QMG9DE,scr_smart_1782930379654_monitor_1_post.jpg | screenshots/scr_smart_1782930379654_monitor_1_post.jpg,True
ses_20260701-181413-LAPTOP-76QMG9DE,7,2026-07-01T18:25:47.186Z,2026-07-01T18:26:29.186Z,2026-07-01T18:26:22.292000+00:00,evt_39868e95-d377-42fb-826e-8f708ea39830,C:\Users\Gaurav Rathod\Downloads\automation-proposal\raw_data\dataset-downloads\dataset_b-20260908T164438Z-1-001\dataset_b\ses_20260701-181413-LAPTOP-76QMG9DE\chunk_20260701-1800-LAPTOP-76QMG9DE\events.jsonl,1407,20260701-1800-LAPTOP-76QMG9DE,scr_smart_1782930382292_monitor_1_post.jpg | screenshots/scr_smart_1782930382292_monitor_1_post.jpg,True
ses_20260701-181413-LAPTOP-76QMG9DE,7,2026-07-01T18:25:47.186Z,2026-07-01T18:26:29.186Z,2026-07-01T18:26:23.521000+00:00,evt_5fdeabb9-5a61-49ac-bcd8-9ad94e5e9e03,C:\Users\Gaurav Rathod\Downloads\automation-proposal\raw_data\dataset-downloads\dataset_b-20260908T164438Z-1-001\dataset_b\ses_20260701-181413-LAPTOP-76QMG9DE\chunk_20260701-1800-LAPTOP-76QMG9DE\events.jsonl,1411,20260701-1800-LAPTOP-76QMG9DE,scr_smart_1782930383521_monitor_1_post.jpg | screenshots/scr_smart_1782930383521_monitor_1_post.jpg,True
ses_20260701-181413-LAPTOP-76QMG9DE,7,2026-07-01T18:25:47.186Z,2026-07-01T18:26:29.186Z,2026-07-01T18:26:24.451000+00:00,evt_b6fb8db9-cbea-48a1-87dd-ba2b19d63fc8,C:\Users\Gaurav Rathod\Downloads\automation-proposal\raw_data\dataset-downloads\dataset_b-20260908T164438Z-1-001\dataset_b\ses_20260701-181413-LAPTOP-76QMG9DE\chunk_20260701-1800-LAPTOP-76QMG9DE\events.jsonl,1418,20260701-1800-LAPTOP-76QMG9DE,scr_smart_1782930384451_monitor_1_post.jpg | screenshots/scr_smart_1782930384451_monitor_1_post.jpg,True
ses_20260701-181413-LAPTOP-76QMG9DE,7,2026-07-01T18:25:47.186Z,2026-07-01T18:26:29.186Z,2026-07-01T18:26:26.489000+00:00,evt_bbcd0c04-50ef-4d14-bf5d-3f01e46df501,C:\Users\Gaurav Rathod\Downloads\automation-proposal\raw_data\dataset-downloads\dataset_b-20260908T164438Z-1-001\dataset_b\ses_20260701-181413-LAPTOP-76QMG9DE\chunk_20260701-1800-LAPTOP-76QMG9DE\events.jsonl,1421,20260701-1800-LAPTOP-76QMG9DE,scr_smart_1782930386489_monitor_1_post.jpg | screenshots/scr_smart_1782930386489_monitor_1_post.jpg,True
ses_20260701-181413-LAPTOP-76QMG9DE,8,2026-07-01T18:26:29.186Z,2026-07-01T18:26:59.186Z,2026-07-01T18:26:30.637000+00:00,evt_d3e09812-fcee-496b-9f02-b6140218274c,C:\Users\Gaurav Rathod\Downloads\automation-proposal\raw_data\dataset-downloads\dataset_b-20260908T164438Z-1-001\dataset_b\ses_20260701-181413-LAPTOP-76QMG9DE\chunk_20260701-1800-LAPTOP-76QMG9DE\events.jsonl,1424,20260701-1800-LAPTOP-76QMG9DE,scr_smart_1782930390637_monitor_1_post.jpg | screenshots/scr_smart_1782930390637_monitor_1_post.jpg,True
ses_20260701-181413-LAPTOP-76QMG9DE,8,2026-07-01T18:26:29.186Z,2026-07-01T18:26:59.186Z,2026-07-01T18:26:32.065000+00:00,evt_e23f9f1b-96b4-4d2f-8ffc-d2bdf0c3a775,C:\Users\Gaurav Rathod\Downloads\automation-proposal\raw_data\dataset-downloads\dataset_b-20260908T164438Z-1-001\dataset_b\ses_20260701-181413-LAPTOP-76QMG9DE\chunk_20260701-1800-LAPTOP-76QMG9DE\events.jsonl,1428,20260701-1800-LAPTOP-76QMG9DE,scr_smart_1782930392065_monitor_1_post.jpg | screenshots/scr_smart_1782930392065_monitor_1_post.jpg,True
ses_20260701-181413-LAPTOP-76QMG9DE,8,2026-07-01T18:26:29.186Z,2026-07-01T18:26:59.186Z,2026-07-01T18:26:36.618000+00:00,evt_85fe24f1-4632-4e25-aa07-69e5f0acf0de,C:\Users\Gaurav Rathod\Downloads\automation-proposal\raw_data\dataset-downloads\dataset_b-20260908T164438Z-1-001\dataset_b\ses_20260701-181413-LAPTOP-76QMG9DE\chunk_20260701-1800-LAPTOP-76QMG9DE\events.jsonl,1430,20260701-1800-LAPTOP-76QMG9DE,scr_smart_1782930396618_monitor_1_post.jpg | screenshots/scr_smart_1782930396618_monitor_1_post.jpg,True
ses_20260701-181413-LAPTOP-76QMG9DE,8,2026-07-01T18:26:29.186Z,2026-07-01T18:26:59.186Z,2026-07-01T18:26:37.253000+00:00,evt_a1725246-5086-40d5-b72e-9b953bde47a7,C:\Users\Gaurav Rathod\Downloads\automation-proposal\raw_data\dataset-downloads\dataset_b-20260908T164438Z-1-001\dataset_b\ses_20260701-181413-LAPTOP-76QMG9DE\chunk_20260701-1800-LAPTOP-76QMG9DE\events.jsonl,1432,20260701-1800-LAPTOP-76QMG9DE,scr_smart_1782930397253_monitor_1_post.jpg | screenshots/scr_smart_1782930397253_monitor_1_post.jpg,True
ses_20260701-181413-LAPTOP-76QMG9DE,8,2026-07-01T18:26:29.186Z,2026-07-01T18:26:59.186Z,2026-07-01T18:26:37.779000+00:00,evt_046ddfa2-5682-4f08-ac37-9ffab2bfd1a4,C:\Users\Gaurav Rathod\Downloads\automation-proposal\raw_data\dataset-downloads\dataset_b-20260908T164438Z-1-001\dataset_b\ses_20260701-181413-LAPTOP-76QMG9DE\chunk_20260701-1800-LAPTOP-76QMG9DE\events.jsonl,1438,20260701-1800-LAPTOP-76QMG9DE,scr_smart_1782930397779_monitor_1_post.jpg | screenshots/scr_smart_1782930397779_monitor_1_post.jpg,True
ses_20260701-181413-LAPTOP-76QMG9DE,8,2026-07-01T18:26:29.186Z,2026-07-01T18:26:59.186Z,2026-07-01T18:26:40.018000+00:00,evt_962a57a2-61d3-4629-b5c8-bec018b4d712,C:\Users\Gaurav Rathod\Downloads\automation-proposal\raw_data\dataset-downloads\dataset_b-20260908T164438Z-1-001\dataset_b\ses_20260701-181413-LAPTOP-76QMG9DE\chunk_20260701-1800-LAPTOP-76QMG9DE\events.jsonl,1441,20260701-1800-LAPTOP-76QMG9DE,scr_smart_1782930400018_monitor_1_post.jpg | screenshots/scr_smart_1782930400018_monitor_1_post.jpg,True
ses_20260701-181413-LAPTOP-76QMG9DE,8,2026-07-01T18:26:29.186Z,2026-07-01T18:26:59.186Z,2026-07-01T18:26:42.657000+00:00,evt_07a2e4fb-46cc-413b-9f14-ac1511b91fab,C:\Users\Gaurav Rathod\Downloads\automation-proposal\raw_data\dataset-downloads\dataset_b-20260908T164438Z-1-001\dataset_b\ses_20260701-181413-LAPTOP-76QMG9DE\chunk_20260701-1800-LAPTOP-76QMG9DE\events.jsonl,1444,20260701-1800-LAPTOP-76QMG9DE,scr_smart_1782930402657_monitor_1_post.jpg | screenshots/scr_smart_1782930402657_monitor_1_post.jpg,True
ses_20260701-181413-LAPTOP-76QMG9DE,8,2026-07-01T18:26:29.186Z,2026-07-01T18:26:59.186Z,2026-07-01T18:26:48.511000+00:00,evt_24a4b82f-6932-45a9-8e66-4f7090efb21c,C:\Users\Gaurav Rathod\Downloads\automation-proposal\raw_data\dataset-downloads\dataset_b-20260908T164438Z-1-001\dataset_b\ses_20260701-181413-LAPTOP-76QMG9DE\chunk_20260701-1800-LAPTOP-76QMG9DE\events.jsonl,1448,20260701-1800-LAPTOP-76QMG9DE,scr_smart_1782930408511_monitor_1_post.jpg | screenshots/scr_smart_1782930408511_monitor_1_post.jpg,True
ses_20260701-181413-LAPTOP-76QMG9DE,8,2026-07-01T18:26:29.186Z,2026-07-01T18:26:59.186Z,2026-07-01T18:26:49.047000+00:00,evt_4d271ec9-22e7-4776-9e09-cd798f1f4800,C:\Users\Gaurav Rathod\Downloads\automation-proposal\raw_data\dataset-downloads\dataset_b-20260908T164438Z-1-001\dataset_b\ses_20260701-181413-LAPTOP-76QMG9DE\chunk_20260701-1800-LAPTOP-76QMG9DE\events.jsonl,1466,20260701-1800-LAPTOP-76QMG9DE,scr_smart_1782930409047_monitor_1_post.jpg | screenshots/scr_smart_1782930409047_monitor_1_post.jpg,True
ses_20260701-181413-LAPTOP-76QMG9DE,8,2026-07-01T18:26:29.186Z,2026-07-01T18:26:59.186Z,2026-07-01T18:26:49.576000+00:00,evt_60a9a57d-6806-496f-9f85-e25ed2c14985,C:\Users\Gaurav Rathod\Downloads\automation-proposal\raw_data\dataset-downloads\dataset_b-20260908T164438Z-1-001\dataset_b\ses_20260701-181413-LAPTOP-76QMG9DE\chunk_20260701-1800-LAPTOP-76QMG9DE\events.jsonl,1470,20260701-1800-LAPTOP-76QMG9DE,scr_smart_1782930409576_monitor_1_post.jpg | screenshots/scr_smart_1782930409576_monitor_1_post.jpg,True
ses_20260701-181413-LAPTOP-76QMG9DE,8,2026-07-01T18:26:29.186Z,2026-07-01T18:26:59.186Z,2026-07-01T18:26:50.808000+00:00,evt_78d0030d-761d-4a67-b972-b81deae5366c,C:\Users\Gaurav Rathod\Downloads\automation-proposal\raw_data\dataset-downloads\dataset_b-20260908T164438Z-1-001\dataset_b\ses_20260701-181413-LAPTOP-76QMG9DE\chunk_20260701-1800-LAPTOP-76QMG9DE\events.jsonl,1474,20260701-1800-LAPTOP-76QMG9DE,scr_smart_1782930410808_monitor_1_post.jpg | screenshots/scr_smart_1782930410808_monitor_1_post.jpg,True
ses_20260701-181413-LAPTOP-76QMG9DE,8,2026-07-01T18:26:29.186Z,2026-07-01T18:26:59.186Z,2026-07-01T18:26:52.139000+00:00,evt_bdd7a26d-135c-48ef-a905-fc2486051bb3,C:\Users\Gaurav Rathod\Downloads\automation-proposal\raw_data\dataset-downloads\dataset_b-20260908T164438Z-1-001\dataset_b\ses_20260701-181413-LAPTOP-76QMG9DE\chunk_20260701-1800-LAPTOP-76QMG9DE\events.jsonl,1479,20260701-1800-LAPTOP-76QMG9DE,scr_smart_1782930412139_monitor_1_post.jpg | screenshots/scr_smart_1782930412139_monitor_1_post.jpg,True
ses_20260701-181413-LAPTOP-76QMG9DE,8,2026-07-01T18:26:29.186Z,2026-07-01T18:26:59.186Z,2026-07-01T18:26:52.666000+00:00,evt_8c808059-9345-4356-8177-964013e11ccb,C:\Users\Gaurav Rathod\Downloads\automation-proposal\raw_data\dataset-downloads\dataset_b-20260908T164438Z-1-001\dataset_b\ses_20260701-181413-LAPTOP-76QMG9DE\chunk_20260701-1800-LAPTOP-76QMG9DE\events.jsonl,1482,20260701-1800-LAPTOP-76QMG9DE,scr_smart_1782930412666_monitor_1_post.jpg | screenshots/scr_smart_1782930412666_monitor_1_post.jpg,True
ses_20260701-181413-LAPTOP-76QMG9DE,8,2026-07-01T18:26:29.186Z,2026-07-01T18:26:59.186Z,2026-07-01T18:26:55.405000+00:00,evt_0f6aca66-04da-420a-b0eb-77e2aa834a44,C:\Users\Gaurav Rathod\Downloads\automation-proposal\raw_data\dataset-downloads\dataset_b-20260908T164438Z-1-001\dataset_b\ses_20260701-181413-LAPTOP-76QMG9DE\chunk_20260701-1800-LAPTOP-76QMG9DE\events.jsonl,1485,20260701-1800-LAPTOP-76QMG9DE,scr_smart_1782930415405_monitor_1_post.jpg | screenshots/scr_smart_1782930415405_monitor_1_post.jpg,True
ses_20260701-181413-LAPTOP-76QMG9DE,8,2026-07-01T18:26:29.186Z,2026-07-01T18:26:59.186Z,2026-07-01T18:26:56.737000+00:00,evt_7e52eeb1-d0ac-4c13-9b75-6a5c3ff1e455,C:\Users\Gaurav Rathod\Downloads\automation-proposal\raw_data\dataset-downloads\dataset_b-20260908T164438Z-1-001\dataset_b\ses_20260701-181413-LAPTOP-76QMG9DE\chunk_20260701-1800-LAPTOP-76QMG9DE\events.jsonl,1488,20260701-1800-LAPTOP-76QMG9DE,scr_smart_1782930416737_monitor_1_post.jpg | screenshots/scr_smart_1782930416737_monitor_1_post.jpg,True
ses_20260701-181413-LAPTOP-76QMG9DE,8,2026-07-01T18:26:29.186Z,2026-07-01T18:26:59.186Z,2026-07-01T18:26:57.264000+00:00,evt_539c9056-2c49-4f17-bc8a-cac9cdf6283e,C:\Users\Gaurav Rathod\Downloads\automation-proposal\raw_data\dataset-downloads\dataset_b-20260908T164438Z-1-001\dataset_b\ses_20260701-181413-LAPTOP-76QMG9DE\chunk_20260701-1800-LAPTOP-76QMG9DE\events.jsonl,1490,20260701-1800-LAPTOP-76QMG9DE,scr_smart_1782930417264_monitor_1_post.jpg | screenshots/scr_smart_1782930417264_monitor_1_post.jpg,True
ses_20260701-181413-LAPTOP-76QMG9DE,8,2026-07-01T18:26:29.186Z,2026-07-01T18:26:59.186Z,2026-07-01T18:26:57.793000+00:00,evt_2f6ade69-b64a-4719-83e2-366e1b8c87be,C:\Users\Gaurav Rathod\Downloads\automation-proposal\raw_data\dataset-downloads\dataset_b-20260908T164438Z-1-001\dataset_b\ses_20260701-181413-LAPTOP-76QMG9DE\chunk_20260701-1800-LAPTOP-76QMG9DE\events.jsonl,1496,20260701-1800-LAPTOP-76QMG9DE,scr_smart_1782930417793_monitor_1_post.jpg | screenshots/scr_smart_1782930417793_monitor_1_post.jpg,True
ses_20260701-181413-LAPTOP-76QMG9DE,9,2026-07-01T18:26:59.186Z,2026-07-01T18:27:18.448Z,2026-07-01T18:26:59.925000+00:00,evt_7aad1503-6e4e-4857-b4f0-a6d893ad90e4,C:\Users\Gaurav Rathod\Downloads\automation-proposal\raw_data\dataset-downloads\dataset_b-20260908T164438Z-1-001\dataset_b\ses_20260701-181413-LAPTOP-76QMG9DE\chunk_20260701-1800-LAPTOP-76QMG9DE\events.jsonl,1499,20260701-1800-LAPTOP-76QMG9DE,scr_smart_1782930419925_monitor_1_post.jpg | screenshots/scr_smart_1782930419925_monitor_1_post.jpg,True
ses_20260701-181413-LAPTOP-76QMG9DE,9,2026-07-01T18:26:59.186Z,2026-07-01T18:27:18.448Z,2026-07-01T18:27:04.372000+00:00,evt_3d776c89-8cdd-49f2-8504-0548e965b6e3,C:\Users\Gaurav Rathod\Downloads\automation-proposal\raw_data\dataset-downloads\dataset_b-20260908T164438Z-1-001\dataset_b\ses_20260701-181413-LAPTOP-76QMG9DE\chunk_20260701-1800-LAPTOP-76QMG9DE\events.jsonl,1502,20260701-1800-LAPTOP-76QMG9DE,scr_smart_1782930424372_monitor_1_post.jpg | screenshots/scr_smart_1782930424372_monitor_1_post.jpg,True
ses_20260701-181413-LAPTOP-76QMG9DE,9,2026-07-01T18:26:59.186Z,2026-07-01T18:27:18.448Z,2026-07-01T18:27:05.403000+00:00,evt_f55e4892-4b01-402f-a347-7b26f2c04554,C:\Users\Gaurav Rathod\Downloads\automation-proposal\raw_data\dataset-downloads\dataset_b-20260908T164438Z-1-001\dataset_b\ses_20260701-181413-LAPTOP-76QMG9DE\chunk_20260701-1800-LAPTOP-76QMG9DE\events.jsonl,1505,20260701-1800-LAPTOP-76QMG9DE,scr_smart_1782930425403_monitor_1_post.jpg | screenshots/scr_smart_1782930425403_monitor_1_post.jpg,True
ses_20260701-181413-LAPTOP-76QMG9DE,9,2026-07-01T18:26:59.186Z,2026-07-01T18:27:18.448Z,2026-07-01T18:27:07.142000+00:00,evt_64893615-7865-45fc-baa1-81e97df7328e,C:\Users\Gaurav Rathod\Downloads\automation-proposal\raw_data\dataset-downloads\dataset_b-20260908T164438Z-1-001\dataset_b\ses_20260701-181413-LAPTOP-76QMG9DE\chunk_20260701-1800-LAPTOP-76QMG9DE\events.jsonl,1509,20260701-1800-LAPTOP-76QMG9DE,scr_smart_1782930427142_monitor_1_post.jpg | screenshots/scr_smart_1782930427142_monitor_1_post.jpg,True
ses_20260701-181413-LAPTOP-76QMG9DE,9,2026-07-01T18:26:59.186Z,2026-07-01T18:27:18.448Z,2026-07-01T18:27:14.292000+00:00,evt_9c87b63f-4c2f-4fff-a5aa-71ce9b8318f2,C:\Users\Gaurav Rathod\Downloads\automation-proposal\raw_data\dataset-downloads\dataset_b-20260908T164438Z-1-001\dataset_b\ses_20260701-181413-LAPTOP-76QMG9DE\chunk_20260701-1800-LAPTOP-76QMG9DE\events.jsonl,1512,20260701-1800-LAPTOP-76QMG9DE,scr_smart_1782930434292_monitor_1_post.jpg | screenshots/scr_smart_1782930434292_monitor_1_post.jpg,True
ses_20260701-181413-LAPTOP-76QMG9DE,9,2026-07-01T18:26:59.186Z,2026-07-01T18:27:18.448Z,2026-07-01T18:27:16.030000+00:00,evt_0dcb8d77-0d61-4549-9392-33a7bc0a0ac0,C:\Users\Gaurav Rathod\Downloads\automation-proposal\raw_data\dataset-downloads\dataset_b-20260908T164438Z-1-001\dataset_b\ses_20260701-181413-LAPTOP-76QMG9DE\chunk_20260701-1800-LAPTOP-76QMG9DE\events.jsonl,1516,20260701-1800-LAPTOP-76QMG9DE,scr_smart_1782930436030_monitor_1_post.jpg | screenshots/scr_smart_1782930436030_monitor_1_post.jpg,True
ses_20260701-181913-SIDDHIGUPTAB00B,1,2026-07-01T18:20:35.159Z,2026-07-01T18:20:51.159Z,2026-07-01T18:20:38.395000+00:00,evt_98ed7cf5-5370-46a8-ad9c-8db69c19f5b1,C:\Users\Gaurav Rathod\Downloads\automation-proposal\raw_data\dataset-downloads\dataset_b-20260908T164438Z-1-001\dataset_b\ses_20260701-181913-SIDDHIGUPTAB00B\chunk_20260701-1800-SIDDHIGUPTAB00B\events.jsonl,172,20260701-1800-SIDDHIGUPTAB00B,scr_smart_1782930038395_monitor_1_post.jpg | screenshots/scr_smart_1782930038395_monitor_1_post.jpg,True
ses_20260701-181913-SIDDHIGUPTAB00B,1,2026-07-01T18:20:35.159Z,2026-07-01T18:20:51.159Z,2026-07-01T18:20:38.964000+00:00,evt_2f382507-0e34-432e-af21-9108137c15b3,C:\Users\Gaurav Rathod\Downloads\automation-proposal\raw_data\dataset-downloads\dataset_b-20260908T164438Z-1-001\dataset_b\ses_20260701-181913-SIDDHIGUPTAB00B\chunk_20260701-1800-SIDDHIGUPTAB00B\events.jsonl,174,20260701-1800-SIDDHIGUPTAB00B,scr_smart_1782930038964_monitor_1_post.jpg | screenshots/scr_smart_1782930038964_monitor_1_post.jpg,True
ses_20260701-181913-SIDDHIGUPTAB00B,1,2026-07-01T18:20:35.159Z,2026-07-01T18:20:51.159Z,2026-07-01T18:20:40.938000+00:00,evt_e219a135-161c-4f43-ab70-6728187f4c3d,C:\Users\Gaurav Rathod\Downloads\automation-proposal\raw_data\dataset-downloads\dataset_b-20260908T164438Z-1-001\dataset_b\ses_20260701-181913-SIDDHIGUPTAB00B\chunk_20260701-1800-SIDDHIGUPTAB00B\events.jsonl,177,20260701-1800-SIDDHIGUPTAB00B,scr_smart_1782930040938_monitor_1_post.jpg | screenshots/scr_smart_1782930040938_monitor_1_post.jpg,True
ses_20260701-181913-SIDDHIGUPTAB00B,1,2026-07-01T18:20:35.159Z,2026-07-01T18:20:51.159Z,2026-07-01T18:20:45.059000+00:00,evt_663c9d58-38b7-46fa-bab7-ee9bc0f50ff3,C:\Users\Gaurav Rathod\Downloads\automation-proposal\raw_data\dataset-downloads\dataset_b-20260908T164438Z-1-001\dataset_b\ses_20260701-181913-SIDDHIGUPTAB00B\chunk_20260701-1800-SIDDHIGUPTAB00B\events.jsonl,180,20260701-1800-SIDDHIGUPTAB00B,scr_smart_1782930045059_monitor_1_post.jpg | screenshots/scr_smart_1782930045059_monitor_1_post.jpg,True
ses_20260701-181913-SIDDHIGUPTAB00B,1,2026-07-01T18:20:35.159Z,2026-07-01T18:20:51.159Z,2026-07-01T18:20:46.178000+00:00,evt_61534526-ba4a-4509-b714-7c42bf9d678a,C:\Users\Gaurav Rathod\Downloads\automation-proposal\raw_data\dataset-downloads\dataset_b-20260908T164438Z-1-001\dataset_b\ses_20260701-181913-SIDDHIGUPTAB00B\chunk_20260701-1800-SIDDHIGUPTAB00B\events.jsonl,187,20260701-1800-SIDDHIGUPTAB00B,scr_smart_1782930046178_monitor_1_post.jpg | screenshots/scr_smart_1782930046178_monitor_1_post.jpg,True
ses_20260701-181913-SIDDHIGUPTAB00B,1,2026-07-01T18:20:35.159Z,2026-07-01T18:20:51.159Z,2026-07-01T18:20:48.251000+00:00,evt_5d020940-d060-4e7b-abba-cfb84324c1e9,C:\Users\Gaurav Rathod\Downloads\automation-proposal\raw_data\dataset-downloads\dataset_b-20260908T164438Z-1-001\dataset_b\ses_20260701-181913-SIDDHIGUPTAB00B\chunk_20260701-1800-SIDDHIGUPTAB00B\events.jsonl,190,20260701-1800-SIDDHIGUPTAB00B,scr_smart_1782930048251_monitor_1_post.jpg | screenshots/scr_smart_1782930048251_monitor_1_post.jpg,True
ses_20260701-181913-SIDDHIGUPTAB00B,2,2026-07-01T18:20:51.159Z,2026-07-01T18:21:15.159Z,2026-07-01T18:20:51.862000+00:00,evt_a39fb49b-b90d-4a43-a078-10994dca3823,C:\Users\Gaurav Rathod\Downloads\automation-proposal\raw_data\dataset-downloads\dataset_b-20260908T164438Z-1-001\dataset_b\ses_20260701-181913-SIDDHIGUPTAB00B\chunk_20260701-1800-SIDDHIGUPTAB00B\events.jsonl,194,20260701-1800-SIDDHIGUPTAB00B,scr_smart_1782930051862_monitor_1_post.jpg | screenshots/scr_smart_1782930051862_monitor_1_post.jpg,True
ses_20260701-181913-SIDDHIGUPTAB00B,2,2026-07-01T18:20:51.159Z,2026-07-01T18:21:15.159Z,2026-07-01T18:20:54.160000+00:00,evt_75e71eab-cf0b-43bf-b294-f5cdba79047d,C:\Users\Gaurav Rathod\Downloads\automation-proposal\raw_data\dataset-downloads\dataset_b-20260908T164438Z-1-001\dataset_b\ses_20260701-181913-SIDDHIGUPTAB00B\chunk_20260701-1800-SIDDHIGUPTAB00B\events.jsonl,197,20260701-1800-SIDDHIGUPTAB00B,scr_smart_1782930054160_monitor_1_post.jpg | screenshots/scr_smart_1782930054160_monitor_1_post.jpg,True
ses_20260701-181913-SIDDHIGUPTAB00B,2,2026-07-01T18:20:51.159Z,2026-07-01T18:21:15.159Z,2026-07-01T18:20:58.207000+00:00,evt_b42412c5-0cba-43b7-8fcd-9345fd76f80c,C:\Users\Gaurav Rathod\Downloads\automation-proposal\raw_data\dataset-downloads\dataset_b-20260908T164438Z-1-001\dataset_b\ses_20260701-181913-SIDDHIGUPTAB00B\chunk_20260701-1800-SIDDHIGUPTAB00B\events.jsonl,199,20260701-1800-SIDDHIGUPTAB00B,scr_smart_1782930058207_monitor_1_post.jpg | screenshots/scr_smart_1782930058207_monitor_1_post.jpg,True
ses_20260701-181913-SIDDHIGUPTAB00B,2,2026-07-01T18:20:51.159Z,2026-07-01T18:21:15.159Z,2026-07-01T18:20:59.134000+00:00,evt_94a5874e-3d31-4ed9-94e5-dd5b2b97806f,C:\Users\Gaurav Rathod\Downloads\automation-proposal\raw_data\dataset-downloads\dataset_b-20260908T164438Z-1-001\dataset_b\ses_20260701-181913-SIDDHIGUPTAB00B\chunk_20260701-1800-SIDDHIGUPTAB00B\events.jsonl,206,20260701-1800-SIDDHIGUPTAB00B,scr_smart_1782930059134_monitor_1_post.jpg | screenshots/scr_smart_1782930059134_monitor_1_post.jpg,True
ses_20260701-181913-SIDDHIGUPTAB00B,2,2026-07-01T18:20:51.159Z,2026-07-01T18:21:15.159Z,2026-07-01T18:21:01.657000+00:00,evt_f69d3807-1abf-422a-8c7f-a492c81d84a4,C:\Users\Gaurav Rathod\Downloads\automation-proposal\raw_data\dataset-downloads\dataset_b-20260908T164438Z-1-001\dataset_b\ses_20260701-181913-SIDDHIGUPTAB00B\chunk_20260701-1800-SIDDHIGUPTAB00B\events.jsonl,209,20260701-1800-SIDDHIGUPTAB00B,scr_smart_1782930061657_monitor_1_post.jpg | screenshots/scr_smart_1782930061657_monitor_1_post.jpg,True
ses_20260701-181913-SIDDHIGUPTAB00B,2,2026-07-01T18:20:51.159Z,2026-07-01T18:21:15.159Z,2026-07-01T18:21:04.985000+00:00,evt_3cda24be-44a3-4e7f-9f5f-33033825d0bf,C:\Users\Gaurav Rathod\Downloads\automation-proposal\raw_data\dataset-downloads\dataset_b-20260908T164438Z-1-001\dataset_b\ses_20260701-181913-SIDDHIGUPTAB00B\chunk_20260701-1800-SIDDHIGUPTAB00B\events.jsonl,212,20260701-1800-SIDDHIGUPTAB00B,scr_smart_1782930064985_monitor_1_post.jpg | screenshots/scr_smart_1782930064985_monitor_1_post.jpg,True
ses_20260701-181913-SIDDHIGUPTAB00B,2,2026-07-01T18:20:51.159Z,2026-07-01T18:21:15.159Z,2026-07-01T18:21:05.571000+00:00,evt_a425c6ed-aeb3-40b1-b6dc-64cfe75d3a3a,C:\Users\Gaurav Rathod\Downloads\automation-proposal\raw_data\dataset-downloads\dataset_b-20260908T164438Z-1-001\dataset_b\ses_20260701-181913-SIDDHIGUPTAB00B\chunk_20260701-1800-SIDDHIGUPTAB00B\events.jsonl,215,20260701-1800-SIDDHIGUPTAB00B,scr_smart_1782930065571_monitor_1_post.jpg | screenshots/scr_smart_1782930065571_monitor_1_post.jpg,True
ses_20260701-181913-SIDDHIGUPTAB00B,2,2026-07-01T18:20:51.159Z,2026-07-01T18:21:15.159Z,2026-07-01T18:21:06.652000+00:00,evt_6343e2ea-24b6-4e25-ae91-bbe1fefc7272,C:\Users\Gaurav Rathod\Downloads\automation-proposal\raw_data\dataset-downloads\dataset_b-20260908T164438Z-1-001\dataset_b\ses_20260701-181913-SIDDHIGUPTAB00B\chunk_20260701-1800-SIDDHIGUPTAB00B\events.jsonl,218,20260701-1800-SIDDHIGUPTAB00B,scr_smart_1782930066652_monitor_1_post.jpg | screenshots/scr_smart_1782930066652_monitor_1_post.jpg,True
ses_20260701-181913-SIDDHIGUPTAB00B,2,2026-07-01T18:20:51.159Z,2026-07-01T18:21:15.159Z,2026-07-01T18:21:07.736000+00:00,evt_b720e34d-81e2-431a-8206-2cf729e7d924,C:\Users\Gaurav Rathod\Downloads\automation-proposal\raw_data\dataset-downloads\dataset_b-20260908T164438Z-1-001\dataset_b\ses_20260701-181913-SIDDHIGUPTAB00B\chunk_20260701-1800-SIDDHIGUPTAB00B\events.jsonl,225,20260701-1800-SIDDHIGUPTAB00B,scr_smart_1782930067736_monitor_1_post.jpg | screenshots/scr_smart_1782930067736_monitor_1_post.jpg,True
ses_20260701-181913-SIDDHIGUPTAB00B,2,2026-07-01T18:20:51.159Z,2026-07-01T18:21:15.159Z,2026-07-01T18:21:09.850000+00:00,evt_2b101b5b-1ee2-4791-b81b-32db1a250cf3,C:\Users\Gaurav Rathod\Downloads\automation-proposal\raw_data\dataset-downloads\dataset_b-20260908T164438Z-1-001\dataset_b\ses_20260701-181913-SIDDHIGUPTAB00B\chunk_20260701-1800-SIDDHIGUPTAB00B\events.jsonl,228,20260701-1800-SIDDHIGUPTAB00B,scr_smart_1782930069850_monitor_1_post.jpg | screenshots/scr_smart_1782930069850_monitor_1_post.jpg,True
ses_20260701-181913-SIDDHIGUPTAB00B,3,2026-07-01T18:27:09.159Z,2026-07-01T18:27:35.159Z,2026-07-01T18:27:11.913000+00:00,evt_01a4a20a-4342-4c9c-a0d6-b00a6807c138,C:\Users\Gaurav Rathod\Downloads\automation-proposal\raw_data\dataset-downloads\dataset_b-20260908T164438Z-1-001\dataset_b\ses_20260701-181913-SIDDHIGUPTAB00B\chunk_20260701-1800-SIDDHIGUPTAB00B\events.jsonl,909,20260701-1800-SIDDHIGUPTAB00B,scr_smart_1782930431913_monitor_1_post.jpg | screenshots/scr_smart_1782930431913_monitor_1_post.jpg,True
ses_20260701-181913-SIDDHIGUPTAB00B,3,2026-07-01T18:27:09.159Z,2026-07-01T18:27:35.159Z,2026-07-01T18:27:13.734000+00:00,evt_665028ff-5ab6-4608-88eb-d9b9dda8b787,C:\Users\Gaurav Rathod\Downloads\automation-proposal\raw_data\dataset-downloads\dataset_b-20260908T164438Z-1-001\dataset_b\ses_20260701-181913-SIDDHIGUPTAB00B\chunk_20260701-1800-SIDDHIGUPTAB00B\events.jsonl,912,20260701-1800-SIDDHIGUPTAB00B,scr_smart_1782930433734_monitor_1_post.jpg | screenshots/scr_smart_1782930433734_monitor_1_post.jpg,True
ses_20260701-181913-SIDDHIGUPTAB00B,3,2026-07-01T18:27:09.159Z,2026-07-01T18:27:35.159Z,2026-07-01T18:27:16.884000+00:00,evt_853fc8cf-2915-4179-97a0-9a8bf1f9bba3,C:\Users\Gaurav Rathod\Downloads\automation-proposal\raw_data\dataset-downloads\dataset_b-20260908T164438Z-1-001\dataset_b\ses_20260701-181913-SIDDHIGUPTAB00B\chunk_20260701-1800-SIDDHIGUPTAB00B\events.jsonl,914,20260701-1800-SIDDHIGUPTAB00B,scr_smart_1782930436884_monitor_1_post.jpg | screenshots/scr_smart_1782930436884_monitor_1_post.jpg,True
ses_20260701-181913-SIDDHIGUPTAB00B,3,2026-07-01T18:27:09.159Z,2026-07-01T18:27:35.159Z,2026-07-01T18:27:17.376000+00:00,evt_8bbd15de-781f-4dc6-9a42-fe691c592a40,C:\Users\Gaurav Rathod\Downloads\automation-proposal\raw_data\dataset-downloads\dataset_b-20260908T164438Z-1-001\dataset_b\ses_20260701-181913-SIDDHIGUPTAB00B\chunk_20260701-1800-SIDDHIGUPTAB00B\events.jsonl,916,20260701-1800-SIDDHIGUPTAB00B,scr_smart_1782930437376_monitor_1_post.jpg | screenshots/scr_smart_1782930437376_monitor_1_post.jpg,True
ses_20260701-181913-SIDDHIGUPTAB00B,3,2026-07-01T18:27:09.159Z,2026-07-01T18:27:35.159Z,2026-07-01T18:27:17.863000+00:00,evt_7635bfe3-2f03-498c-b9c0-f782ee44b23d,C:\Users\Gaurav Rathod\Downloads\automation-proposal\raw_data\dataset-downloads\dataset_b-20260908T164438Z-1-001\dataset_b\ses_20260701-181913-SIDDHIGUPTAB00B\chunk_20260701-1800-SIDDHIGUPTAB00B\events.jsonl,922,20260701-1800-SIDDHIGUPTAB00B,scr_smart_1782930437863_monitor_1_post.jpg | screenshots/scr_smart_1782930437863_monitor_1_post.jpg,True
ses_20260701-181913-SIDDHIGUPTAB00B,3,2026-07-01T18:27:09.159Z,2026-07-01T18:27:35.159Z,2026-07-01T18:27:20.072000+00:00,evt_64f3d098-3f0e-4fa0-bd50-447f7a2f5f55,C:\Users\Gaurav Rathod\Downloads\automation-proposal\raw_data\dataset-downloads\dataset_b-20260908T164438Z-1-001\dataset_b\ses_20260701-181913-SIDDHIGUPTAB00B\chunk_20260701-1800-SIDDHIGUPTAB00B\events.jsonl,925,20260701-1800-SIDDHIGUPTAB00B,scr_smart_1782930440072_monitor_1_post.jpg | screenshots/scr_smart_1782930440072_monitor_1_post.jpg,True
ses_20260701-181913-SIDDHIGUPTAB00B,3,2026-07-01T18:27:09.159Z,2026-07-01T18:27:35.159Z,2026-07-01T18:27:24.030000+00:00,evt_a7beb852-1ba0-492d-86e9-e5713eb03426,C:\Users\Gaurav Rathod\Downloads\automation-proposal\raw_data\dataset-downloads\dataset_b-20260908T164438Z-1-001\dataset_b\ses_20260701-181913-SIDDHIGUPTAB00B\chunk_20260701-1800-SIDDHIGUPTAB00B\events.jsonl,929,20260701-1800-SIDDHIGUPTAB00B,scr_smart_1782930444030_monitor_1_post.jpg | screenshots/scr_smart_1782930444030_monitor_1_post.jpg,True
ses_20260701-181913-SIDDHIGUPTAB00B,3,2026-07-01T18:27:09.159Z,2026-07-01T18:27:35.159Z,2026-07-01T18:27:25.050000+00:00,evt_2e54e002-cb40-4cd1-bcf8-84185bc4a814,C:\Users\Gaurav Rathod\Downloads\automation-proposal\raw_data\dataset-downloads\dataset_b-20260908T164438Z-1-001\dataset_b\ses_20260701-181913-SIDDHIGUPTAB00B\chunk_20260701-1800-SIDDHIGUPTAB00B\events.jsonl,932,20260701-1800-SIDDHIGUPTAB00B,scr_smart_1782930445050_monitor_1_post.jpg | screenshots/scr_smart_1782930445050_monitor_1_post.jpg,True
ses_20260701-181913-SIDDHIGUPTAB00B,3,2026-07-01T18:27:09.159Z,2026-07-01T18:27:35.159Z,2026-07-01T18:27:25.641000+00:00,evt_2a037e97-0599-4acb-b581-c824bcde95b0,C:\Users\Gaurav Rathod\Downloads\automation-proposal\raw_data\dataset-downloads\dataset_b-20260908T164438Z-1-001\dataset_b\ses_20260701-181913-SIDDHIGUPTAB00B\chunk_20260701-1800-SIDDHIGUPTAB00B\events.jsonl,934,20260701-1800-SIDDHIGUPTAB00B,scr_smart_1782930445641_monitor_1_post.jpg | screenshots/scr_smart_1782930445641_monitor_1_post.jpg,True
ses_20260701-181913-SIDDHIGUPTAB00B,3,2026-07-01T18:27:09.159Z,2026-07-01T18:27:35.159Z,2026-07-01T18:27:26.223000+00:00,evt_f2fcf088-a5b2-4d2d-ac7e-44422a0471a8,C:\Users\Gaurav Rathod\Downloads\automation-proposal\raw_data\dataset-downloads\dataset_b-20260908T164438Z-1-001\dataset_b\ses_20260701-181913-SIDDHIGUPTAB00B\chunk_20260701-1800-SIDDHIGUPTAB00B\events.jsonl,940,20260701-1800-SIDDHIGUPTAB00B,scr_smart_1782930446223_monitor_1_post.jpg | screenshots/scr_smart_1782930446223_monitor_1_post.jpg,True
ses_20260701-181913-SIDDHIGUPTAB00B,3,2026-07-01T18:27:09.159Z,2026-07-01T18:27:35.159Z,2026-07-01T18:27:28.553000+00:00,evt_350cc5f7-4097-40e9-b2a7-4cea5360aa7d,C:\Users\Gaurav Rathod\Downloads\automation-proposal\raw_data\dataset-downloads\dataset_b-20260908T164438Z-1-001\dataset_b\ses_20260701-181913-SIDDHIGUPTAB00B\chunk_20260701-1800-SIDDHIGUPTAB00B\events.jsonl,943,20260701-1800-SIDDHIGUPTAB00B,scr_smart_1782930448553_monitor_1_post.jpg | screenshots/scr_smart_1782930448553_monitor_1_post.jpg,True
ses_20260701-181913-SIDDHIGUPTAB00B,3,2026-07-01T18:27:09.159Z,2026-07-01T18:27:35.159Z,2026-07-01T18:27:32.488000+00:00,evt_c1d2627d-448e-4b6f-bf4d-ceed559aeac6,C:\Users\Gaurav Rathod\Downloads\automation-proposal\raw_data\dataset-downloads\dataset_b-20260908T164438Z-1-001\dataset_b\ses_20260701-181913-SIDDHIGUPTAB00B\chunk_20260701-1800-SIDDHIGUPTAB00B\events.jsonl,947,20260701-1800-SIDDHIGUPTAB00B,scr_smart_1782930452488_monitor_1_post.jpg | screenshots/scr_smart_1782930452488_monitor_1_post.jpg,True
ses_20260701-181913-SIDDHIGUPTAB00B,3,2026-07-01T18:27:09.159Z,2026-07-01T18:27:35.159Z,2026-07-01T18:27:33.686000+00:00,evt_b2444454-81b3-42d3-8c96-fdc2bd1618b9,C:\Users\Gaurav Rathod\Downloads\automation-proposal\raw_data\dataset-downloads\dataset_b-20260908T164438Z-1-001\dataset_b\ses_20260701-181913-SIDDHIGUPTAB00B\chunk_20260701-1800-SIDDHIGUPTAB00B\events.jsonl,950,20260701-1800-SIDDHIGUPTAB00B,scr_smart_1782930453686_monitor_1_post.jpg | screenshots/scr_smart_1782930453686_monitor_1_post.jpg,True
ses_20260701-181913-SIDDHIGUPTAB00B,3,2026-07-01T18:27:09.159Z,2026-07-01T18:27:35.159Z,2026-07-01T18:27:34.574000+00:00,evt_aa2a27b3-b5cc-4898-aa58-4bfbea6c3288,C:\Users\Gaurav Rathod\Downloads\automation-proposal\raw_data\dataset-downloads\dataset_b-20260908T164438Z-1-001\dataset_b\ses_20260701-181913-SIDDHIGUPTAB00B\chunk_20260701-1800-SIDDHIGUPTAB00B\events.jsonl,957,20260701-1800-SIDDHIGUPTAB00B,scr_smart_1782930454574_monitor_1_post.jpg | screenshots/scr_smart_1782930454574_monitor_1_post.jpg,True
ses_20260701-181913-SIDDHIGUPTAB00B,4,2026-07-01T18:27:35.159Z,2026-07-01T18:27:45.159Z,2026-07-01T18:27:36.871000+00:00,evt_704e23ae-496f-402b-bded-c9e791489011,C:\Users\Gaurav Rathod\Downloads\automation-proposal\raw_data\dataset-downloads\dataset_b-20260908T164438Z-1-001\dataset_b\ses_20260701-181913-SIDDHIGUPTAB00B\chunk_20260701-1800-SIDDHIGUPTAB00B\events.jsonl,960,20260701-1800-SIDDHIGUPTAB00B,scr_smart_1782930456871_monitor_1_post.jpg | screenshots/scr_smart_1782930456871_monitor_1_post.jpg,True
ses_20260701-181913-SIDDHIGUPTAB00B,4,2026-07-01T18:27:35.159Z,2026-07-01T18:27:45.159Z,2026-07-01T18:27:42.387000+00:00,evt_ad675975-8688-45ab-8292-f0e36578ae9f,C:\Users\Gaurav Rathod\Downloads\automation-proposal\raw_data\dataset-downloads\dataset_b-20260908T164438Z-1-001\dataset_b\ses_20260701-181913-SIDDHIGUPTAB00B\chunk_20260701-1800-SIDDHIGUPTAB00B\events.jsonl,964,20260701-1800-SIDDHIGUPTAB00B,scr_smart_1782930462387_monitor_1_post.jpg | screenshots/scr_smart_1782930462387_monitor_1_post.jpg,True
ses_20260701-181913-SIDDHIGUPTAB00B,5,2026-07-01T18:27:45.159Z,2026-07-01T18:28:23.159Z,2026-07-01T18:27:47.636000+00:00,evt_116d19a2-3b13-488e-9bfe-fdcbc997debd,C:\Users\Gaurav Rathod\Downloads\automation-proposal\raw_data\dataset-downloads\dataset_b-20260908T164438Z-1-001\dataset_b\ses_20260701-181913-SIDDHIGUPTAB00B\chunk_20260701-1800-SIDDHIGUPTAB00B\events.jsonl,970,20260701-1800-SIDDHIGUPTAB00B,scr_smart_1782930467636_monitor_1_post.jpg | screenshots/scr_smart_1782930467636_monitor_1_post.jpg,True
ses_20260701-181913-SIDDHIGUPTAB00B,5,2026-07-01T18:27:45.159Z,2026-07-01T18:28:23.159Z,2026-07-01T18:27:49.263000+00:00,evt_10e1ccf5-1c91-4879-8884-022ca1fde193,C:\Users\Gaurav Rathod\Downloads\automation-proposal\raw_data\dataset-downloads\dataset_b-20260908T164438Z-1-001\dataset_b\ses_20260701-181913-SIDDHIGUPTAB00B\chunk_20260701-1800-SIDDHIGUPTAB00B\events.jsonl,972,20260701-1800-SIDDHIGUPTAB00B,scr_smart_1782930469263_monitor_1_post.jpg | screenshots/scr_smart_1782930469263_monitor_1_post.jpg,True
ses_20260701-181913-SIDDHIGUPTAB00B,5,2026-07-01T18:27:45.159Z,2026-07-01T18:28:23.159Z,2026-07-01T18:27:49.817000+00:00,evt_f2e5471c-6ff6-4c13-a26e-d6247a692aad,C:\Users\Gaurav Rathod\Downloads\automation-proposal\raw_data\dataset-downloads\dataset_b-20260908T164438Z-1-001\dataset_b\ses_20260701-181913-SIDDHIGUPTAB00B\chunk_20260701-1800-SIDDHIGUPTAB00B\events.jsonl,974,20260701-1800-SIDDHIGUPTAB00B,scr_smart_1782930469817_monitor_1_post.jpg | screenshots/scr_smart_1782930469817_monitor_1_post.jpg,True
ses_20260701-181913-SIDDHIGUPTAB00B,5,2026-07-01T18:27:45.159Z,2026-07-01T18:28:23.159Z,2026-07-01T18:27:51.498000+00:00,evt_96c25441-94a3-4981-8b1d-fd35327c4adb,C:\Users\Gaurav Rathod\Downloads\automation-proposal\raw_data\dataset-downloads\dataset_b-20260908T164438Z-1-001\dataset_b\ses_20260701-181913-SIDDHIGUPTAB00B\chunk_20260701-1800-SIDDHIGUPTAB00B\events.jsonl,980,20260701-1800-SIDDHIGUPTAB00B,scr_smart_1782930471498_monitor_1_post.jpg | screenshots/scr_smart_1782930471498_monitor_1_post.jpg,True
ses_20260701-181913-SIDDHIGUPTAB00B,5,2026-07-01T18:27:45.159Z,2026-07-01T18:28:23.159Z,2026-07-01T18:27:56.915000+00:00,evt_bdfe4bb5-1901-41de-bd27-dd35cb4347e2,C:\Users\Gaurav Rathod\Downloads\automation-proposal\raw_data\dataset-downloads\dataset_b-20260908T164438Z-1-001\dataset_b\ses_20260701-181913-SIDDHIGUPTAB00B\chunk_20260701-1800-SIDDHIGUPTAB00B\events.jsonl,982,20260701-1800-SIDDHIGUPTAB00B,scr_smart_1782930476915_monitor_1_post.jpg | screenshots/scr_smart_1782930476915_monitor_1_post.jpg,True
ses_20260701-181913-SIDDHIGUPTAB00B,5,2026-07-01T18:27:45.159Z,2026-07-01T18:28:23.159Z,2026-07-01T18:27:58.723000+00:00,evt_d6dc77eb-3889-4e85-9dbc-ea32a4b6f43b,C:\Users\Gaurav Rathod\Downloads\automation-proposal\raw_data\dataset-downloads\dataset_b-20260908T164438Z-1-001\dataset_b\ses_20260701-181913-SIDDHIGUPTAB00B\chunk_20260701-1800-SIDDHIGUPTAB00B\events.jsonl,988,20260701-1800-SIDDHIGUPTAB00B,scr_smart_1782930478723_monitor_1_post.jpg | screenshots/scr_smart_1782930478723_monitor_1_post.jpg,True
ses_20260701-181913-SIDDHIGUPTAB00B,5,2026-07-01T18:27:45.159Z,2026-07-01T18:28:23.159Z,2026-07-01T18:28:02.140000+00:00,evt_058832c4-e673-4bb4-804a-619b8d675574,C:\Users\Gaurav Rathod\Downloads\automation-proposal\raw_data\dataset-downloads\dataset_b-20260908T164438Z-1-001\dataset_b\ses_20260701-181913-SIDDHIGUPTAB00B\chunk_20260701-1800-SIDDHIGUPTAB00B\events.jsonl,993,20260701-1800-SIDDHIGUPTAB00B,scr_smart_1782930482140_monitor_1_post.jpg | screenshots/scr_smart_1782930482140_monitor_1_post.jpg,True
ses_20260701-181913-SIDDHIGUPTAB00B,5,2026-07-01T18:27:45.159Z,2026-07-01T18:28:23.159Z,2026-07-01T18:28:02.625000+00:00,evt_95822f44-23cb-4b9e-bba8-b2171fc66e48,C:\Users\Gaurav Rathod\Downloads\automation-proposal\raw_data\dataset-downloads\dataset_b-20260908T164438Z-1-001\dataset_b\ses_20260701-181913-SIDDHIGUPTAB00B\chunk_20260701-1800-SIDDHIGUPTAB00B\events.jsonl,998,20260701-1800-SIDDHIGUPTAB00B,scr_smart_1782930482625_monitor_1_post.jpg | screenshots/scr_smart_1782930482625_monitor_1_post.jpg,True
ses_20260701-181913-SIDDHIGUPTAB00B,5,2026-07-01T18:27:45.159Z,2026-07-01T18:28:23.159Z,2026-07-01T18:28:08.962000+00:00,evt_14a1c491-f503-4d18-943e-5c0eff141aa8,C:\Users\Gaurav Rathod\Downloads\automation-proposal\raw_data\dataset-downloads\dataset_b-20260908T164438Z-1-001\dataset_b\ses_20260701-181913-SIDDHIGUPTAB00B\chunk_20260701-1800-SIDDHIGUPTAB00B\events.jsonl,1000,20260701-1800-SIDDHIGUPTAB00B,scr_smart_1782930488962_monitor_1_post.jpg | screenshots/scr_smart_1782930488962_monitor_1_post.jpg,True
ses_20260701-181913-SIDDHIGUPTAB00B,5,2026-07-01T18:27:45.159Z,2026-07-01T18:28:23.159Z,2026-07-01T18:28:10.021000+00:00,evt_c334be2d-3f2b-4829-8f30-80099f457fe2,C:\Users\Gaurav Rathod\Downloads\automation-proposal\raw_data\dataset-downloads\dataset_b-20260908T164438Z-1-001\dataset_b\ses_20260701-181913-SIDDHIGUPTAB00B\chunk_20260701-1800-SIDDHIGUPTAB00B\events.jsonl,1003,20260701-1800-SIDDHIGUPTAB00B,scr_smart_1782930490021_monitor_1_post.jpg | screenshots/scr_smart_1782930490021_monitor_1_post.jpg,True
ses_20260701-181913-SIDDHIGUPTAB00B,5,2026-07-01T18:27:45.159Z,2026-07-01T18:28:23.159Z,2026-07-01T18:28:10.897000+00:00,evt_a5c58cfd-df1d-4d4a-bcb4-88aa67025966,C:\Users\Gaurav Rathod\Downloads\automation-proposal\raw_data\dataset-downloads\dataset_b-20260908T164438Z-1-001\dataset_b\ses_20260701-181913-SIDDHIGUPTAB00B\chunk_20260701-1800-SIDDHIGUPTAB00B\events.jsonl,1010,20260701-1800-SIDDHIGUPTAB00B,scr_smart_1782930490897_monitor_1_post.jpg | screenshots/scr_smart_1782930490897_monitor_1_post.jpg,True
ses_20260701-181913-SIDDHIGUPTAB00B,5,2026-07-01T18:27:45.159Z,2026-07-01T18:28:23.159Z,2026-07-01T18:28:13.501000+00:00,evt_b8d69b83-ee0e-4d0b-a622-3ba216b9c420,C:\Users\Gaurav Rathod\Downloads\automation-proposal\raw_data\dataset-downloads\dataset_b-20260908T164438Z-1-001\dataset_b\ses_20260701-181913-SIDDHIGUPTAB00B\chunk_20260701-1800-SIDDHIGUPTAB00B\events.jsonl,1013,20260701-1800-SIDDHIGUPTAB00B,scr_smart_1782930493501_monitor_1_post.jpg | screenshots/scr_smart_1782930493501_monitor_1_post.jpg,True
ses_20260701-181913-SIDDHIGUPTAB00B,5,2026-07-01T18:27:45.159Z,2026-07-01T18:28:23.159Z,2026-07-01T18:28:17.149000+00:00,evt_29e78c31-c8d1-4036-ba67-17db1592172e,C:\Users\Gaurav Rathod\Downloads\automation-proposal\raw_data\dataset-downloads\dataset_b-20260908T164438Z-1-001\dataset_b\ses_20260701-181913-SIDDHIGUPTAB00B\chunk_20260701-1800-SIDDHIGUPTAB00B\events.jsonl,1016,20260701-1800-SIDDHIGUPTAB00B,scr_smart_1782930497149_monitor_1_post.jpg | screenshots/scr_smart_1782930497149_monitor_1_post.jpg,True
ses_20260701-181913-SIDDHIGUPTAB00B,5,2026-07-01T18:27:45.159Z,2026-07-01T18:28:23.159Z,2026-07-01T18:28:17.743000+00:00,evt_64054448-23c0-4822-8936-18c1549e2436,C:\Users\Gaurav Rathod\Downloads\automation-proposal\raw_data\dataset-downloads\dataset_b-20260908T164438Z-1-001\dataset_b\ses_20260701-181913-SIDDHIGUPTAB00B\chunk_20260701-1800-SIDDHIGUPTAB00B\events.jsonl,1019,20260701-1800-SIDDHIGUPTAB00B,scr_smart_1782930497743_monitor_1_post.jpg | screenshots/scr_smart_1782930497743_monitor_1_post.jpg,True
ses_20260701-181913-SIDDHIGUPTAB00B,5,2026-07-01T18:27:45.159Z,2026-07-01T18:28:23.159Z,2026-07-01T18:28:19.147000+00:00,evt_2e550919-6d8b-4ec9-b04f-51ffc273bfc8,C:\Users\Gaurav Rathod\Downloads\automation-proposal\raw_data\dataset-downloads\dataset_b-20260908T164438Z-1-001\dataset_b\ses_20260701-181913-SIDDHIGUPTAB00B\chunk_20260701-1800-SIDDHIGUPTAB00B\events.jsonl,1022,20260701-1800-SIDDHIGUPTAB00B,scr_smart_1782930499147_monitor_1_post.jpg | screenshots/scr_smart_1782930499147_monitor_1_post.jpg,True
ses_20260701-181913-SIDDHIGUPTAB00B,5,2026-07-01T18:27:45.159Z,2026-07-01T18:28:23.159Z,2026-07-01T18:28:20.140000+00:00,evt_3a80029e-a6d1-4f76-bdeb-4adcdc14f14f,C:\Users\Gaurav Rathod\Downloads\automation-proposal\raw_data\dataset-downloads\dataset_b-20260908T164438Z-1-001\dataset_b\ses_20260701-181913-SIDDHIGUPTAB00B\chunk_20260701-1800-SIDDHIGUPTAB00B\events.jsonl,1029,20260701-1800-SIDDHIGUPTAB00B,scr_smart_1782930500140_monitor_1_post.jpg | screenshots/scr_smart_1782930500140_monitor_1_post.jpg,True
ses_20260701-181913-SIDDHIGUPTAB00B,5,2026-07-01T18:27:45.159Z,2026-07-01T18:28:23.159Z,2026-07-01T18:28:22.531000+00:00,evt_dcdc3081-1d37-4f97-ad3e-36d2db5678d5,C:\Users\Gaurav Rathod\Downloads\automation-proposal\raw_data\dataset-downloads\dataset_b-20260908T164438Z-1-001\dataset_b\ses_20260701-181913-SIDDHIGUPTAB00B\chunk_20260701-1800-SIDDHIGUPTAB00B\events.jsonl,1032,20260701-1800-SIDDHIGUPTAB00B,scr_smart_1782930502531_monitor_1_post.jpg | screenshots/scr_smart_1782930502531_monitor_1_post.jpg,True
ses_20260701-182634-NEELA9BAF,1,2026-07-01T18:29:40.400Z,2026-07-01T18:31:00.400Z,2026-07-01T18:29:45.970000+00:00,evt_cccbc6de-ab83-4e2e-b9b3-09e7d2abd88f,C:\Users\Gaurav Rathod\Downloads\automation-proposal\raw_data\dataset-downloads\dataset_b-20260908T164438Z-1-001\dataset_b\ses_20260701-182634-NEELA9BAF\chunk_20260701-1800-NEELA9BAF\events.jsonl,347,20260701-1800-NEELA9BAF,scr_smart_1782930585970_monitor_1_post.jpg | screenshots/scr_smart_1782930585970_monitor_1_post.jpg,True
ses_20260701-182634-NEELA9BAF,1,2026-07-01T18:29:40.400Z,2026-07-01T18:31:00.400Z,2026-07-01T18:29:47.579000+00:00,evt_29a89449-4164-4005-884e-9818bff7a98e,C:\Users\Gaurav Rathod\Downloads\automation-proposal\raw_data\dataset-downloads\dataset_b-20260908T164438Z-1-001\dataset_b\ses_20260701-182634-NEELA9BAF\chunk_20260701-1800-NEELA9BAF\events.jsonl,351,20260701-1800-NEELA9BAF,scr_smart_1782930587579_monitor_1_post.jpg | screenshots/scr_smart_1782930587579_monitor_1_post.jpg,True
ses_20260701-182634-NEELA9BAF,1,2026-07-01T18:29:40.400Z,2026-07-01T18:31:00.400Z,2026-07-01T18:30:56.347000+00:00,evt_ceaca18c-243e-4a06-ad37-21e9319f41dd,C:\Users\Gaurav Rathod\Downloads\automation-proposal\raw_data\dataset-downloads\dataset_b-20260908T164438Z-1-001\dataset_b\ses_20260701-182634-NEELA9BAF\chunk_20260701-1830-NEELA9BAF\events.jsonl,6,20260701-1830-NEELA9BAF,scr_smart_1782930656347_monitor_1_post.jpg | screenshots/scr_smart_1782930656347_monitor_1_post.jpg,True
ses_20260701-182634-NEELA9BAF,1,2026-07-01T18:29:40.400Z,2026-07-01T18:31:00.400Z,2026-07-01T18:30:58.538000+00:00,evt_0b4baac2-d137-4ed9-b20c-c13c71c18cfa,C:\Users\Gaurav Rathod\Downloads\automation-proposal\raw_data\dataset-downloads\dataset_b-20260908T164438Z-1-001\dataset_b\ses_20260701-182634-NEELA9BAF\chunk_20260701-1830-NEELA9BAF\events.jsonl,10,20260701-1830-NEELA9BAF,scr_smart_1782930658538_monitor_1_post.jpg | screenshots/scr_smart_1782930658538_monitor_1_post.jpg,True
ses_20260701-182634-NEELA9BAF,2,2026-07-01T18:31:00.400Z,2026-07-01T18:31:30.400Z,2026-07-01T18:31:02.041000+00:00,evt_82ec56ce-7f10-420c-9489-15b077a06285,C:\Users\Gaurav Rathod\Downloads\automation-proposal\raw_data\dataset-downloads\dataset_b-20260908T164438Z-1-001\dataset_b\ses_20260701-182634-NEELA9BAF\chunk_20260701-1830-NEELA9BAF\events.jsonl,14,20260701-1830-NEELA9BAF,scr_smart_1782930662041_monitor_1_post.jpg | screenshots/scr_smart_1782930662041_monitor_1_post.jpg,True
ses_20260701-182634-NEELA9BAF,2,2026-07-01T18:31:00.400Z,2026-07-01T18:31:30.400Z,2026-07-01T18:31:03.548000+00:00,evt_2d8583ed-e0f5-402e-8785-c8e69abb798f,C:\Users\Gaurav Rathod\Downloads\automation-proposal\raw_data\dataset-downloads\dataset_b-20260908T164438Z-1-001\dataset_b\ses_20260701-182634-NEELA9BAF\chunk_20260701-1830-NEELA9BAF\events.jsonl,17,20260701-1830-NEELA9BAF,scr_smart_1782930663548_monitor_1_post.jpg | screenshots/scr_smart_1782930663548_monitor_1_post.jpg,True
ses_20260701-182634-NEELA9BAF,2,2026-07-01T18:31:00.400Z,2026-07-01T18:31:30.400Z,2026-07-01T18:31:07.605000+00:00,evt_27ec8569-16e8-4e84-ae5b-72ad1486e1e2,C:\Users\Gaurav Rathod\Downloads\automation-proposal\raw_data\dataset-downloads\dataset_b-20260908T164438Z-1-001\dataset_b\ses_20260701-182634-NEELA9BAF\chunk_20260701-1830-NEELA9BAF\events.jsonl,19,20260701-1830-NEELA9BAF,scr_smart_1782930667605_monitor_1_post.jpg | screenshots/scr_smart_1782930667605_monitor_1_post.jpg,True
ses_20260701-182634-NEELA9BAF,2,2026-07-01T18:31:00.400Z,2026-07-01T18:31:30.400Z,2026-07-01T18:31:08.217000+00:00,evt_ffdc10bc-950b-412e-8b02-ed7c348b456c,C:\Users\Gaurav Rathod\Downloads\automation-proposal\raw_data\dataset-downloads\dataset_b-20260908T164438Z-1-001\dataset_b\ses_20260701-182634-NEELA9BAF\chunk_20260701-1830-NEELA9BAF\events.jsonl,21,20260701-1830-NEELA9BAF,scr_smart_1782930668217_monitor_1_post.jpg | screenshots/scr_smart_1782930668217_monitor_1_post.jpg,True
ses_20260701-182634-NEELA9BAF,2,2026-07-01T18:31:00.400Z,2026-07-01T18:31:30.400Z,2026-07-01T18:31:08.696000+00:00,evt_cf9a1ead-7b66-44e6-a72b-f9ec411bb87c,C:\Users\Gaurav Rathod\Downloads\automation-proposal\raw_data\dataset-downloads\dataset_b-20260908T164438Z-1-001\dataset_b\ses_20260701-182634-NEELA9BAF\chunk_20260701-1830-NEELA9BAF\events.jsonl,27,20260701-1830-NEELA9BAF,scr_smart_1782930668696_monitor_1_post.jpg | screenshots/scr_smart_1782930668696_monitor_1_post.jpg,True
ses_20260701-182634-NEELA9BAF,2,2026-07-01T18:31:00.400Z,2026-07-01T18:31:30.400Z,2026-07-01T18:31:11.086000+00:00,evt_4436250c-a66e-43e4-9be4-d46542a5ef78,C:\Users\Gaurav Rathod\Downloads\automation-proposal\raw_data\dataset-downloads\dataset_b-20260908T164438Z-1-001\dataset_b\ses_20260701-182634-NEELA9BAF\chunk_20260701-1830-NEELA9BAF\events.jsonl,30,20260701-1830-NEELA9BAF,scr_smart_1782930671086_monitor_1_post.jpg | screenshots/scr_smart_1782930671086_monitor_1_post.jpg,True
ses_20260701-182634-NEELA9BAF,2,2026-07-01T18:31:00.400Z,2026-07-01T18:31:30.400Z,2026-07-01T18:31:12.887000+00:00,evt_aa1e8b40-1d95-4a01-a1b0-050e77e8803e,C:\Users\Gaurav Rathod\Downloads\automation-proposal\raw_data\dataset-downloads\dataset_b-20260908T164438Z-1-001\dataset_b\ses_20260701-182634-NEELA9BAF\chunk_20260701-1830-NEELA9BAF\events.jsonl,33,20260701-1830-NEELA9BAF,scr_smart_1782930672887_monitor_1_post.jpg | screenshots/scr_smart_1782930672887_monitor_1_post.jpg,True
ses_20260701-182634-NEELA9BAF,2,2026-07-01T18:31:00.400Z,2026-07-01T18:31:30.400Z,2026-07-01T18:31:15.570000+00:00,evt_35865e7b-c3e9-4e5b-8415-957d83895bbb,C:\Users\Gaurav Rathod\Downloads\automation-proposal\raw_data\dataset-downloads\dataset_b-20260908T164438Z-1-001\dataset_b\ses_20260701-182634-NEELA9BAF\chunk_20260701-1830-NEELA9BAF\events.jsonl,37,20260701-1830-NEELA9BAF,scr_smart_1782930675570_monitor_1_post.jpg | screenshots/scr_smart_1782930675570_monitor_1_post.jpg,True
ses_20260701-182634-NEELA9BAF,2,2026-07-01T18:31:00.400Z,2026-07-01T18:31:30.400Z,2026-07-01T18:31:20.098000+00:00,evt_b356dd6b-e480-4cde-8db0-2f36da02f716,C:\Users\Gaurav Rathod\Downloads\automation-proposal\raw_data\dataset-downloads\dataset_b-20260908T164438Z-1-001\dataset_b\ses_20260701-182634-NEELA9BAF\chunk_20260701-1830-NEELA9BAF\events.jsonl,57,20260701-1830-NEELA9BAF,scr_smart_1782930680098_monitor_1_post.jpg | screenshots/scr_smart_1782930680098_monitor_1_post.jpg,True
ses_20260701-182634-NEELA9BAF,2,2026-07-01T18:31:00.400Z,2026-07-01T18:31:30.400Z,2026-07-01T18:31:20.586000+00:00,evt_d6f3a6d1-5e90-4ac4-b0a8-d6d9963c0de0,C:\Users\Gaurav Rathod\Downloads\automation-proposal\raw_data\dataset-downloads\dataset_b-20260908T164438Z-1-001\dataset_b\ses_20260701-182634-NEELA9BAF\chunk_20260701-1830-NEELA9BAF\events.jsonl,60,20260701-1830-NEELA9BAF,scr_smart_1782930680586_monitor_1_post.jpg | screenshots/scr_smart_1782930680586_monitor_1_post.jpg,True
ses_20260701-182634-NEELA9BAF,2,2026-07-01T18:31:00.400Z,2026-07-01T18:31:30.400Z,2026-07-01T18:31:21.506000+00:00,evt_6fbbb7ec-55f0-487d-82ee-cfc2e1497380,C:\Users\Gaurav Rathod\Downloads\automation-proposal\raw_data\dataset-downloads\dataset_b-20260908T164438Z-1-001\dataset_b\ses_20260701-182634-NEELA9BAF\chunk_20260701-1830-NEELA9BAF\events.jsonl,64,20260701-1830-NEELA9BAF,scr_smart_1782930681506_monitor_1_post.jpg | screenshots/scr_smart_1782930681506_monitor_1_post.jpg,True
ses_20260701-182634-NEELA9BAF,2,2026-07-01T18:31:00.400Z,2026-07-01T18:31:30.400Z,2026-07-01T18:31:22.848000+00:00,evt_c6ac6a08-c7a3-4c01-a100-7ca268121a4e,C:\Users\Gaurav Rathod\Downloads\automation-proposal\raw_data\dataset-downloads\dataset_b-20260908T164438Z-1-001\dataset_b\ses_20260701-182634-NEELA9BAF\chunk_20260701-1830-NEELA9BAF\events.jsonl,68,20260701-1830-NEELA9BAF,scr_smart_1782930682848_monitor_1_post.jpg | screenshots/scr_smart_1782930682848_monitor_1_post.jpg,True
ses_20260701-182634-NEELA9BAF,2,2026-07-01T18:31:00.400Z,2026-07-01T18:31:30.400Z,2026-07-01T18:31:24.480000+00:00,evt_4fb04c82-6a4b-44b6-88e0-9e34f5871344,C:\Users\Gaurav Rathod\Downloads\automation-proposal\raw_data\dataset-downloads\dataset_b-20260908T164438Z-1-001\dataset_b\ses_20260701-182634-NEELA9BAF\chunk_20260701-1830-NEELA9BAF\events.jsonl,75,20260701-1830-NEELA9BAF,scr_smart_1782930684480_monitor_1_post.jpg | screenshots/scr_smart_1782930684480_monitor_1_post.jpg,True
ses_20260701-182634-NEELA9BAF,2,2026-07-01T18:31:00.400Z,2026-07-01T18:31:30.400Z,2026-07-01T18:31:27.362000+00:00,evt_1ab2a6c3-3fbb-4ceb-b392-cd7066d62cd3,C:\Users\Gaurav Rathod\Downloads\automation-proposal\raw_data\dataset-downloads\dataset_b-20260908T164438Z-1-001\dataset_b\ses_20260701-182634-NEELA9BAF\chunk_20260701-1830-NEELA9BAF\events.jsonl,78,20260701-1830-NEELA9BAF,scr_smart_1782930687362_monitor_1_post.jpg | screenshots/scr_smart_1782930687362_monitor_1_post.jpg,True
ses_20260701-182634-NEELA9BAF,2,2026-07-01T18:31:00.400Z,2026-07-01T18:31:30.400Z,2026-07-01T18:31:29.056000+00:00,evt_654702c5-2271-45aa-93bb-f24df40c4568,C:\Users\Gaurav Rathod\Downloads\automation-proposal\raw_data\dataset-downloads\dataset_b-20260908T164438Z-1-001\dataset_b\ses_20260701-182634-NEELA9BAF\chunk_20260701-1830-NEELA9BAF\events.jsonl,81,20260701-1830-NEELA9BAF,scr_smart_1782930689056_monitor_1_post.jpg | screenshots/scr_smart_1782930689056_monitor_1_post.jpg,True
ses_20260701-182634-NEELA9BAF,3,2026-07-01T18:31:30.400Z,2026-07-01T18:31:38.400Z,2026-07-01T18:31:33.181000+00:00,evt_39d0cef4-a0b8-46bc-b74e-d9bc5473edf5,C:\Users\Gaurav Rathod\Downloads\automation-proposal\raw_data\dataset-downloads\dataset_b-20260908T164438Z-1-001\dataset_b\ses_20260701-182634-NEELA9BAF\chunk_20260701-1830-NEELA9BAF\events.jsonl,83,20260701-1830-NEELA9BAF,scr_smart_1782930693181_monitor_1_post.jpg | screenshots/scr_smart_1782930693181_monitor_1_post.jpg,True
ses_20260701-182634-NEELA9BAF,3,2026-07-01T18:31:30.400Z,2026-07-01T18:31:38.400Z,2026-07-01T18:31:34.094000+00:00,evt_737d4654-7225-41bc-b40c-3cae0e1830b6,C:\Users\Gaurav Rathod\Downloads\automation-proposal\raw_data\dataset-downloads\dataset_b-20260908T164438Z-1-001\dataset_b\ses_20260701-182634-NEELA9BAF\chunk_20260701-1830-NEELA9BAF\events.jsonl,90,20260701-1830-NEELA9BAF,scr_smart_1782930694094_monitor_1_post.jpg | screenshots/scr_smart_1782930694094_monitor_1_post.jpg,True
ses_20260701-182634-NEELA9BAF,3,2026-07-01T18:31:30.400Z,2026-07-01T18:31:38.400Z,2026-07-01T18:31:36.491000+00:00,evt_68d1ec92-7b7a-4369-889e-c3eec4d9c560,C:\Users\Gaurav Rathod\Downloads\automation-proposal\raw_data\dataset-downloads\dataset_b-20260908T164438Z-1-001\dataset_b\ses_20260701-182634-NEELA9BAF\chunk_20260701-1830-NEELA9BAF\events.jsonl,93,20260701-1830-NEELA9BAF,scr_smart_1782930696491_monitor_1_post.jpg | screenshots/scr_smart_1782930696491_monitor_1_post.jpg,True
ses_20260701-183232-LAPTOP-76QMG9DE,1,2026-07-01T18:32:32.132Z,2026-07-01T18:32:58.132Z,2026-07-01T18:32:41.146000+00:00,evt_528d37f5-975b-4bda-bf24-3a223bcc879e,C:\Users\Gaurav Rathod\Downloads\automation-proposal\raw_data\dataset-downloads\dataset_b-20260908T164438Z-1-001\dataset_b\ses_20260701-183232-LAPTOP-76QMG9DE\chunk_20260701-1830-LAPTOP-76QMG9DE\events.jsonl,9,20260701-1830-LAPTOP-76QMG9DE,scr_smart_1782930761146_monitor_1_post.jpg | screenshots/scr_smart_1782930761146_monitor_1_post.jpg,True
ses_20260701-183232-LAPTOP-76QMG9DE,1,2026-07-01T18:32:32.132Z,2026-07-01T18:32:58.132Z,2026-07-01T18:32:42.484000+00:00,evt_b4ddf6ee-ee34-4be4-bb12-e938ac11432c,C:\Users\Gaurav Rathod\Downloads\automation-proposal\raw_data\dataset-downloads\dataset_b-20260908T164438Z-1-001\dataset_b\ses_20260701-183232-LAPTOP-76QMG9DE\chunk_20260701-1830-LAPTOP-76QMG9DE\events.jsonl,12,20260701-1830-LAPTOP-76QMG9DE,scr_smart_1782930762484_monitor_1_post.jpg | screenshots/scr_smart_1782930762484_monitor_1_post.jpg,True
ses_20260701-183232-LAPTOP-76QMG9DE,1,2026-07-01T18:32:32.132Z,2026-07-01T18:32:58.132Z,2026-07-01T18:32:42.624000+00:00,evt_831f7511-e099-40b2-8809-78c9e27ee450,C:\Users\Gaurav Rathod\Downloads\automation-proposal\raw_data\dataset-downloads\dataset_b-20260908T164438Z-1-001\dataset_b\ses_20260701-183232-LAPTOP-76QMG9DE\chunk_20260701-1830-LAPTOP-76QMG9DE\events.jsonl,13,20260701-1830-LAPTOP-76QMG9DE,scr_smart_1782930762624_monitor_1_post.jpg | screenshots/scr_smart_1782930762624_monitor_1_post.jpg,True
ses_20260701-183232-LAPTOP-76QMG9DE,1,2026-07-01T18:32:32.132Z,2026-07-01T18:32:58.132Z,2026-07-01T18:32:45.087000+00:00,evt_80e8ab4a-1e9b-4dbe-b24a-bba5f812103b,C:\Users\Gaurav Rathod\Downloads\automation-proposal\raw_data\dataset-downloads\dataset_b-20260908T164438Z-1-001\dataset_b\ses_20260701-183232-LAPTOP-76QMG9DE\chunk_20260701-1830-LAPTOP-76QMG9DE\events.jsonl,15,20260701-1830-LAPTOP-76QMG9DE,scr_smart_1782930765087_monitor_1_post.jpg | screenshots/scr_smart_1782930765087_monitor_1_post.jpg,True
ses_20260701-183232-LAPTOP-76QMG9DE,1,2026-07-01T18:32:32.132Z,2026-07-01T18:32:58.132Z,2026-07-01T18:32:46.697000+00:00,evt_12267410-43ae-4324-b60f-577327cbca9d,C:\Users\Gaurav Rathod\Downloads\automation-proposal\raw_data\dataset-downloads\dataset_b-20260908T164438Z-1-001\dataset_b\ses_20260701-183232-LAPTOP-76QMG9DE\chunk_20260701-1830-LAPTOP-76QMG9DE\events.jsonl,19,20260701-1830-LAPTOP-76QMG9DE,scr_smart_1782930766697_monitor_1_post.jpg | screenshots/scr_smart_1782930766697_monitor_1_post.jpg,True
ses_20260701-183232-LAPTOP-76QMG9DE,1,2026-07-01T18:32:32.132Z,2026-07-01T18:32:58.132Z,2026-07-01T18:32:48.066000+00:00,evt_8a050ab8-546e-4bba-97ec-07a2db798a79,C:\Users\Gaurav Rathod\Downloads\automation-proposal\raw_data\dataset-downloads\dataset_b-20260908T164438Z-1-001\dataset_b\ses_20260701-183232-LAPTOP-76QMG9DE\chunk_20260701-1830-LAPTOP-76QMG9DE\events.jsonl,30,20260701-1830-LAPTOP-76QMG9DE,scr_smart_1782930768066_monitor_1_post.jpg | screenshots/scr_smart_1782930768066_monitor_1_post.jpg,True
ses_20260701-183232-LAPTOP-76QMG9DE,1,2026-07-01T18:32:32.132Z,2026-07-01T18:32:58.132Z,2026-07-01T18:32:51.785000+00:00,evt_0825a3bf-3465-49fa-943e-c06ce770bb26,C:\Users\Gaurav Rathod\Downloads\automation-proposal\raw_data\dataset-downloads\dataset_b-20260908T164438Z-1-001\dataset_b\ses_20260701-183232-LAPTOP-76QMG9DE\chunk_20260701-1830-LAPTOP-76QMG9DE\events.jsonl,38,20260701-1830-LAPTOP-76QMG9DE,scr_smart_1782930771785_monitor_1_post.jpg | screenshots/scr_smart_1782930771785_monitor_1_post.jpg,True
ses_20260701-183232-LAPTOP-76QMG9DE,1,2026-07-01T18:32:32.132Z,2026-07-01T18:32:58.132Z,2026-07-01T18:32:53.941000+00:00,evt_4c377d95-1629-4ed3-b0b1-f3b8869e9f2d,C:\Users\Gaurav Rathod\Downloads\automation-proposal\raw_data\dataset-downloads\dataset_b-20260908T164438Z-1-001\dataset_b\ses_20260701-183232-LAPTOP-76QMG9DE\chunk_20260701-1830-LAPTOP-76QMG9DE\events.jsonl,40,20260701-1830-LAPTOP-76QMG9DE,scr_smart_1782930773941_monitor_1_post.jpg | screenshots/scr_smart_1782930773941_monitor_1_post.jpg,True
ses_20260701-183232-LAPTOP-76QMG9DE,1,2026-07-01T18:32:32.132Z,2026-07-01T18:32:58.132Z,2026-07-01T18:32:55.482000+00:00,evt_056f0279-8cb3-4462-bbfe-1ab252c63bc5,C:\Users\Gaurav Rathod\Downloads\automation-proposal\raw_data\dataset-downloads\dataset_b-20260908T164438Z-1-001\dataset_b\ses_20260701-183232-LAPTOP-76QMG9DE\chunk_20260701-1830-LAPTOP-76QMG9DE\events.jsonl,45,20260701-1830-LAPTOP-76QMG9DE,scr_smart_1782930775482_monitor_1_post.jpg | screenshots/scr_smart_1782930775482_monitor_1_post.jpg,True
ses_20260701-183232-LAPTOP-76QMG9DE,1,2026-07-01T18:32:32.132Z,2026-07-01T18:32:58.132Z,2026-07-01T18:32:57.840000+00:00,evt_353b70c8-56ed-453e-8605-d23e3785c4fb,C:\Users\Gaurav Rathod\Downloads\automation-proposal\raw_data\dataset-downloads\dataset_b-20260908T164438Z-1-001\dataset_b\ses_20260701-183232-LAPTOP-76QMG9DE\chunk_20260701-1830-LAPTOP-76QMG9DE\events.jsonl,50,20260701-1830-LAPTOP-76QMG9DE,scr_smart_1782930777840_monitor_1_post.jpg | screenshots/scr_smart_1782930777840_monitor_1_post.jpg,True
ses_20260701-183232-LAPTOP-76QMG9DE,2,2026-07-01T18:32:58.132Z,2026-07-01T18:33:08.132Z,2026-07-01T18:32:58.778000+00:00,evt_2c55e8ac-f81d-44d8-bc4a-9c50ced05f15,C:\Users\Gaurav Rathod\Downloads\automation-proposal\raw_data\dataset-downloads\dataset_b-20260908T164438Z-1-001\dataset_b\ses_20260701-183232-LAPTOP-76QMG9DE\chunk_20260701-1830-LAPTOP-76QMG9DE\events.jsonl,54,20260701-1830-LAPTOP-76QMG9DE,scr_smart_1782930778778_monitor_1_post.jpg | screenshots/scr_smart_1782930778778_monitor_1_post.jpg,True
ses_20260701-183232-LAPTOP-76QMG9DE,2,2026-07-01T18:32:58.132Z,2026-07-01T18:33:08.132Z,2026-07-01T18:33:00.671000+00:00,evt_04b2ff4d-9d3d-4ec9-b02b-d1d8b3df2a47,C:\Users\Gaurav Rathod\Downloads\automation-proposal\raw_data\dataset-downloads\dataset_b-20260908T164438Z-1-001\dataset_b\ses_20260701-183232-LAPTOP-76QMG9DE\chunk_20260701-1830-LAPTOP-76QMG9DE\events.jsonl,58,20260701-1830-LAPTOP-76QMG9DE,scr_smart_1782930780671_monitor_1_post.jpg | screenshots/scr_smart_1782930780671_monitor_1_post.jpg,True
ses_20260701-183232-LAPTOP-76QMG9DE,2,2026-07-01T18:32:58.132Z,2026-07-01T18:33:08.132Z,2026-07-01T18:33:01.409000+00:00,evt_ea1ef50c-9345-42cd-846e-b7010144a286,C:\Users\Gaurav Rathod\Downloads\automation-proposal\raw_data\dataset-downloads\dataset_b-20260908T164438Z-1-001\dataset_b\ses_20260701-183232-LAPTOP-76QMG9DE\chunk_20260701-1830-LAPTOP-76QMG9DE\events.jsonl,66,20260701-1830-LAPTOP-76QMG9DE,scr_smart_1782930781409_monitor_1_post.jpg | screenshots/scr_smart_1782930781409_monitor_1_post.jpg,True
ses_20260701-183232-LAPTOP-76QMG9DE,2,2026-07-01T18:32:58.132Z,2026-07-01T18:33:08.132Z,2026-07-01T18:33:04.570000+00:00,evt_02cc6bf3-4ac7-4e2d-b70e-89cc65eb72a7,C:\Users\Gaurav Rathod\Downloads\automation-proposal\raw_data\dataset-downloads\dataset_b-20260908T164438Z-1-001\dataset_b\ses_20260701-183232-LAPTOP-76QMG9DE\chunk_20260701-1830-LAPTOP-76QMG9DE\events.jsonl,69,20260701-1830-LAPTOP-76QMG9DE,scr_smart_1782930784570_monitor_1_post.jpg | screenshots/scr_smart_1782930784570_monitor_1_post.jpg,True
ses_20260701-183232-LAPTOP-76QMG9DE,2,2026-07-01T18:32:58.132Z,2026-07-01T18:33:08.132Z,2026-07-01T18:33:06.218000+00:00,evt_e9fea0e5-6651-4b82-8b99-711077e180d5,C:\Users\Gaurav Rathod\Downloads\automation-proposal\raw_data\dataset-downloads\dataset_b-20260908T164438Z-1-001\dataset_b\ses_20260701-183232-LAPTOP-76QMG9DE\chunk_20260701-1830-LAPTOP-76QMG9DE\events.jsonl,73,20260701-1830-LAPTOP-76QMG9DE,scr_smart_1782930786218_monitor_1_post.jpg | screenshots/scr_smart_1782930786218_monitor_1_post.jpg,True
ses_20260701-183232-LAPTOP-76QMG9DE,2,2026-07-01T18:32:58.132Z,2026-07-01T18:33:08.132Z,2026-07-01T18:33:07.049000+00:00,evt_8d5f5ee4-f79a-42e9-9fd0-ae7a52f5ba58,C:\Users\Gaurav Rathod\Downloads\automation-proposal\raw_data\dataset-downloads\dataset_b-20260908T164438Z-1-001\dataset_b\ses_20260701-183232-LAPTOP-76QMG9DE\chunk_20260701-1830-LAPTOP-76QMG9DE\events.jsonl,79,20260701-1830-LAPTOP-76QMG9DE,scr_smart_1782930787049_monitor_1_post.jpg | screenshots/scr_smart_1782930787049_monitor_1_post.jpg,True
ses_20260701-183232-LAPTOP-76QMG9DE,3,2026-07-01T18:33:08.132Z,2026-07-01T18:33:12.132Z,2026-07-01T18:33:09.099000+00:00,evt_62d2adae-ea2a-4914-9532-4c8ee888975b,C:\Users\Gaurav Rathod\Downloads\automation-proposal\raw_data\dataset-downloads\dataset_b-20260908T164438Z-1-001\dataset_b\ses_20260701-183232-LAPTOP-76QMG9DE\chunk_20260701-1830-LAPTOP-76QMG9DE\events.jsonl,82,20260701-1830-LAPTOP-76QMG9DE,scr_smart_1782930789099_monitor_1_post.jpg | screenshots/scr_smart_1782930789099_monitor_1_post.jpg,True
ses_20260701-183232-LAPTOP-76QMG9DE,3,2026-07-01T18:33:08.132Z,2026-07-01T18:33:12.132Z,2026-07-01T18:33:11.364000+00:00,evt_a5246ce9-e39a-4ede-baeb-438ffce567b2,C:\Users\Gaurav Rathod\Downloads\automation-proposal\raw_data\dataset-downloads\dataset_b-20260908T164438Z-1-001\dataset_b\ses_20260701-183232-LAPTOP-76QMG9DE\chunk_20260701-1830-LAPTOP-76QMG9DE\events.jsonl,88,20260701-1830-LAPTOP-76QMG9DE,scr_smart_1782930791364_monitor_1_post.jpg | screenshots/scr_smart_1782930791364_monitor_1_post.jpg,True
ses_20260701-183232-LAPTOP-76QMG9DE,3,2026-07-01T18:33:08.132Z,2026-07-01T18:33:12.132Z,2026-07-01T18:33:11.898000+00:00,evt_7e9fc9aa-16af-453f-86c1-3346234cb7ad,C:\Users\Gaurav Rathod\Downloads\automation-proposal\raw_data\dataset-downloads\dataset_b-20260908T164438Z-1-001\dataset_b\ses_20260701-183232-LAPTOP-76QMG9DE\chunk_20260701-1830-LAPTOP-76QMG9DE\events.jsonl,94,20260701-1830-LAPTOP-76QMG9DE,scr_smart_1782930791898_monitor_1_post.jpg | screenshots/scr_smart_1782930791898_monitor_1_post.jpg,True
ses_20260701-183232-LAPTOP-76QMG9DE,4,2026-07-01T18:33:12.132Z,2026-07-01T18:33:32.132Z,2026-07-01T18:33:15.566000+00:00,evt_44077d45-3421-41d0-a1bf-70b1f124eb5d,C:\Users\Gaurav Rathod\Downloads\automation-proposal\raw_data\dataset-downloads\dataset_b-20260908T164438Z-1-001\dataset_b\ses_20260701-183232-LAPTOP-76QMG9DE\chunk_20260701-1830-LAPTOP-76QMG9DE\events.jsonl,96,20260701-1830-LAPTOP-76QMG9DE,scr_smart_1782930795566_monitor_1_post.jpg | screenshots/scr_smart_1782930795566_monitor_1_post.jpg,True
ses_20260701-183232-LAPTOP-76QMG9DE,4,2026-07-01T18:33:12.132Z,2026-07-01T18:33:32.132Z,2026-07-01T18:33:17.517000+00:00,evt_e6b71537-d455-40de-bd18-1fe6076c32a6,C:\Users\Gaurav Rathod\Downloads\automation-proposal\raw_data\dataset-downloads\dataset_b-20260908T164438Z-1-001\dataset_b\ses_20260701-183232-LAPTOP-76QMG9DE\chunk_20260701-1830-LAPTOP-76QMG9DE\events.jsonl,98,20260701-1830-LAPTOP-76QMG9DE,scr_smart_1782930797517_monitor_1_post.jpg | screenshots/scr_smart_1782930797517_monitor_1_post.jpg,True
ses_20260701-183232-LAPTOP-76QMG9DE,4,2026-07-01T18:33:12.132Z,2026-07-01T18:33:32.132Z,2026-07-01T18:33:18.153000+00:00,evt_c5743471-374b-40bc-991c-851bdf5bd8bb,C:\Users\Gaurav Rathod\Downloads\automation-proposal\raw_data\dataset-downloads\dataset_b-20260908T164438Z-1-001\dataset_b\ses_20260701-183232-LAPTOP-76QMG9DE\chunk_20260701-1830-LAPTOP-76QMG9DE\events.jsonl,100,20260701-1830-LAPTOP-76QMG9DE,scr_smart_1782930798153_monitor_1_post.jpg | screenshots/scr_smart_1782930798153_monitor_1_post.jpg,True
ses_20260701-183232-LAPTOP-76QMG9DE,4,2026-07-01T18:33:12.132Z,2026-07-01T18:33:32.132Z,2026-07-01T18:33:19.289000+00:00,evt_04aef04c-9ade-4b2c-9922-bbaa19e23398,C:\Users\Gaurav Rathod\Downloads\automation-proposal\raw_data\dataset-downloads\dataset_b-20260908T164438Z-1-001\dataset_b\ses_20260701-183232-LAPTOP-76QMG9DE\chunk_20260701-1830-LAPTOP-76QMG9DE\events.jsonl,103,20260701-1830-LAPTOP-76QMG9DE,scr_smart_1782930799289_monitor_1_post.jpg | screenshots/scr_smart_1782930799289_monitor_1_post.jpg,True
ses_20260701-183232-LAPTOP-76QMG9DE,4,2026-07-01T18:33:12.132Z,2026-07-01T18:33:32.132Z,2026-07-01T18:33:19.826000+00:00,evt_61c14ca2-d450-44ff-83d7-a5798663272e,C:\Users\Gaurav Rathod\Downloads\automation-proposal\raw_data\dataset-downloads\dataset_b-20260908T164438Z-1-001\dataset_b\ses_20260701-183232-LAPTOP-76QMG9DE\chunk_20260701-1830-LAPTOP-76QMG9DE\events.jsonl,105,20260701-1830-LAPTOP-76QMG9DE,scr_smart_1782930799826_monitor_1_post.jpg | screenshots/scr_smart_1782930799826_monitor_1_post.jpg,True
ses_20260701-183232-LAPTOP-76QMG9DE,4,2026-07-01T18:33:12.132Z,2026-07-01T18:33:32.132Z,2026-07-01T18:33:20.370000+00:00,evt_7a7f7d96-a2c5-4b30-939e-8913aeb31906,C:\Users\Gaurav Rathod\Downloads\automation-proposal\raw_data\dataset-downloads\dataset_b-20260908T164438Z-1-001\dataset_b\ses_20260701-183232-LAPTOP-76QMG9DE\chunk_20260701-1830-LAPTOP-76QMG9DE\events.jsonl,111,20260701-1830-LAPTOP-76QMG9DE,scr_smart_1782930800370_monitor_1_post.jpg | screenshots/scr_smart_1782930800370_monitor_1_post.jpg,True
ses_20260701-183232-LAPTOP-76QMG9DE,4,2026-07-01T18:33:12.132Z,2026-07-01T18:33:32.132Z,2026-07-01T18:33:22.424000+00:00,evt_d7f011b4-21a6-4dbd-8180-3ec6cddef98b,C:\Users\Gaurav Rathod\Downloads\automation-proposal\raw_data\dataset-downloads\dataset_b-20260908T164438Z-1-001\dataset_b\ses_20260701-183232-LAPTOP-76QMG9DE\chunk_20260701-1830-LAPTOP-76QMG9DE\events.jsonl,114,20260701-1830-LAPTOP-76QMG9DE,scr_smart_1782930802424_monitor_1_post.jpg | screenshots/scr_smart_1782930802424_monitor_1_post.jpg,True
ses_20260701-183232-LAPTOP-76QMG9DE,4,2026-07-01T18:33:12.132Z,2026-07-01T18:33:32.132Z,2026-07-01T18:33:26.076000+00:00,evt_c3656070-ccf2-446b-8dfa-85096493c68f,C:\Users\Gaurav Rathod\Downloads\automation-proposal\raw_data\dataset-downloads\dataset_b-20260908T164438Z-1-001\dataset_b\ses_20260701-183232-LAPTOP-76QMG9DE\chunk_20260701-1830-LAPTOP-76QMG9DE\events.jsonl,117,20260701-1830-LAPTOP-76QMG9DE,scr_smart_1782930806076_monitor_1_post.jpg | screenshots/scr_smart_1782930806076_monitor_1_post.jpg,True
ses_20260701-183232-LAPTOP-76QMG9DE,4,2026-07-01T18:33:12.132Z,2026-07-01T18:33:32.132Z,2026-07-01T18:33:27.570000+00:00,evt_700d0ab8-4b57-462b-847f-3a205e362e80,C:\Users\Gaurav Rathod\Downloads\automation-proposal\raw_data\dataset-downloads\dataset_b-20260908T164438Z-1-001\dataset_b\ses_20260701-183232-LAPTOP-76QMG9DE\chunk_20260701-1830-LAPTOP-76QMG9DE\events.jsonl,121,20260701-1830-LAPTOP-76QMG9DE,scr_smart_1782930807570_monitor_1_post.jpg | screenshots/scr_smart_1782930807570_monitor_1_post.jpg,True
ses_20260701-183232-LAPTOP-76QMG9DE,4,2026-07-01T18:33:12.132Z,2026-07-01T18:33:32.132Z,2026-07-01T18:33:28.506000+00:00,evt_d27b397b-8812-4d38-8493-c8d1c3f99478,C:\Users\Gaurav Rathod\Downloads\automation-proposal\raw_data\dataset-downloads\dataset_b-20260908T164438Z-1-001\dataset_b\ses_20260701-183232-LAPTOP-76QMG9DE\chunk_20260701-1830-LAPTOP-76QMG9DE\events.jsonl,128,20260701-1830-LAPTOP-76QMG9DE,scr_smart_1782930808506_monitor_1_post.jpg | screenshots/scr_smart_1782930808506_monitor_1_post.jpg,True
ses_20260701-183232-LAPTOP-76QMG9DE,4,2026-07-01T18:33:12.132Z,2026-07-01T18:33:32.132Z,2026-07-01T18:33:30.855000+00:00,evt_c122c52a-8361-4310-bd8e-b05d04e8d7db,C:\Users\Gaurav Rathod\Downloads\automation-proposal\raw_data\dataset-downloads\dataset_b-20260908T164438Z-1-001\dataset_b\ses_20260701-183232-LAPTOP-76QMG9DE\chunk_20260701-1830-LAPTOP-76QMG9DE\events.jsonl,131,20260701-1830-LAPTOP-76QMG9DE,scr_smart_1782930810855_monitor_1_post.jpg | screenshots/scr_smart_1782930810855_monitor_1_post.jpg,True
ses_20260701-183232-LAPTOP-76QMG9DE,5,2026-07-01T18:33:32.132Z,2026-07-01T18:33:50.132Z,2026-07-01T18:33:32.908000+00:00,evt_9df914a5-8016-47ec-b1da-be24091a9171,C:\Users\Gaurav Rathod\Downloads\automation-proposal\raw_data\dataset-downloads\dataset_b-20260908T164438Z-1-001\dataset_b\ses_20260701-183232-LAPTOP-76QMG9DE\chunk_20260701-1830-LAPTOP-76QMG9DE\events.jsonl,134,20260701-1830-LAPTOP-76QMG9DE,scr_smart_1782930812908_monitor_1_post.jpg | screenshots/scr_smart_1782930812908_monitor_1_post.jpg,True
ses_20260701-183232-LAPTOP-76QMG9DE,5,2026-07-01T18:33:32.132Z,2026-07-01T18:33:50.132Z,2026-07-01T18:33:33.451000+00:00,evt_c9fd8fd9-172e-45dc-9404-b7b7bc9f31cb,C:\Users\Gaurav Rathod\Downloads\automation-proposal\raw_data\dataset-downloads\dataset_b-20260908T164438Z-1-001\dataset_b\ses_20260701-183232-LAPTOP-76QMG9DE\chunk_20260701-1830-LAPTOP-76QMG9DE\events.jsonl,142,20260701-1830-LAPTOP-76QMG9DE,scr_smart_1782930813451_monitor_1_post.jpg | screenshots/scr_smart_1782930813451_monitor_1_post.jpg,True
ses_20260701-183232-LAPTOP-76QMG9DE,5,2026-07-01T18:33:32.132Z,2026-07-01T18:33:50.132Z,2026-07-01T18:33:37.021000+00:00,evt_365bb462-2e3b-4e94-a787-11615a3644b5,C:\Users\Gaurav Rathod\Downloads\automation-proposal\raw_data\dataset-downloads\dataset_b-20260908T164438Z-1-001\dataset_b\ses_20260701-183232-LAPTOP-76QMG9DE\chunk_20260701-1830-LAPTOP-76QMG9DE\events.jsonl,145,20260701-1830-LAPTOP-76QMG9DE,scr_smart_1782930817021_monitor_1_post.jpg | screenshots/scr_smart_1782930817021_monitor_1_post.jpg,True
ses_20260701-183232-LAPTOP-76QMG9DE,5,2026-07-01T18:33:32.132Z,2026-07-01T18:33:50.132Z,2026-07-01T18:33:38.682000+00:00,evt_aec4e981-bdda-4ead-8b4c-c5035c194d8f,C:\Users\Gaurav Rathod\Downloads\automation-proposal\raw_data\dataset-downloads\dataset_b-20260908T164438Z-1-001\dataset_b\ses_20260701-183232-LAPTOP-76QMG9DE\chunk_20260701-1830-LAPTOP-76QMG9DE\events.jsonl,148,20260701-1830-LAPTOP-76QMG9DE,scr_smart_1782930818682_monitor_1_post.jpg | screenshots/scr_smart_1782930818682_monitor_1_post.jpg,True
ses_20260701-183232-LAPTOP-76QMG9DE,5,2026-07-01T18:33:32.132Z,2026-07-01T18:33:50.132Z,2026-07-01T18:33:39.836000+00:00,evt_e734822a-314e-45da-bc8c-b4f51ec5cbe1,C:\Users\Gaurav Rathod\Downloads\automation-proposal\raw_data\dataset-downloads\dataset_b-20260908T164438Z-1-001\dataset_b\ses_20260701-183232-LAPTOP-76QMG9DE\chunk_20260701-1830-LAPTOP-76QMG9DE\events.jsonl,155,20260701-1830-LAPTOP-76QMG9DE,scr_smart_1782930819836_monitor_1_post.jpg | screenshots/scr_smart_1782930819836_monitor_1_post.jpg,True
ses_20260701-183232-LAPTOP-76QMG9DE,5,2026-07-01T18:33:32.132Z,2026-07-01T18:33:50.132Z,2026-07-01T18:33:42.088000+00:00,evt_35959e43-321e-424f-9b76-8fc98d8ce1f0,C:\Users\Gaurav Rathod\Downloads\automation-proposal\raw_data\dataset-downloads\dataset_b-20260908T164438Z-1-001\dataset_b\ses_20260701-183232-LAPTOP-76QMG9DE\chunk_20260701-1830-LAPTOP-76QMG9DE\events.jsonl,158,20260701-1830-LAPTOP-76QMG9DE,scr_smart_1782930822088_monitor_1_post.jpg | screenshots/scr_smart_1782930822088_monitor_1_post.jpg,True
ses_20260701-183232-LAPTOP-76QMG9DE,5,2026-07-01T18:33:32.132Z,2026-07-01T18:33:50.132Z,2026-07-01T18:33:45.821000+00:00,evt_7502fe70-04ce-48c6-a8eb-0e2acc606c0c,C:\Users\Gaurav Rathod\Downloads\automation-proposal\raw_data\dataset-downloads\dataset_b-20260908T164438Z-1-001\dataset_b\ses_20260701-183232-LAPTOP-76QMG9DE\chunk_20260701-1830-LAPTOP-76QMG9DE\events.jsonl,162,20260701-1830-LAPTOP-76QMG9DE,scr_smart_1782930825821_monitor_1_post.jpg | screenshots/scr_smart_1782930825821_monitor_1_post.jpg,True
ses_20260701-183232-LAPTOP-76QMG9DE,5,2026-07-01T18:33:32.132Z,2026-07-01T18:33:50.132Z,2026-07-01T18:33:47.379000+00:00,evt_522cba52-1bad-4e50-adbc-f006f250ee53,C:\Users\Gaurav Rathod\Downloads\automation-proposal\raw_data\dataset-downloads\dataset_b-20260908T164438Z-1-001\dataset_b\ses_20260701-183232-LAPTOP-76QMG9DE\chunk_20260701-1830-LAPTOP-76QMG9DE\events.jsonl,166,20260701-1830-LAPTOP-76QMG9DE,scr_smart_1782930827379_monitor_1_post.jpg | screenshots/scr_smart_1782930827379_monitor_1_post.jpg,True
ses_20260701-183232-LAPTOP-76QMG9DE,5,2026-07-01T18:33:32.132Z,2026-07-01T18:33:50.132Z,2026-07-01T18:33:48.427000+00:00,evt_ab31bf5d-6c15-4f9e-9380-7b2a11e08ce3,C:\Users\Gaurav Rathod\Downloads\automation-proposal\raw_data\dataset-downloads\dataset_b-20260908T164438Z-1-001\dataset_b\ses_20260701-183232-LAPTOP-76QMG9DE\chunk_20260701-1830-LAPTOP-76QMG9DE\events.jsonl,173,20260701-1830-LAPTOP-76QMG9DE,scr_smart_1782930828427_monitor_1_post.jpg | screenshots/scr_smart_1782930828427_monitor_1_post.jpg,True
ses_20260701-183232-LAPTOP-76QMG9DE,6,2026-07-01T18:33:50.132Z,2026-07-01T18:34:50.132Z,2026-07-01T18:33:50.475000+00:00,evt_64c7b302-18bb-45cf-aab8-28d4560a87d2,C:\Users\Gaurav Rathod\Downloads\automation-proposal\raw_data\dataset-downloads\dataset_b-20260908T164438Z-1-001\dataset_b\ses_20260701-183232-LAPTOP-76QMG9DE\chunk_20260701-1830-LAPTOP-76QMG9DE\events.jsonl,176,20260701-1830-LAPTOP-76QMG9DE,scr_smart_1782930830475_monitor_1_post.jpg | screenshots/scr_smart_1782930830475_monitor_1_post.jpg,True
ses_20260701-183232-LAPTOP-76QMG9DE,6,2026-07-01T18:33:50.132Z,2026-07-01T18:34:50.132Z,2026-07-01T18:33:52.163000+00:00,evt_20452929-2a42-49a8-8931-e8fe7fc28162,C:\Users\Gaurav Rathod\Downloads\automation-proposal\raw_data\dataset-downloads\dataset_b-20260908T164438Z-1-001\dataset_b\ses_20260701-183232-LAPTOP-76QMG9DE\chunk_20260701-1830-LAPTOP-76QMG9DE\events.jsonl,179,20260701-1830-LAPTOP-76QMG9DE,scr_smart_1782930832163_monitor_1_post.jpg | screenshots/scr_smart_1782930832163_monitor_1_post.jpg,True
ses_20260701-183232-LAPTOP-76QMG9DE,6,2026-07-01T18:33:50.132Z,2026-07-01T18:34:50.132Z,2026-07-01T18:33:52.794000+00:00,evt_18d4adac-70c9-4477-b8b9-f68c45bf36fc,C:\Users\Gaurav Rathod\Downloads\automation-proposal\raw_data\dataset-downloads\dataset_b-20260908T164438Z-1-001\dataset_b\ses_20260701-183232-LAPTOP-76QMG9DE\chunk_20260701-1830-LAPTOP-76QMG9DE\events.jsonl,188,20260701-1830-LAPTOP-76QMG9DE,scr_smart_1782930832794_monitor_1_post.jpg | screenshots/scr_smart_1782930832794_monitor_1_post.jpg,True
ses_20260701-183232-LAPTOP-76QMG9DE,6,2026-07-01T18:33:50.132Z,2026-07-01T18:34:50.132Z,2026-07-01T18:33:57.012000+00:00,evt_5466e682-a74e-4119-bb39-4a7dfab50735,C:\Users\Gaurav Rathod\Downloads\automation-proposal\raw_data\dataset-downloads\dataset_b-20260908T164438Z-1-001\dataset_b\ses_20260701-183232-LAPTOP-76QMG9DE\chunk_20260701-1830-LAPTOP-76QMG9DE\events.jsonl,190,20260701-1830-LAPTOP-76QMG9DE,scr_smart_1782930837012_monitor_1_post.jpg | screenshots/scr_smart_1782930837012_monitor_1_post.jpg,True
ses_20260701-183232-LAPTOP-76QMG9DE,6,2026-07-01T18:33:50.132Z,2026-07-01T18:34:50.132Z,2026-07-01T18:34:12.989000+00:00,evt_f1b2cef2-7c24-4a20-9481-38a77ecb2a05,C:\Users\Gaurav Rathod\Downloads\automation-proposal\raw_data\dataset-downloads\dataset_b-20260908T164438Z-1-001\dataset_b\ses_20260701-183232-LAPTOP-76QMG9DE\chunk_20260701-1830-LAPTOP-76QMG9DE\events.jsonl,193,20260701-1830-LAPTOP-76QMG9DE,scr_smart_1782930852989_monitor_1_post.jpg | screenshots/scr_smart_1782930852989_monitor_1_post.jpg,True
ses_20260701-183232-LAPTOP-76QMG9DE,6,2026-07-01T18:33:50.132Z,2026-07-01T18:34:50.132Z,2026-07-01T18:34:14.650000+00:00,evt_a487aaef-f097-4e4b-ac01-dcfb8b435583,C:\Users\Gaurav Rathod\Downloads\automation-proposal\raw_data\dataset-downloads\dataset_b-20260908T164438Z-1-001\dataset_b\ses_20260701-183232-LAPTOP-76QMG9DE\chunk_20260701-1830-LAPTOP-76QMG9DE\events.jsonl,195,20260701-1830-LAPTOP-76QMG9DE,scr_smart_1782930854650_monitor_1_post.jpg | screenshots/scr_smart_1782930854650_monitor_1_post.jpg,True
ses_20260701-183232-LAPTOP-76QMG9DE,6,2026-07-01T18:33:50.132Z,2026-07-01T18:34:50.132Z,2026-07-01T18:34:20.535000+00:00,evt_c9c25823-ab9e-4083-83de-3a2d354d129c,C:\Users\Gaurav Rathod\Downloads\automation-proposal\raw_data\dataset-downloads\dataset_b-20260908T164438Z-1-001\dataset_b\ses_20260701-183232-LAPTOP-76QMG9DE\chunk_20260701-1830-LAPTOP-76QMG9DE\events.jsonl,199,20260701-1830-LAPTOP-76QMG9DE,scr_smart_1782930860535_monitor_1_post.jpg | screenshots/scr_smart_1782930860535_monitor_1_post.jpg,True
ses_20260701-183232-LAPTOP-76QMG9DE,6,2026-07-01T18:33:50.132Z,2026-07-01T18:34:50.132Z,2026-07-01T18:34:30.387000+00:00,evt_d4744af4-d5bd-4803-b131-dad518886210,C:\Users\Gaurav Rathod\Downloads\automation-proposal\raw_data\dataset-downloads\dataset_b-20260908T164438Z-1-001\dataset_b\ses_20260701-183232-LAPTOP-76QMG9DE\chunk_20260701-1830-LAPTOP-76QMG9DE\events.jsonl,202,20260701-1830-LAPTOP-76QMG9DE,scr_smart_1782930870387_monitor_1_post.jpg | screenshots/scr_smart_1782930870387_monitor_1_post.jpg,True
ses_20260701-183232-LAPTOP-76QMG9DE,6,2026-07-01T18:33:50.132Z,2026-07-01T18:34:50.132Z,2026-07-01T18:34:32.143000+00:00,evt_a4c2acac-3264-4441-9324-a704175e28f5,C:\Users\Gaurav Rathod\Downloads\automation-proposal\raw_data\dataset-downloads\dataset_b-20260908T164438Z-1-001\dataset_b\ses_20260701-183232-LAPTOP-76QMG9DE\chunk_20260701-1830-LAPTOP-76QMG9DE\events.jsonl,206,20260701-1830-LAPTOP-76QMG9DE,scr_smart_1782930872143_monitor_1_post.jpg | screenshots/scr_smart_1782930872143_monitor_1_post.jpg,True
ses_20260701-183232-LAPTOP-76QMG9DE,6,2026-07-01T18:33:50.132Z,2026-07-01T18:34:50.132Z,2026-07-01T18:34:33.073000+00:00,evt_560e6f1b-d43e-4c29-9787-8c8a1304901a,C:\Users\Gaurav Rathod\Downloads\automation-proposal\raw_data\dataset-downloads\dataset_b-20260908T164438Z-1-001\dataset_b\ses_20260701-183232-LAPTOP-76QMG9DE\chunk_20260701-1830-LAPTOP-76QMG9DE\events.jsonl,213,20260701-1830-LAPTOP-76QMG9DE,scr_smart_1782930873073_monitor_1_post.jpg | screenshots/scr_smart_1782930873073_monitor_1_post.jpg,True
ses_20260701-183232-LAPTOP-76QMG9DE,6,2026-07-01T18:33:50.132Z,2026-07-01T18:34:50.132Z,2026-07-01T18:34:35.033000+00:00,evt_555d34cb-35e6-4003-9303-cd2090df4769,C:\Users\Gaurav Rathod\Downloads\automation-proposal\raw_data\dataset-downloads\dataset_b-20260908T164438Z-1-001\dataset_b\ses_20260701-183232-LAPTOP-76QMG9DE\chunk_20260701-1830-LAPTOP-76QMG9DE\events.jsonl,216,20260701-1830-LAPTOP-76QMG9DE,scr_smart_1782930875033_monitor_1_post.jpg | screenshots/scr_smart_1782930875033_monitor_1_post.jpg,True
ses_20260701-183232-LAPTOP-76QMG9DE,6,2026-07-01T18:33:50.132Z,2026-07-01T18:34:50.132Z,2026-07-01T18:34:39+00:00,evt_5d208a61-3462-402e-920b-cae0463f87ad,C:\Users\Gaurav Rathod\Downloads\automation-proposal\raw_data\dataset-downloads\dataset_b-20260908T164438Z-1-001\dataset_b\ses_20260701-183232-LAPTOP-76QMG9DE\chunk_20260701-1830-LAPTOP-76QMG9DE\events.jsonl,219,20260701-1830-LAPTOP-76QMG9DE,scr_smart_1782930879000_monitor_1_post.jpg | screenshots/scr_smart_1782930879000_monitor_1_post.jpg,True
ses_20260701-183232-LAPTOP-76QMG9DE,6,2026-07-01T18:33:50.132Z,2026-07-01T18:34:50.132Z,2026-07-01T18:34:39.544000+00:00,evt_127c55cb-e409-4d77-8214-503b622aec02,C:\Users\Gaurav Rathod\Downloads\automation-proposal\raw_data\dataset-downloads\dataset_b-20260908T164438Z-1-001\dataset_b\ses_20260701-183232-LAPTOP-76QMG9DE\chunk_20260701-1830-LAPTOP-76QMG9DE\events.jsonl,222,20260701-1830-LAPTOP-76QMG9DE,scr_smart_1782930879544_monitor_1_post.jpg | screenshots/scr_smart_1782930879544_monitor_1_post.jpg,True
ses_20260701-183232-LAPTOP-76QMG9DE,6,2026-07-01T18:33:50.132Z,2026-07-01T18:34:50.132Z,2026-07-01T18:34:40.575000+00:00,evt_10877cd2-0ec1-48af-ba95-20ca8ad32516,C:\Users\Gaurav Rathod\Downloads\automation-proposal\raw_data\dataset-downloads\dataset_b-20260908T164438Z-1-001\dataset_b\ses_20260701-183232-LAPTOP-76QMG9DE\chunk_20260701-1830-LAPTOP-76QMG9DE\events.jsonl,225,20260701-1830-LAPTOP-76QMG9DE,scr_smart_1782930880575_monitor_1_post.jpg | screenshots/scr_smart_1782930880575_monitor_1_post.jpg,True
ses_20260701-183232-LAPTOP-76QMG9DE,6,2026-07-01T18:33:50.132Z,2026-07-01T18:34:50.132Z,2026-07-01T18:34:41.615000+00:00,evt_505461da-8d0c-486c-93bc-f50c2d8b404b,C:\Users\Gaurav Rathod\Downloads\automation-proposal\raw_data\dataset-downloads\dataset_b-20260908T164438Z-1-001\dataset_b\ses_20260701-183232-LAPTOP-76QMG9DE\chunk_20260701-1830-LAPTOP-76QMG9DE\events.jsonl,232,20260701-1830-LAPTOP-76QMG9DE,scr_smart_1782930881615_monitor_1_post.jpg | screenshots/scr_smart_1782930881615_monitor_1_post.jpg,True
ses_20260701-183232-LAPTOP-76QMG9DE,6,2026-07-01T18:33:50.132Z,2026-07-01T18:34:50.132Z,2026-07-01T18:34:43.869000+00:00,evt_9cc9ef3b-cd30-415e-ba01-9e631343c9f4,C:\Users\Gaurav Rathod\Downloads\automation-proposal\raw_data\dataset-downloads\dataset_b-20260908T164438Z-1-001\dataset_b\ses_20260701-183232-LAPTOP-76QMG9DE\chunk_20260701-1830-LAPTOP-76QMG9DE\events.jsonl,235,20260701-1830-LAPTOP-76QMG9DE,scr_smart_1782930883869_monitor_1_post.jpg | screenshots/scr_smart_1782930883869_monitor_1_post.jpg,True
ses_20260701-183232-LAPTOP-76QMG9DE,6,2026-07-01T18:33:50.132Z,2026-07-01T18:34:50.132Z,2026-07-01T18:34:47.249000+00:00,evt_2869cfa8-901c-49d0-938a-05a5aded424b,C:\Users\Gaurav Rathod\Downloads\automation-proposal\raw_data\dataset-downloads\dataset_b-20260908T164438Z-1-001\dataset_b\ses_20260701-183232-LAPTOP-76QMG9DE\chunk_20260701-1830-LAPTOP-76QMG9DE\events.jsonl,238,20260701-1830-LAPTOP-76QMG9DE,scr_smart_1782930887249_monitor_1_post.jpg | screenshots/scr_smart_1782930887249_monitor_1_post.jpg,True
ses_20260701-183232-LAPTOP-76QMG9DE,6,2026-07-01T18:33:50.132Z,2026-07-01T18:34:50.132Z,2026-07-01T18:34:47.800000+00:00,evt_64b5995e-e6f2-4772-8e44-6156263fbf86,C:\Users\Gaurav Rathod\Downloads\automation-proposal\raw_data\dataset-downloads\dataset_b-20260908T164438Z-1-001\dataset_b\ses_20260701-183232-LAPTOP-76QMG9DE\chunk_20260701-1830-LAPTOP-76QMG9DE\events.jsonl,241,20260701-1830-LAPTOP-76QMG9DE,scr_smart_1782930887800_monitor_1_post.jpg | screenshots/scr_smart_1782930887800_monitor_1_post.jpg,True
ses_20260701-183232-LAPTOP-76QMG9DE,6,2026-07-01T18:33:50.132Z,2026-07-01T18:34:50.132Z,2026-07-01T18:34:48.853000+00:00,evt_f5c454bf-e295-4174-be1e-5aeb7e9f293c,C:\Users\Gaurav Rathod\Downloads\automation-proposal\raw_data\dataset-downloads\dataset_b-20260908T164438Z-1-001\dataset_b\ses_20260701-183232-LAPTOP-76QMG9DE\chunk_20260701-1830-LAPTOP-76QMG9DE\events.jsonl,244,20260701-1830-LAPTOP-76QMG9DE,scr_smart_1782930888853_monitor_1_post.jpg | screenshots/scr_smart_1782930888853_monitor_1_post.jpg,True
ses_20260701-183232-LAPTOP-76QMG9DE,6,2026-07-01T18:33:50.132Z,2026-07-01T18:34:50.132Z,2026-07-01T18:34:49.893000+00:00,evt_acf3b0ff-b35b-43f3-8678-2dbf5e336e58,C:\Users\Gaurav Rathod\Downloads\automation-proposal\raw_data\dataset-downloads\dataset_b-20260908T164438Z-1-001\dataset_b\ses_20260701-183232-LAPTOP-76QMG9DE\chunk_20260701-1830-LAPTOP-76QMG9DE\events.jsonl,251,20260701-1830-LAPTOP-76QMG9DE,scr_smart_1782930889893_monitor_1_post.jpg | screenshots/scr_smart_1782930889893_monitor_1_post.jpg,True
ses_20260701-183232-LAPTOP-76QMG9DE,7,2026-07-01T18:34:50.132Z,2026-07-01T18:35:22.132Z,2026-07-01T18:34:52.241000+00:00,evt_a0ae1ad4-3024-4c19-bda6-c5cdeeceb940,C:\Users\Gaurav Rathod\Downloads\automation-proposal\raw_data\dataset-downloads\dataset_b-20260908T164438Z-1-001\dataset_b\ses_20260701-183232-LAPTOP-76QMG9DE\chunk_20260701-1830-LAPTOP-76QMG9DE\events.jsonl,254,20260701-1830-LAPTOP-76QMG9DE,scr_smart_1782930892241_monitor_1_post.jpg | screenshots/scr_smart_1782930892241_monitor_1_post.jpg,True
ses_20260701-183232-LAPTOP-76QMG9DE,7,2026-07-01T18:34:50.132Z,2026-07-01T18:35:22.132Z,2026-07-01T18:34:54.095000+00:00,evt_4965752c-a989-4824-af7f-daf74fb5e456,C:\Users\Gaurav Rathod\Downloads\automation-proposal\raw_data\dataset-downloads\dataset_b-20260908T164438Z-1-001\dataset_b\ses_20260701-183232-LAPTOP-76QMG9DE\chunk_20260701-1830-LAPTOP-76QMG9DE\events.jsonl,257,20260701-1830-LAPTOP-76QMG9DE,scr_smart_1782930894095_monitor_1_post.jpg | screenshots/scr_smart_1782930894095_monitor_1_post.jpg,True
ses_20260701-183232-LAPTOP-76QMG9DE,7,2026-07-01T18:34:50.132Z,2026-07-01T18:35:22.132Z,2026-07-01T18:34:54.735000+00:00,evt_ca8cd0d6-1ad4-4a89-b257-d7ece73e5c84,C:\Users\Gaurav Rathod\Downloads\automation-proposal\raw_data\dataset-downloads\dataset_b-20260908T164438Z-1-001\dataset_b\ses_20260701-183232-LAPTOP-76QMG9DE\chunk_20260701-1830-LAPTOP-76QMG9DE\events.jsonl,265,20260701-1830-LAPTOP-76QMG9DE,scr_smart_1782930894735_monitor_1_post.jpg | screenshots/scr_smart_1782930894735_monitor_1_post.jpg,True
ses_20260701-183232-LAPTOP-76QMG9DE,7,2026-07-01T18:34:50.132Z,2026-07-01T18:35:22.132Z,2026-07-01T18:34:57.693000+00:00,evt_ea9d55be-ead1-4536-911b-29600f72d5f0,C:\Users\Gaurav Rathod\Downloads\automation-proposal\raw_data\dataset-downloads\dataset_b-20260908T164438Z-1-001\dataset_b\ses_20260701-183232-LAPTOP-76QMG9DE\chunk_20260701-1830-LAPTOP-76QMG9DE\events.jsonl,267,20260701-1830-LAPTOP-76QMG9DE,scr_smart_1782930897693_monitor_1_post.jpg | screenshots/scr_smart_1782930897693_monitor_1_post.jpg,True
ses_20260701-183232-LAPTOP-76QMG9DE,7,2026-07-01T18:34:50.132Z,2026-07-01T18:35:22.132Z,2026-07-01T18:34:58.230000+00:00,evt_032738b1-fef2-494e-be77-adebf3284a9c,C:\Users\Gaurav Rathod\Downloads\automation-proposal\raw_data\dataset-downloads\dataset_b-20260908T164438Z-1-001\dataset_b\ses_20260701-183232-LAPTOP-76QMG9DE\chunk_20260701-1830-LAPTOP-76QMG9DE\events.jsonl,270,20260701-1830-LAPTOP-76QMG9DE,scr_smart_1782930898230_monitor_1_post.jpg | screenshots/scr_smart_1782930898230_monitor_1_post.jpg,True
ses_20260701-183232-LAPTOP-76QMG9DE,7,2026-07-01T18:34:50.132Z,2026-07-01T18:35:22.132Z,2026-07-01T18:34:59.187000+00:00,evt_2491f899-c77c-47ae-b8b6-ae77b575474b,C:\Users\Gaurav Rathod\Downloads\automation-proposal\raw_data\dataset-downloads\dataset_b-20260908T164438Z-1-001\dataset_b\ses_20260701-183232-LAPTOP-76QMG9DE\chunk_20260701-1830-LAPTOP-76QMG9DE\events.jsonl,273,20260701-1830-LAPTOP-76QMG9DE,scr_smart_1782930899187_monitor_1_post.jpg | screenshots/scr_smart_1782930899187_monitor_1_post.jpg,True
ses_20260701-183232-LAPTOP-76QMG9DE,7,2026-07-01T18:34:50.132Z,2026-07-01T18:35:22.132Z,2026-07-01T18:35:00.205000+00:00,evt_861effa1-0148-4176-a694-4933f84c35bd,C:\Users\Gaurav Rathod\Downloads\automation-proposal\raw_data\dataset-downloads\dataset_b-20260908T164438Z-1-001\dataset_b\ses_20260701-183232-LAPTOP-76QMG9DE\chunk_20260701-1830-LAPTOP-76QMG9DE\events.jsonl,280,20260701-1830-LAPTOP-76QMG9DE,scr_smart_1782930900205_monitor_1_post.jpg | screenshots/scr_smart_1782930900205_monitor_1_post.jpg,True
ses_20260701-183232-LAPTOP-76QMG9DE,7,2026-07-01T18:34:50.132Z,2026-07-01T18:35:22.132Z,2026-07-01T18:35:02.248000+00:00,evt_daefc562-2508-4893-a75d-b9f8b43c62a8,C:\Users\Gaurav Rathod\Downloads\automation-proposal\raw_data\dataset-downloads\dataset_b-20260908T164438Z-1-001\dataset_b\ses_20260701-183232-LAPTOP-76QMG9DE\chunk_20260701-1830-LAPTOP-76QMG9DE\events.jsonl,283,20260701-1830-LAPTOP-76QMG9DE,scr_smart_1782930902248_monitor_1_post.jpg | screenshots/scr_smart_1782930902248_monitor_1_post.jpg,True
ses_20260701-183232-LAPTOP-76QMG9DE,7,2026-07-01T18:34:50.132Z,2026-07-01T18:35:22.132Z,2026-07-01T18:35:03.925000+00:00,evt_01a00f71-89db-423a-a1e2-334e2bb06de3,C:\Users\Gaurav Rathod\Downloads\automation-proposal\raw_data\dataset-downloads\dataset_b-20260908T164438Z-1-001\dataset_b\ses_20260701-183232-LAPTOP-76QMG9DE\chunk_20260701-1830-LAPTOP-76QMG9DE\events.jsonl,286,20260701-1830-LAPTOP-76QMG9DE,scr_smart_1782930903925_monitor_1_post.jpg | screenshots/scr_smart_1782930903925_monitor_1_post.jpg,True
ses_20260701-183232-LAPTOP-76QMG9DE,7,2026-07-01T18:34:50.132Z,2026-07-01T18:35:22.132Z,2026-07-01T18:35:09.630000+00:00,evt_7322fd60-4955-4dc7-8ab2-9ab52539421d,C:\Users\Gaurav Rathod\Downloads\automation-proposal\raw_data\dataset-downloads\dataset_b-20260908T164438Z-1-001\dataset_b\ses_20260701-183232-LAPTOP-76QMG9DE\chunk_20260701-1830-LAPTOP-76QMG9DE\events.jsonl,288,20260701-1830-LAPTOP-76QMG9DE,scr_smart_1782930909630_monitor_1_post.jpg | screenshots/scr_smart_1782930909630_monitor_1_post.jpg,True
ses_20260701-183232-LAPTOP-76QMG9DE,7,2026-07-01T18:34:50.132Z,2026-07-01T18:35:22.132Z,2026-07-01T18:35:10.169000+00:00,evt_ea241f1d-6181-45d1-8a77-0a69e243d73c,C:\Users\Gaurav Rathod\Downloads\automation-proposal\raw_data\dataset-downloads\dataset_b-20260908T164438Z-1-001\dataset_b\ses_20260701-183232-LAPTOP-76QMG9DE\chunk_20260701-1830-LAPTOP-76QMG9DE\events.jsonl,291,20260701-1830-LAPTOP-76QMG9DE,scr_smart_1782930910169_monitor_1_post.jpg | screenshots/scr_smart_1782930910169_monitor_1_post.jpg,True
ses_20260701-183232-LAPTOP-76QMG9DE,7,2026-07-01T18:34:50.132Z,2026-07-01T18:35:22.132Z,2026-07-01T18:35:11.409000+00:00,evt_8d2fd91f-d399-4766-ab26-cfcf593fb370,C:\Users\Gaurav Rathod\Downloads\automation-proposal\raw_data\dataset-downloads\dataset_b-20260908T164438Z-1-001\dataset_b\ses_20260701-183232-LAPTOP-76QMG9DE\chunk_20260701-1830-LAPTOP-76QMG9DE\events.jsonl,294,20260701-1830-LAPTOP-76QMG9DE,scr_smart_1782930911409_monitor_1_post.jpg | screenshots/scr_smart_1782930911409_monitor_1_post.jpg,True
ses_20260701-183232-LAPTOP-76QMG9DE,7,2026-07-01T18:34:50.132Z,2026-07-01T18:35:22.132Z,2026-07-01T18:35:12.348000+00:00,evt_5a10eaa2-f822-4b6c-afc7-7ad9ec7fbb71,C:\Users\Gaurav Rathod\Downloads\automation-proposal\raw_data\dataset-downloads\dataset_b-20260908T164438Z-1-001\dataset_b\ses_20260701-183232-LAPTOP-76QMG9DE\chunk_20260701-1830-LAPTOP-76QMG9DE\events.jsonl,301,20260701-1830-LAPTOP-76QMG9DE,scr_smart_1782930912348_monitor_1_post.jpg | screenshots/scr_smart_1782930912348_monitor_1_post.jpg,True
ses_20260701-183232-LAPTOP-76QMG9DE,7,2026-07-01T18:34:50.132Z,2026-07-01T18:35:22.132Z,2026-07-01T18:35:14.803000+00:00,evt_67cf7450-f3e2-4901-a551-572a335f4c11,C:\Users\Gaurav Rathod\Downloads\automation-proposal\raw_data\dataset-downloads\dataset_b-20260908T164438Z-1-001\dataset_b\ses_20260701-183232-LAPTOP-76QMG9DE\chunk_20260701-1830-LAPTOP-76QMG9DE\events.jsonl,304,20260701-1830-LAPTOP-76QMG9DE,scr_smart_1782930914803_monitor_1_post.jpg | screenshots/scr_smart_1782930914803_monitor_1_post.jpg,True
ses_20260701-183232-LAPTOP-76QMG9DE,7,2026-07-01T18:34:50.132Z,2026-07-01T18:35:22.132Z,2026-07-01T18:35:18.176000+00:00,evt_49183d64-738e-42a0-a779-aada572ecf93,C:\Users\Gaurav Rathod\Downloads\automation-proposal\raw_data\dataset-downloads\dataset_b-20260908T164438Z-1-001\dataset_b\ses_20260701-183232-LAPTOP-76QMG9DE\chunk_20260701-1830-LAPTOP-76QMG9DE\events.jsonl,307,20260701-1830-LAPTOP-76QMG9DE,scr_smart_1782930918176_monitor_1_post.jpg | screenshots/scr_smart_1782930918176_monitor_1_post.jpg,True
ses_20260701-183232-LAPTOP-76QMG9DE,7,2026-07-01T18:34:50.132Z,2026-07-01T18:35:22.132Z,2026-07-01T18:35:18.715000+00:00,evt_fc680c86-b2d6-439c-9040-a93e7fd8c3e9,C:\Users\Gaurav Rathod\Downloads\automation-proposal\raw_data\dataset-downloads\dataset_b-20260908T164438Z-1-001\dataset_b\ses_20260701-183232-LAPTOP-76QMG9DE\chunk_20260701-1830-LAPTOP-76QMG9DE\events.jsonl,310,20260701-1830-LAPTOP-76QMG9DE,scr_smart_1782930918715_monitor_1_post.jpg | screenshots/scr_smart_1782930918715_monitor_1_post.jpg,True
ses_20260701-183232-LAPTOP-76QMG9DE,7,2026-07-01T18:34:50.132Z,2026-07-01T18:35:22.132Z,2026-07-01T18:35:19.859000+00:00,evt_93af0402-4748-4d05-9da5-7cdffae5691a,C:\Users\Gaurav Rathod\Downloads\automation-proposal\raw_data\dataset-downloads\dataset_b-20260908T164438Z-1-001\dataset_b\ses_20260701-183232-LAPTOP-76QMG9DE\chunk_20260701-1830-LAPTOP-76QMG9DE\events.jsonl,313,20260701-1830-LAPTOP-76QMG9DE,scr_smart_1782930919859_monitor_1_post.jpg | screenshots/scr_smart_1782930919859_monitor_1_post.jpg,True
ses_20260701-183232-LAPTOP-76QMG9DE,7,2026-07-01T18:34:50.132Z,2026-07-01T18:35:22.132Z,2026-07-01T18:35:20.798000+00:00,evt_fc0361a8-62f9-4b9d-aec5-885ea6c2cd34,C:\Users\Gaurav Rathod\Downloads\automation-proposal\raw_data\dataset-downloads\dataset_b-20260908T164438Z-1-001\dataset_b\ses_20260701-183232-LAPTOP-76QMG9DE\chunk_20260701-1830-LAPTOP-76QMG9DE\events.jsonl,320,20260701-1830-LAPTOP-76QMG9DE,scr_smart_1782930920798_monitor_1_post.jpg | screenshots/scr_smart_1782930920798_monitor_1_post.jpg,True
ses_20260701-183232-LAPTOP-76QMG9DE,8,2026-07-01T18:35:22.132Z,2026-07-01T18:35:44.132Z,2026-07-01T18:35:23.138000+00:00,evt_5a6f4338-2f9d-43c1-91ce-c33c7ca788cf,C:\Users\Gaurav Rathod\Downloads\automation-proposal\raw_data\dataset-downloads\dataset_b-20260908T164438Z-1-001\dataset_b\ses_20260701-183232-LAPTOP-76QMG9DE\chunk_20260701-1830-LAPTOP-76QMG9DE\events.jsonl,323,20260701-1830-LAPTOP-76QMG9DE,scr_smart_1782930923138_monitor_1_post.jpg | screenshots/scr_smart_1782930923138_monitor_1_post.jpg,True
ses_20260701-183232-LAPTOP-76QMG9DE,8,2026-07-01T18:35:22.132Z,2026-07-01T18:35:44.132Z,2026-07-01T18:35:24.694000+00:00,evt_66f09684-75c4-4950-b21a-eac556375d7a,C:\Users\Gaurav Rathod\Downloads\automation-proposal\raw_data\dataset-downloads\dataset_b-20260908T164438Z-1-001\dataset_b\ses_20260701-183232-LAPTOP-76QMG9DE\chunk_20260701-1830-LAPTOP-76QMG9DE\events.jsonl,326,20260701-1830-LAPTOP-76QMG9DE,scr_smart_1782930924694_monitor_1_post.jpg | screenshots/scr_smart_1782930924694_monitor_1_post.jpg,True
ses_20260701-183232-LAPTOP-76QMG9DE,8,2026-07-01T18:35:22.132Z,2026-07-01T18:35:44.132Z,2026-07-01T18:35:27.756000+00:00,evt_e47a6bfd-9427-49f3-b779-cef290b515b1,C:\Users\Gaurav Rathod\Downloads\automation-proposal\raw_data\dataset-downloads\dataset_b-20260908T164438Z-1-001\dataset_b\ses_20260701-183232-LAPTOP-76QMG9DE\chunk_20260701-1830-LAPTOP-76QMG9DE\events.jsonl,328,20260701-1830-LAPTOP-76QMG9DE,scr_smart_1782930927756_monitor_1_post.jpg | screenshots/scr_smart_1782930927756_monitor_1_post.jpg,True
ses_20260701-183232-LAPTOP-76QMG9DE,8,2026-07-01T18:35:22.132Z,2026-07-01T18:35:44.132Z,2026-07-01T18:35:28.287000+00:00,evt_21546d23-b7ff-4a90-9783-f32cfda1cba4,C:\Users\Gaurav Rathod\Downloads\automation-proposal\raw_data\dataset-downloads\dataset_b-20260908T164438Z-1-001\dataset_b\ses_20260701-183232-LAPTOP-76QMG9DE\chunk_20260701-1830-LAPTOP-76QMG9DE\events.jsonl,331,20260701-1830-LAPTOP-76QMG9DE,scr_smart_1782930928287_monitor_1_post.jpg | screenshots/scr_smart_1782930928287_monitor_1_post.jpg,True
ses_20260701-183232-LAPTOP-76QMG9DE,8,2026-07-01T18:35:22.132Z,2026-07-01T18:35:44.132Z,2026-07-01T18:35:29.721000+00:00,evt_15965dd7-07f8-4e63-861a-e1d678130ca2,C:\Users\Gaurav Rathod\Downloads\automation-proposal\raw_data\dataset-downloads\dataset_b-20260908T164438Z-1-001\dataset_b\ses_20260701-183232-LAPTOP-76QMG9DE\chunk_20260701-1830-LAPTOP-76QMG9DE\events.jsonl,334,20260701-1830-LAPTOP-76QMG9DE,scr_smart_1782930929721_monitor_1_post.jpg | screenshots/scr_smart_1782930929721_monitor_1_post.jpg,True
ses_20260701-183232-LAPTOP-76QMG9DE,8,2026-07-01T18:35:22.132Z,2026-07-01T18:35:44.132Z,2026-07-01T18:35:30.764000+00:00,evt_67f896d9-c449-4e7e-a933-818817b17b3b,C:\Users\Gaurav Rathod\Downloads\automation-proposal\raw_data\dataset-downloads\dataset_b-20260908T164438Z-1-001\dataset_b\ses_20260701-183232-LAPTOP-76QMG9DE\chunk_20260701-1830-LAPTOP-76QMG9DE\events.jsonl,341,20260701-1830-LAPTOP-76QMG9DE,scr_smart_1782930930764_monitor_1_post.jpg | screenshots/scr_smart_1782930930764_monitor_1_post.jpg,True
ses_20260701-183232-LAPTOP-76QMG9DE,8,2026-07-01T18:35:22.132Z,2026-07-01T18:35:44.132Z,2026-07-01T18:35:32.927000+00:00,evt_6d94ae82-8e28-49e0-92d0-21bd185fdd29,C:\Users\Gaurav Rathod\Downloads\automation-proposal\raw_data\dataset-downloads\dataset_b-20260908T164438Z-1-001\dataset_b\ses_20260701-183232-LAPTOP-76QMG9DE\chunk_20260701-1830-LAPTOP-76QMG9DE\events.jsonl,344,20260701-1830-LAPTOP-76QMG9DE,scr_smart_1782930932927_monitor_1_post.jpg | screenshots/scr_smart_1782930932927_monitor_1_post.jpg,True
ses_20260701-183232-LAPTOP-76QMG9DE,8,2026-07-01T18:35:22.132Z,2026-07-01T18:35:44.132Z,2026-07-01T18:35:36.683000+00:00,evt_fff39ebe-6efa-47f2-b3f0-6f87fc4e6756,C:\Users\Gaurav Rathod\Downloads\automation-proposal\raw_data\dataset-downloads\dataset_b-20260908T164438Z-1-001\dataset_b\ses_20260701-183232-LAPTOP-76QMG9DE\chunk_20260701-1830-LAPTOP-76QMG9DE\events.jsonl,347,20260701-1830-LAPTOP-76QMG9DE,scr_smart_1782930936683_monitor_1_post.jpg | screenshots/scr_smart_1782930936683_monitor_1_post.jpg,True
ses_20260701-183232-LAPTOP-76QMG9DE,8,2026-07-01T18:35:22.132Z,2026-07-01T18:35:44.132Z,2026-07-01T18:35:37.239000+00:00,evt_fc74a1af-799c-4486-8d91-619244c64c7e,C:\Users\Gaurav Rathod\Downloads\automation-proposal\raw_data\dataset-downloads\dataset_b-20260908T164438Z-1-001\dataset_b\ses_20260701-183232-LAPTOP-76QMG9DE\chunk_20260701-1830-LAPTOP-76QMG9DE\events.jsonl,350,20260701-1830-LAPTOP-76QMG9DE,scr_smart_1782930937239_monitor_1_post.jpg | screenshots/scr_smart_1782930937239_monitor_1_post.jpg,True
ses_20260701-183232-LAPTOP-76QMG9DE,8,2026-07-01T18:35:22.132Z,2026-07-01T18:35:44.132Z,2026-07-01T18:35:38.686000+00:00,evt_afa46876-381a-4a9a-ac94-1ecb45a57367,C:\Users\Gaurav Rathod\Downloads\automation-proposal\raw_data\dataset-downloads\dataset_b-20260908T164438Z-1-001\dataset_b\ses_20260701-183232-LAPTOP-76QMG9DE\chunk_20260701-1830-LAPTOP-76QMG9DE\events.jsonl,353,20260701-1830-LAPTOP-76QMG9DE,scr_smart_1782930938686_monitor_1_post.jpg | screenshots/scr_smart_1782930938686_monitor_1_post.jpg,True
ses_20260701-183232-LAPTOP-76QMG9DE,8,2026-07-01T18:35:22.132Z,2026-07-01T18:35:44.132Z,2026-07-01T18:35:39.625000+00:00,evt_f395383b-9ef5-4085-a992-05d222ff5112,C:\Users\Gaurav Rathod\Downloads\automation-proposal\raw_data\dataset-downloads\dataset_b-20260908T164438Z-1-001\dataset_b\ses_20260701-183232-LAPTOP-76QMG9DE\chunk_20260701-1830-LAPTOP-76QMG9DE\events.jsonl,360,20260701-1830-LAPTOP-76QMG9DE,scr_smart_1782930939625_monitor_1_post.jpg | screenshots/scr_smart_1782930939625_monitor_1_post.jpg,True
ses_20260701-183232-LAPTOP-76QMG9DE,8,2026-07-01T18:35:22.132Z,2026-07-01T18:35:44.132Z,2026-07-01T18:35:41.878000+00:00,evt_109019ab-b96a-4744-8911-16ec52f695bc,C:\Users\Gaurav Rathod\Downloads\automation-proposal\raw_data\dataset-downloads\dataset_b-20260908T164438Z-1-001\dataset_b\ses_20260701-183232-LAPTOP-76QMG9DE\chunk_20260701-1830-LAPTOP-76QMG9DE\events.jsonl,363,20260701-1830-LAPTOP-76QMG9DE,scr_smart_1782930941878_monitor_1_post.jpg | screenshots/scr_smart_1782930941878_monitor_1_post.jpg,True
ses_20260701-183232-LAPTOP-76QMG9DE,9,2026-07-01T18:35:44.132Z,2026-07-01T18:36:04.132Z,2026-07-01T18:35:48.686000+00:00,evt_654bf55f-6e04-4c67-a667-28d3a5d5d2f9,C:\Users\Gaurav Rathod\Downloads\automation-proposal\raw_data\dataset-downloads\dataset_b-20260908T164438Z-1-001\dataset_b\ses_20260701-183232-LAPTOP-76QMG9DE\chunk_20260701-1830-LAPTOP-76QMG9DE\events.jsonl,366,20260701-1830-LAPTOP-76QMG9DE,scr_smart_1782930948686_monitor_1_post.jpg | screenshots/scr_smart_1782930948686_monitor_1_post.jpg,True
ses_20260701-183232-LAPTOP-76QMG9DE,9,2026-07-01T18:35:44.132Z,2026-07-01T18:36:04.132Z,2026-07-01T18:35:49.218000+00:00,evt_93d79f24-b813-47b0-bf4b-eaadf539bdb3,C:\Users\Gaurav Rathod\Downloads\automation-proposal\raw_data\dataset-downloads\dataset_b-20260908T164438Z-1-001\dataset_b\ses_20260701-183232-LAPTOP-76QMG9DE\chunk_20260701-1830-LAPTOP-76QMG9DE\events.jsonl,369,20260701-1830-LAPTOP-76QMG9DE,scr_smart_1782930949218_monitor_1_post.jpg | screenshots/scr_smart_1782930949218_monitor_1_post.jpg,True
ses_20260701-183232-LAPTOP-76QMG9DE,9,2026-07-01T18:35:44.132Z,2026-07-01T18:36:04.132Z,2026-07-01T18:35:50.355000+00:00,evt_c5b09730-3276-4b34-a5f7-77a558b5460a,C:\Users\Gaurav Rathod\Downloads\automation-proposal\raw_data\dataset-downloads\dataset_b-20260908T164438Z-1-001\dataset_b\ses_20260701-183232-LAPTOP-76QMG9DE\chunk_20260701-1830-LAPTOP-76QMG9DE\events.jsonl,372,20260701-1830-LAPTOP-76QMG9DE,scr_smart_1782930950355_monitor_1_post.jpg | screenshots/scr_smart_1782930950355_monitor_1_post.jpg,True
ses_20260701-183232-LAPTOP-76QMG9DE,9,2026-07-01T18:35:44.132Z,2026-07-01T18:36:04.132Z,2026-07-01T18:35:51.293000+00:00,evt_476bad66-71fe-4685-a5b2-7cc2d03d711c,C:\Users\Gaurav Rathod\Downloads\automation-proposal\raw_data\dataset-downloads\dataset_b-20260908T164438Z-1-001\dataset_b\ses_20260701-183232-LAPTOP-76QMG9DE\chunk_20260701-1830-LAPTOP-76QMG9DE\events.jsonl,379,20260701-1830-LAPTOP-76QMG9DE,scr_smart_1782930951293_monitor_1_post.jpg | screenshots/scr_smart_1782930951293_monitor_1_post.jpg,True
ses_20260701-183232-LAPTOP-76QMG9DE,9,2026-07-01T18:35:44.132Z,2026-07-01T18:36:04.132Z,2026-07-01T18:35:53.538000+00:00,evt_a51b71fc-0aa0-4cf9-8f61-0dca6d353c5a,C:\Users\Gaurav Rathod\Downloads\automation-proposal\raw_data\dataset-downloads\dataset_b-20260908T164438Z-1-001\dataset_b\ses_20260701-183232-LAPTOP-76QMG9DE\chunk_20260701-1830-LAPTOP-76QMG9DE\events.jsonl,382,20260701-1830-LAPTOP-76QMG9DE,scr_smart_1782930953538_monitor_1_post.jpg | screenshots/scr_smart_1782930953538_monitor_1_post.jpg,True
ses_20260701-183232-LAPTOP-76QMG9DE,9,2026-07-01T18:35:44.132Z,2026-07-01T18:36:04.132Z,2026-07-01T18:35:57.143000+00:00,evt_a3cdfe7f-a974-4f6c-ae71-d5ed39d04f84,C:\Users\Gaurav Rathod\Downloads\automation-proposal\raw_data\dataset-downloads\dataset_b-20260908T164438Z-1-001\dataset_b\ses_20260701-183232-LAPTOP-76QMG9DE\chunk_20260701-1830-LAPTOP-76QMG9DE\events.jsonl,385,20260701-1830-LAPTOP-76QMG9DE,scr_smart_1782930957143_monitor_1_post.jpg | screenshots/scr_smart_1782930957143_monitor_1_post.jpg,True
ses_20260701-183232-LAPTOP-76QMG9DE,9,2026-07-01T18:35:44.132Z,2026-07-01T18:36:04.132Z,2026-07-01T18:35:57.698000+00:00,evt_1632cf99-e8e1-48b2-b068-efcd02a3bda1,C:\Users\Gaurav Rathod\Downloads\automation-proposal\raw_data\dataset-downloads\dataset_b-20260908T164438Z-1-001\dataset_b\ses_20260701-183232-LAPTOP-76QMG9DE\chunk_20260701-1830-LAPTOP-76QMG9DE\events.jsonl,388,20260701-1830-LAPTOP-76QMG9DE,scr_smart_1782930957698_monitor_1_post.jpg | screenshots/scr_smart_1782930957698_monitor_1_post.jpg,True
ses_20260701-183232-LAPTOP-76QMG9DE,9,2026-07-01T18:35:44.132Z,2026-07-01T18:36:04.132Z,2026-07-01T18:35:58.545000+00:00,evt_3ef9476f-a36a-4f14-9a2c-bb0ee1f712a7,C:\Users\Gaurav Rathod\Downloads\automation-proposal\raw_data\dataset-downloads\dataset_b-20260908T164438Z-1-001\dataset_b\ses_20260701-183232-LAPTOP-76QMG9DE\chunk_20260701-1830-LAPTOP-76QMG9DE\events.jsonl,391,20260701-1830-LAPTOP-76QMG9DE,scr_smart_1782930958545_monitor_1_post.jpg | screenshots/scr_smart_1782930958545_monitor_1_post.jpg,True
ses_20260701-183232-LAPTOP-76QMG9DE,9,2026-07-01T18:35:44.132Z,2026-07-01T18:36:04.132Z,2026-07-01T18:35:59.581000+00:00,evt_f9c9cff1-c996-41ca-b32e-1e917d049100,C:\Users\Gaurav Rathod\Downloads\automation-proposal\raw_data\dataset-downloads\dataset_b-20260908T164438Z-1-001\dataset_b\ses_20260701-183232-LAPTOP-76QMG9DE\chunk_20260701-1830-LAPTOP-76QMG9DE\events.jsonl,398,20260701-1830-LAPTOP-76QMG9DE,scr_smart_1782930959581_monitor_1_post.jpg | screenshots/scr_smart_1782930959581_monitor_1_post.jpg,True
ses_20260701-183232-LAPTOP-76QMG9DE,9,2026-07-01T18:35:44.132Z,2026-07-01T18:36:04.132Z,2026-07-01T18:36:01.823000+00:00,evt_edf15f55-47e2-48d2-81d8-4aac1fe00432,C:\Users\Gaurav Rathod\Downloads\automation-proposal\raw_data\dataset-downloads\dataset_b-20260908T164438Z-1-001\dataset_b\ses_20260701-183232-LAPTOP-76QMG9DE\chunk_20260701-1830-LAPTOP-76QMG9DE\events.jsonl,401,20260701-1830-LAPTOP-76QMG9DE,scr_smart_1782930961823_monitor_1_post.jpg | screenshots/scr_smart_1782930961823_monitor_1_post.jpg,True
ses_20260701-183232-LAPTOP-76QMG9DE,10,2026-07-01T18:37:16.132Z,2026-07-01T18:37:34.132Z,2026-07-01T18:37:20.218000+00:00,evt_fbab448d-a703-4776-af16-e5034588b635,C:\Users\Gaurav Rathod\Downloads\automation-proposal\raw_data\dataset-downloads\dataset_b-20260908T164438Z-1-001\dataset_b\ses_20260701-183232-LAPTOP-76QMG9DE\chunk_20260701-1830-LAPTOP-76QMG9DE\events.jsonl,537,20260701-1830-LAPTOP-76QMG9DE,scr_smart_1782931040218_monitor_1_post.jpg | screenshots/scr_smart_1782931040218_monitor_1_post.jpg,True
ses_20260701-183232-LAPTOP-76QMG9DE,10,2026-07-01T18:37:16.132Z,2026-07-01T18:37:34.132Z,2026-07-01T18:37:21.555000+00:00,evt_5ad4c4cf-6464-4093-ba28-afe0fc3a12fc,C:\Users\Gaurav Rathod\Downloads\automation-proposal\raw_data\dataset-downloads\dataset_b-20260908T164438Z-1-001\dataset_b\ses_20260701-183232-LAPTOP-76QMG9DE\chunk_20260701-1830-LAPTOP-76QMG9DE\events.jsonl,539,20260701-1830-LAPTOP-76QMG9DE,scr_smart_1782931041555_monitor_1_post.jpg | screenshots/scr_smart_1782931041555_monitor_1_post.jpg,True
ses_20260701-183232-LAPTOP-76QMG9DE,10,2026-07-01T18:37:16.132Z,2026-07-01T18:37:34.132Z,2026-07-01T18:37:23.299000+00:00,evt_2d481ddb-9783-4804-bb7b-0e675d8f1589,C:\Users\Gaurav Rathod\Downloads\automation-proposal\raw_data\dataset-downloads\dataset_b-20260908T164438Z-1-001\dataset_b\ses_20260701-183232-LAPTOP-76QMG9DE\chunk_20260701-1830-LAPTOP-76QMG9DE\events.jsonl,544,20260701-1830-LAPTOP-76QMG9DE,scr_smart_1782931043299_monitor_1_post.jpg | screenshots/scr_smart_1782931043299_monitor_1_post.jpg,True
ses_20260701-183232-LAPTOP-76QMG9DE,10,2026-07-01T18:37:16.132Z,2026-07-01T18:37:34.132Z,2026-07-01T18:37:24.270000+00:00,evt_25f6e92e-6fcb-428c-a839-bd2165e16118,C:\Users\Gaurav Rathod\Downloads\automation-proposal\raw_data\dataset-downloads\dataset_b-20260908T164438Z-1-001\dataset_b\ses_20260701-183232-LAPTOP-76QMG9DE\chunk_20260701-1830-LAPTOP-76QMG9DE\events.jsonl,551,20260701-1830-LAPTOP-76QMG9DE,scr_smart_1782931044270_monitor_1_post.jpg | screenshots/scr_smart_1782931044270_monitor_1_post.jpg,True
ses_20260701-183232-LAPTOP-76QMG9DE,10,2026-07-01T18:37:16.132Z,2026-07-01T18:37:34.132Z,2026-07-01T18:37:26.739000+00:00,evt_0110dee4-2d2a-4ebe-a5b7-9d528b37ed52,C:\Users\Gaurav Rathod\Downloads\automation-proposal\raw_data\dataset-downloads\dataset_b-20260908T164438Z-1-001\dataset_b\ses_20260701-183232-LAPTOP-76QMG9DE\chunk_20260701-1830-LAPTOP-76QMG9DE\events.jsonl,554,20260701-1830-LAPTOP-76QMG9DE,scr_smart_1782931046739_monitor_1_post.jpg | screenshots/scr_smart_1782931046739_monitor_1_post.jpg,True
ses_20260701-183232-LAPTOP-76QMG9DE,10,2026-07-01T18:37:16.132Z,2026-07-01T18:37:34.132Z,2026-07-01T18:37:30.115000+00:00,evt_287a485f-fe95-459c-9ea4-2201395ed13c,C:\Users\Gaurav Rathod\Downloads\automation-proposal\raw_data\dataset-downloads\dataset_b-20260908T164438Z-1-001\dataset_b\ses_20260701-183232-LAPTOP-76QMG9DE\chunk_20260701-1830-LAPTOP-76QMG9DE\events.jsonl,558,20260701-1830-LAPTOP-76QMG9DE,scr_smart_1782931050115_monitor_1_post.jpg | screenshots/scr_smart_1782931050115_monitor_1_post.jpg,True
ses_20260701-183232-LAPTOP-76QMG9DE,10,2026-07-01T18:37:16.132Z,2026-07-01T18:37:34.132Z,2026-07-01T18:37:31.453000+00:00,evt_556e48af-2698-43c9-b16a-55777ba7387e,C:\Users\Gaurav Rathod\Downloads\automation-proposal\raw_data\dataset-downloads\dataset_b-20260908T164438Z-1-001\dataset_b\ses_20260701-183232-LAPTOP-76QMG9DE\chunk_20260701-1830-LAPTOP-76QMG9DE\events.jsonl,561,20260701-1830-LAPTOP-76QMG9DE,scr_smart_1782931051453_monitor_1_post.jpg | screenshots/scr_smart_1782931051453_monitor_1_post.jpg,True
ses_20260701-183232-LAPTOP-76QMG9DE,10,2026-07-01T18:37:16.132Z,2026-07-01T18:37:34.132Z,2026-07-01T18:37:32.391000+00:00,evt_246d4e06-3bba-444f-b15c-668bfb19dfb0,C:\Users\Gaurav Rathod\Downloads\automation-proposal\raw_data\dataset-downloads\dataset_b-20260908T164438Z-1-001\dataset_b\ses_20260701-183232-LAPTOP-76QMG9DE\chunk_20260701-1830-LAPTOP-76QMG9DE\events.jsonl,568,20260701-1830-LAPTOP-76QMG9DE,scr_smart_1782931052391_monitor_1_post.jpg | screenshots/scr_smart_1782931052391_monitor_1_post.jpg,True
ses_20260701-183232-LAPTOP-76QMG9DE,11,2026-07-01T18:37:34.132Z,2026-07-01T18:37:52.132Z,2026-07-01T18:37:34.833000+00:00,evt_a8572804-911d-46ef-801d-b185057ad37e,C:\Users\Gaurav Rathod\Downloads\automation-proposal\raw_data\dataset-downloads\dataset_b-20260908T164438Z-1-001\dataset_b\ses_20260701-183232-LAPTOP-76QMG9DE\chunk_20260701-1830-LAPTOP-76QMG9DE\events.jsonl,571,20260701-1830-LAPTOP-76QMG9DE,scr_smart_1782931054833_monitor_1_post.jpg | screenshots/scr_smart_1782931054833_monitor_1_post.jpg,True
ses_20260701-183232-LAPTOP-76QMG9DE,11,2026-07-01T18:37:34.132Z,2026-07-01T18:37:52.132Z,2026-07-01T18:37:36.991000+00:00,evt_ed2af24e-cd25-4747-a77e-5a4adfa6dbfb,C:\Users\Gaurav Rathod\Downloads\automation-proposal\raw_data\dataset-downloads\dataset_b-20260908T164438Z-1-001\dataset_b\ses_20260701-183232-LAPTOP-76QMG9DE\chunk_20260701-1830-LAPTOP-76QMG9DE\events.jsonl,574,20260701-1830-LAPTOP-76QMG9DE,scr_smart_1782931056991_monitor_1_post.jpg | screenshots/scr_smart_1782931056991_monitor_1_post.jpg,True
ses_20260701-183232-LAPTOP-76QMG9DE,11,2026-07-01T18:37:34.132Z,2026-07-01T18:37:52.132Z,2026-07-01T18:37:40.056000+00:00,evt_8317f41a-2b38-49c7-847d-3a5bab199dee,C:\Users\Gaurav Rathod\Downloads\automation-proposal\raw_data\dataset-downloads\dataset_b-20260908T164438Z-1-001\dataset_b\ses_20260701-183232-LAPTOP-76QMG9DE\chunk_20260701-1830-LAPTOP-76QMG9DE\events.jsonl,583,20260701-1830-LAPTOP-76QMG9DE,scr_smart_1782931060056_monitor_1_post.jpg | screenshots/scr_smart_1782931060056_monitor_1_post.jpg,True
ses_20260701-183232-LAPTOP-76QMG9DE,11,2026-07-01T18:37:34.132Z,2026-07-01T18:37:52.132Z,2026-07-01T18:37:40.701000+00:00,evt_8a5e3529-dea8-4452-84e7-618f1db83f13,C:\Users\Gaurav Rathod\Downloads\automation-proposal\raw_data\dataset-downloads\dataset_b-20260908T164438Z-1-001\dataset_b\ses_20260701-183232-LAPTOP-76QMG9DE\chunk_20260701-1830-LAPTOP-76QMG9DE\events.jsonl,586,20260701-1830-LAPTOP-76QMG9DE,scr_smart_1782931060701_monitor_1_post.jpg | screenshots/scr_smart_1782931060701_monitor_1_post.jpg,True
ses_20260701-183232-LAPTOP-76QMG9DE,11,2026-07-01T18:37:34.132Z,2026-07-01T18:37:52.132Z,2026-07-01T18:37:41.677000+00:00,evt_3d799e50-4653-4055-86a5-1c16ef42e306,C:\Users\Gaurav Rathod\Downloads\automation-proposal\raw_data\dataset-downloads\dataset_b-20260908T164438Z-1-001\dataset_b\ses_20260701-183232-LAPTOP-76QMG9DE\chunk_20260701-1830-LAPTOP-76QMG9DE\events.jsonl,589,20260701-1830-LAPTOP-76QMG9DE,scr_smart_1782931061677_monitor_1_post.jpg | screenshots/scr_smart_1782931061677_monitor_1_post.jpg,True
ses_20260701-183232-LAPTOP-76QMG9DE,11,2026-07-01T18:37:34.132Z,2026-07-01T18:37:52.132Z,2026-07-01T18:37:42.624000+00:00,evt_7c83d230-7519-48f8-af0d-22b7e6817f0c,C:\Users\Gaurav Rathod\Downloads\automation-proposal\raw_data\dataset-downloads\dataset_b-20260908T164438Z-1-001\dataset_b\ses_20260701-183232-LAPTOP-76QMG9DE\chunk_20260701-1830-LAPTOP-76QMG9DE\events.jsonl,596,20260701-1830-LAPTOP-76QMG9DE,scr_smart_1782931062624_monitor_1_post.jpg | screenshots/scr_smart_1782931062624_monitor_1_post.jpg,True
ses_20260701-183232-LAPTOP-76QMG9DE,11,2026-07-01T18:37:34.132Z,2026-07-01T18:37:52.132Z,2026-07-01T18:37:44.869000+00:00,evt_ddc57632-38f9-4de7-bf27-740a04f564f1,C:\Users\Gaurav Rathod\Downloads\automation-proposal\raw_data\dataset-downloads\dataset_b-20260908T164438Z-1-001\dataset_b\ses_20260701-183232-LAPTOP-76QMG9DE\chunk_20260701-1830-LAPTOP-76QMG9DE\events.jsonl,599,20260701-1830-LAPTOP-76QMG9DE,scr_smart_1782931064869_monitor_1_post.jpg | screenshots/scr_smart_1782931064869_monitor_1_post.jpg,True
ses_20260701-183232-LAPTOP-76QMG9DE,11,2026-07-01T18:37:34.132Z,2026-07-01T18:37:52.132Z,2026-07-01T18:37:49.163000+00:00,evt_91fb7f71-9b7e-4347-9a2c-31776edc233a,C:\Users\Gaurav Rathod\Downloads\automation-proposal\raw_data\dataset-downloads\dataset_b-20260908T164438Z-1-001\dataset_b\ses_20260701-183232-LAPTOP-76QMG9DE\chunk_20260701-1830-LAPTOP-76QMG9DE\events.jsonl,603,20260701-1830-LAPTOP-76QMG9DE,scr_smart_1782931069163_monitor_1_post.jpg | screenshots/scr_smart_1782931069163_monitor_1_post.jpg,True
ses_20260701-183232-LAPTOP-76QMG9DE,11,2026-07-01T18:37:34.132Z,2026-07-01T18:37:52.132Z,2026-07-01T18:37:50.310000+00:00,evt_aafd2e19-02ae-4bb6-a5e8-e6ee65cd3391,C:\Users\Gaurav Rathod\Downloads\automation-proposal\raw_data\dataset-downloads\dataset_b-20260908T164438Z-1-001\dataset_b\ses_20260701-183232-LAPTOP-76QMG9DE\chunk_20260701-1830-LAPTOP-76QMG9DE\events.jsonl,606,20260701-1830-LAPTOP-76QMG9DE,scr_smart_1782931070310_monitor_1_post.jpg | screenshots/scr_smart_1782931070310_monitor_1_post.jpg,True
ses_20260701-183232-LAPTOP-76QMG9DE,11,2026-07-01T18:37:34.132Z,2026-07-01T18:37:52.132Z,2026-07-01T18:37:51.258000+00:00,evt_a82c96f8-e894-493c-a3d9-f2064f99c399,C:\Users\Gaurav Rathod\Downloads\automation-proposal\raw_data\dataset-downloads\dataset_b-20260908T164438Z-1-001\dataset_b\ses_20260701-183232-LAPTOP-76QMG9DE\chunk_20260701-1830-LAPTOP-76QMG9DE\events.jsonl,613,20260701-1830-LAPTOP-76QMG9DE,scr_smart_1782931071258_monitor_1_post.jpg | screenshots/scr_smart_1782931071258_monitor_1_post.jpg,True
ses_20260701-184201-LAPTOP-76QMG9DE,1,2026-07-01T18:52:43.374Z,2026-07-01T18:52:51.374Z,2026-07-01T18:52:47.178000+00:00,evt_10498327-aa78-460e-afda-5a6819e6e0fe,C:\Users\Gaurav Rathod\Downloads\automation-proposal\raw_data\dataset-downloads\dataset_b-20260908T164438Z-1-001\dataset_b\ses_20260701-184201-LAPTOP-76QMG9DE\chunk_20260701-1830-LAPTOP-76QMG9DE\events.jsonl,1243,20260701-1830-LAPTOP-76QMG9DE,scr_smart_1782931967178_monitor_1_post.jpg | screenshots/scr_smart_1782931967178_monitor_1_post.jpg,True
ses_20260701-184201-LAPTOP-76QMG9DE,1,2026-07-01T18:52:43.374Z,2026-07-01T18:52:51.374Z,2026-07-01T18:52:48.821000+00:00,evt_807d4e0c-7020-4cd4-851a-8f275be371be,C:\Users\Gaurav Rathod\Downloads\automation-proposal\raw_data\dataset-downloads\dataset_b-20260908T164438Z-1-001\dataset_b\ses_20260701-184201-LAPTOP-76QMG9DE\chunk_20260701-1830-LAPTOP-76QMG9DE\events.jsonl,1245,20260701-1830-LAPTOP-76QMG9DE,scr_smart_1782931968821_monitor_1_post.jpg | screenshots/scr_smart_1782931968821_monitor_1_post.jpg,True
ses_20260701-184201-LAPTOP-76QMG9DE,1,2026-07-01T18:52:43.374Z,2026-07-01T18:52:51.374Z,2026-07-01T18:52:50.392000+00:00,evt_98619e91-6f56-4381-8c72-3b87f7e21135,C:\Users\Gaurav Rathod\Downloads\automation-proposal\raw_data\dataset-downloads\dataset_b-20260908T164438Z-1-001\dataset_b\ses_20260701-184201-LAPTOP-76QMG9DE\chunk_20260701-1830-LAPTOP-76QMG9DE\events.jsonl,1249,20260701-1830-LAPTOP-76QMG9DE,scr_smart_1782931970392_monitor_1_post.jpg | screenshots/scr_smart_1782931970392_monitor_1_post.jpg,True
ses_20260701-184201-LAPTOP-76QMG9DE,2,2026-07-01T18:52:51.374Z,2026-07-01T18:53:03.374Z,2026-07-01T18:52:51.431000+00:00,evt_b1275fb0-886d-409c-b82a-1f428ce424f9,C:\Users\Gaurav Rathod\Downloads\automation-proposal\raw_data\dataset-downloads\dataset_b-20260908T164438Z-1-001\dataset_b\ses_20260701-184201-LAPTOP-76QMG9DE\chunk_20260701-1830-LAPTOP-76QMG9DE\events.jsonl,1256,20260701-1830-LAPTOP-76QMG9DE,scr_smart_1782931971431_monitor_1_post.jpg | screenshots/scr_smart_1782931971431_monitor_1_post.jpg,True
ses_20260701-184201-LAPTOP-76QMG9DE,2,2026-07-01T18:52:51.374Z,2026-07-01T18:53:03.374Z,2026-07-01T18:52:53.682000+00:00,evt_818839fa-d3b8-414a-946c-3c96c78ee134,C:\Users\Gaurav Rathod\Downloads\automation-proposal\raw_data\dataset-downloads\dataset_b-20260908T164438Z-1-001\dataset_b\ses_20260701-184201-LAPTOP-76QMG9DE\chunk_20260701-1830-LAPTOP-76QMG9DE\events.jsonl,1259,20260701-1830-LAPTOP-76QMG9DE,scr_smart_1782931973682_monitor_1_post.jpg | screenshots/scr_smart_1782931973682_monitor_1_post.jpg,True
ses_20260701-184201-LAPTOP-76QMG9DE,2,2026-07-01T18:52:51.374Z,2026-07-01T18:53:03.374Z,2026-07-01T18:52:55.535000+00:00,evt_d4549dec-9fd4-465a-85a5-7dbfe1e82bc8,C:\Users\Gaurav Rathod\Downloads\automation-proposal\raw_data\dataset-downloads\dataset_b-20260908T164438Z-1-001\dataset_b\ses_20260701-184201-LAPTOP-76QMG9DE\chunk_20260701-1830-LAPTOP-76QMG9DE\events.jsonl,1262,20260701-1830-LAPTOP-76QMG9DE,scr_smart_1782931975535_monitor_1_post.jpg | screenshots/scr_smart_1782931975535_monitor_1_post.jpg,True
ses_20260701-184201-LAPTOP-76QMG9DE,2,2026-07-01T18:52:51.374Z,2026-07-01T18:53:03.374Z,2026-07-01T18:52:56.076000+00:00,evt_5f7710ff-0f20-4c93-bfea-36d020f6e396,C:\Users\Gaurav Rathod\Downloads\automation-proposal\raw_data\dataset-downloads\dataset_b-20260908T164438Z-1-001\dataset_b\ses_20260701-184201-LAPTOP-76QMG9DE\chunk_20260701-1830-LAPTOP-76QMG9DE\events.jsonl,1270,20260701-1830-LAPTOP-76QMG9DE,scr_smart_1782931976076_monitor_1_post.jpg | screenshots/scr_smart_1782931976076_monitor_1_post.jpg,True
ses_20260701-184201-LAPTOP-76QMG9DE,2,2026-07-01T18:52:51.374Z,2026-07-01T18:53:03.374Z,2026-07-01T18:52:59.135000+00:00,evt_220559fb-1ec0-43d1-8a20-93c0d01ce0aa,C:\Users\Gaurav Rathod\Downloads\automation-proposal\raw_data\dataset-downloads\dataset_b-20260908T164438Z-1-001\dataset_b\ses_20260701-184201-LAPTOP-76QMG9DE\chunk_20260701-1830-LAPTOP-76QMG9DE\events.jsonl,1272,20260701-1830-LAPTOP-76QMG9DE,scr_smart_1782931979135_monitor_1_post.jpg | screenshots/scr_smart_1782931979135_monitor_1_post.jpg,True
ses_20260701-184201-LAPTOP-76QMG9DE,2,2026-07-01T18:52:51.374Z,2026-07-01T18:53:03.374Z,2026-07-01T18:53:00.771000+00:00,evt_f16d694c-13d1-471d-9ac0-254da52a3127,C:\Users\Gaurav Rathod\Downloads\automation-proposal\raw_data\dataset-downloads\dataset_b-20260908T164438Z-1-001\dataset_b\ses_20260701-184201-LAPTOP-76QMG9DE\chunk_20260701-1830-LAPTOP-76QMG9DE\events.jsonl,1276,20260701-1830-LAPTOP-76QMG9DE,scr_smart_1782931980771_monitor_1_post.jpg | screenshots/scr_smart_1782931980771_monitor_1_post.jpg,True
ses_20260701-184201-LAPTOP-76QMG9DE,2,2026-07-01T18:52:51.374Z,2026-07-01T18:53:03.374Z,2026-07-01T18:53:01.623000+00:00,evt_2f271340-ba4d-4c37-8a87-e908fa45ef5e,C:\Users\Gaurav Rathod\Downloads\automation-proposal\raw_data\dataset-downloads\dataset_b-20260908T164438Z-1-001\dataset_b\ses_20260701-184201-LAPTOP-76QMG9DE\chunk_20260701-1830-LAPTOP-76QMG9DE\events.jsonl,1283,20260701-1830-LAPTOP-76QMG9DE,scr_smart_1782931981623_monitor_1_post.jpg | screenshots/scr_smart_1782931981623_monitor_1_post.jpg,True
ses_20260701-184201-LAPTOP-76QMG9DE,3,2026-07-01T18:53:03.374Z,2026-07-01T18:53:15.374Z,2026-07-01T18:53:03.765000+00:00,evt_bc822c62-8c56-482e-b8b3-6a428b16d586,C:\Users\Gaurav Rathod\Downloads\automation-proposal\raw_data\dataset-downloads\dataset_b-20260908T164438Z-1-001\dataset_b\ses_20260701-184201-LAPTOP-76QMG9DE\chunk_20260701-1830-LAPTOP-76QMG9DE\events.jsonl,1286,20260701-1830-LAPTOP-76QMG9DE,scr_smart_1782931983765_monitor_1_post.jpg | screenshots/scr_smart_1782931983765_monitor_1_post.jpg,True
ses_20260701-184201-LAPTOP-76QMG9DE,3,2026-07-01T18:53:03.374Z,2026-07-01T18:53:15.374Z,2026-07-01T18:53:05.913000+00:00,evt_404e0be0-1566-4bd3-9f51-d5b48f763a01,C:\Users\Gaurav Rathod\Downloads\automation-proposal\raw_data\dataset-downloads\dataset_b-20260908T164438Z-1-001\dataset_b\ses_20260701-184201-LAPTOP-76QMG9DE\chunk_20260701-1830-LAPTOP-76QMG9DE\events.jsonl,1292,20260701-1830-LAPTOP-76QMG9DE,scr_smart_1782931985913_monitor_1_post.jpg | screenshots/scr_smart_1782931985913_monitor_1_post.jpg,True
ses_20260701-184201-LAPTOP-76QMG9DE,3,2026-07-01T18:53:03.374Z,2026-07-01T18:53:15.374Z,2026-07-01T18:53:12.263000+00:00,evt_20593ce8-008a-4735-9a6c-f62a4febb4c3,C:\Users\Gaurav Rathod\Downloads\automation-proposal\raw_data\dataset-downloads\dataset_b-20260908T164438Z-1-001\dataset_b\ses_20260701-184201-LAPTOP-76QMG9DE\chunk_20260701-1830-LAPTOP-76QMG9DE\events.jsonl,1298,20260701-1830-LAPTOP-76QMG9DE,scr_smart_1782931992263_monitor_1_post.jpg | screenshots/scr_smart_1782931992263_monitor_1_post.jpg,True
ses_20260701-184201-LAPTOP-76QMG9DE,3,2026-07-01T18:53:03.374Z,2026-07-01T18:53:15.374Z,2026-07-01T18:53:14.219000+00:00,evt_ee184c00-3258-4d1a-a28d-400d2c547191,C:\Users\Gaurav Rathod\Downloads\automation-proposal\raw_data\dataset-downloads\dataset_b-20260908T164438Z-1-001\dataset_b\ses_20260701-184201-LAPTOP-76QMG9DE\chunk_20260701-1830-LAPTOP-76QMG9DE\events.jsonl,1303,20260701-1830-LAPTOP-76QMG9DE,scr_smart_1782931994219_monitor_1_post.jpg | screenshots/scr_smart_1782931994219_monitor_1_post.jpg,True
ses_20260701-184201-LAPTOP-76QMG9DE,3,2026-07-01T18:53:03.374Z,2026-07-01T18:53:15.374Z,2026-07-01T18:53:14.854000+00:00,evt_907ebc8b-11ba-4ff7-a4f9-294baa051178,C:\Users\Gaurav Rathod\Downloads\automation-proposal\raw_data\dataset-downloads\dataset_b-20260908T164438Z-1-001\dataset_b\ses_20260701-184201-LAPTOP-76QMG9DE\chunk_20260701-1830-LAPTOP-76QMG9DE\events.jsonl,1309,20260701-1830-LAPTOP-76QMG9DE,scr_smart_1782931994854_monitor_1_post.jpg | screenshots/scr_smart_1782931994854_monitor_1_post.jpg,True
ses_20260701-184201-LAPTOP-76QMG9DE,4,2026-07-01T18:53:15.374Z,2026-07-01T18:53:29.374Z,2026-07-01T18:53:17.013000+00:00,evt_7e5c3bf1-9f10-46aa-8894-322302321758,C:\Users\Gaurav Rathod\Downloads\automation-proposal\raw_data\dataset-downloads\dataset_b-20260908T164438Z-1-001\dataset_b\ses_20260701-184201-LAPTOP-76QMG9DE\chunk_20260701-1830-LAPTOP-76QMG9DE\events.jsonl,1312,20260701-1830-LAPTOP-76QMG9DE,scr_smart_1782931997013_monitor_1_post.jpg | screenshots/scr_smart_1782931997013_monitor_1_post.jpg,True
ses_20260701-184201-LAPTOP-76QMG9DE,4,2026-07-01T18:53:15.374Z,2026-07-01T18:53:29.374Z,2026-07-01T18:53:18.656000+00:00,evt_8043455d-f0b8-44a6-a89f-33346adfa4fe,C:\Users\Gaurav Rathod\Downloads\automation-proposal\raw_data\dataset-downloads\dataset_b-20260908T164438Z-1-001\dataset_b\ses_20260701-184201-LAPTOP-76QMG9DE\chunk_20260701-1830-LAPTOP-76QMG9DE\events.jsonl,1315,20260701-1830-LAPTOP-76QMG9DE,scr_smart_1782931998656_monitor_1_post.jpg | screenshots/scr_smart_1782931998656_monitor_1_post.jpg,True
ses_20260701-184201-LAPTOP-76QMG9DE,4,2026-07-01T18:53:15.374Z,2026-07-01T18:53:29.374Z,2026-07-01T18:53:19.087000+00:00,evt_5ff25acd-ae5d-4051-96d8-e9ce20123d41,C:\Users\Gaurav Rathod\Downloads\automation-proposal\raw_data\dataset-downloads\dataset_b-20260908T164438Z-1-001\dataset_b\ses_20260701-184201-LAPTOP-76QMG9DE\chunk_20260701-1830-LAPTOP-76QMG9DE\events.jsonl,1323,20260701-1830-LAPTOP-76QMG9DE,scr_smart_1782931999087_monitor_1_post.jpg | screenshots/scr_smart_1782931999087_monitor_1_post.jpg,True
ses_20260701-184201-LAPTOP-76QMG9DE,4,2026-07-01T18:53:15.374Z,2026-07-01T18:53:29.374Z,2026-07-01T18:53:22.958000+00:00,evt_80e49272-3eff-43b1-8054-6025bc2917d4,C:\Users\Gaurav Rathod\Downloads\automation-proposal\raw_data\dataset-downloads\dataset_b-20260908T164438Z-1-001\dataset_b\ses_20260701-184201-LAPTOP-76QMG9DE\chunk_20260701-1830-LAPTOP-76QMG9DE\events.jsonl,1326,20260701-1830-LAPTOP-76QMG9DE,scr_smart_1782932002958_monitor_1_post.jpg | screenshots/scr_smart_1782932002958_monitor_1_post.jpg,True
ses_20260701-184201-LAPTOP-76QMG9DE,4,2026-07-01T18:53:15.374Z,2026-07-01T18:53:29.374Z,2026-07-01T18:53:24.300000+00:00,evt_15956e06-babd-446f-a009-d1ae4fa27375,C:\Users\Gaurav Rathod\Downloads\automation-proposal\raw_data\dataset-downloads\dataset_b-20260908T164438Z-1-001\dataset_b\ses_20260701-184201-LAPTOP-76QMG9DE\chunk_20260701-1830-LAPTOP-76QMG9DE\events.jsonl,1329,20260701-1830-LAPTOP-76QMG9DE,scr_smart_1782932004300_monitor_1_post.jpg | screenshots/scr_smart_1782932004300_monitor_1_post.jpg,True
ses_20260701-184201-LAPTOP-76QMG9DE,4,2026-07-01T18:53:15.374Z,2026-07-01T18:53:29.374Z,2026-07-01T18:53:24.830000+00:00,evt_f228a69b-4b99-47bf-a39a-eb546297931f,C:\Users\Gaurav Rathod\Downloads\automation-proposal\raw_data\dataset-downloads\dataset_b-20260908T164438Z-1-001\dataset_b\ses_20260701-184201-LAPTOP-76QMG9DE\chunk_20260701-1830-LAPTOP-76QMG9DE\events.jsonl,1331,20260701-1830-LAPTOP-76QMG9DE,scr_smart_1782932004830_monitor_1_post.jpg | screenshots/scr_smart_1782932004830_monitor_1_post.jpg,True
ses_20260701-184201-LAPTOP-76QMG9DE,4,2026-07-01T18:53:15.374Z,2026-07-01T18:53:29.374Z,2026-07-01T18:53:25.454000+00:00,evt_25d120e3-62f3-44a6-b0b4-d123d41031d4,C:\Users\Gaurav Rathod\Downloads\automation-proposal\raw_data\dataset-downloads\dataset_b-20260908T164438Z-1-001\dataset_b\ses_20260701-184201-LAPTOP-76QMG9DE\chunk_20260701-1830-LAPTOP-76QMG9DE\events.jsonl,1337,20260701-1830-LAPTOP-76QMG9DE,scr_smart_1782932005454_monitor_1_post.jpg | screenshots/scr_smart_1782932005454_monitor_1_post.jpg,True
ses_20260701-184201-LAPTOP-76QMG9DE,4,2026-07-01T18:53:15.374Z,2026-07-01T18:53:29.374Z,2026-07-01T18:53:27.533000+00:00,evt_9ab337b7-0be9-48a1-84dc-14b5550c2ae9,C:\Users\Gaurav Rathod\Downloads\automation-proposal\raw_data\dataset-downloads\dataset_b-20260908T164438Z-1-001\dataset_b\ses_20260701-184201-LAPTOP-76QMG9DE\chunk_20260701-1830-LAPTOP-76QMG9DE\events.jsonl,1340,20260701-1830-LAPTOP-76QMG9DE,scr_smart_1782932007533_monitor_1_post.jpg | screenshots/scr_smart_1782932007533_monitor_1_post.jpg,True
ses_20260701-190250-NEELA9BAF,1,2026-07-01T19:03:02.219Z,2026-07-01T19:03:40.219Z,2026-07-01T19:03:03.693000+00:00,evt_fce00cb9-915d-466d-ab3a-967e24680606,C:\Users\Gaurav Rathod\Downloads\automation-proposal\raw_data\dataset-downloads\dataset_b-20260908T164438Z-1-001\dataset_b\ses_20260701-190250-NEELA9BAF\chunk_20260701-1900-NEELA9BAF\events.jsonl,34,20260701-1900-NEELA9BAF,scr_smart_1782932583693_monitor_1_post.jpg | screenshots/scr_smart_1782932583693_monitor_1_post.jpg,True
ses_20260701-190250-NEELA9BAF,1,2026-07-01T19:03:02.219Z,2026-07-01T19:03:40.219Z,2026-07-01T19:03:05.236000+00:00,evt_f923101b-c7b9-41ac-a668-ac2dabc6ea82,C:\Users\Gaurav Rathod\Downloads\automation-proposal\raw_data\dataset-downloads\dataset_b-20260908T164438Z-1-001\dataset_b\ses_20260701-190250-NEELA9BAF\chunk_20260701-1900-NEELA9BAF\events.jsonl,36,20260701-1900-NEELA9BAF,scr_smart_1782932585236_monitor_1_post.jpg | screenshots/scr_smart_1782932585236_monitor_1_post.jpg,True
ses_20260701-190250-NEELA9BAF,1,2026-07-01T19:03:02.219Z,2026-07-01T19:03:40.219Z,2026-07-01T19:03:07.962000+00:00,evt_1c60a537-c2ed-4385-bbce-ad70be583f33,C:\Users\Gaurav Rathod\Downloads\automation-proposal\raw_data\dataset-downloads\dataset_b-20260908T164438Z-1-001\dataset_b\ses_20260701-190250-NEELA9BAF\chunk_20260701-1900-NEELA9BAF\events.jsonl,41,20260701-1900-NEELA9BAF,scr_smart_1782932587962_monitor_1_post.jpg | screenshots/scr_smart_1782932587962_monitor_1_post.jpg,True
ses_20260701-190250-NEELA9BAF,1,2026-07-01T19:03:02.219Z,2026-07-01T19:03:40.219Z,2026-07-01T19:03:08.977000+00:00,evt_c6d4d4b8-8968-445f-b958-fd58021ed5a9,C:\Users\Gaurav Rathod\Downloads\automation-proposal\raw_data\dataset-downloads\dataset_b-20260908T164438Z-1-001\dataset_b\ses_20260701-190250-NEELA9BAF\chunk_20260701-1900-NEELA9BAF\events.jsonl,42,20260701-1900-NEELA9BAF,scr_smart_1782932588977_monitor_1_post.jpg | screenshots/scr_smart_1782932588977_monitor_1_post.jpg,True
ses_20260701-190250-NEELA9BAF,1,2026-07-01T19:03:02.219Z,2026-07-01T19:03:40.219Z,2026-07-01T19:03:10.934000+00:00,evt_7239d0ab-f0ac-47a7-929b-85b9ef90e953,C:\Users\Gaurav Rathod\Downloads\automation-proposal\raw_data\dataset-downloads\dataset_b-20260908T164438Z-1-001\dataset_b\ses_20260701-190250-NEELA9BAF\chunk_20260701-1900-NEELA9BAF\events.jsonl,46,20260701-1900-NEELA9BAF,scr_smart_1782932590934_monitor_1_post.jpg | screenshots/scr_smart_1782932590934_monitor_1_post.jpg,True
ses_20260701-190250-NEELA9BAF,1,2026-07-01T19:03:02.219Z,2026-07-01T19:03:40.219Z,2026-07-01T19:03:13.140000+00:00,evt_7d1d42c3-70c2-4ae2-bbad-c616cbe58e45,C:\Users\Gaurav Rathod\Downloads\automation-proposal\raw_data\dataset-downloads\dataset_b-20260908T164438Z-1-001\dataset_b\ses_20260701-190250-NEELA9BAF\chunk_20260701-1900-NEELA9BAF\events.jsonl,51,20260701-1900-NEELA9BAF,scr_smart_1782932593140_monitor_1_post.jpg | screenshots/scr_smart_1782932593140_monitor_1_post.jpg,True
ses_20260701-190250-NEELA9BAF,1,2026-07-01T19:03:02.219Z,2026-07-01T19:03:40.219Z,2026-07-01T19:03:14.919000+00:00,evt_0b9916e3-65c1-4107-8a52-611311249a63,C:\Users\Gaurav Rathod\Downloads\automation-proposal\raw_data\dataset-downloads\dataset_b-20260908T164438Z-1-001\dataset_b\ses_20260701-190250-NEELA9BAF\chunk_20260701-1900-NEELA9BAF\events.jsonl,53,20260701-1900-NEELA9BAF,scr_smart_1782932594919_monitor_1_post.jpg | screenshots/scr_smart_1782932594919_monitor_1_post.jpg,True
ses_20260701-190250-NEELA9BAF,1,2026-07-01T19:03:02.219Z,2026-07-01T19:03:40.219Z,2026-07-01T19:03:19.078000+00:00,evt_665fb003-378b-41f2-b023-ad3410836f4d,C:\Users\Gaurav Rathod\Downloads\automation-proposal\raw_data\dataset-downloads\dataset_b-20260908T164438Z-1-001\dataset_b\ses_20260701-190250-NEELA9BAF\chunk_20260701-1900-NEELA9BAF\events.jsonl,56,20260701-1900-NEELA9BAF,scr_smart_1782932599078_monitor_1_post.jpg | screenshots/scr_smart_1782932599078_monitor_1_post.jpg,True
ses_20260701-190250-NEELA9BAF,1,2026-07-01T19:03:02.219Z,2026-07-01T19:03:40.219Z,2026-07-01T19:03:20.658000+00:00,evt_695c31b8-b22b-4cec-93f4-c662a7a07e3c,C:\Users\Gaurav Rathod\Downloads\automation-proposal\raw_data\dataset-downloads\dataset_b-20260908T164438Z-1-001\dataset_b\ses_20260701-190250-NEELA9BAF\chunk_20260701-1900-NEELA9BAF\events.jsonl,60,20260701-1900-NEELA9BAF,scr_smart_1782932600658_monitor_1_post.jpg | screenshots/scr_smart_1782932600658_monitor_1_post.jpg,True
ses_20260701-190250-NEELA9BAF,1,2026-07-01T19:03:02.219Z,2026-07-01T19:03:40.219Z,2026-07-01T19:03:21.974000+00:00,evt_6b200bd6-1fde-48f4-b875-31e3f43a5ab1,C:\Users\Gaurav Rathod\Downloads\automation-proposal\raw_data\dataset-downloads\dataset_b-20260908T164438Z-1-001\dataset_b\ses_20260701-190250-NEELA9BAF\chunk_20260701-1900-NEELA9BAF\events.jsonl,68,20260701-1900-NEELA9BAF,scr_smart_1782932601974_monitor_1_post.jpg | screenshots/scr_smart_1782932601974_monitor_1_post.jpg,True
ses_20260701-190250-NEELA9BAF,1,2026-07-01T19:03:02.219Z,2026-07-01T19:03:40.219Z,2026-07-01T19:03:22.417000+00:00,evt_c77f3cd4-df8c-419b-a309-f5c104358a94,C:\Users\Gaurav Rathod\Downloads\automation-proposal\raw_data\dataset-downloads\dataset_b-20260908T164438Z-1-001\dataset_b\ses_20260701-190250-NEELA9BAF\chunk_20260701-1900-NEELA9BAF\events.jsonl,84,20260701-1900-NEELA9BAF,scr_smart_1782932602417_monitor_1_post.jpg | screenshots/scr_smart_1782932602417_monitor_1_post.jpg,True
ses_20260701-190250-NEELA9BAF,1,2026-07-01T19:03:02.219Z,2026-07-01T19:03:40.219Z,2026-07-01T19:03:23.028000+00:00,evt_4f906dd6-0468-44a6-a161-a7b8bceaf456,C:\Users\Gaurav Rathod\Downloads\automation-proposal\raw_data\dataset-downloads\dataset_b-20260908T164438Z-1-001\dataset_b\ses_20260701-190250-NEELA9BAF\chunk_20260701-1900-NEELA9BAF\events.jsonl,88,20260701-1900-NEELA9BAF,scr_smart_1782932603028_monitor_1_post.jpg | screenshots/scr_smart_1782932603028_monitor_1_post.jpg,True
ses_20260701-190250-NEELA9BAF,1,2026-07-01T19:03:02.219Z,2026-07-01T19:03:40.219Z,2026-07-01T19:03:24.224000+00:00,evt_aa13ea58-258a-4192-b47b-23f35aceb212,C:\Users\Gaurav Rathod\Downloads\automation-proposal\raw_data\dataset-downloads\dataset_b-20260908T164438Z-1-001\dataset_b\ses_20260701-190250-NEELA9BAF\chunk_20260701-1900-NEELA9BAF\events.jsonl,92,20260701-1900-NEELA9BAF,scr_smart_1782932604224_monitor_1_post.jpg | screenshots/scr_smart_1782932604224_monitor_1_post.jpg,True
ses_20260701-190250-NEELA9BAF,1,2026-07-01T19:03:02.219Z,2026-07-01T19:03:40.219Z,2026-07-01T19:03:25.643000+00:00,evt_a1defc24-761f-4c6b-b1c4-4ce2f540c335,C:\Users\Gaurav Rathod\Downloads\automation-proposal\raw_data\dataset-downloads\dataset_b-20260908T164438Z-1-001\dataset_b\ses_20260701-190250-NEELA9BAF\chunk_20260701-1900-NEELA9BAF\events.jsonl,99,20260701-1900-NEELA9BAF,scr_smart_1782932605643_monitor_1_post.jpg | screenshots/scr_smart_1782932605643_monitor_1_post.jpg,True
ses_20260701-190250-NEELA9BAF,1,2026-07-01T19:03:02.219Z,2026-07-01T19:03:40.219Z,2026-07-01T19:03:28.489000+00:00,evt_5b3e0e8b-dfb7-488d-993f-c219167cbe15,C:\Users\Gaurav Rathod\Downloads\automation-proposal\raw_data\dataset-downloads\dataset_b-20260908T164438Z-1-001\dataset_b\ses_20260701-190250-NEELA9BAF\chunk_20260701-1900-NEELA9BAF\events.jsonl,102,20260701-1900-NEELA9BAF,scr_smart_1782932608489_monitor_1_post.jpg | screenshots/scr_smart_1782932608489_monitor_1_post.jpg,True
ses_20260701-190250-NEELA9BAF,1,2026-07-01T19:03:02.219Z,2026-07-01T19:03:40.219Z,2026-07-01T19:03:29.936000+00:00,evt_b89b972f-4351-4f74-9c3e-28f30c82be91,C:\Users\Gaurav Rathod\Downloads\automation-proposal\raw_data\dataset-downloads\dataset_b-20260908T164438Z-1-001\dataset_b\ses_20260701-190250-NEELA9BAF\chunk_20260701-1900-NEELA9BAF\events.jsonl,105,20260701-1900-NEELA9BAF,scr_smart_1782932609936_monitor_1_post.jpg | screenshots/scr_smart_1782932609936_monitor_1_post.jpg,True
ses_20260701-190250-NEELA9BAF,1,2026-07-01T19:03:02.219Z,2026-07-01T19:03:40.219Z,2026-07-01T19:03:33.472000+00:00,evt_b980dfef-a610-4d5f-8964-f893c6d8fb5a,C:\Users\Gaurav Rathod\Downloads\automation-proposal\raw_data\dataset-downloads\dataset_b-20260908T164438Z-1-001\dataset_b\ses_20260701-190250-NEELA9BAF\chunk_20260701-1900-NEELA9BAF\events.jsonl,107,20260701-1900-NEELA9BAF,scr_smart_1782932613472_monitor_1_post.jpg | screenshots/scr_smart_1782932613472_monitor_1_post.jpg,True
ses_20260701-190250-NEELA9BAF,1,2026-07-01T19:03:02.219Z,2026-07-01T19:03:40.219Z,2026-07-01T19:03:34.075000+00:00,evt_d771213c-18bc-4759-a5f9-03b92513fbd8,C:\Users\Gaurav Rathod\Downloads\automation-proposal\raw_data\dataset-downloads\dataset_b-20260908T164438Z-1-001\dataset_b\ses_20260701-190250-NEELA9BAF\chunk_20260701-1900-NEELA9BAF\events.jsonl,109,20260701-1900-NEELA9BAF,scr_smart_1782932614075_monitor_1_post.jpg | screenshots/scr_smart_1782932614075_monitor_1_post.jpg,True
ses_20260701-190250-NEELA9BAF,1,2026-07-01T19:03:02.219Z,2026-07-01T19:03:40.219Z,2026-07-01T19:03:34.567000+00:00,evt_8182ab30-e5f0-4a81-92ce-da568fb7a868,C:\Users\Gaurav Rathod\Downloads\automation-proposal\raw_data\dataset-downloads\dataset_b-20260908T164438Z-1-001\dataset_b\ses_20260701-190250-NEELA9BAF\chunk_20260701-1900-NEELA9BAF\events.jsonl,115,20260701-1900-NEELA9BAF,scr_smart_1782932614567_monitor_1_post.jpg | screenshots/scr_smart_1782932614567_monitor_1_post.jpg,True
ses_20260701-190250-NEELA9BAF,1,2026-07-01T19:03:02.219Z,2026-07-01T19:03:40.219Z,2026-07-01T19:03:36.758000+00:00,evt_da72c2ac-6f10-4da4-bdf2-8bbefd8ed5be,C:\Users\Gaurav Rathod\Downloads\automation-proposal\raw_data\dataset-downloads\dataset_b-20260908T164438Z-1-001\dataset_b\ses_20260701-190250-NEELA9BAF\chunk_20260701-1900-NEELA9BAF\events.jsonl,118,20260701-1900-NEELA9BAF,scr_smart_1782932616758_monitor_1_post.jpg | screenshots/scr_smart_1782932616758_monitor_1_post.jpg,True
ses_20260701-190250-NEELA9BAF,2,2026-07-01T19:03:40.219Z,2026-07-01T19:03:52.219Z,2026-07-01T19:03:44.806000+00:00,evt_a36a696a-9212-45eb-bd23-c712dc2d8b66,C:\Users\Gaurav Rathod\Downloads\automation-proposal\raw_data\dataset-downloads\dataset_b-20260908T164438Z-1-001\dataset_b\ses_20260701-190250-NEELA9BAF\chunk_20260701-1900-NEELA9BAF\events.jsonl,122,20260701-1900-NEELA9BAF,scr_smart_1782932624806_monitor_1_post.jpg | screenshots/scr_smart_1782932624806_monitor_1_post.jpg,True
ses_20260701-190250-NEELA9BAF,2,2026-07-01T19:03:40.219Z,2026-07-01T19:03:52.219Z,2026-07-01T19:03:46.034000+00:00,evt_070aa766-2c70-4cc0-9a77-2860c90db161,C:\Users\Gaurav Rathod\Downloads\automation-proposal\raw_data\dataset-downloads\dataset_b-20260908T164438Z-1-001\dataset_b\ses_20260701-190250-NEELA9BAF\chunk_20260701-1900-NEELA9BAF\events.jsonl,125,20260701-1900-NEELA9BAF,scr_smart_1782932626034_monitor_1_post.jpg | screenshots/scr_smart_1782932626034_monitor_1_post.jpg,True
ses_20260701-190250-NEELA9BAF,2,2026-07-01T19:03:40.219Z,2026-07-01T19:03:52.219Z,2026-07-01T19:03:46.542000+00:00,evt_5c8bcdfa-2910-41ee-b019-577059221877,C:\Users\Gaurav Rathod\Downloads\automation-proposal\raw_data\dataset-downloads\dataset_b-20260908T164438Z-1-001\dataset_b\ses_20260701-190250-NEELA9BAF\chunk_20260701-1900-NEELA9BAF\events.jsonl,127,20260701-1900-NEELA9BAF,scr_smart_1782932626542_monitor_1_post.jpg | screenshots/scr_smart_1782932626542_monitor_1_post.jpg,True
ses_20260701-190250-NEELA9BAF,2,2026-07-01T19:03:40.219Z,2026-07-01T19:03:52.219Z,2026-07-01T19:03:47.116000+00:00,evt_b11345c6-db6a-47ef-9ea3-24f0c0f84885,C:\Users\Gaurav Rathod\Downloads\automation-proposal\raw_data\dataset-downloads\dataset_b-20260908T164438Z-1-001\dataset_b\ses_20260701-190250-NEELA9BAF\chunk_20260701-1900-NEELA9BAF\events.jsonl,133,20260701-1900-NEELA9BAF,scr_smart_1782932627116_monitor_1_post.jpg | screenshots/scr_smart_1782932627116_monitor_1_post.jpg,True
ses_20260701-190250-NEELA9BAF,2,2026-07-01T19:03:40.219Z,2026-07-01T19:03:52.219Z,2026-07-01T19:03:49.213000+00:00,evt_175e0307-8e56-42d2-b911-d3b923604090,C:\Users\Gaurav Rathod\Downloads\automation-proposal\raw_data\dataset-downloads\dataset_b-20260908T164438Z-1-001\dataset_b\ses_20260701-190250-NEELA9BAF\chunk_20260701-1900-NEELA9BAF\events.jsonl,136,20260701-1900-NEELA9BAF,scr_smart_1782932629213_monitor_1_post.jpg | screenshots/scr_smart_1782932629213_monitor_1_post.jpg,True
ses_20260701-190250-NEELA9BAF,3,2026-07-01T19:03:52.219Z,2026-07-01T19:04:04.219Z,2026-07-01T19:03:53.419000+00:00,evt_cfab0cbe-cebb-46c5-8a72-5caf4fe6aa81,C:\Users\Gaurav Rathod\Downloads\automation-proposal\raw_data\dataset-downloads\dataset_b-20260908T164438Z-1-001\dataset_b\ses_20260701-190250-NEELA9BAF\chunk_20260701-1900-NEELA9BAF\events.jsonl,140,20260701-1900-NEELA9BAF,scr_smart_1782932633419_monitor_1_post.jpg | screenshots/scr_smart_1782932633419_monitor_1_post.jpg,True
ses_20260701-190250-NEELA9BAF,3,2026-07-01T19:03:52.219Z,2026-07-01T19:04:04.219Z,2026-07-01T19:03:54.971000+00:00,evt_96c8ef72-69c7-4f54-a9e6-c9e427c2dbc3,C:\Users\Gaurav Rathod\Downloads\automation-proposal\raw_data\dataset-downloads\dataset_b-20260908T164438Z-1-001\dataset_b\ses_20260701-190250-NEELA9BAF\chunk_20260701-1900-NEELA9BAF\events.jsonl,143,20260701-1900-NEELA9BAF,scr_smart_1782932634971_monitor_1_post.jpg | screenshots/scr_smart_1782932634971_monitor_1_post.jpg,True
ses_20260701-190250-NEELA9BAF,3,2026-07-01T19:03:52.219Z,2026-07-01T19:04:04.219Z,2026-07-01T19:03:59.211000+00:00,evt_61c8e90f-8de1-44b6-bf83-b42bfdd254ab,C:\Users\Gaurav Rathod\Downloads\automation-proposal\raw_data\dataset-downloads\dataset_b-20260908T164438Z-1-001\dataset_b\ses_20260701-190250-NEELA9BAF\chunk_20260701-1900-NEELA9BAF\events.jsonl,145,20260701-1900-NEELA9BAF,scr_smart_1782932639211_monitor_1_post.jpg | screenshots/scr_smart_1782932639211_monitor_1_post.jpg,True
ses_20260701-190250-NEELA9BAF,3,2026-07-01T19:03:52.219Z,2026-07-01T19:04:04.219Z,2026-07-01T19:04:00.194000+00:00,evt_6547cfe8-3e29-4006-9c08-a5175388c014,C:\Users\Gaurav Rathod\Downloads\automation-proposal\raw_data\dataset-downloads\dataset_b-20260908T164438Z-1-001\dataset_b\ses_20260701-190250-NEELA9BAF\chunk_20260701-1900-NEELA9BAF\events.jsonl,152,20260701-1900-NEELA9BAF,scr_smart_1782932640194_monitor_1_post.jpg | screenshots/scr_smart_1782932640194_monitor_1_post.jpg,True
ses_20260701-190250-NEELA9BAF,3,2026-07-01T19:03:52.219Z,2026-07-01T19:04:04.219Z,2026-07-01T19:04:02.378000+00:00,evt_398e570b-8fb5-44bd-8add-5abb05dbe9a7,C:\Users\Gaurav Rathod\Downloads\automation-proposal\raw_data\dataset-downloads\dataset_b-20260908T164438Z-1-001\dataset_b\ses_20260701-190250-NEELA9BAF\chunk_20260701-1900-NEELA9BAF\events.jsonl,155,20260701-1900-NEELA9BAF,scr_smart_1782932642378_monitor_1_post.jpg | screenshots/scr_smart_1782932642378_monitor_1_post.jpg,True
ses_20260701-190250-NEELA9BAF,4,2026-07-01T19:04:04.219Z,2026-07-01T19:04:16.219Z,2026-07-01T19:04:08.717000+00:00,evt_21772b22-cfeb-4365-89dc-f754c2970612,C:\Users\Gaurav Rathod\Downloads\automation-proposal\raw_data\dataset-downloads\dataset_b-20260908T164438Z-1-001\dataset_b\ses_20260701-190250-NEELA9BAF\chunk_20260701-1900-NEELA9BAF\events.jsonl,159,20260701-1900-NEELA9BAF,scr_smart_1782932648717_monitor_1_post.jpg | screenshots/scr_smart_1782932648717_monitor_1_post.jpg,True
ses_20260701-190250-NEELA9BAF,4,2026-07-01T19:04:04.219Z,2026-07-01T19:04:16.219Z,2026-07-01T19:04:10.126000+00:00,evt_53ddb678-a148-4f88-9b1f-34ce25540b03,C:\Users\Gaurav Rathod\Downloads\automation-proposal\raw_data\dataset-downloads\dataset_b-20260908T164438Z-1-001\dataset_b\ses_20260701-190250-NEELA9BAF\chunk_20260701-1900-NEELA9BAF\events.jsonl,163,20260701-1900-NEELA9BAF,scr_smart_1782932650126_monitor_1_post.jpg | screenshots/scr_smart_1782932650126_monitor_1_post.jpg,True
ses_20260701-190250-NEELA9BAF,4,2026-07-01T19:04:04.219Z,2026-07-01T19:04:16.219Z,2026-07-01T19:04:10.918000+00:00,evt_fc84dcc0-ce68-4d55-823d-f413d5b94394,C:\Users\Gaurav Rathod\Downloads\automation-proposal\raw_data\dataset-downloads\dataset_b-20260908T164438Z-1-001\dataset_b\ses_20260701-190250-NEELA9BAF\chunk_20260701-1900-NEELA9BAF\events.jsonl,169,20260701-1900-NEELA9BAF,scr_smart_1782932650918_monitor_1_post.jpg | screenshots/scr_smart_1782932650918_monitor_1_post.jpg,True
ses_20260701-190250-NEELA9BAF,4,2026-07-01T19:04:04.219Z,2026-07-01T19:04:16.219Z,2026-07-01T19:04:13.210000+00:00,evt_7f57c3da-0539-43d1-bda7-1bfc52b54e2b,C:\Users\Gaurav Rathod\Downloads\automation-proposal\raw_data\dataset-downloads\dataset_b-20260908T164438Z-1-001\dataset_b\ses_20260701-190250-NEELA9BAF\chunk_20260701-1900-NEELA9BAF\events.jsonl,172,20260701-1900-NEELA9BAF,scr_smart_1782932653210_monitor_1_post.jpg | screenshots/scr_smart_1782932653210_monitor_1_post.jpg,True
ses_20260701-190250-NEELA9BAF,5,2026-07-01T19:04:16.219Z,2026-07-01T19:04:30.219Z,2026-07-01T19:04:17.213000+00:00,evt_471b11a7-3efa-4e53-bd13-eb3501bf4751,C:\Users\Gaurav Rathod\Downloads\automation-proposal\raw_data\dataset-downloads\dataset_b-20260908T164438Z-1-001\dataset_b\ses_20260701-190250-NEELA9BAF\chunk_20260701-1900-NEELA9BAF\events.jsonl,176,20260701-1900-NEELA9BAF,scr_smart_1782932657213_monitor_1_post.jpg | screenshots/scr_smart_1782932657213_monitor_1_post.jpg,True
ses_20260701-190250-NEELA9BAF,5,2026-07-01T19:04:16.219Z,2026-07-01T19:04:30.219Z,2026-07-01T19:04:18.713000+00:00,evt_394ae6ee-9b8c-40f2-80af-1b701dba60d0,C:\Users\Gaurav Rathod\Downloads\automation-proposal\raw_data\dataset-downloads\dataset_b-20260908T164438Z-1-001\dataset_b\ses_20260701-190250-NEELA9BAF\chunk_20260701-1900-NEELA9BAF\events.jsonl,179,20260701-1900-NEELA9BAF,scr_smart_1782932658713_monitor_1_post.jpg | screenshots/scr_smart_1782932658713_monitor_1_post.jpg,True
ses_20260701-190250-NEELA9BAF,5,2026-07-01T19:04:16.219Z,2026-07-01T19:04:30.219Z,2026-07-01T19:04:23.223000+00:00,evt_92ecaf06-6695-4214-a4ff-161d88a6a985,C:\Users\Gaurav Rathod\Downloads\automation-proposal\raw_data\dataset-downloads\dataset_b-20260908T164438Z-1-001\dataset_b\ses_20260701-190250-NEELA9BAF\chunk_20260701-1900-NEELA9BAF\events.jsonl,181,20260701-1900-NEELA9BAF,scr_smart_1782932663223_monitor_1_post.jpg | screenshots/scr_smart_1782932663223_monitor_1_post.jpg,True
ses_20260701-190250-NEELA9BAF,5,2026-07-01T19:04:16.219Z,2026-07-01T19:04:30.219Z,2026-07-01T19:04:23.727000+00:00,evt_a1c1e0f5-d574-4096-9aad-f33070aeed03,C:\Users\Gaurav Rathod\Downloads\automation-proposal\raw_data\dataset-downloads\dataset_b-20260908T164438Z-1-001\dataset_b\ses_20260701-190250-NEELA9BAF\chunk_20260701-1900-NEELA9BAF\events.jsonl,183,20260701-1900-NEELA9BAF,scr_smart_1782932663727_monitor_1_post.jpg | screenshots/scr_smart_1782932663727_monitor_1_post.jpg,True
ses_20260701-190250-NEELA9BAF,5,2026-07-01T19:04:16.219Z,2026-07-01T19:04:30.219Z,2026-07-01T19:04:24.296000+00:00,evt_f436758d-9789-4d61-94c6-9d925f37edf7,C:\Users\Gaurav Rathod\Downloads\automation-proposal\raw_data\dataset-downloads\dataset_b-20260908T164438Z-1-001\dataset_b\ses_20260701-190250-NEELA9BAF\chunk_20260701-1900-NEELA9BAF\events.jsonl,189,20260701-1900-NEELA9BAF,scr_smart_1782932664296_monitor_1_post.jpg | screenshots/scr_smart_1782932664296_monitor_1_post.jpg,True
ses_20260701-190250-NEELA9BAF,5,2026-07-01T19:04:16.219Z,2026-07-01T19:04:30.219Z,2026-07-01T19:04:26.601000+00:00,evt_ac7be660-1179-4ee8-b121-62de324dfe3d,C:\Users\Gaurav Rathod\Downloads\automation-proposal\raw_data\dataset-downloads\dataset_b-20260908T164438Z-1-001\dataset_b\ses_20260701-190250-NEELA9BAF\chunk_20260701-1900-NEELA9BAF\events.jsonl,192,20260701-1900-NEELA9BAF,scr_smart_1782932666601_monitor_1_post.jpg | screenshots/scr_smart_1782932666601_monitor_1_post.jpg,True
ses_20260701-190250-NEELA9BAF,6,2026-07-01T19:04:30.219Z,2026-07-01T19:04:44.219Z,2026-07-01T19:04:34.247000+00:00,evt_2a97c4c6-7822-4094-94a9-e1bfd13ba811,C:\Users\Gaurav Rathod\Downloads\automation-proposal\raw_data\dataset-downloads\dataset_b-20260908T164438Z-1-001\dataset_b\ses_20260701-190250-NEELA9BAF\chunk_20260701-1900-NEELA9BAF\events.jsonl,196,20260701-1900-NEELA9BAF,scr_smart_1782932674247_monitor_1_post.jpg | screenshots/scr_smart_1782932674247_monitor_1_post.jpg,True
ses_20260701-190250-NEELA9BAF,6,2026-07-01T19:04:30.219Z,2026-07-01T19:04:44.219Z,2026-07-01T19:04:35.535000+00:00,evt_4111a847-0dc3-4717-b012-e58b2d53383d,C:\Users\Gaurav Rathod\Downloads\automation-proposal\raw_data\dataset-downloads\dataset_b-20260908T164438Z-1-001\dataset_b\ses_20260701-190250-NEELA9BAF\chunk_20260701-1900-NEELA9BAF\events.jsonl,199,20260701-1900-NEELA9BAF,scr_smart_1782932675535_monitor_1_post.jpg | screenshots/scr_smart_1782932675535_monitor_1_post.jpg,True
ses_20260701-190250-NEELA9BAF,6,2026-07-01T19:04:30.219Z,2026-07-01T19:04:44.219Z,2026-07-01T19:04:39.554000+00:00,evt_e4976578-a06e-46af-906e-ece78e945a7e,C:\Users\Gaurav Rathod\Downloads\automation-proposal\raw_data\dataset-downloads\dataset_b-20260908T164438Z-1-001\dataset_b\ses_20260701-190250-NEELA9BAF\chunk_20260701-1900-NEELA9BAF\events.jsonl,201,20260701-1900-NEELA9BAF,scr_smart_1782932679554_monitor_1_post.jpg | screenshots/scr_smart_1782932679554_monitor_1_post.jpg,True
ses_20260701-190250-NEELA9BAF,6,2026-07-01T19:04:30.219Z,2026-07-01T19:04:44.219Z,2026-07-01T19:04:40.456000+00:00,evt_c4cd26cc-bcf4-4005-8bb3-e4db4b2b9b10,C:\Users\Gaurav Rathod\Downloads\automation-proposal\raw_data\dataset-downloads\dataset_b-20260908T164438Z-1-001\dataset_b\ses_20260701-190250-NEELA9BAF\chunk_20260701-1900-NEELA9BAF\events.jsonl,208,20260701-1900-NEELA9BAF,scr_smart_1782932680456_monitor_1_post.jpg | screenshots/scr_smart_1782932680456_monitor_1_post.jpg,True
ses_20260701-190250-NEELA9BAF,6,2026-07-01T19:04:30.219Z,2026-07-01T19:04:44.219Z,2026-07-01T19:04:42.647000+00:00,evt_6cc19a4d-b769-4dcd-a25f-727d8fd445c6,C:\Users\Gaurav Rathod\Downloads\automation-proposal\raw_data\dataset-downloads\dataset_b-20260908T164438Z-1-001\dataset_b\ses_20260701-190250-NEELA9BAF\chunk_20260701-1900-NEELA9BAF\events.jsonl,211,20260701-1900-NEELA9BAF,scr_smart_1782932682647_monitor_1_post.jpg | screenshots/scr_smart_1782932682647_monitor_1_post.jpg,True
ses_20260701-190250-NEELA9BAF,7,2026-07-01T19:04:44.219Z,2026-07-01T19:05:00.219Z,2026-07-01T19:04:49.674000+00:00,evt_c7fec788-c150-463a-88a5-e34913324130,C:\Users\Gaurav Rathod\Downloads\automation-proposal\raw_data\dataset-downloads\dataset_b-20260908T164438Z-1-001\dataset_b\ses_20260701-190250-NEELA9BAF\chunk_20260701-1900-NEELA9BAF\events.jsonl,215,20260701-1900-NEELA9BAF,scr_smart_1782932689674_monitor_1_post.jpg | screenshots/scr_smart_1782932689674_monitor_1_post.jpg,True
ses_20260701-190250-NEELA9BAF,7,2026-07-01T19:04:44.219Z,2026-07-01T19:05:00.219Z,2026-07-01T19:04:51.070000+00:00,evt_56a60930-42fe-4408-b1e8-3a66925ea5c2,C:\Users\Gaurav Rathod\Downloads\automation-proposal\raw_data\dataset-downloads\dataset_b-20260908T164438Z-1-001\dataset_b\ses_20260701-190250-NEELA9BAF\chunk_20260701-1900-NEELA9BAF\events.jsonl,218,20260701-1900-NEELA9BAF,scr_smart_1782932691070_monitor_1_post.jpg | screenshots/scr_smart_1782932691070_monitor_1_post.jpg,True
ses_20260701-190250-NEELA9BAF,7,2026-07-01T19:04:44.219Z,2026-07-01T19:05:00.219Z,2026-07-01T19:04:54.486000+00:00,evt_c0fc46ee-380b-40b4-a259-70b33fec2ffa,C:\Users\Gaurav Rathod\Downloads\automation-proposal\raw_data\dataset-downloads\dataset_b-20260908T164438Z-1-001\dataset_b\ses_20260701-190250-NEELA9BAF\chunk_20260701-1900-NEELA9BAF\events.jsonl,220,20260701-1900-NEELA9BAF,scr_smart_1782932694486_monitor_1_post.jpg | screenshots/scr_smart_1782932694486_monitor_1_post.jpg,True
ses_20260701-190250-NEELA9BAF,7,2026-07-01T19:04:44.219Z,2026-07-01T19:05:00.219Z,2026-07-01T19:04:55.091000+00:00,evt_ac8c052f-bf54-4f8e-942d-3e1b10034f28,C:\Users\Gaurav Rathod\Downloads\automation-proposal\raw_data\dataset-downloads\dataset_b-20260908T164438Z-1-001\dataset_b\ses_20260701-190250-NEELA9BAF\chunk_20260701-1900-NEELA9BAF\events.jsonl,222,20260701-1900-NEELA9BAF,scr_smart_1782932695091_monitor_1_post.jpg | screenshots/scr_smart_1782932695091_monitor_1_post.jpg,True
ses_20260701-190250-NEELA9BAF,7,2026-07-01T19:04:44.219Z,2026-07-01T19:05:00.219Z,2026-07-01T19:04:55.573000+00:00,evt_fe448ed6-6bc3-46c0-ae62-a6bbe5baac5d,C:\Users\Gaurav Rathod\Downloads\automation-proposal\raw_data\dataset-downloads\dataset_b-20260908T164438Z-1-001\dataset_b\ses_20260701-190250-NEELA9BAF\chunk_20260701-1900-NEELA9BAF\events.jsonl,228,20260701-1900-NEELA9BAF,scr_smart_1782932695573_monitor_1_post.jpg | screenshots/scr_smart_1782932695573_monitor_1_post.jpg,True
ses_20260701-190250-NEELA9BAF,7,2026-07-01T19:04:44.219Z,2026-07-01T19:05:00.219Z,2026-07-01T19:04:57.856000+00:00,evt_432abae6-934c-448b-b456-0e7f0400ab20,C:\Users\Gaurav Rathod\Downloads\automation-proposal\raw_data\dataset-downloads\dataset_b-20260908T164438Z-1-001\dataset_b\ses_20260701-190250-NEELA9BAF\chunk_20260701-1900-NEELA9BAF\events.jsonl,231,20260701-1900-NEELA9BAF,scr_smart_1782932697856_monitor_1_post.jpg | screenshots/scr_smart_1782932697856_monitor_1_post.jpg,True
ses_20260701-190250-NEELA9BAF,8,2026-07-01T19:05:00.219Z,2026-07-01T19:05:10.219Z,2026-07-01T19:05:02.682000+00:00,evt_12644ac1-7002-4a2b-8676-a177b5ff92e6,C:\Users\Gaurav Rathod\Downloads\automation-proposal\raw_data\dataset-downloads\dataset_b-20260908T164438Z-1-001\dataset_b\ses_20260701-190250-NEELA9BAF\chunk_20260701-1900-NEELA9BAF\events.jsonl,234,20260701-1900-NEELA9BAF,scr_smart_1782932702682_monitor_1_post.jpg | screenshots/scr_smart_1782932702682_monitor_1_post.jpg,True
ses_20260701-190250-NEELA9BAF,8,2026-07-01T19:05:00.219Z,2026-07-01T19:05:10.219Z,2026-07-01T19:05:04.483000+00:00,evt_c080b94f-39ad-432e-a933-0dcf1c9d2dd0,C:\Users\Gaurav Rathod\Downloads\automation-proposal\raw_data\dataset-downloads\dataset_b-20260908T164438Z-1-001\dataset_b\ses_20260701-190250-NEELA9BAF\chunk_20260701-1900-NEELA9BAF\events.jsonl,236,20260701-1900-NEELA9BAF,scr_smart_1782932704483_monitor_1_post.jpg | screenshots/scr_smart_1782932704483_monitor_1_post.jpg,True
ses_20260701-190250-NEELA9BAF,8,2026-07-01T19:05:00.219Z,2026-07-01T19:05:10.219Z,2026-07-01T19:05:05.060000+00:00,evt_11d2ad67-3386-4be3-a342-1e17d50c5121,C:\Users\Gaurav Rathod\Downloads\automation-proposal\raw_data\dataset-downloads\dataset_b-20260908T164438Z-1-001\dataset_b\ses_20260701-190250-NEELA9BAF\chunk_20260701-1900-NEELA9BAF\events.jsonl,238,20260701-1900-NEELA9BAF,scr_smart_1782932705060_monitor_1_post.jpg | screenshots/scr_smart_1782932705060_monitor_1_post.jpg,True
ses_20260701-190250-NEELA9BAF,8,2026-07-01T19:05:00.219Z,2026-07-01T19:05:10.219Z,2026-07-01T19:05:06.344000+00:00,evt_b07f13d0-ab81-4f59-b201-2930db86f908,C:\Users\Gaurav Rathod\Downloads\automation-proposal\raw_data\dataset-downloads\dataset_b-20260908T164438Z-1-001\dataset_b\ses_20260701-190250-NEELA9BAF\chunk_20260701-1900-NEELA9BAF\events.jsonl,241,20260701-1900-NEELA9BAF,scr_smart_1782932706344_monitor_1_post.jpg | screenshots/scr_smart_1782932706344_monitor_1_post.jpg,True
ses_20260701-190250-NEELA9BAF,8,2026-07-01T19:05:00.219Z,2026-07-01T19:05:10.219Z,2026-07-01T19:05:06.926000+00:00,evt_69392d5a-fe4b-4271-ba3f-79f66cee2f89,C:\Users\Gaurav Rathod\Downloads\automation-proposal\raw_data\dataset-downloads\dataset_b-20260908T164438Z-1-001\dataset_b\ses_20260701-190250-NEELA9BAF\chunk_20260701-1900-NEELA9BAF\events.jsonl,243,20260701-1900-NEELA9BAF,scr_smart_1782932706926_monitor_1_post.jpg | screenshots/scr_smart_1782932706926_monitor_1_post.jpg,True
ses_20260701-190250-NEELA9BAF,8,2026-07-01T19:05:00.219Z,2026-07-01T19:05:10.219Z,2026-07-01T19:05:07.408000+00:00,evt_fe8248de-57ba-4122-b1e4-dd5e1511b155,C:\Users\Gaurav Rathod\Downloads\automation-proposal\raw_data\dataset-downloads\dataset_b-20260908T164438Z-1-001\dataset_b\ses_20260701-190250-NEELA9BAF\chunk_20260701-1900-NEELA9BAF\events.jsonl,249,20260701-1900-NEELA9BAF,scr_smart_1782932707408_monitor_1_post.jpg | screenshots/scr_smart_1782932707408_monitor_1_post.jpg,True
ses_20260701-190250-NEELA9BAF,8,2026-07-01T19:05:00.219Z,2026-07-01T19:05:10.219Z,2026-07-01T19:05:09.504000+00:00,evt_737932fe-bd89-4ddb-8c11-24614024089b,C:\Users\Gaurav Rathod\Downloads\automation-proposal\raw_data\dataset-downloads\dataset_b-20260908T164438Z-1-001\dataset_b\ses_20260701-190250-NEELA9BAF\chunk_20260701-1900-NEELA9BAF\events.jsonl,252,20260701-1900-NEELA9BAF,scr_smart_1782932709504_monitor_1_post.jpg | screenshots/scr_smart_1782932709504_monitor_1_post.jpg,True
ses_20260701-190250-NEELA9BAF,9,2026-07-01T19:05:10.219Z,2026-07-01T19:05:20.219Z,2026-07-01T19:05:11.508000+00:00,evt_573af675-4f3a-4de3-b339-1f4a1981b024,C:\Users\Gaurav Rathod\Downloads\automation-proposal\raw_data\dataset-downloads\dataset_b-20260908T164438Z-1-001\dataset_b\ses_20260701-190250-NEELA9BAF\chunk_20260701-1900-NEELA9BAF\events.jsonl,255,20260701-1900-NEELA9BAF,scr_smart_1782932711508_monitor_1_post.jpg | screenshots/scr_smart_1782932711508_monitor_1_post.jpg,True
ses_20260701-190250-NEELA9BAF,9,2026-07-01T19:05:10.219Z,2026-07-01T19:05:20.219Z,2026-07-01T19:05:12.079000+00:00,evt_b38f76b8-344c-4670-84f2-04254de8eb55,C:\Users\Gaurav Rathod\Downloads\automation-proposal\raw_data\dataset-downloads\dataset_b-20260908T164438Z-1-001\dataset_b\ses_20260701-190250-NEELA9BAF\chunk_20260701-1900-NEELA9BAF\events.jsonl,263,20260701-1900-NEELA9BAF,scr_smart_1782932712079_monitor_1_post.jpg | screenshots/scr_smart_1782932712079_monitor_1_post.jpg,True
ses_20260701-190250-NEELA9BAF,9,2026-07-01T19:05:10.219Z,2026-07-01T19:05:20.219Z,2026-07-01T19:05:15.684000+00:00,evt_4799188d-8794-49cf-94c8-444441128b35,C:\Users\Gaurav Rathod\Downloads\automation-proposal\raw_data\dataset-downloads\dataset_b-20260908T164438Z-1-001\dataset_b\ses_20260701-190250-NEELA9BAF\chunk_20260701-1900-NEELA9BAF\events.jsonl,265,20260701-1900-NEELA9BAF,scr_smart_1782932715684_monitor_1_post.jpg | screenshots/scr_smart_1782932715684_monitor_1_post.jpg,True
ses_20260701-190250-NEELA9BAF,9,2026-07-01T19:05:10.219Z,2026-07-01T19:05:20.219Z,2026-07-01T19:05:17.589000+00:00,evt_6fb8a266-0722-4183-b66b-8a6a316afa88,C:\Users\Gaurav Rathod\Downloads\automation-proposal\raw_data\dataset-downloads\dataset_b-20260908T164438Z-1-001\dataset_b\ses_20260701-190250-NEELA9BAF\chunk_20260701-1900-NEELA9BAF\events.jsonl,269,20260701-1900-NEELA9BAF,scr_smart_1782932717589_monitor_1_post.jpg | screenshots/scr_smart_1782932717589_monitor_1_post.jpg,True
ses_20260701-190250-NEELA9BAF,9,2026-07-01T19:05:10.219Z,2026-07-01T19:05:20.219Z,2026-07-01T19:05:18.513000+00:00,evt_6f3870ad-27db-4274-bcca-81cf35c005b0,C:\Users\Gaurav Rathod\Downloads\automation-proposal\raw_data\dataset-downloads\dataset_b-20260908T164438Z-1-001\dataset_b\ses_20260701-190250-NEELA9BAF\chunk_20260701-1900-NEELA9BAF\events.jsonl,276,20260701-1900-NEELA9BAF,scr_smart_1782932718513_monitor_1_post.jpg | screenshots/scr_smart_1782932718513_monitor_1_post.jpg,True
ses_20260701-190250-NEELA9BAF,10,2026-07-01T19:05:20.219Z,2026-07-01T19:05:42.219Z,2026-07-01T19:05:20.797000+00:00,evt_c1f70fbe-e4d1-4e72-849c-105fb13f4196,C:\Users\Gaurav Rathod\Downloads\automation-proposal\raw_data\dataset-downloads\dataset_b-20260908T164438Z-1-001\dataset_b\ses_20260701-190250-NEELA9BAF\chunk_20260701-1900-NEELA9BAF\events.jsonl,279,20260701-1900-NEELA9BAF,scr_smart_1782932720797_monitor_1_post.jpg | screenshots/scr_smart_1782932720797_monitor_1_post.jpg,True
ses_20260701-190250-NEELA9BAF,10,2026-07-01T19:05:20.219Z,2026-07-01T19:05:42.219Z,2026-07-01T19:05:22.690000+00:00,evt_5b395b83-85d7-4ddf-ac95-7963a5f0dd69,C:\Users\Gaurav Rathod\Downloads\automation-proposal\raw_data\dataset-downloads\dataset_b-20260908T164438Z-1-001\dataset_b\ses_20260701-190250-NEELA9BAF\chunk_20260701-1900-NEELA9BAF\events.jsonl,286,20260701-1900-NEELA9BAF,scr_smart_1782932722690_monitor_1_post.jpg | screenshots/scr_smart_1782932722690_monitor_1_post.jpg,True
ses_20260701-190250-NEELA9BAF,10,2026-07-01T19:05:20.219Z,2026-07-01T19:05:42.219Z,2026-07-01T19:05:23.207000+00:00,evt_76fad7fc-584a-4594-8c73-c2ca0cfd3dbb,C:\Users\Gaurav Rathod\Downloads\automation-proposal\raw_data\dataset-downloads\dataset_b-20260908T164438Z-1-001\dataset_b\ses_20260701-190250-NEELA9BAF\chunk_20260701-1900-NEELA9BAF\events.jsonl,292,20260701-1900-NEELA9BAF,scr_smart_1782932723207_monitor_1_post.jpg | screenshots/scr_smart_1782932723207_monitor_1_post.jpg,True
ses_20260701-190250-NEELA9BAF,10,2026-07-01T19:05:20.219Z,2026-07-01T19:05:42.219Z,2026-07-01T19:05:26.324000+00:00,evt_d6d01d6d-c313-4c34-81f2-adc813bb2181,C:\Users\Gaurav Rathod\Downloads\automation-proposal\raw_data\dataset-downloads\dataset_b-20260908T164438Z-1-001\dataset_b\ses_20260701-190250-NEELA9BAF\chunk_20260701-1900-NEELA9BAF\events.jsonl,294,20260701-1900-NEELA9BAF,scr_smart_1782932726324_monitor_1_post.jpg | screenshots/scr_smart_1782932726324_monitor_1_post.jpg,True
ses_20260701-190250-NEELA9BAF,10,2026-07-01T19:05:20.219Z,2026-07-01T19:05:42.219Z,2026-07-01T19:05:26.918000+00:00,evt_ce9f3479-29d4-4143-a9fe-8dadeaa9b468,C:\Users\Gaurav Rathod\Downloads\automation-proposal\raw_data\dataset-downloads\dataset_b-20260908T164438Z-1-001\dataset_b\ses_20260701-190250-NEELA9BAF\chunk_20260701-1900-NEELA9BAF\events.jsonl,296,20260701-1900-NEELA9BAF,scr_smart_1782932726918_monitor_1_post.jpg | screenshots/scr_smart_1782932726918_monitor_1_post.jpg,True
ses_20260701-190250-NEELA9BAF,10,2026-07-01T19:05:20.219Z,2026-07-01T19:05:42.219Z,2026-07-01T19:05:28.013000+00:00,evt_0fdee51a-2a6a-4e77-ad3f-fae5503d9f87,C:\Users\Gaurav Rathod\Downloads\automation-proposal\raw_data\dataset-downloads\dataset_b-20260908T164438Z-1-001\dataset_b\ses_20260701-190250-NEELA9BAF\chunk_20260701-1900-NEELA9BAF\events.jsonl,299,20260701-1900-NEELA9BAF,scr_smart_1782932728013_monitor_1_post.jpg | screenshots/scr_smart_1782932728013_monitor_1_post.jpg,True
ses_20260701-190250-NEELA9BAF,10,2026-07-01T19:05:20.219Z,2026-07-01T19:05:42.219Z,2026-07-01T19:05:28.997000+00:00,evt_565c0228-049a-485a-8e61-7e98be515a03,C:\Users\Gaurav Rathod\Downloads\automation-proposal\raw_data\dataset-downloads\dataset_b-20260908T164438Z-1-001\dataset_b\ses_20260701-190250-NEELA9BAF\chunk_20260701-1900-NEELA9BAF\events.jsonl,306,20260701-1900-NEELA9BAF,scr_smart_1782932728997_monitor_1_post.jpg | screenshots/scr_smart_1782932728997_monitor_1_post.jpg,True
ses_20260701-190250-NEELA9BAF,10,2026-07-01T19:05:20.219Z,2026-07-01T19:05:42.219Z,2026-07-01T19:05:31.185000+00:00,evt_ba483af5-6cbf-4eda-8ea4-9e6f823f26e0,C:\Users\Gaurav Rathod\Downloads\automation-proposal\raw_data\dataset-downloads\dataset_b-20260908T164438Z-1-001\dataset_b\ses_20260701-190250-NEELA9BAF\chunk_20260701-1900-NEELA9BAF\events.jsonl,309,20260701-1900-NEELA9BAF,scr_smart_1782932731185_monitor_1_post.jpg | screenshots/scr_smart_1782932731185_monitor_1_post.jpg,True
ses_20260701-190250-NEELA9BAF,10,2026-07-01T19:05:20.219Z,2026-07-01T19:05:42.219Z,2026-07-01T19:05:35.003000+00:00,evt_4ce30b6b-c265-43bb-9dad-09b7e60cb7a3,C:\Users\Gaurav Rathod\Downloads\automation-proposal\raw_data\dataset-downloads\dataset_b-20260908T164438Z-1-001\dataset_b\ses_20260701-190250-NEELA9BAF\chunk_20260701-1900-NEELA9BAF\events.jsonl,313,20260701-1900-NEELA9BAF,scr_smart_1782932735003_monitor_1_post.jpg | screenshots/scr_smart_1782932735003_monitor_1_post.jpg,True
ses_20260701-190250-NEELA9BAF,10,2026-07-01T19:05:20.219Z,2026-07-01T19:05:42.219Z,2026-07-01T19:05:36.193000+00:00,evt_7019d527-a11f-4517-9d77-581bfe2c1469,C:\Users\Gaurav Rathod\Downloads\automation-proposal\raw_data\dataset-downloads\dataset_b-20260908T164438Z-1-001\dataset_b\ses_20260701-190250-NEELA9BAF\chunk_20260701-1900-NEELA9BAF\events.jsonl,316,20260701-1900-NEELA9BAF,scr_smart_1782932736193_monitor_1_post.jpg | screenshots/scr_smart_1782932736193_monitor_1_post.jpg,True
ses_20260701-190250-NEELA9BAF,10,2026-07-01T19:05:20.219Z,2026-07-01T19:05:42.219Z,2026-07-01T19:05:37.185000+00:00,evt_d336ee0f-639d-4263-bbfc-301e1106aa3e,C:\Users\Gaurav Rathod\Downloads\automation-proposal\raw_data\dataset-downloads\dataset_b-20260908T164438Z-1-001\dataset_b\ses_20260701-190250-NEELA9BAF\chunk_20260701-1900-NEELA9BAF\events.jsonl,323,20260701-1900-NEELA9BAF,scr_smart_1782932737185_monitor_1_post.jpg | screenshots/scr_smart_1782932737185_monitor_1_post.jpg,True
ses_20260701-190250-NEELA9BAF,10,2026-07-01T19:05:20.219Z,2026-07-01T19:05:42.219Z,2026-07-01T19:05:39.673000+00:00,evt_c36d0528-1ac6-4164-aca9-ec8de883ae92,C:\Users\Gaurav Rathod\Downloads\automation-proposal\raw_data\dataset-downloads\dataset_b-20260908T164438Z-1-001\dataset_b\ses_20260701-190250-NEELA9BAF\chunk_20260701-1900-NEELA9BAF\events.jsonl,326,20260701-1900-NEELA9BAF,scr_smart_1782932739673_monitor_1_post.jpg | screenshots/scr_smart_1782932739673_monitor_1_post.jpg,True
ses_20260701-190250-NEELA9BAF,11,2026-07-01T19:05:42.219Z,2026-07-01T19:06:22.219Z,2026-07-01T19:05:45.658000+00:00,evt_621acf2a-a757-4a8d-a8a9-44c9dc304d82,C:\Users\Gaurav Rathod\Downloads\automation-proposal\raw_data\dataset-downloads\dataset_b-20260908T164438Z-1-001\dataset_b\ses_20260701-190250-NEELA9BAF\chunk_20260701-1900-NEELA9BAF\events.jsonl,329,20260701-1900-NEELA9BAF,scr_smart_1782932745658_monitor_1_post.jpg | screenshots/scr_smart_1782932745658_monitor_1_post.jpg,True
ses_20260701-190250-NEELA9BAF,11,2026-07-01T19:05:42.219Z,2026-07-01T19:06:22.219Z,2026-07-01T19:05:47.774000+00:00,evt_03d8a339-2fc7-461d-8123-765643805f66,C:\Users\Gaurav Rathod\Downloads\automation-proposal\raw_data\dataset-downloads\dataset_b-20260908T164438Z-1-001\dataset_b\ses_20260701-190250-NEELA9BAF\chunk_20260701-1900-NEELA9BAF\events.jsonl,333,20260701-1900-NEELA9BAF,scr_smart_1782932747774_monitor_1_post.jpg | screenshots/scr_smart_1782932747774_monitor_1_post.jpg,True
ses_20260701-190250-NEELA9BAF,11,2026-07-01T19:05:42.219Z,2026-07-01T19:06:22.219Z,2026-07-01T19:05:52.196000+00:00,evt_89c3ec58-903f-4cc4-87a6-72adab80bcf7,C:\Users\Gaurav Rathod\Downloads\automation-proposal\raw_data\dataset-downloads\dataset_b-20260908T164438Z-1-001\dataset_b\ses_20260701-190250-NEELA9BAF\chunk_20260701-1900-NEELA9BAF\events.jsonl,335,20260701-1900-NEELA9BAF,scr_smart_1782932752196_monitor_1_post.jpg | screenshots/scr_smart_1782932752196_monitor_1_post.jpg,True
ses_20260701-190250-NEELA9BAF,11,2026-07-01T19:05:42.219Z,2026-07-01T19:06:22.219Z,2026-07-01T19:05:53.211000+00:00,evt_c0fefc4e-85ee-4183-8094-bdc4cc960ce2,C:\Users\Gaurav Rathod\Downloads\automation-proposal\raw_data\dataset-downloads\dataset_b-20260908T164438Z-1-001\dataset_b\ses_20260701-190250-NEELA9BAF\chunk_20260701-1900-NEELA9BAF\events.jsonl,342,20260701-1900-NEELA9BAF,scr_smart_1782932753211_monitor_1_post.jpg | screenshots/scr_smart_1782932753211_monitor_1_post.jpg,True
ses_20260701-190250-NEELA9BAF,11,2026-07-01T19:05:42.219Z,2026-07-01T19:06:22.219Z,2026-07-01T19:05:55.299000+00:00,evt_85f6771c-4f68-4997-968f-4dd7e703ca49,C:\Users\Gaurav Rathod\Downloads\automation-proposal\raw_data\dataset-downloads\dataset_b-20260908T164438Z-1-001\dataset_b\ses_20260701-190250-NEELA9BAF\chunk_20260701-1900-NEELA9BAF\events.jsonl,345,20260701-1900-NEELA9BAF,scr_smart_1782932755299_monitor_1_post.jpg | screenshots/scr_smart_1782932755299_monitor_1_post.jpg,True
ses_20260701-190250-NEELA9BAF,11,2026-07-01T19:05:42.219Z,2026-07-01T19:06:22.219Z,2026-07-01T19:05:58.529000+00:00,evt_f42f99a0-c3a4-405a-93dc-52c44024e1cb,C:\Users\Gaurav Rathod\Downloads\automation-proposal\raw_data\dataset-downloads\dataset_b-20260908T164438Z-1-001\dataset_b\ses_20260701-190250-NEELA9BAF\chunk_20260701-1900-NEELA9BAF\events.jsonl,350,20260701-1900-NEELA9BAF,scr_smart_1782932758529_monitor_1_post.jpg | screenshots/scr_smart_1782932758529_monitor_1_post.jpg,True
ses_20260701-190250-NEELA9BAF,11,2026-07-01T19:05:42.219Z,2026-07-01T19:06:22.219Z,2026-07-01T19:06:02.746000+00:00,evt_a900748a-7df8-436e-b560-beff19598b76,C:\Users\Gaurav Rathod\Downloads\automation-proposal\raw_data\dataset-downloads\dataset_b-20260908T164438Z-1-001\dataset_b\ses_20260701-190250-NEELA9BAF\chunk_20260701-1900-NEELA9BAF\events.jsonl,365,20260701-1900-NEELA9BAF,scr_smart_1782932762746_monitor_1_post.jpg | screenshots/scr_smart_1782932762746_monitor_1_post.jpg,True
ses_20260701-190250-NEELA9BAF,11,2026-07-01T19:05:42.219Z,2026-07-01T19:06:22.219Z,2026-07-01T19:06:03.203000+00:00,evt_e44ab89c-969a-4f56-b2cd-389f83ef202a,C:\Users\Gaurav Rathod\Downloads\automation-proposal\raw_data\dataset-downloads\dataset_b-20260908T164438Z-1-001\dataset_b\ses_20260701-190250-NEELA9BAF\chunk_20260701-1900-NEELA9BAF\events.jsonl,374,20260701-1900-NEELA9BAF,scr_smart_1782932763203_monitor_1_post.jpg | screenshots/scr_smart_1782932763203_monitor_1_post.jpg,True
ses_20260701-190250-NEELA9BAF,11,2026-07-01T19:05:42.219Z,2026-07-01T19:06:22.219Z,2026-07-01T19:06:03.970000+00:00,evt_c208a5ac-56f3-4ac4-8326-e3184736deed,C:\Users\Gaurav Rathod\Downloads\automation-proposal\raw_data\dataset-downloads\dataset_b-20260908T164438Z-1-001\dataset_b\ses_20260701-190250-NEELA9BAF\chunk_20260701-1900-NEELA9BAF\events.jsonl,378,20260701-1900-NEELA9BAF,scr_smart_1782932763970_monitor_1_post.jpg | screenshots/scr_smart_1782932763970_monitor_1_post.jpg,True
ses_20260701-190250-NEELA9BAF,11,2026-07-01T19:05:42.219Z,2026-07-01T19:06:22.219Z,2026-07-01T19:06:05.020000+00:00,evt_6d76b77b-6cf3-4a84-9645-91298cc01580,C:\Users\Gaurav Rathod\Downloads\automation-proposal\raw_data\dataset-downloads\dataset_b-20260908T164438Z-1-001\dataset_b\ses_20260701-190250-NEELA9BAF\chunk_20260701-1900-NEELA9BAF\events.jsonl,382,20260701-1900-NEELA9BAF,scr_smart_1782932765020_monitor_1_post.jpg | screenshots/scr_smart_1782932765020_monitor_1_post.jpg,True
ses_20260701-190250-NEELA9BAF,11,2026-07-01T19:05:42.219Z,2026-07-01T19:06:22.219Z,2026-07-01T19:06:06.655000+00:00,evt_3c42772b-59e4-405d-a9b3-5da110fb9a2c,C:\Users\Gaurav Rathod\Downloads\automation-proposal\raw_data\dataset-downloads\dataset_b-20260908T164438Z-1-001\dataset_b\ses_20260701-190250-NEELA9BAF\chunk_20260701-1900-NEELA9BAF\events.jsonl,389,20260701-1900-NEELA9BAF,scr_smart_1782932766655_monitor_1_post.jpg | screenshots/scr_smart_1782932766655_monitor_1_post.jpg,True
ses_20260701-190250-NEELA9BAF,11,2026-07-01T19:05:42.219Z,2026-07-01T19:06:22.219Z,2026-07-01T19:06:09.710000+00:00,evt_28ad859b-2340-462e-aefa-388e95b9a6b8,C:\Users\Gaurav Rathod\Downloads\automation-proposal\raw_data\dataset-downloads\dataset_b-20260908T164438Z-1-001\dataset_b\ses_20260701-190250-NEELA9BAF\chunk_20260701-1900-NEELA9BAF\events.jsonl,392,20260701-1900-NEELA9BAF,scr_smart_1782932769710_monitor_1_post.jpg | screenshots/scr_smart_1782932769710_monitor_1_post.jpg,True
ses_20260701-190250-NEELA9BAF,11,2026-07-01T19:05:42.219Z,2026-07-01T19:06:22.219Z,2026-07-01T19:06:11.539000+00:00,evt_8d67063d-9061-4480-ace1-d092e1f67ada,C:\Users\Gaurav Rathod\Downloads\automation-proposal\raw_data\dataset-downloads\dataset_b-20260908T164438Z-1-001\dataset_b\ses_20260701-190250-NEELA9BAF\chunk_20260701-1900-NEELA9BAF\events.jsonl,395,20260701-1900-NEELA9BAF,scr_smart_1782932771539_monitor_1_post.jpg | screenshots/scr_smart_1782932771539_monitor_1_post.jpg,True
ses_20260701-190250-NEELA9BAF,11,2026-07-01T19:05:42.219Z,2026-07-01T19:06:22.219Z,2026-07-01T19:06:16.025000+00:00,evt_ac2c5694-8849-430a-b6ff-a66446cda214,C:\Users\Gaurav Rathod\Downloads\automation-proposal\raw_data\dataset-downloads\dataset_b-20260908T164438Z-1-001\dataset_b\ses_20260701-190250-NEELA9BAF\chunk_20260701-1900-NEELA9BAF\events.jsonl,397,20260701-1900-NEELA9BAF,scr_smart_1782932776025_monitor_1_post.jpg | screenshots/scr_smart_1782932776025_monitor_1_post.jpg,True
ses_20260701-190250-NEELA9BAF,11,2026-07-01T19:05:42.219Z,2026-07-01T19:06:22.219Z,2026-07-01T19:06:16.934000+00:00,evt_34a50a33-f46b-48d5-81d0-dceaba324f67,C:\Users\Gaurav Rathod\Downloads\automation-proposal\raw_data\dataset-downloads\dataset_b-20260908T164438Z-1-001\dataset_b\ses_20260701-190250-NEELA9BAF\chunk_20260701-1900-NEELA9BAF\events.jsonl,404,20260701-1900-NEELA9BAF,scr_smart_1782932776934_monitor_1_post.jpg | screenshots/scr_smart_1782932776934_monitor_1_post.jpg,True
ses_20260701-190250-NEELA9BAF,11,2026-07-01T19:05:42.219Z,2026-07-01T19:06:22.219Z,2026-07-01T19:06:19.336000+00:00,evt_69897e60-e048-4fff-a6c9-84b10c330a8b,C:\Users\Gaurav Rathod\Downloads\automation-proposal\raw_data\dataset-downloads\dataset_b-20260908T164438Z-1-001\dataset_b\ses_20260701-190250-NEELA9BAF\chunk_20260701-1900-NEELA9BAF\events.jsonl,407,20260701-1900-NEELA9BAF,scr_smart_1782932779336_monitor_1_post.jpg | screenshots/scr_smart_1782932779336_monitor_1_post.jpg,True
ses_20260701-190250-NEELA9BAF,12,2026-07-01T19:06:26.219Z,2026-07-01T19:07:02.219Z,2026-07-01T19:06:27.498000+00:00,evt_1c1146dc-1f27-49c7-afc7-b84eda6b09aa,C:\Users\Gaurav Rathod\Downloads\automation-proposal\raw_data\dataset-downloads\dataset_b-20260908T164438Z-1-001\dataset_b\ses_20260701-190250-NEELA9BAF\chunk_20260701-1900-NEELA9BAF\events.jsonl,414,20260701-1900-NEELA9BAF,scr_smart_1782932787498_monitor_1_post.jpg | screenshots/scr_smart_1782932787498_monitor_1_post.jpg,True
ses_20260701-190250-NEELA9BAF,12,2026-07-01T19:06:26.219Z,2026-07-01T19:07:02.219Z,2026-07-01T19:06:31.326000+00:00,evt_782403c3-84f5-43d0-878b-ac6c943d2fda,C:\Users\Gaurav Rathod\Downloads\automation-proposal\raw_data\dataset-downloads\dataset_b-20260908T164438Z-1-001\dataset_b\ses_20260701-190250-NEELA9BAF\chunk_20260701-1900-NEELA9BAF\events.jsonl,416,20260701-1900-NEELA9BAF,scr_smart_1782932791326_monitor_1_post.jpg | screenshots/scr_smart_1782932791326_monitor_1_post.jpg,True
ses_20260701-190250-NEELA9BAF,12,2026-07-01T19:06:26.219Z,2026-07-01T19:07:02.219Z,2026-07-01T19:06:31.916000+00:00,evt_c0bb3233-607d-4764-a367-a1e58f158e3c,C:\Users\Gaurav Rathod\Downloads\automation-proposal\raw_data\dataset-downloads\dataset_b-20260908T164438Z-1-001\dataset_b\ses_20260701-190250-NEELA9BAF\chunk_20260701-1900-NEELA9BAF\events.jsonl,418,20260701-1900-NEELA9BAF,scr_smart_1782932791916_monitor_1_post.jpg | screenshots/scr_smart_1782932791916_monitor_1_post.jpg,True
ses_20260701-190250-NEELA9BAF,12,2026-07-01T19:06:26.219Z,2026-07-01T19:07:02.219Z,2026-07-01T19:06:32.411000+00:00,evt_562e365f-208d-4fae-ad10-a2b4ebb0fdab,C:\Users\Gaurav Rathod\Downloads\automation-proposal\raw_data\dataset-downloads\dataset_b-20260908T164438Z-1-001\dataset_b\ses_20260701-190250-NEELA9BAF\chunk_20260701-1900-NEELA9BAF\events.jsonl,424,20260701-1900-NEELA9BAF,scr_smart_1782932792411_monitor_1_post.jpg | screenshots/scr_smart_1782932792411_monitor_1_post.jpg,True
ses_20260701-190250-NEELA9BAF,12,2026-07-01T19:06:26.219Z,2026-07-01T19:07:02.219Z,2026-07-01T19:06:34.794000+00:00,evt_1f4b7700-ddf1-4d9e-be53-ab7486b950e7,C:\Users\Gaurav Rathod\Downloads\automation-proposal\raw_data\dataset-downloads\dataset_b-20260908T164438Z-1-001\dataset_b\ses_20260701-190250-NEELA9BAF\chunk_20260701-1900-NEELA9BAF\events.jsonl,427,20260701-1900-NEELA9BAF,scr_smart_1782932794794_monitor_1_post.jpg | screenshots/scr_smart_1782932794794_monitor_1_post.jpg,True
ses_20260701-190250-NEELA9BAF,12,2026-07-01T19:06:26.219Z,2026-07-01T19:07:02.219Z,2026-07-01T19:06:41.127000+00:00,evt_4088ee3a-0c0b-4d2b-97b7-651df85b9003,C:\Users\Gaurav Rathod\Downloads\automation-proposal\raw_data\dataset-downloads\dataset_b-20260908T164438Z-1-001\dataset_b\ses_20260701-190250-NEELA9BAF\chunk_20260701-1900-NEELA9BAF\events.jsonl,432,20260701-1900-NEELA9BAF,scr_smart_1782932801127_monitor_1_post.jpg | screenshots/scr_smart_1782932801127_monitor_1_post.jpg,True
ses_20260701-190250-NEELA9BAF,12,2026-07-01T19:06:26.219Z,2026-07-01T19:07:02.219Z,2026-07-01T19:06:45.116000+00:00,evt_f60b6032-5321-4f7c-ab2d-5a6372065560,C:\Users\Gaurav Rathod\Downloads\automation-proposal\raw_data\dataset-downloads\dataset_b-20260908T164438Z-1-001\dataset_b\ses_20260701-190250-NEELA9BAF\chunk_20260701-1900-NEELA9BAF\events.jsonl,456,20260701-1900-NEELA9BAF,scr_smart_1782932805116_monitor_1_post.jpg | screenshots/scr_smart_1782932805116_monitor_1_post.jpg,True
ses_20260701-190250-NEELA9BAF,12,2026-07-01T19:06:26.219Z,2026-07-01T19:07:02.219Z,2026-07-01T19:06:45.794000+00:00,evt_9f740f62-84b2-4fcb-9ba1-617ae284b19a,C:\Users\Gaurav Rathod\Downloads\automation-proposal\raw_data\dataset-downloads\dataset_b-20260908T164438Z-1-001\dataset_b\ses_20260701-190250-NEELA9BAF\chunk_20260701-1900-NEELA9BAF\events.jsonl,457,20260701-1900-NEELA9BAF,scr_smart_1782932805794_monitor_1_post.jpg | screenshots/scr_smart_1782932805794_monitor_1_post.jpg,True
ses_20260701-190250-NEELA9BAF,12,2026-07-01T19:06:26.219Z,2026-07-01T19:07:02.219Z,2026-07-01T19:06:46.352000+00:00,evt_012d00d6-9adb-4e88-bd20-b4cfa12819b8,C:\Users\Gaurav Rathod\Downloads\automation-proposal\raw_data\dataset-downloads\dataset_b-20260908T164438Z-1-001\dataset_b\ses_20260701-190250-NEELA9BAF\chunk_20260701-1900-NEELA9BAF\events.jsonl,461,20260701-1900-NEELA9BAF,scr_smart_1782932806352_monitor_1_post.jpg | screenshots/scr_smart_1782932806352_monitor_1_post.jpg,True
ses_20260701-190250-NEELA9BAF,12,2026-07-01T19:06:26.219Z,2026-07-01T19:07:02.219Z,2026-07-01T19:06:47.360000+00:00,evt_3a20e4e0-9e78-4507-9121-d92d2bbf1261,C:\Users\Gaurav Rathod\Downloads\automation-proposal\raw_data\dataset-downloads\dataset_b-20260908T164438Z-1-001\dataset_b\ses_20260701-190250-NEELA9BAF\chunk_20260701-1900-NEELA9BAF\events.jsonl,465,20260701-1900-NEELA9BAF,scr_smart_1782932807360_monitor_1_post.jpg | screenshots/scr_smart_1782932807360_monitor_1_post.jpg,True
ses_20260701-190250-NEELA9BAF,12,2026-07-01T19:06:26.219Z,2026-07-01T19:07:02.219Z,2026-07-01T19:06:51.328000+00:00,evt_d59d5228-1777-4919-8f9a-1ef9f51564b7,C:\Users\Gaurav Rathod\Downloads\automation-proposal\raw_data\dataset-downloads\dataset_b-20260908T164438Z-1-001\dataset_b\ses_20260701-190250-NEELA9BAF\chunk_20260701-1900-NEELA9BAF\events.jsonl,472,20260701-1900-NEELA9BAF,scr_smart_1782932811328_monitor_1_post.jpg | screenshots/scr_smart_1782932811328_monitor_1_post.jpg,True
ses_20260701-190250-NEELA9BAF,12,2026-07-01T19:06:26.219Z,2026-07-01T19:07:02.219Z,2026-07-01T19:06:52.009000+00:00,evt_d1960dc6-80d7-40ad-a9f3-8b7d9046bacf,C:\Users\Gaurav Rathod\Downloads\automation-proposal\raw_data\dataset-downloads\dataset_b-20260908T164438Z-1-001\dataset_b\ses_20260701-190250-NEELA9BAF\chunk_20260701-1900-NEELA9BAF\events.jsonl,475,20260701-1900-NEELA9BAF,scr_smart_1782932812009_monitor_1_post.jpg | screenshots/scr_smart_1782932812009_monitor_1_post.jpg,True
ses_20260701-190250-NEELA9BAF,12,2026-07-01T19:06:26.219Z,2026-07-01T19:07:02.219Z,2026-07-01T19:06:53.443000+00:00,evt_3d3074d2-722e-4e38-baf4-8c9115f886e6,C:\Users\Gaurav Rathod\Downloads\automation-proposal\raw_data\dataset-downloads\dataset_b-20260908T164438Z-1-001\dataset_b\ses_20260701-190250-NEELA9BAF\chunk_20260701-1900-NEELA9BAF\events.jsonl,478,20260701-1900-NEELA9BAF,scr_smart_1782932813443_monitor_1_post.jpg | screenshots/scr_smart_1782932813443_monitor_1_post.jpg,True
ses_20260701-190250-NEELA9BAF,12,2026-07-01T19:06:26.219Z,2026-07-01T19:07:02.219Z,2026-07-01T19:06:57.260000+00:00,evt_c7170562-90ed-493b-907f-ddab4631c6d9,C:\Users\Gaurav Rathod\Downloads\automation-proposal\raw_data\dataset-downloads\dataset_b-20260908T164438Z-1-001\dataset_b\ses_20260701-190250-NEELA9BAF\chunk_20260701-1900-NEELA9BAF\events.jsonl,480,20260701-1900-NEELA9BAF,scr_smart_1782932817260_monitor_1_post.jpg | screenshots/scr_smart_1782932817260_monitor_1_post.jpg,True
ses_20260701-190250-NEELA9BAF,12,2026-07-01T19:06:26.219Z,2026-07-01T19:07:02.219Z,2026-07-01T19:06:57.844000+00:00,evt_075673d5-63cc-4a1d-a4c5-5d3f062592df,C:\Users\Gaurav Rathod\Downloads\automation-proposal\raw_data\dataset-downloads\dataset_b-20260908T164438Z-1-001\dataset_b\ses_20260701-190250-NEELA9BAF\chunk_20260701-1900-NEELA9BAF\events.jsonl,482,20260701-1900-NEELA9BAF,scr_smart_1782932817844_monitor_1_post.jpg | screenshots/scr_smart_1782932817844_monitor_1_post.jpg,True
ses_20260701-190250-NEELA9BAF,12,2026-07-01T19:06:26.219Z,2026-07-01T19:07:02.219Z,2026-07-01T19:06:58.422000+00:00,evt_58a19767-b98d-42d9-b9ff-13d82ce17160,C:\Users\Gaurav Rathod\Downloads\automation-proposal\raw_data\dataset-downloads\dataset_b-20260908T164438Z-1-001\dataset_b\ses_20260701-190250-NEELA9BAF\chunk_20260701-1900-NEELA9BAF\events.jsonl,488,20260701-1900-NEELA9BAF,scr_smart_1782932818422_monitor_1_post.jpg | screenshots/scr_smart_1782932818422_monitor_1_post.jpg,True
ses_20260701-190250-NEELA9BAF,12,2026-07-01T19:06:26.219Z,2026-07-01T19:07:02.219Z,2026-07-01T19:07:00.413000+00:00,evt_504fc8d8-1439-4f7c-a3e6-7a494e6aa03b,C:\Users\Gaurav Rathod\Downloads\automation-proposal\raw_data\dataset-downloads\dataset_b-20260908T164438Z-1-001\dataset_b\ses_20260701-190250-NEELA9BAF\chunk_20260701-1900-NEELA9BAF\events.jsonl,491,20260701-1900-NEELA9BAF,scr_smart_1782932820413_monitor_1_post.jpg | screenshots/scr_smart_1782932820413_monitor_1_post.jpg,True
ses_20260701-190250-NEELA9BAF,13,2026-07-01T19:07:02.219Z,2026-07-01T19:07:50.219Z,2026-07-01T19:07:05.123000+00:00,evt_1f5270ff-ffe5-4c85-ae3d-413f292ce93d,C:\Users\Gaurav Rathod\Downloads\automation-proposal\raw_data\dataset-downloads\dataset_b-20260908T164438Z-1-001\dataset_b\ses_20260701-190250-NEELA9BAF\chunk_20260701-1900-NEELA9BAF\events.jsonl,494,20260701-1900-NEELA9BAF,scr_smart_1782932825123_monitor_1_post.jpg | screenshots/scr_smart_1782932825123_monitor_1_post.jpg,True
ses_20260701-190250-NEELA9BAF,13,2026-07-01T19:07:02.219Z,2026-07-01T19:07:50.219Z,2026-07-01T19:07:06.965000+00:00,evt_c3627ae3-52ad-4e5b-8e06-951813a63414,C:\Users\Gaurav Rathod\Downloads\automation-proposal\raw_data\dataset-downloads\dataset_b-20260908T164438Z-1-001\dataset_b\ses_20260701-190250-NEELA9BAF\chunk_20260701-1900-NEELA9BAF\events.jsonl,496,20260701-1900-NEELA9BAF,scr_smart_1782932826965_monitor_1_post.jpg | screenshots/scr_smart_1782932826965_monitor_1_post.jpg,True
ses_20260701-190250-NEELA9BAF,13,2026-07-01T19:07:02.219Z,2026-07-01T19:07:50.219Z,2026-07-01T19:07:23.794000+00:00,evt_0260bd81-cf41-4502-9ef6-e30d066031bb,C:\Users\Gaurav Rathod\Downloads\automation-proposal\raw_data\dataset-downloads\dataset_b-20260908T164438Z-1-001\dataset_b\ses_20260701-190250-NEELA9BAF\chunk_20260701-1900-NEELA9BAF\events.jsonl,499,20260701-1900-NEELA9BAF,scr_smart_1782932843794_monitor_1_post.jpg | screenshots/scr_smart_1782932843794_monitor_1_post.jpg,True
ses_20260701-190250-NEELA9BAF,13,2026-07-01T19:07:02.219Z,2026-07-01T19:07:50.219Z,2026-07-01T19:07:31.371000+00:00,evt_e8d99cb2-6768-4278-921f-0d090e3a69b8,C:\Users\Gaurav Rathod\Downloads\automation-proposal\raw_data\dataset-downloads\dataset_b-20260908T164438Z-1-001\dataset_b\ses_20260701-190250-NEELA9BAF\chunk_20260701-1900-NEELA9BAF\events.jsonl,503,20260701-1900-NEELA9BAF,scr_smart_1782932851371_monitor_1_post.jpg | screenshots/scr_smart_1782932851371_monitor_1_post.jpg,True
ses_20260701-190250-NEELA9BAF,13,2026-07-01T19:07:02.219Z,2026-07-01T19:07:50.219Z,2026-07-01T19:07:38.513000+00:00,evt_1543e528-e984-446b-86fd-3431669b7088,C:\Users\Gaurav Rathod\Downloads\automation-proposal\raw_data\dataset-downloads\dataset_b-20260908T164438Z-1-001\dataset_b\ses_20260701-190250-NEELA9BAF\chunk_20260701-1900-NEELA9BAF\events.jsonl,508,20260701-1900-NEELA9BAF,scr_smart_1782932858513_monitor_1_post.jpg | screenshots/scr_smart_1782932858513_monitor_1_post.jpg,True
ses_20260701-190250-NEELA9BAF,13,2026-07-01T19:07:02.219Z,2026-07-01T19:07:50.219Z,2026-07-01T19:07:40.590000+00:00,evt_c07ffde1-e96e-41d8-a8cc-27248afa8f1e,C:\Users\Gaurav Rathod\Downloads\automation-proposal\raw_data\dataset-downloads\dataset_b-20260908T164438Z-1-001\dataset_b\ses_20260701-190250-NEELA9BAF\chunk_20260701-1900-NEELA9BAF\events.jsonl,512,20260701-1900-NEELA9BAF,scr_smart_1782932860590_monitor_1_post.jpg | screenshots/scr_smart_1782932860590_monitor_1_post.jpg,True
ses_20260701-190250-NEELA9BAF,13,2026-07-01T19:07:02.219Z,2026-07-01T19:07:50.219Z,2026-07-01T19:07:42.939000+00:00,evt_bfe9b508-82f2-4921-8f0e-17aba977b665,C:\Users\Gaurav Rathod\Downloads\automation-proposal\raw_data\dataset-downloads\dataset_b-20260908T164438Z-1-001\dataset_b\ses_20260701-190250-NEELA9BAF\chunk_20260701-1900-NEELA9BAF\events.jsonl,516,20260701-1900-NEELA9BAF,scr_smart_1782932862939_monitor_1_post.jpg | screenshots/scr_smart_1782932862939_monitor_1_post.jpg,True
ses_20260701-190250-NEELA9BAF,13,2026-07-01T19:07:02.219Z,2026-07-01T19:07:50.219Z,2026-07-01T19:07:45.874000+00:00,evt_07a182d0-752a-4bd0-86c8-ceb7aeab9cc5,C:\Users\Gaurav Rathod\Downloads\automation-proposal\raw_data\dataset-downloads\dataset_b-20260908T164438Z-1-001\dataset_b\ses_20260701-190250-NEELA9BAF\chunk_20260701-1900-NEELA9BAF\events.jsonl,522,20260701-1900-NEELA9BAF,scr_smart_1782932865874_monitor_1_post.jpg | screenshots/scr_smart_1782932865874_monitor_1_post.jpg,True
ses_20260701-190250-NEELA9BAF,13,2026-07-01T19:07:02.219Z,2026-07-01T19:07:50.219Z,2026-07-01T19:07:46.723000+00:00,evt_38a80720-e635-40c5-a82a-f2a27583d0a4,C:\Users\Gaurav Rathod\Downloads\automation-proposal\raw_data\dataset-downloads\dataset_b-20260908T164438Z-1-001\dataset_b\ses_20260701-190250-NEELA9BAF\chunk_20260701-1900-NEELA9BAF\events.jsonl,528,20260701-1900-NEELA9BAF,scr_smart_1782932866723_monitor_1_post.jpg | screenshots/scr_smart_1782932866723_monitor_1_post.jpg,True
ses_20260701-190250-NEELA9BAF,13,2026-07-01T19:07:02.219Z,2026-07-01T19:07:50.219Z,2026-07-01T19:07:49.040000+00:00,evt_44612c06-79f8-485a-8f9e-31d7ae6ab623,C:\Users\Gaurav Rathod\Downloads\automation-proposal\raw_data\dataset-downloads\dataset_b-20260908T164438Z-1-001\dataset_b\ses_20260701-190250-NEELA9BAF\chunk_20260701-1900-NEELA9BAF\events.jsonl,531,20260701-1900-NEELA9BAF,scr_smart_1782932869040_monitor_1_post.jpg | screenshots/scr_smart_1782932869040_monitor_1_post.jpg,True
ses_20260701-190250-NEELA9BAF,14,2026-07-01T19:07:50.219Z,2026-07-01T19:08:00.219Z,2026-07-01T19:07:54.668000+00:00,evt_b5e24d12-c7f6-4b97-8dc1-1b8e354a82fd,C:\Users\Gaurav Rathod\Downloads\automation-proposal\raw_data\dataset-downloads\dataset_b-20260908T164438Z-1-001\dataset_b\ses_20260701-190250-NEELA9BAF\chunk_20260701-1900-NEELA9BAF\events.jsonl,534,20260701-1900-NEELA9BAF,scr_smart_1782932874668_monitor_1_post.jpg | screenshots/scr_smart_1782932874668_monitor_1_post.jpg,True
ses_20260701-190250-NEELA9BAF,14,2026-07-01T19:07:50.219Z,2026-07-01T19:08:00.219Z,2026-07-01T19:07:55.180000+00:00,evt_a6a9b5eb-0a87-4e3f-8f7b-c492c0eec31b,C:\Users\Gaurav Rathod\Downloads\automation-proposal\raw_data\dataset-downloads\dataset_b-20260908T164438Z-1-001\dataset_b\ses_20260701-190250-NEELA9BAF\chunk_20260701-1900-NEELA9BAF\events.jsonl,537,20260701-1900-NEELA9BAF,scr_smart_1782932875180_monitor_1_post.jpg | screenshots/scr_smart_1782932875180_monitor_1_post.jpg,True
ses_20260701-190250-NEELA9BAF,14,2026-07-01T19:07:50.219Z,2026-07-01T19:08:00.219Z,2026-07-01T19:07:56.362000+00:00,evt_992c6b8b-33da-4f32-b320-a5b0b7d48f12,C:\Users\Gaurav Rathod\Downloads\automation-proposal\raw_data\dataset-downloads\dataset_b-20260908T164438Z-1-001\dataset_b\ses_20260701-190250-NEELA9BAF\chunk_20260701-1900-NEELA9BAF\events.jsonl,540,20260701-1900-NEELA9BAF,scr_smart_1782932876362_monitor_1_post.jpg | screenshots/scr_smart_1782932876362_monitor_1_post.jpg,True
ses_20260701-190250-NEELA9BAF,14,2026-07-01T19:07:50.219Z,2026-07-01T19:08:00.219Z,2026-07-01T19:07:57.364000+00:00,evt_f8b39a99-4668-4078-a8b8-ba584dae4613,C:\Users\Gaurav Rathod\Downloads\automation-proposal\raw_data\dataset-downloads\dataset_b-20260908T164438Z-1-001\dataset_b\ses_20260701-190250-NEELA9BAF\chunk_20260701-1900-NEELA9BAF\events.jsonl,547,20260701-1900-NEELA9BAF,scr_smart_1782932877364_monitor_1_post.jpg | screenshots/scr_smart_1782932877364_monitor_1_post.jpg,True
ses_20260701-190250-NEELA9BAF,14,2026-07-01T19:07:50.219Z,2026-07-01T19:08:00.219Z,2026-07-01T19:07:59.840000+00:00,evt_47f4021f-529a-42a4-932c-ea46bf63726f,C:\Users\Gaurav Rathod\Downloads\automation-proposal\raw_data\dataset-downloads\dataset_b-20260908T164438Z-1-001\dataset_b\ses_20260701-190250-NEELA9BAF\chunk_20260701-1900-NEELA9BAF\events.jsonl,550,20260701-1900-NEELA9BAF,scr_smart_1782932879840_monitor_1_post.jpg | screenshots/scr_smart_1782932879840_monitor_1_post.jpg,True
ses_20260701-190250-NEELA9BAF,15,2026-07-01T19:08:00.219Z,2026-07-01T19:08:08.219Z,2026-07-01T19:08:01.536000+00:00,evt_a6403070-2b87-4ac3-ad57-84b048752af2,C:\Users\Gaurav Rathod\Downloads\automation-proposal\raw_data\dataset-downloads\dataset_b-20260908T164438Z-1-001\dataset_b\ses_20260701-190250-NEELA9BAF\chunk_20260701-1900-NEELA9BAF\events.jsonl,553,20260701-1900-NEELA9BAF,scr_smart_1782932881536_monitor_1_post.jpg | screenshots/scr_smart_1782932881536_monitor_1_post.jpg,True
ses_20260701-190250-NEELA9BAF,15,2026-07-01T19:08:00.219Z,2026-07-01T19:08:08.219Z,2026-07-01T19:08:02.127000+00:00,evt_67ad248e-d305-4115-a919-7128a1843e79,C:\Users\Gaurav Rathod\Downloads\automation-proposal\raw_data\dataset-downloads\dataset_b-20260908T164438Z-1-001\dataset_b\ses_20260701-190250-NEELA9BAF\chunk_20260701-1900-NEELA9BAF\events.jsonl,561,20260701-1900-NEELA9BAF,scr_smart_1782932882127_monitor_1_post.jpg | screenshots/scr_smart_1782932882127_monitor_1_post.jpg,True
ses_20260701-190250-NEELA9BAF,15,2026-07-01T19:08:00.219Z,2026-07-01T19:08:08.219Z,2026-07-01T19:08:05.221000+00:00,evt_ad98219d-a1df-460c-ab8e-c310e0a640e9,C:\Users\Gaurav Rathod\Downloads\automation-proposal\raw_data\dataset-downloads\dataset_b-20260908T164438Z-1-001\dataset_b\ses_20260701-190250-NEELA9BAF\chunk_20260701-1900-NEELA9BAF\events.jsonl,565,20260701-1900-NEELA9BAF,scr_smart_1782932885221_monitor_1_post.jpg | screenshots/scr_smart_1782932885221_monitor_1_post.jpg,True
ses_20260701-190250-NEELA9BAF,15,2026-07-01T19:08:00.219Z,2026-07-01T19:08:08.219Z,2026-07-01T19:08:06.726000+00:00,evt_a37c0562-ee2b-46b5-b93d-9193e143fa74,C:\Users\Gaurav Rathod\Downloads\automation-proposal\raw_data\dataset-downloads\dataset_b-20260908T164438Z-1-001\dataset_b\ses_20260701-190250-NEELA9BAF\chunk_20260701-1900-NEELA9BAF\events.jsonl,568,20260701-1900-NEELA9BAF,scr_smart_1782932886726_monitor_1_post.jpg | screenshots/scr_smart_1782932886726_monitor_1_post.jpg,True
ses_20260701-190250-NEELA9BAF,15,2026-07-01T19:08:00.219Z,2026-07-01T19:08:08.219Z,2026-07-01T19:08:07.222000+00:00,evt_7768a84f-b5b5-457b-b863-72fe445e8aba,C:\Users\Gaurav Rathod\Downloads\automation-proposal\raw_data\dataset-downloads\dataset_b-20260908T164438Z-1-001\dataset_b\ses_20260701-190250-NEELA9BAF\chunk_20260701-1900-NEELA9BAF\events.jsonl,570,20260701-1900-NEELA9BAF,scr_smart_1782932887222_monitor_1_post.jpg | screenshots/scr_smart_1782932887222_monitor_1_post.jpg,True
ses_20260701-190250-NEELA9BAF,15,2026-07-01T19:08:00.219Z,2026-07-01T19:08:08.219Z,2026-07-01T19:08:07.814000+00:00,evt_d92c98ea-611d-4b9b-b7e5-231467f5aadb,C:\Users\Gaurav Rathod\Downloads\automation-proposal\raw_data\dataset-downloads\dataset_b-20260908T164438Z-1-001\dataset_b\ses_20260701-190250-NEELA9BAF\chunk_20260701-1900-NEELA9BAF\events.jsonl,576,20260701-1900-NEELA9BAF,scr_smart_1782932887814_monitor_1_post.jpg | screenshots/scr_smart_1782932887814_monitor_1_post.jpg,True
ses_20260701-190250-NEELA9BAF,16,2026-07-01T19:08:08.219Z,2026-07-01T19:08:22.219Z,2026-07-01T19:08:09.896000+00:00,evt_4eaf5274-b70b-427c-8306-902fae139328,C:\Users\Gaurav Rathod\Downloads\automation-proposal\raw_data\dataset-downloads\dataset_b-20260908T164438Z-1-001\dataset_b\ses_20260701-190250-NEELA9BAF\chunk_20260701-1900-NEELA9BAF\events.jsonl,579,20260701-1900-NEELA9BAF,scr_smart_1782932889896_monitor_1_post.jpg | screenshots/scr_smart_1782932889896_monitor_1_post.jpg,True
ses_20260701-190250-NEELA9BAF,16,2026-07-01T19:08:08.219Z,2026-07-01T19:08:22.219Z,2026-07-01T19:08:12.088000+00:00,evt_839c43f3-22e0-49aa-b7a4-5670de6ab316,C:\Users\Gaurav Rathod\Downloads\automation-proposal\raw_data\dataset-downloads\dataset_b-20260908T164438Z-1-001\dataset_b\ses_20260701-190250-NEELA9BAF\chunk_20260701-1900-NEELA9BAF\events.jsonl,585,20260701-1900-NEELA9BAF,scr_smart_1782932892088_monitor_1_post.jpg | screenshots/scr_smart_1782932892088_monitor_1_post.jpg,True
ses_20260701-190250-NEELA9BAF,16,2026-07-01T19:08:08.219Z,2026-07-01T19:08:22.219Z,2026-07-01T19:08:18.879000+00:00,evt_b81884c9-b8a8-434d-bf9f-10d06bac03d4,C:\Users\Gaurav Rathod\Downloads\automation-proposal\raw_data\dataset-downloads\dataset_b-20260908T164438Z-1-001\dataset_b\ses_20260701-190250-NEELA9BAF\chunk_20260701-1900-NEELA9BAF\events.jsonl,591,20260701-1900-NEELA9BAF,scr_smart_1782932898879_monitor_1_post.jpg | screenshots/scr_smart_1782932898879_monitor_1_post.jpg,True
ses_20260701-190250-NEELA9BAF,16,2026-07-01T19:08:08.219Z,2026-07-01T19:08:22.219Z,2026-07-01T19:08:19.410000+00:00,evt_c5ca667e-29ed-4c26-a7b7-0c5b639a5e86,C:\Users\Gaurav Rathod\Downloads\automation-proposal\raw_data\dataset-downloads\dataset_b-20260908T164438Z-1-001\dataset_b\ses_20260701-190250-NEELA9BAF\chunk_20260701-1900-NEELA9BAF\events.jsonl,594,20260701-1900-NEELA9BAF,scr_smart_1782932899410_monitor_1_post.jpg | screenshots/scr_smart_1782932899410_monitor_1_post.jpg,True
ses_20260701-190250-NEELA9BAF,16,2026-07-01T19:08:08.219Z,2026-07-01T19:08:22.219Z,2026-07-01T19:08:20.386000+00:00,evt_c7bde906-feeb-46ca-a3de-f9d5d5726fbc,C:\Users\Gaurav Rathod\Downloads\automation-proposal\raw_data\dataset-downloads\dataset_b-20260908T164438Z-1-001\dataset_b\ses_20260701-190250-NEELA9BAF\chunk_20260701-1900-NEELA9BAF\events.jsonl,597,20260701-1900-NEELA9BAF,scr_smart_1782932900386_monitor_1_post.jpg | screenshots/scr_smart_1782932900386_monitor_1_post.jpg,True
ses_20260701-190250-NEELA9BAF,16,2026-07-01T19:08:08.219Z,2026-07-01T19:08:22.219Z,2026-07-01T19:08:21.384000+00:00,evt_cc85aab8-2ea2-4eb6-b14b-796e352d04c2,C:\Users\Gaurav Rathod\Downloads\automation-proposal\raw_data\dataset-downloads\dataset_b-20260908T164438Z-1-001\dataset_b\ses_20260701-190250-NEELA9BAF\chunk_20260701-1900-NEELA9BAF\events.jsonl,604,20260701-1900-NEELA9BAF,scr_smart_1782932901384_monitor_1_post.jpg | screenshots/scr_smart_1782932901384_monitor_1_post.jpg,True
ses_20260701-190250-NEELA9BAF,17,2026-07-01T19:10:02.219Z,2026-07-01T19:10:16.219Z,2026-07-01T19:10:04.314000+00:00,evt_6951f2ae-6ace-412c-acf9-db52c2db54fd,C:\Users\Gaurav Rathod\Downloads\automation-proposal\raw_data\dataset-downloads\dataset_b-20260908T164438Z-1-001\dataset_b\ses_20260701-190250-NEELA9BAF\chunk_20260701-1900-NEELA9BAF\events.jsonl,801,20260701-1900-NEELA9BAF,scr_smart_1782933004314_monitor_1_post.jpg | screenshots/scr_smart_1782933004314_monitor_1_post.jpg,True
ses_20260701-190250-NEELA9BAF,17,2026-07-01T19:10:02.219Z,2026-07-01T19:10:16.219Z,2026-07-01T19:10:06.124000+00:00,evt_6b89c7e9-8a0d-45fc-915b-91b429d28d5d,C:\Users\Gaurav Rathod\Downloads\automation-proposal\raw_data\dataset-downloads\dataset_b-20260908T164438Z-1-001\dataset_b\ses_20260701-190250-NEELA9BAF\chunk_20260701-1900-NEELA9BAF\events.jsonl,803,20260701-1900-NEELA9BAF,scr_smart_1782933006124_monitor_1_post.jpg | screenshots/scr_smart_1782933006124_monitor_1_post.jpg,True
ses_20260701-190250-NEELA9BAF,17,2026-07-01T19:10:02.219Z,2026-07-01T19:10:16.219Z,2026-07-01T19:10:06.670000+00:00,evt_45fa4443-d782-4da6-a285-134124484a28,C:\Users\Gaurav Rathod\Downloads\automation-proposal\raw_data\dataset-downloads\dataset_b-20260908T164438Z-1-001\dataset_b\ses_20260701-190250-NEELA9BAF\chunk_20260701-1900-NEELA9BAF\events.jsonl,806,20260701-1900-NEELA9BAF,scr_smart_1782933006670_monitor_1_post.jpg | screenshots/scr_smart_1782933006670_monitor_1_post.jpg,True
ses_20260701-190250-NEELA9BAF,17,2026-07-01T19:10:02.219Z,2026-07-01T19:10:16.219Z,2026-07-01T19:10:08.153000+00:00,evt_ddf03983-bcc1-419d-a621-16b2dfc1805a,C:\Users\Gaurav Rathod\Downloads\automation-proposal\raw_data\dataset-downloads\dataset_b-20260908T164438Z-1-001\dataset_b\ses_20260701-190250-NEELA9BAF\chunk_20260701-1900-NEELA9BAF\events.jsonl,810,20260701-1900-NEELA9BAF,scr_smart_1782933008153_monitor_1_post.jpg | screenshots/scr_smart_1782933008153_monitor_1_post.jpg,True
ses_20260701-190250-NEELA9BAF,17,2026-07-01T19:10:02.219Z,2026-07-01T19:10:16.219Z,2026-07-01T19:10:08.955000+00:00,evt_c6dd3b96-7402-4008-b23c-dc997d65de4b,C:\Users\Gaurav Rathod\Downloads\automation-proposal\raw_data\dataset-downloads\dataset_b-20260908T164438Z-1-001\dataset_b\ses_20260701-190250-NEELA9BAF\chunk_20260701-1900-NEELA9BAF\events.jsonl,816,20260701-1900-NEELA9BAF,scr_smart_1782933008955_monitor_1_post.jpg | screenshots/scr_smart_1782933008955_monitor_1_post.jpg,True
ses_20260701-190250-NEELA9BAF,17,2026-07-01T19:10:02.219Z,2026-07-01T19:10:16.219Z,2026-07-01T19:10:11.052000+00:00,evt_13281d33-2aa7-4dd4-a31b-fc7b679ca845,C:\Users\Gaurav Rathod\Downloads\automation-proposal\raw_data\dataset-downloads\dataset_b-20260908T164438Z-1-001\dataset_b\ses_20260701-190250-NEELA9BAF\chunk_20260701-1900-NEELA9BAF\events.jsonl,819,20260701-1900-NEELA9BAF,scr_smart_1782933011052_monitor_1_post.jpg | screenshots/scr_smart_1782933011052_monitor_1_post.jpg,True
ses_20260701-190250-NEELA9BAF,17,2026-07-01T19:10:02.219Z,2026-07-01T19:10:16.219Z,2026-07-01T19:10:14.164000+00:00,evt_4101b0a0-b383-42c2-a273-deabd2f92521,C:\Users\Gaurav Rathod\Downloads\automation-proposal\raw_data\dataset-downloads\dataset_b-20260908T164438Z-1-001\dataset_b\ses_20260701-190250-NEELA9BAF\chunk_20260701-1900-NEELA9BAF\events.jsonl,823,20260701-1900-NEELA9BAF,scr_smart_1782933014164_monitor_1_post.jpg | screenshots/scr_smart_1782933014164_monitor_1_post.jpg,True
ses_20260701-190250-NEELA9BAF,18,2026-07-01T19:10:16.219Z,2026-07-01T19:10:30.219Z,2026-07-01T19:10:19.497000+00:00,evt_f8f982e0-c35a-4ee5-a24c-4b752c2e9426,C:\Users\Gaurav Rathod\Downloads\automation-proposal\raw_data\dataset-downloads\dataset_b-20260908T164438Z-1-001\dataset_b\ses_20260701-190250-NEELA9BAF\chunk_20260701-1900-NEELA9BAF\events.jsonl,827,20260701-1900-NEELA9BAF,scr_smart_1782933019497_monitor_1_post.jpg | screenshots/scr_smart_1782933019497_monitor_1_post.jpg,True
ses_20260701-190250-NEELA9BAF,18,2026-07-01T19:10:16.219Z,2026-07-01T19:10:30.219Z,2026-07-01T19:10:20.451000+00:00,evt_5cdd5e2c-3d53-4baf-8666-0f55f930d753,C:\Users\Gaurav Rathod\Downloads\automation-proposal\raw_data\dataset-downloads\dataset_b-20260908T164438Z-1-001\dataset_b\ses_20260701-190250-NEELA9BAF\chunk_20260701-1900-NEELA9BAF\events.jsonl,834,20260701-1900-NEELA9BAF,scr_smart_1782933020451_monitor_1_post.jpg | screenshots/scr_smart_1782933020451_monitor_1_post.jpg,True
ses_20260701-190250-NEELA9BAF,18,2026-07-01T19:10:16.219Z,2026-07-01T19:10:30.219Z,2026-07-01T19:10:22.639000+00:00,evt_d7a5ac21-91d7-46e2-9da8-0eab5d1bbc33,C:\Users\Gaurav Rathod\Downloads\automation-proposal\raw_data\dataset-downloads\dataset_b-20260908T164438Z-1-001\dataset_b\ses_20260701-190250-NEELA9BAF\chunk_20260701-1900-NEELA9BAF\events.jsonl,837,20260701-1900-NEELA9BAF,scr_smart_1782933022639_monitor_1_post.jpg | screenshots/scr_smart_1782933022639_monitor_1_post.jpg,True
ses_20260701-190250-NEELA9BAF,18,2026-07-01T19:10:16.219Z,2026-07-01T19:10:30.219Z,2026-07-01T19:10:25.666000+00:00,evt_9dbbab3c-536a-4133-bd60-2b53ccec112f,C:\Users\Gaurav Rathod\Downloads\automation-proposal\raw_data\dataset-downloads\dataset_b-20260908T164438Z-1-001\dataset_b\ses_20260701-190250-NEELA9BAF\chunk_20260701-1900-NEELA9BAF\events.jsonl,840,20260701-1900-NEELA9BAF,scr_smart_1782933025666_monitor_1_post.jpg | screenshots/scr_smart_1782933025666_monitor_1_post.jpg,True
ses_20260701-190250-NEELA9BAF,18,2026-07-01T19:10:16.219Z,2026-07-01T19:10:30.219Z,2026-07-01T19:10:27.373000+00:00,evt_912de2b7-7133-4e2e-aab5-61ae94c0c6d6,C:\Users\Gaurav Rathod\Downloads\automation-proposal\raw_data\dataset-downloads\dataset_b-20260908T164438Z-1-001\dataset_b\ses_20260701-190250-NEELA9BAF\chunk_20260701-1900-NEELA9BAF\events.jsonl,845,20260701-1900-NEELA9BAF,scr_smart_1782933027373_monitor_1_post.jpg | screenshots/scr_smart_1782933027373_monitor_1_post.jpg,True
ses_20260701-190250-NEELA9BAF,18,2026-07-01T19:10:16.219Z,2026-07-01T19:10:30.219Z,2026-07-01T19:10:28.167000+00:00,evt_060ff715-3565-41e6-bfa4-eb4e9bf28871,C:\Users\Gaurav Rathod\Downloads\automation-proposal\raw_data\dataset-downloads\dataset_b-20260908T164438Z-1-001\dataset_b\ses_20260701-190250-NEELA9BAF\chunk_20260701-1900-NEELA9BAF\events.jsonl,852,20260701-1900-NEELA9BAF,scr_smart_1782933028167_monitor_1_post.jpg | screenshots/scr_smart_1782933028167_monitor_1_post.jpg,True
ses_20260701-190250-NEELA9BAF,19,2026-07-01T19:10:30.219Z,2026-07-01T19:10:40.219Z,2026-07-01T19:10:30.567000+00:00,evt_40d76dd1-c429-4c97-9086-1868685dbf63,C:\Users\Gaurav Rathod\Downloads\automation-proposal\raw_data\dataset-downloads\dataset_b-20260908T164438Z-1-001\dataset_b\ses_20260701-190250-NEELA9BAF\chunk_20260701-1900-NEELA9BAF\events.jsonl,855,20260701-1900-NEELA9BAF,scr_smart_1782933030567_monitor_1_post.jpg | screenshots/scr_smart_1782933030567_monitor_1_post.jpg,True
ses_20260701-190250-NEELA9BAF,19,2026-07-01T19:10:30.219Z,2026-07-01T19:10:40.219Z,2026-07-01T19:10:32.769000+00:00,evt_151507b0-2e00-4d6f-aa7e-bc5be2b9162e,C:\Users\Gaurav Rathod\Downloads\automation-proposal\raw_data\dataset-downloads\dataset_b-20260908T164438Z-1-001\dataset_b\ses_20260701-190250-NEELA9BAF\chunk_20260701-1900-NEELA9BAF\events.jsonl,861,20260701-1900-NEELA9BAF,scr_smart_1782933032769_monitor_1_post.jpg | screenshots/scr_smart_1782933032769_monitor_1_post.jpg,True
ses_20260701-190250-NEELA9BAF,19,2026-07-01T19:10:30.219Z,2026-07-01T19:10:40.219Z,2026-07-01T19:10:36.388000+00:00,evt_58fccdb5-be12-4947-8cf4-8b12b68b63a4,C:\Users\Gaurav Rathod\Downloads\automation-proposal\raw_data\dataset-downloads\dataset_b-20260908T164438Z-1-001\dataset_b\ses_20260701-190250-NEELA9BAF\chunk_20260701-1900-NEELA9BAF\events.jsonl,867,20260701-1900-NEELA9BAF,scr_smart_1782933036388_monitor_1_post.jpg | screenshots/scr_smart_1782933036388_monitor_1_post.jpg,True
ses_20260701-190250-NEELA9BAF,19,2026-07-01T19:10:30.219Z,2026-07-01T19:10:40.219Z,2026-07-01T19:10:36.988000+00:00,evt_a416cb7e-01a7-4a1d-ab33-35f2b21ea797,C:\Users\Gaurav Rathod\Downloads\automation-proposal\raw_data\dataset-downloads\dataset_b-20260908T164438Z-1-001\dataset_b\ses_20260701-190250-NEELA9BAF\chunk_20260701-1900-NEELA9BAF\events.jsonl,871,20260701-1900-NEELA9BAF,scr_smart_1782933036988_monitor_1_post.jpg | screenshots/scr_smart_1782933036988_monitor_1_post.jpg,True
ses_20260701-190250-NEELA9BAF,19,2026-07-01T19:10:30.219Z,2026-07-01T19:10:40.219Z,2026-07-01T19:10:37.891000+00:00,evt_dd038de8-444e-4299-b67b-9ca29a20f5fe,C:\Users\Gaurav Rathod\Downloads\automation-proposal\raw_data\dataset-downloads\dataset_b-20260908T164438Z-1-001\dataset_b\ses_20260701-190250-NEELA9BAF\chunk_20260701-1900-NEELA9BAF\events.jsonl,873,20260701-1900-NEELA9BAF,scr_smart_1782933037891_monitor_1_post.jpg | screenshots/scr_smart_1782933037891_monitor_1_post.jpg,True
ses_20260701-190250-NEELA9BAF,19,2026-07-01T19:10:30.219Z,2026-07-01T19:10:40.219Z,2026-07-01T19:10:38.792000+00:00,evt_e4c2ab92-0286-423c-a6a0-556428ef0b93,C:\Users\Gaurav Rathod\Downloads\automation-proposal\raw_data\dataset-downloads\dataset_b-20260908T164438Z-1-001\dataset_b\ses_20260701-190250-NEELA9BAF\chunk_20260701-1900-NEELA9BAF\events.jsonl,880,20260701-1900-NEELA9BAF,scr_smart_1782933038792_monitor_1_post.jpg | screenshots/scr_smart_1782933038792_monitor_1_post.jpg,True
ses_20260701-190250-NEELA9BAF,20,2026-07-01T19:10:40.219Z,2026-07-01T19:10:58.219Z,2026-07-01T19:10:41.073000+00:00,evt_8ddc3b96-316f-4441-a7fd-ea429007f84a,C:\Users\Gaurav Rathod\Downloads\automation-proposal\raw_data\dataset-downloads\dataset_b-20260908T164438Z-1-001\dataset_b\ses_20260701-190250-NEELA9BAF\chunk_20260701-1900-NEELA9BAF\events.jsonl,883,20260701-1900-NEELA9BAF,scr_smart_1782933041073_monitor_1_post.jpg | screenshots/scr_smart_1782933041073_monitor_1_post.jpg,True
ses_20260701-190250-NEELA9BAF,20,2026-07-01T19:10:40.219Z,2026-07-01T19:10:58.219Z,2026-07-01T19:10:43.071000+00:00,evt_dc6c7fae-5b28-4dfe-b343-e85f66932b33,C:\Users\Gaurav Rathod\Downloads\automation-proposal\raw_data\dataset-downloads\dataset_b-20260908T164438Z-1-001\dataset_b\ses_20260701-190250-NEELA9BAF\chunk_20260701-1900-NEELA9BAF\events.jsonl,886,20260701-1900-NEELA9BAF,scr_smart_1782933043071_monitor_1_post.jpg | screenshots/scr_smart_1782933043071_monitor_1_post.jpg,True
ses_20260701-190250-NEELA9BAF,20,2026-07-01T19:10:40.219Z,2026-07-01T19:10:58.219Z,2026-07-01T19:10:43.559000+00:00,evt_13160f70-9556-4dcd-929e-8f4135e30e5a,C:\Users\Gaurav Rathod\Downloads\automation-proposal\raw_data\dataset-downloads\dataset_b-20260908T164438Z-1-001\dataset_b\ses_20260701-190250-NEELA9BAF\chunk_20260701-1900-NEELA9BAF\events.jsonl,894,20260701-1900-NEELA9BAF,scr_smart_1782933043559_monitor_1_post.jpg | screenshots/scr_smart_1782933043559_monitor_1_post.jpg,True
ses_20260701-190250-NEELA9BAF,20,2026-07-01T19:10:40.219Z,2026-07-01T19:10:58.219Z,2026-07-01T19:10:51.999000+00:00,evt_a3716178-cc4b-45f5-9ef1-cb9c4c9612c1,C:\Users\Gaurav Rathod\Downloads\automation-proposal\raw_data\dataset-downloads\dataset_b-20260908T164438Z-1-001\dataset_b\ses_20260701-190250-NEELA9BAF\chunk_20260701-1900-NEELA9BAF\events.jsonl,897,20260701-1900-NEELA9BAF,scr_smart_1782933051999_monitor_1_post.jpg | screenshots/scr_smart_1782933051999_monitor_1_post.jpg,True
ses_20260701-190250-NEELA9BAF,20,2026-07-01T19:10:40.219Z,2026-07-01T19:10:58.219Z,2026-07-01T19:10:52.660000+00:00,evt_b3e43e1d-c5c1-411b-a1f2-78befe3edf0d,C:\Users\Gaurav Rathod\Downloads\automation-proposal\raw_data\dataset-downloads\dataset_b-20260908T164438Z-1-001\dataset_b\ses_20260701-190250-NEELA9BAF\chunk_20260701-1900-NEELA9BAF\events.jsonl,899,20260701-1900-NEELA9BAF,scr_smart_1782933052660_monitor_1_post.jpg | screenshots/scr_smart_1782933052660_monitor_1_post.jpg,True
ses_20260701-190250-NEELA9BAF,20,2026-07-01T19:10:40.219Z,2026-07-01T19:10:58.219Z,2026-07-01T19:10:53.751000+00:00,evt_099b73c3-1a32-4c5c-8e0b-612ebd9970f5,C:\Users\Gaurav Rathod\Downloads\automation-proposal\raw_data\dataset-downloads\dataset_b-20260908T164438Z-1-001\dataset_b\ses_20260701-190250-NEELA9BAF\chunk_20260701-1900-NEELA9BAF\events.jsonl,902,20260701-1900-NEELA9BAF,scr_smart_1782933053751_monitor_1_post.jpg | screenshots/scr_smart_1782933053751_monitor_1_post.jpg,True
ses_20260701-190250-NEELA9BAF,20,2026-07-01T19:10:40.219Z,2026-07-01T19:10:58.219Z,2026-07-01T19:10:54.665000+00:00,evt_bb98c66f-aef6-4eaa-be1e-1a055150c667,C:\Users\Gaurav Rathod\Downloads\automation-proposal\raw_data\dataset-downloads\dataset_b-20260908T164438Z-1-001\dataset_b\ses_20260701-190250-NEELA9BAF\chunk_20260701-1900-NEELA9BAF\events.jsonl,909,20260701-1900-NEELA9BAF,scr_smart_1782933054665_monitor_1_post.jpg | screenshots/scr_smart_1782933054665_monitor_1_post.jpg,True
ses_20260701-190250-NEELA9BAF,20,2026-07-01T19:10:40.219Z,2026-07-01T19:10:58.219Z,2026-07-01T19:10:56.957000+00:00,evt_df83ff83-89a5-47d7-b08b-973762ce77fc,C:\Users\Gaurav Rathod\Downloads\automation-proposal\raw_data\dataset-downloads\dataset_b-20260908T164438Z-1-001\dataset_b\ses_20260701-190250-NEELA9BAF\chunk_20260701-1900-NEELA9BAF\events.jsonl,912,20260701-1900-NEELA9BAF,scr_smart_1782933056957_monitor_1_post.jpg | screenshots/scr_smart_1782933056957_monitor_1_post.jpg,True
ses_20260701-190250-NEELA9BAF,21,2026-07-01T19:10:58.219Z,2026-07-01T19:11:06.219Z,2026-07-01T19:10:58.660000+00:00,evt_5b430de2-11b1-4478-b5bf-37c4c7c15ed3,C:\Users\Gaurav Rathod\Downloads\automation-proposal\raw_data\dataset-downloads\dataset_b-20260908T164438Z-1-001\dataset_b\ses_20260701-190250-NEELA9BAF\chunk_20260701-1900-NEELA9BAF\events.jsonl,915,20260701-1900-NEELA9BAF,scr_smart_1782933058660_monitor_1_post.jpg | screenshots/scr_smart_1782933058660_monitor_1_post.jpg,True
ses_20260701-190250-NEELA9BAF,21,2026-07-01T19:10:58.219Z,2026-07-01T19:11:06.219Z,2026-07-01T19:10:59.229000+00:00,evt_3b0fd335-e6b1-4ecf-a6da-aaaf3a2a60ca,C:\Users\Gaurav Rathod\Downloads\automation-proposal\raw_data\dataset-downloads\dataset_b-20260908T164438Z-1-001\dataset_b\ses_20260701-190250-NEELA9BAF\chunk_20260701-1900-NEELA9BAF\events.jsonl,924,20260701-1900-NEELA9BAF,scr_smart_1782933059229_monitor_1_post.jpg | screenshots/scr_smart_1782933059229_monitor_1_post.jpg,True
ses_20260701-190250-NEELA9BAF,21,2026-07-01T19:10:58.219Z,2026-07-01T19:11:06.219Z,2026-07-01T19:11:02.640000+00:00,evt_3a775814-3996-414a-a4d0-01e548cc4b07,C:\Users\Gaurav Rathod\Downloads\automation-proposal\raw_data\dataset-downloads\dataset_b-20260908T164438Z-1-001\dataset_b\ses_20260701-190250-NEELA9BAF\chunk_20260701-1900-NEELA9BAF\events.jsonl,926,20260701-1900-NEELA9BAF,scr_smart_1782933062640_monitor_1_post.jpg | screenshots/scr_smart_1782933062640_monitor_1_post.jpg,True
ses_20260701-190250-NEELA9BAF,21,2026-07-01T19:10:58.219Z,2026-07-01T19:11:06.219Z,2026-07-01T19:11:04.163000+00:00,evt_a0f140fa-c452-45c5-8652-e11bc5d3a010,C:\Users\Gaurav Rathod\Downloads\automation-proposal\raw_data\dataset-downloads\dataset_b-20260908T164438Z-1-001\dataset_b\ses_20260701-190250-NEELA9BAF\chunk_20260701-1900-NEELA9BAF\events.jsonl,930,20260701-1900-NEELA9BAF,scr_smart_1782933064163_monitor_1_post.jpg | screenshots/scr_smart_1782933064163_monitor_1_post.jpg,True
ses_20260701-190250-NEELA9BAF,21,2026-07-01T19:10:58.219Z,2026-07-01T19:11:06.219Z,2026-07-01T19:11:04.754000+00:00,evt_d81eee98-b62f-4638-86e7-ea1066474a80,C:\Users\Gaurav Rathod\Downloads\automation-proposal\raw_data\dataset-downloads\dataset_b-20260908T164438Z-1-001\dataset_b\ses_20260701-190250-NEELA9BAF\chunk_20260701-1900-NEELA9BAF\events.jsonl,932,20260701-1900-NEELA9BAF,scr_smart_1782933064754_monitor_1_post.jpg | screenshots/scr_smart_1782933064754_monitor_1_post.jpg,True
ses_20260701-190250-NEELA9BAF,21,2026-07-01T19:10:58.219Z,2026-07-01T19:11:06.219Z,2026-07-01T19:11:05.332000+00:00,evt_c2560ee6-cafa-4ae4-ab1f-6048090c87de,C:\Users\Gaurav Rathod\Downloads\automation-proposal\raw_data\dataset-downloads\dataset_b-20260908T164438Z-1-001\dataset_b\ses_20260701-190250-NEELA9BAF\chunk_20260701-1900-NEELA9BAF\events.jsonl,938,20260701-1900-NEELA9BAF,scr_smart_1782933065332_monitor_1_post.jpg | screenshots/scr_smart_1782933065332_monitor_1_post.jpg,True
ses_20260701-190250-NEELA9BAF,22,2026-07-01T19:11:06.219Z,2026-07-01T19:11:18.219Z,2026-07-01T19:11:07.528000+00:00,evt_e23beabf-0f1d-4115-951f-09a858935f49,C:\Users\Gaurav Rathod\Downloads\automation-proposal\raw_data\dataset-downloads\dataset_b-20260908T164438Z-1-001\dataset_b\ses_20260701-190250-NEELA9BAF\chunk_20260701-1900-NEELA9BAF\events.jsonl,941,20260701-1900-NEELA9BAF,scr_smart_1782933067528_monitor_1_post.jpg | screenshots/scr_smart_1782933067528_monitor_1_post.jpg,True
ses_20260701-190250-NEELA9BAF,22,2026-07-01T19:11:06.219Z,2026-07-01T19:11:18.219Z,2026-07-01T19:11:09.523000+00:00,evt_b6225de7-d957-41e1-9ae5-fd168009cd6f,C:\Users\Gaurav Rathod\Downloads\automation-proposal\raw_data\dataset-downloads\dataset_b-20260908T164438Z-1-001\dataset_b\ses_20260701-190250-NEELA9BAF\chunk_20260701-1900-NEELA9BAF\events.jsonl,944,20260701-1900-NEELA9BAF,scr_smart_1782933069523_monitor_1_post.jpg | screenshots/scr_smart_1782933069523_monitor_1_post.jpg,True
ses_20260701-190250-NEELA9BAF,22,2026-07-01T19:11:06.219Z,2026-07-01T19:11:18.219Z,2026-07-01T19:11:10.096000+00:00,evt_cd4fc07f-5354-4b87-9ac8-0bf4046d306a,C:\Users\Gaurav Rathod\Downloads\automation-proposal\raw_data\dataset-downloads\dataset_b-20260908T164438Z-1-001\dataset_b\ses_20260701-190250-NEELA9BAF\chunk_20260701-1900-NEELA9BAF\events.jsonl,952,20260701-1900-NEELA9BAF,scr_smart_1782933070096_monitor_1_post.jpg | screenshots/scr_smart_1782933070096_monitor_1_post.jpg,True
ses_20260701-190250-NEELA9BAF,22,2026-07-01T19:11:06.219Z,2026-07-01T19:11:18.219Z,2026-07-01T19:11:14.001000+00:00,evt_f3c5bda9-ac00-4f16-a5ce-de08e10f8f25,C:\Users\Gaurav Rathod\Downloads\automation-proposal\raw_data\dataset-downloads\dataset_b-20260908T164438Z-1-001\dataset_b\ses_20260701-190250-NEELA9BAF\chunk_20260701-1900-NEELA9BAF\events.jsonl,954,20260701-1900-NEELA9BAF,scr_smart_1782933074001_monitor_1_post.jpg | screenshots/scr_smart_1782933074001_monitor_1_post.jpg,True
ses_20260701-190250-NEELA9BAF,22,2026-07-01T19:11:06.219Z,2026-07-01T19:11:18.219Z,2026-07-01T19:11:15.311000+00:00,evt_3be697ce-dd43-4f36-a720-467fe460c133,C:\Users\Gaurav Rathod\Downloads\automation-proposal\raw_data\dataset-downloads\dataset_b-20260908T164438Z-1-001\dataset_b\ses_20260701-190250-NEELA9BAF\chunk_20260701-1900-NEELA9BAF\events.jsonl,957,20260701-1900-NEELA9BAF,scr_smart_1782933075311_monitor_1_post.jpg | screenshots/scr_smart_1782933075311_monitor_1_post.jpg,True
ses_20260701-190250-NEELA9BAF,22,2026-07-01T19:11:06.219Z,2026-07-01T19:11:18.219Z,2026-07-01T19:11:16.307000+00:00,evt_ab78502c-3aa2-4841-a7b2-1817fbc3ebc7,C:\Users\Gaurav Rathod\Downloads\automation-proposal\raw_data\dataset-downloads\dataset_b-20260908T164438Z-1-001\dataset_b\ses_20260701-190250-NEELA9BAF\chunk_20260701-1900-NEELA9BAF\events.jsonl,964,20260701-1900-NEELA9BAF,scr_smart_1782933076307_monitor_1_post.jpg | screenshots/scr_smart_1782933076307_monitor_1_post.jpg,True
ses_20260701-190250-NEELA9BAF,23,2026-07-01T19:11:18.219Z,2026-07-01T19:11:32.219Z,2026-07-01T19:11:18.601000+00:00,evt_1b146af6-f5c4-4c91-a053-ef991f117548,C:\Users\Gaurav Rathod\Downloads\automation-proposal\raw_data\dataset-downloads\dataset_b-20260908T164438Z-1-001\dataset_b\ses_20260701-190250-NEELA9BAF\chunk_20260701-1900-NEELA9BAF\events.jsonl,967,20260701-1900-NEELA9BAF,scr_smart_1782933078601_monitor_1_post.jpg | screenshots/scr_smart_1782933078601_monitor_1_post.jpg,True
ses_20260701-190250-NEELA9BAF,23,2026-07-01T19:11:18.219Z,2026-07-01T19:11:32.219Z,2026-07-01T19:11:20.509000+00:00,evt_348be126-c085-4a9a-bb07-c538fa965abd,C:\Users\Gaurav Rathod\Downloads\automation-proposal\raw_data\dataset-downloads\dataset_b-20260908T164438Z-1-001\dataset_b\ses_20260701-190250-NEELA9BAF\chunk_20260701-1900-NEELA9BAF\events.jsonl,970,20260701-1900-NEELA9BAF,scr_smart_1782933080509_monitor_1_post.jpg | screenshots/scr_smart_1782933080509_monitor_1_post.jpg,True
ses_20260701-190250-NEELA9BAF,23,2026-07-01T19:11:18.219Z,2026-07-01T19:11:32.219Z,2026-07-01T19:11:21.076000+00:00,evt_88fdc7f1-3a1a-4225-b842-87b8bfe66c79,C:\Users\Gaurav Rathod\Downloads\automation-proposal\raw_data\dataset-downloads\dataset_b-20260908T164438Z-1-001\dataset_b\ses_20260701-190250-NEELA9BAF\chunk_20260701-1900-NEELA9BAF\events.jsonl,978,20260701-1900-NEELA9BAF,scr_smart_1782933081076_monitor_1_post.jpg | screenshots/scr_smart_1782933081076_monitor_1_post.jpg,True
ses_20260701-190250-NEELA9BAF,23,2026-07-01T19:11:18.219Z,2026-07-01T19:11:32.219Z,2026-07-01T19:11:24.391000+00:00,evt_7cdf1ced-65e3-489a-bd1a-31166a1aa13c,C:\Users\Gaurav Rathod\Downloads\automation-proposal\raw_data\dataset-downloads\dataset_b-20260908T164438Z-1-001\dataset_b\ses_20260701-190250-NEELA9BAF\chunk_20260701-1900-NEELA9BAF\events.jsonl,980,20260701-1900-NEELA9BAF,scr_smart_1782933084391_monitor_1_post.jpg | screenshots/scr_smart_1782933084391_monitor_1_post.jpg,True
ses_20260701-190250-NEELA9BAF,23,2026-07-01T19:11:18.219Z,2026-07-01T19:11:32.219Z,2026-07-01T19:11:26.322000+00:00,evt_3e88a904-3379-4981-b3f6-29b505b8b991,C:\Users\Gaurav Rathod\Downloads\automation-proposal\raw_data\dataset-downloads\dataset_b-20260908T164438Z-1-001\dataset_b\ses_20260701-190250-NEELA9BAF\chunk_20260701-1900-NEELA9BAF\events.jsonl,984,20260701-1900-NEELA9BAF,scr_smart_1782933086322_monitor_1_post.jpg | screenshots/scr_smart_1782933086322_monitor_1_post.jpg,True
ses_20260701-190250-NEELA9BAF,23,2026-07-01T19:11:18.219Z,2026-07-01T19:11:32.219Z,2026-07-01T19:11:27.325000+00:00,evt_9c48b01f-97ee-457a-aa9a-74454a5eaa38,C:\Users\Gaurav Rathod\Downloads\automation-proposal\raw_data\dataset-downloads\dataset_b-20260908T164438Z-1-001\dataset_b\ses_20260701-190250-NEELA9BAF\chunk_20260701-1900-NEELA9BAF\events.jsonl,991,20260701-1900-NEELA9BAF,scr_smart_1782933087325_monitor_1_post.jpg | screenshots/scr_smart_1782933087325_monitor_1_post.jpg,True
ses_20260701-190250-NEELA9BAF,23,2026-07-01T19:11:18.219Z,2026-07-01T19:11:32.219Z,2026-07-01T19:11:29.520000+00:00,evt_bddcd815-fee3-4d05-bd57-f8118b9510ab,C:\Users\Gaurav Rathod\Downloads\automation-proposal\raw_data\dataset-downloads\dataset_b-20260908T164438Z-1-001\dataset_b\ses_20260701-190250-NEELA9BAF\chunk_20260701-1900-NEELA9BAF\events.jsonl,994,20260701-1900-NEELA9BAF,scr_smart_1782933089520_monitor_1_post.jpg | screenshots/scr_smart_1782933089520_monitor_1_post.jpg,True
ses_20260701-191537-LAPTOP-76QMG9DE,1,2026-07-01T19:16:01.798Z,2026-07-01T19:16:33.798Z,2026-07-01T19:16:04.370000+00:00,evt_41b13245-3c80-45ae-a897-f7426ad01f32,C:\Users\Gaurav Rathod\Downloads\automation-proposal\raw_data\dataset-downloads\dataset_b-20260908T164438Z-1-001\dataset_b\ses_20260701-191537-LAPTOP-76QMG9DE\chunk_20260701-1900-LAPTOP-76QMG9DE\events.jsonl,44,20260701-1900-LAPTOP-76QMG9DE,scr_smart_1782933364370_monitor_1_post.jpg | screenshots/scr_smart_1782933364370_monitor_1_post.jpg,True
ses_20260701-191537-LAPTOP-76QMG9DE,1,2026-07-01T19:16:01.798Z,2026-07-01T19:16:33.798Z,2026-07-01T19:16:07.362000+00:00,evt_b1078a4e-8d8e-424c-8cb1-cea3e4d35b10,C:\Users\Gaurav Rathod\Downloads\automation-proposal\raw_data\dataset-downloads\dataset_b-20260908T164438Z-1-001\dataset_b\ses_20260701-191537-LAPTOP-76QMG9DE\chunk_20260701-1900-LAPTOP-76QMG9DE\events.jsonl,50,20260701-1900-LAPTOP-76QMG9DE,scr_smart_1782933367362_monitor_1_post.jpg | screenshots/scr_smart_1782933367362_monitor_1_post.jpg,True
ses_20260701-191537-LAPTOP-76QMG9DE,1,2026-07-01T19:16:01.798Z,2026-07-01T19:16:33.798Z,2026-07-01T19:16:09.222000+00:00,evt_f02f2ee9-93a9-4eb9-851c-c9a1feb73007,C:\Users\Gaurav Rathod\Downloads\automation-proposal\raw_data\dataset-downloads\dataset_b-20260908T164438Z-1-001\dataset_b\ses_20260701-191537-LAPTOP-76QMG9DE\chunk_20260701-1900-LAPTOP-76QMG9DE\events.jsonl,52,20260701-1900-LAPTOP-76QMG9DE,scr_smart_1782933369222_monitor_1_post.jpg | screenshots/scr_smart_1782933369222_monitor_1_post.jpg,True
ses_20260701-191537-LAPTOP-76QMG9DE,1,2026-07-01T19:16:01.798Z,2026-07-01T19:16:33.798Z,2026-07-01T19:16:10.272000+00:00,evt_085448df-f836-4464-a48c-e42367fcfc40,C:\Users\Gaurav Rathod\Downloads\automation-proposal\raw_data\dataset-downloads\dataset_b-20260908T164438Z-1-001\dataset_b\ses_20260701-191537-LAPTOP-76QMG9DE\chunk_20260701-1900-LAPTOP-76QMG9DE\events.jsonl,54,20260701-1900-LAPTOP-76QMG9DE,scr_smart_1782933370272_monitor_1_post.jpg | screenshots/scr_smart_1782933370272_monitor_1_post.jpg,True
ses_20260701-191537-LAPTOP-76QMG9DE,1,2026-07-01T19:16:01.798Z,2026-07-01T19:16:33.798Z,2026-07-01T19:16:10.807000+00:00,evt_011a1bfe-f10a-4574-a9f4-ab197ecba22d,C:\Users\Gaurav Rathod\Downloads\automation-proposal\raw_data\dataset-downloads\dataset_b-20260908T164438Z-1-001\dataset_b\ses_20260701-191537-LAPTOP-76QMG9DE\chunk_20260701-1900-LAPTOP-76QMG9DE\events.jsonl,56,20260701-1900-LAPTOP-76QMG9DE,scr_smart_1782933370807_monitor_1_post.jpg | screenshots/scr_smart_1782933370807_monitor_1_post.jpg,True
ses_20260701-191537-LAPTOP-76QMG9DE,1,2026-07-01T19:16:01.798Z,2026-07-01T19:16:33.798Z,2026-07-01T19:16:11.346000+00:00,evt_1deadb47-83b5-410c-ae68-840de85318a3,C:\Users\Gaurav Rathod\Downloads\automation-proposal\raw_data\dataset-downloads\dataset_b-20260908T164438Z-1-001\dataset_b\ses_20260701-191537-LAPTOP-76QMG9DE\chunk_20260701-1900-LAPTOP-76QMG9DE\events.jsonl,62,20260701-1900-LAPTOP-76QMG9DE,scr_smart_1782933371346_monitor_1_post.jpg | screenshots/scr_smart_1782933371346_monitor_1_post.jpg,True
ses_20260701-191537-LAPTOP-76QMG9DE,1,2026-07-01T19:16:01.798Z,2026-07-01T19:16:33.798Z,2026-07-01T19:16:13.491000+00:00,evt_c45a873a-6a28-480a-96c8-0cb2551b0a8d,C:\Users\Gaurav Rathod\Downloads\automation-proposal\raw_data\dataset-downloads\dataset_b-20260908T164438Z-1-001\dataset_b\ses_20260701-191537-LAPTOP-76QMG9DE\chunk_20260701-1900-LAPTOP-76QMG9DE\events.jsonl,65,20260701-1900-LAPTOP-76QMG9DE,scr_smart_1782933373491_monitor_1_post.jpg | screenshots/scr_smart_1782933373491_monitor_1_post.jpg,True
ses_20260701-191537-LAPTOP-76QMG9DE,1,2026-07-01T19:16:01.798Z,2026-07-01T19:16:33.798Z,2026-07-01T19:16:18.186000+00:00,evt_710c3348-3001-4dc4-a445-bf2b542fac1f,C:\Users\Gaurav Rathod\Downloads\automation-proposal\raw_data\dataset-downloads\dataset_b-20260908T164438Z-1-001\dataset_b\ses_20260701-191537-LAPTOP-76QMG9DE\chunk_20260701-1900-LAPTOP-76QMG9DE\events.jsonl,69,20260701-1900-LAPTOP-76QMG9DE,scr_smart_1782933378186_monitor_1_post.jpg | screenshots/scr_smart_1782933378186_monitor_1_post.jpg,True
ses_20260701-191537-LAPTOP-76QMG9DE,1,2026-07-01T19:16:01.798Z,2026-07-01T19:16:33.798Z,2026-07-01T19:16:19.630000+00:00,evt_541782d0-3118-4459-b27c-8843cab95b2a,C:\Users\Gaurav Rathod\Downloads\automation-proposal\raw_data\dataset-downloads\dataset_b-20260908T164438Z-1-001\dataset_b\ses_20260701-191537-LAPTOP-76QMG9DE\chunk_20260701-1900-LAPTOP-76QMG9DE\events.jsonl,71,20260701-1900-LAPTOP-76QMG9DE,scr_smart_1782933379630_monitor_1_post.jpg | screenshots/scr_smart_1782933379630_monitor_1_post.jpg,True
ses_20260701-191537-LAPTOP-76QMG9DE,1,2026-07-01T19:16:01.798Z,2026-07-01T19:16:33.798Z,2026-07-01T19:16:21.186000+00:00,evt_dce58181-beda-46ed-b3e8-dd60ba16a81d,C:\Users\Gaurav Rathod\Downloads\automation-proposal\raw_data\dataset-downloads\dataset_b-20260908T164438Z-1-001\dataset_b\ses_20260701-191537-LAPTOP-76QMG9DE\chunk_20260701-1900-LAPTOP-76QMG9DE\events.jsonl,75,20260701-1900-LAPTOP-76QMG9DE,scr_smart_1782933381186_monitor_1_post.jpg | screenshots/scr_smart_1782933381186_monitor_1_post.jpg,True
ses_20260701-191537-LAPTOP-76QMG9DE,1,2026-07-01T19:16:01.798Z,2026-07-01T19:16:33.798Z,2026-07-01T19:16:21.720000+00:00,evt_80477f8e-fca5-4b19-b59d-b6d8a806b46b,C:\Users\Gaurav Rathod\Downloads\automation-proposal\raw_data\dataset-downloads\dataset_b-20260908T164438Z-1-001\dataset_b\ses_20260701-191537-LAPTOP-76QMG9DE\chunk_20260701-1900-LAPTOP-76QMG9DE\events.jsonl,77,20260701-1900-LAPTOP-76QMG9DE,scr_smart_1782933381720_monitor_1_post.jpg | screenshots/scr_smart_1782933381720_monitor_1_post.jpg,True
ses_20260701-191537-LAPTOP-76QMG9DE,1,2026-07-01T19:16:01.798Z,2026-07-01T19:16:33.798Z,2026-07-01T19:16:22.257000+00:00,evt_2f7a8438-0762-4617-b27e-76bd9780eeb2,C:\Users\Gaurav Rathod\Downloads\automation-proposal\raw_data\dataset-downloads\dataset_b-20260908T164438Z-1-001\dataset_b\ses_20260701-191537-LAPTOP-76QMG9DE\chunk_20260701-1900-LAPTOP-76QMG9DE\events.jsonl,83,20260701-1900-LAPTOP-76QMG9DE,scr_smart_1782933382257_monitor_1_post.jpg | screenshots/scr_smart_1782933382257_monitor_1_post.jpg,True
ses_20260701-191537-LAPTOP-76QMG9DE,1,2026-07-01T19:16:01.798Z,2026-07-01T19:16:33.798Z,2026-07-01T19:16:24.310000+00:00,evt_09c5b9fe-eead-4456-806a-2f005c048958,C:\Users\Gaurav Rathod\Downloads\automation-proposal\raw_data\dataset-downloads\dataset_b-20260908T164438Z-1-001\dataset_b\ses_20260701-191537-LAPTOP-76QMG9DE\chunk_20260701-1900-LAPTOP-76QMG9DE\events.jsonl,86,20260701-1900-LAPTOP-76QMG9DE,scr_smart_1782933384310_monitor_1_post.jpg | screenshots/scr_smart_1782933384310_monitor_1_post.jpg,True
ses_20260701-191537-LAPTOP-76QMG9DE,1,2026-07-01T19:16:01.798Z,2026-07-01T19:16:33.798Z,2026-07-01T19:16:25.868000+00:00,evt_4e759c95-8ec3-420e-a6a7-5f7ee8b87c49,C:\Users\Gaurav Rathod\Downloads\automation-proposal\raw_data\dataset-downloads\dataset_b-20260908T164438Z-1-001\dataset_b\ses_20260701-191537-LAPTOP-76QMG9DE\chunk_20260701-1900-LAPTOP-76QMG9DE\events.jsonl,89,20260701-1900-LAPTOP-76QMG9DE,scr_smart_1782933385868_monitor_1_post.jpg | screenshots/scr_smart_1782933385868_monitor_1_post.jpg,True
ses_20260701-191537-LAPTOP-76QMG9DE,1,2026-07-01T19:16:01.798Z,2026-07-01T19:16:33.798Z,2026-07-01T19:16:26.507000+00:00,evt_5e7a0446-da6b-40a0-8e48-b6908eb14280,C:\Users\Gaurav Rathod\Downloads\automation-proposal\raw_data\dataset-downloads\dataset_b-20260908T164438Z-1-001\dataset_b\ses_20260701-191537-LAPTOP-76QMG9DE\chunk_20260701-1900-LAPTOP-76QMG9DE\events.jsonl,97,20260701-1900-LAPTOP-76QMG9DE,scr_smart_1782933386507_monitor_1_post.jpg | screenshots/scr_smart_1782933386507_monitor_1_post.jpg,True
ses_20260701-191537-LAPTOP-76QMG9DE,1,2026-07-01T19:16:01.798Z,2026-07-01T19:16:33.798Z,2026-07-01T19:16:29.784000+00:00,evt_acb0d3fd-6785-4422-9b74-281d82aacac7,C:\Users\Gaurav Rathod\Downloads\automation-proposal\raw_data\dataset-downloads\dataset_b-20260908T164438Z-1-001\dataset_b\ses_20260701-191537-LAPTOP-76QMG9DE\chunk_20260701-1900-LAPTOP-76QMG9DE\events.jsonl,100,20260701-1900-LAPTOP-76QMG9DE,scr_smart_1782933389784_monitor_1_post.jpg | screenshots/scr_smart_1782933389784_monitor_1_post.jpg,True
ses_20260701-191537-LAPTOP-76QMG9DE,1,2026-07-01T19:16:01.798Z,2026-07-01T19:16:33.798Z,2026-07-01T19:16:31.227000+00:00,evt_545a6319-5d93-4b39-9c57-248728a83a5a,C:\Users\Gaurav Rathod\Downloads\automation-proposal\raw_data\dataset-downloads\dataset_b-20260908T164438Z-1-001\dataset_b\ses_20260701-191537-LAPTOP-76QMG9DE\chunk_20260701-1900-LAPTOP-76QMG9DE\events.jsonl,103,20260701-1900-LAPTOP-76QMG9DE,scr_smart_1782933391227_monitor_1_post.jpg | screenshots/scr_smart_1782933391227_monitor_1_post.jpg,True
ses_20260701-191537-LAPTOP-76QMG9DE,1,2026-07-01T19:16:01.798Z,2026-07-01T19:16:33.798Z,2026-07-01T19:16:32.170000+00:00,evt_d25cec81-60ba-4358-a382-2e684bae449d,C:\Users\Gaurav Rathod\Downloads\automation-proposal\raw_data\dataset-downloads\dataset_b-20260908T164438Z-1-001\dataset_b\ses_20260701-191537-LAPTOP-76QMG9DE\chunk_20260701-1900-LAPTOP-76QMG9DE\events.jsonl,110,20260701-1900-LAPTOP-76QMG9DE,scr_smart_1782933392170_monitor_1_post.jpg | screenshots/scr_smart_1782933392170_monitor_1_post.jpg,True
ses_20260701-191537-LAPTOP-76QMG9DE,2,2026-07-01T19:16:33.798Z,2026-07-01T19:16:43.798Z,2026-07-01T19:16:34.426000+00:00,evt_0c09ace1-0ad7-463e-afe9-dda1acd035ce,C:\Users\Gaurav Rathod\Downloads\automation-proposal\raw_data\dataset-downloads\dataset_b-20260908T164438Z-1-001\dataset_b\ses_20260701-191537-LAPTOP-76QMG9DE\chunk_20260701-1900-LAPTOP-76QMG9DE\events.jsonl,113,20260701-1900-LAPTOP-76QMG9DE,scr_smart_1782933394426_monitor_1_post.jpg | screenshots/scr_smart_1782933394426_monitor_1_post.jpg,True
ses_20260701-191537-LAPTOP-76QMG9DE,2,2026-07-01T19:16:33.798Z,2026-07-01T19:16:43.798Z,2026-07-01T19:16:36.189000+00:00,evt_8d5e71a0-a0a6-45ba-9dac-86448b2d38eb,C:\Users\Gaurav Rathod\Downloads\automation-proposal\raw_data\dataset-downloads\dataset_b-20260908T164438Z-1-001\dataset_b\ses_20260701-191537-LAPTOP-76QMG9DE\chunk_20260701-1900-LAPTOP-76QMG9DE\events.jsonl,116,20260701-1900-LAPTOP-76QMG9DE,scr_smart_1782933396189_monitor_1_post.jpg | screenshots/scr_smart_1782933396189_monitor_1_post.jpg,True
ses_20260701-191537-LAPTOP-76QMG9DE,2,2026-07-01T19:16:33.798Z,2026-07-01T19:16:43.798Z,2026-07-01T19:16:36.825000+00:00,evt_3dc85411-858c-489e-b057-022f016f7936,C:\Users\Gaurav Rathod\Downloads\automation-proposal\raw_data\dataset-downloads\dataset_b-20260908T164438Z-1-001\dataset_b\ses_20260701-191537-LAPTOP-76QMG9DE\chunk_20260701-1900-LAPTOP-76QMG9DE\events.jsonl,125,20260701-1900-LAPTOP-76QMG9DE,scr_smart_1782933396825_monitor_1_post.jpg | screenshots/scr_smart_1782933396825_monitor_1_post.jpg,True
ses_20260701-191537-LAPTOP-76QMG9DE,2,2026-07-01T19:16:33.798Z,2026-07-01T19:16:43.798Z,2026-07-01T19:16:39.996000+00:00,evt_94259432-2e1d-4b32-b54f-a7cdd4264d0b,C:\Users\Gaurav Rathod\Downloads\automation-proposal\raw_data\dataset-downloads\dataset_b-20260908T164438Z-1-001\dataset_b\ses_20260701-191537-LAPTOP-76QMG9DE\chunk_20260701-1900-LAPTOP-76QMG9DE\events.jsonl,127,20260701-1900-LAPTOP-76QMG9DE,scr_smart_1782933399996_monitor_1_post.jpg | screenshots/scr_smart_1782933399996_monitor_1_post.jpg,True
ses_20260701-191537-LAPTOP-76QMG9DE,2,2026-07-01T19:16:33.798Z,2026-07-01T19:16:43.798Z,2026-07-01T19:16:40.662000+00:00,evt_5ef2c987-d7e8-4863-a94a-cdb0b26bdcb8,C:\Users\Gaurav Rathod\Downloads\automation-proposal\raw_data\dataset-downloads\dataset_b-20260908T164438Z-1-001\dataset_b\ses_20260701-191537-LAPTOP-76QMG9DE\chunk_20260701-1900-LAPTOP-76QMG9DE\events.jsonl,129,20260701-1900-LAPTOP-76QMG9DE,scr_smart_1782933400662_monitor_1_post.jpg | screenshots/scr_smart_1782933400662_monitor_1_post.jpg,True
ses_20260701-191537-LAPTOP-76QMG9DE,2,2026-07-01T19:16:33.798Z,2026-07-01T19:16:43.798Z,2026-07-01T19:16:42.012000+00:00,evt_d227fcc3-9519-4477-b8e2-b277b29208f4,C:\Users\Gaurav Rathod\Downloads\automation-proposal\raw_data\dataset-downloads\dataset_b-20260908T164438Z-1-001\dataset_b\ses_20260701-191537-LAPTOP-76QMG9DE\chunk_20260701-1900-LAPTOP-76QMG9DE\events.jsonl,132,20260701-1900-LAPTOP-76QMG9DE,scr_smart_1782933402012_monitor_1_post.jpg | screenshots/scr_smart_1782933402012_monitor_1_post.jpg,True
ses_20260701-191537-LAPTOP-76QMG9DE,2,2026-07-01T19:16:33.798Z,2026-07-01T19:16:43.798Z,2026-07-01T19:16:43.046000+00:00,evt_c3a627cb-638a-4560-8148-3c60cdd89c65,C:\Users\Gaurav Rathod\Downloads\automation-proposal\raw_data\dataset-downloads\dataset_b-20260908T164438Z-1-001\dataset_b\ses_20260701-191537-LAPTOP-76QMG9DE\chunk_20260701-1900-LAPTOP-76QMG9DE\events.jsonl,139,20260701-1900-LAPTOP-76QMG9DE,scr_smart_1782933403046_monitor_1_post.jpg | screenshots/scr_smart_1782933403046_monitor_1_post.jpg,True
ses_20260701-191537-LAPTOP-76QMG9DE,3,2026-07-01T19:16:43.798Z,2026-07-01T19:16:53.798Z,2026-07-01T19:16:45.190000+00:00,evt_5ab17b48-f593-4318-995f-cd06f9f67458,C:\Users\Gaurav Rathod\Downloads\automation-proposal\raw_data\dataset-downloads\dataset_b-20260908T164438Z-1-001\dataset_b\ses_20260701-191537-LAPTOP-76QMG9DE\chunk_20260701-1900-LAPTOP-76QMG9DE\events.jsonl,142,20260701-1900-LAPTOP-76QMG9DE,scr_smart_1782933405190_monitor_1_post.jpg | screenshots/scr_smart_1782933405190_monitor_1_post.jpg,True
ses_20260701-191537-LAPTOP-76QMG9DE,3,2026-07-01T19:16:43.798Z,2026-07-01T19:16:53.798Z,2026-07-01T19:16:46.738000+00:00,evt_f5fd1912-252e-4c11-aae9-2539a1c54535,C:\Users\Gaurav Rathod\Downloads\automation-proposal\raw_data\dataset-downloads\dataset_b-20260908T164438Z-1-001\dataset_b\ses_20260701-191537-LAPTOP-76QMG9DE\chunk_20260701-1900-LAPTOP-76QMG9DE\events.jsonl,145,20260701-1900-LAPTOP-76QMG9DE,scr_smart_1782933406738_monitor_1_post.jpg | screenshots/scr_smart_1782933406738_monitor_1_post.jpg,True
ses_20260701-191537-LAPTOP-76QMG9DE,3,2026-07-01T19:16:43.798Z,2026-07-01T19:16:53.798Z,2026-07-01T19:16:47.365000+00:00,evt_d36caed5-59e6-49b0-a0cc-637bf913a636,C:\Users\Gaurav Rathod\Downloads\automation-proposal\raw_data\dataset-downloads\dataset_b-20260908T164438Z-1-001\dataset_b\ses_20260701-191537-LAPTOP-76QMG9DE\chunk_20260701-1900-LAPTOP-76QMG9DE\events.jsonl,153,20260701-1900-LAPTOP-76QMG9DE,scr_smart_1782933407365_monitor_1_post.jpg | screenshots/scr_smart_1782933407365_monitor_1_post.jpg,True
ses_20260701-191537-LAPTOP-76QMG9DE,3,2026-07-01T19:16:43.798Z,2026-07-01T19:16:53.798Z,2026-07-01T19:16:50.834000+00:00,evt_17ac926a-4f46-4b6f-a828-8ac7f1d2529b,C:\Users\Gaurav Rathod\Downloads\automation-proposal\raw_data\dataset-downloads\dataset_b-20260908T164438Z-1-001\dataset_b\ses_20260701-191537-LAPTOP-76QMG9DE\chunk_20260701-1900-LAPTOP-76QMG9DE\events.jsonl,155,20260701-1900-LAPTOP-76QMG9DE,scr_smart_1782933410834_monitor_1_post.jpg | screenshots/scr_smart_1782933410834_monitor_1_post.jpg,True
ses_20260701-191537-LAPTOP-76QMG9DE,3,2026-07-01T19:16:43.798Z,2026-07-01T19:16:53.798Z,2026-07-01T19:16:52.384000+00:00,evt_782b5443-c59d-4f8b-8db8-38153ac486ce,C:\Users\Gaurav Rathod\Downloads\automation-proposal\raw_data\dataset-downloads\dataset_b-20260908T164438Z-1-001\dataset_b\ses_20260701-191537-LAPTOP-76QMG9DE\chunk_20260701-1900-LAPTOP-76QMG9DE\events.jsonl,160,20260701-1900-LAPTOP-76QMG9DE,scr_smart_1782933412384_monitor_1_post.jpg | screenshots/scr_smart_1782933412384_monitor_1_post.jpg,True
ses_20260701-191537-LAPTOP-76QMG9DE,3,2026-07-01T19:16:43.798Z,2026-07-01T19:16:53.798Z,2026-07-01T19:16:53.009000+00:00,evt_fffd9757-834d-492b-a501-ac47cfec0e1f,C:\Users\Gaurav Rathod\Downloads\automation-proposal\raw_data\dataset-downloads\dataset_b-20260908T164438Z-1-001\dataset_b\ses_20260701-191537-LAPTOP-76QMG9DE\chunk_20260701-1900-LAPTOP-76QMG9DE\events.jsonl,162,20260701-1900-LAPTOP-76QMG9DE,scr_smart_1782933413009_monitor_1_post.jpg | screenshots/scr_smart_1782933413009_monitor_1_post.jpg,True
ses_20260701-191537-LAPTOP-76QMG9DE,3,2026-07-01T19:16:43.798Z,2026-07-01T19:16:53.798Z,2026-07-01T19:16:53.553000+00:00,evt_039de0fe-3fb7-4c65-95e7-d3a591c300a7,C:\Users\Gaurav Rathod\Downloads\automation-proposal\raw_data\dataset-downloads\dataset_b-20260908T164438Z-1-001\dataset_b\ses_20260701-191537-LAPTOP-76QMG9DE\chunk_20260701-1900-LAPTOP-76QMG9DE\events.jsonl,168,20260701-1900-LAPTOP-76QMG9DE,scr_smart_1782933413553_monitor_1_post.jpg | screenshots/scr_smart_1782933413553_monitor_1_post.jpg,True
ses_20260701-191537-LAPTOP-76QMG9DE,4,2026-07-01T19:16:53.798Z,2026-07-01T19:18:05.798Z,2026-07-01T19:16:55.717000+00:00,evt_0a8fb384-cbba-4134-82c6-303e03cac14b,C:\Users\Gaurav Rathod\Downloads\automation-proposal\raw_data\dataset-downloads\dataset_b-20260908T164438Z-1-001\dataset_b\ses_20260701-191537-LAPTOP-76QMG9DE\chunk_20260701-1900-LAPTOP-76QMG9DE\events.jsonl,171,20260701-1900-LAPTOP-76QMG9DE,scr_smart_1782933415717_monitor_1_post.jpg | screenshots/scr_smart_1782933415717_monitor_1_post.jpg,True
ses_20260701-191537-LAPTOP-76QMG9DE,4,2026-07-01T19:16:53.798Z,2026-07-01T19:18:05.798Z,2026-07-01T19:16:57.688000+00:00,evt_e2f9be60-32c4-468f-9b0c-9d8a217fce8c,C:\Users\Gaurav Rathod\Downloads\automation-proposal\raw_data\dataset-downloads\dataset_b-20260908T164438Z-1-001\dataset_b\ses_20260701-191537-LAPTOP-76QMG9DE\chunk_20260701-1900-LAPTOP-76QMG9DE\events.jsonl,174,20260701-1900-LAPTOP-76QMG9DE,scr_smart_1782933417688_monitor_1_post.jpg | screenshots/scr_smart_1782933417688_monitor_1_post.jpg,True
ses_20260701-191537-LAPTOP-76QMG9DE,4,2026-07-01T19:16:53.798Z,2026-07-01T19:18:05.798Z,2026-07-01T19:16:58.318000+00:00,evt_555c1afe-72fb-4119-84ba-91b5835f9f64,C:\Users\Gaurav Rathod\Downloads\automation-proposal\raw_data\dataset-downloads\dataset_b-20260908T164438Z-1-001\dataset_b\ses_20260701-191537-LAPTOP-76QMG9DE\chunk_20260701-1900-LAPTOP-76QMG9DE\events.jsonl,182,20260701-1900-LAPTOP-76QMG9DE,scr_smart_1782933418318_monitor_1_post.jpg | screenshots/scr_smart_1782933418318_monitor_1_post.jpg,True
ses_20260701-191537-LAPTOP-76QMG9DE,4,2026-07-01T19:16:53.798Z,2026-07-01T19:18:05.798Z,2026-07-01T19:17:02.512000+00:00,evt_5966859f-5701-4708-9038-3dbebfcabaf3,C:\Users\Gaurav Rathod\Downloads\automation-proposal\raw_data\dataset-downloads\dataset_b-20260908T164438Z-1-001\dataset_b\ses_20260701-191537-LAPTOP-76QMG9DE\chunk_20260701-1900-LAPTOP-76QMG9DE\events.jsonl,184,20260701-1900-LAPTOP-76QMG9DE,scr_smart_1782933422512_monitor_1_post.jpg | screenshots/scr_smart_1782933422512_monitor_1_post.jpg,True
ses_20260701-191537-LAPTOP-76QMG9DE,4,2026-07-01T19:16:53.798Z,2026-07-01T19:18:05.798Z,2026-07-01T19:17:23.304000+00:00,evt_436ec033-8811-4f72-8c8f-12829290b8c2,C:\Users\Gaurav Rathod\Downloads\automation-proposal\raw_data\dataset-downloads\dataset_b-20260908T164438Z-1-001\dataset_b\ses_20260701-191537-LAPTOP-76QMG9DE\chunk_20260701-1900-LAPTOP-76QMG9DE\events.jsonl,187,20260701-1900-LAPTOP-76QMG9DE,scr_smart_1782933443304_monitor_1_post.jpg | screenshots/scr_smart_1782933443304_monitor_1_post.jpg,True
ses_20260701-191537-LAPTOP-76QMG9DE,4,2026-07-01T19:16:53.798Z,2026-07-01T19:18:05.798Z,2026-07-01T19:17:33.252000+00:00,evt_86f4a594-7975-4263-8363-0461a1ba5d6d,C:\Users\Gaurav Rathod\Downloads\automation-proposal\raw_data\dataset-downloads\dataset_b-20260908T164438Z-1-001\dataset_b\ses_20260701-191537-LAPTOP-76QMG9DE\chunk_20260701-1900-LAPTOP-76QMG9DE\events.jsonl,189,20260701-1900-LAPTOP-76QMG9DE,scr_smart_1782933453252_monitor_1_post.jpg | screenshots/scr_smart_1782933453252_monitor_1_post.jpg,True
ses_20260701-191537-LAPTOP-76QMG9DE,4,2026-07-01T19:16:53.798Z,2026-07-01T19:18:05.798Z,2026-07-01T19:17:33.900000+00:00,evt_04d4ee6d-09ff-4d8e-858d-9453d9a327df,C:\Users\Gaurav Rathod\Downloads\automation-proposal\raw_data\dataset-downloads\dataset_b-20260908T164438Z-1-001\dataset_b\ses_20260701-191537-LAPTOP-76QMG9DE\chunk_20260701-1900-LAPTOP-76QMG9DE\events.jsonl,192,20260701-1900-LAPTOP-76QMG9DE,scr_smart_1782933453900_monitor_1_post.jpg | screenshots/scr_smart_1782933453900_monitor_1_post.jpg,True
ses_20260701-191537-LAPTOP-76QMG9DE,4,2026-07-01T19:16:53.798Z,2026-07-01T19:18:05.798Z,2026-07-01T19:17:35.131000+00:00,evt_0068f299-42de-4bc9-af0b-5dfd0e68a8fb,C:\Users\Gaurav Rathod\Downloads\automation-proposal\raw_data\dataset-downloads\dataset_b-20260908T164438Z-1-001\dataset_b\ses_20260701-191537-LAPTOP-76QMG9DE\chunk_20260701-1900-LAPTOP-76QMG9DE\events.jsonl,195,20260701-1900-LAPTOP-76QMG9DE,scr_smart_1782933455131_monitor_1_post.jpg | screenshots/scr_smart_1782933455131_monitor_1_post.jpg,True
ses_20260701-191537-LAPTOP-76QMG9DE,4,2026-07-01T19:16:53.798Z,2026-07-01T19:18:05.798Z,2026-07-01T19:17:36.067000+00:00,evt_363afdbc-f27d-4566-bf59-74bd1d2a1bc9,C:\Users\Gaurav Rathod\Downloads\automation-proposal\raw_data\dataset-downloads\dataset_b-20260908T164438Z-1-001\dataset_b\ses_20260701-191537-LAPTOP-76QMG9DE\chunk_20260701-1900-LAPTOP-76QMG9DE\events.jsonl,202,20260701-1900-LAPTOP-76QMG9DE,scr_smart_1782933456067_monitor_1_post.jpg | screenshots/scr_smart_1782933456067_monitor_1_post.jpg,True
ses_20260701-191537-LAPTOP-76QMG9DE,4,2026-07-01T19:16:53.798Z,2026-07-01T19:18:05.798Z,2026-07-01T19:17:38.203000+00:00,evt_8418c409-f815-4ff4-b9fd-67e5c45b658e,C:\Users\Gaurav Rathod\Downloads\automation-proposal\raw_data\dataset-downloads\dataset_b-20260908T164438Z-1-001\dataset_b\ses_20260701-191537-LAPTOP-76QMG9DE\chunk_20260701-1900-LAPTOP-76QMG9DE\events.jsonl,205,20260701-1900-LAPTOP-76QMG9DE,scr_smart_1782933458203_monitor_1_post.jpg | screenshots/scr_smart_1782933458203_monitor_1_post.jpg,True
ses_20260701-191537-LAPTOP-76QMG9DE,4,2026-07-01T19:16:53.798Z,2026-07-01T19:18:05.798Z,2026-07-01T19:17:41.991000+00:00,evt_9b9701d4-7f6e-4439-8f57-7fba244092be,C:\Users\Gaurav Rathod\Downloads\automation-proposal\raw_data\dataset-downloads\dataset_b-20260908T164438Z-1-001\dataset_b\ses_20260701-191537-LAPTOP-76QMG9DE\chunk_20260701-1900-LAPTOP-76QMG9DE\events.jsonl,208,20260701-1900-LAPTOP-76QMG9DE,scr_smart_1782933461991_monitor_1_post.jpg | screenshots/scr_smart_1782933461991_monitor_1_post.jpg,True
ses_20260701-191537-LAPTOP-76QMG9DE,4,2026-07-01T19:16:53.798Z,2026-07-01T19:18:05.798Z,2026-07-01T19:17:43.446000+00:00,evt_25093480-80c4-48dd-8d4b-fbb58f1b3e1e,C:\Users\Gaurav Rathod\Downloads\automation-proposal\raw_data\dataset-downloads\dataset_b-20260908T164438Z-1-001\dataset_b\ses_20260701-191537-LAPTOP-76QMG9DE\chunk_20260701-1900-LAPTOP-76QMG9DE\events.jsonl,213,20260701-1900-LAPTOP-76QMG9DE,scr_smart_1782933463446_monitor_1_post.jpg | screenshots/scr_smart_1782933463446_monitor_1_post.jpg,True
ses_20260701-191537-LAPTOP-76QMG9DE,4,2026-07-01T19:16:53.798Z,2026-07-01T19:18:05.798Z,2026-07-01T19:17:44.487000+00:00,evt_26d07686-d5c0-4fdc-8515-4bf686d9936c,C:\Users\Gaurav Rathod\Downloads\automation-proposal\raw_data\dataset-downloads\dataset_b-20260908T164438Z-1-001\dataset_b\ses_20260701-191537-LAPTOP-76QMG9DE\chunk_20260701-1900-LAPTOP-76QMG9DE\events.jsonl,220,20260701-1900-LAPTOP-76QMG9DE,scr_smart_1782933464487_monitor_1_post.jpg | screenshots/scr_smart_1782933464487_monitor_1_post.jpg,True
ses_20260701-191537-LAPTOP-76QMG9DE,4,2026-07-01T19:16:53.798Z,2026-07-01T19:18:05.798Z,2026-07-01T19:17:46.741000+00:00,evt_d047076c-f030-4041-803b-78c17af1a205,C:\Users\Gaurav Rathod\Downloads\automation-proposal\raw_data\dataset-downloads\dataset_b-20260908T164438Z-1-001\dataset_b\ses_20260701-191537-LAPTOP-76QMG9DE\chunk_20260701-1900-LAPTOP-76QMG9DE\events.jsonl,223,20260701-1900-LAPTOP-76QMG9DE,scr_smart_1782933466741_monitor_1_post.jpg | screenshots/scr_smart_1782933466741_monitor_1_post.jpg,True
ses_20260701-191537-LAPTOP-76QMG9DE,4,2026-07-01T19:16:53.798Z,2026-07-01T19:18:05.798Z,2026-07-01T19:17:50.202000+00:00,evt_b0f3d7b1-a809-46c5-a02c-fc2b51d1f398,C:\Users\Gaurav Rathod\Downloads\automation-proposal\raw_data\dataset-downloads\dataset_b-20260908T164438Z-1-001\dataset_b\ses_20260701-191537-LAPTOP-76QMG9DE\chunk_20260701-1900-LAPTOP-76QMG9DE\events.jsonl,226,20260701-1900-LAPTOP-76QMG9DE,scr_smart_1782933470202_monitor_1_post.jpg | screenshots/scr_smart_1782933470202_monitor_1_post.jpg,True
ses_20260701-191537-LAPTOP-76QMG9DE,4,2026-07-01T19:16:53.798Z,2026-07-01T19:18:05.798Z,2026-07-01T19:17:51.444000+00:00,evt_80476096-627e-43ba-9e45-e8fce0ef096d,C:\Users\Gaurav Rathod\Downloads\automation-proposal\raw_data\dataset-downloads\dataset_b-20260908T164438Z-1-001\dataset_b\ses_20260701-191537-LAPTOP-76QMG9DE\chunk_20260701-1900-LAPTOP-76QMG9DE\events.jsonl,231,20260701-1900-LAPTOP-76QMG9DE,scr_smart_1782933471444_monitor_1_post.jpg | screenshots/scr_smart_1782933471444_monitor_1_post.jpg,True
ses_20260701-191537-LAPTOP-76QMG9DE,4,2026-07-01T19:16:53.798Z,2026-07-01T19:18:05.798Z,2026-07-01T19:17:52.479000+00:00,evt_46cfcd2b-b617-49ed-9194-1664c72256d2,C:\Users\Gaurav Rathod\Downloads\automation-proposal\raw_data\dataset-downloads\dataset_b-20260908T164438Z-1-001\dataset_b\ses_20260701-191537-LAPTOP-76QMG9DE\chunk_20260701-1900-LAPTOP-76QMG9DE\events.jsonl,238,20260701-1900-LAPTOP-76QMG9DE,scr_smart_1782933472479_monitor_1_post.jpg | screenshots/scr_smart_1782933472479_monitor_1_post.jpg,True
ses_20260701-191537-LAPTOP-76QMG9DE,4,2026-07-01T19:16:53.798Z,2026-07-01T19:18:05.798Z,2026-07-01T19:17:54.834000+00:00,evt_6825de89-3cbf-470f-93fd-9fe868d6172c,C:\Users\Gaurav Rathod\Downloads\automation-proposal\raw_data\dataset-downloads\dataset_b-20260908T164438Z-1-001\dataset_b\ses_20260701-191537-LAPTOP-76QMG9DE\chunk_20260701-1900-LAPTOP-76QMG9DE\events.jsonl,241,20260701-1900-LAPTOP-76QMG9DE,scr_smart_1782933474834_monitor_1_post.jpg | screenshots/scr_smart_1782933474834_monitor_1_post.jpg,True
ses_20260701-191537-LAPTOP-76QMG9DE,4,2026-07-01T19:16:53.798Z,2026-07-01T19:18:05.798Z,2026-07-01T19:17:58.603000+00:00,evt_6843e0e6-205e-44dc-9987-997f5d1d6514,C:\Users\Gaurav Rathod\Downloads\automation-proposal\raw_data\dataset-downloads\dataset_b-20260908T164438Z-1-001\dataset_b\ses_20260701-191537-LAPTOP-76QMG9DE\chunk_20260701-1900-LAPTOP-76QMG9DE\events.jsonl,244,20260701-1900-LAPTOP-76QMG9DE,scr_smart_1782933478603_monitor_1_post.jpg | screenshots/scr_smart_1782933478603_monitor_1_post.jpg,True
ses_20260701-191537-LAPTOP-76QMG9DE,4,2026-07-01T19:16:53.798Z,2026-07-01T19:18:05.798Z,2026-07-01T19:18:00.053000+00:00,evt_afc5e9de-88aa-41ef-b7af-8fe2f943fb03,C:\Users\Gaurav Rathod\Downloads\automation-proposal\raw_data\dataset-downloads\dataset_b-20260908T164438Z-1-001\dataset_b\ses_20260701-191537-LAPTOP-76QMG9DE\chunk_20260701-1900-LAPTOP-76QMG9DE\events.jsonl,249,20260701-1900-LAPTOP-76QMG9DE,scr_smart_1782933480053_monitor_1_post.jpg | screenshots/scr_smart_1782933480053_monitor_1_post.jpg,True
ses_20260701-191537-LAPTOP-76QMG9DE,4,2026-07-01T19:16:53.798Z,2026-07-01T19:18:05.798Z,2026-07-01T19:18:01.095000+00:00,evt_c472f3ed-3f1d-421d-8185-ec8a5d2df1a7,C:\Users\Gaurav Rathod\Downloads\automation-proposal\raw_data\dataset-downloads\dataset_b-20260908T164438Z-1-001\dataset_b\ses_20260701-191537-LAPTOP-76QMG9DE\chunk_20260701-1900-LAPTOP-76QMG9DE\events.jsonl,256,20260701-1900-LAPTOP-76QMG9DE,scr_smart_1782933481095_monitor_1_post.jpg | screenshots/scr_smart_1782933481095_monitor_1_post.jpg,True
ses_20260701-191537-LAPTOP-76QMG9DE,4,2026-07-01T19:16:53.798Z,2026-07-01T19:18:05.798Z,2026-07-01T19:18:03.447000+00:00,evt_59864535-5ae8-4c0d-8086-672635675c17,C:\Users\Gaurav Rathod\Downloads\automation-proposal\raw_data\dataset-downloads\dataset_b-20260908T164438Z-1-001\dataset_b\ses_20260701-191537-LAPTOP-76QMG9DE\chunk_20260701-1900-LAPTOP-76QMG9DE\events.jsonl,259,20260701-1900-LAPTOP-76QMG9DE,scr_smart_1782933483447_monitor_1_post.jpg | screenshots/scr_smart_1782933483447_monitor_1_post.jpg,True
ses_20260701-191537-LAPTOP-76QMG9DE,5,2026-07-01T19:18:59.798Z,2026-07-01T19:19:23.798Z,2026-07-01T19:19:00.009000+00:00,evt_ab8ff455-7c0b-43aa-9bac-3c77999c3c54,C:\Users\Gaurav Rathod\Downloads\automation-proposal\raw_data\dataset-downloads\dataset_b-20260908T164438Z-1-001\dataset_b\ses_20260701-191537-LAPTOP-76QMG9DE\chunk_20260701-1900-LAPTOP-76QMG9DE\events.jsonl,368,20260701-1900-LAPTOP-76QMG9DE,scr_smart_1782933540009_monitor_1_post.jpg | screenshots/scr_smart_1782933540009_monitor_1_post.jpg,True
ses_20260701-191537-LAPTOP-76QMG9DE,5,2026-07-01T19:18:59.798Z,2026-07-01T19:19:23.798Z,2026-07-01T19:19:02.884000+00:00,evt_3255084d-a05c-463e-81b0-05bb6780fec7,C:\Users\Gaurav Rathod\Downloads\automation-proposal\raw_data\dataset-downloads\dataset_b-20260908T164438Z-1-001\dataset_b\ses_20260701-191537-LAPTOP-76QMG9DE\chunk_20260701-1900-LAPTOP-76QMG9DE\events.jsonl,372,20260701-1900-LAPTOP-76QMG9DE,scr_smart_1782933542884_monitor_1_post.jpg | screenshots/scr_smart_1782933542884_monitor_1_post.jpg,True
ses_20260701-191537-LAPTOP-76QMG9DE,5,2026-07-01T19:18:59.798Z,2026-07-01T19:19:23.798Z,2026-07-01T19:19:03.647000+00:00,evt_b2af41b2-f6a1-4f4e-97bf-b3cd04fe2dba,C:\Users\Gaurav Rathod\Downloads\automation-proposal\raw_data\dataset-downloads\dataset_b-20260908T164438Z-1-001\dataset_b\ses_20260701-191537-LAPTOP-76QMG9DE\chunk_20260701-1900-LAPTOP-76QMG9DE\events.jsonl,375,20260701-1900-LAPTOP-76QMG9DE,scr_smart_1782933543647_monitor_1_post.jpg | screenshots/scr_smart_1782933543647_monitor_1_post.jpg,True
ses_20260701-191537-LAPTOP-76QMG9DE,5,2026-07-01T19:18:59.798Z,2026-07-01T19:19:23.798Z,2026-07-01T19:19:05.504000+00:00,evt_a6a0c344-123c-4efd-b323-82ea60887e43,C:\Users\Gaurav Rathod\Downloads\automation-proposal\raw_data\dataset-downloads\dataset_b-20260908T164438Z-1-001\dataset_b\ses_20260701-191537-LAPTOP-76QMG9DE\chunk_20260701-1900-LAPTOP-76QMG9DE\events.jsonl,377,20260701-1900-LAPTOP-76QMG9DE,scr_smart_1782933545504_monitor_1_post.jpg | screenshots/scr_smart_1782933545504_monitor_1_post.jpg,True
ses_20260701-191537-LAPTOP-76QMG9DE,5,2026-07-01T19:18:59.798Z,2026-07-01T19:19:23.798Z,2026-07-01T19:19:08.284000+00:00,evt_70d76102-a490-4a50-979b-07928f8a6ab2,C:\Users\Gaurav Rathod\Downloads\automation-proposal\raw_data\dataset-downloads\dataset_b-20260908T164438Z-1-001\dataset_b\ses_20260701-191537-LAPTOP-76QMG9DE\chunk_20260701-1900-LAPTOP-76QMG9DE\events.jsonl,381,20260701-1900-LAPTOP-76QMG9DE,scr_smart_1782933548284_monitor_1_post.jpg | screenshots/scr_smart_1782933548284_monitor_1_post.jpg,True
ses_20260701-191537-LAPTOP-76QMG9DE,5,2026-07-01T19:18:59.798Z,2026-07-01T19:19:23.798Z,2026-07-01T19:19:09.449000+00:00,evt_ebe2ed6e-7a91-4a70-a3ce-7218acbcaeb3,C:\Users\Gaurav Rathod\Downloads\automation-proposal\raw_data\dataset-downloads\dataset_b-20260908T164438Z-1-001\dataset_b\ses_20260701-191537-LAPTOP-76QMG9DE\chunk_20260701-1900-LAPTOP-76QMG9DE\events.jsonl,388,20260701-1900-LAPTOP-76QMG9DE,scr_smart_1782933549449_monitor_1_post.jpg | screenshots/scr_smart_1782933549449_monitor_1_post.jpg,True
ses_20260701-191537-LAPTOP-76QMG9DE,5,2026-07-01T19:18:59.798Z,2026-07-01T19:19:23.798Z,2026-07-01T19:19:10.985000+00:00,evt_10bf990c-445b-4857-bd33-a10b48c891b6,C:\Users\Gaurav Rathod\Downloads\automation-proposal\raw_data\dataset-downloads\dataset_b-20260908T164438Z-1-001\dataset_b\ses_20260701-191537-LAPTOP-76QMG9DE\chunk_20260701-1900-LAPTOP-76QMG9DE\events.jsonl,392,20260701-1900-LAPTOP-76QMG9DE,scr_smart_1782933550985_monitor_1_post.jpg | screenshots/scr_smart_1782933550985_monitor_1_post.jpg,True
ses_20260701-191537-LAPTOP-76QMG9DE,5,2026-07-01T19:18:59.798Z,2026-07-01T19:19:23.798Z,2026-07-01T19:19:12.959000+00:00,evt_12544dfa-40d6-4192-ad9a-b7a13511ee7a,C:\Users\Gaurav Rathod\Downloads\automation-proposal\raw_data\dataset-downloads\dataset_b-20260908T164438Z-1-001\dataset_b\ses_20260701-191537-LAPTOP-76QMG9DE\chunk_20260701-1900-LAPTOP-76QMG9DE\events.jsonl,398,20260701-1900-LAPTOP-76QMG9DE,scr_smart_1782933552959_monitor_1_post.jpg | screenshots/scr_smart_1782933552959_monitor_1_post.jpg,True
ses_20260701-191537-LAPTOP-76QMG9DE,5,2026-07-01T19:18:59.798Z,2026-07-01T19:19:23.798Z,2026-07-01T19:19:13.800000+00:00,evt_cd0911e8-9095-4f2a-8624-9ff69c8b4ce5,C:\Users\Gaurav Rathod\Downloads\automation-proposal\raw_data\dataset-downloads\dataset_b-20260908T164438Z-1-001\dataset_b\ses_20260701-191537-LAPTOP-76QMG9DE\chunk_20260701-1900-LAPTOP-76QMG9DE\events.jsonl,402,20260701-1900-LAPTOP-76QMG9DE,scr_smart_1782933553800_monitor_1_post.jpg | screenshots/scr_smart_1782933553800_monitor_1_post.jpg,True
ses_20260701-191537-LAPTOP-76QMG9DE,5,2026-07-01T19:18:59.798Z,2026-07-01T19:19:23.798Z,2026-07-01T19:19:17.562000+00:00,evt_ae4388fe-2903-44c2-af2d-637e2ceca701,C:\Users\Gaurav Rathod\Downloads\automation-proposal\raw_data\dataset-downloads\dataset_b-20260908T164438Z-1-001\dataset_b\ses_20260701-191537-LAPTOP-76QMG9DE\chunk_20260701-1900-LAPTOP-76QMG9DE\events.jsonl,404,20260701-1900-LAPTOP-76QMG9DE,scr_smart_1782933557562_monitor_1_post.jpg | screenshots/scr_smart_1782933557562_monitor_1_post.jpg,True
ses_20260701-191537-LAPTOP-76QMG9DE,5,2026-07-01T19:18:59.798Z,2026-07-01T19:19:23.798Z,2026-07-01T19:19:18.903000+00:00,evt_1adff24b-1ec9-43f9-b825-ae807f93f608,C:\Users\Gaurav Rathod\Downloads\automation-proposal\raw_data\dataset-downloads\dataset_b-20260908T164438Z-1-001\dataset_b\ses_20260701-191537-LAPTOP-76QMG9DE\chunk_20260701-1900-LAPTOP-76QMG9DE\events.jsonl,406,20260701-1900-LAPTOP-76QMG9DE,scr_smart_1782933558903_monitor_1_post.jpg | screenshots/scr_smart_1782933558903_monitor_1_post.jpg,True
ses_20260701-191537-LAPTOP-76QMG9DE,5,2026-07-01T19:18:59.798Z,2026-07-01T19:19:23.798Z,2026-07-01T19:19:19.454000+00:00,evt_aaab4aed-ac7d-4d13-991b-4bce0cba4778,C:\Users\Gaurav Rathod\Downloads\automation-proposal\raw_data\dataset-downloads\dataset_b-20260908T164438Z-1-001\dataset_b\ses_20260701-191537-LAPTOP-76QMG9DE\chunk_20260701-1900-LAPTOP-76QMG9DE\events.jsonl,408,20260701-1900-LAPTOP-76QMG9DE,scr_smart_1782933559454_monitor_1_post.jpg | screenshots/scr_smart_1782933559454_monitor_1_post.jpg,True
ses_20260701-191537-LAPTOP-76QMG9DE,5,2026-07-01T19:18:59.798Z,2026-07-01T19:19:23.798Z,2026-07-01T19:19:20.613000+00:00,evt_e2a33141-2400-407f-8936-2b8ce3c9eca8,C:\Users\Gaurav Rathod\Downloads\automation-proposal\raw_data\dataset-downloads\dataset_b-20260908T164438Z-1-001\dataset_b\ses_20260701-191537-LAPTOP-76QMG9DE\chunk_20260701-1900-LAPTOP-76QMG9DE\events.jsonl,411,20260701-1900-LAPTOP-76QMG9DE,scr_smart_1782933560613_monitor_1_post.jpg | screenshots/scr_smart_1782933560613_monitor_1_post.jpg,True
ses_20260701-191537-LAPTOP-76QMG9DE,5,2026-07-01T19:18:59.798Z,2026-07-01T19:19:23.798Z,2026-07-01T19:19:21.647000+00:00,evt_6b390463-fff8-4062-9725-266930efd3cd,C:\Users\Gaurav Rathod\Downloads\automation-proposal\raw_data\dataset-downloads\dataset_b-20260908T164438Z-1-001\dataset_b\ses_20260701-191537-LAPTOP-76QMG9DE\chunk_20260701-1900-LAPTOP-76QMG9DE\events.jsonl,418,20260701-1900-LAPTOP-76QMG9DE,scr_smart_1782933561647_monitor_1_post.jpg | screenshots/scr_smart_1782933561647_monitor_1_post.jpg,True
ses_20260701-191537-LAPTOP-76QMG9DE,5,2026-07-01T19:18:59.798Z,2026-07-01T19:19:23.798Z,2026-07-01T19:19:23.698000+00:00,evt_8041fb8b-b240-4d75-8dbe-9b74c20c9cdf,C:\Users\Gaurav Rathod\Downloads\automation-proposal\raw_data\dataset-downloads\dataset_b-20260908T164438Z-1-001\dataset_b\ses_20260701-191537-LAPTOP-76QMG9DE\chunk_20260701-1900-LAPTOP-76QMG9DE\events.jsonl,421,20260701-1900-LAPTOP-76QMG9DE,scr_smart_1782933563698_monitor_1_post.jpg | screenshots/scr_smart_1782933563698_monitor_1_post.jpg,True
ses_20260701-191537-LAPTOP-76QMG9DE,6,2026-07-01T19:19:23.798Z,2026-07-01T19:19:33.798Z,2026-07-01T19:19:25.540000+00:00,evt_d4434c97-533d-447d-939b-99cab27f88c7,C:\Users\Gaurav Rathod\Downloads\automation-proposal\raw_data\dataset-downloads\dataset_b-20260908T164438Z-1-001\dataset_b\ses_20260701-191537-LAPTOP-76QMG9DE\chunk_20260701-1900-LAPTOP-76QMG9DE\events.jsonl,424,20260701-1900-LAPTOP-76QMG9DE,scr_smart_1782933565540_monitor_1_post.jpg | screenshots/scr_smart_1782933565540_monitor_1_post.jpg,True
ses_20260701-191537-LAPTOP-76QMG9DE,6,2026-07-01T19:19:23.798Z,2026-07-01T19:19:33.798Z,2026-07-01T19:19:26.180000+00:00,evt_bdd9fcf3-1848-4c33-b950-74742e4cdc75,C:\Users\Gaurav Rathod\Downloads\automation-proposal\raw_data\dataset-downloads\dataset_b-20260908T164438Z-1-001\dataset_b\ses_20260701-191537-LAPTOP-76QMG9DE\chunk_20260701-1900-LAPTOP-76QMG9DE\events.jsonl,432,20260701-1900-LAPTOP-76QMG9DE,scr_smart_1782933566180_monitor_1_post.jpg | screenshots/scr_smart_1782933566180_monitor_1_post.jpg,True
ses_20260701-191537-LAPTOP-76QMG9DE,6,2026-07-01T19:19:23.798Z,2026-07-01T19:19:33.798Z,2026-07-01T19:19:29.654000+00:00,evt_fd880d90-b867-459b-a7a7-e17c36a0e19e,C:\Users\Gaurav Rathod\Downloads\automation-proposal\raw_data\dataset-downloads\dataset_b-20260908T164438Z-1-001\dataset_b\ses_20260701-191537-LAPTOP-76QMG9DE\chunk_20260701-1900-LAPTOP-76QMG9DE\events.jsonl,435,20260701-1900-LAPTOP-76QMG9DE,scr_smart_1782933569654_monitor_1_post.jpg | screenshots/scr_smart_1782933569654_monitor_1_post.jpg,True
ses_20260701-191537-LAPTOP-76QMG9DE,6,2026-07-01T19:19:23.798Z,2026-07-01T19:19:33.798Z,2026-07-01T19:19:31.100000+00:00,evt_3e308697-cbf8-4531-9c6f-5ab8af5a860f,C:\Users\Gaurav Rathod\Downloads\automation-proposal\raw_data\dataset-downloads\dataset_b-20260908T164438Z-1-001\dataset_b\ses_20260701-191537-LAPTOP-76QMG9DE\chunk_20260701-1900-LAPTOP-76QMG9DE\events.jsonl,438,20260701-1900-LAPTOP-76QMG9DE,scr_smart_1782933571100_monitor_1_post.jpg | screenshots/scr_smart_1782933571100_monitor_1_post.jpg,True
ses_20260701-191537-LAPTOP-76QMG9DE,6,2026-07-01T19:19:23.798Z,2026-07-01T19:19:33.798Z,2026-07-01T19:19:32.149000+00:00,evt_12c27ea3-5bf6-4373-801f-0583ec5ecbfe,C:\Users\Gaurav Rathod\Downloads\automation-proposal\raw_data\dataset-downloads\dataset_b-20260908T164438Z-1-001\dataset_b\ses_20260701-191537-LAPTOP-76QMG9DE\chunk_20260701-1900-LAPTOP-76QMG9DE\events.jsonl,445,20260701-1900-LAPTOP-76QMG9DE,scr_smart_1782933572149_monitor_1_post.jpg | screenshots/scr_smart_1782933572149_monitor_1_post.jpg,True
ses_20260701-191537-LAPTOP-76QMG9DE,7,2026-07-01T19:19:33.798Z,2026-07-01T19:19:51.798Z,2026-07-01T19:19:34.406000+00:00,evt_d2b9ba5c-a2d5-4d82-a784-cbff27b0e59e,C:\Users\Gaurav Rathod\Downloads\automation-proposal\raw_data\dataset-downloads\dataset_b-20260908T164438Z-1-001\dataset_b\ses_20260701-191537-LAPTOP-76QMG9DE\chunk_20260701-1900-LAPTOP-76QMG9DE\events.jsonl,448,20260701-1900-LAPTOP-76QMG9DE,scr_smart_1782933574406_monitor_1_post.jpg | screenshots/scr_smart_1782933574406_monitor_1_post.jpg,True
ses_20260701-191537-LAPTOP-76QMG9DE,7,2026-07-01T19:19:33.798Z,2026-07-01T19:19:51.798Z,2026-07-01T19:19:36.373000+00:00,evt_d4860423-18f1-47fc-82d2-60ef3fcfe91a,C:\Users\Gaurav Rathod\Downloads\automation-proposal\raw_data\dataset-downloads\dataset_b-20260908T164438Z-1-001\dataset_b\ses_20260701-191537-LAPTOP-76QMG9DE\chunk_20260701-1900-LAPTOP-76QMG9DE\events.jsonl,452,20260701-1900-LAPTOP-76QMG9DE,scr_smart_1782933576373_monitor_1_post.jpg | screenshots/scr_smart_1782933576373_monitor_1_post.jpg,True
ses_20260701-191537-LAPTOP-76QMG9DE,7,2026-07-01T19:19:33.798Z,2026-07-01T19:19:51.798Z,2026-07-01T19:19:36.918000+00:00,evt_acd2b7b6-a5b4-448b-8cc4-1031e28a5628,C:\Users\Gaurav Rathod\Downloads\automation-proposal\raw_data\dataset-downloads\dataset_b-20260908T164438Z-1-001\dataset_b\ses_20260701-191537-LAPTOP-76QMG9DE\chunk_20260701-1900-LAPTOP-76QMG9DE\events.jsonl,460,20260701-1900-LAPTOP-76QMG9DE,scr_smart_1782933576918_monitor_1_post.jpg | screenshots/scr_smart_1782933576918_monitor_1_post.jpg,True
ses_20260701-191537-LAPTOP-76QMG9DE,7,2026-07-01T19:19:33.798Z,2026-07-01T19:19:51.798Z,2026-07-01T19:19:39.482000+00:00,evt_bea39779-2f1a-4685-aee0-8a02ec951a56,C:\Users\Gaurav Rathod\Downloads\automation-proposal\raw_data\dataset-downloads\dataset_b-20260908T164438Z-1-001\dataset_b\ses_20260701-191537-LAPTOP-76QMG9DE\chunk_20260701-1900-LAPTOP-76QMG9DE\events.jsonl,462,20260701-1900-LAPTOP-76QMG9DE,scr_smart_1782933579482_monitor_1_post.jpg | screenshots/scr_smart_1782933579482_monitor_1_post.jpg,True
ses_20260701-191537-LAPTOP-76QMG9DE,7,2026-07-01T19:19:33.798Z,2026-07-01T19:19:51.798Z,2026-07-01T19:19:40.013000+00:00,evt_e08ea65d-4101-40e1-88e0-0c4388bca932,C:\Users\Gaurav Rathod\Downloads\automation-proposal\raw_data\dataset-downloads\dataset_b-20260908T164438Z-1-001\dataset_b\ses_20260701-191537-LAPTOP-76QMG9DE\chunk_20260701-1900-LAPTOP-76QMG9DE\events.jsonl,464,20260701-1900-LAPTOP-76QMG9DE,scr_smart_1782933580013_monitor_1_post.jpg | screenshots/scr_smart_1782933580013_monitor_1_post.jpg,True
ses_20260701-191537-LAPTOP-76QMG9DE,7,2026-07-01T19:19:33.798Z,2026-07-01T19:19:51.798Z,2026-07-01T19:19:41.245000+00:00,evt_82880100-d644-4957-a8f1-d2806ee6d430,C:\Users\Gaurav Rathod\Downloads\automation-proposal\raw_data\dataset-downloads\dataset_b-20260908T164438Z-1-001\dataset_b\ses_20260701-191537-LAPTOP-76QMG9DE\chunk_20260701-1900-LAPTOP-76QMG9DE\events.jsonl,467,20260701-1900-LAPTOP-76QMG9DE,scr_smart_1782933581245_monitor_1_post.jpg | screenshots/scr_smart_1782933581245_monitor_1_post.jpg,True
ses_20260701-191537-LAPTOP-76QMG9DE,7,2026-07-01T19:19:33.798Z,2026-07-01T19:19:51.798Z,2026-07-01T19:19:41.782000+00:00,evt_7c633730-35c6-4591-8a2a-965663ed172b,C:\Users\Gaurav Rathod\Downloads\automation-proposal\raw_data\dataset-downloads\dataset_b-20260908T164438Z-1-001\dataset_b\ses_20260701-191537-LAPTOP-76QMG9DE\chunk_20260701-1900-LAPTOP-76QMG9DE\events.jsonl,469,20260701-1900-LAPTOP-76QMG9DE,scr_smart_1782933581782_monitor_1_post.jpg | screenshots/scr_smart_1782933581782_monitor_1_post.jpg,True
ses_20260701-191537-LAPTOP-76QMG9DE,7,2026-07-01T19:19:33.798Z,2026-07-01T19:19:51.798Z,2026-07-01T19:19:42.334000+00:00,evt_e5adaf16-df91-4236-ae6b-a68b945a5db2,C:\Users\Gaurav Rathod\Downloads\automation-proposal\raw_data\dataset-downloads\dataset_b-20260908T164438Z-1-001\dataset_b\ses_20260701-191537-LAPTOP-76QMG9DE\chunk_20260701-1900-LAPTOP-76QMG9DE\events.jsonl,475,20260701-1900-LAPTOP-76QMG9DE,scr_smart_1782933582334_monitor_1_post.jpg | screenshots/scr_smart_1782933582334_monitor_1_post.jpg,True
ses_20260701-191537-LAPTOP-76QMG9DE,7,2026-07-01T19:19:33.798Z,2026-07-01T19:19:51.798Z,2026-07-01T19:19:44.779000+00:00,evt_3a6e67ec-529d-4e80-b081-6b63f1bf29df,C:\Users\Gaurav Rathod\Downloads\automation-proposal\raw_data\dataset-downloads\dataset_b-20260908T164438Z-1-001\dataset_b\ses_20260701-191537-LAPTOP-76QMG9DE\chunk_20260701-1900-LAPTOP-76QMG9DE\events.jsonl,478,20260701-1900-LAPTOP-76QMG9DE,scr_smart_1782933584779_monitor_1_post.jpg | screenshots/scr_smart_1782933584779_monitor_1_post.jpg,True
ses_20260701-191537-LAPTOP-76QMG9DE,7,2026-07-01T19:19:33.798Z,2026-07-01T19:19:51.798Z,2026-07-01T19:19:47.831000+00:00,evt_d9984764-168a-4c38-91f0-282f9d7190e2,C:\Users\Gaurav Rathod\Downloads\automation-proposal\raw_data\dataset-downloads\dataset_b-20260908T164438Z-1-001\dataset_b\ses_20260701-191537-LAPTOP-76QMG9DE\chunk_20260701-1900-LAPTOP-76QMG9DE\events.jsonl,481,20260701-1900-LAPTOP-76QMG9DE,scr_smart_1782933587831_monitor_1_post.jpg | screenshots/scr_smart_1782933587831_monitor_1_post.jpg,True
ses_20260701-191537-LAPTOP-76QMG9DE,7,2026-07-01T19:19:33.798Z,2026-07-01T19:19:51.798Z,2026-07-01T19:19:48.376000+00:00,evt_5a0bba96-3639-4ef7-bd9c-bc565c17e12f,C:\Users\Gaurav Rathod\Downloads\automation-proposal\raw_data\dataset-downloads\dataset_b-20260908T164438Z-1-001\dataset_b\ses_20260701-191537-LAPTOP-76QMG9DE\chunk_20260701-1900-LAPTOP-76QMG9DE\events.jsonl,483,20260701-1900-LAPTOP-76QMG9DE,scr_smart_1782933588376_monitor_1_post.jpg | screenshots/scr_smart_1782933588376_monitor_1_post.jpg,True
ses_20260701-191537-LAPTOP-76QMG9DE,7,2026-07-01T19:19:33.798Z,2026-07-01T19:19:51.798Z,2026-07-01T19:19:49.610000+00:00,evt_590da215-36ba-4492-b663-dbbbb41feb90,C:\Users\Gaurav Rathod\Downloads\automation-proposal\raw_data\dataset-downloads\dataset_b-20260908T164438Z-1-001\dataset_b\ses_20260701-191537-LAPTOP-76QMG9DE\chunk_20260701-1900-LAPTOP-76QMG9DE\events.jsonl,487,20260701-1900-LAPTOP-76QMG9DE,scr_smart_1782933589610_monitor_1_post.jpg | screenshots/scr_smart_1782933589610_monitor_1_post.jpg,True
ses_20260701-191537-LAPTOP-76QMG9DE,7,2026-07-01T19:19:33.798Z,2026-07-01T19:19:51.798Z,2026-07-01T19:19:50.146000+00:00,evt_9ee6a15c-bf55-494c-9011-5eee7edc8be9,C:\Users\Gaurav Rathod\Downloads\automation-proposal\raw_data\dataset-downloads\dataset_b-20260908T164438Z-1-001\dataset_b\ses_20260701-191537-LAPTOP-76QMG9DE\chunk_20260701-1900-LAPTOP-76QMG9DE\events.jsonl,489,20260701-1900-LAPTOP-76QMG9DE,scr_smart_1782933590146_monitor_1_post.jpg | screenshots/scr_smart_1782933590146_monitor_1_post.jpg,True
ses_20260701-191537-LAPTOP-76QMG9DE,7,2026-07-01T19:19:33.798Z,2026-07-01T19:19:51.798Z,2026-07-01T19:19:50.685000+00:00,evt_45e8b120-40d2-4274-a1b1-67989259ef55,C:\Users\Gaurav Rathod\Downloads\automation-proposal\raw_data\dataset-downloads\dataset_b-20260908T164438Z-1-001\dataset_b\ses_20260701-191537-LAPTOP-76QMG9DE\chunk_20260701-1900-LAPTOP-76QMG9DE\events.jsonl,495,20260701-1900-LAPTOP-76QMG9DE,scr_smart_1782933590685_monitor_1_post.jpg | screenshots/scr_smart_1782933590685_monitor_1_post.jpg,True
ses_20260701-191537-LAPTOP-76QMG9DE,8,2026-07-01T19:19:51.798Z,2026-07-01T19:19:55.798Z,2026-07-01T19:19:53.022000+00:00,evt_7ce5c198-9699-4d65-86c2-cca43f1c4960,C:\Users\Gaurav Rathod\Downloads\automation-proposal\raw_data\dataset-downloads\dataset_b-20260908T164438Z-1-001\dataset_b\ses_20260701-191537-LAPTOP-76QMG9DE\chunk_20260701-1900-LAPTOP-76QMG9DE\events.jsonl,498,20260701-1900-LAPTOP-76QMG9DE,scr_smart_1782933593022_monitor_1_post.jpg | screenshots/scr_smart_1782933593022_monitor_1_post.jpg,True
ses_20260701-191537-LAPTOP-76QMG9DE,8,2026-07-01T19:19:51.798Z,2026-07-01T19:19:55.798Z,2026-07-01T19:19:54.973000+00:00,evt_d9947c54-1b91-4b1f-a85a-7fbf5dd51324,C:\Users\Gaurav Rathod\Downloads\automation-proposal\raw_data\dataset-downloads\dataset_b-20260908T164438Z-1-001\dataset_b\ses_20260701-191537-LAPTOP-76QMG9DE\chunk_20260701-1900-LAPTOP-76QMG9DE\events.jsonl,501,20260701-1900-LAPTOP-76QMG9DE,scr_smart_1782933594973_monitor_1_post.jpg | screenshots/scr_smart_1782933594973_monitor_1_post.jpg,True
ses_20260701-191537-LAPTOP-76QMG9DE,8,2026-07-01T19:19:51.798Z,2026-07-01T19:19:55.798Z,2026-07-01T19:19:55.512000+00:00,evt_a408f67c-62de-444e-9708-421525c3184c,C:\Users\Gaurav Rathod\Downloads\automation-proposal\raw_data\dataset-downloads\dataset_b-20260908T164438Z-1-001\dataset_b\ses_20260701-191537-LAPTOP-76QMG9DE\chunk_20260701-1900-LAPTOP-76QMG9DE\events.jsonl,509,20260701-1900-LAPTOP-76QMG9DE,scr_smart_1782933595512_monitor_1_post.jpg | screenshots/scr_smart_1782933595512_monitor_1_post.jpg,True
ses_20260701-191537-LAPTOP-76QMG9DE,9,2026-07-01T19:19:55.798Z,2026-07-01T19:20:11.798Z,2026-07-01T19:19:59.284000+00:00,evt_72ef33de-1eb0-4a91-aa34-70641eacd14d,C:\Users\Gaurav Rathod\Downloads\automation-proposal\raw_data\dataset-downloads\dataset_b-20260908T164438Z-1-001\dataset_b\ses_20260701-191537-LAPTOP-76QMG9DE\chunk_20260701-1900-LAPTOP-76QMG9DE\events.jsonl,511,20260701-1900-LAPTOP-76QMG9DE,scr_smart_1782933599284_monitor_1_post.jpg | screenshots/scr_smart_1782933599284_monitor_1_post.jpg,True
ses_20260701-191537-LAPTOP-76QMG9DE,9,2026-07-01T19:19:55.798Z,2026-07-01T19:20:11.798Z,2026-07-01T19:20:00.921000+00:00,evt_ae7c7732-3459-46ad-94cb-02cbe1db97f5,C:\Users\Gaurav Rathod\Downloads\automation-proposal\raw_data\dataset-downloads\dataset_b-20260908T164438Z-1-001\dataset_b\ses_20260701-191537-LAPTOP-76QMG9DE\chunk_20260701-1900-LAPTOP-76QMG9DE\events.jsonl,513,20260701-1900-LAPTOP-76QMG9DE,scr_smart_1782933600921_monitor_1_post.jpg | screenshots/scr_smart_1782933600921_monitor_1_post.jpg,True
ses_20260701-191537-LAPTOP-76QMG9DE,9,2026-07-01T19:19:55.798Z,2026-07-01T19:20:11.798Z,2026-07-01T19:20:01.568000+00:00,evt_c0fafbc2-93bc-415c-aa7b-dc7aec6792a3,C:\Users\Gaurav Rathod\Downloads\automation-proposal\raw_data\dataset-downloads\dataset_b-20260908T164438Z-1-001\dataset_b\ses_20260701-191537-LAPTOP-76QMG9DE\chunk_20260701-1900-LAPTOP-76QMG9DE\events.jsonl,516,20260701-1900-LAPTOP-76QMG9DE,scr_smart_1782933601568_monitor_1_post.jpg | screenshots/scr_smart_1782933601568_monitor_1_post.jpg,True
ses_20260701-191537-LAPTOP-76QMG9DE,9,2026-07-01T19:19:55.798Z,2026-07-01T19:20:11.798Z,2026-07-01T19:20:03.503000+00:00,evt_1e47fdf7-5631-4690-8fc0-b64b8d7dc9f1,C:\Users\Gaurav Rathod\Downloads\automation-proposal\raw_data\dataset-downloads\dataset_b-20260908T164438Z-1-001\dataset_b\ses_20260701-191537-LAPTOP-76QMG9DE\chunk_20260701-1900-LAPTOP-76QMG9DE\events.jsonl,520,20260701-1900-LAPTOP-76QMG9DE,scr_smart_1782933603503_monitor_1_post.jpg | screenshots/scr_smart_1782933603503_monitor_1_post.jpg,True
ses_20260701-191537-LAPTOP-76QMG9DE,9,2026-07-01T19:19:55.798Z,2026-07-01T19:20:11.798Z,2026-07-01T19:20:06.705000+00:00,evt_a1a5f986-1ae7-43a6-b80f-a47c24969507,C:\Users\Gaurav Rathod\Downloads\automation-proposal\raw_data\dataset-downloads\dataset_b-20260908T164438Z-1-001\dataset_b\ses_20260701-191537-LAPTOP-76QMG9DE\chunk_20260701-1900-LAPTOP-76QMG9DE\events.jsonl,522,20260701-1900-LAPTOP-76QMG9DE,scr_smart_1782933606705_monitor_1_post.jpg | screenshots/scr_smart_1782933606705_monitor_1_post.jpg,True
ses_20260701-191537-LAPTOP-76QMG9DE,9,2026-07-01T19:19:55.798Z,2026-07-01T19:20:11.798Z,2026-07-01T19:20:07.648000+00:00,evt_b6b80949-6c7f-4bac-bf68-cb9aa854d8a4,C:\Users\Gaurav Rathod\Downloads\automation-proposal\raw_data\dataset-downloads\dataset_b-20260908T164438Z-1-001\dataset_b\ses_20260701-191537-LAPTOP-76QMG9DE\chunk_20260701-1900-LAPTOP-76QMG9DE\events.jsonl,529,20260701-1900-LAPTOP-76QMG9DE,scr_smart_1782933607648_monitor_1_post.jpg | screenshots/scr_smart_1782933607648_monitor_1_post.jpg,True
ses_20260701-191537-LAPTOP-76QMG9DE,9,2026-07-01T19:19:55.798Z,2026-07-01T19:20:11.798Z,2026-07-01T19:20:10.097000+00:00,evt_da695b81-d992-4428-b004-239d433d5faa,C:\Users\Gaurav Rathod\Downloads\automation-proposal\raw_data\dataset-downloads\dataset_b-20260908T164438Z-1-001\dataset_b\ses_20260701-191537-LAPTOP-76QMG9DE\chunk_20260701-1900-LAPTOP-76QMG9DE\events.jsonl,532,20260701-1900-LAPTOP-76QMG9DE,scr_smart_1782933610097_monitor_1_post.jpg | screenshots/scr_smart_1782933610097_monitor_1_post.jpg,True
ses_20260701-191537-LAPTOP-76QMG9DE,10,2026-07-01T19:20:11.798Z,2026-07-01T19:20:19.798Z,2026-07-01T19:20:17.337000+00:00,evt_417882ab-cdfc-4878-bdac-9d5fcf26990a,C:\Users\Gaurav Rathod\Downloads\automation-proposal\raw_data\dataset-downloads\dataset_b-20260908T164438Z-1-001\dataset_b\ses_20260701-191537-LAPTOP-76QMG9DE\chunk_20260701-1900-LAPTOP-76QMG9DE\events.jsonl,536,20260701-1900-LAPTOP-76QMG9DE,scr_smart_1782933617337_monitor_1_post.jpg | screenshots/scr_smart_1782933617337_monitor_1_post.jpg,True
ses_20260701-191537-LAPTOP-76QMG9DE,10,2026-07-01T19:20:11.798Z,2026-07-01T19:20:19.798Z,2026-07-01T19:20:18.778000+00:00,evt_3e094853-6202-4cc0-ba34-7fd56cba36c5,C:\Users\Gaurav Rathod\Downloads\automation-proposal\raw_data\dataset-downloads\dataset_b-20260908T164438Z-1-001\dataset_b\ses_20260701-191537-LAPTOP-76QMG9DE\chunk_20260701-1900-LAPTOP-76QMG9DE\events.jsonl,539,20260701-1900-LAPTOP-76QMG9DE,scr_smart_1782933618778_monitor_1_post.jpg | screenshots/scr_smart_1782933618778_monitor_1_post.jpg,True
ses_20260701-191537-LAPTOP-76QMG9DE,11,2026-07-01T19:20:19.798Z,2026-07-01T19:20:23.798Z,2026-07-01T19:20:19.843000+00:00,evt_db5fc327-6c09-4a24-9fcb-f3fb32d4cc26,C:\Users\Gaurav Rathod\Downloads\automation-proposal\raw_data\dataset-downloads\dataset_b-20260908T164438Z-1-001\dataset_b\ses_20260701-191537-LAPTOP-76QMG9DE\chunk_20260701-1900-LAPTOP-76QMG9DE\events.jsonl,546,20260701-1900-LAPTOP-76QMG9DE,scr_smart_1782933619843_monitor_1_post.jpg | screenshots/scr_smart_1782933619843_monitor_1_post.jpg,True
ses_20260701-191537-LAPTOP-76QMG9DE,11,2026-07-01T19:20:19.798Z,2026-07-01T19:20:23.798Z,2026-07-01T19:20:22.108000+00:00,evt_a13e1b4b-1855-433b-8b8b-473f2fdcd9d0,C:\Users\Gaurav Rathod\Downloads\automation-proposal\raw_data\dataset-downloads\dataset_b-20260908T164438Z-1-001\dataset_b\ses_20260701-191537-LAPTOP-76QMG9DE\chunk_20260701-1900-LAPTOP-76QMG9DE\events.jsonl,549,20260701-1900-LAPTOP-76QMG9DE,scr_smart_1782933622108_monitor_1_post.jpg | screenshots/scr_smart_1782933622108_monitor_1_post.jpg,True
ses_20260701-191537-LAPTOP-76QMG9DE,12,2026-07-01T19:20:27.798Z,2026-07-01T19:20:41.798Z,2026-07-01T19:20:31.542000+00:00,evt_bbdf763b-2187-40d8-babe-be27bc604773,C:\Users\Gaurav Rathod\Downloads\automation-proposal\raw_data\dataset-downloads\dataset_b-20260908T164438Z-1-001\dataset_b\ses_20260701-191537-LAPTOP-76QMG9DE\chunk_20260701-1900-LAPTOP-76QMG9DE\events.jsonl,558,20260701-1900-LAPTOP-76QMG9DE,scr_smart_1782933631542_monitor_1_post.jpg | screenshots/scr_smart_1782933631542_monitor_1_post.jpg,True
ses_20260701-191537-LAPTOP-76QMG9DE,12,2026-07-01T19:20:27.798Z,2026-07-01T19:20:41.798Z,2026-07-01T19:20:31.984000+00:00,evt_29209524-ebf4-4bf4-93f2-c45d53b94a8a,C:\Users\Gaurav Rathod\Downloads\automation-proposal\raw_data\dataset-downloads\dataset_b-20260908T164438Z-1-001\dataset_b\ses_20260701-191537-LAPTOP-76QMG9DE\chunk_20260701-1900-LAPTOP-76QMG9DE\events.jsonl,560,20260701-1900-LAPTOP-76QMG9DE,scr_smart_1782933631984_monitor_1_post.jpg | screenshots/scr_smart_1782933631984_monitor_1_post.jpg,True
ses_20260701-191537-LAPTOP-76QMG9DE,12,2026-07-01T19:20:27.798Z,2026-07-01T19:20:41.798Z,2026-07-01T19:20:32.632000+00:00,evt_90e8a370-6718-4213-968c-dd12dd10e167,C:\Users\Gaurav Rathod\Downloads\automation-proposal\raw_data\dataset-downloads\dataset_b-20260908T164438Z-1-001\dataset_b\ses_20260701-191537-LAPTOP-76QMG9DE\chunk_20260701-1900-LAPTOP-76QMG9DE\events.jsonl,566,20260701-1900-LAPTOP-76QMG9DE,scr_smart_1782933632632_monitor_1_post.jpg | screenshots/scr_smart_1782933632632_monitor_1_post.jpg,True
ses_20260701-191537-LAPTOP-76QMG9DE,12,2026-07-01T19:20:27.798Z,2026-07-01T19:20:41.798Z,2026-07-01T19:20:34.683000+00:00,evt_becb183e-8505-4cde-929d-8c7bd2189535,C:\Users\Gaurav Rathod\Downloads\automation-proposal\raw_data\dataset-downloads\dataset_b-20260908T164438Z-1-001\dataset_b\ses_20260701-191537-LAPTOP-76QMG9DE\chunk_20260701-1900-LAPTOP-76QMG9DE\events.jsonl,569,20260701-1900-LAPTOP-76QMG9DE,scr_smart_1782933634683_monitor_1_post.jpg | screenshots/scr_smart_1782933634683_monitor_1_post.jpg,True
ses_20260701-191537-LAPTOP-76QMG9DE,12,2026-07-01T19:20:27.798Z,2026-07-01T19:20:41.798Z,2026-07-01T19:20:38.869000+00:00,evt_681106ce-3040-4c7f-9cff-55ab1475f583,C:\Users\Gaurav Rathod\Downloads\automation-proposal\raw_data\dataset-downloads\dataset_b-20260908T164438Z-1-001\dataset_b\ses_20260701-191537-LAPTOP-76QMG9DE\chunk_20260701-1900-LAPTOP-76QMG9DE\events.jsonl,573,20260701-1900-LAPTOP-76QMG9DE,scr_smart_1782933638869_monitor_1_post.jpg | screenshots/scr_smart_1782933638869_monitor_1_post.jpg,True
ses_20260701-191537-LAPTOP-76QMG9DE,12,2026-07-01T19:20:27.798Z,2026-07-01T19:20:41.798Z,2026-07-01T19:20:40.226000+00:00,evt_a1315217-1e4d-4c07-a96d-7714e275f06f,C:\Users\Gaurav Rathod\Downloads\automation-proposal\raw_data\dataset-downloads\dataset_b-20260908T164438Z-1-001\dataset_b\ses_20260701-191537-LAPTOP-76QMG9DE\chunk_20260701-1900-LAPTOP-76QMG9DE\events.jsonl,576,20260701-1900-LAPTOP-76QMG9DE,scr_smart_1782933640226_monitor_1_post.jpg | screenshots/scr_smart_1782933640226_monitor_1_post.jpg,True
ses_20260701-191537-LAPTOP-76QMG9DE,12,2026-07-01T19:20:27.798Z,2026-07-01T19:20:41.798Z,2026-07-01T19:20:41.285000+00:00,evt_92a83a4f-7c3a-4e08-81aa-7c78bff17204,C:\Users\Gaurav Rathod\Downloads\automation-proposal\raw_data\dataset-downloads\dataset_b-20260908T164438Z-1-001\dataset_b\ses_20260701-191537-LAPTOP-76QMG9DE\chunk_20260701-1900-LAPTOP-76QMG9DE\events.jsonl,583,20260701-1900-LAPTOP-76QMG9DE,scr_smart_1782933641285_monitor_1_post.jpg | screenshots/scr_smart_1782933641285_monitor_1_post.jpg,True
ses_20260701-191537-LAPTOP-76QMG9DE,13,2026-07-01T19:20:41.798Z,2026-07-01T19:20:51.798Z,2026-07-01T19:20:43.334000+00:00,evt_93e0d3ff-30d5-406c-939e-65b0caffc518,C:\Users\Gaurav Rathod\Downloads\automation-proposal\raw_data\dataset-downloads\dataset_b-20260908T164438Z-1-001\dataset_b\ses_20260701-191537-LAPTOP-76QMG9DE\chunk_20260701-1900-LAPTOP-76QMG9DE\events.jsonl,586,20260701-1900-LAPTOP-76QMG9DE,scr_smart_1782933643334_monitor_1_post.jpg | screenshots/scr_smart_1782933643334_monitor_1_post.jpg,True
ses_20260701-191537-LAPTOP-76QMG9DE,13,2026-07-01T19:20:41.798Z,2026-07-01T19:20:51.798Z,2026-07-01T19:20:49.672000+00:00,evt_3320ead8-92c3-453b-809c-d9a694ec0644,C:\Users\Gaurav Rathod\Downloads\automation-proposal\raw_data\dataset-downloads\dataset_b-20260908T164438Z-1-001\dataset_b\ses_20260701-191537-LAPTOP-76QMG9DE\chunk_20260701-1900-LAPTOP-76QMG9DE\events.jsonl,590,20260701-1900-LAPTOP-76QMG9DE,scr_smart_1782933649672_monitor_1_post.jpg | screenshots/scr_smart_1782933649672_monitor_1_post.jpg,True
ses_20260701-191537-LAPTOP-76QMG9DE,13,2026-07-01T19:20:41.798Z,2026-07-01T19:20:51.798Z,2026-07-01T19:20:50.609000+00:00,evt_4968623a-c112-4f77-bdcb-b69294afb7ee,C:\Users\Gaurav Rathod\Downloads\automation-proposal\raw_data\dataset-downloads\dataset_b-20260908T164438Z-1-001\dataset_b\ses_20260701-191537-LAPTOP-76QMG9DE\chunk_20260701-1900-LAPTOP-76QMG9DE\events.jsonl,593,20260701-1900-LAPTOP-76QMG9DE,scr_smart_1782933650609_monitor_1_post.jpg | screenshots/scr_smart_1782933650609_monitor_1_post.jpg,True
ses_20260701-191537-LAPTOP-76QMG9DE,13,2026-07-01T19:20:41.798Z,2026-07-01T19:20:51.798Z,2026-07-01T19:20:51.133000+00:00,evt_e1f50558-67ff-43cb-87be-0ace0ee897ba,C:\Users\Gaurav Rathod\Downloads\automation-proposal\raw_data\dataset-downloads\dataset_b-20260908T164438Z-1-001\dataset_b\ses_20260701-191537-LAPTOP-76QMG9DE\chunk_20260701-1900-LAPTOP-76QMG9DE\events.jsonl,595,20260701-1900-LAPTOP-76QMG9DE,scr_smart_1782933651133_monitor_1_post.jpg | screenshots/scr_smart_1782933651133_monitor_1_post.jpg,True
ses_20260701-191537-LAPTOP-76QMG9DE,13,2026-07-01T19:20:41.798Z,2026-07-01T19:20:51.798Z,2026-07-01T19:20:51.773000+00:00,evt_c705f876-9d75-4e4c-90c3-a429e77d2b61,C:\Users\Gaurav Rathod\Downloads\automation-proposal\raw_data\dataset-downloads\dataset_b-20260908T164438Z-1-001\dataset_b\ses_20260701-191537-LAPTOP-76QMG9DE\chunk_20260701-1900-LAPTOP-76QMG9DE\events.jsonl,601,20260701-1900-LAPTOP-76QMG9DE,scr_smart_1782933651773_monitor_1_post.jpg | screenshots/scr_smart_1782933651773_monitor_1_post.jpg,True
ses_20260701-191537-LAPTOP-76QMG9DE,14,2026-07-01T19:20:51.798Z,2026-07-01T19:21:19.798Z,2026-07-01T19:20:53.943000+00:00,evt_9a46f100-8065-4faa-baca-ce8b32a6ddcc,C:\Users\Gaurav Rathod\Downloads\automation-proposal\raw_data\dataset-downloads\dataset_b-20260908T164438Z-1-001\dataset_b\ses_20260701-191537-LAPTOP-76QMG9DE\chunk_20260701-1900-LAPTOP-76QMG9DE\events.jsonl,604,20260701-1900-LAPTOP-76QMG9DE,scr_smart_1782933653943_monitor_1_post.jpg | screenshots/scr_smart_1782933653943_monitor_1_post.jpg,True
ses_20260701-191537-LAPTOP-76QMG9DE,14,2026-07-01T19:20:51.798Z,2026-07-01T19:21:19.798Z,2026-07-01T19:20:55.928000+00:00,evt_5294879b-6974-4fd3-a917-d1af9791b36f,C:\Users\Gaurav Rathod\Downloads\automation-proposal\raw_data\dataset-downloads\dataset_b-20260908T164438Z-1-001\dataset_b\ses_20260701-191537-LAPTOP-76QMG9DE\chunk_20260701-1900-LAPTOP-76QMG9DE\events.jsonl,607,20260701-1900-LAPTOP-76QMG9DE,scr_smart_1782933655928_monitor_1_post.jpg | screenshots/scr_smart_1782933655928_monitor_1_post.jpg,True
ses_20260701-191537-LAPTOP-76QMG9DE,14,2026-07-01T19:20:51.798Z,2026-07-01T19:21:19.798Z,2026-07-01T19:20:59.590000+00:00,evt_1e9ed4e2-24e6-43cb-a44a-954e15e9054e,C:\Users\Gaurav Rathod\Downloads\automation-proposal\raw_data\dataset-downloads\dataset_b-20260908T164438Z-1-001\dataset_b\ses_20260701-191537-LAPTOP-76QMG9DE\chunk_20260701-1900-LAPTOP-76QMG9DE\events.jsonl,610,20260701-1900-LAPTOP-76QMG9DE,scr_smart_1782933659590_monitor_1_post.jpg | screenshots/scr_smart_1782933659590_monitor_1_post.jpg,True
ses_20260701-191537-LAPTOP-76QMG9DE,14,2026-07-01T19:20:51.798Z,2026-07-01T19:21:19.798Z,2026-07-01T19:21:00.739000+00:00,evt_42505e80-e64a-48f2-826a-8fbe25ce6a57,C:\Users\Gaurav Rathod\Downloads\automation-proposal\raw_data\dataset-downloads\dataset_b-20260908T164438Z-1-001\dataset_b\ses_20260701-191537-LAPTOP-76QMG9DE\chunk_20260701-1900-LAPTOP-76QMG9DE\events.jsonl,613,20260701-1900-LAPTOP-76QMG9DE,scr_smart_1782933660739_monitor_1_post.jpg | screenshots/scr_smart_1782933660739_monitor_1_post.jpg,True
ses_20260701-191537-LAPTOP-76QMG9DE,14,2026-07-01T19:20:51.798Z,2026-07-01T19:21:19.798Z,2026-07-01T19:21:01.273000+00:00,evt_61d5d91a-ee78-4644-8b2d-94418de456dc,C:\Users\Gaurav Rathod\Downloads\automation-proposal\raw_data\dataset-downloads\dataset_b-20260908T164438Z-1-001\dataset_b\ses_20260701-191537-LAPTOP-76QMG9DE\chunk_20260701-1900-LAPTOP-76QMG9DE\events.jsonl,615,20260701-1900-LAPTOP-76QMG9DE,scr_smart_1782933661273_monitor_1_post.jpg | screenshots/scr_smart_1782933661273_monitor_1_post.jpg,True
ses_20260701-191537-LAPTOP-76QMG9DE,14,2026-07-01T19:20:51.798Z,2026-07-01T19:21:19.798Z,2026-07-01T19:21:01.805000+00:00,evt_b784b06a-433c-400e-92e5-12815e3e79c6,C:\Users\Gaurav Rathod\Downloads\automation-proposal\raw_data\dataset-downloads\dataset_b-20260908T164438Z-1-001\dataset_b\ses_20260701-191537-LAPTOP-76QMG9DE\chunk_20260701-1900-LAPTOP-76QMG9DE\events.jsonl,621,20260701-1900-LAPTOP-76QMG9DE,scr_smart_1782933661805_monitor_1_post.jpg | screenshots/scr_smart_1782933661805_monitor_1_post.jpg,True
ses_20260701-191537-LAPTOP-76QMG9DE,14,2026-07-01T19:20:51.798Z,2026-07-01T19:21:19.798Z,2026-07-01T19:21:04.260000+00:00,evt_4e3ec402-8386-4fe7-830b-96c6f97347d1,C:\Users\Gaurav Rathod\Downloads\automation-proposal\raw_data\dataset-downloads\dataset_b-20260908T164438Z-1-001\dataset_b\ses_20260701-191537-LAPTOP-76QMG9DE\chunk_20260701-1900-LAPTOP-76QMG9DE\events.jsonl,624,20260701-1900-LAPTOP-76QMG9DE,scr_smart_1782933664260_monitor_1_post.jpg | screenshots/scr_smart_1782933664260_monitor_1_post.jpg,True
ses_20260701-191537-LAPTOP-76QMG9DE,14,2026-07-01T19:20:51.798Z,2026-07-01T19:21:19.798Z,2026-07-01T19:21:08.407000+00:00,evt_9e7873f7-fe86-4261-8343-c7b02f61e3d8,C:\Users\Gaurav Rathod\Downloads\automation-proposal\raw_data\dataset-downloads\dataset_b-20260908T164438Z-1-001\dataset_b\ses_20260701-191537-LAPTOP-76QMG9DE\chunk_20260701-1900-LAPTOP-76QMG9DE\events.jsonl,627,20260701-1900-LAPTOP-76QMG9DE,scr_smart_1782933668407_monitor_1_post.jpg | screenshots/scr_smart_1782933668407_monitor_1_post.jpg,True
ses_20260701-191537-LAPTOP-76QMG9DE,14,2026-07-01T19:20:51.798Z,2026-07-01T19:21:19.798Z,2026-07-01T19:21:09.852000+00:00,evt_15c3b004-861f-4642-934e-c6d5f6464968,C:\Users\Gaurav Rathod\Downloads\automation-proposal\raw_data\dataset-downloads\dataset_b-20260908T164438Z-1-001\dataset_b\ses_20260701-191537-LAPTOP-76QMG9DE\chunk_20260701-1900-LAPTOP-76QMG9DE\events.jsonl,631,20260701-1900-LAPTOP-76QMG9DE,scr_smart_1782933669852_monitor_1_post.jpg | screenshots/scr_smart_1782933669852_monitor_1_post.jpg,True
ses_20260701-191537-LAPTOP-76QMG9DE,14,2026-07-01T19:20:51.798Z,2026-07-01T19:21:19.798Z,2026-07-01T19:21:10.680000+00:00,evt_7cf4cce5-03ae-4c66-9241-64046dabb533,C:\Users\Gaurav Rathod\Downloads\automation-proposal\raw_data\dataset-downloads\dataset_b-20260908T164438Z-1-001\dataset_b\ses_20260701-191537-LAPTOP-76QMG9DE\chunk_20260701-1900-LAPTOP-76QMG9DE\events.jsonl,638,20260701-1900-LAPTOP-76QMG9DE,scr_smart_1782933670680_monitor_1_post.jpg | screenshots/scr_smart_1782933670680_monitor_1_post.jpg,True
ses_20260701-191537-LAPTOP-76QMG9DE,14,2026-07-01T19:20:51.798Z,2026-07-01T19:21:19.798Z,2026-07-01T19:21:12.817000+00:00,evt_2543572f-53f8-48f8-ab13-c6c28330bed0,C:\Users\Gaurav Rathod\Downloads\automation-proposal\raw_data\dataset-downloads\dataset_b-20260908T164438Z-1-001\dataset_b\ses_20260701-191537-LAPTOP-76QMG9DE\chunk_20260701-1900-LAPTOP-76QMG9DE\events.jsonl,641,20260701-1900-LAPTOP-76QMG9DE,scr_smart_1782933672817_monitor_1_post.jpg | screenshots/scr_smart_1782933672817_monitor_1_post.jpg,True
ses_20260701-191537-LAPTOP-76QMG9DE,14,2026-07-01T19:20:51.798Z,2026-07-01T19:21:19.798Z,2026-07-01T19:21:16.391000+00:00,evt_90d11c94-2d12-4976-8ccb-a1e5bce6db77,C:\Users\Gaurav Rathod\Downloads\automation-proposal\raw_data\dataset-downloads\dataset_b-20260908T164438Z-1-001\dataset_b\ses_20260701-191537-LAPTOP-76QMG9DE\chunk_20260701-1900-LAPTOP-76QMG9DE\events.jsonl,645,20260701-1900-LAPTOP-76QMG9DE,scr_smart_1782933676391_monitor_1_post.jpg | screenshots/scr_smart_1782933676391_monitor_1_post.jpg,True
ses_20260701-191537-LAPTOP-76QMG9DE,14,2026-07-01T19:20:51.798Z,2026-07-01T19:21:19.798Z,2026-07-01T19:21:17.427000+00:00,evt_e71056b9-e28c-4f35-9237-142765ab5f41,C:\Users\Gaurav Rathod\Downloads\automation-proposal\raw_data\dataset-downloads\dataset_b-20260908T164438Z-1-001\dataset_b\ses_20260701-191537-LAPTOP-76QMG9DE\chunk_20260701-1900-LAPTOP-76QMG9DE\events.jsonl,648,20260701-1900-LAPTOP-76QMG9DE,scr_smart_1782933677427_monitor_1_post.jpg | screenshots/scr_smart_1782933677427_monitor_1_post.jpg,True
ses_20260701-191537-LAPTOP-76QMG9DE,14,2026-07-01T19:20:51.798Z,2026-07-01T19:21:19.798Z,2026-07-01T19:21:17.978000+00:00,evt_b6477e5c-9138-4700-af64-509c6eeb8144,C:\Users\Gaurav Rathod\Downloads\automation-proposal\raw_data\dataset-downloads\dataset_b-20260908T164438Z-1-001\dataset_b\ses_20260701-191537-LAPTOP-76QMG9DE\chunk_20260701-1900-LAPTOP-76QMG9DE\events.jsonl,650,20260701-1900-LAPTOP-76QMG9DE,scr_smart_1782933677978_monitor_1_post.jpg | screenshots/scr_smart_1782933677978_monitor_1_post.jpg,True
ses_20260701-191537-LAPTOP-76QMG9DE,14,2026-07-01T19:20:51.798Z,2026-07-01T19:21:19.798Z,2026-07-01T19:21:18.514000+00:00,evt_cf2af8fb-8edf-4fbc-a4e8-c92024e6a854,C:\Users\Gaurav Rathod\Downloads\automation-proposal\raw_data\dataset-downloads\dataset_b-20260908T164438Z-1-001\dataset_b\ses_20260701-191537-LAPTOP-76QMG9DE\chunk_20260701-1900-LAPTOP-76QMG9DE\events.jsonl,656,20260701-1900-LAPTOP-76QMG9DE,scr_smart_1782933678514_monitor_1_post.jpg | screenshots/scr_smart_1782933678514_monitor_1_post.jpg,True
ses_20260701-191537-LAPTOP-76QMG9DE,15,2026-07-01T19:21:19.798Z,2026-07-01T19:21:43.798Z,2026-07-01T19:21:21.068000+00:00,evt_4320e98a-1138-45a2-8bf7-eb6f0446d79b,C:\Users\Gaurav Rathod\Downloads\automation-proposal\raw_data\dataset-downloads\dataset_b-20260908T164438Z-1-001\dataset_b\ses_20260701-191537-LAPTOP-76QMG9DE\chunk_20260701-1900-LAPTOP-76QMG9DE\events.jsonl,659,20260701-1900-LAPTOP-76QMG9DE,scr_smart_1782933681068_monitor_1_post.jpg | screenshots/scr_smart_1782933681068_monitor_1_post.jpg,True
ses_20260701-191537-LAPTOP-76QMG9DE,15,2026-07-01T19:21:19.798Z,2026-07-01T19:21:43.798Z,2026-07-01T19:21:25.852000+00:00,evt_f3ff7106-95c6-4096-92f1-ea771346c744,C:\Users\Gaurav Rathod\Downloads\automation-proposal\raw_data\dataset-downloads\dataset_b-20260908T164438Z-1-001\dataset_b\ses_20260701-191537-LAPTOP-76QMG9DE\chunk_20260701-1900-LAPTOP-76QMG9DE\events.jsonl,662,20260701-1900-LAPTOP-76QMG9DE,scr_smart_1782933685852_monitor_1_post.jpg | screenshots/scr_smart_1782933685852_monitor_1_post.jpg,True
ses_20260701-191537-LAPTOP-76QMG9DE,15,2026-07-01T19:21:19.798Z,2026-07-01T19:21:43.798Z,2026-07-01T19:21:31.369000+00:00,evt_bc6b3fc2-1d0d-4bba-872e-70c56c37f83b,C:\Users\Gaurav Rathod\Downloads\automation-proposal\raw_data\dataset-downloads\dataset_b-20260908T164438Z-1-001\dataset_b\ses_20260701-191537-LAPTOP-76QMG9DE\chunk_20260701-1900-LAPTOP-76QMG9DE\events.jsonl,666,20260701-1900-LAPTOP-76QMG9DE,scr_smart_1782933691369_monitor_1_post.jpg | screenshots/scr_smart_1782933691369_monitor_1_post.jpg,True
ses_20260701-191537-LAPTOP-76QMG9DE,15,2026-07-01T19:21:19.798Z,2026-07-01T19:21:43.798Z,2026-07-01T19:21:31.919000+00:00,evt_5e8b2217-3eb0-44f8-a8ed-c5a5abb7b402,C:\Users\Gaurav Rathod\Downloads\automation-proposal\raw_data\dataset-downloads\dataset_b-20260908T164438Z-1-001\dataset_b\ses_20260701-191537-LAPTOP-76QMG9DE\chunk_20260701-1900-LAPTOP-76QMG9DE\events.jsonl,692,20260701-1900-LAPTOP-76QMG9DE,scr_smart_1782933691919_monitor_1_post.jpg | screenshots/scr_smart_1782933691919_monitor_1_post.jpg,True
ses_20260701-191537-LAPTOP-76QMG9DE,15,2026-07-01T19:21:19.798Z,2026-07-01T19:21:43.798Z,2026-07-01T19:21:32.459000+00:00,evt_5d5f392a-6b86-48c6-b14b-02ca7422e585,C:\Users\Gaurav Rathod\Downloads\automation-proposal\raw_data\dataset-downloads\dataset_b-20260908T164438Z-1-001\dataset_b\ses_20260701-191537-LAPTOP-76QMG9DE\chunk_20260701-1900-LAPTOP-76QMG9DE\events.jsonl,715,20260701-1900-LAPTOP-76QMG9DE,scr_smart_1782933692459_monitor_1_post.jpg | screenshots/scr_smart_1782933692459_monitor_1_post.jpg,True
ses_20260701-191537-LAPTOP-76QMG9DE,15,2026-07-01T19:21:19.798Z,2026-07-01T19:21:43.798Z,2026-07-01T19:21:32.999000+00:00,evt_7cdb9056-e6ef-4ca6-b18a-9ebe80a0f150,C:\Users\Gaurav Rathod\Downloads\automation-proposal\raw_data\dataset-downloads\dataset_b-20260908T164438Z-1-001\dataset_b\ses_20260701-191537-LAPTOP-76QMG9DE\chunk_20260701-1900-LAPTOP-76QMG9DE\events.jsonl,732,20260701-1900-LAPTOP-76QMG9DE,scr_smart_1782933692999_monitor_1_post.jpg | screenshots/scr_smart_1782933692999_monitor_1_post.jpg,True
ses_20260701-191537-LAPTOP-76QMG9DE,15,2026-07-01T19:21:19.798Z,2026-07-01T19:21:43.798Z,2026-07-01T19:21:34.743000+00:00,evt_43e2e25d-ba0c-438c-9c40-f2802c9f3db6,C:\Users\Gaurav Rathod\Downloads\automation-proposal\raw_data\dataset-downloads\dataset_b-20260908T164438Z-1-001\dataset_b\ses_20260701-191537-LAPTOP-76QMG9DE\chunk_20260701-1900-LAPTOP-76QMG9DE\events.jsonl,739,20260701-1900-LAPTOP-76QMG9DE,scr_smart_1782933694743_monitor_1_post.jpg | screenshots/scr_smart_1782933694743_monitor_1_post.jpg,True
ses_20260701-191537-LAPTOP-76QMG9DE,15,2026-07-01T19:21:19.798Z,2026-07-01T19:21:43.798Z,2026-07-01T19:21:36.409000+00:00,evt_f422a70a-9576-4018-894a-fa088c4e129a,C:\Users\Gaurav Rathod\Downloads\automation-proposal\raw_data\dataset-downloads\dataset_b-20260908T164438Z-1-001\dataset_b\ses_20260701-191537-LAPTOP-76QMG9DE\chunk_20260701-1900-LAPTOP-76QMG9DE\events.jsonl,744,20260701-1900-LAPTOP-76QMG9DE,scr_smart_1782933696409_monitor_1_post.jpg | screenshots/scr_smart_1782933696409_monitor_1_post.jpg,True
ses_20260701-191537-LAPTOP-76QMG9DE,15,2026-07-01T19:21:19.798Z,2026-07-01T19:21:43.798Z,2026-07-01T19:21:36.843000+00:00,evt_70cbfbf2-329d-4978-91d1-874853a39e14,C:\Users\Gaurav Rathod\Downloads\automation-proposal\raw_data\dataset-downloads\dataset_b-20260908T164438Z-1-001\dataset_b\ses_20260701-191537-LAPTOP-76QMG9DE\chunk_20260701-1900-LAPTOP-76QMG9DE\events.jsonl,747,20260701-1900-LAPTOP-76QMG9DE,scr_smart_1782933696843_monitor_1_post.jpg | screenshots/scr_smart_1782933696843_monitor_1_post.jpg,True
ses_20260701-191537-LAPTOP-76QMG9DE,15,2026-07-01T19:21:19.798Z,2026-07-01T19:21:43.798Z,2026-07-01T19:21:39.994000+00:00,evt_3b889ce7-7dc0-4388-8578-f1b9ed65444d,C:\Users\Gaurav Rathod\Downloads\automation-proposal\raw_data\dataset-downloads\dataset_b-20260908T164438Z-1-001\dataset_b\ses_20260701-191537-LAPTOP-76QMG9DE\chunk_20260701-1900-LAPTOP-76QMG9DE\events.jsonl,749,20260701-1900-LAPTOP-76QMG9DE,scr_smart_1782933699994_monitor_1_post.jpg | screenshots/scr_smart_1782933699994_monitor_1_post.jpg,True
ses_20260701-191537-LAPTOP-76QMG9DE,15,2026-07-01T19:21:19.798Z,2026-07-01T19:21:43.798Z,2026-07-01T19:21:41.842000+00:00,evt_1e32681e-d63f-4fd3-ba18-f33aa11079c0,C:\Users\Gaurav Rathod\Downloads\automation-proposal\raw_data\dataset-downloads\dataset_b-20260908T164438Z-1-001\dataset_b\ses_20260701-191537-LAPTOP-76QMG9DE\chunk_20260701-1900-LAPTOP-76QMG9DE\events.jsonl,755,20260701-1900-LAPTOP-76QMG9DE,scr_smart_1782933701842_monitor_1_post.jpg | screenshots/scr_smart_1782933701842_monitor_1_post.jpg,True
ses_20260701-191537-LAPTOP-76QMG9DE,16,2026-07-01T19:22:27.798Z,2026-07-01T19:22:35.798Z,2026-07-01T19:22:31.583000+00:00,evt_47eb9048-ccfe-4d6c-b69d-12bc3f2f0445,C:\Users\Gaurav Rathod\Downloads\automation-proposal\raw_data\dataset-downloads\dataset_b-20260908T164438Z-1-001\dataset_b\ses_20260701-191537-LAPTOP-76QMG9DE\chunk_20260701-1900-LAPTOP-76QMG9DE\events.jsonl,886,20260701-1900-LAPTOP-76QMG9DE,scr_smart_1782933751583_monitor_1_post.jpg | screenshots/scr_smart_1782933751583_monitor_1_post.jpg,True
ses_20260701-191537-LAPTOP-76QMG9DE,16,2026-07-01T19:22:27.798Z,2026-07-01T19:22:35.798Z,2026-07-01T19:22:32.126000+00:00,evt_19f34522-3b41-403b-aad2-3928e25419c2,C:\Users\Gaurav Rathod\Downloads\automation-proposal\raw_data\dataset-downloads\dataset_b-20260908T164438Z-1-001\dataset_b\ses_20260701-191537-LAPTOP-76QMG9DE\chunk_20260701-1900-LAPTOP-76QMG9DE\events.jsonl,889,20260701-1900-LAPTOP-76QMG9DE,scr_smart_1782933752126_monitor_1_post.jpg | screenshots/scr_smart_1782933752126_monitor_1_post.jpg,True
ses_20260701-191537-LAPTOP-76QMG9DE,16,2026-07-01T19:22:27.798Z,2026-07-01T19:22:35.798Z,2026-07-01T19:22:33.307000+00:00,evt_99c5f929-849d-434f-be7e-3d120a1f9b43,C:\Users\Gaurav Rathod\Downloads\automation-proposal\raw_data\dataset-downloads\dataset_b-20260908T164438Z-1-001\dataset_b\ses_20260701-191537-LAPTOP-76QMG9DE\chunk_20260701-1900-LAPTOP-76QMG9DE\events.jsonl,892,20260701-1900-LAPTOP-76QMG9DE,scr_smart_1782933753307_monitor_1_post.jpg | screenshots/scr_smart_1782933753307_monitor_1_post.jpg,True
ses_20260701-191537-LAPTOP-76QMG9DE,16,2026-07-01T19:22:27.798Z,2026-07-01T19:22:35.798Z,2026-07-01T19:22:33.850000+00:00,evt_5b2f31f3-c91f-479a-a04f-1efe43172fd0,C:\Users\Gaurav Rathod\Downloads\automation-proposal\raw_data\dataset-downloads\dataset_b-20260908T164438Z-1-001\dataset_b\ses_20260701-191537-LAPTOP-76QMG9DE\chunk_20260701-1900-LAPTOP-76QMG9DE\events.jsonl,894,20260701-1900-LAPTOP-76QMG9DE,scr_smart_1782933753850_monitor_1_post.jpg | screenshots/scr_smart_1782933753850_monitor_1_post.jpg,True
ses_20260701-191537-LAPTOP-76QMG9DE,16,2026-07-01T19:22:27.798Z,2026-07-01T19:22:35.798Z,2026-07-01T19:22:34.378000+00:00,evt_75b9c76f-f335-4d34-bbd5-95760ea63002,C:\Users\Gaurav Rathod\Downloads\automation-proposal\raw_data\dataset-downloads\dataset_b-20260908T164438Z-1-001\dataset_b\ses_20260701-191537-LAPTOP-76QMG9DE\chunk_20260701-1900-LAPTOP-76QMG9DE\events.jsonl,900,20260701-1900-LAPTOP-76QMG9DE,scr_smart_1782933754378_monitor_1_post.jpg | screenshots/scr_smart_1782933754378_monitor_1_post.jpg,True
ses_20260701-191537-LAPTOP-76QMG9DE,17,2026-07-01T19:22:35.798Z,2026-07-01T19:22:45.798Z,2026-07-01T19:22:36.454000+00:00,evt_2d2b63cc-dce3-4af7-9a80-2b4d2b593849,C:\Users\Gaurav Rathod\Downloads\automation-proposal\raw_data\dataset-downloads\dataset_b-20260908T164438Z-1-001\dataset_b\ses_20260701-191537-LAPTOP-76QMG9DE\chunk_20260701-1900-LAPTOP-76QMG9DE\events.jsonl,903,20260701-1900-LAPTOP-76QMG9DE,scr_smart_1782933756454_monitor_1_post.jpg | screenshots/scr_smart_1782933756454_monitor_1_post.jpg,True
ses_20260701-191537-LAPTOP-76QMG9DE,17,2026-07-01T19:22:35.798Z,2026-07-01T19:22:45.798Z,2026-07-01T19:22:38.304000+00:00,evt_b0d824ac-f81a-4cb1-8121-cd7c863f2958,C:\Users\Gaurav Rathod\Downloads\automation-proposal\raw_data\dataset-downloads\dataset_b-20260908T164438Z-1-001\dataset_b\ses_20260701-191537-LAPTOP-76QMG9DE\chunk_20260701-1900-LAPTOP-76QMG9DE\events.jsonl,909,20260701-1900-LAPTOP-76QMG9DE,scr_smart_1782933758304_monitor_1_post.jpg | screenshots/scr_smart_1782933758304_monitor_1_post.jpg,True
ses_20260701-191537-LAPTOP-76QMG9DE,17,2026-07-01T19:22:35.798Z,2026-07-01T19:22:45.798Z,2026-07-01T19:22:38.842000+00:00,evt_20d7cb9a-b1fc-4c48-90bb-e44d0ec046bb,C:\Users\Gaurav Rathod\Downloads\automation-proposal\raw_data\dataset-downloads\dataset_b-20260908T164438Z-1-001\dataset_b\ses_20260701-191537-LAPTOP-76QMG9DE\chunk_20260701-1900-LAPTOP-76QMG9DE\events.jsonl,914,20260701-1900-LAPTOP-76QMG9DE,scr_smart_1782933758842_monitor_1_post.jpg | screenshots/scr_smart_1782933758842_monitor_1_post.jpg,True
ses_20260701-191537-LAPTOP-76QMG9DE,17,2026-07-01T19:22:35.798Z,2026-07-01T19:22:45.798Z,2026-07-01T19:22:42.216000+00:00,evt_85a96d69-a50b-4817-970a-f541b45526a3,C:\Users\Gaurav Rathod\Downloads\automation-proposal\raw_data\dataset-downloads\dataset_b-20260908T164438Z-1-001\dataset_b\ses_20260701-191537-LAPTOP-76QMG9DE\chunk_20260701-1900-LAPTOP-76QMG9DE\events.jsonl,916,20260701-1900-LAPTOP-76QMG9DE,scr_smart_1782933762216_monitor_1_post.jpg | screenshots/scr_smart_1782933762216_monitor_1_post.jpg,True
ses_20260701-191537-LAPTOP-76QMG9DE,17,2026-07-01T19:22:35.798Z,2026-07-01T19:22:45.798Z,2026-07-01T19:22:42.761000+00:00,evt_4319ade2-a925-4fb7-a40e-2251d1f6013e,C:\Users\Gaurav Rathod\Downloads\automation-proposal\raw_data\dataset-downloads\dataset_b-20260908T164438Z-1-001\dataset_b\ses_20260701-191537-LAPTOP-76QMG9DE\chunk_20260701-1900-LAPTOP-76QMG9DE\events.jsonl,919,20260701-1900-LAPTOP-76QMG9DE,scr_smart_1782933762761_monitor_1_post.jpg | screenshots/scr_smart_1782933762761_monitor_1_post.jpg,True
ses_20260701-191537-LAPTOP-76QMG9DE,17,2026-07-01T19:22:35.798Z,2026-07-01T19:22:45.798Z,2026-07-01T19:22:43.894000+00:00,evt_e9164584-17eb-4aef-a157-d8b1a438a05a,C:\Users\Gaurav Rathod\Downloads\automation-proposal\raw_data\dataset-downloads\dataset_b-20260908T164438Z-1-001\dataset_b\ses_20260701-191537-LAPTOP-76QMG9DE\chunk_20260701-1900-LAPTOP-76QMG9DE\events.jsonl,922,20260701-1900-LAPTOP-76QMG9DE,scr_smart_1782933763894_monitor_1_post.jpg | screenshots/scr_smart_1782933763894_monitor_1_post.jpg,True
ses_20260701-191537-LAPTOP-76QMG9DE,17,2026-07-01T19:22:35.798Z,2026-07-01T19:22:45.798Z,2026-07-01T19:22:44.827000+00:00,evt_e3826b3f-f1d1-4fa8-9cdd-e2a27315acac,C:\Users\Gaurav Rathod\Downloads\automation-proposal\raw_data\dataset-downloads\dataset_b-20260908T164438Z-1-001\dataset_b\ses_20260701-191537-LAPTOP-76QMG9DE\chunk_20260701-1900-LAPTOP-76QMG9DE\events.jsonl,929,20260701-1900-LAPTOP-76QMG9DE,scr_smart_1782933764827_monitor_1_post.jpg | screenshots/scr_smart_1782933764827_monitor_1_post.jpg,True
ses_20260701-191537-LAPTOP-76QMG9DE,18,2026-07-01T19:22:45.798Z,2026-07-01T19:22:49.798Z,2026-07-01T19:22:47.192000+00:00,evt_1936ddcf-7323-471f-b20a-45345bc57fb9,C:\Users\Gaurav Rathod\Downloads\automation-proposal\raw_data\dataset-downloads\dataset_b-20260908T164438Z-1-001\dataset_b\ses_20260701-191537-LAPTOP-76QMG9DE\chunk_20260701-1900-LAPTOP-76QMG9DE\events.jsonl,932,20260701-1900-LAPTOP-76QMG9DE,scr_smart_1782933767192_monitor_1_post.jpg | screenshots/scr_smart_1782933767192_monitor_1_post.jpg,True
ses_20260701-191537-LAPTOP-76QMG9DE,19,2026-07-01T19:22:49.798Z,2026-07-01T19:23:05.798Z,2026-07-01T19:22:54.463000+00:00,evt_fe15a4da-6a55-456a-aaa9-c88e6e6dbd1a,C:\Users\Gaurav Rathod\Downloads\automation-proposal\raw_data\dataset-downloads\dataset_b-20260908T164438Z-1-001\dataset_b\ses_20260701-191537-LAPTOP-76QMG9DE\chunk_20260701-1900-LAPTOP-76QMG9DE\events.jsonl,936,20260701-1900-LAPTOP-76QMG9DE,scr_smart_1782933774463_monitor_1_post.jpg | screenshots/scr_smart_1782933774463_monitor_1_post.jpg,True
ses_20260701-191537-LAPTOP-76QMG9DE,19,2026-07-01T19:22:49.798Z,2026-07-01T19:23:05.798Z,2026-07-01T19:22:55.798000+00:00,evt_8f9a30b1-2ec4-4615-8903-a0965dcb88e6,C:\Users\Gaurav Rathod\Downloads\automation-proposal\raw_data\dataset-downloads\dataset_b-20260908T164438Z-1-001\dataset_b\ses_20260701-191537-LAPTOP-76QMG9DE\chunk_20260701-1900-LAPTOP-76QMG9DE\events.jsonl,939,20260701-1900-LAPTOP-76QMG9DE,scr_smart_1782933775798_monitor_1_post.jpg | screenshots/scr_smart_1782933775798_monitor_1_post.jpg,True
ses_20260701-191537-LAPTOP-76QMG9DE,19,2026-07-01T19:22:49.798Z,2026-07-01T19:23:05.798Z,2026-07-01T19:22:56.327000+00:00,evt_7a896c18-7345-4b7d-9d0e-0154eabe459b,C:\Users\Gaurav Rathod\Downloads\automation-proposal\raw_data\dataset-downloads\dataset_b-20260908T164438Z-1-001\dataset_b\ses_20260701-191537-LAPTOP-76QMG9DE\chunk_20260701-1900-LAPTOP-76QMG9DE\events.jsonl,941,20260701-1900-LAPTOP-76QMG9DE,scr_smart_1782933776327_monitor_1_post.jpg | screenshots/scr_smart_1782933776327_monitor_1_post.jpg,True
ses_20260701-191537-LAPTOP-76QMG9DE,19,2026-07-01T19:22:49.798Z,2026-07-01T19:23:05.798Z,2026-07-01T19:22:56.871000+00:00,evt_ea1ddd92-9d97-4ac8-afdb-1bfeb8ddab0d,C:\Users\Gaurav Rathod\Downloads\automation-proposal\raw_data\dataset-downloads\dataset_b-20260908T164438Z-1-001\dataset_b\ses_20260701-191537-LAPTOP-76QMG9DE\chunk_20260701-1900-LAPTOP-76QMG9DE\events.jsonl,947,20260701-1900-LAPTOP-76QMG9DE,scr_smart_1782933776871_monitor_1_post.jpg | screenshots/scr_smart_1782933776871_monitor_1_post.jpg,True
ses_20260701-191537-LAPTOP-76QMG9DE,19,2026-07-01T19:22:49.798Z,2026-07-01T19:23:05.798Z,2026-07-01T19:22:59.009000+00:00,evt_95f7937c-306d-4046-8932-2dd53d2683b7,C:\Users\Gaurav Rathod\Downloads\automation-proposal\raw_data\dataset-downloads\dataset_b-20260908T164438Z-1-001\dataset_b\ses_20260701-191537-LAPTOP-76QMG9DE\chunk_20260701-1900-LAPTOP-76QMG9DE\events.jsonl,950,20260701-1900-LAPTOP-76QMG9DE,scr_smart_1782933779009_monitor_1_post.jpg | screenshots/scr_smart_1782933779009_monitor_1_post.jpg,True
ses_20260701-191537-LAPTOP-76QMG9DE,19,2026-07-01T19:22:49.798Z,2026-07-01T19:23:05.798Z,2026-07-01T19:23:02.868000+00:00,evt_412a87c9-212f-4731-8514-1dfda749833b,C:\Users\Gaurav Rathod\Downloads\automation-proposal\raw_data\dataset-downloads\dataset_b-20260908T164438Z-1-001\dataset_b\ses_20260701-191537-LAPTOP-76QMG9DE\chunk_20260701-1900-LAPTOP-76QMG9DE\events.jsonl,954,20260701-1900-LAPTOP-76QMG9DE,scr_smart_1782933782868_monitor_1_post.jpg | screenshots/scr_smart_1782933782868_monitor_1_post.jpg,True
ses_20260701-191537-LAPTOP-76QMG9DE,19,2026-07-01T19:22:49.798Z,2026-07-01T19:23:05.798Z,2026-07-01T19:23:04.109000+00:00,evt_6add0760-0c5b-448e-a175-41b05932fb49,C:\Users\Gaurav Rathod\Downloads\automation-proposal\raw_data\dataset-downloads\dataset_b-20260908T164438Z-1-001\dataset_b\ses_20260701-191537-LAPTOP-76QMG9DE\chunk_20260701-1900-LAPTOP-76QMG9DE\events.jsonl,957,20260701-1900-LAPTOP-76QMG9DE,scr_smart_1782933784109_monitor_1_post.jpg | screenshots/scr_smart_1782933784109_monitor_1_post.jpg,True
ses_20260701-191537-LAPTOP-76QMG9DE,19,2026-07-01T19:22:49.798Z,2026-07-01T19:23:05.798Z,2026-07-01T19:23:04.646000+00:00,evt_cbf48faf-52c7-465f-9962-82a2ed5a9f65,C:\Users\Gaurav Rathod\Downloads\automation-proposal\raw_data\dataset-downloads\dataset_b-20260908T164438Z-1-001\dataset_b\ses_20260701-191537-LAPTOP-76QMG9DE\chunk_20260701-1900-LAPTOP-76QMG9DE\events.jsonl,959,20260701-1900-LAPTOP-76QMG9DE,scr_smart_1782933784646_monitor_1_post.jpg | screenshots/scr_smart_1782933784646_monitor_1_post.jpg,True
ses_20260701-191537-LAPTOP-76QMG9DE,19,2026-07-01T19:22:49.798Z,2026-07-01T19:23:05.798Z,2026-07-01T19:23:05.178000+00:00,evt_aa7320a0-d8c0-4e6d-801c-66a7d32810b1,C:\Users\Gaurav Rathod\Downloads\automation-proposal\raw_data\dataset-downloads\dataset_b-20260908T164438Z-1-001\dataset_b\ses_20260701-191537-LAPTOP-76QMG9DE\chunk_20260701-1900-LAPTOP-76QMG9DE\events.jsonl,965,20260701-1900-LAPTOP-76QMG9DE,scr_smart_1782933785178_monitor_1_post.jpg | screenshots/scr_smart_1782933785178_monitor_1_post.jpg,True
ses_20260701-191537-LAPTOP-76QMG9DE,20,2026-07-01T19:23:05.798Z,2026-07-01T19:23:13.798Z,2026-07-01T19:23:07.532000+00:00,evt_61b3a773-dcc6-477c-a668-44516b133338,C:\Users\Gaurav Rathod\Downloads\automation-proposal\raw_data\dataset-downloads\dataset_b-20260908T164438Z-1-001\dataset_b\ses_20260701-191537-LAPTOP-76QMG9DE\chunk_20260701-1900-LAPTOP-76QMG9DE\events.jsonl,968,20260701-1900-LAPTOP-76QMG9DE,scr_smart_1782933787532_monitor_1_post.jpg | screenshots/scr_smart_1782933787532_monitor_1_post.jpg,True
ses_20260701-191537-LAPTOP-76QMG9DE,20,2026-07-01T19:23:05.798Z,2026-07-01T19:23:13.798Z,2026-07-01T19:23:09.681000+00:00,evt_e8cdb07a-8a1a-485a-95f6-62791b6c3fbb,C:\Users\Gaurav Rathod\Downloads\automation-proposal\raw_data\dataset-downloads\dataset_b-20260908T164438Z-1-001\dataset_b\ses_20260701-191537-LAPTOP-76QMG9DE\chunk_20260701-1900-LAPTOP-76QMG9DE\events.jsonl,971,20260701-1900-LAPTOP-76QMG9DE,scr_smart_1782933789681_monitor_1_post.jpg | screenshots/scr_smart_1782933789681_monitor_1_post.jpg,True
ses_20260701-191537-LAPTOP-76QMG9DE,20,2026-07-01T19:23:05.798Z,2026-07-01T19:23:13.798Z,2026-07-01T19:23:10.217000+00:00,evt_0fd03345-4ad1-4ee1-84c9-b4ec6df838b8,C:\Users\Gaurav Rathod\Downloads\automation-proposal\raw_data\dataset-downloads\dataset_b-20260908T164438Z-1-001\dataset_b\ses_20260701-191537-LAPTOP-76QMG9DE\chunk_20260701-1900-LAPTOP-76QMG9DE\events.jsonl,979,20260701-1900-LAPTOP-76QMG9DE,scr_smart_1782933790217_monitor_1_post.jpg | screenshots/scr_smart_1782933790217_monitor_1_post.jpg,True
ses_20260701-191537-LAPTOP-76QMG9DE,21,2026-07-01T19:24:47.798Z,2026-07-01T19:25:05.798Z,2026-07-01T19:24:50.504000+00:00,evt_d1f16af1-63b9-43a2-a8e7-4f80c000dc23,C:\Users\Gaurav Rathod\Downloads\automation-proposal\raw_data\dataset-downloads\dataset_b-20260908T164438Z-1-001\dataset_b\ses_20260701-191537-LAPTOP-76QMG9DE\chunk_20260701-1900-LAPTOP-76QMG9DE\events.jsonl,1128,20260701-1900-LAPTOP-76QMG9DE,scr_smart_1782933890504_monitor_1_post.jpg | screenshots/scr_smart_1782933890504_monitor_1_post.jpg,True
ses_20260701-191537-LAPTOP-76QMG9DE,21,2026-07-01T19:24:47.798Z,2026-07-01T19:25:05.798Z,2026-07-01T19:24:51.958000+00:00,evt_1e5d02ff-4594-4d54-89c9-4bb219007605,C:\Users\Gaurav Rathod\Downloads\automation-proposal\raw_data\dataset-downloads\dataset_b-20260908T164438Z-1-001\dataset_b\ses_20260701-191537-LAPTOP-76QMG9DE\chunk_20260701-1900-LAPTOP-76QMG9DE\events.jsonl,1130,20260701-1900-LAPTOP-76QMG9DE,scr_smart_1782933891958_monitor_1_post.jpg | screenshots/scr_smart_1782933891958_monitor_1_post.jpg,True
ses_20260701-191537-LAPTOP-76QMG9DE,21,2026-07-01T19:24:47.798Z,2026-07-01T19:25:05.798Z,2026-07-01T19:24:52.597000+00:00,evt_217e6b35-310a-482b-93b4-5bc0494cd2e8,C:\Users\Gaurav Rathod\Downloads\automation-proposal\raw_data\dataset-downloads\dataset_b-20260908T164438Z-1-001\dataset_b\ses_20260701-191537-LAPTOP-76QMG9DE\chunk_20260701-1900-LAPTOP-76QMG9DE\events.jsonl,1133,20260701-1900-LAPTOP-76QMG9DE,scr_smart_1782933892597_monitor_1_post.jpg | screenshots/scr_smart_1782933892597_monitor_1_post.jpg,True
ses_20260701-191537-LAPTOP-76QMG9DE,21,2026-07-01T19:24:47.798Z,2026-07-01T19:25:05.798Z,2026-07-01T19:24:53.431000+00:00,evt_ed55b690-96bf-4726-ae81-b17ec2d36a94,C:\Users\Gaurav Rathod\Downloads\automation-proposal\raw_data\dataset-downloads\dataset_b-20260908T164438Z-1-001\dataset_b\ses_20260701-191537-LAPTOP-76QMG9DE\chunk_20260701-1900-LAPTOP-76QMG9DE\events.jsonl,1136,20260701-1900-LAPTOP-76QMG9DE,scr_smart_1782933893431_monitor_1_post.jpg | screenshots/scr_smart_1782933893431_monitor_1_post.jpg,True
ses_20260701-191537-LAPTOP-76QMG9DE,21,2026-07-01T19:24:47.798Z,2026-07-01T19:25:05.798Z,2026-07-01T19:24:53.954000+00:00,evt_137ec817-b8bc-4f39-b07f-1f02b0169382,C:\Users\Gaurav Rathod\Downloads\automation-proposal\raw_data\dataset-downloads\dataset_b-20260908T164438Z-1-001\dataset_b\ses_20260701-191537-LAPTOP-76QMG9DE\chunk_20260701-1900-LAPTOP-76QMG9DE\events.jsonl,1138,20260701-1900-LAPTOP-76QMG9DE,scr_smart_1782933893954_monitor_1_post.jpg | screenshots/scr_smart_1782933893954_monitor_1_post.jpg,True
ses_20260701-191537-LAPTOP-76QMG9DE,21,2026-07-01T19:24:47.798Z,2026-07-01T19:25:05.798Z,2026-07-01T19:24:54.583000+00:00,evt_549bc421-a8c8-42fa-bdd7-676a61019316,C:\Users\Gaurav Rathod\Downloads\automation-proposal\raw_data\dataset-downloads\dataset_b-20260908T164438Z-1-001\dataset_b\ses_20260701-191537-LAPTOP-76QMG9DE\chunk_20260701-1900-LAPTOP-76QMG9DE\events.jsonl,1144,20260701-1900-LAPTOP-76QMG9DE,scr_smart_1782933894583_monitor_1_post.jpg | screenshots/scr_smart_1782933894583_monitor_1_post.jpg,True
ses_20260701-191537-LAPTOP-76QMG9DE,21,2026-07-01T19:24:47.798Z,2026-07-01T19:25:05.798Z,2026-07-01T19:24:56.626000+00:00,evt_9b487cfb-74b1-4b22-9386-c3040d0969ac,C:\Users\Gaurav Rathod\Downloads\automation-proposal\raw_data\dataset-downloads\dataset_b-20260908T164438Z-1-001\dataset_b\ses_20260701-191537-LAPTOP-76QMG9DE\chunk_20260701-1900-LAPTOP-76QMG9DE\events.jsonl,1147,20260701-1900-LAPTOP-76QMG9DE,scr_smart_1782933896626_monitor_1_post.jpg | screenshots/scr_smart_1782933896626_monitor_1_post.jpg,True
ses_20260701-191537-LAPTOP-76QMG9DE,21,2026-07-01T19:24:47.798Z,2026-07-01T19:25:05.798Z,2026-07-01T19:25:00.907000+00:00,evt_ff949834-acb5-405b-8f36-12318c5d38cf,C:\Users\Gaurav Rathod\Downloads\automation-proposal\raw_data\dataset-downloads\dataset_b-20260908T164438Z-1-001\dataset_b\ses_20260701-191537-LAPTOP-76QMG9DE\chunk_20260701-1900-LAPTOP-76QMG9DE\events.jsonl,1151,20260701-1900-LAPTOP-76QMG9DE,scr_smart_1782933900907_monitor_1_post.jpg | screenshots/scr_smart_1782933900907_monitor_1_post.jpg,True
ses_20260701-191537-LAPTOP-76QMG9DE,21,2026-07-01T19:24:47.798Z,2026-07-01T19:25:05.798Z,2026-07-01T19:25:02.352000+00:00,evt_265e662c-0550-444f-b87d-9d1c8c2ee42e,C:\Users\Gaurav Rathod\Downloads\automation-proposal\raw_data\dataset-downloads\dataset_b-20260908T164438Z-1-001\dataset_b\ses_20260701-191537-LAPTOP-76QMG9DE\chunk_20260701-1900-LAPTOP-76QMG9DE\events.jsonl,1154,20260701-1900-LAPTOP-76QMG9DE,scr_smart_1782933902352_monitor_1_post.jpg | screenshots/scr_smart_1782933902352_monitor_1_post.jpg,True
ses_20260701-191537-LAPTOP-76QMG9DE,21,2026-07-01T19:24:47.798Z,2026-07-01T19:25:05.798Z,2026-07-01T19:25:02.786000+00:00,evt_2ecffcab-9443-45f5-a22c-54355ffde137,C:\Users\Gaurav Rathod\Downloads\automation-proposal\raw_data\dataset-downloads\dataset_b-20260908T164438Z-1-001\dataset_b\ses_20260701-191537-LAPTOP-76QMG9DE\chunk_20260701-1900-LAPTOP-76QMG9DE\events.jsonl,1156,20260701-1900-LAPTOP-76QMG9DE,scr_smart_1782933902786_monitor_1_post.jpg | screenshots/scr_smart_1782933902786_monitor_1_post.jpg,True
ses_20260701-191537-LAPTOP-76QMG9DE,21,2026-07-01T19:24:47.798Z,2026-07-01T19:25:05.798Z,2026-07-01T19:25:05.440000+00:00,evt_42ed3123-41b3-4284-8dd9-43fb17104fca,C:\Users\Gaurav Rathod\Downloads\automation-proposal\raw_data\dataset-downloads\dataset_b-20260908T164438Z-1-001\dataset_b\ses_20260701-191537-LAPTOP-76QMG9DE\chunk_20260701-1900-LAPTOP-76QMG9DE\events.jsonl,1164,20260701-1900-LAPTOP-76QMG9DE,scr_smart_1782933905440_monitor_1_post.jpg | screenshots/scr_smart_1782933905440_monitor_1_post.jpg,True
ses_20260701-191537-LAPTOP-76QMG9DE,22,2026-07-01T19:25:05.798Z,2026-07-01T19:25:13.798Z,2026-07-01T19:25:07.299000+00:00,evt_51635f5c-c031-4d20-b2ef-322f3e6134f0,C:\Users\Gaurav Rathod\Downloads\automation-proposal\raw_data\dataset-downloads\dataset_b-20260908T164438Z-1-001\dataset_b\ses_20260701-191537-LAPTOP-76QMG9DE\chunk_20260701-1900-LAPTOP-76QMG9DE\events.jsonl,1167,20260701-1900-LAPTOP-76QMG9DE,scr_smart_1782933907299_monitor_1_post.jpg | screenshots/scr_smart_1782933907299_monitor_1_post.jpg,True
ses_20260701-191537-LAPTOP-76QMG9DE,22,2026-07-01T19:25:05.798Z,2026-07-01T19:25:13.798Z,2026-07-01T19:25:07.936000+00:00,evt_af9743c0-a713-4db5-bee8-130648eab573,C:\Users\Gaurav Rathod\Downloads\automation-proposal\raw_data\dataset-downloads\dataset_b-20260908T164438Z-1-001\dataset_b\ses_20260701-191537-LAPTOP-76QMG9DE\chunk_20260701-1900-LAPTOP-76QMG9DE\events.jsonl,1175,20260701-1900-LAPTOP-76QMG9DE,scr_smart_1782933907936_monitor_1_post.jpg | screenshots/scr_smart_1782933907936_monitor_1_post.jpg,True
ses_20260701-191537-LAPTOP-76QMG9DE,22,2026-07-01T19:25:05.798Z,2026-07-01T19:25:13.798Z,2026-07-01T19:25:11.015000+00:00,evt_b2be1f21-9095-49f1-8578-d484bba8416a,C:\Users\Gaurav Rathod\Downloads\automation-proposal\raw_data\dataset-downloads\dataset_b-20260908T164438Z-1-001\dataset_b\ses_20260701-191537-LAPTOP-76QMG9DE\chunk_20260701-1900-LAPTOP-76QMG9DE\events.jsonl,1177,20260701-1900-LAPTOP-76QMG9DE,scr_smart_1782933911015_monitor_1_post.jpg | screenshots/scr_smart_1782933911015_monitor_1_post.jpg,True
ses_20260701-191537-LAPTOP-76QMG9DE,22,2026-07-01T19:25:05.798Z,2026-07-01T19:25:13.798Z,2026-07-01T19:25:11.567000+00:00,evt_5552cfac-465a-4fc3-962b-b6e511fb2097,C:\Users\Gaurav Rathod\Downloads\automation-proposal\raw_data\dataset-downloads\dataset_b-20260908T164438Z-1-001\dataset_b\ses_20260701-191537-LAPTOP-76QMG9DE\chunk_20260701-1900-LAPTOP-76QMG9DE\events.jsonl,1180,20260701-1900-LAPTOP-76QMG9DE,scr_smart_1782933911567_monitor_1_post.jpg | screenshots/scr_smart_1782933911567_monitor_1_post.jpg,True
ses_20260701-191537-LAPTOP-76QMG9DE,22,2026-07-01T19:25:05.798Z,2026-07-01T19:25:13.798Z,2026-07-01T19:25:12.826000+00:00,evt_d1ba3fda-162d-4752-bc1b-3a82b478aaa5,C:\Users\Gaurav Rathod\Downloads\automation-proposal\raw_data\dataset-downloads\dataset_b-20260908T164438Z-1-001\dataset_b\ses_20260701-191537-LAPTOP-76QMG9DE\chunk_20260701-1900-LAPTOP-76QMG9DE\events.jsonl,1183,20260701-1900-LAPTOP-76QMG9DE,scr_smart_1782933912826_monitor_1_post.jpg | screenshots/scr_smart_1782933912826_monitor_1_post.jpg,True
ses_20260701-191537-LAPTOP-76QMG9DE,22,2026-07-01T19:25:05.798Z,2026-07-01T19:25:13.798Z,2026-07-01T19:25:13.355000+00:00,evt_2af6480f-ae6b-46f2-af11-69759ecbf122,C:\Users\Gaurav Rathod\Downloads\automation-proposal\raw_data\dataset-downloads\dataset_b-20260908T164438Z-1-001\dataset_b\ses_20260701-191537-LAPTOP-76QMG9DE\chunk_20260701-1900-LAPTOP-76QMG9DE\events.jsonl,1185,20260701-1900-LAPTOP-76QMG9DE,scr_smart_1782933913355_monitor_1_post.jpg | screenshots/scr_smart_1782933913355_monitor_1_post.jpg,True
ses_20260701-191537-LAPTOP-76QMG9DE,23,2026-07-01T19:25:13.798Z,2026-07-01T19:25:23.798Z,2026-07-01T19:25:13.987000+00:00,evt_25e461f2-7e1f-4356-99c1-e895842dede3,C:\Users\Gaurav Rathod\Downloads\automation-proposal\raw_data\dataset-downloads\dataset_b-20260908T164438Z-1-001\dataset_b\ses_20260701-191537-LAPTOP-76QMG9DE\chunk_20260701-1900-LAPTOP-76QMG9DE\events.jsonl,1191,20260701-1900-LAPTOP-76QMG9DE,scr_smart_1782933913987_monitor_1_post.jpg | screenshots/scr_smart_1782933913987_monitor_1_post.jpg,True
ses_20260701-191537-LAPTOP-76QMG9DE,23,2026-07-01T19:25:13.798Z,2026-07-01T19:25:23.798Z,2026-07-01T19:25:16.038000+00:00,evt_6ea32eae-ecf5-41c8-b979-9f7423aa5062,C:\Users\Gaurav Rathod\Downloads\automation-proposal\raw_data\dataset-downloads\dataset_b-20260908T164438Z-1-001\dataset_b\ses_20260701-191537-LAPTOP-76QMG9DE\chunk_20260701-1900-LAPTOP-76QMG9DE\events.jsonl,1194,20260701-1900-LAPTOP-76QMG9DE,scr_smart_1782933916038_monitor_1_post.jpg | screenshots/scr_smart_1782933916038_monitor_1_post.jpg,True
ses_20260701-191537-LAPTOP-76QMG9DE,23,2026-07-01T19:25:13.798Z,2026-07-01T19:25:23.798Z,2026-07-01T19:25:20.429000+00:00,evt_d2c7e5aa-28e6-4dbe-a03d-e717323ced52,C:\Users\Gaurav Rathod\Downloads\automation-proposal\raw_data\dataset-downloads\dataset_b-20260908T164438Z-1-001\dataset_b\ses_20260701-191537-LAPTOP-76QMG9DE\chunk_20260701-1900-LAPTOP-76QMG9DE\events.jsonl,1198,20260701-1900-LAPTOP-76QMG9DE,scr_smart_1782933920429_monitor_1_post.jpg | screenshots/scr_smart_1782933920429_monitor_1_post.jpg,True
ses_20260701-191537-LAPTOP-76QMG9DE,23,2026-07-01T19:25:13.798Z,2026-07-01T19:25:23.798Z,2026-07-01T19:25:21.681000+00:00,evt_a9cdd1d0-47b2-4725-9324-dc536cee170f,C:\Users\Gaurav Rathod\Downloads\automation-proposal\raw_data\dataset-downloads\dataset_b-20260908T164438Z-1-001\dataset_b\ses_20260701-191537-LAPTOP-76QMG9DE\chunk_20260701-1900-LAPTOP-76QMG9DE\events.jsonl,1201,20260701-1900-LAPTOP-76QMG9DE,scr_smart_1782933921681_monitor_1_post.jpg | screenshots/scr_smart_1782933921681_monitor_1_post.jpg,True
ses_20260701-191537-LAPTOP-76QMG9DE,23,2026-07-01T19:25:13.798Z,2026-07-01T19:25:23.798Z,2026-07-01T19:25:22.522000+00:00,evt_f678c4ae-ba1e-4253-8567-38508ce64580,C:\Users\Gaurav Rathod\Downloads\automation-proposal\raw_data\dataset-downloads\dataset_b-20260908T164438Z-1-001\dataset_b\ses_20260701-191537-LAPTOP-76QMG9DE\chunk_20260701-1900-LAPTOP-76QMG9DE\events.jsonl,1208,20260701-1900-LAPTOP-76QMG9DE,scr_smart_1782933922522_monitor_1_post.jpg | screenshots/scr_smart_1782933922522_monitor_1_post.jpg,True
ses_20260701-192455-NEELA9BAF,1,2026-07-01T19:25:43.727Z,2026-07-01T19:26:03.727Z,2026-07-01T19:25:46.461000+00:00,evt_abd39155-5b58-4085-8b64-7eca8ef5327f,C:\Users\Gaurav Rathod\Downloads\automation-proposal\raw_data\dataset-downloads\dataset_b-20260908T164438Z-1-001\dataset_b\ses_20260701-192455-NEELA9BAF\chunk_20260701-1900-NEELA9BAF\events.jsonl,72,20260701-1900-NEELA9BAF,scr_smart_1782933946461_monitor_1_post.jpg | screenshots/scr_smart_1782933946461_monitor_1_post.jpg,True
ses_20260701-192455-NEELA9BAF,1,2026-07-01T19:25:43.727Z,2026-07-01T19:26:03.727Z,2026-07-01T19:25:50.702000+00:00,evt_d7ce8792-1e35-4953-9d17-76728f4f3c30,C:\Users\Gaurav Rathod\Downloads\automation-proposal\raw_data\dataset-downloads\dataset_b-20260908T164438Z-1-001\dataset_b\ses_20260701-192455-NEELA9BAF\chunk_20260701-1900-NEELA9BAF\events.jsonl,74,20260701-1900-NEELA9BAF,scr_smart_1782933950702_monitor_1_post.jpg | screenshots/scr_smart_1782933950702_monitor_1_post.jpg,True
ses_20260701-192455-NEELA9BAF,1,2026-07-01T19:25:43.727Z,2026-07-01T19:26:03.727Z,2026-07-01T19:25:52.002000+00:00,evt_2a7aec87-3d70-479f-b026-06e794f8f47e,C:\Users\Gaurav Rathod\Downloads\automation-proposal\raw_data\dataset-downloads\dataset_b-20260908T164438Z-1-001\dataset_b\ses_20260701-192455-NEELA9BAF\chunk_20260701-1900-NEELA9BAF\events.jsonl,76,20260701-1900-NEELA9BAF,scr_smart_1782933952002_monitor_1_post.jpg | screenshots/scr_smart_1782933952002_monitor_1_post.jpg,True
ses_20260701-192455-NEELA9BAF,1,2026-07-01T19:25:43.727Z,2026-07-01T19:26:03.727Z,2026-07-01T19:25:52.496000+00:00,evt_ff4b5697-6db0-4dde-a6e8-da923136048f,C:\Users\Gaurav Rathod\Downloads\automation-proposal\raw_data\dataset-downloads\dataset_b-20260908T164438Z-1-001\dataset_b\ses_20260701-192455-NEELA9BAF\chunk_20260701-1900-NEELA9BAF\events.jsonl,78,20260701-1900-NEELA9BAF,scr_smart_1782933952496_monitor_1_post.jpg | screenshots/scr_smart_1782933952496_monitor_1_post.jpg,True
ses_20260701-192455-NEELA9BAF,1,2026-07-01T19:25:43.727Z,2026-07-01T19:26:03.727Z,2026-07-01T19:25:53.678000+00:00,evt_cc2ecffd-bffe-42f3-a307-08bd37370867,C:\Users\Gaurav Rathod\Downloads\automation-proposal\raw_data\dataset-downloads\dataset_b-20260908T164438Z-1-001\dataset_b\ses_20260701-192455-NEELA9BAF\chunk_20260701-1900-NEELA9BAF\events.jsonl,81,20260701-1900-NEELA9BAF,scr_smart_1782933953678_monitor_1_post.jpg | screenshots/scr_smart_1782933953678_monitor_1_post.jpg,True
ses_20260701-192455-NEELA9BAF,1,2026-07-01T19:25:43.727Z,2026-07-01T19:26:03.727Z,2026-07-01T19:25:54.479000+00:00,evt_d1dee6ed-3eed-407b-9edd-6d84ba0f4a8a,C:\Users\Gaurav Rathod\Downloads\automation-proposal\raw_data\dataset-downloads\dataset_b-20260908T164438Z-1-001\dataset_b\ses_20260701-192455-NEELA9BAF\chunk_20260701-1900-NEELA9BAF\events.jsonl,87,20260701-1900-NEELA9BAF,scr_smart_1782933954479_monitor_1_post.jpg | screenshots/scr_smart_1782933954479_monitor_1_post.jpg,True
ses_20260701-192455-NEELA9BAF,1,2026-07-01T19:25:43.727Z,2026-07-01T19:26:03.727Z,2026-07-01T19:26:00.589000+00:00,evt_e26986a8-8c7b-48d9-837a-6ad7d08a522c,C:\Users\Gaurav Rathod\Downloads\automation-proposal\raw_data\dataset-downloads\dataset_b-20260908T164438Z-1-001\dataset_b\ses_20260701-192455-NEELA9BAF\chunk_20260701-1900-NEELA9BAF\events.jsonl,90,20260701-1900-NEELA9BAF,scr_smart_1782933960589_monitor_1_post.jpg | screenshots/scr_smart_1782933960589_monitor_1_post.jpg,True
ses_20260701-192455-NEELA9BAF,1,2026-07-01T19:25:43.727Z,2026-07-01T19:26:03.727Z,2026-07-01T19:26:01.088000+00:00,evt_116570be-1e52-4fab-8d89-9182ff31c54f,C:\Users\Gaurav Rathod\Downloads\automation-proposal\raw_data\dataset-downloads\dataset_b-20260908T164438Z-1-001\dataset_b\ses_20260701-192455-NEELA9BAF\chunk_20260701-1900-NEELA9BAF\events.jsonl,92,20260701-1900-NEELA9BAF,scr_smart_1782933961088_monitor_1_post.jpg | screenshots/scr_smart_1782933961088_monitor_1_post.jpg,True
ses_20260701-192455-NEELA9BAF,1,2026-07-01T19:25:43.727Z,2026-07-01T19:26:03.727Z,2026-07-01T19:26:02.367000+00:00,evt_8d8607c8-bf22-4837-aedd-b1256dd88694,C:\Users\Gaurav Rathod\Downloads\automation-proposal\raw_data\dataset-downloads\dataset_b-20260908T164438Z-1-001\dataset_b\ses_20260701-192455-NEELA9BAF\chunk_20260701-1900-NEELA9BAF\events.jsonl,95,20260701-1900-NEELA9BAF,scr_smart_1782933962367_monitor_1_post.jpg | screenshots/scr_smart_1782933962367_monitor_1_post.jpg,True
ses_20260701-192455-NEELA9BAF,1,2026-07-01T19:25:43.727Z,2026-07-01T19:26:03.727Z,2026-07-01T19:26:03.461000+00:00,evt_6ca67f7b-0c0d-4cc7-aeef-bc84225a0aad,C:\Users\Gaurav Rathod\Downloads\automation-proposal\raw_data\dataset-downloads\dataset_b-20260908T164438Z-1-001\dataset_b\ses_20260701-192455-NEELA9BAF\chunk_20260701-1900-NEELA9BAF\events.jsonl,101,20260701-1900-NEELA9BAF,scr_smart_1782933963461_monitor_1_post.jpg | screenshots/scr_smart_1782933963461_monitor_1_post.jpg,True
ses_20260701-192455-NEELA9BAF,2,2026-07-01T19:26:03.727Z,2026-07-01T19:26:21.727Z,2026-07-01T19:26:07.167000+00:00,evt_04dcd17a-e19b-4987-b24b-122d2ab0e2f3,C:\Users\Gaurav Rathod\Downloads\automation-proposal\raw_data\dataset-downloads\dataset_b-20260908T164438Z-1-001\dataset_b\ses_20260701-192455-NEELA9BAF\chunk_20260701-1900-NEELA9BAF\events.jsonl,104,20260701-1900-NEELA9BAF,scr_smart_1782933967167_monitor_1_post.jpg | screenshots/scr_smart_1782933967167_monitor_1_post.jpg,True
ses_20260701-192455-NEELA9BAF,2,2026-07-01T19:26:03.727Z,2026-07-01T19:26:21.727Z,2026-07-01T19:26:10.584000+00:00,evt_982a0193-74ea-44c5-8ec5-e4c5005b63df,C:\Users\Gaurav Rathod\Downloads\automation-proposal\raw_data\dataset-downloads\dataset_b-20260908T164438Z-1-001\dataset_b\ses_20260701-192455-NEELA9BAF\chunk_20260701-1900-NEELA9BAF\events.jsonl,106,20260701-1900-NEELA9BAF,scr_smart_1782933970584_monitor_1_post.jpg | screenshots/scr_smart_1782933970584_monitor_1_post.jpg,True
ses_20260701-192455-NEELA9BAF,2,2026-07-01T19:26:03.727Z,2026-07-01T19:26:21.727Z,2026-07-01T19:26:11.183000+00:00,evt_1b748fa3-42f9-4b8b-8eae-4ca3bcf25cff,C:\Users\Gaurav Rathod\Downloads\automation-proposal\raw_data\dataset-downloads\dataset_b-20260908T164438Z-1-001\dataset_b\ses_20260701-192455-NEELA9BAF\chunk_20260701-1900-NEELA9BAF\events.jsonl,108,20260701-1900-NEELA9BAF,scr_smart_1782933971183_monitor_1_post.jpg | screenshots/scr_smart_1782933971183_monitor_1_post.jpg,True
ses_20260701-192455-NEELA9BAF,2,2026-07-01T19:26:03.727Z,2026-07-01T19:26:21.727Z,2026-07-01T19:26:12.388000+00:00,evt_d1b0b1c6-cc9d-4914-8941-c0e23acdcbfd,C:\Users\Gaurav Rathod\Downloads\automation-proposal\raw_data\dataset-downloads\dataset_b-20260908T164438Z-1-001\dataset_b\ses_20260701-192455-NEELA9BAF\chunk_20260701-1900-NEELA9BAF\events.jsonl,111,20260701-1900-NEELA9BAF,scr_smart_1782933972388_monitor_1_post.jpg | screenshots/scr_smart_1782933972388_monitor_1_post.jpg,True
ses_20260701-192455-NEELA9BAF,2,2026-07-01T19:26:03.727Z,2026-07-01T19:26:21.727Z,2026-07-01T19:26:13.478000+00:00,evt_993a35e5-bfec-41d5-aa01-9791adbddc77,C:\Users\Gaurav Rathod\Downloads\automation-proposal\raw_data\dataset-downloads\dataset_b-20260908T164438Z-1-001\dataset_b\ses_20260701-192455-NEELA9BAF\chunk_20260701-1900-NEELA9BAF\events.jsonl,117,20260701-1900-NEELA9BAF,scr_smart_1782933973478_monitor_1_post.jpg | screenshots/scr_smart_1782933973478_monitor_1_post.jpg,True
ses_20260701-192455-NEELA9BAF,2,2026-07-01T19:26:03.727Z,2026-07-01T19:26:21.727Z,2026-07-01T19:26:19.003000+00:00,evt_c9d8fb43-54d9-460f-b664-8db97b7f9482,C:\Users\Gaurav Rathod\Downloads\automation-proposal\raw_data\dataset-downloads\dataset_b-20260908T164438Z-1-001\dataset_b\ses_20260701-192455-NEELA9BAF\chunk_20260701-1900-NEELA9BAF\events.jsonl,120,20260701-1900-NEELA9BAF,scr_smart_1782933979003_monitor_1_post.jpg | screenshots/scr_smart_1782933979003_monitor_1_post.jpg,True
ses_20260701-192455-NEELA9BAF,2,2026-07-01T19:26:03.727Z,2026-07-01T19:26:21.727Z,2026-07-01T19:26:20.613000+00:00,evt_143cdf79-8c79-49b9-922e-1d09d1c9e376,C:\Users\Gaurav Rathod\Downloads\automation-proposal\raw_data\dataset-downloads\dataset_b-20260908T164438Z-1-001\dataset_b\ses_20260701-192455-NEELA9BAF\chunk_20260701-1900-NEELA9BAF\events.jsonl,124,20260701-1900-NEELA9BAF,scr_smart_1782933980613_monitor_1_post.jpg | screenshots/scr_smart_1782933980613_monitor_1_post.jpg,True
ses_20260701-192455-NEELA9BAF,2,2026-07-01T19:26:03.727Z,2026-07-01T19:26:21.727Z,2026-07-01T19:26:21.506000+00:00,evt_0f3e959d-7e9b-4adb-97cf-d95481f868a0,C:\Users\Gaurav Rathod\Downloads\automation-proposal\raw_data\dataset-downloads\dataset_b-20260908T164438Z-1-001\dataset_b\ses_20260701-192455-NEELA9BAF\chunk_20260701-1900-NEELA9BAF\events.jsonl,130,20260701-1900-NEELA9BAF,scr_smart_1782933981506_monitor_1_post.jpg | screenshots/scr_smart_1782933981506_monitor_1_post.jpg,True
ses_20260701-192455-NEELA9BAF,3,2026-07-01T19:27:43.727Z,2026-07-01T19:28:17.727Z,2026-07-01T19:27:45.597000+00:00,evt_3c2e503c-8734-4b78-bcfb-7295cee2d700,C:\Users\Gaurav Rathod\Downloads\automation-proposal\raw_data\dataset-downloads\dataset_b-20260908T164438Z-1-001\dataset_b\ses_20260701-192455-NEELA9BAF\chunk_20260701-1900-NEELA9BAF\events.jsonl,219,20260701-1900-NEELA9BAF,scr_smart_1782934065597_monitor_1_post.jpg | screenshots/scr_smart_1782934065597_monitor_1_post.jpg,True
ses_20260701-192455-NEELA9BAF,3,2026-07-01T19:27:43.727Z,2026-07-01T19:28:17.727Z,2026-07-01T19:27:48.254000+00:00,evt_0c476270-34b6-4838-afef-69e1aa386a38,C:\Users\Gaurav Rathod\Downloads\automation-proposal\raw_data\dataset-downloads\dataset_b-20260908T164438Z-1-001\dataset_b\ses_20260701-192455-NEELA9BAF\chunk_20260701-1900-NEELA9BAF\events.jsonl,223,20260701-1900-NEELA9BAF,scr_smart_1782934068254_monitor_1_post.jpg | screenshots/scr_smart_1782934068254_monitor_1_post.jpg,True
ses_20260701-192455-NEELA9BAF,3,2026-07-01T19:27:43.727Z,2026-07-01T19:28:17.727Z,2026-07-01T19:27:48.922000+00:00,evt_2798dceb-edf8-499b-a569-3c3fa17531c4,C:\Users\Gaurav Rathod\Downloads\automation-proposal\raw_data\dataset-downloads\dataset_b-20260908T164438Z-1-001\dataset_b\ses_20260701-192455-NEELA9BAF\chunk_20260701-1900-NEELA9BAF\events.jsonl,225,20260701-1900-NEELA9BAF,scr_smart_1782934068922_monitor_1_post.jpg | screenshots/scr_smart_1782934068922_monitor_1_post.jpg,True
ses_20260701-192455-NEELA9BAF,3,2026-07-01T19:27:43.727Z,2026-07-01T19:28:17.727Z,2026-07-01T19:27:51.136000+00:00,evt_b845f39e-063e-49d5-be28-ae357a938fe7,C:\Users\Gaurav Rathod\Downloads\automation-proposal\raw_data\dataset-downloads\dataset_b-20260908T164438Z-1-001\dataset_b\ses_20260701-192455-NEELA9BAF\chunk_20260701-1900-NEELA9BAF\events.jsonl,227,20260701-1900-NEELA9BAF,scr_smart_1782934071136_monitor_1_post.jpg | screenshots/scr_smart_1782934071136_monitor_1_post.jpg,True
ses_20260701-192455-NEELA9BAF,3,2026-07-01T19:27:43.727Z,2026-07-01T19:28:17.727Z,2026-07-01T19:27:52.170000+00:00,evt_1a9a0c20-44d4-4c22-9c21-76ce2e6cb1bc,C:\Users\Gaurav Rathod\Downloads\automation-proposal\raw_data\dataset-downloads\dataset_b-20260908T164438Z-1-001\dataset_b\ses_20260701-192455-NEELA9BAF\chunk_20260701-1900-NEELA9BAF\events.jsonl,233,20260701-1900-NEELA9BAF,scr_smart_1782934072170_monitor_1_post.jpg | screenshots/scr_smart_1782934072170_monitor_1_post.jpg,True
ses_20260701-192455-NEELA9BAF,3,2026-07-01T19:27:43.727Z,2026-07-01T19:28:17.727Z,2026-07-01T19:28:02.716000+00:00,evt_8a2448dc-dc45-4551-9ca5-47738748de3b,C:\Users\Gaurav Rathod\Downloads\automation-proposal\raw_data\dataset-downloads\dataset_b-20260908T164438Z-1-001\dataset_b\ses_20260701-192455-NEELA9BAF\chunk_20260701-1900-NEELA9BAF\events.jsonl,237,20260701-1900-NEELA9BAF,scr_smart_1782934082716_monitor_1_post.jpg | screenshots/scr_smart_1782934082716_monitor_1_post.jpg,True
ses_20260701-192455-NEELA9BAF,3,2026-07-01T19:27:43.727Z,2026-07-01T19:28:17.727Z,2026-07-01T19:28:03.390000+00:00,evt_5c9060ef-55ef-4f8f-a061-3d28cf2aa0e2,C:\Users\Gaurav Rathod\Downloads\automation-proposal\raw_data\dataset-downloads\dataset_b-20260908T164438Z-1-001\dataset_b\ses_20260701-192455-NEELA9BAF\chunk_20260701-1900-NEELA9BAF\events.jsonl,238,20260701-1900-NEELA9BAF,scr_smart_1782934083390_monitor_1_post.jpg | screenshots/scr_smart_1782934083390_monitor_1_post.jpg,True
ses_20260701-192455-NEELA9BAF,3,2026-07-01T19:27:43.727Z,2026-07-01T19:28:17.727Z,2026-07-01T19:28:10.214000+00:00,evt_9a916dda-4b25-474c-af05-444e3af91d7e,C:\Users\Gaurav Rathod\Downloads\automation-proposal\raw_data\dataset-downloads\dataset_b-20260908T164438Z-1-001\dataset_b\ses_20260701-192455-NEELA9BAF\chunk_20260701-1900-NEELA9BAF\events.jsonl,243,20260701-1900-NEELA9BAF,scr_smart_1782934090214_monitor_1_post.jpg | screenshots/scr_smart_1782934090214_monitor_1_post.jpg,True
ses_20260701-192455-NEELA9BAF,3,2026-07-01T19:27:43.727Z,2026-07-01T19:28:17.727Z,2026-07-01T19:28:12.312000+00:00,evt_b779bb43-d55a-4831-94f0-7b78c52814ce,C:\Users\Gaurav Rathod\Downloads\automation-proposal\raw_data\dataset-downloads\dataset_b-20260908T164438Z-1-001\dataset_b\ses_20260701-192455-NEELA9BAF\chunk_20260701-1900-NEELA9BAF\events.jsonl,245,20260701-1900-NEELA9BAF,scr_smart_1782934092312_monitor_1_post.jpg | screenshots/scr_smart_1782934092312_monitor_1_post.jpg,True
ses_20260701-192455-NEELA9BAF,3,2026-07-01T19:27:43.727Z,2026-07-01T19:28:17.727Z,2026-07-01T19:28:13.783000+00:00,evt_77f0a9c7-b39b-4f12-b5ff-2db6ff56333b,C:\Users\Gaurav Rathod\Downloads\automation-proposal\raw_data\dataset-downloads\dataset_b-20260908T164438Z-1-001\dataset_b\ses_20260701-192455-NEELA9BAF\chunk_20260701-1900-NEELA9BAF\events.jsonl,248,20260701-1900-NEELA9BAF,scr_smart_1782934093783_monitor_1_post.jpg | screenshots/scr_smart_1782934093783_monitor_1_post.jpg,True
ses_20260701-192455-NEELA9BAF,3,2026-07-01T19:27:43.727Z,2026-07-01T19:28:17.727Z,2026-07-01T19:28:14.896000+00:00,evt_825415e9-1d61-40a0-9b56-d2f54ec0011a,C:\Users\Gaurav Rathod\Downloads\automation-proposal\raw_data\dataset-downloads\dataset_b-20260908T164438Z-1-001\dataset_b\ses_20260701-192455-NEELA9BAF\chunk_20260701-1900-NEELA9BAF\events.jsonl,254,20260701-1900-NEELA9BAF,scr_smart_1782934094896_monitor_1_post.jpg | screenshots/scr_smart_1782934094896_monitor_1_post.jpg,True
ses_20260701-192455-NEELA9BAF,4,2026-07-01T19:28:17.727Z,2026-07-01T19:28:25.727Z,2026-07-01T19:28:18.698000+00:00,evt_40454bf5-08fd-4dfe-ab38-e12f9d42279c,C:\Users\Gaurav Rathod\Downloads\automation-proposal\raw_data\dataset-downloads\dataset_b-20260908T164438Z-1-001\dataset_b\ses_20260701-192455-NEELA9BAF\chunk_20260701-1900-NEELA9BAF\events.jsonl,260,20260701-1900-NEELA9BAF,scr_smart_1782934098698_monitor_1_post.jpg | screenshots/scr_smart_1782934098698_monitor_1_post.jpg,True
ses_20260701-192455-NEELA9BAF,4,2026-07-01T19:28:17.727Z,2026-07-01T19:28:25.727Z,2026-07-01T19:28:22.232000+00:00,evt_f7572428-8701-4fd3-9b07-7680dca87613,C:\Users\Gaurav Rathod\Downloads\automation-proposal\raw_data\dataset-downloads\dataset_b-20260908T164438Z-1-001\dataset_b\ses_20260701-192455-NEELA9BAF\chunk_20260701-1900-NEELA9BAF\events.jsonl,266,20260701-1900-NEELA9BAF,scr_smart_1782934102232_monitor_1_post.jpg | screenshots/scr_smart_1782934102232_monitor_1_post.jpg,True
ses_20260701-192455-NEELA9BAF,4,2026-07-01T19:28:17.727Z,2026-07-01T19:28:25.727Z,2026-07-01T19:28:23.959000+00:00,evt_306394d7-4e24-40a2-835a-0959b8ddd836,C:\Users\Gaurav Rathod\Downloads\automation-proposal\raw_data\dataset-downloads\dataset_b-20260908T164438Z-1-001\dataset_b\ses_20260701-192455-NEELA9BAF\chunk_20260701-1900-NEELA9BAF\events.jsonl,269,20260701-1900-NEELA9BAF,scr_smart_1782934103959_monitor_1_post.jpg | screenshots/scr_smart_1782934103959_monitor_1_post.jpg,True
ses_20260701-192455-NEELA9BAF,4,2026-07-01T19:28:17.727Z,2026-07-01T19:28:25.727Z,2026-07-01T19:28:24.880000+00:00,evt_5b1d9848-83fe-492c-9b8f-3bb6b1328617,C:\Users\Gaurav Rathod\Downloads\automation-proposal\raw_data\dataset-downloads\dataset_b-20260908T164438Z-1-001\dataset_b\ses_20260701-192455-NEELA9BAF\chunk_20260701-1900-NEELA9BAF\events.jsonl,275,20260701-1900-NEELA9BAF,scr_smart_1782934104880_monitor_1_post.jpg | screenshots/scr_smart_1782934104880_monitor_1_post.jpg,True
ses_20260701-192455-NEELA9BAF,5,2026-07-01T19:28:25.727Z,2026-07-01T19:28:41.727Z,2026-07-01T19:28:30.512000+00:00,evt_70ef944b-b95f-46e1-be70-41d85aa9ca24,C:\Users\Gaurav Rathod\Downloads\automation-proposal\raw_data\dataset-downloads\dataset_b-20260908T164438Z-1-001\dataset_b\ses_20260701-192455-NEELA9BAF\chunk_20260701-1900-NEELA9BAF\events.jsonl,278,20260701-1900-NEELA9BAF,scr_smart_1782934110512_monitor_1_post.jpg | screenshots/scr_smart_1782934110512_monitor_1_post.jpg,True
ses_20260701-192455-NEELA9BAF,5,2026-07-01T19:28:25.727Z,2026-07-01T19:28:41.727Z,2026-07-01T19:28:31.733000+00:00,evt_26a8e2cb-22fc-483e-905e-e4676f1c9ccd,C:\Users\Gaurav Rathod\Downloads\automation-proposal\raw_data\dataset-downloads\dataset_b-20260908T164438Z-1-001\dataset_b\ses_20260701-192455-NEELA9BAF\chunk_20260701-1900-NEELA9BAF\events.jsonl,281,20260701-1900-NEELA9BAF,scr_smart_1782934111733_monitor_1_post.jpg | screenshots/scr_smart_1782934111733_monitor_1_post.jpg,True
ses_20260701-192455-NEELA9BAF,5,2026-07-01T19:28:25.727Z,2026-07-01T19:28:41.727Z,2026-07-01T19:28:32.828000+00:00,evt_a242a6da-55f2-4407-9fd1-60685ddbdc11,C:\Users\Gaurav Rathod\Downloads\automation-proposal\raw_data\dataset-downloads\dataset_b-20260908T164438Z-1-001\dataset_b\ses_20260701-192455-NEELA9BAF\chunk_20260701-1900-NEELA9BAF\events.jsonl,287,20260701-1900-NEELA9BAF,scr_smart_1782934112828_monitor_1_post.jpg | screenshots/scr_smart_1782934112828_monitor_1_post.jpg,True
ses_20260701-192455-NEELA9BAF,5,2026-07-01T19:28:25.727Z,2026-07-01T19:28:41.727Z,2026-07-01T19:28:39.451000+00:00,evt_3009690c-6138-4dd3-8b48-843d83ecff6e,C:\Users\Gaurav Rathod\Downloads\automation-proposal\raw_data\dataset-downloads\dataset_b-20260908T164438Z-1-001\dataset_b\ses_20260701-192455-NEELA9BAF\chunk_20260701-1900-NEELA9BAF\events.jsonl,290,20260701-1900-NEELA9BAF,scr_smart_1782934119451_monitor_1_post.jpg | screenshots/scr_smart_1782934119451_monitor_1_post.jpg,True
ses_20260701-192455-NEELA9BAF,5,2026-07-01T19:28:25.727Z,2026-07-01T19:28:41.727Z,2026-07-01T19:28:40.658000+00:00,evt_9d864e63-23a6-4ff3-8821-ac82e115ab13,C:\Users\Gaurav Rathod\Downloads\automation-proposal\raw_data\dataset-downloads\dataset_b-20260908T164438Z-1-001\dataset_b\ses_20260701-192455-NEELA9BAF\chunk_20260701-1900-NEELA9BAF\events.jsonl,293,20260701-1900-NEELA9BAF,scr_smart_1782934120658_monitor_1_post.jpg | screenshots/scr_smart_1782934120658_monitor_1_post.jpg,True
ses_20260701-192455-NEELA9BAF,5,2026-07-01T19:28:25.727Z,2026-07-01T19:28:41.727Z,2026-07-01T19:28:41.560000+00:00,evt_c1b6bee7-da5e-41d3-9b40-c3307902a3f6,C:\Users\Gaurav Rathod\Downloads\automation-proposal\raw_data\dataset-downloads\dataset_b-20260908T164438Z-1-001\dataset_b\ses_20260701-192455-NEELA9BAF\chunk_20260701-1900-NEELA9BAF\events.jsonl,299,20260701-1900-NEELA9BAF,scr_smart_1782934121560_monitor_1_post.jpg | screenshots/scr_smart_1782934121560_monitor_1_post.jpg,True
ses_20260701-192455-NEELA9BAF,6,2026-07-01T19:28:41.727Z,2026-07-01T19:28:55.727Z,2026-07-01T19:28:45.262000+00:00,evt_493ba221-5b04-4a53-8ffd-674faf11a597,C:\Users\Gaurav Rathod\Downloads\automation-proposal\raw_data\dataset-downloads\dataset_b-20260908T164438Z-1-001\dataset_b\ses_20260701-192455-NEELA9BAF\chunk_20260701-1900-NEELA9BAF\events.jsonl,302,20260701-1900-NEELA9BAF,scr_smart_1782934125262_monitor_1_post.jpg | screenshots/scr_smart_1782934125262_monitor_1_post.jpg,True
ses_20260701-192455-NEELA9BAF,6,2026-07-01T19:28:41.727Z,2026-07-01T19:28:55.727Z,2026-07-01T19:28:45.848000+00:00,evt_ea5f19ca-9784-446b-87fd-342f72000f8c,C:\Users\Gaurav Rathod\Downloads\automation-proposal\raw_data\dataset-downloads\dataset_b-20260908T164438Z-1-001\dataset_b\ses_20260701-192455-NEELA9BAF\chunk_20260701-1900-NEELA9BAF\events.jsonl,310,20260701-1900-NEELA9BAF,scr_smart_1782934125848_monitor_1_post.jpg | screenshots/scr_smart_1782934125848_monitor_1_post.jpg,True
ses_20260701-192455-NEELA9BAF,6,2026-07-01T19:28:41.727Z,2026-07-01T19:28:55.727Z,2026-07-01T19:28:51.390000+00:00,evt_160dbf9f-5f23-449c-9f22-0f489a4c8af5,C:\Users\Gaurav Rathod\Downloads\automation-proposal\raw_data\dataset-downloads\dataset_b-20260908T164438Z-1-001\dataset_b\ses_20260701-192455-NEELA9BAF\chunk_20260701-1900-NEELA9BAF\events.jsonl,312,20260701-1900-NEELA9BAF,scr_smart_1782934131390_monitor_1_post.jpg | screenshots/scr_smart_1782934131390_monitor_1_post.jpg,True
ses_20260701-192455-NEELA9BAF,6,2026-07-01T19:28:41.727Z,2026-07-01T19:28:55.727Z,2026-07-01T19:28:53.280000+00:00,evt_b96cbf6a-01ba-46ce-8ee5-5fa1a06129c6,C:\Users\Gaurav Rathod\Downloads\automation-proposal\raw_data\dataset-downloads\dataset_b-20260908T164438Z-1-001\dataset_b\ses_20260701-192455-NEELA9BAF\chunk_20260701-1900-NEELA9BAF\events.jsonl,315,20260701-1900-NEELA9BAF,scr_smart_1782934133280_monitor_1_post.jpg | screenshots/scr_smart_1782934133280_monitor_1_post.jpg,True
ses_20260701-192455-NEELA9BAF,6,2026-07-01T19:28:41.727Z,2026-07-01T19:28:55.727Z,2026-07-01T19:28:54.373000+00:00,evt_90efbdbb-18d4-40af-86af-e690ec141d48,C:\Users\Gaurav Rathod\Downloads\automation-proposal\raw_data\dataset-downloads\dataset_b-20260908T164438Z-1-001\dataset_b\ses_20260701-192455-NEELA9BAF\chunk_20260701-1900-NEELA9BAF\events.jsonl,321,20260701-1900-NEELA9BAF,scr_smart_1782934134373_monitor_1_post.jpg | screenshots/scr_smart_1782934134373_monitor_1_post.jpg,True
ses_20260701-192455-NEELA9BAF,7,2026-07-01T19:28:59.727Z,2026-07-01T19:29:07.727Z,2026-07-01T19:29:04.110000+00:00,evt_63a606fd-2dc2-48d2-8341-80959cc740df,C:\Users\Gaurav Rathod\Downloads\automation-proposal\raw_data\dataset-downloads\dataset_b-20260908T164438Z-1-001\dataset_b\ses_20260701-192455-NEELA9BAF\chunk_20260701-1900-NEELA9BAF\events.jsonl,324,20260701-1900-NEELA9BAF,scr_smart_1782934144110_monitor_1_post.jpg | screenshots/scr_smart_1782934144110_monitor_1_post.jpg,True
ses_20260701-192455-NEELA9BAF,7,2026-07-01T19:28:59.727Z,2026-07-01T19:29:07.727Z,2026-07-01T19:29:05.617000+00:00,evt_158d34f3-438d-494b-a641-49f8e6b7503f,C:\Users\Gaurav Rathod\Downloads\automation-proposal\raw_data\dataset-downloads\dataset_b-20260908T164438Z-1-001\dataset_b\ses_20260701-192455-NEELA9BAF\chunk_20260701-1900-NEELA9BAF\events.jsonl,327,20260701-1900-NEELA9BAF,scr_smart_1782934145617_monitor_1_post.jpg | screenshots/scr_smart_1782934145617_monitor_1_post.jpg,True
ses_20260701-192455-NEELA9BAF,7,2026-07-01T19:28:59.727Z,2026-07-01T19:29:07.727Z,2026-07-01T19:29:06.527000+00:00,evt_3e2dfb80-e82e-4f08-b3ea-facc8aefb284,C:\Users\Gaurav Rathod\Downloads\automation-proposal\raw_data\dataset-downloads\dataset_b-20260908T164438Z-1-001\dataset_b\ses_20260701-192455-NEELA9BAF\chunk_20260701-1900-NEELA9BAF\events.jsonl,333,20260701-1900-NEELA9BAF,scr_smart_1782934146527_monitor_1_post.jpg | screenshots/scr_smart_1782934146527_monitor_1_post.jpg,True
ses_20260701-192455-NEELA9BAF,8,2026-07-01T19:29:11.727Z,2026-07-01T19:29:29.727Z,2026-07-01T19:29:16.181000+00:00,evt_e4b0c081-4057-4c8f-866a-e3c413ba792e,C:\Users\Gaurav Rathod\Downloads\automation-proposal\raw_data\dataset-downloads\dataset_b-20260908T164438Z-1-001\dataset_b\ses_20260701-192455-NEELA9BAF\chunk_20260701-1900-NEELA9BAF\events.jsonl,336,20260701-1900-NEELA9BAF,scr_smart_1782934156181_monitor_1_post.jpg | screenshots/scr_smart_1782934156181_monitor_1_post.jpg,True
ses_20260701-192455-NEELA9BAF,8,2026-07-01T19:29:11.727Z,2026-07-01T19:29:29.727Z,2026-07-01T19:29:17.832000+00:00,evt_9342055c-9611-418a-9d50-d6c54e3a995a,C:\Users\Gaurav Rathod\Downloads\automation-proposal\raw_data\dataset-downloads\dataset_b-20260908T164438Z-1-001\dataset_b\ses_20260701-192455-NEELA9BAF\chunk_20260701-1900-NEELA9BAF\events.jsonl,339,20260701-1900-NEELA9BAF,scr_smart_1782934157832_monitor_1_post.jpg | screenshots/scr_smart_1782934157832_monitor_1_post.jpg,True
ses_20260701-192455-NEELA9BAF,8,2026-07-01T19:29:11.727Z,2026-07-01T19:29:29.727Z,2026-07-01T19:29:18.631000+00:00,evt_9442af42-00bb-4092-8107-59df56b83828,C:\Users\Gaurav Rathod\Downloads\automation-proposal\raw_data\dataset-downloads\dataset_b-20260908T164438Z-1-001\dataset_b\ses_20260701-192455-NEELA9BAF\chunk_20260701-1900-NEELA9BAF\events.jsonl,345,20260701-1900-NEELA9BAF,scr_smart_1782934158631_monitor_1_post.jpg | screenshots/scr_smart_1782934158631_monitor_1_post.jpg,True
ses_20260701-192455-NEELA9BAF,8,2026-07-01T19:29:11.727Z,2026-07-01T19:29:29.727Z,2026-07-01T19:29:24.039000+00:00,evt_aeefc90e-adb9-4b5b-a837-3a5ad9715887,C:\Users\Gaurav Rathod\Downloads\automation-proposal\raw_data\dataset-downloads\dataset_b-20260908T164438Z-1-001\dataset_b\ses_20260701-192455-NEELA9BAF\chunk_20260701-1900-NEELA9BAF\events.jsonl,348,20260701-1900-NEELA9BAF,scr_smart_1782934164039_monitor_1_post.jpg | screenshots/scr_smart_1782934164039_monitor_1_post.jpg,True
ses_20260701-192455-NEELA9BAF,8,2026-07-01T19:29:11.727Z,2026-07-01T19:29:29.727Z,2026-07-01T19:29:25.652000+00:00,evt_83219d80-79d2-41f5-8f92-439c8d4b2e20,C:\Users\Gaurav Rathod\Downloads\automation-proposal\raw_data\dataset-downloads\dataset_b-20260908T164438Z-1-001\dataset_b\ses_20260701-192455-NEELA9BAF\chunk_20260701-1900-NEELA9BAF\events.jsonl,351,20260701-1900-NEELA9BAF,scr_smart_1782934165652_monitor_1_post.jpg | screenshots/scr_smart_1782934165652_monitor_1_post.jpg,True
ses_20260701-192455-NEELA9BAF,8,2026-07-01T19:29:11.727Z,2026-07-01T19:29:29.727Z,2026-07-01T19:29:26.741000+00:00,evt_dc7abe50-11ea-486f-b7b6-e1f867b4d3ab,C:\Users\Gaurav Rathod\Downloads\automation-proposal\raw_data\dataset-downloads\dataset_b-20260908T164438Z-1-001\dataset_b\ses_20260701-192455-NEELA9BAF\chunk_20260701-1900-NEELA9BAF\events.jsonl,357,20260701-1900-NEELA9BAF,scr_smart_1782934166741_monitor_1_post.jpg | screenshots/scr_smart_1782934166741_monitor_1_post.jpg,True
ses_20260701-192455-NEELA9BAF,9,2026-07-01T19:29:29.727Z,2026-07-01T19:29:45.727Z,2026-07-01T19:29:34.978000+00:00,evt_8dcaa30a-8964-47de-a7db-1395558c1d94,C:\Users\Gaurav Rathod\Downloads\automation-proposal\raw_data\dataset-downloads\dataset_b-20260908T164438Z-1-001\dataset_b\ses_20260701-192455-NEELA9BAF\chunk_20260701-1900-NEELA9BAF\events.jsonl,360,20260701-1900-NEELA9BAF,scr_smart_1782934174978_monitor_1_post.jpg | screenshots/scr_smart_1782934174978_monitor_1_post.jpg,True
ses_20260701-192455-NEELA9BAF,9,2026-07-01T19:29:29.727Z,2026-07-01T19:29:45.727Z,2026-07-01T19:29:36.408000+00:00,evt_d3de783d-dd0c-4875-9f2a-65ebfa31935a,C:\Users\Gaurav Rathod\Downloads\automation-proposal\raw_data\dataset-downloads\dataset_b-20260908T164438Z-1-001\dataset_b\ses_20260701-192455-NEELA9BAF\chunk_20260701-1900-NEELA9BAF\events.jsonl,364,20260701-1900-NEELA9BAF,scr_smart_1782934176408_monitor_1_post.jpg | screenshots/scr_smart_1782934176408_monitor_1_post.jpg,True
ses_20260701-192455-NEELA9BAF,9,2026-07-01T19:29:29.727Z,2026-07-01T19:29:45.727Z,2026-07-01T19:29:37.319000+00:00,evt_82014d41-d2d1-402f-8c0a-48e8cd94d0be,C:\Users\Gaurav Rathod\Downloads\automation-proposal\raw_data\dataset-downloads\dataset_b-20260908T164438Z-1-001\dataset_b\ses_20260701-192455-NEELA9BAF\chunk_20260701-1900-NEELA9BAF\events.jsonl,370,20260701-1900-NEELA9BAF,scr_smart_1782934177319_monitor_1_post.jpg | screenshots/scr_smart_1782934177319_monitor_1_post.jpg,True
ses_20260701-192455-NEELA9BAF,9,2026-07-01T19:29:29.727Z,2026-07-01T19:29:45.727Z,2026-07-01T19:29:43.033000+00:00,evt_1cc3fb63-ae80-4281-9ec0-164f10e48790,C:\Users\Gaurav Rathod\Downloads\automation-proposal\raw_data\dataset-downloads\dataset_b-20260908T164438Z-1-001\dataset_b\ses_20260701-192455-NEELA9BAF\chunk_20260701-1900-NEELA9BAF\events.jsonl,373,20260701-1900-NEELA9BAF,scr_smart_1782934183033_monitor_1_post.jpg | screenshots/scr_smart_1782934183033_monitor_1_post.jpg,True
ses_20260701-192455-NEELA9BAF,9,2026-07-01T19:29:29.727Z,2026-07-01T19:29:45.727Z,2026-07-01T19:29:43.547000+00:00,evt_813fb3ab-43ca-464c-aca8-74ed1d7f653c,C:\Users\Gaurav Rathod\Downloads\automation-proposal\raw_data\dataset-downloads\dataset_b-20260908T164438Z-1-001\dataset_b\ses_20260701-192455-NEELA9BAF\chunk_20260701-1900-NEELA9BAF\events.jsonl,375,20260701-1900-NEELA9BAF,scr_smart_1782934183547_monitor_1_post.jpg | screenshots/scr_smart_1782934183547_monitor_1_post.jpg,True
ses_20260701-192455-NEELA9BAF,9,2026-07-01T19:29:29.727Z,2026-07-01T19:29:45.727Z,2026-07-01T19:29:44.838000+00:00,evt_ca698238-c00b-47b7-81fd-cb9be38e8755,C:\Users\Gaurav Rathod\Downloads\automation-proposal\raw_data\dataset-downloads\dataset_b-20260908T164438Z-1-001\dataset_b\ses_20260701-192455-NEELA9BAF\chunk_20260701-1900-NEELA9BAF\events.jsonl,378,20260701-1900-NEELA9BAF,scr_smart_1782934184838_monitor_1_post.jpg | screenshots/scr_smart_1782934184838_monitor_1_post.jpg,True
ses_20260701-192455-NEELA9BAF,9,2026-07-01T19:29:29.727Z,2026-07-01T19:29:45.727Z,2026-07-01T19:29:45.620000+00:00,evt_1cf42c98-53ab-435e-abfc-f81f1a62db8b,C:\Users\Gaurav Rathod\Downloads\automation-proposal\raw_data\dataset-downloads\dataset_b-20260908T164438Z-1-001\dataset_b\ses_20260701-192455-NEELA9BAF\chunk_20260701-1900-NEELA9BAF\events.jsonl,384,20260701-1900-NEELA9BAF,scr_smart_1782934185620_monitor_1_post.jpg | screenshots/scr_smart_1782934185620_monitor_1_post.jpg,True
ses_20260701-192455-NEELA9BAF,10,2026-07-01T19:29:45.727Z,2026-07-01T19:29:57.727Z,2026-07-01T19:29:49.429000+00:00,evt_925ec358-d1be-482d-93da-55815fe773f9,C:\Users\Gaurav Rathod\Downloads\automation-proposal\raw_data\dataset-downloads\dataset_b-20260908T164438Z-1-001\dataset_b\ses_20260701-192455-NEELA9BAF\chunk_20260701-1900-NEELA9BAF\events.jsonl,387,20260701-1900-NEELA9BAF,scr_smart_1782934189429_monitor_1_post.jpg | screenshots/scr_smart_1782934189429_monitor_1_post.jpg,True
ses_20260701-192455-NEELA9BAF,10,2026-07-01T19:29:45.727Z,2026-07-01T19:29:57.727Z,2026-07-01T19:29:50.010000+00:00,evt_58318767-21b9-4755-9136-58d694b2bfbe,C:\Users\Gaurav Rathod\Downloads\automation-proposal\raw_data\dataset-downloads\dataset_b-20260908T164438Z-1-001\dataset_b\ses_20260701-192455-NEELA9BAF\chunk_20260701-1900-NEELA9BAF\events.jsonl,396,20260701-1900-NEELA9BAF,scr_smart_1782934190010_monitor_1_post.jpg | screenshots/scr_smart_1782934190010_monitor_1_post.jpg,True
ses_20260701-192455-NEELA9BAF,10,2026-07-01T19:29:45.727Z,2026-07-01T19:29:57.727Z,2026-07-01T19:29:53.130000+00:00,evt_587a105b-5904-4c46-a37d-b191904352c0,C:\Users\Gaurav Rathod\Downloads\automation-proposal\raw_data\dataset-downloads\dataset_b-20260908T164438Z-1-001\dataset_b\ses_20260701-192455-NEELA9BAF\chunk_20260701-1900-NEELA9BAF\events.jsonl,398,20260701-1900-NEELA9BAF,scr_smart_1782934193130_monitor_1_post.jpg | screenshots/scr_smart_1782934193130_monitor_1_post.jpg,True
ses_20260701-192455-NEELA9BAF,10,2026-07-01T19:29:45.727Z,2026-07-01T19:29:57.727Z,2026-07-01T19:29:54.745000+00:00,evt_5199502d-27c8-4736-bbd1-dd3d7c04c532,C:\Users\Gaurav Rathod\Downloads\automation-proposal\raw_data\dataset-downloads\dataset_b-20260908T164438Z-1-001\dataset_b\ses_20260701-192455-NEELA9BAF\chunk_20260701-1900-NEELA9BAF\events.jsonl,402,20260701-1900-NEELA9BAF,scr_smart_1782934194745_monitor_1_post.jpg | screenshots/scr_smart_1782934194745_monitor_1_post.jpg,True
ses_20260701-192455-NEELA9BAF,10,2026-07-01T19:29:45.727Z,2026-07-01T19:29:57.727Z,2026-07-01T19:29:55.652000+00:00,evt_4d77a534-c10f-4981-8755-056d21a41577,C:\Users\Gaurav Rathod\Downloads\automation-proposal\raw_data\dataset-downloads\dataset_b-20260908T164438Z-1-001\dataset_b\ses_20260701-192455-NEELA9BAF\chunk_20260701-1900-NEELA9BAF\events.jsonl,408,20260701-1900-NEELA9BAF,scr_smart_1782934195652_monitor_1_post.jpg | screenshots/scr_smart_1782934195652_monitor_1_post.jpg,True
ses_20260701-192455-NEELA9BAF,11,2026-07-01T19:29:57.727Z,2026-07-01T19:30:05.727Z,2026-07-01T19:30:01.661000+00:00,evt_788590e2-b057-4316-9840-ae028106c2d7,C:\Users\Gaurav Rathod\Downloads\automation-proposal\raw_data\dataset-downloads\dataset_b-20260908T164438Z-1-001\dataset_b\ses_20260701-192455-NEELA9BAF\chunk_20260701-1930-NEELA9BAF\events.jsonl,2,20260701-1930-NEELA9BAF,scr_smart_1782934201661_monitor_1_post.jpg | screenshots/scr_smart_1782934201661_monitor_1_post.jpg,True
ses_20260701-192455-NEELA9BAF,11,2026-07-01T19:29:57.727Z,2026-07-01T19:30:05.727Z,2026-07-01T19:30:02.259000+00:00,evt_dfe14ff8-bc7b-440e-a20f-0f2f1feee7d0,C:\Users\Gaurav Rathod\Downloads\automation-proposal\raw_data\dataset-downloads\dataset_b-20260908T164438Z-1-001\dataset_b\ses_20260701-192455-NEELA9BAF\chunk_20260701-1930-NEELA9BAF\events.jsonl,4,20260701-1930-NEELA9BAF,scr_smart_1782934202259_monitor_1_post.jpg | screenshots/scr_smart_1782934202259_monitor_1_post.jpg,True
ses_20260701-192455-NEELA9BAF,11,2026-07-01T19:29:57.727Z,2026-07-01T19:30:05.727Z,2026-07-01T19:30:03.461000+00:00,evt_93de3fc9-fed5-47ff-93e1-27417ce418e9,C:\Users\Gaurav Rathod\Downloads\automation-proposal\raw_data\dataset-downloads\dataset_b-20260908T164438Z-1-001\dataset_b\ses_20260701-192455-NEELA9BAF\chunk_20260701-1930-NEELA9BAF\events.jsonl,7,20260701-1930-NEELA9BAF,scr_smart_1782934203461_monitor_1_post.jpg | screenshots/scr_smart_1782934203461_monitor_1_post.jpg,True
ses_20260701-192455-NEELA9BAF,11,2026-07-01T19:29:57.727Z,2026-07-01T19:30:05.727Z,2026-07-01T19:30:04.452000+00:00,evt_95ea7f47-c2d3-49f4-8dbe-8f9d65a847ad,C:\Users\Gaurav Rathod\Downloads\automation-proposal\raw_data\dataset-downloads\dataset_b-20260908T164438Z-1-001\dataset_b\ses_20260701-192455-NEELA9BAF\chunk_20260701-1930-NEELA9BAF\events.jsonl,14,20260701-1930-NEELA9BAF,scr_smart_1782934204452_monitor_1_post.jpg | screenshots/scr_smart_1782934204452_monitor_1_post.jpg,True
ses_20260701-192455-NEELA9BAF,12,2026-07-01T19:31:43.727Z,2026-07-01T19:32:01.727Z,2026-07-01T19:31:49.596000+00:00,evt_8827de7a-6764-4cde-952e-5b5c03aed86b,C:\Users\Gaurav Rathod\Downloads\automation-proposal\raw_data\dataset-downloads\dataset_b-20260908T164438Z-1-001\dataset_b\ses_20260701-192455-NEELA9BAF\chunk_20260701-1930-NEELA9BAF\events.jsonl,183,20260701-1930-NEELA9BAF,scr_smart_1782934309596_monitor_1_post.jpg | screenshots/scr_smart_1782934309596_monitor_1_post.jpg,True
ses_20260701-192455-NEELA9BAF,12,2026-07-01T19:31:43.727Z,2026-07-01T19:32:01.727Z,2026-07-01T19:31:50.687000+00:00,evt_f3b77f47-f816-49f2-8ba9-0d7c2a191c39,C:\Users\Gaurav Rathod\Downloads\automation-proposal\raw_data\dataset-downloads\dataset_b-20260908T164438Z-1-001\dataset_b\ses_20260701-192455-NEELA9BAF\chunk_20260701-1930-NEELA9BAF\events.jsonl,186,20260701-1930-NEELA9BAF,scr_smart_1782934310687_monitor_1_post.jpg | screenshots/scr_smart_1782934310687_monitor_1_post.jpg,True
ses_20260701-192455-NEELA9BAF,12,2026-07-01T19:31:43.727Z,2026-07-01T19:32:01.727Z,2026-07-01T19:31:51.679000+00:00,evt_194c3d0c-2d9a-4d1a-8747-4fdc3e2dbbe2,C:\Users\Gaurav Rathod\Downloads\automation-proposal\raw_data\dataset-downloads\dataset_b-20260908T164438Z-1-001\dataset_b\ses_20260701-192455-NEELA9BAF\chunk_20260701-1930-NEELA9BAF\events.jsonl,192,20260701-1930-NEELA9BAF,scr_smart_1782934311679_monitor_1_post.jpg | screenshots/scr_smart_1782934311679_monitor_1_post.jpg,True
ses_20260701-192455-NEELA9BAF,12,2026-07-01T19:31:43.727Z,2026-07-01T19:32:01.727Z,2026-07-01T19:31:57.796000+00:00,evt_b02d5452-c82d-45f7-8079-dfa07ceed5f8,C:\Users\Gaurav Rathod\Downloads\automation-proposal\raw_data\dataset-downloads\dataset_b-20260908T164438Z-1-001\dataset_b\ses_20260701-192455-NEELA9BAF\chunk_20260701-1930-NEELA9BAF\events.jsonl,195,20260701-1930-NEELA9BAF,scr_smart_1782934317796_monitor_1_post.jpg | screenshots/scr_smart_1782934317796_monitor_1_post.jpg,True
ses_20260701-192455-NEELA9BAF,12,2026-07-01T19:31:43.727Z,2026-07-01T19:32:01.727Z,2026-07-01T19:31:59.105000+00:00,evt_38f5a912-cbda-48fe-8dbc-2407d3d7df64,C:\Users\Gaurav Rathod\Downloads\automation-proposal\raw_data\dataset-downloads\dataset_b-20260908T164438Z-1-001\dataset_b\ses_20260701-192455-NEELA9BAF\chunk_20260701-1930-NEELA9BAF\events.jsonl,198,20260701-1930-NEELA9BAF,scr_smart_1782934319105_monitor_1_post.jpg | screenshots/scr_smart_1782934319105_monitor_1_post.jpg,True
ses_20260701-192455-NEELA9BAF,12,2026-07-01T19:31:43.727Z,2026-07-01T19:32:01.727Z,2026-07-01T19:32:00.089000+00:00,evt_7e56d58d-850f-4f44-874b-e8fc20498070,C:\Users\Gaurav Rathod\Downloads\automation-proposal\raw_data\dataset-downloads\dataset_b-20260908T164438Z-1-001\dataset_b\ses_20260701-192455-NEELA9BAF\chunk_20260701-1930-NEELA9BAF\events.jsonl,204,20260701-1930-NEELA9BAF,scr_smart_1782934320089_monitor_1_post.jpg | screenshots/scr_smart_1782934320089_monitor_1_post.jpg,True
ses_20260701-192455-NEELA9BAF,13,2026-07-01T19:32:01.727Z,2026-07-01T19:32:11.727Z,2026-07-01T19:32:04.481000+00:00,evt_7f5decbc-116e-44db-a1bc-0dcfebd30d1a,C:\Users\Gaurav Rathod\Downloads\automation-proposal\raw_data\dataset-downloads\dataset_b-20260908T164438Z-1-001\dataset_b\ses_20260701-192455-NEELA9BAF\chunk_20260701-1930-NEELA9BAF\events.jsonl,207,20260701-1930-NEELA9BAF,scr_smart_1782934324481_monitor_1_post.jpg | screenshots/scr_smart_1782934324481_monitor_1_post.jpg,True
ses_20260701-192455-NEELA9BAF,13,2026-07-01T19:32:01.727Z,2026-07-01T19:32:11.727Z,2026-07-01T19:32:05.164000+00:00,evt_e233094f-c1be-4d46-a3a0-34813f31bcef,C:\Users\Gaurav Rathod\Downloads\automation-proposal\raw_data\dataset-downloads\dataset_b-20260908T164438Z-1-001\dataset_b\ses_20260701-192455-NEELA9BAF\chunk_20260701-1930-NEELA9BAF\events.jsonl,216,20260701-1930-NEELA9BAF,scr_smart_1782934325164_monitor_1_post.jpg | screenshots/scr_smart_1782934325164_monitor_1_post.jpg,True
ses_20260701-192455-NEELA9BAF,13,2026-07-01T19:32:01.727Z,2026-07-01T19:32:11.727Z,2026-07-01T19:32:07.683000+00:00,evt_87fec9c9-93ce-4e55-8be8-4b59e75d2bd4,C:\Users\Gaurav Rathod\Downloads\automation-proposal\raw_data\dataset-downloads\dataset_b-20260908T164438Z-1-001\dataset_b\ses_20260701-192455-NEELA9BAF\chunk_20260701-1930-NEELA9BAF\events.jsonl,218,20260701-1930-NEELA9BAF,scr_smart_1782934327683_monitor_1_post.jpg | screenshots/scr_smart_1782934327683_monitor_1_post.jpg,True
ses_20260701-192455-NEELA9BAF,13,2026-07-01T19:32:01.727Z,2026-07-01T19:32:11.727Z,2026-07-01T19:32:09.496000+00:00,evt_3b8afc9d-e298-4715-9afb-70cb83897a01,C:\Users\Gaurav Rathod\Downloads\automation-proposal\raw_data\dataset-downloads\dataset_b-20260908T164438Z-1-001\dataset_b\ses_20260701-192455-NEELA9BAF\chunk_20260701-1930-NEELA9BAF\events.jsonl,221,20260701-1930-NEELA9BAF,scr_smart_1782934329496_monitor_1_post.jpg | screenshots/scr_smart_1782934329496_monitor_1_post.jpg,True
ses_20260701-192455-NEELA9BAF,13,2026-07-01T19:32:01.727Z,2026-07-01T19:32:11.727Z,2026-07-01T19:32:10.316000+00:00,evt_4743381e-a121-45d3-bf1e-bd981d92a7c1,C:\Users\Gaurav Rathod\Downloads\automation-proposal\raw_data\dataset-downloads\dataset_b-20260908T164438Z-1-001\dataset_b\ses_20260701-192455-NEELA9BAF\chunk_20260701-1930-NEELA9BAF\events.jsonl,227,20260701-1930-NEELA9BAF,scr_smart_1782934330316_monitor_1_post.jpg | screenshots/scr_smart_1782934330316_monitor_1_post.jpg,True
ses_20260701-192455-NEELA9BAF,14,2026-07-01T19:33:57.727Z,2026-07-01T19:34:05.727Z,2026-07-01T19:34:01.353000+00:00,evt_c8040993-bb4e-4776-a90d-35c89f19a446,C:\Users\Gaurav Rathod\Downloads\automation-proposal\raw_data\dataset-downloads\dataset_b-20260908T164438Z-1-001\dataset_b\ses_20260701-192455-NEELA9BAF\chunk_20260701-1930-NEELA9BAF\events.jsonl,366,20260701-1930-NEELA9BAF,scr_smart_1782934441353_monitor_1_post.jpg | screenshots/scr_smart_1782934441353_monitor_1_post.jpg,True
ses_20260701-192455-NEELA9BAF,14,2026-07-01T19:33:57.727Z,2026-07-01T19:34:05.727Z,2026-07-01T19:34:03.088000+00:00,evt_c7aa298f-2e83-4976-a315-ac720d4f278c,C:\Users\Gaurav Rathod\Downloads\automation-proposal\raw_data\dataset-downloads\dataset_b-20260908T164438Z-1-001\dataset_b\ses_20260701-192455-NEELA9BAF\chunk_20260701-1930-NEELA9BAF\events.jsonl,369,20260701-1930-NEELA9BAF,scr_smart_1782934443088_monitor_1_post.jpg | screenshots/scr_smart_1782934443088_monitor_1_post.jpg,True
ses_20260701-192455-NEELA9BAF,14,2026-07-01T19:33:57.727Z,2026-07-01T19:34:05.727Z,2026-07-01T19:34:04.087000+00:00,evt_bfc45946-a8de-4010-8ae1-47f93fe1736d,C:\Users\Gaurav Rathod\Downloads\automation-proposal\raw_data\dataset-downloads\dataset_b-20260908T164438Z-1-001\dataset_b\ses_20260701-192455-NEELA9BAF\chunk_20260701-1930-NEELA9BAF\events.jsonl,375,20260701-1930-NEELA9BAF,scr_smart_1782934444087_monitor_1_post.jpg | screenshots/scr_smart_1782934444087_monitor_1_post.jpg,True
ses_20260701-192455-NEELA9BAF,15,2026-07-01T19:34:05.727Z,2026-07-01T19:34:25.727Z,2026-07-01T19:34:09.930000+00:00,evt_c12296f6-2f1b-4cf3-a0c5-68b855c40609,C:\Users\Gaurav Rathod\Downloads\automation-proposal\raw_data\dataset-downloads\dataset_b-20260908T164438Z-1-001\dataset_b\ses_20260701-192455-NEELA9BAF\chunk_20260701-1930-NEELA9BAF\events.jsonl,380,20260701-1930-NEELA9BAF,scr_smart_1782934449930_monitor_1_post.jpg | screenshots/scr_smart_1782934449930_monitor_1_post.jpg,True
ses_20260701-192455-NEELA9BAF,15,2026-07-01T19:34:05.727Z,2026-07-01T19:34:25.727Z,2026-07-01T19:34:14.286000+00:00,evt_6cd0c265-bd76-4a83-a8a2-c5038ff2582c,C:\Users\Gaurav Rathod\Downloads\automation-proposal\raw_data\dataset-downloads\dataset_b-20260908T164438Z-1-001\dataset_b\ses_20260701-192455-NEELA9BAF\chunk_20260701-1930-NEELA9BAF\events.jsonl,402,20260701-1930-NEELA9BAF,scr_smart_1782934454286_monitor_1_post.jpg | screenshots/scr_smart_1782934454286_monitor_1_post.jpg,True
ses_20260701-192455-NEELA9BAF,15,2026-07-01T19:34:05.727Z,2026-07-01T19:34:25.727Z,2026-07-01T19:34:14.847000+00:00,evt_721ae4da-27c0-4ef2-9698-75710c4829ec,C:\Users\Gaurav Rathod\Downloads\automation-proposal\raw_data\dataset-downloads\dataset_b-20260908T164438Z-1-001\dataset_b\ses_20260701-192455-NEELA9BAF\chunk_20260701-1930-NEELA9BAF\events.jsonl,403,20260701-1930-NEELA9BAF,scr_smart_1782934454847_monitor_1_post.jpg | screenshots/scr_smart_1782934454847_monitor_1_post.jpg,True
ses_20260701-192455-NEELA9BAF,15,2026-07-01T19:34:05.727Z,2026-07-01T19:34:25.727Z,2026-07-01T19:34:15.414000+00:00,evt_a48a1c7f-f5bc-4910-96b2-9bb194a54044,C:\Users\Gaurav Rathod\Downloads\automation-proposal\raw_data\dataset-downloads\dataset_b-20260908T164438Z-1-001\dataset_b\ses_20260701-192455-NEELA9BAF\chunk_20260701-1930-NEELA9BAF\events.jsonl,407,20260701-1930-NEELA9BAF,scr_smart_1782934455414_monitor_1_post.jpg | screenshots/scr_smart_1782934455414_monitor_1_post.jpg,True
ses_20260701-192455-NEELA9BAF,15,2026-07-01T19:34:05.727Z,2026-07-01T19:34:25.727Z,2026-07-01T19:34:16.744000+00:00,evt_486278d7-9ab6-4fd9-9a1d-b37adc000f36,C:\Users\Gaurav Rathod\Downloads\automation-proposal\raw_data\dataset-downloads\dataset_b-20260908T164438Z-1-001\dataset_b\ses_20260701-192455-NEELA9BAF\chunk_20260701-1930-NEELA9BAF\events.jsonl,411,20260701-1930-NEELA9BAF,scr_smart_1782934456744_monitor_1_post.jpg | screenshots/scr_smart_1782934456744_monitor_1_post.jpg,True
ses_20260701-192455-NEELA9BAF,15,2026-07-01T19:34:05.727Z,2026-07-01T19:34:25.727Z,2026-07-01T19:34:18.237000+00:00,evt_56898f83-9655-46d9-a89f-d0211c7907e2,C:\Users\Gaurav Rathod\Downloads\automation-proposal\raw_data\dataset-downloads\dataset_b-20260908T164438Z-1-001\dataset_b\ses_20260701-192455-NEELA9BAF\chunk_20260701-1930-NEELA9BAF\events.jsonl,418,20260701-1930-NEELA9BAF,scr_smart_1782934458237_monitor_1_post.jpg | screenshots/scr_smart_1782934458237_monitor_1_post.jpg,True
ses_20260701-192455-NEELA9BAF,15,2026-07-01T19:34:05.727Z,2026-07-01T19:34:25.727Z,2026-07-01T19:34:21.232000+00:00,evt_6400202b-923c-49f1-ba45-b8f2040f1a7c,C:\Users\Gaurav Rathod\Downloads\automation-proposal\raw_data\dataset-downloads\dataset_b-20260908T164438Z-1-001\dataset_b\ses_20260701-192455-NEELA9BAF\chunk_20260701-1930-NEELA9BAF\events.jsonl,421,20260701-1930-NEELA9BAF,scr_smart_1782934461232_monitor_1_post.jpg | screenshots/scr_smart_1782934461232_monitor_1_post.jpg,True
ses_20260701-192455-NEELA9BAF,15,2026-07-01T19:34:05.727Z,2026-07-01T19:34:25.727Z,2026-07-01T19:34:22.362000+00:00,evt_18dde8c4-3986-482c-b332-634845c0d0ce,C:\Users\Gaurav Rathod\Downloads\automation-proposal\raw_data\dataset-downloads\dataset_b-20260908T164438Z-1-001\dataset_b\ses_20260701-192455-NEELA9BAF\chunk_20260701-1930-NEELA9BAF\events.jsonl,423,20260701-1930-NEELA9BAF,scr_smart_1782934462362_monitor_1_post.jpg | screenshots/scr_smart_1782934462362_monitor_1_post.jpg,True
ses_20260701-192455-NEELA9BAF,15,2026-07-01T19:34:05.727Z,2026-07-01T19:34:25.727Z,2026-07-01T19:34:23.413000+00:00,evt_6d3e3b5b-c606-404e-b83c-e3f2ea17f426,C:\Users\Gaurav Rathod\Downloads\automation-proposal\raw_data\dataset-downloads\dataset_b-20260908T164438Z-1-001\dataset_b\ses_20260701-192455-NEELA9BAF\chunk_20260701-1930-NEELA9BAF\events.jsonl,429,20260701-1930-NEELA9BAF,scr_smart_1782934463413_monitor_1_post.jpg | screenshots/scr_smart_1782934463413_monitor_1_post.jpg,True
ses_20260701-192455-NEELA9BAF,16,2026-07-01T19:34:25.727Z,2026-07-01T19:34:59.727Z,2026-07-01T19:34:29.026000+00:00,evt_12b19ba0-da29-4c26-b8fb-ebf93d038fa8,C:\Users\Gaurav Rathod\Downloads\automation-proposal\raw_data\dataset-downloads\dataset_b-20260908T164438Z-1-001\dataset_b\ses_20260701-192455-NEELA9BAF\chunk_20260701-1930-NEELA9BAF\events.jsonl,432,20260701-1930-NEELA9BAF,scr_smart_1782934469026_monitor_1_post.jpg | screenshots/scr_smart_1782934469026_monitor_1_post.jpg,True
ses_20260701-192455-NEELA9BAF,16,2026-07-01T19:34:25.727Z,2026-07-01T19:34:59.727Z,2026-07-01T19:34:30.724000+00:00,evt_11ed4614-93dd-40d6-b781-077fad270aa5,C:\Users\Gaurav Rathod\Downloads\automation-proposal\raw_data\dataset-downloads\dataset_b-20260908T164438Z-1-001\dataset_b\ses_20260701-192455-NEELA9BAF\chunk_20260701-1930-NEELA9BAF\events.jsonl,439,20260701-1930-NEELA9BAF,scr_smart_1782934470724_monitor_1_post.jpg | screenshots/scr_smart_1782934470724_monitor_1_post.jpg,True
ses_20260701-192455-NEELA9BAF,16,2026-07-01T19:34:25.727Z,2026-07-01T19:34:59.727Z,2026-07-01T19:34:34.380000+00:00,evt_10f8babb-707a-4e25-a20b-751b4c299002,C:\Users\Gaurav Rathod\Downloads\automation-proposal\raw_data\dataset-downloads\dataset_b-20260908T164438Z-1-001\dataset_b\ses_20260701-192455-NEELA9BAF\chunk_20260701-1930-NEELA9BAF\events.jsonl,441,20260701-1930-NEELA9BAF,scr_smart_1782934474380_monitor_1_post.jpg | screenshots/scr_smart_1782934474380_monitor_1_post.jpg,True
ses_20260701-192455-NEELA9BAF,16,2026-07-01T19:34:25.727Z,2026-07-01T19:34:59.727Z,2026-07-01T19:34:35.487000+00:00,evt_71d47035-e90d-4d64-b9ae-f44cd9e991f1,C:\Users\Gaurav Rathod\Downloads\automation-proposal\raw_data\dataset-downloads\dataset_b-20260908T164438Z-1-001\dataset_b\ses_20260701-192455-NEELA9BAF\chunk_20260701-1930-NEELA9BAF\events.jsonl,447,20260701-1930-NEELA9BAF,scr_smart_1782934475487_monitor_1_post.jpg | screenshots/scr_smart_1782934475487_monitor_1_post.jpg,True
ses_20260701-192455-NEELA9BAF,16,2026-07-01T19:34:25.727Z,2026-07-01T19:34:59.727Z,2026-07-01T19:34:40.831000+00:00,evt_a62d333b-4765-4d85-9757-30f6fdff9746,C:\Users\Gaurav Rathod\Downloads\automation-proposal\raw_data\dataset-downloads\dataset_b-20260908T164438Z-1-001\dataset_b\ses_20260701-192455-NEELA9BAF\chunk_20260701-1930-NEELA9BAF\events.jsonl,452,20260701-1930-NEELA9BAF,scr_smart_1782934480831_monitor_1_post.jpg | screenshots/scr_smart_1782934480831_monitor_1_post.jpg,True
ses_20260701-192455-NEELA9BAF,16,2026-07-01T19:34:25.727Z,2026-07-01T19:34:59.727Z,2026-07-01T19:34:46.605000+00:00,evt_a8198766-af12-4cf7-942e-f0630e1d07cf,C:\Users\Gaurav Rathod\Downloads\automation-proposal\raw_data\dataset-downloads\dataset_b-20260908T164438Z-1-001\dataset_b\ses_20260701-192455-NEELA9BAF\chunk_20260701-1930-NEELA9BAF\events.jsonl,467,20260701-1930-NEELA9BAF,scr_smart_1782934486605_monitor_1_post.jpg | screenshots/scr_smart_1782934486605_monitor_1_post.jpg,True
ses_20260701-192455-NEELA9BAF,16,2026-07-01T19:34:25.727Z,2026-07-01T19:34:59.727Z,2026-07-01T19:34:47.114000+00:00,evt_898a6b55-2223-4c9a-9826-63b9f6809851,C:\Users\Gaurav Rathod\Downloads\automation-proposal\raw_data\dataset-downloads\dataset_b-20260908T164438Z-1-001\dataset_b\ses_20260701-192455-NEELA9BAF\chunk_20260701-1930-NEELA9BAF\events.jsonl,477,20260701-1930-NEELA9BAF,scr_smart_1782934487114_monitor_1_post.jpg | screenshots/scr_smart_1782934487114_monitor_1_post.jpg,True
ses_20260701-192455-NEELA9BAF,16,2026-07-01T19:34:25.727Z,2026-07-01T19:34:59.727Z,2026-07-01T19:34:47.721000+00:00,evt_a065e274-e54f-4425-9bf4-e67b60afbbd5,C:\Users\Gaurav Rathod\Downloads\automation-proposal\raw_data\dataset-downloads\dataset_b-20260908T164438Z-1-001\dataset_b\ses_20260701-192455-NEELA9BAF\chunk_20260701-1930-NEELA9BAF\events.jsonl,481,20260701-1930-NEELA9BAF,scr_smart_1782934487721_monitor_1_post.jpg | screenshots/scr_smart_1782934487721_monitor_1_post.jpg,True
ses_20260701-192455-NEELA9BAF,16,2026-07-01T19:34:25.727Z,2026-07-01T19:34:59.727Z,2026-07-01T19:34:48.925000+00:00,evt_2461e9b7-7d70-4e6b-bbe2-1a5d9c10f635,C:\Users\Gaurav Rathod\Downloads\automation-proposal\raw_data\dataset-downloads\dataset_b-20260908T164438Z-1-001\dataset_b\ses_20260701-192455-NEELA9BAF\chunk_20260701-1930-NEELA9BAF\events.jsonl,485,20260701-1930-NEELA9BAF,scr_smart_1782934488925_monitor_1_post.jpg | screenshots/scr_smart_1782934488925_monitor_1_post.jpg,True
ses_20260701-192455-NEELA9BAF,16,2026-07-01T19:34:25.727Z,2026-07-01T19:34:59.727Z,2026-07-01T19:34:50.338000+00:00,evt_5ad06d41-71da-4516-a35f-b97e3115b732,C:\Users\Gaurav Rathod\Downloads\automation-proposal\raw_data\dataset-downloads\dataset_b-20260908T164438Z-1-001\dataset_b\ses_20260701-192455-NEELA9BAF\chunk_20260701-1930-NEELA9BAF\events.jsonl,492,20260701-1930-NEELA9BAF,scr_smart_1782934490338_monitor_1_post.jpg | screenshots/scr_smart_1782934490338_monitor_1_post.jpg,True
ses_20260701-192455-NEELA9BAF,16,2026-07-01T19:34:25.727Z,2026-07-01T19:34:59.727Z,2026-07-01T19:34:53.767000+00:00,evt_886709c3-cdf4-4b50-9ebc-c066f52fb612,C:\Users\Gaurav Rathod\Downloads\automation-proposal\raw_data\dataset-downloads\dataset_b-20260908T164438Z-1-001\dataset_b\ses_20260701-192455-NEELA9BAF\chunk_20260701-1930-NEELA9BAF\events.jsonl,494,20260701-1930-NEELA9BAF,scr_smart_1782934493767_monitor_1_post.jpg | screenshots/scr_smart_1782934493767_monitor_1_post.jpg,True
ses_20260701-192455-NEELA9BAF,16,2026-07-01T19:34:25.727Z,2026-07-01T19:34:59.727Z,2026-07-01T19:34:55.028000+00:00,evt_8398ea15-f472-4f61-b11c-3861840636d1,C:\Users\Gaurav Rathod\Downloads\automation-proposal\raw_data\dataset-downloads\dataset_b-20260908T164438Z-1-001\dataset_b\ses_20260701-192455-NEELA9BAF\chunk_20260701-1930-NEELA9BAF\events.jsonl,497,20260701-1930-NEELA9BAF,scr_smart_1782934495028_monitor_1_post.jpg | screenshots/scr_smart_1782934495028_monitor_1_post.jpg,True
ses_20260701-192455-NEELA9BAF,16,2026-07-01T19:34:25.727Z,2026-07-01T19:34:59.727Z,2026-07-01T19:34:56.031000+00:00,evt_7ae7b1ef-cdde-4cac-b6ae-05f99ae32b66,C:\Users\Gaurav Rathod\Downloads\automation-proposal\raw_data\dataset-downloads\dataset_b-20260908T164438Z-1-001\dataset_b\ses_20260701-192455-NEELA9BAF\chunk_20260701-1930-NEELA9BAF\events.jsonl,503,20260701-1930-NEELA9BAF,scr_smart_1782934496031_monitor_1_post.jpg | screenshots/scr_smart_1782934496031_monitor_1_post.jpg,True
ses_20260701-192455-NEELA9BAF,17,2026-07-01T19:34:59.727Z,2026-07-01T19:35:13.727Z,2026-07-01T19:35:04.280000+00:00,evt_aeb52922-273d-4874-8b6d-cc26a2aa64bf,C:\Users\Gaurav Rathod\Downloads\automation-proposal\raw_data\dataset-downloads\dataset_b-20260908T164438Z-1-001\dataset_b\ses_20260701-192455-NEELA9BAF\chunk_20260701-1930-NEELA9BAF\events.jsonl,506,20260701-1930-NEELA9BAF,scr_smart_1782934504280_monitor_1_post.jpg | screenshots/scr_smart_1782934504280_monitor_1_post.jpg,True
ses_20260701-192455-NEELA9BAF,17,2026-07-01T19:34:59.727Z,2026-07-01T19:35:13.727Z,2026-07-01T19:35:06.568000+00:00,evt_5aa1c817-633a-4d71-8f34-aa63d5fccc3b,C:\Users\Gaurav Rathod\Downloads\automation-proposal\raw_data\dataset-downloads\dataset_b-20260908T164438Z-1-001\dataset_b\ses_20260701-192455-NEELA9BAF\chunk_20260701-1930-NEELA9BAF\events.jsonl,514,20260701-1930-NEELA9BAF,scr_smart_1782934506568_monitor_1_post.jpg | screenshots/scr_smart_1782934506568_monitor_1_post.jpg,True
ses_20260701-192455-NEELA9BAF,17,2026-07-01T19:34:59.727Z,2026-07-01T19:35:13.727Z,2026-07-01T19:35:09.622000+00:00,evt_61af2c74-b390-45c7-9c35-ae5d5b9627bb,C:\Users\Gaurav Rathod\Downloads\automation-proposal\raw_data\dataset-downloads\dataset_b-20260908T164438Z-1-001\dataset_b\ses_20260701-192455-NEELA9BAF\chunk_20260701-1930-NEELA9BAF\events.jsonl,516,20260701-1930-NEELA9BAF,scr_smart_1782934509622_monitor_1_post.jpg | screenshots/scr_smart_1782934509622_monitor_1_post.jpg,True
ses_20260701-192455-NEELA9BAF,17,2026-07-01T19:34:59.727Z,2026-07-01T19:35:13.727Z,2026-07-01T19:35:10.621000+00:00,evt_68445213-2c91-4929-b949-f129b957bb57,C:\Users\Gaurav Rathod\Downloads\automation-proposal\raw_data\dataset-downloads\dataset_b-20260908T164438Z-1-001\dataset_b\ses_20260701-192455-NEELA9BAF\chunk_20260701-1930-NEELA9BAF\events.jsonl,522,20260701-1930-NEELA9BAF,scr_smart_1782934510621_monitor_1_post.jpg | screenshots/scr_smart_1782934510621_monitor_1_post.jpg,True
ses_20260701-192455-NEELA9BAF,18,2026-07-01T19:35:13.727Z,2026-07-01T19:35:29.727Z,2026-07-01T19:35:16.336000+00:00,evt_8c3fc398-7100-4c02-ac6e-2b813527f363,C:\Users\Gaurav Rathod\Downloads\automation-proposal\raw_data\dataset-downloads\dataset_b-20260908T164438Z-1-001\dataset_b\ses_20260701-192455-NEELA9BAF\chunk_20260701-1930-NEELA9BAF\events.jsonl,525,20260701-1930-NEELA9BAF,scr_smart_1782934516336_monitor_1_post.jpg | screenshots/scr_smart_1782934516336_monitor_1_post.jpg,True
ses_20260701-192455-NEELA9BAF,18,2026-07-01T19:35:13.727Z,2026-07-01T19:35:29.727Z,2026-07-01T19:35:17.949000+00:00,evt_16a60c7b-5cdc-4a1c-8503-b19350ba7b2b,C:\Users\Gaurav Rathod\Downloads\automation-proposal\raw_data\dataset-downloads\dataset_b-20260908T164438Z-1-001\dataset_b\ses_20260701-192455-NEELA9BAF\chunk_20260701-1930-NEELA9BAF\events.jsonl,529,20260701-1930-NEELA9BAF,scr_smart_1782934517949_monitor_1_post.jpg | screenshots/scr_smart_1782934517949_monitor_1_post.jpg,True
ses_20260701-192455-NEELA9BAF,18,2026-07-01T19:35:13.727Z,2026-07-01T19:35:29.727Z,2026-07-01T19:35:18.838000+00:00,evt_79c06299-7a99-4077-b1a1-fa908f4f089c,C:\Users\Gaurav Rathod\Downloads\automation-proposal\raw_data\dataset-downloads\dataset_b-20260908T164438Z-1-001\dataset_b\ses_20260701-192455-NEELA9BAF\chunk_20260701-1930-NEELA9BAF\events.jsonl,535,20260701-1930-NEELA9BAF,scr_smart_1782934518838_monitor_1_post.jpg | screenshots/scr_smart_1782934518838_monitor_1_post.jpg,True
ses_20260701-192455-NEELA9BAF,18,2026-07-01T19:35:13.727Z,2026-07-01T19:35:29.727Z,2026-07-01T19:35:25.160000+00:00,evt_456aff34-5253-43a1-a3cb-9e493a3e6715,C:\Users\Gaurav Rathod\Downloads\automation-proposal\raw_data\dataset-downloads\dataset_b-20260908T164438Z-1-001\dataset_b\ses_20260701-192455-NEELA9BAF\chunk_20260701-1930-NEELA9BAF\events.jsonl,539,20260701-1930-NEELA9BAF,scr_smart_1782934525160_monitor_1_post.jpg | screenshots/scr_smart_1782934525160_monitor_1_post.jpg,True
ses_20260701-192455-NEELA9BAF,18,2026-07-01T19:35:13.727Z,2026-07-01T19:35:29.727Z,2026-07-01T19:35:26.814000+00:00,evt_733b6c43-e4c9-4ba5-8181-5b36804a947f,C:\Users\Gaurav Rathod\Downloads\automation-proposal\raw_data\dataset-downloads\dataset_b-20260908T164438Z-1-001\dataset_b\ses_20260701-192455-NEELA9BAF\chunk_20260701-1930-NEELA9BAF\events.jsonl,542,20260701-1930-NEELA9BAF,scr_smart_1782934526814_monitor_1_post.jpg | screenshots/scr_smart_1782934526814_monitor_1_post.jpg,True
ses_20260701-192455-NEELA9BAF,18,2026-07-01T19:35:13.727Z,2026-07-01T19:35:29.727Z,2026-07-01T19:35:27.833000+00:00,evt_21c1aed7-a3f9-4d03-8c00-49ba1d56e57a,C:\Users\Gaurav Rathod\Downloads\automation-proposal\raw_data\dataset-downloads\dataset_b-20260908T164438Z-1-001\dataset_b\ses_20260701-192455-NEELA9BAF\chunk_20260701-1930-NEELA9BAF\events.jsonl,548,20260701-1930-NEELA9BAF,scr_smart_1782934527833_monitor_1_post.jpg | screenshots/scr_smart_1782934527833_monitor_1_post.jpg,True
ses_20260701-192455-NEELA9BAF,19,2026-07-01T19:35:29.727Z,2026-07-01T19:35:41.727Z,2026-07-01T19:35:31.735000+00:00,evt_9b657635-c419-4a13-a1f5-2ee050886f00,C:\Users\Gaurav Rathod\Downloads\automation-proposal\raw_data\dataset-downloads\dataset_b-20260908T164438Z-1-001\dataset_b\ses_20260701-192455-NEELA9BAF\chunk_20260701-1930-NEELA9BAF\events.jsonl,551,20260701-1930-NEELA9BAF,scr_smart_1782934531735_monitor_1_post.jpg | screenshots/scr_smart_1782934531735_monitor_1_post.jpg,True
ses_20260701-192455-NEELA9BAF,19,2026-07-01T19:35:29.727Z,2026-07-01T19:35:41.727Z,2026-07-01T19:35:32.319000+00:00,evt_f564bff7-ef08-4dca-9eb5-72df853dd139,C:\Users\Gaurav Rathod\Downloads\automation-proposal\raw_data\dataset-downloads\dataset_b-20260908T164438Z-1-001\dataset_b\ses_20260701-192455-NEELA9BAF\chunk_20260701-1930-NEELA9BAF\events.jsonl,559,20260701-1930-NEELA9BAF,scr_smart_1782934532319_monitor_1_post.jpg | screenshots/scr_smart_1782934532319_monitor_1_post.jpg,True
ses_20260701-192455-NEELA9BAF,19,2026-07-01T19:35:29.727Z,2026-07-01T19:35:41.727Z,2026-07-01T19:35:39.155000+00:00,evt_541c4b87-9ba1-48b3-a216-78d5e08f6d5a,C:\Users\Gaurav Rathod\Downloads\automation-proposal\raw_data\dataset-downloads\dataset_b-20260908T164438Z-1-001\dataset_b\ses_20260701-192455-NEELA9BAF\chunk_20260701-1930-NEELA9BAF\events.jsonl,561,20260701-1930-NEELA9BAF,scr_smart_1782934539155_monitor_1_post.jpg | screenshots/scr_smart_1782934539155_monitor_1_post.jpg,True
ses_20260701-192455-NEELA9BAF,19,2026-07-01T19:35:29.727Z,2026-07-01T19:35:41.727Z,2026-07-01T19:35:40.756000+00:00,evt_4a51c877-8b4c-4e03-b96e-730c7425c078,C:\Users\Gaurav Rathod\Downloads\automation-proposal\raw_data\dataset-downloads\dataset_b-20260908T164438Z-1-001\dataset_b\ses_20260701-192455-NEELA9BAF\chunk_20260701-1930-NEELA9BAF\events.jsonl,565,20260701-1930-NEELA9BAF,scr_smart_1782934540756_monitor_1_post.jpg | screenshots/scr_smart_1782934540756_monitor_1_post.jpg,True
ses_20260701-192455-NEELA9BAF,19,2026-07-01T19:35:29.727Z,2026-07-01T19:35:41.727Z,2026-07-01T19:35:41.661000+00:00,evt_c4eea069-0c4a-42fa-85bf-6413dff6e028,C:\Users\Gaurav Rathod\Downloads\automation-proposal\raw_data\dataset-downloads\dataset_b-20260908T164438Z-1-001\dataset_b\ses_20260701-192455-NEELA9BAF\chunk_20260701-1930-NEELA9BAF\events.jsonl,571,20260701-1930-NEELA9BAF,scr_smart_1782934541661_monitor_1_post.jpg | screenshots/scr_smart_1782934541661_monitor_1_post.jpg,True
