family,candidate_process,segment_key,session_id,japanese_evidence,english_evidence,routes,fields,actions_status,documents,application_variant,ocr_confidence
pi,expense_reimbursement,ses_20260701-164424-CHAITANYA0BCF::2,ses_20260701-164424-CHAITANYA0BCF,"財務会計システム = Financial accounting system | aあ = aa | 財務 = finance | 財務会計システム = Financial accounting system | 2026年度·経理部門 = Fiscal Year 2026 - Accounting Department | 佐藤 直樹・経理マネージャー = Naoki Sato, Accounting Manager | 佐 = Sa | 北陸部品工業株式会社 = Hokuriku Parts Industry Co., Ltd. | 請求書承認INV-2026-7353 = Invoice Approval INV-2026-7353 | 437,452円 = 437,452 yen | 定常 = Steady state | 未処理 = Unprocessed | 財務会計業務 = Financial accounting operations | ● ダッシュボード = ● Dashboard | 株式会社山田製作所 = Yamada Manufacturing Co., Ltd. | 請求書承認INV-2026-7354 = Invoice Approval INV-2026-7354 | 374,313円 = 374,313 yen | 調整 = adjustment | 未処理 = Unprocessed | 請求書承認・経費精 = Invoice Approval and Expense Settlement | 福岡システム設計 = Fukuoka System Design | 請求書承認INV-2026-7355 = Invoice Approval INV-2026-7355 | 1,685,384円 = 1,685,384 yen | 定常 = Steady state | 未処理 = Unprocessed | 算 = calculation | 経費承認（管理職） = Expense approval (management) | 詳細—P6-07010448-001·グローバルテック合同会社 = Details—P6-07010448-001 · Global Tech LLC | 未処理 = Unprocessed | 支払処理 = Payment processing | 予算差異分析 = Budget variance analysis | 管理ID = Management ID | 社員ID = Employee ID | 発注管理 = Order Management | 区分 = classification | 請求書承認INV-2026-7344 = Invoice Approval INV-2026-7344 | 種別 = type | 調整 = adjustment | 金額 = Amount | 716,232円 = 716,232 yen | ステータス = status | 未処理 = Unprocessed | 参照：発注番号照合：INV-2026-7344 = Reference: Order number verification: INV-2026-7344 | 処理コメント = Processing comments | 処理内容・確認コメントを入力してください… = Please enter the processing details and confirmation comments... | 承認 = approval | "" 保留 = &quot; on hold","Financial accounting system aa finance Financial accounting system Fiscal Year 2026 - Accounting Department Naoki Sato, Accounting Manager Sa Hokuriku Parts Industry Co., Ltd. Invoice Approval INV-2026-7353 437,452 yen Steady state Unprocessed Financial accounting operations ● Dashboard Yamada Manufacturing Co., Ltd. Invoice Approval INV-2026-7354 374,313 yen adjustment Unprocessed Invoice Approval and Expense Settlement Fukuoka System Design Invoice Approval INV-2026-7355 1,685,384 yen Steady state Unprocessed calculation Expense approval (management) Details—P6-07010448-001 · Global Tech LLC Unprocessed Payment processing Budget variance analysis Management ID Employee ID Order Management classification Invoice Approval INV-2026-7344 type adjustment Amount 716,232 yen status Unprocessed Reference: Order number verification: INV-2026-7344 Processing comments Please enter the processing details and confirmation comments... approval &quot; on hold",/payroll-items,employee id | amount | status | processing comment | type | department,approve | hold | unprocessed,Notepad/text | Word/document,word_assisted,0.9736469168412057
pi,expense_reimbursement,ses_20260701-164424-CHAITANYA0BCF::5,ses_20260701-164424-CHAITANYA0BCF,"財務会計システム = Financial accounting system | aあ = aa | 財務 = finance | 財務会計システム = Financial accounting system | 2026年度·経理部門 = Fiscal Year 2026 - Accounting Department | 佐藤 直樹・経理マネージャー = Naoki Sato, Accounting Manager | 佐 = Sa | 財務会計業務 = Financial accounting operations | 社員ID = Employee ID | 氏名 = full name | 区分 = classification | 金額 = Amount | 種別 = type | ステータス = status | ● ダッシュボード = ● Dashboard | グローバルテック合同会社 = Global Tech LLC | 請求書承認INV-2026-7344 = Invoice Approval INV-2026-7344 | 716,232円 = 716,232 yen | 調整 = adjustment | 登録済み = Registered | 請求書承認・経費精 = Invoice Approval and Expense Settlement | 算 = calculation | 北陸部品工業株式会社 = Hokuriku Parts Industry Co., Ltd. | 請求書承認INV-2026-7345 = Invoice Approval INV-2026-7345 | 455,128円 = 455,128 yen | 調整 = adjustment | 登録済み = Registered | 経費承認（管理職） = Expense approval (management) | 大和商事株式会社 = Yamato Shoji Co., Ltd. | 請求書承認INV-2026-7346 = Invoice Approval INV-2026-7346 | 1,237,439円 = 1,237,439 yen | 定常 = Steady state | 登録済み = Registered | 支払処理 = Payment processing | 福岡システム設計 = Fukuoka System Design | 請求書承認INV-2026-7347 = Invoice Approval INV-2026-7347 | 1,832,962円 = 1,832,962 yen | 定常 = Steady state | 登録済み = Registered | 予算差異分析 = Budget variance analysis | 沖縄物流センター = Okinawa Logistics Center | 請求書承認INV-2026-7348 = Invoice Approval INV-2026-7348 | 317,664円 = 317,664 yen | 定常 = Steady state | 未処理 = Unprocessed | 発注管理 = Order Management | 北陸部品工業株式会社 = Hokuriku Parts Industry Co., Ltd. | 請求書承認INV-2026-7349 = Invoice Approval INV-2026-7349 | 452,219円 = 452,219 yen | 定常 = Steady state | 未処理 = Unprocessed | 福岡システム設計 = Fukuoka System Design | 請求書承認INV-2026-7350 = Invoice Approval INV-2026-7350 | 1,993,825円 = 1,993,825 yen | 調整 = adjustment | 未処理 = Unprocessed | 大和商事株式会社 = Yamato Shoji Co., Ltd. | 請求書承認INV-2026-7351 = Invoice Approval INV-2026-7351 | 1,218,687円 = 1,218,687 yen | 調整 = adjustment | 未処理 = Unprocessed | 株式会社山田製作所 = Yamada Manufacturing Co., Ltd. | 請求書承認INV-2026-7352 = Invoice Approval INV-2026-7352 | 393,384円 = 393,384 yen | 定常 =","Financial accounting system aa finance Financial accounting system Fiscal Year 2026 - Accounting Department Naoki Sato, Accounting Manager Sa Financial accounting operations Employee ID full name classification Amount type status ● Dashboard Global Tech LLC Invoice Approval INV-2026-7344 716,232 yen adjustment Registered Invoice Approval and Expense Settlement calculation Hokuriku Parts Industry Co., Ltd. Invoice Approval INV-2026-7345 455,128 yen adjustment Registered Expense approval (management) Yamato Shoji Co., Ltd. Invoice Approval INV-2026-7346 1,237,439 yen Steady state Registered Payment processing Fukuoka System Design Invoice Approval INV-2026-7347 1,832,962 yen Steady state Registered Budget variance analysis Okinawa Logistics Center Invoice Approval INV-2026-7348 317,664 yen Steady state Unprocessed Order Management Hokuriku Parts Industry Co., Ltd. Invoice Approval INV-2026-7349 452,219 yen Steady state Unprocessed Fukuoka System Design Invoice Approval INV-2026-7350 1,993,825 yen adjustment Unprocessed Yamato Shoji Co., Ltd. Invoice Approval INV-2026-7351 1,218,687 yen adjustment Unprocessed Yamada Manufacturing Co., Ltd. Invoice Approval INV-2026-7352 393,384 yen Steady state Unprocessed Hokuriku Parts Industry Co., Ltd. Invoice Approval INV-2026-7353 437,452 yen Steady state Unprocessed Yamada Manufacturing Co., Ltd. Invoice Approval INV-2026-7354 374,313 yen adjustment Unprocessed Fukuoka System Design Invoice Approval INV-2026-7355 1,685,384 yen Steady state Unprocessed near",/payroll-items,employee id | full name | name | amount | status | type | department,approve | unprocessed,Notepad/text | Word/document,word_assisted,0.9784138943068683
pi,expense_reimbursement,ses_20260701-164424-CHAITANYA0BCF::6,ses_20260701-164424-CHAITANYA0BCF,"HR人事給与システム = HR (Human Resources and Payroll) System | aあ = aa | 人事 = human resources | HR人事給与システム = HR (Human Resources and Payroll) System | 2026年度·人事部門 = FY2026・Human Resources Department | 田中 麻里・人事マネージャー = Mari Tanaka, Human Resources Manager | 田 = Field | 菊池理恵 = Rie Kikuchi | 昇給 = Salary increase | 22,632円 = 22,632 yen | 定常 = Steady state | 未処理 = Unprocessed | 人事業務 = Human resources operations | ● ダッシュボード = ● Dashboard | 島田奈々 = Nana Shimada | 扶養控除変更 = Change in dependent deduction | 定常 = Steady state | 未処理 = Unprocessed | 経費精算・給与変更 = Expense reimbursement and payroll changes | 江口さくら = Sakura Eguchi | 役職手当廃止 = Abolition of position allowances | 15,458円 = 15,458 yen | 定常 = Steady state | 未処理 = Unprocessed | 勤怠・休暇申請 = Attendance and leave application | 詳細—P4-07010448-002·清水 祥平 = Details—P4-07010448-002 · Shohei Shimizu | ● 入社手続き = ● Onboarding procedures | 未処理 = Unprocessed | 福利厚生申請 = Employee benefits application | 管理ID = Management ID | 住民税・その他 = Resident tax and other taxes | 社員ID = Employee ID | 区分 = classification | 残業手当調整 = Overtime pay adjustment | 種別 = type | 調整 = adjustment | 金額 = Amount | 1,291円 = 1,291 yen | ステータス = status | 未処理 = Unprocessed | 参照：変更種別：残業手当調整 = Reference: Change type: Overtime pay adjustment | 遡及：あり = Retroactive: Yes | 処理コメント = Processing comments | 処理内容・確認コメントを入力してください… = Please enter the processing details and confirmation comments... | 登録確定 = Registration confirmed | ""保留 = &quot;on hold","HR (Human Resources and Payroll) System aa human resources HR (Human Resources and Payroll) System FY2026・Human Resources Department Mari Tanaka, Human Resources Manager Field Rie Kikuchi Salary increase 22,632 yen Steady state Unprocessed Human resources operations ● Dashboard Nana Shimada Change in dependent deduction Steady state Unprocessed Expense reimbursement and payroll changes Sakura Eguchi Abolition of position allowances 15,458 yen Steady state Unprocessed Attendance and leave application Details—P4-07010448-002 · Shohei Shimizu ● Onboarding procedures Unprocessed Employee benefits application Management ID Resident tax and other taxes Employee ID classification Overtime pay adjustment type adjustment Amount 1,291 yen status Unprocessed Reference: Change type: Overtime pay adjustment Retroactive: Yes Processing comments Please enter the processing details and confirmation comments... Registration confirmed &quot;on hold",/payroll-items,employee id | amount | status | processing comment | type | department | resident tax | attendance,hold | unprocessed,Notepad/text | Word/document,word_assisted,0.9726532762115067
pi,expense_reimbursement,ses_20260701-164424-CHAITANYA0BCF::8,ses_20260701-164424-CHAITANYA0BCF,"財務会計システム = Financial accounting system | aあ = aa | 財務 = finance | 財務会計システム = Financial accounting system | 2026年度·経理部門 = Fiscal Year 2026 - Accounting Department | 佐藤 直樹・経理マネージャー = Naoki Sato, Accounting Manager | 佐 = Sa | 財務会計業務 = Financial accounting operations | 社員ID = Employee ID | 氏名 = full name | 区分 = classification | 金額 = Amount | 種別 = type | ステータス = status | ● ダッシュボード = ● Dashboard | グローバルテック合同会社 = Global Tech LLC | 請求書承認INV-2026-7344 = Invoice Approval INV-2026-7344 | 716,232円 = 716,232 yen | 調整 = adjustment | 登録済み = Registered | 請求書承認・経費精 = Invoice Approval and Expense Settlement | 算 = calculation | 北陸部品工業株式会社 = Hokuriku Parts Industry Co., Ltd. | 請求書承認INV-2026-7345 = Invoice Approval INV-2026-7345 | 455,128円 = 455,128 yen | 調整 = adjustment | 登録済み = Registered | 経費承認（管理職） = Expense approval (management) | 大和商事株式会社 = Yamato Shoji Co., Ltd. | 請求書承認INV-2026-7346 = Invoice Approval INV-2026-7346 | 1,237,439円 = 1,237,439 yen | 定常 = Steady state | 登録済み = Registered | 支払処理 = Payment processing | 福岡システム設計 = Fukuoka System Design | 請求書承認INV-2026-7347 = Invoice Approval INV-2026-7347 | 1,832,962円 = 1,832,962 yen | 定常 = Steady state | 登録済み = Registered | 予算差異分析 = Budget variance analysis | 沖縄物流センター = Okinawa Logistics Center | 請求書承認INV-2026-7348 = Invoice Approval INV-2026-7348 | 317,664円 = 317,664 yen | 定常 = Steady state | 未処理 = Unprocessed | 発注管理 = Order Management | 北陸部品工業株式会社 = Hokuriku Parts Industry Co., Ltd. | 請求書承認INV-2026-7349 = Invoice Approval INV-2026-7349 | 452,219円 = 452,219 yen | 定常 = Steady state | 未処理 = Unprocessed | 福岡システム設計 = Fukuoka System Design | 請求書承認INV-2026-7350 = Invoice Approval INV-2026-7350 | 1,993,825円 = 1,993,825 yen | 調整 = adjustment | 未処理 = Unprocessed | 大和商事株式会社 = Yamato Shoji Co., Ltd. | 請求書承認INV-2026-7351 = Invoice Approval INV-2026-7351 | 1,218,687円 = 1,218,687 yen | 調整 = adjustment | 未処理 = Unprocessed | 株式会社山田製作所 = Yamada Manufacturing Co., Ltd. | 請求書承認INV-2026-7352 = Invoice Approval INV-2026-7352 | 393,384円 = 393,384 yen | 定常 =","Financial accounting system aa finance Financial accounting system Fiscal Year 2026 - Accounting Department Naoki Sato, Accounting Manager Sa Financial accounting operations Employee ID full name classification Amount type status ● Dashboard Global Tech LLC Invoice Approval INV-2026-7344 716,232 yen adjustment Registered Invoice Approval and Expense Settlement calculation Hokuriku Parts Industry Co., Ltd. Invoice Approval INV-2026-7345 455,128 yen adjustment Registered Expense approval (management) Yamato Shoji Co., Ltd. Invoice Approval INV-2026-7346 1,237,439 yen Steady state Registered Payment processing Fukuoka System Design Invoice Approval INV-2026-7347 1,832,962 yen Steady state Registered Budget variance analysis Okinawa Logistics Center Invoice Approval INV-2026-7348 317,664 yen Steady state Unprocessed Order Management Hokuriku Parts Industry Co., Ltd. Invoice Approval INV-2026-7349 452,219 yen Steady state Unprocessed Fukuoka System Design Invoice Approval INV-2026-7350 1,993,825 yen adjustment Unprocessed Yamato Shoji Co., Ltd. Invoice Approval INV-2026-7351 1,218,687 yen adjustment Unprocessed Yamada Manufacturing Co., Ltd. Invoice Approval INV-2026-7352 393,384 yen Steady state Unprocessed Hokuriku Parts Industry Co., Ltd. Invoice Approval INV-2026-7353 437,452 yen Steady state Unprocessed Yamada Manufacturing Co., Ltd. Invoice Approval INV-2026-7354 374,313 yen adjustment Unprocessed Fukuoka System Design Invoice Approval INV-2026-7355 1,685,384 yen Steady state Unprocessed near",/payroll-items,employee id | full name | name | amount | status | type | department,approve | unprocessed,Notepad/text | Word/document,word_assisted,0.9784138025715947
pi,expense_reimbursement,ses_20260701-164424-CHAITANYA0BCF::10,ses_20260701-164424-CHAITANYA0BCF,"日 = day | り = the law of nature | 团 = crowd | 二 = two | 咱 = Tsurugi | 区 = Ward | 区 = Ward | 区 = Ward | 区 = Ward | 請求番号 = Invoice number | 取引先 = Business partners | 費目 = Expense item | 求金額（円)上金額（円）差異（円） = Amount requested (yen) Amount above (yen) Difference (yen) | 備考 = remarks | 株式会社山田製製造委託費 = Manufacturing outsourcing fees for Yamada Manufacturing Co., Ltd. | 0定額契約 = 0 fixed-rate contract | 大和商事株式会原材料仕入 = Yamato Shoji Co., Ltd. Raw Material Procurement | 0定額契約 = 0 fixed-rate contract | 東京電子工業株保守費 = Tokyo Electronics Industry Co., Ltd. maintenance fee | 0定額契約 = 0 fixed-rate contract | グローバルテッSaaS利用料 = Global Tech SaaS Usage Fees | 0定額契約 = 0 fixed-rate contract | 北陸電子部品株部品供給費 = Hokuriku Electronic Components Co., Ltd. parts supply costs | 0 定額契約 = 0 Fixed-rate contract | 経費照合 = Expense reconciliation | 囲 = enclosure | 口 = mouth | 首 = neck | へ = fart
財務会計システム = Financial accounting system | aあ = aa | 財務 = finance | 財務会計システム = Financial accounting system | 2026年度·経理部門 = Fiscal Year 2026 - Accounting Department | 佐藤 直樹・経理マネージャー = Naoki Sato, Accounting Manager | 佐 = Sa | 北陸部品工業株式会社 = Hokuriku Parts Industry Co., Ltd. | 請求書承認INV-2026-7353 = Invoice Approval INV-2026-7353 | 437,452円 = 437,452 yen | 定常 = Steady state | 未処理 = Unprocessed | 財務会計業務 = Financial accounting operations | ● ダッシュボード = ● Dashboard | 株式会社山田製作所 = Yamada Manufacturing Co., Ltd. | 請求書承認INV-2026-7354 = Invoice Approval INV-2026-7354 | 374,313円 = 374,313 yen | 調整 = adjustment | 未処理 = Unprocessed | 請求書承認・経費精 = Invoice Approval and Expense Settlement | 福岡システム設計 = Fukuoka System Design | 請求書承認INV-2026-7355 = Invoice Approval INV-2026-7355 | 1,685,384円 = 1,685,384 yen | 定常 = Steady state | 未処理 = Unprocessed | 算 = calculation | 経費承認（管理職） = Expense approval (management) | 詳細—P6-07010448-008·大和商事株式会社 = Details—P6-07010448-008 · Yamato Shoji Co., Ltd. | 未処理 = Unprocessed | 支払処理 = Payment processing | 予算差異分析 = Budget variance analysis | 管理ID = Management ID | 社員ID = Employee ID | 発注管理 = Order Management | 区分 = cla","day the law of nature crowd two Tsurugi Ward Ward Ward Ward Invoice number Business partners Expense item Amount requested (yen) Amount above (yen) Difference (yen) remarks Manufacturing outsourcing fees for Yamada Manufacturing Co., Ltd. 0 fixed-rate contract Yamato Shoji Co., Ltd. Raw Material Procurement 0 fixed-rate contract Tokyo Electronics Industry Co., Ltd. maintenance fee 0 fixed-rate contract Global Tech SaaS Usage Fees 0 fixed-rate contract Hokuriku Electronic Components Co., Ltd. parts supply costs 0 Fixed-rate contract Expense reconciliation enclosure mouth neck fart
Financial accounting system aa finance Financial accounting system Fiscal Year 2026 - Accounting Department Naoki Sato, Accounting Manager Sa Hokuriku Parts Industry Co., Ltd. Invoice Approval INV-2026-7353 437,452 yen Steady state Unprocessed Financial accounting operations ● Dashboard Yamada Manufacturing Co., Ltd. Invoice Approval INV-2026-7354 374,313 yen adjustment Unprocessed Invoice Approval and Expense Settlement Fukuoka System Design Invoice Approval INV-2026-7355 1,685,384 yen Steady state Unprocessed calculation Expense approval (management) Details—P6-07010448-008 · Yamato Shoji Co., Ltd. Unprocessed Payment processing Budget variance analysis Management ID Employee ID Order Management classification Invoice Approval INV-2026-7351 type adjustment Amount 1,218,687 yen status Unprocessed Reference: Order number verification: INV-2026-7351 Processing comments Invoice verification completed. INV-2026-7351 Amount: 1,218,687 yen. There may be discrepancies; please confirm. approval &quot; on hold
Financial accounting system finance Financial accounting system Fiscal Year 2026 - Accounting Department Naoki Sato, Accounting Manager Sa Financial accounting operations Employee ID full name classification gold color type status ● Dashboard Global Tech LLC Invoice Approval INV-2026-7344 716,232 yen Registered Invoice Approval and Expense Settlement calculation Hokuriku Parts Industry Co., L",/payroll-items,employee id | full name | name | amount | status | processing comment | type | department,approve | hold | unprocessed,Excel/spreadsheet | Notepad/text | Word/document,word_assisted,0.9462410096138575
pi,expense_reimbursement,ses_20260701-164424-CHAITANYA0BCF::22,ses_20260701-164424-CHAITANYA0BCF,"財務会計システム = Financial accounting system | aあ = aa | 財務 = finance | 財務会計システム = Financial accounting system | 2026年度·経理部門 = Fiscal Year 2026 - Accounting Department | 佐藤 直樹・経理マネージャー = Naoki Sato, Accounting Manager | 佐 = Sa | 北陸部品工業株式会社 = Hokuriku Parts Industry Co., Ltd. | 請求書承認INV-2026-7353 = Invoice Approval INV-2026-7353 | 437,452円 = 437,452 yen | 定常 = Steady state | 登録済み = Registered | 財務会計業務 = Financial accounting operations | ● ダッシュボード = ● Dashboard | 株式会社山田製作所 = Yamada Manufacturing Co., Ltd. | 請求書承認INV-2026-7354 = Invoice Approval INV-2026-7354 | 374,313円 = 374,313 yen | 調整 = adjustment | 登録済み = Registered | 請求書承認・経費精 = Invoice Approval and Expense Settlement | 福岡システム設計 = Fukuoka System Design | 請求書承認 INV-2026-7355 = Invoice Approval INV-2026-7355 | 1,685,384円 = 1,685,384 yen | 定常 = Steady state | 未処理 = Unprocessed | 算 = calculation | 経費承認（管理職） = Expense approval (management) | 詳細—P6-07010448-012·福岡システム設計 = Details—P6-07010448-012 · Fukuoka System Design | 未処理 = Unprocessed | ● 支払処理 = ● Payment Processing | 管理ID = Management ID | 予算差異分析 = Budget variance analysis | 社員ID = Employee ID | 発注管理 = Order Management | 区分 = classification | 請求書承認INV-2026-7355 = Invoice Approval INV-2026-7355 | 種別 = type | 定常 = Steady state | 金額 = Amount | 1,685,384円 = 1,685,384 yen | ステータス = status | 未処理 = Unprocessed | 参照：発注番号照合：INV-2026-7355 = Reference: Order number verification: INV-2026-7355 | 処理コメント = Processing comments | 処理内容・確認コメントを入力してください… = Please enter the processing details and confirmation comments... | 承認 = approval | "" 保留 = &quot; on hold","Financial accounting system aa finance Financial accounting system Fiscal Year 2026 - Accounting Department Naoki Sato, Accounting Manager Sa Hokuriku Parts Industry Co., Ltd. Invoice Approval INV-2026-7353 437,452 yen Steady state Registered Financial accounting operations ● Dashboard Yamada Manufacturing Co., Ltd. Invoice Approval INV-2026-7354 374,313 yen adjustment Registered Invoice Approval and Expense Settlement Fukuoka System Design Invoice Approval INV-2026-7355 1,685,384 yen Steady state Unprocessed calculation Expense approval (management) Details—P6-07010448-012 · Fukuoka System Design Unprocessed ● Payment Processing Management ID Budget variance analysis Employee ID Order Management classification Invoice Approval INV-2026-7355 type Steady state Amount 1,685,384 yen status Unprocessed Reference: Order number verification: INV-2026-7355 Processing comments Please enter the processing details and confirmation comments... approval &quot; on hold",/payroll-items,employee id | amount | status | processing comment | type | department,approve | hold | unprocessed,Notepad/text | Word/document,word_assisted,0.9656309578325841
pi,expense_reimbursement,ses_20260701-164424-CHAITANYA0BCF::23,ses_20260701-164424-CHAITANYA0BCF,"財務会計システム = Financial accounting system | aあ = aa | 財務 = finance | 財務会計システム = Financial accounting system | 2026年度·経理部門 = Fiscal Year 2026 - Accounting Department | 佐藤 直樹・経理マネージャー = Naoki Sato, Accounting Manager | 佐 = Sa | 北陸部品工業株式会社 = Hokuriku Parts Industry Co., Ltd. | 請求書承認INV-2026-7353 = Invoice Approval INV-2026-7353 | 437,452円 = 437,452 yen | 定常 = Steady state | 登録済み = Registered | 財務会計業務 = Financial accounting operations | ● ダッシュボード = ● Dashboard | 株式会社山田製作所 = Yamada Manufacturing Co., Ltd. | 請求書承認INV-2026-7354 = Invoice Approval INV-2026-7354 | 374,313円 = 374,313 yen | 調整 = adjustment | 登録済み = Registered | 請求書承認・経費精 = Invoice Approval and Expense Settlement | 福岡システム設計 = Fukuoka System Design | 請求書承認 INV-2026-7355 = Invoice Approval INV-2026-7355 | 1,685,384円 = 1,685,384 yen | 定常 = Steady state | 未処理 = Unprocessed | 算 = calculation | 経費承認（管理職） = Expense approval (management) | 詳細—P6-07010448-012·福岡システム設計 = Details—P6-07010448-012 · Fukuoka System Design | 未処理 = Unprocessed | 支払処理 = Payment processing | 管理ID = Management ID | 予算差異分析 = Budget variance analysis | 社員ID = Employee ID | 発注管理 = Order Management | 区分 = classification | 請求書承認INV-2026-7355 = Invoice Approval INV-2026-7355 | 種別 = type | 定常 = Steady state | 金額 = Amount | 1,685,384円 = 1,685,384 yen | ステータス = status | 未処理 = Unprocessed | 参照：発注番号照合：INV-2026-7355 = Reference: Order number verification: INV-2026-7355 | 処理コメント = Processing comments | 請求書照合完了。INV-2026-7355 = Invoice verification completed. INV-2026-7355 | 金額：1,685,384円。差異なし承認。 = Amount: 1,685,384 yen. Approved with no discrepancies. | 承認 = approval | "" 保留 = &quot; on hold","Financial accounting system aa finance Financial accounting system Fiscal Year 2026 - Accounting Department Naoki Sato, Accounting Manager Sa Hokuriku Parts Industry Co., Ltd. Invoice Approval INV-2026-7353 437,452 yen Steady state Registered Financial accounting operations ● Dashboard Yamada Manufacturing Co., Ltd. Invoice Approval INV-2026-7354 374,313 yen adjustment Registered Invoice Approval and Expense Settlement Fukuoka System Design Invoice Approval INV-2026-7355 1,685,384 yen Steady state Unprocessed calculation Expense approval (management) Details—P6-07010448-012 · Fukuoka System Design Unprocessed Payment processing Management ID Budget variance analysis Employee ID Order Management classification Invoice Approval INV-2026-7355 type Steady state Amount 1,685,384 yen status Unprocessed Reference: Order number verification: INV-2026-7355 Processing comments Invoice verification completed. INV-2026-7355 Amount: 1,685,384 yen. Approved with no discrepancies. approval &quot; on hold",/payroll-items,employee id | amount | status | processing comment | type | department,approve | hold | unprocessed,Notepad/text | Word/document,word_assisted,0.9768903719914424
pi,expense_reimbursement,ses_20260701-171614-CHAITANYA0BCF::27,ses_20260701-171614-CHAITANYA0BCF,HR人事給与システム = HR (Human Resources and Payroll) System | aあ A☆ = aa A☆ | 率 = rate | 人事 = human resources | HR人事給与システム = HR (Human Resources and Payroll) System | 2026年度·人事部門 = FY2026・Human Resources Department | 田 = Field | 人事業務 = Human resources operations | 氏名 = full name | 申請種別 = Application Type | 社員ID = Employee ID | 対象年月 = Target year and month | 詳細 = detail | ● ダッシュボード = ● Dashboard | 清水 祥平 = Shohei Shimizu | 産前産後休暇申請 = Application for maternity leave | 産休中社保免除申請 = Application for exemption from social insurance during maternity leave | 処理完了 = Processing complete | 経費精算・給与変更 = Expense reimbursement and payroll changes | 清水 祥平 = Shohei Shimizu | 勤怠・休暇申請 = Attendance and leave application | 産前産後休暇申请 = Application for maternity leave | 産休中社保免除申請 = Application for exemption from social insurance during maternity leave | 処理完了 = Processing complete | ● 入社手続き = ● Onboarding procedures | 竹内彩子 = Ayako Takeuchi | 住宅手当変更申请 = Application for change of housing allowance | 住居変更に伴う手当改定 = Allowance revision due to change of residence | 処理完了 = Processing complete | ● 福利厚生申請 = ● Application for employee benefits | 江口さくら = Sakura Eguchi | 育児休業申請 = Application for childcare leave | 育児休業期間中社保免除 = Social insurance exemption during childcare leave | 処理完了 = Processing complete | ● 住民税・その他 = ● Resident tax and other taxes | 河野明日香 = Asuka Kono | 家族手当申請 = Family allowance application | 扶養家族追加登録 = Adding dependents | 処理待ち = Waiting for processing | 菊池理恵 = Rie Kikuchi | 育児休業申請 = Application for childcare leave | 育児休業期間中社保免除 = Social insurance exemption during childcare leave | 処理待ち = Waiting for processing | 江口さくら = Sakura Eguchi | 住宅手当変更申請 = Application for change of housing allowance | 住居変更に伴う手当改定 = Allowance revision due to change of residence | 処理待ち = Waiting for processing | 坂本 裕二 = Yuji Sakamoto | 育児休業申請 = Application for childcare leave | 育児休業期間中社保免除 = Social insurance exemption during childcare leave | 処理待ち = Waiting for processing | 清水 祥平 = Shohei Shimizu | 家族手当申請 = Family allowan,"HR (Human Resources and Payroll) System aa A☆ rate human resources HR (Human Resources and Payroll) System FY2026・Human Resources Department Field Human resources operations full name Application Type Employee ID Target year and month detail ● Dashboard Shohei Shimizu Application for maternity leave Application for exemption from social insurance during maternity leave Processing complete Expense reimbursement and payroll changes Shohei Shimizu Attendance and leave application Application for maternity leave Application for exemption from social insurance during maternity leave Processing complete ● Onboarding procedures Ayako Takeuchi Application for change of housing allowance Allowance revision due to change of residence Processing complete ● Application for employee benefits Sakura Eguchi Application for childcare leave Social insurance exemption during childcare leave Processing complete ● Resident tax and other taxes Asuka Kono Family allowance application Adding dependents Waiting for processing Rie Kikuchi Application for childcare leave Social insurance exemption during childcare leave Waiting for processing Sakura Eguchi Application for change of housing allowance Allowance revision due to change of residence Waiting for processing Yuji Sakamoto Application for childcare leave Social insurance exemption during childcare leave Waiting for processing Shohei Shimizu Family allowance application Adding dependents Waiting for processing Rie Kikuchi Housing allowance change application Allowance revision due to change of residence Waiting for processing Sakura Eguchi Application for caregiving leave Application for Caregiving Leave Benefits Waiting for processing Daiki Ueno Application for caregiving leave Application for Caregiving Leave Benefits Waiting for processing P5-07054374-004: Processing complete. near
HR (Human Resources and Payroll) System aa A☆ rate human resources HR (Human Resources and Payroll) System FY2026・Human Resources Department Field Human",/payroll-items | /social-insurance,employee id | full name | name | amount | status | processing comment | type | department | family allowance | social insurance | resident tax | attendance,hold | processing_complete | unprocessed,Notepad/text | Word/document,word_assisted,0.9672721025781147
pi,expense_reimbursement,ses_20260701-171614-CHAITANYA0BCF::41,ses_20260701-171614-CHAITANYA0BCF,"財務会計システム = Financial accounting system | aあ A☆ = aa A☆ | 率 = rate | 財務 = finance | 財務会計システム = Financial accounting system | 2026年度·経理部門 = Fiscal Year 2026 - Accounting Department | 佐 = Sa | 財務会計業務 = Financial accounting operations | 入社日 = Start date | 社員ID = Employee ID | 氏名 = full name | 部署 = Department | ● ダッシュボード = ● Dashboard | 北陸部品工業株式会社 = Hokuriku Parts Industry Co., Ltd. | 振込 ¥361,010 = Bank transfer ¥361,010 | INV-1779 承認済 = INV-1779 Approved | 2項目 = 2 items | 完了 = completion | 請求書承認・経費精 = Invoice Approval and Expense Settlement | 算 = calculation | 沖縄物流センター = Okinawa Logistics Center | 振込¥295,278 = Bank transfer ¥295,278 | INV-1780 承認済 = INV-1780 Approved | 4項目 = 4 items | 完了 = completion | 経費承認（管理職） = Expense approval (management) | 沖縄物流センター = Okinawa Logistics Center | 振込¥355,673 = Bank transfer: ¥355,673 | INV-1781 承認済 = INV-1781 Approved | 2 項目 = 2 items | 完了 = completion | ● 支払処理 = ● Payment Processing | 北陸部品工業株式会社 = Hokuriku Parts Industry Co., Ltd. | 振込 ¥482,433 = Bank transfer ¥482,433 | INV-1782 承認済 = INV-1782 Approved | 2項目 = 2 items | 完了 = completion | 予算差異分析 = Budget variance analysis | ● 発注管理 = ● Order Management | 北陸部品工業株式会社 = Hokuriku Parts Industry Co., Ltd. | 振込 ¥470,334 = Bank transfer ¥470,334 | INV-1783 承認済 = INV-1783 Approved | 3項目 = 3 items | 照合中 = Matching | 沖縄物流センター = Okinawa Logistics Center | 振込 ¥331,542 = Bank transfer ¥331,542 | INV-1784 承認済 = INV-1784 Approved | 3項目 = 3 items | 照合中 = Matching | 沖縄物流センター = Okinawa Logistics Center | 振込¥352,405 = Bank transfer ¥352,405 | INV-1785 承認済 = INV-1785 Approved | 3項目 = 3 items | 照合中 = Matching | 株式会社山田製作所 = Yamada Manufacturing Co., Ltd. | 振込¥397,055 = Bank transfer: ¥397,055 | INV-1786 承認済 = INV-1786 Approved | 2項目 = 2 items | 照合中 = Matching | 福岡システム設計 = Fukuoka System Design | 振込¥1,650,767 = Bank transfer ¥1,650,767 | INV-1787 承認済 = INV-1787 Approved | 4項目 = 4 items | 照合中 = Matching | 大和商事株式会社 = Yamato Shoji Co., Ltd. | 振込¥1,135,513 = Transfer amount: ¥1,135,513 | INV-1788 承認済 = INV-1788","Financial accounting system aa A☆ rate finance Financial accounting system Fiscal Year 2026 - Accounting Department Sa Financial accounting operations Start date Employee ID full name Department ● Dashboard Hokuriku Parts Industry Co., Ltd. Bank transfer ¥361,010 INV-1779 Approved 2 items completion Invoice Approval and Expense Settlement calculation Okinawa Logistics Center Bank transfer ¥295,278 INV-1780 Approved 4 items completion Expense approval (management) Okinawa Logistics Center Bank transfer: ¥355,673 INV-1781 Approved 2 items completion ● Payment Processing Hokuriku Parts Industry Co., Ltd. Bank transfer ¥482,433 INV-1782 Approved 2 items completion Budget variance analysis ● Order Management Hokuriku Parts Industry Co., Ltd. Bank transfer ¥470,334 INV-1783 Approved 3 items Matching Okinawa Logistics Center Bank transfer ¥331,542 INV-1784 Approved 3 items Matching Okinawa Logistics Center Bank transfer ¥352,405 INV-1785 Approved 3 items Matching Yamada Manufacturing Co., Ltd. Bank transfer: ¥397,055 INV-1786 Approved 2 items Matching Fukuoka System Design Bank transfer ¥1,650,767 INV-1787 Approved 4 items Matching Yamato Shoji Co., Ltd. Transfer amount: ¥1,135,513 INV-1788 Approved 3 items Matching Kansai Logistics Service Transfer amount: ¥2,584,160 INV-1789 Approved 3 items Matching Hokuriku Parts Industry Co., Ltd. Bank transfer ¥394,568 INV-1790 Approved 3 items Matching P7-07054374-004: Verification complete. near
Ward Procedures for accepting outsourced contractors 1. Procedure Overview 2. Required documents 3. System Registration Procedures for accepting outsourced contractors 4. Security measures 5. Orientation 1. Procedure Overview This document outlines the procedures for verifying necessary documents and registering them in the system when accepting outsourced services. 2. Required documents Contract (signed), copy of identification, My Number declaration form, bank account information form. 3. System Registration Registering contractors in the",/onboarding | /payroll-items,employee id | full name | name | amount | status | processing comment | category | type | start date | department | my number | resident tax | attendance,approve | hold | unprocessed,Notepad/text | Word/document,word_assisted,0.9624759804330592
pi,expense_reimbursement,ses_20260701-173246-SIDDHIGUPTAB00B::3,ses_20260701-173246-SIDDHIGUPTAB00B,"HR人事給与システム = HR (Human Resources and Payroll) System | aあA = aaA | 人事 = human resources | HR人事給与システム = HR (Human Resources and Payroll) System | 2026年度·人事部門 = FY2026・Human Resources Department | 2026/07/01 23:03:34 田中 麻里·人事マネージャー = 2026/07/01 23:03:34 Mari Tanaka, Human Resources Manager | 田 = Field | 人事業務 = Human resources operations | ダッシュボードノ経費精算・給与変更 = Dashboard Expense Reimbursement/Payroll Changes | ● ダッシュボード = ● Dashboard | 経費精算・給与変更 = Expense reimbursement and payroll changes | 経費精算·給与変更 = Expense reimbursement and payroll changes | 24 件·23 件未処理 = 24 items · 23 items unprocessed | 勤怠・休暇申請 = Attendance and leave application | 処理待ち一覧 = List of items awaiting processing | ● 入社手続き = ● Onboarding procedures | 社員ID = Employee ID | 氏名 = full name | 区分 = classification | 金額 = Amount | 種別 = type | ステータス = status | 福利厚生申請 = Employee benefits application | 竹内彩子 = Ayako Takeuchi | 接待交際費 = Entertainment expenses | 83,652円 = 83,652 yen | 調整 = adjustment | 未処理 = Unprocessed | ● 住民税・その他 = ● Resident tax and other taxes | 竹内彩子 = Ayako Takeuchi | 交通費精算 = Transportation expense settlement | 12,312円 = 12,312 yen | 定常 = Steady state | 登録済み = Registered | 遠山 健一 = Kenichi Toyama | 出張旅費 = Business trip expenses | 42,838円 = 42,838 yen | 定常 = Steady state | 未処理 = Unprocessed | 竹内彩子 = Ayako Takeuchi | 交通費精算 = Transportation expense settlement | 13,656円 = 13,656 yen | 定常 = Steady state | 未処理 = Unprocessed | 石田 美奈 = Mina Ishida | 交通費精算 = Transportation expense settlement | 21,542円 = 21,542 yen | 定常 = Steady state | 未処理 = Unprocessed | 岡田 智也 = Tomoya Okada | 出張旅費 = Business trip expenses | 60,701円 = 60,701 yen | 定常 = Steady state | 未処理 = Unprocessed | 桐島涼介 = Ryosuke Kirishima | 出張旅費 = Business trip expenses | 53,580円 = 53,580 yen | 定常 = Steady state | 未処理 = Unprocessed | 上野大樹 = Daiki Ueno | 出張旅費 = Business trip expenses | 21,956円 = 21,956 yen | 定常 = Steady state | 未処理 = Unprocessed | 寺本 真由 = Mayu Teramoto | 交通費精算 = Transportation expense settlement | 5,960円 = 5,960 yen | 定常 = Steady stat","HR (Human Resources and Payroll) System aaA human resources HR (Human Resources and Payroll) System FY2026・Human Resources Department 2026/07/01 23:03:34 Mari Tanaka, Human Resources Manager Field Human resources operations Dashboard Expense Reimbursement/Payroll Changes ● Dashboard Expense reimbursement and payroll changes Expense reimbursement and payroll changes 24 items · 23 items unprocessed Attendance and leave application List of items awaiting processing ● Onboarding procedures Employee ID full name classification Amount type status Employee benefits application Ayako Takeuchi Entertainment expenses 83,652 yen adjustment Unprocessed ● Resident tax and other taxes Ayako Takeuchi Transportation expense settlement 12,312 yen Steady state Registered Kenichi Toyama Business trip expenses 42,838 yen Steady state Unprocessed Ayako Takeuchi Transportation expense settlement 13,656 yen Steady state Unprocessed Mina Ishida Transportation expense settlement 21,542 yen Steady state Unprocessed Tomoya Okada Business trip expenses 60,701 yen Steady state Unprocessed Ryosuke Kirishima Business trip expenses 53,580 yen Steady state Unprocessed Daiki Ueno Business trip expenses 21,956 yen Steady state Unprocessed Mayu Teramoto Transportation expense settlement 5,960 yen Steady state Unprocessed Nana Shimada Consumables cost 22,504 yen Steady state Unprocessed neck",/payroll-items,employee id | full name | name | amount | status | type | department | resident tax | attendance,awaiting_processing | unprocessed,Notepad/text | Word/document,word_assisted,0.9697188812644542
pi,expense_reimbursement,ses_20260701-173246-SIDDHIGUPTAB00B::4,ses_20260701-173246-SIDDHIGUPTAB00B,"精算確認メモ = Settlement confirmation memo | ら = and others | 田 = Field | 精算確認メモ = Settlement confirmation memo | 経費精算確認済み。費目：交通費精算 金額：12,312円。規程内であることを確認した。 = Expense reimbursement confirmed. Expense item: Transportation expenses. Amount: 12,312 yen. Confirmed to be within regulations. | 首 = neck
HR人事給与システム = HR (Human Resources and Payroll) System | aあA = aaA | 人事 = human resources | HR人事給与システム = HR (Human Resources and Payroll) System | 2026年度·人事部門 = FY2026・Human Resources Department | 2026/07/01 23:03:46 田中 麻里·人事マネージャー = 2026/07/01 23:03:46 Mari Tanaka, Human Resources Manager | 田 = Field | 津田将太 = Shota Tsuda | 残業手当調整 = Overtime pay adjustment | 11,939円 = 11,939 yen | 調整 = adjustment | 未処理 = Unprocessed | 人事業務 = Human resources operations | 清水 祥平 = Shohei Shimizu | 役職手当新設 = New position-based allowance established. | 33,327円 = 33,327 yen | 定常 = Steady state | 未処理 = Unprocessed | ● ダッシュボード = ● Dashboard | 江口さくら = Sakura Eguchi | 残業手当調整 = Overtime pay adjustment | 11,939円 = 11,939 yen | 調整 = adjustment | 未処理 = Unprocessed | 経費精算·給与変更 = Expense reimbursement and payroll changes | 勤怠・休暇申請 = Attendance and leave application | 菊池理恵 = Rie Kikuchi | 扶養控除変更 = Change in dependent deduction | 定常 = Steady state | 未処理 = Unprocessed | ● 入社手続き = ● Onboarding procedures | 詳細 — P1-07109774-004· 竹内 彩子 = Details — P1-07109774-004 · Ayako Takeuchi | ●福利厚生申請 = ● Application for employee benefits | 未処理 = Unprocessed | ● 住民税・その他 = ● Resident tax and other taxes | 管理ID = Management ID | 社員ID = Employee ID | 区分 = classification | 交通費精算 = Transportation expense settlement | 種別 = type | 定常 = Steady state | 金額 = Amount | 13,656円 = 13,656 yen | ステータス = status | 未処理 = Unprocessed | 参照：申請者区分：regular = Reference: Applicant classification: regular | 承認権限：人事担当 = Approval authority: Human Resources Department | 処理コメント = Processing comments | 処理内容・確認コメントを入力してください… = Please enter the processing details and confirmation comments... | ✓ 登録確定 = ✓ Registration confirmed | ""保留 = &quot;on hold | 首 = neck","Settlement confirmation memo and others Field Settlement confirmation memo Expense reimbursement confirmed. Expense item: Transportation expenses. Amount: 12,312 yen. Confirmed to be within regulations. neck
HR (Human Resources and Payroll) System aaA human resources HR (Human Resources and Payroll) System FY2026・Human Resources Department 2026/07/01 23:03:46 Mari Tanaka, Human Resources Manager Field Shota Tsuda Overtime pay adjustment 11,939 yen adjustment Unprocessed Human resources operations Shohei Shimizu New position-based allowance established. 33,327 yen Steady state Unprocessed ● Dashboard Sakura Eguchi Overtime pay adjustment 11,939 yen adjustment Unprocessed Expense reimbursement and payroll changes Attendance and leave application Rie Kikuchi Change in dependent deduction Steady state Unprocessed ● Onboarding procedures Details — P1-07109774-004 · Ayako Takeuchi ● Application for employee benefits Unprocessed ● Resident tax and other taxes Management ID Employee ID classification Transportation expense settlement type Steady state Amount 13,656 yen status Unprocessed Reference: Applicant classification: regular Approval authority: Human Resources Department Processing comments Please enter the processing details and confirmation comments... ✓ Registration confirmed &quot;on hold neck",/payroll-items,employee id | amount | status | processing comment | type | department | resident tax | attendance,approve | hold | unprocessed,Notepad/text | Word/document,word_assisted,0.9371863955022861
pi,expense_reimbursement,ses_20260701-173246-SIDDHIGUPTAB00B::32,ses_20260701-173246-SIDDHIGUPTAB00B,"HR人事給与システム = HR (Human Resources and Payroll) System | aあA = aaA | 人事 = human resources | HR人事給与システム = HR (Human Resources and Payroll) System | 2026年度·人事部門 = FY2026・Human Resources Department | 田中麻里・人事マネージャー = Mari Tanaka, Human Resources Manager | 田 = Field | 津田将太 = Shota Tsuda | 残業手当調整 = Overtime pay adjustment | 11,939円 = 11,939 yen | 調整 = adjustment | 未処理 = Unprocessed | 人事業務 = Human resources operations | 清水 祥平 = Shohei Shimizu | 役職手当新設 = New position-based allowance established. | 33,327円 = 33,327 yen | 定常 = Steady state | 未処理 = Unprocessed | ● ダッシュボード = ● Dashboard | 江口さくら = Sakura Eguchi | 残業手当調整 = Overtime pay adjustment | 11,939円 = 11,939 yen | 調整 = adjustment | 未処理 = Unprocessed | 経費精算・給与変更 = Expense reimbursement and payroll changes | 勤怠・休暇申請 = Attendance and leave application | 菊池理恵 = Rie Kikuchi | 扶養控除変更 = Change in dependent deduction | 定常 = Steady state | 未処理 = Unprocessed | ● 入社手続き = ● Onboarding procedures | 詳細 — P1-07109774-005·石田 美奈 = Details — P1-07109774-005 · Mina Ishida | ●福利厚生申請 = ● Application for employee benefits | 未処理 = Unprocessed | ● 住民税・その他 = ● Resident tax and other taxes | 管理ID = Management ID | 社員ID = Employee ID | 区分 = classification | 交通費精算 = Transportation expense settlement | 種別 = type | 定常 = Steady state | 金額 = Amount | 21,542円 = 21,542 yen | ステータス = status | 未処理 = Unprocessed | 参照：申請者区分：regular = Reference: Applicant classification: regular | 承認権限：人事担当 = Approval authority: Human Resources Department | 処理コメント = Processing comments | 処理内容・確認コメントを入力してください… = Please enter the processing details and confirmation comments... | ✓ 登録確定 = ✓ Registration confirmed | ""保留 = &quot;on hold | 首 = neck
HR人事給与システム = HR (Human Resources and Payroll) System | aあA = aaA | 人事 = human resources | HR人事給与システム = HR (Human Resources and Payroll) System | 2026年度·人事部門 = FY2026・Human Resources Department | 2026/07/01 23:12:30 田中 麻里·人事マネージャー = 2026/07/01 23:12:30 Mari Tanaka, Human Resources Manager | 田 = Field | 津田将太 = Shota Tsuda | 残業手当調整 = Overtime p","HR (Human Resources and Payroll) System aaA human resources HR (Human Resources and Payroll) System FY2026・Human Resources Department Mari Tanaka, Human Resources Manager Field Shota Tsuda Overtime pay adjustment 11,939 yen adjustment Unprocessed Human resources operations Shohei Shimizu New position-based allowance established. 33,327 yen Steady state Unprocessed ● Dashboard Sakura Eguchi Overtime pay adjustment 11,939 yen adjustment Unprocessed Expense reimbursement and payroll changes Attendance and leave application Rie Kikuchi Change in dependent deduction Steady state Unprocessed ● Onboarding procedures Details — P1-07109774-005 · Mina Ishida ● Application for employee benefits Unprocessed ● Resident tax and other taxes Management ID Employee ID classification Transportation expense settlement type Steady state Amount 21,542 yen status Unprocessed Reference: Applicant classification: regular Approval authority: Human Resources Department Processing comments Please enter the processing details and confirmation comments... ✓ Registration confirmed &quot;on hold neck
HR (Human Resources and Payroll) System aaA human resources HR (Human Resources and Payroll) System FY2026・Human Resources Department 2026/07/01 23:12:30 Mari Tanaka, Human Resources Manager Field Shota Tsuda Overtime pay adjustment 11,939 yen adjustment Unprocessed Human resources operations Shohei Shimizu New position-based allowance established. 33,327 yen Steady state Unprocessed ● Dashboard Sakura Eguchi Overtime pay adjustment 11,939 yen adjustment Unprocessed Expense reimbursement and payroll changes Attendance and leave application Rie Kikuchi Change in dependent deduction Steady state Unprocessed ● Onboarding procedures Details — P1-07109774-005 · Mina Ishida ● Application for employee benefits Unprocessed ● Resident tax and other taxes Management ID Employee ID classification Transportation expense settlement type Steady state Amount 21,542 yen status Unprocessed Reference: Applicant classi",/payroll-items,employee id | amount | status | processing comment | type | department | resident tax | attendance,approve | hold | unprocessed,Notepad/text | Word/document,word_assisted,0.9580487170199665
pi,expense_reimbursement,ses_20260701-173246-SIDDHIGUPTAB00B::36,ses_20260701-173246-SIDDHIGUPTAB00B,"精算確認メモ = Settlement confirmation memo | ら = and others | 田 = Field | 精算確認メモ = Settlement confirmation memo | 経費精算確認済み。費目：出張旅費 金額：60,701円。規程内であることを確認した。 = Expense reimbursement confirmed. Expense item: Business trip expenses. Amount: 60,701 yen. Confirmed to be within regulations. | 口 = mouth | 首 = neck
HR人事給与システム = HR (Human Resources and Payroll) System | aあA = aaA | 人事 = human resources | HR人事給与システム = HR (Human Resources and Payroll) System | 2026年度·人事部門 = FY2026・Human Resources Department | 2026/07/01 23:13:04 田中 麻里·人事マネージャー = 2026/07/01 23:13:04 Mari Tanaka, Human Resources Manager | 田 = Field | 津田将太 = Shota Tsuda | 残業手当調整 = Overtime pay adjustment | 11,939円 = 11,939 yen | 調整 = adjustment | 未処理 = Unprocessed | 人事業務 = Human resources operations | 清水 祥平 = Shohei Shimizu | 役職手当新設 = New position-based allowance established. | 33,327円 = 33,327 yen | 定常 = Steady state | 未処理 = Unprocessed | ● ダッシュボード = ● Dashboard | 江口さくら = Sakura Eguchi | 残業手当調整 = Overtime pay adjustment | 11,939円 = 11,939 yen | 調整 = adjustment | 未処理 = Unprocessed | 経費精算・給与変更 = Expense reimbursement and payroll changes | 勤怠・休暇申請 = Attendance and leave application | 菊池理恵 = Rie Kikuchi | 扶養控除変更 = Change in dependent deduction | 定常 = Steady state | 未処理 = Unprocessed | ● 入社手続き = ● Onboarding procedures | 詳細 — P1-07109774-008 ·上野 大樹 = Details — P1-07109774-008 ·Daiki Ueno | ●福利厚生申請 = ● Application for employee benefits | 未処理 = Unprocessed | ● 住民税・その他 = ● Resident tax and other taxes | 管理ID = Management ID | 社員ID = Employee ID | 区分 = classification | 出張旅費 = Business trip expenses | 種別 = type | 定常 = Steady state | 金額 = Amount | 21,956円 = 21,956 yen | ステータス = status | 未処理 = Unprocessed | 参照：申請者区分：regular = Reference: Applicant classification: regular | 承認権限：部門長 = Approval authority: Department head | 処理コメント = Processing comments | 経費精算確認済み。費目：出張旅費 金額：21,956円。規程内であることを確認した。 = Expense reimbursement confirmed. Expense item: Business trip expenses. Amount: 21,956 yen. Confirmed to be within regulations. | ✓ 登録確定 ","Settlement confirmation memo and others Field Settlement confirmation memo Expense reimbursement confirmed. Expense item: Business trip expenses. Amount: 60,701 yen. Confirmed to be within regulations. mouth neck
HR (Human Resources and Payroll) System aaA human resources HR (Human Resources and Payroll) System FY2026・Human Resources Department 2026/07/01 23:13:04 Mari Tanaka, Human Resources Manager Field Shota Tsuda Overtime pay adjustment 11,939 yen adjustment Unprocessed Human resources operations Shohei Shimizu New position-based allowance established. 33,327 yen Steady state Unprocessed ● Dashboard Sakura Eguchi Overtime pay adjustment 11,939 yen adjustment Unprocessed Expense reimbursement and payroll changes Attendance and leave application Rie Kikuchi Change in dependent deduction Steady state Unprocessed ● Onboarding procedures Details — P1-07109774-008 ·Daiki Ueno ● Application for employee benefits Unprocessed ● Resident tax and other taxes Management ID Employee ID classification Business trip expenses type Steady state Amount 21,956 yen status Unprocessed Reference: Applicant classification: regular Approval authority: Department head Processing comments Expense reimbursement confirmed. Expense item: Business trip expenses. Amount: 21,956 yen. Confirmed to be within regulations. ✓ Registration confirmed &quot;on hold neck",/payroll-items,employee id | amount | status | processing comment | type | department | resident tax | attendance,approve | hold | unprocessed,Notepad/text | Word/document,word_assisted,0.9449023958514718
pi,expense_reimbursement,ses_20260701-173642-NEELA9BAF::21,ses_20260701-173642-NEELA9BAF,"財務会計システム = Financial accounting system | 財務会計システム = Financial accounting system | aあ = aa | 財務 = finance | 財務会計システム = Financial accounting system | 2026年度·経理部門 = Fiscal Year 2026 - Accounting Department | 佐藤 直樹・経理マネージャー = Naoki Sato, Accounting Manager | 佐 = Sa | 財務会計業務 = Financial accounting operations | ダッシュボードノ請求書承認・経費精算 = Dashboard Invoice Approval/Expense Reimbursement | ● ダッシュボード = ● Dashboard | 請求書承認・経費精算 = Invoice approval and expense reimbursement | 請求書承認・経費精 = Invoice Approval and Expense Settlement | 12 件·11 件未処理 = 12 items · 11 items unprocessed | 算 = calculation | 処理待ち一覧 = List of items awaiting processing | 経費承認(管理職) = Expense approval (management) | ● 支払処理 = ● Payment Processing | 社員ID = Employee ID | 氏名 = full name | 区分 = classification | 金額 = Amount | 種別 = type | ステータス = status | 予算差異分析 = Budget variance analysis | 沖縄物流センター = Okinawa Logistics Center | 請求書承認INV-2026-7532 = Invoice Approval INV-2026-7532 | 310,006円 = 310,006 yen | 調整 = adjustment | 登録済み = Registered | ● 発注管理 = ● Order Management | 北陸部品工業株式会社 = Hokuriku Parts Industry Co., Ltd. | 請求書承認INV-2026-7533 = Invoice Approval INV-2026-7533 | 381,332円 = 381,332 yen | 定常 = Steady state | 未処理 = Unprocessed | グローバルテック合同会社 = Global Tech LLC | 請求書承認INV-2026-7534 = Invoice Approval INV-2026-7534 | 765,766円 = 765,766 yen | 調整 = adjustment | 未処理 = Unprocessed | 東京電子工業株式会社 = Tokyo Electronics Industry Co., Ltd. | 請求書承認INV-2026-7535 = Invoice Approval INV-2026-7535 | 583,781円 = 583,781 yen | 定常 = Steady state | 未処理 = Unprocessed | 東京電子工業株式会社 = Tokyo Electronics Industry Co., Ltd. | 請求書承認INV-2026-7536 = Invoice Approval INV-2026-7536 | 544,435円 = 544,435 yen | 定常 = Steady state | 未処理 = Unprocessed | 関西物流サービス = Kansai Logistics Service | 請求書承認INV-2026-7537 = Invoice Approval INV-2026-7537 | 2,850,234円 = 2,850,234 yen | 定常 = Steady state | 未処理 = Unprocessed | 関西物流サービス = Kansai Logistics Service | 請求書承認INV-2026-7538 = Invoice Approval INV-2026-7538 | 3,243,130円 = 3,243,130 yen | 定常 = Steady state | 未処理 = Unp","Financial accounting system Financial accounting system aa finance Financial accounting system Fiscal Year 2026 - Accounting Department Naoki Sato, Accounting Manager Sa Financial accounting operations Dashboard Invoice Approval/Expense Reimbursement ● Dashboard Invoice approval and expense reimbursement Invoice Approval and Expense Settlement 12 items · 11 items unprocessed calculation List of items awaiting processing Expense approval (management) ● Payment Processing Employee ID full name classification Amount type status Budget variance analysis Okinawa Logistics Center Invoice Approval INV-2026-7532 310,006 yen adjustment Registered ● Order Management Hokuriku Parts Industry Co., Ltd. Invoice Approval INV-2026-7533 381,332 yen Steady state Unprocessed Global Tech LLC Invoice Approval INV-2026-7534 765,766 yen adjustment Unprocessed Tokyo Electronics Industry Co., Ltd. Invoice Approval INV-2026-7535 583,781 yen Steady state Unprocessed Tokyo Electronics Industry Co., Ltd. Invoice Approval INV-2026-7536 544,435 yen Steady state Unprocessed Kansai Logistics Service Invoice Approval INV-2026-7537 2,850,234 yen Steady state Unprocessed Kansai Logistics Service Invoice Approval INV-2026-7538 3,243,130 yen Steady state Unprocessed Hokuriku Parts Industry Co., Ltd. Invoice Approval INV-2026-7539 453,807 yen Steady state Unprocessed Fukuoka System Design Invoice Approval INV-2026-7540 1,674,594 yen Steady state Unprocessed Yamato Shoji Co., Ltd. Invoice Approval INV-2026-7541 1,289,974 yen adjustment Unprocessed Kansai Logistics Service Invoice Approval INV-2026-7542 3,267,097 yen adjustment Unprocessed Steady-state activateWind theory Fukuoka System Design Invoice Approval INV-2026-7543 1,838,678 yen DC 07047510 002 Kitamikaro T Optical△sha
→Three Ward Ward Ward Ward List of Monthly Subscription Clients List of Monthly Subscription Clients overview List of fixed-rate clients Verification procedure overview A list of clients for whom a fixed monthly invoice is issued. T",/payroll-items,employee id | full name | name | amount | status | processing comment | category | type | department,approve | hold | awaiting_processing | unprocessed,Notepad/text | Word/document,word_assisted,0.9564442143739397
pi,expense_reimbursement,ses_20260701-173642-NEELA9BAF::25,ses_20260701-173642-NEELA9BAF,"財務会計システム = Financial accounting system | 財務会計システム = Financial accounting system | aあ = aa | 財務 = finance | 財務会計システム = Financial accounting system | 2026年度·経理部門 = Fiscal Year 2026 - Accounting Department | 2026/07/01 23:12:06 佐藤 直樹・経理マネージャー = 2026/07/01 23:12:06 Naoki Sato, Accounting Manager | 佐 = Sa | 財務会計業務 = Financial accounting operations | ダッシュボードノ請求書承認・経費精算 = Dashboard Invoice Approval/Expense Reimbursement | ● ダッシュボード = ● Dashboard | 請求書承認・経費精算 = Invoice approval and expense reimbursement | 請求書承認・経費精 = Invoice Approval and Expense Settlement | 12件·9件未処理 = 12 items, 9 items unprocessed | 算 = calculation | 処理待ち一覧 = List of items awaiting processing | 経費承認(管理職) = Expense approval (management) | 支払処理 = Payment processing | 社員ID = Employee ID | 氏名 = full name | 区分 = classification | 金額 = Amount | 種別 = type | ステータス = status | 予算差異分析 = Budget variance analysis | 沖縄物流センター = Okinawa Logistics Center | 請求書承認INV-2026-7532 = Invoice Approval INV-2026-7532 | 310,006円 = 310,006 yen | 調整 = adjustment | 登録済み = Registered | ● 発注管理 = ● Order Management | 北陸部品工業株式会社 = Hokuriku Parts Industry Co., Ltd. | 請求書承認INV-2026-7533 = Invoice Approval INV-2026-7533 | 381,332円 = 381,332 yen | 定常 = Steady state | 登録済み = Registered | グローバルテック合同会社 = Global Tech LLC | 請求書承認INV-2026-7534 = Invoice Approval INV-2026-7534 | 765,766円 = 765,766 yen | 調整 = adjustment | 登録済み = Registered | 東京電子工業株式会社 = Tokyo Electronics Industry Co., Ltd. | 請求書承認INV-2026-7535 = Invoice Approval INV-2026-7535 | 583,781円 = 583,781 yen | 定常 = Steady state | 未処理 = Unprocessed | 東京電子工業株式会社 = Tokyo Electronics Industry Co., Ltd. | 請求書承認INV-2026-7536 = Invoice Approval INV-2026-7536 | 544,435円 = 544,435 yen | 定常 = Steady state | 未処理 = Unprocessed | 関西物流サービス = Kansai Logistics Service | 請求書承認INV-2026-7537 = Invoice Approval INV-2026-7537 | 2,850,234円 = 2,850,234 yen | 定常 = Steady state | 未処理 = Unprocessed | 関西物流サービス = Kansai Logistics Service | 請求書承認INV-2026-7538 = Invoice Approval INV-2026-7538 | 3,243,130円 = 3,243,130 yen ","Financial accounting system Financial accounting system aa finance Financial accounting system Fiscal Year 2026 - Accounting Department 2026/07/01 23:12:06 Naoki Sato, Accounting Manager Sa Financial accounting operations Dashboard Invoice Approval/Expense Reimbursement ● Dashboard Invoice approval and expense reimbursement Invoice Approval and Expense Settlement 12 items, 9 items unprocessed calculation List of items awaiting processing Expense approval (management) Payment processing Employee ID full name classification Amount type status Budget variance analysis Okinawa Logistics Center Invoice Approval INV-2026-7532 310,006 yen adjustment Registered ● Order Management Hokuriku Parts Industry Co., Ltd. Invoice Approval INV-2026-7533 381,332 yen Steady state Registered Global Tech LLC Invoice Approval INV-2026-7534 765,766 yen adjustment Registered Tokyo Electronics Industry Co., Ltd. Invoice Approval INV-2026-7535 583,781 yen Steady state Unprocessed Tokyo Electronics Industry Co., Ltd. Invoice Approval INV-2026-7536 544,435 yen Steady state Unprocessed Kansai Logistics Service Invoice Approval INV-2026-7537 2,850,234 yen Steady state Unprocessed Kansai Logistics Service Invoice Approval INV-2026-7538 3,243,130 yen Steady state Unprocessed Hokuriku Parts Industry Co., Ltd. Invoice Approval INV-2026-7539 453,807 yen Steady state Unprocessed Fukuoka System Design Invoice Approval INV-2026-7540 1,674,594 yen Steady state Unprocessed Yamato Shoji Co., Ltd. Invoice Approval INV-2026-7541 1,289,974 yen adjustment Unprocessed Kansai Logistics Service Invoice Approval INV-2026-7542 3,267,097 yen adjustment Unprocessed Stivate WindL Fukuoka System Design Invoice Approval INV-2026-7543 1,838,678 yen
Financial accounting system Financial accounting system aa finance Financial accounting system Fiscal Year 2026 - Accounting Department Naoki Sato, Accounting Manager Sa Financial accounting operations Dashboard Invoice Approval/Expense Reimbursement ● Dashboard Invoice approva",/payroll-items,employee id | full name | name | amount | status | processing comment | type | department,approve | hold | awaiting_processing | unprocessed,Excel/spreadsheet | Notepad/text | Word/document,word_assisted,0.9549485108080523
pi,expense_reimbursement,ses_20260701-173642-NEELA9BAF::29,ses_20260701-173642-NEELA9BAF,"HR人事給与システム = HR (Human Resources and Payroll) System | HR人事給与システム = HR (Human Resources and Payroll) System | aあ = aa | 率 = rate | 人事 = human resources | HR人事給与システム = HR (Human Resources and Payroll) System | 2026年度·人事部門 = FY2026・Human Resources Department | 田中 麻里・人事マネージャー = Mari Tanaka, Human Resources Manager | 田 = Field | 人事業務 = Human resources operations | 青木拓也 = Takuya Aoki | 交通費精算 = Transportation expense settlement | 5,643円 = 5,643 yen | 定常 = Steady state | 未処理 = Unprocessed | ● ダッシュボード = ● Dashboard | 島田奈々 = Nana Shimada | 研修費 = Training expenses | 55,179円 = 55,179 yen | 定常 = Steady state | 未处理 = unresolved | 経費精算・給与変更 = Expense reimbursement and payroll changes | 島田奈々 = Nana Shimada | 接待交際費 = Entertainment expenses | 96,317円 = 96,317 yen | 調整 = adjustment | 未处理 = unresolved | 勤怠・休暇申請 = Attendance and leave application | 遠山健一 = Kenichi Toyama | 消耗品費 = Consumables cost | 12,572円 = 12,572 yen | 定常 = Steady state | 未処理 = Unprocessed | ● 入社手続き = ● Onboarding procedures | 桐島凉介 = Ryosuke Kirishima | 出張旅費 = Business trip expenses | 57,547円 = 57,547 yen | 定常 = Steady state | 未処理 = Unprocessed | ●福利厚生申請 = ● Application for employee benefits | ● 住民税・その他 = ● Resident tax and other taxes | 遠山健一 = Kenichi Toyama | 役職手当廃止 = Abolition of position allowances | 9,569円 = 9,569 yen | 定常 = Steady state | 登録済み = Registered | 清水祥平 = Shohei Shimizu | 残業手当調整 = Overtime pay adjustment | 13,528円 = 13,528 yen | 调整 = Adjustment | 未処理 = Unprocessed | 津田将太 = Shota Tsuda | 役職手当新設 = New position-based allowance established. | 22,166円 = 22,166 yen | 定常 = Steady state | 未処理 = Unprocessed | 寺本真由 = Mayu Teramoto | 役職手当新設 = New position-based allowance established. | 22,166円 = 22,166 yen | 定常 = Steady state | 未处理 = unresolved | 遠山健一 = Kenichi Toyama | 役職手当新設 = New position-based allowance established. | 22,166円 = 22,166 yen | 定常 = Steady state | 未处理 = unresolved | 津田将太 = Shota Tsuda | 役職手当新設 = New position-based allowance established. | 22,166円 = 22,166 yen | 定常 = Steady state | 未处理 = unresolve","HR (Human Resources and Payroll) System HR (Human Resources and Payroll) System aa rate human resources HR (Human Resources and Payroll) System FY2026・Human Resources Department Mari Tanaka, Human Resources Manager Field Human resources operations Takuya Aoki Transportation expense settlement 5,643 yen Steady state Unprocessed ● Dashboard Nana Shimada Training expenses 55,179 yen Steady state unresolved Expense reimbursement and payroll changes Nana Shimada Entertainment expenses 96,317 yen adjustment unresolved Attendance and leave application Kenichi Toyama Consumables cost 12,572 yen Steady state Unprocessed ● Onboarding procedures Ryosuke Kirishima Business trip expenses 57,547 yen Steady state Unprocessed ● Application for employee benefits ● Resident tax and other taxes Kenichi Toyama Abolition of position allowances 9,569 yen Steady state Registered Shohei Shimizu Overtime pay adjustment 13,528 yen Adjustment Unprocessed Shota Tsuda New position-based allowance established. 22,166 yen Steady state Unprocessed Mayu Teramoto New position-based allowance established. 22,166 yen Steady state unresolved Kenichi Toyama New position-based allowance established. 22,166 yen Steady state unresolved Shota Tsuda New position-based allowance established. 22,166 yen Steady state unresolved Shohei Shimizu Abolition of position allowances 9,569 yen Steady state Unprocessed Shota Tsuda Salary increase 11,631 yen Steady state Unprocessed Shota Tsuda Salary increase 11,631 yen Steady state Unprocessed Mayu Teramoto Salary increase 11,631 yen Steady state Unprocessed Takuya Aoki Abolition of position allowances 9,569 yen Steady state Unprocessed Ishida Mina Change in dependent deduction Steady state P4-07047510-001: Registration confirmed.
HR (Human Resources and Payroll) System HR (Human Resources and Payroll) System aa human resources HR (Human Resources and Payroll) System FY2026・Human Resources Department 2026/07/01 23:13:48 Mari Tanaka, Human Resources Manager Field Hoshich",/payroll-items,employee id | amount | status | processing comment | type | department | resident tax | attendance,hold | unprocessed,Notepad/text | Word/document,word_assisted,0.9717259662520603
pi,expense_reimbursement,ses_20260701-175258-LAPTOP-76QMG9DE::9,ses_20260701-175258-LAPTOP-76QMG9DE,"HR人事給与システム = HR (Human Resources and Payroll) System | HR人事給与システム = HR (Human Resources and Payroll) System | aあ = aa | 人事 = human resources | HR人事給与システム = HR (Human Resources and Payroll) System | 2026年度·人事部門 = FY2026・Human Resources Department | 2026/07/0123:24:36 田中麻里·人事マネージャー = 2026/07/01 23:24:36 Mari Tanaka, Human Resources Manager | 田 = Field | 人事業務 = Human resources operations | 石田美奈 = Ishida Mina | 出張旅費 = Business trip expenses | 29,289円 = 29,289 yen | 定常 = Steady state | 未処理 = Unprocessed | ダッシュボード = Dashboard | 菊池理惠 = Rie Kikuchi | 交通費精算 = Transportation expense settlement | 15,570円 = 15,570 yen | 定常 = Steady state | 未処理 = Unprocessed | 経費精算·給与変更 = Expense reimbursement and payroll changes | 坂本裕二 = Yuji Sakamoto | 研修費 = Training expenses | 11,116円 = 11,116 yen | 定常 = Steady state | 未処理 = Unprocessed | 勤怠・休暇申請 = Attendance and leave application | 菊池理惠 = Rie Kikuchi | 昇給 = Salary increase | 16,288円 = 16,288 yen | 定常 = Steady state | 未処理 = Unprocessed | 入社手続き = Onboarding procedures | 福利厚生申請 = Employee benefits application | 青木拓也 = Takuya Aoki | 役職手当廃止 = Abolition of position allowances | 17,344円 = 17,344 yen | 定常 = Steady state | 未処理 = Unprocessed | ●住民税・その他 = ● Resident tax and other taxes | 桐島凉介 = Ryosuke Kirishima | 役職手当廃止 = Abolition of position allowances | 17,344円 = 17,344 yen | 定常 = Steady state | 未処理 = Unprocessed | 江口さくら = Sakura Eguchi | 役職手当廃止 = Abolition of position allowances | 17,344円 = 17,344 yen | 定常 = Steady state | 未処理 = Unprocessed | 岡田智也 = Tomoya Okada | 昇給 = Salary increase | 16,288円 = 16,288 yen | 定常 = Steady state | 未処理 = Unprocessed | 遠山健一 = Kenichi Toyama | 扶養控除変更 = Change in dependent deduction | 定常 = Steady state | 未処理 = Unprocessed | 青木拓也 = Takuya Aoki | 役職手当廃止 = Abolition of position allowances | 17,344円 = 17,344 yen | 定常 = Steady state | 未処理 = Unprocessed | 岡田智也 = Tomoya Okada | 役職手当新設 = New position-based allowance established. | 12,922円 = 12,922 yen | 定常 = Steady state | 未処理 = Unprocessed | 石田美奈 = Ishida Mina | 役職手当廃止 = Aboli","HR (Human Resources and Payroll) System HR (Human Resources and Payroll) System aa human resources HR (Human Resources and Payroll) System FY2026・Human Resources Department 2026/07/01 23:24:36 Mari Tanaka, Human Resources Manager Field Human resources operations Ishida Mina Business trip expenses 29,289 yen Steady state Unprocessed Dashboard Rie Kikuchi Transportation expense settlement 15,570 yen Steady state Unprocessed Expense reimbursement and payroll changes Yuji Sakamoto Training expenses 11,116 yen Steady state Unprocessed Attendance and leave application Rie Kikuchi Salary increase 16,288 yen Steady state Unprocessed Onboarding procedures Employee benefits application Takuya Aoki Abolition of position allowances 17,344 yen Steady state Unprocessed ● Resident tax and other taxes Ryosuke Kirishima Abolition of position allowances 17,344 yen Steady state Unprocessed Sakura Eguchi Abolition of position allowances 17,344 yen Steady state Unprocessed Tomoya Okada Salary increase 16,288 yen Steady state Unprocessed Kenichi Toyama Change in dependent deduction Steady state Unprocessed Takuya Aoki Abolition of position allowances 17,344 yen Steady state Unprocessed Tomoya Okada New position-based allowance established. 12,922 yen Steady state Unprocessed Ishida Mina Abolition of position allowances 17,344 yen Steady state Unprocessed Nana Shimada Salary increase 16,288 yen Steady state Unprocessed Sakura Eguchi Salary increase 16,288 yen Steady state Unprocessed Daiki Ueno Abolition of position allowances 17,344 yen Steady state Unprocessed P1-07089771-002: Registration confirmed. Self
Settlement confirmation memo Field A Settlement confirmation memo Expense reimbursement confirmed. Expense category: Entertainment and hospitality expenses. Amount: 129,596 yen. Confirmed to be within regulations. Self
Settlement confirmation memo Field A Settlement confirmation memo Expense reimbursement confirmed. Expense category: Entertainment and hospitality expenses. Amount: 129,",/payroll-items,employee id | full name | name | amount | status | processing comment | category | type | department | resident tax | attendance,approve | hold | awaiting_processing | unprocessed,Notepad/text,notepad_assisted,0.9234880433000715
pi,expense_reimbursement,ses_20260701-175258-LAPTOP-76QMG9DE::11,ses_20260701-175258-LAPTOP-76QMG9DE,"HR人事給与システム = HR (Human Resources and Payroll) System | HR人事給与システム = HR (Human Resources and Payroll) System | aあ = aa | 串 = skewer | 人事 = human resources | HR人事給与システム = HR (Human Resources and Payroll) System | 2026年度·人事部門 = FY2026・Human Resources Department | 田中麻里・人事マネージャー = Mari Tanaka, Human Resources Manager | 田 = Field | 人事業務 = Human resources operations | 石田美奈 = Ishida Mina | 出張旅費 = Business trip expenses | 29,289円 = 29,289 yen | 定常 = Steady state | 未処理 = Unprocessed | ダッシュボード = Dashboard | 菊池理恵 = Rie Kikuchi | 交通費精算 = Transportation expense settlement | 15,570円 = 15,570 yen | 定常 = Steady state | 未処理 = Unprocessed | 経費精算·給与変更 = Expense reimbursement and payroll changes | 坂本裕二 = Yuji Sakamoto | 研修費 = Training expenses | 11,116円 = 11,116 yen | 定常 = Steady state | 未処理 = Unprocessed | 勤怠・休暇申請 = Attendance and leave application | 菊池理恵 = Rie Kikuchi | 昇給 = Salary increase | 16,288円 = 16,288 yen | 定常 = Steady state | 未処理 = Unprocessed | 入社手続き = Onboarding procedures | 青木拓也 = Takuya Aoki | 役職手当廃止 = Abolition of position allowances | 17,344円 = 17,344 yen | 定常 = Steady state | 福利厚生申請 = Employee benefits application | 未処理 = Unprocessed | 住民税・その他 = Resident tax and other taxes | 桐島凉介 = Ryosuke Kirishima | 役職手当廃止 = Abolition of position allowances | 17,344円 = 17,344 yen | 定常 = Steady state | 未処理 = Unprocessed | 江口さくら = Sakura Eguchi | 役職手当廃止 = Abolition of position allowances | 17,344円 = 17,344 yen | 定常 = Steady state | 未処理 = Unprocessed | 岡田智也 = Tomoya Okada | 昇給 = Salary increase | 16,288円 = 16,288 yen | 定常 = Steady state | 未処理 = Unprocessed | 遠山健一 = Kenichi Toyama | 扶養控除変更 = Change in dependent deduction | 定常 = Steady state | 未処理 = Unprocessed | 青木拓也 = Takuya Aoki | 役職手当廃止 = Abolition of position allowances | 17,344円 = 17,344 yen | 定常 = Steady state | 未処理 = Unprocessed | 岡田智也 = Tomoya Okada | 役職手当新設 = New position-based allowance established. | 12,922円 = 12,922 yen | 定常 = Steady state | 未処理 = Unprocessed | 石田美奈 = Ishida Mina | 役職手当廃止 = Abolition of position allowances |","HR (Human Resources and Payroll) System HR (Human Resources and Payroll) System aa skewer human resources HR (Human Resources and Payroll) System FY2026・Human Resources Department Mari Tanaka, Human Resources Manager Field Human resources operations Ishida Mina Business trip expenses 29,289 yen Steady state Unprocessed Dashboard Rie Kikuchi Transportation expense settlement 15,570 yen Steady state Unprocessed Expense reimbursement and payroll changes Yuji Sakamoto Training expenses 11,116 yen Steady state Unprocessed Attendance and leave application Rie Kikuchi Salary increase 16,288 yen Steady state Unprocessed Onboarding procedures Takuya Aoki Abolition of position allowances 17,344 yen Steady state Employee benefits application Unprocessed Resident tax and other taxes Ryosuke Kirishima Abolition of position allowances 17,344 yen Steady state Unprocessed Sakura Eguchi Abolition of position allowances 17,344 yen Steady state Unprocessed Tomoya Okada Salary increase 16,288 yen Steady state Unprocessed Kenichi Toyama Change in dependent deduction Steady state Unprocessed Takuya Aoki Abolition of position allowances 17,344 yen Steady state Unprocessed Tomoya Okada New position-based allowance established. 12,922 yen Steady state Unprocessed Ishida Mina Abolition of position allowances 17,344 yen Steady state Unprocessed Nana Shimada Salary increase 16,288 yen Steady state Unprocessed Sakura Eguchi Salary increase 16,288 yen Steady state Unprocessed Daiki Ueno Abolition of position allowances 17,344 yen Steady state Unprocessed P1-07089771-005: Registration confirmed.
Settlement confirmation memo Field A Settlement confirmation memo Expense reimbursement confirmed. Expense category: Entertainment and hospitality expenses. Amount: 129,596 yen. Confirmed to be within regulations. neck
Settlement confirmation memo Field A Settlement confirmation memo Expense reimbursement confirmed. Expense category: Entertainment and hospitality expenses. Amount: 60,936 yen. Confirmed to",/payroll-items,employee id | full name | name | amount | status | processing comment | category | type | department | resident tax | attendance,approve | hold | awaiting_processing | unprocessed,Notepad/text | Word/document,word_assisted,0.9430390323485277
pi,expense_reimbursement,ses_20260701-175258-LAPTOP-76QMG9DE::32,ses_20260701-175258-LAPTOP-76QMG9DE,"財務会計システム = Financial accounting system | 財務会計システム = Financial accounting system | 串 = skewer | 財務 = finance | 財務会計システム = Financial accounting system | 2026年度·経理部門 = Fiscal Year 2026 - Accounting Department | 2026/07/01 23:32:13 佐藤直樹·経理マネージャー = 2026/07/01 23:32:13 Naoki Sato, Accounting Manager | 佐 = Sa | 12件·10件未処理 = 12 items - 10 items unprocessed | 財務会計業務 = Financial accounting operations | ダッシュボード = Dashboard | 処理待ち一覧 = List of items awaiting processing | 請求書承認・経費精 = Invoice Approval and Expense Settlement | 算 = calculation | 社員ID = Employee ID | 氏名 = full name | 区分 = classification | 金额 = gold color | 種別 = type | ステータス = status | 経費承認（管理職） = Expense approval (management) | 北陸部品工業株式会社 = Hokuriku Parts Industry Co., Ltd. | 請求書承認INV-2026-7008 = Invoice Approval INV-2026-7008 | 408,812円 = 408,812 yen | 調整 = adjustment | 登録済み = Registered | 支払処理 = Payment processing | 沖縄物流センター = Okinawa Logistics Center | 請求書承認INV-2026-7009 = Invoice Approval INV-2026-7009 | 302,898円 = 302,898 yen | 調整 = adjustment | 登録済み = Registered | 予算差異分析 = Budget variance analysis | 福岡システム設計 = Fukuoka System Design | 請求書承認INV-2026-7010 = Invoice Approval INV-2026-7010 | 2,009,014円 = 2,009,014 yen | 定常 = Steady state | 未処理 = Unprocessed | 発注管理 = Order Management | 関西物流サービス = Kansai Logistics Service | 请求書承認INV-2026-7011 = Request approval INV-2026-7011 | 3,088,562円 = 3,088,562 yen | 定常 = Steady state | 未処理 = Unprocessed | 福岡システム設計 = Fukuoka System Design | 請求書承認INV-2026-7012 = Invoice Approval INV-2026-7012 | 1,720,278円 = 1,720,278 yen | 定常 = Steady state | 未処理 = Unprocessed | 株式会社山田製作所 = Yamada Manufacturing Co., Ltd. | 請求書承認INV-2026-7013 = Invoice Approval INV-2026-7013 | 359,064円 = 359,064 yen | 定常 = Steady state | 未処理 = Unprocessed | グローバルテック合同会社 = Global Tech LLC | 請求書承認INV-2026-7014 = Invoice Approval INV-2026-7014 | 677,045円 = 677,045 yen | 定常 = Steady state | 未処理 = Unprocessed | グローバルテック合同会社 = Global Tech LLC | 請求書承認INV-2026-7015 = Invoice Approval INV-2026-7015 | 699,498円 = 699,498 yen ","Financial accounting system Financial accounting system skewer finance Financial accounting system Fiscal Year 2026 - Accounting Department 2026/07/01 23:32:13 Naoki Sato, Accounting Manager Sa 12 items - 10 items unprocessed Financial accounting operations Dashboard List of items awaiting processing Invoice Approval and Expense Settlement calculation Employee ID full name classification gold color type status Expense approval (management) Hokuriku Parts Industry Co., Ltd. Invoice Approval INV-2026-7008 408,812 yen adjustment Registered Payment processing Okinawa Logistics Center Invoice Approval INV-2026-7009 302,898 yen adjustment Registered Budget variance analysis Fukuoka System Design Invoice Approval INV-2026-7010 2,009,014 yen Steady state Unprocessed Order Management Kansai Logistics Service Request approval INV-2026-7011 3,088,562 yen Steady state Unprocessed Fukuoka System Design Invoice Approval INV-2026-7012 1,720,278 yen Steady state Unprocessed Yamada Manufacturing Co., Ltd. Invoice Approval INV-2026-7013 359,064 yen Steady state Unprocessed Global Tech LLC Invoice Approval INV-2026-7014 677,045 yen Steady state Unprocessed Global Tech LLC Invoice Approval INV-2026-7015 699,498 yen Steady state Unprocessed Yamato Shoji Co., Ltd. Invoice Approval INV-2026-7016 1,345,871 yen Steady state Unprocessed Yamada Manufacturing Co., Ltd. Invoice Approval INV-2026-7017 414,880 yen adjustment Unprocessed Tokyo Electronics Industry Co., Ltd. Invoice Approval INV-2026-7018 563,848 yen adjustment Unprocessed Global Tech LLC Inquiry Approval INV-2026-7019 711,772 yen adjustment Unprocessed P6-07089771-002: Registration confirmed. Self
Financial accounting system Financial accounting system finance Financial accounting system Fiscal Year 2026 - Accounting Department 2026/07/01 23:32:15 Naoki Sato, Accounting Manager Sa 12 items - 10 items unprocessed Financial accounting operations Dashboard List of items awaiting processing Invoice Approval and Expense Settlement calc",/payroll-items,employee id | full name | name | amount | status | processing comment | type | department,approve | hold | awaiting_processing | unprocessed,Notepad/text | Word/document,word_assisted,0.9775435097957542
pi,expense_reimbursement,ses_20260701-175747-SIDDHIGUPTAB00B::6,ses_20260701-175747-SIDDHIGUPTAB00B,"HR人事給与システム = HR (Human Resources and Payroll) System | HR人事給与システム = HR (Human Resources and Payroll) System | aあA = aaA | 人事 = human resources | HR人事給与システム = HR (Human Resources and Payroll) System | 2026年度·人事部門 = FY2026・Human Resources Department | 田中 麻里・人事マネージャー = Mari Tanaka, Human Resources Manager | 田 = Field | 上野大樹 = Daiki Ueno | 役職手当新設 = New position-based allowance established. | 44,338円 = 44,338 yen | 定常 = Steady state | 未処理 = Unprocessed | 人事業務 = Human resources operations | 津田将太 = Shota Tsuda | 昇給 = Salary increase | 19,390円 = 19,390 yen | 定常 = Steady state | 未処理 = Unprocessed | ● ダッシュボード = ● Dashboard | 寺本真由 = Mayu Teramoto | 扶養控除変更 = Change in dependent deduction | 定常 = Steady state | 未処理 = Unprocessed | 経費精算・給与変更 = Expense reimbursement and payroll changes | 勤怠・休暇申請 = Attendance and leave application | 遠山健一 = Kenichi Toyama | 役職手当新設 = New position-based allowance established. | 44,338円 = 44,338 yen | 定常 = Steady state | 未処理 = Unprocessed | ● 入社手続き = ● Onboarding procedures | 詳細 — P1-07106250-001· 寺本 真由 = Details — P1-07106250-001 · Mayu Teramoto | ●福利厚生申請 = ● Application for employee benefits | 未処理 = Unprocessed | ● 住民税・その他 = ● Resident tax and other taxes | 管理ID = Management ID | 社員ID = Employee ID | 区分 = classification | 接待交際費 = Entertainment expenses | 種別 = type | 調整 = adjustment | 金額 = Amount | 90,198円 = 90,198 yen | ステータス = status | 未処理 = Unprocessed | 参照：申請者区分：manager 承認権限：役員 = Reference: Applicant category: manager Approval authority: officer | 処理コメント = Processing comments | 経費精算確認済み。費目：接待交際費 = Expense reimbursement confirmed. Expense category: Entertainment and hospitality expenses | 金額：90,198円。規程内であることを確認した。 = Amount: 90,198 yen. Confirmed to be within the regulations. | ✓ 登録確定 = ✓ Registration confirmed | ""保留 = &quot;on hold
HR人事給与システム = HR (Human Resources and Payroll) System | HR人事給与システム = HR (Human Resources and Payroll) System | aあA = aaA | 人事 = human resources | HR人事給与システム = HR (Human Resources and Payroll) System | 2026年度·人事部門 = FY2026・","HR (Human Resources and Payroll) System HR (Human Resources and Payroll) System aaA human resources HR (Human Resources and Payroll) System FY2026・Human Resources Department Mari Tanaka, Human Resources Manager Field Daiki Ueno New position-based allowance established. 44,338 yen Steady state Unprocessed Human resources operations Shota Tsuda Salary increase 19,390 yen Steady state Unprocessed ● Dashboard Mayu Teramoto Change in dependent deduction Steady state Unprocessed Expense reimbursement and payroll changes Attendance and leave application Kenichi Toyama New position-based allowance established. 44,338 yen Steady state Unprocessed ● Onboarding procedures Details — P1-07106250-001 · Mayu Teramoto ● Application for employee benefits Unprocessed ● Resident tax and other taxes Management ID Employee ID classification Entertainment expenses type adjustment Amount 90,198 yen status Unprocessed Reference: Applicant category: manager Approval authority: officer Processing comments Expense reimbursement confirmed. Expense category: Entertainment and hospitality expenses Amount: 90,198 yen. Confirmed to be within the regulations. ✓ Registration confirmed &quot;on hold
HR (Human Resources and Payroll) System HR (Human Resources and Payroll) System aaA human resources HR (Human Resources and Payroll) System FY2026・Human Resources Department 2026/07/01 23:29:29 Mari Tanaka, Human Resources Manager Field Daiki Ueno New position-based allowance established. 44,338 yen Steady state Unprocessed Human resources operations Shota Tsuda Salary increase 19,390 yen Steady state Unprocessed ● Dashboard Mayu Teramoto Change in dependent deduction Steady state Unprocessed Expense reimbursement and payroll changes Attendance and leave application Kenichi Toyama New position-based allowance established. 44,338 yen Steady state Unprocessed ● Onboarding procedures Details — P1-07106250-002 · Takuya Aoki ● Application for employee benefits Unprocessed ● Resident tax and other taxes Managem",/payroll-items,employee id | amount | status | processing comment | category | type | department | resident tax | attendance,approve | hold | unprocessed,Notepad/text | Word/document,word_assisted,0.9651189662259201
pi,expense_reimbursement,ses_20260701-175747-SIDDHIGUPTAB00B::7,ses_20260701-175747-SIDDHIGUPTAB00B,"HR人事給与システム = HR (Human Resources and Payroll) System | HR人事給与システム = HR (Human Resources and Payroll) System | aあA = aaA | 人事 = human resources | HR人事給与システム = HR (Human Resources and Payroll) System | 2026年度·人事部門 = FY2026・Human Resources Department | 田中 麻里・人事マネージャー = Mari Tanaka, Human Resources Manager | 田 = Field | 上野大樹 = Daiki Ueno | 役職手当新設 = New position-based allowance established. | 44,338円 = 44,338 yen | 定常 = Steady state | 未処理 = Unprocessed | 人事業務 = Human resources operations | 津田将太 = Shota Tsuda | 昇給 = Salary increase | 19,390円 = 19,390 yen | 定常 = Steady state | 未処理 = Unprocessed | ● ダッシュボード = ● Dashboard | 寺本真由 = Mayu Teramoto | 扶養控除変更 = Change in dependent deduction | 定常 = Steady state | 未処理 = Unprocessed | 経費精算・給与変更 = Expense reimbursement and payroll changes | 勤怠・休暇申請 = Attendance and leave application | 遠山健一 = Kenichi Toyama | 役職手当新設 = New position-based allowance established. | 44,338円 = 44,338 yen | 定常 = Steady state | 未処理 = Unprocessed | ● 入社手続き = ● Onboarding procedures | 詳細 — P1-07106250-003 · 寺本 真由 = Details — P1-07106250-003 · Mayu Teramoto | ●福利厚生申請 = ● Application for employee benefits | 未処理 = Unprocessed | ● 住民税・その他 = ● Resident tax and other taxes | 管理ID = Management ID | 社員ID = Employee ID | 区分 = classification | 接待交際費 = Entertainment expenses | 種別 = type | 調整 = adjustment | 金額 = Amount | 87,653円 = 87,653 yen | ステータス = status | 未処理 = Unprocessed | 参照：申請者区分：manager 承認権限：役員 = Reference: Applicant category: manager Approval authority: officer | 処理コメント = Processing comments | 経費精算確認済み。費目：接待交際費 = Expense reimbursement confirmed. Expense category: Entertainment and hospitality expenses | 金額：87,653円。規程内であることを確認した。 = Amount: 87,653 yen. Confirmed to be within the regulations. | ✓ 登録確定 = ✓ Registration confirmed | ""保留 = &quot;on hold","HR (Human Resources and Payroll) System HR (Human Resources and Payroll) System aaA human resources HR (Human Resources and Payroll) System FY2026・Human Resources Department Mari Tanaka, Human Resources Manager Field Daiki Ueno New position-based allowance established. 44,338 yen Steady state Unprocessed Human resources operations Shota Tsuda Salary increase 19,390 yen Steady state Unprocessed ● Dashboard Mayu Teramoto Change in dependent deduction Steady state Unprocessed Expense reimbursement and payroll changes Attendance and leave application Kenichi Toyama New position-based allowance established. 44,338 yen Steady state Unprocessed ● Onboarding procedures Details — P1-07106250-003 · Mayu Teramoto ● Application for employee benefits Unprocessed ● Resident tax and other taxes Management ID Employee ID classification Entertainment expenses type adjustment Amount 87,653 yen status Unprocessed Reference: Applicant category: manager Approval authority: officer Processing comments Expense reimbursement confirmed. Expense category: Entertainment and hospitality expenses Amount: 87,653 yen. Confirmed to be within the regulations. ✓ Registration confirmed &quot;on hold",/payroll-items,employee id | amount | status | processing comment | category | type | department | resident tax | attendance,approve | hold | unprocessed,Notepad/text | Word/document,word_assisted,0.9655493665700672
pi,expense_reimbursement,ses_20260701-175747-SIDDHIGUPTAB00B::30,ses_20260701-175747-SIDDHIGUPTAB00B,"HR人事給与システム = HR (Human Resources and Payroll) System | HR人事給与システム = HR (Human Resources and Payroll) System | aあA = aaA | 人事 = human resources | HR人事給与システム = HR (Human Resources and Payroll) System | 2026年度·人事部門 = FY2026・Human Resources Department | 田中 麻里・人事マネージャー = Mari Tanaka, Human Resources Manager | 田 = Field | 上野大樹 = Daiki Ueno | 役職手当新設 = New position-based allowance established. | 44,338円 = 44,338 yen | 定常 = Steady state | 未処理 = Unprocessed | 人事業務 = Human resources operations | 津田将太 = Shota Tsuda | 昇給 = Salary increase | 19,390円 = 19,390 yen | 定常 = Steady state | 未処理 = Unprocessed | ● ダッシュボード = ● Dashboard | 寺本 真由 = Mayu Teramoto | 扶養控除変更 = Change in dependent deduction | 定常 = Steady state | 未処理 = Unprocessed | 経費精算・給与変更 = Expense reimbursement and payroll changes | 勤怠・休暇申請 = Attendance and leave application | 遠山健一 = Kenichi Toyama | 役職手当新設 = New position-based allowance established. | 44,338円 = 44,338 yen | 定常 = Steady state | 未処理 = Unprocessed | ● 入社手続き = ● Onboarding procedures | 詳細 —P1-07106250-006·河野 明日香 = Details — P1-07106250-006 · Asuka Kono | ●福利厚生申請 = ● Application for employee benefits | 未処理 = Unprocessed | ● 住民税・その他 = ● Resident tax and other taxes | 管理ID = Management ID | 社員ID = Employee ID | 区分 = classification | 出張旅費 = Business trip expenses | 種別 = type | 定常 = Steady state | 金額 = Amount | 36,925円 = 36,925 yen | ステータス = status | 未処理 = Unprocessed | 参照：申請者区分：regular = Reference: Applicant classification: regular | 承認権限：部門長 = Approval authority: Department head | 処理コメント = Processing comments | 処理内容・確認コメントを入力してください… = Please enter the processing details and confirmation comments... | ✓ 登録確定 = ✓ Registration confirmed | ""保留 = &quot;on hold","HR (Human Resources and Payroll) System HR (Human Resources and Payroll) System aaA human resources HR (Human Resources and Payroll) System FY2026・Human Resources Department Mari Tanaka, Human Resources Manager Field Daiki Ueno New position-based allowance established. 44,338 yen Steady state Unprocessed Human resources operations Shota Tsuda Salary increase 19,390 yen Steady state Unprocessed ● Dashboard Mayu Teramoto Change in dependent deduction Steady state Unprocessed Expense reimbursement and payroll changes Attendance and leave application Kenichi Toyama New position-based allowance established. 44,338 yen Steady state Unprocessed ● Onboarding procedures Details — P1-07106250-006 · Asuka Kono ● Application for employee benefits Unprocessed ● Resident tax and other taxes Management ID Employee ID classification Business trip expenses type Steady state Amount 36,925 yen status Unprocessed Reference: Applicant classification: regular Approval authority: Department head Processing comments Please enter the processing details and confirmation comments... ✓ Registration confirmed &quot;on hold",/payroll-items,employee id | amount | status | processing comment | type | department | resident tax | attendance,approve | hold | unprocessed,Notepad/text | Word/document,word_assisted,0.9596022439414057
pi,expense_reimbursement,ses_20260701-175747-SIDDHIGUPTAB00B::31,ses_20260701-175747-SIDDHIGUPTAB00B,"HR人事給与システム = HR (Human Resources and Payroll) System | HR人事給与システム = HR (Human Resources and Payroll) System | aあA = aaA | 人事 = human resources | HR人事給与システム = HR (Human Resources and Payroll) System | 2026年度·人事部門 = FY2026・Human Resources Department | 田中 麻里・人事マネージャー = Mari Tanaka, Human Resources Manager | 田 = Field | 人事業務 = Human resources operations | 菊池理恵 = Rie Kikuchi | 出張旅費 = Business trip expenses | 51,236円 = 51,236 yen | 定常 = Steady state | 未処理 = Unprocessed | ● ダッシュボード = ● Dashboard | 清水 祥平 = Shohei Shimizu | 出張旅費 = Business trip expenses | 49,027円 = 49,027 yen | 定常 = Steady state | 未処理 = Unprocessed | 経費精算・給与変更 = Expense reimbursement and payroll changes | 坂本裕二 = Yuji Sakamoto | 昇給 = Salary increase | 19,390円 = 19,390 yen | 定常 = Steady state | 未処理 = Unprocessed | 勤怠・休暇申請 = Attendance and leave application | 島田奈々 = Nana Shimada | 残業手当調整 = Overtime pay adjustment | 14,558円 = 14,558 yen | 調整 = adjustment | 未処理 = Unprocessed | ● 入社手続き = ● Onboarding procedures | ● 福利厚生申請 = ● Application for employee benefits | 岡田智也 = Tomoya Okada | 役職手当廃止 = Abolition of position allowances | 9,122円 = 9,122 yen | 定常 = Steady state | 未処理 = Unprocessed | ● 住民税・その他 = ● Resident tax and other taxes | 竹内彩子 = Ayako Takeuchi | 役職手当新設 = New position-based allowance established. | 44,338円 = 44,338 yen | 定常 = Steady state | 未処理 = Unprocessed | 清水 祥平 = Shohei Shimizu | 役職手当新設 = New position-based allowance established. | 44,338円 = 44,338 yen | 定常 = Steady state | 未処理 = Unprocessed | 寺本 真由 = Mayu Teramoto | 役職手当廃止 = Abolition of position allowances | 9,122円 = 9,122 yen | 定常 = Steady state | 未処理 = Unprocessed | 上野大樹 = Daiki Ueno | 昇給 = Salary increase | 19,390円 = 19,390 yen | 定常 = Steady state | 未処理 = Unprocessed | 遠山健一 = Kenichi Toyama | 扶養控除変更 = Change in dependent deduction | 定常 = Steady state | 未処理 = Unprocessed | 上野大樹 = Daiki Ueno | 役職手当新設 = New position-based allowance established. | 44,338円 = 44,338 yen | 定常 = Steady state | 未処理 = Unprocessed | 津田将太 = Shota Tsuda | 昇給 = Salary increase ","HR (Human Resources and Payroll) System HR (Human Resources and Payroll) System aaA human resources HR (Human Resources and Payroll) System FY2026・Human Resources Department Mari Tanaka, Human Resources Manager Field Human resources operations Rie Kikuchi Business trip expenses 51,236 yen Steady state Unprocessed ● Dashboard Shohei Shimizu Business trip expenses 49,027 yen Steady state Unprocessed Expense reimbursement and payroll changes Yuji Sakamoto Salary increase 19,390 yen Steady state Unprocessed Attendance and leave application Nana Shimada Overtime pay adjustment 14,558 yen adjustment Unprocessed ● Onboarding procedures ● Application for employee benefits Tomoya Okada Abolition of position allowances 9,122 yen Steady state Unprocessed ● Resident tax and other taxes Ayako Takeuchi New position-based allowance established. 44,338 yen Steady state Unprocessed Shohei Shimizu New position-based allowance established. 44,338 yen Steady state Unprocessed Mayu Teramoto Abolition of position allowances 9,122 yen Steady state Unprocessed Daiki Ueno Salary increase 19,390 yen Steady state Unprocessed Kenichi Toyama Change in dependent deduction Steady state Unprocessed Daiki Ueno New position-based allowance established. 44,338 yen Steady state Unprocessed Shota Tsuda Salary increase 19,390 yen Steady state Unprocessed Mayu Teramoto Change in dependent deduction Steady state Unprocessed Kenichi Toyama New position-based allowance established. 44,338 yen Steady state GotP107106250-006v has been registered.
HR (Human Resources and Payroll) System HR (Human Resources and Payroll) System aaA human resources HR (Human Resources and Payroll) System FY2026・Human Resources Department Mari Tanaka, Human Resources Manager Field Mayu Teramoto Entertainment expenses 90,198 yen adjustment Registered Human resources operations ● Dashboard Takuya Aoki Transportation expense settlement 21,668 yen Steady state Registered Expense reimbursement and payroll changes Mayu Teramoto Entertai",/payroll-items,department | resident tax | attendance,unprocessed,Notepad/text | Word/document,word_assisted,0.9780629581862017
pi,expense_reimbursement,ses_20260701-175747-SIDDHIGUPTAB00B::38,ses_20260701-175747-SIDDHIGUPTAB00B,"HR人事給与システム = HR (Human Resources and Payroll) System | HR人事給与システム = HR (Human Resources and Payroll) System | aあA = aaA | 人事 = human resources | HR人事給与システム = HR (Human Resources and Payroll) System | 2026年度·人事部門 = FY2026・Human Resources Department | 田中麻里・人事マネージャー = Mari Tanaka, Human Resources Manager | 田 = Field | 寺本 真由 = Mayu Teramoto | 接待交際費 = Entertainment expenses | 87,653円 = 87,653 yen | 調整 = adjustment | 登録済み = Registered | 人事業務 = Human resources operations | ● ダッシュボード = ● Dashboard | 河野明日香 = Asuka Kono | 交通費精算 = Transportation expense settlement | 19,396円 = 19,396 yen | 定常 = Steady state | 登録済み = Registered | 経費精算・給与変更 = Expense reimbursement and payroll changes | 津田将太 = Shota Tsuda | 交通費精算 = Transportation expense settlement | 21,043円 = 21,043 yen | 定常 = Steady state | 登録済み = Registered | 勤怠・休暇申請 = Attendance and leave application | 河野明日香 = Asuka Kono | 出張旅費 = Business trip expenses | 36,925円 = 36,925 yen | 定常 = Steady state | 登録済み = Registered | ● 入社手続き = ● Onboarding procedures | 坂本裕二 = Yuji Sakamoto | 研修費 = Training expenses | 35,614円 = 35,614 yen | 定常 = Steady state | 登録済み = Registered | ●福利厚生申請 = ● Application for employee benefits | ● 住民税・その他 = ● Resident tax and other taxes | 河野明日香 = Asuka Kono | 消耗品費 = Consumables cost | 23,982円 = 23,982 yen | 定常 = Steady state | 登録済み = Registered | 寺本 真由 = Mayu Teramoto | 消耗品費 = Consumables cost | 23,007円 = 23,007 yen | 定常 = Steady state | 登録済み = Registered | 上野大樹 = Daiki Ueno | 接待交際費 = Entertainment expenses | 135,181円 = 135,181 yen | 調整 = adjustment | 未処理 = Unprocessed | 菊池理恵 = Rie Kikuchi | 出張旅費 = Business trip expenses | 51,236円 = 51,236 yen | 定常 = Steady state | 未処理 = Unprocessed | 清水 祥平 = Shohei Shimizu | 出張旅費 = Business trip expenses | 49,027円 = 49,027 yen | 定常 = Steady state | 未処理 = Unprocessed | 坂本裕二 = Yuji Sakamoto | 昇給 = Salary increase | 19,390円 = 19,390 yen | 定常 = Steady state | 未処理 = Unprocessed | 島田奈々 = Nana Shimada | 残業手当調整 = Overtime pay adjustment | 14,558円 = 14,558 yen | 調整 = adjustment | 未処理 = U","HR (Human Resources and Payroll) System HR (Human Resources and Payroll) System aaA human resources HR (Human Resources and Payroll) System FY2026・Human Resources Department Mari Tanaka, Human Resources Manager Field Mayu Teramoto Entertainment expenses 87,653 yen adjustment Registered Human resources operations ● Dashboard Asuka Kono Transportation expense settlement 19,396 yen Steady state Registered Expense reimbursement and payroll changes Shota Tsuda Transportation expense settlement 21,043 yen Steady state Registered Attendance and leave application Asuka Kono Business trip expenses 36,925 yen Steady state Registered ● Onboarding procedures Yuji Sakamoto Training expenses 35,614 yen Steady state Registered ● Application for employee benefits ● Resident tax and other taxes Asuka Kono Consumables cost 23,982 yen Steady state Registered Mayu Teramoto Consumables cost 23,007 yen Steady state Registered Daiki Ueno Entertainment expenses 135,181 yen adjustment Unprocessed Rie Kikuchi Business trip expenses 51,236 yen Steady state Unprocessed Shohei Shimizu Business trip expenses 49,027 yen Steady state Unprocessed Yuji Sakamoto Salary increase 19,390 yen Steady state Unprocessed Nana Shimada Overtime pay adjustment 14,558 yen adjustment Unprocessed Tomoya Okada Abolition of position allowances 9,122 yen Steady state Unprocessed Ayako Takeuchi New position-based allowance established. 44,338 yen Steady state Shohei Shimizu New position-based allowance established. 44,338 yen Steady state Unprocessed
HR (Human Resources and Payroll) System HR (Human Resources and Payroll) System aaA rate human resources HR (Human Resources and Payroll) System FY2026・Human Resources Department Mari Tanaka, Human Resources Manager Field Human resources operations Rie Kikuchi Business trip expenses 51,236 yen Steady state Unprocessed ● Dashboard Shohei Shimizu Business trip expenses 49,027 yen Steady state Unprocessed Expense reimbursement and payroll changes Yuji Sakamoto Salary increas",/payroll-items,department | resident tax | attendance,unprocessed,Notepad/text | Word/document,word_assisted,0.9731583162122204
pi,expense_reimbursement,ses_20260701-175747-SIDDHIGUPTAB00B::39,ses_20260701-175747-SIDDHIGUPTAB00B,"HR人事給与システム = HR (Human Resources and Payroll) System | HR人事給与システム = HR (Human Resources and Payroll) System | aあA = aaA | 人事 = human resources | HR人事給与システム = HR (Human Resources and Payroll) System | 2026年度·人事部門 = FY2026・Human Resources Department | 田中 麻里・人事マネージャー = Mari Tanaka, Human Resources Manager | 田 = Field | 河野明日香 = Asuka Kono | 交通費精算 = Transportation expense settlement | 19,396円 = 19,396 yen | 定常 = Steady state | 登録済み = Registered | 人事業務 = Human resources operations | ● ダッシュボード = ● Dashboard | 津田将太 = Shota Tsuda | 交通費精算 = Transportation expense settlement | 21,043円 = 21,043 yen | 定常 = Steady state | 登録済み = Registered | 経費精算・給与変更 = Expense reimbursement and payroll changes | 河野明日香 = Asuka Kono | 出張旅費 = Business trip expenses | 36,925円 = 36,925 yen | 定常 = Steady state | 登録済み = Registered | 勤怠・休暇申請 = Attendance and leave application | 坂本裕二 = Yuji Sakamoto | 研修費 = Training expenses | 35,614円 = 35,614 yen | 定常 = Steady state | 登録済み = Registered | ● 入社手続き = ● Onboarding procedures | 河野明日香 = Asuka Kono | 消耗品費 = Consumables cost | 23,982円 = 23,982 yen | 定常 = Steady state | 登録済み = Registered | ●福利厚生申請 = ● Application for employee benefits | ● 住民税・その他 = ● Resident tax and other taxes | 寺本 真由 = Mayu Teramoto | 消耗品費 = Consumables cost | 23,007円 = 23,007 yen | 定常 = Steady state | 登録済み = Registered | 上野大樹 = Daiki Ueno | 接待交際費 = Entertainment expenses | 135,181円 = 135,181 yen | 調整 = adjustment | 登録済み = Registered | 菊池理恵 = Rie Kikuchi | 出張旅費 = Business trip expenses | 51,236円 = 51,236 yen | 定常 = Steady state | 未処理 = Unprocessed | 清水 祥平 = Shohei Shimizu | 出張旅費 = Business trip expenses | 49,027円 = 49,027 yen | 定常 = Steady state | 未処理 = Unprocessed | 坂本裕二 = Yuji Sakamoto | 昇給 = Salary increase | 19,390円 = 19,390 yen | 定常 = Steady state | 未処理 = Unprocessed | 島田奈々 = Nana Shimada | 残業手当調整 = Overtime pay adjustment | 14,558円 = 14,558 yen | 調整 = adjustment | 未処理 = Unprocessed | 岡田智也 = Tomoya Okada | 役職手当廃止 = Abolition of position allowances | 9,122円 = 9,122 yen | 定常 = Steady state","HR (Human Resources and Payroll) System HR (Human Resources and Payroll) System aaA human resources HR (Human Resources and Payroll) System FY2026・Human Resources Department Mari Tanaka, Human Resources Manager Field Asuka Kono Transportation expense settlement 19,396 yen Steady state Registered Human resources operations ● Dashboard Shota Tsuda Transportation expense settlement 21,043 yen Steady state Registered Expense reimbursement and payroll changes Asuka Kono Business trip expenses 36,925 yen Steady state Registered Attendance and leave application Yuji Sakamoto Training expenses 35,614 yen Steady state Registered ● Onboarding procedures Asuka Kono Consumables cost 23,982 yen Steady state Registered ● Application for employee benefits ● Resident tax and other taxes Mayu Teramoto Consumables cost 23,007 yen Steady state Registered Daiki Ueno Entertainment expenses 135,181 yen adjustment Registered Rie Kikuchi Business trip expenses 51,236 yen Steady state Unprocessed Shohei Shimizu Business trip expenses 49,027 yen Steady state Unprocessed Yuji Sakamoto Salary increase 19,390 yen Steady state Unprocessed Nana Shimada Overtime pay adjustment 14,558 yen adjustment Unprocessed Tomoya Okada Abolition of position allowances 9,122 yen Steady state Unprocessed Ayako Takeuchi New position-based allowance established. 44,338 yen Steady state Unprocessed Shohei Shimizu New position-based allowance established. 44,338 yen Steady state Mayu Teramoto Abolition of position allowances 9,122 yen Steady state Unprocessed",/payroll-items,department | resident tax | attendance,unprocessed,Notepad/text | Word/document,word_assisted,0.9790664098092487
pi,expense_reimbursement,ses_20260701-180923-NEELA9BAF::20,ses_20260701-180923-NEELA9BAF,"財務会計システム = Financial accounting system | 財務会計システム = Financial accounting system | aあA = aaA | 率 = rate | 財務 = finance | 財務会計システム = Financial accounting system | 2026年度·経理部門 = Fiscal Year 2026 - Accounting Department | 佐藤 直樹・経理マネージャー = Naoki Sato, Accounting Manager | 佐 = Sa | 財務会計業務 = Financial accounting operations | ダッシュボードノ経費承認（管理職) = Dashboard expense approval (management) | ● ダッシュボード = ● Dashboard | 経費承認（管理職） = Expense approval (management) | 請求書承認・経費精 = Invoice Approval and Expense Settlement | 12件·5件申請中 = 12 items · 5 applications in progress | 算 = calculation | 申請一覧 = List of applications | ● 経費承認（管理職） = ● Expense approval (management) | ● 支払処理 = ● Payment Processing | 社員ID = Employee ID | 氏名 = full name | 申請種別 = Application Type | 期間・詳細 = Period and details | 部署 = Department | ステータス = status | 予算差異分析 = Budget variance analysis | 河野明日香 = Asuka Kono | 消耗品費 = Consumables cost | 企画部 = Planning Department | 承認 = approval | ● 発注管理 = ● Order Management | 石田 美奈 = Mina Ishida | 研修費 = Training expenses | 開発部 = Development Department | 承認 = approval | 岡田智也 = Tomoya Okada | 出張旅費(複数人） = Business trip expenses (for multiple people) | 物流部 = Logistics department | 承認 = approval | 青木拓也 = Takuya Aoki | 研修費 = Training expenses | 営業部 = Sales Department | 承認 = approval | 竹内彩子 = Ayako Takeuchi | 出張旅費（複数人） = Business trip expenses (for multiple people) | 営業部 = Sales Department | 承認 = approval | 桐島 涼介 = Ryosuke Kirishima | 研修費 = Training expenses | 開発部 = Development Department | 承認 = approval | 岡田智也 = Tomoya Okada | 消耗品費 = Consumables cost | 物流部 = Logistics department | 承認 = approval | 石田 美奈 = Mina Ishida | 消耗品費 = Consumables cost | 開発部 = Development Department | 申請中 = Currently applying | 上野大樹 = Daiki Ueno | 消耗品費 = Consumables cost | 経理部 = Accounting Department | 申請中 = Currently applying | 竹内彩子 = Ayako Takeuchi | 消耗品費 = Consumables cost | 営業部 = Sales Department | 申請中 = Currently applying | 青木拓也 = Takuya Aoki | 出張旅費（複数人） = Business trip expenses (for multiple people) | 営業部 = Sales","Financial accounting system Financial accounting system aaA rate finance Financial accounting system Fiscal Year 2026 - Accounting Department Naoki Sato, Accounting Manager Sa Financial accounting operations Dashboard expense approval (management) ● Dashboard Expense approval (management) Invoice Approval and Expense Settlement 12 items · 5 applications in progress calculation List of applications ● Expense approval (management) ● Payment Processing Employee ID full name Application Type Period and details Department status Budget variance analysis Asuka Kono Consumables cost Planning Department approval ● Order Management Mina Ishida Training expenses Development Department approval Tomoya Okada Business trip expenses (for multiple people) Logistics department approval Takuya Aoki Training expenses Sales Department approval Ayako Takeuchi Business trip expenses (for multiple people) Sales Department approval Ryosuke Kirishima Training expenses Development Department approval Tomoya Okada Consumables cost Logistics department approval Mina Ishida Consumables cost Development Department Currently applying Daiki Ueno Consumables cost Accounting Department Currently applying Ayako Takeuchi Consumables cost Sales Department Currently applying Takuya Aoki Business trip expenses (for multiple people) Sales Department Currently applying Shohei Shimizu Business trip expenses (for multiple people) Development Department Three half-knits Tayoshi (52002)
Financial accounting system Financial accounting system aa A☆ skewer finance Financial accounting system Fiscal Year 2026 - Accounting Department 2026/07/01 23:46:49 Naoki Sato, Accounting Manager Sa Financial accounting operations Dashboard / Expense Approval (for Managers) ● Dashboard Expense approval (management) Invoice Approval and Expense Settlement 12 items・4 items pending calculation List of applications ● Expense approval (management) ● Payment Processing Employee ID full name Application Type Duration/Details Departm",/leave-applications | /payroll-items,employee id | full name | name | amount | status | processing comment | category | type | department | resident tax | attendance,approve | unprocessed,Notepad/text | Word/document,word_assisted,0.9504927154082023
pi,expense_reimbursement,ses_20260701-180923-NEELA9BAF::24,ses_20260701-180923-NEELA9BAF,"HR人事給与システム = HR (Human Resources and Payroll) System | HR人事給与システム = HR (Human Resources and Payroll) System | aあ A☆ = aa A☆ | 率 = rate | 人事 = human resources | HR人事給与システム = HR (Human Resources and Payroll) System | 2026年度·人事部門 = FY2026・Human Resources Department | 田中麻里・人事マネージャー = Mari Tanaka, Human Resources Manager | 田 = Field | 仪哉子白议 = Yako Byakuren | 足市 = Ashiichi | 人事業務 = Human resources operations | 石田美奈 = Ishida Mina | 役職手当廃止 = Abolition of position allowances | 10,214円 = 10,214 yen | 定常 = Steady state | 未処理 = Unprocessed | ● ダッシュボード = ● Dashboard | 坂本裕二 = Yuji Sakamoto | 役職手当新設 = New position-based allowance established. | 29,690円 = 29,690 yen | 定常 = Steady state | 未処理 = Unprocessed | 経費精算・給与変更 = Expense reimbursement and payroll changes | 江口さくら = Sakura Eguchi | 昇給 = Salary increase | 12,914円 = 12,914 yen | 定常 = Steady state | 未処理 = Unprocessed | ● 勤怠・休暇申請 = ● Attendance and leave application | ● 入社手続き = ● Onboarding procedures | 上野大樹 = Daiki Ueno | 昇給 = Salary increase | 12,914円 = 12,914 yen | 定常 = Steady state | 未処理 = Unprocessed | ●福利厚生申請 = ● Application for employee benefits | 上野大樹 = Daiki Ueno | 役職手当新設 = New position-based allowance established. | 29,690円 = 29,690 yen | 定常 = Steady state | 未処理 = Unprocessed | ● 住民税・その他 = ● Resident tax and other taxes | 岡田智也 = Tomoya Okada | 昇給 = Salary increase | 12,914円 = 12,914 yen | 定常 = Steady state | 未処理 = Unprocessed | 詳細 —P1-07048822-005·江口 さくら = Details — P1-07048822-005 · Sakura Eguchi | 未処理 = Unprocessed | 管理ID = Management ID | 社員ID = Employee ID | 区分 = classification | 研修費 = Training expenses | 種別 = type | 定常 = Steady state | 金額 = Amount | 48,073円 = 48,073 yen | ステータス = status | 未処理 = Unprocessed | 参照：申請者区分：regular 承認権限：部門長 = Reference: Applicant category: regular Approval authority: Department head | 処理コメント = Processing comments | 処理内容・確認コメントを入力してください… = Please enter the processing details and confirmation comments... | ✓ 登録確定 = ✓ Registration confirmed | Ⅱ保留 = Ⅱ pending","HR (Human Resources and Payroll) System HR (Human Resources and Payroll) System aa A☆ rate human resources HR (Human Resources and Payroll) System FY2026・Human Resources Department Mari Tanaka, Human Resources Manager Field Yako Byakuren Ashiichi Human resources operations Ishida Mina Abolition of position allowances 10,214 yen Steady state Unprocessed ● Dashboard Yuji Sakamoto New position-based allowance established. 29,690 yen Steady state Unprocessed Expense reimbursement and payroll changes Sakura Eguchi Salary increase 12,914 yen Steady state Unprocessed ● Attendance and leave application ● Onboarding procedures Daiki Ueno Salary increase 12,914 yen Steady state Unprocessed ● Application for employee benefits Daiki Ueno New position-based allowance established. 29,690 yen Steady state Unprocessed ● Resident tax and other taxes Tomoya Okada Salary increase 12,914 yen Steady state Unprocessed Details — P1-07048822-005 · Sakura Eguchi Unprocessed Management ID Employee ID classification Training expenses type Steady state Amount 48,073 yen status Unprocessed Reference: Applicant category: regular Approval authority: Department head Processing comments Please enter the processing details and confirmation comments... ✓ Registration confirmed Ⅱ pending",/payroll-items,employee id | amount | status | processing comment | category | type | department | resident tax | attendance,approve | unprocessed,Notepad/text | Word/document,word_assisted,0.9518946612004152
pi,expense_reimbursement,ses_20260701-180923-NEELA9BAF::30,ses_20260701-180923-NEELA9BAF,"HR人事給与システム = HR (Human Resources and Payroll) System | HR人事給与システム = HR (Human Resources and Payroll) System | aあ A☆ = aa A☆ | 率 = rate | 人事 = human resources | HR人事給与システム = HR (Human Resources and Payroll) System | 2026年度·人事部門 = FY2026・Human Resources Department | 2026/07/01 23:50:58 田中 麻里·人事マネージャー = 2026/07/01 23:50:58 Mari Tanaka, Human Resources Manager | 田 = Field | 议哉子白议 = Yako Hakuren | 足市 = Ashiichi | 人事業務 = Human resources operations | 石田美奈 = Ishida Mina | 役職手当廃止 = Abolition of position allowances | 10,214円 = 10,214 yen | 定常 = Steady state | 未処理 = Unprocessed | ● ダッシュボード = ● Dashboard | 坂本裕二 = Yuji Sakamoto | 役職手当新設 = New position-based allowance established. | 29,690円 = 29,690 yen | 定常 = Steady state | 未処理 = Unprocessed | 経費精算・給与変更 = Expense reimbursement and payroll changes | 江口さくら = Sakura Eguchi | 昇給 = Salary increase | 12,914円 = 12,914 yen | 定常 = Steady state | 未処理 = Unprocessed | ● 勤怠・休暇申請 = ● Attendance and leave application | ● 入社手続き = ● Onboarding procedures | 上野大樹 = Daiki Ueno | 昇給 = Salary increase | 12,914円 = 12,914 yen | 定常 = Steady state | 未処理 = Unprocessed | ●福利厚生申請 = ● Application for employee benefits | 上野大樹 = Daiki Ueno | 役職手当新設 = New position-based allowance established. | 29,690円 = 29,690 yen | 定常 = Steady state | 未処理 = Unprocessed | ● 住民税・その他 = ● Resident tax and other taxes | 岡田智也 = Tomoya Okada | 昇給 = Salary increase | 12,914円 = 12,914 yen | 定常 = Steady state | 未処理 = Unprocessed | 詳細 — P1-07048822-007 ·清水 祥平 = Details — P1-07048822-007 · Shohei Shimizu | 未処理 = Unprocessed | 管理ID = Management ID | 社員ID = Employee ID | 区分 = classification | 研修費 = Training expenses | 種別 = type | 定常 = Steady state | 金額 = Amount | 49,097円 = 49,097 yen | ステータス = status | 未処理 = Unprocessed | 参照：申請者区分：regular 承認権限：部門長 = Reference: Applicant category: regular Approval authority: Department head | 処理コメント = Processing comments | 処理内容・確認コメントを入力してください… = Please enter the processing details and confirmation comments... | ✓ 登録確定 = ✓ Registration confirmed | Ⅱ保留 = Ⅱ p","HR (Human Resources and Payroll) System HR (Human Resources and Payroll) System aa A☆ rate human resources HR (Human Resources and Payroll) System FY2026・Human Resources Department 2026/07/01 23:50:58 Mari Tanaka, Human Resources Manager Field Yako Hakuren Ashiichi Human resources operations Ishida Mina Abolition of position allowances 10,214 yen Steady state Unprocessed ● Dashboard Yuji Sakamoto New position-based allowance established. 29,690 yen Steady state Unprocessed Expense reimbursement and payroll changes Sakura Eguchi Salary increase 12,914 yen Steady state Unprocessed ● Attendance and leave application ● Onboarding procedures Daiki Ueno Salary increase 12,914 yen Steady state Unprocessed ● Application for employee benefits Daiki Ueno New position-based allowance established. 29,690 yen Steady state Unprocessed ● Resident tax and other taxes Tomoya Okada Salary increase 12,914 yen Steady state Unprocessed Details — P1-07048822-007 · Shohei Shimizu Unprocessed Management ID Employee ID classification Training expenses type Steady state Amount 49,097 yen status Unprocessed Reference: Applicant category: regular Approval authority: Department head Processing comments Please enter the processing details and confirmation comments... ✓ Registration confirmed Ⅱ pending",/payroll-items,employee id | amount | status | processing comment | category | type | department | resident tax | attendance,approve | unprocessed,Notepad/text | Word/document,word_assisted,0.9494993189970652
pi,expense_reimbursement,ses_20260701-180923-NEELA9BAF::31,ses_20260701-180923-NEELA9BAF,"HR人事給与システム = HR (Human Resources and Payroll) System | HR人事給与システム = HR (Human Resources and Payroll) System | aあ A☆ = aa A☆ | 率 = rate | 人事 = human resources | HR人事給与システム = HR (Human Resources and Payroll) System | 2026年度·人事部門 = FY2026・Human Resources Department | 田中 麻里・人事マネージャー = Mari Tanaka, Human Resources Manager | 田 = Field | 又成子叹 = Also, Seiko Chun | 足市 = Ashiichi | 人事業務 = Human resources operations | 石田美奈 = Ishida Mina | 役職手当廃止 = Abolition of position allowances | 10,214円 = 10,214 yen | 定常 = Steady state | 未処理 = Unprocessed | ● ダッシュボード = ● Dashboard | 坂本裕二 = Yuji Sakamoto | 役職手当新設 = New position-based allowance established. | 29,690円 = 29,690 yen | 定常 = Steady state | 未処理 = Unprocessed | 経費精算・給与変更 = Expense reimbursement and payroll changes | 江口さくら = Sakura Eguchi | 昇給 = Salary increase | 12,914円 = 12,914 yen | 定常 = Steady state | 未処理 = Unprocessed | 勤怠・休暇申請 = Attendance and leave application | ● 入社手続き = ● Onboarding procedures | 上野大樹 = Daiki Ueno | 昇給 = Salary increase | 12,914円 = 12,914 yen | 定常 = Steady state | 未処理 = Unprocessed | ●福利厚生申請 = ● Application for employee benefits | 上野大樹 = Daiki Ueno | 役職手当新設 = New position-based allowance established. | 29,690円 = 29,690 yen | 定常 = Steady state | 未処理 = Unprocessed | ● 住民税・その他 = ● Resident tax and other taxes | 岡田智也 = Tomoya Okada | 昇給 = Salary increase | 12,914円 = 12,914 yen | 定常 = Steady state | 未処理 = Unprocessed | 詳細 — P1-07048822-008 ·桐島 涼介 = Details — P1-07048822-008 · Ryosuke Kirishima | 未処理 = Unprocessed | 管理ID = Management ID | 社員ID = Employee ID | 区分 = classification | 研修費 = Training expenses | 種別 = type | 定常 = Steady state | 金額 = Amount | 49,008円 = 49,008 yen | ステータス = status | 未処理 = Unprocessed | 参照：申請者区分：regular 承認権限：部門長 = Reference: Applicant category: regular Approval authority: Department head | 処理コメント = Processing comments | 経費精算確認済み。費目：研修費 金額：49,008円。規程内であることを確認した。 = Expense reimbursement confirmed. Expense item: Training expenses. Amount: 49,008 yen. Confirmed to be within regulations. | ✓ 登録確定","HR (Human Resources and Payroll) System HR (Human Resources and Payroll) System aa A☆ rate human resources HR (Human Resources and Payroll) System FY2026・Human Resources Department Mari Tanaka, Human Resources Manager Field Also, Seiko Chun Ashiichi Human resources operations Ishida Mina Abolition of position allowances 10,214 yen Steady state Unprocessed ● Dashboard Yuji Sakamoto New position-based allowance established. 29,690 yen Steady state Unprocessed Expense reimbursement and payroll changes Sakura Eguchi Salary increase 12,914 yen Steady state Unprocessed Attendance and leave application ● Onboarding procedures Daiki Ueno Salary increase 12,914 yen Steady state Unprocessed ● Application for employee benefits Daiki Ueno New position-based allowance established. 29,690 yen Steady state Unprocessed ● Resident tax and other taxes Tomoya Okada Salary increase 12,914 yen Steady state Unprocessed Details — P1-07048822-008 · Ryosuke Kirishima Unprocessed Management ID Employee ID classification Training expenses type Steady state Amount 49,008 yen status Unprocessed Reference: Applicant category: regular Approval authority: Department head Processing comments Expense reimbursement confirmed. Expense item: Training expenses. Amount: 49,008 yen. Confirmed to be within regulations. ✓ Registration confirmed Ⅱ pending",/payroll-items,employee id | amount | status | processing comment | category | type | department | resident tax | attendance,approve | unprocessed,Notepad/text | Word/document,word_assisted,0.9530224495877823
pi,expense_reimbursement,ses_20260701-180923-NEELA9BAF::33,ses_20260701-180923-NEELA9BAF,"HR人事給与システム = HR (Human Resources and Payroll) System | HR人事給与システム = HR (Human Resources and Payroll) System | aあ A☆ = aa A☆ | 率 = rate | 人事 = human resources | HR人事給与システム = HR (Human Resources and Payroll) System | 2026年度·人事部門 = FY2026・Human Resources Department | 2026/07/01 23:51:22 田中 麻里・人事マネージャー = 2026/07/01 23:51:22 Mari Tanaka, Human Resources Manager | 田 = Field | 社貝ID = Company ID | 氏名 = full name | 区分 = classification | 金額 = Amount | 種別 = type | ステーダス = Stadus | 人事業務 = Human resources operations | 清水祥平 = Shohei Shimizu | 交通費精算 = Transportation expense settlement | 24,026円 = 24,026 yen | 定常 = Steady state | 登録済み = Registered | ● ダッシュボード = ● Dashboard | 清水 祥平 = Shohei Shimizu | 消耗品費 = Consumables cost | 21,698円 = 21,698 yen | 定常 = Steady state | 登録済み = Registered | 経費精算・給与変更 = Expense reimbursement and payroll changes | 岡田智也 = Tomoya Okada | 消耗品費 = Consumables cost | 20,394円 = 20,394 yen | 定常 = Steady state | 登録済み = Registered | ● 勤怠・休暇申請 = ● Attendance and leave application | ● 入社手続き = ● Onboarding procedures | 津田将太 = Shota Tsuda | 交通費精算 = Transportation expense settlement | 24,160円 = 24,160 yen | 定常 = Steady state | 登録済み = Registered | ●福利厚生申請 = ● Application for employee benefits | 江口さくら = Sakura Eguchi | 研修費 = Training expenses | 48,073円 = 48,073 yen | 定常 = Steady state | 登録済み = Registered | ● 住民税・その他 = ● Resident tax and other taxes | 青木拓也 = Takuya Aoki | 交通費精算 = Transportation expense settlement | 18,420円 = 18,420 yen | 定常 = Steady state | 登録済み = Registered | 清水祥平 = Shohei Shimizu | 研修費 = Training expenses | 49,097円 = 49,097 yen | 定常 = Steady state | 登録済み = Registered | 桐島 凉介 = Ryosuke Kirishima | 研修費 = Training expenses | 49,008円 = 49,008 yen | 定常 = Steady state | 登録済み = Registered | 桐島 涼介 = Ryosuke Kirishima | 接待交際費 = Entertainment expenses | 123,224円 = 123,224 yen | 調整 = adjustment | 未処理 = Unprocessed | 桐島涼介 = Ryosuke Kirishima | 消耗品費 = Consumables cost | 17,029円 = 17,029 yen | 定常 = Steady state | 未処理 = Unprocessed | 寺本 真由 = Mayu Teramoto | 研修費 = Trai","HR (Human Resources and Payroll) System HR (Human Resources and Payroll) System aa A☆ rate human resources HR (Human Resources and Payroll) System FY2026・Human Resources Department 2026/07/01 23:51:22 Mari Tanaka, Human Resources Manager Field Company ID full name classification Amount type Stadus Human resources operations Shohei Shimizu Transportation expense settlement 24,026 yen Steady state Registered ● Dashboard Shohei Shimizu Consumables cost 21,698 yen Steady state Registered Expense reimbursement and payroll changes Tomoya Okada Consumables cost 20,394 yen Steady state Registered ● Attendance and leave application ● Onboarding procedures Shota Tsuda Transportation expense settlement 24,160 yen Steady state Registered ● Application for employee benefits Sakura Eguchi Training expenses 48,073 yen Steady state Registered ● Resident tax and other taxes Takuya Aoki Transportation expense settlement 18,420 yen Steady state Registered Shohei Shimizu Training expenses 49,097 yen Steady state Registered Ryosuke Kirishima Training expenses 49,008 yen Steady state Registered Ryosuke Kirishima Entertainment expenses 123,224 yen adjustment Unprocessed Ryosuke Kirishima Consumables cost 17,029 yen Steady state Unprocessed Mayu Teramoto Training expenses 24,892 yen Steady state Unprocessed Rie Kikuchi Training expenses 28,945 yen Steady state Unprocessed Mina Ishida Abolition of position allowances 10,214 yen Steady state Unprocessed Asuka Kono New position-based allowance established. 29,690 yen Steady state Unprocessed Sakura Eguchi Abolition of position allowances 10,214 yen Steady state Unprocessed Yuji Sakamoto Overtime pay adjustment 7,025 yen adjustment Unprocessed Shohei Shimizu Steady state New position-based allowance established. 29,690 yen Lada + Katsura 沉平千東新凯 Ning Party Dokari",/payroll-items,full name | name | amount | type | department | resident tax | attendance,unprocessed,Notepad/text | Word/document,word_assisted,0.9634615952467046
pi,expense_reimbursement,ses_20260701-181413-LAPTOP-76QMG9DE::22,ses_20260701-181413-LAPTOP-76QMG9DE,"財務会計システム = Financial accounting system | 財務 = finance | 財務会計システム = Financial accounting system | 2026年度·経理部門 = Fiscal Year 2026 - Accounting Department | 2026/07/01 23:50:08 佐藤直樹·経理マネージャー = 2026/07/01 23:50:08 Naoki Sato, Accounting Manager | 佐 = Sa | 財務会計業務 = Financial accounting operations | ダッシュボード/請求書承認・経費精算 = Dashboard / Invoice Approval &amp; Expense Reimbursement | ダッシュボード = Dashboard | 請求書承認・経費精算 = Invoice approval and expense reimbursement | 請求書承認・経費精 = Invoice Approval and Expense Settlement | 12件·11件未処理 = 12 items - 11 items unprocessed | 算 = calculation | 処理待ち一覧 = List of items awaiting processing | 経費承認（管理職） = Expense approval (management) | 支払処理 = Payment processing | 社員ID = Employee ID | 氏名 = full name | 区分 = classification | 金額 = Amount | 種別 = type | ステータス = status | 予算差異分析 = Budget variance analysis | 関西物流サービス = Kansai Logistics Service | 請求書承認 INV-2026-7246 = Invoice Approval INV-2026-7246 | 3,104,090円 = 3,104,090 yen | 定常 = Steady state | 登録済み = Registered | 発注管理 = Order Management | 関西物流サービス = Kansai Logistics Service | 請求書承認INV-2026-7247 = Invoice Approval INV-2026-7247 | 3,147,314円 = 3,147,314 yen | 定常 = Steady state | 未処理 = Unprocessed | 大和商事株式会社 = Yamato Shoji Co., Ltd. | 請求書承認 INV-2026-7248 = Invoice Approval INV-2026-7248 | 1,283,435円 = 1,283,435 yen | 定常 = Steady state | 未処理 = Unprocessed | 関西物流サービス = Kansai Logistics Service | 請求書承認 INV-2026-7249 = Invoice Approval INV-2026-7249 | 3,225,667円 = 3,225,667 yen | 定常 = Steady state | 未処理 = Unprocessed | 東京電子工業株式会社 = Tokyo Electronics Industry Co., Ltd. | 請求書承認INV-2026-7250 = Invoice Approval INV-2026-7250 | 553,309円 = 553,309 yen | 定常 = Steady state | 未処理 = Unprocessed | グローバルテック合同会社 = Global Tech LLC | 請求書承認INV-2026-7251 = Invoice Approval INV-2026-7251 | 741,557円 = 741,557 yen | 調整 = adjustment | 未処理 = Unprocessed | 沖縄物流センター = Okinawa Logistics Center | 請求書承認INV-2026-7252 = Invoice Approval INV-2026-7252 | 287,747円 = 287,747 yen | 調整 = adjustment | 未処理 = Unprocessed | 関西物流サービス = Kansai Logis","Financial accounting system finance Financial accounting system Fiscal Year 2026 - Accounting Department 2026/07/01 23:50:08 Naoki Sato, Accounting Manager Sa Financial accounting operations Dashboard / Invoice Approval &amp; Expense Reimbursement Dashboard Invoice approval and expense reimbursement Invoice Approval and Expense Settlement 12 items - 11 items unprocessed calculation List of items awaiting processing Expense approval (management) Payment processing Employee ID full name classification Amount type status Budget variance analysis Kansai Logistics Service Invoice Approval INV-2026-7246 3,104,090 yen Steady state Registered Order Management Kansai Logistics Service Invoice Approval INV-2026-7247 3,147,314 yen Steady state Unprocessed Yamato Shoji Co., Ltd. Invoice Approval INV-2026-7248 1,283,435 yen Steady state Unprocessed Kansai Logistics Service Invoice Approval INV-2026-7249 3,225,667 yen Steady state Unprocessed Tokyo Electronics Industry Co., Ltd. Invoice Approval INV-2026-7250 553,309 yen Steady state Unprocessed Global Tech LLC Invoice Approval INV-2026-7251 741,557 yen adjustment Unprocessed Okinawa Logistics Center Invoice Approval INV-2026-7252 287,747 yen adjustment Unprocessed Kansai Logistics Service Invoice Approval INV-2026-7253 2,996,979 yen Steady state Unprocessed Yamada Manufacturing Co., Ltd. Invoice Approval INV-2026-7254 350,020 yen Steady state Unprocessed Yamato Shoji Co., Ltd. Invoice Approval INV-2026-7255 1,125,703 yen Steady state Unprocessed Okinawa Logistics Center Invoice Approval INV-2026-7256 300,793 yen adjustment Unprocessed Self
List of Monthly Subscription Clients overview List of Monthly Subscription Clients List of fixed-rate clients Verification procedure overview A list of clients for whom a fixed monthly invoice is issued. This list is used to verify amounts when approving invoices. List of fixed-rate clients No.1 Yamada Manufacturing Co., Ltd. Monthly manufacturing outsourcing fee: 385,000 yen Yamato Shoji Co.,",/payroll-items,employee id | full name | name | amount | status | processing comment | type | department,approve | hold | awaiting_processing | unprocessed,Notepad/text | Word/document,word_assisted,0.9628903744914289
pi,expense_reimbursement,ses_20260701-181913-SIDDHIGUPTAB00B::4,ses_20260701-181913-SIDDHIGUPTAB00B,"財務会計システム = Financial accounting system | aあA = aaA | 財務 = finance | 財務会計システム = Financial accounting system | 2026年度·経理部門 = Fiscal Year 2026 - Accounting Department | 佐 = Sa | 東京電子工業株式会社 = Tokyo Electronics Industry Co., Ltd. | 請求書承認INV-2026-7075 = Invoice Approval INV-2026-7075 | 財務会計業務 = Financial accounting operations | 株式会社山田製作所 = Yamada Manufacturing Co., Ltd. | 請求書承認INV-2026-7076 = Invoice Approval INV-2026-7076 | ● ダッシュボード = ● Dashboard | 沖縄物流センター = Okinawa Logistics Center | 請求書承認INV-2026-7077 = Invoice Approval INV-2026-7077 | 323,651円 = 323,651 yen | 調整 = adjustment | 未処理 = Unprocessed | 請求書承認・経費精 = Invoice Approval and Expense Settlement | 算 = calculation | 関西物流サービス = Kansai Logistics Service | 請求書承認INV-2026-7078 = Invoice Approval INV-2026-7078 | 2,919,297円 = 2,919,297 yen | 調整 = adjustment | 未処理 = Unprocessed | 経費承認（管理職） = Expense approval (management) | 支払処理 = Payment processing | 詳細—P6-07101496-002·北陸部品工業株式会社 = Details—P6-07101496-002 · Hokuriku Parts Industry Co., Ltd. | 未処理 = Unprocessed | 予算差異分析 = Budget variance analysis | 管理ID = Management ID | 発注管理 = Order Management | 社員ID = Employee ID | 区分 = classification | 請求書承認INV-2026-7068 = Invoice Approval INV-2026-7068 | 種別 = type | 定常 = Steady state | 金額 = Amount | 412,027円 = 412,027 yen | ステータス = status | 未処理 = Unprocessed | 参照：発注番号照合：INV-2026-7068 = Reference: Order number verification: INV-2026-7068 | 処理コメント = Processing comments | 請求書照合完了。INV-2026-7068 = Invoice verification completed. INV-2026-7068 | 金額：412,027円。差異なし承認。 = Amount: 412,027 yen. Approved with no discrepancies. | √ 承認 = √ Approval | Ⅱ保留 = Ⅱ pending","Financial accounting system aaA finance Financial accounting system Fiscal Year 2026 - Accounting Department Sa Tokyo Electronics Industry Co., Ltd. Invoice Approval INV-2026-7075 Financial accounting operations Yamada Manufacturing Co., Ltd. Invoice Approval INV-2026-7076 ● Dashboard Okinawa Logistics Center Invoice Approval INV-2026-7077 323,651 yen adjustment Unprocessed Invoice Approval and Expense Settlement calculation Kansai Logistics Service Invoice Approval INV-2026-7078 2,919,297 yen adjustment Unprocessed Expense approval (management) Payment processing Details—P6-07101496-002 · Hokuriku Parts Industry Co., Ltd. Unprocessed Budget variance analysis Management ID Order Management Employee ID classification Invoice Approval INV-2026-7068 type Steady state Amount 412,027 yen status Unprocessed Reference: Order number verification: INV-2026-7068 Processing comments Invoice verification completed. INV-2026-7068 Amount: 412,027 yen. Approved with no discrepancies. √ Approval Ⅱ pending",/payroll-items,employee id | amount | status | processing comment | type | department,approve | unprocessed,Notepad/text | Word/document,word_assisted,0.9691195491655373
pi,expense_reimbursement,ses_20260701-181913-SIDDHIGUPTAB00B::5,ses_20260701-181913-SIDDHIGUPTAB00B,"財務会計システム = Financial accounting system | aあA = aaA | 財務 = finance | 財務会計システム = Financial accounting system | 2026年度·経理部門 = Fiscal Year 2026 - Accounting Department | 佐 = Sa | 財務会計業務 = Financial accounting operations | ダッシュボード／請求書承認・経費精算 = Dashboard / Invoice Approval &amp; Expense Reimbursement | ● ダッシュボード = ● Dashboard | 請求書承認・経費精算 = Invoice approval and expense reimbursement | 請求書承認・経費精 = Invoice Approval and Expense Settlement | 12件·10件未処理 = 12 items - 10 items unprocessed | 算 = calculation | 処理待ち一覧 = List of items awaiting processing | 経費承認（管理職） = Expense approval (management) | ● 支払処理 = ● Payment Processing | 社員ID = Employee ID | 氏名 = full name | 区分 = classification | 金額 = Amount | 種別 = type | ステータス = status | 予算差異分析 = Budget variance analysis | 関西物流サービス = Kansai Logistics Service | 請求書承認INV-2026-7067 = Invoice Approval INV-2026-7067 | 3,164,947円 = 3,164,947 yen | 定常 = Steady state | 登録済み = Registered | 発注管理 = Order Management | 北陸部品工業株式会社 = Hokuriku Parts Industry Co., Ltd. | 請求書承認INV-2026-7068 = Invoice Approval INV-2026-7068 | 412,027円 = 412,027 yen | 定常 = Steady state | 登録済み = Registered | グローバルテック合同会社 = Global Tech LLC | 請求書承認INV-2026-7069 = Invoice Approval INV-2026-7069 | 718,263円 = 718,263 yen | 定常 = Steady state | 未処理 = Unprocessed | 東京電子工業株式会社 = Tokyo Electronics Industry Co., Ltd. | 請求書承認INV-2026-7070 = Invoice Approval INV-2026-7070 | 568,642円 = 568,642 yen | 定常 = Steady state | 未処理 = Unprocessed | 福岡システム設計 = Fukuoka System Design | 請求書承認INV-2026-7071 = Invoice Approval INV-2026-7071 | 1,799,084円 = 1,799,084 yen | 定常 = Steady state | 未処理 = Unprocessed | 東京電子工業株式会社 = Tokyo Electronics Industry Co., Ltd. | 請求書承認INV-2026-7072 = Invoice Approval INV-2026-7072 | 534,712円 = 534,712 yen | 定常 = Steady state | 未処理 = Unprocessed | 東京電子工業株式会社 = Tokyo Electronics Industry Co., Ltd. | 請求書承認INV-2026-7073 = Invoice Approval INV-2026-7073 | 574,134円 = 574,134 yen | 調整 = adjustment | 未処理 = Unprocessed | 北陸部品工業株式会社 = Hokuriku Parts Industry Co., Ltd. | 請求書承認INV-2026-","Financial accounting system aaA finance Financial accounting system Fiscal Year 2026 - Accounting Department Sa Financial accounting operations Dashboard / Invoice Approval &amp; Expense Reimbursement ● Dashboard Invoice approval and expense reimbursement Invoice Approval and Expense Settlement 12 items - 10 items unprocessed calculation List of items awaiting processing Expense approval (management) ● Payment Processing Employee ID full name classification Amount type status Budget variance analysis Kansai Logistics Service Invoice Approval INV-2026-7067 3,164,947 yen Steady state Registered Order Management Hokuriku Parts Industry Co., Ltd. Invoice Approval INV-2026-7068 412,027 yen Steady state Registered Global Tech LLC Invoice Approval INV-2026-7069 718,263 yen Steady state Unprocessed Tokyo Electronics Industry Co., Ltd. Invoice Approval INV-2026-7070 568,642 yen Steady state Unprocessed Fukuoka System Design Invoice Approval INV-2026-7071 1,799,084 yen Steady state Unprocessed Tokyo Electronics Industry Co., Ltd. Invoice Approval INV-2026-7072 534,712 yen Steady state Unprocessed Tokyo Electronics Industry Co., Ltd. Invoice Approval INV-2026-7073 574,134 yen adjustment Unprocessed Hokuriku Parts Industry Co., Ltd. Invoice Approval INV-2026-7074 400,826 yen adjustment Unprocessed Tokyo Electronics Industry Co., Ltd. Invoice Approval INV-2026-7075 614,580 yen adjustment Unprocessed Yamada Manufacturing Co., Ltd. Invoice Approval INV-2026-7076 378,788 yen Steady state Unprocessed
Financial accounting system aaA finance Financial accounting system Fiscal Year 2026 - Accounting Department Sa Tokyo Electronics Industry Co., Ltd. Invoice Approval INV-2026-7075 Financial accounting operations Yamada Manufacturing Co., Ltd. Invoice Approval INV-2026-7076 ● Dashboard Okinawa Logistics Center Invoice Approval INV-2026-7077 323,651 yen adjustment Unprocessed Invoice Approval and Expense Settlement calculation Kansai Logistics Service Invoice Approval INV-2026-7078 2,919,",/payroll-items,employee id | full name | name | amount | status | processing comment | type | department,approve | awaiting_processing | unprocessed,Notepad/text | Word/document,word_assisted,0.9719058805334991
pi,expense_reimbursement,ses_20260701-181913-SIDDHIGUPTAB00B::18,ses_20260701-181913-SIDDHIGUPTAB00B,"財務会計システム = Financial accounting system | aあA = aaA | 財務 = finance | 財務会計システム = Financial accounting system | 2026年度·経理部門 = Fiscal Year 2026 - Accounting Department | 佐 = Sa | 処理待ち一覧 = List of items awaiting processing | 財務会計業務 = Financial accounting operations | ダッシュボード = Dashboard | 社員ID = Employee ID | 氏名 = full name | 区分 = classification | 金額 = Amount | 種別 = type | ステータス = status | 請求書承認・経費精 = Invoice Approval and Expense Settlement | 算 = calculation | 関西物流サービス = Kansai Logistics Service | 請求書承認INV-2026-7067 = Invoice Approval INV-2026-7067 | 3,164,947円 = 3,164,947 yen | 定常 = Steady state | 登録済み = Registered | 経費承認（管理職） = Expense approval (management) | 北陸部品工業株式会社 = Hokuriku Parts Industry Co., Ltd. | 請求書承認INV-2026-7068 = Invoice Approval INV-2026-7068 | 412,027円 = 412,027 yen | 定常 = Steady state | 登録済み = Registered | 支払処理 = Payment processing | グローバルテック合同会社 = Global Tech LLC | 請求書承認INV-2026-7069 = Invoice Approval INV-2026-7069 | 718,263円 = 718,263 yen | 定常 = Steady state | 登録済み = Registered | 予算差異分析 = Budget variance analysis | 東京電子工業株式会社 = Tokyo Electronics Industry Co., Ltd. | 請求書承認INV-2026-7070 = Invoice Approval INV-2026-7070 | 568,642円 = 568,642 yen | 定常 = Steady state | 登録済み = Registered | 発注管理 = Order Management | 福岡システム設計 = Fukuoka System Design | 請求書承認INV-2026-7071 = Invoice Approval INV-2026-7071 | 1,799,084円 = 1,799,084 yen | 定常 = Steady state | 登録済み = Registered | 東京電子工業株式会社 = Tokyo Electronics Industry Co., Ltd. | 請求書承認INV-2026-7072 = Invoice Approval INV-2026-7072 | 534,712円 = 534,712 yen | 定常 = Steady state | 登録済み = Registered | 東京電子工業株式会社 = Tokyo Electronics Industry Co., Ltd. | 請求書承認INV-2026-7073 = Invoice Approval INV-2026-7073 | 574,134円 = 574,134 yen | 調整 = adjustment | 未処理 = Unprocessed | 北陸部品工業株式会社 = Hokuriku Parts Industry Co., Ltd. | 請求書承認INV-2026-7074 = Invoice Approval INV-2026-7074 | 400,826円 = 400,826 yen | 調整 = adjustment | 未処理 = Unprocessed | 東京電子工業株式会社 = Tokyo Electronics Industry Co., Ltd. | 請求書承認INV-2026-7075 = Invoice Approval ","Financial accounting system aaA finance Financial accounting system Fiscal Year 2026 - Accounting Department Sa List of items awaiting processing Financial accounting operations Dashboard Employee ID full name classification Amount type status Invoice Approval and Expense Settlement calculation Kansai Logistics Service Invoice Approval INV-2026-7067 3,164,947 yen Steady state Registered Expense approval (management) Hokuriku Parts Industry Co., Ltd. Invoice Approval INV-2026-7068 412,027 yen Steady state Registered Payment processing Global Tech LLC Invoice Approval INV-2026-7069 718,263 yen Steady state Registered Budget variance analysis Tokyo Electronics Industry Co., Ltd. Invoice Approval INV-2026-7070 568,642 yen Steady state Registered Order Management Fukuoka System Design Invoice Approval INV-2026-7071 1,799,084 yen Steady state Registered Tokyo Electronics Industry Co., Ltd. Invoice Approval INV-2026-7072 534,712 yen Steady state Registered Tokyo Electronics Industry Co., Ltd. Invoice Approval INV-2026-7073 574,134 yen adjustment Unprocessed Hokuriku Parts Industry Co., Ltd. Invoice Approval INV-2026-7074 400,826 yen adjustment Unprocessed Tokyo Electronics Industry Co., Ltd. Invoice Approval INV-2026-7075 614,580 yen adjustment Unprocessed Yamada Manufacturing Co., Ltd. Invoice Approval INV-2026-7076 378,788 yen Steady state Unprocessed Okinawa Logistics Center Invoice Approval INV-2026-7077 323,651 yen adjustment Unprocessed Kansai Logistics Service Invoice Approval INV-2026-7078 2,919,297 yen Acadjusted and unprocessed.
Financial accounting system aaA finance Financial accounting system Fiscal Year 2026 - Accounting Department Sa Tokyo Electronics Industry Co., Ltd. Invoice Approval INV-2026-7075 Financial accounting operations Yamada Manufacturing Co., Ltd. Invoice Approval INV-2026-7076 ● Dashboard Okinawa Logistics Center Invoice Approval INV-2026-7077 323,651 yen adjustment Unprocessed Invoice Approval and Expense Settlement calculation Kansai Logist",/payroll-items,employee id | full name | name | amount | status | processing comment | type | department,approve | awaiting_processing | unprocessed,Notepad/text | Word/document,word_assisted,0.9710031838215789
pi,expense_reimbursement,ses_20260701-182634-NEELA9BAF::11,ses_20260701-182634-NEELA9BAF,"財務会計システム = Financial accounting system | aあ A☆ = aa A☆ | 串 = skewer | 財務 = finance | 財務会計システム = Financial accounting system | 2026年度·経理部門 = Fiscal Year 2026 - Accounting Department | 佐 = Sa | 財務会計業務 = Financial accounting operations | ダッシュポードノ請求書承認・経費精算 = Dashboard Invoice Approval/Expense Reimbursement | ● ダッシュボード = ● Dashboard | 請求書承認・経費精算 = Invoice approval and expense reimbursement | 請求書承認・経費精 = Invoice Approval and Expense Settlement | 12件·11件未処理 = 12 items - 11 items unprocessed | 算 = calculation | 処理待ち一覧 = List of items awaiting processing | ● 経費承認(管理職) = ● Expense approval (management) | ● 支払処理 = ● Payment Processing | 社員ID = Employee ID | 氏名 = full name | 区分 = classification | 金额 = gold color | 種別 = type | ステータス = status | ● 予算差異分析 = ● Budget variance analysis | 関西物流サービス = Kansai Logistics Service | 请求書承认INV-2026-7506 = Request letter approval INV-2026-7506 | 3,037,210円 = 3,037,210 yen | 調整 = adjustment | 未処理 = Unprocessed | • 発注管理 = • Order management | 東京電子工業株式会社 = Tokyo Electronics Industry Co., Ltd. | 请求书承认INV-2026-7507 = Request Book Approval INV-2026-7507 | 547,164円 = 547,164 yen | 調整 = adjustment | 登録済み = Registered | 東京電子工業株式会社 = Tokyo Electronics Industry Co., Ltd. | 请求书承认INV-2026-7508 = Request Book Approval INV-2026-7508 | 547,254円 = 547,254 yen | 定常 = Steady state | 未処理 = Unprocessed | 東京電子工業株式会社 = Tokyo Electronics Industry Co., Ltd. | 请求書承認INV-2026-7509 = Request approval INV-2026-7509 | 565,013円 = 565,013 yen | 定常 = Steady state | 未処理 = Unprocessed | 関西物流サービス = Kansai Logistics Service | 請求書承認INV-2026-7510 = Invoice Approval INV-2026-7510 | 3,059,561円 = 3,059,561 yen | 定常 = Steady state | 未処理 = Unprocessed | 福岡システム設計 = Fukuoka System Design | 請求書承認INV-2026-7511 = Invoice Approval INV-2026-7511 | 1,891,074円 = 1,891,074 yen | 定常 = Steady state | 未処理 = Unprocessed | 北陸部品工業株式会社 = Hokuriku Parts Industry Co., Ltd. | 請求書承認INV-2026-7512 = Invoice Approval INV-2026-7512 | 387,195円 = 387,195 yen | 定常 = Steady state | 未処理 = Unprocessed | 株式会社山田製作所 = Ya","Financial accounting system aa A☆ skewer finance Financial accounting system Fiscal Year 2026 - Accounting Department Sa Financial accounting operations Dashboard Invoice Approval/Expense Reimbursement ● Dashboard Invoice approval and expense reimbursement Invoice Approval and Expense Settlement 12 items - 11 items unprocessed calculation List of items awaiting processing ● Expense approval (management) ● Payment Processing Employee ID full name classification gold color type status ● Budget variance analysis Kansai Logistics Service Request letter approval INV-2026-7506 3,037,210 yen adjustment Unprocessed • Order management Tokyo Electronics Industry Co., Ltd. Request Book Approval INV-2026-7507 547,164 yen adjustment Registered Tokyo Electronics Industry Co., Ltd. Request Book Approval INV-2026-7508 547,254 yen Steady state Unprocessed Tokyo Electronics Industry Co., Ltd. Request approval INV-2026-7509 565,013 yen Steady state Unprocessed Kansai Logistics Service Invoice Approval INV-2026-7510 3,059,561 yen Steady state Unprocessed Fukuoka System Design Invoice Approval INV-2026-7511 1,891,074 yen Steady state Unprocessed Hokuriku Parts Industry Co., Ltd. Invoice Approval INV-2026-7512 387,195 yen Steady state Unprocessed Yamada Manufacturing Co., Ltd. Invoice Approval INV-2026-7513 402,063 yen adjustment Unprocessed Fukuoka System Design Request Book Approval INV-2026-7514 1,845,407 yen Steady state Unprocessed Yamato Shoji Co., Ltd. Request approval INV-2026-7515 1,304,905 yen adjustment Unprocessed Fukuoka System Design Request approval INV-2026-7516 1,880,107 yen Steady state Unprocessed Hokuriku Parts Industry Co., Ltd. Request letter approval INV-2026-7517 450,726 yen tone P6-07046495-002: Registration confirmed.",/payroll-items,employee id | full name | name | status | type | department,approve | awaiting_processing | unprocessed,Notepad/text | Word/document,word_assisted,0.9704408406272648
pi,expense_reimbursement,ses_20260701-182634-NEELA9BAF::12,ses_20260701-182634-NEELA9BAF,"らむ = Ram | 区 = Ward | 区 = Ward | 区 = Ward | 区 = Ward | 請求書照合完了。INV-2026-7506 金額：3,037,210円... = Invoice verification complete. INV-2026-7506 Amount: ¥3,037,210... | 請求書照合完了。INV-2026-7506 = Invoice verification completed. INV-2026-7506 | 金額：3,037,210円。差異あり要確 = Amount: 3,037,210 yen. There may be discrepancies; confirmation is required. | 概要 = overview | 定額取引先リスト = List of fixed-rate clients | 認。月次定額取引先一覧 = Approval. Monthly fixed-rate client list | 照合手順 = Verification procedure | 概要 = overview | 毎月定額で請求が発生する取引先の一覧。請求書承認時の金額照合に使用する。 = A list of clients for whom a fixed monthly invoice is issued. This list is used to verify amounts when approving invoices. | 定額取引先リスト = List of fixed-rate clients | No.1株式会社山田製作所製造委託費月額385,000円 = No. 1 Yamada Manufacturing Co., Ltd.: Monthly manufacturing outsourcing fee of 385,000 yen | No.2 大和商事株式会社 原材料仕入 月額1,240,000円 = No. 2 Yamato Shoji Co., Ltd. Raw material procurement: 1,240,000 yen per month | No.3 東京電子工業株式会社 保守費 月額562,800 円 = No. 3 Tokyo Electronics Industry Co., Ltd. Maintenance fee: 562,800 yen per month | No.4グローバルテック合同会社 SaaS利用料月額745,000円 = No. 4 Global Tech LLC: SaaS usage fee 745,000 yen per month | No.5 北陸電子部品 部品供給 月額420,000円 = No. 5 Hokuriku Electronic Components: Parts supply, Monthly fee: 420,000 yen | 照合手順 = Verification procedure | 受領した請求書のINV番号・金額・取引先名をこの一覧と照合すること。差異がある場合 = Please compare the INV number, amount, and customer name of the received invoice with this list. If there are any discrepancies, | は要確認として保留する。 = This will be put on hold for further confirmation. | 围 = cape | 十 = ten
財務会計システム = Financial accounting system | aあ A☆ = aa A☆ | 率 = rate | 財務 = finance | 財務会計システム = Financial accounting system | 2026年度·経理部門 = Fiscal Year 2026 - Accounting Department | 佐 = Sa | 財務会計業務 = Financial accounting operations | 北陸部品工業株式会社 = Hokuriku Parts Industry Co., Ltd. | 請求書承認INV-2026-7512 = Invoice Approval INV-2026-7512 | ● ダッシュボード = ● Dashboard | 株式会社山田製作所 = Yamada Manufacturing Co., Ltd. | 請求書承認INV-2026-7513 = Invoice ","Ram Ward Ward Ward Ward Invoice verification complete. INV-2026-7506 Amount: ¥3,037,210... Invoice verification completed. INV-2026-7506 Amount: 3,037,210 yen. There may be discrepancies; confirmation is required. overview List of fixed-rate clients Approval. Monthly fixed-rate client list Verification procedure overview A list of clients for whom a fixed monthly invoice is issued. This list is used to verify amounts when approving invoices. List of fixed-rate clients No. 1 Yamada Manufacturing Co., Ltd.: Monthly manufacturing outsourcing fee of 385,000 yen No. 2 Yamato Shoji Co., Ltd. Raw material procurement: 1,240,000 yen per month No. 3 Tokyo Electronics Industry Co., Ltd. Maintenance fee: 562,800 yen per month No. 4 Global Tech LLC: SaaS usage fee 745,000 yen per month No. 5 Hokuriku Electronic Components: Parts supply, Monthly fee: 420,000 yen Verification procedure Please compare the INV number, amount, and customer name of the received invoice with this list. If there are any discrepancies, This will be put on hold for further confirmation. cape ten
Financial accounting system aa A☆ rate finance Financial accounting system Fiscal Year 2026 - Accounting Department Sa Financial accounting operations Hokuriku Parts Industry Co., Ltd. Invoice Approval INV-2026-7512 ● Dashboard Yamada Manufacturing Co., Ltd. Invoice Approval INV-2026-7513 402,063 yen adjustment Unprocessed Invoice Approval and Expense Settlement calculation Fukuoka System Design Invoice Approval INV-2026-7514 1,845,407 yen Steady state Unprocessed ● Expense approval (management) Yamato Shoji Co., Ltd. Invoice Approval INV-2026-7515 1,304,905 yen adjustment Unprocessed ● Payment Processing Fukuoka System Design Invoice Approval INV-2026-7516 1,880,107 yen Steady state Unprocessed Budget variance analysis Hokuriku Parts Industry Co., Ltd. Invoice Approval INV-2026-7517 450,726 yen adjustment Unprocessed ● Order Management Details—P6-07046495-003 · Tokyo Electronics Industry Co., Ltd. Unprocessed Ma",/payroll-items,employee id | name | amount | status | processing comment | type | department,approve | hold | unprocessed,Excel/spreadsheet | Notepad/text | Word/document,word_assisted,0.9414621672506759
pi,expense_reimbursement,ses_20260701-182634-NEELA9BAF::13,ses_20260701-182634-NEELA9BAF,"財務会計システム = Financial accounting system | aあ A☆ = aa A☆ | 率 = rate | 財務 = finance | 財務会計システム = Financial accounting system | 2026年度·経理部門 = Fiscal Year 2026 - Accounting Department | 佐 = Sa | 財務会計業務 = Financial accounting operations | 北陸部品工業株式会社 = Hokuriku Parts Industry Co., Ltd. | 請求書承認INV-2026-7512 = Invoice Approval INV-2026-7512 | ● ダッシュボード = ● Dashboard | 株式会社山田製作所 = Yamada Manufacturing Co., Ltd. | 請求書承認INV-2026-7513 = Invoice Approval INV-2026-7513 | 402,063円 = 402,063 yen | 調整 = adjustment | 未処理 = Unprocessed | 請求書承認・経費精 = Invoice Approval and Expense Settlement | 算 = calculation | 福岡システム設計 = Fukuoka System Design | 請求書承認INV-2026-7514 = Invoice Approval INV-2026-7514 | 1,845,407円 = 1,845,407 yen | 定常 = Steady state | 未処理 = Unprocessed | ●経費承認（管理職） = ● Expense approval (management) | 大和商事株式会社 = Yamato Shoji Co., Ltd. | 請求書承認INV-2026-7515 = Invoice Approval INV-2026-7515 | 1,304,905円 = 1,304,905 yen | 調整 = adjustment | 未処理 = Unprocessed | ● 支払処理 = ● Payment Processing | 福岡システム設計 = Fukuoka System Design | 請求書承認INV-2026-7516 = Invoice Approval INV-2026-7516 | 1,880,107円 = 1,880,107 yen | 定常 = Steady state | 未処理 = Unprocessed | 予算差異分析 = Budget variance analysis | 北陸部品工業株式会社 = Hokuriku Parts Industry Co., Ltd. | 請求書承認INV-2026-7517 = Invoice Approval INV-2026-7517 | 450,726円 = 450,726 yen | 調整 = adjustment | 未処理 = Unprocessed | ● 発注管理 = ● Order Management | 詳細—P6-07046495-004·東京電子工業株式会社 = Details—P6-07046495-004 · Tokyo Electronics Industry Co., Ltd. | 未処理 = Unprocessed | 管理ID = Management ID | 社員ID = Employee ID | 区分 = classification | 請求書承認INV-2026-7509 = Invoice Approval INV-2026-7509 | 種別 = type | 定常 = Steady state | 金額 = Amount | 565,013円 = 565,013 yen | ステータス = status | 未処理 = Unprocessed | 参照：発注番号照合：INV-2026-7509 = Reference: Order number verification: INV-2026-7509 | 処理コメント = Processing comments | 請求書照合完了。INV-2026-7509 = Invoice verification completed. INV-2026-7509 | 金額：565,013円。差異なし承認。 = Amount: 565,013 yen. Approved with no discrepancies. | √ 承認 = √ Approv","Financial accounting system aa A☆ rate finance Financial accounting system Fiscal Year 2026 - Accounting Department Sa Financial accounting operations Hokuriku Parts Industry Co., Ltd. Invoice Approval INV-2026-7512 ● Dashboard Yamada Manufacturing Co., Ltd. Invoice Approval INV-2026-7513 402,063 yen adjustment Unprocessed Invoice Approval and Expense Settlement calculation Fukuoka System Design Invoice Approval INV-2026-7514 1,845,407 yen Steady state Unprocessed ● Expense approval (management) Yamato Shoji Co., Ltd. Invoice Approval INV-2026-7515 1,304,905 yen adjustment Unprocessed ● Payment Processing Fukuoka System Design Invoice Approval INV-2026-7516 1,880,107 yen Steady state Unprocessed Budget variance analysis Hokuriku Parts Industry Co., Ltd. Invoice Approval INV-2026-7517 450,726 yen adjustment Unprocessed ● Order Management Details—P6-07046495-004 · Tokyo Electronics Industry Co., Ltd. Unprocessed Management ID Employee ID classification Invoice Approval INV-2026-7509 type Steady state Amount 565,013 yen status Unprocessed Reference: Order number verification: INV-2026-7509 Processing comments Invoice verification completed. INV-2026-7509 Amount: 565,013 yen. Approved with no discrepancies. √ Approval Ⅱ pending",/payroll-items,employee id | amount | status | processing comment | type | department,approve | unprocessed,Notepad/text | Word/document,word_assisted,0.9631508444691752
pi,expense_reimbursement,ses_20260701-183232-LAPTOP-76QMG9DE::1,ses_20260701-183232-LAPTOP-76QMG9DE,"受発注在庫管理システム = Order and Inventory Management System | aあ = aa | #车 = #car | 受発 = Receiving/Receiving | 受発注在庫管理システム = Order and Inventory Management System | 2026年度·物流管理部 = 2026・Logistics Management Department | ):02:47 高橋健司・物流マネージャー = ):02:47 Kenji Takahashi, Logistics Manager | 高 = high | 受発注在庫業務 = Order processing and inventory management | 受発注在庫管理システム/ダッシュポード = Order management system/dashboard | ダッシュボード = Dashboard | 受発注在庫ダッシュボード = Order/Inventory Dashboard | 在庫管理 = Inventory Management | 2026年度·2026年7月2日生成 = Fiscal year 2026 · Generated on July 2, 2026 | 契約管理 = contract management | 在庫管理 = Inventory Management | 契約管理 = contract management | IT申請 = IT application | その他 = others | 返品処理 = Return processing | 0未処理 = 0 Unprocessed | 0 申請中 = 0 under application | 0 処理待ち = 0 Waiting for processing | 0 照合中 = 0 Matching | IT申請 = IT application | 受注・その他 = Orders and other | 自 = Self
HR人事給与システム = HR (Human Resources and Payroll) System | aあA☆ = aaA☆ | 人事 = human resources | HR人事給与システム = HR (Human Resources and Payroll) System | 2026年度·人事部門 = FY2026・Human Resources Department | 田 = Field | 人事業務 = Human resources operations | 岡田智也 = Tomoya Okada | 扶養控除変更 = Change in dependent deduction | ダッシュボード = Dashboard | 竹内彩子 = Ayako Takeuchi | 扶養控除変更 = Change in dependent deduction | 定常 = Steady state | 未処理 = Unprocessed | 経費精算·給与変更 = Expense reimbursement and payroll changes | 桐島凉介 = Ryosuke Kirishima | 昇給 = Salary increase | 21,456円 = 21,456 yen | 定常 = Steady state | 未処理 = Unprocessed | 勤怠・休暇申請 = Attendance and leave application | 入社手続き = Onboarding procedures | 上野大樹 = Daiki Ueno | 残業手当調整 = Overtime pay adjustment | 5,995円 = 5,995 yen | 調整 = adjustment | 未処理 = Unprocessed | 福利厚生申請 = Employee benefits application | 詳細—P1-07080388-001·岡田 智也 = Details—P1-07080388-001 · Tomoya Okada | 住民税・その他 = Resident tax and other taxes | 未処理 = Unprocessed | 管理ID = Management ID | 社員ID = Employee ID | 区分 = classification | 出張旅費 = Business trip expenses | 種別 = type | 定常 = Steady state | 金額 = Amount | ","Order and Inventory Management System aa #car Receiving/Receiving Order and Inventory Management System 2026・Logistics Management Department ):02:47 Kenji Takahashi, Logistics Manager high Order processing and inventory management Order management system/dashboard Dashboard Order/Inventory Dashboard Inventory Management Fiscal year 2026 · Generated on July 2, 2026 contract management Inventory Management contract management IT application others Return processing 0 Unprocessed 0 under application 0 Waiting for processing 0 Matching IT application Orders and other Self
HR (Human Resources and Payroll) System aaA☆ human resources HR (Human Resources and Payroll) System FY2026・Human Resources Department Field Human resources operations Tomoya Okada Change in dependent deduction Dashboard Ayako Takeuchi Change in dependent deduction Steady state Unprocessed Expense reimbursement and payroll changes Ryosuke Kirishima Salary increase 21,456 yen Steady state Unprocessed Attendance and leave application Onboarding procedures Daiki Ueno Overtime pay adjustment 5,995 yen adjustment Unprocessed Employee benefits application Details—P1-07080388-001 · Tomoya Okada Resident tax and other taxes Unprocessed Management ID Employee ID classification Business trip expenses type Steady state Amount 56,120 yen status Unprocessed Reference: Applicant category: Regular Approval authority: Department head Processing comments Please enter the processing details and confirmation comments... ✓ Registration confirmed on hold Self",/payroll-items,employee id | amount | status | processing comment | category | type | department | resident tax | attendance,approve | hold | unprocessed,Notepad/text,notepad_assisted,0.9642191685058854
pi,expense_reimbursement,ses_20260701-183232-LAPTOP-76QMG9DE::6,ses_20260701-183232-LAPTOP-76QMG9DE,"HR人事給与システム = HR (Human Resources and Payroll) System | a肺A☆ = a lung A☆ | 人事 = human resources | HR人事給与システム = HR (Human Resources and Payroll) System | 2026年度·人事部門 = FY2026・Human Resources Department | 2026/07/02 00:04:32田中麻里·人事マネージャー = 2026/07/02 00:04:32 Mari Tanaka, Human Resources Manager | 田 = Field | 人事業務 = Human resources operations | 岡田智也 = Tomoya Okada | 扶養控除変更 = Change in dependent deduction | 定常 = Steady state | 未処理 = Unprocessed | ダッシュボード = Dashboard | 竹内彩子 = Ayako Takeuchi | 扶養控除変更 = Change in dependent deduction | 定常 = Steady state | 未処理 = Unprocessed | 経費精算·給与変更 = Expense reimbursement and payroll changes | 桐島凉介 = Ryosuke Kirishima | 昇給 = Salary increase | 勤怠・休暇申請 = Attendance and leave application | 21,456円 = 21,456 yen | 定常 = Steady state | 未処理 = Unprocessed | 入社手続き = Onboarding procedures | 上野大樹 = Daiki Ueno | 残業手当調整 = Overtime pay adjustment | 5,995円 = 5,995 yen | 調整 = adjustment | 未処理 = Unprocessed | 福利厚生申請 = Employee benefits application | 詳細—P1-07080388-003·津田将太 = Details—P1-07080388-003 · Shota Tsuda | 住民税・その他 = Resident tax and other taxes | 未処理 = Unprocessed | 管理ID = Management ID | 社員ID = Employee ID | 区分 = classification | 出張旅費 = Business trip expenses | 種別 = type | 定常 = Steady state | 金額 = Amount | 31,411円 = 31,411 yen | ステータス = status | 未処理 = Unprocessed | 参照：申請者区分：regular承認権限：部門長 = Reference: Applicant category: Regular Approval authority: Department head | 処理コメント = Processing comments | 経費精算確認済み。費目：出張旅費金額：31,411円。規程内であることを確認した。 = Expense reimbursement confirmed. Expense item: Business trip expenses. Amount: 31,411 yen. Confirmed to be within regulations. | ✓ 登録確定 = ✓ Registration confirmed | 保留 = on hold","HR (Human Resources and Payroll) System a lung A☆ human resources HR (Human Resources and Payroll) System FY2026・Human Resources Department 2026/07/02 00:04:32 Mari Tanaka, Human Resources Manager Field Human resources operations Tomoya Okada Change in dependent deduction Steady state Unprocessed Dashboard Ayako Takeuchi Change in dependent deduction Steady state Unprocessed Expense reimbursement and payroll changes Ryosuke Kirishima Salary increase Attendance and leave application 21,456 yen Steady state Unprocessed Onboarding procedures Daiki Ueno Overtime pay adjustment 5,995 yen adjustment Unprocessed Employee benefits application Details—P1-07080388-003 · Shota Tsuda Resident tax and other taxes Unprocessed Management ID Employee ID classification Business trip expenses type Steady state Amount 31,411 yen status Unprocessed Reference: Applicant category: Regular Approval authority: Department head Processing comments Expense reimbursement confirmed. Expense item: Business trip expenses. Amount: 31,411 yen. Confirmed to be within regulations. ✓ Registration confirmed on hold",/payroll-items,employee id | amount | status | processing comment | category | type | department | resident tax | attendance,approve | hold | unprocessed,Notepad/text,notepad_assisted,0.9635798438237264
pi,expense_reimbursement,ses_20260701-183232-LAPTOP-76QMG9DE::7,ses_20260701-183232-LAPTOP-76QMG9DE,"在庫調整メモ = Inventory adjustment memo | 田Ab = Ab | 在庫調整メモ = Inventory adjustment memo | 品番：BATCH-W4 = Product number: BATCH-W4 | 調整数：-178 = Adjustment amount: -178 | 区分：棚卸調整 = Category: Inventory adjustment | 自 = Self
HR人事給与システム = HR (Human Resources and Payroll) System | a肺A☆ = a lung A☆ | |车 = |Car | 人事 = human resources | HR人事給与システム = HR (Human Resources and Payroll) System | 2026年度·人事部門 = FY2026・Human Resources Department | 2026/07/02 00:05:12 田中麻里·人事マネージャー = 2026/07/02 00:05:12 Mari Tanaka, Human Resources Manager | 田 = Field | 人事業務 = Human resources operations | 岡田智也 = Tomoya Okada | 扶養控除変更 = Change in dependent deduction | 定常 = Steady state | 未処理 = Unprocessed | ダッシュボード = Dashboard | 竹内彩子 = Ayako Takeuchi | 扶養控除変更 = Change in dependent deduction | 定常 = Steady state | 未処理 = Unprocessed | 経費精算·給与変更 = Expense reimbursement and payroll changes | 桐島凉介 = Ryosuke Kirishima | 昇給 = Salary increase | 勤怠・休暇申請 = Attendance and leave application | 21,456円 = 21,456 yen | 定常 = Steady state | 未処理 = Unprocessed | 入社手続き = Onboarding procedures | 上野大樹 = Daiki Ueno | 残業手当調整 = Overtime pay adjustment | 5,995円 = 5,995 yen | 調整 = adjustment | 未処理 = Unprocessed | 福利厚生申請 = Employee benefits application | 詳細—P1-07080388-007·遠山健 = Details—P1-07080388-007·Ken Toyama | 住民税・その他 = Resident tax and other taxes | 未処理 = Unprocessed | 管理ID = Management ID | 社員ID = Employee ID | 区分 = classification | 交通費精算 = Transportation expense settlement | 種別 = type | 定常 = Steady state | 金額 = Amount | 5,083円 = 5,083 yen | ステータス = status | 未処理 = Unprocessed | 参照：申請者区分：regular承認権限：人事担当 = Reference: Applicant Category: Regular Approval Authority: Human Resources | 処理コメント = Processing comments | 経費精算確認済み。費目：交通費精算金額：5,083円。規程内であることを確認した。 = Expense reimbursement confirmed. Expense item: Transportation expenses. Amount reimbursed: 5,083 yen. Confirmed to be within regulations. | ✓ 登録確定 = ✓ Registration confirmed | 保留 = on hold
HR人事給与システム = HR (Human Resources and Payroll) System | aあA☆ = aaA☆ | 人事 = human resources |","Inventory adjustment memo Ab Inventory adjustment memo Product number: BATCH-W4 Adjustment amount: -178 Category: Inventory adjustment Self
HR (Human Resources and Payroll) System a lung A☆ |Car human resources HR (Human Resources and Payroll) System FY2026・Human Resources Department 2026/07/02 00:05:12 Mari Tanaka, Human Resources Manager Field Human resources operations Tomoya Okada Change in dependent deduction Steady state Unprocessed Dashboard Ayako Takeuchi Change in dependent deduction Steady state Unprocessed Expense reimbursement and payroll changes Ryosuke Kirishima Salary increase Attendance and leave application 21,456 yen Steady state Unprocessed Onboarding procedures Daiki Ueno Overtime pay adjustment 5,995 yen adjustment Unprocessed Employee benefits application Details—P1-07080388-007·Ken Toyama Resident tax and other taxes Unprocessed Management ID Employee ID classification Transportation expense settlement type Steady state Amount 5,083 yen status Unprocessed Reference: Applicant Category: Regular Approval Authority: Human Resources Processing comments Expense reimbursement confirmed. Expense item: Transportation expenses. Amount reimbursed: 5,083 yen. Confirmed to be within regulations. ✓ Registration confirmed on hold
HR (Human Resources and Payroll) System aaA☆ human resources HR (Human Resources and Payroll) System FY2026・Human Resources Department 2026/07/02 00:05:18 Mari Tanaka, Human Resources Manager Field Employee ID full name classification Amount type status Human resources operations Tomoya Okada Business trip expenses 56,120 yen Steady state Registered Dashboard Takuya Aoki Business trip expenses 35,241 yen Steady state Registered Expense reimbursement and payroll changes Attendance and leave application Shota Tsuda Business trip expenses 31,411 yen Steady state Registered Onboarding procedures Daiki Ueno Transportation expense settlement 7,632 yen Steady state Registered Employee benefits application Yuji Sakamoto Consumables cost 29",/payroll-items,employee id | full name | name | amount | status | processing comment | category | type | department | resident tax | attendance,approve | hold | unprocessed,Notepad/text,notepad_assisted,0.9534656448014741
pi,expense_reimbursement,ses_20260701-183232-LAPTOP-76QMG9DE::8,ses_20260701-183232-LAPTOP-76QMG9DE,"HR人事給与システム = HR (Human Resources and Payroll) System | aあA☆ = aaA☆ | 人事 = human resources | HR人事給与システム = HR (Human Resources and Payroll) System | 2026年度·人事部門 = FY2026・Human Resources Department | 2026/07/02 00:05:28 田中麻里·人事マネージャー = 2026/07/02 00:05:28 Mari Tanaka, Human Resources Manager | 田 = Field | 岡田智也 = Tomoya Okada | 出張旅費 = Business trip expenses | 56,120円 = 56,120 yen | 定常 = Steady state | 登録済み = Registered | 人事業務 = Human resources operations | 青木拓也 = Takuya Aoki | 出張旅費 = Business trip expenses | 35,241円 = 35,241 yen | 定常 = Steady state | 登録済み = Registered | ダッシュボード = Dashboard | 津田将太 = Shota Tsuda | 出張旅費 = Business trip expenses | 31,411円 = 31,411 yen | 定常 = Steady state | 登録済み = Registered | 経費精算・給与変更 = Expense reimbursement and payroll changes | 勤怠・休暇申請 = Attendance and leave application | 上野大樹 = Daiki Ueno | 交通費精算 = Transportation expense settlement | 7,632円 = 7,632 yen | 定常 = Steady state | 登録済み = Registered | 入社手続き = Onboarding procedures | 坂本裕二 = Yuji Sakamoto | 消耗品費 = Consumables cost | 29,889円 = 29,889 yen | 定常 = Steady state | 登録済み = Registered | 福利厚生申請 = Employee benefits application | 津田将太 = Shota Tsuda | 出張旅費 = Business trip expenses | 79,409円 = 79,409 yen | 定常 = Steady state | 登録済み = Registered | 住民税・その他 = Resident tax and other taxes | 遠山健一 = Kenichi Toyama | 交通費精算 = Transportation expense settlement | 5,083円 = 5,083 yen | 定常 = Steady state | 登録済み = Registered | 菊池理恵 = Rie Kikuchi | 消耗品費 = Consumables cost | 24,613円 = 24,613 yen | 定常 = Steady state | 登録済み = Registered | 島田奈々 = Nana Shimada | 研修費 = Training expenses | 29,023円 = 29,023 yen | 定常 = Steady state | 未処理 = Unprocessed | 遠山健一 = Kenichi Toyama | 消耗品費 = Consumables cost | 28,931円 = 28,931 yen | 定常 = Steady state | 未処理 = Unprocessed | 坂本裕二 = Yuji Sakamoto | 交通費精算 = Transportation expense settlement | 21,269円 = 21,269 yen | 定常 = Steady state | 未処理 = Unprocessed | 桐島凉介 = Ryosuke Kirishima | 研修費 = Training expenses | 39,442円 = 39,442 yen | 定常 = Steady state | 未処理 = Unprocessed | 竹内彩子 = Ayako","HR (Human Resources and Payroll) System aaA☆ human resources HR (Human Resources and Payroll) System FY2026・Human Resources Department 2026/07/02 00:05:28 Mari Tanaka, Human Resources Manager Field Tomoya Okada Business trip expenses 56,120 yen Steady state Registered Human resources operations Takuya Aoki Business trip expenses 35,241 yen Steady state Registered Dashboard Shota Tsuda Business trip expenses 31,411 yen Steady state Registered Expense reimbursement and payroll changes Attendance and leave application Daiki Ueno Transportation expense settlement 7,632 yen Steady state Registered Onboarding procedures Yuji Sakamoto Consumables cost 29,889 yen Steady state Registered Employee benefits application Shota Tsuda Business trip expenses 79,409 yen Steady state Registered Resident tax and other taxes Kenichi Toyama Transportation expense settlement 5,083 yen Steady state Registered Rie Kikuchi Consumables cost 24,613 yen Steady state Registered Nana Shimada Training expenses 29,023 yen Steady state Unprocessed Kenichi Toyama Consumables cost 28,931 yen Steady state Unprocessed Yuji Sakamoto Transportation expense settlement 21,269 yen Steady state Unprocessed Ryosuke Kirishima Training expenses 39,442 yen Steady state Unprocessed Ayako Takeuchi Abolition of position allowances 18,168 yen Steady state Unprocessed Shohei Shimizu Abolition of position allowances 18,168 yen Steady state Unprocessed Shota Tsuda Salary increase 21,456 yen Steady state Unprocessed Asuka Kono Abolition of position allowances 18,168 yen Steady state Unprocessed Sakura Eguchi New position-based allowance established. 18,003 yen Steady state Unprocessed
HR (Human Resources and Payroll) System human resources HR (Human Resources and Payroll) System FY2026・Human Resources Department 2026/07/02 00:05:32 Mari Tanaka, Human Resources Manager Field Human resources operations Dashboard Expense reimbursement and payroll changes Attendance and leave application Onboarding procedures Employee benef",/payroll-items,department | resident tax | attendance,unprocessed,Notepad/text,notepad_assisted,0.9663435643247831
pi,expense_reimbursement,ses_20260701-183232-LAPTOP-76QMG9DE::9,ses_20260701-183232-LAPTOP-76QMG9DE,"HR人事給与システム = HR (Human Resources and Payroll) System | a肺A☆ = a lung A☆ | 人事 = human resources | HR人事給与システム = HR (Human Resources and Payroll) System | 2026年度·人事部門 = FY2026・Human Resources Department | 2026/07/02 00:05:50 田中麻里·人事マネージャー = 2026/07/02 00:05:50 Mari Tanaka, Human Resources Manager | 田 = Field | 人事業務 = Human resources operations | 岡田智也 = Tomoya Okada | 扶養控除変更 = Change in dependent deduction | 定常 = Steady state | 未処理 = Unprocessed | ダッシュボード = Dashboard | 竹内彩子 = Ayako Takeuchi | 扶養控除変更 = Change in dependent deduction | 定常 = Steady state | 未処理 = Unprocessed | 経費精算·給与変更 = Expense reimbursement and payroll changes | 桐島凉介 = Ryosuke Kirishima | 昇給 = Salary increase | 勤怠・休暇申請 = Attendance and leave application | 21,456円 = 21,456 yen | 定常 = Steady state | 未処理 = Unprocessed | 入社手続き = Onboarding procedures | 上野大樹 = Daiki Ueno | 残業手当調整 = Overtime pay adjustment | 5,995円 = 5,995 yen | 調整 = adjustment | 未処理 = Unprocessed | 福利厚生申請 = Employee benefits application | 詳細—P1-07080388-011·坂本裕二 = Details—P1-07080388-011 · Yuji Sakamoto | 住民税・その他 = Resident tax and other taxes | 未処理 = Unprocessed | 管理ID = Management ID | 社員ID = Employee ID | 区分 = classification | 交通費精算 = Transportation expense settlement | 種別 = type | 定常 = Steady state | 金額 = Amount | 21,269円 = 21,269 yen | ステータス = status | 未処理 = Unprocessed | 参照：申請者区分：regular承認権限：人事担当 = Reference: Applicant Category: Regular Approval Authority: Human Resources | 処理コメント = Processing comments | 処理内容・確認コメントを入力してください… = Please enter the processing details and confirmation comments... | ✓ 登録確定 = ✓ Registration confirmed | 保留 = on hold
HR人事給与システム = HR (Human Resources and Payroll) System | aあA☆ = aaA☆ | 人事 = human resources | HR人事給与システム = HR (Human Resources and Payroll) System | 2026年度·人事部門 = FY2026・Human Resources Department | 2026/07/0200:05:53 田中麻里·人事マネージャー = 2026/07/02 00:05:53 Mari Tanaka, Human Resources Manager | 田 = Field | 人事業務 = Human resources operations | 遠山健一 = Kenichi Toyama | 消耗品费 = Consumables cost | 28,931円 = 28,9","HR (Human Resources and Payroll) System a lung A☆ human resources HR (Human Resources and Payroll) System FY2026・Human Resources Department 2026/07/02 00:05:50 Mari Tanaka, Human Resources Manager Field Human resources operations Tomoya Okada Change in dependent deduction Steady state Unprocessed Dashboard Ayako Takeuchi Change in dependent deduction Steady state Unprocessed Expense reimbursement and payroll changes Ryosuke Kirishima Salary increase Attendance and leave application 21,456 yen Steady state Unprocessed Onboarding procedures Daiki Ueno Overtime pay adjustment 5,995 yen adjustment Unprocessed Employee benefits application Details—P1-07080388-011 · Yuji Sakamoto Resident tax and other taxes Unprocessed Management ID Employee ID classification Transportation expense settlement type Steady state Amount 21,269 yen status Unprocessed Reference: Applicant Category: Regular Approval Authority: Human Resources Processing comments Please enter the processing details and confirmation comments... ✓ Registration confirmed on hold
HR (Human Resources and Payroll) System aaA☆ human resources HR (Human Resources and Payroll) System FY2026・Human Resources Department 2026/07/02 00:05:53 Mari Tanaka, Human Resources Manager Field Human resources operations Kenichi Toyama Consumables cost 28,931 yen Steady state Registered Dashboard Yuji Sakamoto Transportation expense settlement 21,269 yen Steady state Registered Expense reimbursement and payroll changes Ryosuke Kirishima Training fee 39,442 yen Steady state Unprocessed Attendance and leave application Ayako Takeuchi Abolition of position allowances 18,168 yen Steady state Unprocessed Onboarding procedures Employee benefits application Shohei Shimizu Abolition of position allowances 18,168 yen Steady state Unprocessed ● Resident tax and other taxes Shota Tsuda Salary increase 21,456 yen Steady state Unprocessed Asuka Kono Abolition of position allowances 18,168 yen Steady state unresolved Sakura Eguchi New position-based",/payroll-items,employee id | amount | status | processing comment | category | type | department | resident tax | attendance,approve | hold | unprocessed,Notepad/text,notepad_assisted,0.9661206924960174
pi,expense_reimbursement,ses_20260701-190250-NEELA9BAF::2,ses_20260701-190250-NEELA9BAF,"財務会計システム = Financial accounting system | aあ A☆ = aa A☆ | 率 = rate | 財務 = finance | 財務会計システム = Financial accounting system | 2026年度·経理部門 = Fiscal Year 2026 - Accounting Department | 佐 = Sa | 財務会計業務 = Financial accounting operations | ダッシュボード／請求書承認・経費精算 = Dashboard / Invoice Approval &amp; Expense Reimbursement | ● ダッシュボード = ● Dashboard | 請求書承認・経費精算 = Invoice approval and expense reimbursement | 請求書承認・経費精 = Invoice Approval and Expense Settlement | 12 件·12 件未処理 = 12 items · 12 items unprocessed | 算 = calculation | 処理待ち一覧 = List of items awaiting processing | ● 経費承認(管理職) = ● Expense approval (management) | ● 支払処理 = ● Payment Processing | 社員ID = Employee ID | 氏名 = full name | 区分 = classification | 金額 = Amount | 種別 = type | ステータス = status | ● 予算差異分析 = ● Budget variance analysis | 東京電子工業株式会社 = Tokyo Electronics Industry Co., Ltd. | 請求書承認 INV-2026-7998 = Invoice Approval INV-2026-7998 | 536,841円 = 536,841 yen | 定常 = Steady state | 未処理 = Unprocessed | ● 発注管理 = ● Order Management | 関西物流サービス = Kansai Logistics Service | 請求書承認INV-2026-7999 = Invoice Approval INV-2026-7999 | 2,691,742円 = 2,691,742 yen | 定常 = Steady state | 未処理 = Unprocessed | 北陸部品工業株式会社 = Hokuriku Parts Industry Co., Ltd. | 請求書承認INV-2026-8000 = Invoice Approval INV-2026-8000 | 380,199円 = 380,199 yen | 定常 = Steady state | 未処理 = Unprocessed | グローバルテック合同会社 = Global Tech LLC | 請求書承認INV-2026-8001 = Invoice Approval INV-2026-8001 | 784,303円 = 784,303 yen | 定常 = Steady state | 未処理 = Unprocessed | 株式会社山田製作所 = Yamada Manufacturing Co., Ltd. | 請求書承認INV-2026-8002 = Invoice Approval INV-2026-8002 | 363,706円 = 363,706 yen | 調整 = adjustment | 未処理 = Unprocessed | 株式会社山田製作所 = Yamada Manufacturing Co., Ltd. | 請求書承認INV-2026-8003 = Invoice Approval INV-2026-8003 | 422,043円 = 422,043 yen | 調整 = adjustment | 未処理 = Unprocessed | 東京電子工業株式会社 = Tokyo Electronics Industry Co., Ltd. | 請求書承認INV-2026-8004 = Invoice Approval INV-2026-8004 | 525,797円 = 525,797 yen | 定常 = Steady state | 未処理 = Unprocessed | 沖縄物流センター = Okinawa Logistics Center ","Financial accounting system aa A☆ rate finance Financial accounting system Fiscal Year 2026 - Accounting Department Sa Financial accounting operations Dashboard / Invoice Approval &amp; Expense Reimbursement ● Dashboard Invoice approval and expense reimbursement Invoice Approval and Expense Settlement 12 items · 12 items unprocessed calculation List of items awaiting processing ● Expense approval (management) ● Payment Processing Employee ID full name classification Amount type status ● Budget variance analysis Tokyo Electronics Industry Co., Ltd. Invoice Approval INV-2026-7998 536,841 yen Steady state Unprocessed ● Order Management Kansai Logistics Service Invoice Approval INV-2026-7999 2,691,742 yen Steady state Unprocessed Hokuriku Parts Industry Co., Ltd. Invoice Approval INV-2026-8000 380,199 yen Steady state Unprocessed Global Tech LLC Invoice Approval INV-2026-8001 784,303 yen Steady state Unprocessed Yamada Manufacturing Co., Ltd. Invoice Approval INV-2026-8002 363,706 yen adjustment Unprocessed Yamada Manufacturing Co., Ltd. Invoice Approval INV-2026-8003 422,043 yen adjustment Unprocessed Tokyo Electronics Industry Co., Ltd. Invoice Approval INV-2026-8004 525,797 yen Steady state Unprocessed Okinawa Logistics Center Invoice Approval INV-2026-8005 301,223 yen adjustment Unprocessed Fukuoka System Design Invoice Approval INV-2026-8006 1,903,641 yen adjustment Unprocessed Kansai Logistics Service Invoice Approval INV-2026-8007 3,272,432 yen adjustment Unprocessed Tokyo Electronics Industry Co., Ltd. Invoice Approval INV-2026-8008 588,515 yen adjustment Unprocessed Steady tivate Wind effect Fukuoka System Design Invoice Approval INV-2026-8009 1,876,206 yen two xum R4 Surgeon",/payroll-items,employee id | full name | name | amount | status | type | department,approve | awaiting_processing | unprocessed,Excel/spreadsheet | Notepad/text | Word/document,word_assisted,0.9625332216803845
pi,expense_reimbursement,ses_20260701-190250-NEELA9BAF::3,ses_20260701-190250-NEELA9BAF,"財務会計システム = Financial accounting system | aあ A☆ = aa A☆ | 率 = rate | 財務 = finance | 財務会計システム = Financial accounting system | 2026年度·経理部門 = Fiscal Year 2026 - Accounting Department | 佐 = Sa | 財務会計業務 = Financial accounting operations | 東京電子工業株式会社 = Tokyo Electronics Industry Co., Ltd. | 請求書承認INV-2026-8004 = Invoice Approval INV-2026-8004 | ● ダッシュボード = ● Dashboard | 沖縄物流センター = Okinawa Logistics Center | 請求書承認INV-2026-8005 = Invoice Approval INV-2026-8005 | 301,223円 = 301,223 yen | 調整 = adjustment | 未処理 = Unprocessed | 請求書承認・経費精 = Invoice Approval and Expense Settlement | 算 = calculation | 福岡システム設計 = Fukuoka System Design | 請求書承認INV-2026-8006 = Invoice Approval INV-2026-8006 | 1,903,641円 = 1,903,641 yen | 調整 = adjustment | 未処理 = Unprocessed | ●経費承認（管理職） = ● Expense approval (management) | 関西物流サービス = Kansai Logistics Service | 請求書承認INV-2026-8007 = Invoice Approval INV-2026-8007 | 3,272,432円 = 3,272,432 yen | 調整 = adjustment | 未処理 = Unprocessed | ● 支払処理 = ● Payment Processing | 東京電子工業株式会社 = Tokyo Electronics Industry Co., Ltd. | 請求書承認INV-2026-8008 = Invoice Approval INV-2026-8008 | 588,515円 = 588,515 yen | 調整 = adjustment | 未処理 = Unprocessed | 予算差異分析 = Budget variance analysis | 福岡システム設計 = Fukuoka System Design | 請求書承認INV-2026-8009 = Invoice Approval INV-2026-8009 | 1,876,206円 = 1,876,206 yen | 定常 = Steady state | 未処理 = Unprocessed | ● 発注管理 = ● Order Management | 詳細—P6-07046967-003·北陸部品工業株式会社 = Details—P6-07046967-003 · Hokuriku Parts Industry Co., Ltd. | 未処理 = Unprocessed | 管理ID = Management ID | 社員ID = Employee ID | 区分 = classification | 請求書承認INV-2026-8000 = Invoice Approval INV-2026-8000 | 種別 = type | 定常 = Steady state | 金額 = Amount | 380,199円 = 380,199 yen | ステータス = status | 未処理 = Unprocessed | 参照：発注番号照合：INV-2026-8000 = Reference: Order number verification: INV-2026-8000 | 処理コメント = Processing comments | 処理内容・確認コメントを入力してください… = Please enter the processing details and confirmation comments... | √ 承認 = √ Approval | Ⅱ保留 = Ⅱ pending","Financial accounting system aa A☆ rate finance Financial accounting system Fiscal Year 2026 - Accounting Department Sa Financial accounting operations Tokyo Electronics Industry Co., Ltd. Invoice Approval INV-2026-8004 ● Dashboard Okinawa Logistics Center Invoice Approval INV-2026-8005 301,223 yen adjustment Unprocessed Invoice Approval and Expense Settlement calculation Fukuoka System Design Invoice Approval INV-2026-8006 1,903,641 yen adjustment Unprocessed ● Expense approval (management) Kansai Logistics Service Invoice Approval INV-2026-8007 3,272,432 yen adjustment Unprocessed ● Payment Processing Tokyo Electronics Industry Co., Ltd. Invoice Approval INV-2026-8008 588,515 yen adjustment Unprocessed Budget variance analysis Fukuoka System Design Invoice Approval INV-2026-8009 1,876,206 yen Steady state Unprocessed ● Order Management Details—P6-07046967-003 · Hokuriku Parts Industry Co., Ltd. Unprocessed Management ID Employee ID classification Invoice Approval INV-2026-8000 type Steady state Amount 380,199 yen status Unprocessed Reference: Order number verification: INV-2026-8000 Processing comments Please enter the processing details and confirmation comments... √ Approval Ⅱ pending",/payroll-items,employee id | amount | status | processing comment | type | department,approve | unprocessed,Notepad/text | Word/document,word_assisted,0.9580175473794832
pi,expense_reimbursement,ses_20260701-190250-NEELA9BAF::4,ses_20260701-190250-NEELA9BAF,"財務会計システム = Financial accounting system | aあ A☆ = aa A☆ | 率 = rate | 財務 = finance | 財務会計システム = Financial accounting system | 2026年度·経理部門 = Fiscal Year 2026 - Accounting Department | 佐 = Sa | 財務会計業務 = Financial accounting operations | 東京電子工業株式会社 = Tokyo Electronics Industry Co., Ltd. | 請求書承認INV-2026-8004 = Invoice Approval INV-2026-8004 | ● ダッシュボード = ● Dashboard | 沖縄物流センター = Okinawa Logistics Center | 請求書承認INV-2026-8005 = Invoice Approval INV-2026-8005 | 301,223円 = 301,223 yen | 調整 = adjustment | 未処理 = Unprocessed | 請求書承認・経費精 = Invoice Approval and Expense Settlement | 算 = calculation | 福岡システム設計 = Fukuoka System Design | 請求書承認INV-2026-8006 = Invoice Approval INV-2026-8006 | 1,903,641円 = 1,903,641 yen | 調整 = adjustment | 未処理 = Unprocessed | 経費承認（管理職） = Expense approval (management) | 関西物流サービス = Kansai Logistics Service | 請求書承認INV-2026-8007 = Invoice Approval INV-2026-8007 | 3,272,432円 = 3,272,432 yen | 調整 = adjustment | 未処理 = Unprocessed | ● 支払処理 = ● Payment Processing | 東京電子工業株式会社 = Tokyo Electronics Industry Co., Ltd. | 請求書承認INV-2026-8008 = Invoice Approval INV-2026-8008 | 588,515円 = 588,515 yen | 調整 = adjustment | 未処理 = Unprocessed | 予算差異分析 = Budget variance analysis | 福岡システム設計 = Fukuoka System Design | 請求書承認INV-2026-8009 = Invoice Approval INV-2026-8009 | 1,876,206円 = 1,876,206 yen | 定常 = Steady state | 未処理 = Unprocessed | ● 発注管理 = ● Order Management | 詳細P6-07046967-004·グローバルテック合同会社 = Details P6-07046967-004 · Global Tech LLC | 未処理 = Unprocessed | 管理ID = Management ID | 社員ID = Employee ID | 区分 = classification | 請求書承認INV-2026-8001 = Invoice Approval INV-2026-8001 | 種別 = type | 定常 = Steady state | 金額 = Amount | 784,303円 = 784,303 yen | ステータス = status | 未処理 = Unprocessed | 参照：発注番号照合：INV-2026-8001 = Reference: Order number verification: INV-2026-8001 | 処理コメント = Processing comments | 請求書照合完了。INV-2026-8001 = Invoice verification completed. INV-2026-8001 | 金額：784,303円。差異なし承認。 = Amount: 784,303 yen. Approved with no discrepancies. | √ 承認 = √ Approval | Ⅱ保留 = Ⅱ pending","Financial accounting system aa A☆ rate finance Financial accounting system Fiscal Year 2026 - Accounting Department Sa Financial accounting operations Tokyo Electronics Industry Co., Ltd. Invoice Approval INV-2026-8004 ● Dashboard Okinawa Logistics Center Invoice Approval INV-2026-8005 301,223 yen adjustment Unprocessed Invoice Approval and Expense Settlement calculation Fukuoka System Design Invoice Approval INV-2026-8006 1,903,641 yen adjustment Unprocessed Expense approval (management) Kansai Logistics Service Invoice Approval INV-2026-8007 3,272,432 yen adjustment Unprocessed ● Payment Processing Tokyo Electronics Industry Co., Ltd. Invoice Approval INV-2026-8008 588,515 yen adjustment Unprocessed Budget variance analysis Fukuoka System Design Invoice Approval INV-2026-8009 1,876,206 yen Steady state Unprocessed ● Order Management Details P6-07046967-004 · Global Tech LLC Unprocessed Management ID Employee ID classification Invoice Approval INV-2026-8001 type Steady state Amount 784,303 yen status Unprocessed Reference: Order number verification: INV-2026-8001 Processing comments Invoice verification completed. INV-2026-8001 Amount: 784,303 yen. Approved with no discrepancies. √ Approval Ⅱ pending",/payroll-items,employee id | amount | status | processing comment | type | department,approve | unprocessed,Notepad/text | Word/document,word_assisted,0.9662307841437203
pi,expense_reimbursement,ses_20260701-190250-NEELA9BAF::5,ses_20260701-190250-NEELA9BAF,"財務会計システム = Financial accounting system | aあ A☆ = aa A☆ | 率 = rate | 財務 = finance | 財務会計システム = Financial accounting system | 2026年度·経理部門 = Fiscal Year 2026 - Accounting Department | 佐 = Sa | 財務会計業務 = Financial accounting operations | 東京電子工業株式会社 = Tokyo Electronics Industry Co., Ltd. | 請求書承認INV-2026-8004 = Invoice Approval INV-2026-8004 | ● ダッシュボード = ● Dashboard | 沖縄物流センター = Okinawa Logistics Center | 請求書承認INV-2026-8005 = Invoice Approval INV-2026-8005 | 301,223円 = 301,223 yen | 調整 = adjustment | 未処理 = Unprocessed | 請求書承認・経費精 = Invoice Approval and Expense Settlement | 算 = calculation | 福岡システム設計 = Fukuoka System Design | 請求書承認INV-2026-8006 = Invoice Approval INV-2026-8006 | 1,903,641円 = 1,903,641 yen | 調整 = adjustment | 未処理 = Unprocessed | ●経費承認（管理職） = ● Expense approval (management) | 関西物流サービス = Kansai Logistics Service | 請求書承認INV-2026-8007 = Invoice Approval INV-2026-8007 | 3,272,432円 = 3,272,432 yen | 調整 = adjustment | 未処理 = Unprocessed | ● 支払処理 = ● Payment Processing | 東京電子工業株式会社 = Tokyo Electronics Industry Co., Ltd. | 請求書承認INV-2026-8008 = Invoice Approval INV-2026-8008 | 588,515円 = 588,515 yen | 調整 = adjustment | 未処理 = Unprocessed | 予算差異分析 = Budget variance analysis | 福岡システム設計 = Fukuoka System Design | 請求書承認INV-2026-8009 = Invoice Approval INV-2026-8009 | 1,876,206円 = 1,876,206 yen | 定常 = Steady state | 未処理 = Unprocessed | ● 発注管理 = ● Order Management | 詳細 —P6-07046967-005·株式会社山田製作所 = Details — P6-07046967-005 · Yamada Manufacturing Co., Ltd. | 未処理 = Unprocessed | 管理ID = Management ID | 社員ID = Employee ID | 区分 = classification | 請求書承認INV-2026-8002 = Invoice Approval INV-2026-8002 | 種別 = type | 調整 = adjustment | 金額 = Amount | 363,706円 = 363,706 yen | ステータス = status | 未処理 = Unprocessed | 参照：発注番号照合：INV-2026-8002 = Reference: Order number verification: INV-2026-8002 | 処理コメント = Processing comments | 処理内容・確認コメントを入力してください… = Please enter the processing details and confirmation comments... | √ 承認 = √ Approval | Ⅱ保留 = Ⅱ pending","Financial accounting system aa A☆ rate finance Financial accounting system Fiscal Year 2026 - Accounting Department Sa Financial accounting operations Tokyo Electronics Industry Co., Ltd. Invoice Approval INV-2026-8004 ● Dashboard Okinawa Logistics Center Invoice Approval INV-2026-8005 301,223 yen adjustment Unprocessed Invoice Approval and Expense Settlement calculation Fukuoka System Design Invoice Approval INV-2026-8006 1,903,641 yen adjustment Unprocessed ● Expense approval (management) Kansai Logistics Service Invoice Approval INV-2026-8007 3,272,432 yen adjustment Unprocessed ● Payment Processing Tokyo Electronics Industry Co., Ltd. Invoice Approval INV-2026-8008 588,515 yen adjustment Unprocessed Budget variance analysis Fukuoka System Design Invoice Approval INV-2026-8009 1,876,206 yen Steady state Unprocessed ● Order Management Details — P6-07046967-005 · Yamada Manufacturing Co., Ltd. Unprocessed Management ID Employee ID classification Invoice Approval INV-2026-8002 type adjustment Amount 363,706 yen status Unprocessed Reference: Order number verification: INV-2026-8002 Processing comments Please enter the processing details and confirmation comments... √ Approval Ⅱ pending",/payroll-items,employee id | amount | status | processing comment | type | department,approve | unprocessed,Notepad/text | Word/document,word_assisted,0.9578301798511337
pi,expense_reimbursement,ses_20260701-190250-NEELA9BAF::7,ses_20260701-190250-NEELA9BAF,"財務会計システム = Financial accounting system | aあA = aaA | 率 = rate | 財務 = finance | 財務会計システム = Financial accounting system | 2026年度·経理部門 = Fiscal Year 2026 - Accounting Department | 佐 = Sa | 財務会計業務 = Financial accounting operations | 東京電子工業株式会社 = Tokyo Electronics Industry Co., Ltd. | 請求書承認 INV-2026-8004 = Invoice Approval INV-2026-8004 | ● ダッシュボード = ● Dashboard | 沖縄物流センター = Okinawa Logistics Center | 請求書承認INV-2026-8005 = Invoice Approval INV-2026-8005 | 301,223円 = 301,223 yen | 調整 = adjustment | 未処理 = Unprocessed | 請求書承認・経費精 = Invoice Approval and Expense Settlement | 算 = calculation | 福岡システム設計 = Fukuoka System Design | 請求書承認INV-2026-8006 = Invoice Approval INV-2026-8006 | 1,903,641円 = 1,903,641 yen | 調整 = adjustment | 未処理 = Unprocessed | 経費承認（管理職） = Expense approval (management) | 関西物流サービス = Kansai Logistics Service | 請求書承認INV-2026-8007 = Invoice Approval INV-2026-8007 | 3,272,432円 = 3,272,432 yen | 調整 = adjustment | 未処理 = Unprocessed | ● 支払処理 = ● Payment Processing | 東京電子工業株式会社 = Tokyo Electronics Industry Co., Ltd. | 請求書承認INV-2026-8008 = Invoice Approval INV-2026-8008 | 588,515円 = 588,515 yen | 調整 = adjustment | 未処理 = Unprocessed | 予算差異分析 = Budget variance analysis | 福岡システム設計 = Fukuoka System Design | 請求書承認INV-2026-8009 = Invoice Approval INV-2026-8009 | 1,876,206円 = 1,876,206 yen | 定常 = Steady state | 未処理 = Unprocessed | ● 発注管理 = ● Order Management | 詳細—P6-07046967-007·東京電子工業株式会社 = Details—P6-07046967-007 · Tokyo Electronics Industry Co., Ltd. | 未処理 = Unprocessed | 管理ID = Management ID | 社員ID = Employee ID | 区分 = classification | 請求書承認INV-2026-8004 = Invoice Approval INV-2026-8004 | 種別 = type | 定常 = Steady state | 金額 = Amount | 525,797円 = 525,797 yen | ステータス = status | 未処理 = Unprocessed | 参照：発注番号照合：INV-2026-8004 = Reference: Order number verification: INV-2026-8004 | 処理コメント = Processing comments | 処理内容・確認コメントを入力してください… = Please enter the processing details and confirmation comments... | √ 承認 = √ Approval | Ⅱ保留 = Ⅱ pending","Financial accounting system aaA rate finance Financial accounting system Fiscal Year 2026 - Accounting Department Sa Financial accounting operations Tokyo Electronics Industry Co., Ltd. Invoice Approval INV-2026-8004 ● Dashboard Okinawa Logistics Center Invoice Approval INV-2026-8005 301,223 yen adjustment Unprocessed Invoice Approval and Expense Settlement calculation Fukuoka System Design Invoice Approval INV-2026-8006 1,903,641 yen adjustment Unprocessed Expense approval (management) Kansai Logistics Service Invoice Approval INV-2026-8007 3,272,432 yen adjustment Unprocessed ● Payment Processing Tokyo Electronics Industry Co., Ltd. Invoice Approval INV-2026-8008 588,515 yen adjustment Unprocessed Budget variance analysis Fukuoka System Design Invoice Approval INV-2026-8009 1,876,206 yen Steady state Unprocessed ● Order Management Details—P6-07046967-007 · Tokyo Electronics Industry Co., Ltd. Unprocessed Management ID Employee ID classification Invoice Approval INV-2026-8004 type Steady state Amount 525,797 yen status Unprocessed Reference: Order number verification: INV-2026-8004 Processing comments Please enter the processing details and confirmation comments... √ Approval Ⅱ pending",/payroll-items,employee id | amount | status | processing comment | type | department,approve | unprocessed,Notepad/text | Word/document,word_assisted,0.9615475240644518
pi,expense_reimbursement,ses_20260701-190250-NEELA9BAF::9,ses_20260701-190250-NEELA9BAF,"財務会計システム = Financial accounting system | aあ A☆ = aa A☆ | 串 = skewer | 財務 = finance | 財務会計システム = Financial accounting system | 2026年度·経理部門 = Fiscal Year 2026 - Accounting Department | 佐 = Sa | 財務会計業務 = Financial accounting operations | ダッシュボードノ請求書承認・経費精算 = Dashboard Invoice Approval/Expense Reimbursement | ● ダッシュボード = ● Dashboard | 請求書承認・経費精算 = Invoice approval and expense reimbursement | 請求書承認・経費精 = Invoice Approval and Expense Settlement | 12件·4件未処理 = 12 items, 4 items unprocessed | 算 = calculation | 処理待ち一覧 = List of items awaiting processing | ● 経費承認(管理職) = ● Expense approval (management) | 支払処理 = Payment processing | 社員ID = Employee ID | 氏名 = full name | 区分 = classification | 金額 = Amount | 種別 = type | ステータス = status | 予算差異分析 = Budget variance analysis | 東京電子工業株式会社 = Tokyo Electronics Industry Co., Ltd. | 請求書承認INV-2026-7998 = Invoice Approval INV-2026-7998 | 536,841円 = 536,841 yen | 定常 = Steady state | 登録済み = Registered | ● 発注管理 = ● Order Management | 関西物流サービス = Kansai Logistics Service | 請求書承認INV-2026-7999 = Invoice Approval INV-2026-7999 | 2,691,742円 = 2,691,742 yen | 定常 = Steady state | 登録済み = Registered | 北陸部品工業株式会社 = Hokuriku Parts Industry Co., Ltd. | 請求書承認INV-2026-8000 = Invoice Approval INV-2026-8000 | 380,199円 = 380,199 yen | 定常 = Steady state | 登録済み = Registered | グローバルテック合同会社 = Global Tech LLC | 請求書承認INV-2026-8001 = Invoice Approval INV-2026-8001 | 784,303円 = 784,303 yen | 定常 = Steady state | 登録済み = Registered | 株式会社山田製作所 = Yamada Manufacturing Co., Ltd. | 請求書承認INV-2026-8002 = Invoice Approval INV-2026-8002 | 363,706円 = 363,706 yen | 調整 = adjustment | 登録済み = Registered | 株式会社山田製作所 = Yamada Manufacturing Co., Ltd. | 請求書承認INV-2026-8003 = Invoice Approval INV-2026-8003 | 422,043円 = 422,043 yen | 調整 = adjustment | 登録済み = Registered | 東京電子工業株式会社 = Tokyo Electronics Industry Co., Ltd. | 請求書承認INV-2026-8004 = Invoice Approval INV-2026-8004 | 525,797円 = 525,797 yen | 定常 = Steady state | 登録済み = Registered | 沖縄物流センター = Okinawa Logistics Center | 請求書承認INV-2026-8005","Financial accounting system aa A☆ skewer finance Financial accounting system Fiscal Year 2026 - Accounting Department Sa Financial accounting operations Dashboard Invoice Approval/Expense Reimbursement ● Dashboard Invoice approval and expense reimbursement Invoice Approval and Expense Settlement 12 items, 4 items unprocessed calculation List of items awaiting processing ● Expense approval (management) Payment processing Employee ID full name classification Amount type status Budget variance analysis Tokyo Electronics Industry Co., Ltd. Invoice Approval INV-2026-7998 536,841 yen Steady state Registered ● Order Management Kansai Logistics Service Invoice Approval INV-2026-7999 2,691,742 yen Steady state Registered Hokuriku Parts Industry Co., Ltd. Invoice Approval INV-2026-8000 380,199 yen Steady state Registered Global Tech LLC Invoice Approval INV-2026-8001 784,303 yen Steady state Registered Yamada Manufacturing Co., Ltd. Invoice Approval INV-2026-8002 363,706 yen adjustment Registered Yamada Manufacturing Co., Ltd. Invoice Approval INV-2026-8003 422,043 yen adjustment Registered Tokyo Electronics Industry Co., Ltd. Invoice Approval INV-2026-8004 525,797 yen Steady state Registered Okinawa Logistics Center Invoice Approval INV-2026-8005 301,223 yen adjustment Registered Fukuoka System Design Invoice Approval INV-2026-8006 1,903,641 yen adjustment Unprocessed Kansai Logistics Service Invoice Approval INV-2026-8007 3,272,432 yen adjustment Unprocessed Tokyo Electronics Industry Co., Ltd. Invoice Approval INV-2026-8008 588,515 yen adjustment Unprocessed Steady-state tivateWind Fukuoka System Design Invoice Approval INV-2026-8009 1,876,206 yen
HR (Human Resources and Payroll) System aa A☆ skewer human resources HR (Human Resources and Payroll) System FY2026・Human Resources Department Field Human resources operations Takuya Aoki Salary increase 8,634 yen ● Dashboard Asuka Kono Change in dependent deduction Steady state Unprocessed Expense reimbursement and payroll chang",/payroll-items,employee id | full name | name | amount | status | processing comment | category | type | department | resident tax | attendance,approve | hold | awaiting_processing | unprocessed,Notepad/text | Word/document,word_assisted,0.9688687008090995
pi,expense_reimbursement,ses_20260701-190250-NEELA9BAF::11,ses_20260701-190250-NEELA9BAF,"HR人事給与システム = HR (Human Resources and Payroll) System | aあ A☆ = aa A☆ | 串 = skewer | 人事 = human resources | HR人事給与システム = HR (Human Resources and Payroll) System | 2026年度·人事部門 = FY2026・Human Resources Department | 田 = Field | 人事業務 = Human resources operations | ダッシュボード／経費精算・給与変更 = Dashboard / Expense Reimbursement &amp; Payroll Changes | ● ダッシュボード = ● Dashboard | 経費精算·給与変更 = Expense reimbursement and payroll changes | 経費精算・給与変更 = Expense reimbursement and payroll changes | 24件·22件未処理 = 24 items - 22 items unprocessed | ● 勤怠・休暇申請 = ● Attendance and leave application | 処理待ち一覧 = List of items awaiting processing | ● 入社手続き = ● Onboarding procedures | 社員ID = Employee ID | 氏名 = full name | 区分 = classification | 金額 = Amount | 種別 = type | ステータス = status | ●福利厚生申請 = ● Application for employee benefits | 清水祥平 = Shohei Shimizu | 研修費 = Training expenses | 25,213円 = 25,213 yen | 定常 = Steady state | 登録済み = Registered | ● 住民税・その他 = ● Resident tax and other taxes | 清水祥平 = Shohei Shimizu | 交通費精算 = Transportation expense settlement | 24,395円 = 24,395 yen | 定常 = Steady state | 登録済み = Registered | 島田奈々 = Nana Shimada | 消耗品費 = Consumables cost | 6,543円 = 6,543 yen | 定常 = Steady state | 未処理 = Unprocessed | 菊池理恵 = Rie Kikuchi | 消耗品費 = Consumables cost | 8,691円 = 8,691 yen | 定常 = Steady state | 未処理 = Unprocessed | 菊池理恵 = Rie Kikuchi | 接待交際費 = Entertainment expenses | 98,018円 = 98,018 yen | 調整 = adjustment | 未処理 = Unprocessed | 遠山健一 = Kenichi Toyama | 消耗品費 = Consumables cost | 17,558円 = 17,558 yen | 定常 = Steady state | 未処理 = Unprocessed | 青木拓也 = Takuya Aoki | 研修費 = Training expenses | 33,374円 = 33,374 yen | 定常 = Steady state | 未処理 = Unprocessed | 菊池理恵 = Rie Kikuchi | 出張旅費 = Business trip expenses | 62,810円 = 62,810 yen | 定常 = Steady state | 未処理 = Unprocessed | 菊池理恵 = Rie Kikuchi | 出張旅費 = Business trip expenses | 51,895円 = 51,895 yen | 定常 = Steady state | 未処理 = Unprocessed | 島田奈々 = Nana Shimada | 接待交際費 = Entertainment expenses | 118,189円 = 118,189 yen | 調整 = adjustment | 未処理 = Unprocessed | 上野","HR (Human Resources and Payroll) System aa A☆ skewer human resources HR (Human Resources and Payroll) System FY2026・Human Resources Department Field Human resources operations Dashboard / Expense Reimbursement &amp; Payroll Changes ● Dashboard Expense reimbursement and payroll changes Expense reimbursement and payroll changes 24 items - 22 items unprocessed ● Attendance and leave application List of items awaiting processing ● Onboarding procedures Employee ID full name classification Amount type status ● Application for employee benefits Shohei Shimizu Training expenses 25,213 yen Steady state Registered ● Resident tax and other taxes Shohei Shimizu Transportation expense settlement 24,395 yen Steady state Registered Nana Shimada Consumables cost 6,543 yen Steady state Unprocessed Rie Kikuchi Consumables cost 8,691 yen Steady state Unprocessed Rie Kikuchi Entertainment expenses 98,018 yen adjustment Unprocessed Kenichi Toyama Consumables cost 17,558 yen Steady state Unprocessed Takuya Aoki Training expenses 33,374 yen Steady state Unprocessed Rie Kikuchi Business trip expenses 62,810 yen Steady state Unprocessed Rie Kikuchi Business trip expenses 51,895 yen Steady state Unprocessed Nana Shimada Entertainment expenses 118,189 yen adjustment Unprocessed Daiki Ueno Training expenses 55,571 yen Steady state Unprocessed Daiki Ueno Consumables cost 10,712 yen Steady state Yuji Sakamoto Overtime pay adjustment 11,563 yen adjustment Unprocessed
HR (Human Resources and Payroll) System aa A☆ skewer human resources HR (Human Resources and Payroll) System FY2026・Human Resources Department Field Human resources operations Takuya Aoki Salary increase 8,634 yen ● Dashboard Asuka Kono Change in dependent deduction Steady state Unprocessed Expense reimbursement and payroll changes Kenichi Toyama Abolition of position allowances 16,424 yen Steady state Unprocessed ● Attendance and leave application ● Onboarding procedures Sakura Eguchi Abolition of position allowances 16,424 yen Ste",/payroll-items,employee id | full name | name | amount | status | processing comment | category | type | department | resident tax | attendance,approve | hold | awaiting_processing | unprocessed,Notepad/text | Word/document,word_assisted,0.9680132304703948
pi,expense_reimbursement,ses_20260701-190250-NEELA9BAF::12,ses_20260701-190250-NEELA9BAF,"→三 = →Three | 区 = Ward | 区 = Ward | 区 = Ward | 区 = Ward | 請求書照合完了。INV-2026-7506 金額：3,037,210円... = Invoice verification complete. INV-2026-7506 Amount: ¥3,037,210... | 請求書照合完了。INV-2026-7506 = Invoice verification completed. INV-2026-7506 | 金額：3,037,210円。差異あり要確 = Amount: 3,037,210 yen. There may be discrepancies; confirmation is required. | 概要 = overview | 定額取引先リスト = List of fixed-rate clients | 認。月次定額取引先一覧 = Approval. Monthly fixed-rate client list | 照合手順 = Verification procedure | 概要 = overview | 毎月定額で請求が発生する取引先の一覧。請求書承認時の金額照合に使用する。 = A list of clients for whom a fixed monthly invoice is issued. This list is used to verify amounts when approving invoices. | 定額取引先リスト = List of fixed-rate clients | No.1株式会社山田製作所製造委託費月額385,000円 = No. 1 Yamada Manufacturing Co., Ltd.: Monthly manufacturing outsourcing fee of 385,000 yen | No.2 大和商事株式会社 原材料仕入 月額1,240,000円 = No. 2 Yamato Shoji Co., Ltd. Raw material procurement: 1,240,000 yen per month | No.3 東京電子工業株式会社保守費月額562,800円 = No. 3 Tokyo Electronics Industry Co., Ltd. Monthly maintenance fee: 562,800 yen | No.4グローバルテック合同会社 SaaS利用料月額745,000円 = No. 4 Global Tech LLC: SaaS usage fee 745,000 yen per month | No.5 北陸電子部品 部品供給 月額420,000円 = No. 5 Hokuriku Electronic Components: Parts supply, Monthly fee: 420,000 yen | 照合手順 = Verification procedure | 受領した請求書のINV番号・金額・取引先名をこの一覧と照合すること。差異がある場合 = Please compare the INV number, amount, and customer name of the received invoice with this list. If there are any discrepancies, | は要確認として保留する。 = This will be put on hold for further confirmation. | 围 = cape | 十 = ten
財務会計システム = Financial accounting system | aあA = aaA | 率 = rate | 財務 = finance | 財務会計システム = Financial accounting system | 2026年度·経理部門 = Fiscal Year 2026 - Accounting Department | 佐 = Sa | 財務会計業務 = Financial accounting operations | ● ダッシュボード = ● Dashboard | 請求書承認・経費精 = Invoice Approval and Expense Settlement | 算 = calculation | 経費承認（管理職） = Expense approval (management) | 支払処理 = Payment processing | 予算差異分析 = Budget variance analysis | 発注管","→Three Ward Ward Ward Ward Invoice verification complete. INV-2026-7506 Amount: ¥3,037,210... Invoice verification completed. INV-2026-7506 Amount: 3,037,210 yen. There may be discrepancies; confirmation is required. overview List of fixed-rate clients Approval. Monthly fixed-rate client list Verification procedure overview A list of clients for whom a fixed monthly invoice is issued. This list is used to verify amounts when approving invoices. List of fixed-rate clients No. 1 Yamada Manufacturing Co., Ltd.: Monthly manufacturing outsourcing fee of 385,000 yen No. 2 Yamato Shoji Co., Ltd. Raw material procurement: 1,240,000 yen per month No. 3 Tokyo Electronics Industry Co., Ltd. Monthly maintenance fee: 562,800 yen No. 4 Global Tech LLC: SaaS usage fee 745,000 yen per month No. 5 Hokuriku Electronic Components: Parts supply, Monthly fee: 420,000 yen Verification procedure Please compare the INV number, amount, and customer name of the received invoice with this list. If there are any discrepancies, This will be put on hold for further confirmation. cape ten
Financial accounting system aaA rate finance Financial accounting system Fiscal Year 2026 - Accounting Department Sa Financial accounting operations ● Dashboard Invoice Approval and Expense Settlement calculation Expense approval (management) Payment processing Budget variance analysis Order Management",/payroll-items,name | amount | department,approve | hold,Excel/spreadsheet | Notepad/text | Word/document,word_assisted,0.9243737250743878
pi,expense_reimbursement,ses_20260701-190250-NEELA9BAF::14,ses_20260701-190250-NEELA9BAF,"11AA三三Wrap Text = 11AA Sansan Wrap Text | 田 = Field | 凸 = Convex | B I U A 三三 三三Merge & Center = BIUA 三三 三三Merge &amp; Center | 区 = Ward | 区 = Ward | 区 = Ward | 区 = Ward | 請求番号 = Invoice number | 取引先 = Business partners | 費目 = Expense item | 求金額（円)上金額 （円）差異 （円) = Amount requested (yen) Amount above (yen) Difference (yen) | 備考 = remarks | 株式会社山田製製造委託費 = Manufacturing outsourcing fees for Yamada Manufacturing Co., Ltd. | 0 定額契約 = 0 Fixed-rate contract | 大和商事株式会原材料仕入 = Yamato Shoji Co., Ltd. Raw Material Procurement | 0定額契約 = 0 fixed-rate contract | 東京電子工業株保守費 = Tokyo Electronics Industry Co., Ltd. maintenance fee | 0定額契約 = 0 fixed-rate contract | グローバルテッSaaS利用料 = Global Tech SaaS Usage Fees | 0定額契約 = 0 fixed-rate contract | 北陸電子部品株部品供給費 = Hokuriku Electronic Components Co., Ltd. parts supply costs | 0 定額契約 = 0 Fixed-rate contract | 経費照合 = Expense reconciliation | 囲凹 = Concave surrounding area
田 = Field | BIU A 三 三 ≡ Merge & Center = BIU A 三三 ≡ Merge &amp; Center | 区 = Ward | 区 = Ward | 区 = Ward | 区 = Ward | 請求番号 = Invoice number | 取引先 = Business partners | 費目 = Expense item | 青求金額 （円)上金額 (円）差異 （円) = Blue amount (yen) Above amount (yen) Difference (yen) | 備考 = remarks | 株式会社山田製製造委託費 = Manufacturing outsourcing fees for Yamada Manufacturing Co., Ltd. | 0 定額契約 = 0 Fixed-rate contract | 大和商事株式会原材料仕入 = Yamato Shoji Co., Ltd. Raw Material Procurement | 0定額契約 = 0 fixed-rate contract | 東京電子工業株保守費 = Tokyo Electronics Industry Co., Ltd. maintenance fee | 0定額契約 = 0 fixed-rate contract | グローバルテッSaaS利用料 = Global Tech SaaS Usage Fees | 0定額契約 = 0 fixed-rate contract | 北陸電子部品株部品供給費 = Hokuriku Electronic Components Co., Ltd. parts supply costs | 0 定額契約 = 0 Fixed-rate contract | 経費照合 = Expense reconciliation | 囲 巴 -+ 100% = Encircle 巴 -+ 100%
財務会計システム = Financial accounting system | aあA = aaA | 率 = rate | 財務 = finance | 財務会計システム = Financial accounting system | 2026年度·経理部門 = Fiscal Year 2026 - Accounting Department | 佐 = Sa | 財務会計業務 = Financial accounting operations | ● ダッシュボード = ● Dash","11AA Sansan Wrap Text Field Convex BIUA 三三 三三Merge &amp; Center Ward Ward Ward Ward Invoice number Business partners Expense item Amount requested (yen) Amount above (yen) Difference (yen) remarks Manufacturing outsourcing fees for Yamada Manufacturing Co., Ltd. 0 Fixed-rate contract Yamato Shoji Co., Ltd. Raw Material Procurement 0 fixed-rate contract Tokyo Electronics Industry Co., Ltd. maintenance fee 0 fixed-rate contract Global Tech SaaS Usage Fees 0 fixed-rate contract Hokuriku Electronic Components Co., Ltd. parts supply costs 0 Fixed-rate contract Expense reconciliation Concave surrounding area
Field BIU A 三三 ≡ Merge &amp; Center Ward Ward Ward Ward Invoice number Business partners Expense item Blue amount (yen) Above amount (yen) Difference (yen) remarks Manufacturing outsourcing fees for Yamada Manufacturing Co., Ltd. 0 Fixed-rate contract Yamato Shoji Co., Ltd. Raw Material Procurement 0 fixed-rate contract Tokyo Electronics Industry Co., Ltd. maintenance fee 0 fixed-rate contract Global Tech SaaS Usage Fees 0 fixed-rate contract Hokuriku Electronic Components Co., Ltd. parts supply costs 0 Fixed-rate contract Expense reconciliation Encircle 巴 -+ 100%
Financial accounting system aaA rate finance Financial accounting system Fiscal Year 2026 - Accounting Department Sa Financial accounting operations ● Dashboard Invoice Approval and Expense Settlement calculation Expense approval (management) Payment processing Budget variance analysis Order Management",/payroll-items,amount | department,approve,Excel/spreadsheet | Notepad/text | Word/document,word_assisted,0.9351379882633225
pi,expense_reimbursement,ses_20260701-190250-NEELA9BAF::16,ses_20260701-190250-NEELA9BAF,"HR人事給与システム = HR (Human Resources and Payroll) System | aあA = aaA | 率 = rate | 人事 = human resources | HR人事給与システム = HR (Human Resources and Payroll) System | 2026年度·人事部門 = FY2026・Human Resources Department | 田 = Field | 人事業務 = Human resources operations | 菊池理恵 = Rie Kikuchi | 出張旅費 = Business trip expenses | 62,810円 = 62,810 yen | ● ダッシュボード = ● Dashboard | 菊池理恵 = Rie Kikuchi | 出張旅費 = Business trip expenses | 51.895円 = 51,895 yen | 北市 = Kita City | 経費精算・給与変更 = Expense reimbursement and payroll changes | 島田奈々 = Nana Shimada | 接待交際費 = Entertainment expenses | 118,189円 = 118,189 yen | 調怪 = Tokai | 未処理 = Unprocessed | 勤怠・休暇申請 = Attendance and leave application | 上野大樹 = Daiki Ueno | 研修費 = Training expenses | 55,571円 = 55,571 yen | 定常 = Steady state | 未処理 = Unprocessed | ● 入社手続き = ● Onboarding procedures | 上野大樹 = Daiki Ueno | 消耗品費 = Consumables cost | 10,712円 = 10,712 yen | 定常 = Steady state | 未处理 = unresolved | ●福利厚生申請 = ● Application for employee benefits | ● 住民税・その他 = ● Resident tax and other taxes | 坂本裕二 = Yuji Sakamoto | 残業手当調整 = Overtime pay adjustment | 11,563円 = 11,563 yen | 未处理 = unresolved | 石田美奈 = Ishida Mina | 役職手当新設 = New position-based allowance established. | 25,158円 = 25,158 yen | 定常 = Steady state | 未处理 = unresolved | 江口さくら = Sakura Eguchi | 扶養控除変更 = Change in dependent deduction | 定常 = Steady state | 未処理 = Unprocessed | 河野明日香 = Asuka Kono | 异給 = alienation | 8,634円 = 8,634 yen | 定常 = Steady state | 未処理 = Unprocessed | 桐島凉介 = Ryosuke Kirishima | 扶養控除変更 = Change in dependent deduction | 定常 = Steady state | 未处理 = unresolved | 遠山健一 = Kenichi Toyama | 扶養控除変更 = Change in dependent deduction | 定常 = Steady state | 未处理 = unresolved | 青木拓也 = Takuya Aoki | 异給 = alienation | 8,634円 = 8,634 yen | 定常 = Steady state | 未処理 = Unprocessed | 河野明日香 = Asuka Kono | 扶養控除変更 = Change in dependent deduction | 定常 = Steady state | 未处理 = unresolved | 遠山健一 = Kenichi Toyama | 役職手当廃止 = Abolition of position allowances | 16,424円 = 16,424 yen | 定常 = Steady state | 未处理 = unresolved | 江口さくら = ","HR (Human Resources and Payroll) System aaA rate human resources HR (Human Resources and Payroll) System FY2026・Human Resources Department Field Human resources operations Rie Kikuchi Business trip expenses 62,810 yen ● Dashboard Rie Kikuchi Business trip expenses 51,895 yen Kita City Expense reimbursement and payroll changes Nana Shimada Entertainment expenses 118,189 yen Tokai Unprocessed Attendance and leave application Daiki Ueno Training expenses 55,571 yen Steady state Unprocessed ● Onboarding procedures Daiki Ueno Consumables cost 10,712 yen Steady state unresolved ● Application for employee benefits ● Resident tax and other taxes Yuji Sakamoto Overtime pay adjustment 11,563 yen unresolved Ishida Mina New position-based allowance established. 25,158 yen Steady state unresolved Sakura Eguchi Change in dependent deduction Steady state Unprocessed Asuka Kono alienation 8,634 yen Steady state Unprocessed Ryosuke Kirishima Change in dependent deduction Steady state unresolved Kenichi Toyama Change in dependent deduction Steady state unresolved Takuya Aoki alienation 8,634 yen Steady state Unprocessed Asuka Kono Change in dependent deduction Steady state unresolved Kenichi Toyama Abolition of position allowances 16,424 yen Steady state unresolved Sakura Eguchi Abolition of position allowances 16,424 yen Steady state Unprocessed Asuka Kono Salary increase 8,634 yen Steady state Unprocessed Ayako Takeuchi New position-based allowance established. 25,158 yen Steady state P1-07046967-006: Registration confirmed.",/payroll-items,department | resident tax | attendance,unprocessed,Notepad/text | Word/document,word_assisted,0.9510148041364219
pi,expense_reimbursement,ses_20260701-190250-NEELA9BAF::17,ses_20260701-190250-NEELA9BAF,"HR人事給与システム = HR (Human Resources and Payroll) System | aあ A☆ = aa A☆ | 串 = skewer | 人事 = human resources | HR人事給与システム = HR (Human Resources and Payroll) System | 2026年度·人事部門 = FY2026・Human Resources Department | 田 = Field | 人事業務 = Human resources operations | 青木拓也 = Takuya Aoki | 昇給 = Salary increase | 8,634円 = 8,634 yen | ● ダッシュボード = ● Dashboard | 河野明日香 = Asuka Kono | 扶養控除変更 = Change in dependent deduction | 定常 = Steady state | 未処理 = Unprocessed | 経費精算・給与変更 = Expense reimbursement and payroll changes | 遠山健一 = Kenichi Toyama | 役職手当廃止 = Abolition of position allowances | 16,424円 = 16,424 yen | 定常 = Steady state | 未処理 = Unprocessed | 勤怠・休暇申請 = Attendance and leave application | ● 入社手続き = ● Onboarding procedures | 江口さくら = Sakura Eguchi | 役職手当廃止 = Abolition of position allowances | 16,424円 = 16,424 yen | 定常 = Steady state | 未処理 = Unprocessed | ●福利厚生申請 = ● Application for employee benefits | 河野明日香 = Asuka Kono | 昇給 = Salary increase | 8,634円 = 8,634 yen | 定常 = Steady state | 未処理 = Unprocessed | ● 住民税・その他 = ● Resident tax and other taxes | 竹内彩子 = Ayako Takeuchi | 役職手当新設 = New position-based allowance established. | 25,158円 = 25,158 yen | 定常 = Steady state | 未処理 = Unprocessed | 詳細—P1-07046967-007·青木拓也 = Details—P1-07046967-007・Takuya Aoki | 未処理 = Unprocessed | 管理ID = Management ID | 社員ID = Employee ID | 区分 = classification | 研修費 = Training expenses | 種別 = type | 定常 = Steady state | 金額 = Amount | 33,374円 = 33,374 yen | ステータス = status | 未処理 = Unprocessed | 参照：申請者区分：regular 承認権限：部門長 = Reference: Applicant category: regular Approval authority: Department head | 処理コメント = Processing comments | 処理内容・確認コメントを入力してください… = Please enter the processing details and confirmation comments... | ✓ 登録確定 = ✓ Registration confirmed | ""保留 = &quot;on hold","HR (Human Resources and Payroll) System aa A☆ skewer human resources HR (Human Resources and Payroll) System FY2026・Human Resources Department Field Human resources operations Takuya Aoki Salary increase 8,634 yen ● Dashboard Asuka Kono Change in dependent deduction Steady state Unprocessed Expense reimbursement and payroll changes Kenichi Toyama Abolition of position allowances 16,424 yen Steady state Unprocessed Attendance and leave application ● Onboarding procedures Sakura Eguchi Abolition of position allowances 16,424 yen Steady state Unprocessed ● Application for employee benefits Asuka Kono Salary increase 8,634 yen Steady state Unprocessed ● Resident tax and other taxes Ayako Takeuchi New position-based allowance established. 25,158 yen Steady state Unprocessed Details—P1-07046967-007・Takuya Aoki Unprocessed Management ID Employee ID classification Training expenses type Steady state Amount 33,374 yen status Unprocessed Reference: Applicant category: regular Approval authority: Department head Processing comments Please enter the processing details and confirmation comments... ✓ Registration confirmed &quot;on hold",/payroll-items,employee id | amount | status | processing comment | category | type | department | resident tax | attendance,approve | hold | unprocessed,Notepad/text | Word/document,word_assisted,0.9631666761230339
pi,expense_reimbursement,ses_20260701-190250-NEELA9BAF::25,ses_20260701-190250-NEELA9BAF,"HR人事給与システム = HR (Human Resources and Payroll) System | aあ A☆ = aa A☆ | 串 = skewer | 人事 = human resources | HR人事給与システム = HR (Human Resources and Payroll) System | 2026年度·人事部門 = FY2026・Human Resources Department | 田 = Field | 人事業務 = Human resources operations | 清水祥平 = Shohei Shimizu | 研修費 = Training expenses | 25,213円 = 25,213 yen | ● ダッシュボード = ● Dashboard | 清水祥平 = Shohei Shimizu | 交通費精算 = Transportation expense settlement | 24,395円 = 24,395 yen | 定常 = Steady state | 登録済み = Registered | 経費精算・給与変更 = Expense reimbursement and payroll changes | 島田奈々 = Nana Shimada | 消耗品費 = Consumables cost | 6,543円 = 6,543 yen | 定常 = Steady state | 登録済み = Registered | ● 勤怠・休暇申請 = ● Attendance and leave application | ● 入社手続き = ● Onboarding procedures | 菊池理恵 = Rie Kikuchi | 消耗品費 = Consumables cost | 8,691円 = 8,691 yen | 定常 = Steady state | 登録済み = Registered | ●福利厚生申請 = ● Application for employee benefits | 菊池理恵 = Rie Kikuchi | 接待交際費 = Entertainment expenses | 98,018円 = 98,018 yen | 調整 = adjustment | 登録済み = Registered | ● 住民税・その他 = ● Resident tax and other taxes | 遠山健一 = Kenichi Toyama | 消耗品費 = Consumables cost | 17,558円 = 17,558 yen | 定常 = Steady state | 登録済み = Registered | 青木拓也 = Takuya Aoki | 研修費 = Training expenses | 33,374円 = 33,374 yen | 定常 = Steady state | 登録済み = Registered | 菊池理恵 = Rie Kikuchi | 出張旅費 = Business trip expenses | 62,810円 = 62,810 yen | 定常 = Steady state | 登録済み = Registered | 菊池 理恵 = Rie Kikuchi | 出張旅費 = Business trip expenses | 51,895円 = 51,895 yen | 定常 = Steady state | 未処理 = Unprocessed | 島田奈々 = Nana Shimada | 接待交際費 = Entertainment expenses | 118,189円 = 118,189 yen | 調整 = adjustment | 未処理 = Unprocessed | 上野大樹 = Daiki Ueno | 研修費 = Training expenses | 55,571円 = 55,571 yen | 定常 = Steady state | 未処理 = Unprocessed | 上野大樹 = Daiki Ueno | 消耗品費 = Consumables cost | 10,712円 = 10,712 yen | 定常 = Steady state | 未処理 = Unprocessed | 坂本裕二 = Yuji Sakamoto | 残業手当調整 = Overtime pay adjustment | 11,563円 = 11,563 yen | 調整 = adjustment | 未処理 = Unprocessed | 石田 美奈 = Mina Ishida | 役職手当新設 = Ne","HR (Human Resources and Payroll) System aa A☆ skewer human resources HR (Human Resources and Payroll) System FY2026・Human Resources Department Field Human resources operations Shohei Shimizu Training expenses 25,213 yen ● Dashboard Shohei Shimizu Transportation expense settlement 24,395 yen Steady state Registered Expense reimbursement and payroll changes Nana Shimada Consumables cost 6,543 yen Steady state Registered ● Attendance and leave application ● Onboarding procedures Rie Kikuchi Consumables cost 8,691 yen Steady state Registered ● Application for employee benefits Rie Kikuchi Entertainment expenses 98,018 yen adjustment Registered ● Resident tax and other taxes Kenichi Toyama Consumables cost 17,558 yen Steady state Registered Takuya Aoki Training expenses 33,374 yen Steady state Registered Rie Kikuchi Business trip expenses 62,810 yen Steady state Registered Rie Kikuchi Business trip expenses 51,895 yen Steady state Unprocessed Nana Shimada Entertainment expenses 118,189 yen adjustment Unprocessed Daiki Ueno Training expenses 55,571 yen Steady state Unprocessed Daiki Ueno Consumables cost 10,712 yen Steady state Unprocessed Yuji Sakamoto Overtime pay adjustment 11,563 yen adjustment Unprocessed Mina Ishida New position-based allowance established. 25,158 yen Steady state Unprocessed Sakura Eguchi Change in dependent deduction Steady state Unprocessed Asuka Kono Salary increase 8,634 yen Steady state Unprocessed Ryosuke Kirishima Change in dependent deduction Steady state Go to Setti and activate Windows. Kenichi Toyama Change in dependent deduction Steady state Unprocessed
HR (Human Resources and Payroll) System aa A☆ skewer human resources HR (Human Resources and Payroll) System FY2026・Human Resources Department Field Human resources operations Takuya Aoki Salary increase 8,634 yen ● Dashboard Asuka Kono Change in dependent deduction Steady state Unprocessed Expense reimbursement and payroll changes Kenichi Toyama Abolition of position allowances 16,424 y",/payroll-items,employee id | amount | status | processing comment | category | type | department | resident tax | attendance,approve | hold | unprocessed,Notepad/text | Word/document,word_assisted,0.9672151689968828
pi,expense_reimbursement,ses_20260701-190250-NEELA9BAF::28,ses_20260701-190250-NEELA9BAF,"精算確認メモ = Settlement confirmation memo | I 子 曰 田 A = I child says A | 曰 = He says | 精算確認メモ = Settlement confirmation memo | 経費精算確認済み。費目：研修費 金額：55,571円。規程内であることを確認した。 = Expense reimbursement confirmed. Expense item: Training expenses. Amount: 55,571 yen. Confirmed to be within regulations.","Settlement confirmation memo I child says A He says Settlement confirmation memo Expense reimbursement confirmed. Expense item: Training expenses. Amount: 55,571 yen. Confirmed to be within regulations.",/payroll-items,amount,,Notepad/text | Word/document,word_assisted,0.9556409150362015
pi,expense_reimbursement,ses_20260701-191537-LAPTOP-76QMG9DE::3,ses_20260701-191537-LAPTOP-76QMG9DE,"HR人事給与システム = HR (Human Resources and Payroll) System | HR人事給与システム = HR (Human Resources and Payroll) System | aあA""☆ = aaA&quot;☆ | #车 = #car | 人事 = human resources | HR人事給与システム = HR (Human Resources and Payroll) System | 2026年度·人事部門 = FY2026・Human Resources Department | 2026/07/0200:46:10 田中麻里·人事マネージャー = 2026/07/02 00:46:10 Mari Tanaka, Human Resources Manager | 田 = Field | 橋本さくら = Sakura Hashimoto | 経理部 = Accounting Department | 4 項目 = 4 items | 照合中 = Matching | 人事業務 = Human resources operations | 原田直樹 = Naoki Harada | 企画部 = Planning Department | 4項目 = 4 items | 照合中 = Matching | ダッシュボード = Dashboard | 森田明美 = Akemi Morita | 物流部 = Logistics department | 5項目 = 5 items | 照合中 = Matching | 経費精算·給与変更 = Expense reimbursement and payroll changes | 勤怠・休暇申請 = Attendance and leave application | 土田健太 = Kenta Tsuchida | 開発部 = Development Department | 5 項目 = 5 items | 照合中 = Matching | 入社手続き = Onboarding procedures | 土田健太 = Kenta Tsuchida | 人事部 = Human resources department | 5 項目 = 5 items | 照合中 = Matching | 福利厚生申請 = Employee benefits application | 住民税・その他 = Resident tax and other taxes | 詳細一川口明美(E2285) = Details: Akemi Kawaguchi (E2285) | 照合中 = Matching | 管理ID = Management ID | 社員ID = Employee ID | 入社日 = Start date | 所属部署 = Department | 営業部 = Sales Department | 照合項目 = Matching items | マイナンバー = My Number | 雇用保険 = Employment insurance | 健康保険 = health insurance | 通勤手当 = Commuting allowance | 家族手当 = Family allowance | ステータス = status | 照合中 = Matching | 参照：採用区分：新卒家族持 = Reference: Recruitment Category: New Graduates with Families | 照合メモ = Verification Memo | 照合結果・特記事項を入力してください… = Please enter the matching results and any special notes... | 照合完了 = Verification completed | ■フラグ = ■ Flag | 自 = Self","HR (Human Resources and Payroll) System HR (Human Resources and Payroll) System aaA&quot;☆ #car human resources HR (Human Resources and Payroll) System FY2026・Human Resources Department 2026/07/02 00:46:10 Mari Tanaka, Human Resources Manager Field Sakura Hashimoto Accounting Department 4 items Matching Human resources operations Naoki Harada Planning Department 4 items Matching Dashboard Akemi Morita Logistics department 5 items Matching Expense reimbursement and payroll changes Attendance and leave application Kenta Tsuchida Development Department 5 items Matching Onboarding procedures Kenta Tsuchida Human resources department 5 items Matching Employee benefits application Resident tax and other taxes Details: Akemi Kawaguchi (E2285) Matching Management ID Employee ID Start date Department Sales Department Matching items My Number Employment insurance health insurance Commuting allowance Family allowance status Matching Reference: Recruitment Category: New Graduates with Families Verification Memo Please enter the matching results and any special notes... Verification completed ■ Flag Self",/onboarding | /payroll-items,employee id | status | category | start date | department | my number | employment insurance | health insurance | commuting allowance | family allowance | resident tax | attendance,,Notepad/text | Word/document,word_assisted,0.9610031078691068
pi,expense_reimbursement,ses_20260701-191537-LAPTOP-76QMG9DE::4,ses_20260701-191537-LAPTOP-76QMG9DE,"HR人事給与システム = HR (Human Resources and Payroll) System | HR人事給与システム = HR (Human Resources and Payroll) System | 人事 = human resources | HR人事給与システム = HR (Human Resources and Payroll) System | 2026年度·人事部門 = FY2026・Human Resources Department | 2026/07/0200:46:34 田中麻里·人事マネージャー = 2026/07/02 00:46:34 Mari Tanaka, Human Resources Manager | 田 = Field | 人事業務 = Human resources operations | 南池理意 = Rie Minamiike | 国 = country | 民易国 = Min-yi country | ダッシュボード = Dashboard | 津田大 = Tsuda Dai | 出租品 = Exported items | 11384月 = 1138April | 三 = three | 経費精算·給与変更 = Expense reimbursement and payroll changes | 同野明日香 = Asuka Dono | 国 = country | 81217月 = 81217 month | 市易国） = city and country) | 勤怠·休暇申請 = Attendance and leave application | 田 = Field | 设童手当巨形 = Children&#39;s allowance giant | 2116月 = 2116 month | 入社手続き = Onboarding procedures | 福利厚生申請 = Employee benefits application | 当田亲 = Mr. Toda | 投蒙书眉图出 = Throwing book eyebrows | 8012月 = 80 December | 司 = Tsukasa | 市易国 = city and country | ● 住民税・その他 = ● Resident tax and other taxes | 回田也 = Kaitaya | 设童手当百形 = 100 types of childcare allowances | 同田 智也 = Tomoya Doda | 星 = star | 司 = Tsukasa | 品易星 = Good luck star | 上野大街 = Ueno Street | 传国世爸ラ星 = 传国world爸ラ星 | 南本阳也 = Yoya Minamimoto | 星 = star | 9493月 = 949March | 市易国 = city and country | 萄池理 = Osamu Suiike | H国色5E = H country color 5E | 竹内彩子 = Ayako Takeuchi | 星 = star | 9493月 = 949March | 司 = Tsukasa | 市易国 = city and country | 竹内君子 = Kimiko Takeuchi | 目 = eye | 运 = 运 | 防池理惠 = Rie Boike | 三 = three | 9493月 = 949March | 司 = Tsukasa | 市易国） = city and country) | 向画而介 = Mukaigajisuke | H国色aE = H country color aE | 当田亲 = Mr. Toda | 投藏书画后码 = Posting book painting | 21819日 = 21819 days | 司 = Tsukasa | 专型目 = Specialized item | P1-07089737-002:登原確定しまLた = P1-07089737-002: Nobuhara confirmed. | ☐ 目 = ☐ Eye","HR (Human Resources and Payroll) System HR (Human Resources and Payroll) System human resources HR (Human Resources and Payroll) System FY2026・Human Resources Department 2026/07/02 00:46:34 Mari Tanaka, Human Resources Manager Field Human resources operations Rie Minamiike country Min-yi country Dashboard Tsuda Dai Exported items 1138April three Expense reimbursement and payroll changes Asuka Dono country 81217 month city and country) Attendance and leave application Field Children&#39;s allowance giant 2116 month Onboarding procedures Employee benefits application Mr. Toda Throwing book eyebrows 80 December Tsukasa city and country ● Resident tax and other taxes Kaitaya 100 types of childcare allowances Tomoya Doda star Tsukasa Good luck star Ueno Street 传国world爸ラ星 Yoya Minamimoto star 949March city and country Osamu Suiike H country color 5E Ayako Takeuchi star 949March Tsukasa city and country Kimiko Takeuchi eye 运 Rie Boike three 949March Tsukasa city and country) Mukaigajisuke H country color aE Mr. Toda Posting book painting 21819 days Tsukasa Specialized item P1-07089737-002: Nobuhara confirmed. ☐ Eye",/payroll-items,type | department | resident tax | attendance,,Notepad/text | Word/document,word_assisted,0.6523812214924595
pi,expense_reimbursement,ses_20260701-191537-LAPTOP-76QMG9DE::6,ses_20260701-191537-LAPTOP-76QMG9DE,"精算確認メモ = Settlement confirmation memo | 田A = Field A | 精算確認メモ = Settlement confirmation memo | 経費精算確認済み。費目：出張旅費 = Expense reimbursement confirmed. Expense category: Business trip expenses | 金額：50,639円。規程内であることを確認した。 = Amount: 50,639 yen. Confirmed to be within the regulations. | 首 = neck
HR人事給与システム = HR (Human Resources and Payroll) System | HR人事給与システム = HR (Human Resources and Payroll) System | aあA☆ = aaA☆ | 人事 = human resources | HR人事給与システム = HR (Human Resources and Payroll) System | 2026年度·人事部門 = FY2026・Human Resources Department | 2026/07/02 00:47:58 田中麻里·人事マネージャー = 2026/07/02 00:47:58 Mari Tanaka, Human Resources Manager | 田 = Field | 菊池理思 = Risa Kikuchi | 接待交際賣 = entertainment and entertainment | 115,812円 = 115,812 yen | 調整 = adjustment | 未処理 = Unprocessed | 人事業務 = Human resources operations | 坂本裕二 = Yuji Sakamoto | 研修費 = Training expenses | 37,418円 = 37,418 yen | 定常 = Steady state | 未処理 = Unprocessed | ダッシュボード = Dashboard | 菊池理恵 = Rie Kikuchi | 接待交際費 = Entertainment expenses | 76,286円 = 76,286 yen | 調整 = adjustment | 未処理 = Unprocessed | 経費精算·給与変更 = Expense reimbursement and payroll changes | 勤怠・休暇申請 = Attendance and leave application | 津田将太 = Shota Tsuda | 出張旅費 = Business trip expenses | 73,384円 = 73,384 yen | 定常 = Steady state | 未処理 = Unprocessed | 入社手続き = Onboarding procedures | 河野明日香 = Asuka Kono | 接待交際費 = Entertainment expenses | 81,217円 = 81,217 yen | 調整 = adjustment | 未処理 = Unprocessed | 福利厚生申請 = Employee benefits application | 島田奈々 = Nana Shimada | 役職手当新設 = New position-based allowance established. | 21,819円 = 21,819 yen | 定常 = Steady state | 登録済み = Registered | 住民税・その他 = Resident tax and other taxes | 島田奈々 = Nana Shimada | 役職手当廃止 = Abolition of position allowances | 8,012円 = 8,012 yen | 定常 = Steady state | 登録済み = Registered | 岡田智也 = Tomoya Okada | 役職手当新設 = New position-based allowance established. | 21,819円 = 21,819 yen | 定常 = Steady state | 登録済み = Registered | 岡田智也 = Tomoya Okada | 昇給 = Salary increase | 9,193円 = 9,193 yen | 定常 = Steady state | 未処理 =","Settlement confirmation memo Field A Settlement confirmation memo Expense reimbursement confirmed. Expense category: Business trip expenses Amount: 50,639 yen. Confirmed to be within the regulations. neck
HR (Human Resources and Payroll) System HR (Human Resources and Payroll) System aaA☆ human resources HR (Human Resources and Payroll) System FY2026・Human Resources Department 2026/07/02 00:47:58 Mari Tanaka, Human Resources Manager Field Risa Kikuchi entertainment and entertainment 115,812 yen adjustment Unprocessed Human resources operations Yuji Sakamoto Training expenses 37,418 yen Steady state Unprocessed Dashboard Rie Kikuchi Entertainment expenses 76,286 yen adjustment Unprocessed Expense reimbursement and payroll changes Attendance and leave application Shota Tsuda Business trip expenses 73,384 yen Steady state Unprocessed Onboarding procedures Asuka Kono Entertainment expenses 81,217 yen adjustment Unprocessed Employee benefits application Nana Shimada New position-based allowance established. 21,819 yen Steady state Registered Resident tax and other taxes Nana Shimada Abolition of position allowances 8,012 yen Steady state Registered Tomoya Okada New position-based allowance established. 21,819 yen Steady state Registered Tomoya Okada Salary increase 9,193 yen Steady state Unprocessed Daiki Ueno Change in dependent deduction Steady state Unprocessed Takuya Aoki Salary increase 9,193 yen Steady state Unprocessed Rie Kikuchi Change in dependent deduction Steady state Unprocessed Ayako Takeuchi Salary increase 9,193 yen Steady state Unprocessed Ayako Takeuchi Salary increase 9,193 yen Steady state Unprocessed Rie Kikuchi Salary increase 9,193 yen Steady state Unprocessed Ryosuke Kirishima Change in dependent deduction Steady state Unprocessed Nana Torita New position-based allowance established. 21,819 yen Steady state Unprocessed Self",/payroll-items,amount | category | department | resident tax | attendance,unprocessed,Notepad/text | Word/document,word_assisted,0.9351701042552789
pi,expense_reimbursement,ses_20260701-191537-LAPTOP-76QMG9DE::16,ses_20260701-191537-LAPTOP-76QMG9DE,"HR人事給与システム = HR (Human Resources and Payroll) System | HR人事給与システム = HR (Human Resources and Payroll) System | a肺A☆ = a lung A☆ | |车 = |Car | 人事 = human resources | HR人事給与システム = HR (Human Resources and Payroll) System | 2026年度·人事部門 = FY2026・Human Resources Department | 2026/07/02 00:50:18 田中麻里·人事マネージャー = 2026/07/02 00:50:18 Mari Tanaka, Human Resources Manager | 田 = Field | 人事業務 = Human resources operations | 竹内彩子 = Ayako Takeuchi | 昇給 = Salary increase | 9,193円 = 9,193 yen | 定常 = Steady state | 未処理 = Unprocessed | ダッシュボード = Dashboard | 菊池理恵 = Rie Kikuchi | 昇給 = Salary increase | 9,193円 = 9,193 yen | 定常 = Steady state | 未処理 = Unprocessed | 経費精算·給与変更 = Expense reimbursement and payroll changes | 桐島涼介 = Ryosuke Kirishima | 扶養控除変更 = Change in dependent deduction | 定常 = Steady state | 未処理 = Unprocessed | 勤怠・休暇申請 = Attendance and leave application | 入社手続き = Onboarding procedures | 島田奈々 = Nana Shimada | 役職手当新設 = New position-based allowance established. | 21,819円 = 21,819 yen | 定常 = Steady state | 未処理 = Unprocessed | 福利厚生申請 = Employee benefits application | 詳細—P4-07089737-006·青木拓也 = Details—P4-07089737-006・Takuya Aoki | 住民税・その他 = Resident tax and other taxes | 未処理 = Unprocessed | 管理ID = Management ID | 社員ID = Employee ID | 区分 = classification | 昇給 = Salary increase | 種別 = type | 定常 = Steady state | 金額 = Amount | 9,193円 = 9,193 yen | ステータス = status | 未処理 = Unprocessed | 参照：変更種別：昇給 遡及：なし = Reference: Change type: Salary increase Retroactive: None | 処理コメント = Processing comments | 処理内容・確認コメントを入力してください… = Please enter the processing details and confirmation comments... | ✓ 登録確定 = ✓ Registration confirmed | 保留 = on hold | 自 = Self","HR (Human Resources and Payroll) System HR (Human Resources and Payroll) System a lung A☆ |Car human resources HR (Human Resources and Payroll) System FY2026・Human Resources Department 2026/07/02 00:50:18 Mari Tanaka, Human Resources Manager Field Human resources operations Ayako Takeuchi Salary increase 9,193 yen Steady state Unprocessed Dashboard Rie Kikuchi Salary increase 9,193 yen Steady state Unprocessed Expense reimbursement and payroll changes Ryosuke Kirishima Change in dependent deduction Steady state Unprocessed Attendance and leave application Onboarding procedures Nana Shimada New position-based allowance established. 21,819 yen Steady state Unprocessed Employee benefits application Details—P4-07089737-006・Takuya Aoki Resident tax and other taxes Unprocessed Management ID Employee ID classification Salary increase type Steady state Amount 9,193 yen status Unprocessed Reference: Change type: Salary increase Retroactive: None Processing comments Please enter the processing details and confirmation comments... ✓ Registration confirmed on hold Self",/payroll-items,employee id | amount | status | processing comment | type | department | resident tax | attendance,hold | unprocessed,Notepad/text | Word/document,word_assisted,0.956998024135828
pi,expense_reimbursement,ses_20260701-191537-LAPTOP-76QMG9DE::19,ses_20260701-191537-LAPTOP-76QMG9DE,"HR人事給与システム = HR (Human Resources and Payroll) System | HR人事給与システム = HR (Human Resources and Payroll) System | a肺A☆ = a lung A☆ | |车 = |Car | 人事 = human resources | HR人事給与システム = HR (Human Resources and Payroll) System | 2026年度·人事部門 = FY2026・Human Resources Department | 2026/07/02 00:50:31 田中麻里·人事マネージャー = 2026/07/02 00:50:31 Mari Tanaka, Human Resources Manager | 田 = Field | 人事業務 = Human resources operations | 竹内彩子 = Ayako Takeuchi | 昇給 = Salary increase | 9,193円 = 9,193 yen | 定常 = Steady state | 未処理 = Unprocessed | ダッシュボード = Dashboard | 菊池理恵 = Rie Kikuchi | 昇給 = Salary increase | 9,193円 = 9,193 yen | 定常 = Steady state | 未処理 = Unprocessed | 経費精算·給与変更 = Expense reimbursement and payroll changes | 桐島涼介 = Ryosuke Kirishima | 扶養控除変更 = Change in dependent deduction | 定常 = Steady state | 未処理 = Unprocessed | 勤怠・休暇申請 = Attendance and leave application | 入社手続き = Onboarding procedures | 島田奈々 = Nana Shimada | 役職手当新設 = New position-based allowance established. | 21,819円 = 21,819 yen | 定常 = Steady state | 未処理 = Unprocessed | 福利厚生申請 = Employee benefits application | 詳細—P4-07089737-007·菊池理恵 = Details—P4-07089737-007 · Rie Kikuchi | 住民税・その他 = Resident tax and other taxes | 未処理 = Unprocessed | 管理ID = Management ID | 社員ID = Employee ID | 区分 = classification | 扶養控除変更 = Change in dependent deduction | 種別 = type | 定常 = Steady state | 金額 = Amount | 対象外 = Not applicable | ステータス = status | 未処理 = Unprocessed | 参照：変更種別：扶養控除変更遡及：なし = Reference: Change type: Dependent deduction change Retroactive: None | 処理コメント = Processing comments | 処理内容・確認コメントを入力してください… = Please enter the processing details and confirmation comments... | ✓ 登録確定 = ✓ Registration confirmed | 保留 = on hold | 自 = Self
HR人事給与システム = HR (Human Resources and Payroll) System | HR人事給与システム = HR (Human Resources and Payroll) System | aあA☆ = aaA☆ | 人事 = human resources | HR人事給与システム = HR (Human Resources and Payroll) System | 2026年度·人事部門 = FY2026・Human Resources Department | 2026/07/02 00:50:38 田中麻里·人事マネージャー = 2026/07/02 00:50:38 Mari Tanak","HR (Human Resources and Payroll) System HR (Human Resources and Payroll) System a lung A☆ |Car human resources HR (Human Resources and Payroll) System FY2026・Human Resources Department 2026/07/02 00:50:31 Mari Tanaka, Human Resources Manager Field Human resources operations Ayako Takeuchi Salary increase 9,193 yen Steady state Unprocessed Dashboard Rie Kikuchi Salary increase 9,193 yen Steady state Unprocessed Expense reimbursement and payroll changes Ryosuke Kirishima Change in dependent deduction Steady state Unprocessed Attendance and leave application Onboarding procedures Nana Shimada New position-based allowance established. 21,819 yen Steady state Unprocessed Employee benefits application Details—P4-07089737-007 · Rie Kikuchi Resident tax and other taxes Unprocessed Management ID Employee ID classification Change in dependent deduction type Steady state Amount Not applicable status Unprocessed Reference: Change type: Dependent deduction change Retroactive: None Processing comments Please enter the processing details and confirmation comments... ✓ Registration confirmed on hold Self
HR (Human Resources and Payroll) System HR (Human Resources and Payroll) System aaA☆ human resources HR (Human Resources and Payroll) System FY2026・Human Resources Department 2026/07/02 00:50:38 Mari Tanaka, Human Resources Manager Field Human resources operations Rie Kikuchi Entertainment expenses 76,286 yen adjustment Unprocessed Dashboard Shota Tsuda Business trip expenses 73,384 yen Steady state Unprocessed Expense reimbursement and payroll changes Asuka Kono Entertainment expenses 81,217 yen adjustment Unprocessed Attendance and leave application Nana Shimada New position-based allowance established. 21,819 yen Steady state Registered Onboarding procedures Employee benefits application Nana Shimada Abolition of position allowances 8,012 yen Steady state Registered Resident tax and other taxes Tomoya Okada New position-based allowance established. 21,819 yen Steady state Regist",/payroll-items,employee id | amount | status | processing comment | type | department | resident tax | attendance,hold | unprocessed,Notepad/text | Word/document,word_assisted,0.9660983164082555
pi,expense_reimbursement,ses_20260701-191537-LAPTOP-76QMG9DE::20,ses_20260701-191537-LAPTOP-76QMG9DE,"HR人事給与システム = HR (Human Resources and Payroll) System | HR人事給与システム = HR (Human Resources and Payroll) System | aあA☆ = aaA☆ | 人事 = human resources | HR人事給与システム = HR (Human Resources and Payroll) System | 2026年度·人事部門 = FY2026・Human Resources Department | 2026/07/0200:50:43 田中麻里·人事マネージャー = 2026/07/02 00:50:43 Mari Tanaka, Human Resources Manager | 田 = Field | 人事業務 = Human resources operations | 菊池理恵 = Rie Kikuchi | 接待交際費 = Entertainment expenses | 76,286円 = 76,286 yen | 调整 = Adjustment | 未処理 = Unprocessed | ダッシュボード = Dashboard | 津田 将太 = Shota Tsuda | 出張旅費 = Business trip expenses | 73,384円 = 73,384 yen | 定常 = Steady state | 未処理 = Unprocessed | 経費精算·給与変更 = Expense reimbursement and payroll changes | 河野明日香 = Asuka Kono | 接待交際費 = Entertainment expenses | 81,217円 = 81,217 yen | 调整 = Adjustment | 未処理 = Unprocessed | 勤怠・休暇申請 = Attendance and leave application | 島田奈々 = Nana Shimada | 役職手当新設 = New position-based allowance established. | 21,819円 = 21,819 yen | 定常 = Steady state | 登録済み = Registered | 入社手続き = Onboarding procedures | 福利厚生申請 = Employee benefits application | 島田奈々 = Nana Shimada | 役職手当鹿止 = Position allowance | 8,012円 = 8,012 yen | 定常 = Steady state | 登録済み = Registered | ● 住民税・その他 = ● Resident tax and other taxes | 岡田智也 = Tomoya Okada | 役職手当新設 = New position-based allowance established. | 21,819円 = 21,819 yen | 定常 = Steady state | 登録済み = Registered | 岡田智也 = Tomoya Okada | 异給 = alienation | 9,193円 = 9,193 yen | 定常 = Steady state | 登錄済み = Registered | 上野大樹 = Daiki Ueno | 扶簧控除変更 = Change in dependent deduction | 定常 = Steady state | 登録済み = Registered | 青木拓也 = Takuya Aoki | 异給 = alienation | 9,193円 = 9,193 yen | 定常 = Steady state | 登錄済み = Registered | 菊池理恵 = Rie Kikuchi | 扶簧控除変更 = Change in dependent deduction | 定常 = Steady state | 登録済み = Registered | 竹内彩子 = Ayako Takeuchi | 异給 = alienation | 9,193円 = 9,193 yen | 定常 = Steady state | 登錄済み = Registered | 竹内彩子 = Ayako Takeuchi | 异給 = alienation | 9,193円 = 9,193 yen | 定常 = Steady state | 未処理 = Unprocessed | 菊池理恵 = Rie Kikuchi ","HR (Human Resources and Payroll) System HR (Human Resources and Payroll) System aaA☆ human resources HR (Human Resources and Payroll) System FY2026・Human Resources Department 2026/07/02 00:50:43 Mari Tanaka, Human Resources Manager Field Human resources operations Rie Kikuchi Entertainment expenses 76,286 yen Adjustment Unprocessed Dashboard Shota Tsuda Business trip expenses 73,384 yen Steady state Unprocessed Expense reimbursement and payroll changes Asuka Kono Entertainment expenses 81,217 yen Adjustment Unprocessed Attendance and leave application Nana Shimada New position-based allowance established. 21,819 yen Steady state Registered Onboarding procedures Employee benefits application Nana Shimada Position allowance 8,012 yen Steady state Registered ● Resident tax and other taxes Tomoya Okada New position-based allowance established. 21,819 yen Steady state Registered Tomoya Okada alienation 9,193 yen Steady state Registered Daiki Ueno Change in dependent deduction Steady state Registered Takuya Aoki alienation 9,193 yen Steady state Registered Rie Kikuchi Change in dependent deduction Steady state Registered Ayako Takeuchi alienation 9,193 yen Steady state Registered Ayako Takeuchi alienation 9,193 yen Steady state Unprocessed Rie Kikuchi alienation 9,193 yen Steady state Unprocessed Ryosuke Kirishima Change in dependent deduction Steady state Unprocessed Nana Shimada New position-based allowance established. 21,819 yen Steady state Unprocessed P4-07089737-008: Registration confirmed. Self
HR (Human Resources and Payroll) System HR (Human Resources and Payroll) System aaA☆ human resources HR (Human Resources and Payroll) System FY2026・Human Resources Department 2026/07/02 00:50:49 Mari Tanaka, Human Resources Manager Field Human resources operations Rie Kikuchi Entertainment expenses 76,286 yen adjustment Unprocessed Dashboard Shota Tsuda Business trip expenses 73,384 yen Steady state Unprocessed Expense reimbursement and payroll changes Asuka Kono Entertainm",/payroll-items,department | resident tax | attendance,unprocessed,Notepad/text | Word/document,word_assisted,0.9662217255567775
pi,expense_reimbursement,ses_20260701-191537-LAPTOP-76QMG9DE::21,ses_20260701-191537-LAPTOP-76QMG9DE,"HR人事給与システム = HR (Human Resources and Payroll) System | HR人事給与システム = HR (Human Resources and Payroll) System | aあA☆ = aaA☆ | 人事 = human resources | HR人事給与システム = HR (Human Resources and Payroll) System | 2026年度·人事部門 = FY2026・Human Resources Department | 2026/07/02 00:51:00 田中麻里·人事マネージャー = 2026/07/02 00:51:00 Mari Tanaka, Human Resources Manager | 田 = Field | 人事業務 = Human resources operations | 竹内彩子 = Ayako Takeuchi | 昇給 = Salary increase | 9,193円 = 9,193 yen | 定常 = Steady state | 登録済み = Registered | ダッシュボード = Dashboard | 菊池理恵 = Rie Kikuchi | 昇給 = Salary increase | 9,193円 = 9,193 yen | 定常 = Steady state | 未処理 = Unprocessed | 経費精算·給与変更 = Expense reimbursement and payroll changes | 勤怠·休暇申請 = Attendance and leave application | 桐島凉介 = Ryosuke Kirishima | 扶養控除変更 = Change in dependent deduction | 定常 = Steady state | 未処理 = Unprocessed | 入社手続き = Onboarding procedures | 島田奈々 = Nana Shimada | 役職手当新設 = New position-based allowance established. | 21,819円 = 21,819 yen | 定常 = Steady state | 未処理 = Unprocessed | 福利厚生申請 = Employee benefits application | 詳細—P4-07089737-010·菊池理恵 = Details—P4-07089737-010 · Rie Kikuchi | 住民税・その他 = Resident tax and other taxes | 未処理 = Unprocessed | 管理ID = Management ID | 社員ID = Employee ID | 区分 = classification | 昇給 = Salary increase | 種別 = type | 定常 = Steady state | 金額 = Amount | 9,193円 = 9,193 yen | ステータス = status | 未処理 = Unprocessed | 参照：変更種別：昇給 遡及：なし = Reference: Change type: Salary increase Retroactive: None | 処理コメント = Processing comments | 処理内容・確認コメントを入力してください… = Please enter the processing details and confirmation comments... | ✓ 登録確定 = ✓ Registration confirmed | 保留 = on hold | 自 = Self | 小 = small
HR人事給与システム = HR (Human Resources and Payroll) System | HR人事給与システム = HR (Human Resources and Payroll) System | aあA☆ = aaA☆ | 人事 = human resources | HR人事給与システム = HR (Human Resources and Payroll) System | 2026年度·人事部門 = FY2026・Human Resources Department | 2026/07/02 00:51:10 田中麻里·人事マネージャー = 2026/07/02 00:51:10 Mari Tanaka, Human Resources Manager | 田 = Field ","HR (Human Resources and Payroll) System HR (Human Resources and Payroll) System aaA☆ human resources HR (Human Resources and Payroll) System FY2026・Human Resources Department 2026/07/02 00:51:00 Mari Tanaka, Human Resources Manager Field Human resources operations Ayako Takeuchi Salary increase 9,193 yen Steady state Registered Dashboard Rie Kikuchi Salary increase 9,193 yen Steady state Unprocessed Expense reimbursement and payroll changes Attendance and leave application Ryosuke Kirishima Change in dependent deduction Steady state Unprocessed Onboarding procedures Nana Shimada New position-based allowance established. 21,819 yen Steady state Unprocessed Employee benefits application Details—P4-07089737-010 · Rie Kikuchi Resident tax and other taxes Unprocessed Management ID Employee ID classification Salary increase type Steady state Amount 9,193 yen status Unprocessed Reference: Change type: Salary increase Retroactive: None Processing comments Please enter the processing details and confirmation comments... ✓ Registration confirmed on hold Self small
HR (Human Resources and Payroll) System HR (Human Resources and Payroll) System aaA☆ human resources HR (Human Resources and Payroll) System FY2026・Human Resources Department 2026/07/02 00:51:10 Mari Tanaka, Human Resources Manager Field Human resources operations Ayako Takeuchi Salary increase 9,193 yen Steady state Registered Dashboard Rie Kikuchi Salary increase 9,193 yen Steady state Registered Expense reimbursement and payroll changes Attendance and leave application Ryosuke Kirishima Change in dependent deduction Steady state Unprocessed Onboarding procedures Nana Shimada New position-based allowance established. 21,819 yen Steady state Unprocessed Employee benefits application Details—P4-07089737-011 · Ryosuke Kirishima Resident tax and other taxes Unprocessed Management ID Employee ID classification Change in dependent deduction type Steady state Amount Not applicable status Unprocessed Reference: Change typ",/payroll-items,employee id | amount | status | processing comment | type | department | resident tax | attendance,hold | unprocessed,Notepad/text | Word/document,word_assisted,0.962188385684549
pi,expense_reimbursement,ses_20260701-191537-LAPTOP-76QMG9DE::22,ses_20260701-191537-LAPTOP-76QMG9DE,"HR人事給与システム = HR (Human Resources and Payroll) System | HR人事給与システム = HR (Human Resources and Payroll) System | aあA☆ = aaA☆ | 人事 = human resources | HR人事給与システム = HR (Human Resources and Payroll) System | 2026年度·人事部門 = FY2026・Human Resources Department | 2026/07/02 00:51:32 田中麻里·人事マネージャー = 2026/07/02 00:51:32 Mari Tanaka, Human Resources Manager | 田 = Field | 人事業務 = Human resources operations | 菊池理車 = Risha Kikuchi | 接待交際费 = entertainment and social expenses | 76,286円 = 76,286 yen | 調整 = adjustment | 未処理 = Unprocessed | ダッシュボード = Dashboard | 73,384円 = 73,384 yen | 定常 = Steady state | 未処理 = Unprocessed | 経費精算・給与変更 = Expense reimbursement and payroll changes | 81,217円 = 81,217 yen | 調整 = adjustment | 未処理 = Unprocessed | 勤怠・休暇申請 = Attendance and leave application | 21,819円 = 21,819 yen | 定常 = Steady state | 登録済み = Registered | 入社手続き = Onboarding procedures | 8,012円 = 8,012 yen | 定常 = Steady state | 福利厚生申請 = Employee benefits application | 登録済み = Registered | 住民税・その他 = Resident tax and other taxes | 21,819円 = 21,819 yen | 定常 = Steady state | 登録済み = Registered | 9,193円 = 9,193 yen | 定常 = Steady state | 登録済み = Registered | 定常 = Steady state | 登録済み = Registered | 9,193円 = 9,193 yen | 定常 = Steady state | 登録済み = Registered | 定常 = Steady state | 登録済み = Registered | 9,193円 = 9,193 yen | 定常 = Steady state | 登録済み = Registered | 9,193円 = 9,193 yen | 定常 = Steady state | 登録済み = Registered | 9,193円 = 9,193 yen | 定常 = Steady state | 登録済み = Registered | 桐岛凉介 = Ryosuke Kirishima | 扶展控除友更 = Futen deduction tomosara | 定常 = Steady state | 登録済み = Registered | 島田奈々 = Nana Shimada | 役職手当新設 = New position-based allowance established. | 21,819円 = 21,819 yen | 定常 = Steady state | 登録済み = Registered","HR (Human Resources and Payroll) System HR (Human Resources and Payroll) System aaA☆ human resources HR (Human Resources and Payroll) System FY2026・Human Resources Department 2026/07/02 00:51:32 Mari Tanaka, Human Resources Manager Field Human resources operations Risha Kikuchi entertainment and social expenses 76,286 yen adjustment Unprocessed Dashboard 73,384 yen Steady state Unprocessed Expense reimbursement and payroll changes 81,217 yen adjustment Unprocessed Attendance and leave application 21,819 yen Steady state Registered Onboarding procedures 8,012 yen Steady state Employee benefits application Registered Resident tax and other taxes 21,819 yen Steady state Registered 9,193 yen Steady state Registered Steady state Registered 9,193 yen Steady state Registered Steady state Registered 9,193 yen Steady state Registered 9,193 yen Steady state Registered 9,193 yen Steady state Registered Ryosuke Kirishima Futen deduction tomosara Steady state Registered Nana Shimada New position-based allowance established. 21,819 yen Steady state Registered",/payroll-items,department | resident tax | attendance,unprocessed,Notepad/text | Word/document,word_assisted,0.9808269904719459
pi,expense_reimbursement,ses_20260701-192455-NEELA9BAF::4,ses_20260701-192455-NEELA9BAF,"HR人事給与システム = HR (Human Resources and Payroll) System | aあ A☆ = aa A☆ | 人事 = human resources | HR人事給与システム = HR (Human Resources and Payroll) System | 2026年度·人事部門 = FY2026・Human Resources Department | 田 = Field | 白不几口点 = Shirofuringuchi point | 人事業務 = Human resources operations | 河野明日香 = Asuka Kono | 消耗品費 = Consumables cost | 22,045円 = 22,045 yen | ● ダッシュボード = ● Dashboard | 菊池理恵 = Rie Kikuchi | 出張旅費 = Business trip expenses | 26,271円 = 26,271 yen | 定常 = Steady state | 未処理 = Unprocessed | 経費精算・給与変更 = Expense reimbursement and payroll changes | 島田奈々 = Nana Shimada | 研修費 = Training expenses | 26,156円 = 26,156 yen | 定常 = Steady state | 未処理 = Unprocessed | ● 勤怠・休暇申請 = ● Attendance and leave application | ● 入社手続き = ● Onboarding procedures | 江口さくら = Sakura Eguchi | 接待交際費 = Entertainment expenses | 87,288円 = 87,288 yen | 調整 = adjustment | 未処理 = Unprocessed | ●福利厚生申請 = ● Application for employee benefits | 島田奈々 = Nana Shimada | 接待交際費 = Entertainment expenses | 110,668円 = 110,668 yen | 調整 = adjustment | 未処理 = Unprocessed | ● 住民税・その他 = ● Resident tax and other taxes | 寺本真由 = Mayu Teramoto | 消耗品費 = Consumables cost | 10,830円 = 10,830 yen | 定常 = Steady state | 未処理 = Unprocessed | 河野明日香 = Asuka Kono | 接待交際費 = Entertainment expenses | 115,761円 = 115,761 yen | 調整 = adjustment | 未処理 = Unprocessed | 江口さくら = Sakura Eguchi | 交通費精算 = Transportation expense settlement | 13,691円 = 13,691 yen | 定常 = Steady state | 未処理 = Unprocessed | 青木拓也 = Takuya Aoki | 扶養控除変更 = Change in dependent deduction | 定常 = Steady state | 未処理 = Unprocessed | 岡田智也 = Tomoya Okada | 昇給 = Salary increase | 20,263円 = 20,263 yen | 定常 = Steady state | 未処理 = Unprocessed | 島田奈々 = Nana Shimada | 役職手当新設 = New position-based allowance established. | 47,909円 = 47,909 yen | 定常 = Steady state | 未処理 = Unprocessed | 江口さくら = Sakura Eguchi | 役職手当新設 = New position-based allowance established. | 47,909円 = 47,909 yen | 定常 = Steady state | 未処理 = Unprocessed | 岡田智也 = Tomoya Okada | 役職手当廃止 = Abolition of position allowances | 9,578円 = 9,578","HR (Human Resources and Payroll) System aa A☆ human resources HR (Human Resources and Payroll) System FY2026・Human Resources Department Field Shirofuringuchi point Human resources operations Asuka Kono Consumables cost 22,045 yen ● Dashboard Rie Kikuchi Business trip expenses 26,271 yen Steady state Unprocessed Expense reimbursement and payroll changes Nana Shimada Training expenses 26,156 yen Steady state Unprocessed ● Attendance and leave application ● Onboarding procedures Sakura Eguchi Entertainment expenses 87,288 yen adjustment Unprocessed ● Application for employee benefits Nana Shimada Entertainment expenses 110,668 yen adjustment Unprocessed ● Resident tax and other taxes Mayu Teramoto Consumables cost 10,830 yen Steady state Unprocessed Asuka Kono Entertainment expenses 115,761 yen adjustment Unprocessed Sakura Eguchi Transportation expense settlement 13,691 yen Steady state Unprocessed Takuya Aoki Change in dependent deduction Steady state Unprocessed Tomoya Okada Salary increase 20,263 yen Steady state Unprocessed Nana Shimada New position-based allowance established. 47,909 yen Steady state Unprocessed Sakura Eguchi New position-based allowance established. 47,909 yen Steady state Unprocessed Tomoya Okada Abolition of position allowances 9,578 yen Steady state Unprocessed Asuka Kono New position-based allowance established. 47,909 yen Steady state Unprocessed Ishida Mina Overtime pay adjustment 9,895 yen adjustment Unprocessed Sakura Eguchi Change in dependent deduction Steady state Unprocessed Ryosuke Kirishima New position-based allowance established. 47,909 yen Steady state White M large L Residual industrial base details
HR (Human Resources and Payroll) System aa A☆ human resources HR (Human Resources and Payroll) System FY2026・Human Resources Department Field Human resources operations Mina Ishida Overtime pay adjustment 9,895 yen ● Dashboard Sakura Eguchi Change in dependent deduction Steady state Unprocessed Expense reimbursement and payroll chan",,employee id | amount | status | processing comment | type | department | resident tax | attendance,hold | unprocessed,Notepad/text,notepad_assisted,0.9659945937450901
pi,expense_reimbursement,ses_20260701-192455-NEELA9BAF::5,ses_20260701-192455-NEELA9BAF,"HR人事給与システム = HR (Human Resources and Payroll) System | aあ A☆ = aa A☆ | 人事 = human resources | HR人事給与システム = HR (Human Resources and Payroll) System | 2026年度·人事部門 = FY2026・Human Resources Department | 田 = Field | 江口さくら = Sakura Eguchi | 接待交際費 = Entertainment expenses | 87,288円 = 87,288 yen | 人事業務 = Human resources operations | ● ダッシュボード = ● Dashboard | 島田奈々 = Nana Shimada | 接待交際費 = Entertainment expenses | 110,668円 = 110,668 yen | 経費精算・給与変更 = Expense reimbursement and payroll changes | 寺本 真由 = Mayu Teramoto | 消耗品費 = Consumables cost | 10,830円 = 10,830 yen | 定常 = Steady state | 未処理 = Unprocessed | ● 勤怠・休暇申請 = ● Attendance and leave application | 河野明日香 = Asuka Kono | 接待交際費 = Entertainment expenses | 115,761円 = 115,761 yen | 調整 = adjustment | 未処理 = Unprocessed | ● 入社手続き = ● Onboarding procedures | 江口さくら = Sakura Eguchi | 交通費精算 = Transportation expense settlement | 13,691円 = 13,691 yen | 定常 = Steady state | 未処理 = Unprocessed | ●福利厚生申請 = ● Application for employee benefits | 青木拓也 = Takuya Aoki | 扶養控除変更 = Change in dependent deduction | 定常 = Steady state | 登録済み = Registered | ● 住民税・その他 = ● Resident tax and other taxes | 岡田智也 = Tomoya Okada | 昇給 = Salary increase | 20,263円 = 20,263 yen | 定常 = Steady state | 登録済み = Registered | 島田奈々 = Nana Shimada | 役職手当新設 = New position-based allowance established. | 47,909円 = 47,909 yen | 定常 = Steady state | 未処理 = Unprocessed | 江口さくら = Sakura Eguchi | 役職手当新設 = New position-based allowance established. | 47,909円 = 47,909 yen | 定常 = Steady state | 未処理 = Unprocessed | 岡田智也 = Tomoya Okada | 役職手当廃止 = Abolition of position allowances | 9,578円 = 9,578 yen | 定常 = Steady state | 未処理 = Unprocessed | 河野明日香 = Asuka Kono | 役職手当新設 = New position-based allowance established. | 47,909円 = 47,909 yen | 定常 = Steady state | 未処理 = Unprocessed | 石田美奈 = Ishida Mina | 残業手当調整 = Overtime pay adjustment | 9,895円 = 9,895 yen | 調整 = adjustment | 未処理 = Unprocessed | 江口さくら = Sakura Eguchi | 扶養控除変更 = Change in dependent deduction | 定常 = Steady state | 未処理 = Unprocessed | ","HR (Human Resources and Payroll) System aa A☆ human resources HR (Human Resources and Payroll) System FY2026・Human Resources Department Field Sakura Eguchi Entertainment expenses 87,288 yen Human resources operations ● Dashboard Nana Shimada Entertainment expenses 110,668 yen Expense reimbursement and payroll changes Mayu Teramoto Consumables cost 10,830 yen Steady state Unprocessed ● Attendance and leave application Asuka Kono Entertainment expenses 115,761 yen adjustment Unprocessed ● Onboarding procedures Sakura Eguchi Transportation expense settlement 13,691 yen Steady state Unprocessed ● Application for employee benefits Takuya Aoki Change in dependent deduction Steady state Registered ● Resident tax and other taxes Tomoya Okada Salary increase 20,263 yen Steady state Registered Nana Shimada New position-based allowance established. 47,909 yen Steady state Unprocessed Sakura Eguchi New position-based allowance established. 47,909 yen Steady state Unprocessed Tomoya Okada Abolition of position allowances 9,578 yen Steady state Unprocessed Asuka Kono New position-based allowance established. 47,909 yen Steady state Unprocessed Ishida Mina Overtime pay adjustment 9,895 yen adjustment Unprocessed Sakura Eguchi Change in dependent deduction Steady state Unprocessed Ryosuke Kirishima New position-based allowance established. 47,909 yen Steady state Unprocessed Nana Shimada Overtime pay adjustment 9,895 yen adjustment Unprocessed Ayako Takeuchi Change in dependent deduction Steady state Unprocessed Daiki Ueno Overtime pay adjustment 9,895 yen adjustment",,department | resident tax | attendance,unprocessed,Notepad/text,notepad_assisted,0.9836210086941719
pi,expense_reimbursement,ses_20260701-192455-NEELA9BAF::12,ses_20260701-192455-NEELA9BAF,"財務会計システム = Financial accounting system | aあ A☆ = aa A☆ | 財務 = finance | 財務会計システム = Financial accounting system | 2026年度·経理部門 = Fiscal Year 2026 - Accounting Department | 佐 = Sa | 財務会計業務 = Financial accounting operations | ダッシュボードノ発注管理 = Dashboard Order Management | ● ダッシュボード = ● Dashboard | 発注管理 = Order Management | 12件 = 12 items | 請求書承認・経費精 = Invoice Approval and Expense Settlement | 算 = calculation | 一覧 = List | ● 経費承認（管理職) = ● Expense approval (management) | ● 支払処理 = ● Payment Processing | 社員ID = Employee ID | 氏名 = full name | 項目 = item | 金額 = Amount | ステータス = status | ● 予算差異分析 = ● Budget variance analysis | 関西物流サービス = Kansai Logistics Service | 発注管理 PO-2026-5156 = Order Management PO-2026-5156 | 完了 = completion | ● 発注管理 = ● Order Management | 東京電子工業株式会社 = Tokyo Electronics Industry Co., Ltd. | 発注管理PO-2026-5157 = Order Management PO-2026-5157 | 完了 = completion | 福岡システム設計 = Fukuoka System Design | 発注管理PO-2026-5158 = Order Management PO-2026-5158 | 完了 = completion | 北陸部品工業株式会社 = Hokuriku Parts Industry Co., Ltd. | 発注管理PO-2026-5159 = Order Management PO-2026-5159 | 未確認 = Unconfirmed | 東京電子工業株式会社 = Tokyo Electronics Industry Co., Ltd. | 発注管理 PO-2026-5160 = Order Management PO-2026-5160 | 未確認 = Unconfirmed | グローバルテック合同会社 = Global Tech LLC | 発注管理 PO-2026-5161 = Order Management PO-2026-5161 | 未確認 = Unconfirmed | 沖縄物流センター = Okinawa Logistics Center | 発注管理 PO-2026-5162 = Order Management PO-2026-5162 | 未確認 = Unconfirmed | 大和商事株式会社 = Yamato Shoji Co., Ltd. | 発注管理PO-2026-5163 = Order Management PO-2026-5163 | 未確認 = Unconfirmed | 株式会社山田製作所 = Yamada Manufacturing Co., Ltd. | 発注管理PO-2026-5164 = Order Management PO-2026-5164 | 未確認 = Unconfirmed | 関西物流サービス = Kansai Logistics Service | 発注管理PO-2026-5165 = Order Management PO-2026-5165 | 未確認 = Unconfirmed | 株式会社山田製作所⚠ = Yamada Manufacturing Co., Ltd. ⚠ | 発注管理PO-2026-5166 = Order Management PO-2026-5166 | 未確認 = Unconfirmed | 沖縄物流センター = Okinawa Logistics Center | 発注管理PO-2026-5167 = Order Management PO-2026-5167 | 二xum = two xum
財務会","Financial accounting system aa A☆ finance Financial accounting system Fiscal Year 2026 - Accounting Department Sa Financial accounting operations Dashboard Order Management ● Dashboard Order Management 12 items Invoice Approval and Expense Settlement calculation List ● Expense approval (management) ● Payment Processing Employee ID full name item Amount status ● Budget variance analysis Kansai Logistics Service Order Management PO-2026-5156 completion ● Order Management Tokyo Electronics Industry Co., Ltd. Order Management PO-2026-5157 completion Fukuoka System Design Order Management PO-2026-5158 completion Hokuriku Parts Industry Co., Ltd. Order Management PO-2026-5159 Unconfirmed Tokyo Electronics Industry Co., Ltd. Order Management PO-2026-5160 Unconfirmed Global Tech LLC Order Management PO-2026-5161 Unconfirmed Okinawa Logistics Center Order Management PO-2026-5162 Unconfirmed Yamato Shoji Co., Ltd. Order Management PO-2026-5163 Unconfirmed Yamada Manufacturing Co., Ltd. Order Management PO-2026-5164 Unconfirmed Kansai Logistics Service Order Management PO-2026-5165 Unconfirmed Yamada Manufacturing Co., Ltd. ⚠ Order Management PO-2026-5166 Unconfirmed Okinawa Logistics Center Order Management PO-2026-5167 two xum
Financial accounting system aa A☆ finance Financial accounting system Fiscal Year 2026 - Accounting Department Sa Financial accounting operations Dashboard / Order Management ● Dashboard Order Management 12 items Invoice Approval and Expense Settlement calculation List Expense approval (management) ● Payment Processing Budget variance analysis Order Management Fortune Okinawa Logistics Center Order Management PO-2026-5167
Financial accounting system aa A☆ finance Financial accounting system Fiscal Year 2026 - Accounting Department Sa Financial accounting operations Dashboard / Order Management ● Dashboard Order Management 12 items Invoice Approval and Expense Settlement calculation List Expense approval (management) ● Payment Processing Employee ID ful",,employee id | full name | name | amount | status | processing comment | category | type | department,approve | hold | unconfirmed | unprocessed,Notepad/text | Word/document,word_assisted,0.9638518177618567
pi,expense_reimbursement,ses_20260701-192455-NEELA9BAF::17,ses_20260701-192455-NEELA9BAF,"HR人事給与システム = HR (Human Resources and Payroll) System | aあ A☆ = aa A☆ | 人事 = human resources | HR人事給与システム = HR (Human Resources and Payroll) System | 2026年度·人事部門 = FY2026・Human Resources Department | 田 = Field | 人事業務 = Human resources operations | 石田美奈 = Ishida Mina | 残業手当調整 = Overtime pay adjustment | 9,895円 = 9,895 yen | ● ダッシュボード = ● Dashboard | 江口さくら = Sakura Eguchi | 扶養控除変更 = Change in dependent deduction | 定常 = Steady state | 未処理 = Unprocessed | 経費精算·給与変更 = Expense reimbursement and payroll changes | 桐島涼介 = Ryosuke Kirishima | 役職手当新設 = New position-based allowance established. | 47,909円 = 47,909 yen | 定常 = Steady state | 未処理 = Unprocessed | ●勤怠・休暇申請 = ● Attendance and leave application | ● 入社手続き = ● Onboarding procedures | 島田奈々 = Nana Shimada | 残業手当調整 = Overtime pay adjustment | 9,895円 = 9,895 yen | 調整 = adjustment | 未処理 = Unprocessed | ●福利厚生申請 = ● Application for employee benefits | 竹内彩子 = Ayako Takeuchi | 扶養控除変更 = Change in dependent deduction | 定常 = Steady state | 未処理 = Unprocessed | ● 住民税・その他 = ● Resident tax and other taxes | 上野大樹 = Daiki Ueno | 残業手当調整 = Overtime pay adjustment | 9,895円 = 9,895 yen | 調整 = adjustment | 未処理 = Unprocessed | 詳細—P1-07040532-002·島田 奈々 = Details—P1-07040532-002 · Nana Shimada | 未処理 = Unprocessed | 管理ID = Management ID | 社員ID = Employee ID | 区分 = classification | 交通費精算 = Transportation expense settlement | 種別 = type | 定常 = Steady state | 金額 = Amount | 17,019円 = 17,019 yen | ステータス = status | 未処理 = Unprocessed | 参照：申請者区分：regular 承認権限：人事担当 = Reference: Applicant category: regular Approval authority: Human Resources | 処理コメント = Processing comments | 経費精算確認済み。費目：交通費精算 = Expense reimbursement confirmed. Expense item: Transportation expenses. | 金額：17,019円。規程内であることを確認した。 = Amount: 17,019 yen. Confirmed to be within the regulations. | ✓ 登録確定 = ✓ Registration confirmed | ""保留 = &quot;on hold","HR (Human Resources and Payroll) System aa A☆ human resources HR (Human Resources and Payroll) System FY2026・Human Resources Department Field Human resources operations Ishida Mina Overtime pay adjustment 9,895 yen ● Dashboard Sakura Eguchi Change in dependent deduction Steady state Unprocessed Expense reimbursement and payroll changes Ryosuke Kirishima New position-based allowance established. 47,909 yen Steady state Unprocessed ● Attendance and leave application ● Onboarding procedures Nana Shimada Overtime pay adjustment 9,895 yen adjustment Unprocessed ● Application for employee benefits Ayako Takeuchi Change in dependent deduction Steady state Unprocessed ● Resident tax and other taxes Daiki Ueno Overtime pay adjustment 9,895 yen adjustment Unprocessed Details—P1-07040532-002 · Nana Shimada Unprocessed Management ID Employee ID classification Transportation expense settlement type Steady state Amount 17,019 yen status Unprocessed Reference: Applicant category: regular Approval authority: Human Resources Processing comments Expense reimbursement confirmed. Expense item: Transportation expenses. Amount: 17,019 yen. Confirmed to be within the regulations. ✓ Registration confirmed &quot;on hold",,employee id | amount | status | processing comment | category | type | department | resident tax | attendance,approve | hold | unprocessed,Notepad/text | Word/document,word_assisted,0.9737146654348264
pi,expense_reimbursement,ses_20260701-192455-NEELA9BAF::38,ses_20260701-192455-NEELA9BAF,"11AA 三三 Wrap Text = 11AA Sanzo Wrap Text | 田 = Field | 凸 = Convex | B I U A 三三 三三Merge & Center = BIUA 三三 三三Merge &amp; Center | 区 = Ward | 区 = Ward | 区 = Ward | 区 = Ward | 請求番号 = Invoice number | 取引先 = Business partners | 費目 = Expense item | 青求金額 （円)上金額 (円）差異 (円) = Blue amount (yen) Above amount (yen) Difference (yen) | 備考 = remarks | 株式会社山田製製造委託費 = Manufacturing outsourcing fees for Yamada Manufacturing Co., Ltd. | 0 定額契約 = 0 Fixed-rate contract | 大和商事株式会原材料仕入 = Yamato Shoji Co., Ltd. Raw Material Procurement | 0定額契約 = 0 fixed-rate contract | 東京電子工業株保守費 = Tokyo Electronics Industry Co., Ltd. maintenance fee | 0定額契約 = 0 fixed-rate contract | グローバルテッSaaS利用料 = Global Tech SaaS Usage Fees | 0定額契約 = 0 fixed-rate contract | 北陸電子部品株部品供給費 = Hokuriku Electronic Components Co., Ltd. parts supply costs | 0 定額契約 = 0 Fixed-rate contract | 経費照合 = Expense reconciliation | 凹- = concave-
11AA三三Wrap Text = 11AA Sansan Wrap Text | 田 = Field | 凸 = Convex | B I U A 三三 三三Merge & Center = BIUA 三三 三三Merge &amp; Center | 区 = Ward | 区 = Ward | 区 = Ward | 区 = Ward | 請求番号 = Invoice number | 取引先 = Business partners | 費目 = Expense item | 青求金額 （円)上金額 (円）差異 (円) = Blue amount (yen) Above amount (yen) Difference (yen) | 備考 = remarks | 株式会社山田製製造委託費 = Manufacturing outsourcing fees for Yamada Manufacturing Co., Ltd. | 0 定額契約 = 0 Fixed-rate contract | 大和商事株式会原材料仕入 = Yamato Shoji Co., Ltd. Raw Material Procurement | 0定額契約 = 0 fixed-rate contract | 東京電子工業株保守費 = Tokyo Electronics Industry Co., Ltd. maintenance fee | 0定額契約 = 0 fixed-rate contract | グローバルテッSaaS利用料 = Global Tech SaaS Usage Fees | 0定額契約 = 0 fixed-rate contract | 北陸電子部品株部品供給費 = Hokuriku Electronic Components Co., Ltd. parts supply costs | 0 定額契約 = 0 Fixed-rate contract | 経費照合 = Expense reconciliation | 囲凹- = Concave surrounding -
11AA 三 Wrap Text = 11AA Three Wrap Text | B I U A 三三 三 ≡ Merge & Center = BIUA 三三 三 ≡ Merge &amp; Center | 区 = Ward | 区 = Ward | 区 = Ward | 区 = Ward | 請求番号 = Invoice number | 取引先 = Business partners | 費目 = Expense i","11AA Sanzo Wrap Text Field Convex BIUA 三三 三三Merge &amp; Center Ward Ward Ward Ward Invoice number Business partners Expense item Blue amount (yen) Above amount (yen) Difference (yen) remarks Manufacturing outsourcing fees for Yamada Manufacturing Co., Ltd. 0 Fixed-rate contract Yamato Shoji Co., Ltd. Raw Material Procurement 0 fixed-rate contract Tokyo Electronics Industry Co., Ltd. maintenance fee 0 fixed-rate contract Global Tech SaaS Usage Fees 0 fixed-rate contract Hokuriku Electronic Components Co., Ltd. parts supply costs 0 Fixed-rate contract Expense reconciliation concave-
11AA Sansan Wrap Text Field Convex BIUA 三三 三三Merge &amp; Center Ward Ward Ward Ward Invoice number Business partners Expense item Blue amount (yen) Above amount (yen) Difference (yen) remarks Manufacturing outsourcing fees for Yamada Manufacturing Co., Ltd. 0 Fixed-rate contract Yamato Shoji Co., Ltd. Raw Material Procurement 0 fixed-rate contract Tokyo Electronics Industry Co., Ltd. maintenance fee 0 fixed-rate contract Global Tech SaaS Usage Fees 0 fixed-rate contract Hokuriku Electronic Components Co., Ltd. parts supply costs 0 Fixed-rate contract Expense reconciliation Concave surrounding -
11AA Three Wrap Text BIUA 三三 三 ≡ Merge &amp; Center Ward Ward Ward Ward Invoice number Business partners Expense item Blue amount (yen) Upper amount (yen) Difference (yen) remarks Manufacturing outsourcing fees for Yamada Manufacturing Co., Ltd. 0 Fixed-rate contract Yamato Shoji Co., Ltd. Raw Material Procurement 0 fixed-rate contract Tokyo Electronics Industry Co., Ltd. maintenance fee 0 fixed-rate contract Global Tech SaaS Usage Fees 0 fixed-rate contract Hokuriku Electronic Components Co., Ltd. parts supply costs 0 Fixed-rate contract Expense reconciliation Encircle 巴 -+ 100%
BIUA 三三 三 ≡ Merge &amp; Center Ward Ward Ward Ward Invoice number Business partners Expense item Blue amount (yen) Upper amount (yen) Difference (yen) remarks Manufacturing outsourcing fees for Yamada Manufacturing Co., Ltd",,employee id | full name | name | amount | status | processing comment | type | department,approve | awaiting_processing | unprocessed,Excel/spreadsheet | Notepad/text | Word/document,word_assisted,0.9534764529501144
pi,expense_reimbursement,ses_20260701-192455-NEELA9BAF::39,ses_20260701-192455-NEELA9BAF,"財務会計システム = Financial accounting system | aあ A☆ = aa A☆ | 財務 = finance | 財務会計システム = Financial accounting system | 2026年度·経理部門 = Fiscal Year 2026 - Accounting Department | 佐 = Sa | 財務会計業務 = Financial accounting operations | ダッシュボード／請求書承認・経費精算 = Dashboard / Invoice Approval &amp; Expense Reimbursement | ● ダッシュボード = ● Dashboard | 請求書承認・経費精算 = Invoice approval and expense reimbursement | 請求書承認・経費精 = Invoice Approval and Expense Settlement | 12件·10件未処理 = 12 items - 10 items unprocessed | 算 = calculation | 処理待ち一覧 = List of items awaiting processing | ● 経費承認(管理職) = ● Expense approval (management) | ● 支払処理 = ● Payment Processing | 社員ID = Employee ID | 氏名 = full name | 区分 = classification | 金額 = Amount | 種別 = type | ステータス = status | ● 予算差異分析 = ● Budget variance analysis | 北陸部品工業株式会社 = Hokuriku Parts Industry Co., Ltd. | 請求書承認INV-2026-7968 = Invoice Approval INV-2026-7968 | 415,472円 = 415,472 yen | 定常 = Steady state | 登録済み = Registered | ● 発注管理 = ● Order Management | グローバルテック合同会社 = Global Tech LLC | 請求書承認INV-2026-7969 = Invoice Approval INV-2026-7969 | 726,087円 = 726,087 yen | 定常 = Steady state | 登録済み = Registered | 福岡システム設計 = Fukuoka System Design | 請求書承認 INV-2026-7970 = Invoice Approval INV-2026-7970 | 1,692,924円 = 1,692,924 yen | 調整 = adjustment | 未処理 = Unprocessed | 関西物流サービス = Kansai Logistics Service | 請求書承認INV-2026-7971 = Invoice Approval INV-2026-7971 | 3,204,161円 = 3,204,161 yen | 調整 = adjustment | 未処理 = Unprocessed | 東京電子工業株式会社 = Tokyo Electronics Industry Co., Ltd. | 請求書承認INV-2026-7972 = Invoice Approval INV-2026-7972 | 547,651円 = 547,651 yen | 定常 = Steady state | 未処理 = Unprocessed | 東京電子工業株式会社 = Tokyo Electronics Industry Co., Ltd. | 請求書承認INV-2026-7973 = Invoice Approval INV-2026-7973 | 570,742円 = 570,742 yen | 定常 = Steady state | 未処理 = Unprocessed | 福岡システム設計 = Fukuoka System Design | 請求書承認INV-2026-7974 = Invoice Approval INV-2026-7974 | 1,738,518円 = 1,738,518 yen | 定常 = Steady state | 未処理 = Unprocessed | 北陸部品工業株式会社 = Hokuriku Parts Industry Co., Ltd. | 請求書承認INV-202","Financial accounting system aa A☆ finance Financial accounting system Fiscal Year 2026 - Accounting Department Sa Financial accounting operations Dashboard / Invoice Approval &amp; Expense Reimbursement ● Dashboard Invoice approval and expense reimbursement Invoice Approval and Expense Settlement 12 items - 10 items unprocessed calculation List of items awaiting processing ● Expense approval (management) ● Payment Processing Employee ID full name classification Amount type status ● Budget variance analysis Hokuriku Parts Industry Co., Ltd. Invoice Approval INV-2026-7968 415,472 yen Steady state Registered ● Order Management Global Tech LLC Invoice Approval INV-2026-7969 726,087 yen Steady state Registered Fukuoka System Design Invoice Approval INV-2026-7970 1,692,924 yen adjustment Unprocessed Kansai Logistics Service Invoice Approval INV-2026-7971 3,204,161 yen adjustment Unprocessed Tokyo Electronics Industry Co., Ltd. Invoice Approval INV-2026-7972 547,651 yen Steady state Unprocessed Tokyo Electronics Industry Co., Ltd. Invoice Approval INV-2026-7973 570,742 yen Steady state Unprocessed Fukuoka System Design Invoice Approval INV-2026-7974 1,738,518 yen Steady state Unprocessed Hokuriku Parts Industry Co., Ltd. Invoice Approval INV-2026-7975 454,015 yen Steady state Unprocessed Fukuoka System Design Invoice Approval INV-2026-7976 1,674,745 yen Steady state Unprocessed Global Tech LLC Invoice Approval INV-2026-7977 708,864 yen adjustment Unprocessed Hokuriku Parts Industry Co., Ltd. Invoice Approval INV-2026-7978 448,543 yen Steady state Unprocessed Adjust ctivate Win fruits Tokyo Electronics Industry Co., Ltd. Invoice Approval INV-2026-7979 567,990 yen 42 Kai",,employee id | full name | name | amount | status | type | department,approve | awaiting_processing | unprocessed,Excel/spreadsheet | Notepad/text | Word/document,word_assisted,0.9690963093220718
pi,expense_reimbursement,ses_20260701-192455-NEELA9BAF::40,ses_20260701-192455-NEELA9BAF,"HR人事給与システム = HR (Human Resources and Payroll) System | aあ A☆ = aa A☆ | 人事 = human resources | HR人事給与システム = HR (Human Resources and Payroll) System | 2026年度·人事部門 = FY2026・Human Resources Department | 田 = Field | 人事業務 = Human resources operations | 津田将太 = Shota Tsuda | 研修費 = Training expenses | 51,533円 = 51,533 yen | ● ダッシュボード = ● Dashboard | 島田奈々 = Nana Shimada | 交通費精算 = Transportation expense settlement | 17,019円 = 17,019 yen | 定常 = Steady state | 登録済み = Registered | 経費精算・給与変更 = Expense reimbursement and payroll changes | 青木拓也 = Takuya Aoki | 出張旅費 = Business trip expenses | 79,280円 = 79,280 yen | 定常 = Steady state | 登録済み = Registered | ● 勤怠・休暇申請 = ● Attendance and leave application | 江口さくら = Sakura Eguchi | 消耗品費 = Consumables cost | 5,638円 = 5,638 yen | 定常 = Steady state | ● 入社手続き = ● Onboarding procedures | 登録済み = Registered | ●福利厚生申請 = ● Application for employee benefits | 河野明日香 = Asuka Kono | 消耗品費 = Consumables cost | 22,045円 = 22,045 yen | 定常 = Steady state | 登録済み = Registered | ● 住民税・その他 = ● Resident tax and other taxes | 菊池理恵 = Rie Kikuchi | 出張旅費 = Business trip expenses | 26,271円 = 26,271 yen | 定常 = Steady state | 登録済み = Registered | 島田奈々 = Nana Shimada | 研修費 = Training expenses | 26,156円 = 26,156 yen | 定常 = Steady state | 登録済み = Registered | 江口さくら = Sakura Eguchi | 接待交際費 = Entertainment expenses | 87,288円 = 87,288 yen | 調整 = adjustment | 登録済み = Registered | 島田奈々 = Nana Shimada | 接待交際費 = Entertainment expenses | 110,668円 = 110,668 yen | 調整 = adjustment | 未処理 = Unprocessed | 寺本真由 = Mayu Teramoto | 消耗品費 = Consumables cost | 10,830円 = 10,830 yen | 定常 = Steady state | 未処理 = Unprocessed | 河野明日香 = Asuka Kono | 接待交際費 = Entertainment expenses | 115,761円 = 115,761 yen | 調整 = adjustment | 未処理 = Unprocessed | 江口さくら = Sakura Eguchi | 交通費精算 = Transportation expense settlement | 13,691円 = 13,691 yen | 定常 = Steady state | 未処理 = Unprocessed | 青木拓也 = Takuya Aoki | 扶養控除変更 = Change in dependent deduction | 定常 = Steady state | 登録済み = Registered | 岡田智也 = Tomoya Okada | 昇給 = Salar","HR (Human Resources and Payroll) System aa A☆ human resources HR (Human Resources and Payroll) System FY2026・Human Resources Department Field Human resources operations Shota Tsuda Training expenses 51,533 yen ● Dashboard Nana Shimada Transportation expense settlement 17,019 yen Steady state Registered Expense reimbursement and payroll changes Takuya Aoki Business trip expenses 79,280 yen Steady state Registered ● Attendance and leave application Sakura Eguchi Consumables cost 5,638 yen Steady state ● Onboarding procedures Registered ● Application for employee benefits Asuka Kono Consumables cost 22,045 yen Steady state Registered ● Resident tax and other taxes Rie Kikuchi Business trip expenses 26,271 yen Steady state Registered Nana Shimada Training expenses 26,156 yen Steady state Registered Sakura Eguchi Entertainment expenses 87,288 yen adjustment Registered Nana Shimada Entertainment expenses 110,668 yen adjustment Unprocessed Mayu Teramoto Consumables cost 10,830 yen Steady state Unprocessed Asuka Kono Entertainment expenses 115,761 yen adjustment Unprocessed Sakura Eguchi Transportation expense settlement 13,691 yen Steady state Unprocessed Takuya Aoki Change in dependent deduction Steady state Registered Tomoya Okada Salary increase 20,263 yen Steady state Registered Nana Shimada New position-based allowance established. 47,909 yen Steady state Registered Sakura Eguchi New position-based allowance established. 47,909 yen Steady state Registered Tomoya Okada Abolition of position allowances 9,578 yen Steady state Go to Setti and activate Windows. Asuka Kono New position-based allowance established. 47,909 yen Steady state Unprocessed",,department | resident tax | attendance,unprocessed,Notepad/text | Word/document,word_assisted,0.9848431099794412
pi,expense_reimbursement,ses_20260701-192455-NEELA9BAF::41,ses_20260701-192455-NEELA9BAF,"HR人事給与システム = HR (Human Resources and Payroll) System | aあ A☆ = aa A☆ | 人事 = human resources | HR人事給与システム = HR (Human Resources and Payroll) System | 2026年度·人事部門 = FY2026・Human Resources Department | 田 = Field | 开 = Open | 人事業務 = Human resources operations | 青木拓也 = Takuya Aoki | 出張旅費 = Business trip expenses | 79,280円 = 79,280 yen | ● ダッシュボード = ● Dashboard | 江口さくら = Sakura Eguchi | 消耗品費 = Consumables cost | 5,638円 = 5,638 yen | 定常 = Steady state | 登録済み = Registered | 経費精算・給与変更 = Expense reimbursement and payroll changes | 河野明日香 = Asuka Kono | 消耗品費 = Consumables cost | 22,045円 = 22,045 yen | 定常 = Steady state | 登録済み = Registered | ● 勤怠・休暇申請 = ● Attendance and leave application | ● 入社手続き = ● Onboarding procedures | 菊池理恵 = Rie Kikuchi | 出張旅費 = Business trip expenses | 26,271円 = 26,271 yen | 定常 = Steady state | 登録済み = Registered | ●福利厚生申請 = ● Application for employee benefits | 島田奈々 = Nana Shimada | 研修費 = Training expenses | 26,156円 = 26,156 yen | 定常 = Steady state | 登録済み = Registered | ● 住民税・その他 = ● Resident tax and other taxes | 江口さくら = Sakura Eguchi | 接待交際費 = Entertainment expenses | 87,288円 = 87,288 yen | 調整 = adjustment | 登録済み = Registered | 島田奈々 = Nana Shimada | 接待交際費 = Entertainment expenses | 110,668円 = 110,668 yen | 調整 = adjustment | 登録済み = Registered | 寺本真由 = Mayu Teramoto | 消耗品費 = Consumables cost | 10,830円 = 10,830 yen | 定常 = Steady state | 登録済み = Registered | 河野明日香 = Asuka Kono | 接待交際費 = Entertainment expenses | 115,761円 = 115,761 yen | 調整 = adjustment | 未処理 = Unprocessed | 江口さくら = Sakura Eguchi | 交通費精算 = Transportation expense settlement | 13,691円 = 13,691 yen | 定常 = Steady state | 未処理 = Unprocessed | 青木拓也 = Takuya Aoki | 扶養控除変更 = Change in dependent deduction | 定常 = Steady state | 登録済み = Registered | 岡田智也 = Tomoya Okada | 昇給 = Salary increase | 20,263円 = 20,263 yen | 定常 = Steady state | 登録済み = Registered | 島田奈々 = Nana Shimada | 役職手当新設 = New position-based allowance established. | 47,909円 = 47,909 yen | 定常 = Steady state | 登録済み = Registered | 江口さくら = Sakura","HR (Human Resources and Payroll) System aa A☆ human resources HR (Human Resources and Payroll) System FY2026・Human Resources Department Field Open Human resources operations Takuya Aoki Business trip expenses 79,280 yen ● Dashboard Sakura Eguchi Consumables cost 5,638 yen Steady state Registered Expense reimbursement and payroll changes Asuka Kono Consumables cost 22,045 yen Steady state Registered ● Attendance and leave application ● Onboarding procedures Rie Kikuchi Business trip expenses 26,271 yen Steady state Registered ● Application for employee benefits Nana Shimada Training expenses 26,156 yen Steady state Registered ● Resident tax and other taxes Sakura Eguchi Entertainment expenses 87,288 yen adjustment Registered Nana Shimada Entertainment expenses 110,668 yen adjustment Registered Mayu Teramoto Consumables cost 10,830 yen Steady state Registered Asuka Kono Entertainment expenses 115,761 yen adjustment Unprocessed Sakura Eguchi Transportation expense settlement 13,691 yen Steady state Unprocessed Takuya Aoki Change in dependent deduction Steady state Registered Tomoya Okada Salary increase 20,263 yen Steady state Registered Nana Shimada New position-based allowance established. 47,909 yen Steady state Registered Sakura Eguchi New position-based allowance established. 47,909 yen Steady state Registered Tomoya Okada Abolition of position allowances 9,578 yen Steady state Unprocessed Asuka Kono New position-based allowance established. 47,909 yen Steady state Unprocessed Mina Ishida Overtime pay adjustment 9,895 yen adjustment Tノ: ++Mimakura Hara Re Ning Party Doka m
HR (Human Resources and Payroll) System aa A☆ human resources HR (Human Resources and Payroll) System FY2026・Human Resources Department Field Human resources operations Ishida Mina Overtime pay adjustment 9,895 yen ● Dashboard Sakura Eguchi Change in dependent deduction Steady state Unprocessed Expense reimbursement and payroll changes Ryosuke Kirishima New position-based allowance established. ",,employee id | amount | status | processing comment | category | type | department | resident tax | attendance,approve | hold | unprocessed,Notepad/text | Word/document,word_assisted,0.9696860894483571
pi,expense_reimbursement,ses_20260701-192455-NEELA9BAF::42,ses_20260701-192455-NEELA9BAF,"HR人事給与システム = HR (Human Resources and Payroll) System | aあ A☆ = aa A☆ | 人事 = human resources | HR人事給与システム = HR (Human Resources and Payroll) System | 2026年度·人事部門 = FY2026・Human Resources Department | 田 = Field | 人事業務 = Human resources operations | 石田美奈 = Ishida Mina | 残業手当調整 = Overtime pay adjustment | 9,895円 = 9,895 yen | ● ダッシュボード = ● Dashboard | 江口さくら = Sakura Eguchi | 扶養控除変更 = Change in dependent deduction | 定常 = Steady state | 未処理 = Unprocessed | 経費精算·給与変更 = Expense reimbursement and payroll changes | 桐島涼介 = Ryosuke Kirishima | 役職手当新設 = New position-based allowance established. | 47,909円 = 47,909 yen | 定常 = Steady state | 未処理 = Unprocessed | ● 勤怠・休暇申請 = ● Attendance and leave application | ● 入社手続き = ● Onboarding procedures | 島田奈々 = Nana Shimada | 残業手当調整 = Overtime pay adjustment | 9,895円 = 9,895 yen | 調整 = adjustment | 未処理 = Unprocessed | ●福利厚生申請 = ● Application for employee benefits | 竹内彩子 = Ayako Takeuchi | 扶養控除変更 = Change in dependent deduction | 定常 = Steady state | 未処理 = Unprocessed | ● 住民税・その他 = ● Resident tax and other taxes | 上野大樹 = Daiki Ueno | 残業手当調整 = Overtime pay adjustment | 9,895円 = 9,895 yen | 調整 = adjustment | 未処理 = Unprocessed | 詳細P1-07040532-012·江口 さくら = Details P1-07040532-012 · Sakura Eguchi | 未処理 = Unprocessed | 管理ID = Management ID | 社員ID = Employee ID | 区分 = classification | 交通費精算 = Transportation expense settlement | 種別 = type | 定常 = Steady state | 金額 = Amount | 13,691円 = 13,691 yen | ステータス = status | 未処理 = Unprocessed | 参照：申請者区分：regular 承認権限：人事担当 = Reference: Applicant category: regular Approval authority: Human Resources | 処理コメント = Processing comments | 処理内容・確認コメントを入力してください… = Please enter the processing details and confirmation comments... | ✓ 登録確定 = ✓ Registration confirmed | ""保留 = &quot;on hold","HR (Human Resources and Payroll) System aa A☆ human resources HR (Human Resources and Payroll) System FY2026・Human Resources Department Field Human resources operations Ishida Mina Overtime pay adjustment 9,895 yen ● Dashboard Sakura Eguchi Change in dependent deduction Steady state Unprocessed Expense reimbursement and payroll changes Ryosuke Kirishima New position-based allowance established. 47,909 yen Steady state Unprocessed ● Attendance and leave application ● Onboarding procedures Nana Shimada Overtime pay adjustment 9,895 yen adjustment Unprocessed ● Application for employee benefits Ayako Takeuchi Change in dependent deduction Steady state Unprocessed ● Resident tax and other taxes Daiki Ueno Overtime pay adjustment 9,895 yen adjustment Unprocessed Details P1-07040532-012 · Sakura Eguchi Unprocessed Management ID Employee ID classification Transportation expense settlement type Steady state Amount 13,691 yen status Unprocessed Reference: Applicant category: regular Approval authority: Human Resources Processing comments Please enter the processing details and confirmation comments... ✓ Registration confirmed &quot;on hold",,employee id | amount | status | processing comment | category | type | department | resident tax | attendance,approve | hold | unprocessed,Notepad/text | Word/document,word_assisted,0.9644273300280516
pi,payroll_change,ses_20260701-164424-CHAITANYA0BCF::6,ses_20260701-164424-CHAITANYA0BCF,"HR人事給与システム = HR (Human Resources and Payroll) System | aあ = aa | 人事 = human resources | HR人事給与システム = HR (Human Resources and Payroll) System | 2026年度·人事部門 = FY2026・Human Resources Department | 田中 麻里・人事マネージャー = Mari Tanaka, Human Resources Manager | 田 = Field | 菊池理恵 = Rie Kikuchi | 昇給 = Salary increase | 22,632円 = 22,632 yen | 定常 = Steady state | 未処理 = Unprocessed | 人事業務 = Human resources operations | ● ダッシュボード = ● Dashboard | 島田奈々 = Nana Shimada | 扶養控除変更 = Change in dependent deduction | 定常 = Steady state | 未処理 = Unprocessed | 経費精算・給与変更 = Expense reimbursement and payroll changes | 江口さくら = Sakura Eguchi | 役職手当廃止 = Abolition of position allowances | 15,458円 = 15,458 yen | 定常 = Steady state | 未処理 = Unprocessed | 勤怠・休暇申請 = Attendance and leave application | 詳細—P4-07010448-002·清水 祥平 = Details—P4-07010448-002 · Shohei Shimizu | ● 入社手続き = ● Onboarding procedures | 未処理 = Unprocessed | 福利厚生申請 = Employee benefits application | 管理ID = Management ID | 住民税・その他 = Resident tax and other taxes | 社員ID = Employee ID | 区分 = classification | 残業手当調整 = Overtime pay adjustment | 種別 = type | 調整 = adjustment | 金額 = Amount | 1,291円 = 1,291 yen | ステータス = status | 未処理 = Unprocessed | 参照：変更種別：残業手当調整 = Reference: Change type: Overtime pay adjustment | 遡及：あり = Retroactive: Yes | 処理コメント = Processing comments | 処理内容・確認コメントを入力してください… = Please enter the processing details and confirmation comments... | 登録確定 = Registration confirmed | ""保留 = &quot;on hold","HR (Human Resources and Payroll) System aa human resources HR (Human Resources and Payroll) System FY2026・Human Resources Department Mari Tanaka, Human Resources Manager Field Rie Kikuchi Salary increase 22,632 yen Steady state Unprocessed Human resources operations ● Dashboard Nana Shimada Change in dependent deduction Steady state Unprocessed Expense reimbursement and payroll changes Sakura Eguchi Abolition of position allowances 15,458 yen Steady state Unprocessed Attendance and leave application Details—P4-07010448-002 · Shohei Shimizu ● Onboarding procedures Unprocessed Employee benefits application Management ID Resident tax and other taxes Employee ID classification Overtime pay adjustment type adjustment Amount 1,291 yen status Unprocessed Reference: Change type: Overtime pay adjustment Retroactive: Yes Processing comments Please enter the processing details and confirmation comments... Registration confirmed &quot;on hold",/payroll-items,employee id | amount | status | processing comment | type | department | resident tax | attendance,hold | unprocessed,Notepad/text | Word/document,word_assisted,0.9726532762115067
pi,payroll_change,ses_20260701-171614-CHAITANYA0BCF::27,ses_20260701-171614-CHAITANYA0BCF,HR人事給与システム = HR (Human Resources and Payroll) System | aあ A☆ = aa A☆ | 率 = rate | 人事 = human resources | HR人事給与システム = HR (Human Resources and Payroll) System | 2026年度·人事部門 = FY2026・Human Resources Department | 田 = Field | 人事業務 = Human resources operations | 氏名 = full name | 申請種別 = Application Type | 社員ID = Employee ID | 対象年月 = Target year and month | 詳細 = detail | ● ダッシュボード = ● Dashboard | 清水 祥平 = Shohei Shimizu | 産前産後休暇申請 = Application for maternity leave | 産休中社保免除申請 = Application for exemption from social insurance during maternity leave | 処理完了 = Processing complete | 経費精算・給与変更 = Expense reimbursement and payroll changes | 清水 祥平 = Shohei Shimizu | 勤怠・休暇申請 = Attendance and leave application | 産前産後休暇申请 = Application for maternity leave | 産休中社保免除申請 = Application for exemption from social insurance during maternity leave | 処理完了 = Processing complete | ● 入社手続き = ● Onboarding procedures | 竹内彩子 = Ayako Takeuchi | 住宅手当変更申请 = Application for change of housing allowance | 住居変更に伴う手当改定 = Allowance revision due to change of residence | 処理完了 = Processing complete | ● 福利厚生申請 = ● Application for employee benefits | 江口さくら = Sakura Eguchi | 育児休業申請 = Application for childcare leave | 育児休業期間中社保免除 = Social insurance exemption during childcare leave | 処理完了 = Processing complete | ● 住民税・その他 = ● Resident tax and other taxes | 河野明日香 = Asuka Kono | 家族手当申請 = Family allowance application | 扶養家族追加登録 = Adding dependents | 処理待ち = Waiting for processing | 菊池理恵 = Rie Kikuchi | 育児休業申請 = Application for childcare leave | 育児休業期間中社保免除 = Social insurance exemption during childcare leave | 処理待ち = Waiting for processing | 江口さくら = Sakura Eguchi | 住宅手当変更申請 = Application for change of housing allowance | 住居変更に伴う手当改定 = Allowance revision due to change of residence | 処理待ち = Waiting for processing | 坂本 裕二 = Yuji Sakamoto | 育児休業申請 = Application for childcare leave | 育児休業期間中社保免除 = Social insurance exemption during childcare leave | 処理待ち = Waiting for processing | 清水 祥平 = Shohei Shimizu | 家族手当申請 = Family allowan,"HR (Human Resources and Payroll) System aa A☆ rate human resources HR (Human Resources and Payroll) System FY2026・Human Resources Department Field Human resources operations full name Application Type Employee ID Target year and month detail ● Dashboard Shohei Shimizu Application for maternity leave Application for exemption from social insurance during maternity leave Processing complete Expense reimbursement and payroll changes Shohei Shimizu Attendance and leave application Application for maternity leave Application for exemption from social insurance during maternity leave Processing complete ● Onboarding procedures Ayako Takeuchi Application for change of housing allowance Allowance revision due to change of residence Processing complete ● Application for employee benefits Sakura Eguchi Application for childcare leave Social insurance exemption during childcare leave Processing complete ● Resident tax and other taxes Asuka Kono Family allowance application Adding dependents Waiting for processing Rie Kikuchi Application for childcare leave Social insurance exemption during childcare leave Waiting for processing Sakura Eguchi Application for change of housing allowance Allowance revision due to change of residence Waiting for processing Yuji Sakamoto Application for childcare leave Social insurance exemption during childcare leave Waiting for processing Shohei Shimizu Family allowance application Adding dependents Waiting for processing Rie Kikuchi Housing allowance change application Allowance revision due to change of residence Waiting for processing Sakura Eguchi Application for caregiving leave Application for Caregiving Leave Benefits Waiting for processing Daiki Ueno Application for caregiving leave Application for Caregiving Leave Benefits Waiting for processing P5-07054374-004: Processing complete. near
HR (Human Resources and Payroll) System aa A☆ rate human resources HR (Human Resources and Payroll) System FY2026・Human Resources Department Field Human",/payroll-items | /social-insurance,employee id | full name | name | amount | status | processing comment | type | department | family allowance | social insurance | resident tax | attendance,hold | processing_complete | unprocessed,Notepad/text | Word/document,word_assisted,0.9672721025781147
pi,payroll_change,ses_20260701-171614-CHAITANYA0BCF::41,ses_20260701-171614-CHAITANYA0BCF,"財務会計システム = Financial accounting system | aあ A☆ = aa A☆ | 率 = rate | 財務 = finance | 財務会計システム = Financial accounting system | 2026年度·経理部門 = Fiscal Year 2026 - Accounting Department | 佐 = Sa | 財務会計業務 = Financial accounting operations | 入社日 = Start date | 社員ID = Employee ID | 氏名 = full name | 部署 = Department | ● ダッシュボード = ● Dashboard | 北陸部品工業株式会社 = Hokuriku Parts Industry Co., Ltd. | 振込 ¥361,010 = Bank transfer ¥361,010 | INV-1779 承認済 = INV-1779 Approved | 2項目 = 2 items | 完了 = completion | 請求書承認・経費精 = Invoice Approval and Expense Settlement | 算 = calculation | 沖縄物流センター = Okinawa Logistics Center | 振込¥295,278 = Bank transfer ¥295,278 | INV-1780 承認済 = INV-1780 Approved | 4項目 = 4 items | 完了 = completion | 経費承認（管理職） = Expense approval (management) | 沖縄物流センター = Okinawa Logistics Center | 振込¥355,673 = Bank transfer: ¥355,673 | INV-1781 承認済 = INV-1781 Approved | 2 項目 = 2 items | 完了 = completion | ● 支払処理 = ● Payment Processing | 北陸部品工業株式会社 = Hokuriku Parts Industry Co., Ltd. | 振込 ¥482,433 = Bank transfer ¥482,433 | INV-1782 承認済 = INV-1782 Approved | 2項目 = 2 items | 完了 = completion | 予算差異分析 = Budget variance analysis | ● 発注管理 = ● Order Management | 北陸部品工業株式会社 = Hokuriku Parts Industry Co., Ltd. | 振込 ¥470,334 = Bank transfer ¥470,334 | INV-1783 承認済 = INV-1783 Approved | 3項目 = 3 items | 照合中 = Matching | 沖縄物流センター = Okinawa Logistics Center | 振込 ¥331,542 = Bank transfer ¥331,542 | INV-1784 承認済 = INV-1784 Approved | 3項目 = 3 items | 照合中 = Matching | 沖縄物流センター = Okinawa Logistics Center | 振込¥352,405 = Bank transfer ¥352,405 | INV-1785 承認済 = INV-1785 Approved | 3項目 = 3 items | 照合中 = Matching | 株式会社山田製作所 = Yamada Manufacturing Co., Ltd. | 振込¥397,055 = Bank transfer: ¥397,055 | INV-1786 承認済 = INV-1786 Approved | 2項目 = 2 items | 照合中 = Matching | 福岡システム設計 = Fukuoka System Design | 振込¥1,650,767 = Bank transfer ¥1,650,767 | INV-1787 承認済 = INV-1787 Approved | 4項目 = 4 items | 照合中 = Matching | 大和商事株式会社 = Yamato Shoji Co., Ltd. | 振込¥1,135,513 = Transfer amount: ¥1,135,513 | INV-1788 承認済 = INV-1788","Financial accounting system aa A☆ rate finance Financial accounting system Fiscal Year 2026 - Accounting Department Sa Financial accounting operations Start date Employee ID full name Department ● Dashboard Hokuriku Parts Industry Co., Ltd. Bank transfer ¥361,010 INV-1779 Approved 2 items completion Invoice Approval and Expense Settlement calculation Okinawa Logistics Center Bank transfer ¥295,278 INV-1780 Approved 4 items completion Expense approval (management) Okinawa Logistics Center Bank transfer: ¥355,673 INV-1781 Approved 2 items completion ● Payment Processing Hokuriku Parts Industry Co., Ltd. Bank transfer ¥482,433 INV-1782 Approved 2 items completion Budget variance analysis ● Order Management Hokuriku Parts Industry Co., Ltd. Bank transfer ¥470,334 INV-1783 Approved 3 items Matching Okinawa Logistics Center Bank transfer ¥331,542 INV-1784 Approved 3 items Matching Okinawa Logistics Center Bank transfer ¥352,405 INV-1785 Approved 3 items Matching Yamada Manufacturing Co., Ltd. Bank transfer: ¥397,055 INV-1786 Approved 2 items Matching Fukuoka System Design Bank transfer ¥1,650,767 INV-1787 Approved 4 items Matching Yamato Shoji Co., Ltd. Transfer amount: ¥1,135,513 INV-1788 Approved 3 items Matching Kansai Logistics Service Transfer amount: ¥2,584,160 INV-1789 Approved 3 items Matching Hokuriku Parts Industry Co., Ltd. Bank transfer ¥394,568 INV-1790 Approved 3 items Matching P7-07054374-004: Verification complete. near
Ward Procedures for accepting outsourced contractors 1. Procedure Overview 2. Required documents 3. System Registration Procedures for accepting outsourced contractors 4. Security measures 5. Orientation 1. Procedure Overview This document outlines the procedures for verifying necessary documents and registering them in the system when accepting outsourced services. 2. Required documents Contract (signed), copy of identification, My Number declaration form, bank account information form. 3. System Registration Registering contractors in the",/onboarding | /payroll-items,employee id | full name | name | amount | status | processing comment | category | type | start date | department | my number | resident tax | attendance,approve | hold | unprocessed,Notepad/text | Word/document,word_assisted,0.9624759804330592
pi,payroll_change,ses_20260701-173246-SIDDHIGUPTAB00B::3,ses_20260701-173246-SIDDHIGUPTAB00B,"HR人事給与システム = HR (Human Resources and Payroll) System | aあA = aaA | 人事 = human resources | HR人事給与システム = HR (Human Resources and Payroll) System | 2026年度·人事部門 = FY2026・Human Resources Department | 2026/07/01 23:03:34 田中 麻里·人事マネージャー = 2026/07/01 23:03:34 Mari Tanaka, Human Resources Manager | 田 = Field | 人事業務 = Human resources operations | ダッシュボードノ経費精算・給与変更 = Dashboard Expense Reimbursement/Payroll Changes | ● ダッシュボード = ● Dashboard | 経費精算・給与変更 = Expense reimbursement and payroll changes | 経費精算·給与変更 = Expense reimbursement and payroll changes | 24 件·23 件未処理 = 24 items · 23 items unprocessed | 勤怠・休暇申請 = Attendance and leave application | 処理待ち一覧 = List of items awaiting processing | ● 入社手続き = ● Onboarding procedures | 社員ID = Employee ID | 氏名 = full name | 区分 = classification | 金額 = Amount | 種別 = type | ステータス = status | 福利厚生申請 = Employee benefits application | 竹内彩子 = Ayako Takeuchi | 接待交際費 = Entertainment expenses | 83,652円 = 83,652 yen | 調整 = adjustment | 未処理 = Unprocessed | ● 住民税・その他 = ● Resident tax and other taxes | 竹内彩子 = Ayako Takeuchi | 交通費精算 = Transportation expense settlement | 12,312円 = 12,312 yen | 定常 = Steady state | 登録済み = Registered | 遠山 健一 = Kenichi Toyama | 出張旅費 = Business trip expenses | 42,838円 = 42,838 yen | 定常 = Steady state | 未処理 = Unprocessed | 竹内彩子 = Ayako Takeuchi | 交通費精算 = Transportation expense settlement | 13,656円 = 13,656 yen | 定常 = Steady state | 未処理 = Unprocessed | 石田 美奈 = Mina Ishida | 交通費精算 = Transportation expense settlement | 21,542円 = 21,542 yen | 定常 = Steady state | 未処理 = Unprocessed | 岡田 智也 = Tomoya Okada | 出張旅費 = Business trip expenses | 60,701円 = 60,701 yen | 定常 = Steady state | 未処理 = Unprocessed | 桐島涼介 = Ryosuke Kirishima | 出張旅費 = Business trip expenses | 53,580円 = 53,580 yen | 定常 = Steady state | 未処理 = Unprocessed | 上野大樹 = Daiki Ueno | 出張旅費 = Business trip expenses | 21,956円 = 21,956 yen | 定常 = Steady state | 未処理 = Unprocessed | 寺本 真由 = Mayu Teramoto | 交通費精算 = Transportation expense settlement | 5,960円 = 5,960 yen | 定常 = Steady stat","HR (Human Resources and Payroll) System aaA human resources HR (Human Resources and Payroll) System FY2026・Human Resources Department 2026/07/01 23:03:34 Mari Tanaka, Human Resources Manager Field Human resources operations Dashboard Expense Reimbursement/Payroll Changes ● Dashboard Expense reimbursement and payroll changes Expense reimbursement and payroll changes 24 items · 23 items unprocessed Attendance and leave application List of items awaiting processing ● Onboarding procedures Employee ID full name classification Amount type status Employee benefits application Ayako Takeuchi Entertainment expenses 83,652 yen adjustment Unprocessed ● Resident tax and other taxes Ayako Takeuchi Transportation expense settlement 12,312 yen Steady state Registered Kenichi Toyama Business trip expenses 42,838 yen Steady state Unprocessed Ayako Takeuchi Transportation expense settlement 13,656 yen Steady state Unprocessed Mina Ishida Transportation expense settlement 21,542 yen Steady state Unprocessed Tomoya Okada Business trip expenses 60,701 yen Steady state Unprocessed Ryosuke Kirishima Business trip expenses 53,580 yen Steady state Unprocessed Daiki Ueno Business trip expenses 21,956 yen Steady state Unprocessed Mayu Teramoto Transportation expense settlement 5,960 yen Steady state Unprocessed Nana Shimada Consumables cost 22,504 yen Steady state Unprocessed neck",/payroll-items,employee id | full name | name | amount | status | type | department | resident tax | attendance,awaiting_processing | unprocessed,Notepad/text | Word/document,word_assisted,0.9697188812644542
pi,payroll_change,ses_20260701-173246-SIDDHIGUPTAB00B::4,ses_20260701-173246-SIDDHIGUPTAB00B,"精算確認メモ = Settlement confirmation memo | ら = and others | 田 = Field | 精算確認メモ = Settlement confirmation memo | 経費精算確認済み。費目：交通費精算 金額：12,312円。規程内であることを確認した。 = Expense reimbursement confirmed. Expense item: Transportation expenses. Amount: 12,312 yen. Confirmed to be within regulations. | 首 = neck
HR人事給与システム = HR (Human Resources and Payroll) System | aあA = aaA | 人事 = human resources | HR人事給与システム = HR (Human Resources and Payroll) System | 2026年度·人事部門 = FY2026・Human Resources Department | 2026/07/01 23:03:46 田中 麻里·人事マネージャー = 2026/07/01 23:03:46 Mari Tanaka, Human Resources Manager | 田 = Field | 津田将太 = Shota Tsuda | 残業手当調整 = Overtime pay adjustment | 11,939円 = 11,939 yen | 調整 = adjustment | 未処理 = Unprocessed | 人事業務 = Human resources operations | 清水 祥平 = Shohei Shimizu | 役職手当新設 = New position-based allowance established. | 33,327円 = 33,327 yen | 定常 = Steady state | 未処理 = Unprocessed | ● ダッシュボード = ● Dashboard | 江口さくら = Sakura Eguchi | 残業手当調整 = Overtime pay adjustment | 11,939円 = 11,939 yen | 調整 = adjustment | 未処理 = Unprocessed | 経費精算·給与変更 = Expense reimbursement and payroll changes | 勤怠・休暇申請 = Attendance and leave application | 菊池理恵 = Rie Kikuchi | 扶養控除変更 = Change in dependent deduction | 定常 = Steady state | 未処理 = Unprocessed | ● 入社手続き = ● Onboarding procedures | 詳細 — P1-07109774-004· 竹内 彩子 = Details — P1-07109774-004 · Ayako Takeuchi | ●福利厚生申請 = ● Application for employee benefits | 未処理 = Unprocessed | ● 住民税・その他 = ● Resident tax and other taxes | 管理ID = Management ID | 社員ID = Employee ID | 区分 = classification | 交通費精算 = Transportation expense settlement | 種別 = type | 定常 = Steady state | 金額 = Amount | 13,656円 = 13,656 yen | ステータス = status | 未処理 = Unprocessed | 参照：申請者区分：regular = Reference: Applicant classification: regular | 承認権限：人事担当 = Approval authority: Human Resources Department | 処理コメント = Processing comments | 処理内容・確認コメントを入力してください… = Please enter the processing details and confirmation comments... | ✓ 登録確定 = ✓ Registration confirmed | ""保留 = &quot;on hold | 首 = neck","Settlement confirmation memo and others Field Settlement confirmation memo Expense reimbursement confirmed. Expense item: Transportation expenses. Amount: 12,312 yen. Confirmed to be within regulations. neck
HR (Human Resources and Payroll) System aaA human resources HR (Human Resources and Payroll) System FY2026・Human Resources Department 2026/07/01 23:03:46 Mari Tanaka, Human Resources Manager Field Shota Tsuda Overtime pay adjustment 11,939 yen adjustment Unprocessed Human resources operations Shohei Shimizu New position-based allowance established. 33,327 yen Steady state Unprocessed ● Dashboard Sakura Eguchi Overtime pay adjustment 11,939 yen adjustment Unprocessed Expense reimbursement and payroll changes Attendance and leave application Rie Kikuchi Change in dependent deduction Steady state Unprocessed ● Onboarding procedures Details — P1-07109774-004 · Ayako Takeuchi ● Application for employee benefits Unprocessed ● Resident tax and other taxes Management ID Employee ID classification Transportation expense settlement type Steady state Amount 13,656 yen status Unprocessed Reference: Applicant classification: regular Approval authority: Human Resources Department Processing comments Please enter the processing details and confirmation comments... ✓ Registration confirmed &quot;on hold neck",/payroll-items,employee id | amount | status | processing comment | type | department | resident tax | attendance,approve | hold | unprocessed,Notepad/text | Word/document,word_assisted,0.9371863955022861
pi,payroll_change,ses_20260701-173246-SIDDHIGUPTAB00B::32,ses_20260701-173246-SIDDHIGUPTAB00B,"HR人事給与システム = HR (Human Resources and Payroll) System | aあA = aaA | 人事 = human resources | HR人事給与システム = HR (Human Resources and Payroll) System | 2026年度·人事部門 = FY2026・Human Resources Department | 田中麻里・人事マネージャー = Mari Tanaka, Human Resources Manager | 田 = Field | 津田将太 = Shota Tsuda | 残業手当調整 = Overtime pay adjustment | 11,939円 = 11,939 yen | 調整 = adjustment | 未処理 = Unprocessed | 人事業務 = Human resources operations | 清水 祥平 = Shohei Shimizu | 役職手当新設 = New position-based allowance established. | 33,327円 = 33,327 yen | 定常 = Steady state | 未処理 = Unprocessed | ● ダッシュボード = ● Dashboard | 江口さくら = Sakura Eguchi | 残業手当調整 = Overtime pay adjustment | 11,939円 = 11,939 yen | 調整 = adjustment | 未処理 = Unprocessed | 経費精算・給与変更 = Expense reimbursement and payroll changes | 勤怠・休暇申請 = Attendance and leave application | 菊池理恵 = Rie Kikuchi | 扶養控除変更 = Change in dependent deduction | 定常 = Steady state | 未処理 = Unprocessed | ● 入社手続き = ● Onboarding procedures | 詳細 — P1-07109774-005·石田 美奈 = Details — P1-07109774-005 · Mina Ishida | ●福利厚生申請 = ● Application for employee benefits | 未処理 = Unprocessed | ● 住民税・その他 = ● Resident tax and other taxes | 管理ID = Management ID | 社員ID = Employee ID | 区分 = classification | 交通費精算 = Transportation expense settlement | 種別 = type | 定常 = Steady state | 金額 = Amount | 21,542円 = 21,542 yen | ステータス = status | 未処理 = Unprocessed | 参照：申請者区分：regular = Reference: Applicant classification: regular | 承認権限：人事担当 = Approval authority: Human Resources Department | 処理コメント = Processing comments | 処理内容・確認コメントを入力してください… = Please enter the processing details and confirmation comments... | ✓ 登録確定 = ✓ Registration confirmed | ""保留 = &quot;on hold | 首 = neck
HR人事給与システム = HR (Human Resources and Payroll) System | aあA = aaA | 人事 = human resources | HR人事給与システム = HR (Human Resources and Payroll) System | 2026年度·人事部門 = FY2026・Human Resources Department | 2026/07/01 23:12:30 田中 麻里·人事マネージャー = 2026/07/01 23:12:30 Mari Tanaka, Human Resources Manager | 田 = Field | 津田将太 = Shota Tsuda | 残業手当調整 = Overtime p","HR (Human Resources and Payroll) System aaA human resources HR (Human Resources and Payroll) System FY2026・Human Resources Department Mari Tanaka, Human Resources Manager Field Shota Tsuda Overtime pay adjustment 11,939 yen adjustment Unprocessed Human resources operations Shohei Shimizu New position-based allowance established. 33,327 yen Steady state Unprocessed ● Dashboard Sakura Eguchi Overtime pay adjustment 11,939 yen adjustment Unprocessed Expense reimbursement and payroll changes Attendance and leave application Rie Kikuchi Change in dependent deduction Steady state Unprocessed ● Onboarding procedures Details — P1-07109774-005 · Mina Ishida ● Application for employee benefits Unprocessed ● Resident tax and other taxes Management ID Employee ID classification Transportation expense settlement type Steady state Amount 21,542 yen status Unprocessed Reference: Applicant classification: regular Approval authority: Human Resources Department Processing comments Please enter the processing details and confirmation comments... ✓ Registration confirmed &quot;on hold neck
HR (Human Resources and Payroll) System aaA human resources HR (Human Resources and Payroll) System FY2026・Human Resources Department 2026/07/01 23:12:30 Mari Tanaka, Human Resources Manager Field Shota Tsuda Overtime pay adjustment 11,939 yen adjustment Unprocessed Human resources operations Shohei Shimizu New position-based allowance established. 33,327 yen Steady state Unprocessed ● Dashboard Sakura Eguchi Overtime pay adjustment 11,939 yen adjustment Unprocessed Expense reimbursement and payroll changes Attendance and leave application Rie Kikuchi Change in dependent deduction Steady state Unprocessed ● Onboarding procedures Details — P1-07109774-005 · Mina Ishida ● Application for employee benefits Unprocessed ● Resident tax and other taxes Management ID Employee ID classification Transportation expense settlement type Steady state Amount 21,542 yen status Unprocessed Reference: Applicant classi",/payroll-items,employee id | amount | status | processing comment | type | department | resident tax | attendance,approve | hold | unprocessed,Notepad/text | Word/document,word_assisted,0.9580487170199665
pi,payroll_change,ses_20260701-173246-SIDDHIGUPTAB00B::36,ses_20260701-173246-SIDDHIGUPTAB00B,"精算確認メモ = Settlement confirmation memo | ら = and others | 田 = Field | 精算確認メモ = Settlement confirmation memo | 経費精算確認済み。費目：出張旅費 金額：60,701円。規程内であることを確認した。 = Expense reimbursement confirmed. Expense item: Business trip expenses. Amount: 60,701 yen. Confirmed to be within regulations. | 口 = mouth | 首 = neck
HR人事給与システム = HR (Human Resources and Payroll) System | aあA = aaA | 人事 = human resources | HR人事給与システム = HR (Human Resources and Payroll) System | 2026年度·人事部門 = FY2026・Human Resources Department | 2026/07/01 23:13:04 田中 麻里·人事マネージャー = 2026/07/01 23:13:04 Mari Tanaka, Human Resources Manager | 田 = Field | 津田将太 = Shota Tsuda | 残業手当調整 = Overtime pay adjustment | 11,939円 = 11,939 yen | 調整 = adjustment | 未処理 = Unprocessed | 人事業務 = Human resources operations | 清水 祥平 = Shohei Shimizu | 役職手当新設 = New position-based allowance established. | 33,327円 = 33,327 yen | 定常 = Steady state | 未処理 = Unprocessed | ● ダッシュボード = ● Dashboard | 江口さくら = Sakura Eguchi | 残業手当調整 = Overtime pay adjustment | 11,939円 = 11,939 yen | 調整 = adjustment | 未処理 = Unprocessed | 経費精算・給与変更 = Expense reimbursement and payroll changes | 勤怠・休暇申請 = Attendance and leave application | 菊池理恵 = Rie Kikuchi | 扶養控除変更 = Change in dependent deduction | 定常 = Steady state | 未処理 = Unprocessed | ● 入社手続き = ● Onboarding procedures | 詳細 — P1-07109774-008 ·上野 大樹 = Details — P1-07109774-008 ·Daiki Ueno | ●福利厚生申請 = ● Application for employee benefits | 未処理 = Unprocessed | ● 住民税・その他 = ● Resident tax and other taxes | 管理ID = Management ID | 社員ID = Employee ID | 区分 = classification | 出張旅費 = Business trip expenses | 種別 = type | 定常 = Steady state | 金額 = Amount | 21,956円 = 21,956 yen | ステータス = status | 未処理 = Unprocessed | 参照：申請者区分：regular = Reference: Applicant classification: regular | 承認権限：部門長 = Approval authority: Department head | 処理コメント = Processing comments | 経費精算確認済み。費目：出張旅費 金額：21,956円。規程内であることを確認した。 = Expense reimbursement confirmed. Expense item: Business trip expenses. Amount: 21,956 yen. Confirmed to be within regulations. | ✓ 登録確定 ","Settlement confirmation memo and others Field Settlement confirmation memo Expense reimbursement confirmed. Expense item: Business trip expenses. Amount: 60,701 yen. Confirmed to be within regulations. mouth neck
HR (Human Resources and Payroll) System aaA human resources HR (Human Resources and Payroll) System FY2026・Human Resources Department 2026/07/01 23:13:04 Mari Tanaka, Human Resources Manager Field Shota Tsuda Overtime pay adjustment 11,939 yen adjustment Unprocessed Human resources operations Shohei Shimizu New position-based allowance established. 33,327 yen Steady state Unprocessed ● Dashboard Sakura Eguchi Overtime pay adjustment 11,939 yen adjustment Unprocessed Expense reimbursement and payroll changes Attendance and leave application Rie Kikuchi Change in dependent deduction Steady state Unprocessed ● Onboarding procedures Details — P1-07109774-008 ·Daiki Ueno ● Application for employee benefits Unprocessed ● Resident tax and other taxes Management ID Employee ID classification Business trip expenses type Steady state Amount 21,956 yen status Unprocessed Reference: Applicant classification: regular Approval authority: Department head Processing comments Expense reimbursement confirmed. Expense item: Business trip expenses. Amount: 21,956 yen. Confirmed to be within regulations. ✓ Registration confirmed &quot;on hold neck",/payroll-items,employee id | amount | status | processing comment | type | department | resident tax | attendance,approve | hold | unprocessed,Notepad/text | Word/document,word_assisted,0.9449023958514718
pi,payroll_change,ses_20260701-173642-NEELA9BAF::29,ses_20260701-173642-NEELA9BAF,"HR人事給与システム = HR (Human Resources and Payroll) System | HR人事給与システム = HR (Human Resources and Payroll) System | aあ = aa | 率 = rate | 人事 = human resources | HR人事給与システム = HR (Human Resources and Payroll) System | 2026年度·人事部門 = FY2026・Human Resources Department | 田中 麻里・人事マネージャー = Mari Tanaka, Human Resources Manager | 田 = Field | 人事業務 = Human resources operations | 青木拓也 = Takuya Aoki | 交通費精算 = Transportation expense settlement | 5,643円 = 5,643 yen | 定常 = Steady state | 未処理 = Unprocessed | ● ダッシュボード = ● Dashboard | 島田奈々 = Nana Shimada | 研修費 = Training expenses | 55,179円 = 55,179 yen | 定常 = Steady state | 未处理 = unresolved | 経費精算・給与変更 = Expense reimbursement and payroll changes | 島田奈々 = Nana Shimada | 接待交際費 = Entertainment expenses | 96,317円 = 96,317 yen | 調整 = adjustment | 未处理 = unresolved | 勤怠・休暇申請 = Attendance and leave application | 遠山健一 = Kenichi Toyama | 消耗品費 = Consumables cost | 12,572円 = 12,572 yen | 定常 = Steady state | 未処理 = Unprocessed | ● 入社手続き = ● Onboarding procedures | 桐島凉介 = Ryosuke Kirishima | 出張旅費 = Business trip expenses | 57,547円 = 57,547 yen | 定常 = Steady state | 未処理 = Unprocessed | ●福利厚生申請 = ● Application for employee benefits | ● 住民税・その他 = ● Resident tax and other taxes | 遠山健一 = Kenichi Toyama | 役職手当廃止 = Abolition of position allowances | 9,569円 = 9,569 yen | 定常 = Steady state | 登録済み = Registered | 清水祥平 = Shohei Shimizu | 残業手当調整 = Overtime pay adjustment | 13,528円 = 13,528 yen | 调整 = Adjustment | 未処理 = Unprocessed | 津田将太 = Shota Tsuda | 役職手当新設 = New position-based allowance established. | 22,166円 = 22,166 yen | 定常 = Steady state | 未処理 = Unprocessed | 寺本真由 = Mayu Teramoto | 役職手当新設 = New position-based allowance established. | 22,166円 = 22,166 yen | 定常 = Steady state | 未处理 = unresolved | 遠山健一 = Kenichi Toyama | 役職手当新設 = New position-based allowance established. | 22,166円 = 22,166 yen | 定常 = Steady state | 未处理 = unresolved | 津田将太 = Shota Tsuda | 役職手当新設 = New position-based allowance established. | 22,166円 = 22,166 yen | 定常 = Steady state | 未处理 = unresolve","HR (Human Resources and Payroll) System HR (Human Resources and Payroll) System aa rate human resources HR (Human Resources and Payroll) System FY2026・Human Resources Department Mari Tanaka, Human Resources Manager Field Human resources operations Takuya Aoki Transportation expense settlement 5,643 yen Steady state Unprocessed ● Dashboard Nana Shimada Training expenses 55,179 yen Steady state unresolved Expense reimbursement and payroll changes Nana Shimada Entertainment expenses 96,317 yen adjustment unresolved Attendance and leave application Kenichi Toyama Consumables cost 12,572 yen Steady state Unprocessed ● Onboarding procedures Ryosuke Kirishima Business trip expenses 57,547 yen Steady state Unprocessed ● Application for employee benefits ● Resident tax and other taxes Kenichi Toyama Abolition of position allowances 9,569 yen Steady state Registered Shohei Shimizu Overtime pay adjustment 13,528 yen Adjustment Unprocessed Shota Tsuda New position-based allowance established. 22,166 yen Steady state Unprocessed Mayu Teramoto New position-based allowance established. 22,166 yen Steady state unresolved Kenichi Toyama New position-based allowance established. 22,166 yen Steady state unresolved Shota Tsuda New position-based allowance established. 22,166 yen Steady state unresolved Shohei Shimizu Abolition of position allowances 9,569 yen Steady state Unprocessed Shota Tsuda Salary increase 11,631 yen Steady state Unprocessed Shota Tsuda Salary increase 11,631 yen Steady state Unprocessed Mayu Teramoto Salary increase 11,631 yen Steady state Unprocessed Takuya Aoki Abolition of position allowances 9,569 yen Steady state Unprocessed Ishida Mina Change in dependent deduction Steady state P4-07047510-001: Registration confirmed.
HR (Human Resources and Payroll) System HR (Human Resources and Payroll) System aa human resources HR (Human Resources and Payroll) System FY2026・Human Resources Department 2026/07/01 23:13:48 Mari Tanaka, Human Resources Manager Field Hoshich",/payroll-items,employee id | amount | status | processing comment | type | department | resident tax | attendance,hold | unprocessed,Notepad/text | Word/document,word_assisted,0.9717259662520603
pi,payroll_change,ses_20260701-175258-LAPTOP-76QMG9DE::9,ses_20260701-175258-LAPTOP-76QMG9DE,"HR人事給与システム = HR (Human Resources and Payroll) System | HR人事給与システム = HR (Human Resources and Payroll) System | aあ = aa | 人事 = human resources | HR人事給与システム = HR (Human Resources and Payroll) System | 2026年度·人事部門 = FY2026・Human Resources Department | 2026/07/0123:24:36 田中麻里·人事マネージャー = 2026/07/01 23:24:36 Mari Tanaka, Human Resources Manager | 田 = Field | 人事業務 = Human resources operations | 石田美奈 = Ishida Mina | 出張旅費 = Business trip expenses | 29,289円 = 29,289 yen | 定常 = Steady state | 未処理 = Unprocessed | ダッシュボード = Dashboard | 菊池理惠 = Rie Kikuchi | 交通費精算 = Transportation expense settlement | 15,570円 = 15,570 yen | 定常 = Steady state | 未処理 = Unprocessed | 経費精算·給与変更 = Expense reimbursement and payroll changes | 坂本裕二 = Yuji Sakamoto | 研修費 = Training expenses | 11,116円 = 11,116 yen | 定常 = Steady state | 未処理 = Unprocessed | 勤怠・休暇申請 = Attendance and leave application | 菊池理惠 = Rie Kikuchi | 昇給 = Salary increase | 16,288円 = 16,288 yen | 定常 = Steady state | 未処理 = Unprocessed | 入社手続き = Onboarding procedures | 福利厚生申請 = Employee benefits application | 青木拓也 = Takuya Aoki | 役職手当廃止 = Abolition of position allowances | 17,344円 = 17,344 yen | 定常 = Steady state | 未処理 = Unprocessed | ●住民税・その他 = ● Resident tax and other taxes | 桐島凉介 = Ryosuke Kirishima | 役職手当廃止 = Abolition of position allowances | 17,344円 = 17,344 yen | 定常 = Steady state | 未処理 = Unprocessed | 江口さくら = Sakura Eguchi | 役職手当廃止 = Abolition of position allowances | 17,344円 = 17,344 yen | 定常 = Steady state | 未処理 = Unprocessed | 岡田智也 = Tomoya Okada | 昇給 = Salary increase | 16,288円 = 16,288 yen | 定常 = Steady state | 未処理 = Unprocessed | 遠山健一 = Kenichi Toyama | 扶養控除変更 = Change in dependent deduction | 定常 = Steady state | 未処理 = Unprocessed | 青木拓也 = Takuya Aoki | 役職手当廃止 = Abolition of position allowances | 17,344円 = 17,344 yen | 定常 = Steady state | 未処理 = Unprocessed | 岡田智也 = Tomoya Okada | 役職手当新設 = New position-based allowance established. | 12,922円 = 12,922 yen | 定常 = Steady state | 未処理 = Unprocessed | 石田美奈 = Ishida Mina | 役職手当廃止 = Aboli","HR (Human Resources and Payroll) System HR (Human Resources and Payroll) System aa human resources HR (Human Resources and Payroll) System FY2026・Human Resources Department 2026/07/01 23:24:36 Mari Tanaka, Human Resources Manager Field Human resources operations Ishida Mina Business trip expenses 29,289 yen Steady state Unprocessed Dashboard Rie Kikuchi Transportation expense settlement 15,570 yen Steady state Unprocessed Expense reimbursement and payroll changes Yuji Sakamoto Training expenses 11,116 yen Steady state Unprocessed Attendance and leave application Rie Kikuchi Salary increase 16,288 yen Steady state Unprocessed Onboarding procedures Employee benefits application Takuya Aoki Abolition of position allowances 17,344 yen Steady state Unprocessed ● Resident tax and other taxes Ryosuke Kirishima Abolition of position allowances 17,344 yen Steady state Unprocessed Sakura Eguchi Abolition of position allowances 17,344 yen Steady state Unprocessed Tomoya Okada Salary increase 16,288 yen Steady state Unprocessed Kenichi Toyama Change in dependent deduction Steady state Unprocessed Takuya Aoki Abolition of position allowances 17,344 yen Steady state Unprocessed Tomoya Okada New position-based allowance established. 12,922 yen Steady state Unprocessed Ishida Mina Abolition of position allowances 17,344 yen Steady state Unprocessed Nana Shimada Salary increase 16,288 yen Steady state Unprocessed Sakura Eguchi Salary increase 16,288 yen Steady state Unprocessed Daiki Ueno Abolition of position allowances 17,344 yen Steady state Unprocessed P1-07089771-002: Registration confirmed. Self
Settlement confirmation memo Field A Settlement confirmation memo Expense reimbursement confirmed. Expense category: Entertainment and hospitality expenses. Amount: 129,596 yen. Confirmed to be within regulations. Self
Settlement confirmation memo Field A Settlement confirmation memo Expense reimbursement confirmed. Expense category: Entertainment and hospitality expenses. Amount: 129,",/payroll-items,employee id | full name | name | amount | status | processing comment | category | type | department | resident tax | attendance,approve | hold | awaiting_processing | unprocessed,Notepad/text,notepad_assisted,0.9234880433000715
pi,payroll_change,ses_20260701-175258-LAPTOP-76QMG9DE::11,ses_20260701-175258-LAPTOP-76QMG9DE,"HR人事給与システム = HR (Human Resources and Payroll) System | HR人事給与システム = HR (Human Resources and Payroll) System | aあ = aa | 串 = skewer | 人事 = human resources | HR人事給与システム = HR (Human Resources and Payroll) System | 2026年度·人事部門 = FY2026・Human Resources Department | 田中麻里・人事マネージャー = Mari Tanaka, Human Resources Manager | 田 = Field | 人事業務 = Human resources operations | 石田美奈 = Ishida Mina | 出張旅費 = Business trip expenses | 29,289円 = 29,289 yen | 定常 = Steady state | 未処理 = Unprocessed | ダッシュボード = Dashboard | 菊池理恵 = Rie Kikuchi | 交通費精算 = Transportation expense settlement | 15,570円 = 15,570 yen | 定常 = Steady state | 未処理 = Unprocessed | 経費精算·給与変更 = Expense reimbursement and payroll changes | 坂本裕二 = Yuji Sakamoto | 研修費 = Training expenses | 11,116円 = 11,116 yen | 定常 = Steady state | 未処理 = Unprocessed | 勤怠・休暇申請 = Attendance and leave application | 菊池理恵 = Rie Kikuchi | 昇給 = Salary increase | 16,288円 = 16,288 yen | 定常 = Steady state | 未処理 = Unprocessed | 入社手続き = Onboarding procedures | 青木拓也 = Takuya Aoki | 役職手当廃止 = Abolition of position allowances | 17,344円 = 17,344 yen | 定常 = Steady state | 福利厚生申請 = Employee benefits application | 未処理 = Unprocessed | 住民税・その他 = Resident tax and other taxes | 桐島凉介 = Ryosuke Kirishima | 役職手当廃止 = Abolition of position allowances | 17,344円 = 17,344 yen | 定常 = Steady state | 未処理 = Unprocessed | 江口さくら = Sakura Eguchi | 役職手当廃止 = Abolition of position allowances | 17,344円 = 17,344 yen | 定常 = Steady state | 未処理 = Unprocessed | 岡田智也 = Tomoya Okada | 昇給 = Salary increase | 16,288円 = 16,288 yen | 定常 = Steady state | 未処理 = Unprocessed | 遠山健一 = Kenichi Toyama | 扶養控除変更 = Change in dependent deduction | 定常 = Steady state | 未処理 = Unprocessed | 青木拓也 = Takuya Aoki | 役職手当廃止 = Abolition of position allowances | 17,344円 = 17,344 yen | 定常 = Steady state | 未処理 = Unprocessed | 岡田智也 = Tomoya Okada | 役職手当新設 = New position-based allowance established. | 12,922円 = 12,922 yen | 定常 = Steady state | 未処理 = Unprocessed | 石田美奈 = Ishida Mina | 役職手当廃止 = Abolition of position allowances |","HR (Human Resources and Payroll) System HR (Human Resources and Payroll) System aa skewer human resources HR (Human Resources and Payroll) System FY2026・Human Resources Department Mari Tanaka, Human Resources Manager Field Human resources operations Ishida Mina Business trip expenses 29,289 yen Steady state Unprocessed Dashboard Rie Kikuchi Transportation expense settlement 15,570 yen Steady state Unprocessed Expense reimbursement and payroll changes Yuji Sakamoto Training expenses 11,116 yen Steady state Unprocessed Attendance and leave application Rie Kikuchi Salary increase 16,288 yen Steady state Unprocessed Onboarding procedures Takuya Aoki Abolition of position allowances 17,344 yen Steady state Employee benefits application Unprocessed Resident tax and other taxes Ryosuke Kirishima Abolition of position allowances 17,344 yen Steady state Unprocessed Sakura Eguchi Abolition of position allowances 17,344 yen Steady state Unprocessed Tomoya Okada Salary increase 16,288 yen Steady state Unprocessed Kenichi Toyama Change in dependent deduction Steady state Unprocessed Takuya Aoki Abolition of position allowances 17,344 yen Steady state Unprocessed Tomoya Okada New position-based allowance established. 12,922 yen Steady state Unprocessed Ishida Mina Abolition of position allowances 17,344 yen Steady state Unprocessed Nana Shimada Salary increase 16,288 yen Steady state Unprocessed Sakura Eguchi Salary increase 16,288 yen Steady state Unprocessed Daiki Ueno Abolition of position allowances 17,344 yen Steady state Unprocessed P1-07089771-005: Registration confirmed.
Settlement confirmation memo Field A Settlement confirmation memo Expense reimbursement confirmed. Expense category: Entertainment and hospitality expenses. Amount: 129,596 yen. Confirmed to be within regulations. neck
Settlement confirmation memo Field A Settlement confirmation memo Expense reimbursement confirmed. Expense category: Entertainment and hospitality expenses. Amount: 60,936 yen. Confirmed to",/payroll-items,employee id | full name | name | amount | status | processing comment | category | type | department | resident tax | attendance,approve | hold | awaiting_processing | unprocessed,Notepad/text | Word/document,word_assisted,0.9430390323485277
pi,payroll_change,ses_20260701-175747-SIDDHIGUPTAB00B::6,ses_20260701-175747-SIDDHIGUPTAB00B,"HR人事給与システム = HR (Human Resources and Payroll) System | HR人事給与システム = HR (Human Resources and Payroll) System | aあA = aaA | 人事 = human resources | HR人事給与システム = HR (Human Resources and Payroll) System | 2026年度·人事部門 = FY2026・Human Resources Department | 田中 麻里・人事マネージャー = Mari Tanaka, Human Resources Manager | 田 = Field | 上野大樹 = Daiki Ueno | 役職手当新設 = New position-based allowance established. | 44,338円 = 44,338 yen | 定常 = Steady state | 未処理 = Unprocessed | 人事業務 = Human resources operations | 津田将太 = Shota Tsuda | 昇給 = Salary increase | 19,390円 = 19,390 yen | 定常 = Steady state | 未処理 = Unprocessed | ● ダッシュボード = ● Dashboard | 寺本真由 = Mayu Teramoto | 扶養控除変更 = Change in dependent deduction | 定常 = Steady state | 未処理 = Unprocessed | 経費精算・給与変更 = Expense reimbursement and payroll changes | 勤怠・休暇申請 = Attendance and leave application | 遠山健一 = Kenichi Toyama | 役職手当新設 = New position-based allowance established. | 44,338円 = 44,338 yen | 定常 = Steady state | 未処理 = Unprocessed | ● 入社手続き = ● Onboarding procedures | 詳細 — P1-07106250-001· 寺本 真由 = Details — P1-07106250-001 · Mayu Teramoto | ●福利厚生申請 = ● Application for employee benefits | 未処理 = Unprocessed | ● 住民税・その他 = ● Resident tax and other taxes | 管理ID = Management ID | 社員ID = Employee ID | 区分 = classification | 接待交際費 = Entertainment expenses | 種別 = type | 調整 = adjustment | 金額 = Amount | 90,198円 = 90,198 yen | ステータス = status | 未処理 = Unprocessed | 参照：申請者区分：manager 承認権限：役員 = Reference: Applicant category: manager Approval authority: officer | 処理コメント = Processing comments | 経費精算確認済み。費目：接待交際費 = Expense reimbursement confirmed. Expense category: Entertainment and hospitality expenses | 金額：90,198円。規程内であることを確認した。 = Amount: 90,198 yen. Confirmed to be within the regulations. | ✓ 登録確定 = ✓ Registration confirmed | ""保留 = &quot;on hold
HR人事給与システム = HR (Human Resources and Payroll) System | HR人事給与システム = HR (Human Resources and Payroll) System | aあA = aaA | 人事 = human resources | HR人事給与システム = HR (Human Resources and Payroll) System | 2026年度·人事部門 = FY2026・","HR (Human Resources and Payroll) System HR (Human Resources and Payroll) System aaA human resources HR (Human Resources and Payroll) System FY2026・Human Resources Department Mari Tanaka, Human Resources Manager Field Daiki Ueno New position-based allowance established. 44,338 yen Steady state Unprocessed Human resources operations Shota Tsuda Salary increase 19,390 yen Steady state Unprocessed ● Dashboard Mayu Teramoto Change in dependent deduction Steady state Unprocessed Expense reimbursement and payroll changes Attendance and leave application Kenichi Toyama New position-based allowance established. 44,338 yen Steady state Unprocessed ● Onboarding procedures Details — P1-07106250-001 · Mayu Teramoto ● Application for employee benefits Unprocessed ● Resident tax and other taxes Management ID Employee ID classification Entertainment expenses type adjustment Amount 90,198 yen status Unprocessed Reference: Applicant category: manager Approval authority: officer Processing comments Expense reimbursement confirmed. Expense category: Entertainment and hospitality expenses Amount: 90,198 yen. Confirmed to be within the regulations. ✓ Registration confirmed &quot;on hold
HR (Human Resources and Payroll) System HR (Human Resources and Payroll) System aaA human resources HR (Human Resources and Payroll) System FY2026・Human Resources Department 2026/07/01 23:29:29 Mari Tanaka, Human Resources Manager Field Daiki Ueno New position-based allowance established. 44,338 yen Steady state Unprocessed Human resources operations Shota Tsuda Salary increase 19,390 yen Steady state Unprocessed ● Dashboard Mayu Teramoto Change in dependent deduction Steady state Unprocessed Expense reimbursement and payroll changes Attendance and leave application Kenichi Toyama New position-based allowance established. 44,338 yen Steady state Unprocessed ● Onboarding procedures Details — P1-07106250-002 · Takuya Aoki ● Application for employee benefits Unprocessed ● Resident tax and other taxes Managem",/payroll-items,employee id | amount | status | processing comment | category | type | department | resident tax | attendance,approve | hold | unprocessed,Notepad/text | Word/document,word_assisted,0.9651189662259201
pi,payroll_change,ses_20260701-175747-SIDDHIGUPTAB00B::7,ses_20260701-175747-SIDDHIGUPTAB00B,"HR人事給与システム = HR (Human Resources and Payroll) System | HR人事給与システム = HR (Human Resources and Payroll) System | aあA = aaA | 人事 = human resources | HR人事給与システム = HR (Human Resources and Payroll) System | 2026年度·人事部門 = FY2026・Human Resources Department | 田中 麻里・人事マネージャー = Mari Tanaka, Human Resources Manager | 田 = Field | 上野大樹 = Daiki Ueno | 役職手当新設 = New position-based allowance established. | 44,338円 = 44,338 yen | 定常 = Steady state | 未処理 = Unprocessed | 人事業務 = Human resources operations | 津田将太 = Shota Tsuda | 昇給 = Salary increase | 19,390円 = 19,390 yen | 定常 = Steady state | 未処理 = Unprocessed | ● ダッシュボード = ● Dashboard | 寺本真由 = Mayu Teramoto | 扶養控除変更 = Change in dependent deduction | 定常 = Steady state | 未処理 = Unprocessed | 経費精算・給与変更 = Expense reimbursement and payroll changes | 勤怠・休暇申請 = Attendance and leave application | 遠山健一 = Kenichi Toyama | 役職手当新設 = New position-based allowance established. | 44,338円 = 44,338 yen | 定常 = Steady state | 未処理 = Unprocessed | ● 入社手続き = ● Onboarding procedures | 詳細 — P1-07106250-003 · 寺本 真由 = Details — P1-07106250-003 · Mayu Teramoto | ●福利厚生申請 = ● Application for employee benefits | 未処理 = Unprocessed | ● 住民税・その他 = ● Resident tax and other taxes | 管理ID = Management ID | 社員ID = Employee ID | 区分 = classification | 接待交際費 = Entertainment expenses | 種別 = type | 調整 = adjustment | 金額 = Amount | 87,653円 = 87,653 yen | ステータス = status | 未処理 = Unprocessed | 参照：申請者区分：manager 承認権限：役員 = Reference: Applicant category: manager Approval authority: officer | 処理コメント = Processing comments | 経費精算確認済み。費目：接待交際費 = Expense reimbursement confirmed. Expense category: Entertainment and hospitality expenses | 金額：87,653円。規程内であることを確認した。 = Amount: 87,653 yen. Confirmed to be within the regulations. | ✓ 登録確定 = ✓ Registration confirmed | ""保留 = &quot;on hold","HR (Human Resources and Payroll) System HR (Human Resources and Payroll) System aaA human resources HR (Human Resources and Payroll) System FY2026・Human Resources Department Mari Tanaka, Human Resources Manager Field Daiki Ueno New position-based allowance established. 44,338 yen Steady state Unprocessed Human resources operations Shota Tsuda Salary increase 19,390 yen Steady state Unprocessed ● Dashboard Mayu Teramoto Change in dependent deduction Steady state Unprocessed Expense reimbursement and payroll changes Attendance and leave application Kenichi Toyama New position-based allowance established. 44,338 yen Steady state Unprocessed ● Onboarding procedures Details — P1-07106250-003 · Mayu Teramoto ● Application for employee benefits Unprocessed ● Resident tax and other taxes Management ID Employee ID classification Entertainment expenses type adjustment Amount 87,653 yen status Unprocessed Reference: Applicant category: manager Approval authority: officer Processing comments Expense reimbursement confirmed. Expense category: Entertainment and hospitality expenses Amount: 87,653 yen. Confirmed to be within the regulations. ✓ Registration confirmed &quot;on hold",/payroll-items,employee id | amount | status | processing comment | category | type | department | resident tax | attendance,approve | hold | unprocessed,Notepad/text | Word/document,word_assisted,0.9655493665700672
pi,payroll_change,ses_20260701-175747-SIDDHIGUPTAB00B::30,ses_20260701-175747-SIDDHIGUPTAB00B,"HR人事給与システム = HR (Human Resources and Payroll) System | HR人事給与システム = HR (Human Resources and Payroll) System | aあA = aaA | 人事 = human resources | HR人事給与システム = HR (Human Resources and Payroll) System | 2026年度·人事部門 = FY2026・Human Resources Department | 田中 麻里・人事マネージャー = Mari Tanaka, Human Resources Manager | 田 = Field | 上野大樹 = Daiki Ueno | 役職手当新設 = New position-based allowance established. | 44,338円 = 44,338 yen | 定常 = Steady state | 未処理 = Unprocessed | 人事業務 = Human resources operations | 津田将太 = Shota Tsuda | 昇給 = Salary increase | 19,390円 = 19,390 yen | 定常 = Steady state | 未処理 = Unprocessed | ● ダッシュボード = ● Dashboard | 寺本 真由 = Mayu Teramoto | 扶養控除変更 = Change in dependent deduction | 定常 = Steady state | 未処理 = Unprocessed | 経費精算・給与変更 = Expense reimbursement and payroll changes | 勤怠・休暇申請 = Attendance and leave application | 遠山健一 = Kenichi Toyama | 役職手当新設 = New position-based allowance established. | 44,338円 = 44,338 yen | 定常 = Steady state | 未処理 = Unprocessed | ● 入社手続き = ● Onboarding procedures | 詳細 —P1-07106250-006·河野 明日香 = Details — P1-07106250-006 · Asuka Kono | ●福利厚生申請 = ● Application for employee benefits | 未処理 = Unprocessed | ● 住民税・その他 = ● Resident tax and other taxes | 管理ID = Management ID | 社員ID = Employee ID | 区分 = classification | 出張旅費 = Business trip expenses | 種別 = type | 定常 = Steady state | 金額 = Amount | 36,925円 = 36,925 yen | ステータス = status | 未処理 = Unprocessed | 参照：申請者区分：regular = Reference: Applicant classification: regular | 承認権限：部門長 = Approval authority: Department head | 処理コメント = Processing comments | 処理内容・確認コメントを入力してください… = Please enter the processing details and confirmation comments... | ✓ 登録確定 = ✓ Registration confirmed | ""保留 = &quot;on hold","HR (Human Resources and Payroll) System HR (Human Resources and Payroll) System aaA human resources HR (Human Resources and Payroll) System FY2026・Human Resources Department Mari Tanaka, Human Resources Manager Field Daiki Ueno New position-based allowance established. 44,338 yen Steady state Unprocessed Human resources operations Shota Tsuda Salary increase 19,390 yen Steady state Unprocessed ● Dashboard Mayu Teramoto Change in dependent deduction Steady state Unprocessed Expense reimbursement and payroll changes Attendance and leave application Kenichi Toyama New position-based allowance established. 44,338 yen Steady state Unprocessed ● Onboarding procedures Details — P1-07106250-006 · Asuka Kono ● Application for employee benefits Unprocessed ● Resident tax and other taxes Management ID Employee ID classification Business trip expenses type Steady state Amount 36,925 yen status Unprocessed Reference: Applicant classification: regular Approval authority: Department head Processing comments Please enter the processing details and confirmation comments... ✓ Registration confirmed &quot;on hold",/payroll-items,employee id | amount | status | processing comment | type | department | resident tax | attendance,approve | hold | unprocessed,Notepad/text | Word/document,word_assisted,0.9596022439414057
pi,payroll_change,ses_20260701-175747-SIDDHIGUPTAB00B::31,ses_20260701-175747-SIDDHIGUPTAB00B,"HR人事給与システム = HR (Human Resources and Payroll) System | HR人事給与システム = HR (Human Resources and Payroll) System | aあA = aaA | 人事 = human resources | HR人事給与システム = HR (Human Resources and Payroll) System | 2026年度·人事部門 = FY2026・Human Resources Department | 田中 麻里・人事マネージャー = Mari Tanaka, Human Resources Manager | 田 = Field | 人事業務 = Human resources operations | 菊池理恵 = Rie Kikuchi | 出張旅費 = Business trip expenses | 51,236円 = 51,236 yen | 定常 = Steady state | 未処理 = Unprocessed | ● ダッシュボード = ● Dashboard | 清水 祥平 = Shohei Shimizu | 出張旅費 = Business trip expenses | 49,027円 = 49,027 yen | 定常 = Steady state | 未処理 = Unprocessed | 経費精算・給与変更 = Expense reimbursement and payroll changes | 坂本裕二 = Yuji Sakamoto | 昇給 = Salary increase | 19,390円 = 19,390 yen | 定常 = Steady state | 未処理 = Unprocessed | 勤怠・休暇申請 = Attendance and leave application | 島田奈々 = Nana Shimada | 残業手当調整 = Overtime pay adjustment | 14,558円 = 14,558 yen | 調整 = adjustment | 未処理 = Unprocessed | ● 入社手続き = ● Onboarding procedures | ● 福利厚生申請 = ● Application for employee benefits | 岡田智也 = Tomoya Okada | 役職手当廃止 = Abolition of position allowances | 9,122円 = 9,122 yen | 定常 = Steady state | 未処理 = Unprocessed | ● 住民税・その他 = ● Resident tax and other taxes | 竹内彩子 = Ayako Takeuchi | 役職手当新設 = New position-based allowance established. | 44,338円 = 44,338 yen | 定常 = Steady state | 未処理 = Unprocessed | 清水 祥平 = Shohei Shimizu | 役職手当新設 = New position-based allowance established. | 44,338円 = 44,338 yen | 定常 = Steady state | 未処理 = Unprocessed | 寺本 真由 = Mayu Teramoto | 役職手当廃止 = Abolition of position allowances | 9,122円 = 9,122 yen | 定常 = Steady state | 未処理 = Unprocessed | 上野大樹 = Daiki Ueno | 昇給 = Salary increase | 19,390円 = 19,390 yen | 定常 = Steady state | 未処理 = Unprocessed | 遠山健一 = Kenichi Toyama | 扶養控除変更 = Change in dependent deduction | 定常 = Steady state | 未処理 = Unprocessed | 上野大樹 = Daiki Ueno | 役職手当新設 = New position-based allowance established. | 44,338円 = 44,338 yen | 定常 = Steady state | 未処理 = Unprocessed | 津田将太 = Shota Tsuda | 昇給 = Salary increase ","HR (Human Resources and Payroll) System HR (Human Resources and Payroll) System aaA human resources HR (Human Resources and Payroll) System FY2026・Human Resources Department Mari Tanaka, Human Resources Manager Field Human resources operations Rie Kikuchi Business trip expenses 51,236 yen Steady state Unprocessed ● Dashboard Shohei Shimizu Business trip expenses 49,027 yen Steady state Unprocessed Expense reimbursement and payroll changes Yuji Sakamoto Salary increase 19,390 yen Steady state Unprocessed Attendance and leave application Nana Shimada Overtime pay adjustment 14,558 yen adjustment Unprocessed ● Onboarding procedures ● Application for employee benefits Tomoya Okada Abolition of position allowances 9,122 yen Steady state Unprocessed ● Resident tax and other taxes Ayako Takeuchi New position-based allowance established. 44,338 yen Steady state Unprocessed Shohei Shimizu New position-based allowance established. 44,338 yen Steady state Unprocessed Mayu Teramoto Abolition of position allowances 9,122 yen Steady state Unprocessed Daiki Ueno Salary increase 19,390 yen Steady state Unprocessed Kenichi Toyama Change in dependent deduction Steady state Unprocessed Daiki Ueno New position-based allowance established. 44,338 yen Steady state Unprocessed Shota Tsuda Salary increase 19,390 yen Steady state Unprocessed Mayu Teramoto Change in dependent deduction Steady state Unprocessed Kenichi Toyama New position-based allowance established. 44,338 yen Steady state GotP107106250-006v has been registered.
HR (Human Resources and Payroll) System HR (Human Resources and Payroll) System aaA human resources HR (Human Resources and Payroll) System FY2026・Human Resources Department Mari Tanaka, Human Resources Manager Field Mayu Teramoto Entertainment expenses 90,198 yen adjustment Registered Human resources operations ● Dashboard Takuya Aoki Transportation expense settlement 21,668 yen Steady state Registered Expense reimbursement and payroll changes Mayu Teramoto Entertai",/payroll-items,department | resident tax | attendance,unprocessed,Notepad/text | Word/document,word_assisted,0.9780629581862017
pi,payroll_change,ses_20260701-175747-SIDDHIGUPTAB00B::38,ses_20260701-175747-SIDDHIGUPTAB00B,"HR人事給与システム = HR (Human Resources and Payroll) System | HR人事給与システム = HR (Human Resources and Payroll) System | aあA = aaA | 人事 = human resources | HR人事給与システム = HR (Human Resources and Payroll) System | 2026年度·人事部門 = FY2026・Human Resources Department | 田中麻里・人事マネージャー = Mari Tanaka, Human Resources Manager | 田 = Field | 寺本 真由 = Mayu Teramoto | 接待交際費 = Entertainment expenses | 87,653円 = 87,653 yen | 調整 = adjustment | 登録済み = Registered | 人事業務 = Human resources operations | ● ダッシュボード = ● Dashboard | 河野明日香 = Asuka Kono | 交通費精算 = Transportation expense settlement | 19,396円 = 19,396 yen | 定常 = Steady state | 登録済み = Registered | 経費精算・給与変更 = Expense reimbursement and payroll changes | 津田将太 = Shota Tsuda | 交通費精算 = Transportation expense settlement | 21,043円 = 21,043 yen | 定常 = Steady state | 登録済み = Registered | 勤怠・休暇申請 = Attendance and leave application | 河野明日香 = Asuka Kono | 出張旅費 = Business trip expenses | 36,925円 = 36,925 yen | 定常 = Steady state | 登録済み = Registered | ● 入社手続き = ● Onboarding procedures | 坂本裕二 = Yuji Sakamoto | 研修費 = Training expenses | 35,614円 = 35,614 yen | 定常 = Steady state | 登録済み = Registered | ●福利厚生申請 = ● Application for employee benefits | ● 住民税・その他 = ● Resident tax and other taxes | 河野明日香 = Asuka Kono | 消耗品費 = Consumables cost | 23,982円 = 23,982 yen | 定常 = Steady state | 登録済み = Registered | 寺本 真由 = Mayu Teramoto | 消耗品費 = Consumables cost | 23,007円 = 23,007 yen | 定常 = Steady state | 登録済み = Registered | 上野大樹 = Daiki Ueno | 接待交際費 = Entertainment expenses | 135,181円 = 135,181 yen | 調整 = adjustment | 未処理 = Unprocessed | 菊池理恵 = Rie Kikuchi | 出張旅費 = Business trip expenses | 51,236円 = 51,236 yen | 定常 = Steady state | 未処理 = Unprocessed | 清水 祥平 = Shohei Shimizu | 出張旅費 = Business trip expenses | 49,027円 = 49,027 yen | 定常 = Steady state | 未処理 = Unprocessed | 坂本裕二 = Yuji Sakamoto | 昇給 = Salary increase | 19,390円 = 19,390 yen | 定常 = Steady state | 未処理 = Unprocessed | 島田奈々 = Nana Shimada | 残業手当調整 = Overtime pay adjustment | 14,558円 = 14,558 yen | 調整 = adjustment | 未処理 = U","HR (Human Resources and Payroll) System HR (Human Resources and Payroll) System aaA human resources HR (Human Resources and Payroll) System FY2026・Human Resources Department Mari Tanaka, Human Resources Manager Field Mayu Teramoto Entertainment expenses 87,653 yen adjustment Registered Human resources operations ● Dashboard Asuka Kono Transportation expense settlement 19,396 yen Steady state Registered Expense reimbursement and payroll changes Shota Tsuda Transportation expense settlement 21,043 yen Steady state Registered Attendance and leave application Asuka Kono Business trip expenses 36,925 yen Steady state Registered ● Onboarding procedures Yuji Sakamoto Training expenses 35,614 yen Steady state Registered ● Application for employee benefits ● Resident tax and other taxes Asuka Kono Consumables cost 23,982 yen Steady state Registered Mayu Teramoto Consumables cost 23,007 yen Steady state Registered Daiki Ueno Entertainment expenses 135,181 yen adjustment Unprocessed Rie Kikuchi Business trip expenses 51,236 yen Steady state Unprocessed Shohei Shimizu Business trip expenses 49,027 yen Steady state Unprocessed Yuji Sakamoto Salary increase 19,390 yen Steady state Unprocessed Nana Shimada Overtime pay adjustment 14,558 yen adjustment Unprocessed Tomoya Okada Abolition of position allowances 9,122 yen Steady state Unprocessed Ayako Takeuchi New position-based allowance established. 44,338 yen Steady state Shohei Shimizu New position-based allowance established. 44,338 yen Steady state Unprocessed
HR (Human Resources and Payroll) System HR (Human Resources and Payroll) System aaA rate human resources HR (Human Resources and Payroll) System FY2026・Human Resources Department Mari Tanaka, Human Resources Manager Field Human resources operations Rie Kikuchi Business trip expenses 51,236 yen Steady state Unprocessed ● Dashboard Shohei Shimizu Business trip expenses 49,027 yen Steady state Unprocessed Expense reimbursement and payroll changes Yuji Sakamoto Salary increas",/payroll-items,department | resident tax | attendance,unprocessed,Notepad/text | Word/document,word_assisted,0.9731583162122204
pi,payroll_change,ses_20260701-175747-SIDDHIGUPTAB00B::39,ses_20260701-175747-SIDDHIGUPTAB00B,"HR人事給与システム = HR (Human Resources and Payroll) System | HR人事給与システム = HR (Human Resources and Payroll) System | aあA = aaA | 人事 = human resources | HR人事給与システム = HR (Human Resources and Payroll) System | 2026年度·人事部門 = FY2026・Human Resources Department | 田中 麻里・人事マネージャー = Mari Tanaka, Human Resources Manager | 田 = Field | 河野明日香 = Asuka Kono | 交通費精算 = Transportation expense settlement | 19,396円 = 19,396 yen | 定常 = Steady state | 登録済み = Registered | 人事業務 = Human resources operations | ● ダッシュボード = ● Dashboard | 津田将太 = Shota Tsuda | 交通費精算 = Transportation expense settlement | 21,043円 = 21,043 yen | 定常 = Steady state | 登録済み = Registered | 経費精算・給与変更 = Expense reimbursement and payroll changes | 河野明日香 = Asuka Kono | 出張旅費 = Business trip expenses | 36,925円 = 36,925 yen | 定常 = Steady state | 登録済み = Registered | 勤怠・休暇申請 = Attendance and leave application | 坂本裕二 = Yuji Sakamoto | 研修費 = Training expenses | 35,614円 = 35,614 yen | 定常 = Steady state | 登録済み = Registered | ● 入社手続き = ● Onboarding procedures | 河野明日香 = Asuka Kono | 消耗品費 = Consumables cost | 23,982円 = 23,982 yen | 定常 = Steady state | 登録済み = Registered | ●福利厚生申請 = ● Application for employee benefits | ● 住民税・その他 = ● Resident tax and other taxes | 寺本 真由 = Mayu Teramoto | 消耗品費 = Consumables cost | 23,007円 = 23,007 yen | 定常 = Steady state | 登録済み = Registered | 上野大樹 = Daiki Ueno | 接待交際費 = Entertainment expenses | 135,181円 = 135,181 yen | 調整 = adjustment | 登録済み = Registered | 菊池理恵 = Rie Kikuchi | 出張旅費 = Business trip expenses | 51,236円 = 51,236 yen | 定常 = Steady state | 未処理 = Unprocessed | 清水 祥平 = Shohei Shimizu | 出張旅費 = Business trip expenses | 49,027円 = 49,027 yen | 定常 = Steady state | 未処理 = Unprocessed | 坂本裕二 = Yuji Sakamoto | 昇給 = Salary increase | 19,390円 = 19,390 yen | 定常 = Steady state | 未処理 = Unprocessed | 島田奈々 = Nana Shimada | 残業手当調整 = Overtime pay adjustment | 14,558円 = 14,558 yen | 調整 = adjustment | 未処理 = Unprocessed | 岡田智也 = Tomoya Okada | 役職手当廃止 = Abolition of position allowances | 9,122円 = 9,122 yen | 定常 = Steady state","HR (Human Resources and Payroll) System HR (Human Resources and Payroll) System aaA human resources HR (Human Resources and Payroll) System FY2026・Human Resources Department Mari Tanaka, Human Resources Manager Field Asuka Kono Transportation expense settlement 19,396 yen Steady state Registered Human resources operations ● Dashboard Shota Tsuda Transportation expense settlement 21,043 yen Steady state Registered Expense reimbursement and payroll changes Asuka Kono Business trip expenses 36,925 yen Steady state Registered Attendance and leave application Yuji Sakamoto Training expenses 35,614 yen Steady state Registered ● Onboarding procedures Asuka Kono Consumables cost 23,982 yen Steady state Registered ● Application for employee benefits ● Resident tax and other taxes Mayu Teramoto Consumables cost 23,007 yen Steady state Registered Daiki Ueno Entertainment expenses 135,181 yen adjustment Registered Rie Kikuchi Business trip expenses 51,236 yen Steady state Unprocessed Shohei Shimizu Business trip expenses 49,027 yen Steady state Unprocessed Yuji Sakamoto Salary increase 19,390 yen Steady state Unprocessed Nana Shimada Overtime pay adjustment 14,558 yen adjustment Unprocessed Tomoya Okada Abolition of position allowances 9,122 yen Steady state Unprocessed Ayako Takeuchi New position-based allowance established. 44,338 yen Steady state Unprocessed Shohei Shimizu New position-based allowance established. 44,338 yen Steady state Mayu Teramoto Abolition of position allowances 9,122 yen Steady state Unprocessed",/payroll-items,department | resident tax | attendance,unprocessed,Notepad/text | Word/document,word_assisted,0.9790664098092487
pi,payroll_change,ses_20260701-180923-NEELA9BAF::20,ses_20260701-180923-NEELA9BAF,"財務会計システム = Financial accounting system | 財務会計システム = Financial accounting system | aあA = aaA | 率 = rate | 財務 = finance | 財務会計システム = Financial accounting system | 2026年度·経理部門 = Fiscal Year 2026 - Accounting Department | 佐藤 直樹・経理マネージャー = Naoki Sato, Accounting Manager | 佐 = Sa | 財務会計業務 = Financial accounting operations | ダッシュボードノ経費承認（管理職) = Dashboard expense approval (management) | ● ダッシュボード = ● Dashboard | 経費承認（管理職） = Expense approval (management) | 請求書承認・経費精 = Invoice Approval and Expense Settlement | 12件·5件申請中 = 12 items · 5 applications in progress | 算 = calculation | 申請一覧 = List of applications | ● 経費承認（管理職） = ● Expense approval (management) | ● 支払処理 = ● Payment Processing | 社員ID = Employee ID | 氏名 = full name | 申請種別 = Application Type | 期間・詳細 = Period and details | 部署 = Department | ステータス = status | 予算差異分析 = Budget variance analysis | 河野明日香 = Asuka Kono | 消耗品費 = Consumables cost | 企画部 = Planning Department | 承認 = approval | ● 発注管理 = ● Order Management | 石田 美奈 = Mina Ishida | 研修費 = Training expenses | 開発部 = Development Department | 承認 = approval | 岡田智也 = Tomoya Okada | 出張旅費(複数人） = Business trip expenses (for multiple people) | 物流部 = Logistics department | 承認 = approval | 青木拓也 = Takuya Aoki | 研修費 = Training expenses | 営業部 = Sales Department | 承認 = approval | 竹内彩子 = Ayako Takeuchi | 出張旅費（複数人） = Business trip expenses (for multiple people) | 営業部 = Sales Department | 承認 = approval | 桐島 涼介 = Ryosuke Kirishima | 研修費 = Training expenses | 開発部 = Development Department | 承認 = approval | 岡田智也 = Tomoya Okada | 消耗品費 = Consumables cost | 物流部 = Logistics department | 承認 = approval | 石田 美奈 = Mina Ishida | 消耗品費 = Consumables cost | 開発部 = Development Department | 申請中 = Currently applying | 上野大樹 = Daiki Ueno | 消耗品費 = Consumables cost | 経理部 = Accounting Department | 申請中 = Currently applying | 竹内彩子 = Ayako Takeuchi | 消耗品費 = Consumables cost | 営業部 = Sales Department | 申請中 = Currently applying | 青木拓也 = Takuya Aoki | 出張旅費（複数人） = Business trip expenses (for multiple people) | 営業部 = Sales","Financial accounting system Financial accounting system aaA rate finance Financial accounting system Fiscal Year 2026 - Accounting Department Naoki Sato, Accounting Manager Sa Financial accounting operations Dashboard expense approval (management) ● Dashboard Expense approval (management) Invoice Approval and Expense Settlement 12 items · 5 applications in progress calculation List of applications ● Expense approval (management) ● Payment Processing Employee ID full name Application Type Period and details Department status Budget variance analysis Asuka Kono Consumables cost Planning Department approval ● Order Management Mina Ishida Training expenses Development Department approval Tomoya Okada Business trip expenses (for multiple people) Logistics department approval Takuya Aoki Training expenses Sales Department approval Ayako Takeuchi Business trip expenses (for multiple people) Sales Department approval Ryosuke Kirishima Training expenses Development Department approval Tomoya Okada Consumables cost Logistics department approval Mina Ishida Consumables cost Development Department Currently applying Daiki Ueno Consumables cost Accounting Department Currently applying Ayako Takeuchi Consumables cost Sales Department Currently applying Takuya Aoki Business trip expenses (for multiple people) Sales Department Currently applying Shohei Shimizu Business trip expenses (for multiple people) Development Department Three half-knits Tayoshi (52002)
Financial accounting system Financial accounting system aa A☆ skewer finance Financial accounting system Fiscal Year 2026 - Accounting Department 2026/07/01 23:46:49 Naoki Sato, Accounting Manager Sa Financial accounting operations Dashboard / Expense Approval (for Managers) ● Dashboard Expense approval (management) Invoice Approval and Expense Settlement 12 items・4 items pending calculation List of applications ● Expense approval (management) ● Payment Processing Employee ID full name Application Type Duration/Details Departm",/leave-applications | /payroll-items,employee id | full name | name | amount | status | processing comment | category | type | department | resident tax | attendance,approve | unprocessed,Notepad/text | Word/document,word_assisted,0.9504927154082023
pi,payroll_change,ses_20260701-180923-NEELA9BAF::24,ses_20260701-180923-NEELA9BAF,"HR人事給与システム = HR (Human Resources and Payroll) System | HR人事給与システム = HR (Human Resources and Payroll) System | aあ A☆ = aa A☆ | 率 = rate | 人事 = human resources | HR人事給与システム = HR (Human Resources and Payroll) System | 2026年度·人事部門 = FY2026・Human Resources Department | 田中麻里・人事マネージャー = Mari Tanaka, Human Resources Manager | 田 = Field | 仪哉子白议 = Yako Byakuren | 足市 = Ashiichi | 人事業務 = Human resources operations | 石田美奈 = Ishida Mina | 役職手当廃止 = Abolition of position allowances | 10,214円 = 10,214 yen | 定常 = Steady state | 未処理 = Unprocessed | ● ダッシュボード = ● Dashboard | 坂本裕二 = Yuji Sakamoto | 役職手当新設 = New position-based allowance established. | 29,690円 = 29,690 yen | 定常 = Steady state | 未処理 = Unprocessed | 経費精算・給与変更 = Expense reimbursement and payroll changes | 江口さくら = Sakura Eguchi | 昇給 = Salary increase | 12,914円 = 12,914 yen | 定常 = Steady state | 未処理 = Unprocessed | ● 勤怠・休暇申請 = ● Attendance and leave application | ● 入社手続き = ● Onboarding procedures | 上野大樹 = Daiki Ueno | 昇給 = Salary increase | 12,914円 = 12,914 yen | 定常 = Steady state | 未処理 = Unprocessed | ●福利厚生申請 = ● Application for employee benefits | 上野大樹 = Daiki Ueno | 役職手当新設 = New position-based allowance established. | 29,690円 = 29,690 yen | 定常 = Steady state | 未処理 = Unprocessed | ● 住民税・その他 = ● Resident tax and other taxes | 岡田智也 = Tomoya Okada | 昇給 = Salary increase | 12,914円 = 12,914 yen | 定常 = Steady state | 未処理 = Unprocessed | 詳細 —P1-07048822-005·江口 さくら = Details — P1-07048822-005 · Sakura Eguchi | 未処理 = Unprocessed | 管理ID = Management ID | 社員ID = Employee ID | 区分 = classification | 研修費 = Training expenses | 種別 = type | 定常 = Steady state | 金額 = Amount | 48,073円 = 48,073 yen | ステータス = status | 未処理 = Unprocessed | 参照：申請者区分：regular 承認権限：部門長 = Reference: Applicant category: regular Approval authority: Department head | 処理コメント = Processing comments | 処理内容・確認コメントを入力してください… = Please enter the processing details and confirmation comments... | ✓ 登録確定 = ✓ Registration confirmed | Ⅱ保留 = Ⅱ pending","HR (Human Resources and Payroll) System HR (Human Resources and Payroll) System aa A☆ rate human resources HR (Human Resources and Payroll) System FY2026・Human Resources Department Mari Tanaka, Human Resources Manager Field Yako Byakuren Ashiichi Human resources operations Ishida Mina Abolition of position allowances 10,214 yen Steady state Unprocessed ● Dashboard Yuji Sakamoto New position-based allowance established. 29,690 yen Steady state Unprocessed Expense reimbursement and payroll changes Sakura Eguchi Salary increase 12,914 yen Steady state Unprocessed ● Attendance and leave application ● Onboarding procedures Daiki Ueno Salary increase 12,914 yen Steady state Unprocessed ● Application for employee benefits Daiki Ueno New position-based allowance established. 29,690 yen Steady state Unprocessed ● Resident tax and other taxes Tomoya Okada Salary increase 12,914 yen Steady state Unprocessed Details — P1-07048822-005 · Sakura Eguchi Unprocessed Management ID Employee ID classification Training expenses type Steady state Amount 48,073 yen status Unprocessed Reference: Applicant category: regular Approval authority: Department head Processing comments Please enter the processing details and confirmation comments... ✓ Registration confirmed Ⅱ pending",/payroll-items,employee id | amount | status | processing comment | category | type | department | resident tax | attendance,approve | unprocessed,Notepad/text | Word/document,word_assisted,0.9518946612004152
pi,payroll_change,ses_20260701-180923-NEELA9BAF::30,ses_20260701-180923-NEELA9BAF,"HR人事給与システム = HR (Human Resources and Payroll) System | HR人事給与システム = HR (Human Resources and Payroll) System | aあ A☆ = aa A☆ | 率 = rate | 人事 = human resources | HR人事給与システム = HR (Human Resources and Payroll) System | 2026年度·人事部門 = FY2026・Human Resources Department | 2026/07/01 23:50:58 田中 麻里·人事マネージャー = 2026/07/01 23:50:58 Mari Tanaka, Human Resources Manager | 田 = Field | 议哉子白议 = Yako Hakuren | 足市 = Ashiichi | 人事業務 = Human resources operations | 石田美奈 = Ishida Mina | 役職手当廃止 = Abolition of position allowances | 10,214円 = 10,214 yen | 定常 = Steady state | 未処理 = Unprocessed | ● ダッシュボード = ● Dashboard | 坂本裕二 = Yuji Sakamoto | 役職手当新設 = New position-based allowance established. | 29,690円 = 29,690 yen | 定常 = Steady state | 未処理 = Unprocessed | 経費精算・給与変更 = Expense reimbursement and payroll changes | 江口さくら = Sakura Eguchi | 昇給 = Salary increase | 12,914円 = 12,914 yen | 定常 = Steady state | 未処理 = Unprocessed | ● 勤怠・休暇申請 = ● Attendance and leave application | ● 入社手続き = ● Onboarding procedures | 上野大樹 = Daiki Ueno | 昇給 = Salary increase | 12,914円 = 12,914 yen | 定常 = Steady state | 未処理 = Unprocessed | ●福利厚生申請 = ● Application for employee benefits | 上野大樹 = Daiki Ueno | 役職手当新設 = New position-based allowance established. | 29,690円 = 29,690 yen | 定常 = Steady state | 未処理 = Unprocessed | ● 住民税・その他 = ● Resident tax and other taxes | 岡田智也 = Tomoya Okada | 昇給 = Salary increase | 12,914円 = 12,914 yen | 定常 = Steady state | 未処理 = Unprocessed | 詳細 — P1-07048822-007 ·清水 祥平 = Details — P1-07048822-007 · Shohei Shimizu | 未処理 = Unprocessed | 管理ID = Management ID | 社員ID = Employee ID | 区分 = classification | 研修費 = Training expenses | 種別 = type | 定常 = Steady state | 金額 = Amount | 49,097円 = 49,097 yen | ステータス = status | 未処理 = Unprocessed | 参照：申請者区分：regular 承認権限：部門長 = Reference: Applicant category: regular Approval authority: Department head | 処理コメント = Processing comments | 処理内容・確認コメントを入力してください… = Please enter the processing details and confirmation comments... | ✓ 登録確定 = ✓ Registration confirmed | Ⅱ保留 = Ⅱ p","HR (Human Resources and Payroll) System HR (Human Resources and Payroll) System aa A☆ rate human resources HR (Human Resources and Payroll) System FY2026・Human Resources Department 2026/07/01 23:50:58 Mari Tanaka, Human Resources Manager Field Yako Hakuren Ashiichi Human resources operations Ishida Mina Abolition of position allowances 10,214 yen Steady state Unprocessed ● Dashboard Yuji Sakamoto New position-based allowance established. 29,690 yen Steady state Unprocessed Expense reimbursement and payroll changes Sakura Eguchi Salary increase 12,914 yen Steady state Unprocessed ● Attendance and leave application ● Onboarding procedures Daiki Ueno Salary increase 12,914 yen Steady state Unprocessed ● Application for employee benefits Daiki Ueno New position-based allowance established. 29,690 yen Steady state Unprocessed ● Resident tax and other taxes Tomoya Okada Salary increase 12,914 yen Steady state Unprocessed Details — P1-07048822-007 · Shohei Shimizu Unprocessed Management ID Employee ID classification Training expenses type Steady state Amount 49,097 yen status Unprocessed Reference: Applicant category: regular Approval authority: Department head Processing comments Please enter the processing details and confirmation comments... ✓ Registration confirmed Ⅱ pending",/payroll-items,employee id | amount | status | processing comment | category | type | department | resident tax | attendance,approve | unprocessed,Notepad/text | Word/document,word_assisted,0.9494993189970652
pi,payroll_change,ses_20260701-180923-NEELA9BAF::31,ses_20260701-180923-NEELA9BAF,"HR人事給与システム = HR (Human Resources and Payroll) System | HR人事給与システム = HR (Human Resources and Payroll) System | aあ A☆ = aa A☆ | 率 = rate | 人事 = human resources | HR人事給与システム = HR (Human Resources and Payroll) System | 2026年度·人事部門 = FY2026・Human Resources Department | 田中 麻里・人事マネージャー = Mari Tanaka, Human Resources Manager | 田 = Field | 又成子叹 = Also, Seiko Chun | 足市 = Ashiichi | 人事業務 = Human resources operations | 石田美奈 = Ishida Mina | 役職手当廃止 = Abolition of position allowances | 10,214円 = 10,214 yen | 定常 = Steady state | 未処理 = Unprocessed | ● ダッシュボード = ● Dashboard | 坂本裕二 = Yuji Sakamoto | 役職手当新設 = New position-based allowance established. | 29,690円 = 29,690 yen | 定常 = Steady state | 未処理 = Unprocessed | 経費精算・給与変更 = Expense reimbursement and payroll changes | 江口さくら = Sakura Eguchi | 昇給 = Salary increase | 12,914円 = 12,914 yen | 定常 = Steady state | 未処理 = Unprocessed | 勤怠・休暇申請 = Attendance and leave application | ● 入社手続き = ● Onboarding procedures | 上野大樹 = Daiki Ueno | 昇給 = Salary increase | 12,914円 = 12,914 yen | 定常 = Steady state | 未処理 = Unprocessed | ●福利厚生申請 = ● Application for employee benefits | 上野大樹 = Daiki Ueno | 役職手当新設 = New position-based allowance established. | 29,690円 = 29,690 yen | 定常 = Steady state | 未処理 = Unprocessed | ● 住民税・その他 = ● Resident tax and other taxes | 岡田智也 = Tomoya Okada | 昇給 = Salary increase | 12,914円 = 12,914 yen | 定常 = Steady state | 未処理 = Unprocessed | 詳細 — P1-07048822-008 ·桐島 涼介 = Details — P1-07048822-008 · Ryosuke Kirishima | 未処理 = Unprocessed | 管理ID = Management ID | 社員ID = Employee ID | 区分 = classification | 研修費 = Training expenses | 種別 = type | 定常 = Steady state | 金額 = Amount | 49,008円 = 49,008 yen | ステータス = status | 未処理 = Unprocessed | 参照：申請者区分：regular 承認権限：部門長 = Reference: Applicant category: regular Approval authority: Department head | 処理コメント = Processing comments | 経費精算確認済み。費目：研修費 金額：49,008円。規程内であることを確認した。 = Expense reimbursement confirmed. Expense item: Training expenses. Amount: 49,008 yen. Confirmed to be within regulations. | ✓ 登録確定","HR (Human Resources and Payroll) System HR (Human Resources and Payroll) System aa A☆ rate human resources HR (Human Resources and Payroll) System FY2026・Human Resources Department Mari Tanaka, Human Resources Manager Field Also, Seiko Chun Ashiichi Human resources operations Ishida Mina Abolition of position allowances 10,214 yen Steady state Unprocessed ● Dashboard Yuji Sakamoto New position-based allowance established. 29,690 yen Steady state Unprocessed Expense reimbursement and payroll changes Sakura Eguchi Salary increase 12,914 yen Steady state Unprocessed Attendance and leave application ● Onboarding procedures Daiki Ueno Salary increase 12,914 yen Steady state Unprocessed ● Application for employee benefits Daiki Ueno New position-based allowance established. 29,690 yen Steady state Unprocessed ● Resident tax and other taxes Tomoya Okada Salary increase 12,914 yen Steady state Unprocessed Details — P1-07048822-008 · Ryosuke Kirishima Unprocessed Management ID Employee ID classification Training expenses type Steady state Amount 49,008 yen status Unprocessed Reference: Applicant category: regular Approval authority: Department head Processing comments Expense reimbursement confirmed. Expense item: Training expenses. Amount: 49,008 yen. Confirmed to be within regulations. ✓ Registration confirmed Ⅱ pending",/payroll-items,employee id | amount | status | processing comment | category | type | department | resident tax | attendance,approve | unprocessed,Notepad/text | Word/document,word_assisted,0.9530224495877823
pi,payroll_change,ses_20260701-180923-NEELA9BAF::33,ses_20260701-180923-NEELA9BAF,"HR人事給与システム = HR (Human Resources and Payroll) System | HR人事給与システム = HR (Human Resources and Payroll) System | aあ A☆ = aa A☆ | 率 = rate | 人事 = human resources | HR人事給与システム = HR (Human Resources and Payroll) System | 2026年度·人事部門 = FY2026・Human Resources Department | 2026/07/01 23:51:22 田中 麻里・人事マネージャー = 2026/07/01 23:51:22 Mari Tanaka, Human Resources Manager | 田 = Field | 社貝ID = Company ID | 氏名 = full name | 区分 = classification | 金額 = Amount | 種別 = type | ステーダス = Stadus | 人事業務 = Human resources operations | 清水祥平 = Shohei Shimizu | 交通費精算 = Transportation expense settlement | 24,026円 = 24,026 yen | 定常 = Steady state | 登録済み = Registered | ● ダッシュボード = ● Dashboard | 清水 祥平 = Shohei Shimizu | 消耗品費 = Consumables cost | 21,698円 = 21,698 yen | 定常 = Steady state | 登録済み = Registered | 経費精算・給与変更 = Expense reimbursement and payroll changes | 岡田智也 = Tomoya Okada | 消耗品費 = Consumables cost | 20,394円 = 20,394 yen | 定常 = Steady state | 登録済み = Registered | ● 勤怠・休暇申請 = ● Attendance and leave application | ● 入社手続き = ● Onboarding procedures | 津田将太 = Shota Tsuda | 交通費精算 = Transportation expense settlement | 24,160円 = 24,160 yen | 定常 = Steady state | 登録済み = Registered | ●福利厚生申請 = ● Application for employee benefits | 江口さくら = Sakura Eguchi | 研修費 = Training expenses | 48,073円 = 48,073 yen | 定常 = Steady state | 登録済み = Registered | ● 住民税・その他 = ● Resident tax and other taxes | 青木拓也 = Takuya Aoki | 交通費精算 = Transportation expense settlement | 18,420円 = 18,420 yen | 定常 = Steady state | 登録済み = Registered | 清水祥平 = Shohei Shimizu | 研修費 = Training expenses | 49,097円 = 49,097 yen | 定常 = Steady state | 登録済み = Registered | 桐島 凉介 = Ryosuke Kirishima | 研修費 = Training expenses | 49,008円 = 49,008 yen | 定常 = Steady state | 登録済み = Registered | 桐島 涼介 = Ryosuke Kirishima | 接待交際費 = Entertainment expenses | 123,224円 = 123,224 yen | 調整 = adjustment | 未処理 = Unprocessed | 桐島涼介 = Ryosuke Kirishima | 消耗品費 = Consumables cost | 17,029円 = 17,029 yen | 定常 = Steady state | 未処理 = Unprocessed | 寺本 真由 = Mayu Teramoto | 研修費 = Trai","HR (Human Resources and Payroll) System HR (Human Resources and Payroll) System aa A☆ rate human resources HR (Human Resources and Payroll) System FY2026・Human Resources Department 2026/07/01 23:51:22 Mari Tanaka, Human Resources Manager Field Company ID full name classification Amount type Stadus Human resources operations Shohei Shimizu Transportation expense settlement 24,026 yen Steady state Registered ● Dashboard Shohei Shimizu Consumables cost 21,698 yen Steady state Registered Expense reimbursement and payroll changes Tomoya Okada Consumables cost 20,394 yen Steady state Registered ● Attendance and leave application ● Onboarding procedures Shota Tsuda Transportation expense settlement 24,160 yen Steady state Registered ● Application for employee benefits Sakura Eguchi Training expenses 48,073 yen Steady state Registered ● Resident tax and other taxes Takuya Aoki Transportation expense settlement 18,420 yen Steady state Registered Shohei Shimizu Training expenses 49,097 yen Steady state Registered Ryosuke Kirishima Training expenses 49,008 yen Steady state Registered Ryosuke Kirishima Entertainment expenses 123,224 yen adjustment Unprocessed Ryosuke Kirishima Consumables cost 17,029 yen Steady state Unprocessed Mayu Teramoto Training expenses 24,892 yen Steady state Unprocessed Rie Kikuchi Training expenses 28,945 yen Steady state Unprocessed Mina Ishida Abolition of position allowances 10,214 yen Steady state Unprocessed Asuka Kono New position-based allowance established. 29,690 yen Steady state Unprocessed Sakura Eguchi Abolition of position allowances 10,214 yen Steady state Unprocessed Yuji Sakamoto Overtime pay adjustment 7,025 yen adjustment Unprocessed Shohei Shimizu Steady state New position-based allowance established. 29,690 yen Lada + Katsura 沉平千東新凯 Ning Party Dokari",/payroll-items,full name | name | amount | type | department | resident tax | attendance,unprocessed,Notepad/text | Word/document,word_assisted,0.9634615952467046
pi,payroll_change,ses_20260701-183232-LAPTOP-76QMG9DE::1,ses_20260701-183232-LAPTOP-76QMG9DE,"受発注在庫管理システム = Order and Inventory Management System | aあ = aa | #车 = #car | 受発 = Receiving/Receiving | 受発注在庫管理システム = Order and Inventory Management System | 2026年度·物流管理部 = 2026・Logistics Management Department | ):02:47 高橋健司・物流マネージャー = ):02:47 Kenji Takahashi, Logistics Manager | 高 = high | 受発注在庫業務 = Order processing and inventory management | 受発注在庫管理システム/ダッシュポード = Order management system/dashboard | ダッシュボード = Dashboard | 受発注在庫ダッシュボード = Order/Inventory Dashboard | 在庫管理 = Inventory Management | 2026年度·2026年7月2日生成 = Fiscal year 2026 · Generated on July 2, 2026 | 契約管理 = contract management | 在庫管理 = Inventory Management | 契約管理 = contract management | IT申請 = IT application | その他 = others | 返品処理 = Return processing | 0未処理 = 0 Unprocessed | 0 申請中 = 0 under application | 0 処理待ち = 0 Waiting for processing | 0 照合中 = 0 Matching | IT申請 = IT application | 受注・その他 = Orders and other | 自 = Self
HR人事給与システム = HR (Human Resources and Payroll) System | aあA☆ = aaA☆ | 人事 = human resources | HR人事給与システム = HR (Human Resources and Payroll) System | 2026年度·人事部門 = FY2026・Human Resources Department | 田 = Field | 人事業務 = Human resources operations | 岡田智也 = Tomoya Okada | 扶養控除変更 = Change in dependent deduction | ダッシュボード = Dashboard | 竹内彩子 = Ayako Takeuchi | 扶養控除変更 = Change in dependent deduction | 定常 = Steady state | 未処理 = Unprocessed | 経費精算·給与変更 = Expense reimbursement and payroll changes | 桐島凉介 = Ryosuke Kirishima | 昇給 = Salary increase | 21,456円 = 21,456 yen | 定常 = Steady state | 未処理 = Unprocessed | 勤怠・休暇申請 = Attendance and leave application | 入社手続き = Onboarding procedures | 上野大樹 = Daiki Ueno | 残業手当調整 = Overtime pay adjustment | 5,995円 = 5,995 yen | 調整 = adjustment | 未処理 = Unprocessed | 福利厚生申請 = Employee benefits application | 詳細—P1-07080388-001·岡田 智也 = Details—P1-07080388-001 · Tomoya Okada | 住民税・その他 = Resident tax and other taxes | 未処理 = Unprocessed | 管理ID = Management ID | 社員ID = Employee ID | 区分 = classification | 出張旅費 = Business trip expenses | 種別 = type | 定常 = Steady state | 金額 = Amount | ","Order and Inventory Management System aa #car Receiving/Receiving Order and Inventory Management System 2026・Logistics Management Department ):02:47 Kenji Takahashi, Logistics Manager high Order processing and inventory management Order management system/dashboard Dashboard Order/Inventory Dashboard Inventory Management Fiscal year 2026 · Generated on July 2, 2026 contract management Inventory Management contract management IT application others Return processing 0 Unprocessed 0 under application 0 Waiting for processing 0 Matching IT application Orders and other Self
HR (Human Resources and Payroll) System aaA☆ human resources HR (Human Resources and Payroll) System FY2026・Human Resources Department Field Human resources operations Tomoya Okada Change in dependent deduction Dashboard Ayako Takeuchi Change in dependent deduction Steady state Unprocessed Expense reimbursement and payroll changes Ryosuke Kirishima Salary increase 21,456 yen Steady state Unprocessed Attendance and leave application Onboarding procedures Daiki Ueno Overtime pay adjustment 5,995 yen adjustment Unprocessed Employee benefits application Details—P1-07080388-001 · Tomoya Okada Resident tax and other taxes Unprocessed Management ID Employee ID classification Business trip expenses type Steady state Amount 56,120 yen status Unprocessed Reference: Applicant category: Regular Approval authority: Department head Processing comments Please enter the processing details and confirmation comments... ✓ Registration confirmed on hold Self",/payroll-items,employee id | amount | status | processing comment | category | type | department | resident tax | attendance,approve | hold | unprocessed,Notepad/text,notepad_assisted,0.9642191685058854
pi,payroll_change,ses_20260701-183232-LAPTOP-76QMG9DE::6,ses_20260701-183232-LAPTOP-76QMG9DE,"HR人事給与システム = HR (Human Resources and Payroll) System | a肺A☆ = a lung A☆ | 人事 = human resources | HR人事給与システム = HR (Human Resources and Payroll) System | 2026年度·人事部門 = FY2026・Human Resources Department | 2026/07/02 00:04:32田中麻里·人事マネージャー = 2026/07/02 00:04:32 Mari Tanaka, Human Resources Manager | 田 = Field | 人事業務 = Human resources operations | 岡田智也 = Tomoya Okada | 扶養控除変更 = Change in dependent deduction | 定常 = Steady state | 未処理 = Unprocessed | ダッシュボード = Dashboard | 竹内彩子 = Ayako Takeuchi | 扶養控除変更 = Change in dependent deduction | 定常 = Steady state | 未処理 = Unprocessed | 経費精算·給与変更 = Expense reimbursement and payroll changes | 桐島凉介 = Ryosuke Kirishima | 昇給 = Salary increase | 勤怠・休暇申請 = Attendance and leave application | 21,456円 = 21,456 yen | 定常 = Steady state | 未処理 = Unprocessed | 入社手続き = Onboarding procedures | 上野大樹 = Daiki Ueno | 残業手当調整 = Overtime pay adjustment | 5,995円 = 5,995 yen | 調整 = adjustment | 未処理 = Unprocessed | 福利厚生申請 = Employee benefits application | 詳細—P1-07080388-003·津田将太 = Details—P1-07080388-003 · Shota Tsuda | 住民税・その他 = Resident tax and other taxes | 未処理 = Unprocessed | 管理ID = Management ID | 社員ID = Employee ID | 区分 = classification | 出張旅費 = Business trip expenses | 種別 = type | 定常 = Steady state | 金額 = Amount | 31,411円 = 31,411 yen | ステータス = status | 未処理 = Unprocessed | 参照：申請者区分：regular承認権限：部門長 = Reference: Applicant category: Regular Approval authority: Department head | 処理コメント = Processing comments | 経費精算確認済み。費目：出張旅費金額：31,411円。規程内であることを確認した。 = Expense reimbursement confirmed. Expense item: Business trip expenses. Amount: 31,411 yen. Confirmed to be within regulations. | ✓ 登録確定 = ✓ Registration confirmed | 保留 = on hold","HR (Human Resources and Payroll) System a lung A☆ human resources HR (Human Resources and Payroll) System FY2026・Human Resources Department 2026/07/02 00:04:32 Mari Tanaka, Human Resources Manager Field Human resources operations Tomoya Okada Change in dependent deduction Steady state Unprocessed Dashboard Ayako Takeuchi Change in dependent deduction Steady state Unprocessed Expense reimbursement and payroll changes Ryosuke Kirishima Salary increase Attendance and leave application 21,456 yen Steady state Unprocessed Onboarding procedures Daiki Ueno Overtime pay adjustment 5,995 yen adjustment Unprocessed Employee benefits application Details—P1-07080388-003 · Shota Tsuda Resident tax and other taxes Unprocessed Management ID Employee ID classification Business trip expenses type Steady state Amount 31,411 yen status Unprocessed Reference: Applicant category: Regular Approval authority: Department head Processing comments Expense reimbursement confirmed. Expense item: Business trip expenses. Amount: 31,411 yen. Confirmed to be within regulations. ✓ Registration confirmed on hold",/payroll-items,employee id | amount | status | processing comment | category | type | department | resident tax | attendance,approve | hold | unprocessed,Notepad/text,notepad_assisted,0.9635798438237264
pi,payroll_change,ses_20260701-183232-LAPTOP-76QMG9DE::7,ses_20260701-183232-LAPTOP-76QMG9DE,"在庫調整メモ = Inventory adjustment memo | 田Ab = Ab | 在庫調整メモ = Inventory adjustment memo | 品番：BATCH-W4 = Product number: BATCH-W4 | 調整数：-178 = Adjustment amount: -178 | 区分：棚卸調整 = Category: Inventory adjustment | 自 = Self
HR人事給与システム = HR (Human Resources and Payroll) System | a肺A☆ = a lung A☆ | |车 = |Car | 人事 = human resources | HR人事給与システム = HR (Human Resources and Payroll) System | 2026年度·人事部門 = FY2026・Human Resources Department | 2026/07/02 00:05:12 田中麻里·人事マネージャー = 2026/07/02 00:05:12 Mari Tanaka, Human Resources Manager | 田 = Field | 人事業務 = Human resources operations | 岡田智也 = Tomoya Okada | 扶養控除変更 = Change in dependent deduction | 定常 = Steady state | 未処理 = Unprocessed | ダッシュボード = Dashboard | 竹内彩子 = Ayako Takeuchi | 扶養控除変更 = Change in dependent deduction | 定常 = Steady state | 未処理 = Unprocessed | 経費精算·給与変更 = Expense reimbursement and payroll changes | 桐島凉介 = Ryosuke Kirishima | 昇給 = Salary increase | 勤怠・休暇申請 = Attendance and leave application | 21,456円 = 21,456 yen | 定常 = Steady state | 未処理 = Unprocessed | 入社手続き = Onboarding procedures | 上野大樹 = Daiki Ueno | 残業手当調整 = Overtime pay adjustment | 5,995円 = 5,995 yen | 調整 = adjustment | 未処理 = Unprocessed | 福利厚生申請 = Employee benefits application | 詳細—P1-07080388-007·遠山健 = Details—P1-07080388-007·Ken Toyama | 住民税・その他 = Resident tax and other taxes | 未処理 = Unprocessed | 管理ID = Management ID | 社員ID = Employee ID | 区分 = classification | 交通費精算 = Transportation expense settlement | 種別 = type | 定常 = Steady state | 金額 = Amount | 5,083円 = 5,083 yen | ステータス = status | 未処理 = Unprocessed | 参照：申請者区分：regular承認権限：人事担当 = Reference: Applicant Category: Regular Approval Authority: Human Resources | 処理コメント = Processing comments | 経費精算確認済み。費目：交通費精算金額：5,083円。規程内であることを確認した。 = Expense reimbursement confirmed. Expense item: Transportation expenses. Amount reimbursed: 5,083 yen. Confirmed to be within regulations. | ✓ 登録確定 = ✓ Registration confirmed | 保留 = on hold
HR人事給与システム = HR (Human Resources and Payroll) System | aあA☆ = aaA☆ | 人事 = human resources |","Inventory adjustment memo Ab Inventory adjustment memo Product number: BATCH-W4 Adjustment amount: -178 Category: Inventory adjustment Self
HR (Human Resources and Payroll) System a lung A☆ |Car human resources HR (Human Resources and Payroll) System FY2026・Human Resources Department 2026/07/02 00:05:12 Mari Tanaka, Human Resources Manager Field Human resources operations Tomoya Okada Change in dependent deduction Steady state Unprocessed Dashboard Ayako Takeuchi Change in dependent deduction Steady state Unprocessed Expense reimbursement and payroll changes Ryosuke Kirishima Salary increase Attendance and leave application 21,456 yen Steady state Unprocessed Onboarding procedures Daiki Ueno Overtime pay adjustment 5,995 yen adjustment Unprocessed Employee benefits application Details—P1-07080388-007·Ken Toyama Resident tax and other taxes Unprocessed Management ID Employee ID classification Transportation expense settlement type Steady state Amount 5,083 yen status Unprocessed Reference: Applicant Category: Regular Approval Authority: Human Resources Processing comments Expense reimbursement confirmed. Expense item: Transportation expenses. Amount reimbursed: 5,083 yen. Confirmed to be within regulations. ✓ Registration confirmed on hold
HR (Human Resources and Payroll) System aaA☆ human resources HR (Human Resources and Payroll) System FY2026・Human Resources Department 2026/07/02 00:05:18 Mari Tanaka, Human Resources Manager Field Employee ID full name classification Amount type status Human resources operations Tomoya Okada Business trip expenses 56,120 yen Steady state Registered Dashboard Takuya Aoki Business trip expenses 35,241 yen Steady state Registered Expense reimbursement and payroll changes Attendance and leave application Shota Tsuda Business trip expenses 31,411 yen Steady state Registered Onboarding procedures Daiki Ueno Transportation expense settlement 7,632 yen Steady state Registered Employee benefits application Yuji Sakamoto Consumables cost 29",/payroll-items,employee id | full name | name | amount | status | processing comment | category | type | department | resident tax | attendance,approve | hold | unprocessed,Notepad/text,notepad_assisted,0.9534656448014741
pi,payroll_change,ses_20260701-183232-LAPTOP-76QMG9DE::8,ses_20260701-183232-LAPTOP-76QMG9DE,"HR人事給与システム = HR (Human Resources and Payroll) System | aあA☆ = aaA☆ | 人事 = human resources | HR人事給与システム = HR (Human Resources and Payroll) System | 2026年度·人事部門 = FY2026・Human Resources Department | 2026/07/02 00:05:28 田中麻里·人事マネージャー = 2026/07/02 00:05:28 Mari Tanaka, Human Resources Manager | 田 = Field | 岡田智也 = Tomoya Okada | 出張旅費 = Business trip expenses | 56,120円 = 56,120 yen | 定常 = Steady state | 登録済み = Registered | 人事業務 = Human resources operations | 青木拓也 = Takuya Aoki | 出張旅費 = Business trip expenses | 35,241円 = 35,241 yen | 定常 = Steady state | 登録済み = Registered | ダッシュボード = Dashboard | 津田将太 = Shota Tsuda | 出張旅費 = Business trip expenses | 31,411円 = 31,411 yen | 定常 = Steady state | 登録済み = Registered | 経費精算・給与変更 = Expense reimbursement and payroll changes | 勤怠・休暇申請 = Attendance and leave application | 上野大樹 = Daiki Ueno | 交通費精算 = Transportation expense settlement | 7,632円 = 7,632 yen | 定常 = Steady state | 登録済み = Registered | 入社手続き = Onboarding procedures | 坂本裕二 = Yuji Sakamoto | 消耗品費 = Consumables cost | 29,889円 = 29,889 yen | 定常 = Steady state | 登録済み = Registered | 福利厚生申請 = Employee benefits application | 津田将太 = Shota Tsuda | 出張旅費 = Business trip expenses | 79,409円 = 79,409 yen | 定常 = Steady state | 登録済み = Registered | 住民税・その他 = Resident tax and other taxes | 遠山健一 = Kenichi Toyama | 交通費精算 = Transportation expense settlement | 5,083円 = 5,083 yen | 定常 = Steady state | 登録済み = Registered | 菊池理恵 = Rie Kikuchi | 消耗品費 = Consumables cost | 24,613円 = 24,613 yen | 定常 = Steady state | 登録済み = Registered | 島田奈々 = Nana Shimada | 研修費 = Training expenses | 29,023円 = 29,023 yen | 定常 = Steady state | 未処理 = Unprocessed | 遠山健一 = Kenichi Toyama | 消耗品費 = Consumables cost | 28,931円 = 28,931 yen | 定常 = Steady state | 未処理 = Unprocessed | 坂本裕二 = Yuji Sakamoto | 交通費精算 = Transportation expense settlement | 21,269円 = 21,269 yen | 定常 = Steady state | 未処理 = Unprocessed | 桐島凉介 = Ryosuke Kirishima | 研修費 = Training expenses | 39,442円 = 39,442 yen | 定常 = Steady state | 未処理 = Unprocessed | 竹内彩子 = Ayako","HR (Human Resources and Payroll) System aaA☆ human resources HR (Human Resources and Payroll) System FY2026・Human Resources Department 2026/07/02 00:05:28 Mari Tanaka, Human Resources Manager Field Tomoya Okada Business trip expenses 56,120 yen Steady state Registered Human resources operations Takuya Aoki Business trip expenses 35,241 yen Steady state Registered Dashboard Shota Tsuda Business trip expenses 31,411 yen Steady state Registered Expense reimbursement and payroll changes Attendance and leave application Daiki Ueno Transportation expense settlement 7,632 yen Steady state Registered Onboarding procedures Yuji Sakamoto Consumables cost 29,889 yen Steady state Registered Employee benefits application Shota Tsuda Business trip expenses 79,409 yen Steady state Registered Resident tax and other taxes Kenichi Toyama Transportation expense settlement 5,083 yen Steady state Registered Rie Kikuchi Consumables cost 24,613 yen Steady state Registered Nana Shimada Training expenses 29,023 yen Steady state Unprocessed Kenichi Toyama Consumables cost 28,931 yen Steady state Unprocessed Yuji Sakamoto Transportation expense settlement 21,269 yen Steady state Unprocessed Ryosuke Kirishima Training expenses 39,442 yen Steady state Unprocessed Ayako Takeuchi Abolition of position allowances 18,168 yen Steady state Unprocessed Shohei Shimizu Abolition of position allowances 18,168 yen Steady state Unprocessed Shota Tsuda Salary increase 21,456 yen Steady state Unprocessed Asuka Kono Abolition of position allowances 18,168 yen Steady state Unprocessed Sakura Eguchi New position-based allowance established. 18,003 yen Steady state Unprocessed
HR (Human Resources and Payroll) System human resources HR (Human Resources and Payroll) System FY2026・Human Resources Department 2026/07/02 00:05:32 Mari Tanaka, Human Resources Manager Field Human resources operations Dashboard Expense reimbursement and payroll changes Attendance and leave application Onboarding procedures Employee benef",/payroll-items,department | resident tax | attendance,unprocessed,Notepad/text,notepad_assisted,0.9663435643247831
pi,payroll_change,ses_20260701-183232-LAPTOP-76QMG9DE::9,ses_20260701-183232-LAPTOP-76QMG9DE,"HR人事給与システム = HR (Human Resources and Payroll) System | a肺A☆ = a lung A☆ | 人事 = human resources | HR人事給与システム = HR (Human Resources and Payroll) System | 2026年度·人事部門 = FY2026・Human Resources Department | 2026/07/02 00:05:50 田中麻里·人事マネージャー = 2026/07/02 00:05:50 Mari Tanaka, Human Resources Manager | 田 = Field | 人事業務 = Human resources operations | 岡田智也 = Tomoya Okada | 扶養控除変更 = Change in dependent deduction | 定常 = Steady state | 未処理 = Unprocessed | ダッシュボード = Dashboard | 竹内彩子 = Ayako Takeuchi | 扶養控除変更 = Change in dependent deduction | 定常 = Steady state | 未処理 = Unprocessed | 経費精算·給与変更 = Expense reimbursement and payroll changes | 桐島凉介 = Ryosuke Kirishima | 昇給 = Salary increase | 勤怠・休暇申請 = Attendance and leave application | 21,456円 = 21,456 yen | 定常 = Steady state | 未処理 = Unprocessed | 入社手続き = Onboarding procedures | 上野大樹 = Daiki Ueno | 残業手当調整 = Overtime pay adjustment | 5,995円 = 5,995 yen | 調整 = adjustment | 未処理 = Unprocessed | 福利厚生申請 = Employee benefits application | 詳細—P1-07080388-011·坂本裕二 = Details—P1-07080388-011 · Yuji Sakamoto | 住民税・その他 = Resident tax and other taxes | 未処理 = Unprocessed | 管理ID = Management ID | 社員ID = Employee ID | 区分 = classification | 交通費精算 = Transportation expense settlement | 種別 = type | 定常 = Steady state | 金額 = Amount | 21,269円 = 21,269 yen | ステータス = status | 未処理 = Unprocessed | 参照：申請者区分：regular承認権限：人事担当 = Reference: Applicant Category: Regular Approval Authority: Human Resources | 処理コメント = Processing comments | 処理内容・確認コメントを入力してください… = Please enter the processing details and confirmation comments... | ✓ 登録確定 = ✓ Registration confirmed | 保留 = on hold
HR人事給与システム = HR (Human Resources and Payroll) System | aあA☆ = aaA☆ | 人事 = human resources | HR人事給与システム = HR (Human Resources and Payroll) System | 2026年度·人事部門 = FY2026・Human Resources Department | 2026/07/0200:05:53 田中麻里·人事マネージャー = 2026/07/02 00:05:53 Mari Tanaka, Human Resources Manager | 田 = Field | 人事業務 = Human resources operations | 遠山健一 = Kenichi Toyama | 消耗品费 = Consumables cost | 28,931円 = 28,9","HR (Human Resources and Payroll) System a lung A☆ human resources HR (Human Resources and Payroll) System FY2026・Human Resources Department 2026/07/02 00:05:50 Mari Tanaka, Human Resources Manager Field Human resources operations Tomoya Okada Change in dependent deduction Steady state Unprocessed Dashboard Ayako Takeuchi Change in dependent deduction Steady state Unprocessed Expense reimbursement and payroll changes Ryosuke Kirishima Salary increase Attendance and leave application 21,456 yen Steady state Unprocessed Onboarding procedures Daiki Ueno Overtime pay adjustment 5,995 yen adjustment Unprocessed Employee benefits application Details—P1-07080388-011 · Yuji Sakamoto Resident tax and other taxes Unprocessed Management ID Employee ID classification Transportation expense settlement type Steady state Amount 21,269 yen status Unprocessed Reference: Applicant Category: Regular Approval Authority: Human Resources Processing comments Please enter the processing details and confirmation comments... ✓ Registration confirmed on hold
HR (Human Resources and Payroll) System aaA☆ human resources HR (Human Resources and Payroll) System FY2026・Human Resources Department 2026/07/02 00:05:53 Mari Tanaka, Human Resources Manager Field Human resources operations Kenichi Toyama Consumables cost 28,931 yen Steady state Registered Dashboard Yuji Sakamoto Transportation expense settlement 21,269 yen Steady state Registered Expense reimbursement and payroll changes Ryosuke Kirishima Training fee 39,442 yen Steady state Unprocessed Attendance and leave application Ayako Takeuchi Abolition of position allowances 18,168 yen Steady state Unprocessed Onboarding procedures Employee benefits application Shohei Shimizu Abolition of position allowances 18,168 yen Steady state Unprocessed ● Resident tax and other taxes Shota Tsuda Salary increase 21,456 yen Steady state Unprocessed Asuka Kono Abolition of position allowances 18,168 yen Steady state unresolved Sakura Eguchi New position-based",/payroll-items,employee id | amount | status | processing comment | category | type | department | resident tax | attendance,approve | hold | unprocessed,Notepad/text,notepad_assisted,0.9661206924960174
pi,payroll_change,ses_20260701-190250-NEELA9BAF::9,ses_20260701-190250-NEELA9BAF,"財務会計システム = Financial accounting system | aあ A☆ = aa A☆ | 串 = skewer | 財務 = finance | 財務会計システム = Financial accounting system | 2026年度·経理部門 = Fiscal Year 2026 - Accounting Department | 佐 = Sa | 財務会計業務 = Financial accounting operations | ダッシュボードノ請求書承認・経費精算 = Dashboard Invoice Approval/Expense Reimbursement | ● ダッシュボード = ● Dashboard | 請求書承認・経費精算 = Invoice approval and expense reimbursement | 請求書承認・経費精 = Invoice Approval and Expense Settlement | 12件·4件未処理 = 12 items, 4 items unprocessed | 算 = calculation | 処理待ち一覧 = List of items awaiting processing | ● 経費承認(管理職) = ● Expense approval (management) | 支払処理 = Payment processing | 社員ID = Employee ID | 氏名 = full name | 区分 = classification | 金額 = Amount | 種別 = type | ステータス = status | 予算差異分析 = Budget variance analysis | 東京電子工業株式会社 = Tokyo Electronics Industry Co., Ltd. | 請求書承認INV-2026-7998 = Invoice Approval INV-2026-7998 | 536,841円 = 536,841 yen | 定常 = Steady state | 登録済み = Registered | ● 発注管理 = ● Order Management | 関西物流サービス = Kansai Logistics Service | 請求書承認INV-2026-7999 = Invoice Approval INV-2026-7999 | 2,691,742円 = 2,691,742 yen | 定常 = Steady state | 登録済み = Registered | 北陸部品工業株式会社 = Hokuriku Parts Industry Co., Ltd. | 請求書承認INV-2026-8000 = Invoice Approval INV-2026-8000 | 380,199円 = 380,199 yen | 定常 = Steady state | 登録済み = Registered | グローバルテック合同会社 = Global Tech LLC | 請求書承認INV-2026-8001 = Invoice Approval INV-2026-8001 | 784,303円 = 784,303 yen | 定常 = Steady state | 登録済み = Registered | 株式会社山田製作所 = Yamada Manufacturing Co., Ltd. | 請求書承認INV-2026-8002 = Invoice Approval INV-2026-8002 | 363,706円 = 363,706 yen | 調整 = adjustment | 登録済み = Registered | 株式会社山田製作所 = Yamada Manufacturing Co., Ltd. | 請求書承認INV-2026-8003 = Invoice Approval INV-2026-8003 | 422,043円 = 422,043 yen | 調整 = adjustment | 登録済み = Registered | 東京電子工業株式会社 = Tokyo Electronics Industry Co., Ltd. | 請求書承認INV-2026-8004 = Invoice Approval INV-2026-8004 | 525,797円 = 525,797 yen | 定常 = Steady state | 登録済み = Registered | 沖縄物流センター = Okinawa Logistics Center | 請求書承認INV-2026-8005","Financial accounting system aa A☆ skewer finance Financial accounting system Fiscal Year 2026 - Accounting Department Sa Financial accounting operations Dashboard Invoice Approval/Expense Reimbursement ● Dashboard Invoice approval and expense reimbursement Invoice Approval and Expense Settlement 12 items, 4 items unprocessed calculation List of items awaiting processing ● Expense approval (management) Payment processing Employee ID full name classification Amount type status Budget variance analysis Tokyo Electronics Industry Co., Ltd. Invoice Approval INV-2026-7998 536,841 yen Steady state Registered ● Order Management Kansai Logistics Service Invoice Approval INV-2026-7999 2,691,742 yen Steady state Registered Hokuriku Parts Industry Co., Ltd. Invoice Approval INV-2026-8000 380,199 yen Steady state Registered Global Tech LLC Invoice Approval INV-2026-8001 784,303 yen Steady state Registered Yamada Manufacturing Co., Ltd. Invoice Approval INV-2026-8002 363,706 yen adjustment Registered Yamada Manufacturing Co., Ltd. Invoice Approval INV-2026-8003 422,043 yen adjustment Registered Tokyo Electronics Industry Co., Ltd. Invoice Approval INV-2026-8004 525,797 yen Steady state Registered Okinawa Logistics Center Invoice Approval INV-2026-8005 301,223 yen adjustment Registered Fukuoka System Design Invoice Approval INV-2026-8006 1,903,641 yen adjustment Unprocessed Kansai Logistics Service Invoice Approval INV-2026-8007 3,272,432 yen adjustment Unprocessed Tokyo Electronics Industry Co., Ltd. Invoice Approval INV-2026-8008 588,515 yen adjustment Unprocessed Steady-state tivateWind Fukuoka System Design Invoice Approval INV-2026-8009 1,876,206 yen
HR (Human Resources and Payroll) System aa A☆ skewer human resources HR (Human Resources and Payroll) System FY2026・Human Resources Department Field Human resources operations Takuya Aoki Salary increase 8,634 yen ● Dashboard Asuka Kono Change in dependent deduction Steady state Unprocessed Expense reimbursement and payroll chang",/payroll-items,employee id | full name | name | amount | status | processing comment | category | type | department | resident tax | attendance,approve | hold | awaiting_processing | unprocessed,Notepad/text | Word/document,word_assisted,0.9688687008090995
pi,payroll_change,ses_20260701-190250-NEELA9BAF::11,ses_20260701-190250-NEELA9BAF,"HR人事給与システム = HR (Human Resources and Payroll) System | aあ A☆ = aa A☆ | 串 = skewer | 人事 = human resources | HR人事給与システム = HR (Human Resources and Payroll) System | 2026年度·人事部門 = FY2026・Human Resources Department | 田 = Field | 人事業務 = Human resources operations | ダッシュボード／経費精算・給与変更 = Dashboard / Expense Reimbursement &amp; Payroll Changes | ● ダッシュボード = ● Dashboard | 経費精算·給与変更 = Expense reimbursement and payroll changes | 経費精算・給与変更 = Expense reimbursement and payroll changes | 24件·22件未処理 = 24 items - 22 items unprocessed | ● 勤怠・休暇申請 = ● Attendance and leave application | 処理待ち一覧 = List of items awaiting processing | ● 入社手続き = ● Onboarding procedures | 社員ID = Employee ID | 氏名 = full name | 区分 = classification | 金額 = Amount | 種別 = type | ステータス = status | ●福利厚生申請 = ● Application for employee benefits | 清水祥平 = Shohei Shimizu | 研修費 = Training expenses | 25,213円 = 25,213 yen | 定常 = Steady state | 登録済み = Registered | ● 住民税・その他 = ● Resident tax and other taxes | 清水祥平 = Shohei Shimizu | 交通費精算 = Transportation expense settlement | 24,395円 = 24,395 yen | 定常 = Steady state | 登録済み = Registered | 島田奈々 = Nana Shimada | 消耗品費 = Consumables cost | 6,543円 = 6,543 yen | 定常 = Steady state | 未処理 = Unprocessed | 菊池理恵 = Rie Kikuchi | 消耗品費 = Consumables cost | 8,691円 = 8,691 yen | 定常 = Steady state | 未処理 = Unprocessed | 菊池理恵 = Rie Kikuchi | 接待交際費 = Entertainment expenses | 98,018円 = 98,018 yen | 調整 = adjustment | 未処理 = Unprocessed | 遠山健一 = Kenichi Toyama | 消耗品費 = Consumables cost | 17,558円 = 17,558 yen | 定常 = Steady state | 未処理 = Unprocessed | 青木拓也 = Takuya Aoki | 研修費 = Training expenses | 33,374円 = 33,374 yen | 定常 = Steady state | 未処理 = Unprocessed | 菊池理恵 = Rie Kikuchi | 出張旅費 = Business trip expenses | 62,810円 = 62,810 yen | 定常 = Steady state | 未処理 = Unprocessed | 菊池理恵 = Rie Kikuchi | 出張旅費 = Business trip expenses | 51,895円 = 51,895 yen | 定常 = Steady state | 未処理 = Unprocessed | 島田奈々 = Nana Shimada | 接待交際費 = Entertainment expenses | 118,189円 = 118,189 yen | 調整 = adjustment | 未処理 = Unprocessed | 上野","HR (Human Resources and Payroll) System aa A☆ skewer human resources HR (Human Resources and Payroll) System FY2026・Human Resources Department Field Human resources operations Dashboard / Expense Reimbursement &amp; Payroll Changes ● Dashboard Expense reimbursement and payroll changes Expense reimbursement and payroll changes 24 items - 22 items unprocessed ● Attendance and leave application List of items awaiting processing ● Onboarding procedures Employee ID full name classification Amount type status ● Application for employee benefits Shohei Shimizu Training expenses 25,213 yen Steady state Registered ● Resident tax and other taxes Shohei Shimizu Transportation expense settlement 24,395 yen Steady state Registered Nana Shimada Consumables cost 6,543 yen Steady state Unprocessed Rie Kikuchi Consumables cost 8,691 yen Steady state Unprocessed Rie Kikuchi Entertainment expenses 98,018 yen adjustment Unprocessed Kenichi Toyama Consumables cost 17,558 yen Steady state Unprocessed Takuya Aoki Training expenses 33,374 yen Steady state Unprocessed Rie Kikuchi Business trip expenses 62,810 yen Steady state Unprocessed Rie Kikuchi Business trip expenses 51,895 yen Steady state Unprocessed Nana Shimada Entertainment expenses 118,189 yen adjustment Unprocessed Daiki Ueno Training expenses 55,571 yen Steady state Unprocessed Daiki Ueno Consumables cost 10,712 yen Steady state Yuji Sakamoto Overtime pay adjustment 11,563 yen adjustment Unprocessed
HR (Human Resources and Payroll) System aa A☆ skewer human resources HR (Human Resources and Payroll) System FY2026・Human Resources Department Field Human resources operations Takuya Aoki Salary increase 8,634 yen ● Dashboard Asuka Kono Change in dependent deduction Steady state Unprocessed Expense reimbursement and payroll changes Kenichi Toyama Abolition of position allowances 16,424 yen Steady state Unprocessed ● Attendance and leave application ● Onboarding procedures Sakura Eguchi Abolition of position allowances 16,424 yen Ste",/payroll-items,employee id | full name | name | amount | status | processing comment | category | type | department | resident tax | attendance,approve | hold | awaiting_processing | unprocessed,Notepad/text | Word/document,word_assisted,0.9680132304703948
pi,payroll_change,ses_20260701-190250-NEELA9BAF::16,ses_20260701-190250-NEELA9BAF,"HR人事給与システム = HR (Human Resources and Payroll) System | aあA = aaA | 率 = rate | 人事 = human resources | HR人事給与システム = HR (Human Resources and Payroll) System | 2026年度·人事部門 = FY2026・Human Resources Department | 田 = Field | 人事業務 = Human resources operations | 菊池理恵 = Rie Kikuchi | 出張旅費 = Business trip expenses | 62,810円 = 62,810 yen | ● ダッシュボード = ● Dashboard | 菊池理恵 = Rie Kikuchi | 出張旅費 = Business trip expenses | 51.895円 = 51,895 yen | 北市 = Kita City | 経費精算・給与変更 = Expense reimbursement and payroll changes | 島田奈々 = Nana Shimada | 接待交際費 = Entertainment expenses | 118,189円 = 118,189 yen | 調怪 = Tokai | 未処理 = Unprocessed | 勤怠・休暇申請 = Attendance and leave application | 上野大樹 = Daiki Ueno | 研修費 = Training expenses | 55,571円 = 55,571 yen | 定常 = Steady state | 未処理 = Unprocessed | ● 入社手続き = ● Onboarding procedures | 上野大樹 = Daiki Ueno | 消耗品費 = Consumables cost | 10,712円 = 10,712 yen | 定常 = Steady state | 未处理 = unresolved | ●福利厚生申請 = ● Application for employee benefits | ● 住民税・その他 = ● Resident tax and other taxes | 坂本裕二 = Yuji Sakamoto | 残業手当調整 = Overtime pay adjustment | 11,563円 = 11,563 yen | 未处理 = unresolved | 石田美奈 = Ishida Mina | 役職手当新設 = New position-based allowance established. | 25,158円 = 25,158 yen | 定常 = Steady state | 未处理 = unresolved | 江口さくら = Sakura Eguchi | 扶養控除変更 = Change in dependent deduction | 定常 = Steady state | 未処理 = Unprocessed | 河野明日香 = Asuka Kono | 异給 = alienation | 8,634円 = 8,634 yen | 定常 = Steady state | 未処理 = Unprocessed | 桐島凉介 = Ryosuke Kirishima | 扶養控除変更 = Change in dependent deduction | 定常 = Steady state | 未处理 = unresolved | 遠山健一 = Kenichi Toyama | 扶養控除変更 = Change in dependent deduction | 定常 = Steady state | 未处理 = unresolved | 青木拓也 = Takuya Aoki | 异給 = alienation | 8,634円 = 8,634 yen | 定常 = Steady state | 未処理 = Unprocessed | 河野明日香 = Asuka Kono | 扶養控除変更 = Change in dependent deduction | 定常 = Steady state | 未处理 = unresolved | 遠山健一 = Kenichi Toyama | 役職手当廃止 = Abolition of position allowances | 16,424円 = 16,424 yen | 定常 = Steady state | 未处理 = unresolved | 江口さくら = ","HR (Human Resources and Payroll) System aaA rate human resources HR (Human Resources and Payroll) System FY2026・Human Resources Department Field Human resources operations Rie Kikuchi Business trip expenses 62,810 yen ● Dashboard Rie Kikuchi Business trip expenses 51,895 yen Kita City Expense reimbursement and payroll changes Nana Shimada Entertainment expenses 118,189 yen Tokai Unprocessed Attendance and leave application Daiki Ueno Training expenses 55,571 yen Steady state Unprocessed ● Onboarding procedures Daiki Ueno Consumables cost 10,712 yen Steady state unresolved ● Application for employee benefits ● Resident tax and other taxes Yuji Sakamoto Overtime pay adjustment 11,563 yen unresolved Ishida Mina New position-based allowance established. 25,158 yen Steady state unresolved Sakura Eguchi Change in dependent deduction Steady state Unprocessed Asuka Kono alienation 8,634 yen Steady state Unprocessed Ryosuke Kirishima Change in dependent deduction Steady state unresolved Kenichi Toyama Change in dependent deduction Steady state unresolved Takuya Aoki alienation 8,634 yen Steady state Unprocessed Asuka Kono Change in dependent deduction Steady state unresolved Kenichi Toyama Abolition of position allowances 16,424 yen Steady state unresolved Sakura Eguchi Abolition of position allowances 16,424 yen Steady state Unprocessed Asuka Kono Salary increase 8,634 yen Steady state Unprocessed Ayako Takeuchi New position-based allowance established. 25,158 yen Steady state P1-07046967-006: Registration confirmed.",/payroll-items,department | resident tax | attendance,unprocessed,Notepad/text | Word/document,word_assisted,0.9510148041364219
pi,payroll_change,ses_20260701-190250-NEELA9BAF::17,ses_20260701-190250-NEELA9BAF,"HR人事給与システム = HR (Human Resources and Payroll) System | aあ A☆ = aa A☆ | 串 = skewer | 人事 = human resources | HR人事給与システム = HR (Human Resources and Payroll) System | 2026年度·人事部門 = FY2026・Human Resources Department | 田 = Field | 人事業務 = Human resources operations | 青木拓也 = Takuya Aoki | 昇給 = Salary increase | 8,634円 = 8,634 yen | ● ダッシュボード = ● Dashboard | 河野明日香 = Asuka Kono | 扶養控除変更 = Change in dependent deduction | 定常 = Steady state | 未処理 = Unprocessed | 経費精算・給与変更 = Expense reimbursement and payroll changes | 遠山健一 = Kenichi Toyama | 役職手当廃止 = Abolition of position allowances | 16,424円 = 16,424 yen | 定常 = Steady state | 未処理 = Unprocessed | 勤怠・休暇申請 = Attendance and leave application | ● 入社手続き = ● Onboarding procedures | 江口さくら = Sakura Eguchi | 役職手当廃止 = Abolition of position allowances | 16,424円 = 16,424 yen | 定常 = Steady state | 未処理 = Unprocessed | ●福利厚生申請 = ● Application for employee benefits | 河野明日香 = Asuka Kono | 昇給 = Salary increase | 8,634円 = 8,634 yen | 定常 = Steady state | 未処理 = Unprocessed | ● 住民税・その他 = ● Resident tax and other taxes | 竹内彩子 = Ayako Takeuchi | 役職手当新設 = New position-based allowance established. | 25,158円 = 25,158 yen | 定常 = Steady state | 未処理 = Unprocessed | 詳細—P1-07046967-007·青木拓也 = Details—P1-07046967-007・Takuya Aoki | 未処理 = Unprocessed | 管理ID = Management ID | 社員ID = Employee ID | 区分 = classification | 研修費 = Training expenses | 種別 = type | 定常 = Steady state | 金額 = Amount | 33,374円 = 33,374 yen | ステータス = status | 未処理 = Unprocessed | 参照：申請者区分：regular 承認権限：部門長 = Reference: Applicant category: regular Approval authority: Department head | 処理コメント = Processing comments | 処理内容・確認コメントを入力してください… = Please enter the processing details and confirmation comments... | ✓ 登録確定 = ✓ Registration confirmed | ""保留 = &quot;on hold","HR (Human Resources and Payroll) System aa A☆ skewer human resources HR (Human Resources and Payroll) System FY2026・Human Resources Department Field Human resources operations Takuya Aoki Salary increase 8,634 yen ● Dashboard Asuka Kono Change in dependent deduction Steady state Unprocessed Expense reimbursement and payroll changes Kenichi Toyama Abolition of position allowances 16,424 yen Steady state Unprocessed Attendance and leave application ● Onboarding procedures Sakura Eguchi Abolition of position allowances 16,424 yen Steady state Unprocessed ● Application for employee benefits Asuka Kono Salary increase 8,634 yen Steady state Unprocessed ● Resident tax and other taxes Ayako Takeuchi New position-based allowance established. 25,158 yen Steady state Unprocessed Details—P1-07046967-007・Takuya Aoki Unprocessed Management ID Employee ID classification Training expenses type Steady state Amount 33,374 yen status Unprocessed Reference: Applicant category: regular Approval authority: Department head Processing comments Please enter the processing details and confirmation comments... ✓ Registration confirmed &quot;on hold",/payroll-items,employee id | amount | status | processing comment | category | type | department | resident tax | attendance,approve | hold | unprocessed,Notepad/text | Word/document,word_assisted,0.9631666761230339
pi,payroll_change,ses_20260701-190250-NEELA9BAF::25,ses_20260701-190250-NEELA9BAF,"HR人事給与システム = HR (Human Resources and Payroll) System | aあ A☆ = aa A☆ | 串 = skewer | 人事 = human resources | HR人事給与システム = HR (Human Resources and Payroll) System | 2026年度·人事部門 = FY2026・Human Resources Department | 田 = Field | 人事業務 = Human resources operations | 清水祥平 = Shohei Shimizu | 研修費 = Training expenses | 25,213円 = 25,213 yen | ● ダッシュボード = ● Dashboard | 清水祥平 = Shohei Shimizu | 交通費精算 = Transportation expense settlement | 24,395円 = 24,395 yen | 定常 = Steady state | 登録済み = Registered | 経費精算・給与変更 = Expense reimbursement and payroll changes | 島田奈々 = Nana Shimada | 消耗品費 = Consumables cost | 6,543円 = 6,543 yen | 定常 = Steady state | 登録済み = Registered | ● 勤怠・休暇申請 = ● Attendance and leave application | ● 入社手続き = ● Onboarding procedures | 菊池理恵 = Rie Kikuchi | 消耗品費 = Consumables cost | 8,691円 = 8,691 yen | 定常 = Steady state | 登録済み = Registered | ●福利厚生申請 = ● Application for employee benefits | 菊池理恵 = Rie Kikuchi | 接待交際費 = Entertainment expenses | 98,018円 = 98,018 yen | 調整 = adjustment | 登録済み = Registered | ● 住民税・その他 = ● Resident tax and other taxes | 遠山健一 = Kenichi Toyama | 消耗品費 = Consumables cost | 17,558円 = 17,558 yen | 定常 = Steady state | 登録済み = Registered | 青木拓也 = Takuya Aoki | 研修費 = Training expenses | 33,374円 = 33,374 yen | 定常 = Steady state | 登録済み = Registered | 菊池理恵 = Rie Kikuchi | 出張旅費 = Business trip expenses | 62,810円 = 62,810 yen | 定常 = Steady state | 登録済み = Registered | 菊池 理恵 = Rie Kikuchi | 出張旅費 = Business trip expenses | 51,895円 = 51,895 yen | 定常 = Steady state | 未処理 = Unprocessed | 島田奈々 = Nana Shimada | 接待交際費 = Entertainment expenses | 118,189円 = 118,189 yen | 調整 = adjustment | 未処理 = Unprocessed | 上野大樹 = Daiki Ueno | 研修費 = Training expenses | 55,571円 = 55,571 yen | 定常 = Steady state | 未処理 = Unprocessed | 上野大樹 = Daiki Ueno | 消耗品費 = Consumables cost | 10,712円 = 10,712 yen | 定常 = Steady state | 未処理 = Unprocessed | 坂本裕二 = Yuji Sakamoto | 残業手当調整 = Overtime pay adjustment | 11,563円 = 11,563 yen | 調整 = adjustment | 未処理 = Unprocessed | 石田 美奈 = Mina Ishida | 役職手当新設 = Ne","HR (Human Resources and Payroll) System aa A☆ skewer human resources HR (Human Resources and Payroll) System FY2026・Human Resources Department Field Human resources operations Shohei Shimizu Training expenses 25,213 yen ● Dashboard Shohei Shimizu Transportation expense settlement 24,395 yen Steady state Registered Expense reimbursement and payroll changes Nana Shimada Consumables cost 6,543 yen Steady state Registered ● Attendance and leave application ● Onboarding procedures Rie Kikuchi Consumables cost 8,691 yen Steady state Registered ● Application for employee benefits Rie Kikuchi Entertainment expenses 98,018 yen adjustment Registered ● Resident tax and other taxes Kenichi Toyama Consumables cost 17,558 yen Steady state Registered Takuya Aoki Training expenses 33,374 yen Steady state Registered Rie Kikuchi Business trip expenses 62,810 yen Steady state Registered Rie Kikuchi Business trip expenses 51,895 yen Steady state Unprocessed Nana Shimada Entertainment expenses 118,189 yen adjustment Unprocessed Daiki Ueno Training expenses 55,571 yen Steady state Unprocessed Daiki Ueno Consumables cost 10,712 yen Steady state Unprocessed Yuji Sakamoto Overtime pay adjustment 11,563 yen adjustment Unprocessed Mina Ishida New position-based allowance established. 25,158 yen Steady state Unprocessed Sakura Eguchi Change in dependent deduction Steady state Unprocessed Asuka Kono Salary increase 8,634 yen Steady state Unprocessed Ryosuke Kirishima Change in dependent deduction Steady state Go to Setti and activate Windows. Kenichi Toyama Change in dependent deduction Steady state Unprocessed
HR (Human Resources and Payroll) System aa A☆ skewer human resources HR (Human Resources and Payroll) System FY2026・Human Resources Department Field Human resources operations Takuya Aoki Salary increase 8,634 yen ● Dashboard Asuka Kono Change in dependent deduction Steady state Unprocessed Expense reimbursement and payroll changes Kenichi Toyama Abolition of position allowances 16,424 y",/payroll-items,employee id | amount | status | processing comment | category | type | department | resident tax | attendance,approve | hold | unprocessed,Notepad/text | Word/document,word_assisted,0.9672151689968828
pi,payroll_change,ses_20260701-191537-LAPTOP-76QMG9DE::3,ses_20260701-191537-LAPTOP-76QMG9DE,"HR人事給与システム = HR (Human Resources and Payroll) System | HR人事給与システム = HR (Human Resources and Payroll) System | aあA""☆ = aaA&quot;☆ | #车 = #car | 人事 = human resources | HR人事給与システム = HR (Human Resources and Payroll) System | 2026年度·人事部門 = FY2026・Human Resources Department | 2026/07/0200:46:10 田中麻里·人事マネージャー = 2026/07/02 00:46:10 Mari Tanaka, Human Resources Manager | 田 = Field | 橋本さくら = Sakura Hashimoto | 経理部 = Accounting Department | 4 項目 = 4 items | 照合中 = Matching | 人事業務 = Human resources operations | 原田直樹 = Naoki Harada | 企画部 = Planning Department | 4項目 = 4 items | 照合中 = Matching | ダッシュボード = Dashboard | 森田明美 = Akemi Morita | 物流部 = Logistics department | 5項目 = 5 items | 照合中 = Matching | 経費精算·給与変更 = Expense reimbursement and payroll changes | 勤怠・休暇申請 = Attendance and leave application | 土田健太 = Kenta Tsuchida | 開発部 = Development Department | 5 項目 = 5 items | 照合中 = Matching | 入社手続き = Onboarding procedures | 土田健太 = Kenta Tsuchida | 人事部 = Human resources department | 5 項目 = 5 items | 照合中 = Matching | 福利厚生申請 = Employee benefits application | 住民税・その他 = Resident tax and other taxes | 詳細一川口明美(E2285) = Details: Akemi Kawaguchi (E2285) | 照合中 = Matching | 管理ID = Management ID | 社員ID = Employee ID | 入社日 = Start date | 所属部署 = Department | 営業部 = Sales Department | 照合項目 = Matching items | マイナンバー = My Number | 雇用保険 = Employment insurance | 健康保険 = health insurance | 通勤手当 = Commuting allowance | 家族手当 = Family allowance | ステータス = status | 照合中 = Matching | 参照：採用区分：新卒家族持 = Reference: Recruitment Category: New Graduates with Families | 照合メモ = Verification Memo | 照合結果・特記事項を入力してください… = Please enter the matching results and any special notes... | 照合完了 = Verification completed | ■フラグ = ■ Flag | 自 = Self","HR (Human Resources and Payroll) System HR (Human Resources and Payroll) System aaA&quot;☆ #car human resources HR (Human Resources and Payroll) System FY2026・Human Resources Department 2026/07/02 00:46:10 Mari Tanaka, Human Resources Manager Field Sakura Hashimoto Accounting Department 4 items Matching Human resources operations Naoki Harada Planning Department 4 items Matching Dashboard Akemi Morita Logistics department 5 items Matching Expense reimbursement and payroll changes Attendance and leave application Kenta Tsuchida Development Department 5 items Matching Onboarding procedures Kenta Tsuchida Human resources department 5 items Matching Employee benefits application Resident tax and other taxes Details: Akemi Kawaguchi (E2285) Matching Management ID Employee ID Start date Department Sales Department Matching items My Number Employment insurance health insurance Commuting allowance Family allowance status Matching Reference: Recruitment Category: New Graduates with Families Verification Memo Please enter the matching results and any special notes... Verification completed ■ Flag Self",/onboarding | /payroll-items,employee id | status | category | start date | department | my number | employment insurance | health insurance | commuting allowance | family allowance | resident tax | attendance,,Notepad/text | Word/document,word_assisted,0.9610031078691068
pi,payroll_change,ses_20260701-191537-LAPTOP-76QMG9DE::4,ses_20260701-191537-LAPTOP-76QMG9DE,"HR人事給与システム = HR (Human Resources and Payroll) System | HR人事給与システム = HR (Human Resources and Payroll) System | 人事 = human resources | HR人事給与システム = HR (Human Resources and Payroll) System | 2026年度·人事部門 = FY2026・Human Resources Department | 2026/07/0200:46:34 田中麻里·人事マネージャー = 2026/07/02 00:46:34 Mari Tanaka, Human Resources Manager | 田 = Field | 人事業務 = Human resources operations | 南池理意 = Rie Minamiike | 国 = country | 民易国 = Min-yi country | ダッシュボード = Dashboard | 津田大 = Tsuda Dai | 出租品 = Exported items | 11384月 = 1138April | 三 = three | 経費精算·給与変更 = Expense reimbursement and payroll changes | 同野明日香 = Asuka Dono | 国 = country | 81217月 = 81217 month | 市易国） = city and country) | 勤怠·休暇申請 = Attendance and leave application | 田 = Field | 设童手当巨形 = Children&#39;s allowance giant | 2116月 = 2116 month | 入社手続き = Onboarding procedures | 福利厚生申請 = Employee benefits application | 当田亲 = Mr. Toda | 投蒙书眉图出 = Throwing book eyebrows | 8012月 = 80 December | 司 = Tsukasa | 市易国 = city and country | ● 住民税・その他 = ● Resident tax and other taxes | 回田也 = Kaitaya | 设童手当百形 = 100 types of childcare allowances | 同田 智也 = Tomoya Doda | 星 = star | 司 = Tsukasa | 品易星 = Good luck star | 上野大街 = Ueno Street | 传国世爸ラ星 = 传国world爸ラ星 | 南本阳也 = Yoya Minamimoto | 星 = star | 9493月 = 949March | 市易国 = city and country | 萄池理 = Osamu Suiike | H国色5E = H country color 5E | 竹内彩子 = Ayako Takeuchi | 星 = star | 9493月 = 949March | 司 = Tsukasa | 市易国 = city and country | 竹内君子 = Kimiko Takeuchi | 目 = eye | 运 = 运 | 防池理惠 = Rie Boike | 三 = three | 9493月 = 949March | 司 = Tsukasa | 市易国） = city and country) | 向画而介 = Mukaigajisuke | H国色aE = H country color aE | 当田亲 = Mr. Toda | 投藏书画后码 = Posting book painting | 21819日 = 21819 days | 司 = Tsukasa | 专型目 = Specialized item | P1-07089737-002:登原確定しまLた = P1-07089737-002: Nobuhara confirmed. | ☐ 目 = ☐ Eye","HR (Human Resources and Payroll) System HR (Human Resources and Payroll) System human resources HR (Human Resources and Payroll) System FY2026・Human Resources Department 2026/07/02 00:46:34 Mari Tanaka, Human Resources Manager Field Human resources operations Rie Minamiike country Min-yi country Dashboard Tsuda Dai Exported items 1138April three Expense reimbursement and payroll changes Asuka Dono country 81217 month city and country) Attendance and leave application Field Children&#39;s allowance giant 2116 month Onboarding procedures Employee benefits application Mr. Toda Throwing book eyebrows 80 December Tsukasa city and country ● Resident tax and other taxes Kaitaya 100 types of childcare allowances Tomoya Doda star Tsukasa Good luck star Ueno Street 传国world爸ラ星 Yoya Minamimoto star 949March city and country Osamu Suiike H country color 5E Ayako Takeuchi star 949March Tsukasa city and country Kimiko Takeuchi eye 运 Rie Boike three 949March Tsukasa city and country) Mukaigajisuke H country color aE Mr. Toda Posting book painting 21819 days Tsukasa Specialized item P1-07089737-002: Nobuhara confirmed. ☐ Eye",/payroll-items,type | department | resident tax | attendance,,Notepad/text | Word/document,word_assisted,0.6523812214924595
pi,payroll_change,ses_20260701-191537-LAPTOP-76QMG9DE::6,ses_20260701-191537-LAPTOP-76QMG9DE,"精算確認メモ = Settlement confirmation memo | 田A = Field A | 精算確認メモ = Settlement confirmation memo | 経費精算確認済み。費目：出張旅費 = Expense reimbursement confirmed. Expense category: Business trip expenses | 金額：50,639円。規程内であることを確認した。 = Amount: 50,639 yen. Confirmed to be within the regulations. | 首 = neck
HR人事給与システム = HR (Human Resources and Payroll) System | HR人事給与システム = HR (Human Resources and Payroll) System | aあA☆ = aaA☆ | 人事 = human resources | HR人事給与システム = HR (Human Resources and Payroll) System | 2026年度·人事部門 = FY2026・Human Resources Department | 2026/07/02 00:47:58 田中麻里·人事マネージャー = 2026/07/02 00:47:58 Mari Tanaka, Human Resources Manager | 田 = Field | 菊池理思 = Risa Kikuchi | 接待交際賣 = entertainment and entertainment | 115,812円 = 115,812 yen | 調整 = adjustment | 未処理 = Unprocessed | 人事業務 = Human resources operations | 坂本裕二 = Yuji Sakamoto | 研修費 = Training expenses | 37,418円 = 37,418 yen | 定常 = Steady state | 未処理 = Unprocessed | ダッシュボード = Dashboard | 菊池理恵 = Rie Kikuchi | 接待交際費 = Entertainment expenses | 76,286円 = 76,286 yen | 調整 = adjustment | 未処理 = Unprocessed | 経費精算·給与変更 = Expense reimbursement and payroll changes | 勤怠・休暇申請 = Attendance and leave application | 津田将太 = Shota Tsuda | 出張旅費 = Business trip expenses | 73,384円 = 73,384 yen | 定常 = Steady state | 未処理 = Unprocessed | 入社手続き = Onboarding procedures | 河野明日香 = Asuka Kono | 接待交際費 = Entertainment expenses | 81,217円 = 81,217 yen | 調整 = adjustment | 未処理 = Unprocessed | 福利厚生申請 = Employee benefits application | 島田奈々 = Nana Shimada | 役職手当新設 = New position-based allowance established. | 21,819円 = 21,819 yen | 定常 = Steady state | 登録済み = Registered | 住民税・その他 = Resident tax and other taxes | 島田奈々 = Nana Shimada | 役職手当廃止 = Abolition of position allowances | 8,012円 = 8,012 yen | 定常 = Steady state | 登録済み = Registered | 岡田智也 = Tomoya Okada | 役職手当新設 = New position-based allowance established. | 21,819円 = 21,819 yen | 定常 = Steady state | 登録済み = Registered | 岡田智也 = Tomoya Okada | 昇給 = Salary increase | 9,193円 = 9,193 yen | 定常 = Steady state | 未処理 =","Settlement confirmation memo Field A Settlement confirmation memo Expense reimbursement confirmed. Expense category: Business trip expenses Amount: 50,639 yen. Confirmed to be within the regulations. neck
HR (Human Resources and Payroll) System HR (Human Resources and Payroll) System aaA☆ human resources HR (Human Resources and Payroll) System FY2026・Human Resources Department 2026/07/02 00:47:58 Mari Tanaka, Human Resources Manager Field Risa Kikuchi entertainment and entertainment 115,812 yen adjustment Unprocessed Human resources operations Yuji Sakamoto Training expenses 37,418 yen Steady state Unprocessed Dashboard Rie Kikuchi Entertainment expenses 76,286 yen adjustment Unprocessed Expense reimbursement and payroll changes Attendance and leave application Shota Tsuda Business trip expenses 73,384 yen Steady state Unprocessed Onboarding procedures Asuka Kono Entertainment expenses 81,217 yen adjustment Unprocessed Employee benefits application Nana Shimada New position-based allowance established. 21,819 yen Steady state Registered Resident tax and other taxes Nana Shimada Abolition of position allowances 8,012 yen Steady state Registered Tomoya Okada New position-based allowance established. 21,819 yen Steady state Registered Tomoya Okada Salary increase 9,193 yen Steady state Unprocessed Daiki Ueno Change in dependent deduction Steady state Unprocessed Takuya Aoki Salary increase 9,193 yen Steady state Unprocessed Rie Kikuchi Change in dependent deduction Steady state Unprocessed Ayako Takeuchi Salary increase 9,193 yen Steady state Unprocessed Ayako Takeuchi Salary increase 9,193 yen Steady state Unprocessed Rie Kikuchi Salary increase 9,193 yen Steady state Unprocessed Ryosuke Kirishima Change in dependent deduction Steady state Unprocessed Nana Torita New position-based allowance established. 21,819 yen Steady state Unprocessed Self",/payroll-items,amount | category | department | resident tax | attendance,unprocessed,Notepad/text | Word/document,word_assisted,0.9351701042552789
pi,payroll_change,ses_20260701-191537-LAPTOP-76QMG9DE::16,ses_20260701-191537-LAPTOP-76QMG9DE,"HR人事給与システム = HR (Human Resources and Payroll) System | HR人事給与システム = HR (Human Resources and Payroll) System | a肺A☆ = a lung A☆ | |车 = |Car | 人事 = human resources | HR人事給与システム = HR (Human Resources and Payroll) System | 2026年度·人事部門 = FY2026・Human Resources Department | 2026/07/02 00:50:18 田中麻里·人事マネージャー = 2026/07/02 00:50:18 Mari Tanaka, Human Resources Manager | 田 = Field | 人事業務 = Human resources operations | 竹内彩子 = Ayako Takeuchi | 昇給 = Salary increase | 9,193円 = 9,193 yen | 定常 = Steady state | 未処理 = Unprocessed | ダッシュボード = Dashboard | 菊池理恵 = Rie Kikuchi | 昇給 = Salary increase | 9,193円 = 9,193 yen | 定常 = Steady state | 未処理 = Unprocessed | 経費精算·給与変更 = Expense reimbursement and payroll changes | 桐島涼介 = Ryosuke Kirishima | 扶養控除変更 = Change in dependent deduction | 定常 = Steady state | 未処理 = Unprocessed | 勤怠・休暇申請 = Attendance and leave application | 入社手続き = Onboarding procedures | 島田奈々 = Nana Shimada | 役職手当新設 = New position-based allowance established. | 21,819円 = 21,819 yen | 定常 = Steady state | 未処理 = Unprocessed | 福利厚生申請 = Employee benefits application | 詳細—P4-07089737-006·青木拓也 = Details—P4-07089737-006・Takuya Aoki | 住民税・その他 = Resident tax and other taxes | 未処理 = Unprocessed | 管理ID = Management ID | 社員ID = Employee ID | 区分 = classification | 昇給 = Salary increase | 種別 = type | 定常 = Steady state | 金額 = Amount | 9,193円 = 9,193 yen | ステータス = status | 未処理 = Unprocessed | 参照：変更種別：昇給 遡及：なし = Reference: Change type: Salary increase Retroactive: None | 処理コメント = Processing comments | 処理内容・確認コメントを入力してください… = Please enter the processing details and confirmation comments... | ✓ 登録確定 = ✓ Registration confirmed | 保留 = on hold | 自 = Self","HR (Human Resources and Payroll) System HR (Human Resources and Payroll) System a lung A☆ |Car human resources HR (Human Resources and Payroll) System FY2026・Human Resources Department 2026/07/02 00:50:18 Mari Tanaka, Human Resources Manager Field Human resources operations Ayako Takeuchi Salary increase 9,193 yen Steady state Unprocessed Dashboard Rie Kikuchi Salary increase 9,193 yen Steady state Unprocessed Expense reimbursement and payroll changes Ryosuke Kirishima Change in dependent deduction Steady state Unprocessed Attendance and leave application Onboarding procedures Nana Shimada New position-based allowance established. 21,819 yen Steady state Unprocessed Employee benefits application Details—P4-07089737-006・Takuya Aoki Resident tax and other taxes Unprocessed Management ID Employee ID classification Salary increase type Steady state Amount 9,193 yen status Unprocessed Reference: Change type: Salary increase Retroactive: None Processing comments Please enter the processing details and confirmation comments... ✓ Registration confirmed on hold Self",/payroll-items,employee id | amount | status | processing comment | type | department | resident tax | attendance,hold | unprocessed,Notepad/text | Word/document,word_assisted,0.956998024135828
pi,payroll_change,ses_20260701-191537-LAPTOP-76QMG9DE::19,ses_20260701-191537-LAPTOP-76QMG9DE,"HR人事給与システム = HR (Human Resources and Payroll) System | HR人事給与システム = HR (Human Resources and Payroll) System | a肺A☆ = a lung A☆ | |车 = |Car | 人事 = human resources | HR人事給与システム = HR (Human Resources and Payroll) System | 2026年度·人事部門 = FY2026・Human Resources Department | 2026/07/02 00:50:31 田中麻里·人事マネージャー = 2026/07/02 00:50:31 Mari Tanaka, Human Resources Manager | 田 = Field | 人事業務 = Human resources operations | 竹内彩子 = Ayako Takeuchi | 昇給 = Salary increase | 9,193円 = 9,193 yen | 定常 = Steady state | 未処理 = Unprocessed | ダッシュボード = Dashboard | 菊池理恵 = Rie Kikuchi | 昇給 = Salary increase | 9,193円 = 9,193 yen | 定常 = Steady state | 未処理 = Unprocessed | 経費精算·給与変更 = Expense reimbursement and payroll changes | 桐島涼介 = Ryosuke Kirishima | 扶養控除変更 = Change in dependent deduction | 定常 = Steady state | 未処理 = Unprocessed | 勤怠・休暇申請 = Attendance and leave application | 入社手続き = Onboarding procedures | 島田奈々 = Nana Shimada | 役職手当新設 = New position-based allowance established. | 21,819円 = 21,819 yen | 定常 = Steady state | 未処理 = Unprocessed | 福利厚生申請 = Employee benefits application | 詳細—P4-07089737-007·菊池理恵 = Details—P4-07089737-007 · Rie Kikuchi | 住民税・その他 = Resident tax and other taxes | 未処理 = Unprocessed | 管理ID = Management ID | 社員ID = Employee ID | 区分 = classification | 扶養控除変更 = Change in dependent deduction | 種別 = type | 定常 = Steady state | 金額 = Amount | 対象外 = Not applicable | ステータス = status | 未処理 = Unprocessed | 参照：変更種別：扶養控除変更遡及：なし = Reference: Change type: Dependent deduction change Retroactive: None | 処理コメント = Processing comments | 処理内容・確認コメントを入力してください… = Please enter the processing details and confirmation comments... | ✓ 登録確定 = ✓ Registration confirmed | 保留 = on hold | 自 = Self
HR人事給与システム = HR (Human Resources and Payroll) System | HR人事給与システム = HR (Human Resources and Payroll) System | aあA☆ = aaA☆ | 人事 = human resources | HR人事給与システム = HR (Human Resources and Payroll) System | 2026年度·人事部門 = FY2026・Human Resources Department | 2026/07/02 00:50:38 田中麻里·人事マネージャー = 2026/07/02 00:50:38 Mari Tanak","HR (Human Resources and Payroll) System HR (Human Resources and Payroll) System a lung A☆ |Car human resources HR (Human Resources and Payroll) System FY2026・Human Resources Department 2026/07/02 00:50:31 Mari Tanaka, Human Resources Manager Field Human resources operations Ayako Takeuchi Salary increase 9,193 yen Steady state Unprocessed Dashboard Rie Kikuchi Salary increase 9,193 yen Steady state Unprocessed Expense reimbursement and payroll changes Ryosuke Kirishima Change in dependent deduction Steady state Unprocessed Attendance and leave application Onboarding procedures Nana Shimada New position-based allowance established. 21,819 yen Steady state Unprocessed Employee benefits application Details—P4-07089737-007 · Rie Kikuchi Resident tax and other taxes Unprocessed Management ID Employee ID classification Change in dependent deduction type Steady state Amount Not applicable status Unprocessed Reference: Change type: Dependent deduction change Retroactive: None Processing comments Please enter the processing details and confirmation comments... ✓ Registration confirmed on hold Self
HR (Human Resources and Payroll) System HR (Human Resources and Payroll) System aaA☆ human resources HR (Human Resources and Payroll) System FY2026・Human Resources Department 2026/07/02 00:50:38 Mari Tanaka, Human Resources Manager Field Human resources operations Rie Kikuchi Entertainment expenses 76,286 yen adjustment Unprocessed Dashboard Shota Tsuda Business trip expenses 73,384 yen Steady state Unprocessed Expense reimbursement and payroll changes Asuka Kono Entertainment expenses 81,217 yen adjustment Unprocessed Attendance and leave application Nana Shimada New position-based allowance established. 21,819 yen Steady state Registered Onboarding procedures Employee benefits application Nana Shimada Abolition of position allowances 8,012 yen Steady state Registered Resident tax and other taxes Tomoya Okada New position-based allowance established. 21,819 yen Steady state Regist",/payroll-items,employee id | amount | status | processing comment | type | department | resident tax | attendance,hold | unprocessed,Notepad/text | Word/document,word_assisted,0.9660983164082555
pi,payroll_change,ses_20260701-191537-LAPTOP-76QMG9DE::20,ses_20260701-191537-LAPTOP-76QMG9DE,"HR人事給与システム = HR (Human Resources and Payroll) System | HR人事給与システム = HR (Human Resources and Payroll) System | aあA☆ = aaA☆ | 人事 = human resources | HR人事給与システム = HR (Human Resources and Payroll) System | 2026年度·人事部門 = FY2026・Human Resources Department | 2026/07/0200:50:43 田中麻里·人事マネージャー = 2026/07/02 00:50:43 Mari Tanaka, Human Resources Manager | 田 = Field | 人事業務 = Human resources operations | 菊池理恵 = Rie Kikuchi | 接待交際費 = Entertainment expenses | 76,286円 = 76,286 yen | 调整 = Adjustment | 未処理 = Unprocessed | ダッシュボード = Dashboard | 津田 将太 = Shota Tsuda | 出張旅費 = Business trip expenses | 73,384円 = 73,384 yen | 定常 = Steady state | 未処理 = Unprocessed | 経費精算·給与変更 = Expense reimbursement and payroll changes | 河野明日香 = Asuka Kono | 接待交際費 = Entertainment expenses | 81,217円 = 81,217 yen | 调整 = Adjustment | 未処理 = Unprocessed | 勤怠・休暇申請 = Attendance and leave application | 島田奈々 = Nana Shimada | 役職手当新設 = New position-based allowance established. | 21,819円 = 21,819 yen | 定常 = Steady state | 登録済み = Registered | 入社手続き = Onboarding procedures | 福利厚生申請 = Employee benefits application | 島田奈々 = Nana Shimada | 役職手当鹿止 = Position allowance | 8,012円 = 8,012 yen | 定常 = Steady state | 登録済み = Registered | ● 住民税・その他 = ● Resident tax and other taxes | 岡田智也 = Tomoya Okada | 役職手当新設 = New position-based allowance established. | 21,819円 = 21,819 yen | 定常 = Steady state | 登録済み = Registered | 岡田智也 = Tomoya Okada | 异給 = alienation | 9,193円 = 9,193 yen | 定常 = Steady state | 登錄済み = Registered | 上野大樹 = Daiki Ueno | 扶簧控除変更 = Change in dependent deduction | 定常 = Steady state | 登録済み = Registered | 青木拓也 = Takuya Aoki | 异給 = alienation | 9,193円 = 9,193 yen | 定常 = Steady state | 登錄済み = Registered | 菊池理恵 = Rie Kikuchi | 扶簧控除変更 = Change in dependent deduction | 定常 = Steady state | 登録済み = Registered | 竹内彩子 = Ayako Takeuchi | 异給 = alienation | 9,193円 = 9,193 yen | 定常 = Steady state | 登錄済み = Registered | 竹内彩子 = Ayako Takeuchi | 异給 = alienation | 9,193円 = 9,193 yen | 定常 = Steady state | 未処理 = Unprocessed | 菊池理恵 = Rie Kikuchi ","HR (Human Resources and Payroll) System HR (Human Resources and Payroll) System aaA☆ human resources HR (Human Resources and Payroll) System FY2026・Human Resources Department 2026/07/02 00:50:43 Mari Tanaka, Human Resources Manager Field Human resources operations Rie Kikuchi Entertainment expenses 76,286 yen Adjustment Unprocessed Dashboard Shota Tsuda Business trip expenses 73,384 yen Steady state Unprocessed Expense reimbursement and payroll changes Asuka Kono Entertainment expenses 81,217 yen Adjustment Unprocessed Attendance and leave application Nana Shimada New position-based allowance established. 21,819 yen Steady state Registered Onboarding procedures Employee benefits application Nana Shimada Position allowance 8,012 yen Steady state Registered ● Resident tax and other taxes Tomoya Okada New position-based allowance established. 21,819 yen Steady state Registered Tomoya Okada alienation 9,193 yen Steady state Registered Daiki Ueno Change in dependent deduction Steady state Registered Takuya Aoki alienation 9,193 yen Steady state Registered Rie Kikuchi Change in dependent deduction Steady state Registered Ayako Takeuchi alienation 9,193 yen Steady state Registered Ayako Takeuchi alienation 9,193 yen Steady state Unprocessed Rie Kikuchi alienation 9,193 yen Steady state Unprocessed Ryosuke Kirishima Change in dependent deduction Steady state Unprocessed Nana Shimada New position-based allowance established. 21,819 yen Steady state Unprocessed P4-07089737-008: Registration confirmed. Self
HR (Human Resources and Payroll) System HR (Human Resources and Payroll) System aaA☆ human resources HR (Human Resources and Payroll) System FY2026・Human Resources Department 2026/07/02 00:50:49 Mari Tanaka, Human Resources Manager Field Human resources operations Rie Kikuchi Entertainment expenses 76,286 yen adjustment Unprocessed Dashboard Shota Tsuda Business trip expenses 73,384 yen Steady state Unprocessed Expense reimbursement and payroll changes Asuka Kono Entertainm",/payroll-items,department | resident tax | attendance,unprocessed,Notepad/text | Word/document,word_assisted,0.9662217255567775
pi,payroll_change,ses_20260701-191537-LAPTOP-76QMG9DE::21,ses_20260701-191537-LAPTOP-76QMG9DE,"HR人事給与システム = HR (Human Resources and Payroll) System | HR人事給与システム = HR (Human Resources and Payroll) System | aあA☆ = aaA☆ | 人事 = human resources | HR人事給与システム = HR (Human Resources and Payroll) System | 2026年度·人事部門 = FY2026・Human Resources Department | 2026/07/02 00:51:00 田中麻里·人事マネージャー = 2026/07/02 00:51:00 Mari Tanaka, Human Resources Manager | 田 = Field | 人事業務 = Human resources operations | 竹内彩子 = Ayako Takeuchi | 昇給 = Salary increase | 9,193円 = 9,193 yen | 定常 = Steady state | 登録済み = Registered | ダッシュボード = Dashboard | 菊池理恵 = Rie Kikuchi | 昇給 = Salary increase | 9,193円 = 9,193 yen | 定常 = Steady state | 未処理 = Unprocessed | 経費精算·給与変更 = Expense reimbursement and payroll changes | 勤怠·休暇申請 = Attendance and leave application | 桐島凉介 = Ryosuke Kirishima | 扶養控除変更 = Change in dependent deduction | 定常 = Steady state | 未処理 = Unprocessed | 入社手続き = Onboarding procedures | 島田奈々 = Nana Shimada | 役職手当新設 = New position-based allowance established. | 21,819円 = 21,819 yen | 定常 = Steady state | 未処理 = Unprocessed | 福利厚生申請 = Employee benefits application | 詳細—P4-07089737-010·菊池理恵 = Details—P4-07089737-010 · Rie Kikuchi | 住民税・その他 = Resident tax and other taxes | 未処理 = Unprocessed | 管理ID = Management ID | 社員ID = Employee ID | 区分 = classification | 昇給 = Salary increase | 種別 = type | 定常 = Steady state | 金額 = Amount | 9,193円 = 9,193 yen | ステータス = status | 未処理 = Unprocessed | 参照：変更種別：昇給 遡及：なし = Reference: Change type: Salary increase Retroactive: None | 処理コメント = Processing comments | 処理内容・確認コメントを入力してください… = Please enter the processing details and confirmation comments... | ✓ 登録確定 = ✓ Registration confirmed | 保留 = on hold | 自 = Self | 小 = small
HR人事給与システム = HR (Human Resources and Payroll) System | HR人事給与システム = HR (Human Resources and Payroll) System | aあA☆ = aaA☆ | 人事 = human resources | HR人事給与システム = HR (Human Resources and Payroll) System | 2026年度·人事部門 = FY2026・Human Resources Department | 2026/07/02 00:51:10 田中麻里·人事マネージャー = 2026/07/02 00:51:10 Mari Tanaka, Human Resources Manager | 田 = Field ","HR (Human Resources and Payroll) System HR (Human Resources and Payroll) System aaA☆ human resources HR (Human Resources and Payroll) System FY2026・Human Resources Department 2026/07/02 00:51:00 Mari Tanaka, Human Resources Manager Field Human resources operations Ayako Takeuchi Salary increase 9,193 yen Steady state Registered Dashboard Rie Kikuchi Salary increase 9,193 yen Steady state Unprocessed Expense reimbursement and payroll changes Attendance and leave application Ryosuke Kirishima Change in dependent deduction Steady state Unprocessed Onboarding procedures Nana Shimada New position-based allowance established. 21,819 yen Steady state Unprocessed Employee benefits application Details—P4-07089737-010 · Rie Kikuchi Resident tax and other taxes Unprocessed Management ID Employee ID classification Salary increase type Steady state Amount 9,193 yen status Unprocessed Reference: Change type: Salary increase Retroactive: None Processing comments Please enter the processing details and confirmation comments... ✓ Registration confirmed on hold Self small
HR (Human Resources and Payroll) System HR (Human Resources and Payroll) System aaA☆ human resources HR (Human Resources and Payroll) System FY2026・Human Resources Department 2026/07/02 00:51:10 Mari Tanaka, Human Resources Manager Field Human resources operations Ayako Takeuchi Salary increase 9,193 yen Steady state Registered Dashboard Rie Kikuchi Salary increase 9,193 yen Steady state Registered Expense reimbursement and payroll changes Attendance and leave application Ryosuke Kirishima Change in dependent deduction Steady state Unprocessed Onboarding procedures Nana Shimada New position-based allowance established. 21,819 yen Steady state Unprocessed Employee benefits application Details—P4-07089737-011 · Ryosuke Kirishima Resident tax and other taxes Unprocessed Management ID Employee ID classification Change in dependent deduction type Steady state Amount Not applicable status Unprocessed Reference: Change typ",/payroll-items,employee id | amount | status | processing comment | type | department | resident tax | attendance,hold | unprocessed,Notepad/text | Word/document,word_assisted,0.962188385684549
pi,payroll_change,ses_20260701-191537-LAPTOP-76QMG9DE::22,ses_20260701-191537-LAPTOP-76QMG9DE,"HR人事給与システム = HR (Human Resources and Payroll) System | HR人事給与システム = HR (Human Resources and Payroll) System | aあA☆ = aaA☆ | 人事 = human resources | HR人事給与システム = HR (Human Resources and Payroll) System | 2026年度·人事部門 = FY2026・Human Resources Department | 2026/07/02 00:51:32 田中麻里·人事マネージャー = 2026/07/02 00:51:32 Mari Tanaka, Human Resources Manager | 田 = Field | 人事業務 = Human resources operations | 菊池理車 = Risha Kikuchi | 接待交際费 = entertainment and social expenses | 76,286円 = 76,286 yen | 調整 = adjustment | 未処理 = Unprocessed | ダッシュボード = Dashboard | 73,384円 = 73,384 yen | 定常 = Steady state | 未処理 = Unprocessed | 経費精算・給与変更 = Expense reimbursement and payroll changes | 81,217円 = 81,217 yen | 調整 = adjustment | 未処理 = Unprocessed | 勤怠・休暇申請 = Attendance and leave application | 21,819円 = 21,819 yen | 定常 = Steady state | 登録済み = Registered | 入社手続き = Onboarding procedures | 8,012円 = 8,012 yen | 定常 = Steady state | 福利厚生申請 = Employee benefits application | 登録済み = Registered | 住民税・その他 = Resident tax and other taxes | 21,819円 = 21,819 yen | 定常 = Steady state | 登録済み = Registered | 9,193円 = 9,193 yen | 定常 = Steady state | 登録済み = Registered | 定常 = Steady state | 登録済み = Registered | 9,193円 = 9,193 yen | 定常 = Steady state | 登録済み = Registered | 定常 = Steady state | 登録済み = Registered | 9,193円 = 9,193 yen | 定常 = Steady state | 登録済み = Registered | 9,193円 = 9,193 yen | 定常 = Steady state | 登録済み = Registered | 9,193円 = 9,193 yen | 定常 = Steady state | 登録済み = Registered | 桐岛凉介 = Ryosuke Kirishima | 扶展控除友更 = Futen deduction tomosara | 定常 = Steady state | 登録済み = Registered | 島田奈々 = Nana Shimada | 役職手当新設 = New position-based allowance established. | 21,819円 = 21,819 yen | 定常 = Steady state | 登録済み = Registered","HR (Human Resources and Payroll) System HR (Human Resources and Payroll) System aaA☆ human resources HR (Human Resources and Payroll) System FY2026・Human Resources Department 2026/07/02 00:51:32 Mari Tanaka, Human Resources Manager Field Human resources operations Risha Kikuchi entertainment and social expenses 76,286 yen adjustment Unprocessed Dashboard 73,384 yen Steady state Unprocessed Expense reimbursement and payroll changes 81,217 yen adjustment Unprocessed Attendance and leave application 21,819 yen Steady state Registered Onboarding procedures 8,012 yen Steady state Employee benefits application Registered Resident tax and other taxes 21,819 yen Steady state Registered 9,193 yen Steady state Registered Steady state Registered 9,193 yen Steady state Registered Steady state Registered 9,193 yen Steady state Registered 9,193 yen Steady state Registered 9,193 yen Steady state Registered Ryosuke Kirishima Futen deduction tomosara Steady state Registered Nana Shimada New position-based allowance established. 21,819 yen Steady state Registered",/payroll-items,department | resident tax | attendance,unprocessed,Notepad/text | Word/document,word_assisted,0.9808269904719459
pi,payroll_change,ses_20260701-192455-NEELA9BAF::4,ses_20260701-192455-NEELA9BAF,"HR人事給与システム = HR (Human Resources and Payroll) System | aあ A☆ = aa A☆ | 人事 = human resources | HR人事給与システム = HR (Human Resources and Payroll) System | 2026年度·人事部門 = FY2026・Human Resources Department | 田 = Field | 白不几口点 = Shirofuringuchi point | 人事業務 = Human resources operations | 河野明日香 = Asuka Kono | 消耗品費 = Consumables cost | 22,045円 = 22,045 yen | ● ダッシュボード = ● Dashboard | 菊池理恵 = Rie Kikuchi | 出張旅費 = Business trip expenses | 26,271円 = 26,271 yen | 定常 = Steady state | 未処理 = Unprocessed | 経費精算・給与変更 = Expense reimbursement and payroll changes | 島田奈々 = Nana Shimada | 研修費 = Training expenses | 26,156円 = 26,156 yen | 定常 = Steady state | 未処理 = Unprocessed | ● 勤怠・休暇申請 = ● Attendance and leave application | ● 入社手続き = ● Onboarding procedures | 江口さくら = Sakura Eguchi | 接待交際費 = Entertainment expenses | 87,288円 = 87,288 yen | 調整 = adjustment | 未処理 = Unprocessed | ●福利厚生申請 = ● Application for employee benefits | 島田奈々 = Nana Shimada | 接待交際費 = Entertainment expenses | 110,668円 = 110,668 yen | 調整 = adjustment | 未処理 = Unprocessed | ● 住民税・その他 = ● Resident tax and other taxes | 寺本真由 = Mayu Teramoto | 消耗品費 = Consumables cost | 10,830円 = 10,830 yen | 定常 = Steady state | 未処理 = Unprocessed | 河野明日香 = Asuka Kono | 接待交際費 = Entertainment expenses | 115,761円 = 115,761 yen | 調整 = adjustment | 未処理 = Unprocessed | 江口さくら = Sakura Eguchi | 交通費精算 = Transportation expense settlement | 13,691円 = 13,691 yen | 定常 = Steady state | 未処理 = Unprocessed | 青木拓也 = Takuya Aoki | 扶養控除変更 = Change in dependent deduction | 定常 = Steady state | 未処理 = Unprocessed | 岡田智也 = Tomoya Okada | 昇給 = Salary increase | 20,263円 = 20,263 yen | 定常 = Steady state | 未処理 = Unprocessed | 島田奈々 = Nana Shimada | 役職手当新設 = New position-based allowance established. | 47,909円 = 47,909 yen | 定常 = Steady state | 未処理 = Unprocessed | 江口さくら = Sakura Eguchi | 役職手当新設 = New position-based allowance established. | 47,909円 = 47,909 yen | 定常 = Steady state | 未処理 = Unprocessed | 岡田智也 = Tomoya Okada | 役職手当廃止 = Abolition of position allowances | 9,578円 = 9,578","HR (Human Resources and Payroll) System aa A☆ human resources HR (Human Resources and Payroll) System FY2026・Human Resources Department Field Shirofuringuchi point Human resources operations Asuka Kono Consumables cost 22,045 yen ● Dashboard Rie Kikuchi Business trip expenses 26,271 yen Steady state Unprocessed Expense reimbursement and payroll changes Nana Shimada Training expenses 26,156 yen Steady state Unprocessed ● Attendance and leave application ● Onboarding procedures Sakura Eguchi Entertainment expenses 87,288 yen adjustment Unprocessed ● Application for employee benefits Nana Shimada Entertainment expenses 110,668 yen adjustment Unprocessed ● Resident tax and other taxes Mayu Teramoto Consumables cost 10,830 yen Steady state Unprocessed Asuka Kono Entertainment expenses 115,761 yen adjustment Unprocessed Sakura Eguchi Transportation expense settlement 13,691 yen Steady state Unprocessed Takuya Aoki Change in dependent deduction Steady state Unprocessed Tomoya Okada Salary increase 20,263 yen Steady state Unprocessed Nana Shimada New position-based allowance established. 47,909 yen Steady state Unprocessed Sakura Eguchi New position-based allowance established. 47,909 yen Steady state Unprocessed Tomoya Okada Abolition of position allowances 9,578 yen Steady state Unprocessed Asuka Kono New position-based allowance established. 47,909 yen Steady state Unprocessed Ishida Mina Overtime pay adjustment 9,895 yen adjustment Unprocessed Sakura Eguchi Change in dependent deduction Steady state Unprocessed Ryosuke Kirishima New position-based allowance established. 47,909 yen Steady state White M large L Residual industrial base details
HR (Human Resources and Payroll) System aa A☆ human resources HR (Human Resources and Payroll) System FY2026・Human Resources Department Field Human resources operations Mina Ishida Overtime pay adjustment 9,895 yen ● Dashboard Sakura Eguchi Change in dependent deduction Steady state Unprocessed Expense reimbursement and payroll chan",,employee id | amount | status | processing comment | type | department | resident tax | attendance,hold | unprocessed,Notepad/text,notepad_assisted,0.9659945937450901
pi,payroll_change,ses_20260701-192455-NEELA9BAF::5,ses_20260701-192455-NEELA9BAF,"HR人事給与システム = HR (Human Resources and Payroll) System | aあ A☆ = aa A☆ | 人事 = human resources | HR人事給与システム = HR (Human Resources and Payroll) System | 2026年度·人事部門 = FY2026・Human Resources Department | 田 = Field | 江口さくら = Sakura Eguchi | 接待交際費 = Entertainment expenses | 87,288円 = 87,288 yen | 人事業務 = Human resources operations | ● ダッシュボード = ● Dashboard | 島田奈々 = Nana Shimada | 接待交際費 = Entertainment expenses | 110,668円 = 110,668 yen | 経費精算・給与変更 = Expense reimbursement and payroll changes | 寺本 真由 = Mayu Teramoto | 消耗品費 = Consumables cost | 10,830円 = 10,830 yen | 定常 = Steady state | 未処理 = Unprocessed | ● 勤怠・休暇申請 = ● Attendance and leave application | 河野明日香 = Asuka Kono | 接待交際費 = Entertainment expenses | 115,761円 = 115,761 yen | 調整 = adjustment | 未処理 = Unprocessed | ● 入社手続き = ● Onboarding procedures | 江口さくら = Sakura Eguchi | 交通費精算 = Transportation expense settlement | 13,691円 = 13,691 yen | 定常 = Steady state | 未処理 = Unprocessed | ●福利厚生申請 = ● Application for employee benefits | 青木拓也 = Takuya Aoki | 扶養控除変更 = Change in dependent deduction | 定常 = Steady state | 登録済み = Registered | ● 住民税・その他 = ● Resident tax and other taxes | 岡田智也 = Tomoya Okada | 昇給 = Salary increase | 20,263円 = 20,263 yen | 定常 = Steady state | 登録済み = Registered | 島田奈々 = Nana Shimada | 役職手当新設 = New position-based allowance established. | 47,909円 = 47,909 yen | 定常 = Steady state | 未処理 = Unprocessed | 江口さくら = Sakura Eguchi | 役職手当新設 = New position-based allowance established. | 47,909円 = 47,909 yen | 定常 = Steady state | 未処理 = Unprocessed | 岡田智也 = Tomoya Okada | 役職手当廃止 = Abolition of position allowances | 9,578円 = 9,578 yen | 定常 = Steady state | 未処理 = Unprocessed | 河野明日香 = Asuka Kono | 役職手当新設 = New position-based allowance established. | 47,909円 = 47,909 yen | 定常 = Steady state | 未処理 = Unprocessed | 石田美奈 = Ishida Mina | 残業手当調整 = Overtime pay adjustment | 9,895円 = 9,895 yen | 調整 = adjustment | 未処理 = Unprocessed | 江口さくら = Sakura Eguchi | 扶養控除変更 = Change in dependent deduction | 定常 = Steady state | 未処理 = Unprocessed | ","HR (Human Resources and Payroll) System aa A☆ human resources HR (Human Resources and Payroll) System FY2026・Human Resources Department Field Sakura Eguchi Entertainment expenses 87,288 yen Human resources operations ● Dashboard Nana Shimada Entertainment expenses 110,668 yen Expense reimbursement and payroll changes Mayu Teramoto Consumables cost 10,830 yen Steady state Unprocessed ● Attendance and leave application Asuka Kono Entertainment expenses 115,761 yen adjustment Unprocessed ● Onboarding procedures Sakura Eguchi Transportation expense settlement 13,691 yen Steady state Unprocessed ● Application for employee benefits Takuya Aoki Change in dependent deduction Steady state Registered ● Resident tax and other taxes Tomoya Okada Salary increase 20,263 yen Steady state Registered Nana Shimada New position-based allowance established. 47,909 yen Steady state Unprocessed Sakura Eguchi New position-based allowance established. 47,909 yen Steady state Unprocessed Tomoya Okada Abolition of position allowances 9,578 yen Steady state Unprocessed Asuka Kono New position-based allowance established. 47,909 yen Steady state Unprocessed Ishida Mina Overtime pay adjustment 9,895 yen adjustment Unprocessed Sakura Eguchi Change in dependent deduction Steady state Unprocessed Ryosuke Kirishima New position-based allowance established. 47,909 yen Steady state Unprocessed Nana Shimada Overtime pay adjustment 9,895 yen adjustment Unprocessed Ayako Takeuchi Change in dependent deduction Steady state Unprocessed Daiki Ueno Overtime pay adjustment 9,895 yen adjustment",,department | resident tax | attendance,unprocessed,Notepad/text,notepad_assisted,0.9836210086941719
pi,payroll_change,ses_20260701-192455-NEELA9BAF::17,ses_20260701-192455-NEELA9BAF,"HR人事給与システム = HR (Human Resources and Payroll) System | aあ A☆ = aa A☆ | 人事 = human resources | HR人事給与システム = HR (Human Resources and Payroll) System | 2026年度·人事部門 = FY2026・Human Resources Department | 田 = Field | 人事業務 = Human resources operations | 石田美奈 = Ishida Mina | 残業手当調整 = Overtime pay adjustment | 9,895円 = 9,895 yen | ● ダッシュボード = ● Dashboard | 江口さくら = Sakura Eguchi | 扶養控除変更 = Change in dependent deduction | 定常 = Steady state | 未処理 = Unprocessed | 経費精算·給与変更 = Expense reimbursement and payroll changes | 桐島涼介 = Ryosuke Kirishima | 役職手当新設 = New position-based allowance established. | 47,909円 = 47,909 yen | 定常 = Steady state | 未処理 = Unprocessed | ●勤怠・休暇申請 = ● Attendance and leave application | ● 入社手続き = ● Onboarding procedures | 島田奈々 = Nana Shimada | 残業手当調整 = Overtime pay adjustment | 9,895円 = 9,895 yen | 調整 = adjustment | 未処理 = Unprocessed | ●福利厚生申請 = ● Application for employee benefits | 竹内彩子 = Ayako Takeuchi | 扶養控除変更 = Change in dependent deduction | 定常 = Steady state | 未処理 = Unprocessed | ● 住民税・その他 = ● Resident tax and other taxes | 上野大樹 = Daiki Ueno | 残業手当調整 = Overtime pay adjustment | 9,895円 = 9,895 yen | 調整 = adjustment | 未処理 = Unprocessed | 詳細—P1-07040532-002·島田 奈々 = Details—P1-07040532-002 · Nana Shimada | 未処理 = Unprocessed | 管理ID = Management ID | 社員ID = Employee ID | 区分 = classification | 交通費精算 = Transportation expense settlement | 種別 = type | 定常 = Steady state | 金額 = Amount | 17,019円 = 17,019 yen | ステータス = status | 未処理 = Unprocessed | 参照：申請者区分：regular 承認権限：人事担当 = Reference: Applicant category: regular Approval authority: Human Resources | 処理コメント = Processing comments | 経費精算確認済み。費目：交通費精算 = Expense reimbursement confirmed. Expense item: Transportation expenses. | 金額：17,019円。規程内であることを確認した。 = Amount: 17,019 yen. Confirmed to be within the regulations. | ✓ 登録確定 = ✓ Registration confirmed | ""保留 = &quot;on hold","HR (Human Resources and Payroll) System aa A☆ human resources HR (Human Resources and Payroll) System FY2026・Human Resources Department Field Human resources operations Ishida Mina Overtime pay adjustment 9,895 yen ● Dashboard Sakura Eguchi Change in dependent deduction Steady state Unprocessed Expense reimbursement and payroll changes Ryosuke Kirishima New position-based allowance established. 47,909 yen Steady state Unprocessed ● Attendance and leave application ● Onboarding procedures Nana Shimada Overtime pay adjustment 9,895 yen adjustment Unprocessed ● Application for employee benefits Ayako Takeuchi Change in dependent deduction Steady state Unprocessed ● Resident tax and other taxes Daiki Ueno Overtime pay adjustment 9,895 yen adjustment Unprocessed Details—P1-07040532-002 · Nana Shimada Unprocessed Management ID Employee ID classification Transportation expense settlement type Steady state Amount 17,019 yen status Unprocessed Reference: Applicant category: regular Approval authority: Human Resources Processing comments Expense reimbursement confirmed. Expense item: Transportation expenses. Amount: 17,019 yen. Confirmed to be within the regulations. ✓ Registration confirmed &quot;on hold",,employee id | amount | status | processing comment | category | type | department | resident tax | attendance,approve | hold | unprocessed,Notepad/text | Word/document,word_assisted,0.9737146654348264
pi,payroll_change,ses_20260701-192455-NEELA9BAF::40,ses_20260701-192455-NEELA9BAF,"HR人事給与システム = HR (Human Resources and Payroll) System | aあ A☆ = aa A☆ | 人事 = human resources | HR人事給与システム = HR (Human Resources and Payroll) System | 2026年度·人事部門 = FY2026・Human Resources Department | 田 = Field | 人事業務 = Human resources operations | 津田将太 = Shota Tsuda | 研修費 = Training expenses | 51,533円 = 51,533 yen | ● ダッシュボード = ● Dashboard | 島田奈々 = Nana Shimada | 交通費精算 = Transportation expense settlement | 17,019円 = 17,019 yen | 定常 = Steady state | 登録済み = Registered | 経費精算・給与変更 = Expense reimbursement and payroll changes | 青木拓也 = Takuya Aoki | 出張旅費 = Business trip expenses | 79,280円 = 79,280 yen | 定常 = Steady state | 登録済み = Registered | ● 勤怠・休暇申請 = ● Attendance and leave application | 江口さくら = Sakura Eguchi | 消耗品費 = Consumables cost | 5,638円 = 5,638 yen | 定常 = Steady state | ● 入社手続き = ● Onboarding procedures | 登録済み = Registered | ●福利厚生申請 = ● Application for employee benefits | 河野明日香 = Asuka Kono | 消耗品費 = Consumables cost | 22,045円 = 22,045 yen | 定常 = Steady state | 登録済み = Registered | ● 住民税・その他 = ● Resident tax and other taxes | 菊池理恵 = Rie Kikuchi | 出張旅費 = Business trip expenses | 26,271円 = 26,271 yen | 定常 = Steady state | 登録済み = Registered | 島田奈々 = Nana Shimada | 研修費 = Training expenses | 26,156円 = 26,156 yen | 定常 = Steady state | 登録済み = Registered | 江口さくら = Sakura Eguchi | 接待交際費 = Entertainment expenses | 87,288円 = 87,288 yen | 調整 = adjustment | 登録済み = Registered | 島田奈々 = Nana Shimada | 接待交際費 = Entertainment expenses | 110,668円 = 110,668 yen | 調整 = adjustment | 未処理 = Unprocessed | 寺本真由 = Mayu Teramoto | 消耗品費 = Consumables cost | 10,830円 = 10,830 yen | 定常 = Steady state | 未処理 = Unprocessed | 河野明日香 = Asuka Kono | 接待交際費 = Entertainment expenses | 115,761円 = 115,761 yen | 調整 = adjustment | 未処理 = Unprocessed | 江口さくら = Sakura Eguchi | 交通費精算 = Transportation expense settlement | 13,691円 = 13,691 yen | 定常 = Steady state | 未処理 = Unprocessed | 青木拓也 = Takuya Aoki | 扶養控除変更 = Change in dependent deduction | 定常 = Steady state | 登録済み = Registered | 岡田智也 = Tomoya Okada | 昇給 = Salar","HR (Human Resources and Payroll) System aa A☆ human resources HR (Human Resources and Payroll) System FY2026・Human Resources Department Field Human resources operations Shota Tsuda Training expenses 51,533 yen ● Dashboard Nana Shimada Transportation expense settlement 17,019 yen Steady state Registered Expense reimbursement and payroll changes Takuya Aoki Business trip expenses 79,280 yen Steady state Registered ● Attendance and leave application Sakura Eguchi Consumables cost 5,638 yen Steady state ● Onboarding procedures Registered ● Application for employee benefits Asuka Kono Consumables cost 22,045 yen Steady state Registered ● Resident tax and other taxes Rie Kikuchi Business trip expenses 26,271 yen Steady state Registered Nana Shimada Training expenses 26,156 yen Steady state Registered Sakura Eguchi Entertainment expenses 87,288 yen adjustment Registered Nana Shimada Entertainment expenses 110,668 yen adjustment Unprocessed Mayu Teramoto Consumables cost 10,830 yen Steady state Unprocessed Asuka Kono Entertainment expenses 115,761 yen adjustment Unprocessed Sakura Eguchi Transportation expense settlement 13,691 yen Steady state Unprocessed Takuya Aoki Change in dependent deduction Steady state Registered Tomoya Okada Salary increase 20,263 yen Steady state Registered Nana Shimada New position-based allowance established. 47,909 yen Steady state Registered Sakura Eguchi New position-based allowance established. 47,909 yen Steady state Registered Tomoya Okada Abolition of position allowances 9,578 yen Steady state Go to Setti and activate Windows. Asuka Kono New position-based allowance established. 47,909 yen Steady state Unprocessed",,department | resident tax | attendance,unprocessed,Notepad/text | Word/document,word_assisted,0.9848431099794412
pi,payroll_change,ses_20260701-192455-NEELA9BAF::41,ses_20260701-192455-NEELA9BAF,"HR人事給与システム = HR (Human Resources and Payroll) System | aあ A☆ = aa A☆ | 人事 = human resources | HR人事給与システム = HR (Human Resources and Payroll) System | 2026年度·人事部門 = FY2026・Human Resources Department | 田 = Field | 开 = Open | 人事業務 = Human resources operations | 青木拓也 = Takuya Aoki | 出張旅費 = Business trip expenses | 79,280円 = 79,280 yen | ● ダッシュボード = ● Dashboard | 江口さくら = Sakura Eguchi | 消耗品費 = Consumables cost | 5,638円 = 5,638 yen | 定常 = Steady state | 登録済み = Registered | 経費精算・給与変更 = Expense reimbursement and payroll changes | 河野明日香 = Asuka Kono | 消耗品費 = Consumables cost | 22,045円 = 22,045 yen | 定常 = Steady state | 登録済み = Registered | ● 勤怠・休暇申請 = ● Attendance and leave application | ● 入社手続き = ● Onboarding procedures | 菊池理恵 = Rie Kikuchi | 出張旅費 = Business trip expenses | 26,271円 = 26,271 yen | 定常 = Steady state | 登録済み = Registered | ●福利厚生申請 = ● Application for employee benefits | 島田奈々 = Nana Shimada | 研修費 = Training expenses | 26,156円 = 26,156 yen | 定常 = Steady state | 登録済み = Registered | ● 住民税・その他 = ● Resident tax and other taxes | 江口さくら = Sakura Eguchi | 接待交際費 = Entertainment expenses | 87,288円 = 87,288 yen | 調整 = adjustment | 登録済み = Registered | 島田奈々 = Nana Shimada | 接待交際費 = Entertainment expenses | 110,668円 = 110,668 yen | 調整 = adjustment | 登録済み = Registered | 寺本真由 = Mayu Teramoto | 消耗品費 = Consumables cost | 10,830円 = 10,830 yen | 定常 = Steady state | 登録済み = Registered | 河野明日香 = Asuka Kono | 接待交際費 = Entertainment expenses | 115,761円 = 115,761 yen | 調整 = adjustment | 未処理 = Unprocessed | 江口さくら = Sakura Eguchi | 交通費精算 = Transportation expense settlement | 13,691円 = 13,691 yen | 定常 = Steady state | 未処理 = Unprocessed | 青木拓也 = Takuya Aoki | 扶養控除変更 = Change in dependent deduction | 定常 = Steady state | 登録済み = Registered | 岡田智也 = Tomoya Okada | 昇給 = Salary increase | 20,263円 = 20,263 yen | 定常 = Steady state | 登録済み = Registered | 島田奈々 = Nana Shimada | 役職手当新設 = New position-based allowance established. | 47,909円 = 47,909 yen | 定常 = Steady state | 登録済み = Registered | 江口さくら = Sakura","HR (Human Resources and Payroll) System aa A☆ human resources HR (Human Resources and Payroll) System FY2026・Human Resources Department Field Open Human resources operations Takuya Aoki Business trip expenses 79,280 yen ● Dashboard Sakura Eguchi Consumables cost 5,638 yen Steady state Registered Expense reimbursement and payroll changes Asuka Kono Consumables cost 22,045 yen Steady state Registered ● Attendance and leave application ● Onboarding procedures Rie Kikuchi Business trip expenses 26,271 yen Steady state Registered ● Application for employee benefits Nana Shimada Training expenses 26,156 yen Steady state Registered ● Resident tax and other taxes Sakura Eguchi Entertainment expenses 87,288 yen adjustment Registered Nana Shimada Entertainment expenses 110,668 yen adjustment Registered Mayu Teramoto Consumables cost 10,830 yen Steady state Registered Asuka Kono Entertainment expenses 115,761 yen adjustment Unprocessed Sakura Eguchi Transportation expense settlement 13,691 yen Steady state Unprocessed Takuya Aoki Change in dependent deduction Steady state Registered Tomoya Okada Salary increase 20,263 yen Steady state Registered Nana Shimada New position-based allowance established. 47,909 yen Steady state Registered Sakura Eguchi New position-based allowance established. 47,909 yen Steady state Registered Tomoya Okada Abolition of position allowances 9,578 yen Steady state Unprocessed Asuka Kono New position-based allowance established. 47,909 yen Steady state Unprocessed Mina Ishida Overtime pay adjustment 9,895 yen adjustment Tノ: ++Mimakura Hara Re Ning Party Doka m
HR (Human Resources and Payroll) System aa A☆ human resources HR (Human Resources and Payroll) System FY2026・Human Resources Department Field Human resources operations Ishida Mina Overtime pay adjustment 9,895 yen ● Dashboard Sakura Eguchi Change in dependent deduction Steady state Unprocessed Expense reimbursement and payroll changes Ryosuke Kirishima New position-based allowance established. ",,employee id | amount | status | processing comment | category | type | department | resident tax | attendance,approve | hold | unprocessed,Notepad/text | Word/document,word_assisted,0.9696860894483571
pi,payroll_change,ses_20260701-192455-NEELA9BAF::42,ses_20260701-192455-NEELA9BAF,"HR人事給与システム = HR (Human Resources and Payroll) System | aあ A☆ = aa A☆ | 人事 = human resources | HR人事給与システム = HR (Human Resources and Payroll) System | 2026年度·人事部門 = FY2026・Human Resources Department | 田 = Field | 人事業務 = Human resources operations | 石田美奈 = Ishida Mina | 残業手当調整 = Overtime pay adjustment | 9,895円 = 9,895 yen | ● ダッシュボード = ● Dashboard | 江口さくら = Sakura Eguchi | 扶養控除変更 = Change in dependent deduction | 定常 = Steady state | 未処理 = Unprocessed | 経費精算·給与変更 = Expense reimbursement and payroll changes | 桐島涼介 = Ryosuke Kirishima | 役職手当新設 = New position-based allowance established. | 47,909円 = 47,909 yen | 定常 = Steady state | 未処理 = Unprocessed | ● 勤怠・休暇申請 = ● Attendance and leave application | ● 入社手続き = ● Onboarding procedures | 島田奈々 = Nana Shimada | 残業手当調整 = Overtime pay adjustment | 9,895円 = 9,895 yen | 調整 = adjustment | 未処理 = Unprocessed | ●福利厚生申請 = ● Application for employee benefits | 竹内彩子 = Ayako Takeuchi | 扶養控除変更 = Change in dependent deduction | 定常 = Steady state | 未処理 = Unprocessed | ● 住民税・その他 = ● Resident tax and other taxes | 上野大樹 = Daiki Ueno | 残業手当調整 = Overtime pay adjustment | 9,895円 = 9,895 yen | 調整 = adjustment | 未処理 = Unprocessed | 詳細P1-07040532-012·江口 さくら = Details P1-07040532-012 · Sakura Eguchi | 未処理 = Unprocessed | 管理ID = Management ID | 社員ID = Employee ID | 区分 = classification | 交通費精算 = Transportation expense settlement | 種別 = type | 定常 = Steady state | 金額 = Amount | 13,691円 = 13,691 yen | ステータス = status | 未処理 = Unprocessed | 参照：申請者区分：regular 承認権限：人事担当 = Reference: Applicant category: regular Approval authority: Human Resources | 処理コメント = Processing comments | 処理内容・確認コメントを入力してください… = Please enter the processing details and confirmation comments... | ✓ 登録確定 = ✓ Registration confirmed | ""保留 = &quot;on hold","HR (Human Resources and Payroll) System aa A☆ human resources HR (Human Resources and Payroll) System FY2026・Human Resources Department Field Human resources operations Ishida Mina Overtime pay adjustment 9,895 yen ● Dashboard Sakura Eguchi Change in dependent deduction Steady state Unprocessed Expense reimbursement and payroll changes Ryosuke Kirishima New position-based allowance established. 47,909 yen Steady state Unprocessed ● Attendance and leave application ● Onboarding procedures Nana Shimada Overtime pay adjustment 9,895 yen adjustment Unprocessed ● Application for employee benefits Ayako Takeuchi Change in dependent deduction Steady state Unprocessed ● Resident tax and other taxes Daiki Ueno Overtime pay adjustment 9,895 yen adjustment Unprocessed Details P1-07040532-012 · Sakura Eguchi Unprocessed Management ID Employee ID classification Transportation expense settlement type Steady state Amount 13,691 yen status Unprocessed Reference: Applicant category: regular Approval authority: Human Resources Processing comments Please enter the processing details and confirmation comments... ✓ Registration confirmed &quot;on hold",,employee id | amount | status | processing comment | category | type | department | resident tax | attendance,approve | hold | unprocessed,Notepad/text | Word/document,word_assisted,0.9644273300280516
pi,dependent_deduction,ses_20260701-164424-CHAITANYA0BCF::6,ses_20260701-164424-CHAITANYA0BCF,"HR人事給与システム = HR (Human Resources and Payroll) System | aあ = aa | 人事 = human resources | HR人事給与システム = HR (Human Resources and Payroll) System | 2026年度·人事部門 = FY2026・Human Resources Department | 田中 麻里・人事マネージャー = Mari Tanaka, Human Resources Manager | 田 = Field | 菊池理恵 = Rie Kikuchi | 昇給 = Salary increase | 22,632円 = 22,632 yen | 定常 = Steady state | 未処理 = Unprocessed | 人事業務 = Human resources operations | ● ダッシュボード = ● Dashboard | 島田奈々 = Nana Shimada | 扶養控除変更 = Change in dependent deduction | 定常 = Steady state | 未処理 = Unprocessed | 経費精算・給与変更 = Expense reimbursement and payroll changes | 江口さくら = Sakura Eguchi | 役職手当廃止 = Abolition of position allowances | 15,458円 = 15,458 yen | 定常 = Steady state | 未処理 = Unprocessed | 勤怠・休暇申請 = Attendance and leave application | 詳細—P4-07010448-002·清水 祥平 = Details—P4-07010448-002 · Shohei Shimizu | ● 入社手続き = ● Onboarding procedures | 未処理 = Unprocessed | 福利厚生申請 = Employee benefits application | 管理ID = Management ID | 住民税・その他 = Resident tax and other taxes | 社員ID = Employee ID | 区分 = classification | 残業手当調整 = Overtime pay adjustment | 種別 = type | 調整 = adjustment | 金額 = Amount | 1,291円 = 1,291 yen | ステータス = status | 未処理 = Unprocessed | 参照：変更種別：残業手当調整 = Reference: Change type: Overtime pay adjustment | 遡及：あり = Retroactive: Yes | 処理コメント = Processing comments | 処理内容・確認コメントを入力してください… = Please enter the processing details and confirmation comments... | 登録確定 = Registration confirmed | ""保留 = &quot;on hold","HR (Human Resources and Payroll) System aa human resources HR (Human Resources and Payroll) System FY2026・Human Resources Department Mari Tanaka, Human Resources Manager Field Rie Kikuchi Salary increase 22,632 yen Steady state Unprocessed Human resources operations ● Dashboard Nana Shimada Change in dependent deduction Steady state Unprocessed Expense reimbursement and payroll changes Sakura Eguchi Abolition of position allowances 15,458 yen Steady state Unprocessed Attendance and leave application Details—P4-07010448-002 · Shohei Shimizu ● Onboarding procedures Unprocessed Employee benefits application Management ID Resident tax and other taxes Employee ID classification Overtime pay adjustment type adjustment Amount 1,291 yen status Unprocessed Reference: Change type: Overtime pay adjustment Retroactive: Yes Processing comments Please enter the processing details and confirmation comments... Registration confirmed &quot;on hold",/payroll-items,employee id | amount | status | processing comment | type | department | resident tax | attendance,hold | unprocessed,Notepad/text | Word/document,word_assisted,0.9726532762115067
pi,dependent_deduction,ses_20260701-171614-CHAITANYA0BCF::27,ses_20260701-171614-CHAITANYA0BCF,HR人事給与システム = HR (Human Resources and Payroll) System | aあ A☆ = aa A☆ | 率 = rate | 人事 = human resources | HR人事給与システム = HR (Human Resources and Payroll) System | 2026年度·人事部門 = FY2026・Human Resources Department | 田 = Field | 人事業務 = Human resources operations | 氏名 = full name | 申請種別 = Application Type | 社員ID = Employee ID | 対象年月 = Target year and month | 詳細 = detail | ● ダッシュボード = ● Dashboard | 清水 祥平 = Shohei Shimizu | 産前産後休暇申請 = Application for maternity leave | 産休中社保免除申請 = Application for exemption from social insurance during maternity leave | 処理完了 = Processing complete | 経費精算・給与変更 = Expense reimbursement and payroll changes | 清水 祥平 = Shohei Shimizu | 勤怠・休暇申請 = Attendance and leave application | 産前産後休暇申请 = Application for maternity leave | 産休中社保免除申請 = Application for exemption from social insurance during maternity leave | 処理完了 = Processing complete | ● 入社手続き = ● Onboarding procedures | 竹内彩子 = Ayako Takeuchi | 住宅手当変更申请 = Application for change of housing allowance | 住居変更に伴う手当改定 = Allowance revision due to change of residence | 処理完了 = Processing complete | ● 福利厚生申請 = ● Application for employee benefits | 江口さくら = Sakura Eguchi | 育児休業申請 = Application for childcare leave | 育児休業期間中社保免除 = Social insurance exemption during childcare leave | 処理完了 = Processing complete | ● 住民税・その他 = ● Resident tax and other taxes | 河野明日香 = Asuka Kono | 家族手当申請 = Family allowance application | 扶養家族追加登録 = Adding dependents | 処理待ち = Waiting for processing | 菊池理恵 = Rie Kikuchi | 育児休業申請 = Application for childcare leave | 育児休業期間中社保免除 = Social insurance exemption during childcare leave | 処理待ち = Waiting for processing | 江口さくら = Sakura Eguchi | 住宅手当変更申請 = Application for change of housing allowance | 住居変更に伴う手当改定 = Allowance revision due to change of residence | 処理待ち = Waiting for processing | 坂本 裕二 = Yuji Sakamoto | 育児休業申請 = Application for childcare leave | 育児休業期間中社保免除 = Social insurance exemption during childcare leave | 処理待ち = Waiting for processing | 清水 祥平 = Shohei Shimizu | 家族手当申請 = Family allowan,"HR (Human Resources and Payroll) System aa A☆ rate human resources HR (Human Resources and Payroll) System FY2026・Human Resources Department Field Human resources operations full name Application Type Employee ID Target year and month detail ● Dashboard Shohei Shimizu Application for maternity leave Application for exemption from social insurance during maternity leave Processing complete Expense reimbursement and payroll changes Shohei Shimizu Attendance and leave application Application for maternity leave Application for exemption from social insurance during maternity leave Processing complete ● Onboarding procedures Ayako Takeuchi Application for change of housing allowance Allowance revision due to change of residence Processing complete ● Application for employee benefits Sakura Eguchi Application for childcare leave Social insurance exemption during childcare leave Processing complete ● Resident tax and other taxes Asuka Kono Family allowance application Adding dependents Waiting for processing Rie Kikuchi Application for childcare leave Social insurance exemption during childcare leave Waiting for processing Sakura Eguchi Application for change of housing allowance Allowance revision due to change of residence Waiting for processing Yuji Sakamoto Application for childcare leave Social insurance exemption during childcare leave Waiting for processing Shohei Shimizu Family allowance application Adding dependents Waiting for processing Rie Kikuchi Housing allowance change application Allowance revision due to change of residence Waiting for processing Sakura Eguchi Application for caregiving leave Application for Caregiving Leave Benefits Waiting for processing Daiki Ueno Application for caregiving leave Application for Caregiving Leave Benefits Waiting for processing P5-07054374-004: Processing complete. near
HR (Human Resources and Payroll) System aa A☆ rate human resources HR (Human Resources and Payroll) System FY2026・Human Resources Department Field Human",/payroll-items | /social-insurance,employee id | full name | name | amount | status | processing comment | type | department | family allowance | social insurance | resident tax | attendance,hold | processing_complete | unprocessed,Notepad/text | Word/document,word_assisted,0.9672721025781147
pi,dependent_deduction,ses_20260701-171614-CHAITANYA0BCF::41,ses_20260701-171614-CHAITANYA0BCF,"財務会計システム = Financial accounting system | aあ A☆ = aa A☆ | 率 = rate | 財務 = finance | 財務会計システム = Financial accounting system | 2026年度·経理部門 = Fiscal Year 2026 - Accounting Department | 佐 = Sa | 財務会計業務 = Financial accounting operations | 入社日 = Start date | 社員ID = Employee ID | 氏名 = full name | 部署 = Department | ● ダッシュボード = ● Dashboard | 北陸部品工業株式会社 = Hokuriku Parts Industry Co., Ltd. | 振込 ¥361,010 = Bank transfer ¥361,010 | INV-1779 承認済 = INV-1779 Approved | 2項目 = 2 items | 完了 = completion | 請求書承認・経費精 = Invoice Approval and Expense Settlement | 算 = calculation | 沖縄物流センター = Okinawa Logistics Center | 振込¥295,278 = Bank transfer ¥295,278 | INV-1780 承認済 = INV-1780 Approved | 4項目 = 4 items | 完了 = completion | 経費承認（管理職） = Expense approval (management) | 沖縄物流センター = Okinawa Logistics Center | 振込¥355,673 = Bank transfer: ¥355,673 | INV-1781 承認済 = INV-1781 Approved | 2 項目 = 2 items | 完了 = completion | ● 支払処理 = ● Payment Processing | 北陸部品工業株式会社 = Hokuriku Parts Industry Co., Ltd. | 振込 ¥482,433 = Bank transfer ¥482,433 | INV-1782 承認済 = INV-1782 Approved | 2項目 = 2 items | 完了 = completion | 予算差異分析 = Budget variance analysis | ● 発注管理 = ● Order Management | 北陸部品工業株式会社 = Hokuriku Parts Industry Co., Ltd. | 振込 ¥470,334 = Bank transfer ¥470,334 | INV-1783 承認済 = INV-1783 Approved | 3項目 = 3 items | 照合中 = Matching | 沖縄物流センター = Okinawa Logistics Center | 振込 ¥331,542 = Bank transfer ¥331,542 | INV-1784 承認済 = INV-1784 Approved | 3項目 = 3 items | 照合中 = Matching | 沖縄物流センター = Okinawa Logistics Center | 振込¥352,405 = Bank transfer ¥352,405 | INV-1785 承認済 = INV-1785 Approved | 3項目 = 3 items | 照合中 = Matching | 株式会社山田製作所 = Yamada Manufacturing Co., Ltd. | 振込¥397,055 = Bank transfer: ¥397,055 | INV-1786 承認済 = INV-1786 Approved | 2項目 = 2 items | 照合中 = Matching | 福岡システム設計 = Fukuoka System Design | 振込¥1,650,767 = Bank transfer ¥1,650,767 | INV-1787 承認済 = INV-1787 Approved | 4項目 = 4 items | 照合中 = Matching | 大和商事株式会社 = Yamato Shoji Co., Ltd. | 振込¥1,135,513 = Transfer amount: ¥1,135,513 | INV-1788 承認済 = INV-1788","Financial accounting system aa A☆ rate finance Financial accounting system Fiscal Year 2026 - Accounting Department Sa Financial accounting operations Start date Employee ID full name Department ● Dashboard Hokuriku Parts Industry Co., Ltd. Bank transfer ¥361,010 INV-1779 Approved 2 items completion Invoice Approval and Expense Settlement calculation Okinawa Logistics Center Bank transfer ¥295,278 INV-1780 Approved 4 items completion Expense approval (management) Okinawa Logistics Center Bank transfer: ¥355,673 INV-1781 Approved 2 items completion ● Payment Processing Hokuriku Parts Industry Co., Ltd. Bank transfer ¥482,433 INV-1782 Approved 2 items completion Budget variance analysis ● Order Management Hokuriku Parts Industry Co., Ltd. Bank transfer ¥470,334 INV-1783 Approved 3 items Matching Okinawa Logistics Center Bank transfer ¥331,542 INV-1784 Approved 3 items Matching Okinawa Logistics Center Bank transfer ¥352,405 INV-1785 Approved 3 items Matching Yamada Manufacturing Co., Ltd. Bank transfer: ¥397,055 INV-1786 Approved 2 items Matching Fukuoka System Design Bank transfer ¥1,650,767 INV-1787 Approved 4 items Matching Yamato Shoji Co., Ltd. Transfer amount: ¥1,135,513 INV-1788 Approved 3 items Matching Kansai Logistics Service Transfer amount: ¥2,584,160 INV-1789 Approved 3 items Matching Hokuriku Parts Industry Co., Ltd. Bank transfer ¥394,568 INV-1790 Approved 3 items Matching P7-07054374-004: Verification complete. near
Ward Procedures for accepting outsourced contractors 1. Procedure Overview 2. Required documents 3. System Registration Procedures for accepting outsourced contractors 4. Security measures 5. Orientation 1. Procedure Overview This document outlines the procedures for verifying necessary documents and registering them in the system when accepting outsourced services. 2. Required documents Contract (signed), copy of identification, My Number declaration form, bank account information form. 3. System Registration Registering contractors in the",/onboarding | /payroll-items,employee id | full name | name | amount | status | processing comment | category | type | start date | department | my number | resident tax | attendance,approve | hold | unprocessed,Notepad/text | Word/document,word_assisted,0.9624759804330592
pi,dependent_deduction,ses_20260701-173246-SIDDHIGUPTAB00B::4,ses_20260701-173246-SIDDHIGUPTAB00B,"精算確認メモ = Settlement confirmation memo | ら = and others | 田 = Field | 精算確認メモ = Settlement confirmation memo | 経費精算確認済み。費目：交通費精算 金額：12,312円。規程内であることを確認した。 = Expense reimbursement confirmed. Expense item: Transportation expenses. Amount: 12,312 yen. Confirmed to be within regulations. | 首 = neck
HR人事給与システム = HR (Human Resources and Payroll) System | aあA = aaA | 人事 = human resources | HR人事給与システム = HR (Human Resources and Payroll) System | 2026年度·人事部門 = FY2026・Human Resources Department | 2026/07/01 23:03:46 田中 麻里·人事マネージャー = 2026/07/01 23:03:46 Mari Tanaka, Human Resources Manager | 田 = Field | 津田将太 = Shota Tsuda | 残業手当調整 = Overtime pay adjustment | 11,939円 = 11,939 yen | 調整 = adjustment | 未処理 = Unprocessed | 人事業務 = Human resources operations | 清水 祥平 = Shohei Shimizu | 役職手当新設 = New position-based allowance established. | 33,327円 = 33,327 yen | 定常 = Steady state | 未処理 = Unprocessed | ● ダッシュボード = ● Dashboard | 江口さくら = Sakura Eguchi | 残業手当調整 = Overtime pay adjustment | 11,939円 = 11,939 yen | 調整 = adjustment | 未処理 = Unprocessed | 経費精算·給与変更 = Expense reimbursement and payroll changes | 勤怠・休暇申請 = Attendance and leave application | 菊池理恵 = Rie Kikuchi | 扶養控除変更 = Change in dependent deduction | 定常 = Steady state | 未処理 = Unprocessed | ● 入社手続き = ● Onboarding procedures | 詳細 — P1-07109774-004· 竹内 彩子 = Details — P1-07109774-004 · Ayako Takeuchi | ●福利厚生申請 = ● Application for employee benefits | 未処理 = Unprocessed | ● 住民税・その他 = ● Resident tax and other taxes | 管理ID = Management ID | 社員ID = Employee ID | 区分 = classification | 交通費精算 = Transportation expense settlement | 種別 = type | 定常 = Steady state | 金額 = Amount | 13,656円 = 13,656 yen | ステータス = status | 未処理 = Unprocessed | 参照：申請者区分：regular = Reference: Applicant classification: regular | 承認権限：人事担当 = Approval authority: Human Resources Department | 処理コメント = Processing comments | 処理内容・確認コメントを入力してください… = Please enter the processing details and confirmation comments... | ✓ 登録確定 = ✓ Registration confirmed | ""保留 = &quot;on hold | 首 = neck","Settlement confirmation memo and others Field Settlement confirmation memo Expense reimbursement confirmed. Expense item: Transportation expenses. Amount: 12,312 yen. Confirmed to be within regulations. neck
HR (Human Resources and Payroll) System aaA human resources HR (Human Resources and Payroll) System FY2026・Human Resources Department 2026/07/01 23:03:46 Mari Tanaka, Human Resources Manager Field Shota Tsuda Overtime pay adjustment 11,939 yen adjustment Unprocessed Human resources operations Shohei Shimizu New position-based allowance established. 33,327 yen Steady state Unprocessed ● Dashboard Sakura Eguchi Overtime pay adjustment 11,939 yen adjustment Unprocessed Expense reimbursement and payroll changes Attendance and leave application Rie Kikuchi Change in dependent deduction Steady state Unprocessed ● Onboarding procedures Details — P1-07109774-004 · Ayako Takeuchi ● Application for employee benefits Unprocessed ● Resident tax and other taxes Management ID Employee ID classification Transportation expense settlement type Steady state Amount 13,656 yen status Unprocessed Reference: Applicant classification: regular Approval authority: Human Resources Department Processing comments Please enter the processing details and confirmation comments... ✓ Registration confirmed &quot;on hold neck",/payroll-items,employee id | amount | status | processing comment | type | department | resident tax | attendance,approve | hold | unprocessed,Notepad/text | Word/document,word_assisted,0.9371863955022861
pi,dependent_deduction,ses_20260701-173246-SIDDHIGUPTAB00B::32,ses_20260701-173246-SIDDHIGUPTAB00B,"HR人事給与システム = HR (Human Resources and Payroll) System | aあA = aaA | 人事 = human resources | HR人事給与システム = HR (Human Resources and Payroll) System | 2026年度·人事部門 = FY2026・Human Resources Department | 田中麻里・人事マネージャー = Mari Tanaka, Human Resources Manager | 田 = Field | 津田将太 = Shota Tsuda | 残業手当調整 = Overtime pay adjustment | 11,939円 = 11,939 yen | 調整 = adjustment | 未処理 = Unprocessed | 人事業務 = Human resources operations | 清水 祥平 = Shohei Shimizu | 役職手当新設 = New position-based allowance established. | 33,327円 = 33,327 yen | 定常 = Steady state | 未処理 = Unprocessed | ● ダッシュボード = ● Dashboard | 江口さくら = Sakura Eguchi | 残業手当調整 = Overtime pay adjustment | 11,939円 = 11,939 yen | 調整 = adjustment | 未処理 = Unprocessed | 経費精算・給与変更 = Expense reimbursement and payroll changes | 勤怠・休暇申請 = Attendance and leave application | 菊池理恵 = Rie Kikuchi | 扶養控除変更 = Change in dependent deduction | 定常 = Steady state | 未処理 = Unprocessed | ● 入社手続き = ● Onboarding procedures | 詳細 — P1-07109774-005·石田 美奈 = Details — P1-07109774-005 · Mina Ishida | ●福利厚生申請 = ● Application for employee benefits | 未処理 = Unprocessed | ● 住民税・その他 = ● Resident tax and other taxes | 管理ID = Management ID | 社員ID = Employee ID | 区分 = classification | 交通費精算 = Transportation expense settlement | 種別 = type | 定常 = Steady state | 金額 = Amount | 21,542円 = 21,542 yen | ステータス = status | 未処理 = Unprocessed | 参照：申請者区分：regular = Reference: Applicant classification: regular | 承認権限：人事担当 = Approval authority: Human Resources Department | 処理コメント = Processing comments | 処理内容・確認コメントを入力してください… = Please enter the processing details and confirmation comments... | ✓ 登録確定 = ✓ Registration confirmed | ""保留 = &quot;on hold | 首 = neck
HR人事給与システム = HR (Human Resources and Payroll) System | aあA = aaA | 人事 = human resources | HR人事給与システム = HR (Human Resources and Payroll) System | 2026年度·人事部門 = FY2026・Human Resources Department | 2026/07/01 23:12:30 田中 麻里·人事マネージャー = 2026/07/01 23:12:30 Mari Tanaka, Human Resources Manager | 田 = Field | 津田将太 = Shota Tsuda | 残業手当調整 = Overtime p","HR (Human Resources and Payroll) System aaA human resources HR (Human Resources and Payroll) System FY2026・Human Resources Department Mari Tanaka, Human Resources Manager Field Shota Tsuda Overtime pay adjustment 11,939 yen adjustment Unprocessed Human resources operations Shohei Shimizu New position-based allowance established. 33,327 yen Steady state Unprocessed ● Dashboard Sakura Eguchi Overtime pay adjustment 11,939 yen adjustment Unprocessed Expense reimbursement and payroll changes Attendance and leave application Rie Kikuchi Change in dependent deduction Steady state Unprocessed ● Onboarding procedures Details — P1-07109774-005 · Mina Ishida ● Application for employee benefits Unprocessed ● Resident tax and other taxes Management ID Employee ID classification Transportation expense settlement type Steady state Amount 21,542 yen status Unprocessed Reference: Applicant classification: regular Approval authority: Human Resources Department Processing comments Please enter the processing details and confirmation comments... ✓ Registration confirmed &quot;on hold neck
HR (Human Resources and Payroll) System aaA human resources HR (Human Resources and Payroll) System FY2026・Human Resources Department 2026/07/01 23:12:30 Mari Tanaka, Human Resources Manager Field Shota Tsuda Overtime pay adjustment 11,939 yen adjustment Unprocessed Human resources operations Shohei Shimizu New position-based allowance established. 33,327 yen Steady state Unprocessed ● Dashboard Sakura Eguchi Overtime pay adjustment 11,939 yen adjustment Unprocessed Expense reimbursement and payroll changes Attendance and leave application Rie Kikuchi Change in dependent deduction Steady state Unprocessed ● Onboarding procedures Details — P1-07109774-005 · Mina Ishida ● Application for employee benefits Unprocessed ● Resident tax and other taxes Management ID Employee ID classification Transportation expense settlement type Steady state Amount 21,542 yen status Unprocessed Reference: Applicant classi",/payroll-items,employee id | amount | status | processing comment | type | department | resident tax | attendance,approve | hold | unprocessed,Notepad/text | Word/document,word_assisted,0.9580487170199665
pi,dependent_deduction,ses_20260701-173246-SIDDHIGUPTAB00B::36,ses_20260701-173246-SIDDHIGUPTAB00B,"精算確認メモ = Settlement confirmation memo | ら = and others | 田 = Field | 精算確認メモ = Settlement confirmation memo | 経費精算確認済み。費目：出張旅費 金額：60,701円。規程内であることを確認した。 = Expense reimbursement confirmed. Expense item: Business trip expenses. Amount: 60,701 yen. Confirmed to be within regulations. | 口 = mouth | 首 = neck
HR人事給与システム = HR (Human Resources and Payroll) System | aあA = aaA | 人事 = human resources | HR人事給与システム = HR (Human Resources and Payroll) System | 2026年度·人事部門 = FY2026・Human Resources Department | 2026/07/01 23:13:04 田中 麻里·人事マネージャー = 2026/07/01 23:13:04 Mari Tanaka, Human Resources Manager | 田 = Field | 津田将太 = Shota Tsuda | 残業手当調整 = Overtime pay adjustment | 11,939円 = 11,939 yen | 調整 = adjustment | 未処理 = Unprocessed | 人事業務 = Human resources operations | 清水 祥平 = Shohei Shimizu | 役職手当新設 = New position-based allowance established. | 33,327円 = 33,327 yen | 定常 = Steady state | 未処理 = Unprocessed | ● ダッシュボード = ● Dashboard | 江口さくら = Sakura Eguchi | 残業手当調整 = Overtime pay adjustment | 11,939円 = 11,939 yen | 調整 = adjustment | 未処理 = Unprocessed | 経費精算・給与変更 = Expense reimbursement and payroll changes | 勤怠・休暇申請 = Attendance and leave application | 菊池理恵 = Rie Kikuchi | 扶養控除変更 = Change in dependent deduction | 定常 = Steady state | 未処理 = Unprocessed | ● 入社手続き = ● Onboarding procedures | 詳細 — P1-07109774-008 ·上野 大樹 = Details — P1-07109774-008 ·Daiki Ueno | ●福利厚生申請 = ● Application for employee benefits | 未処理 = Unprocessed | ● 住民税・その他 = ● Resident tax and other taxes | 管理ID = Management ID | 社員ID = Employee ID | 区分 = classification | 出張旅費 = Business trip expenses | 種別 = type | 定常 = Steady state | 金額 = Amount | 21,956円 = 21,956 yen | ステータス = status | 未処理 = Unprocessed | 参照：申請者区分：regular = Reference: Applicant classification: regular | 承認権限：部門長 = Approval authority: Department head | 処理コメント = Processing comments | 経費精算確認済み。費目：出張旅費 金額：21,956円。規程内であることを確認した。 = Expense reimbursement confirmed. Expense item: Business trip expenses. Amount: 21,956 yen. Confirmed to be within regulations. | ✓ 登録確定 ","Settlement confirmation memo and others Field Settlement confirmation memo Expense reimbursement confirmed. Expense item: Business trip expenses. Amount: 60,701 yen. Confirmed to be within regulations. mouth neck
HR (Human Resources and Payroll) System aaA human resources HR (Human Resources and Payroll) System FY2026・Human Resources Department 2026/07/01 23:13:04 Mari Tanaka, Human Resources Manager Field Shota Tsuda Overtime pay adjustment 11,939 yen adjustment Unprocessed Human resources operations Shohei Shimizu New position-based allowance established. 33,327 yen Steady state Unprocessed ● Dashboard Sakura Eguchi Overtime pay adjustment 11,939 yen adjustment Unprocessed Expense reimbursement and payroll changes Attendance and leave application Rie Kikuchi Change in dependent deduction Steady state Unprocessed ● Onboarding procedures Details — P1-07109774-008 ·Daiki Ueno ● Application for employee benefits Unprocessed ● Resident tax and other taxes Management ID Employee ID classification Business trip expenses type Steady state Amount 21,956 yen status Unprocessed Reference: Applicant classification: regular Approval authority: Department head Processing comments Expense reimbursement confirmed. Expense item: Business trip expenses. Amount: 21,956 yen. Confirmed to be within regulations. ✓ Registration confirmed &quot;on hold neck",/payroll-items,employee id | amount | status | processing comment | type | department | resident tax | attendance,approve | hold | unprocessed,Notepad/text | Word/document,word_assisted,0.9449023958514718
pi,dependent_deduction,ses_20260701-173642-NEELA9BAF::29,ses_20260701-173642-NEELA9BAF,"HR人事給与システム = HR (Human Resources and Payroll) System | HR人事給与システム = HR (Human Resources and Payroll) System | aあ = aa | 率 = rate | 人事 = human resources | HR人事給与システム = HR (Human Resources and Payroll) System | 2026年度·人事部門 = FY2026・Human Resources Department | 田中 麻里・人事マネージャー = Mari Tanaka, Human Resources Manager | 田 = Field | 人事業務 = Human resources operations | 青木拓也 = Takuya Aoki | 交通費精算 = Transportation expense settlement | 5,643円 = 5,643 yen | 定常 = Steady state | 未処理 = Unprocessed | ● ダッシュボード = ● Dashboard | 島田奈々 = Nana Shimada | 研修費 = Training expenses | 55,179円 = 55,179 yen | 定常 = Steady state | 未处理 = unresolved | 経費精算・給与変更 = Expense reimbursement and payroll changes | 島田奈々 = Nana Shimada | 接待交際費 = Entertainment expenses | 96,317円 = 96,317 yen | 調整 = adjustment | 未处理 = unresolved | 勤怠・休暇申請 = Attendance and leave application | 遠山健一 = Kenichi Toyama | 消耗品費 = Consumables cost | 12,572円 = 12,572 yen | 定常 = Steady state | 未処理 = Unprocessed | ● 入社手続き = ● Onboarding procedures | 桐島凉介 = Ryosuke Kirishima | 出張旅費 = Business trip expenses | 57,547円 = 57,547 yen | 定常 = Steady state | 未処理 = Unprocessed | ●福利厚生申請 = ● Application for employee benefits | ● 住民税・その他 = ● Resident tax and other taxes | 遠山健一 = Kenichi Toyama | 役職手当廃止 = Abolition of position allowances | 9,569円 = 9,569 yen | 定常 = Steady state | 登録済み = Registered | 清水祥平 = Shohei Shimizu | 残業手当調整 = Overtime pay adjustment | 13,528円 = 13,528 yen | 调整 = Adjustment | 未処理 = Unprocessed | 津田将太 = Shota Tsuda | 役職手当新設 = New position-based allowance established. | 22,166円 = 22,166 yen | 定常 = Steady state | 未処理 = Unprocessed | 寺本真由 = Mayu Teramoto | 役職手当新設 = New position-based allowance established. | 22,166円 = 22,166 yen | 定常 = Steady state | 未处理 = unresolved | 遠山健一 = Kenichi Toyama | 役職手当新設 = New position-based allowance established. | 22,166円 = 22,166 yen | 定常 = Steady state | 未处理 = unresolved | 津田将太 = Shota Tsuda | 役職手当新設 = New position-based allowance established. | 22,166円 = 22,166 yen | 定常 = Steady state | 未处理 = unresolve","HR (Human Resources and Payroll) System HR (Human Resources and Payroll) System aa rate human resources HR (Human Resources and Payroll) System FY2026・Human Resources Department Mari Tanaka, Human Resources Manager Field Human resources operations Takuya Aoki Transportation expense settlement 5,643 yen Steady state Unprocessed ● Dashboard Nana Shimada Training expenses 55,179 yen Steady state unresolved Expense reimbursement and payroll changes Nana Shimada Entertainment expenses 96,317 yen adjustment unresolved Attendance and leave application Kenichi Toyama Consumables cost 12,572 yen Steady state Unprocessed ● Onboarding procedures Ryosuke Kirishima Business trip expenses 57,547 yen Steady state Unprocessed ● Application for employee benefits ● Resident tax and other taxes Kenichi Toyama Abolition of position allowances 9,569 yen Steady state Registered Shohei Shimizu Overtime pay adjustment 13,528 yen Adjustment Unprocessed Shota Tsuda New position-based allowance established. 22,166 yen Steady state Unprocessed Mayu Teramoto New position-based allowance established. 22,166 yen Steady state unresolved Kenichi Toyama New position-based allowance established. 22,166 yen Steady state unresolved Shota Tsuda New position-based allowance established. 22,166 yen Steady state unresolved Shohei Shimizu Abolition of position allowances 9,569 yen Steady state Unprocessed Shota Tsuda Salary increase 11,631 yen Steady state Unprocessed Shota Tsuda Salary increase 11,631 yen Steady state Unprocessed Mayu Teramoto Salary increase 11,631 yen Steady state Unprocessed Takuya Aoki Abolition of position allowances 9,569 yen Steady state Unprocessed Ishida Mina Change in dependent deduction Steady state P4-07047510-001: Registration confirmed.
HR (Human Resources and Payroll) System HR (Human Resources and Payroll) System aa human resources HR (Human Resources and Payroll) System FY2026・Human Resources Department 2026/07/01 23:13:48 Mari Tanaka, Human Resources Manager Field Hoshich",/payroll-items,employee id | amount | status | processing comment | type | department | resident tax | attendance,hold | unprocessed,Notepad/text | Word/document,word_assisted,0.9717259662520603
pi,dependent_deduction,ses_20260701-175258-LAPTOP-76QMG9DE::9,ses_20260701-175258-LAPTOP-76QMG9DE,"HR人事給与システム = HR (Human Resources and Payroll) System | HR人事給与システム = HR (Human Resources and Payroll) System | aあ = aa | 人事 = human resources | HR人事給与システム = HR (Human Resources and Payroll) System | 2026年度·人事部門 = FY2026・Human Resources Department | 2026/07/0123:24:36 田中麻里·人事マネージャー = 2026/07/01 23:24:36 Mari Tanaka, Human Resources Manager | 田 = Field | 人事業務 = Human resources operations | 石田美奈 = Ishida Mina | 出張旅費 = Business trip expenses | 29,289円 = 29,289 yen | 定常 = Steady state | 未処理 = Unprocessed | ダッシュボード = Dashboard | 菊池理惠 = Rie Kikuchi | 交通費精算 = Transportation expense settlement | 15,570円 = 15,570 yen | 定常 = Steady state | 未処理 = Unprocessed | 経費精算·給与変更 = Expense reimbursement and payroll changes | 坂本裕二 = Yuji Sakamoto | 研修費 = Training expenses | 11,116円 = 11,116 yen | 定常 = Steady state | 未処理 = Unprocessed | 勤怠・休暇申請 = Attendance and leave application | 菊池理惠 = Rie Kikuchi | 昇給 = Salary increase | 16,288円 = 16,288 yen | 定常 = Steady state | 未処理 = Unprocessed | 入社手続き = Onboarding procedures | 福利厚生申請 = Employee benefits application | 青木拓也 = Takuya Aoki | 役職手当廃止 = Abolition of position allowances | 17,344円 = 17,344 yen | 定常 = Steady state | 未処理 = Unprocessed | ●住民税・その他 = ● Resident tax and other taxes | 桐島凉介 = Ryosuke Kirishima | 役職手当廃止 = Abolition of position allowances | 17,344円 = 17,344 yen | 定常 = Steady state | 未処理 = Unprocessed | 江口さくら = Sakura Eguchi | 役職手当廃止 = Abolition of position allowances | 17,344円 = 17,344 yen | 定常 = Steady state | 未処理 = Unprocessed | 岡田智也 = Tomoya Okada | 昇給 = Salary increase | 16,288円 = 16,288 yen | 定常 = Steady state | 未処理 = Unprocessed | 遠山健一 = Kenichi Toyama | 扶養控除変更 = Change in dependent deduction | 定常 = Steady state | 未処理 = Unprocessed | 青木拓也 = Takuya Aoki | 役職手当廃止 = Abolition of position allowances | 17,344円 = 17,344 yen | 定常 = Steady state | 未処理 = Unprocessed | 岡田智也 = Tomoya Okada | 役職手当新設 = New position-based allowance established. | 12,922円 = 12,922 yen | 定常 = Steady state | 未処理 = Unprocessed | 石田美奈 = Ishida Mina | 役職手当廃止 = Aboli","HR (Human Resources and Payroll) System HR (Human Resources and Payroll) System aa human resources HR (Human Resources and Payroll) System FY2026・Human Resources Department 2026/07/01 23:24:36 Mari Tanaka, Human Resources Manager Field Human resources operations Ishida Mina Business trip expenses 29,289 yen Steady state Unprocessed Dashboard Rie Kikuchi Transportation expense settlement 15,570 yen Steady state Unprocessed Expense reimbursement and payroll changes Yuji Sakamoto Training expenses 11,116 yen Steady state Unprocessed Attendance and leave application Rie Kikuchi Salary increase 16,288 yen Steady state Unprocessed Onboarding procedures Employee benefits application Takuya Aoki Abolition of position allowances 17,344 yen Steady state Unprocessed ● Resident tax and other taxes Ryosuke Kirishima Abolition of position allowances 17,344 yen Steady state Unprocessed Sakura Eguchi Abolition of position allowances 17,344 yen Steady state Unprocessed Tomoya Okada Salary increase 16,288 yen Steady state Unprocessed Kenichi Toyama Change in dependent deduction Steady state Unprocessed Takuya Aoki Abolition of position allowances 17,344 yen Steady state Unprocessed Tomoya Okada New position-based allowance established. 12,922 yen Steady state Unprocessed Ishida Mina Abolition of position allowances 17,344 yen Steady state Unprocessed Nana Shimada Salary increase 16,288 yen Steady state Unprocessed Sakura Eguchi Salary increase 16,288 yen Steady state Unprocessed Daiki Ueno Abolition of position allowances 17,344 yen Steady state Unprocessed P1-07089771-002: Registration confirmed. Self
Settlement confirmation memo Field A Settlement confirmation memo Expense reimbursement confirmed. Expense category: Entertainment and hospitality expenses. Amount: 129,596 yen. Confirmed to be within regulations. Self
Settlement confirmation memo Field A Settlement confirmation memo Expense reimbursement confirmed. Expense category: Entertainment and hospitality expenses. Amount: 129,",/payroll-items,employee id | full name | name | amount | status | processing comment | category | type | department | resident tax | attendance,approve | hold | awaiting_processing | unprocessed,Notepad/text,notepad_assisted,0.9234880433000715
pi,dependent_deduction,ses_20260701-175258-LAPTOP-76QMG9DE::11,ses_20260701-175258-LAPTOP-76QMG9DE,"HR人事給与システム = HR (Human Resources and Payroll) System | HR人事給与システム = HR (Human Resources and Payroll) System | aあ = aa | 串 = skewer | 人事 = human resources | HR人事給与システム = HR (Human Resources and Payroll) System | 2026年度·人事部門 = FY2026・Human Resources Department | 田中麻里・人事マネージャー = Mari Tanaka, Human Resources Manager | 田 = Field | 人事業務 = Human resources operations | 石田美奈 = Ishida Mina | 出張旅費 = Business trip expenses | 29,289円 = 29,289 yen | 定常 = Steady state | 未処理 = Unprocessed | ダッシュボード = Dashboard | 菊池理恵 = Rie Kikuchi | 交通費精算 = Transportation expense settlement | 15,570円 = 15,570 yen | 定常 = Steady state | 未処理 = Unprocessed | 経費精算·給与変更 = Expense reimbursement and payroll changes | 坂本裕二 = Yuji Sakamoto | 研修費 = Training expenses | 11,116円 = 11,116 yen | 定常 = Steady state | 未処理 = Unprocessed | 勤怠・休暇申請 = Attendance and leave application | 菊池理恵 = Rie Kikuchi | 昇給 = Salary increase | 16,288円 = 16,288 yen | 定常 = Steady state | 未処理 = Unprocessed | 入社手続き = Onboarding procedures | 青木拓也 = Takuya Aoki | 役職手当廃止 = Abolition of position allowances | 17,344円 = 17,344 yen | 定常 = Steady state | 福利厚生申請 = Employee benefits application | 未処理 = Unprocessed | 住民税・その他 = Resident tax and other taxes | 桐島凉介 = Ryosuke Kirishima | 役職手当廃止 = Abolition of position allowances | 17,344円 = 17,344 yen | 定常 = Steady state | 未処理 = Unprocessed | 江口さくら = Sakura Eguchi | 役職手当廃止 = Abolition of position allowances | 17,344円 = 17,344 yen | 定常 = Steady state | 未処理 = Unprocessed | 岡田智也 = Tomoya Okada | 昇給 = Salary increase | 16,288円 = 16,288 yen | 定常 = Steady state | 未処理 = Unprocessed | 遠山健一 = Kenichi Toyama | 扶養控除変更 = Change in dependent deduction | 定常 = Steady state | 未処理 = Unprocessed | 青木拓也 = Takuya Aoki | 役職手当廃止 = Abolition of position allowances | 17,344円 = 17,344 yen | 定常 = Steady state | 未処理 = Unprocessed | 岡田智也 = Tomoya Okada | 役職手当新設 = New position-based allowance established. | 12,922円 = 12,922 yen | 定常 = Steady state | 未処理 = Unprocessed | 石田美奈 = Ishida Mina | 役職手当廃止 = Abolition of position allowances |","HR (Human Resources and Payroll) System HR (Human Resources and Payroll) System aa skewer human resources HR (Human Resources and Payroll) System FY2026・Human Resources Department Mari Tanaka, Human Resources Manager Field Human resources operations Ishida Mina Business trip expenses 29,289 yen Steady state Unprocessed Dashboard Rie Kikuchi Transportation expense settlement 15,570 yen Steady state Unprocessed Expense reimbursement and payroll changes Yuji Sakamoto Training expenses 11,116 yen Steady state Unprocessed Attendance and leave application Rie Kikuchi Salary increase 16,288 yen Steady state Unprocessed Onboarding procedures Takuya Aoki Abolition of position allowances 17,344 yen Steady state Employee benefits application Unprocessed Resident tax and other taxes Ryosuke Kirishima Abolition of position allowances 17,344 yen Steady state Unprocessed Sakura Eguchi Abolition of position allowances 17,344 yen Steady state Unprocessed Tomoya Okada Salary increase 16,288 yen Steady state Unprocessed Kenichi Toyama Change in dependent deduction Steady state Unprocessed Takuya Aoki Abolition of position allowances 17,344 yen Steady state Unprocessed Tomoya Okada New position-based allowance established. 12,922 yen Steady state Unprocessed Ishida Mina Abolition of position allowances 17,344 yen Steady state Unprocessed Nana Shimada Salary increase 16,288 yen Steady state Unprocessed Sakura Eguchi Salary increase 16,288 yen Steady state Unprocessed Daiki Ueno Abolition of position allowances 17,344 yen Steady state Unprocessed P1-07089771-005: Registration confirmed.
Settlement confirmation memo Field A Settlement confirmation memo Expense reimbursement confirmed. Expense category: Entertainment and hospitality expenses. Amount: 129,596 yen. Confirmed to be within regulations. neck
Settlement confirmation memo Field A Settlement confirmation memo Expense reimbursement confirmed. Expense category: Entertainment and hospitality expenses. Amount: 60,936 yen. Confirmed to",/payroll-items,employee id | full name | name | amount | status | processing comment | category | type | department | resident tax | attendance,approve | hold | awaiting_processing | unprocessed,Notepad/text | Word/document,word_assisted,0.9430390323485277
pi,dependent_deduction,ses_20260701-175747-SIDDHIGUPTAB00B::6,ses_20260701-175747-SIDDHIGUPTAB00B,"HR人事給与システム = HR (Human Resources and Payroll) System | HR人事給与システム = HR (Human Resources and Payroll) System | aあA = aaA | 人事 = human resources | HR人事給与システム = HR (Human Resources and Payroll) System | 2026年度·人事部門 = FY2026・Human Resources Department | 田中 麻里・人事マネージャー = Mari Tanaka, Human Resources Manager | 田 = Field | 上野大樹 = Daiki Ueno | 役職手当新設 = New position-based allowance established. | 44,338円 = 44,338 yen | 定常 = Steady state | 未処理 = Unprocessed | 人事業務 = Human resources operations | 津田将太 = Shota Tsuda | 昇給 = Salary increase | 19,390円 = 19,390 yen | 定常 = Steady state | 未処理 = Unprocessed | ● ダッシュボード = ● Dashboard | 寺本真由 = Mayu Teramoto | 扶養控除変更 = Change in dependent deduction | 定常 = Steady state | 未処理 = Unprocessed | 経費精算・給与変更 = Expense reimbursement and payroll changes | 勤怠・休暇申請 = Attendance and leave application | 遠山健一 = Kenichi Toyama | 役職手当新設 = New position-based allowance established. | 44,338円 = 44,338 yen | 定常 = Steady state | 未処理 = Unprocessed | ● 入社手続き = ● Onboarding procedures | 詳細 — P1-07106250-001· 寺本 真由 = Details — P1-07106250-001 · Mayu Teramoto | ●福利厚生申請 = ● Application for employee benefits | 未処理 = Unprocessed | ● 住民税・その他 = ● Resident tax and other taxes | 管理ID = Management ID | 社員ID = Employee ID | 区分 = classification | 接待交際費 = Entertainment expenses | 種別 = type | 調整 = adjustment | 金額 = Amount | 90,198円 = 90,198 yen | ステータス = status | 未処理 = Unprocessed | 参照：申請者区分：manager 承認権限：役員 = Reference: Applicant category: manager Approval authority: officer | 処理コメント = Processing comments | 経費精算確認済み。費目：接待交際費 = Expense reimbursement confirmed. Expense category: Entertainment and hospitality expenses | 金額：90,198円。規程内であることを確認した。 = Amount: 90,198 yen. Confirmed to be within the regulations. | ✓ 登録確定 = ✓ Registration confirmed | ""保留 = &quot;on hold
HR人事給与システム = HR (Human Resources and Payroll) System | HR人事給与システム = HR (Human Resources and Payroll) System | aあA = aaA | 人事 = human resources | HR人事給与システム = HR (Human Resources and Payroll) System | 2026年度·人事部門 = FY2026・","HR (Human Resources and Payroll) System HR (Human Resources and Payroll) System aaA human resources HR (Human Resources and Payroll) System FY2026・Human Resources Department Mari Tanaka, Human Resources Manager Field Daiki Ueno New position-based allowance established. 44,338 yen Steady state Unprocessed Human resources operations Shota Tsuda Salary increase 19,390 yen Steady state Unprocessed ● Dashboard Mayu Teramoto Change in dependent deduction Steady state Unprocessed Expense reimbursement and payroll changes Attendance and leave application Kenichi Toyama New position-based allowance established. 44,338 yen Steady state Unprocessed ● Onboarding procedures Details — P1-07106250-001 · Mayu Teramoto ● Application for employee benefits Unprocessed ● Resident tax and other taxes Management ID Employee ID classification Entertainment expenses type adjustment Amount 90,198 yen status Unprocessed Reference: Applicant category: manager Approval authority: officer Processing comments Expense reimbursement confirmed. Expense category: Entertainment and hospitality expenses Amount: 90,198 yen. Confirmed to be within the regulations. ✓ Registration confirmed &quot;on hold
HR (Human Resources and Payroll) System HR (Human Resources and Payroll) System aaA human resources HR (Human Resources and Payroll) System FY2026・Human Resources Department 2026/07/01 23:29:29 Mari Tanaka, Human Resources Manager Field Daiki Ueno New position-based allowance established. 44,338 yen Steady state Unprocessed Human resources operations Shota Tsuda Salary increase 19,390 yen Steady state Unprocessed ● Dashboard Mayu Teramoto Change in dependent deduction Steady state Unprocessed Expense reimbursement and payroll changes Attendance and leave application Kenichi Toyama New position-based allowance established. 44,338 yen Steady state Unprocessed ● Onboarding procedures Details — P1-07106250-002 · Takuya Aoki ● Application for employee benefits Unprocessed ● Resident tax and other taxes Managem",/payroll-items,employee id | amount | status | processing comment | category | type | department | resident tax | attendance,approve | hold | unprocessed,Notepad/text | Word/document,word_assisted,0.9651189662259201
pi,dependent_deduction,ses_20260701-175747-SIDDHIGUPTAB00B::7,ses_20260701-175747-SIDDHIGUPTAB00B,"HR人事給与システム = HR (Human Resources and Payroll) System | HR人事給与システム = HR (Human Resources and Payroll) System | aあA = aaA | 人事 = human resources | HR人事給与システム = HR (Human Resources and Payroll) System | 2026年度·人事部門 = FY2026・Human Resources Department | 田中 麻里・人事マネージャー = Mari Tanaka, Human Resources Manager | 田 = Field | 上野大樹 = Daiki Ueno | 役職手当新設 = New position-based allowance established. | 44,338円 = 44,338 yen | 定常 = Steady state | 未処理 = Unprocessed | 人事業務 = Human resources operations | 津田将太 = Shota Tsuda | 昇給 = Salary increase | 19,390円 = 19,390 yen | 定常 = Steady state | 未処理 = Unprocessed | ● ダッシュボード = ● Dashboard | 寺本真由 = Mayu Teramoto | 扶養控除変更 = Change in dependent deduction | 定常 = Steady state | 未処理 = Unprocessed | 経費精算・給与変更 = Expense reimbursement and payroll changes | 勤怠・休暇申請 = Attendance and leave application | 遠山健一 = Kenichi Toyama | 役職手当新設 = New position-based allowance established. | 44,338円 = 44,338 yen | 定常 = Steady state | 未処理 = Unprocessed | ● 入社手続き = ● Onboarding procedures | 詳細 — P1-07106250-003 · 寺本 真由 = Details — P1-07106250-003 · Mayu Teramoto | ●福利厚生申請 = ● Application for employee benefits | 未処理 = Unprocessed | ● 住民税・その他 = ● Resident tax and other taxes | 管理ID = Management ID | 社員ID = Employee ID | 区分 = classification | 接待交際費 = Entertainment expenses | 種別 = type | 調整 = adjustment | 金額 = Amount | 87,653円 = 87,653 yen | ステータス = status | 未処理 = Unprocessed | 参照：申請者区分：manager 承認権限：役員 = Reference: Applicant category: manager Approval authority: officer | 処理コメント = Processing comments | 経費精算確認済み。費目：接待交際費 = Expense reimbursement confirmed. Expense category: Entertainment and hospitality expenses | 金額：87,653円。規程内であることを確認した。 = Amount: 87,653 yen. Confirmed to be within the regulations. | ✓ 登録確定 = ✓ Registration confirmed | ""保留 = &quot;on hold","HR (Human Resources and Payroll) System HR (Human Resources and Payroll) System aaA human resources HR (Human Resources and Payroll) System FY2026・Human Resources Department Mari Tanaka, Human Resources Manager Field Daiki Ueno New position-based allowance established. 44,338 yen Steady state Unprocessed Human resources operations Shota Tsuda Salary increase 19,390 yen Steady state Unprocessed ● Dashboard Mayu Teramoto Change in dependent deduction Steady state Unprocessed Expense reimbursement and payroll changes Attendance and leave application Kenichi Toyama New position-based allowance established. 44,338 yen Steady state Unprocessed ● Onboarding procedures Details — P1-07106250-003 · Mayu Teramoto ● Application for employee benefits Unprocessed ● Resident tax and other taxes Management ID Employee ID classification Entertainment expenses type adjustment Amount 87,653 yen status Unprocessed Reference: Applicant category: manager Approval authority: officer Processing comments Expense reimbursement confirmed. Expense category: Entertainment and hospitality expenses Amount: 87,653 yen. Confirmed to be within the regulations. ✓ Registration confirmed &quot;on hold",/payroll-items,employee id | amount | status | processing comment | category | type | department | resident tax | attendance,approve | hold | unprocessed,Notepad/text | Word/document,word_assisted,0.9655493665700672
pi,dependent_deduction,ses_20260701-175747-SIDDHIGUPTAB00B::30,ses_20260701-175747-SIDDHIGUPTAB00B,"HR人事給与システム = HR (Human Resources and Payroll) System | HR人事給与システム = HR (Human Resources and Payroll) System | aあA = aaA | 人事 = human resources | HR人事給与システム = HR (Human Resources and Payroll) System | 2026年度·人事部門 = FY2026・Human Resources Department | 田中 麻里・人事マネージャー = Mari Tanaka, Human Resources Manager | 田 = Field | 上野大樹 = Daiki Ueno | 役職手当新設 = New position-based allowance established. | 44,338円 = 44,338 yen | 定常 = Steady state | 未処理 = Unprocessed | 人事業務 = Human resources operations | 津田将太 = Shota Tsuda | 昇給 = Salary increase | 19,390円 = 19,390 yen | 定常 = Steady state | 未処理 = Unprocessed | ● ダッシュボード = ● Dashboard | 寺本 真由 = Mayu Teramoto | 扶養控除変更 = Change in dependent deduction | 定常 = Steady state | 未処理 = Unprocessed | 経費精算・給与変更 = Expense reimbursement and payroll changes | 勤怠・休暇申請 = Attendance and leave application | 遠山健一 = Kenichi Toyama | 役職手当新設 = New position-based allowance established. | 44,338円 = 44,338 yen | 定常 = Steady state | 未処理 = Unprocessed | ● 入社手続き = ● Onboarding procedures | 詳細 —P1-07106250-006·河野 明日香 = Details — P1-07106250-006 · Asuka Kono | ●福利厚生申請 = ● Application for employee benefits | 未処理 = Unprocessed | ● 住民税・その他 = ● Resident tax and other taxes | 管理ID = Management ID | 社員ID = Employee ID | 区分 = classification | 出張旅費 = Business trip expenses | 種別 = type | 定常 = Steady state | 金額 = Amount | 36,925円 = 36,925 yen | ステータス = status | 未処理 = Unprocessed | 参照：申請者区分：regular = Reference: Applicant classification: regular | 承認権限：部門長 = Approval authority: Department head | 処理コメント = Processing comments | 処理内容・確認コメントを入力してください… = Please enter the processing details and confirmation comments... | ✓ 登録確定 = ✓ Registration confirmed | ""保留 = &quot;on hold","HR (Human Resources and Payroll) System HR (Human Resources and Payroll) System aaA human resources HR (Human Resources and Payroll) System FY2026・Human Resources Department Mari Tanaka, Human Resources Manager Field Daiki Ueno New position-based allowance established. 44,338 yen Steady state Unprocessed Human resources operations Shota Tsuda Salary increase 19,390 yen Steady state Unprocessed ● Dashboard Mayu Teramoto Change in dependent deduction Steady state Unprocessed Expense reimbursement and payroll changes Attendance and leave application Kenichi Toyama New position-based allowance established. 44,338 yen Steady state Unprocessed ● Onboarding procedures Details — P1-07106250-006 · Asuka Kono ● Application for employee benefits Unprocessed ● Resident tax and other taxes Management ID Employee ID classification Business trip expenses type Steady state Amount 36,925 yen status Unprocessed Reference: Applicant classification: regular Approval authority: Department head Processing comments Please enter the processing details and confirmation comments... ✓ Registration confirmed &quot;on hold",/payroll-items,employee id | amount | status | processing comment | type | department | resident tax | attendance,approve | hold | unprocessed,Notepad/text | Word/document,word_assisted,0.9596022439414057
pi,dependent_deduction,ses_20260701-175747-SIDDHIGUPTAB00B::31,ses_20260701-175747-SIDDHIGUPTAB00B,"HR人事給与システム = HR (Human Resources and Payroll) System | HR人事給与システム = HR (Human Resources and Payroll) System | aあA = aaA | 人事 = human resources | HR人事給与システム = HR (Human Resources and Payroll) System | 2026年度·人事部門 = FY2026・Human Resources Department | 田中 麻里・人事マネージャー = Mari Tanaka, Human Resources Manager | 田 = Field | 人事業務 = Human resources operations | 菊池理恵 = Rie Kikuchi | 出張旅費 = Business trip expenses | 51,236円 = 51,236 yen | 定常 = Steady state | 未処理 = Unprocessed | ● ダッシュボード = ● Dashboard | 清水 祥平 = Shohei Shimizu | 出張旅費 = Business trip expenses | 49,027円 = 49,027 yen | 定常 = Steady state | 未処理 = Unprocessed | 経費精算・給与変更 = Expense reimbursement and payroll changes | 坂本裕二 = Yuji Sakamoto | 昇給 = Salary increase | 19,390円 = 19,390 yen | 定常 = Steady state | 未処理 = Unprocessed | 勤怠・休暇申請 = Attendance and leave application | 島田奈々 = Nana Shimada | 残業手当調整 = Overtime pay adjustment | 14,558円 = 14,558 yen | 調整 = adjustment | 未処理 = Unprocessed | ● 入社手続き = ● Onboarding procedures | ● 福利厚生申請 = ● Application for employee benefits | 岡田智也 = Tomoya Okada | 役職手当廃止 = Abolition of position allowances | 9,122円 = 9,122 yen | 定常 = Steady state | 未処理 = Unprocessed | ● 住民税・その他 = ● Resident tax and other taxes | 竹内彩子 = Ayako Takeuchi | 役職手当新設 = New position-based allowance established. | 44,338円 = 44,338 yen | 定常 = Steady state | 未処理 = Unprocessed | 清水 祥平 = Shohei Shimizu | 役職手当新設 = New position-based allowance established. | 44,338円 = 44,338 yen | 定常 = Steady state | 未処理 = Unprocessed | 寺本 真由 = Mayu Teramoto | 役職手当廃止 = Abolition of position allowances | 9,122円 = 9,122 yen | 定常 = Steady state | 未処理 = Unprocessed | 上野大樹 = Daiki Ueno | 昇給 = Salary increase | 19,390円 = 19,390 yen | 定常 = Steady state | 未処理 = Unprocessed | 遠山健一 = Kenichi Toyama | 扶養控除変更 = Change in dependent deduction | 定常 = Steady state | 未処理 = Unprocessed | 上野大樹 = Daiki Ueno | 役職手当新設 = New position-based allowance established. | 44,338円 = 44,338 yen | 定常 = Steady state | 未処理 = Unprocessed | 津田将太 = Shota Tsuda | 昇給 = Salary increase ","HR (Human Resources and Payroll) System HR (Human Resources and Payroll) System aaA human resources HR (Human Resources and Payroll) System FY2026・Human Resources Department Mari Tanaka, Human Resources Manager Field Human resources operations Rie Kikuchi Business trip expenses 51,236 yen Steady state Unprocessed ● Dashboard Shohei Shimizu Business trip expenses 49,027 yen Steady state Unprocessed Expense reimbursement and payroll changes Yuji Sakamoto Salary increase 19,390 yen Steady state Unprocessed Attendance and leave application Nana Shimada Overtime pay adjustment 14,558 yen adjustment Unprocessed ● Onboarding procedures ● Application for employee benefits Tomoya Okada Abolition of position allowances 9,122 yen Steady state Unprocessed ● Resident tax and other taxes Ayako Takeuchi New position-based allowance established. 44,338 yen Steady state Unprocessed Shohei Shimizu New position-based allowance established. 44,338 yen Steady state Unprocessed Mayu Teramoto Abolition of position allowances 9,122 yen Steady state Unprocessed Daiki Ueno Salary increase 19,390 yen Steady state Unprocessed Kenichi Toyama Change in dependent deduction Steady state Unprocessed Daiki Ueno New position-based allowance established. 44,338 yen Steady state Unprocessed Shota Tsuda Salary increase 19,390 yen Steady state Unprocessed Mayu Teramoto Change in dependent deduction Steady state Unprocessed Kenichi Toyama New position-based allowance established. 44,338 yen Steady state GotP107106250-006v has been registered.
HR (Human Resources and Payroll) System HR (Human Resources and Payroll) System aaA human resources HR (Human Resources and Payroll) System FY2026・Human Resources Department Mari Tanaka, Human Resources Manager Field Mayu Teramoto Entertainment expenses 90,198 yen adjustment Registered Human resources operations ● Dashboard Takuya Aoki Transportation expense settlement 21,668 yen Steady state Registered Expense reimbursement and payroll changes Mayu Teramoto Entertai",/payroll-items,department | resident tax | attendance,unprocessed,Notepad/text | Word/document,word_assisted,0.9780629581862017
pi,dependent_deduction,ses_20260701-175747-SIDDHIGUPTAB00B::38,ses_20260701-175747-SIDDHIGUPTAB00B,"HR人事給与システム = HR (Human Resources and Payroll) System | HR人事給与システム = HR (Human Resources and Payroll) System | aあA = aaA | 人事 = human resources | HR人事給与システム = HR (Human Resources and Payroll) System | 2026年度·人事部門 = FY2026・Human Resources Department | 田中麻里・人事マネージャー = Mari Tanaka, Human Resources Manager | 田 = Field | 寺本 真由 = Mayu Teramoto | 接待交際費 = Entertainment expenses | 87,653円 = 87,653 yen | 調整 = adjustment | 登録済み = Registered | 人事業務 = Human resources operations | ● ダッシュボード = ● Dashboard | 河野明日香 = Asuka Kono | 交通費精算 = Transportation expense settlement | 19,396円 = 19,396 yen | 定常 = Steady state | 登録済み = Registered | 経費精算・給与変更 = Expense reimbursement and payroll changes | 津田将太 = Shota Tsuda | 交通費精算 = Transportation expense settlement | 21,043円 = 21,043 yen | 定常 = Steady state | 登録済み = Registered | 勤怠・休暇申請 = Attendance and leave application | 河野明日香 = Asuka Kono | 出張旅費 = Business trip expenses | 36,925円 = 36,925 yen | 定常 = Steady state | 登録済み = Registered | ● 入社手続き = ● Onboarding procedures | 坂本裕二 = Yuji Sakamoto | 研修費 = Training expenses | 35,614円 = 35,614 yen | 定常 = Steady state | 登録済み = Registered | ●福利厚生申請 = ● Application for employee benefits | ● 住民税・その他 = ● Resident tax and other taxes | 河野明日香 = Asuka Kono | 消耗品費 = Consumables cost | 23,982円 = 23,982 yen | 定常 = Steady state | 登録済み = Registered | 寺本 真由 = Mayu Teramoto | 消耗品費 = Consumables cost | 23,007円 = 23,007 yen | 定常 = Steady state | 登録済み = Registered | 上野大樹 = Daiki Ueno | 接待交際費 = Entertainment expenses | 135,181円 = 135,181 yen | 調整 = adjustment | 未処理 = Unprocessed | 菊池理恵 = Rie Kikuchi | 出張旅費 = Business trip expenses | 51,236円 = 51,236 yen | 定常 = Steady state | 未処理 = Unprocessed | 清水 祥平 = Shohei Shimizu | 出張旅費 = Business trip expenses | 49,027円 = 49,027 yen | 定常 = Steady state | 未処理 = Unprocessed | 坂本裕二 = Yuji Sakamoto | 昇給 = Salary increase | 19,390円 = 19,390 yen | 定常 = Steady state | 未処理 = Unprocessed | 島田奈々 = Nana Shimada | 残業手当調整 = Overtime pay adjustment | 14,558円 = 14,558 yen | 調整 = adjustment | 未処理 = U","HR (Human Resources and Payroll) System HR (Human Resources and Payroll) System aaA human resources HR (Human Resources and Payroll) System FY2026・Human Resources Department Mari Tanaka, Human Resources Manager Field Mayu Teramoto Entertainment expenses 87,653 yen adjustment Registered Human resources operations ● Dashboard Asuka Kono Transportation expense settlement 19,396 yen Steady state Registered Expense reimbursement and payroll changes Shota Tsuda Transportation expense settlement 21,043 yen Steady state Registered Attendance and leave application Asuka Kono Business trip expenses 36,925 yen Steady state Registered ● Onboarding procedures Yuji Sakamoto Training expenses 35,614 yen Steady state Registered ● Application for employee benefits ● Resident tax and other taxes Asuka Kono Consumables cost 23,982 yen Steady state Registered Mayu Teramoto Consumables cost 23,007 yen Steady state Registered Daiki Ueno Entertainment expenses 135,181 yen adjustment Unprocessed Rie Kikuchi Business trip expenses 51,236 yen Steady state Unprocessed Shohei Shimizu Business trip expenses 49,027 yen Steady state Unprocessed Yuji Sakamoto Salary increase 19,390 yen Steady state Unprocessed Nana Shimada Overtime pay adjustment 14,558 yen adjustment Unprocessed Tomoya Okada Abolition of position allowances 9,122 yen Steady state Unprocessed Ayako Takeuchi New position-based allowance established. 44,338 yen Steady state Shohei Shimizu New position-based allowance established. 44,338 yen Steady state Unprocessed
HR (Human Resources and Payroll) System HR (Human Resources and Payroll) System aaA rate human resources HR (Human Resources and Payroll) System FY2026・Human Resources Department Mari Tanaka, Human Resources Manager Field Human resources operations Rie Kikuchi Business trip expenses 51,236 yen Steady state Unprocessed ● Dashboard Shohei Shimizu Business trip expenses 49,027 yen Steady state Unprocessed Expense reimbursement and payroll changes Yuji Sakamoto Salary increas",/payroll-items,department | resident tax | attendance,unprocessed,Notepad/text | Word/document,word_assisted,0.9731583162122204
pi,dependent_deduction,ses_20260701-183232-LAPTOP-76QMG9DE::1,ses_20260701-183232-LAPTOP-76QMG9DE,"受発注在庫管理システム = Order and Inventory Management System | aあ = aa | #车 = #car | 受発 = Receiving/Receiving | 受発注在庫管理システム = Order and Inventory Management System | 2026年度·物流管理部 = 2026・Logistics Management Department | ):02:47 高橋健司・物流マネージャー = ):02:47 Kenji Takahashi, Logistics Manager | 高 = high | 受発注在庫業務 = Order processing and inventory management | 受発注在庫管理システム/ダッシュポード = Order management system/dashboard | ダッシュボード = Dashboard | 受発注在庫ダッシュボード = Order/Inventory Dashboard | 在庫管理 = Inventory Management | 2026年度·2026年7月2日生成 = Fiscal year 2026 · Generated on July 2, 2026 | 契約管理 = contract management | 在庫管理 = Inventory Management | 契約管理 = contract management | IT申請 = IT application | その他 = others | 返品処理 = Return processing | 0未処理 = 0 Unprocessed | 0 申請中 = 0 under application | 0 処理待ち = 0 Waiting for processing | 0 照合中 = 0 Matching | IT申請 = IT application | 受注・その他 = Orders and other | 自 = Self
HR人事給与システム = HR (Human Resources and Payroll) System | aあA☆ = aaA☆ | 人事 = human resources | HR人事給与システム = HR (Human Resources and Payroll) System | 2026年度·人事部門 = FY2026・Human Resources Department | 田 = Field | 人事業務 = Human resources operations | 岡田智也 = Tomoya Okada | 扶養控除変更 = Change in dependent deduction | ダッシュボード = Dashboard | 竹内彩子 = Ayako Takeuchi | 扶養控除変更 = Change in dependent deduction | 定常 = Steady state | 未処理 = Unprocessed | 経費精算·給与変更 = Expense reimbursement and payroll changes | 桐島凉介 = Ryosuke Kirishima | 昇給 = Salary increase | 21,456円 = 21,456 yen | 定常 = Steady state | 未処理 = Unprocessed | 勤怠・休暇申請 = Attendance and leave application | 入社手続き = Onboarding procedures | 上野大樹 = Daiki Ueno | 残業手当調整 = Overtime pay adjustment | 5,995円 = 5,995 yen | 調整 = adjustment | 未処理 = Unprocessed | 福利厚生申請 = Employee benefits application | 詳細—P1-07080388-001·岡田 智也 = Details—P1-07080388-001 · Tomoya Okada | 住民税・その他 = Resident tax and other taxes | 未処理 = Unprocessed | 管理ID = Management ID | 社員ID = Employee ID | 区分 = classification | 出張旅費 = Business trip expenses | 種別 = type | 定常 = Steady state | 金額 = Amount | ","Order and Inventory Management System aa #car Receiving/Receiving Order and Inventory Management System 2026・Logistics Management Department ):02:47 Kenji Takahashi, Logistics Manager high Order processing and inventory management Order management system/dashboard Dashboard Order/Inventory Dashboard Inventory Management Fiscal year 2026 · Generated on July 2, 2026 contract management Inventory Management contract management IT application others Return processing 0 Unprocessed 0 under application 0 Waiting for processing 0 Matching IT application Orders and other Self
HR (Human Resources and Payroll) System aaA☆ human resources HR (Human Resources and Payroll) System FY2026・Human Resources Department Field Human resources operations Tomoya Okada Change in dependent deduction Dashboard Ayako Takeuchi Change in dependent deduction Steady state Unprocessed Expense reimbursement and payroll changes Ryosuke Kirishima Salary increase 21,456 yen Steady state Unprocessed Attendance and leave application Onboarding procedures Daiki Ueno Overtime pay adjustment 5,995 yen adjustment Unprocessed Employee benefits application Details—P1-07080388-001 · Tomoya Okada Resident tax and other taxes Unprocessed Management ID Employee ID classification Business trip expenses type Steady state Amount 56,120 yen status Unprocessed Reference: Applicant category: Regular Approval authority: Department head Processing comments Please enter the processing details and confirmation comments... ✓ Registration confirmed on hold Self",/payroll-items,employee id | amount | status | processing comment | category | type | department | resident tax | attendance,approve | hold | unprocessed,Notepad/text,notepad_assisted,0.9642191685058854
pi,dependent_deduction,ses_20260701-183232-LAPTOP-76QMG9DE::6,ses_20260701-183232-LAPTOP-76QMG9DE,"HR人事給与システム = HR (Human Resources and Payroll) System | a肺A☆ = a lung A☆ | 人事 = human resources | HR人事給与システム = HR (Human Resources and Payroll) System | 2026年度·人事部門 = FY2026・Human Resources Department | 2026/07/02 00:04:32田中麻里·人事マネージャー = 2026/07/02 00:04:32 Mari Tanaka, Human Resources Manager | 田 = Field | 人事業務 = Human resources operations | 岡田智也 = Tomoya Okada | 扶養控除変更 = Change in dependent deduction | 定常 = Steady state | 未処理 = Unprocessed | ダッシュボード = Dashboard | 竹内彩子 = Ayako Takeuchi | 扶養控除変更 = Change in dependent deduction | 定常 = Steady state | 未処理 = Unprocessed | 経費精算·給与変更 = Expense reimbursement and payroll changes | 桐島凉介 = Ryosuke Kirishima | 昇給 = Salary increase | 勤怠・休暇申請 = Attendance and leave application | 21,456円 = 21,456 yen | 定常 = Steady state | 未処理 = Unprocessed | 入社手続き = Onboarding procedures | 上野大樹 = Daiki Ueno | 残業手当調整 = Overtime pay adjustment | 5,995円 = 5,995 yen | 調整 = adjustment | 未処理 = Unprocessed | 福利厚生申請 = Employee benefits application | 詳細—P1-07080388-003·津田将太 = Details—P1-07080388-003 · Shota Tsuda | 住民税・その他 = Resident tax and other taxes | 未処理 = Unprocessed | 管理ID = Management ID | 社員ID = Employee ID | 区分 = classification | 出張旅費 = Business trip expenses | 種別 = type | 定常 = Steady state | 金額 = Amount | 31,411円 = 31,411 yen | ステータス = status | 未処理 = Unprocessed | 参照：申請者区分：regular承認権限：部門長 = Reference: Applicant category: Regular Approval authority: Department head | 処理コメント = Processing comments | 経費精算確認済み。費目：出張旅費金額：31,411円。規程内であることを確認した。 = Expense reimbursement confirmed. Expense item: Business trip expenses. Amount: 31,411 yen. Confirmed to be within regulations. | ✓ 登録確定 = ✓ Registration confirmed | 保留 = on hold","HR (Human Resources and Payroll) System a lung A☆ human resources HR (Human Resources and Payroll) System FY2026・Human Resources Department 2026/07/02 00:04:32 Mari Tanaka, Human Resources Manager Field Human resources operations Tomoya Okada Change in dependent deduction Steady state Unprocessed Dashboard Ayako Takeuchi Change in dependent deduction Steady state Unprocessed Expense reimbursement and payroll changes Ryosuke Kirishima Salary increase Attendance and leave application 21,456 yen Steady state Unprocessed Onboarding procedures Daiki Ueno Overtime pay adjustment 5,995 yen adjustment Unprocessed Employee benefits application Details—P1-07080388-003 · Shota Tsuda Resident tax and other taxes Unprocessed Management ID Employee ID classification Business trip expenses type Steady state Amount 31,411 yen status Unprocessed Reference: Applicant category: Regular Approval authority: Department head Processing comments Expense reimbursement confirmed. Expense item: Business trip expenses. Amount: 31,411 yen. Confirmed to be within regulations. ✓ Registration confirmed on hold",/payroll-items,employee id | amount | status | processing comment | category | type | department | resident tax | attendance,approve | hold | unprocessed,Notepad/text,notepad_assisted,0.9635798438237264
pi,dependent_deduction,ses_20260701-183232-LAPTOP-76QMG9DE::7,ses_20260701-183232-LAPTOP-76QMG9DE,"在庫調整メモ = Inventory adjustment memo | 田Ab = Ab | 在庫調整メモ = Inventory adjustment memo | 品番：BATCH-W4 = Product number: BATCH-W4 | 調整数：-178 = Adjustment amount: -178 | 区分：棚卸調整 = Category: Inventory adjustment | 自 = Self
HR人事給与システム = HR (Human Resources and Payroll) System | a肺A☆ = a lung A☆ | |车 = |Car | 人事 = human resources | HR人事給与システム = HR (Human Resources and Payroll) System | 2026年度·人事部門 = FY2026・Human Resources Department | 2026/07/02 00:05:12 田中麻里·人事マネージャー = 2026/07/02 00:05:12 Mari Tanaka, Human Resources Manager | 田 = Field | 人事業務 = Human resources operations | 岡田智也 = Tomoya Okada | 扶養控除変更 = Change in dependent deduction | 定常 = Steady state | 未処理 = Unprocessed | ダッシュボード = Dashboard | 竹内彩子 = Ayako Takeuchi | 扶養控除変更 = Change in dependent deduction | 定常 = Steady state | 未処理 = Unprocessed | 経費精算·給与変更 = Expense reimbursement and payroll changes | 桐島凉介 = Ryosuke Kirishima | 昇給 = Salary increase | 勤怠・休暇申請 = Attendance and leave application | 21,456円 = 21,456 yen | 定常 = Steady state | 未処理 = Unprocessed | 入社手続き = Onboarding procedures | 上野大樹 = Daiki Ueno | 残業手当調整 = Overtime pay adjustment | 5,995円 = 5,995 yen | 調整 = adjustment | 未処理 = Unprocessed | 福利厚生申請 = Employee benefits application | 詳細—P1-07080388-007·遠山健 = Details—P1-07080388-007·Ken Toyama | 住民税・その他 = Resident tax and other taxes | 未処理 = Unprocessed | 管理ID = Management ID | 社員ID = Employee ID | 区分 = classification | 交通費精算 = Transportation expense settlement | 種別 = type | 定常 = Steady state | 金額 = Amount | 5,083円 = 5,083 yen | ステータス = status | 未処理 = Unprocessed | 参照：申請者区分：regular承認権限：人事担当 = Reference: Applicant Category: Regular Approval Authority: Human Resources | 処理コメント = Processing comments | 経費精算確認済み。費目：交通費精算金額：5,083円。規程内であることを確認した。 = Expense reimbursement confirmed. Expense item: Transportation expenses. Amount reimbursed: 5,083 yen. Confirmed to be within regulations. | ✓ 登録確定 = ✓ Registration confirmed | 保留 = on hold
HR人事給与システム = HR (Human Resources and Payroll) System | aあA☆ = aaA☆ | 人事 = human resources |","Inventory adjustment memo Ab Inventory adjustment memo Product number: BATCH-W4 Adjustment amount: -178 Category: Inventory adjustment Self
HR (Human Resources and Payroll) System a lung A☆ |Car human resources HR (Human Resources and Payroll) System FY2026・Human Resources Department 2026/07/02 00:05:12 Mari Tanaka, Human Resources Manager Field Human resources operations Tomoya Okada Change in dependent deduction Steady state Unprocessed Dashboard Ayako Takeuchi Change in dependent deduction Steady state Unprocessed Expense reimbursement and payroll changes Ryosuke Kirishima Salary increase Attendance and leave application 21,456 yen Steady state Unprocessed Onboarding procedures Daiki Ueno Overtime pay adjustment 5,995 yen adjustment Unprocessed Employee benefits application Details—P1-07080388-007·Ken Toyama Resident tax and other taxes Unprocessed Management ID Employee ID classification Transportation expense settlement type Steady state Amount 5,083 yen status Unprocessed Reference: Applicant Category: Regular Approval Authority: Human Resources Processing comments Expense reimbursement confirmed. Expense item: Transportation expenses. Amount reimbursed: 5,083 yen. Confirmed to be within regulations. ✓ Registration confirmed on hold
HR (Human Resources and Payroll) System aaA☆ human resources HR (Human Resources and Payroll) System FY2026・Human Resources Department 2026/07/02 00:05:18 Mari Tanaka, Human Resources Manager Field Employee ID full name classification Amount type status Human resources operations Tomoya Okada Business trip expenses 56,120 yen Steady state Registered Dashboard Takuya Aoki Business trip expenses 35,241 yen Steady state Registered Expense reimbursement and payroll changes Attendance and leave application Shota Tsuda Business trip expenses 31,411 yen Steady state Registered Onboarding procedures Daiki Ueno Transportation expense settlement 7,632 yen Steady state Registered Employee benefits application Yuji Sakamoto Consumables cost 29",/payroll-items,employee id | full name | name | amount | status | processing comment | category | type | department | resident tax | attendance,approve | hold | unprocessed,Notepad/text,notepad_assisted,0.9534656448014741
pi,dependent_deduction,ses_20260701-183232-LAPTOP-76QMG9DE::9,ses_20260701-183232-LAPTOP-76QMG9DE,"HR人事給与システム = HR (Human Resources and Payroll) System | a肺A☆ = a lung A☆ | 人事 = human resources | HR人事給与システム = HR (Human Resources and Payroll) System | 2026年度·人事部門 = FY2026・Human Resources Department | 2026/07/02 00:05:50 田中麻里·人事マネージャー = 2026/07/02 00:05:50 Mari Tanaka, Human Resources Manager | 田 = Field | 人事業務 = Human resources operations | 岡田智也 = Tomoya Okada | 扶養控除変更 = Change in dependent deduction | 定常 = Steady state | 未処理 = Unprocessed | ダッシュボード = Dashboard | 竹内彩子 = Ayako Takeuchi | 扶養控除変更 = Change in dependent deduction | 定常 = Steady state | 未処理 = Unprocessed | 経費精算·給与変更 = Expense reimbursement and payroll changes | 桐島凉介 = Ryosuke Kirishima | 昇給 = Salary increase | 勤怠・休暇申請 = Attendance and leave application | 21,456円 = 21,456 yen | 定常 = Steady state | 未処理 = Unprocessed | 入社手続き = Onboarding procedures | 上野大樹 = Daiki Ueno | 残業手当調整 = Overtime pay adjustment | 5,995円 = 5,995 yen | 調整 = adjustment | 未処理 = Unprocessed | 福利厚生申請 = Employee benefits application | 詳細—P1-07080388-011·坂本裕二 = Details—P1-07080388-011 · Yuji Sakamoto | 住民税・その他 = Resident tax and other taxes | 未処理 = Unprocessed | 管理ID = Management ID | 社員ID = Employee ID | 区分 = classification | 交通費精算 = Transportation expense settlement | 種別 = type | 定常 = Steady state | 金額 = Amount | 21,269円 = 21,269 yen | ステータス = status | 未処理 = Unprocessed | 参照：申請者区分：regular承認権限：人事担当 = Reference: Applicant Category: Regular Approval Authority: Human Resources | 処理コメント = Processing comments | 処理内容・確認コメントを入力してください… = Please enter the processing details and confirmation comments... | ✓ 登録確定 = ✓ Registration confirmed | 保留 = on hold
HR人事給与システム = HR (Human Resources and Payroll) System | aあA☆ = aaA☆ | 人事 = human resources | HR人事給与システム = HR (Human Resources and Payroll) System | 2026年度·人事部門 = FY2026・Human Resources Department | 2026/07/0200:05:53 田中麻里·人事マネージャー = 2026/07/02 00:05:53 Mari Tanaka, Human Resources Manager | 田 = Field | 人事業務 = Human resources operations | 遠山健一 = Kenichi Toyama | 消耗品费 = Consumables cost | 28,931円 = 28,9","HR (Human Resources and Payroll) System a lung A☆ human resources HR (Human Resources and Payroll) System FY2026・Human Resources Department 2026/07/02 00:05:50 Mari Tanaka, Human Resources Manager Field Human resources operations Tomoya Okada Change in dependent deduction Steady state Unprocessed Dashboard Ayako Takeuchi Change in dependent deduction Steady state Unprocessed Expense reimbursement and payroll changes Ryosuke Kirishima Salary increase Attendance and leave application 21,456 yen Steady state Unprocessed Onboarding procedures Daiki Ueno Overtime pay adjustment 5,995 yen adjustment Unprocessed Employee benefits application Details—P1-07080388-011 · Yuji Sakamoto Resident tax and other taxes Unprocessed Management ID Employee ID classification Transportation expense settlement type Steady state Amount 21,269 yen status Unprocessed Reference: Applicant Category: Regular Approval Authority: Human Resources Processing comments Please enter the processing details and confirmation comments... ✓ Registration confirmed on hold
HR (Human Resources and Payroll) System aaA☆ human resources HR (Human Resources and Payroll) System FY2026・Human Resources Department 2026/07/02 00:05:53 Mari Tanaka, Human Resources Manager Field Human resources operations Kenichi Toyama Consumables cost 28,931 yen Steady state Registered Dashboard Yuji Sakamoto Transportation expense settlement 21,269 yen Steady state Registered Expense reimbursement and payroll changes Ryosuke Kirishima Training fee 39,442 yen Steady state Unprocessed Attendance and leave application Ayako Takeuchi Abolition of position allowances 18,168 yen Steady state Unprocessed Onboarding procedures Employee benefits application Shohei Shimizu Abolition of position allowances 18,168 yen Steady state Unprocessed ● Resident tax and other taxes Shota Tsuda Salary increase 21,456 yen Steady state Unprocessed Asuka Kono Abolition of position allowances 18,168 yen Steady state unresolved Sakura Eguchi New position-based",/payroll-items,employee id | amount | status | processing comment | category | type | department | resident tax | attendance,approve | hold | unprocessed,Notepad/text,notepad_assisted,0.9661206924960174
pi,dependent_deduction,ses_20260701-190250-NEELA9BAF::9,ses_20260701-190250-NEELA9BAF,"財務会計システム = Financial accounting system | aあ A☆ = aa A☆ | 串 = skewer | 財務 = finance | 財務会計システム = Financial accounting system | 2026年度·経理部門 = Fiscal Year 2026 - Accounting Department | 佐 = Sa | 財務会計業務 = Financial accounting operations | ダッシュボードノ請求書承認・経費精算 = Dashboard Invoice Approval/Expense Reimbursement | ● ダッシュボード = ● Dashboard | 請求書承認・経費精算 = Invoice approval and expense reimbursement | 請求書承認・経費精 = Invoice Approval and Expense Settlement | 12件·4件未処理 = 12 items, 4 items unprocessed | 算 = calculation | 処理待ち一覧 = List of items awaiting processing | ● 経費承認(管理職) = ● Expense approval (management) | 支払処理 = Payment processing | 社員ID = Employee ID | 氏名 = full name | 区分 = classification | 金額 = Amount | 種別 = type | ステータス = status | 予算差異分析 = Budget variance analysis | 東京電子工業株式会社 = Tokyo Electronics Industry Co., Ltd. | 請求書承認INV-2026-7998 = Invoice Approval INV-2026-7998 | 536,841円 = 536,841 yen | 定常 = Steady state | 登録済み = Registered | ● 発注管理 = ● Order Management | 関西物流サービス = Kansai Logistics Service | 請求書承認INV-2026-7999 = Invoice Approval INV-2026-7999 | 2,691,742円 = 2,691,742 yen | 定常 = Steady state | 登録済み = Registered | 北陸部品工業株式会社 = Hokuriku Parts Industry Co., Ltd. | 請求書承認INV-2026-8000 = Invoice Approval INV-2026-8000 | 380,199円 = 380,199 yen | 定常 = Steady state | 登録済み = Registered | グローバルテック合同会社 = Global Tech LLC | 請求書承認INV-2026-8001 = Invoice Approval INV-2026-8001 | 784,303円 = 784,303 yen | 定常 = Steady state | 登録済み = Registered | 株式会社山田製作所 = Yamada Manufacturing Co., Ltd. | 請求書承認INV-2026-8002 = Invoice Approval INV-2026-8002 | 363,706円 = 363,706 yen | 調整 = adjustment | 登録済み = Registered | 株式会社山田製作所 = Yamada Manufacturing Co., Ltd. | 請求書承認INV-2026-8003 = Invoice Approval INV-2026-8003 | 422,043円 = 422,043 yen | 調整 = adjustment | 登録済み = Registered | 東京電子工業株式会社 = Tokyo Electronics Industry Co., Ltd. | 請求書承認INV-2026-8004 = Invoice Approval INV-2026-8004 | 525,797円 = 525,797 yen | 定常 = Steady state | 登録済み = Registered | 沖縄物流センター = Okinawa Logistics Center | 請求書承認INV-2026-8005","Financial accounting system aa A☆ skewer finance Financial accounting system Fiscal Year 2026 - Accounting Department Sa Financial accounting operations Dashboard Invoice Approval/Expense Reimbursement ● Dashboard Invoice approval and expense reimbursement Invoice Approval and Expense Settlement 12 items, 4 items unprocessed calculation List of items awaiting processing ● Expense approval (management) Payment processing Employee ID full name classification Amount type status Budget variance analysis Tokyo Electronics Industry Co., Ltd. Invoice Approval INV-2026-7998 536,841 yen Steady state Registered ● Order Management Kansai Logistics Service Invoice Approval INV-2026-7999 2,691,742 yen Steady state Registered Hokuriku Parts Industry Co., Ltd. Invoice Approval INV-2026-8000 380,199 yen Steady state Registered Global Tech LLC Invoice Approval INV-2026-8001 784,303 yen Steady state Registered Yamada Manufacturing Co., Ltd. Invoice Approval INV-2026-8002 363,706 yen adjustment Registered Yamada Manufacturing Co., Ltd. Invoice Approval INV-2026-8003 422,043 yen adjustment Registered Tokyo Electronics Industry Co., Ltd. Invoice Approval INV-2026-8004 525,797 yen Steady state Registered Okinawa Logistics Center Invoice Approval INV-2026-8005 301,223 yen adjustment Registered Fukuoka System Design Invoice Approval INV-2026-8006 1,903,641 yen adjustment Unprocessed Kansai Logistics Service Invoice Approval INV-2026-8007 3,272,432 yen adjustment Unprocessed Tokyo Electronics Industry Co., Ltd. Invoice Approval INV-2026-8008 588,515 yen adjustment Unprocessed Steady-state tivateWind Fukuoka System Design Invoice Approval INV-2026-8009 1,876,206 yen
HR (Human Resources and Payroll) System aa A☆ skewer human resources HR (Human Resources and Payroll) System FY2026・Human Resources Department Field Human resources operations Takuya Aoki Salary increase 8,634 yen ● Dashboard Asuka Kono Change in dependent deduction Steady state Unprocessed Expense reimbursement and payroll chang",/payroll-items,employee id | full name | name | amount | status | processing comment | category | type | department | resident tax | attendance,approve | hold | awaiting_processing | unprocessed,Notepad/text | Word/document,word_assisted,0.9688687008090995
pi,dependent_deduction,ses_20260701-190250-NEELA9BAF::11,ses_20260701-190250-NEELA9BAF,"HR人事給与システム = HR (Human Resources and Payroll) System | aあ A☆ = aa A☆ | 串 = skewer | 人事 = human resources | HR人事給与システム = HR (Human Resources and Payroll) System | 2026年度·人事部門 = FY2026・Human Resources Department | 田 = Field | 人事業務 = Human resources operations | ダッシュボード／経費精算・給与変更 = Dashboard / Expense Reimbursement &amp; Payroll Changes | ● ダッシュボード = ● Dashboard | 経費精算·給与変更 = Expense reimbursement and payroll changes | 経費精算・給与変更 = Expense reimbursement and payroll changes | 24件·22件未処理 = 24 items - 22 items unprocessed | ● 勤怠・休暇申請 = ● Attendance and leave application | 処理待ち一覧 = List of items awaiting processing | ● 入社手続き = ● Onboarding procedures | 社員ID = Employee ID | 氏名 = full name | 区分 = classification | 金額 = Amount | 種別 = type | ステータス = status | ●福利厚生申請 = ● Application for employee benefits | 清水祥平 = Shohei Shimizu | 研修費 = Training expenses | 25,213円 = 25,213 yen | 定常 = Steady state | 登録済み = Registered | ● 住民税・その他 = ● Resident tax and other taxes | 清水祥平 = Shohei Shimizu | 交通費精算 = Transportation expense settlement | 24,395円 = 24,395 yen | 定常 = Steady state | 登録済み = Registered | 島田奈々 = Nana Shimada | 消耗品費 = Consumables cost | 6,543円 = 6,543 yen | 定常 = Steady state | 未処理 = Unprocessed | 菊池理恵 = Rie Kikuchi | 消耗品費 = Consumables cost | 8,691円 = 8,691 yen | 定常 = Steady state | 未処理 = Unprocessed | 菊池理恵 = Rie Kikuchi | 接待交際費 = Entertainment expenses | 98,018円 = 98,018 yen | 調整 = adjustment | 未処理 = Unprocessed | 遠山健一 = Kenichi Toyama | 消耗品費 = Consumables cost | 17,558円 = 17,558 yen | 定常 = Steady state | 未処理 = Unprocessed | 青木拓也 = Takuya Aoki | 研修費 = Training expenses | 33,374円 = 33,374 yen | 定常 = Steady state | 未処理 = Unprocessed | 菊池理恵 = Rie Kikuchi | 出張旅費 = Business trip expenses | 62,810円 = 62,810 yen | 定常 = Steady state | 未処理 = Unprocessed | 菊池理恵 = Rie Kikuchi | 出張旅費 = Business trip expenses | 51,895円 = 51,895 yen | 定常 = Steady state | 未処理 = Unprocessed | 島田奈々 = Nana Shimada | 接待交際費 = Entertainment expenses | 118,189円 = 118,189 yen | 調整 = adjustment | 未処理 = Unprocessed | 上野","HR (Human Resources and Payroll) System aa A☆ skewer human resources HR (Human Resources and Payroll) System FY2026・Human Resources Department Field Human resources operations Dashboard / Expense Reimbursement &amp; Payroll Changes ● Dashboard Expense reimbursement and payroll changes Expense reimbursement and payroll changes 24 items - 22 items unprocessed ● Attendance and leave application List of items awaiting processing ● Onboarding procedures Employee ID full name classification Amount type status ● Application for employee benefits Shohei Shimizu Training expenses 25,213 yen Steady state Registered ● Resident tax and other taxes Shohei Shimizu Transportation expense settlement 24,395 yen Steady state Registered Nana Shimada Consumables cost 6,543 yen Steady state Unprocessed Rie Kikuchi Consumables cost 8,691 yen Steady state Unprocessed Rie Kikuchi Entertainment expenses 98,018 yen adjustment Unprocessed Kenichi Toyama Consumables cost 17,558 yen Steady state Unprocessed Takuya Aoki Training expenses 33,374 yen Steady state Unprocessed Rie Kikuchi Business trip expenses 62,810 yen Steady state Unprocessed Rie Kikuchi Business trip expenses 51,895 yen Steady state Unprocessed Nana Shimada Entertainment expenses 118,189 yen adjustment Unprocessed Daiki Ueno Training expenses 55,571 yen Steady state Unprocessed Daiki Ueno Consumables cost 10,712 yen Steady state Yuji Sakamoto Overtime pay adjustment 11,563 yen adjustment Unprocessed
HR (Human Resources and Payroll) System aa A☆ skewer human resources HR (Human Resources and Payroll) System FY2026・Human Resources Department Field Human resources operations Takuya Aoki Salary increase 8,634 yen ● Dashboard Asuka Kono Change in dependent deduction Steady state Unprocessed Expense reimbursement and payroll changes Kenichi Toyama Abolition of position allowances 16,424 yen Steady state Unprocessed ● Attendance and leave application ● Onboarding procedures Sakura Eguchi Abolition of position allowances 16,424 yen Ste",/payroll-items,employee id | full name | name | amount | status | processing comment | category | type | department | resident tax | attendance,approve | hold | awaiting_processing | unprocessed,Notepad/text | Word/document,word_assisted,0.9680132304703948
pi,dependent_deduction,ses_20260701-190250-NEELA9BAF::16,ses_20260701-190250-NEELA9BAF,"HR人事給与システム = HR (Human Resources and Payroll) System | aあA = aaA | 率 = rate | 人事 = human resources | HR人事給与システム = HR (Human Resources and Payroll) System | 2026年度·人事部門 = FY2026・Human Resources Department | 田 = Field | 人事業務 = Human resources operations | 菊池理恵 = Rie Kikuchi | 出張旅費 = Business trip expenses | 62,810円 = 62,810 yen | ● ダッシュボード = ● Dashboard | 菊池理恵 = Rie Kikuchi | 出張旅費 = Business trip expenses | 51.895円 = 51,895 yen | 北市 = Kita City | 経費精算・給与変更 = Expense reimbursement and payroll changes | 島田奈々 = Nana Shimada | 接待交際費 = Entertainment expenses | 118,189円 = 118,189 yen | 調怪 = Tokai | 未処理 = Unprocessed | 勤怠・休暇申請 = Attendance and leave application | 上野大樹 = Daiki Ueno | 研修費 = Training expenses | 55,571円 = 55,571 yen | 定常 = Steady state | 未処理 = Unprocessed | ● 入社手続き = ● Onboarding procedures | 上野大樹 = Daiki Ueno | 消耗品費 = Consumables cost | 10,712円 = 10,712 yen | 定常 = Steady state | 未处理 = unresolved | ●福利厚生申請 = ● Application for employee benefits | ● 住民税・その他 = ● Resident tax and other taxes | 坂本裕二 = Yuji Sakamoto | 残業手当調整 = Overtime pay adjustment | 11,563円 = 11,563 yen | 未处理 = unresolved | 石田美奈 = Ishida Mina | 役職手当新設 = New position-based allowance established. | 25,158円 = 25,158 yen | 定常 = Steady state | 未处理 = unresolved | 江口さくら = Sakura Eguchi | 扶養控除変更 = Change in dependent deduction | 定常 = Steady state | 未処理 = Unprocessed | 河野明日香 = Asuka Kono | 异給 = alienation | 8,634円 = 8,634 yen | 定常 = Steady state | 未処理 = Unprocessed | 桐島凉介 = Ryosuke Kirishima | 扶養控除変更 = Change in dependent deduction | 定常 = Steady state | 未处理 = unresolved | 遠山健一 = Kenichi Toyama | 扶養控除変更 = Change in dependent deduction | 定常 = Steady state | 未处理 = unresolved | 青木拓也 = Takuya Aoki | 异給 = alienation | 8,634円 = 8,634 yen | 定常 = Steady state | 未処理 = Unprocessed | 河野明日香 = Asuka Kono | 扶養控除変更 = Change in dependent deduction | 定常 = Steady state | 未处理 = unresolved | 遠山健一 = Kenichi Toyama | 役職手当廃止 = Abolition of position allowances | 16,424円 = 16,424 yen | 定常 = Steady state | 未处理 = unresolved | 江口さくら = ","HR (Human Resources and Payroll) System aaA rate human resources HR (Human Resources and Payroll) System FY2026・Human Resources Department Field Human resources operations Rie Kikuchi Business trip expenses 62,810 yen ● Dashboard Rie Kikuchi Business trip expenses 51,895 yen Kita City Expense reimbursement and payroll changes Nana Shimada Entertainment expenses 118,189 yen Tokai Unprocessed Attendance and leave application Daiki Ueno Training expenses 55,571 yen Steady state Unprocessed ● Onboarding procedures Daiki Ueno Consumables cost 10,712 yen Steady state unresolved ● Application for employee benefits ● Resident tax and other taxes Yuji Sakamoto Overtime pay adjustment 11,563 yen unresolved Ishida Mina New position-based allowance established. 25,158 yen Steady state unresolved Sakura Eguchi Change in dependent deduction Steady state Unprocessed Asuka Kono alienation 8,634 yen Steady state Unprocessed Ryosuke Kirishima Change in dependent deduction Steady state unresolved Kenichi Toyama Change in dependent deduction Steady state unresolved Takuya Aoki alienation 8,634 yen Steady state Unprocessed Asuka Kono Change in dependent deduction Steady state unresolved Kenichi Toyama Abolition of position allowances 16,424 yen Steady state unresolved Sakura Eguchi Abolition of position allowances 16,424 yen Steady state Unprocessed Asuka Kono Salary increase 8,634 yen Steady state Unprocessed Ayako Takeuchi New position-based allowance established. 25,158 yen Steady state P1-07046967-006: Registration confirmed.",/payroll-items,department | resident tax | attendance,unprocessed,Notepad/text | Word/document,word_assisted,0.9510148041364219
pi,dependent_deduction,ses_20260701-190250-NEELA9BAF::17,ses_20260701-190250-NEELA9BAF,"HR人事給与システム = HR (Human Resources and Payroll) System | aあ A☆ = aa A☆ | 串 = skewer | 人事 = human resources | HR人事給与システム = HR (Human Resources and Payroll) System | 2026年度·人事部門 = FY2026・Human Resources Department | 田 = Field | 人事業務 = Human resources operations | 青木拓也 = Takuya Aoki | 昇給 = Salary increase | 8,634円 = 8,634 yen | ● ダッシュボード = ● Dashboard | 河野明日香 = Asuka Kono | 扶養控除変更 = Change in dependent deduction | 定常 = Steady state | 未処理 = Unprocessed | 経費精算・給与変更 = Expense reimbursement and payroll changes | 遠山健一 = Kenichi Toyama | 役職手当廃止 = Abolition of position allowances | 16,424円 = 16,424 yen | 定常 = Steady state | 未処理 = Unprocessed | 勤怠・休暇申請 = Attendance and leave application | ● 入社手続き = ● Onboarding procedures | 江口さくら = Sakura Eguchi | 役職手当廃止 = Abolition of position allowances | 16,424円 = 16,424 yen | 定常 = Steady state | 未処理 = Unprocessed | ●福利厚生申請 = ● Application for employee benefits | 河野明日香 = Asuka Kono | 昇給 = Salary increase | 8,634円 = 8,634 yen | 定常 = Steady state | 未処理 = Unprocessed | ● 住民税・その他 = ● Resident tax and other taxes | 竹内彩子 = Ayako Takeuchi | 役職手当新設 = New position-based allowance established. | 25,158円 = 25,158 yen | 定常 = Steady state | 未処理 = Unprocessed | 詳細—P1-07046967-007·青木拓也 = Details—P1-07046967-007・Takuya Aoki | 未処理 = Unprocessed | 管理ID = Management ID | 社員ID = Employee ID | 区分 = classification | 研修費 = Training expenses | 種別 = type | 定常 = Steady state | 金額 = Amount | 33,374円 = 33,374 yen | ステータス = status | 未処理 = Unprocessed | 参照：申請者区分：regular 承認権限：部門長 = Reference: Applicant category: regular Approval authority: Department head | 処理コメント = Processing comments | 処理内容・確認コメントを入力してください… = Please enter the processing details and confirmation comments... | ✓ 登録確定 = ✓ Registration confirmed | ""保留 = &quot;on hold","HR (Human Resources and Payroll) System aa A☆ skewer human resources HR (Human Resources and Payroll) System FY2026・Human Resources Department Field Human resources operations Takuya Aoki Salary increase 8,634 yen ● Dashboard Asuka Kono Change in dependent deduction Steady state Unprocessed Expense reimbursement and payroll changes Kenichi Toyama Abolition of position allowances 16,424 yen Steady state Unprocessed Attendance and leave application ● Onboarding procedures Sakura Eguchi Abolition of position allowances 16,424 yen Steady state Unprocessed ● Application for employee benefits Asuka Kono Salary increase 8,634 yen Steady state Unprocessed ● Resident tax and other taxes Ayako Takeuchi New position-based allowance established. 25,158 yen Steady state Unprocessed Details—P1-07046967-007・Takuya Aoki Unprocessed Management ID Employee ID classification Training expenses type Steady state Amount 33,374 yen status Unprocessed Reference: Applicant category: regular Approval authority: Department head Processing comments Please enter the processing details and confirmation comments... ✓ Registration confirmed &quot;on hold",/payroll-items,employee id | amount | status | processing comment | category | type | department | resident tax | attendance,approve | hold | unprocessed,Notepad/text | Word/document,word_assisted,0.9631666761230339
pi,dependent_deduction,ses_20260701-190250-NEELA9BAF::25,ses_20260701-190250-NEELA9BAF,"HR人事給与システム = HR (Human Resources and Payroll) System | aあ A☆ = aa A☆ | 串 = skewer | 人事 = human resources | HR人事給与システム = HR (Human Resources and Payroll) System | 2026年度·人事部門 = FY2026・Human Resources Department | 田 = Field | 人事業務 = Human resources operations | 清水祥平 = Shohei Shimizu | 研修費 = Training expenses | 25,213円 = 25,213 yen | ● ダッシュボード = ● Dashboard | 清水祥平 = Shohei Shimizu | 交通費精算 = Transportation expense settlement | 24,395円 = 24,395 yen | 定常 = Steady state | 登録済み = Registered | 経費精算・給与変更 = Expense reimbursement and payroll changes | 島田奈々 = Nana Shimada | 消耗品費 = Consumables cost | 6,543円 = 6,543 yen | 定常 = Steady state | 登録済み = Registered | ● 勤怠・休暇申請 = ● Attendance and leave application | ● 入社手続き = ● Onboarding procedures | 菊池理恵 = Rie Kikuchi | 消耗品費 = Consumables cost | 8,691円 = 8,691 yen | 定常 = Steady state | 登録済み = Registered | ●福利厚生申請 = ● Application for employee benefits | 菊池理恵 = Rie Kikuchi | 接待交際費 = Entertainment expenses | 98,018円 = 98,018 yen | 調整 = adjustment | 登録済み = Registered | ● 住民税・その他 = ● Resident tax and other taxes | 遠山健一 = Kenichi Toyama | 消耗品費 = Consumables cost | 17,558円 = 17,558 yen | 定常 = Steady state | 登録済み = Registered | 青木拓也 = Takuya Aoki | 研修費 = Training expenses | 33,374円 = 33,374 yen | 定常 = Steady state | 登録済み = Registered | 菊池理恵 = Rie Kikuchi | 出張旅費 = Business trip expenses | 62,810円 = 62,810 yen | 定常 = Steady state | 登録済み = Registered | 菊池 理恵 = Rie Kikuchi | 出張旅費 = Business trip expenses | 51,895円 = 51,895 yen | 定常 = Steady state | 未処理 = Unprocessed | 島田奈々 = Nana Shimada | 接待交際費 = Entertainment expenses | 118,189円 = 118,189 yen | 調整 = adjustment | 未処理 = Unprocessed | 上野大樹 = Daiki Ueno | 研修費 = Training expenses | 55,571円 = 55,571 yen | 定常 = Steady state | 未処理 = Unprocessed | 上野大樹 = Daiki Ueno | 消耗品費 = Consumables cost | 10,712円 = 10,712 yen | 定常 = Steady state | 未処理 = Unprocessed | 坂本裕二 = Yuji Sakamoto | 残業手当調整 = Overtime pay adjustment | 11,563円 = 11,563 yen | 調整 = adjustment | 未処理 = Unprocessed | 石田 美奈 = Mina Ishida | 役職手当新設 = Ne","HR (Human Resources and Payroll) System aa A☆ skewer human resources HR (Human Resources and Payroll) System FY2026・Human Resources Department Field Human resources operations Shohei Shimizu Training expenses 25,213 yen ● Dashboard Shohei Shimizu Transportation expense settlement 24,395 yen Steady state Registered Expense reimbursement and payroll changes Nana Shimada Consumables cost 6,543 yen Steady state Registered ● Attendance and leave application ● Onboarding procedures Rie Kikuchi Consumables cost 8,691 yen Steady state Registered ● Application for employee benefits Rie Kikuchi Entertainment expenses 98,018 yen adjustment Registered ● Resident tax and other taxes Kenichi Toyama Consumables cost 17,558 yen Steady state Registered Takuya Aoki Training expenses 33,374 yen Steady state Registered Rie Kikuchi Business trip expenses 62,810 yen Steady state Registered Rie Kikuchi Business trip expenses 51,895 yen Steady state Unprocessed Nana Shimada Entertainment expenses 118,189 yen adjustment Unprocessed Daiki Ueno Training expenses 55,571 yen Steady state Unprocessed Daiki Ueno Consumables cost 10,712 yen Steady state Unprocessed Yuji Sakamoto Overtime pay adjustment 11,563 yen adjustment Unprocessed Mina Ishida New position-based allowance established. 25,158 yen Steady state Unprocessed Sakura Eguchi Change in dependent deduction Steady state Unprocessed Asuka Kono Salary increase 8,634 yen Steady state Unprocessed Ryosuke Kirishima Change in dependent deduction Steady state Go to Setti and activate Windows. Kenichi Toyama Change in dependent deduction Steady state Unprocessed
HR (Human Resources and Payroll) System aa A☆ skewer human resources HR (Human Resources and Payroll) System FY2026・Human Resources Department Field Human resources operations Takuya Aoki Salary increase 8,634 yen ● Dashboard Asuka Kono Change in dependent deduction Steady state Unprocessed Expense reimbursement and payroll changes Kenichi Toyama Abolition of position allowances 16,424 y",/payroll-items,employee id | amount | status | processing comment | category | type | department | resident tax | attendance,approve | hold | unprocessed,Notepad/text | Word/document,word_assisted,0.9672151689968828
pi,dependent_deduction,ses_20260701-191537-LAPTOP-76QMG9DE::6,ses_20260701-191537-LAPTOP-76QMG9DE,"精算確認メモ = Settlement confirmation memo | 田A = Field A | 精算確認メモ = Settlement confirmation memo | 経費精算確認済み。費目：出張旅費 = Expense reimbursement confirmed. Expense category: Business trip expenses | 金額：50,639円。規程内であることを確認した。 = Amount: 50,639 yen. Confirmed to be within the regulations. | 首 = neck
HR人事給与システム = HR (Human Resources and Payroll) System | HR人事給与システム = HR (Human Resources and Payroll) System | aあA☆ = aaA☆ | 人事 = human resources | HR人事給与システム = HR (Human Resources and Payroll) System | 2026年度·人事部門 = FY2026・Human Resources Department | 2026/07/02 00:47:58 田中麻里·人事マネージャー = 2026/07/02 00:47:58 Mari Tanaka, Human Resources Manager | 田 = Field | 菊池理思 = Risa Kikuchi | 接待交際賣 = entertainment and entertainment | 115,812円 = 115,812 yen | 調整 = adjustment | 未処理 = Unprocessed | 人事業務 = Human resources operations | 坂本裕二 = Yuji Sakamoto | 研修費 = Training expenses | 37,418円 = 37,418 yen | 定常 = Steady state | 未処理 = Unprocessed | ダッシュボード = Dashboard | 菊池理恵 = Rie Kikuchi | 接待交際費 = Entertainment expenses | 76,286円 = 76,286 yen | 調整 = adjustment | 未処理 = Unprocessed | 経費精算·給与変更 = Expense reimbursement and payroll changes | 勤怠・休暇申請 = Attendance and leave application | 津田将太 = Shota Tsuda | 出張旅費 = Business trip expenses | 73,384円 = 73,384 yen | 定常 = Steady state | 未処理 = Unprocessed | 入社手続き = Onboarding procedures | 河野明日香 = Asuka Kono | 接待交際費 = Entertainment expenses | 81,217円 = 81,217 yen | 調整 = adjustment | 未処理 = Unprocessed | 福利厚生申請 = Employee benefits application | 島田奈々 = Nana Shimada | 役職手当新設 = New position-based allowance established. | 21,819円 = 21,819 yen | 定常 = Steady state | 登録済み = Registered | 住民税・その他 = Resident tax and other taxes | 島田奈々 = Nana Shimada | 役職手当廃止 = Abolition of position allowances | 8,012円 = 8,012 yen | 定常 = Steady state | 登録済み = Registered | 岡田智也 = Tomoya Okada | 役職手当新設 = New position-based allowance established. | 21,819円 = 21,819 yen | 定常 = Steady state | 登録済み = Registered | 岡田智也 = Tomoya Okada | 昇給 = Salary increase | 9,193円 = 9,193 yen | 定常 = Steady state | 未処理 =","Settlement confirmation memo Field A Settlement confirmation memo Expense reimbursement confirmed. Expense category: Business trip expenses Amount: 50,639 yen. Confirmed to be within the regulations. neck
HR (Human Resources and Payroll) System HR (Human Resources and Payroll) System aaA☆ human resources HR (Human Resources and Payroll) System FY2026・Human Resources Department 2026/07/02 00:47:58 Mari Tanaka, Human Resources Manager Field Risa Kikuchi entertainment and entertainment 115,812 yen adjustment Unprocessed Human resources operations Yuji Sakamoto Training expenses 37,418 yen Steady state Unprocessed Dashboard Rie Kikuchi Entertainment expenses 76,286 yen adjustment Unprocessed Expense reimbursement and payroll changes Attendance and leave application Shota Tsuda Business trip expenses 73,384 yen Steady state Unprocessed Onboarding procedures Asuka Kono Entertainment expenses 81,217 yen adjustment Unprocessed Employee benefits application Nana Shimada New position-based allowance established. 21,819 yen Steady state Registered Resident tax and other taxes Nana Shimada Abolition of position allowances 8,012 yen Steady state Registered Tomoya Okada New position-based allowance established. 21,819 yen Steady state Registered Tomoya Okada Salary increase 9,193 yen Steady state Unprocessed Daiki Ueno Change in dependent deduction Steady state Unprocessed Takuya Aoki Salary increase 9,193 yen Steady state Unprocessed Rie Kikuchi Change in dependent deduction Steady state Unprocessed Ayako Takeuchi Salary increase 9,193 yen Steady state Unprocessed Ayako Takeuchi Salary increase 9,193 yen Steady state Unprocessed Rie Kikuchi Salary increase 9,193 yen Steady state Unprocessed Ryosuke Kirishima Change in dependent deduction Steady state Unprocessed Nana Torita New position-based allowance established. 21,819 yen Steady state Unprocessed Self",/payroll-items,amount | category | department | resident tax | attendance,unprocessed,Notepad/text | Word/document,word_assisted,0.9351701042552789
pi,dependent_deduction,ses_20260701-191537-LAPTOP-76QMG9DE::16,ses_20260701-191537-LAPTOP-76QMG9DE,"HR人事給与システム = HR (Human Resources and Payroll) System | HR人事給与システム = HR (Human Resources and Payroll) System | a肺A☆ = a lung A☆ | |车 = |Car | 人事 = human resources | HR人事給与システム = HR (Human Resources and Payroll) System | 2026年度·人事部門 = FY2026・Human Resources Department | 2026/07/02 00:50:18 田中麻里·人事マネージャー = 2026/07/02 00:50:18 Mari Tanaka, Human Resources Manager | 田 = Field | 人事業務 = Human resources operations | 竹内彩子 = Ayako Takeuchi | 昇給 = Salary increase | 9,193円 = 9,193 yen | 定常 = Steady state | 未処理 = Unprocessed | ダッシュボード = Dashboard | 菊池理恵 = Rie Kikuchi | 昇給 = Salary increase | 9,193円 = 9,193 yen | 定常 = Steady state | 未処理 = Unprocessed | 経費精算·給与変更 = Expense reimbursement and payroll changes | 桐島涼介 = Ryosuke Kirishima | 扶養控除変更 = Change in dependent deduction | 定常 = Steady state | 未処理 = Unprocessed | 勤怠・休暇申請 = Attendance and leave application | 入社手続き = Onboarding procedures | 島田奈々 = Nana Shimada | 役職手当新設 = New position-based allowance established. | 21,819円 = 21,819 yen | 定常 = Steady state | 未処理 = Unprocessed | 福利厚生申請 = Employee benefits application | 詳細—P4-07089737-006·青木拓也 = Details—P4-07089737-006・Takuya Aoki | 住民税・その他 = Resident tax and other taxes | 未処理 = Unprocessed | 管理ID = Management ID | 社員ID = Employee ID | 区分 = classification | 昇給 = Salary increase | 種別 = type | 定常 = Steady state | 金額 = Amount | 9,193円 = 9,193 yen | ステータス = status | 未処理 = Unprocessed | 参照：変更種別：昇給 遡及：なし = Reference: Change type: Salary increase Retroactive: None | 処理コメント = Processing comments | 処理内容・確認コメントを入力してください… = Please enter the processing details and confirmation comments... | ✓ 登録確定 = ✓ Registration confirmed | 保留 = on hold | 自 = Self","HR (Human Resources and Payroll) System HR (Human Resources and Payroll) System a lung A☆ |Car human resources HR (Human Resources and Payroll) System FY2026・Human Resources Department 2026/07/02 00:50:18 Mari Tanaka, Human Resources Manager Field Human resources operations Ayako Takeuchi Salary increase 9,193 yen Steady state Unprocessed Dashboard Rie Kikuchi Salary increase 9,193 yen Steady state Unprocessed Expense reimbursement and payroll changes Ryosuke Kirishima Change in dependent deduction Steady state Unprocessed Attendance and leave application Onboarding procedures Nana Shimada New position-based allowance established. 21,819 yen Steady state Unprocessed Employee benefits application Details—P4-07089737-006・Takuya Aoki Resident tax and other taxes Unprocessed Management ID Employee ID classification Salary increase type Steady state Amount 9,193 yen status Unprocessed Reference: Change type: Salary increase Retroactive: None Processing comments Please enter the processing details and confirmation comments... ✓ Registration confirmed on hold Self",/payroll-items,employee id | amount | status | processing comment | type | department | resident tax | attendance,hold | unprocessed,Notepad/text | Word/document,word_assisted,0.956998024135828
pi,dependent_deduction,ses_20260701-191537-LAPTOP-76QMG9DE::19,ses_20260701-191537-LAPTOP-76QMG9DE,"HR人事給与システム = HR (Human Resources and Payroll) System | HR人事給与システム = HR (Human Resources and Payroll) System | a肺A☆ = a lung A☆ | |车 = |Car | 人事 = human resources | HR人事給与システム = HR (Human Resources and Payroll) System | 2026年度·人事部門 = FY2026・Human Resources Department | 2026/07/02 00:50:31 田中麻里·人事マネージャー = 2026/07/02 00:50:31 Mari Tanaka, Human Resources Manager | 田 = Field | 人事業務 = Human resources operations | 竹内彩子 = Ayako Takeuchi | 昇給 = Salary increase | 9,193円 = 9,193 yen | 定常 = Steady state | 未処理 = Unprocessed | ダッシュボード = Dashboard | 菊池理恵 = Rie Kikuchi | 昇給 = Salary increase | 9,193円 = 9,193 yen | 定常 = Steady state | 未処理 = Unprocessed | 経費精算·給与変更 = Expense reimbursement and payroll changes | 桐島涼介 = Ryosuke Kirishima | 扶養控除変更 = Change in dependent deduction | 定常 = Steady state | 未処理 = Unprocessed | 勤怠・休暇申請 = Attendance and leave application | 入社手続き = Onboarding procedures | 島田奈々 = Nana Shimada | 役職手当新設 = New position-based allowance established. | 21,819円 = 21,819 yen | 定常 = Steady state | 未処理 = Unprocessed | 福利厚生申請 = Employee benefits application | 詳細—P4-07089737-007·菊池理恵 = Details—P4-07089737-007 · Rie Kikuchi | 住民税・その他 = Resident tax and other taxes | 未処理 = Unprocessed | 管理ID = Management ID | 社員ID = Employee ID | 区分 = classification | 扶養控除変更 = Change in dependent deduction | 種別 = type | 定常 = Steady state | 金額 = Amount | 対象外 = Not applicable | ステータス = status | 未処理 = Unprocessed | 参照：変更種別：扶養控除変更遡及：なし = Reference: Change type: Dependent deduction change Retroactive: None | 処理コメント = Processing comments | 処理内容・確認コメントを入力してください… = Please enter the processing details and confirmation comments... | ✓ 登録確定 = ✓ Registration confirmed | 保留 = on hold | 自 = Self
HR人事給与システム = HR (Human Resources and Payroll) System | HR人事給与システム = HR (Human Resources and Payroll) System | aあA☆ = aaA☆ | 人事 = human resources | HR人事給与システム = HR (Human Resources and Payroll) System | 2026年度·人事部門 = FY2026・Human Resources Department | 2026/07/02 00:50:38 田中麻里·人事マネージャー = 2026/07/02 00:50:38 Mari Tanak","HR (Human Resources and Payroll) System HR (Human Resources and Payroll) System a lung A☆ |Car human resources HR (Human Resources and Payroll) System FY2026・Human Resources Department 2026/07/02 00:50:31 Mari Tanaka, Human Resources Manager Field Human resources operations Ayako Takeuchi Salary increase 9,193 yen Steady state Unprocessed Dashboard Rie Kikuchi Salary increase 9,193 yen Steady state Unprocessed Expense reimbursement and payroll changes Ryosuke Kirishima Change in dependent deduction Steady state Unprocessed Attendance and leave application Onboarding procedures Nana Shimada New position-based allowance established. 21,819 yen Steady state Unprocessed Employee benefits application Details—P4-07089737-007 · Rie Kikuchi Resident tax and other taxes Unprocessed Management ID Employee ID classification Change in dependent deduction type Steady state Amount Not applicable status Unprocessed Reference: Change type: Dependent deduction change Retroactive: None Processing comments Please enter the processing details and confirmation comments... ✓ Registration confirmed on hold Self
HR (Human Resources and Payroll) System HR (Human Resources and Payroll) System aaA☆ human resources HR (Human Resources and Payroll) System FY2026・Human Resources Department 2026/07/02 00:50:38 Mari Tanaka, Human Resources Manager Field Human resources operations Rie Kikuchi Entertainment expenses 76,286 yen adjustment Unprocessed Dashboard Shota Tsuda Business trip expenses 73,384 yen Steady state Unprocessed Expense reimbursement and payroll changes Asuka Kono Entertainment expenses 81,217 yen adjustment Unprocessed Attendance and leave application Nana Shimada New position-based allowance established. 21,819 yen Steady state Registered Onboarding procedures Employee benefits application Nana Shimada Abolition of position allowances 8,012 yen Steady state Registered Resident tax and other taxes Tomoya Okada New position-based allowance established. 21,819 yen Steady state Regist",/payroll-items,employee id | amount | status | processing comment | type | department | resident tax | attendance,hold | unprocessed,Notepad/text | Word/document,word_assisted,0.9660983164082555
pi,dependent_deduction,ses_20260701-191537-LAPTOP-76QMG9DE::20,ses_20260701-191537-LAPTOP-76QMG9DE,"HR人事給与システム = HR (Human Resources and Payroll) System | HR人事給与システム = HR (Human Resources and Payroll) System | aあA☆ = aaA☆ | 人事 = human resources | HR人事給与システム = HR (Human Resources and Payroll) System | 2026年度·人事部門 = FY2026・Human Resources Department | 2026/07/0200:50:43 田中麻里·人事マネージャー = 2026/07/02 00:50:43 Mari Tanaka, Human Resources Manager | 田 = Field | 人事業務 = Human resources operations | 菊池理恵 = Rie Kikuchi | 接待交際費 = Entertainment expenses | 76,286円 = 76,286 yen | 调整 = Adjustment | 未処理 = Unprocessed | ダッシュボード = Dashboard | 津田 将太 = Shota Tsuda | 出張旅費 = Business trip expenses | 73,384円 = 73,384 yen | 定常 = Steady state | 未処理 = Unprocessed | 経費精算·給与変更 = Expense reimbursement and payroll changes | 河野明日香 = Asuka Kono | 接待交際費 = Entertainment expenses | 81,217円 = 81,217 yen | 调整 = Adjustment | 未処理 = Unprocessed | 勤怠・休暇申請 = Attendance and leave application | 島田奈々 = Nana Shimada | 役職手当新設 = New position-based allowance established. | 21,819円 = 21,819 yen | 定常 = Steady state | 登録済み = Registered | 入社手続き = Onboarding procedures | 福利厚生申請 = Employee benefits application | 島田奈々 = Nana Shimada | 役職手当鹿止 = Position allowance | 8,012円 = 8,012 yen | 定常 = Steady state | 登録済み = Registered | ● 住民税・その他 = ● Resident tax and other taxes | 岡田智也 = Tomoya Okada | 役職手当新設 = New position-based allowance established. | 21,819円 = 21,819 yen | 定常 = Steady state | 登録済み = Registered | 岡田智也 = Tomoya Okada | 异給 = alienation | 9,193円 = 9,193 yen | 定常 = Steady state | 登錄済み = Registered | 上野大樹 = Daiki Ueno | 扶簧控除変更 = Change in dependent deduction | 定常 = Steady state | 登録済み = Registered | 青木拓也 = Takuya Aoki | 异給 = alienation | 9,193円 = 9,193 yen | 定常 = Steady state | 登錄済み = Registered | 菊池理恵 = Rie Kikuchi | 扶簧控除変更 = Change in dependent deduction | 定常 = Steady state | 登録済み = Registered | 竹内彩子 = Ayako Takeuchi | 异給 = alienation | 9,193円 = 9,193 yen | 定常 = Steady state | 登錄済み = Registered | 竹内彩子 = Ayako Takeuchi | 异給 = alienation | 9,193円 = 9,193 yen | 定常 = Steady state | 未処理 = Unprocessed | 菊池理恵 = Rie Kikuchi ","HR (Human Resources and Payroll) System HR (Human Resources and Payroll) System aaA☆ human resources HR (Human Resources and Payroll) System FY2026・Human Resources Department 2026/07/02 00:50:43 Mari Tanaka, Human Resources Manager Field Human resources operations Rie Kikuchi Entertainment expenses 76,286 yen Adjustment Unprocessed Dashboard Shota Tsuda Business trip expenses 73,384 yen Steady state Unprocessed Expense reimbursement and payroll changes Asuka Kono Entertainment expenses 81,217 yen Adjustment Unprocessed Attendance and leave application Nana Shimada New position-based allowance established. 21,819 yen Steady state Registered Onboarding procedures Employee benefits application Nana Shimada Position allowance 8,012 yen Steady state Registered ● Resident tax and other taxes Tomoya Okada New position-based allowance established. 21,819 yen Steady state Registered Tomoya Okada alienation 9,193 yen Steady state Registered Daiki Ueno Change in dependent deduction Steady state Registered Takuya Aoki alienation 9,193 yen Steady state Registered Rie Kikuchi Change in dependent deduction Steady state Registered Ayako Takeuchi alienation 9,193 yen Steady state Registered Ayako Takeuchi alienation 9,193 yen Steady state Unprocessed Rie Kikuchi alienation 9,193 yen Steady state Unprocessed Ryosuke Kirishima Change in dependent deduction Steady state Unprocessed Nana Shimada New position-based allowance established. 21,819 yen Steady state Unprocessed P4-07089737-008: Registration confirmed. Self
HR (Human Resources and Payroll) System HR (Human Resources and Payroll) System aaA☆ human resources HR (Human Resources and Payroll) System FY2026・Human Resources Department 2026/07/02 00:50:49 Mari Tanaka, Human Resources Manager Field Human resources operations Rie Kikuchi Entertainment expenses 76,286 yen adjustment Unprocessed Dashboard Shota Tsuda Business trip expenses 73,384 yen Steady state Unprocessed Expense reimbursement and payroll changes Asuka Kono Entertainm",/payroll-items,department | resident tax | attendance,unprocessed,Notepad/text | Word/document,word_assisted,0.9662217255567775
pi,dependent_deduction,ses_20260701-191537-LAPTOP-76QMG9DE::21,ses_20260701-191537-LAPTOP-76QMG9DE,"HR人事給与システム = HR (Human Resources and Payroll) System | HR人事給与システム = HR (Human Resources and Payroll) System | aあA☆ = aaA☆ | 人事 = human resources | HR人事給与システム = HR (Human Resources and Payroll) System | 2026年度·人事部門 = FY2026・Human Resources Department | 2026/07/02 00:51:00 田中麻里·人事マネージャー = 2026/07/02 00:51:00 Mari Tanaka, Human Resources Manager | 田 = Field | 人事業務 = Human resources operations | 竹内彩子 = Ayako Takeuchi | 昇給 = Salary increase | 9,193円 = 9,193 yen | 定常 = Steady state | 登録済み = Registered | ダッシュボード = Dashboard | 菊池理恵 = Rie Kikuchi | 昇給 = Salary increase | 9,193円 = 9,193 yen | 定常 = Steady state | 未処理 = Unprocessed | 経費精算·給与変更 = Expense reimbursement and payroll changes | 勤怠·休暇申請 = Attendance and leave application | 桐島凉介 = Ryosuke Kirishima | 扶養控除変更 = Change in dependent deduction | 定常 = Steady state | 未処理 = Unprocessed | 入社手続き = Onboarding procedures | 島田奈々 = Nana Shimada | 役職手当新設 = New position-based allowance established. | 21,819円 = 21,819 yen | 定常 = Steady state | 未処理 = Unprocessed | 福利厚生申請 = Employee benefits application | 詳細—P4-07089737-010·菊池理恵 = Details—P4-07089737-010 · Rie Kikuchi | 住民税・その他 = Resident tax and other taxes | 未処理 = Unprocessed | 管理ID = Management ID | 社員ID = Employee ID | 区分 = classification | 昇給 = Salary increase | 種別 = type | 定常 = Steady state | 金額 = Amount | 9,193円 = 9,193 yen | ステータス = status | 未処理 = Unprocessed | 参照：変更種別：昇給 遡及：なし = Reference: Change type: Salary increase Retroactive: None | 処理コメント = Processing comments | 処理内容・確認コメントを入力してください… = Please enter the processing details and confirmation comments... | ✓ 登録確定 = ✓ Registration confirmed | 保留 = on hold | 自 = Self | 小 = small
HR人事給与システム = HR (Human Resources and Payroll) System | HR人事給与システム = HR (Human Resources and Payroll) System | aあA☆ = aaA☆ | 人事 = human resources | HR人事給与システム = HR (Human Resources and Payroll) System | 2026年度·人事部門 = FY2026・Human Resources Department | 2026/07/02 00:51:10 田中麻里·人事マネージャー = 2026/07/02 00:51:10 Mari Tanaka, Human Resources Manager | 田 = Field ","HR (Human Resources and Payroll) System HR (Human Resources and Payroll) System aaA☆ human resources HR (Human Resources and Payroll) System FY2026・Human Resources Department 2026/07/02 00:51:00 Mari Tanaka, Human Resources Manager Field Human resources operations Ayako Takeuchi Salary increase 9,193 yen Steady state Registered Dashboard Rie Kikuchi Salary increase 9,193 yen Steady state Unprocessed Expense reimbursement and payroll changes Attendance and leave application Ryosuke Kirishima Change in dependent deduction Steady state Unprocessed Onboarding procedures Nana Shimada New position-based allowance established. 21,819 yen Steady state Unprocessed Employee benefits application Details—P4-07089737-010 · Rie Kikuchi Resident tax and other taxes Unprocessed Management ID Employee ID classification Salary increase type Steady state Amount 9,193 yen status Unprocessed Reference: Change type: Salary increase Retroactive: None Processing comments Please enter the processing details and confirmation comments... ✓ Registration confirmed on hold Self small
HR (Human Resources and Payroll) System HR (Human Resources and Payroll) System aaA☆ human resources HR (Human Resources and Payroll) System FY2026・Human Resources Department 2026/07/02 00:51:10 Mari Tanaka, Human Resources Manager Field Human resources operations Ayako Takeuchi Salary increase 9,193 yen Steady state Registered Dashboard Rie Kikuchi Salary increase 9,193 yen Steady state Registered Expense reimbursement and payroll changes Attendance and leave application Ryosuke Kirishima Change in dependent deduction Steady state Unprocessed Onboarding procedures Nana Shimada New position-based allowance established. 21,819 yen Steady state Unprocessed Employee benefits application Details—P4-07089737-011 · Ryosuke Kirishima Resident tax and other taxes Unprocessed Management ID Employee ID classification Change in dependent deduction type Steady state Amount Not applicable status Unprocessed Reference: Change typ",/payroll-items,employee id | amount | status | processing comment | type | department | resident tax | attendance,hold | unprocessed,Notepad/text | Word/document,word_assisted,0.962188385684549
pi,dependent_deduction,ses_20260701-192455-NEELA9BAF::4,ses_20260701-192455-NEELA9BAF,"HR人事給与システム = HR (Human Resources and Payroll) System | aあ A☆ = aa A☆ | 人事 = human resources | HR人事給与システム = HR (Human Resources and Payroll) System | 2026年度·人事部門 = FY2026・Human Resources Department | 田 = Field | 白不几口点 = Shirofuringuchi point | 人事業務 = Human resources operations | 河野明日香 = Asuka Kono | 消耗品費 = Consumables cost | 22,045円 = 22,045 yen | ● ダッシュボード = ● Dashboard | 菊池理恵 = Rie Kikuchi | 出張旅費 = Business trip expenses | 26,271円 = 26,271 yen | 定常 = Steady state | 未処理 = Unprocessed | 経費精算・給与変更 = Expense reimbursement and payroll changes | 島田奈々 = Nana Shimada | 研修費 = Training expenses | 26,156円 = 26,156 yen | 定常 = Steady state | 未処理 = Unprocessed | ● 勤怠・休暇申請 = ● Attendance and leave application | ● 入社手続き = ● Onboarding procedures | 江口さくら = Sakura Eguchi | 接待交際費 = Entertainment expenses | 87,288円 = 87,288 yen | 調整 = adjustment | 未処理 = Unprocessed | ●福利厚生申請 = ● Application for employee benefits | 島田奈々 = Nana Shimada | 接待交際費 = Entertainment expenses | 110,668円 = 110,668 yen | 調整 = adjustment | 未処理 = Unprocessed | ● 住民税・その他 = ● Resident tax and other taxes | 寺本真由 = Mayu Teramoto | 消耗品費 = Consumables cost | 10,830円 = 10,830 yen | 定常 = Steady state | 未処理 = Unprocessed | 河野明日香 = Asuka Kono | 接待交際費 = Entertainment expenses | 115,761円 = 115,761 yen | 調整 = adjustment | 未処理 = Unprocessed | 江口さくら = Sakura Eguchi | 交通費精算 = Transportation expense settlement | 13,691円 = 13,691 yen | 定常 = Steady state | 未処理 = Unprocessed | 青木拓也 = Takuya Aoki | 扶養控除変更 = Change in dependent deduction | 定常 = Steady state | 未処理 = Unprocessed | 岡田智也 = Tomoya Okada | 昇給 = Salary increase | 20,263円 = 20,263 yen | 定常 = Steady state | 未処理 = Unprocessed | 島田奈々 = Nana Shimada | 役職手当新設 = New position-based allowance established. | 47,909円 = 47,909 yen | 定常 = Steady state | 未処理 = Unprocessed | 江口さくら = Sakura Eguchi | 役職手当新設 = New position-based allowance established. | 47,909円 = 47,909 yen | 定常 = Steady state | 未処理 = Unprocessed | 岡田智也 = Tomoya Okada | 役職手当廃止 = Abolition of position allowances | 9,578円 = 9,578","HR (Human Resources and Payroll) System aa A☆ human resources HR (Human Resources and Payroll) System FY2026・Human Resources Department Field Shirofuringuchi point Human resources operations Asuka Kono Consumables cost 22,045 yen ● Dashboard Rie Kikuchi Business trip expenses 26,271 yen Steady state Unprocessed Expense reimbursement and payroll changes Nana Shimada Training expenses 26,156 yen Steady state Unprocessed ● Attendance and leave application ● Onboarding procedures Sakura Eguchi Entertainment expenses 87,288 yen adjustment Unprocessed ● Application for employee benefits Nana Shimada Entertainment expenses 110,668 yen adjustment Unprocessed ● Resident tax and other taxes Mayu Teramoto Consumables cost 10,830 yen Steady state Unprocessed Asuka Kono Entertainment expenses 115,761 yen adjustment Unprocessed Sakura Eguchi Transportation expense settlement 13,691 yen Steady state Unprocessed Takuya Aoki Change in dependent deduction Steady state Unprocessed Tomoya Okada Salary increase 20,263 yen Steady state Unprocessed Nana Shimada New position-based allowance established. 47,909 yen Steady state Unprocessed Sakura Eguchi New position-based allowance established. 47,909 yen Steady state Unprocessed Tomoya Okada Abolition of position allowances 9,578 yen Steady state Unprocessed Asuka Kono New position-based allowance established. 47,909 yen Steady state Unprocessed Ishida Mina Overtime pay adjustment 9,895 yen adjustment Unprocessed Sakura Eguchi Change in dependent deduction Steady state Unprocessed Ryosuke Kirishima New position-based allowance established. 47,909 yen Steady state White M large L Residual industrial base details
HR (Human Resources and Payroll) System aa A☆ human resources HR (Human Resources and Payroll) System FY2026・Human Resources Department Field Human resources operations Mina Ishida Overtime pay adjustment 9,895 yen ● Dashboard Sakura Eguchi Change in dependent deduction Steady state Unprocessed Expense reimbursement and payroll chan",,employee id | amount | status | processing comment | type | department | resident tax | attendance,hold | unprocessed,Notepad/text,notepad_assisted,0.9659945937450901
pi,dependent_deduction,ses_20260701-192455-NEELA9BAF::5,ses_20260701-192455-NEELA9BAF,"HR人事給与システム = HR (Human Resources and Payroll) System | aあ A☆ = aa A☆ | 人事 = human resources | HR人事給与システム = HR (Human Resources and Payroll) System | 2026年度·人事部門 = FY2026・Human Resources Department | 田 = Field | 江口さくら = Sakura Eguchi | 接待交際費 = Entertainment expenses | 87,288円 = 87,288 yen | 人事業務 = Human resources operations | ● ダッシュボード = ● Dashboard | 島田奈々 = Nana Shimada | 接待交際費 = Entertainment expenses | 110,668円 = 110,668 yen | 経費精算・給与変更 = Expense reimbursement and payroll changes | 寺本 真由 = Mayu Teramoto | 消耗品費 = Consumables cost | 10,830円 = 10,830 yen | 定常 = Steady state | 未処理 = Unprocessed | ● 勤怠・休暇申請 = ● Attendance and leave application | 河野明日香 = Asuka Kono | 接待交際費 = Entertainment expenses | 115,761円 = 115,761 yen | 調整 = adjustment | 未処理 = Unprocessed | ● 入社手続き = ● Onboarding procedures | 江口さくら = Sakura Eguchi | 交通費精算 = Transportation expense settlement | 13,691円 = 13,691 yen | 定常 = Steady state | 未処理 = Unprocessed | ●福利厚生申請 = ● Application for employee benefits | 青木拓也 = Takuya Aoki | 扶養控除変更 = Change in dependent deduction | 定常 = Steady state | 登録済み = Registered | ● 住民税・その他 = ● Resident tax and other taxes | 岡田智也 = Tomoya Okada | 昇給 = Salary increase | 20,263円 = 20,263 yen | 定常 = Steady state | 登録済み = Registered | 島田奈々 = Nana Shimada | 役職手当新設 = New position-based allowance established. | 47,909円 = 47,909 yen | 定常 = Steady state | 未処理 = Unprocessed | 江口さくら = Sakura Eguchi | 役職手当新設 = New position-based allowance established. | 47,909円 = 47,909 yen | 定常 = Steady state | 未処理 = Unprocessed | 岡田智也 = Tomoya Okada | 役職手当廃止 = Abolition of position allowances | 9,578円 = 9,578 yen | 定常 = Steady state | 未処理 = Unprocessed | 河野明日香 = Asuka Kono | 役職手当新設 = New position-based allowance established. | 47,909円 = 47,909 yen | 定常 = Steady state | 未処理 = Unprocessed | 石田美奈 = Ishida Mina | 残業手当調整 = Overtime pay adjustment | 9,895円 = 9,895 yen | 調整 = adjustment | 未処理 = Unprocessed | 江口さくら = Sakura Eguchi | 扶養控除変更 = Change in dependent deduction | 定常 = Steady state | 未処理 = Unprocessed | ","HR (Human Resources and Payroll) System aa A☆ human resources HR (Human Resources and Payroll) System FY2026・Human Resources Department Field Sakura Eguchi Entertainment expenses 87,288 yen Human resources operations ● Dashboard Nana Shimada Entertainment expenses 110,668 yen Expense reimbursement and payroll changes Mayu Teramoto Consumables cost 10,830 yen Steady state Unprocessed ● Attendance and leave application Asuka Kono Entertainment expenses 115,761 yen adjustment Unprocessed ● Onboarding procedures Sakura Eguchi Transportation expense settlement 13,691 yen Steady state Unprocessed ● Application for employee benefits Takuya Aoki Change in dependent deduction Steady state Registered ● Resident tax and other taxes Tomoya Okada Salary increase 20,263 yen Steady state Registered Nana Shimada New position-based allowance established. 47,909 yen Steady state Unprocessed Sakura Eguchi New position-based allowance established. 47,909 yen Steady state Unprocessed Tomoya Okada Abolition of position allowances 9,578 yen Steady state Unprocessed Asuka Kono New position-based allowance established. 47,909 yen Steady state Unprocessed Ishida Mina Overtime pay adjustment 9,895 yen adjustment Unprocessed Sakura Eguchi Change in dependent deduction Steady state Unprocessed Ryosuke Kirishima New position-based allowance established. 47,909 yen Steady state Unprocessed Nana Shimada Overtime pay adjustment 9,895 yen adjustment Unprocessed Ayako Takeuchi Change in dependent deduction Steady state Unprocessed Daiki Ueno Overtime pay adjustment 9,895 yen adjustment",,department | resident tax | attendance,unprocessed,Notepad/text,notepad_assisted,0.9836210086941719
pi,dependent_deduction,ses_20260701-192455-NEELA9BAF::17,ses_20260701-192455-NEELA9BAF,"HR人事給与システム = HR (Human Resources and Payroll) System | aあ A☆ = aa A☆ | 人事 = human resources | HR人事給与システム = HR (Human Resources and Payroll) System | 2026年度·人事部門 = FY2026・Human Resources Department | 田 = Field | 人事業務 = Human resources operations | 石田美奈 = Ishida Mina | 残業手当調整 = Overtime pay adjustment | 9,895円 = 9,895 yen | ● ダッシュボード = ● Dashboard | 江口さくら = Sakura Eguchi | 扶養控除変更 = Change in dependent deduction | 定常 = Steady state | 未処理 = Unprocessed | 経費精算·給与変更 = Expense reimbursement and payroll changes | 桐島涼介 = Ryosuke Kirishima | 役職手当新設 = New position-based allowance established. | 47,909円 = 47,909 yen | 定常 = Steady state | 未処理 = Unprocessed | ●勤怠・休暇申請 = ● Attendance and leave application | ● 入社手続き = ● Onboarding procedures | 島田奈々 = Nana Shimada | 残業手当調整 = Overtime pay adjustment | 9,895円 = 9,895 yen | 調整 = adjustment | 未処理 = Unprocessed | ●福利厚生申請 = ● Application for employee benefits | 竹内彩子 = Ayako Takeuchi | 扶養控除変更 = Change in dependent deduction | 定常 = Steady state | 未処理 = Unprocessed | ● 住民税・その他 = ● Resident tax and other taxes | 上野大樹 = Daiki Ueno | 残業手当調整 = Overtime pay adjustment | 9,895円 = 9,895 yen | 調整 = adjustment | 未処理 = Unprocessed | 詳細—P1-07040532-002·島田 奈々 = Details—P1-07040532-002 · Nana Shimada | 未処理 = Unprocessed | 管理ID = Management ID | 社員ID = Employee ID | 区分 = classification | 交通費精算 = Transportation expense settlement | 種別 = type | 定常 = Steady state | 金額 = Amount | 17,019円 = 17,019 yen | ステータス = status | 未処理 = Unprocessed | 参照：申請者区分：regular 承認権限：人事担当 = Reference: Applicant category: regular Approval authority: Human Resources | 処理コメント = Processing comments | 経費精算確認済み。費目：交通費精算 = Expense reimbursement confirmed. Expense item: Transportation expenses. | 金額：17,019円。規程内であることを確認した。 = Amount: 17,019 yen. Confirmed to be within the regulations. | ✓ 登録確定 = ✓ Registration confirmed | ""保留 = &quot;on hold","HR (Human Resources and Payroll) System aa A☆ human resources HR (Human Resources and Payroll) System FY2026・Human Resources Department Field Human resources operations Ishida Mina Overtime pay adjustment 9,895 yen ● Dashboard Sakura Eguchi Change in dependent deduction Steady state Unprocessed Expense reimbursement and payroll changes Ryosuke Kirishima New position-based allowance established. 47,909 yen Steady state Unprocessed ● Attendance and leave application ● Onboarding procedures Nana Shimada Overtime pay adjustment 9,895 yen adjustment Unprocessed ● Application for employee benefits Ayako Takeuchi Change in dependent deduction Steady state Unprocessed ● Resident tax and other taxes Daiki Ueno Overtime pay adjustment 9,895 yen adjustment Unprocessed Details—P1-07040532-002 · Nana Shimada Unprocessed Management ID Employee ID classification Transportation expense settlement type Steady state Amount 17,019 yen status Unprocessed Reference: Applicant category: regular Approval authority: Human Resources Processing comments Expense reimbursement confirmed. Expense item: Transportation expenses. Amount: 17,019 yen. Confirmed to be within the regulations. ✓ Registration confirmed &quot;on hold",,employee id | amount | status | processing comment | category | type | department | resident tax | attendance,approve | hold | unprocessed,Notepad/text | Word/document,word_assisted,0.9737146654348264
pi,dependent_deduction,ses_20260701-192455-NEELA9BAF::40,ses_20260701-192455-NEELA9BAF,"HR人事給与システム = HR (Human Resources and Payroll) System | aあ A☆ = aa A☆ | 人事 = human resources | HR人事給与システム = HR (Human Resources and Payroll) System | 2026年度·人事部門 = FY2026・Human Resources Department | 田 = Field | 人事業務 = Human resources operations | 津田将太 = Shota Tsuda | 研修費 = Training expenses | 51,533円 = 51,533 yen | ● ダッシュボード = ● Dashboard | 島田奈々 = Nana Shimada | 交通費精算 = Transportation expense settlement | 17,019円 = 17,019 yen | 定常 = Steady state | 登録済み = Registered | 経費精算・給与変更 = Expense reimbursement and payroll changes | 青木拓也 = Takuya Aoki | 出張旅費 = Business trip expenses | 79,280円 = 79,280 yen | 定常 = Steady state | 登録済み = Registered | ● 勤怠・休暇申請 = ● Attendance and leave application | 江口さくら = Sakura Eguchi | 消耗品費 = Consumables cost | 5,638円 = 5,638 yen | 定常 = Steady state | ● 入社手続き = ● Onboarding procedures | 登録済み = Registered | ●福利厚生申請 = ● Application for employee benefits | 河野明日香 = Asuka Kono | 消耗品費 = Consumables cost | 22,045円 = 22,045 yen | 定常 = Steady state | 登録済み = Registered | ● 住民税・その他 = ● Resident tax and other taxes | 菊池理恵 = Rie Kikuchi | 出張旅費 = Business trip expenses | 26,271円 = 26,271 yen | 定常 = Steady state | 登録済み = Registered | 島田奈々 = Nana Shimada | 研修費 = Training expenses | 26,156円 = 26,156 yen | 定常 = Steady state | 登録済み = Registered | 江口さくら = Sakura Eguchi | 接待交際費 = Entertainment expenses | 87,288円 = 87,288 yen | 調整 = adjustment | 登録済み = Registered | 島田奈々 = Nana Shimada | 接待交際費 = Entertainment expenses | 110,668円 = 110,668 yen | 調整 = adjustment | 未処理 = Unprocessed | 寺本真由 = Mayu Teramoto | 消耗品費 = Consumables cost | 10,830円 = 10,830 yen | 定常 = Steady state | 未処理 = Unprocessed | 河野明日香 = Asuka Kono | 接待交際費 = Entertainment expenses | 115,761円 = 115,761 yen | 調整 = adjustment | 未処理 = Unprocessed | 江口さくら = Sakura Eguchi | 交通費精算 = Transportation expense settlement | 13,691円 = 13,691 yen | 定常 = Steady state | 未処理 = Unprocessed | 青木拓也 = Takuya Aoki | 扶養控除変更 = Change in dependent deduction | 定常 = Steady state | 登録済み = Registered | 岡田智也 = Tomoya Okada | 昇給 = Salar","HR (Human Resources and Payroll) System aa A☆ human resources HR (Human Resources and Payroll) System FY2026・Human Resources Department Field Human resources operations Shota Tsuda Training expenses 51,533 yen ● Dashboard Nana Shimada Transportation expense settlement 17,019 yen Steady state Registered Expense reimbursement and payroll changes Takuya Aoki Business trip expenses 79,280 yen Steady state Registered ● Attendance and leave application Sakura Eguchi Consumables cost 5,638 yen Steady state ● Onboarding procedures Registered ● Application for employee benefits Asuka Kono Consumables cost 22,045 yen Steady state Registered ● Resident tax and other taxes Rie Kikuchi Business trip expenses 26,271 yen Steady state Registered Nana Shimada Training expenses 26,156 yen Steady state Registered Sakura Eguchi Entertainment expenses 87,288 yen adjustment Registered Nana Shimada Entertainment expenses 110,668 yen adjustment Unprocessed Mayu Teramoto Consumables cost 10,830 yen Steady state Unprocessed Asuka Kono Entertainment expenses 115,761 yen adjustment Unprocessed Sakura Eguchi Transportation expense settlement 13,691 yen Steady state Unprocessed Takuya Aoki Change in dependent deduction Steady state Registered Tomoya Okada Salary increase 20,263 yen Steady state Registered Nana Shimada New position-based allowance established. 47,909 yen Steady state Registered Sakura Eguchi New position-based allowance established. 47,909 yen Steady state Registered Tomoya Okada Abolition of position allowances 9,578 yen Steady state Go to Setti and activate Windows. Asuka Kono New position-based allowance established. 47,909 yen Steady state Unprocessed",,department | resident tax | attendance,unprocessed,Notepad/text | Word/document,word_assisted,0.9848431099794412
pi,dependent_deduction,ses_20260701-192455-NEELA9BAF::41,ses_20260701-192455-NEELA9BAF,"HR人事給与システム = HR (Human Resources and Payroll) System | aあ A☆ = aa A☆ | 人事 = human resources | HR人事給与システム = HR (Human Resources and Payroll) System | 2026年度·人事部門 = FY2026・Human Resources Department | 田 = Field | 开 = Open | 人事業務 = Human resources operations | 青木拓也 = Takuya Aoki | 出張旅費 = Business trip expenses | 79,280円 = 79,280 yen | ● ダッシュボード = ● Dashboard | 江口さくら = Sakura Eguchi | 消耗品費 = Consumables cost | 5,638円 = 5,638 yen | 定常 = Steady state | 登録済み = Registered | 経費精算・給与変更 = Expense reimbursement and payroll changes | 河野明日香 = Asuka Kono | 消耗品費 = Consumables cost | 22,045円 = 22,045 yen | 定常 = Steady state | 登録済み = Registered | ● 勤怠・休暇申請 = ● Attendance and leave application | ● 入社手続き = ● Onboarding procedures | 菊池理恵 = Rie Kikuchi | 出張旅費 = Business trip expenses | 26,271円 = 26,271 yen | 定常 = Steady state | 登録済み = Registered | ●福利厚生申請 = ● Application for employee benefits | 島田奈々 = Nana Shimada | 研修費 = Training expenses | 26,156円 = 26,156 yen | 定常 = Steady state | 登録済み = Registered | ● 住民税・その他 = ● Resident tax and other taxes | 江口さくら = Sakura Eguchi | 接待交際費 = Entertainment expenses | 87,288円 = 87,288 yen | 調整 = adjustment | 登録済み = Registered | 島田奈々 = Nana Shimada | 接待交際費 = Entertainment expenses | 110,668円 = 110,668 yen | 調整 = adjustment | 登録済み = Registered | 寺本真由 = Mayu Teramoto | 消耗品費 = Consumables cost | 10,830円 = 10,830 yen | 定常 = Steady state | 登録済み = Registered | 河野明日香 = Asuka Kono | 接待交際費 = Entertainment expenses | 115,761円 = 115,761 yen | 調整 = adjustment | 未処理 = Unprocessed | 江口さくら = Sakura Eguchi | 交通費精算 = Transportation expense settlement | 13,691円 = 13,691 yen | 定常 = Steady state | 未処理 = Unprocessed | 青木拓也 = Takuya Aoki | 扶養控除変更 = Change in dependent deduction | 定常 = Steady state | 登録済み = Registered | 岡田智也 = Tomoya Okada | 昇給 = Salary increase | 20,263円 = 20,263 yen | 定常 = Steady state | 登録済み = Registered | 島田奈々 = Nana Shimada | 役職手当新設 = New position-based allowance established. | 47,909円 = 47,909 yen | 定常 = Steady state | 登録済み = Registered | 江口さくら = Sakura","HR (Human Resources and Payroll) System aa A☆ human resources HR (Human Resources and Payroll) System FY2026・Human Resources Department Field Open Human resources operations Takuya Aoki Business trip expenses 79,280 yen ● Dashboard Sakura Eguchi Consumables cost 5,638 yen Steady state Registered Expense reimbursement and payroll changes Asuka Kono Consumables cost 22,045 yen Steady state Registered ● Attendance and leave application ● Onboarding procedures Rie Kikuchi Business trip expenses 26,271 yen Steady state Registered ● Application for employee benefits Nana Shimada Training expenses 26,156 yen Steady state Registered ● Resident tax and other taxes Sakura Eguchi Entertainment expenses 87,288 yen adjustment Registered Nana Shimada Entertainment expenses 110,668 yen adjustment Registered Mayu Teramoto Consumables cost 10,830 yen Steady state Registered Asuka Kono Entertainment expenses 115,761 yen adjustment Unprocessed Sakura Eguchi Transportation expense settlement 13,691 yen Steady state Unprocessed Takuya Aoki Change in dependent deduction Steady state Registered Tomoya Okada Salary increase 20,263 yen Steady state Registered Nana Shimada New position-based allowance established. 47,909 yen Steady state Registered Sakura Eguchi New position-based allowance established. 47,909 yen Steady state Registered Tomoya Okada Abolition of position allowances 9,578 yen Steady state Unprocessed Asuka Kono New position-based allowance established. 47,909 yen Steady state Unprocessed Mina Ishida Overtime pay adjustment 9,895 yen adjustment Tノ: ++Mimakura Hara Re Ning Party Doka m
HR (Human Resources and Payroll) System aa A☆ human resources HR (Human Resources and Payroll) System FY2026・Human Resources Department Field Human resources operations Ishida Mina Overtime pay adjustment 9,895 yen ● Dashboard Sakura Eguchi Change in dependent deduction Steady state Unprocessed Expense reimbursement and payroll changes Ryosuke Kirishima New position-based allowance established. ",,employee id | amount | status | processing comment | category | type | department | resident tax | attendance,approve | hold | unprocessed,Notepad/text | Word/document,word_assisted,0.9696860894483571
pi,dependent_deduction,ses_20260701-192455-NEELA9BAF::42,ses_20260701-192455-NEELA9BAF,"HR人事給与システム = HR (Human Resources and Payroll) System | aあ A☆ = aa A☆ | 人事 = human resources | HR人事給与システム = HR (Human Resources and Payroll) System | 2026年度·人事部門 = FY2026・Human Resources Department | 田 = Field | 人事業務 = Human resources operations | 石田美奈 = Ishida Mina | 残業手当調整 = Overtime pay adjustment | 9,895円 = 9,895 yen | ● ダッシュボード = ● Dashboard | 江口さくら = Sakura Eguchi | 扶養控除変更 = Change in dependent deduction | 定常 = Steady state | 未処理 = Unprocessed | 経費精算·給与変更 = Expense reimbursement and payroll changes | 桐島涼介 = Ryosuke Kirishima | 役職手当新設 = New position-based allowance established. | 47,909円 = 47,909 yen | 定常 = Steady state | 未処理 = Unprocessed | ● 勤怠・休暇申請 = ● Attendance and leave application | ● 入社手続き = ● Onboarding procedures | 島田奈々 = Nana Shimada | 残業手当調整 = Overtime pay adjustment | 9,895円 = 9,895 yen | 調整 = adjustment | 未処理 = Unprocessed | ●福利厚生申請 = ● Application for employee benefits | 竹内彩子 = Ayako Takeuchi | 扶養控除変更 = Change in dependent deduction | 定常 = Steady state | 未処理 = Unprocessed | ● 住民税・その他 = ● Resident tax and other taxes | 上野大樹 = Daiki Ueno | 残業手当調整 = Overtime pay adjustment | 9,895円 = 9,895 yen | 調整 = adjustment | 未処理 = Unprocessed | 詳細P1-07040532-012·江口 さくら = Details P1-07040532-012 · Sakura Eguchi | 未処理 = Unprocessed | 管理ID = Management ID | 社員ID = Employee ID | 区分 = classification | 交通費精算 = Transportation expense settlement | 種別 = type | 定常 = Steady state | 金額 = Amount | 13,691円 = 13,691 yen | ステータス = status | 未処理 = Unprocessed | 参照：申請者区分：regular 承認権限：人事担当 = Reference: Applicant category: regular Approval authority: Human Resources | 処理コメント = Processing comments | 処理内容・確認コメントを入力してください… = Please enter the processing details and confirmation comments... | ✓ 登録確定 = ✓ Registration confirmed | ""保留 = &quot;on hold","HR (Human Resources and Payroll) System aa A☆ human resources HR (Human Resources and Payroll) System FY2026・Human Resources Department Field Human resources operations Ishida Mina Overtime pay adjustment 9,895 yen ● Dashboard Sakura Eguchi Change in dependent deduction Steady state Unprocessed Expense reimbursement and payroll changes Ryosuke Kirishima New position-based allowance established. 47,909 yen Steady state Unprocessed ● Attendance and leave application ● Onboarding procedures Nana Shimada Overtime pay adjustment 9,895 yen adjustment Unprocessed ● Application for employee benefits Ayako Takeuchi Change in dependent deduction Steady state Unprocessed ● Resident tax and other taxes Daiki Ueno Overtime pay adjustment 9,895 yen adjustment Unprocessed Details P1-07040532-012 · Sakura Eguchi Unprocessed Management ID Employee ID classification Transportation expense settlement type Steady state Amount 13,691 yen status Unprocessed Reference: Applicant category: regular Approval authority: Human Resources Processing comments Please enter the processing details and confirmation comments... ✓ Registration confirmed &quot;on hold",,employee id | amount | status | processing comment | category | type | department | resident tax | attendance,approve | hold | unprocessed,Notepad/text | Word/document,word_assisted,0.9644273300280516
pi,transportation_expense,ses_20260701-173246-SIDDHIGUPTAB00B::3,ses_20260701-173246-SIDDHIGUPTAB00B,"HR人事給与システム = HR (Human Resources and Payroll) System | aあA = aaA | 人事 = human resources | HR人事給与システム = HR (Human Resources and Payroll) System | 2026年度·人事部門 = FY2026・Human Resources Department | 2026/07/01 23:03:34 田中 麻里·人事マネージャー = 2026/07/01 23:03:34 Mari Tanaka, Human Resources Manager | 田 = Field | 人事業務 = Human resources operations | ダッシュボードノ経費精算・給与変更 = Dashboard Expense Reimbursement/Payroll Changes | ● ダッシュボード = ● Dashboard | 経費精算・給与変更 = Expense reimbursement and payroll changes | 経費精算·給与変更 = Expense reimbursement and payroll changes | 24 件·23 件未処理 = 24 items · 23 items unprocessed | 勤怠・休暇申請 = Attendance and leave application | 処理待ち一覧 = List of items awaiting processing | ● 入社手続き = ● Onboarding procedures | 社員ID = Employee ID | 氏名 = full name | 区分 = classification | 金額 = Amount | 種別 = type | ステータス = status | 福利厚生申請 = Employee benefits application | 竹内彩子 = Ayako Takeuchi | 接待交際費 = Entertainment expenses | 83,652円 = 83,652 yen | 調整 = adjustment | 未処理 = Unprocessed | ● 住民税・その他 = ● Resident tax and other taxes | 竹内彩子 = Ayako Takeuchi | 交通費精算 = Transportation expense settlement | 12,312円 = 12,312 yen | 定常 = Steady state | 登録済み = Registered | 遠山 健一 = Kenichi Toyama | 出張旅費 = Business trip expenses | 42,838円 = 42,838 yen | 定常 = Steady state | 未処理 = Unprocessed | 竹内彩子 = Ayako Takeuchi | 交通費精算 = Transportation expense settlement | 13,656円 = 13,656 yen | 定常 = Steady state | 未処理 = Unprocessed | 石田 美奈 = Mina Ishida | 交通費精算 = Transportation expense settlement | 21,542円 = 21,542 yen | 定常 = Steady state | 未処理 = Unprocessed | 岡田 智也 = Tomoya Okada | 出張旅費 = Business trip expenses | 60,701円 = 60,701 yen | 定常 = Steady state | 未処理 = Unprocessed | 桐島涼介 = Ryosuke Kirishima | 出張旅費 = Business trip expenses | 53,580円 = 53,580 yen | 定常 = Steady state | 未処理 = Unprocessed | 上野大樹 = Daiki Ueno | 出張旅費 = Business trip expenses | 21,956円 = 21,956 yen | 定常 = Steady state | 未処理 = Unprocessed | 寺本 真由 = Mayu Teramoto | 交通費精算 = Transportation expense settlement | 5,960円 = 5,960 yen | 定常 = Steady stat","HR (Human Resources and Payroll) System aaA human resources HR (Human Resources and Payroll) System FY2026・Human Resources Department 2026/07/01 23:03:34 Mari Tanaka, Human Resources Manager Field Human resources operations Dashboard Expense Reimbursement/Payroll Changes ● Dashboard Expense reimbursement and payroll changes Expense reimbursement and payroll changes 24 items · 23 items unprocessed Attendance and leave application List of items awaiting processing ● Onboarding procedures Employee ID full name classification Amount type status Employee benefits application Ayako Takeuchi Entertainment expenses 83,652 yen adjustment Unprocessed ● Resident tax and other taxes Ayako Takeuchi Transportation expense settlement 12,312 yen Steady state Registered Kenichi Toyama Business trip expenses 42,838 yen Steady state Unprocessed Ayako Takeuchi Transportation expense settlement 13,656 yen Steady state Unprocessed Mina Ishida Transportation expense settlement 21,542 yen Steady state Unprocessed Tomoya Okada Business trip expenses 60,701 yen Steady state Unprocessed Ryosuke Kirishima Business trip expenses 53,580 yen Steady state Unprocessed Daiki Ueno Business trip expenses 21,956 yen Steady state Unprocessed Mayu Teramoto Transportation expense settlement 5,960 yen Steady state Unprocessed Nana Shimada Consumables cost 22,504 yen Steady state Unprocessed neck",/payroll-items,employee id | full name | name | amount | status | type | department | resident tax | attendance,awaiting_processing | unprocessed,Notepad/text | Word/document,word_assisted,0.9697188812644542
pi,transportation_expense,ses_20260701-173246-SIDDHIGUPTAB00B::4,ses_20260701-173246-SIDDHIGUPTAB00B,"精算確認メモ = Settlement confirmation memo | ら = and others | 田 = Field | 精算確認メモ = Settlement confirmation memo | 経費精算確認済み。費目：交通費精算 金額：12,312円。規程内であることを確認した。 = Expense reimbursement confirmed. Expense item: Transportation expenses. Amount: 12,312 yen. Confirmed to be within regulations. | 首 = neck
HR人事給与システム = HR (Human Resources and Payroll) System | aあA = aaA | 人事 = human resources | HR人事給与システム = HR (Human Resources and Payroll) System | 2026年度·人事部門 = FY2026・Human Resources Department | 2026/07/01 23:03:46 田中 麻里·人事マネージャー = 2026/07/01 23:03:46 Mari Tanaka, Human Resources Manager | 田 = Field | 津田将太 = Shota Tsuda | 残業手当調整 = Overtime pay adjustment | 11,939円 = 11,939 yen | 調整 = adjustment | 未処理 = Unprocessed | 人事業務 = Human resources operations | 清水 祥平 = Shohei Shimizu | 役職手当新設 = New position-based allowance established. | 33,327円 = 33,327 yen | 定常 = Steady state | 未処理 = Unprocessed | ● ダッシュボード = ● Dashboard | 江口さくら = Sakura Eguchi | 残業手当調整 = Overtime pay adjustment | 11,939円 = 11,939 yen | 調整 = adjustment | 未処理 = Unprocessed | 経費精算·給与変更 = Expense reimbursement and payroll changes | 勤怠・休暇申請 = Attendance and leave application | 菊池理恵 = Rie Kikuchi | 扶養控除変更 = Change in dependent deduction | 定常 = Steady state | 未処理 = Unprocessed | ● 入社手続き = ● Onboarding procedures | 詳細 — P1-07109774-004· 竹内 彩子 = Details — P1-07109774-004 · Ayako Takeuchi | ●福利厚生申請 = ● Application for employee benefits | 未処理 = Unprocessed | ● 住民税・その他 = ● Resident tax and other taxes | 管理ID = Management ID | 社員ID = Employee ID | 区分 = classification | 交通費精算 = Transportation expense settlement | 種別 = type | 定常 = Steady state | 金額 = Amount | 13,656円 = 13,656 yen | ステータス = status | 未処理 = Unprocessed | 参照：申請者区分：regular = Reference: Applicant classification: regular | 承認権限：人事担当 = Approval authority: Human Resources Department | 処理コメント = Processing comments | 処理内容・確認コメントを入力してください… = Please enter the processing details and confirmation comments... | ✓ 登録確定 = ✓ Registration confirmed | ""保留 = &quot;on hold | 首 = neck","Settlement confirmation memo and others Field Settlement confirmation memo Expense reimbursement confirmed. Expense item: Transportation expenses. Amount: 12,312 yen. Confirmed to be within regulations. neck
HR (Human Resources and Payroll) System aaA human resources HR (Human Resources and Payroll) System FY2026・Human Resources Department 2026/07/01 23:03:46 Mari Tanaka, Human Resources Manager Field Shota Tsuda Overtime pay adjustment 11,939 yen adjustment Unprocessed Human resources operations Shohei Shimizu New position-based allowance established. 33,327 yen Steady state Unprocessed ● Dashboard Sakura Eguchi Overtime pay adjustment 11,939 yen adjustment Unprocessed Expense reimbursement and payroll changes Attendance and leave application Rie Kikuchi Change in dependent deduction Steady state Unprocessed ● Onboarding procedures Details — P1-07109774-004 · Ayako Takeuchi ● Application for employee benefits Unprocessed ● Resident tax and other taxes Management ID Employee ID classification Transportation expense settlement type Steady state Amount 13,656 yen status Unprocessed Reference: Applicant classification: regular Approval authority: Human Resources Department Processing comments Please enter the processing details and confirmation comments... ✓ Registration confirmed &quot;on hold neck",/payroll-items,employee id | amount | status | processing comment | type | department | resident tax | attendance,approve | hold | unprocessed,Notepad/text | Word/document,word_assisted,0.9371863955022861
pi,transportation_expense,ses_20260701-173246-SIDDHIGUPTAB00B::32,ses_20260701-173246-SIDDHIGUPTAB00B,"HR人事給与システム = HR (Human Resources and Payroll) System | aあA = aaA | 人事 = human resources | HR人事給与システム = HR (Human Resources and Payroll) System | 2026年度·人事部門 = FY2026・Human Resources Department | 田中麻里・人事マネージャー = Mari Tanaka, Human Resources Manager | 田 = Field | 津田将太 = Shota Tsuda | 残業手当調整 = Overtime pay adjustment | 11,939円 = 11,939 yen | 調整 = adjustment | 未処理 = Unprocessed | 人事業務 = Human resources operations | 清水 祥平 = Shohei Shimizu | 役職手当新設 = New position-based allowance established. | 33,327円 = 33,327 yen | 定常 = Steady state | 未処理 = Unprocessed | ● ダッシュボード = ● Dashboard | 江口さくら = Sakura Eguchi | 残業手当調整 = Overtime pay adjustment | 11,939円 = 11,939 yen | 調整 = adjustment | 未処理 = Unprocessed | 経費精算・給与変更 = Expense reimbursement and payroll changes | 勤怠・休暇申請 = Attendance and leave application | 菊池理恵 = Rie Kikuchi | 扶養控除変更 = Change in dependent deduction | 定常 = Steady state | 未処理 = Unprocessed | ● 入社手続き = ● Onboarding procedures | 詳細 — P1-07109774-005·石田 美奈 = Details — P1-07109774-005 · Mina Ishida | ●福利厚生申請 = ● Application for employee benefits | 未処理 = Unprocessed | ● 住民税・その他 = ● Resident tax and other taxes | 管理ID = Management ID | 社員ID = Employee ID | 区分 = classification | 交通費精算 = Transportation expense settlement | 種別 = type | 定常 = Steady state | 金額 = Amount | 21,542円 = 21,542 yen | ステータス = status | 未処理 = Unprocessed | 参照：申請者区分：regular = Reference: Applicant classification: regular | 承認権限：人事担当 = Approval authority: Human Resources Department | 処理コメント = Processing comments | 処理内容・確認コメントを入力してください… = Please enter the processing details and confirmation comments... | ✓ 登録確定 = ✓ Registration confirmed | ""保留 = &quot;on hold | 首 = neck
HR人事給与システム = HR (Human Resources and Payroll) System | aあA = aaA | 人事 = human resources | HR人事給与システム = HR (Human Resources and Payroll) System | 2026年度·人事部門 = FY2026・Human Resources Department | 2026/07/01 23:12:30 田中 麻里·人事マネージャー = 2026/07/01 23:12:30 Mari Tanaka, Human Resources Manager | 田 = Field | 津田将太 = Shota Tsuda | 残業手当調整 = Overtime p","HR (Human Resources and Payroll) System aaA human resources HR (Human Resources and Payroll) System FY2026・Human Resources Department Mari Tanaka, Human Resources Manager Field Shota Tsuda Overtime pay adjustment 11,939 yen adjustment Unprocessed Human resources operations Shohei Shimizu New position-based allowance established. 33,327 yen Steady state Unprocessed ● Dashboard Sakura Eguchi Overtime pay adjustment 11,939 yen adjustment Unprocessed Expense reimbursement and payroll changes Attendance and leave application Rie Kikuchi Change in dependent deduction Steady state Unprocessed ● Onboarding procedures Details — P1-07109774-005 · Mina Ishida ● Application for employee benefits Unprocessed ● Resident tax and other taxes Management ID Employee ID classification Transportation expense settlement type Steady state Amount 21,542 yen status Unprocessed Reference: Applicant classification: regular Approval authority: Human Resources Department Processing comments Please enter the processing details and confirmation comments... ✓ Registration confirmed &quot;on hold neck
HR (Human Resources and Payroll) System aaA human resources HR (Human Resources and Payroll) System FY2026・Human Resources Department 2026/07/01 23:12:30 Mari Tanaka, Human Resources Manager Field Shota Tsuda Overtime pay adjustment 11,939 yen adjustment Unprocessed Human resources operations Shohei Shimizu New position-based allowance established. 33,327 yen Steady state Unprocessed ● Dashboard Sakura Eguchi Overtime pay adjustment 11,939 yen adjustment Unprocessed Expense reimbursement and payroll changes Attendance and leave application Rie Kikuchi Change in dependent deduction Steady state Unprocessed ● Onboarding procedures Details — P1-07109774-005 · Mina Ishida ● Application for employee benefits Unprocessed ● Resident tax and other taxes Management ID Employee ID classification Transportation expense settlement type Steady state Amount 21,542 yen status Unprocessed Reference: Applicant classi",/payroll-items,employee id | amount | status | processing comment | type | department | resident tax | attendance,approve | hold | unprocessed,Notepad/text | Word/document,word_assisted,0.9580487170199665
pi,transportation_expense,ses_20260701-173642-NEELA9BAF::29,ses_20260701-173642-NEELA9BAF,"HR人事給与システム = HR (Human Resources and Payroll) System | HR人事給与システム = HR (Human Resources and Payroll) System | aあ = aa | 率 = rate | 人事 = human resources | HR人事給与システム = HR (Human Resources and Payroll) System | 2026年度·人事部門 = FY2026・Human Resources Department | 田中 麻里・人事マネージャー = Mari Tanaka, Human Resources Manager | 田 = Field | 人事業務 = Human resources operations | 青木拓也 = Takuya Aoki | 交通費精算 = Transportation expense settlement | 5,643円 = 5,643 yen | 定常 = Steady state | 未処理 = Unprocessed | ● ダッシュボード = ● Dashboard | 島田奈々 = Nana Shimada | 研修費 = Training expenses | 55,179円 = 55,179 yen | 定常 = Steady state | 未处理 = unresolved | 経費精算・給与変更 = Expense reimbursement and payroll changes | 島田奈々 = Nana Shimada | 接待交際費 = Entertainment expenses | 96,317円 = 96,317 yen | 調整 = adjustment | 未处理 = unresolved | 勤怠・休暇申請 = Attendance and leave application | 遠山健一 = Kenichi Toyama | 消耗品費 = Consumables cost | 12,572円 = 12,572 yen | 定常 = Steady state | 未処理 = Unprocessed | ● 入社手続き = ● Onboarding procedures | 桐島凉介 = Ryosuke Kirishima | 出張旅費 = Business trip expenses | 57,547円 = 57,547 yen | 定常 = Steady state | 未処理 = Unprocessed | ●福利厚生申請 = ● Application for employee benefits | ● 住民税・その他 = ● Resident tax and other taxes | 遠山健一 = Kenichi Toyama | 役職手当廃止 = Abolition of position allowances | 9,569円 = 9,569 yen | 定常 = Steady state | 登録済み = Registered | 清水祥平 = Shohei Shimizu | 残業手当調整 = Overtime pay adjustment | 13,528円 = 13,528 yen | 调整 = Adjustment | 未処理 = Unprocessed | 津田将太 = Shota Tsuda | 役職手当新設 = New position-based allowance established. | 22,166円 = 22,166 yen | 定常 = Steady state | 未処理 = Unprocessed | 寺本真由 = Mayu Teramoto | 役職手当新設 = New position-based allowance established. | 22,166円 = 22,166 yen | 定常 = Steady state | 未处理 = unresolved | 遠山健一 = Kenichi Toyama | 役職手当新設 = New position-based allowance established. | 22,166円 = 22,166 yen | 定常 = Steady state | 未处理 = unresolved | 津田将太 = Shota Tsuda | 役職手当新設 = New position-based allowance established. | 22,166円 = 22,166 yen | 定常 = Steady state | 未处理 = unresolve","HR (Human Resources and Payroll) System HR (Human Resources and Payroll) System aa rate human resources HR (Human Resources and Payroll) System FY2026・Human Resources Department Mari Tanaka, Human Resources Manager Field Human resources operations Takuya Aoki Transportation expense settlement 5,643 yen Steady state Unprocessed ● Dashboard Nana Shimada Training expenses 55,179 yen Steady state unresolved Expense reimbursement and payroll changes Nana Shimada Entertainment expenses 96,317 yen adjustment unresolved Attendance and leave application Kenichi Toyama Consumables cost 12,572 yen Steady state Unprocessed ● Onboarding procedures Ryosuke Kirishima Business trip expenses 57,547 yen Steady state Unprocessed ● Application for employee benefits ● Resident tax and other taxes Kenichi Toyama Abolition of position allowances 9,569 yen Steady state Registered Shohei Shimizu Overtime pay adjustment 13,528 yen Adjustment Unprocessed Shota Tsuda New position-based allowance established. 22,166 yen Steady state Unprocessed Mayu Teramoto New position-based allowance established. 22,166 yen Steady state unresolved Kenichi Toyama New position-based allowance established. 22,166 yen Steady state unresolved Shota Tsuda New position-based allowance established. 22,166 yen Steady state unresolved Shohei Shimizu Abolition of position allowances 9,569 yen Steady state Unprocessed Shota Tsuda Salary increase 11,631 yen Steady state Unprocessed Shota Tsuda Salary increase 11,631 yen Steady state Unprocessed Mayu Teramoto Salary increase 11,631 yen Steady state Unprocessed Takuya Aoki Abolition of position allowances 9,569 yen Steady state Unprocessed Ishida Mina Change in dependent deduction Steady state P4-07047510-001: Registration confirmed.
HR (Human Resources and Payroll) System HR (Human Resources and Payroll) System aa human resources HR (Human Resources and Payroll) System FY2026・Human Resources Department 2026/07/01 23:13:48 Mari Tanaka, Human Resources Manager Field Hoshich",/payroll-items,employee id | amount | status | processing comment | type | department | resident tax | attendance,hold | unprocessed,Notepad/text | Word/document,word_assisted,0.9717259662520603
pi,transportation_expense,ses_20260701-175258-LAPTOP-76QMG9DE::9,ses_20260701-175258-LAPTOP-76QMG9DE,"HR人事給与システム = HR (Human Resources and Payroll) System | HR人事給与システム = HR (Human Resources and Payroll) System | aあ = aa | 人事 = human resources | HR人事給与システム = HR (Human Resources and Payroll) System | 2026年度·人事部門 = FY2026・Human Resources Department | 2026/07/0123:24:36 田中麻里·人事マネージャー = 2026/07/01 23:24:36 Mari Tanaka, Human Resources Manager | 田 = Field | 人事業務 = Human resources operations | 石田美奈 = Ishida Mina | 出張旅費 = Business trip expenses | 29,289円 = 29,289 yen | 定常 = Steady state | 未処理 = Unprocessed | ダッシュボード = Dashboard | 菊池理惠 = Rie Kikuchi | 交通費精算 = Transportation expense settlement | 15,570円 = 15,570 yen | 定常 = Steady state | 未処理 = Unprocessed | 経費精算·給与変更 = Expense reimbursement and payroll changes | 坂本裕二 = Yuji Sakamoto | 研修費 = Training expenses | 11,116円 = 11,116 yen | 定常 = Steady state | 未処理 = Unprocessed | 勤怠・休暇申請 = Attendance and leave application | 菊池理惠 = Rie Kikuchi | 昇給 = Salary increase | 16,288円 = 16,288 yen | 定常 = Steady state | 未処理 = Unprocessed | 入社手続き = Onboarding procedures | 福利厚生申請 = Employee benefits application | 青木拓也 = Takuya Aoki | 役職手当廃止 = Abolition of position allowances | 17,344円 = 17,344 yen | 定常 = Steady state | 未処理 = Unprocessed | ●住民税・その他 = ● Resident tax and other taxes | 桐島凉介 = Ryosuke Kirishima | 役職手当廃止 = Abolition of position allowances | 17,344円 = 17,344 yen | 定常 = Steady state | 未処理 = Unprocessed | 江口さくら = Sakura Eguchi | 役職手当廃止 = Abolition of position allowances | 17,344円 = 17,344 yen | 定常 = Steady state | 未処理 = Unprocessed | 岡田智也 = Tomoya Okada | 昇給 = Salary increase | 16,288円 = 16,288 yen | 定常 = Steady state | 未処理 = Unprocessed | 遠山健一 = Kenichi Toyama | 扶養控除変更 = Change in dependent deduction | 定常 = Steady state | 未処理 = Unprocessed | 青木拓也 = Takuya Aoki | 役職手当廃止 = Abolition of position allowances | 17,344円 = 17,344 yen | 定常 = Steady state | 未処理 = Unprocessed | 岡田智也 = Tomoya Okada | 役職手当新設 = New position-based allowance established. | 12,922円 = 12,922 yen | 定常 = Steady state | 未処理 = Unprocessed | 石田美奈 = Ishida Mina | 役職手当廃止 = Aboli","HR (Human Resources and Payroll) System HR (Human Resources and Payroll) System aa human resources HR (Human Resources and Payroll) System FY2026・Human Resources Department 2026/07/01 23:24:36 Mari Tanaka, Human Resources Manager Field Human resources operations Ishida Mina Business trip expenses 29,289 yen Steady state Unprocessed Dashboard Rie Kikuchi Transportation expense settlement 15,570 yen Steady state Unprocessed Expense reimbursement and payroll changes Yuji Sakamoto Training expenses 11,116 yen Steady state Unprocessed Attendance and leave application Rie Kikuchi Salary increase 16,288 yen Steady state Unprocessed Onboarding procedures Employee benefits application Takuya Aoki Abolition of position allowances 17,344 yen Steady state Unprocessed ● Resident tax and other taxes Ryosuke Kirishima Abolition of position allowances 17,344 yen Steady state Unprocessed Sakura Eguchi Abolition of position allowances 17,344 yen Steady state Unprocessed Tomoya Okada Salary increase 16,288 yen Steady state Unprocessed Kenichi Toyama Change in dependent deduction Steady state Unprocessed Takuya Aoki Abolition of position allowances 17,344 yen Steady state Unprocessed Tomoya Okada New position-based allowance established. 12,922 yen Steady state Unprocessed Ishida Mina Abolition of position allowances 17,344 yen Steady state Unprocessed Nana Shimada Salary increase 16,288 yen Steady state Unprocessed Sakura Eguchi Salary increase 16,288 yen Steady state Unprocessed Daiki Ueno Abolition of position allowances 17,344 yen Steady state Unprocessed P1-07089771-002: Registration confirmed. Self
Settlement confirmation memo Field A Settlement confirmation memo Expense reimbursement confirmed. Expense category: Entertainment and hospitality expenses. Amount: 129,596 yen. Confirmed to be within regulations. Self
Settlement confirmation memo Field A Settlement confirmation memo Expense reimbursement confirmed. Expense category: Entertainment and hospitality expenses. Amount: 129,",/payroll-items,employee id | full name | name | amount | status | processing comment | category | type | department | resident tax | attendance,approve | hold | awaiting_processing | unprocessed,Notepad/text,notepad_assisted,0.9234880433000715
pi,transportation_expense,ses_20260701-175258-LAPTOP-76QMG9DE::11,ses_20260701-175258-LAPTOP-76QMG9DE,"HR人事給与システム = HR (Human Resources and Payroll) System | HR人事給与システム = HR (Human Resources and Payroll) System | aあ = aa | 串 = skewer | 人事 = human resources | HR人事給与システム = HR (Human Resources and Payroll) System | 2026年度·人事部門 = FY2026・Human Resources Department | 田中麻里・人事マネージャー = Mari Tanaka, Human Resources Manager | 田 = Field | 人事業務 = Human resources operations | 石田美奈 = Ishida Mina | 出張旅費 = Business trip expenses | 29,289円 = 29,289 yen | 定常 = Steady state | 未処理 = Unprocessed | ダッシュボード = Dashboard | 菊池理恵 = Rie Kikuchi | 交通費精算 = Transportation expense settlement | 15,570円 = 15,570 yen | 定常 = Steady state | 未処理 = Unprocessed | 経費精算·給与変更 = Expense reimbursement and payroll changes | 坂本裕二 = Yuji Sakamoto | 研修費 = Training expenses | 11,116円 = 11,116 yen | 定常 = Steady state | 未処理 = Unprocessed | 勤怠・休暇申請 = Attendance and leave application | 菊池理恵 = Rie Kikuchi | 昇給 = Salary increase | 16,288円 = 16,288 yen | 定常 = Steady state | 未処理 = Unprocessed | 入社手続き = Onboarding procedures | 青木拓也 = Takuya Aoki | 役職手当廃止 = Abolition of position allowances | 17,344円 = 17,344 yen | 定常 = Steady state | 福利厚生申請 = Employee benefits application | 未処理 = Unprocessed | 住民税・その他 = Resident tax and other taxes | 桐島凉介 = Ryosuke Kirishima | 役職手当廃止 = Abolition of position allowances | 17,344円 = 17,344 yen | 定常 = Steady state | 未処理 = Unprocessed | 江口さくら = Sakura Eguchi | 役職手当廃止 = Abolition of position allowances | 17,344円 = 17,344 yen | 定常 = Steady state | 未処理 = Unprocessed | 岡田智也 = Tomoya Okada | 昇給 = Salary increase | 16,288円 = 16,288 yen | 定常 = Steady state | 未処理 = Unprocessed | 遠山健一 = Kenichi Toyama | 扶養控除変更 = Change in dependent deduction | 定常 = Steady state | 未処理 = Unprocessed | 青木拓也 = Takuya Aoki | 役職手当廃止 = Abolition of position allowances | 17,344円 = 17,344 yen | 定常 = Steady state | 未処理 = Unprocessed | 岡田智也 = Tomoya Okada | 役職手当新設 = New position-based allowance established. | 12,922円 = 12,922 yen | 定常 = Steady state | 未処理 = Unprocessed | 石田美奈 = Ishida Mina | 役職手当廃止 = Abolition of position allowances |","HR (Human Resources and Payroll) System HR (Human Resources and Payroll) System aa skewer human resources HR (Human Resources and Payroll) System FY2026・Human Resources Department Mari Tanaka, Human Resources Manager Field Human resources operations Ishida Mina Business trip expenses 29,289 yen Steady state Unprocessed Dashboard Rie Kikuchi Transportation expense settlement 15,570 yen Steady state Unprocessed Expense reimbursement and payroll changes Yuji Sakamoto Training expenses 11,116 yen Steady state Unprocessed Attendance and leave application Rie Kikuchi Salary increase 16,288 yen Steady state Unprocessed Onboarding procedures Takuya Aoki Abolition of position allowances 17,344 yen Steady state Employee benefits application Unprocessed Resident tax and other taxes Ryosuke Kirishima Abolition of position allowances 17,344 yen Steady state Unprocessed Sakura Eguchi Abolition of position allowances 17,344 yen Steady state Unprocessed Tomoya Okada Salary increase 16,288 yen Steady state Unprocessed Kenichi Toyama Change in dependent deduction Steady state Unprocessed Takuya Aoki Abolition of position allowances 17,344 yen Steady state Unprocessed Tomoya Okada New position-based allowance established. 12,922 yen Steady state Unprocessed Ishida Mina Abolition of position allowances 17,344 yen Steady state Unprocessed Nana Shimada Salary increase 16,288 yen Steady state Unprocessed Sakura Eguchi Salary increase 16,288 yen Steady state Unprocessed Daiki Ueno Abolition of position allowances 17,344 yen Steady state Unprocessed P1-07089771-005: Registration confirmed.
Settlement confirmation memo Field A Settlement confirmation memo Expense reimbursement confirmed. Expense category: Entertainment and hospitality expenses. Amount: 129,596 yen. Confirmed to be within regulations. neck
Settlement confirmation memo Field A Settlement confirmation memo Expense reimbursement confirmed. Expense category: Entertainment and hospitality expenses. Amount: 60,936 yen. Confirmed to",/payroll-items,employee id | full name | name | amount | status | processing comment | category | type | department | resident tax | attendance,approve | hold | awaiting_processing | unprocessed,Notepad/text | Word/document,word_assisted,0.9430390323485277
pi,transportation_expense,ses_20260701-175747-SIDDHIGUPTAB00B::6,ses_20260701-175747-SIDDHIGUPTAB00B,"HR人事給与システム = HR (Human Resources and Payroll) System | HR人事給与システム = HR (Human Resources and Payroll) System | aあA = aaA | 人事 = human resources | HR人事給与システム = HR (Human Resources and Payroll) System | 2026年度·人事部門 = FY2026・Human Resources Department | 田中 麻里・人事マネージャー = Mari Tanaka, Human Resources Manager | 田 = Field | 上野大樹 = Daiki Ueno | 役職手当新設 = New position-based allowance established. | 44,338円 = 44,338 yen | 定常 = Steady state | 未処理 = Unprocessed | 人事業務 = Human resources operations | 津田将太 = Shota Tsuda | 昇給 = Salary increase | 19,390円 = 19,390 yen | 定常 = Steady state | 未処理 = Unprocessed | ● ダッシュボード = ● Dashboard | 寺本真由 = Mayu Teramoto | 扶養控除変更 = Change in dependent deduction | 定常 = Steady state | 未処理 = Unprocessed | 経費精算・給与変更 = Expense reimbursement and payroll changes | 勤怠・休暇申請 = Attendance and leave application | 遠山健一 = Kenichi Toyama | 役職手当新設 = New position-based allowance established. | 44,338円 = 44,338 yen | 定常 = Steady state | 未処理 = Unprocessed | ● 入社手続き = ● Onboarding procedures | 詳細 — P1-07106250-001· 寺本 真由 = Details — P1-07106250-001 · Mayu Teramoto | ●福利厚生申請 = ● Application for employee benefits | 未処理 = Unprocessed | ● 住民税・その他 = ● Resident tax and other taxes | 管理ID = Management ID | 社員ID = Employee ID | 区分 = classification | 接待交際費 = Entertainment expenses | 種別 = type | 調整 = adjustment | 金額 = Amount | 90,198円 = 90,198 yen | ステータス = status | 未処理 = Unprocessed | 参照：申請者区分：manager 承認権限：役員 = Reference: Applicant category: manager Approval authority: officer | 処理コメント = Processing comments | 経費精算確認済み。費目：接待交際費 = Expense reimbursement confirmed. Expense category: Entertainment and hospitality expenses | 金額：90,198円。規程内であることを確認した。 = Amount: 90,198 yen. Confirmed to be within the regulations. | ✓ 登録確定 = ✓ Registration confirmed | ""保留 = &quot;on hold
HR人事給与システム = HR (Human Resources and Payroll) System | HR人事給与システム = HR (Human Resources and Payroll) System | aあA = aaA | 人事 = human resources | HR人事給与システム = HR (Human Resources and Payroll) System | 2026年度·人事部門 = FY2026・","HR (Human Resources and Payroll) System HR (Human Resources and Payroll) System aaA human resources HR (Human Resources and Payroll) System FY2026・Human Resources Department Mari Tanaka, Human Resources Manager Field Daiki Ueno New position-based allowance established. 44,338 yen Steady state Unprocessed Human resources operations Shota Tsuda Salary increase 19,390 yen Steady state Unprocessed ● Dashboard Mayu Teramoto Change in dependent deduction Steady state Unprocessed Expense reimbursement and payroll changes Attendance and leave application Kenichi Toyama New position-based allowance established. 44,338 yen Steady state Unprocessed ● Onboarding procedures Details — P1-07106250-001 · Mayu Teramoto ● Application for employee benefits Unprocessed ● Resident tax and other taxes Management ID Employee ID classification Entertainment expenses type adjustment Amount 90,198 yen status Unprocessed Reference: Applicant category: manager Approval authority: officer Processing comments Expense reimbursement confirmed. Expense category: Entertainment and hospitality expenses Amount: 90,198 yen. Confirmed to be within the regulations. ✓ Registration confirmed &quot;on hold
HR (Human Resources and Payroll) System HR (Human Resources and Payroll) System aaA human resources HR (Human Resources and Payroll) System FY2026・Human Resources Department 2026/07/01 23:29:29 Mari Tanaka, Human Resources Manager Field Daiki Ueno New position-based allowance established. 44,338 yen Steady state Unprocessed Human resources operations Shota Tsuda Salary increase 19,390 yen Steady state Unprocessed ● Dashboard Mayu Teramoto Change in dependent deduction Steady state Unprocessed Expense reimbursement and payroll changes Attendance and leave application Kenichi Toyama New position-based allowance established. 44,338 yen Steady state Unprocessed ● Onboarding procedures Details — P1-07106250-002 · Takuya Aoki ● Application for employee benefits Unprocessed ● Resident tax and other taxes Managem",/payroll-items,employee id | amount | status | processing comment | category | type | department | resident tax | attendance,approve | hold | unprocessed,Notepad/text | Word/document,word_assisted,0.9651189662259201
pi,transportation_expense,ses_20260701-175747-SIDDHIGUPTAB00B::31,ses_20260701-175747-SIDDHIGUPTAB00B,"HR人事給与システム = HR (Human Resources and Payroll) System | HR人事給与システム = HR (Human Resources and Payroll) System | aあA = aaA | 人事 = human resources | HR人事給与システム = HR (Human Resources and Payroll) System | 2026年度·人事部門 = FY2026・Human Resources Department | 田中 麻里・人事マネージャー = Mari Tanaka, Human Resources Manager | 田 = Field | 人事業務 = Human resources operations | 菊池理恵 = Rie Kikuchi | 出張旅費 = Business trip expenses | 51,236円 = 51,236 yen | 定常 = Steady state | 未処理 = Unprocessed | ● ダッシュボード = ● Dashboard | 清水 祥平 = Shohei Shimizu | 出張旅費 = Business trip expenses | 49,027円 = 49,027 yen | 定常 = Steady state | 未処理 = Unprocessed | 経費精算・給与変更 = Expense reimbursement and payroll changes | 坂本裕二 = Yuji Sakamoto | 昇給 = Salary increase | 19,390円 = 19,390 yen | 定常 = Steady state | 未処理 = Unprocessed | 勤怠・休暇申請 = Attendance and leave application | 島田奈々 = Nana Shimada | 残業手当調整 = Overtime pay adjustment | 14,558円 = 14,558 yen | 調整 = adjustment | 未処理 = Unprocessed | ● 入社手続き = ● Onboarding procedures | ● 福利厚生申請 = ● Application for employee benefits | 岡田智也 = Tomoya Okada | 役職手当廃止 = Abolition of position allowances | 9,122円 = 9,122 yen | 定常 = Steady state | 未処理 = Unprocessed | ● 住民税・その他 = ● Resident tax and other taxes | 竹内彩子 = Ayako Takeuchi | 役職手当新設 = New position-based allowance established. | 44,338円 = 44,338 yen | 定常 = Steady state | 未処理 = Unprocessed | 清水 祥平 = Shohei Shimizu | 役職手当新設 = New position-based allowance established. | 44,338円 = 44,338 yen | 定常 = Steady state | 未処理 = Unprocessed | 寺本 真由 = Mayu Teramoto | 役職手当廃止 = Abolition of position allowances | 9,122円 = 9,122 yen | 定常 = Steady state | 未処理 = Unprocessed | 上野大樹 = Daiki Ueno | 昇給 = Salary increase | 19,390円 = 19,390 yen | 定常 = Steady state | 未処理 = Unprocessed | 遠山健一 = Kenichi Toyama | 扶養控除変更 = Change in dependent deduction | 定常 = Steady state | 未処理 = Unprocessed | 上野大樹 = Daiki Ueno | 役職手当新設 = New position-based allowance established. | 44,338円 = 44,338 yen | 定常 = Steady state | 未処理 = Unprocessed | 津田将太 = Shota Tsuda | 昇給 = Salary increase ","HR (Human Resources and Payroll) System HR (Human Resources and Payroll) System aaA human resources HR (Human Resources and Payroll) System FY2026・Human Resources Department Mari Tanaka, Human Resources Manager Field Human resources operations Rie Kikuchi Business trip expenses 51,236 yen Steady state Unprocessed ● Dashboard Shohei Shimizu Business trip expenses 49,027 yen Steady state Unprocessed Expense reimbursement and payroll changes Yuji Sakamoto Salary increase 19,390 yen Steady state Unprocessed Attendance and leave application Nana Shimada Overtime pay adjustment 14,558 yen adjustment Unprocessed ● Onboarding procedures ● Application for employee benefits Tomoya Okada Abolition of position allowances 9,122 yen Steady state Unprocessed ● Resident tax and other taxes Ayako Takeuchi New position-based allowance established. 44,338 yen Steady state Unprocessed Shohei Shimizu New position-based allowance established. 44,338 yen Steady state Unprocessed Mayu Teramoto Abolition of position allowances 9,122 yen Steady state Unprocessed Daiki Ueno Salary increase 19,390 yen Steady state Unprocessed Kenichi Toyama Change in dependent deduction Steady state Unprocessed Daiki Ueno New position-based allowance established. 44,338 yen Steady state Unprocessed Shota Tsuda Salary increase 19,390 yen Steady state Unprocessed Mayu Teramoto Change in dependent deduction Steady state Unprocessed Kenichi Toyama New position-based allowance established. 44,338 yen Steady state GotP107106250-006v has been registered.
HR (Human Resources and Payroll) System HR (Human Resources and Payroll) System aaA human resources HR (Human Resources and Payroll) System FY2026・Human Resources Department Mari Tanaka, Human Resources Manager Field Mayu Teramoto Entertainment expenses 90,198 yen adjustment Registered Human resources operations ● Dashboard Takuya Aoki Transportation expense settlement 21,668 yen Steady state Registered Expense reimbursement and payroll changes Mayu Teramoto Entertai",/payroll-items,department | resident tax | attendance,unprocessed,Notepad/text | Word/document,word_assisted,0.9780629581862017
pi,transportation_expense,ses_20260701-175747-SIDDHIGUPTAB00B::38,ses_20260701-175747-SIDDHIGUPTAB00B,"HR人事給与システム = HR (Human Resources and Payroll) System | HR人事給与システム = HR (Human Resources and Payroll) System | aあA = aaA | 人事 = human resources | HR人事給与システム = HR (Human Resources and Payroll) System | 2026年度·人事部門 = FY2026・Human Resources Department | 田中麻里・人事マネージャー = Mari Tanaka, Human Resources Manager | 田 = Field | 寺本 真由 = Mayu Teramoto | 接待交際費 = Entertainment expenses | 87,653円 = 87,653 yen | 調整 = adjustment | 登録済み = Registered | 人事業務 = Human resources operations | ● ダッシュボード = ● Dashboard | 河野明日香 = Asuka Kono | 交通費精算 = Transportation expense settlement | 19,396円 = 19,396 yen | 定常 = Steady state | 登録済み = Registered | 経費精算・給与変更 = Expense reimbursement and payroll changes | 津田将太 = Shota Tsuda | 交通費精算 = Transportation expense settlement | 21,043円 = 21,043 yen | 定常 = Steady state | 登録済み = Registered | 勤怠・休暇申請 = Attendance and leave application | 河野明日香 = Asuka Kono | 出張旅費 = Business trip expenses | 36,925円 = 36,925 yen | 定常 = Steady state | 登録済み = Registered | ● 入社手続き = ● Onboarding procedures | 坂本裕二 = Yuji Sakamoto | 研修費 = Training expenses | 35,614円 = 35,614 yen | 定常 = Steady state | 登録済み = Registered | ●福利厚生申請 = ● Application for employee benefits | ● 住民税・その他 = ● Resident tax and other taxes | 河野明日香 = Asuka Kono | 消耗品費 = Consumables cost | 23,982円 = 23,982 yen | 定常 = Steady state | 登録済み = Registered | 寺本 真由 = Mayu Teramoto | 消耗品費 = Consumables cost | 23,007円 = 23,007 yen | 定常 = Steady state | 登録済み = Registered | 上野大樹 = Daiki Ueno | 接待交際費 = Entertainment expenses | 135,181円 = 135,181 yen | 調整 = adjustment | 未処理 = Unprocessed | 菊池理恵 = Rie Kikuchi | 出張旅費 = Business trip expenses | 51,236円 = 51,236 yen | 定常 = Steady state | 未処理 = Unprocessed | 清水 祥平 = Shohei Shimizu | 出張旅費 = Business trip expenses | 49,027円 = 49,027 yen | 定常 = Steady state | 未処理 = Unprocessed | 坂本裕二 = Yuji Sakamoto | 昇給 = Salary increase | 19,390円 = 19,390 yen | 定常 = Steady state | 未処理 = Unprocessed | 島田奈々 = Nana Shimada | 残業手当調整 = Overtime pay adjustment | 14,558円 = 14,558 yen | 調整 = adjustment | 未処理 = U","HR (Human Resources and Payroll) System HR (Human Resources and Payroll) System aaA human resources HR (Human Resources and Payroll) System FY2026・Human Resources Department Mari Tanaka, Human Resources Manager Field Mayu Teramoto Entertainment expenses 87,653 yen adjustment Registered Human resources operations ● Dashboard Asuka Kono Transportation expense settlement 19,396 yen Steady state Registered Expense reimbursement and payroll changes Shota Tsuda Transportation expense settlement 21,043 yen Steady state Registered Attendance and leave application Asuka Kono Business trip expenses 36,925 yen Steady state Registered ● Onboarding procedures Yuji Sakamoto Training expenses 35,614 yen Steady state Registered ● Application for employee benefits ● Resident tax and other taxes Asuka Kono Consumables cost 23,982 yen Steady state Registered Mayu Teramoto Consumables cost 23,007 yen Steady state Registered Daiki Ueno Entertainment expenses 135,181 yen adjustment Unprocessed Rie Kikuchi Business trip expenses 51,236 yen Steady state Unprocessed Shohei Shimizu Business trip expenses 49,027 yen Steady state Unprocessed Yuji Sakamoto Salary increase 19,390 yen Steady state Unprocessed Nana Shimada Overtime pay adjustment 14,558 yen adjustment Unprocessed Tomoya Okada Abolition of position allowances 9,122 yen Steady state Unprocessed Ayako Takeuchi New position-based allowance established. 44,338 yen Steady state Shohei Shimizu New position-based allowance established. 44,338 yen Steady state Unprocessed
HR (Human Resources and Payroll) System HR (Human Resources and Payroll) System aaA rate human resources HR (Human Resources and Payroll) System FY2026・Human Resources Department Mari Tanaka, Human Resources Manager Field Human resources operations Rie Kikuchi Business trip expenses 51,236 yen Steady state Unprocessed ● Dashboard Shohei Shimizu Business trip expenses 49,027 yen Steady state Unprocessed Expense reimbursement and payroll changes Yuji Sakamoto Salary increas",/payroll-items,department | resident tax | attendance,unprocessed,Notepad/text | Word/document,word_assisted,0.9731583162122204
pi,transportation_expense,ses_20260701-175747-SIDDHIGUPTAB00B::39,ses_20260701-175747-SIDDHIGUPTAB00B,"HR人事給与システム = HR (Human Resources and Payroll) System | HR人事給与システム = HR (Human Resources and Payroll) System | aあA = aaA | 人事 = human resources | HR人事給与システム = HR (Human Resources and Payroll) System | 2026年度·人事部門 = FY2026・Human Resources Department | 田中 麻里・人事マネージャー = Mari Tanaka, Human Resources Manager | 田 = Field | 河野明日香 = Asuka Kono | 交通費精算 = Transportation expense settlement | 19,396円 = 19,396 yen | 定常 = Steady state | 登録済み = Registered | 人事業務 = Human resources operations | ● ダッシュボード = ● Dashboard | 津田将太 = Shota Tsuda | 交通費精算 = Transportation expense settlement | 21,043円 = 21,043 yen | 定常 = Steady state | 登録済み = Registered | 経費精算・給与変更 = Expense reimbursement and payroll changes | 河野明日香 = Asuka Kono | 出張旅費 = Business trip expenses | 36,925円 = 36,925 yen | 定常 = Steady state | 登録済み = Registered | 勤怠・休暇申請 = Attendance and leave application | 坂本裕二 = Yuji Sakamoto | 研修費 = Training expenses | 35,614円 = 35,614 yen | 定常 = Steady state | 登録済み = Registered | ● 入社手続き = ● Onboarding procedures | 河野明日香 = Asuka Kono | 消耗品費 = Consumables cost | 23,982円 = 23,982 yen | 定常 = Steady state | 登録済み = Registered | ●福利厚生申請 = ● Application for employee benefits | ● 住民税・その他 = ● Resident tax and other taxes | 寺本 真由 = Mayu Teramoto | 消耗品費 = Consumables cost | 23,007円 = 23,007 yen | 定常 = Steady state | 登録済み = Registered | 上野大樹 = Daiki Ueno | 接待交際費 = Entertainment expenses | 135,181円 = 135,181 yen | 調整 = adjustment | 登録済み = Registered | 菊池理恵 = Rie Kikuchi | 出張旅費 = Business trip expenses | 51,236円 = 51,236 yen | 定常 = Steady state | 未処理 = Unprocessed | 清水 祥平 = Shohei Shimizu | 出張旅費 = Business trip expenses | 49,027円 = 49,027 yen | 定常 = Steady state | 未処理 = Unprocessed | 坂本裕二 = Yuji Sakamoto | 昇給 = Salary increase | 19,390円 = 19,390 yen | 定常 = Steady state | 未処理 = Unprocessed | 島田奈々 = Nana Shimada | 残業手当調整 = Overtime pay adjustment | 14,558円 = 14,558 yen | 調整 = adjustment | 未処理 = Unprocessed | 岡田智也 = Tomoya Okada | 役職手当廃止 = Abolition of position allowances | 9,122円 = 9,122 yen | 定常 = Steady state","HR (Human Resources and Payroll) System HR (Human Resources and Payroll) System aaA human resources HR (Human Resources and Payroll) System FY2026・Human Resources Department Mari Tanaka, Human Resources Manager Field Asuka Kono Transportation expense settlement 19,396 yen Steady state Registered Human resources operations ● Dashboard Shota Tsuda Transportation expense settlement 21,043 yen Steady state Registered Expense reimbursement and payroll changes Asuka Kono Business trip expenses 36,925 yen Steady state Registered Attendance and leave application Yuji Sakamoto Training expenses 35,614 yen Steady state Registered ● Onboarding procedures Asuka Kono Consumables cost 23,982 yen Steady state Registered ● Application for employee benefits ● Resident tax and other taxes Mayu Teramoto Consumables cost 23,007 yen Steady state Registered Daiki Ueno Entertainment expenses 135,181 yen adjustment Registered Rie Kikuchi Business trip expenses 51,236 yen Steady state Unprocessed Shohei Shimizu Business trip expenses 49,027 yen Steady state Unprocessed Yuji Sakamoto Salary increase 19,390 yen Steady state Unprocessed Nana Shimada Overtime pay adjustment 14,558 yen adjustment Unprocessed Tomoya Okada Abolition of position allowances 9,122 yen Steady state Unprocessed Ayako Takeuchi New position-based allowance established. 44,338 yen Steady state Unprocessed Shohei Shimizu New position-based allowance established. 44,338 yen Steady state Mayu Teramoto Abolition of position allowances 9,122 yen Steady state Unprocessed",/payroll-items,department | resident tax | attendance,unprocessed,Notepad/text | Word/document,word_assisted,0.9790664098092487
pi,transportation_expense,ses_20260701-180923-NEELA9BAF::20,ses_20260701-180923-NEELA9BAF,"財務会計システム = Financial accounting system | 財務会計システム = Financial accounting system | aあA = aaA | 率 = rate | 財務 = finance | 財務会計システム = Financial accounting system | 2026年度·経理部門 = Fiscal Year 2026 - Accounting Department | 佐藤 直樹・経理マネージャー = Naoki Sato, Accounting Manager | 佐 = Sa | 財務会計業務 = Financial accounting operations | ダッシュボードノ経費承認（管理職) = Dashboard expense approval (management) | ● ダッシュボード = ● Dashboard | 経費承認（管理職） = Expense approval (management) | 請求書承認・経費精 = Invoice Approval and Expense Settlement | 12件·5件申請中 = 12 items · 5 applications in progress | 算 = calculation | 申請一覧 = List of applications | ● 経費承認（管理職） = ● Expense approval (management) | ● 支払処理 = ● Payment Processing | 社員ID = Employee ID | 氏名 = full name | 申請種別 = Application Type | 期間・詳細 = Period and details | 部署 = Department | ステータス = status | 予算差異分析 = Budget variance analysis | 河野明日香 = Asuka Kono | 消耗品費 = Consumables cost | 企画部 = Planning Department | 承認 = approval | ● 発注管理 = ● Order Management | 石田 美奈 = Mina Ishida | 研修費 = Training expenses | 開発部 = Development Department | 承認 = approval | 岡田智也 = Tomoya Okada | 出張旅費(複数人） = Business trip expenses (for multiple people) | 物流部 = Logistics department | 承認 = approval | 青木拓也 = Takuya Aoki | 研修費 = Training expenses | 営業部 = Sales Department | 承認 = approval | 竹内彩子 = Ayako Takeuchi | 出張旅費（複数人） = Business trip expenses (for multiple people) | 営業部 = Sales Department | 承認 = approval | 桐島 涼介 = Ryosuke Kirishima | 研修費 = Training expenses | 開発部 = Development Department | 承認 = approval | 岡田智也 = Tomoya Okada | 消耗品費 = Consumables cost | 物流部 = Logistics department | 承認 = approval | 石田 美奈 = Mina Ishida | 消耗品費 = Consumables cost | 開発部 = Development Department | 申請中 = Currently applying | 上野大樹 = Daiki Ueno | 消耗品費 = Consumables cost | 経理部 = Accounting Department | 申請中 = Currently applying | 竹内彩子 = Ayako Takeuchi | 消耗品費 = Consumables cost | 営業部 = Sales Department | 申請中 = Currently applying | 青木拓也 = Takuya Aoki | 出張旅費（複数人） = Business trip expenses (for multiple people) | 営業部 = Sales","Financial accounting system Financial accounting system aaA rate finance Financial accounting system Fiscal Year 2026 - Accounting Department Naoki Sato, Accounting Manager Sa Financial accounting operations Dashboard expense approval (management) ● Dashboard Expense approval (management) Invoice Approval and Expense Settlement 12 items · 5 applications in progress calculation List of applications ● Expense approval (management) ● Payment Processing Employee ID full name Application Type Period and details Department status Budget variance analysis Asuka Kono Consumables cost Planning Department approval ● Order Management Mina Ishida Training expenses Development Department approval Tomoya Okada Business trip expenses (for multiple people) Logistics department approval Takuya Aoki Training expenses Sales Department approval Ayako Takeuchi Business trip expenses (for multiple people) Sales Department approval Ryosuke Kirishima Training expenses Development Department approval Tomoya Okada Consumables cost Logistics department approval Mina Ishida Consumables cost Development Department Currently applying Daiki Ueno Consumables cost Accounting Department Currently applying Ayako Takeuchi Consumables cost Sales Department Currently applying Takuya Aoki Business trip expenses (for multiple people) Sales Department Currently applying Shohei Shimizu Business trip expenses (for multiple people) Development Department Three half-knits Tayoshi (52002)
Financial accounting system Financial accounting system aa A☆ skewer finance Financial accounting system Fiscal Year 2026 - Accounting Department 2026/07/01 23:46:49 Naoki Sato, Accounting Manager Sa Financial accounting operations Dashboard / Expense Approval (for Managers) ● Dashboard Expense approval (management) Invoice Approval and Expense Settlement 12 items・4 items pending calculation List of applications ● Expense approval (management) ● Payment Processing Employee ID full name Application Type Duration/Details Departm",/leave-applications | /payroll-items,employee id | full name | name | amount | status | processing comment | category | type | department | resident tax | attendance,approve | unprocessed,Notepad/text | Word/document,word_assisted,0.9504927154082023
pi,transportation_expense,ses_20260701-180923-NEELA9BAF::33,ses_20260701-180923-NEELA9BAF,"HR人事給与システム = HR (Human Resources and Payroll) System | HR人事給与システム = HR (Human Resources and Payroll) System | aあ A☆ = aa A☆ | 率 = rate | 人事 = human resources | HR人事給与システム = HR (Human Resources and Payroll) System | 2026年度·人事部門 = FY2026・Human Resources Department | 2026/07/01 23:51:22 田中 麻里・人事マネージャー = 2026/07/01 23:51:22 Mari Tanaka, Human Resources Manager | 田 = Field | 社貝ID = Company ID | 氏名 = full name | 区分 = classification | 金額 = Amount | 種別 = type | ステーダス = Stadus | 人事業務 = Human resources operations | 清水祥平 = Shohei Shimizu | 交通費精算 = Transportation expense settlement | 24,026円 = 24,026 yen | 定常 = Steady state | 登録済み = Registered | ● ダッシュボード = ● Dashboard | 清水 祥平 = Shohei Shimizu | 消耗品費 = Consumables cost | 21,698円 = 21,698 yen | 定常 = Steady state | 登録済み = Registered | 経費精算・給与変更 = Expense reimbursement and payroll changes | 岡田智也 = Tomoya Okada | 消耗品費 = Consumables cost | 20,394円 = 20,394 yen | 定常 = Steady state | 登録済み = Registered | ● 勤怠・休暇申請 = ● Attendance and leave application | ● 入社手続き = ● Onboarding procedures | 津田将太 = Shota Tsuda | 交通費精算 = Transportation expense settlement | 24,160円 = 24,160 yen | 定常 = Steady state | 登録済み = Registered | ●福利厚生申請 = ● Application for employee benefits | 江口さくら = Sakura Eguchi | 研修費 = Training expenses | 48,073円 = 48,073 yen | 定常 = Steady state | 登録済み = Registered | ● 住民税・その他 = ● Resident tax and other taxes | 青木拓也 = Takuya Aoki | 交通費精算 = Transportation expense settlement | 18,420円 = 18,420 yen | 定常 = Steady state | 登録済み = Registered | 清水祥平 = Shohei Shimizu | 研修費 = Training expenses | 49,097円 = 49,097 yen | 定常 = Steady state | 登録済み = Registered | 桐島 凉介 = Ryosuke Kirishima | 研修費 = Training expenses | 49,008円 = 49,008 yen | 定常 = Steady state | 登録済み = Registered | 桐島 涼介 = Ryosuke Kirishima | 接待交際費 = Entertainment expenses | 123,224円 = 123,224 yen | 調整 = adjustment | 未処理 = Unprocessed | 桐島涼介 = Ryosuke Kirishima | 消耗品費 = Consumables cost | 17,029円 = 17,029 yen | 定常 = Steady state | 未処理 = Unprocessed | 寺本 真由 = Mayu Teramoto | 研修費 = Trai","HR (Human Resources and Payroll) System HR (Human Resources and Payroll) System aa A☆ rate human resources HR (Human Resources and Payroll) System FY2026・Human Resources Department 2026/07/01 23:51:22 Mari Tanaka, Human Resources Manager Field Company ID full name classification Amount type Stadus Human resources operations Shohei Shimizu Transportation expense settlement 24,026 yen Steady state Registered ● Dashboard Shohei Shimizu Consumables cost 21,698 yen Steady state Registered Expense reimbursement and payroll changes Tomoya Okada Consumables cost 20,394 yen Steady state Registered ● Attendance and leave application ● Onboarding procedures Shota Tsuda Transportation expense settlement 24,160 yen Steady state Registered ● Application for employee benefits Sakura Eguchi Training expenses 48,073 yen Steady state Registered ● Resident tax and other taxes Takuya Aoki Transportation expense settlement 18,420 yen Steady state Registered Shohei Shimizu Training expenses 49,097 yen Steady state Registered Ryosuke Kirishima Training expenses 49,008 yen Steady state Registered Ryosuke Kirishima Entertainment expenses 123,224 yen adjustment Unprocessed Ryosuke Kirishima Consumables cost 17,029 yen Steady state Unprocessed Mayu Teramoto Training expenses 24,892 yen Steady state Unprocessed Rie Kikuchi Training expenses 28,945 yen Steady state Unprocessed Mina Ishida Abolition of position allowances 10,214 yen Steady state Unprocessed Asuka Kono New position-based allowance established. 29,690 yen Steady state Unprocessed Sakura Eguchi Abolition of position allowances 10,214 yen Steady state Unprocessed Yuji Sakamoto Overtime pay adjustment 7,025 yen adjustment Unprocessed Shohei Shimizu Steady state New position-based allowance established. 29,690 yen Lada + Katsura 沉平千東新凯 Ning Party Dokari",/payroll-items,full name | name | amount | type | department | resident tax | attendance,unprocessed,Notepad/text | Word/document,word_assisted,0.9634615952467046
pi,transportation_expense,ses_20260701-183232-LAPTOP-76QMG9DE::7,ses_20260701-183232-LAPTOP-76QMG9DE,"在庫調整メモ = Inventory adjustment memo | 田Ab = Ab | 在庫調整メモ = Inventory adjustment memo | 品番：BATCH-W4 = Product number: BATCH-W4 | 調整数：-178 = Adjustment amount: -178 | 区分：棚卸調整 = Category: Inventory adjustment | 自 = Self
HR人事給与システム = HR (Human Resources and Payroll) System | a肺A☆ = a lung A☆ | |车 = |Car | 人事 = human resources | HR人事給与システム = HR (Human Resources and Payroll) System | 2026年度·人事部門 = FY2026・Human Resources Department | 2026/07/02 00:05:12 田中麻里·人事マネージャー = 2026/07/02 00:05:12 Mari Tanaka, Human Resources Manager | 田 = Field | 人事業務 = Human resources operations | 岡田智也 = Tomoya Okada | 扶養控除変更 = Change in dependent deduction | 定常 = Steady state | 未処理 = Unprocessed | ダッシュボード = Dashboard | 竹内彩子 = Ayako Takeuchi | 扶養控除変更 = Change in dependent deduction | 定常 = Steady state | 未処理 = Unprocessed | 経費精算·給与変更 = Expense reimbursement and payroll changes | 桐島凉介 = Ryosuke Kirishima | 昇給 = Salary increase | 勤怠・休暇申請 = Attendance and leave application | 21,456円 = 21,456 yen | 定常 = Steady state | 未処理 = Unprocessed | 入社手続き = Onboarding procedures | 上野大樹 = Daiki Ueno | 残業手当調整 = Overtime pay adjustment | 5,995円 = 5,995 yen | 調整 = adjustment | 未処理 = Unprocessed | 福利厚生申請 = Employee benefits application | 詳細—P1-07080388-007·遠山健 = Details—P1-07080388-007·Ken Toyama | 住民税・その他 = Resident tax and other taxes | 未処理 = Unprocessed | 管理ID = Management ID | 社員ID = Employee ID | 区分 = classification | 交通費精算 = Transportation expense settlement | 種別 = type | 定常 = Steady state | 金額 = Amount | 5,083円 = 5,083 yen | ステータス = status | 未処理 = Unprocessed | 参照：申請者区分：regular承認権限：人事担当 = Reference: Applicant Category: Regular Approval Authority: Human Resources | 処理コメント = Processing comments | 経費精算確認済み。費目：交通費精算金額：5,083円。規程内であることを確認した。 = Expense reimbursement confirmed. Expense item: Transportation expenses. Amount reimbursed: 5,083 yen. Confirmed to be within regulations. | ✓ 登録確定 = ✓ Registration confirmed | 保留 = on hold
HR人事給与システム = HR (Human Resources and Payroll) System | aあA☆ = aaA☆ | 人事 = human resources |","Inventory adjustment memo Ab Inventory adjustment memo Product number: BATCH-W4 Adjustment amount: -178 Category: Inventory adjustment Self
HR (Human Resources and Payroll) System a lung A☆ |Car human resources HR (Human Resources and Payroll) System FY2026・Human Resources Department 2026/07/02 00:05:12 Mari Tanaka, Human Resources Manager Field Human resources operations Tomoya Okada Change in dependent deduction Steady state Unprocessed Dashboard Ayako Takeuchi Change in dependent deduction Steady state Unprocessed Expense reimbursement and payroll changes Ryosuke Kirishima Salary increase Attendance and leave application 21,456 yen Steady state Unprocessed Onboarding procedures Daiki Ueno Overtime pay adjustment 5,995 yen adjustment Unprocessed Employee benefits application Details—P1-07080388-007·Ken Toyama Resident tax and other taxes Unprocessed Management ID Employee ID classification Transportation expense settlement type Steady state Amount 5,083 yen status Unprocessed Reference: Applicant Category: Regular Approval Authority: Human Resources Processing comments Expense reimbursement confirmed. Expense item: Transportation expenses. Amount reimbursed: 5,083 yen. Confirmed to be within regulations. ✓ Registration confirmed on hold
HR (Human Resources and Payroll) System aaA☆ human resources HR (Human Resources and Payroll) System FY2026・Human Resources Department 2026/07/02 00:05:18 Mari Tanaka, Human Resources Manager Field Employee ID full name classification Amount type status Human resources operations Tomoya Okada Business trip expenses 56,120 yen Steady state Registered Dashboard Takuya Aoki Business trip expenses 35,241 yen Steady state Registered Expense reimbursement and payroll changes Attendance and leave application Shota Tsuda Business trip expenses 31,411 yen Steady state Registered Onboarding procedures Daiki Ueno Transportation expense settlement 7,632 yen Steady state Registered Employee benefits application Yuji Sakamoto Consumables cost 29",/payroll-items,employee id | full name | name | amount | status | processing comment | category | type | department | resident tax | attendance,approve | hold | unprocessed,Notepad/text,notepad_assisted,0.9534656448014741
pi,transportation_expense,ses_20260701-183232-LAPTOP-76QMG9DE::8,ses_20260701-183232-LAPTOP-76QMG9DE,"HR人事給与システム = HR (Human Resources and Payroll) System | aあA☆ = aaA☆ | 人事 = human resources | HR人事給与システム = HR (Human Resources and Payroll) System | 2026年度·人事部門 = FY2026・Human Resources Department | 2026/07/02 00:05:28 田中麻里·人事マネージャー = 2026/07/02 00:05:28 Mari Tanaka, Human Resources Manager | 田 = Field | 岡田智也 = Tomoya Okada | 出張旅費 = Business trip expenses | 56,120円 = 56,120 yen | 定常 = Steady state | 登録済み = Registered | 人事業務 = Human resources operations | 青木拓也 = Takuya Aoki | 出張旅費 = Business trip expenses | 35,241円 = 35,241 yen | 定常 = Steady state | 登録済み = Registered | ダッシュボード = Dashboard | 津田将太 = Shota Tsuda | 出張旅費 = Business trip expenses | 31,411円 = 31,411 yen | 定常 = Steady state | 登録済み = Registered | 経費精算・給与変更 = Expense reimbursement and payroll changes | 勤怠・休暇申請 = Attendance and leave application | 上野大樹 = Daiki Ueno | 交通費精算 = Transportation expense settlement | 7,632円 = 7,632 yen | 定常 = Steady state | 登録済み = Registered | 入社手続き = Onboarding procedures | 坂本裕二 = Yuji Sakamoto | 消耗品費 = Consumables cost | 29,889円 = 29,889 yen | 定常 = Steady state | 登録済み = Registered | 福利厚生申請 = Employee benefits application | 津田将太 = Shota Tsuda | 出張旅費 = Business trip expenses | 79,409円 = 79,409 yen | 定常 = Steady state | 登録済み = Registered | 住民税・その他 = Resident tax and other taxes | 遠山健一 = Kenichi Toyama | 交通費精算 = Transportation expense settlement | 5,083円 = 5,083 yen | 定常 = Steady state | 登録済み = Registered | 菊池理恵 = Rie Kikuchi | 消耗品費 = Consumables cost | 24,613円 = 24,613 yen | 定常 = Steady state | 登録済み = Registered | 島田奈々 = Nana Shimada | 研修費 = Training expenses | 29,023円 = 29,023 yen | 定常 = Steady state | 未処理 = Unprocessed | 遠山健一 = Kenichi Toyama | 消耗品費 = Consumables cost | 28,931円 = 28,931 yen | 定常 = Steady state | 未処理 = Unprocessed | 坂本裕二 = Yuji Sakamoto | 交通費精算 = Transportation expense settlement | 21,269円 = 21,269 yen | 定常 = Steady state | 未処理 = Unprocessed | 桐島凉介 = Ryosuke Kirishima | 研修費 = Training expenses | 39,442円 = 39,442 yen | 定常 = Steady state | 未処理 = Unprocessed | 竹内彩子 = Ayako","HR (Human Resources and Payroll) System aaA☆ human resources HR (Human Resources and Payroll) System FY2026・Human Resources Department 2026/07/02 00:05:28 Mari Tanaka, Human Resources Manager Field Tomoya Okada Business trip expenses 56,120 yen Steady state Registered Human resources operations Takuya Aoki Business trip expenses 35,241 yen Steady state Registered Dashboard Shota Tsuda Business trip expenses 31,411 yen Steady state Registered Expense reimbursement and payroll changes Attendance and leave application Daiki Ueno Transportation expense settlement 7,632 yen Steady state Registered Onboarding procedures Yuji Sakamoto Consumables cost 29,889 yen Steady state Registered Employee benefits application Shota Tsuda Business trip expenses 79,409 yen Steady state Registered Resident tax and other taxes Kenichi Toyama Transportation expense settlement 5,083 yen Steady state Registered Rie Kikuchi Consumables cost 24,613 yen Steady state Registered Nana Shimada Training expenses 29,023 yen Steady state Unprocessed Kenichi Toyama Consumables cost 28,931 yen Steady state Unprocessed Yuji Sakamoto Transportation expense settlement 21,269 yen Steady state Unprocessed Ryosuke Kirishima Training expenses 39,442 yen Steady state Unprocessed Ayako Takeuchi Abolition of position allowances 18,168 yen Steady state Unprocessed Shohei Shimizu Abolition of position allowances 18,168 yen Steady state Unprocessed Shota Tsuda Salary increase 21,456 yen Steady state Unprocessed Asuka Kono Abolition of position allowances 18,168 yen Steady state Unprocessed Sakura Eguchi New position-based allowance established. 18,003 yen Steady state Unprocessed
HR (Human Resources and Payroll) System human resources HR (Human Resources and Payroll) System FY2026・Human Resources Department 2026/07/02 00:05:32 Mari Tanaka, Human Resources Manager Field Human resources operations Dashboard Expense reimbursement and payroll changes Attendance and leave application Onboarding procedures Employee benef",/payroll-items,department | resident tax | attendance,unprocessed,Notepad/text,notepad_assisted,0.9663435643247831
pi,transportation_expense,ses_20260701-183232-LAPTOP-76QMG9DE::9,ses_20260701-183232-LAPTOP-76QMG9DE,"HR人事給与システム = HR (Human Resources and Payroll) System | a肺A☆ = a lung A☆ | 人事 = human resources | HR人事給与システム = HR (Human Resources and Payroll) System | 2026年度·人事部門 = FY2026・Human Resources Department | 2026/07/02 00:05:50 田中麻里·人事マネージャー = 2026/07/02 00:05:50 Mari Tanaka, Human Resources Manager | 田 = Field | 人事業務 = Human resources operations | 岡田智也 = Tomoya Okada | 扶養控除変更 = Change in dependent deduction | 定常 = Steady state | 未処理 = Unprocessed | ダッシュボード = Dashboard | 竹内彩子 = Ayako Takeuchi | 扶養控除変更 = Change in dependent deduction | 定常 = Steady state | 未処理 = Unprocessed | 経費精算·給与変更 = Expense reimbursement and payroll changes | 桐島凉介 = Ryosuke Kirishima | 昇給 = Salary increase | 勤怠・休暇申請 = Attendance and leave application | 21,456円 = 21,456 yen | 定常 = Steady state | 未処理 = Unprocessed | 入社手続き = Onboarding procedures | 上野大樹 = Daiki Ueno | 残業手当調整 = Overtime pay adjustment | 5,995円 = 5,995 yen | 調整 = adjustment | 未処理 = Unprocessed | 福利厚生申請 = Employee benefits application | 詳細—P1-07080388-011·坂本裕二 = Details—P1-07080388-011 · Yuji Sakamoto | 住民税・その他 = Resident tax and other taxes | 未処理 = Unprocessed | 管理ID = Management ID | 社員ID = Employee ID | 区分 = classification | 交通費精算 = Transportation expense settlement | 種別 = type | 定常 = Steady state | 金額 = Amount | 21,269円 = 21,269 yen | ステータス = status | 未処理 = Unprocessed | 参照：申請者区分：regular承認権限：人事担当 = Reference: Applicant Category: Regular Approval Authority: Human Resources | 処理コメント = Processing comments | 処理内容・確認コメントを入力してください… = Please enter the processing details and confirmation comments... | ✓ 登録確定 = ✓ Registration confirmed | 保留 = on hold
HR人事給与システム = HR (Human Resources and Payroll) System | aあA☆ = aaA☆ | 人事 = human resources | HR人事給与システム = HR (Human Resources and Payroll) System | 2026年度·人事部門 = FY2026・Human Resources Department | 2026/07/0200:05:53 田中麻里·人事マネージャー = 2026/07/02 00:05:53 Mari Tanaka, Human Resources Manager | 田 = Field | 人事業務 = Human resources operations | 遠山健一 = Kenichi Toyama | 消耗品费 = Consumables cost | 28,931円 = 28,9","HR (Human Resources and Payroll) System a lung A☆ human resources HR (Human Resources and Payroll) System FY2026・Human Resources Department 2026/07/02 00:05:50 Mari Tanaka, Human Resources Manager Field Human resources operations Tomoya Okada Change in dependent deduction Steady state Unprocessed Dashboard Ayako Takeuchi Change in dependent deduction Steady state Unprocessed Expense reimbursement and payroll changes Ryosuke Kirishima Salary increase Attendance and leave application 21,456 yen Steady state Unprocessed Onboarding procedures Daiki Ueno Overtime pay adjustment 5,995 yen adjustment Unprocessed Employee benefits application Details—P1-07080388-011 · Yuji Sakamoto Resident tax and other taxes Unprocessed Management ID Employee ID classification Transportation expense settlement type Steady state Amount 21,269 yen status Unprocessed Reference: Applicant Category: Regular Approval Authority: Human Resources Processing comments Please enter the processing details and confirmation comments... ✓ Registration confirmed on hold
HR (Human Resources and Payroll) System aaA☆ human resources HR (Human Resources and Payroll) System FY2026・Human Resources Department 2026/07/02 00:05:53 Mari Tanaka, Human Resources Manager Field Human resources operations Kenichi Toyama Consumables cost 28,931 yen Steady state Registered Dashboard Yuji Sakamoto Transportation expense settlement 21,269 yen Steady state Registered Expense reimbursement and payroll changes Ryosuke Kirishima Training fee 39,442 yen Steady state Unprocessed Attendance and leave application Ayako Takeuchi Abolition of position allowances 18,168 yen Steady state Unprocessed Onboarding procedures Employee benefits application Shohei Shimizu Abolition of position allowances 18,168 yen Steady state Unprocessed ● Resident tax and other taxes Shota Tsuda Salary increase 21,456 yen Steady state Unprocessed Asuka Kono Abolition of position allowances 18,168 yen Steady state unresolved Sakura Eguchi New position-based",/payroll-items,employee id | amount | status | processing comment | category | type | department | resident tax | attendance,approve | hold | unprocessed,Notepad/text,notepad_assisted,0.9661206924960174
pi,transportation_expense,ses_20260701-190250-NEELA9BAF::11,ses_20260701-190250-NEELA9BAF,"HR人事給与システム = HR (Human Resources and Payroll) System | aあ A☆ = aa A☆ | 串 = skewer | 人事 = human resources | HR人事給与システム = HR (Human Resources and Payroll) System | 2026年度·人事部門 = FY2026・Human Resources Department | 田 = Field | 人事業務 = Human resources operations | ダッシュボード／経費精算・給与変更 = Dashboard / Expense Reimbursement &amp; Payroll Changes | ● ダッシュボード = ● Dashboard | 経費精算·給与変更 = Expense reimbursement and payroll changes | 経費精算・給与変更 = Expense reimbursement and payroll changes | 24件·22件未処理 = 24 items - 22 items unprocessed | ● 勤怠・休暇申請 = ● Attendance and leave application | 処理待ち一覧 = List of items awaiting processing | ● 入社手続き = ● Onboarding procedures | 社員ID = Employee ID | 氏名 = full name | 区分 = classification | 金額 = Amount | 種別 = type | ステータス = status | ●福利厚生申請 = ● Application for employee benefits | 清水祥平 = Shohei Shimizu | 研修費 = Training expenses | 25,213円 = 25,213 yen | 定常 = Steady state | 登録済み = Registered | ● 住民税・その他 = ● Resident tax and other taxes | 清水祥平 = Shohei Shimizu | 交通費精算 = Transportation expense settlement | 24,395円 = 24,395 yen | 定常 = Steady state | 登録済み = Registered | 島田奈々 = Nana Shimada | 消耗品費 = Consumables cost | 6,543円 = 6,543 yen | 定常 = Steady state | 未処理 = Unprocessed | 菊池理恵 = Rie Kikuchi | 消耗品費 = Consumables cost | 8,691円 = 8,691 yen | 定常 = Steady state | 未処理 = Unprocessed | 菊池理恵 = Rie Kikuchi | 接待交際費 = Entertainment expenses | 98,018円 = 98,018 yen | 調整 = adjustment | 未処理 = Unprocessed | 遠山健一 = Kenichi Toyama | 消耗品費 = Consumables cost | 17,558円 = 17,558 yen | 定常 = Steady state | 未処理 = Unprocessed | 青木拓也 = Takuya Aoki | 研修費 = Training expenses | 33,374円 = 33,374 yen | 定常 = Steady state | 未処理 = Unprocessed | 菊池理恵 = Rie Kikuchi | 出張旅費 = Business trip expenses | 62,810円 = 62,810 yen | 定常 = Steady state | 未処理 = Unprocessed | 菊池理恵 = Rie Kikuchi | 出張旅費 = Business trip expenses | 51,895円 = 51,895 yen | 定常 = Steady state | 未処理 = Unprocessed | 島田奈々 = Nana Shimada | 接待交際費 = Entertainment expenses | 118,189円 = 118,189 yen | 調整 = adjustment | 未処理 = Unprocessed | 上野","HR (Human Resources and Payroll) System aa A☆ skewer human resources HR (Human Resources and Payroll) System FY2026・Human Resources Department Field Human resources operations Dashboard / Expense Reimbursement &amp; Payroll Changes ● Dashboard Expense reimbursement and payroll changes Expense reimbursement and payroll changes 24 items - 22 items unprocessed ● Attendance and leave application List of items awaiting processing ● Onboarding procedures Employee ID full name classification Amount type status ● Application for employee benefits Shohei Shimizu Training expenses 25,213 yen Steady state Registered ● Resident tax and other taxes Shohei Shimizu Transportation expense settlement 24,395 yen Steady state Registered Nana Shimada Consumables cost 6,543 yen Steady state Unprocessed Rie Kikuchi Consumables cost 8,691 yen Steady state Unprocessed Rie Kikuchi Entertainment expenses 98,018 yen adjustment Unprocessed Kenichi Toyama Consumables cost 17,558 yen Steady state Unprocessed Takuya Aoki Training expenses 33,374 yen Steady state Unprocessed Rie Kikuchi Business trip expenses 62,810 yen Steady state Unprocessed Rie Kikuchi Business trip expenses 51,895 yen Steady state Unprocessed Nana Shimada Entertainment expenses 118,189 yen adjustment Unprocessed Daiki Ueno Training expenses 55,571 yen Steady state Unprocessed Daiki Ueno Consumables cost 10,712 yen Steady state Yuji Sakamoto Overtime pay adjustment 11,563 yen adjustment Unprocessed
HR (Human Resources and Payroll) System aa A☆ skewer human resources HR (Human Resources and Payroll) System FY2026・Human Resources Department Field Human resources operations Takuya Aoki Salary increase 8,634 yen ● Dashboard Asuka Kono Change in dependent deduction Steady state Unprocessed Expense reimbursement and payroll changes Kenichi Toyama Abolition of position allowances 16,424 yen Steady state Unprocessed ● Attendance and leave application ● Onboarding procedures Sakura Eguchi Abolition of position allowances 16,424 yen Ste",/payroll-items,employee id | full name | name | amount | status | processing comment | category | type | department | resident tax | attendance,approve | hold | awaiting_processing | unprocessed,Notepad/text | Word/document,word_assisted,0.9680132304703948
pi,transportation_expense,ses_20260701-190250-NEELA9BAF::25,ses_20260701-190250-NEELA9BAF,"HR人事給与システム = HR (Human Resources and Payroll) System | aあ A☆ = aa A☆ | 串 = skewer | 人事 = human resources | HR人事給与システム = HR (Human Resources and Payroll) System | 2026年度·人事部門 = FY2026・Human Resources Department | 田 = Field | 人事業務 = Human resources operations | 清水祥平 = Shohei Shimizu | 研修費 = Training expenses | 25,213円 = 25,213 yen | ● ダッシュボード = ● Dashboard | 清水祥平 = Shohei Shimizu | 交通費精算 = Transportation expense settlement | 24,395円 = 24,395 yen | 定常 = Steady state | 登録済み = Registered | 経費精算・給与変更 = Expense reimbursement and payroll changes | 島田奈々 = Nana Shimada | 消耗品費 = Consumables cost | 6,543円 = 6,543 yen | 定常 = Steady state | 登録済み = Registered | ● 勤怠・休暇申請 = ● Attendance and leave application | ● 入社手続き = ● Onboarding procedures | 菊池理恵 = Rie Kikuchi | 消耗品費 = Consumables cost | 8,691円 = 8,691 yen | 定常 = Steady state | 登録済み = Registered | ●福利厚生申請 = ● Application for employee benefits | 菊池理恵 = Rie Kikuchi | 接待交際費 = Entertainment expenses | 98,018円 = 98,018 yen | 調整 = adjustment | 登録済み = Registered | ● 住民税・その他 = ● Resident tax and other taxes | 遠山健一 = Kenichi Toyama | 消耗品費 = Consumables cost | 17,558円 = 17,558 yen | 定常 = Steady state | 登録済み = Registered | 青木拓也 = Takuya Aoki | 研修費 = Training expenses | 33,374円 = 33,374 yen | 定常 = Steady state | 登録済み = Registered | 菊池理恵 = Rie Kikuchi | 出張旅費 = Business trip expenses | 62,810円 = 62,810 yen | 定常 = Steady state | 登録済み = Registered | 菊池 理恵 = Rie Kikuchi | 出張旅費 = Business trip expenses | 51,895円 = 51,895 yen | 定常 = Steady state | 未処理 = Unprocessed | 島田奈々 = Nana Shimada | 接待交際費 = Entertainment expenses | 118,189円 = 118,189 yen | 調整 = adjustment | 未処理 = Unprocessed | 上野大樹 = Daiki Ueno | 研修費 = Training expenses | 55,571円 = 55,571 yen | 定常 = Steady state | 未処理 = Unprocessed | 上野大樹 = Daiki Ueno | 消耗品費 = Consumables cost | 10,712円 = 10,712 yen | 定常 = Steady state | 未処理 = Unprocessed | 坂本裕二 = Yuji Sakamoto | 残業手当調整 = Overtime pay adjustment | 11,563円 = 11,563 yen | 調整 = adjustment | 未処理 = Unprocessed | 石田 美奈 = Mina Ishida | 役職手当新設 = Ne","HR (Human Resources and Payroll) System aa A☆ skewer human resources HR (Human Resources and Payroll) System FY2026・Human Resources Department Field Human resources operations Shohei Shimizu Training expenses 25,213 yen ● Dashboard Shohei Shimizu Transportation expense settlement 24,395 yen Steady state Registered Expense reimbursement and payroll changes Nana Shimada Consumables cost 6,543 yen Steady state Registered ● Attendance and leave application ● Onboarding procedures Rie Kikuchi Consumables cost 8,691 yen Steady state Registered ● Application for employee benefits Rie Kikuchi Entertainment expenses 98,018 yen adjustment Registered ● Resident tax and other taxes Kenichi Toyama Consumables cost 17,558 yen Steady state Registered Takuya Aoki Training expenses 33,374 yen Steady state Registered Rie Kikuchi Business trip expenses 62,810 yen Steady state Registered Rie Kikuchi Business trip expenses 51,895 yen Steady state Unprocessed Nana Shimada Entertainment expenses 118,189 yen adjustment Unprocessed Daiki Ueno Training expenses 55,571 yen Steady state Unprocessed Daiki Ueno Consumables cost 10,712 yen Steady state Unprocessed Yuji Sakamoto Overtime pay adjustment 11,563 yen adjustment Unprocessed Mina Ishida New position-based allowance established. 25,158 yen Steady state Unprocessed Sakura Eguchi Change in dependent deduction Steady state Unprocessed Asuka Kono Salary increase 8,634 yen Steady state Unprocessed Ryosuke Kirishima Change in dependent deduction Steady state Go to Setti and activate Windows. Kenichi Toyama Change in dependent deduction Steady state Unprocessed
HR (Human Resources and Payroll) System aa A☆ skewer human resources HR (Human Resources and Payroll) System FY2026・Human Resources Department Field Human resources operations Takuya Aoki Salary increase 8,634 yen ● Dashboard Asuka Kono Change in dependent deduction Steady state Unprocessed Expense reimbursement and payroll changes Kenichi Toyama Abolition of position allowances 16,424 y",/payroll-items,employee id | amount | status | processing comment | category | type | department | resident tax | attendance,approve | hold | unprocessed,Notepad/text | Word/document,word_assisted,0.9672151689968828
pi,transportation_expense,ses_20260701-192455-NEELA9BAF::4,ses_20260701-192455-NEELA9BAF,"HR人事給与システム = HR (Human Resources and Payroll) System | aあ A☆ = aa A☆ | 人事 = human resources | HR人事給与システム = HR (Human Resources and Payroll) System | 2026年度·人事部門 = FY2026・Human Resources Department | 田 = Field | 白不几口点 = Shirofuringuchi point | 人事業務 = Human resources operations | 河野明日香 = Asuka Kono | 消耗品費 = Consumables cost | 22,045円 = 22,045 yen | ● ダッシュボード = ● Dashboard | 菊池理恵 = Rie Kikuchi | 出張旅費 = Business trip expenses | 26,271円 = 26,271 yen | 定常 = Steady state | 未処理 = Unprocessed | 経費精算・給与変更 = Expense reimbursement and payroll changes | 島田奈々 = Nana Shimada | 研修費 = Training expenses | 26,156円 = 26,156 yen | 定常 = Steady state | 未処理 = Unprocessed | ● 勤怠・休暇申請 = ● Attendance and leave application | ● 入社手続き = ● Onboarding procedures | 江口さくら = Sakura Eguchi | 接待交際費 = Entertainment expenses | 87,288円 = 87,288 yen | 調整 = adjustment | 未処理 = Unprocessed | ●福利厚生申請 = ● Application for employee benefits | 島田奈々 = Nana Shimada | 接待交際費 = Entertainment expenses | 110,668円 = 110,668 yen | 調整 = adjustment | 未処理 = Unprocessed | ● 住民税・その他 = ● Resident tax and other taxes | 寺本真由 = Mayu Teramoto | 消耗品費 = Consumables cost | 10,830円 = 10,830 yen | 定常 = Steady state | 未処理 = Unprocessed | 河野明日香 = Asuka Kono | 接待交際費 = Entertainment expenses | 115,761円 = 115,761 yen | 調整 = adjustment | 未処理 = Unprocessed | 江口さくら = Sakura Eguchi | 交通費精算 = Transportation expense settlement | 13,691円 = 13,691 yen | 定常 = Steady state | 未処理 = Unprocessed | 青木拓也 = Takuya Aoki | 扶養控除変更 = Change in dependent deduction | 定常 = Steady state | 未処理 = Unprocessed | 岡田智也 = Tomoya Okada | 昇給 = Salary increase | 20,263円 = 20,263 yen | 定常 = Steady state | 未処理 = Unprocessed | 島田奈々 = Nana Shimada | 役職手当新設 = New position-based allowance established. | 47,909円 = 47,909 yen | 定常 = Steady state | 未処理 = Unprocessed | 江口さくら = Sakura Eguchi | 役職手当新設 = New position-based allowance established. | 47,909円 = 47,909 yen | 定常 = Steady state | 未処理 = Unprocessed | 岡田智也 = Tomoya Okada | 役職手当廃止 = Abolition of position allowances | 9,578円 = 9,578","HR (Human Resources and Payroll) System aa A☆ human resources HR (Human Resources and Payroll) System FY2026・Human Resources Department Field Shirofuringuchi point Human resources operations Asuka Kono Consumables cost 22,045 yen ● Dashboard Rie Kikuchi Business trip expenses 26,271 yen Steady state Unprocessed Expense reimbursement and payroll changes Nana Shimada Training expenses 26,156 yen Steady state Unprocessed ● Attendance and leave application ● Onboarding procedures Sakura Eguchi Entertainment expenses 87,288 yen adjustment Unprocessed ● Application for employee benefits Nana Shimada Entertainment expenses 110,668 yen adjustment Unprocessed ● Resident tax and other taxes Mayu Teramoto Consumables cost 10,830 yen Steady state Unprocessed Asuka Kono Entertainment expenses 115,761 yen adjustment Unprocessed Sakura Eguchi Transportation expense settlement 13,691 yen Steady state Unprocessed Takuya Aoki Change in dependent deduction Steady state Unprocessed Tomoya Okada Salary increase 20,263 yen Steady state Unprocessed Nana Shimada New position-based allowance established. 47,909 yen Steady state Unprocessed Sakura Eguchi New position-based allowance established. 47,909 yen Steady state Unprocessed Tomoya Okada Abolition of position allowances 9,578 yen Steady state Unprocessed Asuka Kono New position-based allowance established. 47,909 yen Steady state Unprocessed Ishida Mina Overtime pay adjustment 9,895 yen adjustment Unprocessed Sakura Eguchi Change in dependent deduction Steady state Unprocessed Ryosuke Kirishima New position-based allowance established. 47,909 yen Steady state White M large L Residual industrial base details
HR (Human Resources and Payroll) System aa A☆ human resources HR (Human Resources and Payroll) System FY2026・Human Resources Department Field Human resources operations Mina Ishida Overtime pay adjustment 9,895 yen ● Dashboard Sakura Eguchi Change in dependent deduction Steady state Unprocessed Expense reimbursement and payroll chan",,employee id | amount | status | processing comment | type | department | resident tax | attendance,hold | unprocessed,Notepad/text,notepad_assisted,0.9659945937450901
pi,transportation_expense,ses_20260701-192455-NEELA9BAF::5,ses_20260701-192455-NEELA9BAF,"HR人事給与システム = HR (Human Resources and Payroll) System | aあ A☆ = aa A☆ | 人事 = human resources | HR人事給与システム = HR (Human Resources and Payroll) System | 2026年度·人事部門 = FY2026・Human Resources Department | 田 = Field | 江口さくら = Sakura Eguchi | 接待交際費 = Entertainment expenses | 87,288円 = 87,288 yen | 人事業務 = Human resources operations | ● ダッシュボード = ● Dashboard | 島田奈々 = Nana Shimada | 接待交際費 = Entertainment expenses | 110,668円 = 110,668 yen | 経費精算・給与変更 = Expense reimbursement and payroll changes | 寺本 真由 = Mayu Teramoto | 消耗品費 = Consumables cost | 10,830円 = 10,830 yen | 定常 = Steady state | 未処理 = Unprocessed | ● 勤怠・休暇申請 = ● Attendance and leave application | 河野明日香 = Asuka Kono | 接待交際費 = Entertainment expenses | 115,761円 = 115,761 yen | 調整 = adjustment | 未処理 = Unprocessed | ● 入社手続き = ● Onboarding procedures | 江口さくら = Sakura Eguchi | 交通費精算 = Transportation expense settlement | 13,691円 = 13,691 yen | 定常 = Steady state | 未処理 = Unprocessed | ●福利厚生申請 = ● Application for employee benefits | 青木拓也 = Takuya Aoki | 扶養控除変更 = Change in dependent deduction | 定常 = Steady state | 登録済み = Registered | ● 住民税・その他 = ● Resident tax and other taxes | 岡田智也 = Tomoya Okada | 昇給 = Salary increase | 20,263円 = 20,263 yen | 定常 = Steady state | 登録済み = Registered | 島田奈々 = Nana Shimada | 役職手当新設 = New position-based allowance established. | 47,909円 = 47,909 yen | 定常 = Steady state | 未処理 = Unprocessed | 江口さくら = Sakura Eguchi | 役職手当新設 = New position-based allowance established. | 47,909円 = 47,909 yen | 定常 = Steady state | 未処理 = Unprocessed | 岡田智也 = Tomoya Okada | 役職手当廃止 = Abolition of position allowances | 9,578円 = 9,578 yen | 定常 = Steady state | 未処理 = Unprocessed | 河野明日香 = Asuka Kono | 役職手当新設 = New position-based allowance established. | 47,909円 = 47,909 yen | 定常 = Steady state | 未処理 = Unprocessed | 石田美奈 = Ishida Mina | 残業手当調整 = Overtime pay adjustment | 9,895円 = 9,895 yen | 調整 = adjustment | 未処理 = Unprocessed | 江口さくら = Sakura Eguchi | 扶養控除変更 = Change in dependent deduction | 定常 = Steady state | 未処理 = Unprocessed | ","HR (Human Resources and Payroll) System aa A☆ human resources HR (Human Resources and Payroll) System FY2026・Human Resources Department Field Sakura Eguchi Entertainment expenses 87,288 yen Human resources operations ● Dashboard Nana Shimada Entertainment expenses 110,668 yen Expense reimbursement and payroll changes Mayu Teramoto Consumables cost 10,830 yen Steady state Unprocessed ● Attendance and leave application Asuka Kono Entertainment expenses 115,761 yen adjustment Unprocessed ● Onboarding procedures Sakura Eguchi Transportation expense settlement 13,691 yen Steady state Unprocessed ● Application for employee benefits Takuya Aoki Change in dependent deduction Steady state Registered ● Resident tax and other taxes Tomoya Okada Salary increase 20,263 yen Steady state Registered Nana Shimada New position-based allowance established. 47,909 yen Steady state Unprocessed Sakura Eguchi New position-based allowance established. 47,909 yen Steady state Unprocessed Tomoya Okada Abolition of position allowances 9,578 yen Steady state Unprocessed Asuka Kono New position-based allowance established. 47,909 yen Steady state Unprocessed Ishida Mina Overtime pay adjustment 9,895 yen adjustment Unprocessed Sakura Eguchi Change in dependent deduction Steady state Unprocessed Ryosuke Kirishima New position-based allowance established. 47,909 yen Steady state Unprocessed Nana Shimada Overtime pay adjustment 9,895 yen adjustment Unprocessed Ayako Takeuchi Change in dependent deduction Steady state Unprocessed Daiki Ueno Overtime pay adjustment 9,895 yen adjustment",,department | resident tax | attendance,unprocessed,Notepad/text,notepad_assisted,0.9836210086941719
pi,transportation_expense,ses_20260701-192455-NEELA9BAF::17,ses_20260701-192455-NEELA9BAF,"HR人事給与システム = HR (Human Resources and Payroll) System | aあ A☆ = aa A☆ | 人事 = human resources | HR人事給与システム = HR (Human Resources and Payroll) System | 2026年度·人事部門 = FY2026・Human Resources Department | 田 = Field | 人事業務 = Human resources operations | 石田美奈 = Ishida Mina | 残業手当調整 = Overtime pay adjustment | 9,895円 = 9,895 yen | ● ダッシュボード = ● Dashboard | 江口さくら = Sakura Eguchi | 扶養控除変更 = Change in dependent deduction | 定常 = Steady state | 未処理 = Unprocessed | 経費精算·給与変更 = Expense reimbursement and payroll changes | 桐島涼介 = Ryosuke Kirishima | 役職手当新設 = New position-based allowance established. | 47,909円 = 47,909 yen | 定常 = Steady state | 未処理 = Unprocessed | ●勤怠・休暇申請 = ● Attendance and leave application | ● 入社手続き = ● Onboarding procedures | 島田奈々 = Nana Shimada | 残業手当調整 = Overtime pay adjustment | 9,895円 = 9,895 yen | 調整 = adjustment | 未処理 = Unprocessed | ●福利厚生申請 = ● Application for employee benefits | 竹内彩子 = Ayako Takeuchi | 扶養控除変更 = Change in dependent deduction | 定常 = Steady state | 未処理 = Unprocessed | ● 住民税・その他 = ● Resident tax and other taxes | 上野大樹 = Daiki Ueno | 残業手当調整 = Overtime pay adjustment | 9,895円 = 9,895 yen | 調整 = adjustment | 未処理 = Unprocessed | 詳細—P1-07040532-002·島田 奈々 = Details—P1-07040532-002 · Nana Shimada | 未処理 = Unprocessed | 管理ID = Management ID | 社員ID = Employee ID | 区分 = classification | 交通費精算 = Transportation expense settlement | 種別 = type | 定常 = Steady state | 金額 = Amount | 17,019円 = 17,019 yen | ステータス = status | 未処理 = Unprocessed | 参照：申請者区分：regular 承認権限：人事担当 = Reference: Applicant category: regular Approval authority: Human Resources | 処理コメント = Processing comments | 経費精算確認済み。費目：交通費精算 = Expense reimbursement confirmed. Expense item: Transportation expenses. | 金額：17,019円。規程内であることを確認した。 = Amount: 17,019 yen. Confirmed to be within the regulations. | ✓ 登録確定 = ✓ Registration confirmed | ""保留 = &quot;on hold","HR (Human Resources and Payroll) System aa A☆ human resources HR (Human Resources and Payroll) System FY2026・Human Resources Department Field Human resources operations Ishida Mina Overtime pay adjustment 9,895 yen ● Dashboard Sakura Eguchi Change in dependent deduction Steady state Unprocessed Expense reimbursement and payroll changes Ryosuke Kirishima New position-based allowance established. 47,909 yen Steady state Unprocessed ● Attendance and leave application ● Onboarding procedures Nana Shimada Overtime pay adjustment 9,895 yen adjustment Unprocessed ● Application for employee benefits Ayako Takeuchi Change in dependent deduction Steady state Unprocessed ● Resident tax and other taxes Daiki Ueno Overtime pay adjustment 9,895 yen adjustment Unprocessed Details—P1-07040532-002 · Nana Shimada Unprocessed Management ID Employee ID classification Transportation expense settlement type Steady state Amount 17,019 yen status Unprocessed Reference: Applicant category: regular Approval authority: Human Resources Processing comments Expense reimbursement confirmed. Expense item: Transportation expenses. Amount: 17,019 yen. Confirmed to be within the regulations. ✓ Registration confirmed &quot;on hold",,employee id | amount | status | processing comment | category | type | department | resident tax | attendance,approve | hold | unprocessed,Notepad/text | Word/document,word_assisted,0.9737146654348264
pi,transportation_expense,ses_20260701-192455-NEELA9BAF::40,ses_20260701-192455-NEELA9BAF,"HR人事給与システム = HR (Human Resources and Payroll) System | aあ A☆ = aa A☆ | 人事 = human resources | HR人事給与システム = HR (Human Resources and Payroll) System | 2026年度·人事部門 = FY2026・Human Resources Department | 田 = Field | 人事業務 = Human resources operations | 津田将太 = Shota Tsuda | 研修費 = Training expenses | 51,533円 = 51,533 yen | ● ダッシュボード = ● Dashboard | 島田奈々 = Nana Shimada | 交通費精算 = Transportation expense settlement | 17,019円 = 17,019 yen | 定常 = Steady state | 登録済み = Registered | 経費精算・給与変更 = Expense reimbursement and payroll changes | 青木拓也 = Takuya Aoki | 出張旅費 = Business trip expenses | 79,280円 = 79,280 yen | 定常 = Steady state | 登録済み = Registered | ● 勤怠・休暇申請 = ● Attendance and leave application | 江口さくら = Sakura Eguchi | 消耗品費 = Consumables cost | 5,638円 = 5,638 yen | 定常 = Steady state | ● 入社手続き = ● Onboarding procedures | 登録済み = Registered | ●福利厚生申請 = ● Application for employee benefits | 河野明日香 = Asuka Kono | 消耗品費 = Consumables cost | 22,045円 = 22,045 yen | 定常 = Steady state | 登録済み = Registered | ● 住民税・その他 = ● Resident tax and other taxes | 菊池理恵 = Rie Kikuchi | 出張旅費 = Business trip expenses | 26,271円 = 26,271 yen | 定常 = Steady state | 登録済み = Registered | 島田奈々 = Nana Shimada | 研修費 = Training expenses | 26,156円 = 26,156 yen | 定常 = Steady state | 登録済み = Registered | 江口さくら = Sakura Eguchi | 接待交際費 = Entertainment expenses | 87,288円 = 87,288 yen | 調整 = adjustment | 登録済み = Registered | 島田奈々 = Nana Shimada | 接待交際費 = Entertainment expenses | 110,668円 = 110,668 yen | 調整 = adjustment | 未処理 = Unprocessed | 寺本真由 = Mayu Teramoto | 消耗品費 = Consumables cost | 10,830円 = 10,830 yen | 定常 = Steady state | 未処理 = Unprocessed | 河野明日香 = Asuka Kono | 接待交際費 = Entertainment expenses | 115,761円 = 115,761 yen | 調整 = adjustment | 未処理 = Unprocessed | 江口さくら = Sakura Eguchi | 交通費精算 = Transportation expense settlement | 13,691円 = 13,691 yen | 定常 = Steady state | 未処理 = Unprocessed | 青木拓也 = Takuya Aoki | 扶養控除変更 = Change in dependent deduction | 定常 = Steady state | 登録済み = Registered | 岡田智也 = Tomoya Okada | 昇給 = Salar","HR (Human Resources and Payroll) System aa A☆ human resources HR (Human Resources and Payroll) System FY2026・Human Resources Department Field Human resources operations Shota Tsuda Training expenses 51,533 yen ● Dashboard Nana Shimada Transportation expense settlement 17,019 yen Steady state Registered Expense reimbursement and payroll changes Takuya Aoki Business trip expenses 79,280 yen Steady state Registered ● Attendance and leave application Sakura Eguchi Consumables cost 5,638 yen Steady state ● Onboarding procedures Registered ● Application for employee benefits Asuka Kono Consumables cost 22,045 yen Steady state Registered ● Resident tax and other taxes Rie Kikuchi Business trip expenses 26,271 yen Steady state Registered Nana Shimada Training expenses 26,156 yen Steady state Registered Sakura Eguchi Entertainment expenses 87,288 yen adjustment Registered Nana Shimada Entertainment expenses 110,668 yen adjustment Unprocessed Mayu Teramoto Consumables cost 10,830 yen Steady state Unprocessed Asuka Kono Entertainment expenses 115,761 yen adjustment Unprocessed Sakura Eguchi Transportation expense settlement 13,691 yen Steady state Unprocessed Takuya Aoki Change in dependent deduction Steady state Registered Tomoya Okada Salary increase 20,263 yen Steady state Registered Nana Shimada New position-based allowance established. 47,909 yen Steady state Registered Sakura Eguchi New position-based allowance established. 47,909 yen Steady state Registered Tomoya Okada Abolition of position allowances 9,578 yen Steady state Go to Setti and activate Windows. Asuka Kono New position-based allowance established. 47,909 yen Steady state Unprocessed",,department | resident tax | attendance,unprocessed,Notepad/text | Word/document,word_assisted,0.9848431099794412
pi,transportation_expense,ses_20260701-192455-NEELA9BAF::41,ses_20260701-192455-NEELA9BAF,"HR人事給与システム = HR (Human Resources and Payroll) System | aあ A☆ = aa A☆ | 人事 = human resources | HR人事給与システム = HR (Human Resources and Payroll) System | 2026年度·人事部門 = FY2026・Human Resources Department | 田 = Field | 开 = Open | 人事業務 = Human resources operations | 青木拓也 = Takuya Aoki | 出張旅費 = Business trip expenses | 79,280円 = 79,280 yen | ● ダッシュボード = ● Dashboard | 江口さくら = Sakura Eguchi | 消耗品費 = Consumables cost | 5,638円 = 5,638 yen | 定常 = Steady state | 登録済み = Registered | 経費精算・給与変更 = Expense reimbursement and payroll changes | 河野明日香 = Asuka Kono | 消耗品費 = Consumables cost | 22,045円 = 22,045 yen | 定常 = Steady state | 登録済み = Registered | ● 勤怠・休暇申請 = ● Attendance and leave application | ● 入社手続き = ● Onboarding procedures | 菊池理恵 = Rie Kikuchi | 出張旅費 = Business trip expenses | 26,271円 = 26,271 yen | 定常 = Steady state | 登録済み = Registered | ●福利厚生申請 = ● Application for employee benefits | 島田奈々 = Nana Shimada | 研修費 = Training expenses | 26,156円 = 26,156 yen | 定常 = Steady state | 登録済み = Registered | ● 住民税・その他 = ● Resident tax and other taxes | 江口さくら = Sakura Eguchi | 接待交際費 = Entertainment expenses | 87,288円 = 87,288 yen | 調整 = adjustment | 登録済み = Registered | 島田奈々 = Nana Shimada | 接待交際費 = Entertainment expenses | 110,668円 = 110,668 yen | 調整 = adjustment | 登録済み = Registered | 寺本真由 = Mayu Teramoto | 消耗品費 = Consumables cost | 10,830円 = 10,830 yen | 定常 = Steady state | 登録済み = Registered | 河野明日香 = Asuka Kono | 接待交際費 = Entertainment expenses | 115,761円 = 115,761 yen | 調整 = adjustment | 未処理 = Unprocessed | 江口さくら = Sakura Eguchi | 交通費精算 = Transportation expense settlement | 13,691円 = 13,691 yen | 定常 = Steady state | 未処理 = Unprocessed | 青木拓也 = Takuya Aoki | 扶養控除変更 = Change in dependent deduction | 定常 = Steady state | 登録済み = Registered | 岡田智也 = Tomoya Okada | 昇給 = Salary increase | 20,263円 = 20,263 yen | 定常 = Steady state | 登録済み = Registered | 島田奈々 = Nana Shimada | 役職手当新設 = New position-based allowance established. | 47,909円 = 47,909 yen | 定常 = Steady state | 登録済み = Registered | 江口さくら = Sakura","HR (Human Resources and Payroll) System aa A☆ human resources HR (Human Resources and Payroll) System FY2026・Human Resources Department Field Open Human resources operations Takuya Aoki Business trip expenses 79,280 yen ● Dashboard Sakura Eguchi Consumables cost 5,638 yen Steady state Registered Expense reimbursement and payroll changes Asuka Kono Consumables cost 22,045 yen Steady state Registered ● Attendance and leave application ● Onboarding procedures Rie Kikuchi Business trip expenses 26,271 yen Steady state Registered ● Application for employee benefits Nana Shimada Training expenses 26,156 yen Steady state Registered ● Resident tax and other taxes Sakura Eguchi Entertainment expenses 87,288 yen adjustment Registered Nana Shimada Entertainment expenses 110,668 yen adjustment Registered Mayu Teramoto Consumables cost 10,830 yen Steady state Registered Asuka Kono Entertainment expenses 115,761 yen adjustment Unprocessed Sakura Eguchi Transportation expense settlement 13,691 yen Steady state Unprocessed Takuya Aoki Change in dependent deduction Steady state Registered Tomoya Okada Salary increase 20,263 yen Steady state Registered Nana Shimada New position-based allowance established. 47,909 yen Steady state Registered Sakura Eguchi New position-based allowance established. 47,909 yen Steady state Registered Tomoya Okada Abolition of position allowances 9,578 yen Steady state Unprocessed Asuka Kono New position-based allowance established. 47,909 yen Steady state Unprocessed Mina Ishida Overtime pay adjustment 9,895 yen adjustment Tノ: ++Mimakura Hara Re Ning Party Doka m
HR (Human Resources and Payroll) System aa A☆ human resources HR (Human Resources and Payroll) System FY2026・Human Resources Department Field Human resources operations Ishida Mina Overtime pay adjustment 9,895 yen ● Dashboard Sakura Eguchi Change in dependent deduction Steady state Unprocessed Expense reimbursement and payroll changes Ryosuke Kirishima New position-based allowance established. ",,employee id | amount | status | processing comment | category | type | department | resident tax | attendance,approve | hold | unprocessed,Notepad/text | Word/document,word_assisted,0.9696860894483571
pi,transportation_expense,ses_20260701-192455-NEELA9BAF::42,ses_20260701-192455-NEELA9BAF,"HR人事給与システム = HR (Human Resources and Payroll) System | aあ A☆ = aa A☆ | 人事 = human resources | HR人事給与システム = HR (Human Resources and Payroll) System | 2026年度·人事部門 = FY2026・Human Resources Department | 田 = Field | 人事業務 = Human resources operations | 石田美奈 = Ishida Mina | 残業手当調整 = Overtime pay adjustment | 9,895円 = 9,895 yen | ● ダッシュボード = ● Dashboard | 江口さくら = Sakura Eguchi | 扶養控除変更 = Change in dependent deduction | 定常 = Steady state | 未処理 = Unprocessed | 経費精算·給与変更 = Expense reimbursement and payroll changes | 桐島涼介 = Ryosuke Kirishima | 役職手当新設 = New position-based allowance established. | 47,909円 = 47,909 yen | 定常 = Steady state | 未処理 = Unprocessed | ● 勤怠・休暇申請 = ● Attendance and leave application | ● 入社手続き = ● Onboarding procedures | 島田奈々 = Nana Shimada | 残業手当調整 = Overtime pay adjustment | 9,895円 = 9,895 yen | 調整 = adjustment | 未処理 = Unprocessed | ●福利厚生申請 = ● Application for employee benefits | 竹内彩子 = Ayako Takeuchi | 扶養控除変更 = Change in dependent deduction | 定常 = Steady state | 未処理 = Unprocessed | ● 住民税・その他 = ● Resident tax and other taxes | 上野大樹 = Daiki Ueno | 残業手当調整 = Overtime pay adjustment | 9,895円 = 9,895 yen | 調整 = adjustment | 未処理 = Unprocessed | 詳細P1-07040532-012·江口 さくら = Details P1-07040532-012 · Sakura Eguchi | 未処理 = Unprocessed | 管理ID = Management ID | 社員ID = Employee ID | 区分 = classification | 交通費精算 = Transportation expense settlement | 種別 = type | 定常 = Steady state | 金額 = Amount | 13,691円 = 13,691 yen | ステータス = status | 未処理 = Unprocessed | 参照：申請者区分：regular 承認権限：人事担当 = Reference: Applicant category: regular Approval authority: Human Resources | 処理コメント = Processing comments | 処理内容・確認コメントを入力してください… = Please enter the processing details and confirmation comments... | ✓ 登録確定 = ✓ Registration confirmed | ""保留 = &quot;on hold","HR (Human Resources and Payroll) System aa A☆ human resources HR (Human Resources and Payroll) System FY2026・Human Resources Department Field Human resources operations Ishida Mina Overtime pay adjustment 9,895 yen ● Dashboard Sakura Eguchi Change in dependent deduction Steady state Unprocessed Expense reimbursement and payroll changes Ryosuke Kirishima New position-based allowance established. 47,909 yen Steady state Unprocessed ● Attendance and leave application ● Onboarding procedures Nana Shimada Overtime pay adjustment 9,895 yen adjustment Unprocessed ● Application for employee benefits Ayako Takeuchi Change in dependent deduction Steady state Unprocessed ● Resident tax and other taxes Daiki Ueno Overtime pay adjustment 9,895 yen adjustment Unprocessed Details P1-07040532-012 · Sakura Eguchi Unprocessed Management ID Employee ID classification Transportation expense settlement type Steady state Amount 13,691 yen status Unprocessed Reference: Applicant category: regular Approval authority: Human Resources Processing comments Please enter the processing details and confirmation comments... ✓ Registration confirmed &quot;on hold",,employee id | amount | status | processing comment | category | type | department | resident tax | attendance,approve | hold | unprocessed,Notepad/text | Word/document,word_assisted,0.9644273300280516
la,attendance_leave,ses_20260701-175258-LAPTOP-76QMG9DE::26,ses_20260701-175258-LAPTOP-76QMG9DE,"HR人事給与システム = HR (Human Resources and Payroll) System | HR人事給与システム = HR (Human Resources and Payroll) System | aあ = aa | 人事 = human resources | HR人事給与システム = HR (Human Resources and Payroll) System | 2026年度·人事部門 = FY2026・Human Resources Department | 2026/07/0123:29:46 田中麻里·人事マネージャー = 2026/07/01 23:29:46 Mari Tanaka, Human Resources Manager | 田 = Field | 人事業務 = Human resources operations | 石田美奈 = Ishida Mina | 出張旅費 = Business trip expenses | 29,289円 = 29,289 yen | 定常 = Steady state | 登録済み = Registered | ダッシュボード = Dashboard | 菊池理恵 = Rie Kikuchi | 交通費精算 = Transportation expense settlement | 15,570円 = 15,570 yen | 定常 = Steady state | 登録済み = Registered | 経費精算·給与変更 = Expense reimbursement and payroll changes | 坂本裕二 = Yuji Sakamoto | 研修費 = Training expenses | 11,116円 = 11,116 yen | 定常 = Steady state | 登録済み = Registered | 勤怠・休暇申請 = Attendance and leave application | 菊池理恵 = Rie Kikuchi | 昇給 = Salary increase | 16,288円 = 16,288 yen | 定常 = Steady state | 登録済み = Registered | 入社手続き = Onboarding procedures | 青木拓也 = Takuya Aoki | 役職手当廃止 = Abolition of position allowances | 福利厚生申請 = Employee benefits application | 17,344円 = 17,344 yen | 定常 = Steady state | 登録済み = Registered | 住民税・その他 = Resident tax and other taxes | 桐島凉介 = Ryosuke Kirishima | 役職手当廃止 = Abolition of position allowances | 17,344円 = 17,344 yen | 定常 = Steady state | 登録済み = Registered | 江口さくら = Sakura Eguchi | 役職手当廃止 = Abolition of position allowances | 17,344円 = 17,344 yen | 定常 = Steady state | 登録済み = Registered | 岡田智也 = Tomoya Okada | 昇給 = Salary increase | 16,288円 = 16,288 yen | 定常 = Steady state | 未処理 = Unprocessed | 遠山健一 = Kenichi Toyama | 扶養控除変更 = Change in dependent deduction | 定常 = Steady state | 未処理 = Unprocessed | 青木拓也 = Takuya Aoki | 役職手当廃止 = Abolition of position allowances | 17,344円 = 17,344 yen | 定常 = Steady state | 未処理 = Unprocessed | 岡田智也 = Tomoya Okada | 役職手当新設 = New position-based allowance established. | 12,922円 = 12,922 yen | 定常 = Steady state | 未処理 = Unprocessed | 石田美奈 = Ishida Mina | 役職手当廃止 = Abolitio","HR (Human Resources and Payroll) System HR (Human Resources and Payroll) System aa human resources HR (Human Resources and Payroll) System FY2026・Human Resources Department 2026/07/01 23:29:46 Mari Tanaka, Human Resources Manager Field Human resources operations Ishida Mina Business trip expenses 29,289 yen Steady state Registered Dashboard Rie Kikuchi Transportation expense settlement 15,570 yen Steady state Registered Expense reimbursement and payroll changes Yuji Sakamoto Training expenses 11,116 yen Steady state Registered Attendance and leave application Rie Kikuchi Salary increase 16,288 yen Steady state Registered Onboarding procedures Takuya Aoki Abolition of position allowances Employee benefits application 17,344 yen Steady state Registered Resident tax and other taxes Ryosuke Kirishima Abolition of position allowances 17,344 yen Steady state Registered Sakura Eguchi Abolition of position allowances 17,344 yen Steady state Registered Tomoya Okada Salary increase 16,288 yen Steady state Unprocessed Kenichi Toyama Change in dependent deduction Steady state Unprocessed Takuya Aoki Abolition of position allowances 17,344 yen Steady state Unprocessed Tomoya Okada New position-based allowance established. 12,922 yen Steady state Unprocessed Ishida Mina Abolition of position allowances 17,344 yen Steady state Unprocessed Nana Shimada Salary increase 16,288 yen Steady state Unprocessed Sakura Eguchi Salary increase 16,288 yen Steady state Unprocessed Daiki Ueno Abolition of position allowances 17,344 yen Steady state Unprocessed
Financial accounting system Financial accounting system aa finance Financial accounting system Fiscal Year 2026 - Accounting Department 2026/07/01 23:29:47 Naoki Sato, Accounting Manager Sa Financial accounting operations Dashboard / Expense Approval (for Managers) Dashboard Expense approval (management) Invoice Approval / Expense Settlement 12 items · 12 items pending calculation List of applications Expense approval (management) Payment ",/leave-applications,employee id | full name | name | amount | status | category | type | department | resident tax | attendance,approve | unprocessed,Notepad/text | Word/document,word_assisted,0.9529976670695269
la,attendance_leave,ses_20260701-175747-SIDDHIGUPTAB00B::28,ses_20260701-175747-SIDDHIGUPTAB00B,"HR人事給与システム = HR (Human Resources and Payroll) System | HR人事給与システム = HR (Human Resources and Payroll) System | aあA = aaA | 率 = rate | 人事 = human resources | HR人事給与システム = HR (Human Resources and Payroll) System | 2026年度·人事部門 = FY2026・Human Resources Department | 田中麻里・人事マネージャー = Mari Tanaka, Human Resources Manager | 田 = Field | 申請一覧 = List of applications | 人事業務 = Human resources operations | ● ダッシュボード = ● Dashboard | 社員ID = Employee ID | 氏名 = full name | 申請種別 = Application Type | 期間·詳細 = Duration/Details | 部署 = Department | ステータス = status | 経費精算·給与変更 = Expense reimbursement and payroll changes | 桐島 凉介 = Ryosuke Kirishima | 半日有給申請 = Application for half-day paid leave | 開発部 = Development Department | 承認 = approval | ● 勤怠・休暇申請 = ● Attendance and leave application | 遠山健一 = Kenichi Toyama | 代休申請 = Request for compensatory leave | 営業部 = Sales Department | 承認 = approval | ● 入社手続き = ● Onboarding procedures | ● 福利厚生申請 = ● Application for employee benefits | 岡田智也 = Tomoya Okada | 年次有給休暇 = Annual paid leave | 物流部 = Logistics department | 承認 = approval | ● 住民税・その他 = ● Resident tax and other taxes | 菊池理恵 = Rie Kikuchi | 特別休暇(慶弔) = Special leave (for celebrations and condolences) | 営業部 = Sales Department | 承認 = approval | 遠山健一 = Kenichi Toyama | フレックス変更申請 = Flexible work schedule change application | 営業部 = Sales Department | 承認 = approval | 遠山健一 = Kenichi Toyama | 特別休暇(慶弔) = Special leave (for celebrations and condolences) | 営業部 = Sales Department | 申請中 = Currently applying | 竹内彩子 = Ayako Takeuchi | 半日有給申請 = Application for half-day paid leave | 営業部 = Sales Department | 申請中 = Currently applying | 寺本 真由 = Mayu Teramoto | 代休申請 = Request for compensatory leave | 企画部 = Planning Department | 申請中 = Currently applying | 江口さくら = Sakura Eguchi | 特別休暇(慶弔) = Special leave (for celebrations and condolences) | 人事部 = Human resources department | 申請中 = Currently applying | 寺本 真由 = Mayu Teramoto | フレックス変更申請 = Flexible work schedule change application | 企画部 = Planning Department | 申請中 = Currently","HR (Human Resources and Payroll) System HR (Human Resources and Payroll) System aaA rate human resources HR (Human Resources and Payroll) System FY2026・Human Resources Department Mari Tanaka, Human Resources Manager Field List of applications Human resources operations ● Dashboard Employee ID full name Application Type Duration/Details Department status Expense reimbursement and payroll changes Ryosuke Kirishima Application for half-day paid leave Development Department approval ● Attendance and leave application Kenichi Toyama Request for compensatory leave Sales Department approval ● Onboarding procedures ● Application for employee benefits Tomoya Okada Annual paid leave Logistics department approval ● Resident tax and other taxes Rie Kikuchi Special leave (for celebrations and condolences) Sales Department approval Kenichi Toyama Flexible work schedule change application Sales Department approval Kenichi Toyama Special leave (for celebrations and condolences) Sales Department Currently applying Ayako Takeuchi Application for half-day paid leave Sales Department Currently applying Mayu Teramoto Request for compensatory leave Planning Department Currently applying Sakura Eguchi Special leave (for celebrations and condolences) Human resources department Currently applying Mayu Teramoto Flexible work schedule change application Planning Department Currently applying Mayu Teramoto Flexible work schedule change application Planning Department Currently applying Mayu Teramoto Annual paid leave Astivate Windows GP2-07106250-005: Application approved.
HR (Human Resources and Payroll) System HR (Human Resources and Payroll) System aaA human resources HR (Human Resources and Payroll) System FY2026・Human Resources Department Mari Tanaka, Human Resources Manager Field List of applications Human resources operations ● Dashboard Employee ID full name Application Type Period and details Department status Expense reimbursement and payroll changes Ryosuke Kirishima Application for",/leave-applications,employee id | full name | name | status | type | department | resident tax | paid leave | attendance,approve,Notepad/text | Word/document,word_assisted,0.9586216361180192
la,attendance_leave,ses_20260701-180923-NEELA9BAF::27,ses_20260701-180923-NEELA9BAF,"精算確認メモ = Settlement confirmation memo | 三< = three | 精算確認メモ = Settlement confirmation memo | 経費精算確認済み。費目：交通賓 = Expense reimbursement confirmed. Expense item: Transportation/Guests | 曰 = He says
HR人事給与システム = HR (Human Resources and Payroll) System | HR人事給与システム = HR (Human Resources and Payroll) System | aあ A☆ = aa A☆ | 人事 = human resources | HR人事給与システム = HR (Human Resources and Payroll) System | 2026年度·人事部門 = FY2026・Human Resources Department | 田中 麻里・人事マネージャー = Mari Tanaka, Human Resources Manager | 田 = Field | 人事業務 = Human resources operations | ダッシュボードノ勤怠・休暇申請 = Dashboard Attendance and Leave Application | ● ダッシュボード = ● Dashboard | 勤怠・休暇申請 = Attendance and leave application | 経費精算·給与変更 = Expense reimbursement and payroll changes | 12件·12件申請中 = 12 items · 12 items pending | ● 勤怠・休暇申請 = ● Attendance and leave application | 申請一覧 = List of applications | ● 入社手続き = ● Onboarding procedures | 社員ID = Employee ID | 氏名 = full name | 申請種別 = Application Type | 期間·詳細 = Duration/Details | 部署 = Department | ステータス = status | ● 福利厚生申請 = ● Application for employee benefits | 津田将太 = Shota Tsuda | 年次有給休暇 = Annual paid leave | 物流部 = Logistics department | 申請中 = Currently applying | ● 住民税・その他 = ● Resident tax and other taxes | 石田 美奈 = Mina Ishida | 代休申請 = Request for compensatory leave | 開発部 = Development Department | 申請中 = Currently applying | 江口さくら = Sakura Eguchi | 特別休暇（慶弔) = Special leave (for celebrations and condolences) | 人事部 = Human resources department | 申請中 = Currently applying | 上野大樹 = Daiki Ueno | 代休申請 = Request for compensatory leave | 経理部 = Accounting Department | 申請中 = Currently applying | 寺本 真由 = Mayu Teramoto | 特別休暇（慶弔） = Special leave (for celebrations and condolences) | 企画部 = Planning Department | 申請中 = Currently applying | 青木拓也 = Takuya Aoki | 代休申請 = Request for compensatory leave | 営業部 = Sales Department | 申請中 = Currently applying | 坂本裕二 = Yuji Sakamoto | 半日有給申請 = Application for half-day paid leave | 人事部 = Human resources department | 申請中 = Currently applying | 上野大","Settlement confirmation memo three Settlement confirmation memo Expense reimbursement confirmed. Expense item: Transportation/Guests He says
HR (Human Resources and Payroll) System HR (Human Resources and Payroll) System aa A☆ human resources HR (Human Resources and Payroll) System FY2026・Human Resources Department Mari Tanaka, Human Resources Manager Field Human resources operations Dashboard Attendance and Leave Application ● Dashboard Attendance and leave application Expense reimbursement and payroll changes 12 items · 12 items pending ● Attendance and leave application List of applications ● Onboarding procedures Employee ID full name Application Type Duration/Details Department status ● Application for employee benefits Shota Tsuda Annual paid leave Logistics department Currently applying ● Resident tax and other taxes Mina Ishida Request for compensatory leave Development Department Currently applying Sakura Eguchi Special leave (for celebrations and condolences) Human resources department Currently applying Daiki Ueno Request for compensatory leave Accounting Department Currently applying Mayu Teramoto Special leave (for celebrations and condolences) Planning Department Currently applying Takuya Aoki Request for compensatory leave Sales Department Currently applying Yuji Sakamoto Application for half-day paid leave Human resources department Currently applying Daiki Ueno Annual paid leave Accounting Department Currently applying Rie Kikuchi Request for compensatory leave Sales Department Currently applying Ryosuke Kirishima Flexible work schedule change application Development Department Currently applying Tomoya Okada Flexible work schedule change application Logistics department Currently applying Daiki Ueno Request for compensatory leave Accounting Department P1-07048822-006: Registration confirmed.
HR (Human Resources and Payroll) System HR (Human Resources and Payroll) System aa A☆ rate human resources HR (Human Resources and Payroll) System FY2026・Human",/leave-applications,employee id | full name | name | status | type | department | resident tax | paid leave | attendance,approve,Notepad/text | Word/document,word_assisted,0.9638911450243437
la,attendance_leave,ses_20260701-180923-NEELA9BAF::29,ses_20260701-180923-NEELA9BAF,"×HR人事給与システム = ×HR Human Resources and Payroll System | HR人事給与システム = HR (Human Resources and Payroll) System | aあ A☆ = aa A☆ | 人事 = human resources | HR人事給与システム = HR (Human Resources and Payroll) System | 2026年度·人事部門 = FY2026・Human Resources Department | 2026/07/01 23:50:23 田中 麻里・人事マネージャー = 2026/07/01 23:50:23 Mari Tanaka, Human Resources Manager | 田 = Field | 人事業務 = Human resources operations | ダッシュポードノ勤怠・休暇申請 = Dashportono Attendance and Leave Application | ● ダッシュボード = ● Dashboard | 勤怠・休暇申請 = Attendance and leave application | 経費精算·給与変更 = Expense reimbursement and payroll changes | 12件·7件申請中 = 12 items・7 items pending | ● 勤怠・休暇申請 = ● Attendance and leave application | 申請一覧 = List of applications | ● 入社手続き = ● Onboarding procedures | 社員ID = Employee ID | 氏名 = full name | 申請種別 = Application Type | 期間·詳細 = Duration/Details | 部署 = Department | ステータス = status | ● 福利厚生申請 = ● Application for employee benefits | ● 住民税・その他 = ● Resident tax and other taxes | 津田 将太 = Shota Tsuda | 年次有給休暇 = Annual paid leave | 物流部 = Logistics department | 承認 = approval | 石田 美奈 = Mina Ishida | 代休申請 = Request for compensatory leave | 開発部 = Development Department | 承認 = approval | 江口さくら = Sakura Eguchi | 特別休暇（慶弔） = Special leave (for celebrations and condolences) | 人事部 = Human resources department | 承認 = approval | 上野 大樹 = Daiki Ueno | 代休申請 = Request for compensatory leave | 経理部 = Accounting Department | 承認 = approval | 寺本 真由 = Mayu Teramoto | 特別休暇（慶弔） = Special leave (for celebrations and condolences) | 企画部 = Planning Department | 承認 = approval | 青木拓也 = Takuya Aoki | 代休申請 = Request for compensatory leave | 営業部 = Sales Department | 申請中 = Currently applying | 坂本裕二 = Yuji Sakamoto | 半日有給申請 = Application for half-day paid leave | 人事部 = Human resources department | 申請中 = Currently applying | 上野 大樹 = Daiki Ueno | 年次有給休暇 = Annual paid leave | 経理部 = Accounting Department | 申請中 = Currently applying | 菊池理恵 = Rie Kikuchi | 代休申請 = Request for compensatory leave | 営業部 = Sales Department | 申請中 = Currently app","×HR Human Resources and Payroll System HR (Human Resources and Payroll) System aa A☆ human resources HR (Human Resources and Payroll) System FY2026・Human Resources Department 2026/07/01 23:50:23 Mari Tanaka, Human Resources Manager Field Human resources operations Dashportono Attendance and Leave Application ● Dashboard Attendance and leave application Expense reimbursement and payroll changes 12 items・7 items pending ● Attendance and leave application List of applications ● Onboarding procedures Employee ID full name Application Type Duration/Details Department status ● Application for employee benefits ● Resident tax and other taxes Shota Tsuda Annual paid leave Logistics department approval Mina Ishida Request for compensatory leave Development Department approval Sakura Eguchi Special leave (for celebrations and condolences) Human resources department approval Daiki Ueno Request for compensatory leave Accounting Department approval Mayu Teramoto Special leave (for celebrations and condolences) Planning Department approval Takuya Aoki Request for compensatory leave Sales Department Currently applying Yuji Sakamoto Application for half-day paid leave Human resources department Currently applying Daiki Ueno Annual paid leave Accounting Department Currently applying Rie Kikuchi Request for compensatory leave Sales Department Currently applying Ryosuke Kirishima Flexible work schedule change application Development Department Currently applying Tomoya Okada Flexible work schedule change application Logistics department Currently applying Daiki Ueno Request for compensatory leave Accounting Department Currently applying P2-07048822-005: Application approved.
HR (Human Resources and Payroll) System HR (Human Resources and Payroll) System aaA rate human resources HR (Human Resources and Payroll) System FY2026・Human Resources Department Mari Tanaka, Human Resources Manager Field Human resources operations Dashboard Attendance and Leave Application ● Dashboard Attendance ",/leave-applications,employee id | full name | name | status | type | department | resident tax | paid leave | attendance,approve,Notepad/text | Word/document,word_assisted,0.970676501472026
la,attendance_leave,ses_20260701-181413-LAPTOP-76QMG9DE::5,ses_20260701-181413-LAPTOP-76QMG9DE,"HR人事給与システム = HR (Human Resources and Payroll) System | aあA""☆ = aaA&quot;☆ | |车 = |Car | 人事 = human resources | HR人事給与システム = HR (Human Resources and Payroll) System | 2026年度·人事部門 = FY2026・Human Resources Department | 2026/07/0123:45:09 田中麻里·人事マネージャー = 2026/07/01 23:45:09 Mari Tanaka, Human Resources Manager | 田 = Field | 12件·8件申請中 = 12 items・8 items pending | 人事業務 = Human resources operations | ダッシュボード = Dashboard | 申請一覧 = List of applications | 経費精算·給与変更 = Expense reimbursement and payroll changes | 社員ID = Employee ID | 氏名 = full name | 申請種別 = Application Type | 期間·詳細 = Duration/Details | 部署 = Department | ステータス = status | 勤怠・休暇申請 = Attendance and leave application | 江口さくら = Sakura Eguchi | 特別休暇（慶弔） = Special leave (for celebrations and condolences) | 人事部 = Human resources department | 承認 = approval | 入社手続き = Onboarding procedures | 上野大樹 = Daiki Ueno | 福利厚生申請 = Employee benefits application | 半日有給申請 = Application for half-day paid leave | 経理部 = Accounting Department | 承認 = approval | 住民税・その他 = Resident tax and other taxes | 江口さくら = Sakura Eguchi | 半日有給申請 = Application for half-day paid leave | 人事部 = Human resources department | 承認 = approval | 石田美奈 = Ishida Mina | 年次有給休暇 = Annual paid leave | 開発部 = Development Department | 承認 = approval | 津田将太 = Shota Tsuda | 特別休暇（慶弔） = Special leave (for celebrations and condolences) | 物流部 = Logistics department | 申請中 = Currently applying | 河野明日香 = Asuka Kono | 特別休暇（慶弔） = Special leave (for celebrations and condolences) | 企画部 = Planning Department | 申請中 = Currently applying | 寺本真由 = Mayu Teramoto | 年次有給休暇 = Annual paid leave | 企画部 = Planning Department | 申請中 = Currently applying | 竹内彩子 = Ayako Takeuchi | 特別休暇（慶弔） = Special leave (for celebrations and condolences) | 営業部 = Sales Department | 申請中 = Currently applying | 竹内彩子 = Ayako Takeuchi | 年次有給休暇 = Annual paid leave | 営業部 = Sales Department | 申請中 = Currently applying | 清水祥平 = Shohei Shimizu | 半日有給申請 = Application for half-day paid leave | 開発部 = Development Department | 申請中 = Curren","HR (Human Resources and Payroll) System aaA&quot;☆ |Car human resources HR (Human Resources and Payroll) System FY2026・Human Resources Department 2026/07/01 23:45:09 Mari Tanaka, Human Resources Manager Field 12 items・8 items pending Human resources operations Dashboard List of applications Expense reimbursement and payroll changes Employee ID full name Application Type Duration/Details Department status Attendance and leave application Sakura Eguchi Special leave (for celebrations and condolences) Human resources department approval Onboarding procedures Daiki Ueno Employee benefits application Application for half-day paid leave Accounting Department approval Resident tax and other taxes Sakura Eguchi Application for half-day paid leave Human resources department approval Ishida Mina Annual paid leave Development Department approval Shota Tsuda Special leave (for celebrations and condolences) Logistics department Currently applying Asuka Kono Special leave (for celebrations and condolences) Planning Department Currently applying Mayu Teramoto Annual paid leave Planning Department Currently applying Ayako Takeuchi Special leave (for celebrations and condolences) Sales Department Currently applying Ayako Takeuchi Annual paid leave Sales Department Currently applying Shohei Shimizu Application for half-day paid leave Development Department Currently applying Shota Tsuda Annual paid leave Logistics department Currently applying Asuka Kono Special leave (for celebrations and condolences) Planning Department Currently applying neck
HR (Human Resources and Payroll) System human resources HR (Human Resources and Payroll) System FY2026・Human Resources Department 2026/07/01 23:45:20 Mari Tanaka, Human Resources Manager Field Ayako Takeuchi Special leave (for celebrations and condolences) Sales Department Currently applying Human resources operations Ayako Takeuchi Annual paid leave Sales Department Currently applying Dashboard Expense reimbursement and payroll changes Shohe",/leave-applications,employee id | full name | name | status | type | department | resident tax | paid leave | attendance,approve,Notepad/text,notepad_assisted,0.9687743767698571
la,attendance_leave,ses_20260701-181413-LAPTOP-76QMG9DE::29,ses_20260701-181413-LAPTOP-76QMG9DE,"HR人事給与システム = HR (Human Resources and Payroll) System | aあA☆ = aaA☆ | 人事 = human resources | HR人事給与システム = HR (Human Resources and Payroll) System | 2026年度·人事部門 = FY2026・Human Resources Department | 2026/07/01 23:53:09 田中麻里·人事マネージャー = 2026/07/01 23:53:09 Mari Tanaka, Human Resources Manager | 田 = Field | 12件·2件申请中 = 12 cases・2 cases pending | 人事業務 = Human resources operations | ダッシュボード = Dashboard | 申請一覽 = Application review | 経費精算·給与変更 = Expense reimbursement and payroll changes | 社高ID = Company ID | 氏名 = full name | 中請種别 = Chuukake type | 期間·詳细 = Duration and details | 部署 = Department | ステータス = status | 勤怠・休暇申請 = Attendance and leave application | 江口さくら = Sakura Eguchi | 特别休（慶弔） = Special holiday (congratulations and condolence) | 人事部 = Human resources department | 承 = Acceptance | 入社手続き = Onboarding procedures | 福利厚生申請 = Employee benefits application | 上野大樹 = Daiki Ueno | 半日有胎申晴 = Half day pregnant Shinharu | 程理部 = Processing Department | 永8 = Ei 8 | 住民税・その他 = Resident tax and other taxes | 江口さくら = Sakura Eguchi | 半日有哈申脑 = Half day stay | 人事部 = Human resources department | 承 = Acceptance | 石田美奈 = Ishida Mina | 年次有赔休 = Annual paid leave | 開発部 = Development Department | 津田将太 = Shota Tsuda | 特别休（慶弔） = Special holiday (congratulations and condolence) | 物流部 = Logistics department | 承 = Acceptance | 河野明日香 = Asuka Kono | 特别休照（爱书） = Special holiday (love book) | 企部 = Planning department | 寺本真由 = Mayu Teramoto | 年次有哈休暇 = Annual vacation | 企面部 = Planning department | 承 = Acceptance | 竹内彩子 = Ayako Takeuchi | 特别休照（腰韦） = Special rest light (koshiki) | 营莱部 = Kariabe | 竹内彩子 = Ayako Takeuchi | 年次有给休暇 = Annual leave | 营菜部 = Kasanabu | 承 = Acceptance | 清水祥平 = Shohei Shimizu | 半日有胎申情 = Half-day pregnancy report | 開発部 = Development Department | 津田将太 = Shota Tsuda | 年次有哈休暇 = Annual vacation | 物流部 = Logistics department | 申中 = Shenchu | 河野明日香 = Asuka Kono | 特别休暇（腰韦） = Special vacation (Koshibei) | 企面部 = Planning department | 申中 = Shenchu | P2-07088456-010:申請を承認しました = P2-07088456-010: Ap","HR (Human Resources and Payroll) System aaA☆ human resources HR (Human Resources and Payroll) System FY2026・Human Resources Department 2026/07/01 23:53:09 Mari Tanaka, Human Resources Manager Field 12 cases・2 cases pending Human resources operations Dashboard Application review Expense reimbursement and payroll changes Company ID full name Chuukake type Duration and details Department status Attendance and leave application Sakura Eguchi Special holiday (congratulations and condolence) Human resources department Acceptance Onboarding procedures Employee benefits application Daiki Ueno Half day pregnant Shinharu Processing Department Ei 8 Resident tax and other taxes Sakura Eguchi Half day stay Human resources department Acceptance Ishida Mina Annual paid leave Development Department Shota Tsuda Special holiday (congratulations and condolence) Logistics department Acceptance Asuka Kono Special holiday (love book) Planning department Mayu Teramoto Annual vacation Planning department Acceptance Ayako Takeuchi Special rest light (koshiki) Kariabe Ayako Takeuchi Annual leave Kasanabu Acceptance Shohei Shimizu Half-day pregnancy report Development Department Shota Tsuda Annual vacation Logistics department Shenchu Asuka Kono Special vacation (Koshibei) Planning department Shenchu P2-07088456-010: Application approved.
HR (Human Resources and Payroll) System aaA&quot;☆ human resources HR (Human Resources and Payroll) System FY2026・Human Resources Department 2026/07/01 23:53:16 Mari Tanaka, Human Resources Manager Field 12 items・2 items pending Human resources operations Dashboard List of applications Expense reimbursement and payroll changes Employee ID full name Application Type Duration/Details Department status Attendance and leave application Sakura Eguchi Special leave (for celebrations and condolences) Human resources department approval Onboarding procedures Employee benefits application Daiki Ueno Application for half-day paid leave Accounting Department approval R",/leave-applications,employee id | full name | name | status | type | department | resident tax | paid leave | attendance,approve,Notepad/text | Word/document,word_assisted,0.920630453215687
la,attendance_leave,ses_20260701-181913-SIDDHIGUPTAB00B::8,ses_20260701-181913-SIDDHIGUPTAB00B,HR人事給与システム = HR (Human Resources and Payroll) System | aあ = aa | 率 = rate | 人事 = human resources | HR人事給与システム = HR (Human Resources and Payroll) System | 2026年度·人事部門 = FY2026・Human Resources Department | 田 = Field | 申請一覧 = List of applications | 人事業務 = Human resources operations | ● ダッシュボード = ● Dashboard | 社員ID = Employee ID | 氏名 = full name | 申請種別 = Application Type | 期間·詳細 = Duration/Details | 部署 = Department | ステータス = status | 経費精算・給与変更 = Expense reimbursement and payroll changes | 竹内彩子 = Ayako Takeuchi | 半日有給申請 = Application for half-day paid leave | 営業部 = Sales Department | 承認 = approval | ● 勤怠・休暇申請 = ● Attendance and leave application | 岡田智也 = Tomoya Okada | 代休申請 = Request for compensatory leave | 物流部 = Logistics department | 申請中 = Currently applying | 入社手続き = Onboarding procedures | ● 福利厚生申請 = ● Application for employee benefits | 津田将太 = Shota Tsuda | 年次有給休暇 = Annual paid leave | 物流部 = Logistics department | 申請中 = Currently applying | ● 住民税・その他 = ● Resident tax and other taxes | 寺本 真由 = Mayu Teramoto | フレックス変更申請 = Flexible work schedule change application | 企画部 = Planning Department | 申中 = Shenchu | 桐島凉介 = Ryosuke Kirishima | フレックス変更申請 = Flexible work schedule change application | 開発部 = Development Department | 用請中 = Under request | 江口さくら = Sakura Eguchi | 特別休暇（慶弔） = Special leave (for celebrations and condolences) | 人事部 = Human resources department | 申中 = Shenchu | 寺本 真由 = Mayu Teramoto | フレックス変更申請 = Flexible work schedule change application | 企画部 = Planning Department | 申請中 = Currently applying | 岡田智也 = Tomoya Okada | フレックス変更申請 = Flexible work schedule change application | 物流部 = Logistics department | 甲晶中 = Crystal | 竹内彩子 = Ayako Takeuchi | 年次有給休暇 = Annual paid leave | 営業部 = Sales Department | 甲晶中 = Crystal | 石田美奈 = Ishida Mina | 半日有給申請 = Application for half-day paid leave | 開発部 = Development Department | 申請中 = Currently applying | 上野大樹 = Daiki Ueno | 特别休暇（慶弔） = Special leave (for celebrations and condolences) | 経理部 = Accounting Department | 申請中 = Currentl,"HR (Human Resources and Payroll) System aa rate human resources HR (Human Resources and Payroll) System FY2026・Human Resources Department Field List of applications Human resources operations ● Dashboard Employee ID full name Application Type Duration/Details Department status Expense reimbursement and payroll changes Ayako Takeuchi Application for half-day paid leave Sales Department approval ● Attendance and leave application Tomoya Okada Request for compensatory leave Logistics department Currently applying Onboarding procedures ● Application for employee benefits Shota Tsuda Annual paid leave Logistics department Currently applying ● Resident tax and other taxes Mayu Teramoto Flexible work schedule change application Planning Department Shenchu Ryosuke Kirishima Flexible work schedule change application Development Department Under request Sakura Eguchi Special leave (for celebrations and condolences) Human resources department Shenchu Mayu Teramoto Flexible work schedule change application Planning Department Currently applying Tomoya Okada Flexible work schedule change application Logistics department Crystal Ayako Takeuchi Annual paid leave Sales Department Crystal Ishida Mina Application for half-day paid leave Development Department Currently applying Daiki Ueno Special leave (for celebrations and condolences) Accounting Department Currently applying Takuya Aoki Flexible work schedule change application P2-07101496-001: Approved Request A Self
HR (Human Resources and Payroll) System aaA human resources HR (Human Resources and Payroll) System FY2026・Human Resources Department Field List of applications Human resources operations ● Dashboard Employee ID full name Application Type Period and details Department status Expense reimbursement and payroll changes Ayako Takeuchi Application for half-day paid leave Sales Department approval Attendance and leave application Tomoya Okada Request for compensatory leave Logistics department Currently applying ● Onboardin",/leave-applications,employee id | full name | name | status | type | department | resident tax | paid leave | attendance,approve,Notepad/text | Word/document,word_assisted,0.9648621834987402
la,attendance_leave,ses_20260701-181913-SIDDHIGUPTAB00B::9,ses_20260701-181913-SIDDHIGUPTAB00B,HR人事給与システム = HR (Human Resources and Payroll) System | aあA = aaA | 人事 = human resources | HR人事給与システム = HR (Human Resources and Payroll) System | 2026年度·人事部門 = FY2026・Human Resources Department | 田 = Field | 12件·8件申請中 = 12 items・8 items pending | 人事業務 = Human resources operations | 申請一覧 = List of applications | ● ダッシュボード = ● Dashboard | 経費精算·給与変更 = Expense reimbursement and payroll changes | 社員ID = Employee ID | 氏名 = full name | 申請種別 = Application Type | 期間・詳細 = Period and details | 部署 = Department | ステータス = status | 勤怠・休暇申請 = Attendance and leave application | 竹内彩子 = Ayako Takeuchi | 半日有給申請 = Application for half-day paid leave | 営業部 = Sales Department | 承認 = approval | ● 入社手続き = ● Onboarding procedures | 岡田智也 = Tomoya Okada | 代休申請 = Request for compensatory leave | 物流部 = Logistics department | 承認 = approval | ● 福利厚生申請 = ● Application for employee benefits | ● 住民税・その他 = ● Resident tax and other taxes | 津田将太 = Shota Tsuda | 年次有給休暇 = Annual paid leave | 物流部 = Logistics department | 承認 = approval | 寺本 真由 = Mayu Teramoto | フレックス変更申請 = Flexible work schedule change application | 企画部 = Planning Department | 承認 = approval | 桐島 涼介 = Ryosuke Kirishima | フレックス変更申請 = Flexible work schedule change application | 開発部 = Development Department | 申請中 = Currently applying | 江口さくら = Sakura Eguchi | 特別休暇（慶弔) = Special leave (for celebrations and condolences) | 人事部 = Human resources department | 申請中 = Currently applying | 寺本 真由 = Mayu Teramoto | フレックス変更申請 = Flexible work schedule change application | 企画部 = Planning Department | 申請中 = Currently applying | 岡田智也 = Tomoya Okada | フレックス変更申請 = Flexible work schedule change application | 物流部 = Logistics department | 申請中 = Currently applying | 竹内彩子 = Ayako Takeuchi | 年次有給休暇 = Annual paid leave | 営業部 = Sales Department | 申請中 = Currently applying | 石田 美奈 = Mina Ishida | 半日有給申請 = Application for half-day paid leave | 開発部 = Development Department | 申請中 = Currently applying | 上野大樹 = Daiki Ueno | 特別休暇(慶弔) = Special leave (for celebrations and condole,"HR (Human Resources and Payroll) System aaA human resources HR (Human Resources and Payroll) System FY2026・Human Resources Department Field 12 items・8 items pending Human resources operations List of applications ● Dashboard Expense reimbursement and payroll changes Employee ID full name Application Type Period and details Department status Attendance and leave application Ayako Takeuchi Application for half-day paid leave Sales Department approval ● Onboarding procedures Tomoya Okada Request for compensatory leave Logistics department approval ● Application for employee benefits ● Resident tax and other taxes Shota Tsuda Annual paid leave Logistics department approval Mayu Teramoto Flexible work schedule change application Planning Department approval Ryosuke Kirishima Flexible work schedule change application Development Department Currently applying Sakura Eguchi Special leave (for celebrations and condolences) Human resources department Currently applying Mayu Teramoto Flexible work schedule change application Planning Department Currently applying Tomoya Okada Flexible work schedule change application Logistics department Currently applying Ayako Takeuchi Annual paid leave Sales Department Currently applying Mina Ishida Application for half-day paid leave Development Department Currently applying Daiki Ueno Special leave (for celebrations and condolences) Accounting activate Windows Takuya Aoki Flexible work schedule change application Sales Department Currently applying
HR (Human Resources and Payroll) System aaA human resources HR (Human Resources and Payroll) System FY2026・Human Resources Department Field 12 items・8 items pending Human resources operations ● Dashboard List of applications Expense reimbursement and payroll changes Employee ID full name Application Type Period and details Department status Attendance and leave application Ayako Takeuchi Application for half-day paid leave Sales Department approval ● Onboarding procedures Tomoya Okada Request f",/leave-applications,employee id | full name | name | status | type | department | resident tax | paid leave | attendance,approve,Notepad/text | Word/document,word_assisted,0.9649917643542006
la,attendance_leave,ses_20260701-182634-NEELA9BAF::15,ses_20260701-182634-NEELA9BAF,HR人事給与システム = HR (Human Resources and Payroll) System | aあ A☆ = aa A☆ | 串 = skewer | 人事 = human resources | HR人事給与システム = HR (Human Resources and Payroll) System | 2026年度·人事部門 = FY2026・Human Resources Department | 田 = Field | 人事業務 = Human resources operations | ダッシュボードノ勤怠・休暇申請 = Dashboard Attendance and Leave Application | ● ダッシュボード = ● Dashboard | 勤怠・休暇申請 = Attendance and leave application | 12件·8件申請中 = 12 items・8 items pending | ●経費精算·給与変更 = ● Expense reimbursement and salary changes | ● 勤怠・休暇申請 = ● Attendance and leave application | 申請一覧 = List of applications | ● 入社手続き = ● Onboarding procedures | 社員ID = Employee ID | 氏名 = full name | 申請種別 = Application Type | 期間・詳細 = Period and details | 部署 = Department | ステータス = status | ● 福利厚生申請 = ● Application for employee benefits | 津田将太 = Shota Tsuda | フレックス変更申請 = Flexible work schedule change application | 物流部 = Logistics department | 承認 = approval | ● 住民税・その他 = ● Resident tax and other taxes | 桐島 涼介 = Ryosuke Kirishima | 特別休暇 (慶弔) = Special leave (for celebrations and condolences) | 開発部 = Development Department | 承認 = approval | 江口さくら = Sakura Eguchi | 代休申請 = Request for compensatory leave | 人事部 = Human resources department | 承認 = approval | 遠山 健一 = Kenichi Toyama | 年次有給休暇 = Annual paid leave | 営業部 = Sales Department | 承認 = approval | 菊池理恵 = Rie Kikuchi | フレックス変更申請 = Flexible work schedule change application | 営業部 = Sales Department | 申請中 = Currently applying | 清水 祥平 = Shohei Shimizu | フレックス変更申請 = Flexible work schedule change application | 開発部 = Development Department | 申請中 = Currently applying | 坂本裕二 = Yuji Sakamoto | 代休申請 = Request for compensatory leave | 人事部 = Human resources department | 申請中 = Currently applying | 江口さくら = Sakura Eguchi | 代休申請 = Request for compensatory leave | 人事部 = Human resources department | 申請中 = Currently applying | 清水 祥平 = Shohei Shimizu | 代休申請 = Request for compensatory leave | 開発部 = Development Department | 申請中 = Currently applying | 清水 祥平 = Shohei Shimizu | 特別休暇 (慶弔) = Special leave (for cele,"HR (Human Resources and Payroll) System aa A☆ skewer human resources HR (Human Resources and Payroll) System FY2026・Human Resources Department Field Human resources operations Dashboard Attendance and Leave Application ● Dashboard Attendance and leave application 12 items・8 items pending ● Expense reimbursement and salary changes ● Attendance and leave application List of applications ● Onboarding procedures Employee ID full name Application Type Period and details Department status ● Application for employee benefits Shota Tsuda Flexible work schedule change application Logistics department approval ● Resident tax and other taxes Ryosuke Kirishima Special leave (for celebrations and condolences) Development Department approval Sakura Eguchi Request for compensatory leave Human resources department approval Kenichi Toyama Annual paid leave Sales Department approval Rie Kikuchi Flexible work schedule change application Sales Department Currently applying Shohei Shimizu Flexible work schedule change application Development Department Currently applying Yuji Sakamoto Request for compensatory leave Human resources department Currently applying Sakura Eguchi Request for compensatory leave Human resources department Currently applying Shohei Shimizu Request for compensatory leave Development Department Currently applying Shohei Shimizu Special leave (for celebrations and condolences) Development Department Currently applying Ayako Takeuchi Flexible work schedule change application Sales Department Currently applying Ayako Takeuchi Flexible work schedule change application Sales Department
Order and Inventory Management System aa A☆ rate Receiving/Receiving Order and Inventory Management System 2026・Logistics Management Department high Order processing and inventory management Dashboard Contract Management ● Dashboard contract management Inventory Management 12 items・9 items pending ● Contract management List of applications • Return processing Employee ID full name Applic",/leave-applications,employee id | full name | name | status | type | department | resident tax | paid leave | attendance,approve,Notepad/text | Word/document,word_assisted,0.9706890775828849
la,paid_leave,ses_20260701-175747-SIDDHIGUPTAB00B::28,ses_20260701-175747-SIDDHIGUPTAB00B,"HR人事給与システム = HR (Human Resources and Payroll) System | HR人事給与システム = HR (Human Resources and Payroll) System | aあA = aaA | 率 = rate | 人事 = human resources | HR人事給与システム = HR (Human Resources and Payroll) System | 2026年度·人事部門 = FY2026・Human Resources Department | 田中麻里・人事マネージャー = Mari Tanaka, Human Resources Manager | 田 = Field | 申請一覧 = List of applications | 人事業務 = Human resources operations | ● ダッシュボード = ● Dashboard | 社員ID = Employee ID | 氏名 = full name | 申請種別 = Application Type | 期間·詳細 = Duration/Details | 部署 = Department | ステータス = status | 経費精算·給与変更 = Expense reimbursement and payroll changes | 桐島 凉介 = Ryosuke Kirishima | 半日有給申請 = Application for half-day paid leave | 開発部 = Development Department | 承認 = approval | ● 勤怠・休暇申請 = ● Attendance and leave application | 遠山健一 = Kenichi Toyama | 代休申請 = Request for compensatory leave | 営業部 = Sales Department | 承認 = approval | ● 入社手続き = ● Onboarding procedures | ● 福利厚生申請 = ● Application for employee benefits | 岡田智也 = Tomoya Okada | 年次有給休暇 = Annual paid leave | 物流部 = Logistics department | 承認 = approval | ● 住民税・その他 = ● Resident tax and other taxes | 菊池理恵 = Rie Kikuchi | 特別休暇(慶弔) = Special leave (for celebrations and condolences) | 営業部 = Sales Department | 承認 = approval | 遠山健一 = Kenichi Toyama | フレックス変更申請 = Flexible work schedule change application | 営業部 = Sales Department | 承認 = approval | 遠山健一 = Kenichi Toyama | 特別休暇(慶弔) = Special leave (for celebrations and condolences) | 営業部 = Sales Department | 申請中 = Currently applying | 竹内彩子 = Ayako Takeuchi | 半日有給申請 = Application for half-day paid leave | 営業部 = Sales Department | 申請中 = Currently applying | 寺本 真由 = Mayu Teramoto | 代休申請 = Request for compensatory leave | 企画部 = Planning Department | 申請中 = Currently applying | 江口さくら = Sakura Eguchi | 特別休暇(慶弔) = Special leave (for celebrations and condolences) | 人事部 = Human resources department | 申請中 = Currently applying | 寺本 真由 = Mayu Teramoto | フレックス変更申請 = Flexible work schedule change application | 企画部 = Planning Department | 申請中 = Currently","HR (Human Resources and Payroll) System HR (Human Resources and Payroll) System aaA rate human resources HR (Human Resources and Payroll) System FY2026・Human Resources Department Mari Tanaka, Human Resources Manager Field List of applications Human resources operations ● Dashboard Employee ID full name Application Type Duration/Details Department status Expense reimbursement and payroll changes Ryosuke Kirishima Application for half-day paid leave Development Department approval ● Attendance and leave application Kenichi Toyama Request for compensatory leave Sales Department approval ● Onboarding procedures ● Application for employee benefits Tomoya Okada Annual paid leave Logistics department approval ● Resident tax and other taxes Rie Kikuchi Special leave (for celebrations and condolences) Sales Department approval Kenichi Toyama Flexible work schedule change application Sales Department approval Kenichi Toyama Special leave (for celebrations and condolences) Sales Department Currently applying Ayako Takeuchi Application for half-day paid leave Sales Department Currently applying Mayu Teramoto Request for compensatory leave Planning Department Currently applying Sakura Eguchi Special leave (for celebrations and condolences) Human resources department Currently applying Mayu Teramoto Flexible work schedule change application Planning Department Currently applying Mayu Teramoto Flexible work schedule change application Planning Department Currently applying Mayu Teramoto Annual paid leave Astivate Windows GP2-07106250-005: Application approved.
HR (Human Resources and Payroll) System HR (Human Resources and Payroll) System aaA human resources HR (Human Resources and Payroll) System FY2026・Human Resources Department Mari Tanaka, Human Resources Manager Field List of applications Human resources operations ● Dashboard Employee ID full name Application Type Period and details Department status Expense reimbursement and payroll changes Ryosuke Kirishima Application for",/leave-applications,employee id | full name | name | status | type | department | resident tax | paid leave | attendance,approve,Notepad/text | Word/document,word_assisted,0.9586216361180192
la,paid_leave,ses_20260701-180923-NEELA9BAF::27,ses_20260701-180923-NEELA9BAF,"精算確認メモ = Settlement confirmation memo | 三< = three | 精算確認メモ = Settlement confirmation memo | 経費精算確認済み。費目：交通賓 = Expense reimbursement confirmed. Expense item: Transportation/Guests | 曰 = He says
HR人事給与システム = HR (Human Resources and Payroll) System | HR人事給与システム = HR (Human Resources and Payroll) System | aあ A☆ = aa A☆ | 人事 = human resources | HR人事給与システム = HR (Human Resources and Payroll) System | 2026年度·人事部門 = FY2026・Human Resources Department | 田中 麻里・人事マネージャー = Mari Tanaka, Human Resources Manager | 田 = Field | 人事業務 = Human resources operations | ダッシュボードノ勤怠・休暇申請 = Dashboard Attendance and Leave Application | ● ダッシュボード = ● Dashboard | 勤怠・休暇申請 = Attendance and leave application | 経費精算·給与変更 = Expense reimbursement and payroll changes | 12件·12件申請中 = 12 items · 12 items pending | ● 勤怠・休暇申請 = ● Attendance and leave application | 申請一覧 = List of applications | ● 入社手続き = ● Onboarding procedures | 社員ID = Employee ID | 氏名 = full name | 申請種別 = Application Type | 期間·詳細 = Duration/Details | 部署 = Department | ステータス = status | ● 福利厚生申請 = ● Application for employee benefits | 津田将太 = Shota Tsuda | 年次有給休暇 = Annual paid leave | 物流部 = Logistics department | 申請中 = Currently applying | ● 住民税・その他 = ● Resident tax and other taxes | 石田 美奈 = Mina Ishida | 代休申請 = Request for compensatory leave | 開発部 = Development Department | 申請中 = Currently applying | 江口さくら = Sakura Eguchi | 特別休暇（慶弔) = Special leave (for celebrations and condolences) | 人事部 = Human resources department | 申請中 = Currently applying | 上野大樹 = Daiki Ueno | 代休申請 = Request for compensatory leave | 経理部 = Accounting Department | 申請中 = Currently applying | 寺本 真由 = Mayu Teramoto | 特別休暇（慶弔） = Special leave (for celebrations and condolences) | 企画部 = Planning Department | 申請中 = Currently applying | 青木拓也 = Takuya Aoki | 代休申請 = Request for compensatory leave | 営業部 = Sales Department | 申請中 = Currently applying | 坂本裕二 = Yuji Sakamoto | 半日有給申請 = Application for half-day paid leave | 人事部 = Human resources department | 申請中 = Currently applying | 上野大","Settlement confirmation memo three Settlement confirmation memo Expense reimbursement confirmed. Expense item: Transportation/Guests He says
HR (Human Resources and Payroll) System HR (Human Resources and Payroll) System aa A☆ human resources HR (Human Resources and Payroll) System FY2026・Human Resources Department Mari Tanaka, Human Resources Manager Field Human resources operations Dashboard Attendance and Leave Application ● Dashboard Attendance and leave application Expense reimbursement and payroll changes 12 items · 12 items pending ● Attendance and leave application List of applications ● Onboarding procedures Employee ID full name Application Type Duration/Details Department status ● Application for employee benefits Shota Tsuda Annual paid leave Logistics department Currently applying ● Resident tax and other taxes Mina Ishida Request for compensatory leave Development Department Currently applying Sakura Eguchi Special leave (for celebrations and condolences) Human resources department Currently applying Daiki Ueno Request for compensatory leave Accounting Department Currently applying Mayu Teramoto Special leave (for celebrations and condolences) Planning Department Currently applying Takuya Aoki Request for compensatory leave Sales Department Currently applying Yuji Sakamoto Application for half-day paid leave Human resources department Currently applying Daiki Ueno Annual paid leave Accounting Department Currently applying Rie Kikuchi Request for compensatory leave Sales Department Currently applying Ryosuke Kirishima Flexible work schedule change application Development Department Currently applying Tomoya Okada Flexible work schedule change application Logistics department Currently applying Daiki Ueno Request for compensatory leave Accounting Department P1-07048822-006: Registration confirmed.
HR (Human Resources and Payroll) System HR (Human Resources and Payroll) System aa A☆ rate human resources HR (Human Resources and Payroll) System FY2026・Human",/leave-applications,employee id | full name | name | status | type | department | resident tax | paid leave | attendance,approve,Notepad/text | Word/document,word_assisted,0.9638911450243437
la,paid_leave,ses_20260701-180923-NEELA9BAF::29,ses_20260701-180923-NEELA9BAF,"×HR人事給与システム = ×HR Human Resources and Payroll System | HR人事給与システム = HR (Human Resources and Payroll) System | aあ A☆ = aa A☆ | 人事 = human resources | HR人事給与システム = HR (Human Resources and Payroll) System | 2026年度·人事部門 = FY2026・Human Resources Department | 2026/07/01 23:50:23 田中 麻里・人事マネージャー = 2026/07/01 23:50:23 Mari Tanaka, Human Resources Manager | 田 = Field | 人事業務 = Human resources operations | ダッシュポードノ勤怠・休暇申請 = Dashportono Attendance and Leave Application | ● ダッシュボード = ● Dashboard | 勤怠・休暇申請 = Attendance and leave application | 経費精算·給与変更 = Expense reimbursement and payroll changes | 12件·7件申請中 = 12 items・7 items pending | ● 勤怠・休暇申請 = ● Attendance and leave application | 申請一覧 = List of applications | ● 入社手続き = ● Onboarding procedures | 社員ID = Employee ID | 氏名 = full name | 申請種別 = Application Type | 期間·詳細 = Duration/Details | 部署 = Department | ステータス = status | ● 福利厚生申請 = ● Application for employee benefits | ● 住民税・その他 = ● Resident tax and other taxes | 津田 将太 = Shota Tsuda | 年次有給休暇 = Annual paid leave | 物流部 = Logistics department | 承認 = approval | 石田 美奈 = Mina Ishida | 代休申請 = Request for compensatory leave | 開発部 = Development Department | 承認 = approval | 江口さくら = Sakura Eguchi | 特別休暇（慶弔） = Special leave (for celebrations and condolences) | 人事部 = Human resources department | 承認 = approval | 上野 大樹 = Daiki Ueno | 代休申請 = Request for compensatory leave | 経理部 = Accounting Department | 承認 = approval | 寺本 真由 = Mayu Teramoto | 特別休暇（慶弔） = Special leave (for celebrations and condolences) | 企画部 = Planning Department | 承認 = approval | 青木拓也 = Takuya Aoki | 代休申請 = Request for compensatory leave | 営業部 = Sales Department | 申請中 = Currently applying | 坂本裕二 = Yuji Sakamoto | 半日有給申請 = Application for half-day paid leave | 人事部 = Human resources department | 申請中 = Currently applying | 上野 大樹 = Daiki Ueno | 年次有給休暇 = Annual paid leave | 経理部 = Accounting Department | 申請中 = Currently applying | 菊池理恵 = Rie Kikuchi | 代休申請 = Request for compensatory leave | 営業部 = Sales Department | 申請中 = Currently app","×HR Human Resources and Payroll System HR (Human Resources and Payroll) System aa A☆ human resources HR (Human Resources and Payroll) System FY2026・Human Resources Department 2026/07/01 23:50:23 Mari Tanaka, Human Resources Manager Field Human resources operations Dashportono Attendance and Leave Application ● Dashboard Attendance and leave application Expense reimbursement and payroll changes 12 items・7 items pending ● Attendance and leave application List of applications ● Onboarding procedures Employee ID full name Application Type Duration/Details Department status ● Application for employee benefits ● Resident tax and other taxes Shota Tsuda Annual paid leave Logistics department approval Mina Ishida Request for compensatory leave Development Department approval Sakura Eguchi Special leave (for celebrations and condolences) Human resources department approval Daiki Ueno Request for compensatory leave Accounting Department approval Mayu Teramoto Special leave (for celebrations and condolences) Planning Department approval Takuya Aoki Request for compensatory leave Sales Department Currently applying Yuji Sakamoto Application for half-day paid leave Human resources department Currently applying Daiki Ueno Annual paid leave Accounting Department Currently applying Rie Kikuchi Request for compensatory leave Sales Department Currently applying Ryosuke Kirishima Flexible work schedule change application Development Department Currently applying Tomoya Okada Flexible work schedule change application Logistics department Currently applying Daiki Ueno Request for compensatory leave Accounting Department Currently applying P2-07048822-005: Application approved.
HR (Human Resources and Payroll) System HR (Human Resources and Payroll) System aaA rate human resources HR (Human Resources and Payroll) System FY2026・Human Resources Department Mari Tanaka, Human Resources Manager Field Human resources operations Dashboard Attendance and Leave Application ● Dashboard Attendance ",/leave-applications,employee id | full name | name | status | type | department | resident tax | paid leave | attendance,approve,Notepad/text | Word/document,word_assisted,0.970676501472026
la,paid_leave,ses_20260701-181413-LAPTOP-76QMG9DE::5,ses_20260701-181413-LAPTOP-76QMG9DE,"HR人事給与システム = HR (Human Resources and Payroll) System | aあA""☆ = aaA&quot;☆ | |车 = |Car | 人事 = human resources | HR人事給与システム = HR (Human Resources and Payroll) System | 2026年度·人事部門 = FY2026・Human Resources Department | 2026/07/0123:45:09 田中麻里·人事マネージャー = 2026/07/01 23:45:09 Mari Tanaka, Human Resources Manager | 田 = Field | 12件·8件申請中 = 12 items・8 items pending | 人事業務 = Human resources operations | ダッシュボード = Dashboard | 申請一覧 = List of applications | 経費精算·給与変更 = Expense reimbursement and payroll changes | 社員ID = Employee ID | 氏名 = full name | 申請種別 = Application Type | 期間·詳細 = Duration/Details | 部署 = Department | ステータス = status | 勤怠・休暇申請 = Attendance and leave application | 江口さくら = Sakura Eguchi | 特別休暇（慶弔） = Special leave (for celebrations and condolences) | 人事部 = Human resources department | 承認 = approval | 入社手続き = Onboarding procedures | 上野大樹 = Daiki Ueno | 福利厚生申請 = Employee benefits application | 半日有給申請 = Application for half-day paid leave | 経理部 = Accounting Department | 承認 = approval | 住民税・その他 = Resident tax and other taxes | 江口さくら = Sakura Eguchi | 半日有給申請 = Application for half-day paid leave | 人事部 = Human resources department | 承認 = approval | 石田美奈 = Ishida Mina | 年次有給休暇 = Annual paid leave | 開発部 = Development Department | 承認 = approval | 津田将太 = Shota Tsuda | 特別休暇（慶弔） = Special leave (for celebrations and condolences) | 物流部 = Logistics department | 申請中 = Currently applying | 河野明日香 = Asuka Kono | 特別休暇（慶弔） = Special leave (for celebrations and condolences) | 企画部 = Planning Department | 申請中 = Currently applying | 寺本真由 = Mayu Teramoto | 年次有給休暇 = Annual paid leave | 企画部 = Planning Department | 申請中 = Currently applying | 竹内彩子 = Ayako Takeuchi | 特別休暇（慶弔） = Special leave (for celebrations and condolences) | 営業部 = Sales Department | 申請中 = Currently applying | 竹内彩子 = Ayako Takeuchi | 年次有給休暇 = Annual paid leave | 営業部 = Sales Department | 申請中 = Currently applying | 清水祥平 = Shohei Shimizu | 半日有給申請 = Application for half-day paid leave | 開発部 = Development Department | 申請中 = Curren","HR (Human Resources and Payroll) System aaA&quot;☆ |Car human resources HR (Human Resources and Payroll) System FY2026・Human Resources Department 2026/07/01 23:45:09 Mari Tanaka, Human Resources Manager Field 12 items・8 items pending Human resources operations Dashboard List of applications Expense reimbursement and payroll changes Employee ID full name Application Type Duration/Details Department status Attendance and leave application Sakura Eguchi Special leave (for celebrations and condolences) Human resources department approval Onboarding procedures Daiki Ueno Employee benefits application Application for half-day paid leave Accounting Department approval Resident tax and other taxes Sakura Eguchi Application for half-day paid leave Human resources department approval Ishida Mina Annual paid leave Development Department approval Shota Tsuda Special leave (for celebrations and condolences) Logistics department Currently applying Asuka Kono Special leave (for celebrations and condolences) Planning Department Currently applying Mayu Teramoto Annual paid leave Planning Department Currently applying Ayako Takeuchi Special leave (for celebrations and condolences) Sales Department Currently applying Ayako Takeuchi Annual paid leave Sales Department Currently applying Shohei Shimizu Application for half-day paid leave Development Department Currently applying Shota Tsuda Annual paid leave Logistics department Currently applying Asuka Kono Special leave (for celebrations and condolences) Planning Department Currently applying neck
HR (Human Resources and Payroll) System human resources HR (Human Resources and Payroll) System FY2026・Human Resources Department 2026/07/01 23:45:20 Mari Tanaka, Human Resources Manager Field Ayako Takeuchi Special leave (for celebrations and condolences) Sales Department Currently applying Human resources operations Ayako Takeuchi Annual paid leave Sales Department Currently applying Dashboard Expense reimbursement and payroll changes Shohe",/leave-applications,employee id | full name | name | status | type | department | resident tax | paid leave | attendance,approve,Notepad/text,notepad_assisted,0.9687743767698571
la,paid_leave,ses_20260701-181413-LAPTOP-76QMG9DE::29,ses_20260701-181413-LAPTOP-76QMG9DE,"HR人事給与システム = HR (Human Resources and Payroll) System | aあA☆ = aaA☆ | 人事 = human resources | HR人事給与システム = HR (Human Resources and Payroll) System | 2026年度·人事部門 = FY2026・Human Resources Department | 2026/07/01 23:53:09 田中麻里·人事マネージャー = 2026/07/01 23:53:09 Mari Tanaka, Human Resources Manager | 田 = Field | 12件·2件申请中 = 12 cases・2 cases pending | 人事業務 = Human resources operations | ダッシュボード = Dashboard | 申請一覽 = Application review | 経費精算·給与変更 = Expense reimbursement and payroll changes | 社高ID = Company ID | 氏名 = full name | 中請種别 = Chuukake type | 期間·詳细 = Duration and details | 部署 = Department | ステータス = status | 勤怠・休暇申請 = Attendance and leave application | 江口さくら = Sakura Eguchi | 特别休（慶弔） = Special holiday (congratulations and condolence) | 人事部 = Human resources department | 承 = Acceptance | 入社手続き = Onboarding procedures | 福利厚生申請 = Employee benefits application | 上野大樹 = Daiki Ueno | 半日有胎申晴 = Half day pregnant Shinharu | 程理部 = Processing Department | 永8 = Ei 8 | 住民税・その他 = Resident tax and other taxes | 江口さくら = Sakura Eguchi | 半日有哈申脑 = Half day stay | 人事部 = Human resources department | 承 = Acceptance | 石田美奈 = Ishida Mina | 年次有赔休 = Annual paid leave | 開発部 = Development Department | 津田将太 = Shota Tsuda | 特别休（慶弔） = Special holiday (congratulations and condolence) | 物流部 = Logistics department | 承 = Acceptance | 河野明日香 = Asuka Kono | 特别休照（爱书） = Special holiday (love book) | 企部 = Planning department | 寺本真由 = Mayu Teramoto | 年次有哈休暇 = Annual vacation | 企面部 = Planning department | 承 = Acceptance | 竹内彩子 = Ayako Takeuchi | 特别休照（腰韦） = Special rest light (koshiki) | 营莱部 = Kariabe | 竹内彩子 = Ayako Takeuchi | 年次有给休暇 = Annual leave | 营菜部 = Kasanabu | 承 = Acceptance | 清水祥平 = Shohei Shimizu | 半日有胎申情 = Half-day pregnancy report | 開発部 = Development Department | 津田将太 = Shota Tsuda | 年次有哈休暇 = Annual vacation | 物流部 = Logistics department | 申中 = Shenchu | 河野明日香 = Asuka Kono | 特别休暇（腰韦） = Special vacation (Koshibei) | 企面部 = Planning department | 申中 = Shenchu | P2-07088456-010:申請を承認しました = P2-07088456-010: Ap","HR (Human Resources and Payroll) System aaA☆ human resources HR (Human Resources and Payroll) System FY2026・Human Resources Department 2026/07/01 23:53:09 Mari Tanaka, Human Resources Manager Field 12 cases・2 cases pending Human resources operations Dashboard Application review Expense reimbursement and payroll changes Company ID full name Chuukake type Duration and details Department status Attendance and leave application Sakura Eguchi Special holiday (congratulations and condolence) Human resources department Acceptance Onboarding procedures Employee benefits application Daiki Ueno Half day pregnant Shinharu Processing Department Ei 8 Resident tax and other taxes Sakura Eguchi Half day stay Human resources department Acceptance Ishida Mina Annual paid leave Development Department Shota Tsuda Special holiday (congratulations and condolence) Logistics department Acceptance Asuka Kono Special holiday (love book) Planning department Mayu Teramoto Annual vacation Planning department Acceptance Ayako Takeuchi Special rest light (koshiki) Kariabe Ayako Takeuchi Annual leave Kasanabu Acceptance Shohei Shimizu Half-day pregnancy report Development Department Shota Tsuda Annual vacation Logistics department Shenchu Asuka Kono Special vacation (Koshibei) Planning department Shenchu P2-07088456-010: Application approved.
HR (Human Resources and Payroll) System aaA&quot;☆ human resources HR (Human Resources and Payroll) System FY2026・Human Resources Department 2026/07/01 23:53:16 Mari Tanaka, Human Resources Manager Field 12 items・2 items pending Human resources operations Dashboard List of applications Expense reimbursement and payroll changes Employee ID full name Application Type Duration/Details Department status Attendance and leave application Sakura Eguchi Special leave (for celebrations and condolences) Human resources department approval Onboarding procedures Employee benefits application Daiki Ueno Application for half-day paid leave Accounting Department approval R",/leave-applications,employee id | full name | name | status | type | department | resident tax | paid leave | attendance,approve,Notepad/text | Word/document,word_assisted,0.920630453215687
la,paid_leave,ses_20260701-181913-SIDDHIGUPTAB00B::8,ses_20260701-181913-SIDDHIGUPTAB00B,HR人事給与システム = HR (Human Resources and Payroll) System | aあ = aa | 率 = rate | 人事 = human resources | HR人事給与システム = HR (Human Resources and Payroll) System | 2026年度·人事部門 = FY2026・Human Resources Department | 田 = Field | 申請一覧 = List of applications | 人事業務 = Human resources operations | ● ダッシュボード = ● Dashboard | 社員ID = Employee ID | 氏名 = full name | 申請種別 = Application Type | 期間·詳細 = Duration/Details | 部署 = Department | ステータス = status | 経費精算・給与変更 = Expense reimbursement and payroll changes | 竹内彩子 = Ayako Takeuchi | 半日有給申請 = Application for half-day paid leave | 営業部 = Sales Department | 承認 = approval | ● 勤怠・休暇申請 = ● Attendance and leave application | 岡田智也 = Tomoya Okada | 代休申請 = Request for compensatory leave | 物流部 = Logistics department | 申請中 = Currently applying | 入社手続き = Onboarding procedures | ● 福利厚生申請 = ● Application for employee benefits | 津田将太 = Shota Tsuda | 年次有給休暇 = Annual paid leave | 物流部 = Logistics department | 申請中 = Currently applying | ● 住民税・その他 = ● Resident tax and other taxes | 寺本 真由 = Mayu Teramoto | フレックス変更申請 = Flexible work schedule change application | 企画部 = Planning Department | 申中 = Shenchu | 桐島凉介 = Ryosuke Kirishima | フレックス変更申請 = Flexible work schedule change application | 開発部 = Development Department | 用請中 = Under request | 江口さくら = Sakura Eguchi | 特別休暇（慶弔） = Special leave (for celebrations and condolences) | 人事部 = Human resources department | 申中 = Shenchu | 寺本 真由 = Mayu Teramoto | フレックス変更申請 = Flexible work schedule change application | 企画部 = Planning Department | 申請中 = Currently applying | 岡田智也 = Tomoya Okada | フレックス変更申請 = Flexible work schedule change application | 物流部 = Logistics department | 甲晶中 = Crystal | 竹内彩子 = Ayako Takeuchi | 年次有給休暇 = Annual paid leave | 営業部 = Sales Department | 甲晶中 = Crystal | 石田美奈 = Ishida Mina | 半日有給申請 = Application for half-day paid leave | 開発部 = Development Department | 申請中 = Currently applying | 上野大樹 = Daiki Ueno | 特别休暇（慶弔） = Special leave (for celebrations and condolences) | 経理部 = Accounting Department | 申請中 = Currentl,"HR (Human Resources and Payroll) System aa rate human resources HR (Human Resources and Payroll) System FY2026・Human Resources Department Field List of applications Human resources operations ● Dashboard Employee ID full name Application Type Duration/Details Department status Expense reimbursement and payroll changes Ayako Takeuchi Application for half-day paid leave Sales Department approval ● Attendance and leave application Tomoya Okada Request for compensatory leave Logistics department Currently applying Onboarding procedures ● Application for employee benefits Shota Tsuda Annual paid leave Logistics department Currently applying ● Resident tax and other taxes Mayu Teramoto Flexible work schedule change application Planning Department Shenchu Ryosuke Kirishima Flexible work schedule change application Development Department Under request Sakura Eguchi Special leave (for celebrations and condolences) Human resources department Shenchu Mayu Teramoto Flexible work schedule change application Planning Department Currently applying Tomoya Okada Flexible work schedule change application Logistics department Crystal Ayako Takeuchi Annual paid leave Sales Department Crystal Ishida Mina Application for half-day paid leave Development Department Currently applying Daiki Ueno Special leave (for celebrations and condolences) Accounting Department Currently applying Takuya Aoki Flexible work schedule change application P2-07101496-001: Approved Request A Self
HR (Human Resources and Payroll) System aaA human resources HR (Human Resources and Payroll) System FY2026・Human Resources Department Field List of applications Human resources operations ● Dashboard Employee ID full name Application Type Period and details Department status Expense reimbursement and payroll changes Ayako Takeuchi Application for half-day paid leave Sales Department approval Attendance and leave application Tomoya Okada Request for compensatory leave Logistics department Currently applying ● Onboardin",/leave-applications,employee id | full name | name | status | type | department | resident tax | paid leave | attendance,approve,Notepad/text | Word/document,word_assisted,0.9648621834987402
la,paid_leave,ses_20260701-181913-SIDDHIGUPTAB00B::9,ses_20260701-181913-SIDDHIGUPTAB00B,HR人事給与システム = HR (Human Resources and Payroll) System | aあA = aaA | 人事 = human resources | HR人事給与システム = HR (Human Resources and Payroll) System | 2026年度·人事部門 = FY2026・Human Resources Department | 田 = Field | 12件·8件申請中 = 12 items・8 items pending | 人事業務 = Human resources operations | 申請一覧 = List of applications | ● ダッシュボード = ● Dashboard | 経費精算·給与変更 = Expense reimbursement and payroll changes | 社員ID = Employee ID | 氏名 = full name | 申請種別 = Application Type | 期間・詳細 = Period and details | 部署 = Department | ステータス = status | 勤怠・休暇申請 = Attendance and leave application | 竹内彩子 = Ayako Takeuchi | 半日有給申請 = Application for half-day paid leave | 営業部 = Sales Department | 承認 = approval | ● 入社手続き = ● Onboarding procedures | 岡田智也 = Tomoya Okada | 代休申請 = Request for compensatory leave | 物流部 = Logistics department | 承認 = approval | ● 福利厚生申請 = ● Application for employee benefits | ● 住民税・その他 = ● Resident tax and other taxes | 津田将太 = Shota Tsuda | 年次有給休暇 = Annual paid leave | 物流部 = Logistics department | 承認 = approval | 寺本 真由 = Mayu Teramoto | フレックス変更申請 = Flexible work schedule change application | 企画部 = Planning Department | 承認 = approval | 桐島 涼介 = Ryosuke Kirishima | フレックス変更申請 = Flexible work schedule change application | 開発部 = Development Department | 申請中 = Currently applying | 江口さくら = Sakura Eguchi | 特別休暇（慶弔) = Special leave (for celebrations and condolences) | 人事部 = Human resources department | 申請中 = Currently applying | 寺本 真由 = Mayu Teramoto | フレックス変更申請 = Flexible work schedule change application | 企画部 = Planning Department | 申請中 = Currently applying | 岡田智也 = Tomoya Okada | フレックス変更申請 = Flexible work schedule change application | 物流部 = Logistics department | 申請中 = Currently applying | 竹内彩子 = Ayako Takeuchi | 年次有給休暇 = Annual paid leave | 営業部 = Sales Department | 申請中 = Currently applying | 石田 美奈 = Mina Ishida | 半日有給申請 = Application for half-day paid leave | 開発部 = Development Department | 申請中 = Currently applying | 上野大樹 = Daiki Ueno | 特別休暇(慶弔) = Special leave (for celebrations and condole,"HR (Human Resources and Payroll) System aaA human resources HR (Human Resources and Payroll) System FY2026・Human Resources Department Field 12 items・8 items pending Human resources operations List of applications ● Dashboard Expense reimbursement and payroll changes Employee ID full name Application Type Period and details Department status Attendance and leave application Ayako Takeuchi Application for half-day paid leave Sales Department approval ● Onboarding procedures Tomoya Okada Request for compensatory leave Logistics department approval ● Application for employee benefits ● Resident tax and other taxes Shota Tsuda Annual paid leave Logistics department approval Mayu Teramoto Flexible work schedule change application Planning Department approval Ryosuke Kirishima Flexible work schedule change application Development Department Currently applying Sakura Eguchi Special leave (for celebrations and condolences) Human resources department Currently applying Mayu Teramoto Flexible work schedule change application Planning Department Currently applying Tomoya Okada Flexible work schedule change application Logistics department Currently applying Ayako Takeuchi Annual paid leave Sales Department Currently applying Mina Ishida Application for half-day paid leave Development Department Currently applying Daiki Ueno Special leave (for celebrations and condolences) Accounting activate Windows Takuya Aoki Flexible work schedule change application Sales Department Currently applying
HR (Human Resources and Payroll) System aaA human resources HR (Human Resources and Payroll) System FY2026・Human Resources Department Field 12 items・8 items pending Human resources operations ● Dashboard List of applications Expense reimbursement and payroll changes Employee ID full name Application Type Period and details Department status Attendance and leave application Ayako Takeuchi Application for half-day paid leave Sales Department approval ● Onboarding procedures Tomoya Okada Request f",/leave-applications,employee id | full name | name | status | type | department | resident tax | paid leave | attendance,approve,Notepad/text | Word/document,word_assisted,0.9649917643542006
la,paid_leave,ses_20260701-182634-NEELA9BAF::15,ses_20260701-182634-NEELA9BAF,HR人事給与システム = HR (Human Resources and Payroll) System | aあ A☆ = aa A☆ | 串 = skewer | 人事 = human resources | HR人事給与システム = HR (Human Resources and Payroll) System | 2026年度·人事部門 = FY2026・Human Resources Department | 田 = Field | 人事業務 = Human resources operations | ダッシュボードノ勤怠・休暇申請 = Dashboard Attendance and Leave Application | ● ダッシュボード = ● Dashboard | 勤怠・休暇申請 = Attendance and leave application | 12件·8件申請中 = 12 items・8 items pending | ●経費精算·給与変更 = ● Expense reimbursement and salary changes | ● 勤怠・休暇申請 = ● Attendance and leave application | 申請一覧 = List of applications | ● 入社手続き = ● Onboarding procedures | 社員ID = Employee ID | 氏名 = full name | 申請種別 = Application Type | 期間・詳細 = Period and details | 部署 = Department | ステータス = status | ● 福利厚生申請 = ● Application for employee benefits | 津田将太 = Shota Tsuda | フレックス変更申請 = Flexible work schedule change application | 物流部 = Logistics department | 承認 = approval | ● 住民税・その他 = ● Resident tax and other taxes | 桐島 涼介 = Ryosuke Kirishima | 特別休暇 (慶弔) = Special leave (for celebrations and condolences) | 開発部 = Development Department | 承認 = approval | 江口さくら = Sakura Eguchi | 代休申請 = Request for compensatory leave | 人事部 = Human resources department | 承認 = approval | 遠山 健一 = Kenichi Toyama | 年次有給休暇 = Annual paid leave | 営業部 = Sales Department | 承認 = approval | 菊池理恵 = Rie Kikuchi | フレックス変更申請 = Flexible work schedule change application | 営業部 = Sales Department | 申請中 = Currently applying | 清水 祥平 = Shohei Shimizu | フレックス変更申請 = Flexible work schedule change application | 開発部 = Development Department | 申請中 = Currently applying | 坂本裕二 = Yuji Sakamoto | 代休申請 = Request for compensatory leave | 人事部 = Human resources department | 申請中 = Currently applying | 江口さくら = Sakura Eguchi | 代休申請 = Request for compensatory leave | 人事部 = Human resources department | 申請中 = Currently applying | 清水 祥平 = Shohei Shimizu | 代休申請 = Request for compensatory leave | 開発部 = Development Department | 申請中 = Currently applying | 清水 祥平 = Shohei Shimizu | 特別休暇 (慶弔) = Special leave (for cele,"HR (Human Resources and Payroll) System aa A☆ skewer human resources HR (Human Resources and Payroll) System FY2026・Human Resources Department Field Human resources operations Dashboard Attendance and Leave Application ● Dashboard Attendance and leave application 12 items・8 items pending ● Expense reimbursement and salary changes ● Attendance and leave application List of applications ● Onboarding procedures Employee ID full name Application Type Period and details Department status ● Application for employee benefits Shota Tsuda Flexible work schedule change application Logistics department approval ● Resident tax and other taxes Ryosuke Kirishima Special leave (for celebrations and condolences) Development Department approval Sakura Eguchi Request for compensatory leave Human resources department approval Kenichi Toyama Annual paid leave Sales Department approval Rie Kikuchi Flexible work schedule change application Sales Department Currently applying Shohei Shimizu Flexible work schedule change application Development Department Currently applying Yuji Sakamoto Request for compensatory leave Human resources department Currently applying Sakura Eguchi Request for compensatory leave Human resources department Currently applying Shohei Shimizu Request for compensatory leave Development Department Currently applying Shohei Shimizu Special leave (for celebrations and condolences) Development Department Currently applying Ayako Takeuchi Flexible work schedule change application Sales Department Currently applying Ayako Takeuchi Flexible work schedule change application Sales Department
Order and Inventory Management System aa A☆ rate Receiving/Receiving Order and Inventory Management System 2026・Logistics Management Department high Order processing and inventory management Dashboard Contract Management ● Dashboard contract management Inventory Management 12 items・9 items pending ● Contract management List of applications • Return processing Employee ID full name Applic",/leave-applications,employee id | full name | name | status | type | department | resident tax | paid leave | attendance,approve,Notepad/text | Word/document,word_assisted,0.9706890775828849
la,overtime_holiday,ses_20260701-181413-LAPTOP-76QMG9DE::29,ses_20260701-181413-LAPTOP-76QMG9DE,"HR人事給与システム = HR (Human Resources and Payroll) System | aあA☆ = aaA☆ | 人事 = human resources | HR人事給与システム = HR (Human Resources and Payroll) System | 2026年度·人事部門 = FY2026・Human Resources Department | 2026/07/01 23:53:09 田中麻里·人事マネージャー = 2026/07/01 23:53:09 Mari Tanaka, Human Resources Manager | 田 = Field | 12件·2件申请中 = 12 cases・2 cases pending | 人事業務 = Human resources operations | ダッシュボード = Dashboard | 申請一覽 = Application review | 経費精算·給与変更 = Expense reimbursement and payroll changes | 社高ID = Company ID | 氏名 = full name | 中請種别 = Chuukake type | 期間·詳细 = Duration and details | 部署 = Department | ステータス = status | 勤怠・休暇申請 = Attendance and leave application | 江口さくら = Sakura Eguchi | 特别休（慶弔） = Special holiday (congratulations and condolence) | 人事部 = Human resources department | 承 = Acceptance | 入社手続き = Onboarding procedures | 福利厚生申請 = Employee benefits application | 上野大樹 = Daiki Ueno | 半日有胎申晴 = Half day pregnant Shinharu | 程理部 = Processing Department | 永8 = Ei 8 | 住民税・その他 = Resident tax and other taxes | 江口さくら = Sakura Eguchi | 半日有哈申脑 = Half day stay | 人事部 = Human resources department | 承 = Acceptance | 石田美奈 = Ishida Mina | 年次有赔休 = Annual paid leave | 開発部 = Development Department | 津田将太 = Shota Tsuda | 特别休（慶弔） = Special holiday (congratulations and condolence) | 物流部 = Logistics department | 承 = Acceptance | 河野明日香 = Asuka Kono | 特别休照（爱书） = Special holiday (love book) | 企部 = Planning department | 寺本真由 = Mayu Teramoto | 年次有哈休暇 = Annual vacation | 企面部 = Planning department | 承 = Acceptance | 竹内彩子 = Ayako Takeuchi | 特别休照（腰韦） = Special rest light (koshiki) | 营莱部 = Kariabe | 竹内彩子 = Ayako Takeuchi | 年次有给休暇 = Annual leave | 营菜部 = Kasanabu | 承 = Acceptance | 清水祥平 = Shohei Shimizu | 半日有胎申情 = Half-day pregnancy report | 開発部 = Development Department | 津田将太 = Shota Tsuda | 年次有哈休暇 = Annual vacation | 物流部 = Logistics department | 申中 = Shenchu | 河野明日香 = Asuka Kono | 特别休暇（腰韦） = Special vacation (Koshibei) | 企面部 = Planning department | 申中 = Shenchu | P2-07088456-010:申請を承認しました = P2-07088456-010: Ap","HR (Human Resources and Payroll) System aaA☆ human resources HR (Human Resources and Payroll) System FY2026・Human Resources Department 2026/07/01 23:53:09 Mari Tanaka, Human Resources Manager Field 12 cases・2 cases pending Human resources operations Dashboard Application review Expense reimbursement and payroll changes Company ID full name Chuukake type Duration and details Department status Attendance and leave application Sakura Eguchi Special holiday (congratulations and condolence) Human resources department Acceptance Onboarding procedures Employee benefits application Daiki Ueno Half day pregnant Shinharu Processing Department Ei 8 Resident tax and other taxes Sakura Eguchi Half day stay Human resources department Acceptance Ishida Mina Annual paid leave Development Department Shota Tsuda Special holiday (congratulations and condolence) Logistics department Acceptance Asuka Kono Special holiday (love book) Planning department Mayu Teramoto Annual vacation Planning department Acceptance Ayako Takeuchi Special rest light (koshiki) Kariabe Ayako Takeuchi Annual leave Kasanabu Acceptance Shohei Shimizu Half-day pregnancy report Development Department Shota Tsuda Annual vacation Logistics department Shenchu Asuka Kono Special vacation (Koshibei) Planning department Shenchu P2-07088456-010: Application approved.
HR (Human Resources and Payroll) System aaA&quot;☆ human resources HR (Human Resources and Payroll) System FY2026・Human Resources Department 2026/07/01 23:53:16 Mari Tanaka, Human Resources Manager Field 12 items・2 items pending Human resources operations Dashboard List of applications Expense reimbursement and payroll changes Employee ID full name Application Type Duration/Details Department status Attendance and leave application Sakura Eguchi Special leave (for celebrations and condolences) Human resources department approval Onboarding procedures Employee benefits application Daiki Ueno Application for half-day paid leave Accounting Department approval R",/leave-applications,employee id | full name | name | status | type | department | resident tax | paid leave | attendance,approve,Notepad/text | Word/document,word_assisted,0.920630453215687
ob,onboarding,ses_20260701-171614-CHAITANYA0BCF::14,ses_20260701-171614-CHAITANYA0BCF,"受発注在庫管理システム = Order and Inventory Management System | aぁA = aaA | 率 = rate | 受発 = Receiving/Receiving | 受発注在庫管理システム = Order and Inventory Management System | 2026年度·物流管理部 = 2026・Logistics Management Department | 高 = high | 受発注在庫業務 = Order processing and inventory management | 社員ID = Employee ID | 氏名 = full name | 区分 = classification | 金額 = Amount | ● ダッシュボード = ● Dashboard | 電源モジュールB = Power Module B | 定期補充 = Regular replenishment | 155円 = 155 yen | 定常 = Steady state | 登録済み = Registered | ● 在庫管理 = ● Inventory Management | モーターユニットF = Motor Unit F | 棚卸調整 = Inventory adjustment | 調整 = adjustment | 登録済み = Registered | 契約管理 = contract management | ● 返品処理 = ● Return processing | 光学レンズE = Optical lens E | 入庫 = Receiving stock | 59円 = 59 yen | 定常 = Steady state | 登録済み = Registered | ● IT申請 = ● IT application | 筐体パネルD = Enclosure Panel D | 返品入庫 = Returned items received | 90円 = 90 yen | 調整 = adjustment | 登録済み = Registered | ● 受注・その他 = ● Orders and other | センサーケーブルC = Sensor cable C | 棚卸調整 = Inventory adjustment | 調整 = adjustment | 未処理 = Unprocessed | センサーケーブルC = Sensor cable C | 出荷引当 = Shipping allocation | 定常 = Steady state | 未処理 = Unprocessed | モーターユニットF = Motor Unit F | 定期補充 = Regular replenishment | 99円 = 99 yen | 定常 = Steady state | 未処理 = Unprocessed | 筐体パネルD = Enclosure Panel D | 定期補充 = Regular replenishment | 148円 = 148 yen | 定常 = Steady state | 未処理 = Unprocessed | モーターユニットF = Motor Unit F | 入庫 = Receiving stock | 113円 = 113 yen | 定常 = Steady state | 未処理 = Unprocessed | 光学レンズE = Optical lens E | 入庫 = Receiving stock | 48円 = 48 yen | 定常 = Steady state | 未処理 = Unprocessed | 制御基板ユニットA = Control board unit A | 棚卸調整 = Inventory adjustment | 調整 = adjustment | 未処理 = Unprocessed | センサーケーブルC = Sensor cable C | 入庫 = Receiving stock | 143円 = 143 yen | 定常 = Steady state | 未処理 = Unprocessed | 近 = near
HR人事給与システム = HR (Human Resources and Payroll) System | aぁA = aaA | 串 = skewer | 人事 = human resources | HR人事給与システム = HR (Human Resources and Payroll) System | 2026年度·人事部門 = FY2026・Hum","Order and Inventory Management System aaA rate Receiving/Receiving Order and Inventory Management System 2026・Logistics Management Department high Order processing and inventory management Employee ID full name classification Amount ● Dashboard Power Module B Regular replenishment 155 yen Steady state Registered ● Inventory Management Motor Unit F Inventory adjustment adjustment Registered contract management ● Return processing Optical lens E Receiving stock 59 yen Steady state Registered ● IT application Enclosure Panel D Returned items received 90 yen adjustment Registered ● Orders and other Sensor cable C Inventory adjustment adjustment Unprocessed Sensor cable C Shipping allocation Steady state Unprocessed Motor Unit F Regular replenishment 99 yen Steady state Unprocessed Enclosure Panel D Regular replenishment 148 yen Steady state Unprocessed Motor Unit F Receiving stock 113 yen Steady state Unprocessed Optical lens E Receiving stock 48 yen Steady state Unprocessed Control board unit A Inventory adjustment adjustment Unprocessed Sensor cable C Receiving stock 143 yen Steady state Unprocessed near
HR (Human Resources and Payroll) System aaA skewer human resources HR (Human Resources and Payroll) System FY2026・Human Resources Department Field Human resources operations Dashboard onboarding procedures ● Dashboard Onboarding procedures Expense reimbursement and payroll changes 12 results, 12 results being matched. Attendance and leave application List of New Employees ● Onboarding procedures Employee ID full name Start date Department Number of matching items status Employee benefits application Kenta Kawaguchi Development Department 5 items Matching Resident tax and other taxes Akemi Harada Development Department 4 items Matching Akemi Tsuchida Logistics department 5 items Matching Kenta Kawaguchi Sales Department 4 items Matching Ayaka Tsuchida Management department 5 items Matching Akemi Iwata Development Department 5 items Matching Kenta Iwata Sales Department",/onboarding | /payroll-items,employee id | full name | name | amount | status | category | start date | department | my number | employment insurance | health insurance | commuting allowance | family allowance | resident tax | attendance,unprocessed,Notepad/text | Word/document,word_assisted,0.9620079080132642
ob,onboarding,ses_20260701-171614-CHAITANYA0BCF::36,ses_20260701-171614-CHAITANYA0BCF,"財務会計システム = Financial accounting system | aぁA = aaA | 率 = rate | 財務 = finance | 財務会計システム = Financial accounting system | 2026年度·経理部門 = Fiscal Year 2026 - Accounting Department | 佐 = Sa | 財務会計業務 = Financial accounting operations | 社員ID = Employee ID | 氏名 = full name | 項目 = item | ダッシュボード = Dashboard | 東京電子工業株式会社 = Tokyo Electronics Industry Co., Ltd. | 発注管理PO-2026-5094 = Order Management PO-2026-5094 | 未確認 = Unconfirmed | 請求書承認・経費精 = Invoice Approval and Expense Settlement | 算 = calculation | 東京電子工業株式会社 = Tokyo Electronics Industry Co., Ltd. | 発注管理PO-2026-5095 = Order Management PO-2026-5095 | 完了 = completion | 経費承認（管理職） = Expense approval (management) | 大和商事株式会社 = Yamato Shoji Co., Ltd. | 発注管理PO-2026-5096 = Order Management PO-2026-5096 | 完了 = completion | ● 支払処理 = ● Payment Processing | 沖縄物流センター = Okinawa Logistics Center | 発注管理PO-2026-5097 = Order Management PO-2026-5097 | 完了 = completion | 予算差異分析 = Budget variance analysis | 東京電子工業株式会社 = Tokyo Electronics Industry Co., Ltd. | 発注管理 PO-2026-5098 = Order Management PO-2026-5098 | 完了 = completion | 発注管理 = Order Management | 福岡システム設計 = Fukuoka System Design | 発注管理PO-2026-5099 = Order Management PO-2026-5099 | 完了 = completion | グローバルテック合同会社 = Global Tech LLC | 発注管理PO-2026-5100 = Order Management PO-2026-5100 | 完了 = completion | 東京電子工業株式会社 = Tokyo Electronics Industry Co., Ltd. | 発注管理PO-2026-5101 = Order Management PO-2026-5101 | 完了 = completion | 関西物流サービス = Kansai Logistics Service | 発注管理PO-2026-5102 = Order Management PO-2026-5102 | 完了 = completion | 大和商事株式会社 = Yamato Shoji Co., Ltd. | 発注管理PO-2026-5103 = Order Management PO-2026-5103 | 完了 = completion | グローバルテック合同会社 = Global Tech LLC | 発注管理PO-2026-5104 = Order Management PO-2026-5104 | 完了 = completion | 沖縄物流センター = Okinawa Logistics Center | 発注管理 PO-2026-5105 = Order Management PO-2026-5105 | 完了 = completion | 近 = near | 日 = day
HR人事給与システム = HR (Human Resources and Payroll) System | aあ A☆ = aa A☆ | 率 = rate | 人事 = human resources | HR人事給与システム = HR (Human Resources and P","Financial accounting system aaA rate finance Financial accounting system Fiscal Year 2026 - Accounting Department Sa Financial accounting operations Employee ID full name item Dashboard Tokyo Electronics Industry Co., Ltd. Order Management PO-2026-5094 Unconfirmed Invoice Approval and Expense Settlement calculation Tokyo Electronics Industry Co., Ltd. Order Management PO-2026-5095 completion Expense approval (management) Yamato Shoji Co., Ltd. Order Management PO-2026-5096 completion ● Payment Processing Okinawa Logistics Center Order Management PO-2026-5097 completion Budget variance analysis Tokyo Electronics Industry Co., Ltd. Order Management PO-2026-5098 completion Order Management Fukuoka System Design Order Management PO-2026-5099 completion Global Tech LLC Order Management PO-2026-5100 completion Tokyo Electronics Industry Co., Ltd. Order Management PO-2026-5101 completion Kansai Logistics Service Order Management PO-2026-5102 completion Yamato Shoji Co., Ltd. Order Management PO-2026-5103 completion Global Tech LLC Order Management PO-2026-5104 completion Okinawa Logistics Center Order Management PO-2026-5105 completion near day
HR (Human Resources and Payroll) System aa A☆ rate human resources HR (Human Resources and Payroll) System FY2026・Human Resources Department Field Human resources operations List of New Employees ● Dashboard Employee ID full name Start date Department Number of matching items status Expense reimbursement and payroll changes Attendance and leave application Kenta Kawaguchi Development Department 5 items completion ● Onboarding procedures Akemi Harada Development Department 4 items completion Employee benefits application Akemi Tsuchida Logistics department 5 items completion ● Resident tax and other taxes Kenta Kawaguchi Sales Department 4 items completion Ayaka Tsuchida Management department 5 items Matching Akemi Iwata Development Department 5 items Matching Kenta Iwata Sales Department 4 items Matching Naoki Morita Management depa",/onboarding,employee id | full name | name | status | category | start date | department | my number | employment insurance | health insurance | resident tax | attendance,approve | unconfirmed,Notepad/text | Word/document,word_assisted,0.9703360258530024
ob,onboarding,ses_20260701-171614-CHAITANYA0BCF::38,ses_20260701-171614-CHAITANYA0BCF,"HR人事給与システム = HR (Human Resources and Payroll) System | aぁA = aaA | 人事 = human resources | HR人事給与システム = HR (Human Resources and Payroll) System | 2026年度·人事部門 = FY2026・Human Resources Department | 田 = Field | 人事業務 = Human resources operations | 社員ID = Employee ID | 氏名 = full name | 入社日 = Start date | 部署 = Department | ダッシュボード = Dashboard | 川口健太 = Kenta Kawaguchi | 開発部 = Development Department | 5 項目 = 5 items | 完了 = completion | 経費精算·給与変更 = Expense reimbursement and payroll changes | 原田明美 = Akemi Harada | 開発部 = Development Department | 4 項目 = 4 items | 完了 = completion | 勤怠・休暇申請 = Attendance and leave application | 入社手続き = Onboarding procedures | 土田明美 = Akemi Tsuchida | 物流部 = Logistics department | 5 項目 = 5 items | 完了 = completion | 福利厚生申請 = Employee benefits application | 川口健太 = Kenta Kawaguchi | 営業部 = Sales Department | 4 項目 = 4 items | 完了 = completion | 住民税・その他 = Resident tax and other taxes | 土田彩香 = Ayaka Tsuchida | 管理部 = Management department | 5 項目 = 5 items | 完了 = completion | 岩田明美 = Akemi Iwata | 開発部 = Development Department | 5 項目 = 5 items | 完了 = completion | 岩田健太 = Kenta Iwata | 営業部 = Sales Department | 4項目 = 4 items | 完了 = completion | 森田 直樹 = Naoki Morita | 管理部 = Management department | 4項目 = 4 items | 照合中 = Matching | 原田さくら = Sakura Harada | 営業部 = Sales Department | 4 項目 = 4 items | 照合中 = Matching | 川口 浩二 = Koji Kawaguchi | システム部 = Systems Department | 5 項目 = 5 items | 照合中 = Matching | 内田さくら = Sakura Uchida | 管理部 = Management department | 4 項目 = 4 items | 照合中 = Matching | 橋本 浩二 = Koji Hashimoto | 営業部 = Sales Department | 4 項目 = 4 items | 照合中 = Matching | 近 = near
图 = picture | 区 = Ward | 入社チェックリスト（新卒バッチ処理) = Onboarding Checklist (New Graduate Batch Processing) | 入社チェックリスト（新卒バッチ処理） = Onboarding Checklist (New Graduate Batch Processing) | 概要 = overview | 照合項目 = Matching items | 概要 = overview | PC·IC力-ド発行 = PC/IC card issuance | 新卒一括採用時の入社照合チェックリスト。入社日前日までに全項目を完了させること。 = Checklist for verifying onboarding status during the mass recruitment of new graduates. ","HR (Human Resources and Payroll) System aaA human resources HR (Human Resources and Payroll) System FY2026・Human Resources Department Field Human resources operations Employee ID full name Start date Department Dashboard Kenta Kawaguchi Development Department 5 items completion Expense reimbursement and payroll changes Akemi Harada Development Department 4 items completion Attendance and leave application Onboarding procedures Akemi Tsuchida Logistics department 5 items completion Employee benefits application Kenta Kawaguchi Sales Department 4 items completion Resident tax and other taxes Ayaka Tsuchida Management department 5 items completion Akemi Iwata Development Department 5 items completion Kenta Iwata Sales Department 4 items completion Naoki Morita Management department 4 items Matching Sakura Harada Sales Department 4 items Matching Koji Kawaguchi Systems Department 5 items Matching Sakura Uchida Management department 4 items Matching Koji Hashimoto Sales Department 4 items Matching near
picture Ward Onboarding Checklist (New Graduate Batch Processing) Onboarding Checklist (New Graduate Batch Processing) overview Matching items overview PC/IC card issuance Checklist for verifying onboarding status during the mass recruitment of new graduates. All items must be completed by the day before the start date. Training Schedule Matching items Submission and verification of Romy Number □ Employment insurance certificate (for those changing jobs only) □ Procedures for joining health insurance and employee pension □ Salary deposit account registration form □ Commuting allowance application form (route and amount confirmation) Training Schedule □ Dependent Deduction Declaration Form (Confirmation of Eligibility for Family Allowance) □ Certificate of registered information in the resident register PC and IC card issuance
HR (Human Resources and Payroll) System aaA human resources HR (Human Resources and Payroll) System FY2026・Human Resources Department Field Koji Kawa",/onboarding,employee id | full name | name | amount | status | category | start date | department | my number | employment insurance | health insurance | commuting allowance | family allowance | resident tax | attendance,approve | hold,Notepad/text | Word/document,word_assisted,0.9560370798424332
ob,onboarding,ses_20260701-173246-SIDDHIGUPTAB00B::13,ses_20260701-173246-SIDDHIGUPTAB00B,"財務会計システム = Financial accounting system | aあA = aaA | 財務 = finance | 財務会計システム = Financial accounting system | 2026年度·経理部門 = Fiscal Year 2026 - Accounting Department | 佐藤直樹・経理マネージャー = Naoki Sato, Accounting Manager | 佐 = Sa | 一覧 = List | 財務会計業務 = Financial accounting operations | ● ダッシュボード = ● Dashboard | 社員ID = Employee ID | 氏名 = full name | 項目 = item | 金額 = Amount | ステータス = status | 請求書承認・経費精 = Invoice Approval and Expense Settlement | 算 = calculation | 北陸部品工業株式会社 = Hokuriku Parts Industry Co., Ltd. | 発注管理 PO-2026-5931 = Order Management PO-2026-5931 | 未確認 = Unconfirmed | 経費承認（管理職） = Expense approval (management) | 東京電子工業株式会社 = Tokyo Electronics Industry Co., Ltd. | 発注管理PO-2026-5932 = Order Management PO-2026-5932 | 完了 = completion | ● 支払処理 = ● Payment Processing | 大和商事株式会社 = Yamato Shoji Co., Ltd. | 発注管理PO-2026-5933 = Order Management PO-2026-5933 | 完了 = completion | 予算差異分析 = Budget variance analysis | 関西物流サービス = Kansai Logistics Service | 発注管理PO-2026-5934 = Order Management PO-2026-5934 | 完了 = completion | ● 発注管理 = ● Order Management | 株式会社山田製作所 = Yamada Manufacturing Co., Ltd. | 発注管理PO-2026-5935 = Order Management PO-2026-5935 | 未確認 = Unconfirmed | 関西物流サービス = Kansai Logistics Service | 発注管理PO-2026-5936 = Order Management PO-2026-5936 | 未確認 = Unconfirmed | 東京電子工業株式会社 = Tokyo Electronics Industry Co., Ltd. | 発注管理PO-2026-5937 = Order Management PO-2026-5937 | 未確認 = Unconfirmed | 大和商事株式会社 = Yamato Shoji Co., Ltd. | 発注管理PO-2026-5938 = Order Management PO-2026-5938 | 未確認 = Unconfirmed | 福岡システム設計▲ = Fukuoka System Design ▲ | 発注管理 PO-2026-5939 = Order Management PO-2026-5939 | 未確認 = Unconfirmed | 関西物流サービス = Kansai Logistics Service | 発注管理PO-2026-5940 = Order Management PO-2026-5940 | 未確認 = Unconfirmed | 関西物流サービス = Kansai Logistics Service | 発注管理PO-2026-5941 = Order Management PO-2026-5941 | 未確認 = Unconfirmed | グローバルテック合同会社 = Global Tech LLC | Activate Win朱確認s = Activate Win Verification | 発注管理PO-2026-5942 = Order Management PO-2026-5942
HR人事給与システム = HR (Human Resources a","Financial accounting system aaA finance Financial accounting system Fiscal Year 2026 - Accounting Department Naoki Sato, Accounting Manager Sa List Financial accounting operations ● Dashboard Employee ID full name item Amount status Invoice Approval and Expense Settlement calculation Hokuriku Parts Industry Co., Ltd. Order Management PO-2026-5931 Unconfirmed Expense approval (management) Tokyo Electronics Industry Co., Ltd. Order Management PO-2026-5932 completion ● Payment Processing Yamato Shoji Co., Ltd. Order Management PO-2026-5933 completion Budget variance analysis Kansai Logistics Service Order Management PO-2026-5934 completion ● Order Management Yamada Manufacturing Co., Ltd. Order Management PO-2026-5935 Unconfirmed Kansai Logistics Service Order Management PO-2026-5936 Unconfirmed Tokyo Electronics Industry Co., Ltd. Order Management PO-2026-5937 Unconfirmed Yamato Shoji Co., Ltd. Order Management PO-2026-5938 Unconfirmed Fukuoka System Design ▲ Order Management PO-2026-5939 Unconfirmed Kansai Logistics Service Order Management PO-2026-5940 Unconfirmed Kansai Logistics Service Order Management PO-2026-5941 Unconfirmed Global Tech LLC Activate Win Verification Order Management PO-2026-5942
HR (Human Resources and Payroll) System aaA human resources HR (Human Resources and Payroll) System FY2026・Human Resources Department Mari Tanaka, Human Resources Manager Field Human resources operations Dashboard onboarding procedures ● Dashboard Onboarding procedures Expense reimbursement and payroll changes 12 results, 12 results being matched. Attendance and leave application List of New Employees ● Onboarding procedures Employee ID full name Start date Department Number of matching items status Employee benefits application Ayaka Harada Sales Department 5 items Matching ● Resident tax and other taxes Koji Uchida Human resources department 5 items Matching Koji Tsuchida Planning Department 5 items Matching Akemi Hashimoto Accounting Department 5 items Matching Sakur",/onboarding,employee id | full name | name | amount | status | category | start date | department | my number | employment insurance | health insurance | commuting allowance | family allowance | resident tax | attendance,approve | unconfirmed,Notepad/text | Word/document,word_assisted,0.949540656437878
ob,onboarding,ses_20260701-173246-SIDDHIGUPTAB00B::39,ses_20260701-173246-SIDDHIGUPTAB00B,"HR人事給与システム = HR (Human Resources and Payroll) System | aあA = aaA | 人事 = human resources | HR人事給与システム = HR (Human Resources and Payroll) System | 2026年度·人事部門 = FY2026・Human Resources Department | 田中 麻里・人事マネージャー = Mari Tanaka, Human Resources Manager | 田 = Field | 入社照合一覧 = List of New Employees | 人事業務 = Human resources operations | ● ダッシュボード = ● Dashboard | 社員ID = Employee ID | 氏名 = full name | 入社日 = Start date | 部署 = Department | 照合項目数 = Number of matching items | ステータス = status | 経費精算·給与変更 = Expense reimbursement and payroll changes | 原田彩香 = Ayaka Harada | 営業部 = Sales Department | 5 項目 = 5 items | 完了 = completion | 勤怠・休暇申請 = Attendance and leave application | 内田浩二 = Koji Uchida | 人事部 = Human resources department | 5 項目 = 5 items | 完了 = completion | ● 入社手続き = ● Onboarding procedures | 福利厚生申請 = Employee benefits application | 土田浩二 = Koji Tsuchida | 企画部 = Planning Department | 5 項目 = 5 items | 完了 = completion | ● 住民税・その他 = ● Resident tax and other taxes | 橋本明美 = Akemi Hashimoto | 経理部 = Accounting Department | 5 項目 = 5 items | 完了 = completion | 岩田さくら = Sakura Iwata | システム部 = Systems Department | 5 項目 = 5 items | 完了 = completion | 岩田さくら = Sakura Iwata | 物流部 = Logistics department | 5 項目 = 5 items | 照合中 = Matching | 川口明美 = Akemi Kawaguchi | 管理部 = Management department | 4 項目 = 4 items | 照合中 = Matching | 森田さくら = Sakura Morita | 経理部 = Accounting Department | 5 項目 = 5 items | 照合中 = Matching | 内田健太 = Kenta Uchida | 管理部 = Management department | 4 項目 = 4 items | 照合中 = Matching | 原田 直樹 = Naoki Harada | 管理部 = Management department | 4 項目 = 4 items | 照合中 = Matching | 原田 直樹 = Naoki Harada | 開発部 = Development Department | 5 項目 = 5 items | 照合中 = Matching | 内田さくら = Sakura Uchida | 企画部 = Planning Department | 4 項目 = 4 items | Activate Wir照合中ws = Activating Wir matching ws | 首 = neck
三 = three | 区 = Ward | 区 = Ward | 入社チェックリスト（新卒バッチ処理） = Onboarding Checklist (New Graduate Batch Processing) | 概要 = overview | 入社チェックリスト（新卒バッチ処理) = Onboarding Checklist (New Graduate Batch Processing) | 照合項","HR (Human Resources and Payroll) System aaA human resources HR (Human Resources and Payroll) System FY2026・Human Resources Department Mari Tanaka, Human Resources Manager Field List of New Employees Human resources operations ● Dashboard Employee ID full name Start date Department Number of matching items status Expense reimbursement and payroll changes Ayaka Harada Sales Department 5 items completion Attendance and leave application Koji Uchida Human resources department 5 items completion ● Onboarding procedures Employee benefits application Koji Tsuchida Planning Department 5 items completion ● Resident tax and other taxes Akemi Hashimoto Accounting Department 5 items completion Sakura Iwata Systems Department 5 items completion Sakura Iwata Logistics department 5 items Matching Akemi Kawaguchi Management department 4 items Matching Sakura Morita Accounting Department 5 items Matching Kenta Uchida Management department 4 items Matching Naoki Harada Management department 4 items Matching Naoki Harada Development Department 5 items Matching Sakura Uchida Planning Department 4 items Activating Wir matching ws neck
three Ward Ward Onboarding Checklist (New Graduate Batch Processing) overview Onboarding Checklist (New Graduate Batch Processing) Matching items PC/IC card issuance overview Training Schedule Checklist for verifying onboarding status during the mass recruitment of new graduates. All items must be completed by the day before the start date. Matching items Submission and verification of Romy Number Employment insurance certificate (for job changers only) □ Procedures for joining health insurance and employee pension □ Salary deposit account registration form □ Commuting allowance application form (route and amount confirmation) □ Dependent Deduction Declaration Form (Confirmation of Eligibility for Family Allowance) □ Certificate of registered information in the resident register PC/IC card issuance The application must be submitted via the IT application f",/onboarding,employee id | full name | name | amount | status | category | type | start date | department | employment category | my number | employment insurance | health insurance | commuting allowance | family allowance | resident tax | attendance,,Notepad/text | Word/document,word_assisted,0.9449222248414574
ob,onboarding,ses_20260701-175258-LAPTOP-76QMG9DE::12,ses_20260701-175258-LAPTOP-76QMG9DE,"HR人事給与システム = HR (Human Resources and Payroll) System | HR人事給与システム = HR (Human Resources and Payroll) System | aあ = aa | 串 = skewer | 人事 = human resources | HR人事給与システム = HR (Human Resources and Payroll) System | 2026年度·人事部門 = FY2026・Human Resources Department | 2026/07/0123:25:39 田中麻里·人事マネージャー = 2026/07/01 23:25:39 Mari Tanaka, Human Resources Manager | 田 = Field | 人事業務 = Human resources operations | 石田美奈 = Ishida Mina | 出張旅費 = Business trip expenses | 29,289円 = 29,289 yen | 定常 = Steady state | 未処理 = Unprocessed | ダッシュボード = Dashboard | 菊池理恵 = Rie Kikuchi | 交通費精算 = Transportation expense settlement | 15,570円 = 15,570 yen | 定常 = Steady state | 未処理 = Unprocessed | 経費精算·給与変更 = Expense reimbursement and payroll changes | 坂本裕二 = Yuji Sakamoto | 研修費 = Training expenses | 11,116円 = 11,116 yen | 定常 = Steady state | 未処理 = Unprocessed | 勤怠・休暇申請 = Attendance and leave application | 菊池理恵 = Rie Kikuchi | 昇給 = Salary increase | 16,288円 = 16,288 yen | 定常 = Steady state | 未処理 = Unprocessed | 入社手続き = Onboarding procedures | 福利厚生申請 = Employee benefits application | 青木拓也 = Takuya Aoki | 役職手当廃止 = Abolition of position allowances | 17,344円 = 17,344 yen | 定常 = Steady state | 未処理 = Unprocessed | 住民税・その他 = Resident tax and other taxes | 桐島 凉介 = Ryosuke Kirishima | 役職手当廃止 = Abolition of position allowances | 17,344円 = 17,344 yen | 定常 = Steady state | 未処理 = Unprocessed | 江口さくら = Sakura Eguchi | 役職手当廃止 = Abolition of position allowances | 17,344円 = 17,344 yen | 定常 = Steady state | 未処理 = Unprocessed | 岡田智也 = Tomoya Okada | 昇給 = Salary increase | 16,288円 = 16,288 yen | 定常 = Steady state | 未処理 = Unprocessed | 遠山健一 = Kenichi Toyama | 扶養控除変更 = Change in dependent deduction | 一 = one | 定常 = Steady state | 未処理 = Unprocessed | 青木拓也 = Takuya Aoki | 役職手当廃止 = Abolition of position allowances | 17,344円 = 17,344 yen | 定常 = Steady state | 未処理 = Unprocessed | 岡田智也 = Tomoya Okada | 役職手当新設 = New position-based allowance established. | 12,922円 = 12,922 yen | 定常 = Steady state | 未処理 = Unprocessed | 石田美奈 = Ishida ","HR (Human Resources and Payroll) System HR (Human Resources and Payroll) System aa skewer human resources HR (Human Resources and Payroll) System FY2026・Human Resources Department 2026/07/01 23:25:39 Mari Tanaka, Human Resources Manager Field Human resources operations Ishida Mina Business trip expenses 29,289 yen Steady state Unprocessed Dashboard Rie Kikuchi Transportation expense settlement 15,570 yen Steady state Unprocessed Expense reimbursement and payroll changes Yuji Sakamoto Training expenses 11,116 yen Steady state Unprocessed Attendance and leave application Rie Kikuchi Salary increase 16,288 yen Steady state Unprocessed Onboarding procedures Employee benefits application Takuya Aoki Abolition of position allowances 17,344 yen Steady state Unprocessed Resident tax and other taxes Ryosuke Kirishima Abolition of position allowances 17,344 yen Steady state Unprocessed Sakura Eguchi Abolition of position allowances 17,344 yen Steady state Unprocessed Tomoya Okada Salary increase 16,288 yen Steady state Unprocessed Kenichi Toyama Change in dependent deduction one Steady state Unprocessed Takuya Aoki Abolition of position allowances 17,344 yen Steady state Unprocessed Tomoya Okada New position-based allowance established. 12,922 yen Steady state Unprocessed Ishida Mina Abolition of position allowances 17,344 yen Steady state Unprocessed Nana Shimada Salary increase 16,288 yen Steady state Unprocessed Sakura Eguchi Salary increase 16,288 yen Steady state Unprocessed Daiki Ueno Abolition of position allowances 17,344 yen Steady state Unprocessed P1-07089771-008: Registration confirmed. Self
Settlement confirmation memo Ab Settlement confirmation memo Expense reimbursement confirmed. Expense category: Entertainment and hospitality expenses. Amount: 60,936 yen. Confirmed to be within regulations. neck
Settlement confirmation memo Tian Ai Settlement confirmation memo Expense reimbursement confirmed. Expense category: Entertainment and hospitality expenses. Amount: 7",/onboarding | /payroll-items,employee id | full name | name | amount | status | category | type | start date | department | employment category | my number | health insurance | commuting allowance | resident tax | attendance,unprocessed,Notepad/text | Word/document,word_assisted,0.9505103776019184
ob,onboarding,ses_20260701-180923-NEELA9BAF::12,ses_20260701-180923-NEELA9BAF,"HR人事給与システム = HR (Human Resources and Payroll) System | HR人事給与システム = HR (Human Resources and Payroll) System | aあA = aaA | 人事 = human resources | HR人事給与システム = HR (Human Resources and Payroll) System | 2026年度·人事部門 = FY2026・Human Resources Department | 田中 麻里・人事マネージャー = Mari Tanaka, Human Resources Manager | 田 = Field | 橋本 健太 = Kenta Hashimoto | 経理部 = Accounting Department | 5 項目 = 5 items | 照合中 = Matching | 人事業務 = Human resources operations | 川口彩香 = Ayaka Kawaguchi | 人事部 = Human resources department | 4 項目 = 4 items | 照合中 = Matching | ● ダッシュボード = ● Dashboard | 内田明美 = Akemi Uchida | 人事部 = Human resources department | 4 項目 = 4 items | 照合中 = Matching | 経費精算·給与変更 = Expense reimbursement and payroll changes | 勤怠・休暇申請 = Attendance and leave application | 土田明美 = Akemi Tsuchida | 経理部 = Accounting Department | 4 項目 = 4 items | 照合中 = Matching | ● 入社手続き = ● Onboarding procedures | 橋本浩二 = Koji Hashimoto | 営業部 = Sales Department | 4 項目 = 4 items | 照合中 = Matching | 福利厚生申請 = Employee benefits application | 土田さくら = Sakura Tsuchida | 人事部 = Human resources department | 5 項目 = 5 items | 照合中 = Matching | ● 住民税・その他 = ● Resident tax and other taxes | 内田明美 = Akemi Uchida | 物流部 = Logistics department | 4 項目 = 4 items | 照合中 = Matching | 詳細—橋本 健太（E2283） = Details—Kenta Hashimoto (E2283) | 照合中 = Matching | 管理ID = Management ID | 社員ID = Employee ID | 入社日 = Start date | 所属部署 = Department | 経理部 = Accounting Department | 照合項目 = Matching items | マイナンバー = My Number | 雇用保険 = Employment insurance | 健康保険 = health insurance | 通勤手当 = Commuting allowance | 家族手当 = Family allowance | ステータス = status | 照合中 = Matching | 参照：採用区分：新卒家族持 = Reference: Recruitment Category: New Graduates with Families | 照合メモ = Verification Memo | 入社照合完了。採用区分：新卒家族持。照合項目すべて確認済み。 = Onboarding verification complete. Recruitment category: New graduate with family. All verification items have been confirmed. | 照合完了 = Verification completed | フラグ = flag
日 = day | 区 = Ward | 区 = Ward | 区 = Ward | 区 = Ward | 入社チェックリスト （新卒バッチ処理) = Onboarding Ch","HR (Human Resources and Payroll) System HR (Human Resources and Payroll) System aaA human resources HR (Human Resources and Payroll) System FY2026・Human Resources Department Mari Tanaka, Human Resources Manager Field Kenta Hashimoto Accounting Department 5 items Matching Human resources operations Ayaka Kawaguchi Human resources department 4 items Matching ● Dashboard Akemi Uchida Human resources department 4 items Matching Expense reimbursement and payroll changes Attendance and leave application Akemi Tsuchida Accounting Department 4 items Matching ● Onboarding procedures Koji Hashimoto Sales Department 4 items Matching Employee benefits application Sakura Tsuchida Human resources department 5 items Matching ● Resident tax and other taxes Akemi Uchida Logistics department 4 items Matching Details—Kenta Hashimoto (E2283) Matching Management ID Employee ID Start date Department Accounting Department Matching items My Number Employment insurance health insurance Commuting allowance Family allowance status Matching Reference: Recruitment Category: New Graduates with Families Verification Memo Onboarding verification complete. Recruitment category: New graduate with family. All verification items have been confirmed. Verification completed flag
day Ward Ward Ward Ward Onboarding Checklist (New Graduate Batch Processing) overview Matching items PC/IC card issuance Training Schedule Onboarding Checklist (New Graduate Batch Processing) overview Checklist for verifying onboarding status during the mass recruitment of new graduates. All items must be completed by the day before the start date. Matching items Submission and verification of Romy Number Employment insurance certificate (for job changers only) Procedures for joining health insurance and employee pension □ Salary deposit account registration form Commuting allowance application form (route and amount confirmation) □ Dependent Deduction Declaration Form (Confirmation of Eligibility for Family Allowance) □ Certifi",/onboarding,employee id | full name | name | amount | status | category | type | start date | department | employment category | my number | employment insurance | health insurance | commuting allowance | family allowance | resident tax | attendance,,Notepad/text | Word/document,word_assisted,0.9488736396114064
ob,onboarding_insurance,ses_20260701-171614-CHAITANYA0BCF::14,ses_20260701-171614-CHAITANYA0BCF,"受発注在庫管理システム = Order and Inventory Management System | aぁA = aaA | 率 = rate | 受発 = Receiving/Receiving | 受発注在庫管理システム = Order and Inventory Management System | 2026年度·物流管理部 = 2026・Logistics Management Department | 高 = high | 受発注在庫業務 = Order processing and inventory management | 社員ID = Employee ID | 氏名 = full name | 区分 = classification | 金額 = Amount | ● ダッシュボード = ● Dashboard | 電源モジュールB = Power Module B | 定期補充 = Regular replenishment | 155円 = 155 yen | 定常 = Steady state | 登録済み = Registered | ● 在庫管理 = ● Inventory Management | モーターユニットF = Motor Unit F | 棚卸調整 = Inventory adjustment | 調整 = adjustment | 登録済み = Registered | 契約管理 = contract management | ● 返品処理 = ● Return processing | 光学レンズE = Optical lens E | 入庫 = Receiving stock | 59円 = 59 yen | 定常 = Steady state | 登録済み = Registered | ● IT申請 = ● IT application | 筐体パネルD = Enclosure Panel D | 返品入庫 = Returned items received | 90円 = 90 yen | 調整 = adjustment | 登録済み = Registered | ● 受注・その他 = ● Orders and other | センサーケーブルC = Sensor cable C | 棚卸調整 = Inventory adjustment | 調整 = adjustment | 未処理 = Unprocessed | センサーケーブルC = Sensor cable C | 出荷引当 = Shipping allocation | 定常 = Steady state | 未処理 = Unprocessed | モーターユニットF = Motor Unit F | 定期補充 = Regular replenishment | 99円 = 99 yen | 定常 = Steady state | 未処理 = Unprocessed | 筐体パネルD = Enclosure Panel D | 定期補充 = Regular replenishment | 148円 = 148 yen | 定常 = Steady state | 未処理 = Unprocessed | モーターユニットF = Motor Unit F | 入庫 = Receiving stock | 113円 = 113 yen | 定常 = Steady state | 未処理 = Unprocessed | 光学レンズE = Optical lens E | 入庫 = Receiving stock | 48円 = 48 yen | 定常 = Steady state | 未処理 = Unprocessed | 制御基板ユニットA = Control board unit A | 棚卸調整 = Inventory adjustment | 調整 = adjustment | 未処理 = Unprocessed | センサーケーブルC = Sensor cable C | 入庫 = Receiving stock | 143円 = 143 yen | 定常 = Steady state | 未処理 = Unprocessed | 近 = near
HR人事給与システム = HR (Human Resources and Payroll) System | aぁA = aaA | 串 = skewer | 人事 = human resources | HR人事給与システム = HR (Human Resources and Payroll) System | 2026年度·人事部門 = FY2026・Hum","Order and Inventory Management System aaA rate Receiving/Receiving Order and Inventory Management System 2026・Logistics Management Department high Order processing and inventory management Employee ID full name classification Amount ● Dashboard Power Module B Regular replenishment 155 yen Steady state Registered ● Inventory Management Motor Unit F Inventory adjustment adjustment Registered contract management ● Return processing Optical lens E Receiving stock 59 yen Steady state Registered ● IT application Enclosure Panel D Returned items received 90 yen adjustment Registered ● Orders and other Sensor cable C Inventory adjustment adjustment Unprocessed Sensor cable C Shipping allocation Steady state Unprocessed Motor Unit F Regular replenishment 99 yen Steady state Unprocessed Enclosure Panel D Regular replenishment 148 yen Steady state Unprocessed Motor Unit F Receiving stock 113 yen Steady state Unprocessed Optical lens E Receiving stock 48 yen Steady state Unprocessed Control board unit A Inventory adjustment adjustment Unprocessed Sensor cable C Receiving stock 143 yen Steady state Unprocessed near
HR (Human Resources and Payroll) System aaA skewer human resources HR (Human Resources and Payroll) System FY2026・Human Resources Department Field Human resources operations Dashboard onboarding procedures ● Dashboard Onboarding procedures Expense reimbursement and payroll changes 12 results, 12 results being matched. Attendance and leave application List of New Employees ● Onboarding procedures Employee ID full name Start date Department Number of matching items status Employee benefits application Kenta Kawaguchi Development Department 5 items Matching Resident tax and other taxes Akemi Harada Development Department 4 items Matching Akemi Tsuchida Logistics department 5 items Matching Kenta Kawaguchi Sales Department 4 items Matching Ayaka Tsuchida Management department 5 items Matching Akemi Iwata Development Department 5 items Matching Kenta Iwata Sales Department",/onboarding | /payroll-items,employee id | full name | name | amount | status | category | start date | department | my number | employment insurance | health insurance | commuting allowance | family allowance | resident tax | attendance,unprocessed,Notepad/text | Word/document,word_assisted,0.9620079080132642
ob,onboarding_insurance,ses_20260701-171614-CHAITANYA0BCF::36,ses_20260701-171614-CHAITANYA0BCF,"財務会計システム = Financial accounting system | aぁA = aaA | 率 = rate | 財務 = finance | 財務会計システム = Financial accounting system | 2026年度·経理部門 = Fiscal Year 2026 - Accounting Department | 佐 = Sa | 財務会計業務 = Financial accounting operations | 社員ID = Employee ID | 氏名 = full name | 項目 = item | ダッシュボード = Dashboard | 東京電子工業株式会社 = Tokyo Electronics Industry Co., Ltd. | 発注管理PO-2026-5094 = Order Management PO-2026-5094 | 未確認 = Unconfirmed | 請求書承認・経費精 = Invoice Approval and Expense Settlement | 算 = calculation | 東京電子工業株式会社 = Tokyo Electronics Industry Co., Ltd. | 発注管理PO-2026-5095 = Order Management PO-2026-5095 | 完了 = completion | 経費承認（管理職） = Expense approval (management) | 大和商事株式会社 = Yamato Shoji Co., Ltd. | 発注管理PO-2026-5096 = Order Management PO-2026-5096 | 完了 = completion | ● 支払処理 = ● Payment Processing | 沖縄物流センター = Okinawa Logistics Center | 発注管理PO-2026-5097 = Order Management PO-2026-5097 | 完了 = completion | 予算差異分析 = Budget variance analysis | 東京電子工業株式会社 = Tokyo Electronics Industry Co., Ltd. | 発注管理 PO-2026-5098 = Order Management PO-2026-5098 | 完了 = completion | 発注管理 = Order Management | 福岡システム設計 = Fukuoka System Design | 発注管理PO-2026-5099 = Order Management PO-2026-5099 | 完了 = completion | グローバルテック合同会社 = Global Tech LLC | 発注管理PO-2026-5100 = Order Management PO-2026-5100 | 完了 = completion | 東京電子工業株式会社 = Tokyo Electronics Industry Co., Ltd. | 発注管理PO-2026-5101 = Order Management PO-2026-5101 | 完了 = completion | 関西物流サービス = Kansai Logistics Service | 発注管理PO-2026-5102 = Order Management PO-2026-5102 | 完了 = completion | 大和商事株式会社 = Yamato Shoji Co., Ltd. | 発注管理PO-2026-5103 = Order Management PO-2026-5103 | 完了 = completion | グローバルテック合同会社 = Global Tech LLC | 発注管理PO-2026-5104 = Order Management PO-2026-5104 | 完了 = completion | 沖縄物流センター = Okinawa Logistics Center | 発注管理 PO-2026-5105 = Order Management PO-2026-5105 | 完了 = completion | 近 = near | 日 = day
HR人事給与システム = HR (Human Resources and Payroll) System | aあ A☆ = aa A☆ | 率 = rate | 人事 = human resources | HR人事給与システム = HR (Human Resources and P","Financial accounting system aaA rate finance Financial accounting system Fiscal Year 2026 - Accounting Department Sa Financial accounting operations Employee ID full name item Dashboard Tokyo Electronics Industry Co., Ltd. Order Management PO-2026-5094 Unconfirmed Invoice Approval and Expense Settlement calculation Tokyo Electronics Industry Co., Ltd. Order Management PO-2026-5095 completion Expense approval (management) Yamato Shoji Co., Ltd. Order Management PO-2026-5096 completion ● Payment Processing Okinawa Logistics Center Order Management PO-2026-5097 completion Budget variance analysis Tokyo Electronics Industry Co., Ltd. Order Management PO-2026-5098 completion Order Management Fukuoka System Design Order Management PO-2026-5099 completion Global Tech LLC Order Management PO-2026-5100 completion Tokyo Electronics Industry Co., Ltd. Order Management PO-2026-5101 completion Kansai Logistics Service Order Management PO-2026-5102 completion Yamato Shoji Co., Ltd. Order Management PO-2026-5103 completion Global Tech LLC Order Management PO-2026-5104 completion Okinawa Logistics Center Order Management PO-2026-5105 completion near day
HR (Human Resources and Payroll) System aa A☆ rate human resources HR (Human Resources and Payroll) System FY2026・Human Resources Department Field Human resources operations List of New Employees ● Dashboard Employee ID full name Start date Department Number of matching items status Expense reimbursement and payroll changes Attendance and leave application Kenta Kawaguchi Development Department 5 items completion ● Onboarding procedures Akemi Harada Development Department 4 items completion Employee benefits application Akemi Tsuchida Logistics department 5 items completion ● Resident tax and other taxes Kenta Kawaguchi Sales Department 4 items completion Ayaka Tsuchida Management department 5 items Matching Akemi Iwata Development Department 5 items Matching Kenta Iwata Sales Department 4 items Matching Naoki Morita Management depa",/onboarding,employee id | full name | name | status | category | start date | department | my number | employment insurance | health insurance | resident tax | attendance,approve | unconfirmed,Notepad/text | Word/document,word_assisted,0.9703360258530024
ob,onboarding_insurance,ses_20260701-171614-CHAITANYA0BCF::38,ses_20260701-171614-CHAITANYA0BCF,"HR人事給与システム = HR (Human Resources and Payroll) System | aぁA = aaA | 人事 = human resources | HR人事給与システム = HR (Human Resources and Payroll) System | 2026年度·人事部門 = FY2026・Human Resources Department | 田 = Field | 人事業務 = Human resources operations | 社員ID = Employee ID | 氏名 = full name | 入社日 = Start date | 部署 = Department | ダッシュボード = Dashboard | 川口健太 = Kenta Kawaguchi | 開発部 = Development Department | 5 項目 = 5 items | 完了 = completion | 経費精算·給与変更 = Expense reimbursement and payroll changes | 原田明美 = Akemi Harada | 開発部 = Development Department | 4 項目 = 4 items | 完了 = completion | 勤怠・休暇申請 = Attendance and leave application | 入社手続き = Onboarding procedures | 土田明美 = Akemi Tsuchida | 物流部 = Logistics department | 5 項目 = 5 items | 完了 = completion | 福利厚生申請 = Employee benefits application | 川口健太 = Kenta Kawaguchi | 営業部 = Sales Department | 4 項目 = 4 items | 完了 = completion | 住民税・その他 = Resident tax and other taxes | 土田彩香 = Ayaka Tsuchida | 管理部 = Management department | 5 項目 = 5 items | 完了 = completion | 岩田明美 = Akemi Iwata | 開発部 = Development Department | 5 項目 = 5 items | 完了 = completion | 岩田健太 = Kenta Iwata | 営業部 = Sales Department | 4項目 = 4 items | 完了 = completion | 森田 直樹 = Naoki Morita | 管理部 = Management department | 4項目 = 4 items | 照合中 = Matching | 原田さくら = Sakura Harada | 営業部 = Sales Department | 4 項目 = 4 items | 照合中 = Matching | 川口 浩二 = Koji Kawaguchi | システム部 = Systems Department | 5 項目 = 5 items | 照合中 = Matching | 内田さくら = Sakura Uchida | 管理部 = Management department | 4 項目 = 4 items | 照合中 = Matching | 橋本 浩二 = Koji Hashimoto | 営業部 = Sales Department | 4 項目 = 4 items | 照合中 = Matching | 近 = near
图 = picture | 区 = Ward | 入社チェックリスト（新卒バッチ処理) = Onboarding Checklist (New Graduate Batch Processing) | 入社チェックリスト（新卒バッチ処理） = Onboarding Checklist (New Graduate Batch Processing) | 概要 = overview | 照合項目 = Matching items | 概要 = overview | PC·IC力-ド発行 = PC/IC card issuance | 新卒一括採用時の入社照合チェックリスト。入社日前日までに全項目を完了させること。 = Checklist for verifying onboarding status during the mass recruitment of new graduates. ","HR (Human Resources and Payroll) System aaA human resources HR (Human Resources and Payroll) System FY2026・Human Resources Department Field Human resources operations Employee ID full name Start date Department Dashboard Kenta Kawaguchi Development Department 5 items completion Expense reimbursement and payroll changes Akemi Harada Development Department 4 items completion Attendance and leave application Onboarding procedures Akemi Tsuchida Logistics department 5 items completion Employee benefits application Kenta Kawaguchi Sales Department 4 items completion Resident tax and other taxes Ayaka Tsuchida Management department 5 items completion Akemi Iwata Development Department 5 items completion Kenta Iwata Sales Department 4 items completion Naoki Morita Management department 4 items Matching Sakura Harada Sales Department 4 items Matching Koji Kawaguchi Systems Department 5 items Matching Sakura Uchida Management department 4 items Matching Koji Hashimoto Sales Department 4 items Matching near
picture Ward Onboarding Checklist (New Graduate Batch Processing) Onboarding Checklist (New Graduate Batch Processing) overview Matching items overview PC/IC card issuance Checklist for verifying onboarding status during the mass recruitment of new graduates. All items must be completed by the day before the start date. Training Schedule Matching items Submission and verification of Romy Number □ Employment insurance certificate (for those changing jobs only) □ Procedures for joining health insurance and employee pension □ Salary deposit account registration form □ Commuting allowance application form (route and amount confirmation) Training Schedule □ Dependent Deduction Declaration Form (Confirmation of Eligibility for Family Allowance) □ Certificate of registered information in the resident register PC and IC card issuance
HR (Human Resources and Payroll) System aaA human resources HR (Human Resources and Payroll) System FY2026・Human Resources Department Field Koji Kawa",/onboarding,employee id | full name | name | amount | status | category | start date | department | my number | employment insurance | health insurance | commuting allowance | family allowance | resident tax | attendance,approve | hold,Notepad/text | Word/document,word_assisted,0.9560370798424332
ob,onboarding_insurance,ses_20260701-173246-SIDDHIGUPTAB00B::13,ses_20260701-173246-SIDDHIGUPTAB00B,"財務会計システム = Financial accounting system | aあA = aaA | 財務 = finance | 財務会計システム = Financial accounting system | 2026年度·経理部門 = Fiscal Year 2026 - Accounting Department | 佐藤直樹・経理マネージャー = Naoki Sato, Accounting Manager | 佐 = Sa | 一覧 = List | 財務会計業務 = Financial accounting operations | ● ダッシュボード = ● Dashboard | 社員ID = Employee ID | 氏名 = full name | 項目 = item | 金額 = Amount | ステータス = status | 請求書承認・経費精 = Invoice Approval and Expense Settlement | 算 = calculation | 北陸部品工業株式会社 = Hokuriku Parts Industry Co., Ltd. | 発注管理 PO-2026-5931 = Order Management PO-2026-5931 | 未確認 = Unconfirmed | 経費承認（管理職） = Expense approval (management) | 東京電子工業株式会社 = Tokyo Electronics Industry Co., Ltd. | 発注管理PO-2026-5932 = Order Management PO-2026-5932 | 完了 = completion | ● 支払処理 = ● Payment Processing | 大和商事株式会社 = Yamato Shoji Co., Ltd. | 発注管理PO-2026-5933 = Order Management PO-2026-5933 | 完了 = completion | 予算差異分析 = Budget variance analysis | 関西物流サービス = Kansai Logistics Service | 発注管理PO-2026-5934 = Order Management PO-2026-5934 | 完了 = completion | ● 発注管理 = ● Order Management | 株式会社山田製作所 = Yamada Manufacturing Co., Ltd. | 発注管理PO-2026-5935 = Order Management PO-2026-5935 | 未確認 = Unconfirmed | 関西物流サービス = Kansai Logistics Service | 発注管理PO-2026-5936 = Order Management PO-2026-5936 | 未確認 = Unconfirmed | 東京電子工業株式会社 = Tokyo Electronics Industry Co., Ltd. | 発注管理PO-2026-5937 = Order Management PO-2026-5937 | 未確認 = Unconfirmed | 大和商事株式会社 = Yamato Shoji Co., Ltd. | 発注管理PO-2026-5938 = Order Management PO-2026-5938 | 未確認 = Unconfirmed | 福岡システム設計▲ = Fukuoka System Design ▲ | 発注管理 PO-2026-5939 = Order Management PO-2026-5939 | 未確認 = Unconfirmed | 関西物流サービス = Kansai Logistics Service | 発注管理PO-2026-5940 = Order Management PO-2026-5940 | 未確認 = Unconfirmed | 関西物流サービス = Kansai Logistics Service | 発注管理PO-2026-5941 = Order Management PO-2026-5941 | 未確認 = Unconfirmed | グローバルテック合同会社 = Global Tech LLC | Activate Win朱確認s = Activate Win Verification | 発注管理PO-2026-5942 = Order Management PO-2026-5942
HR人事給与システム = HR (Human Resources a","Financial accounting system aaA finance Financial accounting system Fiscal Year 2026 - Accounting Department Naoki Sato, Accounting Manager Sa List Financial accounting operations ● Dashboard Employee ID full name item Amount status Invoice Approval and Expense Settlement calculation Hokuriku Parts Industry Co., Ltd. Order Management PO-2026-5931 Unconfirmed Expense approval (management) Tokyo Electronics Industry Co., Ltd. Order Management PO-2026-5932 completion ● Payment Processing Yamato Shoji Co., Ltd. Order Management PO-2026-5933 completion Budget variance analysis Kansai Logistics Service Order Management PO-2026-5934 completion ● Order Management Yamada Manufacturing Co., Ltd. Order Management PO-2026-5935 Unconfirmed Kansai Logistics Service Order Management PO-2026-5936 Unconfirmed Tokyo Electronics Industry Co., Ltd. Order Management PO-2026-5937 Unconfirmed Yamato Shoji Co., Ltd. Order Management PO-2026-5938 Unconfirmed Fukuoka System Design ▲ Order Management PO-2026-5939 Unconfirmed Kansai Logistics Service Order Management PO-2026-5940 Unconfirmed Kansai Logistics Service Order Management PO-2026-5941 Unconfirmed Global Tech LLC Activate Win Verification Order Management PO-2026-5942
HR (Human Resources and Payroll) System aaA human resources HR (Human Resources and Payroll) System FY2026・Human Resources Department Mari Tanaka, Human Resources Manager Field Human resources operations Dashboard onboarding procedures ● Dashboard Onboarding procedures Expense reimbursement and payroll changes 12 results, 12 results being matched. Attendance and leave application List of New Employees ● Onboarding procedures Employee ID full name Start date Department Number of matching items status Employee benefits application Ayaka Harada Sales Department 5 items Matching ● Resident tax and other taxes Koji Uchida Human resources department 5 items Matching Koji Tsuchida Planning Department 5 items Matching Akemi Hashimoto Accounting Department 5 items Matching Sakur",/onboarding,employee id | full name | name | amount | status | category | start date | department | my number | employment insurance | health insurance | commuting allowance | family allowance | resident tax | attendance,approve | unconfirmed,Notepad/text | Word/document,word_assisted,0.949540656437878
ob,onboarding_insurance,ses_20260701-173246-SIDDHIGUPTAB00B::39,ses_20260701-173246-SIDDHIGUPTAB00B,"HR人事給与システム = HR (Human Resources and Payroll) System | aあA = aaA | 人事 = human resources | HR人事給与システム = HR (Human Resources and Payroll) System | 2026年度·人事部門 = FY2026・Human Resources Department | 田中 麻里・人事マネージャー = Mari Tanaka, Human Resources Manager | 田 = Field | 入社照合一覧 = List of New Employees | 人事業務 = Human resources operations | ● ダッシュボード = ● Dashboard | 社員ID = Employee ID | 氏名 = full name | 入社日 = Start date | 部署 = Department | 照合項目数 = Number of matching items | ステータス = status | 経費精算·給与変更 = Expense reimbursement and payroll changes | 原田彩香 = Ayaka Harada | 営業部 = Sales Department | 5 項目 = 5 items | 完了 = completion | 勤怠・休暇申請 = Attendance and leave application | 内田浩二 = Koji Uchida | 人事部 = Human resources department | 5 項目 = 5 items | 完了 = completion | ● 入社手続き = ● Onboarding procedures | 福利厚生申請 = Employee benefits application | 土田浩二 = Koji Tsuchida | 企画部 = Planning Department | 5 項目 = 5 items | 完了 = completion | ● 住民税・その他 = ● Resident tax and other taxes | 橋本明美 = Akemi Hashimoto | 経理部 = Accounting Department | 5 項目 = 5 items | 完了 = completion | 岩田さくら = Sakura Iwata | システム部 = Systems Department | 5 項目 = 5 items | 完了 = completion | 岩田さくら = Sakura Iwata | 物流部 = Logistics department | 5 項目 = 5 items | 照合中 = Matching | 川口明美 = Akemi Kawaguchi | 管理部 = Management department | 4 項目 = 4 items | 照合中 = Matching | 森田さくら = Sakura Morita | 経理部 = Accounting Department | 5 項目 = 5 items | 照合中 = Matching | 内田健太 = Kenta Uchida | 管理部 = Management department | 4 項目 = 4 items | 照合中 = Matching | 原田 直樹 = Naoki Harada | 管理部 = Management department | 4 項目 = 4 items | 照合中 = Matching | 原田 直樹 = Naoki Harada | 開発部 = Development Department | 5 項目 = 5 items | 照合中 = Matching | 内田さくら = Sakura Uchida | 企画部 = Planning Department | 4 項目 = 4 items | Activate Wir照合中ws = Activating Wir matching ws | 首 = neck
三 = three | 区 = Ward | 区 = Ward | 入社チェックリスト（新卒バッチ処理） = Onboarding Checklist (New Graduate Batch Processing) | 概要 = overview | 入社チェックリスト（新卒バッチ処理) = Onboarding Checklist (New Graduate Batch Processing) | 照合項","HR (Human Resources and Payroll) System aaA human resources HR (Human Resources and Payroll) System FY2026・Human Resources Department Mari Tanaka, Human Resources Manager Field List of New Employees Human resources operations ● Dashboard Employee ID full name Start date Department Number of matching items status Expense reimbursement and payroll changes Ayaka Harada Sales Department 5 items completion Attendance and leave application Koji Uchida Human resources department 5 items completion ● Onboarding procedures Employee benefits application Koji Tsuchida Planning Department 5 items completion ● Resident tax and other taxes Akemi Hashimoto Accounting Department 5 items completion Sakura Iwata Systems Department 5 items completion Sakura Iwata Logistics department 5 items Matching Akemi Kawaguchi Management department 4 items Matching Sakura Morita Accounting Department 5 items Matching Kenta Uchida Management department 4 items Matching Naoki Harada Management department 4 items Matching Naoki Harada Development Department 5 items Matching Sakura Uchida Planning Department 4 items Activating Wir matching ws neck
three Ward Ward Onboarding Checklist (New Graduate Batch Processing) overview Onboarding Checklist (New Graduate Batch Processing) Matching items PC/IC card issuance overview Training Schedule Checklist for verifying onboarding status during the mass recruitment of new graduates. All items must be completed by the day before the start date. Matching items Submission and verification of Romy Number Employment insurance certificate (for job changers only) □ Procedures for joining health insurance and employee pension □ Salary deposit account registration form □ Commuting allowance application form (route and amount confirmation) □ Dependent Deduction Declaration Form (Confirmation of Eligibility for Family Allowance) □ Certificate of registered information in the resident register PC/IC card issuance The application must be submitted via the IT application f",/onboarding,employee id | full name | name | amount | status | category | type | start date | department | employment category | my number | employment insurance | health insurance | commuting allowance | family allowance | resident tax | attendance,,Notepad/text | Word/document,word_assisted,0.9449222248414574
ob,onboarding_insurance,ses_20260701-175258-LAPTOP-76QMG9DE::12,ses_20260701-175258-LAPTOP-76QMG9DE,"HR人事給与システム = HR (Human Resources and Payroll) System | HR人事給与システム = HR (Human Resources and Payroll) System | aあ = aa | 串 = skewer | 人事 = human resources | HR人事給与システム = HR (Human Resources and Payroll) System | 2026年度·人事部門 = FY2026・Human Resources Department | 2026/07/0123:25:39 田中麻里·人事マネージャー = 2026/07/01 23:25:39 Mari Tanaka, Human Resources Manager | 田 = Field | 人事業務 = Human resources operations | 石田美奈 = Ishida Mina | 出張旅費 = Business trip expenses | 29,289円 = 29,289 yen | 定常 = Steady state | 未処理 = Unprocessed | ダッシュボード = Dashboard | 菊池理恵 = Rie Kikuchi | 交通費精算 = Transportation expense settlement | 15,570円 = 15,570 yen | 定常 = Steady state | 未処理 = Unprocessed | 経費精算·給与変更 = Expense reimbursement and payroll changes | 坂本裕二 = Yuji Sakamoto | 研修費 = Training expenses | 11,116円 = 11,116 yen | 定常 = Steady state | 未処理 = Unprocessed | 勤怠・休暇申請 = Attendance and leave application | 菊池理恵 = Rie Kikuchi | 昇給 = Salary increase | 16,288円 = 16,288 yen | 定常 = Steady state | 未処理 = Unprocessed | 入社手続き = Onboarding procedures | 福利厚生申請 = Employee benefits application | 青木拓也 = Takuya Aoki | 役職手当廃止 = Abolition of position allowances | 17,344円 = 17,344 yen | 定常 = Steady state | 未処理 = Unprocessed | 住民税・その他 = Resident tax and other taxes | 桐島 凉介 = Ryosuke Kirishima | 役職手当廃止 = Abolition of position allowances | 17,344円 = 17,344 yen | 定常 = Steady state | 未処理 = Unprocessed | 江口さくら = Sakura Eguchi | 役職手当廃止 = Abolition of position allowances | 17,344円 = 17,344 yen | 定常 = Steady state | 未処理 = Unprocessed | 岡田智也 = Tomoya Okada | 昇給 = Salary increase | 16,288円 = 16,288 yen | 定常 = Steady state | 未処理 = Unprocessed | 遠山健一 = Kenichi Toyama | 扶養控除変更 = Change in dependent deduction | 一 = one | 定常 = Steady state | 未処理 = Unprocessed | 青木拓也 = Takuya Aoki | 役職手当廃止 = Abolition of position allowances | 17,344円 = 17,344 yen | 定常 = Steady state | 未処理 = Unprocessed | 岡田智也 = Tomoya Okada | 役職手当新設 = New position-based allowance established. | 12,922円 = 12,922 yen | 定常 = Steady state | 未処理 = Unprocessed | 石田美奈 = Ishida ","HR (Human Resources and Payroll) System HR (Human Resources and Payroll) System aa skewer human resources HR (Human Resources and Payroll) System FY2026・Human Resources Department 2026/07/01 23:25:39 Mari Tanaka, Human Resources Manager Field Human resources operations Ishida Mina Business trip expenses 29,289 yen Steady state Unprocessed Dashboard Rie Kikuchi Transportation expense settlement 15,570 yen Steady state Unprocessed Expense reimbursement and payroll changes Yuji Sakamoto Training expenses 11,116 yen Steady state Unprocessed Attendance and leave application Rie Kikuchi Salary increase 16,288 yen Steady state Unprocessed Onboarding procedures Employee benefits application Takuya Aoki Abolition of position allowances 17,344 yen Steady state Unprocessed Resident tax and other taxes Ryosuke Kirishima Abolition of position allowances 17,344 yen Steady state Unprocessed Sakura Eguchi Abolition of position allowances 17,344 yen Steady state Unprocessed Tomoya Okada Salary increase 16,288 yen Steady state Unprocessed Kenichi Toyama Change in dependent deduction one Steady state Unprocessed Takuya Aoki Abolition of position allowances 17,344 yen Steady state Unprocessed Tomoya Okada New position-based allowance established. 12,922 yen Steady state Unprocessed Ishida Mina Abolition of position allowances 17,344 yen Steady state Unprocessed Nana Shimada Salary increase 16,288 yen Steady state Unprocessed Sakura Eguchi Salary increase 16,288 yen Steady state Unprocessed Daiki Ueno Abolition of position allowances 17,344 yen Steady state Unprocessed P1-07089771-008: Registration confirmed. Self
Settlement confirmation memo Ab Settlement confirmation memo Expense reimbursement confirmed. Expense category: Entertainment and hospitality expenses. Amount: 60,936 yen. Confirmed to be within regulations. neck
Settlement confirmation memo Tian Ai Settlement confirmation memo Expense reimbursement confirmed. Expense category: Entertainment and hospitality expenses. Amount: 7",/onboarding | /payroll-items,employee id | full name | name | amount | status | category | type | start date | department | employment category | my number | health insurance | commuting allowance | resident tax | attendance,unprocessed,Notepad/text | Word/document,word_assisted,0.9505103776019184
ob,onboarding_insurance,ses_20260701-180923-NEELA9BAF::12,ses_20260701-180923-NEELA9BAF,"HR人事給与システム = HR (Human Resources and Payroll) System | HR人事給与システム = HR (Human Resources and Payroll) System | aあA = aaA | 人事 = human resources | HR人事給与システム = HR (Human Resources and Payroll) System | 2026年度·人事部門 = FY2026・Human Resources Department | 田中 麻里・人事マネージャー = Mari Tanaka, Human Resources Manager | 田 = Field | 橋本 健太 = Kenta Hashimoto | 経理部 = Accounting Department | 5 項目 = 5 items | 照合中 = Matching | 人事業務 = Human resources operations | 川口彩香 = Ayaka Kawaguchi | 人事部 = Human resources department | 4 項目 = 4 items | 照合中 = Matching | ● ダッシュボード = ● Dashboard | 内田明美 = Akemi Uchida | 人事部 = Human resources department | 4 項目 = 4 items | 照合中 = Matching | 経費精算·給与変更 = Expense reimbursement and payroll changes | 勤怠・休暇申請 = Attendance and leave application | 土田明美 = Akemi Tsuchida | 経理部 = Accounting Department | 4 項目 = 4 items | 照合中 = Matching | ● 入社手続き = ● Onboarding procedures | 橋本浩二 = Koji Hashimoto | 営業部 = Sales Department | 4 項目 = 4 items | 照合中 = Matching | 福利厚生申請 = Employee benefits application | 土田さくら = Sakura Tsuchida | 人事部 = Human resources department | 5 項目 = 5 items | 照合中 = Matching | ● 住民税・その他 = ● Resident tax and other taxes | 内田明美 = Akemi Uchida | 物流部 = Logistics department | 4 項目 = 4 items | 照合中 = Matching | 詳細—橋本 健太（E2283） = Details—Kenta Hashimoto (E2283) | 照合中 = Matching | 管理ID = Management ID | 社員ID = Employee ID | 入社日 = Start date | 所属部署 = Department | 経理部 = Accounting Department | 照合項目 = Matching items | マイナンバー = My Number | 雇用保険 = Employment insurance | 健康保険 = health insurance | 通勤手当 = Commuting allowance | 家族手当 = Family allowance | ステータス = status | 照合中 = Matching | 参照：採用区分：新卒家族持 = Reference: Recruitment Category: New Graduates with Families | 照合メモ = Verification Memo | 入社照合完了。採用区分：新卒家族持。照合項目すべて確認済み。 = Onboarding verification complete. Recruitment category: New graduate with family. All verification items have been confirmed. | 照合完了 = Verification completed | フラグ = flag
日 = day | 区 = Ward | 区 = Ward | 区 = Ward | 区 = Ward | 入社チェックリスト （新卒バッチ処理) = Onboarding Ch","HR (Human Resources and Payroll) System HR (Human Resources and Payroll) System aaA human resources HR (Human Resources and Payroll) System FY2026・Human Resources Department Mari Tanaka, Human Resources Manager Field Kenta Hashimoto Accounting Department 5 items Matching Human resources operations Ayaka Kawaguchi Human resources department 4 items Matching ● Dashboard Akemi Uchida Human resources department 4 items Matching Expense reimbursement and payroll changes Attendance and leave application Akemi Tsuchida Accounting Department 4 items Matching ● Onboarding procedures Koji Hashimoto Sales Department 4 items Matching Employee benefits application Sakura Tsuchida Human resources department 5 items Matching ● Resident tax and other taxes Akemi Uchida Logistics department 4 items Matching Details—Kenta Hashimoto (E2283) Matching Management ID Employee ID Start date Department Accounting Department Matching items My Number Employment insurance health insurance Commuting allowance Family allowance status Matching Reference: Recruitment Category: New Graduates with Families Verification Memo Onboarding verification complete. Recruitment category: New graduate with family. All verification items have been confirmed. Verification completed flag
day Ward Ward Ward Ward Onboarding Checklist (New Graduate Batch Processing) overview Matching items PC/IC card issuance Training Schedule Onboarding Checklist (New Graduate Batch Processing) overview Checklist for verifying onboarding status during the mass recruitment of new graduates. All items must be completed by the day before the start date. Matching items Submission and verification of Romy Number Employment insurance certificate (for job changers only) Procedures for joining health insurance and employee pension □ Salary deposit account registration form Commuting allowance application form (route and amount confirmation) □ Dependent Deduction Declaration Form (Confirmation of Eligibility for Family Allowance) □ Certifi",/onboarding,employee id | full name | name | amount | status | category | type | start date | department | employment category | my number | employment insurance | health insurance | commuting allowance | family allowance | resident tax | attendance,,Notepad/text | Word/document,word_assisted,0.9488736396114064
ob,onboarding_allowances,ses_20260701-171614-CHAITANYA0BCF::14,ses_20260701-171614-CHAITANYA0BCF,"受発注在庫管理システム = Order and Inventory Management System | aぁA = aaA | 率 = rate | 受発 = Receiving/Receiving | 受発注在庫管理システム = Order and Inventory Management System | 2026年度·物流管理部 = 2026・Logistics Management Department | 高 = high | 受発注在庫業務 = Order processing and inventory management | 社員ID = Employee ID | 氏名 = full name | 区分 = classification | 金額 = Amount | ● ダッシュボード = ● Dashboard | 電源モジュールB = Power Module B | 定期補充 = Regular replenishment | 155円 = 155 yen | 定常 = Steady state | 登録済み = Registered | ● 在庫管理 = ● Inventory Management | モーターユニットF = Motor Unit F | 棚卸調整 = Inventory adjustment | 調整 = adjustment | 登録済み = Registered | 契約管理 = contract management | ● 返品処理 = ● Return processing | 光学レンズE = Optical lens E | 入庫 = Receiving stock | 59円 = 59 yen | 定常 = Steady state | 登録済み = Registered | ● IT申請 = ● IT application | 筐体パネルD = Enclosure Panel D | 返品入庫 = Returned items received | 90円 = 90 yen | 調整 = adjustment | 登録済み = Registered | ● 受注・その他 = ● Orders and other | センサーケーブルC = Sensor cable C | 棚卸調整 = Inventory adjustment | 調整 = adjustment | 未処理 = Unprocessed | センサーケーブルC = Sensor cable C | 出荷引当 = Shipping allocation | 定常 = Steady state | 未処理 = Unprocessed | モーターユニットF = Motor Unit F | 定期補充 = Regular replenishment | 99円 = 99 yen | 定常 = Steady state | 未処理 = Unprocessed | 筐体パネルD = Enclosure Panel D | 定期補充 = Regular replenishment | 148円 = 148 yen | 定常 = Steady state | 未処理 = Unprocessed | モーターユニットF = Motor Unit F | 入庫 = Receiving stock | 113円 = 113 yen | 定常 = Steady state | 未処理 = Unprocessed | 光学レンズE = Optical lens E | 入庫 = Receiving stock | 48円 = 48 yen | 定常 = Steady state | 未処理 = Unprocessed | 制御基板ユニットA = Control board unit A | 棚卸調整 = Inventory adjustment | 調整 = adjustment | 未処理 = Unprocessed | センサーケーブルC = Sensor cable C | 入庫 = Receiving stock | 143円 = 143 yen | 定常 = Steady state | 未処理 = Unprocessed | 近 = near
HR人事給与システム = HR (Human Resources and Payroll) System | aぁA = aaA | 串 = skewer | 人事 = human resources | HR人事給与システム = HR (Human Resources and Payroll) System | 2026年度·人事部門 = FY2026・Hum","Order and Inventory Management System aaA rate Receiving/Receiving Order and Inventory Management System 2026・Logistics Management Department high Order processing and inventory management Employee ID full name classification Amount ● Dashboard Power Module B Regular replenishment 155 yen Steady state Registered ● Inventory Management Motor Unit F Inventory adjustment adjustment Registered contract management ● Return processing Optical lens E Receiving stock 59 yen Steady state Registered ● IT application Enclosure Panel D Returned items received 90 yen adjustment Registered ● Orders and other Sensor cable C Inventory adjustment adjustment Unprocessed Sensor cable C Shipping allocation Steady state Unprocessed Motor Unit F Regular replenishment 99 yen Steady state Unprocessed Enclosure Panel D Regular replenishment 148 yen Steady state Unprocessed Motor Unit F Receiving stock 113 yen Steady state Unprocessed Optical lens E Receiving stock 48 yen Steady state Unprocessed Control board unit A Inventory adjustment adjustment Unprocessed Sensor cable C Receiving stock 143 yen Steady state Unprocessed near
HR (Human Resources and Payroll) System aaA skewer human resources HR (Human Resources and Payroll) System FY2026・Human Resources Department Field Human resources operations Dashboard onboarding procedures ● Dashboard Onboarding procedures Expense reimbursement and payroll changes 12 results, 12 results being matched. Attendance and leave application List of New Employees ● Onboarding procedures Employee ID full name Start date Department Number of matching items status Employee benefits application Kenta Kawaguchi Development Department 5 items Matching Resident tax and other taxes Akemi Harada Development Department 4 items Matching Akemi Tsuchida Logistics department 5 items Matching Kenta Kawaguchi Sales Department 4 items Matching Ayaka Tsuchida Management department 5 items Matching Akemi Iwata Development Department 5 items Matching Kenta Iwata Sales Department",/onboarding | /payroll-items,employee id | full name | name | amount | status | category | start date | department | my number | employment insurance | health insurance | commuting allowance | family allowance | resident tax | attendance,unprocessed,Notepad/text | Word/document,word_assisted,0.9620079080132642
ob,onboarding_allowances,ses_20260701-171614-CHAITANYA0BCF::38,ses_20260701-171614-CHAITANYA0BCF,"HR人事給与システム = HR (Human Resources and Payroll) System | aぁA = aaA | 人事 = human resources | HR人事給与システム = HR (Human Resources and Payroll) System | 2026年度·人事部門 = FY2026・Human Resources Department | 田 = Field | 人事業務 = Human resources operations | 社員ID = Employee ID | 氏名 = full name | 入社日 = Start date | 部署 = Department | ダッシュボード = Dashboard | 川口健太 = Kenta Kawaguchi | 開発部 = Development Department | 5 項目 = 5 items | 完了 = completion | 経費精算·給与変更 = Expense reimbursement and payroll changes | 原田明美 = Akemi Harada | 開発部 = Development Department | 4 項目 = 4 items | 完了 = completion | 勤怠・休暇申請 = Attendance and leave application | 入社手続き = Onboarding procedures | 土田明美 = Akemi Tsuchida | 物流部 = Logistics department | 5 項目 = 5 items | 完了 = completion | 福利厚生申請 = Employee benefits application | 川口健太 = Kenta Kawaguchi | 営業部 = Sales Department | 4 項目 = 4 items | 完了 = completion | 住民税・その他 = Resident tax and other taxes | 土田彩香 = Ayaka Tsuchida | 管理部 = Management department | 5 項目 = 5 items | 完了 = completion | 岩田明美 = Akemi Iwata | 開発部 = Development Department | 5 項目 = 5 items | 完了 = completion | 岩田健太 = Kenta Iwata | 営業部 = Sales Department | 4項目 = 4 items | 完了 = completion | 森田 直樹 = Naoki Morita | 管理部 = Management department | 4項目 = 4 items | 照合中 = Matching | 原田さくら = Sakura Harada | 営業部 = Sales Department | 4 項目 = 4 items | 照合中 = Matching | 川口 浩二 = Koji Kawaguchi | システム部 = Systems Department | 5 項目 = 5 items | 照合中 = Matching | 内田さくら = Sakura Uchida | 管理部 = Management department | 4 項目 = 4 items | 照合中 = Matching | 橋本 浩二 = Koji Hashimoto | 営業部 = Sales Department | 4 項目 = 4 items | 照合中 = Matching | 近 = near
图 = picture | 区 = Ward | 入社チェックリスト（新卒バッチ処理) = Onboarding Checklist (New Graduate Batch Processing) | 入社チェックリスト（新卒バッチ処理） = Onboarding Checklist (New Graduate Batch Processing) | 概要 = overview | 照合項目 = Matching items | 概要 = overview | PC·IC力-ド発行 = PC/IC card issuance | 新卒一括採用時の入社照合チェックリスト。入社日前日までに全項目を完了させること。 = Checklist for verifying onboarding status during the mass recruitment of new graduates. ","HR (Human Resources and Payroll) System aaA human resources HR (Human Resources and Payroll) System FY2026・Human Resources Department Field Human resources operations Employee ID full name Start date Department Dashboard Kenta Kawaguchi Development Department 5 items completion Expense reimbursement and payroll changes Akemi Harada Development Department 4 items completion Attendance and leave application Onboarding procedures Akemi Tsuchida Logistics department 5 items completion Employee benefits application Kenta Kawaguchi Sales Department 4 items completion Resident tax and other taxes Ayaka Tsuchida Management department 5 items completion Akemi Iwata Development Department 5 items completion Kenta Iwata Sales Department 4 items completion Naoki Morita Management department 4 items Matching Sakura Harada Sales Department 4 items Matching Koji Kawaguchi Systems Department 5 items Matching Sakura Uchida Management department 4 items Matching Koji Hashimoto Sales Department 4 items Matching near
picture Ward Onboarding Checklist (New Graduate Batch Processing) Onboarding Checklist (New Graduate Batch Processing) overview Matching items overview PC/IC card issuance Checklist for verifying onboarding status during the mass recruitment of new graduates. All items must be completed by the day before the start date. Training Schedule Matching items Submission and verification of Romy Number □ Employment insurance certificate (for those changing jobs only) □ Procedures for joining health insurance and employee pension □ Salary deposit account registration form □ Commuting allowance application form (route and amount confirmation) Training Schedule □ Dependent Deduction Declaration Form (Confirmation of Eligibility for Family Allowance) □ Certificate of registered information in the resident register PC and IC card issuance
HR (Human Resources and Payroll) System aaA human resources HR (Human Resources and Payroll) System FY2026・Human Resources Department Field Koji Kawa",/onboarding,employee id | full name | name | amount | status | category | start date | department | my number | employment insurance | health insurance | commuting allowance | family allowance | resident tax | attendance,approve | hold,Notepad/text | Word/document,word_assisted,0.9560370798424332
ob,onboarding_allowances,ses_20260701-173246-SIDDHIGUPTAB00B::13,ses_20260701-173246-SIDDHIGUPTAB00B,"財務会計システム = Financial accounting system | aあA = aaA | 財務 = finance | 財務会計システム = Financial accounting system | 2026年度·経理部門 = Fiscal Year 2026 - Accounting Department | 佐藤直樹・経理マネージャー = Naoki Sato, Accounting Manager | 佐 = Sa | 一覧 = List | 財務会計業務 = Financial accounting operations | ● ダッシュボード = ● Dashboard | 社員ID = Employee ID | 氏名 = full name | 項目 = item | 金額 = Amount | ステータス = status | 請求書承認・経費精 = Invoice Approval and Expense Settlement | 算 = calculation | 北陸部品工業株式会社 = Hokuriku Parts Industry Co., Ltd. | 発注管理 PO-2026-5931 = Order Management PO-2026-5931 | 未確認 = Unconfirmed | 経費承認（管理職） = Expense approval (management) | 東京電子工業株式会社 = Tokyo Electronics Industry Co., Ltd. | 発注管理PO-2026-5932 = Order Management PO-2026-5932 | 完了 = completion | ● 支払処理 = ● Payment Processing | 大和商事株式会社 = Yamato Shoji Co., Ltd. | 発注管理PO-2026-5933 = Order Management PO-2026-5933 | 完了 = completion | 予算差異分析 = Budget variance analysis | 関西物流サービス = Kansai Logistics Service | 発注管理PO-2026-5934 = Order Management PO-2026-5934 | 完了 = completion | ● 発注管理 = ● Order Management | 株式会社山田製作所 = Yamada Manufacturing Co., Ltd. | 発注管理PO-2026-5935 = Order Management PO-2026-5935 | 未確認 = Unconfirmed | 関西物流サービス = Kansai Logistics Service | 発注管理PO-2026-5936 = Order Management PO-2026-5936 | 未確認 = Unconfirmed | 東京電子工業株式会社 = Tokyo Electronics Industry Co., Ltd. | 発注管理PO-2026-5937 = Order Management PO-2026-5937 | 未確認 = Unconfirmed | 大和商事株式会社 = Yamato Shoji Co., Ltd. | 発注管理PO-2026-5938 = Order Management PO-2026-5938 | 未確認 = Unconfirmed | 福岡システム設計▲ = Fukuoka System Design ▲ | 発注管理 PO-2026-5939 = Order Management PO-2026-5939 | 未確認 = Unconfirmed | 関西物流サービス = Kansai Logistics Service | 発注管理PO-2026-5940 = Order Management PO-2026-5940 | 未確認 = Unconfirmed | 関西物流サービス = Kansai Logistics Service | 発注管理PO-2026-5941 = Order Management PO-2026-5941 | 未確認 = Unconfirmed | グローバルテック合同会社 = Global Tech LLC | Activate Win朱確認s = Activate Win Verification | 発注管理PO-2026-5942 = Order Management PO-2026-5942
HR人事給与システム = HR (Human Resources a","Financial accounting system aaA finance Financial accounting system Fiscal Year 2026 - Accounting Department Naoki Sato, Accounting Manager Sa List Financial accounting operations ● Dashboard Employee ID full name item Amount status Invoice Approval and Expense Settlement calculation Hokuriku Parts Industry Co., Ltd. Order Management PO-2026-5931 Unconfirmed Expense approval (management) Tokyo Electronics Industry Co., Ltd. Order Management PO-2026-5932 completion ● Payment Processing Yamato Shoji Co., Ltd. Order Management PO-2026-5933 completion Budget variance analysis Kansai Logistics Service Order Management PO-2026-5934 completion ● Order Management Yamada Manufacturing Co., Ltd. Order Management PO-2026-5935 Unconfirmed Kansai Logistics Service Order Management PO-2026-5936 Unconfirmed Tokyo Electronics Industry Co., Ltd. Order Management PO-2026-5937 Unconfirmed Yamato Shoji Co., Ltd. Order Management PO-2026-5938 Unconfirmed Fukuoka System Design ▲ Order Management PO-2026-5939 Unconfirmed Kansai Logistics Service Order Management PO-2026-5940 Unconfirmed Kansai Logistics Service Order Management PO-2026-5941 Unconfirmed Global Tech LLC Activate Win Verification Order Management PO-2026-5942
HR (Human Resources and Payroll) System aaA human resources HR (Human Resources and Payroll) System FY2026・Human Resources Department Mari Tanaka, Human Resources Manager Field Human resources operations Dashboard onboarding procedures ● Dashboard Onboarding procedures Expense reimbursement and payroll changes 12 results, 12 results being matched. Attendance and leave application List of New Employees ● Onboarding procedures Employee ID full name Start date Department Number of matching items status Employee benefits application Ayaka Harada Sales Department 5 items Matching ● Resident tax and other taxes Koji Uchida Human resources department 5 items Matching Koji Tsuchida Planning Department 5 items Matching Akemi Hashimoto Accounting Department 5 items Matching Sakur",/onboarding,employee id | full name | name | amount | status | category | start date | department | my number | employment insurance | health insurance | commuting allowance | family allowance | resident tax | attendance,approve | unconfirmed,Notepad/text | Word/document,word_assisted,0.949540656437878
ob,onboarding_allowances,ses_20260701-173246-SIDDHIGUPTAB00B::39,ses_20260701-173246-SIDDHIGUPTAB00B,"HR人事給与システム = HR (Human Resources and Payroll) System | aあA = aaA | 人事 = human resources | HR人事給与システム = HR (Human Resources and Payroll) System | 2026年度·人事部門 = FY2026・Human Resources Department | 田中 麻里・人事マネージャー = Mari Tanaka, Human Resources Manager | 田 = Field | 入社照合一覧 = List of New Employees | 人事業務 = Human resources operations | ● ダッシュボード = ● Dashboard | 社員ID = Employee ID | 氏名 = full name | 入社日 = Start date | 部署 = Department | 照合項目数 = Number of matching items | ステータス = status | 経費精算·給与変更 = Expense reimbursement and payroll changes | 原田彩香 = Ayaka Harada | 営業部 = Sales Department | 5 項目 = 5 items | 完了 = completion | 勤怠・休暇申請 = Attendance and leave application | 内田浩二 = Koji Uchida | 人事部 = Human resources department | 5 項目 = 5 items | 完了 = completion | ● 入社手続き = ● Onboarding procedures | 福利厚生申請 = Employee benefits application | 土田浩二 = Koji Tsuchida | 企画部 = Planning Department | 5 項目 = 5 items | 完了 = completion | ● 住民税・その他 = ● Resident tax and other taxes | 橋本明美 = Akemi Hashimoto | 経理部 = Accounting Department | 5 項目 = 5 items | 完了 = completion | 岩田さくら = Sakura Iwata | システム部 = Systems Department | 5 項目 = 5 items | 完了 = completion | 岩田さくら = Sakura Iwata | 物流部 = Logistics department | 5 項目 = 5 items | 照合中 = Matching | 川口明美 = Akemi Kawaguchi | 管理部 = Management department | 4 項目 = 4 items | 照合中 = Matching | 森田さくら = Sakura Morita | 経理部 = Accounting Department | 5 項目 = 5 items | 照合中 = Matching | 内田健太 = Kenta Uchida | 管理部 = Management department | 4 項目 = 4 items | 照合中 = Matching | 原田 直樹 = Naoki Harada | 管理部 = Management department | 4 項目 = 4 items | 照合中 = Matching | 原田 直樹 = Naoki Harada | 開発部 = Development Department | 5 項目 = 5 items | 照合中 = Matching | 内田さくら = Sakura Uchida | 企画部 = Planning Department | 4 項目 = 4 items | Activate Wir照合中ws = Activating Wir matching ws | 首 = neck
三 = three | 区 = Ward | 区 = Ward | 入社チェックリスト（新卒バッチ処理） = Onboarding Checklist (New Graduate Batch Processing) | 概要 = overview | 入社チェックリスト（新卒バッチ処理) = Onboarding Checklist (New Graduate Batch Processing) | 照合項","HR (Human Resources and Payroll) System aaA human resources HR (Human Resources and Payroll) System FY2026・Human Resources Department Mari Tanaka, Human Resources Manager Field List of New Employees Human resources operations ● Dashboard Employee ID full name Start date Department Number of matching items status Expense reimbursement and payroll changes Ayaka Harada Sales Department 5 items completion Attendance and leave application Koji Uchida Human resources department 5 items completion ● Onboarding procedures Employee benefits application Koji Tsuchida Planning Department 5 items completion ● Resident tax and other taxes Akemi Hashimoto Accounting Department 5 items completion Sakura Iwata Systems Department 5 items completion Sakura Iwata Logistics department 5 items Matching Akemi Kawaguchi Management department 4 items Matching Sakura Morita Accounting Department 5 items Matching Kenta Uchida Management department 4 items Matching Naoki Harada Management department 4 items Matching Naoki Harada Development Department 5 items Matching Sakura Uchida Planning Department 4 items Activating Wir matching ws neck
three Ward Ward Onboarding Checklist (New Graduate Batch Processing) overview Onboarding Checklist (New Graduate Batch Processing) Matching items PC/IC card issuance overview Training Schedule Checklist for verifying onboarding status during the mass recruitment of new graduates. All items must be completed by the day before the start date. Matching items Submission and verification of Romy Number Employment insurance certificate (for job changers only) □ Procedures for joining health insurance and employee pension □ Salary deposit account registration form □ Commuting allowance application form (route and amount confirmation) □ Dependent Deduction Declaration Form (Confirmation of Eligibility for Family Allowance) □ Certificate of registered information in the resident register PC/IC card issuance The application must be submitted via the IT application f",/onboarding,employee id | full name | name | amount | status | category | type | start date | department | employment category | my number | employment insurance | health insurance | commuting allowance | family allowance | resident tax | attendance,,Notepad/text | Word/document,word_assisted,0.9449222248414574
ob,onboarding_allowances,ses_20260701-175258-LAPTOP-76QMG9DE::12,ses_20260701-175258-LAPTOP-76QMG9DE,"HR人事給与システム = HR (Human Resources and Payroll) System | HR人事給与システム = HR (Human Resources and Payroll) System | aあ = aa | 串 = skewer | 人事 = human resources | HR人事給与システム = HR (Human Resources and Payroll) System | 2026年度·人事部門 = FY2026・Human Resources Department | 2026/07/0123:25:39 田中麻里·人事マネージャー = 2026/07/01 23:25:39 Mari Tanaka, Human Resources Manager | 田 = Field | 人事業務 = Human resources operations | 石田美奈 = Ishida Mina | 出張旅費 = Business trip expenses | 29,289円 = 29,289 yen | 定常 = Steady state | 未処理 = Unprocessed | ダッシュボード = Dashboard | 菊池理恵 = Rie Kikuchi | 交通費精算 = Transportation expense settlement | 15,570円 = 15,570 yen | 定常 = Steady state | 未処理 = Unprocessed | 経費精算·給与変更 = Expense reimbursement and payroll changes | 坂本裕二 = Yuji Sakamoto | 研修費 = Training expenses | 11,116円 = 11,116 yen | 定常 = Steady state | 未処理 = Unprocessed | 勤怠・休暇申請 = Attendance and leave application | 菊池理恵 = Rie Kikuchi | 昇給 = Salary increase | 16,288円 = 16,288 yen | 定常 = Steady state | 未処理 = Unprocessed | 入社手続き = Onboarding procedures | 福利厚生申請 = Employee benefits application | 青木拓也 = Takuya Aoki | 役職手当廃止 = Abolition of position allowances | 17,344円 = 17,344 yen | 定常 = Steady state | 未処理 = Unprocessed | 住民税・その他 = Resident tax and other taxes | 桐島 凉介 = Ryosuke Kirishima | 役職手当廃止 = Abolition of position allowances | 17,344円 = 17,344 yen | 定常 = Steady state | 未処理 = Unprocessed | 江口さくら = Sakura Eguchi | 役職手当廃止 = Abolition of position allowances | 17,344円 = 17,344 yen | 定常 = Steady state | 未処理 = Unprocessed | 岡田智也 = Tomoya Okada | 昇給 = Salary increase | 16,288円 = 16,288 yen | 定常 = Steady state | 未処理 = Unprocessed | 遠山健一 = Kenichi Toyama | 扶養控除変更 = Change in dependent deduction | 一 = one | 定常 = Steady state | 未処理 = Unprocessed | 青木拓也 = Takuya Aoki | 役職手当廃止 = Abolition of position allowances | 17,344円 = 17,344 yen | 定常 = Steady state | 未処理 = Unprocessed | 岡田智也 = Tomoya Okada | 役職手当新設 = New position-based allowance established. | 12,922円 = 12,922 yen | 定常 = Steady state | 未処理 = Unprocessed | 石田美奈 = Ishida ","HR (Human Resources and Payroll) System HR (Human Resources and Payroll) System aa skewer human resources HR (Human Resources and Payroll) System FY2026・Human Resources Department 2026/07/01 23:25:39 Mari Tanaka, Human Resources Manager Field Human resources operations Ishida Mina Business trip expenses 29,289 yen Steady state Unprocessed Dashboard Rie Kikuchi Transportation expense settlement 15,570 yen Steady state Unprocessed Expense reimbursement and payroll changes Yuji Sakamoto Training expenses 11,116 yen Steady state Unprocessed Attendance and leave application Rie Kikuchi Salary increase 16,288 yen Steady state Unprocessed Onboarding procedures Employee benefits application Takuya Aoki Abolition of position allowances 17,344 yen Steady state Unprocessed Resident tax and other taxes Ryosuke Kirishima Abolition of position allowances 17,344 yen Steady state Unprocessed Sakura Eguchi Abolition of position allowances 17,344 yen Steady state Unprocessed Tomoya Okada Salary increase 16,288 yen Steady state Unprocessed Kenichi Toyama Change in dependent deduction one Steady state Unprocessed Takuya Aoki Abolition of position allowances 17,344 yen Steady state Unprocessed Tomoya Okada New position-based allowance established. 12,922 yen Steady state Unprocessed Ishida Mina Abolition of position allowances 17,344 yen Steady state Unprocessed Nana Shimada Salary increase 16,288 yen Steady state Unprocessed Sakura Eguchi Salary increase 16,288 yen Steady state Unprocessed Daiki Ueno Abolition of position allowances 17,344 yen Steady state Unprocessed P1-07089771-008: Registration confirmed. Self
Settlement confirmation memo Ab Settlement confirmation memo Expense reimbursement confirmed. Expense category: Entertainment and hospitality expenses. Amount: 60,936 yen. Confirmed to be within regulations. neck
Settlement confirmation memo Tian Ai Settlement confirmation memo Expense reimbursement confirmed. Expense category: Entertainment and hospitality expenses. Amount: 7",/onboarding | /payroll-items,employee id | full name | name | amount | status | category | type | start date | department | employment category | my number | health insurance | commuting allowance | resident tax | attendance,unprocessed,Notepad/text | Word/document,word_assisted,0.9505103776019184
ob,onboarding_allowances,ses_20260701-180923-NEELA9BAF::12,ses_20260701-180923-NEELA9BAF,"HR人事給与システム = HR (Human Resources and Payroll) System | HR人事給与システム = HR (Human Resources and Payroll) System | aあA = aaA | 人事 = human resources | HR人事給与システム = HR (Human Resources and Payroll) System | 2026年度·人事部門 = FY2026・Human Resources Department | 田中 麻里・人事マネージャー = Mari Tanaka, Human Resources Manager | 田 = Field | 橋本 健太 = Kenta Hashimoto | 経理部 = Accounting Department | 5 項目 = 5 items | 照合中 = Matching | 人事業務 = Human resources operations | 川口彩香 = Ayaka Kawaguchi | 人事部 = Human resources department | 4 項目 = 4 items | 照合中 = Matching | ● ダッシュボード = ● Dashboard | 内田明美 = Akemi Uchida | 人事部 = Human resources department | 4 項目 = 4 items | 照合中 = Matching | 経費精算·給与変更 = Expense reimbursement and payroll changes | 勤怠・休暇申請 = Attendance and leave application | 土田明美 = Akemi Tsuchida | 経理部 = Accounting Department | 4 項目 = 4 items | 照合中 = Matching | ● 入社手続き = ● Onboarding procedures | 橋本浩二 = Koji Hashimoto | 営業部 = Sales Department | 4 項目 = 4 items | 照合中 = Matching | 福利厚生申請 = Employee benefits application | 土田さくら = Sakura Tsuchida | 人事部 = Human resources department | 5 項目 = 5 items | 照合中 = Matching | ● 住民税・その他 = ● Resident tax and other taxes | 内田明美 = Akemi Uchida | 物流部 = Logistics department | 4 項目 = 4 items | 照合中 = Matching | 詳細—橋本 健太（E2283） = Details—Kenta Hashimoto (E2283) | 照合中 = Matching | 管理ID = Management ID | 社員ID = Employee ID | 入社日 = Start date | 所属部署 = Department | 経理部 = Accounting Department | 照合項目 = Matching items | マイナンバー = My Number | 雇用保険 = Employment insurance | 健康保険 = health insurance | 通勤手当 = Commuting allowance | 家族手当 = Family allowance | ステータス = status | 照合中 = Matching | 参照：採用区分：新卒家族持 = Reference: Recruitment Category: New Graduates with Families | 照合メモ = Verification Memo | 入社照合完了。採用区分：新卒家族持。照合項目すべて確認済み。 = Onboarding verification complete. Recruitment category: New graduate with family. All verification items have been confirmed. | 照合完了 = Verification completed | フラグ = flag
日 = day | 区 = Ward | 区 = Ward | 区 = Ward | 区 = Ward | 入社チェックリスト （新卒バッチ処理) = Onboarding Ch","HR (Human Resources and Payroll) System HR (Human Resources and Payroll) System aaA human resources HR (Human Resources and Payroll) System FY2026・Human Resources Department Mari Tanaka, Human Resources Manager Field Kenta Hashimoto Accounting Department 5 items Matching Human resources operations Ayaka Kawaguchi Human resources department 4 items Matching ● Dashboard Akemi Uchida Human resources department 4 items Matching Expense reimbursement and payroll changes Attendance and leave application Akemi Tsuchida Accounting Department 4 items Matching ● Onboarding procedures Koji Hashimoto Sales Department 4 items Matching Employee benefits application Sakura Tsuchida Human resources department 5 items Matching ● Resident tax and other taxes Akemi Uchida Logistics department 4 items Matching Details—Kenta Hashimoto (E2283) Matching Management ID Employee ID Start date Department Accounting Department Matching items My Number Employment insurance health insurance Commuting allowance Family allowance status Matching Reference: Recruitment Category: New Graduates with Families Verification Memo Onboarding verification complete. Recruitment category: New graduate with family. All verification items have been confirmed. Verification completed flag
day Ward Ward Ward Ward Onboarding Checklist (New Graduate Batch Processing) overview Matching items PC/IC card issuance Training Schedule Onboarding Checklist (New Graduate Batch Processing) overview Checklist for verifying onboarding status during the mass recruitment of new graduates. All items must be completed by the day before the start date. Matching items Submission and verification of Romy Number Employment insurance certificate (for job changers only) Procedures for joining health insurance and employee pension □ Salary deposit account registration form Commuting allowance application form (route and amount confirmation) □ Dependent Deduction Declaration Form (Confirmation of Eligibility for Family Allowance) □ Certifi",/onboarding,employee id | full name | name | amount | status | category | type | start date | department | employment category | my number | employment insurance | health insurance | commuting allowance | family allowance | resident tax | attendance,,Notepad/text | Word/document,word_assisted,0.9488736396114064
ob,my_number,ses_20260701-171614-CHAITANYA0BCF::14,ses_20260701-171614-CHAITANYA0BCF,"受発注在庫管理システム = Order and Inventory Management System | aぁA = aaA | 率 = rate | 受発 = Receiving/Receiving | 受発注在庫管理システム = Order and Inventory Management System | 2026年度·物流管理部 = 2026・Logistics Management Department | 高 = high | 受発注在庫業務 = Order processing and inventory management | 社員ID = Employee ID | 氏名 = full name | 区分 = classification | 金額 = Amount | ● ダッシュボード = ● Dashboard | 電源モジュールB = Power Module B | 定期補充 = Regular replenishment | 155円 = 155 yen | 定常 = Steady state | 登録済み = Registered | ● 在庫管理 = ● Inventory Management | モーターユニットF = Motor Unit F | 棚卸調整 = Inventory adjustment | 調整 = adjustment | 登録済み = Registered | 契約管理 = contract management | ● 返品処理 = ● Return processing | 光学レンズE = Optical lens E | 入庫 = Receiving stock | 59円 = 59 yen | 定常 = Steady state | 登録済み = Registered | ● IT申請 = ● IT application | 筐体パネルD = Enclosure Panel D | 返品入庫 = Returned items received | 90円 = 90 yen | 調整 = adjustment | 登録済み = Registered | ● 受注・その他 = ● Orders and other | センサーケーブルC = Sensor cable C | 棚卸調整 = Inventory adjustment | 調整 = adjustment | 未処理 = Unprocessed | センサーケーブルC = Sensor cable C | 出荷引当 = Shipping allocation | 定常 = Steady state | 未処理 = Unprocessed | モーターユニットF = Motor Unit F | 定期補充 = Regular replenishment | 99円 = 99 yen | 定常 = Steady state | 未処理 = Unprocessed | 筐体パネルD = Enclosure Panel D | 定期補充 = Regular replenishment | 148円 = 148 yen | 定常 = Steady state | 未処理 = Unprocessed | モーターユニットF = Motor Unit F | 入庫 = Receiving stock | 113円 = 113 yen | 定常 = Steady state | 未処理 = Unprocessed | 光学レンズE = Optical lens E | 入庫 = Receiving stock | 48円 = 48 yen | 定常 = Steady state | 未処理 = Unprocessed | 制御基板ユニットA = Control board unit A | 棚卸調整 = Inventory adjustment | 調整 = adjustment | 未処理 = Unprocessed | センサーケーブルC = Sensor cable C | 入庫 = Receiving stock | 143円 = 143 yen | 定常 = Steady state | 未処理 = Unprocessed | 近 = near
HR人事給与システム = HR (Human Resources and Payroll) System | aぁA = aaA | 串 = skewer | 人事 = human resources | HR人事給与システム = HR (Human Resources and Payroll) System | 2026年度·人事部門 = FY2026・Hum","Order and Inventory Management System aaA rate Receiving/Receiving Order and Inventory Management System 2026・Logistics Management Department high Order processing and inventory management Employee ID full name classification Amount ● Dashboard Power Module B Regular replenishment 155 yen Steady state Registered ● Inventory Management Motor Unit F Inventory adjustment adjustment Registered contract management ● Return processing Optical lens E Receiving stock 59 yen Steady state Registered ● IT application Enclosure Panel D Returned items received 90 yen adjustment Registered ● Orders and other Sensor cable C Inventory adjustment adjustment Unprocessed Sensor cable C Shipping allocation Steady state Unprocessed Motor Unit F Regular replenishment 99 yen Steady state Unprocessed Enclosure Panel D Regular replenishment 148 yen Steady state Unprocessed Motor Unit F Receiving stock 113 yen Steady state Unprocessed Optical lens E Receiving stock 48 yen Steady state Unprocessed Control board unit A Inventory adjustment adjustment Unprocessed Sensor cable C Receiving stock 143 yen Steady state Unprocessed near
HR (Human Resources and Payroll) System aaA skewer human resources HR (Human Resources and Payroll) System FY2026・Human Resources Department Field Human resources operations Dashboard onboarding procedures ● Dashboard Onboarding procedures Expense reimbursement and payroll changes 12 results, 12 results being matched. Attendance and leave application List of New Employees ● Onboarding procedures Employee ID full name Start date Department Number of matching items status Employee benefits application Kenta Kawaguchi Development Department 5 items Matching Resident tax and other taxes Akemi Harada Development Department 4 items Matching Akemi Tsuchida Logistics department 5 items Matching Kenta Kawaguchi Sales Department 4 items Matching Ayaka Tsuchida Management department 5 items Matching Akemi Iwata Development Department 5 items Matching Kenta Iwata Sales Department",/onboarding | /payroll-items,employee id | full name | name | amount | status | category | start date | department | my number | employment insurance | health insurance | commuting allowance | family allowance | resident tax | attendance,unprocessed,Notepad/text | Word/document,word_assisted,0.9620079080132642
ob,my_number,ses_20260701-171614-CHAITANYA0BCF::36,ses_20260701-171614-CHAITANYA0BCF,"財務会計システム = Financial accounting system | aぁA = aaA | 率 = rate | 財務 = finance | 財務会計システム = Financial accounting system | 2026年度·経理部門 = Fiscal Year 2026 - Accounting Department | 佐 = Sa | 財務会計業務 = Financial accounting operations | 社員ID = Employee ID | 氏名 = full name | 項目 = item | ダッシュボード = Dashboard | 東京電子工業株式会社 = Tokyo Electronics Industry Co., Ltd. | 発注管理PO-2026-5094 = Order Management PO-2026-5094 | 未確認 = Unconfirmed | 請求書承認・経費精 = Invoice Approval and Expense Settlement | 算 = calculation | 東京電子工業株式会社 = Tokyo Electronics Industry Co., Ltd. | 発注管理PO-2026-5095 = Order Management PO-2026-5095 | 完了 = completion | 経費承認（管理職） = Expense approval (management) | 大和商事株式会社 = Yamato Shoji Co., Ltd. | 発注管理PO-2026-5096 = Order Management PO-2026-5096 | 完了 = completion | ● 支払処理 = ● Payment Processing | 沖縄物流センター = Okinawa Logistics Center | 発注管理PO-2026-5097 = Order Management PO-2026-5097 | 完了 = completion | 予算差異分析 = Budget variance analysis | 東京電子工業株式会社 = Tokyo Electronics Industry Co., Ltd. | 発注管理 PO-2026-5098 = Order Management PO-2026-5098 | 完了 = completion | 発注管理 = Order Management | 福岡システム設計 = Fukuoka System Design | 発注管理PO-2026-5099 = Order Management PO-2026-5099 | 完了 = completion | グローバルテック合同会社 = Global Tech LLC | 発注管理PO-2026-5100 = Order Management PO-2026-5100 | 完了 = completion | 東京電子工業株式会社 = Tokyo Electronics Industry Co., Ltd. | 発注管理PO-2026-5101 = Order Management PO-2026-5101 | 完了 = completion | 関西物流サービス = Kansai Logistics Service | 発注管理PO-2026-5102 = Order Management PO-2026-5102 | 完了 = completion | 大和商事株式会社 = Yamato Shoji Co., Ltd. | 発注管理PO-2026-5103 = Order Management PO-2026-5103 | 完了 = completion | グローバルテック合同会社 = Global Tech LLC | 発注管理PO-2026-5104 = Order Management PO-2026-5104 | 完了 = completion | 沖縄物流センター = Okinawa Logistics Center | 発注管理 PO-2026-5105 = Order Management PO-2026-5105 | 完了 = completion | 近 = near | 日 = day
HR人事給与システム = HR (Human Resources and Payroll) System | aあ A☆ = aa A☆ | 率 = rate | 人事 = human resources | HR人事給与システム = HR (Human Resources and P","Financial accounting system aaA rate finance Financial accounting system Fiscal Year 2026 - Accounting Department Sa Financial accounting operations Employee ID full name item Dashboard Tokyo Electronics Industry Co., Ltd. Order Management PO-2026-5094 Unconfirmed Invoice Approval and Expense Settlement calculation Tokyo Electronics Industry Co., Ltd. Order Management PO-2026-5095 completion Expense approval (management) Yamato Shoji Co., Ltd. Order Management PO-2026-5096 completion ● Payment Processing Okinawa Logistics Center Order Management PO-2026-5097 completion Budget variance analysis Tokyo Electronics Industry Co., Ltd. Order Management PO-2026-5098 completion Order Management Fukuoka System Design Order Management PO-2026-5099 completion Global Tech LLC Order Management PO-2026-5100 completion Tokyo Electronics Industry Co., Ltd. Order Management PO-2026-5101 completion Kansai Logistics Service Order Management PO-2026-5102 completion Yamato Shoji Co., Ltd. Order Management PO-2026-5103 completion Global Tech LLC Order Management PO-2026-5104 completion Okinawa Logistics Center Order Management PO-2026-5105 completion near day
HR (Human Resources and Payroll) System aa A☆ rate human resources HR (Human Resources and Payroll) System FY2026・Human Resources Department Field Human resources operations List of New Employees ● Dashboard Employee ID full name Start date Department Number of matching items status Expense reimbursement and payroll changes Attendance and leave application Kenta Kawaguchi Development Department 5 items completion ● Onboarding procedures Akemi Harada Development Department 4 items completion Employee benefits application Akemi Tsuchida Logistics department 5 items completion ● Resident tax and other taxes Kenta Kawaguchi Sales Department 4 items completion Ayaka Tsuchida Management department 5 items Matching Akemi Iwata Development Department 5 items Matching Kenta Iwata Sales Department 4 items Matching Naoki Morita Management depa",/onboarding,employee id | full name | name | status | category | start date | department | my number | employment insurance | health insurance | resident tax | attendance,approve | unconfirmed,Notepad/text | Word/document,word_assisted,0.9703360258530024
ob,my_number,ses_20260701-171614-CHAITANYA0BCF::38,ses_20260701-171614-CHAITANYA0BCF,"HR人事給与システム = HR (Human Resources and Payroll) System | aぁA = aaA | 人事 = human resources | HR人事給与システム = HR (Human Resources and Payroll) System | 2026年度·人事部門 = FY2026・Human Resources Department | 田 = Field | 人事業務 = Human resources operations | 社員ID = Employee ID | 氏名 = full name | 入社日 = Start date | 部署 = Department | ダッシュボード = Dashboard | 川口健太 = Kenta Kawaguchi | 開発部 = Development Department | 5 項目 = 5 items | 完了 = completion | 経費精算·給与変更 = Expense reimbursement and payroll changes | 原田明美 = Akemi Harada | 開発部 = Development Department | 4 項目 = 4 items | 完了 = completion | 勤怠・休暇申請 = Attendance and leave application | 入社手続き = Onboarding procedures | 土田明美 = Akemi Tsuchida | 物流部 = Logistics department | 5 項目 = 5 items | 完了 = completion | 福利厚生申請 = Employee benefits application | 川口健太 = Kenta Kawaguchi | 営業部 = Sales Department | 4 項目 = 4 items | 完了 = completion | 住民税・その他 = Resident tax and other taxes | 土田彩香 = Ayaka Tsuchida | 管理部 = Management department | 5 項目 = 5 items | 完了 = completion | 岩田明美 = Akemi Iwata | 開発部 = Development Department | 5 項目 = 5 items | 完了 = completion | 岩田健太 = Kenta Iwata | 営業部 = Sales Department | 4項目 = 4 items | 完了 = completion | 森田 直樹 = Naoki Morita | 管理部 = Management department | 4項目 = 4 items | 照合中 = Matching | 原田さくら = Sakura Harada | 営業部 = Sales Department | 4 項目 = 4 items | 照合中 = Matching | 川口 浩二 = Koji Kawaguchi | システム部 = Systems Department | 5 項目 = 5 items | 照合中 = Matching | 内田さくら = Sakura Uchida | 管理部 = Management department | 4 項目 = 4 items | 照合中 = Matching | 橋本 浩二 = Koji Hashimoto | 営業部 = Sales Department | 4 項目 = 4 items | 照合中 = Matching | 近 = near
图 = picture | 区 = Ward | 入社チェックリスト（新卒バッチ処理) = Onboarding Checklist (New Graduate Batch Processing) | 入社チェックリスト（新卒バッチ処理） = Onboarding Checklist (New Graduate Batch Processing) | 概要 = overview | 照合項目 = Matching items | 概要 = overview | PC·IC力-ド発行 = PC/IC card issuance | 新卒一括採用時の入社照合チェックリスト。入社日前日までに全項目を完了させること。 = Checklist for verifying onboarding status during the mass recruitment of new graduates. ","HR (Human Resources and Payroll) System aaA human resources HR (Human Resources and Payroll) System FY2026・Human Resources Department Field Human resources operations Employee ID full name Start date Department Dashboard Kenta Kawaguchi Development Department 5 items completion Expense reimbursement and payroll changes Akemi Harada Development Department 4 items completion Attendance and leave application Onboarding procedures Akemi Tsuchida Logistics department 5 items completion Employee benefits application Kenta Kawaguchi Sales Department 4 items completion Resident tax and other taxes Ayaka Tsuchida Management department 5 items completion Akemi Iwata Development Department 5 items completion Kenta Iwata Sales Department 4 items completion Naoki Morita Management department 4 items Matching Sakura Harada Sales Department 4 items Matching Koji Kawaguchi Systems Department 5 items Matching Sakura Uchida Management department 4 items Matching Koji Hashimoto Sales Department 4 items Matching near
picture Ward Onboarding Checklist (New Graduate Batch Processing) Onboarding Checklist (New Graduate Batch Processing) overview Matching items overview PC/IC card issuance Checklist for verifying onboarding status during the mass recruitment of new graduates. All items must be completed by the day before the start date. Training Schedule Matching items Submission and verification of Romy Number □ Employment insurance certificate (for those changing jobs only) □ Procedures for joining health insurance and employee pension □ Salary deposit account registration form □ Commuting allowance application form (route and amount confirmation) Training Schedule □ Dependent Deduction Declaration Form (Confirmation of Eligibility for Family Allowance) □ Certificate of registered information in the resident register PC and IC card issuance
HR (Human Resources and Payroll) System aaA human resources HR (Human Resources and Payroll) System FY2026・Human Resources Department Field Koji Kawa",/onboarding,employee id | full name | name | amount | status | category | start date | department | my number | employment insurance | health insurance | commuting allowance | family allowance | resident tax | attendance,approve | hold,Notepad/text | Word/document,word_assisted,0.9560370798424332
ob,my_number,ses_20260701-173246-SIDDHIGUPTAB00B::13,ses_20260701-173246-SIDDHIGUPTAB00B,"財務会計システム = Financial accounting system | aあA = aaA | 財務 = finance | 財務会計システム = Financial accounting system | 2026年度·経理部門 = Fiscal Year 2026 - Accounting Department | 佐藤直樹・経理マネージャー = Naoki Sato, Accounting Manager | 佐 = Sa | 一覧 = List | 財務会計業務 = Financial accounting operations | ● ダッシュボード = ● Dashboard | 社員ID = Employee ID | 氏名 = full name | 項目 = item | 金額 = Amount | ステータス = status | 請求書承認・経費精 = Invoice Approval and Expense Settlement | 算 = calculation | 北陸部品工業株式会社 = Hokuriku Parts Industry Co., Ltd. | 発注管理 PO-2026-5931 = Order Management PO-2026-5931 | 未確認 = Unconfirmed | 経費承認（管理職） = Expense approval (management) | 東京電子工業株式会社 = Tokyo Electronics Industry Co., Ltd. | 発注管理PO-2026-5932 = Order Management PO-2026-5932 | 完了 = completion | ● 支払処理 = ● Payment Processing | 大和商事株式会社 = Yamato Shoji Co., Ltd. | 発注管理PO-2026-5933 = Order Management PO-2026-5933 | 完了 = completion | 予算差異分析 = Budget variance analysis | 関西物流サービス = Kansai Logistics Service | 発注管理PO-2026-5934 = Order Management PO-2026-5934 | 完了 = completion | ● 発注管理 = ● Order Management | 株式会社山田製作所 = Yamada Manufacturing Co., Ltd. | 発注管理PO-2026-5935 = Order Management PO-2026-5935 | 未確認 = Unconfirmed | 関西物流サービス = Kansai Logistics Service | 発注管理PO-2026-5936 = Order Management PO-2026-5936 | 未確認 = Unconfirmed | 東京電子工業株式会社 = Tokyo Electronics Industry Co., Ltd. | 発注管理PO-2026-5937 = Order Management PO-2026-5937 | 未確認 = Unconfirmed | 大和商事株式会社 = Yamato Shoji Co., Ltd. | 発注管理PO-2026-5938 = Order Management PO-2026-5938 | 未確認 = Unconfirmed | 福岡システム設計▲ = Fukuoka System Design ▲ | 発注管理 PO-2026-5939 = Order Management PO-2026-5939 | 未確認 = Unconfirmed | 関西物流サービス = Kansai Logistics Service | 発注管理PO-2026-5940 = Order Management PO-2026-5940 | 未確認 = Unconfirmed | 関西物流サービス = Kansai Logistics Service | 発注管理PO-2026-5941 = Order Management PO-2026-5941 | 未確認 = Unconfirmed | グローバルテック合同会社 = Global Tech LLC | Activate Win朱確認s = Activate Win Verification | 発注管理PO-2026-5942 = Order Management PO-2026-5942
HR人事給与システム = HR (Human Resources a","Financial accounting system aaA finance Financial accounting system Fiscal Year 2026 - Accounting Department Naoki Sato, Accounting Manager Sa List Financial accounting operations ● Dashboard Employee ID full name item Amount status Invoice Approval and Expense Settlement calculation Hokuriku Parts Industry Co., Ltd. Order Management PO-2026-5931 Unconfirmed Expense approval (management) Tokyo Electronics Industry Co., Ltd. Order Management PO-2026-5932 completion ● Payment Processing Yamato Shoji Co., Ltd. Order Management PO-2026-5933 completion Budget variance analysis Kansai Logistics Service Order Management PO-2026-5934 completion ● Order Management Yamada Manufacturing Co., Ltd. Order Management PO-2026-5935 Unconfirmed Kansai Logistics Service Order Management PO-2026-5936 Unconfirmed Tokyo Electronics Industry Co., Ltd. Order Management PO-2026-5937 Unconfirmed Yamato Shoji Co., Ltd. Order Management PO-2026-5938 Unconfirmed Fukuoka System Design ▲ Order Management PO-2026-5939 Unconfirmed Kansai Logistics Service Order Management PO-2026-5940 Unconfirmed Kansai Logistics Service Order Management PO-2026-5941 Unconfirmed Global Tech LLC Activate Win Verification Order Management PO-2026-5942
HR (Human Resources and Payroll) System aaA human resources HR (Human Resources and Payroll) System FY2026・Human Resources Department Mari Tanaka, Human Resources Manager Field Human resources operations Dashboard onboarding procedures ● Dashboard Onboarding procedures Expense reimbursement and payroll changes 12 results, 12 results being matched. Attendance and leave application List of New Employees ● Onboarding procedures Employee ID full name Start date Department Number of matching items status Employee benefits application Ayaka Harada Sales Department 5 items Matching ● Resident tax and other taxes Koji Uchida Human resources department 5 items Matching Koji Tsuchida Planning Department 5 items Matching Akemi Hashimoto Accounting Department 5 items Matching Sakur",/onboarding,employee id | full name | name | amount | status | category | start date | department | my number | employment insurance | health insurance | commuting allowance | family allowance | resident tax | attendance,approve | unconfirmed,Notepad/text | Word/document,word_assisted,0.949540656437878
ob,my_number,ses_20260701-173246-SIDDHIGUPTAB00B::39,ses_20260701-173246-SIDDHIGUPTAB00B,"HR人事給与システム = HR (Human Resources and Payroll) System | aあA = aaA | 人事 = human resources | HR人事給与システム = HR (Human Resources and Payroll) System | 2026年度·人事部門 = FY2026・Human Resources Department | 田中 麻里・人事マネージャー = Mari Tanaka, Human Resources Manager | 田 = Field | 入社照合一覧 = List of New Employees | 人事業務 = Human resources operations | ● ダッシュボード = ● Dashboard | 社員ID = Employee ID | 氏名 = full name | 入社日 = Start date | 部署 = Department | 照合項目数 = Number of matching items | ステータス = status | 経費精算·給与変更 = Expense reimbursement and payroll changes | 原田彩香 = Ayaka Harada | 営業部 = Sales Department | 5 項目 = 5 items | 完了 = completion | 勤怠・休暇申請 = Attendance and leave application | 内田浩二 = Koji Uchida | 人事部 = Human resources department | 5 項目 = 5 items | 完了 = completion | ● 入社手続き = ● Onboarding procedures | 福利厚生申請 = Employee benefits application | 土田浩二 = Koji Tsuchida | 企画部 = Planning Department | 5 項目 = 5 items | 完了 = completion | ● 住民税・その他 = ● Resident tax and other taxes | 橋本明美 = Akemi Hashimoto | 経理部 = Accounting Department | 5 項目 = 5 items | 完了 = completion | 岩田さくら = Sakura Iwata | システム部 = Systems Department | 5 項目 = 5 items | 完了 = completion | 岩田さくら = Sakura Iwata | 物流部 = Logistics department | 5 項目 = 5 items | 照合中 = Matching | 川口明美 = Akemi Kawaguchi | 管理部 = Management department | 4 項目 = 4 items | 照合中 = Matching | 森田さくら = Sakura Morita | 経理部 = Accounting Department | 5 項目 = 5 items | 照合中 = Matching | 内田健太 = Kenta Uchida | 管理部 = Management department | 4 項目 = 4 items | 照合中 = Matching | 原田 直樹 = Naoki Harada | 管理部 = Management department | 4 項目 = 4 items | 照合中 = Matching | 原田 直樹 = Naoki Harada | 開発部 = Development Department | 5 項目 = 5 items | 照合中 = Matching | 内田さくら = Sakura Uchida | 企画部 = Planning Department | 4 項目 = 4 items | Activate Wir照合中ws = Activating Wir matching ws | 首 = neck
三 = three | 区 = Ward | 区 = Ward | 入社チェックリスト（新卒バッチ処理） = Onboarding Checklist (New Graduate Batch Processing) | 概要 = overview | 入社チェックリスト（新卒バッチ処理) = Onboarding Checklist (New Graduate Batch Processing) | 照合項","HR (Human Resources and Payroll) System aaA human resources HR (Human Resources and Payroll) System FY2026・Human Resources Department Mari Tanaka, Human Resources Manager Field List of New Employees Human resources operations ● Dashboard Employee ID full name Start date Department Number of matching items status Expense reimbursement and payroll changes Ayaka Harada Sales Department 5 items completion Attendance and leave application Koji Uchida Human resources department 5 items completion ● Onboarding procedures Employee benefits application Koji Tsuchida Planning Department 5 items completion ● Resident tax and other taxes Akemi Hashimoto Accounting Department 5 items completion Sakura Iwata Systems Department 5 items completion Sakura Iwata Logistics department 5 items Matching Akemi Kawaguchi Management department 4 items Matching Sakura Morita Accounting Department 5 items Matching Kenta Uchida Management department 4 items Matching Naoki Harada Management department 4 items Matching Naoki Harada Development Department 5 items Matching Sakura Uchida Planning Department 4 items Activating Wir matching ws neck
three Ward Ward Onboarding Checklist (New Graduate Batch Processing) overview Onboarding Checklist (New Graduate Batch Processing) Matching items PC/IC card issuance overview Training Schedule Checklist for verifying onboarding status during the mass recruitment of new graduates. All items must be completed by the day before the start date. Matching items Submission and verification of Romy Number Employment insurance certificate (for job changers only) □ Procedures for joining health insurance and employee pension □ Salary deposit account registration form □ Commuting allowance application form (route and amount confirmation) □ Dependent Deduction Declaration Form (Confirmation of Eligibility for Family Allowance) □ Certificate of registered information in the resident register PC/IC card issuance The application must be submitted via the IT application f",/onboarding,employee id | full name | name | amount | status | category | type | start date | department | employment category | my number | employment insurance | health insurance | commuting allowance | family allowance | resident tax | attendance,,Notepad/text | Word/document,word_assisted,0.9449222248414574
ob,my_number,ses_20260701-175258-LAPTOP-76QMG9DE::12,ses_20260701-175258-LAPTOP-76QMG9DE,"HR人事給与システム = HR (Human Resources and Payroll) System | HR人事給与システム = HR (Human Resources and Payroll) System | aあ = aa | 串 = skewer | 人事 = human resources | HR人事給与システム = HR (Human Resources and Payroll) System | 2026年度·人事部門 = FY2026・Human Resources Department | 2026/07/0123:25:39 田中麻里·人事マネージャー = 2026/07/01 23:25:39 Mari Tanaka, Human Resources Manager | 田 = Field | 人事業務 = Human resources operations | 石田美奈 = Ishida Mina | 出張旅費 = Business trip expenses | 29,289円 = 29,289 yen | 定常 = Steady state | 未処理 = Unprocessed | ダッシュボード = Dashboard | 菊池理恵 = Rie Kikuchi | 交通費精算 = Transportation expense settlement | 15,570円 = 15,570 yen | 定常 = Steady state | 未処理 = Unprocessed | 経費精算·給与変更 = Expense reimbursement and payroll changes | 坂本裕二 = Yuji Sakamoto | 研修費 = Training expenses | 11,116円 = 11,116 yen | 定常 = Steady state | 未処理 = Unprocessed | 勤怠・休暇申請 = Attendance and leave application | 菊池理恵 = Rie Kikuchi | 昇給 = Salary increase | 16,288円 = 16,288 yen | 定常 = Steady state | 未処理 = Unprocessed | 入社手続き = Onboarding procedures | 福利厚生申請 = Employee benefits application | 青木拓也 = Takuya Aoki | 役職手当廃止 = Abolition of position allowances | 17,344円 = 17,344 yen | 定常 = Steady state | 未処理 = Unprocessed | 住民税・その他 = Resident tax and other taxes | 桐島 凉介 = Ryosuke Kirishima | 役職手当廃止 = Abolition of position allowances | 17,344円 = 17,344 yen | 定常 = Steady state | 未処理 = Unprocessed | 江口さくら = Sakura Eguchi | 役職手当廃止 = Abolition of position allowances | 17,344円 = 17,344 yen | 定常 = Steady state | 未処理 = Unprocessed | 岡田智也 = Tomoya Okada | 昇給 = Salary increase | 16,288円 = 16,288 yen | 定常 = Steady state | 未処理 = Unprocessed | 遠山健一 = Kenichi Toyama | 扶養控除変更 = Change in dependent deduction | 一 = one | 定常 = Steady state | 未処理 = Unprocessed | 青木拓也 = Takuya Aoki | 役職手当廃止 = Abolition of position allowances | 17,344円 = 17,344 yen | 定常 = Steady state | 未処理 = Unprocessed | 岡田智也 = Tomoya Okada | 役職手当新設 = New position-based allowance established. | 12,922円 = 12,922 yen | 定常 = Steady state | 未処理 = Unprocessed | 石田美奈 = Ishida ","HR (Human Resources and Payroll) System HR (Human Resources and Payroll) System aa skewer human resources HR (Human Resources and Payroll) System FY2026・Human Resources Department 2026/07/01 23:25:39 Mari Tanaka, Human Resources Manager Field Human resources operations Ishida Mina Business trip expenses 29,289 yen Steady state Unprocessed Dashboard Rie Kikuchi Transportation expense settlement 15,570 yen Steady state Unprocessed Expense reimbursement and payroll changes Yuji Sakamoto Training expenses 11,116 yen Steady state Unprocessed Attendance and leave application Rie Kikuchi Salary increase 16,288 yen Steady state Unprocessed Onboarding procedures Employee benefits application Takuya Aoki Abolition of position allowances 17,344 yen Steady state Unprocessed Resident tax and other taxes Ryosuke Kirishima Abolition of position allowances 17,344 yen Steady state Unprocessed Sakura Eguchi Abolition of position allowances 17,344 yen Steady state Unprocessed Tomoya Okada Salary increase 16,288 yen Steady state Unprocessed Kenichi Toyama Change in dependent deduction one Steady state Unprocessed Takuya Aoki Abolition of position allowances 17,344 yen Steady state Unprocessed Tomoya Okada New position-based allowance established. 12,922 yen Steady state Unprocessed Ishida Mina Abolition of position allowances 17,344 yen Steady state Unprocessed Nana Shimada Salary increase 16,288 yen Steady state Unprocessed Sakura Eguchi Salary increase 16,288 yen Steady state Unprocessed Daiki Ueno Abolition of position allowances 17,344 yen Steady state Unprocessed P1-07089771-008: Registration confirmed. Self
Settlement confirmation memo Ab Settlement confirmation memo Expense reimbursement confirmed. Expense category: Entertainment and hospitality expenses. Amount: 60,936 yen. Confirmed to be within regulations. neck
Settlement confirmation memo Tian Ai Settlement confirmation memo Expense reimbursement confirmed. Expense category: Entertainment and hospitality expenses. Amount: 7",/onboarding | /payroll-items,employee id | full name | name | amount | status | category | type | start date | department | employment category | my number | health insurance | commuting allowance | resident tax | attendance,unprocessed,Notepad/text | Word/document,word_assisted,0.9505103776019184
ob,my_number,ses_20260701-180923-NEELA9BAF::12,ses_20260701-180923-NEELA9BAF,"HR人事給与システム = HR (Human Resources and Payroll) System | HR人事給与システム = HR (Human Resources and Payroll) System | aあA = aaA | 人事 = human resources | HR人事給与システム = HR (Human Resources and Payroll) System | 2026年度·人事部門 = FY2026・Human Resources Department | 田中 麻里・人事マネージャー = Mari Tanaka, Human Resources Manager | 田 = Field | 橋本 健太 = Kenta Hashimoto | 経理部 = Accounting Department | 5 項目 = 5 items | 照合中 = Matching | 人事業務 = Human resources operations | 川口彩香 = Ayaka Kawaguchi | 人事部 = Human resources department | 4 項目 = 4 items | 照合中 = Matching | ● ダッシュボード = ● Dashboard | 内田明美 = Akemi Uchida | 人事部 = Human resources department | 4 項目 = 4 items | 照合中 = Matching | 経費精算·給与変更 = Expense reimbursement and payroll changes | 勤怠・休暇申請 = Attendance and leave application | 土田明美 = Akemi Tsuchida | 経理部 = Accounting Department | 4 項目 = 4 items | 照合中 = Matching | ● 入社手続き = ● Onboarding procedures | 橋本浩二 = Koji Hashimoto | 営業部 = Sales Department | 4 項目 = 4 items | 照合中 = Matching | 福利厚生申請 = Employee benefits application | 土田さくら = Sakura Tsuchida | 人事部 = Human resources department | 5 項目 = 5 items | 照合中 = Matching | ● 住民税・その他 = ● Resident tax and other taxes | 内田明美 = Akemi Uchida | 物流部 = Logistics department | 4 項目 = 4 items | 照合中 = Matching | 詳細—橋本 健太（E2283） = Details—Kenta Hashimoto (E2283) | 照合中 = Matching | 管理ID = Management ID | 社員ID = Employee ID | 入社日 = Start date | 所属部署 = Department | 経理部 = Accounting Department | 照合項目 = Matching items | マイナンバー = My Number | 雇用保険 = Employment insurance | 健康保険 = health insurance | 通勤手当 = Commuting allowance | 家族手当 = Family allowance | ステータス = status | 照合中 = Matching | 参照：採用区分：新卒家族持 = Reference: Recruitment Category: New Graduates with Families | 照合メモ = Verification Memo | 入社照合完了。採用区分：新卒家族持。照合項目すべて確認済み。 = Onboarding verification complete. Recruitment category: New graduate with family. All verification items have been confirmed. | 照合完了 = Verification completed | フラグ = flag
日 = day | 区 = Ward | 区 = Ward | 区 = Ward | 区 = Ward | 入社チェックリスト （新卒バッチ処理) = Onboarding Ch","HR (Human Resources and Payroll) System HR (Human Resources and Payroll) System aaA human resources HR (Human Resources and Payroll) System FY2026・Human Resources Department Mari Tanaka, Human Resources Manager Field Kenta Hashimoto Accounting Department 5 items Matching Human resources operations Ayaka Kawaguchi Human resources department 4 items Matching ● Dashboard Akemi Uchida Human resources department 4 items Matching Expense reimbursement and payroll changes Attendance and leave application Akemi Tsuchida Accounting Department 4 items Matching ● Onboarding procedures Koji Hashimoto Sales Department 4 items Matching Employee benefits application Sakura Tsuchida Human resources department 5 items Matching ● Resident tax and other taxes Akemi Uchida Logistics department 4 items Matching Details—Kenta Hashimoto (E2283) Matching Management ID Employee ID Start date Department Accounting Department Matching items My Number Employment insurance health insurance Commuting allowance Family allowance status Matching Reference: Recruitment Category: New Graduates with Families Verification Memo Onboarding verification complete. Recruitment category: New graduate with family. All verification items have been confirmed. Verification completed flag
day Ward Ward Ward Ward Onboarding Checklist (New Graduate Batch Processing) overview Matching items PC/IC card issuance Training Schedule Onboarding Checklist (New Graduate Batch Processing) overview Checklist for verifying onboarding status during the mass recruitment of new graduates. All items must be completed by the day before the start date. Matching items Submission and verification of Romy Number Employment insurance certificate (for job changers only) Procedures for joining health insurance and employee pension □ Salary deposit account registration form Commuting allowance application form (route and amount confirmation) □ Dependent Deduction Declaration Form (Confirmation of Eligibility for Family Allowance) □ Certifi",/onboarding,employee id | full name | name | amount | status | category | type | start date | department | employment category | my number | employment insurance | health insurance | commuting allowance | family allowance | resident tax | attendance,,Notepad/text | Word/document,word_assisted,0.9488736396114064
si,social_insurance,ses_20260701-171614-CHAITANYA0BCF::30,ses_20260701-171614-CHAITANYA0BCF,HR人事給与システム = HR (Human Resources and Payroll) System | aあ A☆ = aa A☆ | 串 = skewer | 人事 = human resources | HR人事給与システム = HR (Human Resources and Payroll) System | 2026年度·人事部門 = FY2026・Human Resources Department | 田 = Field | 人事業務 = Human resources operations | 社員ID = Employee ID | 氏名 = full name | 申請種別 = Application Type | 対象年月 = Target year and month | 詳細 = detail | ● ダッシュボード = ● Dashboard | 清水 祥平 = Shohei Shimizu | 産前産後休暇申請 = Application for maternity leave | 産休中社保免除申請 = Application for exemption from social insurance during maternity leave | 処理完了 = Processing complete | 経費精算·給与変更 = Expense reimbursement and payroll changes | 勤怠・休暇申請 = Attendance and leave application | 清水 祥平 = Shohei Shimizu | 産前産後休暇申請 = Application for maternity leave | 産休中社保免除申請 = Application for exemption from social insurance during maternity leave | 処理完了 = Processing complete | ● 入社手続き = ● Onboarding procedures | 竹内彩子 = Ayako Takeuchi | 住宅手当変更申請 = Application for change of housing allowance | 住居変更に伴う手当改定 = Allowance revision due to change of residence | 処理完了 = Processing complete | 福利厚生申請 = Employee benefits application | 江口さくら = Sakura Eguchi | 育児休業申請 = Application for childcare leave | 育児休業期間中社保免除 = Social insurance exemption during childcare leave | 処理完了 = Processing complete | 住民税・その他 = Resident tax and other taxes | 河野明日香 = Asuka Kono | 家族手当申請 = Family allowance application | 扶養家族追加登録 = Adding dependents | 処理完了 = Processing complete | 菊池 理恵 = Rie Kikuchi | 育児休業申請 = Application for childcare leave | 育児休業期間中社保免除 = Social insurance exemption during childcare leave | 処理待ち = Waiting for processing | 江口さくら = Sakura Eguchi | 住宅手当変更申請 = Application for change of housing allowance | 住居変更に伴う手当改定 = Allowance revision due to change of residence | 処理待ち = Waiting for processing | 坂本裕二 = Yuji Sakamoto | 育児休業申請 = Application for childcare leave | 育児休業期間中社保免除 = Social insurance exemption during childcare leave | 処理待ち = Waiting for processing | 清水 祥平 = Shohei Shimizu | 家族手当申請 = Family allowance applicatio,"HR (Human Resources and Payroll) System aa A☆ skewer human resources HR (Human Resources and Payroll) System FY2026・Human Resources Department Field Human resources operations Employee ID full name Application Type Target year and month detail ● Dashboard Shohei Shimizu Application for maternity leave Application for exemption from social insurance during maternity leave Processing complete Expense reimbursement and payroll changes Attendance and leave application Shohei Shimizu Application for maternity leave Application for exemption from social insurance during maternity leave Processing complete ● Onboarding procedures Ayako Takeuchi Application for change of housing allowance Allowance revision due to change of residence Processing complete Employee benefits application Sakura Eguchi Application for childcare leave Social insurance exemption during childcare leave Processing complete Resident tax and other taxes Asuka Kono Family allowance application Adding dependents Processing complete Rie Kikuchi Application for childcare leave Social insurance exemption during childcare leave Waiting for processing Sakura Eguchi Application for change of housing allowance Allowance revision due to change of residence Waiting for processing Yuji Sakamoto Application for childcare leave Social insurance exemption during childcare leave Waiting for processing Shohei Shimizu Family allowance application Adding dependents Waiting for processing Rie Kikuchi Application for change of housing allowance Allowance revision due to change of residence Waiting for processing Sakura Eguchi Application for caregiving leave Application for Caregiving Leave Benefits Waiting for processing Daiki Ueno Application for caregiving leave Application for Caregiving Leave Benefits Waiting for processing near
HR (Human Resources and Payroll) System aaA human resources HR (Human Resources and Payroll) System FY2026・Human Resources Department Field Human resources operations Employee ID full name App",/social-insurance,employee id | full name | name | status | type | start date | department | health insurance | family allowance | social insurance | resident tax | attendance,processing_complete,Notepad/text | Word/document,word_assisted,0.9691697451827985
si,social_insurance,ses_20260701-173246-SIDDHIGUPTAB00B::8,ses_20260701-173246-SIDDHIGUPTAB00B,"受発注在庫管理システム = Order and Inventory Management System | aあA = aaA | 率 = rate | 受発 = Receiving/Receiving | 受発注在庫管理システム = Order and Inventory Management System | 2026年度·物流管理部 = 2026・Logistics Management Department | 高橋 健司・物流マネージャー = Kenji Takahashi, Logistics Manager | 高 = high | 申請一覧 = List of applications | 受発注在庫業務 = Order processing and inventory management | ● ダッシュボード = ● Dashboard | 社員ID = Employee ID | 氏名 = full name | 申請種別 = Application Type | 期間・詳細 = Period and details | 部署 = Department | ステータス = status | 在庫管理 = Inventory Management | 北陸部品工業株式会社 = Hokuriku Parts Industry Co., Ltd. | 秘密保持契約(新規締結) = Confidentiality Agreement (New Agreement) | 新規締結 = New agreement | 承認 = approval | ● 契約管理 = ● Contract management | グローバルテック合同会社 = Global Tech LLC | 秘密保持契約(新規締結) = Confidentiality Agreement (New Agreement) | 新規締結 = New agreement | 承認 = approval | 返品処理 = Return processing | ● IT申請 = ● IT application | 大和商事株式会社 = Yamato Shoji Co., Ltd. | 保守委託契約(更新) = Maintenance contract (renewal) | 更新 = update | 処理待ち = Waiting for processing | ● 受注・その他 = ● Orders and other | 北陸部品工業株式会社 = Hokuriku Parts Industry Co., Ltd. | 保守委託契約(更新) = Maintenance contract (renewal) | 更新 = update | 処理待ち = Waiting for processing | 大和商事株式会社 = Yamato Shoji Co., Ltd. | 取引基本契約(新規締結) = Basic Transaction Agreement (New Agreement) | 新規締結 = New agreement | 処理待ち = Waiting for processing | 北陸部品工業株式会社 = Hokuriku Parts Industry Co., Ltd. | 取引基本契約(新規締結) = Basic Transaction Agreement (New Agreement) | 新規締結 = New agreement | 処理待ち = Waiting for processing | 関西物流サービス = Kansai Logistics Service | 取引基本契約(新規締結) = Basic Transaction Agreement (New Agreement) | 新規締結 = New agreement | 処理待ち = Waiting for processing | 大和商事株式会社 = Yamato Shoji Co., Ltd. | 取引基本契約(新規締結) = Basic Transaction Agreement (New Agreement) | 新規締結 = New agreement | 処理待ち = Waiting for processing | 北陸部品工業株式会社 = Hokuriku Parts Industry Co., Ltd. | 業務委託契約(解除) = Outsourcing contract (termination) | 解除 = Cancellation | 処理待ち = Waiting for processing | 大和商事株式会社 = Yam","Order and Inventory Management System aaA rate Receiving/Receiving Order and Inventory Management System 2026・Logistics Management Department Kenji Takahashi, Logistics Manager high List of applications Order processing and inventory management ● Dashboard Employee ID full name Application Type Period and details Department status Inventory Management Hokuriku Parts Industry Co., Ltd. Confidentiality Agreement (New Agreement) New agreement approval ● Contract management Global Tech LLC Confidentiality Agreement (New Agreement) New agreement approval Return processing ● IT application Yamato Shoji Co., Ltd. Maintenance contract (renewal) update Waiting for processing ● Orders and other Hokuriku Parts Industry Co., Ltd. Maintenance contract (renewal) update Waiting for processing Yamato Shoji Co., Ltd. Basic Transaction Agreement (New Agreement) New agreement Waiting for processing Hokuriku Parts Industry Co., Ltd. Basic Transaction Agreement (New Agreement) New agreement Waiting for processing Kansai Logistics Service Basic Transaction Agreement (New Agreement) New agreement Waiting for processing Yamato Shoji Co., Ltd. Basic Transaction Agreement (New Agreement) New agreement Waiting for processing Hokuriku Parts Industry Co., Ltd. Outsourcing contract (termination) Cancellation Waiting for processing Yamato Shoji Co., Ltd. Confidentiality Agreement (New Agreement) New agreement Waiting for processing Tokyo Electronics Industry Co., Ltd. Confidentiality Agreement (New Agreement) New agreement Waiting for processing Waiting for Automated Window Tokyo Electronics Industry Co., Ltd. Sales contract (amendment) P12-07109774-002: Application approved. neck
Ward Ward Contract termination procedure Article 1 (Scope of Application) Contract termination procedure Article 2 (Cancellation Notice) Article 3 (Payment) Article 1 (Scope of Application) Article 4 (Document Storage) Supplementary Provisions This document outlines the procedures necessary for terminating contracts wit",/leave-applications | /social-insurance,employee id | full name | name | status | category | type | department | family allowance | social insurance | resident tax | attendance,approve | processing_complete,Notepad/text | Word/document,word_assisted,0.9492512822077868
si,social_insurance,ses_20260701-173642-NEELA9BAF::8,ses_20260701-173642-NEELA9BAF,"HR人事給与システム = HR (Human Resources and Payroll) System | HR人事給与システム = HR (Human Resources and Payroll) System | aあ = aa | 人事 = human resources | HR人事給与システム = HR (Human Resources and Payroll) System | 2026年度·人事部門 = FY2026・Human Resources Department | 2026/07/01 23:08:31 田中 麻里・人事マネージャー = 2026/07/01 23:08:31 Mari Tanaka, Human Resources Manager | 田 = Field | 人事業務 = Human resources operations | ダッシュボードノ福利厚生申請 = Dashboard Employee Benefits Application | ● ダッシュボード = ● Dashboard | 福利厚生申請 = Employee benefits application | 経費精算·給与変更 = Expense reimbursement and payroll changes | 12件·12件処理待ち = 12 items - 12 items pending processing | ● 勤怠・休暇申請 = ● Attendance and leave application | 処理一覧 = Processing list | ● 入社手続き = ● Onboarding procedures | 社員ID = Employee ID | 氏名 = full name | 申請種別 = Application Type | 対象年月 = Target year and month | 詳細 = detail | ステータス = status | ● 福利厚生申請 = ● Application for employee benefits | 桐島 涼介 = Ryosuke Kirishima | 住宅手当変更申請 = Application for change of housing allowance | 住居変更に伴う手当改定 = Allowance revision due to change of residence | 処理待ち = Waiting for processing | ● 住民税・その他 = ● Resident tax and other taxes | 岡田 智也 = Tomoya Okada | 家族手当申請 = Family allowance application | 扶養家族追加登録 = Adding dependents | 処理待ち = Waiting for processing | 青木拓也 = Takuya Aoki | 住宅手当変更申請 = Application for change of housing allowance | 住居変更に伴う手当改定 = Allowance revision due to change of residence | 処理待ち = Waiting for processing | 坂本裕二 = Yuji Sakamoto | 育児休業申請 = Application for childcare leave | 育児休業期間中社保免除 = Social insurance exemption during childcare leave | 処理待ち = Waiting for processing | 津田将太 = Shota Tsuda | 産前産後休暇申請 = Application for maternity leave | 産休中社保免除申請 = Application for exemption from social insurance during maternity leave | 処理待ち = Waiting for processing | 坂本裕二 = Yuji Sakamoto | 育児休業申請 = Application for childcare leave | 育児休業期間中社保免除 = Social insurance exemption during childcare leave | 処理待ち = Waiting for processing | 河野明日香 = Asuka Kono | 家族手当申請 = Family allowance applic","HR (Human Resources and Payroll) System HR (Human Resources and Payroll) System aa human resources HR (Human Resources and Payroll) System FY2026・Human Resources Department 2026/07/01 23:08:31 Mari Tanaka, Human Resources Manager Field Human resources operations Dashboard Employee Benefits Application ● Dashboard Employee benefits application Expense reimbursement and payroll changes 12 items - 12 items pending processing ● Attendance and leave application Processing list ● Onboarding procedures Employee ID full name Application Type Target year and month detail status ● Application for employee benefits Ryosuke Kirishima Application for change of housing allowance Allowance revision due to change of residence Waiting for processing ● Resident tax and other taxes Tomoya Okada Family allowance application Adding dependents Waiting for processing Takuya Aoki Application for change of housing allowance Allowance revision due to change of residence Waiting for processing Yuji Sakamoto Application for childcare leave Social insurance exemption during childcare leave Waiting for processing Shota Tsuda Application for maternity leave Application for exemption from social insurance during maternity leave Waiting for processing Yuji Sakamoto Application for childcare leave Social insurance exemption during childcare leave Waiting for processing Asuka Kono Family allowance application Adding dependents Waiting for processing Tomoya Okada Application for caregiving leave Application for Caregiving Leave Benefits Waiting for processing Daiki Ueno Application for childcare leave Social insurance exemption during childcare leave Waiting for processing Tomoya Okada Family allowance application Adding dependents Waiting for processing Kenichi Toyama Application for caregiving leave Application for Caregiving Leave Benefits Waiting for processing Ryosuke Kirishima Application for change of housing allowance Allowance revision due to change of residence two xum
HR (Human Resources an",/social-insurance,employee id | full name | name | status | type | department | family allowance | social insurance | resident tax | attendance,processing_complete,Notepad/text,notepad_assisted,0.9720300114129723
si,social_insurance,ses_20260701-173642-NEELA9BAF::39,ses_20260701-173642-NEELA9BAF,"財務会計システム = Financial accounting system | 財務会計システム = Financial accounting system | aあ = aa | 率 = rate | 財務 = finance | 財務会計システム = Financial accounting system | 2026年度·経理部門 = Fiscal Year 2026 - Accounting Department | 佐藤 直樹・経理マネージャー = Naoki Sato, Accounting Manager | 佐 = Sa | 財務会計業務 = Financial accounting operations | ダッシュボードノ請求書承認・経費精算 = Dashboard Invoice Approval/Expense Reimbursement | ● ダッシュボード = ● Dashboard | 請求書承認・経費精算 = Invoice approval and expense reimbursement | 請求書承認・経費精 = Invoice Approval and Expense Settlement | 12件·2件未処理 = 12 items, 2 items unprocessed | 算 = calculation | 処理待ち一覧 = List of items awaiting processing | 経費承認（管理職) = Expense approval (management) | 支払処理 = Payment processing | 社員ID = Employee ID | 氏名 = full name | 区分 = classification | 金額 = Amount | 種別 = type | ステータス = status | 予算差異分析 = Budget variance analysis | 沖縄物流センター = Okinawa Logistics Center | 請求書承認INV-2026-7532 = Invoice Approval INV-2026-7532 | 310,006円 = 310,006 yen | 調整 = adjustment | 登録済み = Registered | ● 発注管理 = ● Order Management | 北陸部品工業株式会社 = Hokuriku Parts Industry Co., Ltd. | 請求書承認INV-2026-7533 = Invoice Approval INV-2026-7533 | 381,332円 = 381,332 yen | 定常 = Steady state | 登録済み = Registered | グローバルテック合同会社 = Global Tech LLC | 請求書承認INV-2026-7534 = Invoice Approval INV-2026-7534 | 765,766円 = 765,766 yen | 調整 = adjustment | 登録済み = Registered | 東京電子工業株式会社 = Tokyo Electronics Industry Co., Ltd. | 請求書承認INV-2026-7535 = Invoice Approval INV-2026-7535 | 583,781円 = 583,781 yen | 定常 = Steady state | 登録済み = Registered | 東京電子工業株式会社 = Tokyo Electronics Industry Co., Ltd. | 請求書承認INV-2026-7536 = Invoice Approval INV-2026-7536 | 544,435円 = 544,435 yen | 定常 = Steady state | 登録済み = Registered | 関西物流サービス = Kansai Logistics Service | 請求書承認INV-2026-7537 = Invoice Approval INV-2026-7537 | 2,850,234円 = 2,850,234 yen | 定常 = Steady state | 登録済み = Registered | 関西物流サービス = Kansai Logistics Service | 請求書承認INV-2026-7538 = Invoice Approval INV-2026-7538 | 3,243,130円 = 3,243,130 yen | 定常 = Steady state | 登録済み = ","Financial accounting system Financial accounting system aa rate finance Financial accounting system Fiscal Year 2026 - Accounting Department Naoki Sato, Accounting Manager Sa Financial accounting operations Dashboard Invoice Approval/Expense Reimbursement ● Dashboard Invoice approval and expense reimbursement Invoice Approval and Expense Settlement 12 items, 2 items unprocessed calculation List of items awaiting processing Expense approval (management) Payment processing Employee ID full name classification Amount type status Budget variance analysis Okinawa Logistics Center Invoice Approval INV-2026-7532 310,006 yen adjustment Registered ● Order Management Hokuriku Parts Industry Co., Ltd. Invoice Approval INV-2026-7533 381,332 yen Steady state Registered Global Tech LLC Invoice Approval INV-2026-7534 765,766 yen adjustment Registered Tokyo Electronics Industry Co., Ltd. Invoice Approval INV-2026-7535 583,781 yen Steady state Registered Tokyo Electronics Industry Co., Ltd. Invoice Approval INV-2026-7536 544,435 yen Steady state Registered Kansai Logistics Service Invoice Approval INV-2026-7537 2,850,234 yen Steady state Registered Kansai Logistics Service Invoice Approval INV-2026-7538 3,243,130 yen Steady state Registered Hokuriku Parts Industry Co., Ltd. Invoice Approval INV-2026-7539 453,807 yen Steady state Registered Fukuoka System Design Invoice Approval INV-2026-7540 1,674,594 yen Steady state Registered Yamato Shoji Co., Ltd. Invoice Approval INV-2026-7541 1,289,974 yen adjustment Registered Kansai Logistics Service Invoice Approval INV-2026-7542 3,267,097 yen adjustment Unprocessed Steady-state tivateWind Fukuoka System Design Invoice Approval INV-2026-7543 1,838,678 yen
×HR Human Resources and Payroll System HR (Human Resources and Payroll) System aa same rate human resources HR (Human Resources and Payroll) System FY2026・Human Resources Department 2026/07/01 23:16:09 Mari Tanaka, Human Resources Manager Field Human resources operations Dashboard Employee",/social-insurance,employee id | full name | name | amount | status | type | department | family allowance | social insurance | resident tax | attendance,approve | processing_complete | awaiting_processing | unprocessed,Notepad/text | Word/document,word_assisted,0.9705395013698869
si,maternity_leave,ses_20260701-171614-CHAITANYA0BCF::30,ses_20260701-171614-CHAITANYA0BCF,HR人事給与システム = HR (Human Resources and Payroll) System | aあ A☆ = aa A☆ | 串 = skewer | 人事 = human resources | HR人事給与システム = HR (Human Resources and Payroll) System | 2026年度·人事部門 = FY2026・Human Resources Department | 田 = Field | 人事業務 = Human resources operations | 社員ID = Employee ID | 氏名 = full name | 申請種別 = Application Type | 対象年月 = Target year and month | 詳細 = detail | ● ダッシュボード = ● Dashboard | 清水 祥平 = Shohei Shimizu | 産前産後休暇申請 = Application for maternity leave | 産休中社保免除申請 = Application for exemption from social insurance during maternity leave | 処理完了 = Processing complete | 経費精算·給与変更 = Expense reimbursement and payroll changes | 勤怠・休暇申請 = Attendance and leave application | 清水 祥平 = Shohei Shimizu | 産前産後休暇申請 = Application for maternity leave | 産休中社保免除申請 = Application for exemption from social insurance during maternity leave | 処理完了 = Processing complete | ● 入社手続き = ● Onboarding procedures | 竹内彩子 = Ayako Takeuchi | 住宅手当変更申請 = Application for change of housing allowance | 住居変更に伴う手当改定 = Allowance revision due to change of residence | 処理完了 = Processing complete | 福利厚生申請 = Employee benefits application | 江口さくら = Sakura Eguchi | 育児休業申請 = Application for childcare leave | 育児休業期間中社保免除 = Social insurance exemption during childcare leave | 処理完了 = Processing complete | 住民税・その他 = Resident tax and other taxes | 河野明日香 = Asuka Kono | 家族手当申請 = Family allowance application | 扶養家族追加登録 = Adding dependents | 処理完了 = Processing complete | 菊池 理恵 = Rie Kikuchi | 育児休業申請 = Application for childcare leave | 育児休業期間中社保免除 = Social insurance exemption during childcare leave | 処理待ち = Waiting for processing | 江口さくら = Sakura Eguchi | 住宅手当変更申請 = Application for change of housing allowance | 住居変更に伴う手当改定 = Allowance revision due to change of residence | 処理待ち = Waiting for processing | 坂本裕二 = Yuji Sakamoto | 育児休業申請 = Application for childcare leave | 育児休業期間中社保免除 = Social insurance exemption during childcare leave | 処理待ち = Waiting for processing | 清水 祥平 = Shohei Shimizu | 家族手当申請 = Family allowance applicatio,"HR (Human Resources and Payroll) System aa A☆ skewer human resources HR (Human Resources and Payroll) System FY2026・Human Resources Department Field Human resources operations Employee ID full name Application Type Target year and month detail ● Dashboard Shohei Shimizu Application for maternity leave Application for exemption from social insurance during maternity leave Processing complete Expense reimbursement and payroll changes Attendance and leave application Shohei Shimizu Application for maternity leave Application for exemption from social insurance during maternity leave Processing complete ● Onboarding procedures Ayako Takeuchi Application for change of housing allowance Allowance revision due to change of residence Processing complete Employee benefits application Sakura Eguchi Application for childcare leave Social insurance exemption during childcare leave Processing complete Resident tax and other taxes Asuka Kono Family allowance application Adding dependents Processing complete Rie Kikuchi Application for childcare leave Social insurance exemption during childcare leave Waiting for processing Sakura Eguchi Application for change of housing allowance Allowance revision due to change of residence Waiting for processing Yuji Sakamoto Application for childcare leave Social insurance exemption during childcare leave Waiting for processing Shohei Shimizu Family allowance application Adding dependents Waiting for processing Rie Kikuchi Application for change of housing allowance Allowance revision due to change of residence Waiting for processing Sakura Eguchi Application for caregiving leave Application for Caregiving Leave Benefits Waiting for processing Daiki Ueno Application for caregiving leave Application for Caregiving Leave Benefits Waiting for processing near
HR (Human Resources and Payroll) System aaA human resources HR (Human Resources and Payroll) System FY2026・Human Resources Department Field Human resources operations Employee ID full name App",/social-insurance,employee id | full name | name | status | type | start date | department | health insurance | family allowance | social insurance | resident tax | attendance,processing_complete,Notepad/text | Word/document,word_assisted,0.9691697451827985
si,maternity_leave,ses_20260701-173246-SIDDHIGUPTAB00B::8,ses_20260701-173246-SIDDHIGUPTAB00B,"受発注在庫管理システム = Order and Inventory Management System | aあA = aaA | 率 = rate | 受発 = Receiving/Receiving | 受発注在庫管理システム = Order and Inventory Management System | 2026年度·物流管理部 = 2026・Logistics Management Department | 高橋 健司・物流マネージャー = Kenji Takahashi, Logistics Manager | 高 = high | 申請一覧 = List of applications | 受発注在庫業務 = Order processing and inventory management | ● ダッシュボード = ● Dashboard | 社員ID = Employee ID | 氏名 = full name | 申請種別 = Application Type | 期間・詳細 = Period and details | 部署 = Department | ステータス = status | 在庫管理 = Inventory Management | 北陸部品工業株式会社 = Hokuriku Parts Industry Co., Ltd. | 秘密保持契約(新規締結) = Confidentiality Agreement (New Agreement) | 新規締結 = New agreement | 承認 = approval | ● 契約管理 = ● Contract management | グローバルテック合同会社 = Global Tech LLC | 秘密保持契約(新規締結) = Confidentiality Agreement (New Agreement) | 新規締結 = New agreement | 承認 = approval | 返品処理 = Return processing | ● IT申請 = ● IT application | 大和商事株式会社 = Yamato Shoji Co., Ltd. | 保守委託契約(更新) = Maintenance contract (renewal) | 更新 = update | 処理待ち = Waiting for processing | ● 受注・その他 = ● Orders and other | 北陸部品工業株式会社 = Hokuriku Parts Industry Co., Ltd. | 保守委託契約(更新) = Maintenance contract (renewal) | 更新 = update | 処理待ち = Waiting for processing | 大和商事株式会社 = Yamato Shoji Co., Ltd. | 取引基本契約(新規締結) = Basic Transaction Agreement (New Agreement) | 新規締結 = New agreement | 処理待ち = Waiting for processing | 北陸部品工業株式会社 = Hokuriku Parts Industry Co., Ltd. | 取引基本契約(新規締結) = Basic Transaction Agreement (New Agreement) | 新規締結 = New agreement | 処理待ち = Waiting for processing | 関西物流サービス = Kansai Logistics Service | 取引基本契約(新規締結) = Basic Transaction Agreement (New Agreement) | 新規締結 = New agreement | 処理待ち = Waiting for processing | 大和商事株式会社 = Yamato Shoji Co., Ltd. | 取引基本契約(新規締結) = Basic Transaction Agreement (New Agreement) | 新規締結 = New agreement | 処理待ち = Waiting for processing | 北陸部品工業株式会社 = Hokuriku Parts Industry Co., Ltd. | 業務委託契約(解除) = Outsourcing contract (termination) | 解除 = Cancellation | 処理待ち = Waiting for processing | 大和商事株式会社 = Yam","Order and Inventory Management System aaA rate Receiving/Receiving Order and Inventory Management System 2026・Logistics Management Department Kenji Takahashi, Logistics Manager high List of applications Order processing and inventory management ● Dashboard Employee ID full name Application Type Period and details Department status Inventory Management Hokuriku Parts Industry Co., Ltd. Confidentiality Agreement (New Agreement) New agreement approval ● Contract management Global Tech LLC Confidentiality Agreement (New Agreement) New agreement approval Return processing ● IT application Yamato Shoji Co., Ltd. Maintenance contract (renewal) update Waiting for processing ● Orders and other Hokuriku Parts Industry Co., Ltd. Maintenance contract (renewal) update Waiting for processing Yamato Shoji Co., Ltd. Basic Transaction Agreement (New Agreement) New agreement Waiting for processing Hokuriku Parts Industry Co., Ltd. Basic Transaction Agreement (New Agreement) New agreement Waiting for processing Kansai Logistics Service Basic Transaction Agreement (New Agreement) New agreement Waiting for processing Yamato Shoji Co., Ltd. Basic Transaction Agreement (New Agreement) New agreement Waiting for processing Hokuriku Parts Industry Co., Ltd. Outsourcing contract (termination) Cancellation Waiting for processing Yamato Shoji Co., Ltd. Confidentiality Agreement (New Agreement) New agreement Waiting for processing Tokyo Electronics Industry Co., Ltd. Confidentiality Agreement (New Agreement) New agreement Waiting for processing Waiting for Automated Window Tokyo Electronics Industry Co., Ltd. Sales contract (amendment) P12-07109774-002: Application approved. neck
Ward Ward Contract termination procedure Article 1 (Scope of Application) Contract termination procedure Article 2 (Cancellation Notice) Article 3 (Payment) Article 1 (Scope of Application) Article 4 (Document Storage) Supplementary Provisions This document outlines the procedures necessary for terminating contracts wit",/leave-applications | /social-insurance,employee id | full name | name | status | category | type | department | family allowance | social insurance | resident tax | attendance,approve | processing_complete,Notepad/text | Word/document,word_assisted,0.9492512822077868
si,maternity_leave,ses_20260701-173642-NEELA9BAF::8,ses_20260701-173642-NEELA9BAF,"HR人事給与システム = HR (Human Resources and Payroll) System | HR人事給与システム = HR (Human Resources and Payroll) System | aあ = aa | 人事 = human resources | HR人事給与システム = HR (Human Resources and Payroll) System | 2026年度·人事部門 = FY2026・Human Resources Department | 2026/07/01 23:08:31 田中 麻里・人事マネージャー = 2026/07/01 23:08:31 Mari Tanaka, Human Resources Manager | 田 = Field | 人事業務 = Human resources operations | ダッシュボードノ福利厚生申請 = Dashboard Employee Benefits Application | ● ダッシュボード = ● Dashboard | 福利厚生申請 = Employee benefits application | 経費精算·給与変更 = Expense reimbursement and payroll changes | 12件·12件処理待ち = 12 items - 12 items pending processing | ● 勤怠・休暇申請 = ● Attendance and leave application | 処理一覧 = Processing list | ● 入社手続き = ● Onboarding procedures | 社員ID = Employee ID | 氏名 = full name | 申請種別 = Application Type | 対象年月 = Target year and month | 詳細 = detail | ステータス = status | ● 福利厚生申請 = ● Application for employee benefits | 桐島 涼介 = Ryosuke Kirishima | 住宅手当変更申請 = Application for change of housing allowance | 住居変更に伴う手当改定 = Allowance revision due to change of residence | 処理待ち = Waiting for processing | ● 住民税・その他 = ● Resident tax and other taxes | 岡田 智也 = Tomoya Okada | 家族手当申請 = Family allowance application | 扶養家族追加登録 = Adding dependents | 処理待ち = Waiting for processing | 青木拓也 = Takuya Aoki | 住宅手当変更申請 = Application for change of housing allowance | 住居変更に伴う手当改定 = Allowance revision due to change of residence | 処理待ち = Waiting for processing | 坂本裕二 = Yuji Sakamoto | 育児休業申請 = Application for childcare leave | 育児休業期間中社保免除 = Social insurance exemption during childcare leave | 処理待ち = Waiting for processing | 津田将太 = Shota Tsuda | 産前産後休暇申請 = Application for maternity leave | 産休中社保免除申請 = Application for exemption from social insurance during maternity leave | 処理待ち = Waiting for processing | 坂本裕二 = Yuji Sakamoto | 育児休業申請 = Application for childcare leave | 育児休業期間中社保免除 = Social insurance exemption during childcare leave | 処理待ち = Waiting for processing | 河野明日香 = Asuka Kono | 家族手当申請 = Family allowance applic","HR (Human Resources and Payroll) System HR (Human Resources and Payroll) System aa human resources HR (Human Resources and Payroll) System FY2026・Human Resources Department 2026/07/01 23:08:31 Mari Tanaka, Human Resources Manager Field Human resources operations Dashboard Employee Benefits Application ● Dashboard Employee benefits application Expense reimbursement and payroll changes 12 items - 12 items pending processing ● Attendance and leave application Processing list ● Onboarding procedures Employee ID full name Application Type Target year and month detail status ● Application for employee benefits Ryosuke Kirishima Application for change of housing allowance Allowance revision due to change of residence Waiting for processing ● Resident tax and other taxes Tomoya Okada Family allowance application Adding dependents Waiting for processing Takuya Aoki Application for change of housing allowance Allowance revision due to change of residence Waiting for processing Yuji Sakamoto Application for childcare leave Social insurance exemption during childcare leave Waiting for processing Shota Tsuda Application for maternity leave Application for exemption from social insurance during maternity leave Waiting for processing Yuji Sakamoto Application for childcare leave Social insurance exemption during childcare leave Waiting for processing Asuka Kono Family allowance application Adding dependents Waiting for processing Tomoya Okada Application for caregiving leave Application for Caregiving Leave Benefits Waiting for processing Daiki Ueno Application for childcare leave Social insurance exemption during childcare leave Waiting for processing Tomoya Okada Family allowance application Adding dependents Waiting for processing Kenichi Toyama Application for caregiving leave Application for Caregiving Leave Benefits Waiting for processing Ryosuke Kirishima Application for change of housing allowance Allowance revision due to change of residence two xum
HR (Human Resources an",/social-insurance,employee id | full name | name | status | type | department | family allowance | social insurance | resident tax | attendance,processing_complete,Notepad/text,notepad_assisted,0.9720300114129723
si,maternity_leave,ses_20260701-173642-NEELA9BAF::39,ses_20260701-173642-NEELA9BAF,"財務会計システム = Financial accounting system | 財務会計システム = Financial accounting system | aあ = aa | 率 = rate | 財務 = finance | 財務会計システム = Financial accounting system | 2026年度·経理部門 = Fiscal Year 2026 - Accounting Department | 佐藤 直樹・経理マネージャー = Naoki Sato, Accounting Manager | 佐 = Sa | 財務会計業務 = Financial accounting operations | ダッシュボードノ請求書承認・経費精算 = Dashboard Invoice Approval/Expense Reimbursement | ● ダッシュボード = ● Dashboard | 請求書承認・経費精算 = Invoice approval and expense reimbursement | 請求書承認・経費精 = Invoice Approval and Expense Settlement | 12件·2件未処理 = 12 items, 2 items unprocessed | 算 = calculation | 処理待ち一覧 = List of items awaiting processing | 経費承認（管理職) = Expense approval (management) | 支払処理 = Payment processing | 社員ID = Employee ID | 氏名 = full name | 区分 = classification | 金額 = Amount | 種別 = type | ステータス = status | 予算差異分析 = Budget variance analysis | 沖縄物流センター = Okinawa Logistics Center | 請求書承認INV-2026-7532 = Invoice Approval INV-2026-7532 | 310,006円 = 310,006 yen | 調整 = adjustment | 登録済み = Registered | ● 発注管理 = ● Order Management | 北陸部品工業株式会社 = Hokuriku Parts Industry Co., Ltd. | 請求書承認INV-2026-7533 = Invoice Approval INV-2026-7533 | 381,332円 = 381,332 yen | 定常 = Steady state | 登録済み = Registered | グローバルテック合同会社 = Global Tech LLC | 請求書承認INV-2026-7534 = Invoice Approval INV-2026-7534 | 765,766円 = 765,766 yen | 調整 = adjustment | 登録済み = Registered | 東京電子工業株式会社 = Tokyo Electronics Industry Co., Ltd. | 請求書承認INV-2026-7535 = Invoice Approval INV-2026-7535 | 583,781円 = 583,781 yen | 定常 = Steady state | 登録済み = Registered | 東京電子工業株式会社 = Tokyo Electronics Industry Co., Ltd. | 請求書承認INV-2026-7536 = Invoice Approval INV-2026-7536 | 544,435円 = 544,435 yen | 定常 = Steady state | 登録済み = Registered | 関西物流サービス = Kansai Logistics Service | 請求書承認INV-2026-7537 = Invoice Approval INV-2026-7537 | 2,850,234円 = 2,850,234 yen | 定常 = Steady state | 登録済み = Registered | 関西物流サービス = Kansai Logistics Service | 請求書承認INV-2026-7538 = Invoice Approval INV-2026-7538 | 3,243,130円 = 3,243,130 yen | 定常 = Steady state | 登録済み = ","Financial accounting system Financial accounting system aa rate finance Financial accounting system Fiscal Year 2026 - Accounting Department Naoki Sato, Accounting Manager Sa Financial accounting operations Dashboard Invoice Approval/Expense Reimbursement ● Dashboard Invoice approval and expense reimbursement Invoice Approval and Expense Settlement 12 items, 2 items unprocessed calculation List of items awaiting processing Expense approval (management) Payment processing Employee ID full name classification Amount type status Budget variance analysis Okinawa Logistics Center Invoice Approval INV-2026-7532 310,006 yen adjustment Registered ● Order Management Hokuriku Parts Industry Co., Ltd. Invoice Approval INV-2026-7533 381,332 yen Steady state Registered Global Tech LLC Invoice Approval INV-2026-7534 765,766 yen adjustment Registered Tokyo Electronics Industry Co., Ltd. Invoice Approval INV-2026-7535 583,781 yen Steady state Registered Tokyo Electronics Industry Co., Ltd. Invoice Approval INV-2026-7536 544,435 yen Steady state Registered Kansai Logistics Service Invoice Approval INV-2026-7537 2,850,234 yen Steady state Registered Kansai Logistics Service Invoice Approval INV-2026-7538 3,243,130 yen Steady state Registered Hokuriku Parts Industry Co., Ltd. Invoice Approval INV-2026-7539 453,807 yen Steady state Registered Fukuoka System Design Invoice Approval INV-2026-7540 1,674,594 yen Steady state Registered Yamato Shoji Co., Ltd. Invoice Approval INV-2026-7541 1,289,974 yen adjustment Registered Kansai Logistics Service Invoice Approval INV-2026-7542 3,267,097 yen adjustment Unprocessed Steady-state tivateWind Fukuoka System Design Invoice Approval INV-2026-7543 1,838,678 yen
×HR Human Resources and Payroll System HR (Human Resources and Payroll) System aa same rate human resources HR (Human Resources and Payroll) System FY2026・Human Resources Department 2026/07/01 23:16:09 Mari Tanaka, Human Resources Manager Field Human resources operations Dashboard Employee",/social-insurance,employee id | full name | name | amount | status | type | department | family allowance | social insurance | resident tax | attendance,approve | processing_complete | awaiting_processing | unprocessed,Notepad/text | Word/document,word_assisted,0.9705395013698869
si,childcare_leave,ses_20260701-171614-CHAITANYA0BCF::30,ses_20260701-171614-CHAITANYA0BCF,HR人事給与システム = HR (Human Resources and Payroll) System | aあ A☆ = aa A☆ | 串 = skewer | 人事 = human resources | HR人事給与システム = HR (Human Resources and Payroll) System | 2026年度·人事部門 = FY2026・Human Resources Department | 田 = Field | 人事業務 = Human resources operations | 社員ID = Employee ID | 氏名 = full name | 申請種別 = Application Type | 対象年月 = Target year and month | 詳細 = detail | ● ダッシュボード = ● Dashboard | 清水 祥平 = Shohei Shimizu | 産前産後休暇申請 = Application for maternity leave | 産休中社保免除申請 = Application for exemption from social insurance during maternity leave | 処理完了 = Processing complete | 経費精算·給与変更 = Expense reimbursement and payroll changes | 勤怠・休暇申請 = Attendance and leave application | 清水 祥平 = Shohei Shimizu | 産前産後休暇申請 = Application for maternity leave | 産休中社保免除申請 = Application for exemption from social insurance during maternity leave | 処理完了 = Processing complete | ● 入社手続き = ● Onboarding procedures | 竹内彩子 = Ayako Takeuchi | 住宅手当変更申請 = Application for change of housing allowance | 住居変更に伴う手当改定 = Allowance revision due to change of residence | 処理完了 = Processing complete | 福利厚生申請 = Employee benefits application | 江口さくら = Sakura Eguchi | 育児休業申請 = Application for childcare leave | 育児休業期間中社保免除 = Social insurance exemption during childcare leave | 処理完了 = Processing complete | 住民税・その他 = Resident tax and other taxes | 河野明日香 = Asuka Kono | 家族手当申請 = Family allowance application | 扶養家族追加登録 = Adding dependents | 処理完了 = Processing complete | 菊池 理恵 = Rie Kikuchi | 育児休業申請 = Application for childcare leave | 育児休業期間中社保免除 = Social insurance exemption during childcare leave | 処理待ち = Waiting for processing | 江口さくら = Sakura Eguchi | 住宅手当変更申請 = Application for change of housing allowance | 住居変更に伴う手当改定 = Allowance revision due to change of residence | 処理待ち = Waiting for processing | 坂本裕二 = Yuji Sakamoto | 育児休業申請 = Application for childcare leave | 育児休業期間中社保免除 = Social insurance exemption during childcare leave | 処理待ち = Waiting for processing | 清水 祥平 = Shohei Shimizu | 家族手当申請 = Family allowance applicatio,"HR (Human Resources and Payroll) System aa A☆ skewer human resources HR (Human Resources and Payroll) System FY2026・Human Resources Department Field Human resources operations Employee ID full name Application Type Target year and month detail ● Dashboard Shohei Shimizu Application for maternity leave Application for exemption from social insurance during maternity leave Processing complete Expense reimbursement and payroll changes Attendance and leave application Shohei Shimizu Application for maternity leave Application for exemption from social insurance during maternity leave Processing complete ● Onboarding procedures Ayako Takeuchi Application for change of housing allowance Allowance revision due to change of residence Processing complete Employee benefits application Sakura Eguchi Application for childcare leave Social insurance exemption during childcare leave Processing complete Resident tax and other taxes Asuka Kono Family allowance application Adding dependents Processing complete Rie Kikuchi Application for childcare leave Social insurance exemption during childcare leave Waiting for processing Sakura Eguchi Application for change of housing allowance Allowance revision due to change of residence Waiting for processing Yuji Sakamoto Application for childcare leave Social insurance exemption during childcare leave Waiting for processing Shohei Shimizu Family allowance application Adding dependents Waiting for processing Rie Kikuchi Application for change of housing allowance Allowance revision due to change of residence Waiting for processing Sakura Eguchi Application for caregiving leave Application for Caregiving Leave Benefits Waiting for processing Daiki Ueno Application for caregiving leave Application for Caregiving Leave Benefits Waiting for processing near
HR (Human Resources and Payroll) System aaA human resources HR (Human Resources and Payroll) System FY2026・Human Resources Department Field Human resources operations Employee ID full name App",/social-insurance,employee id | full name | name | status | type | start date | department | health insurance | family allowance | social insurance | resident tax | attendance,processing_complete,Notepad/text | Word/document,word_assisted,0.9691697451827985
si,childcare_leave,ses_20260701-173246-SIDDHIGUPTAB00B::8,ses_20260701-173246-SIDDHIGUPTAB00B,"受発注在庫管理システム = Order and Inventory Management System | aあA = aaA | 率 = rate | 受発 = Receiving/Receiving | 受発注在庫管理システム = Order and Inventory Management System | 2026年度·物流管理部 = 2026・Logistics Management Department | 高橋 健司・物流マネージャー = Kenji Takahashi, Logistics Manager | 高 = high | 申請一覧 = List of applications | 受発注在庫業務 = Order processing and inventory management | ● ダッシュボード = ● Dashboard | 社員ID = Employee ID | 氏名 = full name | 申請種別 = Application Type | 期間・詳細 = Period and details | 部署 = Department | ステータス = status | 在庫管理 = Inventory Management | 北陸部品工業株式会社 = Hokuriku Parts Industry Co., Ltd. | 秘密保持契約(新規締結) = Confidentiality Agreement (New Agreement) | 新規締結 = New agreement | 承認 = approval | ● 契約管理 = ● Contract management | グローバルテック合同会社 = Global Tech LLC | 秘密保持契約(新規締結) = Confidentiality Agreement (New Agreement) | 新規締結 = New agreement | 承認 = approval | 返品処理 = Return processing | ● IT申請 = ● IT application | 大和商事株式会社 = Yamato Shoji Co., Ltd. | 保守委託契約(更新) = Maintenance contract (renewal) | 更新 = update | 処理待ち = Waiting for processing | ● 受注・その他 = ● Orders and other | 北陸部品工業株式会社 = Hokuriku Parts Industry Co., Ltd. | 保守委託契約(更新) = Maintenance contract (renewal) | 更新 = update | 処理待ち = Waiting for processing | 大和商事株式会社 = Yamato Shoji Co., Ltd. | 取引基本契約(新規締結) = Basic Transaction Agreement (New Agreement) | 新規締結 = New agreement | 処理待ち = Waiting for processing | 北陸部品工業株式会社 = Hokuriku Parts Industry Co., Ltd. | 取引基本契約(新規締結) = Basic Transaction Agreement (New Agreement) | 新規締結 = New agreement | 処理待ち = Waiting for processing | 関西物流サービス = Kansai Logistics Service | 取引基本契約(新規締結) = Basic Transaction Agreement (New Agreement) | 新規締結 = New agreement | 処理待ち = Waiting for processing | 大和商事株式会社 = Yamato Shoji Co., Ltd. | 取引基本契約(新規締結) = Basic Transaction Agreement (New Agreement) | 新規締結 = New agreement | 処理待ち = Waiting for processing | 北陸部品工業株式会社 = Hokuriku Parts Industry Co., Ltd. | 業務委託契約(解除) = Outsourcing contract (termination) | 解除 = Cancellation | 処理待ち = Waiting for processing | 大和商事株式会社 = Yam","Order and Inventory Management System aaA rate Receiving/Receiving Order and Inventory Management System 2026・Logistics Management Department Kenji Takahashi, Logistics Manager high List of applications Order processing and inventory management ● Dashboard Employee ID full name Application Type Period and details Department status Inventory Management Hokuriku Parts Industry Co., Ltd. Confidentiality Agreement (New Agreement) New agreement approval ● Contract management Global Tech LLC Confidentiality Agreement (New Agreement) New agreement approval Return processing ● IT application Yamato Shoji Co., Ltd. Maintenance contract (renewal) update Waiting for processing ● Orders and other Hokuriku Parts Industry Co., Ltd. Maintenance contract (renewal) update Waiting for processing Yamato Shoji Co., Ltd. Basic Transaction Agreement (New Agreement) New agreement Waiting for processing Hokuriku Parts Industry Co., Ltd. Basic Transaction Agreement (New Agreement) New agreement Waiting for processing Kansai Logistics Service Basic Transaction Agreement (New Agreement) New agreement Waiting for processing Yamato Shoji Co., Ltd. Basic Transaction Agreement (New Agreement) New agreement Waiting for processing Hokuriku Parts Industry Co., Ltd. Outsourcing contract (termination) Cancellation Waiting for processing Yamato Shoji Co., Ltd. Confidentiality Agreement (New Agreement) New agreement Waiting for processing Tokyo Electronics Industry Co., Ltd. Confidentiality Agreement (New Agreement) New agreement Waiting for processing Waiting for Automated Window Tokyo Electronics Industry Co., Ltd. Sales contract (amendment) P12-07109774-002: Application approved. neck
Ward Ward Contract termination procedure Article 1 (Scope of Application) Contract termination procedure Article 2 (Cancellation Notice) Article 3 (Payment) Article 1 (Scope of Application) Article 4 (Document Storage) Supplementary Provisions This document outlines the procedures necessary for terminating contracts wit",/leave-applications | /social-insurance,employee id | full name | name | status | category | type | department | family allowance | social insurance | resident tax | attendance,approve | processing_complete,Notepad/text | Word/document,word_assisted,0.9492512822077868
si,childcare_leave,ses_20260701-173642-NEELA9BAF::8,ses_20260701-173642-NEELA9BAF,"HR人事給与システム = HR (Human Resources and Payroll) System | HR人事給与システム = HR (Human Resources and Payroll) System | aあ = aa | 人事 = human resources | HR人事給与システム = HR (Human Resources and Payroll) System | 2026年度·人事部門 = FY2026・Human Resources Department | 2026/07/01 23:08:31 田中 麻里・人事マネージャー = 2026/07/01 23:08:31 Mari Tanaka, Human Resources Manager | 田 = Field | 人事業務 = Human resources operations | ダッシュボードノ福利厚生申請 = Dashboard Employee Benefits Application | ● ダッシュボード = ● Dashboard | 福利厚生申請 = Employee benefits application | 経費精算·給与変更 = Expense reimbursement and payroll changes | 12件·12件処理待ち = 12 items - 12 items pending processing | ● 勤怠・休暇申請 = ● Attendance and leave application | 処理一覧 = Processing list | ● 入社手続き = ● Onboarding procedures | 社員ID = Employee ID | 氏名 = full name | 申請種別 = Application Type | 対象年月 = Target year and month | 詳細 = detail | ステータス = status | ● 福利厚生申請 = ● Application for employee benefits | 桐島 涼介 = Ryosuke Kirishima | 住宅手当変更申請 = Application for change of housing allowance | 住居変更に伴う手当改定 = Allowance revision due to change of residence | 処理待ち = Waiting for processing | ● 住民税・その他 = ● Resident tax and other taxes | 岡田 智也 = Tomoya Okada | 家族手当申請 = Family allowance application | 扶養家族追加登録 = Adding dependents | 処理待ち = Waiting for processing | 青木拓也 = Takuya Aoki | 住宅手当変更申請 = Application for change of housing allowance | 住居変更に伴う手当改定 = Allowance revision due to change of residence | 処理待ち = Waiting for processing | 坂本裕二 = Yuji Sakamoto | 育児休業申請 = Application for childcare leave | 育児休業期間中社保免除 = Social insurance exemption during childcare leave | 処理待ち = Waiting for processing | 津田将太 = Shota Tsuda | 産前産後休暇申請 = Application for maternity leave | 産休中社保免除申請 = Application for exemption from social insurance during maternity leave | 処理待ち = Waiting for processing | 坂本裕二 = Yuji Sakamoto | 育児休業申請 = Application for childcare leave | 育児休業期間中社保免除 = Social insurance exemption during childcare leave | 処理待ち = Waiting for processing | 河野明日香 = Asuka Kono | 家族手当申請 = Family allowance applic","HR (Human Resources and Payroll) System HR (Human Resources and Payroll) System aa human resources HR (Human Resources and Payroll) System FY2026・Human Resources Department 2026/07/01 23:08:31 Mari Tanaka, Human Resources Manager Field Human resources operations Dashboard Employee Benefits Application ● Dashboard Employee benefits application Expense reimbursement and payroll changes 12 items - 12 items pending processing ● Attendance and leave application Processing list ● Onboarding procedures Employee ID full name Application Type Target year and month detail status ● Application for employee benefits Ryosuke Kirishima Application for change of housing allowance Allowance revision due to change of residence Waiting for processing ● Resident tax and other taxes Tomoya Okada Family allowance application Adding dependents Waiting for processing Takuya Aoki Application for change of housing allowance Allowance revision due to change of residence Waiting for processing Yuji Sakamoto Application for childcare leave Social insurance exemption during childcare leave Waiting for processing Shota Tsuda Application for maternity leave Application for exemption from social insurance during maternity leave Waiting for processing Yuji Sakamoto Application for childcare leave Social insurance exemption during childcare leave Waiting for processing Asuka Kono Family allowance application Adding dependents Waiting for processing Tomoya Okada Application for caregiving leave Application for Caregiving Leave Benefits Waiting for processing Daiki Ueno Application for childcare leave Social insurance exemption during childcare leave Waiting for processing Tomoya Okada Family allowance application Adding dependents Waiting for processing Kenichi Toyama Application for caregiving leave Application for Caregiving Leave Benefits Waiting for processing Ryosuke Kirishima Application for change of housing allowance Allowance revision due to change of residence two xum
HR (Human Resources an",/social-insurance,employee id | full name | name | status | type | department | family allowance | social insurance | resident tax | attendance,processing_complete,Notepad/text,notepad_assisted,0.9720300114129723
si,childcare_leave,ses_20260701-173642-NEELA9BAF::39,ses_20260701-173642-NEELA9BAF,"財務会計システム = Financial accounting system | 財務会計システム = Financial accounting system | aあ = aa | 率 = rate | 財務 = finance | 財務会計システム = Financial accounting system | 2026年度·経理部門 = Fiscal Year 2026 - Accounting Department | 佐藤 直樹・経理マネージャー = Naoki Sato, Accounting Manager | 佐 = Sa | 財務会計業務 = Financial accounting operations | ダッシュボードノ請求書承認・経費精算 = Dashboard Invoice Approval/Expense Reimbursement | ● ダッシュボード = ● Dashboard | 請求書承認・経費精算 = Invoice approval and expense reimbursement | 請求書承認・経費精 = Invoice Approval and Expense Settlement | 12件·2件未処理 = 12 items, 2 items unprocessed | 算 = calculation | 処理待ち一覧 = List of items awaiting processing | 経費承認（管理職) = Expense approval (management) | 支払処理 = Payment processing | 社員ID = Employee ID | 氏名 = full name | 区分 = classification | 金額 = Amount | 種別 = type | ステータス = status | 予算差異分析 = Budget variance analysis | 沖縄物流センター = Okinawa Logistics Center | 請求書承認INV-2026-7532 = Invoice Approval INV-2026-7532 | 310,006円 = 310,006 yen | 調整 = adjustment | 登録済み = Registered | ● 発注管理 = ● Order Management | 北陸部品工業株式会社 = Hokuriku Parts Industry Co., Ltd. | 請求書承認INV-2026-7533 = Invoice Approval INV-2026-7533 | 381,332円 = 381,332 yen | 定常 = Steady state | 登録済み = Registered | グローバルテック合同会社 = Global Tech LLC | 請求書承認INV-2026-7534 = Invoice Approval INV-2026-7534 | 765,766円 = 765,766 yen | 調整 = adjustment | 登録済み = Registered | 東京電子工業株式会社 = Tokyo Electronics Industry Co., Ltd. | 請求書承認INV-2026-7535 = Invoice Approval INV-2026-7535 | 583,781円 = 583,781 yen | 定常 = Steady state | 登録済み = Registered | 東京電子工業株式会社 = Tokyo Electronics Industry Co., Ltd. | 請求書承認INV-2026-7536 = Invoice Approval INV-2026-7536 | 544,435円 = 544,435 yen | 定常 = Steady state | 登録済み = Registered | 関西物流サービス = Kansai Logistics Service | 請求書承認INV-2026-7537 = Invoice Approval INV-2026-7537 | 2,850,234円 = 2,850,234 yen | 定常 = Steady state | 登録済み = Registered | 関西物流サービス = Kansai Logistics Service | 請求書承認INV-2026-7538 = Invoice Approval INV-2026-7538 | 3,243,130円 = 3,243,130 yen | 定常 = Steady state | 登録済み = ","Financial accounting system Financial accounting system aa rate finance Financial accounting system Fiscal Year 2026 - Accounting Department Naoki Sato, Accounting Manager Sa Financial accounting operations Dashboard Invoice Approval/Expense Reimbursement ● Dashboard Invoice approval and expense reimbursement Invoice Approval and Expense Settlement 12 items, 2 items unprocessed calculation List of items awaiting processing Expense approval (management) Payment processing Employee ID full name classification Amount type status Budget variance analysis Okinawa Logistics Center Invoice Approval INV-2026-7532 310,006 yen adjustment Registered ● Order Management Hokuriku Parts Industry Co., Ltd. Invoice Approval INV-2026-7533 381,332 yen Steady state Registered Global Tech LLC Invoice Approval INV-2026-7534 765,766 yen adjustment Registered Tokyo Electronics Industry Co., Ltd. Invoice Approval INV-2026-7535 583,781 yen Steady state Registered Tokyo Electronics Industry Co., Ltd. Invoice Approval INV-2026-7536 544,435 yen Steady state Registered Kansai Logistics Service Invoice Approval INV-2026-7537 2,850,234 yen Steady state Registered Kansai Logistics Service Invoice Approval INV-2026-7538 3,243,130 yen Steady state Registered Hokuriku Parts Industry Co., Ltd. Invoice Approval INV-2026-7539 453,807 yen Steady state Registered Fukuoka System Design Invoice Approval INV-2026-7540 1,674,594 yen Steady state Registered Yamato Shoji Co., Ltd. Invoice Approval INV-2026-7541 1,289,974 yen adjustment Registered Kansai Logistics Service Invoice Approval INV-2026-7542 3,267,097 yen adjustment Unprocessed Steady-state tivateWind Fukuoka System Design Invoice Approval INV-2026-7543 1,838,678 yen
×HR Human Resources and Payroll System HR (Human Resources and Payroll) System aa same rate human resources HR (Human Resources and Payroll) System FY2026・Human Resources Department 2026/07/01 23:16:09 Mari Tanaka, Human Resources Manager Field Human resources operations Dashboard Employee",/social-insurance,employee id | full name | name | amount | status | type | department | family allowance | social insurance | resident tax | attendance,approve | processing_complete | awaiting_processing | unprocessed,Notepad/text | Word/document,word_assisted,0.9705395013698869
si,insurance_exemption,ses_20260701-171614-CHAITANYA0BCF::30,ses_20260701-171614-CHAITANYA0BCF,HR人事給与システム = HR (Human Resources and Payroll) System | aあ A☆ = aa A☆ | 串 = skewer | 人事 = human resources | HR人事給与システム = HR (Human Resources and Payroll) System | 2026年度·人事部門 = FY2026・Human Resources Department | 田 = Field | 人事業務 = Human resources operations | 社員ID = Employee ID | 氏名 = full name | 申請種別 = Application Type | 対象年月 = Target year and month | 詳細 = detail | ● ダッシュボード = ● Dashboard | 清水 祥平 = Shohei Shimizu | 産前産後休暇申請 = Application for maternity leave | 産休中社保免除申請 = Application for exemption from social insurance during maternity leave | 処理完了 = Processing complete | 経費精算·給与変更 = Expense reimbursement and payroll changes | 勤怠・休暇申請 = Attendance and leave application | 清水 祥平 = Shohei Shimizu | 産前産後休暇申請 = Application for maternity leave | 産休中社保免除申請 = Application for exemption from social insurance during maternity leave | 処理完了 = Processing complete | ● 入社手続き = ● Onboarding procedures | 竹内彩子 = Ayako Takeuchi | 住宅手当変更申請 = Application for change of housing allowance | 住居変更に伴う手当改定 = Allowance revision due to change of residence | 処理完了 = Processing complete | 福利厚生申請 = Employee benefits application | 江口さくら = Sakura Eguchi | 育児休業申請 = Application for childcare leave | 育児休業期間中社保免除 = Social insurance exemption during childcare leave | 処理完了 = Processing complete | 住民税・その他 = Resident tax and other taxes | 河野明日香 = Asuka Kono | 家族手当申請 = Family allowance application | 扶養家族追加登録 = Adding dependents | 処理完了 = Processing complete | 菊池 理恵 = Rie Kikuchi | 育児休業申請 = Application for childcare leave | 育児休業期間中社保免除 = Social insurance exemption during childcare leave | 処理待ち = Waiting for processing | 江口さくら = Sakura Eguchi | 住宅手当変更申請 = Application for change of housing allowance | 住居変更に伴う手当改定 = Allowance revision due to change of residence | 処理待ち = Waiting for processing | 坂本裕二 = Yuji Sakamoto | 育児休業申請 = Application for childcare leave | 育児休業期間中社保免除 = Social insurance exemption during childcare leave | 処理待ち = Waiting for processing | 清水 祥平 = Shohei Shimizu | 家族手当申請 = Family allowance applicatio,"HR (Human Resources and Payroll) System aa A☆ skewer human resources HR (Human Resources and Payroll) System FY2026・Human Resources Department Field Human resources operations Employee ID full name Application Type Target year and month detail ● Dashboard Shohei Shimizu Application for maternity leave Application for exemption from social insurance during maternity leave Processing complete Expense reimbursement and payroll changes Attendance and leave application Shohei Shimizu Application for maternity leave Application for exemption from social insurance during maternity leave Processing complete ● Onboarding procedures Ayako Takeuchi Application for change of housing allowance Allowance revision due to change of residence Processing complete Employee benefits application Sakura Eguchi Application for childcare leave Social insurance exemption during childcare leave Processing complete Resident tax and other taxes Asuka Kono Family allowance application Adding dependents Processing complete Rie Kikuchi Application for childcare leave Social insurance exemption during childcare leave Waiting for processing Sakura Eguchi Application for change of housing allowance Allowance revision due to change of residence Waiting for processing Yuji Sakamoto Application for childcare leave Social insurance exemption during childcare leave Waiting for processing Shohei Shimizu Family allowance application Adding dependents Waiting for processing Rie Kikuchi Application for change of housing allowance Allowance revision due to change of residence Waiting for processing Sakura Eguchi Application for caregiving leave Application for Caregiving Leave Benefits Waiting for processing Daiki Ueno Application for caregiving leave Application for Caregiving Leave Benefits Waiting for processing near
HR (Human Resources and Payroll) System aaA human resources HR (Human Resources and Payroll) System FY2026・Human Resources Department Field Human resources operations Employee ID full name App",/social-insurance,employee id | full name | name | status | type | start date | department | health insurance | family allowance | social insurance | resident tax | attendance,processing_complete,Notepad/text | Word/document,word_assisted,0.9691697451827985
si,insurance_exemption,ses_20260701-173246-SIDDHIGUPTAB00B::8,ses_20260701-173246-SIDDHIGUPTAB00B,"受発注在庫管理システム = Order and Inventory Management System | aあA = aaA | 率 = rate | 受発 = Receiving/Receiving | 受発注在庫管理システム = Order and Inventory Management System | 2026年度·物流管理部 = 2026・Logistics Management Department | 高橋 健司・物流マネージャー = Kenji Takahashi, Logistics Manager | 高 = high | 申請一覧 = List of applications | 受発注在庫業務 = Order processing and inventory management | ● ダッシュボード = ● Dashboard | 社員ID = Employee ID | 氏名 = full name | 申請種別 = Application Type | 期間・詳細 = Period and details | 部署 = Department | ステータス = status | 在庫管理 = Inventory Management | 北陸部品工業株式会社 = Hokuriku Parts Industry Co., Ltd. | 秘密保持契約(新規締結) = Confidentiality Agreement (New Agreement) | 新規締結 = New agreement | 承認 = approval | ● 契約管理 = ● Contract management | グローバルテック合同会社 = Global Tech LLC | 秘密保持契約(新規締結) = Confidentiality Agreement (New Agreement) | 新規締結 = New agreement | 承認 = approval | 返品処理 = Return processing | ● IT申請 = ● IT application | 大和商事株式会社 = Yamato Shoji Co., Ltd. | 保守委託契約(更新) = Maintenance contract (renewal) | 更新 = update | 処理待ち = Waiting for processing | ● 受注・その他 = ● Orders and other | 北陸部品工業株式会社 = Hokuriku Parts Industry Co., Ltd. | 保守委託契約(更新) = Maintenance contract (renewal) | 更新 = update | 処理待ち = Waiting for processing | 大和商事株式会社 = Yamato Shoji Co., Ltd. | 取引基本契約(新規締結) = Basic Transaction Agreement (New Agreement) | 新規締結 = New agreement | 処理待ち = Waiting for processing | 北陸部品工業株式会社 = Hokuriku Parts Industry Co., Ltd. | 取引基本契約(新規締結) = Basic Transaction Agreement (New Agreement) | 新規締結 = New agreement | 処理待ち = Waiting for processing | 関西物流サービス = Kansai Logistics Service | 取引基本契約(新規締結) = Basic Transaction Agreement (New Agreement) | 新規締結 = New agreement | 処理待ち = Waiting for processing | 大和商事株式会社 = Yamato Shoji Co., Ltd. | 取引基本契約(新規締結) = Basic Transaction Agreement (New Agreement) | 新規締結 = New agreement | 処理待ち = Waiting for processing | 北陸部品工業株式会社 = Hokuriku Parts Industry Co., Ltd. | 業務委託契約(解除) = Outsourcing contract (termination) | 解除 = Cancellation | 処理待ち = Waiting for processing | 大和商事株式会社 = Yam","Order and Inventory Management System aaA rate Receiving/Receiving Order and Inventory Management System 2026・Logistics Management Department Kenji Takahashi, Logistics Manager high List of applications Order processing and inventory management ● Dashboard Employee ID full name Application Type Period and details Department status Inventory Management Hokuriku Parts Industry Co., Ltd. Confidentiality Agreement (New Agreement) New agreement approval ● Contract management Global Tech LLC Confidentiality Agreement (New Agreement) New agreement approval Return processing ● IT application Yamato Shoji Co., Ltd. Maintenance contract (renewal) update Waiting for processing ● Orders and other Hokuriku Parts Industry Co., Ltd. Maintenance contract (renewal) update Waiting for processing Yamato Shoji Co., Ltd. Basic Transaction Agreement (New Agreement) New agreement Waiting for processing Hokuriku Parts Industry Co., Ltd. Basic Transaction Agreement (New Agreement) New agreement Waiting for processing Kansai Logistics Service Basic Transaction Agreement (New Agreement) New agreement Waiting for processing Yamato Shoji Co., Ltd. Basic Transaction Agreement (New Agreement) New agreement Waiting for processing Hokuriku Parts Industry Co., Ltd. Outsourcing contract (termination) Cancellation Waiting for processing Yamato Shoji Co., Ltd. Confidentiality Agreement (New Agreement) New agreement Waiting for processing Tokyo Electronics Industry Co., Ltd. Confidentiality Agreement (New Agreement) New agreement Waiting for processing Waiting for Automated Window Tokyo Electronics Industry Co., Ltd. Sales contract (amendment) P12-07109774-002: Application approved. neck
Ward Ward Contract termination procedure Article 1 (Scope of Application) Contract termination procedure Article 2 (Cancellation Notice) Article 3 (Payment) Article 1 (Scope of Application) Article 4 (Document Storage) Supplementary Provisions This document outlines the procedures necessary for terminating contracts wit",/leave-applications | /social-insurance,employee id | full name | name | status | category | type | department | family allowance | social insurance | resident tax | attendance,approve | processing_complete,Notepad/text | Word/document,word_assisted,0.9492512822077868
si,insurance_exemption,ses_20260701-173642-NEELA9BAF::8,ses_20260701-173642-NEELA9BAF,"HR人事給与システム = HR (Human Resources and Payroll) System | HR人事給与システム = HR (Human Resources and Payroll) System | aあ = aa | 人事 = human resources | HR人事給与システム = HR (Human Resources and Payroll) System | 2026年度·人事部門 = FY2026・Human Resources Department | 2026/07/01 23:08:31 田中 麻里・人事マネージャー = 2026/07/01 23:08:31 Mari Tanaka, Human Resources Manager | 田 = Field | 人事業務 = Human resources operations | ダッシュボードノ福利厚生申請 = Dashboard Employee Benefits Application | ● ダッシュボード = ● Dashboard | 福利厚生申請 = Employee benefits application | 経費精算·給与変更 = Expense reimbursement and payroll changes | 12件·12件処理待ち = 12 items - 12 items pending processing | ● 勤怠・休暇申請 = ● Attendance and leave application | 処理一覧 = Processing list | ● 入社手続き = ● Onboarding procedures | 社員ID = Employee ID | 氏名 = full name | 申請種別 = Application Type | 対象年月 = Target year and month | 詳細 = detail | ステータス = status | ● 福利厚生申請 = ● Application for employee benefits | 桐島 涼介 = Ryosuke Kirishima | 住宅手当変更申請 = Application for change of housing allowance | 住居変更に伴う手当改定 = Allowance revision due to change of residence | 処理待ち = Waiting for processing | ● 住民税・その他 = ● Resident tax and other taxes | 岡田 智也 = Tomoya Okada | 家族手当申請 = Family allowance application | 扶養家族追加登録 = Adding dependents | 処理待ち = Waiting for processing | 青木拓也 = Takuya Aoki | 住宅手当変更申請 = Application for change of housing allowance | 住居変更に伴う手当改定 = Allowance revision due to change of residence | 処理待ち = Waiting for processing | 坂本裕二 = Yuji Sakamoto | 育児休業申請 = Application for childcare leave | 育児休業期間中社保免除 = Social insurance exemption during childcare leave | 処理待ち = Waiting for processing | 津田将太 = Shota Tsuda | 産前産後休暇申請 = Application for maternity leave | 産休中社保免除申請 = Application for exemption from social insurance during maternity leave | 処理待ち = Waiting for processing | 坂本裕二 = Yuji Sakamoto | 育児休業申請 = Application for childcare leave | 育児休業期間中社保免除 = Social insurance exemption during childcare leave | 処理待ち = Waiting for processing | 河野明日香 = Asuka Kono | 家族手当申請 = Family allowance applic","HR (Human Resources and Payroll) System HR (Human Resources and Payroll) System aa human resources HR (Human Resources and Payroll) System FY2026・Human Resources Department 2026/07/01 23:08:31 Mari Tanaka, Human Resources Manager Field Human resources operations Dashboard Employee Benefits Application ● Dashboard Employee benefits application Expense reimbursement and payroll changes 12 items - 12 items pending processing ● Attendance and leave application Processing list ● Onboarding procedures Employee ID full name Application Type Target year and month detail status ● Application for employee benefits Ryosuke Kirishima Application for change of housing allowance Allowance revision due to change of residence Waiting for processing ● Resident tax and other taxes Tomoya Okada Family allowance application Adding dependents Waiting for processing Takuya Aoki Application for change of housing allowance Allowance revision due to change of residence Waiting for processing Yuji Sakamoto Application for childcare leave Social insurance exemption during childcare leave Waiting for processing Shota Tsuda Application for maternity leave Application for exemption from social insurance during maternity leave Waiting for processing Yuji Sakamoto Application for childcare leave Social insurance exemption during childcare leave Waiting for processing Asuka Kono Family allowance application Adding dependents Waiting for processing Tomoya Okada Application for caregiving leave Application for Caregiving Leave Benefits Waiting for processing Daiki Ueno Application for childcare leave Social insurance exemption during childcare leave Waiting for processing Tomoya Okada Family allowance application Adding dependents Waiting for processing Kenichi Toyama Application for caregiving leave Application for Caregiving Leave Benefits Waiting for processing Ryosuke Kirishima Application for change of housing allowance Allowance revision due to change of residence two xum
HR (Human Resources an",/social-insurance,employee id | full name | name | status | type | department | family allowance | social insurance | resident tax | attendance,processing_complete,Notepad/text,notepad_assisted,0.9720300114129723
si,insurance_exemption,ses_20260701-173642-NEELA9BAF::39,ses_20260701-173642-NEELA9BAF,"財務会計システム = Financial accounting system | 財務会計システム = Financial accounting system | aあ = aa | 率 = rate | 財務 = finance | 財務会計システム = Financial accounting system | 2026年度·経理部門 = Fiscal Year 2026 - Accounting Department | 佐藤 直樹・経理マネージャー = Naoki Sato, Accounting Manager | 佐 = Sa | 財務会計業務 = Financial accounting operations | ダッシュボードノ請求書承認・経費精算 = Dashboard Invoice Approval/Expense Reimbursement | ● ダッシュボード = ● Dashboard | 請求書承認・経費精算 = Invoice approval and expense reimbursement | 請求書承認・経費精 = Invoice Approval and Expense Settlement | 12件·2件未処理 = 12 items, 2 items unprocessed | 算 = calculation | 処理待ち一覧 = List of items awaiting processing | 経費承認（管理職) = Expense approval (management) | 支払処理 = Payment processing | 社員ID = Employee ID | 氏名 = full name | 区分 = classification | 金額 = Amount | 種別 = type | ステータス = status | 予算差異分析 = Budget variance analysis | 沖縄物流センター = Okinawa Logistics Center | 請求書承認INV-2026-7532 = Invoice Approval INV-2026-7532 | 310,006円 = 310,006 yen | 調整 = adjustment | 登録済み = Registered | ● 発注管理 = ● Order Management | 北陸部品工業株式会社 = Hokuriku Parts Industry Co., Ltd. | 請求書承認INV-2026-7533 = Invoice Approval INV-2026-7533 | 381,332円 = 381,332 yen | 定常 = Steady state | 登録済み = Registered | グローバルテック合同会社 = Global Tech LLC | 請求書承認INV-2026-7534 = Invoice Approval INV-2026-7534 | 765,766円 = 765,766 yen | 調整 = adjustment | 登録済み = Registered | 東京電子工業株式会社 = Tokyo Electronics Industry Co., Ltd. | 請求書承認INV-2026-7535 = Invoice Approval INV-2026-7535 | 583,781円 = 583,781 yen | 定常 = Steady state | 登録済み = Registered | 東京電子工業株式会社 = Tokyo Electronics Industry Co., Ltd. | 請求書承認INV-2026-7536 = Invoice Approval INV-2026-7536 | 544,435円 = 544,435 yen | 定常 = Steady state | 登録済み = Registered | 関西物流サービス = Kansai Logistics Service | 請求書承認INV-2026-7537 = Invoice Approval INV-2026-7537 | 2,850,234円 = 2,850,234 yen | 定常 = Steady state | 登録済み = Registered | 関西物流サービス = Kansai Logistics Service | 請求書承認INV-2026-7538 = Invoice Approval INV-2026-7538 | 3,243,130円 = 3,243,130 yen | 定常 = Steady state | 登録済み = ","Financial accounting system Financial accounting system aa rate finance Financial accounting system Fiscal Year 2026 - Accounting Department Naoki Sato, Accounting Manager Sa Financial accounting operations Dashboard Invoice Approval/Expense Reimbursement ● Dashboard Invoice approval and expense reimbursement Invoice Approval and Expense Settlement 12 items, 2 items unprocessed calculation List of items awaiting processing Expense approval (management) Payment processing Employee ID full name classification Amount type status Budget variance analysis Okinawa Logistics Center Invoice Approval INV-2026-7532 310,006 yen adjustment Registered ● Order Management Hokuriku Parts Industry Co., Ltd. Invoice Approval INV-2026-7533 381,332 yen Steady state Registered Global Tech LLC Invoice Approval INV-2026-7534 765,766 yen adjustment Registered Tokyo Electronics Industry Co., Ltd. Invoice Approval INV-2026-7535 583,781 yen Steady state Registered Tokyo Electronics Industry Co., Ltd. Invoice Approval INV-2026-7536 544,435 yen Steady state Registered Kansai Logistics Service Invoice Approval INV-2026-7537 2,850,234 yen Steady state Registered Kansai Logistics Service Invoice Approval INV-2026-7538 3,243,130 yen Steady state Registered Hokuriku Parts Industry Co., Ltd. Invoice Approval INV-2026-7539 453,807 yen Steady state Registered Fukuoka System Design Invoice Approval INV-2026-7540 1,674,594 yen Steady state Registered Yamato Shoji Co., Ltd. Invoice Approval INV-2026-7541 1,289,974 yen adjustment Registered Kansai Logistics Service Invoice Approval INV-2026-7542 3,267,097 yen adjustment Unprocessed Steady-state tivateWind Fukuoka System Design Invoice Approval INV-2026-7543 1,838,678 yen
×HR Human Resources and Payroll System HR (Human Resources and Payroll) System aa same rate human resources HR (Human Resources and Payroll) System FY2026・Human Resources Department 2026/07/01 23:16:09 Mari Tanaka, Human Resources Manager Field Human resources operations Dashboard Employee",/social-insurance,employee id | full name | name | amount | status | type | department | family allowance | social insurance | resident tax | attendance,approve | processing_complete | awaiting_processing | unprocessed,Notepad/text | Word/document,word_assisted,0.9705395013698869
