segment_key,family,business_terms,routes,application_variant,decision_evidence,decision_evidence_detail,ocr_english_evidence,ocr_japanese_evidence,interpretation
ses_20260701-164424-CHAITANYA0BCF::2,pi,expense settlement,/payroll-items,word_assisted,approve | hold,"[{""category"": ""approve"", ""terms"": [""approval"", ""approve""]}, {""category"": ""hold"", ""terms"": [""hold""]}]","Financial accounting system aa finance Financial accounting system Fiscal Year 2026 - Accounting Department Naoki Sato, Accounting Manager Sa Hokuriku Parts Industry Co., Ltd. Invoice Approval INV-2026-7353 437,452 yen Steady state Unprocessed Financial accounting operations ● Dashboard Yamada Manufacturing Co., Ltd. Invoice Approval INV-2026-7354 374,313 yen adjustment Unprocessed Invoice Approval and Expense Settlement Fukuoka System Design Invoice Approval INV-2026-7355 1,685,384 yen Steady state Unprocessed calculation Expense approval (management) Details—P6-07010448-001 · Global Tech LLC Unprocessed Payment processing Budget variance analysis Management ID Employee ID Order Management classification Invoice Approval INV-2026-7344 type adjustment Amount 716,232 yen status Unprocessed Reference: Order number verification: INV-2026-7344 Processing comments Please enter the processing details and confirmation comments... approval &quot; on hold",[],"Decision/review evidence exists, but this does NOT establish that the preceding activity could not be automated."
ses_20260701-164424-CHAITANYA0BCF::4,pi,,/payroll-items,word_assisted,approve,"[{""category"": ""approve"", ""terms"": [""approval"", ""approve""]}]","Financial accounting system aa finance finance 2026/07/01 22:15:19 Naoki Sato, Accounting Manager Sa 437,452 yen Steady state Unprocessed Financial accounting operations Operator: Mari Tanaka (Human Resources Department) dash 374,313 yen adjustment Unprocessed Invoice acceptance 1,685,384 yen Steady state Unprocessed calculation Expense Approval Unprocessed Payment processing Budget difference Order Management approval Ⅱ pending Financial accounting system aa finance finance Naoki Sato, Accounting Manager Sa 437,452 yen Steady state Unprocessed Financial accounting operations dash 374,313 yen adjustment Unprocessed Invoice acceptance 1,685,384 yen Steady state Unprocessed calculation Expense Approval Unprocessed Payment processing Budget difference Order Management √ Approval Ⅱ pending Financial accounting system aa finance finance Naoki Sato, Accounting Manager Sa 437,452 yen Steady state Unprocessed Financial accounting operations dash 374,313 yen adjustment Unprocessed Invoice acceptance 1,685,384 yen Steady state Unprocessed calculation Expense Approval Unprocessed Payment processing Budget difference Order Management √ Approval Ⅱ pending",[],"Decision/review evidence exists, but this does NOT establish that the preceding activity could not be automated."
ses_20260701-164424-CHAITANYA0BCF::5,pi,expense settlement,/payroll-items,word_assisted,approve,"[{""category"": ""approve"", ""terms"": [""approval"", ""approve""]}]","Financial accounting system aa finance Financial accounting system Fiscal Year 2026 - Accounting Department Naoki Sato, Accounting Manager Sa Financial accounting operations Employee ID full name classification Amount type status ● Dashboard Global Tech LLC Invoice Approval INV-2026-7344 716,232 yen adjustment Registered Invoice Approval and Expense Settlement calculation Hokuriku Parts Industry Co., Ltd. Invoice Approval INV-2026-7345 455,128 yen adjustment Registered Expense approval (management) Yamato Shoji Co., Ltd. Invoice Approval INV-2026-7346 1,237,439 yen Steady state Registered Payment processing Fukuoka System Design Invoice Approval INV-2026-7347 1,832,962 yen Steady state Registered Budget variance analysis Okinawa Logistics Center Invoice Approval INV-2026-7348 317,664 yen Steady state Unprocessed Order Management Hokuriku Parts Industry Co., Ltd. Invoice Approval INV-2026-7349 452,219 yen Steady state Unprocessed Fukuoka System Design Invoice Approval INV-2026-7350 1,993,825 yen adjustment Unprocessed Yamato Shoji Co., Ltd. Invoice Approval INV-2026-7351 1,218,687 yen adjustment Unprocessed Yamada Manufacturing Co., Ltd. Invoice Approval INV-2026-7352 393,384 yen Steady state Unprocessed Hokuriku Parts Industry Co., Ltd. Invoice Approval INV-2026-7353 437,452 yen Steady state Unprocessed Yamada Manufacturing Co., Ltd. Invoice Approval INV-2026-7354 374,313 yen adjustment Unprocessed Fukuoka System Design Invoice Approval INV-2026-7355 1,685,384 yen Steady state Unprocessed near",[],"Decision/review evidence exists, but this does NOT establish that the preceding activity could not be automated."
ses_20260701-164424-CHAITANYA0BCF::6,pi,deduction | dependent deduction | expense reimbursement | payroll | payroll change | salary,/payroll-items,word_assisted,hold,"[{""category"": ""hold"", ""terms"": [""hold""]}]","HR (Human Resources and Payroll) System aa human resources HR (Human Resources and Payroll) System FY2026・Human Resources Department Mari Tanaka, Human Resources Manager Field Rie Kikuchi Salary increase 22,632 yen Steady state Unprocessed Human resources operations ● Dashboard Nana Shimada Change in dependent deduction Steady state Unprocessed Expense reimbursement and payroll changes Sakura Eguchi Abolition of position allowances 15,458 yen Steady state Unprocessed Attendance and leave application Details—P4-07010448-002 · Shohei Shimizu ● Onboarding procedures Unprocessed Employee benefits application Management ID Resident tax and other taxes Employee ID classification Overtime pay adjustment type adjustment Amount 1,291 yen status Unprocessed Reference: Change type: Overtime pay adjustment Retroactive: Yes Processing comments Please enter the processing details and confirmation comments... Registration confirmed &quot;on hold",[],"Decision/review evidence exists, but this does NOT establish that the preceding activity could not be automated."
ses_20260701-164424-CHAITANYA0BCF::8,pi,expense settlement,/payroll-items,word_assisted,approve,"[{""category"": ""approve"", ""terms"": [""approval"", ""approve""]}]","Financial accounting system aa finance Financial accounting system Fiscal Year 2026 - Accounting Department Naoki Sato, Accounting Manager Sa Financial accounting operations Employee ID full name classification Amount type status ● Dashboard Global Tech LLC Invoice Approval INV-2026-7344 716,232 yen adjustment Registered Invoice Approval and Expense Settlement calculation Hokuriku Parts Industry Co., Ltd. Invoice Approval INV-2026-7345 455,128 yen adjustment Registered Expense approval (management) Yamato Shoji Co., Ltd. Invoice Approval INV-2026-7346 1,237,439 yen Steady state Registered Payment processing Fukuoka System Design Invoice Approval INV-2026-7347 1,832,962 yen Steady state Registered Budget variance analysis Okinawa Logistics Center Invoice Approval INV-2026-7348 317,664 yen Steady state Unprocessed Order Management Hokuriku Parts Industry Co., Ltd. Invoice Approval INV-2026-7349 452,219 yen Steady state Unprocessed Fukuoka System Design Invoice Approval INV-2026-7350 1,993,825 yen adjustment Unprocessed Yamato Shoji Co., Ltd. Invoice Approval INV-2026-7351 1,218,687 yen adjustment Unprocessed Yamada Manufacturing Co., Ltd. Invoice Approval INV-2026-7352 393,384 yen Steady state Unprocessed Hokuriku Parts Industry Co., Ltd. Invoice Approval INV-2026-7353 437,452 yen Steady state Unprocessed Yamada Manufacturing Co., Ltd. Invoice Approval INV-2026-7354 374,313 yen adjustment Unprocessed Fukuoka System Design Invoice Approval INV-2026-7355 1,685,384 yen Steady state Unprocessed near",[],"Decision/review evidence exists, but this does NOT establish that the preceding activity could not be automated."
ses_20260701-164424-CHAITANYA0BCF::10,pi,expense settlement,/payroll-items,word_assisted,approve | hold,"[{""category"": ""approve"", ""terms"": [""approval"", ""approve""]}, {""category"": ""hold"", ""terms"": [""hold""]}]","day the law of nature crowd two Tsurugi Ward Ward Ward Ward Invoice number Business partners Expense item Amount requested (yen) Amount above (yen) Difference (yen) remarks Manufacturing outsourcing fees for Yamada Manufacturing Co., Ltd. 0 fixed-rate contract Yamato Shoji Co., Ltd. Raw Material Procurement 0 fixed-rate contract Tokyo Electronics Industry Co., Ltd. maintenance fee 0 fixed-rate contract Global Tech SaaS Usage Fees 0 fixed-rate contract Hokuriku Electronic Components Co., Ltd. parts supply costs 0 Fixed-rate contract Expense reconciliation enclosure mouth neck fart Financial accounting system aa finance Financial accounting system Fiscal Year 2026 - Accounting Department Naoki Sato, Accounting Manager Sa Hokuriku Parts Industry Co., Ltd. Invoice Approval INV-2026-7353 437,452 yen Steady state Unprocessed Financial accounting operations ● Dashboard Yamada Manufacturing Co., Ltd. Invoice Approval INV-2026-7354 374,313 yen adjustment Unprocessed Invoice Approval and Expense Settlement Fukuoka System Design Invoice Approval INV-2026-7355 1,685,384 yen Steady state Unprocessed calculation Expense approval (management) Details—P6-07010448-008 · Yamato Shoji Co., Ltd. Unprocessed Payment processing Budget variance analysis Management ID Employee ID Order Management classification Invoice Approval INV-2026-7351 type adjustment Amount 1,218,687 yen status Unprocessed Reference: Order number verification: INV-2026-7351 Processing comments Invoice verification completed. INV-2026-7351 Amount: 1,218,687 yen. There may be discrepancies; please confirm. approval &quot; on hold Financial accounting system finance Financial accounting system Fiscal Year 2026 - Accounting Department Naoki Sato, Accounting Manager Sa Financial accounting operations Employee ID full name classification gold color type status ● Dashboard Global Tech LLC Invoice Approval INV-2026-7344 716,232 yen Registered Invoice Approval and Expense Settlement calculation Hokuriku Parts Industry Co., L",[],"Decision/review evidence exists, but this does NOT establish that the preceding activity could not be automated."
ses_20260701-164424-CHAITANYA0BCF::12,rt,,/resident-tax,word_assisted,approve,"[{""category"": ""approve"", ""terms"": [""approval"", ""approve""]}]","Financial accounting system finance Financial accounting system Fiscal Year 2026 - Accounting Department Naoki Sato, Accounting Manager Sa Financial accounting operations Employee ID full name Item gold color status ● Dashboard Fukuoka System Design Order Management PO-2026-5234 completion Invoice Approval and Expense Settlement calculation Kansai Logistics Service Order Management PO-2026-5235 completion Expense approval (management) Hokuriku Parts Industry Co., Ltd. Order Management PO-2026-5236 Unconfirmed ● Payment Processing Hokuriku Parts Industry Co., Ltd. Order Management PO-2026-5237 Unconfirmed Budget variance analysis Order Management Hokuriku Parts Industry Co., Ltd. Order Management P0-2026-5238 Unconfirmed Hokuriku Parts Industry Co., Ltd. Order Management PO-2026-5239 Unconfirmed Okinawa Logistics Center Order Management P0-2026-5240 Unconfirmed Okinawa Logistics Center Order Management PO-2026-5241 Unconfirmed Fukuoka System Design Order Management PO-2026-5242 Unconfirmed Yamato Shoji Co., Ltd. Order Management PO-2026-5243 Unconfirmed Okinawa Logistics Center Order Management PO-2026-5244 Unconfirmed Yamada Manufacturing Co., Ltd. Order Management PO-2026-5245 Unconfirmed P10-07010448-002: Completed near Financial accounting system aa finance Financial accounting system Fiscal Year 2026 - Accounting Department Naoki Sato, Accounting Manager Sa Financial accounting operations Employee ID full name item Amount status Dashboard Fukuoka System Design Order Management PO-2026-5234 completion Invoice Approval and Expense Settlement calculation Kansai Logistics Service Order Management PO-2026-5235 completion Expense approval (management) Hokuriku Parts Industry Co., Ltd. Order Management PO-2026-5236 Unconfirmed ● Payment Processing Hokuriku Parts Industry Co., Ltd. Order Management PO-2026-5237 Unconfirmed Budget variance analysis Hokuriku Parts Industry Co., Ltd. Order Management PO-2026-5238 Unconfirmed ● Order Management Hokuriku Parts Industry Co., ",[],"Decision/review evidence exists, but this does NOT establish that the preceding activity could not be automated."
ses_20260701-164424-CHAITANYA0BCF::16,si,,/social-insurance,word_assisted,approve,"[{""category"": ""approve"", ""terms"": [""approve""]}]","Order and Inventory Management System skewer Receiving/Receiving Order and Inventory Management System 2026・Logistics Management Department Kenji Takahashi, Logistics Manager high Order processing and inventory management Employee ID full name Application Type Target year and month detail status ● Dashboard Shohei Shimizu Application for reissuance of IC card Applicant: Development Department Priority: Urgent Approver: General Affairs Department Waiting for processing ● Inventory Management Shota Tsuda VPN connection application Applicant: Logistics Department Priority: Normal Approver: Information Systems Department Waiting for processing ● Contract management ● Return processing Nana Shimada Software License Application Applicant: Accounting Department Priority: Budget confirmation required Approvers: Department Head + Information Systems Department Waiting for processing ● IT application Yuji Sakamoto New PC Issuance Application Applicant: Human Resources Department Priority: Normal Approver: Information Systems Department Waiting for processing ● Orders and other Mayu Teramoto Application for reissuance of IC card Applicant: Planning Department Priority: Urgent Approver: General Affairs Department Waiting for processing Kenichi Toyama Application for reissuance of IC card Applicant: Sales Department Priority: Urgent Approver: General Affairs Department Waiting for processing Mina Ishida System access request Applicant: Development Department Priority: Normal Approved by: Information Security Committee Waiting for processing Nana Shimada System access request Applicant: Accounting Department Priority: Normal Approved by: Information Security Committee Waiting for processing Nana Shimada VPN connection application Applicant: Accounting Department Priority: Normal Approver: Information Systems Department Waiting for processing Ayako Takeuchi System access request Applicant: Sales Department Priority: Normal Approved by: Information Security Committee Waiting for pr",[],"Decision/review evidence exists, but this does NOT establish that the preceding activity could not be automated."
ses_20260701-164424-CHAITANYA0BCF::18,la,,/leave-applications,word_assisted,approve | manual_review,"[{""category"": ""approve"", ""terms"": [""approval"", ""approve""]}, {""category"": ""manual_review"", ""terms"": [""review""]}]","neck IT Application Memo IT Application Memo New PC Issuance Application Applicant: Yuji Sakamoto Order and Inventory Management System aa Receiving/Receiving Order and Inventory Management System 2026・Logistics Management Department Kenji Takahashi, Logistics Manager high Order processing and inventory management List of applications ● Dashboard Employee ID full name Application Type Period and details Department status Inventory Management contract management Fukuoka System Design Maintenance contract (renewal) update approval ● Return processing Fukuoka System Design Basic Transaction Agreement (New Agreement) New agreement approval ● IT application Tokyo Electronics Industry Co., Ltd. Sales contract (amendment) change approval ● Orders and other Hokuriku Parts Industry Co., Ltd. Outsourcing contract (termination) Cancellation approval Kansai Logistics Service Maintenance contract (renewal) update Waiting for processing Yamato Shoji Co., Ltd. Basic Transaction Agreement (New Agreement) New agreement Waiting for processing Okinawa Logistics Center Sales contract (amendment) change Waiting for processing Yamada Manufacturing Co., Ltd. Basic Transaction Agreement (New Agreement) New agreement Waiting for processing Yamato Shoji Co., Ltd. Confidentiality Agreement (New Agreement) New agreement Waiting for processing Hokuriku Parts Industry Co., Ltd. Confidentiality Agreement (New Agreement) New agreement Waiting for processing Fukuoka System Design Basic Transaction Agreement (New Agreement) New agreement Waiting for processing Global Tech LLC Confidentiality Agreement (New Agreement) New agreement Waiting for processing near Order and Inventory Management System aa Receiving/Receiving Order and Inventory Management System 2026・Logistics Management Department Kenji Takahashi, Logistics Manager high Order processing and inventory management List of applications ● Dashboard Employee ID full name Application Type Period and details Department status Inventory Management",[],"Decision/review evidence exists, but this does NOT establish that the preceding activity could not be automated."
ses_20260701-164424-CHAITANYA0BCF::22,pi,expense settlement,/payroll-items,word_assisted,approve | hold,"[{""category"": ""approve"", ""terms"": [""approval"", ""approve""]}, {""category"": ""hold"", ""terms"": [""hold""]}]","Financial accounting system aa finance Financial accounting system Fiscal Year 2026 - Accounting Department Naoki Sato, Accounting Manager Sa Hokuriku Parts Industry Co., Ltd. Invoice Approval INV-2026-7353 437,452 yen Steady state Registered Financial accounting operations ● Dashboard Yamada Manufacturing Co., Ltd. Invoice Approval INV-2026-7354 374,313 yen adjustment Registered Invoice Approval and Expense Settlement Fukuoka System Design Invoice Approval INV-2026-7355 1,685,384 yen Steady state Unprocessed calculation Expense approval (management) Details—P6-07010448-012 · Fukuoka System Design Unprocessed ● Payment Processing Management ID Budget variance analysis Employee ID Order Management classification Invoice Approval INV-2026-7355 type Steady state Amount 1,685,384 yen status Unprocessed Reference: Order number verification: INV-2026-7355 Processing comments Please enter the processing details and confirmation comments... approval &quot; on hold",[],"Decision/review evidence exists, but this does NOT establish that the preceding activity could not be automated."
ses_20260701-164424-CHAITANYA0BCF::23,pi,expense settlement,/payroll-items,word_assisted,approve | hold,"[{""category"": ""approve"", ""terms"": [""approval"", ""approve""]}, {""category"": ""hold"", ""terms"": [""hold""]}]","Financial accounting system aa finance Financial accounting system Fiscal Year 2026 - Accounting Department Naoki Sato, Accounting Manager Sa Hokuriku Parts Industry Co., Ltd. Invoice Approval INV-2026-7353 437,452 yen Steady state Registered Financial accounting operations ● Dashboard Yamada Manufacturing Co., Ltd. Invoice Approval INV-2026-7354 374,313 yen adjustment Registered Invoice Approval and Expense Settlement Fukuoka System Design Invoice Approval INV-2026-7355 1,685,384 yen Steady state Unprocessed calculation Expense approval (management) Details—P6-07010448-012 · Fukuoka System Design Unprocessed Payment processing Management ID Budget variance analysis Employee ID Order Management classification Invoice Approval INV-2026-7355 type Steady state Amount 1,685,384 yen status Unprocessed Reference: Order number verification: INV-2026-7355 Processing comments Invoice verification completed. INV-2026-7355 Amount: 1,685,384 yen. Approved with no discrepancies. approval &quot; on hold",[],"Decision/review evidence exists, but this does NOT establish that the preceding activity could not be automated."
ses_20260701-164424-CHAITANYA0BCF::26,rt,,/resident-tax,word_assisted,approve | manual_review,"[{""category"": ""approve"", ""terms"": [""approval"", ""approve""]}, {""category"": ""manual_review"", ""terms"": [""review""]}]","Financial accounting system aa finance Financial accounting system Fiscal Year 2026 - Accounting Department Naoki Sato, Accounting Manager Sa Financial accounting operations Employee ID full name item Amount status Dashboard Fukuoka System Design Order Management PO-2026-5234 completion Invoice Approval and Expense Settlement calculation Kansai Logistics Service Order Management PO-2026-5235 completion Expense approval (management) Hokuriku Parts Industry Co., Ltd. Order Management PO-2026-5236 completion ● Payment Processing Hokuriku Parts Industry Co., Ltd. Order Management PO-2026-5237 completion Budget variance analysis Hokuriku Parts Industry Co., Ltd. Order Management PO-2026-5238 completion ● Order Management Hokuriku Parts Industry Co., Ltd. Order Management PO-2026-5239 completion Okinawa Logistics Center Order Management PO-2026-5240 Unconfirmed Okinawa Logistics Center Order Management PO-2026-5241 Unconfirmed Fukuoka System Design Order Management PO-2026-5242 Unconfirmed Yamato Shoji Co., Ltd. Order Management PO-2026-5243 Unconfirmed Okinawa Logistics Center ⚠ Order Management PO-2026-5244 Unconfirmed Yamada Manufacturing Co., Ltd. Order Management PO-2026-5245 Unconfirmed near day crowd Ward New Business Partner Registration Procedure New Business Partner Registration Procedure 1. Overview 2. Required documents 1. Overview 3. Examination A procedure manual for registering new business partners in the company&#39;s internal system. 4. System Registration 5. Completion notification 2. Required documents Company registration certificate (issued within the last 3 months), seal certificate, bank account information for payment, and credit application form. 3. Review After the accounting department reviews the documents, they will set the credit limit by referring to data from a credit rating agency. 4. System Registration Enter the customer code, official name, account information, and credit limit into the ERP system. 5. Completion notification After regi",[],"Decision/review evidence exists, but this does NOT establish that the preceding activity could not be automated."
ses_20260701-171614-CHAITANYA0BCF::16,si,,/onboarding | /social-insurance,word_assisted,approve,"[{""category"": ""approve"", ""terms"": [""approval"", ""approve""]}]",Ward Onboarding Checklist (New Graduate Batch Processing) Onboarding Checklist (New Graduate Batch Processing) overview Matching items overview PC/IC card issuance Checklist for verifying onboarding status during the mass recruitment of new graduates. All items must be completed by the day before the start date. Training Schedule Matching items Submission and verification of Romy Number □ Employment insurance certificate (for those changing jobs only) □ Procedures for joining health insurance and employee pension □ Salary deposit account registration form □ Commuting allowance application form (route and amount confirmation) Training Schedule □ Dependent Deduction Declaration Form (Confirmation of Eligibility for Family Allowance) □ Certificate of registered information in the resident register PC and IC card issuance HR (Human Resources and Payroll) System aaA human resources HR (Human Resources and Payroll) System FY2026・Human Resources Department Field Koji Kawaguchi Systems Department Human resources operations ● Dashboard Sakura Uchida Management department Expense reimbursement and payroll changes Koji Hashimoto Sales Department 4 items Matching Attendance and leave application Onboarding procedures Details: Kenta Kawaguchi (E2205) Matching Employee benefits application Management ID Resident tax and other taxes Employee ID Start date Department Sales Department Matching items My Number Employment insurance health insurance Commuting allowance status Matching Reference: Recruitment Category: New Graduates Verification Memo Please enter the matching results and any special notes... Verification completed ■ Flag HR (Human Resources and Payroll) System aaA human resources HR (Human Resources and Payroll) System FY2026・Human Resources Department Field Koji Kawaguchi Systems Department Human resources operations Dashboard Sakura Uchida Management department Expense reimbursement and payroll changes Koji Hashimoto Sales Department 4 items Matching Attendance and lea,[],"Decision/review evidence exists, but this does NOT establish that the preceding activity could not be automated."
ses_20260701-171614-CHAITANYA0BCF::18,si,,/social-insurance,word_assisted,approve,"[{""category"": ""approve"", ""terms"": [""approval"", ""approve""]}]","Financial accounting system aaA rate finance Financial accounting system Fiscal Year 2026 - Accounting Department Sa Financial accounting operations Employee ID full name Application Type Target year and month detail ● Dashboard Logistics department Budget variance analysis Budget 6,000,000 / Actual 6,056,624 (Difference +0.9%) Processing complete Invoice Approval and Expense Settlement calculation Development Department Budget variance analysis Budget: 8,500,000 / Actual: 8,128,818 (Difference: -4.4%) Processing complete Expense approval (management) Management department Budget variance analysis Budget: 4,200,000 / Actual: 4,331,832 (Difference: +3.1%) Processing complete ● Payment Processing Management department Budget variance analysis Budget: 4,200,000 / Actual: 4,331,832 (Difference: +3.1%) Waiting for processing ● Budget variance analysis Order Management Management department Budget variance analysis Budget: 4,200,000 / Actual: 4,331,832 (Difference: +3.1%) Waiting for processing Management department Budget variance analysis Budget: 4,200,000 / Actual: 4,239,636 (Difference: +0.9%) Waiting for processing Development Department Budget variance analysis Budget: 8,500,000 / Actual: 7,356,163 (Difference: -13.5%) Waiting for processing Logistics department Budget variance analysis Budget: 6,000,000 / Actual: 5,737,989 (Difference: -4.4%) Waiting for processing Development Department Budget variance analysis Budget 8,500,000 / Actual 8,766,803 (Difference +3.1%) Waiting for processing Logistics department Budget variance analysis Budget 6,000,000 / Actual 5,943,375 (Difference -0.9%) Waiting for processing Sales Department Budget variance analysis Budget: 12,000,000 / Actual: 10,385,172 (Difference: -13.5%) Waiting for processing Development Department Budget variance analysis Budget 8,500,000 / Actual 9,431,560 (Difference +11.0%) Waiting for processing P8-07054374-003: Processing complete. near day the law of nature crowd two Watch river same Ward Ward Ward W",[],"Decision/review evidence exists, but this does NOT establish that the preceding activity could not be automated."
ses_20260701-171614-CHAITANYA0BCF::21,si,,/social-insurance,word_assisted,approve,"[{""category"": ""approve"", ""terms"": [""approval"", ""approve""]}]","Financial accounting system aaA skewer finance Financial accounting system Fiscal Year 2026 - Accounting Department Sa Financial accounting operations Employee ID full name Target year and month detail Application Type ● Dashboard Logistics department Budget variance analysis Budget 6,000,000 / Actual 6,056,624 (Difference +0.9%) Processing complete Invoice Approval and Expense Settlement calculation Development Department Budget variance analysis Budget 8,500,000 / Actual 8,128,818 (Difference -4.4%) Processing complete Expense approval (management) Management department Budget variance analysis Budget: 4,200,000 / Actual: 4,331,832 (Difference: +3.1%) Processing complete ● Payment Processing Management department Budget variance analysis Budget: 4,200,000 / Actual: 4,331,832 (Difference: +3.1%) Processing complete Budget variance analysis Order Management Management department Budget variance analysis Budget: 4,200,000 / Actual: 4,331,832 (Difference: +3.1%) Processing complete Management department Budget variance analysis Budget: 4,200,000 / Actual: 4,239,636 (Difference: +0.9%) Processing complete Development Department Budget variance analysis Budget 8,500,000 / Actual 7,356,163 (Difference -13.5%) Processing complete Logistics department Budget variance analysis Budget 6,000,000 / Actual 5,737,989 (Difference -4.4%) Waiting for processing Development Department Budget variance analysis Budget 8,500,000 / Actual 8,766,803 (Difference +3.1%) Waiting for processing Logistics department Budget variance analysis Budget 6,000,000 / Actual 5,943,375 (Difference -0.9%) Waiting for processing Sales Department Budget variance analysis Budget 12,000,000 / Actual 10,385,172 (Difference -13.5%) Waiting for processing Development Department Budget variance analysis Budget 8,500,000 / Actual 9,431,560 (Difference +11.0%) Waiting for processing P8-07054374-007: Processing complete. near day cormorant? crowd Convex Ward Ward Ward Expense item Monthly budget (yen) Monthly actu",[],"Decision/review evidence exists, but this does NOT establish that the preceding activity could not be automated."
ses_20260701-171614-CHAITANYA0BCF::22,rt,,/resident-tax,word_assisted,approve,"[{""category"": ""approve"", ""terms"": [""approval"", ""approve""]}]","Financial accounting system aa A☆ rate finance Financial accounting system Fiscal Year 2026 - Accounting Department Sa Financial accounting operations Employee ID full name item ● Dashboard Tokyo Electronics Industry Co., Ltd. Order Management PO-2026-5094 Unconfirmed Invoice Approval and Expense Settlement calculation Tokyo Electronics Industry Co., Ltd. Order Management PO-2026-5095 completion Expense approval (management) Yamato Shoji Co., Ltd. Order Management PO-2026-5096 completion ● Payment Processing Okinawa Logistics Center Order Management PO-2026-5097 completion Budget variance analysis Tokyo Electronics Industry Co., Ltd. Order Management PO-2026-5098 Unconfirmed ● Order Management Fukuoka System Design Order Management PO-2026-5099 Unconfirmed Global Tech LLC Order Management PO-2026-5100 Unconfirmed Tokyo Electronics Industry Co., Ltd. Order Management PO-2026-5101 Unconfirmed Kansai Logistics Service Order Management PO-2026-5102 Unconfirmed Yamato Shoji Co., Ltd. Order Management PO-2026-5103 Unconfirmed Global Tech LLC Order Management PO-2026-5104 Unconfirmed Okinawa Logistics Center Order Management PO-2026-5105 Unconfirmed near day Financial accounting system aaA skewer finance Financial accounting system Fiscal Year 2026 - Accounting Department Sa Financial accounting operations List Dashboard Invoice Approval and Expense Settlement Employee ID full name item Amount status calculation Tokyo Electronics Industry Co., Ltd. Order Management PO-2026-5094 Unconfirmed Expense approval (management) Tokyo Electronics Industry Co., Ltd. Order Management PO-2026-5095 completion ● Payment Processing Yamato Shoji Co., Ltd. Order Management PO-2026-5096 completion Budget variance analysis Order Management Okinawa Logistics Center Order Management PO-2026-5097 completion Tokyo Electronics Industry Co., Ltd. Order Management PO-2026-5098 Unconfirmed Fukuoka System Design Order Management PO-2026-5099 Unconfirmed Global Tech LLC Order Management PO-2026-5100 Un",[],"Decision/review evidence exists, but this does NOT establish that the preceding activity could not be automated."
ses_20260701-171614-CHAITANYA0BCF::27,pi,deduction | dependent deduction | expense reimbursement | payroll | payroll change | salary,/payroll-items | /social-insurance,word_assisted,hold,"[{""category"": ""hold"", ""terms"": [""hold""]}]",HR (Human Resources and Payroll) System aa A☆ rate human resources HR (Human Resources and Payroll) System FY2026・Human Resources Department Field Human resources operations full name Application Type Employee ID Target year and month detail ● Dashboard Shohei Shimizu Application for maternity leave Application for exemption from social insurance during maternity leave Processing complete Expense reimbursement and payroll changes Shohei Shimizu Attendance and leave application Application for maternity leave Application for exemption from social insurance during maternity leave Processing complete ● Onboarding procedures Ayako Takeuchi Application for change of housing allowance Allowance revision due to change of residence Processing complete ● Application for employee benefits Sakura Eguchi Application for childcare leave Social insurance exemption during childcare leave Processing complete ● Resident tax and other taxes Asuka Kono Family allowance application Adding dependents Waiting for processing Rie Kikuchi Application for childcare leave Social insurance exemption during childcare leave Waiting for processing Sakura Eguchi Application for change of housing allowance Allowance revision due to change of residence Waiting for processing Yuji Sakamoto Application for childcare leave Social insurance exemption during childcare leave Waiting for processing Shohei Shimizu Family allowance application Adding dependents Waiting for processing Rie Kikuchi Housing allowance change application Allowance revision due to change of residence Waiting for processing Sakura Eguchi Application for caregiving leave Application for Caregiving Leave Benefits Waiting for processing Daiki Ueno Application for caregiving leave Application for Caregiving Leave Benefits Waiting for processing P5-07054374-004: Processing complete. near HR (Human Resources and Payroll) System aa A☆ rate human resources HR (Human Resources and Payroll) System FY2026・Human Resources Department Field Human,[],"Decision/review evidence exists, but this does NOT establish that the preceding activity could not be automated."
ses_20260701-171614-CHAITANYA0BCF::33,rt,,/resident-tax | /social-insurance,word_assisted,approve,"[{""category"": ""approve"", ""terms"": [""approval"", ""approve""]}]","Financial accounting system aaA skewer finance Financial accounting system Fiscal Year 2026 - Accounting Department Sa Financial accounting operations Employee ID full name item Dashboard Tokyo Electronics Industry Co., Ltd. Order Management PO-2026-5094 Unconfirmed Invoice Approval and Expense Settlement calculation Tokyo Electronics Industry Co., Ltd. Order Management PO-2026-5095 completion Expense approval (management) Yamato Shoji Co., Ltd. Order Management PO-2026-5096 completion ● Payment Processing Okinawa Logistics Center Order Management PO-2026-5097 completion Budget variance analysis Tokyo Electronics Industry Co., Ltd. Order Management PO-2026-5098 completion Order Management Fukuoka System Design Order Management PO-2026-5099 completion Global Tech LLC Order Management PO-2026-5100 completion Tokyo Electronics Industry Co., Ltd. Order Management PO-2026-5101 completion Kansai Logistics Service Order Management PO-2026-5102 Unconfirmed Yamato Shoji Co., Ltd. Order Management PO-2026-5103 Unconfirmed Global Tech LLC Order Management PO-2026-5104 Unconfirmed Okinawa Logistics Center Order Management PO-2026-5105 Unconfirmed near Financial accounting system aaA finance Financial accounting system Fiscal Year 2026 - Accounting Department Sa Financial accounting operations Kansai Logistics Service Order Management PO-2026-5102 Dashboard Yamato Shoji Co., Ltd. Order Management PO-2026-5103 Bokushu Ken Invoice Approval and Expense Settlement calculation Global Tech LLC Order Management PO-2026-5104 Unconfirmed Expense approval (management) Okinawa Logistics Center Order Management PO-2026-5105 Unconfirmed Payment processing Details — P10-07054374-009 Budget variance analysis Unconfirmed Order Management Kansai Logistics Service Order Management PO-2026-5102 Annual contract: Measuring equipment Quantity 347 Total 2,533,100 yen (Regular price) comment Enter the processing details... √ Completed Financial accounting system aaA finance Financial accounting system ",[],"Decision/review evidence exists, but this does NOT establish that the preceding activity could not be automated."
ses_20260701-171614-CHAITANYA0BCF::34,rt,,/resident-tax,word_assisted,approve | manual_review,"[{""category"": ""approve"", ""terms"": [""approval"", ""approve""]}, {""category"": ""manual_review"", ""terms"": [""review""]}]","Financial accounting system aaA skewer finance Financial accounting system Fiscal Year 2026 - Accounting Department Sa Financial accounting operations Employee ID full name item Dashboard Tokyo Electronics Industry Co., Ltd. Order Management PO-2026-5094 Unconfirmed Invoice Approval and Expense Settlement calculation Tokyo Electronics Industry Co., Ltd. Order Management PO-2026-5095 completion Expense approval (management) Yamato Shoji Co., Ltd. Order Management PO-2026-5096 completion ● Payment Processing Okinawa Logistics Center Order Management PO-2026-5097 completion Budget variance analysis Tokyo Electronics Industry Co., Ltd. Order Management PO-2026-5098 completion Order Management Fukuoka System Design Order Management PO-2026-5099 completion Global Tech LLC Order Management PO-2026-5100 completion Tokyo Electronics Industry Co., Ltd. Order Management PO-2026-5101 completion Kansai Logistics Service Order Management PO-2026-5102 completion Yamato Shoji Co., Ltd. Order Management PO-2026-5103 completion Global Tech LLC Order Management PO-2026-5104 Unconfirmed Okinawa Logistics Center Order Management PO-2026-5105 Unconfirmed near day crowd Ward New Business Partner Registration Procedure New Business Partner Registration Procedure 1. Overview 2. Required documents 1. Overview 3. Examination A procedure manual for registering new business partners in the company&#39;s internal system. 4. System Registration 5. Completion notification 2. Required documents Company registration certificate (issued within the last 3 months), seal certificate, bank account information for payment, and credit application form. 3. Review After the accounting department reviews the documents, they will set the credit limit by referring to data from a credit rating agency. 4. System Registration Enter the customer code, official name, account information, and credit limit into the ERP system. 5. Completion notification After registration is complete, a completion notice will be sent ",[],"Decision/review evidence exists, but this does NOT establish that the preceding activity could not be automated."
ses_20260701-171614-CHAITANYA0BCF::36,ob,department | employment insurance | health insurance | my number | onboarding,/onboarding,word_assisted,approve,"[{""category"": ""approve"", ""terms"": [""approval"", ""approve""]}]","Financial accounting system aaA rate finance Financial accounting system Fiscal Year 2026 - Accounting Department Sa Financial accounting operations Employee ID full name item Dashboard Tokyo Electronics Industry Co., Ltd. Order Management PO-2026-5094 Unconfirmed Invoice Approval and Expense Settlement calculation Tokyo Electronics Industry Co., Ltd. Order Management PO-2026-5095 completion Expense approval (management) Yamato Shoji Co., Ltd. Order Management PO-2026-5096 completion ● Payment Processing Okinawa Logistics Center Order Management PO-2026-5097 completion Budget variance analysis Tokyo Electronics Industry Co., Ltd. Order Management PO-2026-5098 completion Order Management Fukuoka System Design Order Management PO-2026-5099 completion Global Tech LLC Order Management PO-2026-5100 completion Tokyo Electronics Industry Co., Ltd. Order Management PO-2026-5101 completion Kansai Logistics Service Order Management PO-2026-5102 completion Yamato Shoji Co., Ltd. Order Management PO-2026-5103 completion Global Tech LLC Order Management PO-2026-5104 completion Okinawa Logistics Center Order Management PO-2026-5105 completion near day HR (Human Resources and Payroll) System aa A☆ rate human resources HR (Human Resources and Payroll) System FY2026・Human Resources Department Field Human resources operations List of New Employees ● Dashboard Employee ID full name Start date Department Number of matching items status Expense reimbursement and payroll changes Attendance and leave application Kenta Kawaguchi Development Department 5 items completion ● Onboarding procedures Akemi Harada Development Department 4 items completion Employee benefits application Akemi Tsuchida Logistics department 5 items completion ● Resident tax and other taxes Kenta Kawaguchi Sales Department 4 items completion Ayaka Tsuchida Management department 5 items Matching Akemi Iwata Development Department 5 items Matching Kenta Iwata Sales Department 4 items Matching Naoki Morita Management depa",[],"Decision/review evidence exists, but this does NOT establish that the preceding activity could not be automated."
ses_20260701-171614-CHAITANYA0BCF::38,ob,commuting allowance | department | employment insurance | family allowance | health insurance | joining | my number | onboarding,/onboarding,word_assisted,approve | hold,"[{""category"": ""approve"", ""terms"": [""approval"", ""approve""]}, {""category"": ""hold"", ""terms"": [""hold""]}]",HR (Human Resources and Payroll) System aaA human resources HR (Human Resources and Payroll) System FY2026・Human Resources Department Field Human resources operations Employee ID full name Start date Department Dashboard Kenta Kawaguchi Development Department 5 items completion Expense reimbursement and payroll changes Akemi Harada Development Department 4 items completion Attendance and leave application Onboarding procedures Akemi Tsuchida Logistics department 5 items completion Employee benefits application Kenta Kawaguchi Sales Department 4 items completion Resident tax and other taxes Ayaka Tsuchida Management department 5 items completion Akemi Iwata Development Department 5 items completion Kenta Iwata Sales Department 4 items completion Naoki Morita Management department 4 items Matching Sakura Harada Sales Department 4 items Matching Koji Kawaguchi Systems Department 5 items Matching Sakura Uchida Management department 4 items Matching Koji Hashimoto Sales Department 4 items Matching near picture Ward Onboarding Checklist (New Graduate Batch Processing) Onboarding Checklist (New Graduate Batch Processing) overview Matching items overview PC/IC card issuance Checklist for verifying onboarding status during the mass recruitment of new graduates. All items must be completed by the day before the start date. Training Schedule Matching items Submission and verification of Romy Number □ Employment insurance certificate (for those changing jobs only) □ Procedures for joining health insurance and employee pension □ Salary deposit account registration form □ Commuting allowance application form (route and amount confirmation) Training Schedule □ Dependent Deduction Declaration Form (Confirmation of Eligibility for Family Allowance) □ Certificate of registered information in the resident register PC and IC card issuance HR (Human Resources and Payroll) System aaA human resources HR (Human Resources and Payroll) System FY2026・Human Resources Department Field Koji Kawa,[],"Decision/review evidence exists, but this does NOT establish that the preceding activity could not be automated."
ses_20260701-171614-CHAITANYA0BCF::41,pi,deduction | dependent deduction | expense reimbursement | expense settlement | payroll | payroll change | salary,/onboarding | /payroll-items,word_assisted,approve | hold,"[{""category"": ""approve"", ""terms"": [""approval"", ""approve""]}, {""category"": ""hold"", ""terms"": [""hold""]}]","Financial accounting system aa A☆ rate finance Financial accounting system Fiscal Year 2026 - Accounting Department Sa Financial accounting operations Start date Employee ID full name Department ● Dashboard Hokuriku Parts Industry Co., Ltd. Bank transfer ¥361,010 INV-1779 Approved 2 items completion Invoice Approval and Expense Settlement calculation Okinawa Logistics Center Bank transfer ¥295,278 INV-1780 Approved 4 items completion Expense approval (management) Okinawa Logistics Center Bank transfer: ¥355,673 INV-1781 Approved 2 items completion ● Payment Processing Hokuriku Parts Industry Co., Ltd. Bank transfer ¥482,433 INV-1782 Approved 2 items completion Budget variance analysis ● Order Management Hokuriku Parts Industry Co., Ltd. Bank transfer ¥470,334 INV-1783 Approved 3 items Matching Okinawa Logistics Center Bank transfer ¥331,542 INV-1784 Approved 3 items Matching Okinawa Logistics Center Bank transfer ¥352,405 INV-1785 Approved 3 items Matching Yamada Manufacturing Co., Ltd. Bank transfer: ¥397,055 INV-1786 Approved 2 items Matching Fukuoka System Design Bank transfer ¥1,650,767 INV-1787 Approved 4 items Matching Yamato Shoji Co., Ltd. Transfer amount: ¥1,135,513 INV-1788 Approved 3 items Matching Kansai Logistics Service Transfer amount: ¥2,584,160 INV-1789 Approved 3 items Matching Hokuriku Parts Industry Co., Ltd. Bank transfer ¥394,568 INV-1790 Approved 3 items Matching P7-07054374-004: Verification complete. near Ward Procedures for accepting outsourced contractors 1. Procedure Overview 2. Required documents 3. System Registration Procedures for accepting outsourced contractors 4. Security measures 5. Orientation 1. Procedure Overview This document outlines the procedures for verifying necessary documents and registering them in the system when accepting outsourced services. 2. Required documents Contract (signed), copy of identification, My Number declaration form, bank account information form. 3. System Registration Registering contractors in the",[],"Decision/review evidence exists, but this does NOT establish that the preceding activity could not be automated."
ses_20260701-173246-SIDDHIGUPTAB00B::4,pi,deduction | dependent deduction | expense reimbursement | expense settlement | payroll | payroll change | transportation expense,/payroll-items,word_assisted,approve | hold,"[{""category"": ""approve"", ""terms"": [""approval"", ""approve""]}, {""category"": ""hold"", ""terms"": [""hold""]}]","Settlement confirmation memo and others Field Settlement confirmation memo Expense reimbursement confirmed. Expense item: Transportation expenses. Amount: 12,312 yen. Confirmed to be within regulations. neck HR (Human Resources and Payroll) System aaA human resources HR (Human Resources and Payroll) System FY2026・Human Resources Department 2026/07/01 23:03:46 Mari Tanaka, Human Resources Manager Field Shota Tsuda Overtime pay adjustment 11,939 yen adjustment Unprocessed Human resources operations Shohei Shimizu New position-based allowance established. 33,327 yen Steady state Unprocessed ● Dashboard Sakura Eguchi Overtime pay adjustment 11,939 yen adjustment Unprocessed Expense reimbursement and payroll changes Attendance and leave application Rie Kikuchi Change in dependent deduction Steady state Unprocessed ● Onboarding procedures Details — P1-07109774-004 · Ayako Takeuchi ● Application for employee benefits Unprocessed ● Resident tax and other taxes Management ID Employee ID classification Transportation expense settlement type Steady state Amount 13,656 yen status Unprocessed Reference: Applicant classification: regular Approval authority: Human Resources Department Processing comments Please enter the processing details and confirmation comments... ✓ Registration confirmed &quot;on hold neck",[],"Decision/review evidence exists, but this does NOT establish that the preceding activity could not be automated."
ses_20260701-173246-SIDDHIGUPTAB00B::5,si,,/social-insurance,word_assisted,approve,"[{""category"": ""approve"", ""terms"": [""approve""]}]","HR (Human Resources and Payroll) System aaA human resources HR (Human Resources and Payroll) System FY2026・Human Resources Department Mari Tanaka, Human Resources Manager Field Human resources operations Daiki Ueno Consumables cost 27,438 yen Steady state Unprocessed ● Dashboard Sakura Eguchi Entertainment expenses 128,881 yen adjustment Unprocessed Expense reimbursement and payroll changes Yuji Sakamoto Salary increase 29,257 yen Steady state Unprocessed Attendance and leave application Rie Kikuchi Salary increase 29,257 yen Steady state Unprocessed ● Onboarding procedures ● Application for employee benefits Mina Ishida New position-based allowance established. 33,327 yen Steady state Unprocessed ● Resident tax and other taxes Asuka Kono Salary increase 29,257 yen Steady state Unprocessed Mayu Teramoto New position-based allowance established. 33,327 yen Steady state Unprocessed Ryosuke Kirishima Change in dependent deduction Steady state Unprocessed Shota Tsuda Change in dependent deduction Steady state Unprocessed Tomoya Okada Salary increase 29,257 yen Steady state Unprocessed Shota Tsuda Overtime pay adjustment 11,939 yen adjustment Unprocessed Shohei Shimizu New position-based allowance established. 33,327 yen Steady state Unprocessed Sakura Eguchi Overtime pay adjustment 11,939 yen adjustment Unprocessed Rie Kikuchi Steady state Activate W unprocessed ows Change in dependent deduction neck Order and Inventory Management System aaA Receiving/Receiving Order and Inventory Management System 2026・Logistics Management Department Kenji Takahashi, Logistics Manager high Order processing and inventory management Order and Inventory Management System Dashboard ● Dashboard Order/Inventory Dashboard Inventory Management Fiscal year 2026 · Generated on July 1, 2026 contract management Inventory Management contract management IT application others Return processing 12 Unprocessed 12 under application 12. Waiting to process. 0 Matching ● IT application ● Orders and other n",[],"Decision/review evidence exists, but this does NOT establish that the preceding activity could not be automated."
ses_20260701-173246-SIDDHIGUPTAB00B::8,si,childcare leave | exemption | maternity leave | social insurance,/leave-applications | /social-insurance,word_assisted,approve | manual_review,"[{""category"": ""approve"", ""terms"": [""approval"", ""approve""]}, {""category"": ""manual_review"", ""terms"": [""review""]}]","Order and Inventory Management System aaA rate Receiving/Receiving Order and Inventory Management System 2026・Logistics Management Department Kenji Takahashi, Logistics Manager high List of applications Order processing and inventory management ● Dashboard Employee ID full name Application Type Period and details Department status Inventory Management Hokuriku Parts Industry Co., Ltd. Confidentiality Agreement (New Agreement) New agreement approval ● Contract management Global Tech LLC Confidentiality Agreement (New Agreement) New agreement approval Return processing ● IT application Yamato Shoji Co., Ltd. Maintenance contract (renewal) update Waiting for processing ● Orders and other Hokuriku Parts Industry Co., Ltd. Maintenance contract (renewal) update Waiting for processing Yamato Shoji Co., Ltd. Basic Transaction Agreement (New Agreement) New agreement Waiting for processing Hokuriku Parts Industry Co., Ltd. Basic Transaction Agreement (New Agreement) New agreement Waiting for processing Kansai Logistics Service Basic Transaction Agreement (New Agreement) New agreement Waiting for processing Yamato Shoji Co., Ltd. Basic Transaction Agreement (New Agreement) New agreement Waiting for processing Hokuriku Parts Industry Co., Ltd. Outsourcing contract (termination) Cancellation Waiting for processing Yamato Shoji Co., Ltd. Confidentiality Agreement (New Agreement) New agreement Waiting for processing Tokyo Electronics Industry Co., Ltd. Confidentiality Agreement (New Agreement) New agreement Waiting for processing Waiting for Automated Window Tokyo Electronics Industry Co., Ltd. Sales contract (amendment) P12-07109774-002: Application approved. neck Ward Ward Contract termination procedure Article 1 (Scope of Application) Contract termination procedure Article 2 (Cancellation Notice) Article 3 (Payment) Article 1 (Scope of Application) Article 4 (Document Storage) Supplementary Provisions This document outlines the procedures necessary for terminating contracts wit",[],"Decision/review evidence exists, but this does NOT establish that the preceding activity could not be automated."
ses_20260701-173246-SIDDHIGUPTAB00B::12,rt,,/resident-tax,word_assisted,approve,"[{""category"": ""approve"", ""terms"": [""approval"", ""approve""]}]","Financial accounting system aaA rate finance Financial accounting system Fiscal Year 2026 - Accounting Department Naoki Sato, Accounting Manager Sa List Financial accounting operations ● Dashboard Employee ID full name item gold color status Invoice Approval and Expense Settlement calculation Hokuriku Parts Industry Co., Ltd. Order Management PO-2026-5931 Unconfirmed Expense approval (management) Tokyo Electronics Industry Co., Ltd. Order Management PO-2026-5932 completion ● Payment Processing Yamato Shoji Co., Ltd. Order Management PO-2026-5933 Unconfirmed Budget variance analysis Kansai Logistics Service Order Management PO-2026-5934 Unconfirmed ● Order Management Yamada Manufacturing Co., Ltd. Order Management PO-2026-5935 Unconfirmed Kansai Logistics Service Order Management PO-2026-5936 Unconfirmed Tokyo Electronics Industry Co., Ltd. Order Management PO-2026-5937 Unconfirmed Yamato Shoji Co., Ltd. Order Management PO-2026-5938 Unconfirmed Fukuoka System Design Order Management PO-2026-5939 Unconfirmed Kansai Logistics Service Order Management PO-2026-5940 Unconfirmed Kansai Logistics Service Order Management PO-2026-5941 Unconfirmed Global Tech LLC Order Management PO-2026-5942 Go toSP10-07109774-002: Completed neck Financial accounting system aaA finance Financial accounting system Fiscal Year 2026 - Accounting Department Naoki Sato, Accounting Manager Sa Financial accounting operations Dashboard/Order Management ● Dashboard Order Management 12 items Invoice Approval and Expense Settlement calculation List Expense approval (management) ● Payment Processing Employee ID full name item Amount status Budget variance analysis Hokuriku Parts Industry Co., Ltd. Order Management PO-2026-5931 Unconfirmed ● Order Management Tokyo Electronics Industry Co., Ltd. Order Management PO-2026-5932 completion Yamato Shoji Co., Ltd. Order Management PO-2026-5933 Unconfirmed Kansai Logistics Service Order Management PO-2026-5934 Unconfirmed Yamada Manufacturing Co., Ltd. Order Ma",[],"Decision/review evidence exists, but this does NOT establish that the preceding activity could not be automated."
ses_20260701-173246-SIDDHIGUPTAB00B::13,ob,commuting allowance | department | employment insurance | family allowance | health insurance | joining | my number | onboarding,/onboarding,word_assisted,approve,"[{""category"": ""approve"", ""terms"": [""approval"", ""approve""]}]","Financial accounting system aaA finance Financial accounting system Fiscal Year 2026 - Accounting Department Naoki Sato, Accounting Manager Sa List Financial accounting operations ● Dashboard Employee ID full name item Amount status Invoice Approval and Expense Settlement calculation Hokuriku Parts Industry Co., Ltd. Order Management PO-2026-5931 Unconfirmed Expense approval (management) Tokyo Electronics Industry Co., Ltd. Order Management PO-2026-5932 completion ● Payment Processing Yamato Shoji Co., Ltd. Order Management PO-2026-5933 completion Budget variance analysis Kansai Logistics Service Order Management PO-2026-5934 completion ● Order Management Yamada Manufacturing Co., Ltd. Order Management PO-2026-5935 Unconfirmed Kansai Logistics Service Order Management PO-2026-5936 Unconfirmed Tokyo Electronics Industry Co., Ltd. Order Management PO-2026-5937 Unconfirmed Yamato Shoji Co., Ltd. Order Management PO-2026-5938 Unconfirmed Fukuoka System Design ▲ Order Management PO-2026-5939 Unconfirmed Kansai Logistics Service Order Management PO-2026-5940 Unconfirmed Kansai Logistics Service Order Management PO-2026-5941 Unconfirmed Global Tech LLC Activate Win Verification Order Management PO-2026-5942 HR (Human Resources and Payroll) System aaA human resources HR (Human Resources and Payroll) System FY2026・Human Resources Department Mari Tanaka, Human Resources Manager Field Human resources operations Dashboard onboarding procedures ● Dashboard Onboarding procedures Expense reimbursement and payroll changes 12 results, 12 results being matched. Attendance and leave application List of New Employees ● Onboarding procedures Employee ID full name Start date Department Number of matching items status Employee benefits application Ayaka Harada Sales Department 5 items Matching ● Resident tax and other taxes Koji Uchida Human resources department 5 items Matching Koji Tsuchida Planning Department 5 items Matching Akemi Hashimoto Accounting Department 5 items Matching Sakur",[],"Decision/review evidence exists, but this does NOT establish that the preceding activity could not be automated."
ses_20260701-173246-SIDDHIGUPTAB00B::21,rt,,/resident-tax,word_assisted,approve,"[{""category"": ""approve"", ""terms"": [""approval"", ""approve""]}]","Financial accounting system aaA rate finance Financial accounting system Fiscal Year 2026 - Accounting Department Naoki Sato, Accounting Manager Sa List Financial accounting operations ● Dashboard Employee ID full name item gold color status Invoice Approval and Expense Settlement calculation Hokuriku Parts Industry Co., Ltd. Order Management PO-2026-5931 Unconfirmed Expense approval (management) Tokyo Electronics Industry Co., Ltd. Order Management PO-2026-5932 completion ● Payment Processing Yamato Shoji Co., Ltd. Order Management PO-2026-5933 completion Budget variance analysis Kansai Logistics Service Order Management PO-2026-5934 completion ● Order Management Yamada Manufacturing Co., Ltd. Order Management PO-2026-5935 completion Kansai Logistics Service Order Management PO-2026-5936 completion Tokyo Electronics Industry Co., Ltd. Order Management PO-2026-5937 Unconfirmed Yamato Shoji Co., Ltd. Order Management PO-2026-5938 Unconfirmed Fukuoka System Design Order Management PO-2026-5939 Unconfirmed Kansai Logistics Service Order Management PO-2026-5940 Unconfirmed Kansai Logistics Service Order Management PO-2026-5941 Unconfirmed Global Tech LLC Order Management PO-2026-5942 Go toSP10-07109774-006: Completed neck Financial accounting system aaA finance Financial accounting system Fiscal Year 2026 - Accounting Department Naoki Sato, Accounting Manager Sa List Financial accounting operations ● Dashboard Employee ID full name item Amount status Invoice Approval and Expense Settlement calculation Hokuriku Parts Industry Co., Ltd. Order Management PO-2026-5931 Unconfirmed Expense approval (management) Tokyo Electronics Industry Co., Ltd. Order Management P0-2026-5932 completion ● Payment Processing Yamato Shoji Co., Ltd. Order Management PO-2026-5933 completion Budget variance analysis Kansai Logistics Service Order Management PO-2026-5934 completion ● Order Management Yamada Manufacturing Co., Ltd. Order Management PO-2026-5935 completion Kansai Logistics Service O",[],"Decision/review evidence exists, but this does NOT establish that the preceding activity could not be automated."
ses_20260701-173246-SIDDHIGUPTAB00B::22,si,,/social-insurance,word_assisted,approve | manual_review,"[{""category"": ""approve"", ""terms"": [""approval"", ""approve""]}, {""category"": ""manual_review"", ""terms"": [""review""]}]","Financial accounting system aaA finance Financial accounting system Fiscal Year 2026 - Accounting Department Naoki Sato, Accounting Manager Sa List Financial accounting operations ● Dashboard Employee ID full name item Amount status Invoice Approval and Expense Settlement calculation Hokuriku Parts Industry Co., Ltd. Order Management PO-2026-5931 Unconfirmed Expense approval (management) Tokyo Electronics Industry Co., Ltd. Order Management PO-2026-5932 completion ● Payment Processing Yamato Shoji Co., Ltd. Order Management PO-2026-5933 completion Budget variance analysis Kansai Logistics Service Order Management PO-2026-5934 completion ● Order Management Yamada Manufacturing Co., Ltd. Order Management PO-2026-5935 completion Kansai Logistics Service Order Management PO-2026-5936 completion Tokyo Electronics Industry Co., Ltd. Order Management PO-2026-5937 completion Yamato Shoji Co., Ltd. Order Management PO-2026-5938 completion Fukuoka System Design ▲ Order Management PO-2026-5939 Unconfirmed Kansai Logistics Service Order Management PO-2026-5940 Unconfirmed Kansai Logistics Service Order Management PO-2026-5941 Unconfirmed Global Tech LLC Activate Win Verification Order Management PO-2026-5942 neck Order and Inventory Management System aaA Receiving/Receiving Order and Inventory Management System 2026・Logistics Management Department Kenji Takahashi, Logistics Manager high List of applications Order processing and inventory management ● Dashboard Employee ID full name Application Type Period and details Department status Inventory Management Hokuriku Parts Industry Co., Ltd. Confidentiality Agreement (New Agreement) New agreement approval ● Contract management Global Tech LLC Confidentiality Agreement (New Agreement) New agreement approval Return processing ● IT application Yamato Shoji Co., Ltd. Maintenance contract (renewal) update approval ● Orders and other Hokuriku Parts Industry Co., Ltd. Maintenance contract (renewal) update approval Yamato Shoji Co., Ltd. ",[],"Decision/review evidence exists, but this does NOT establish that the preceding activity could not be automated."
ses_20260701-173246-SIDDHIGUPTAB00B::32,pi,deduction | dependent deduction | expense reimbursement | expense settlement | payroll | payroll change | transportation expense,/payroll-items,word_assisted,approve | hold,"[{""category"": ""approve"", ""terms"": [""approval"", ""approve""]}, {""category"": ""hold"", ""terms"": [""hold""]}]","HR (Human Resources and Payroll) System aaA human resources HR (Human Resources and Payroll) System FY2026・Human Resources Department Mari Tanaka, Human Resources Manager Field Shota Tsuda Overtime pay adjustment 11,939 yen adjustment Unprocessed Human resources operations Shohei Shimizu New position-based allowance established. 33,327 yen Steady state Unprocessed ● Dashboard Sakura Eguchi Overtime pay adjustment 11,939 yen adjustment Unprocessed Expense reimbursement and payroll changes Attendance and leave application Rie Kikuchi Change in dependent deduction Steady state Unprocessed ● Onboarding procedures Details — P1-07109774-005 · Mina Ishida ● Application for employee benefits Unprocessed ● Resident tax and other taxes Management ID Employee ID classification Transportation expense settlement type Steady state Amount 21,542 yen status Unprocessed Reference: Applicant classification: regular Approval authority: Human Resources Department Processing comments Please enter the processing details and confirmation comments... ✓ Registration confirmed &quot;on hold neck HR (Human Resources and Payroll) System aaA human resources HR (Human Resources and Payroll) System FY2026・Human Resources Department 2026/07/01 23:12:30 Mari Tanaka, Human Resources Manager Field Shota Tsuda Overtime pay adjustment 11,939 yen adjustment Unprocessed Human resources operations Shohei Shimizu New position-based allowance established. 33,327 yen Steady state Unprocessed ● Dashboard Sakura Eguchi Overtime pay adjustment 11,939 yen adjustment Unprocessed Expense reimbursement and payroll changes Attendance and leave application Rie Kikuchi Change in dependent deduction Steady state Unprocessed ● Onboarding procedures Details — P1-07109774-005 · Mina Ishida ● Application for employee benefits Unprocessed ● Resident tax and other taxes Management ID Employee ID classification Transportation expense settlement type Steady state Amount 21,542 yen status Unprocessed Reference: Applicant classi",[],"Decision/review evidence exists, but this does NOT establish that the preceding activity could not be automated."
ses_20260701-173246-SIDDHIGUPTAB00B::36,pi,deduction | dependent deduction | expense reimbursement | payroll | payroll change,/payroll-items,word_assisted,approve | hold,"[{""category"": ""approve"", ""terms"": [""approval"", ""approve""]}, {""category"": ""hold"", ""terms"": [""hold""]}]","Settlement confirmation memo and others Field Settlement confirmation memo Expense reimbursement confirmed. Expense item: Business trip expenses. Amount: 60,701 yen. Confirmed to be within regulations. mouth neck HR (Human Resources and Payroll) System aaA human resources HR (Human Resources and Payroll) System FY2026・Human Resources Department 2026/07/01 23:13:04 Mari Tanaka, Human Resources Manager Field Shota Tsuda Overtime pay adjustment 11,939 yen adjustment Unprocessed Human resources operations Shohei Shimizu New position-based allowance established. 33,327 yen Steady state Unprocessed ● Dashboard Sakura Eguchi Overtime pay adjustment 11,939 yen adjustment Unprocessed Expense reimbursement and payroll changes Attendance and leave application Rie Kikuchi Change in dependent deduction Steady state Unprocessed ● Onboarding procedures Details — P1-07109774-008 ·Daiki Ueno ● Application for employee benefits Unprocessed ● Resident tax and other taxes Management ID Employee ID classification Business trip expenses type Steady state Amount 21,956 yen status Unprocessed Reference: Applicant classification: regular Approval authority: Department head Processing comments Expense reimbursement confirmed. Expense item: Business trip expenses. Amount: 21,956 yen. Confirmed to be within regulations. ✓ Registration confirmed &quot;on hold neck",[],"Decision/review evidence exists, but this does NOT establish that the preceding activity could not be automated."
ses_20260701-173642-NEELA9BAF::1,rt,,/leave-applications | /payroll-items | /resident-tax | /social-insurance,notepad_assisted,approve,"[{""category"": ""approve"", ""terms"": [""approval"", ""approve""]}]","Order and Inventory Management System Order and Inventory Management System aa Receiving/Receiving Order and Inventory Management System Kenji Kyo, Logistics Manager high Order processing and inventory management Dashboard Inventory Management contract management Return processing IT application Orders and other Order and Inventory Management System Order and Inventory Management System aa Receiving/Receiving Order and Inventory Management System Kenji Kyo, Logistics Manager high Order processing and inventory management Dashboard Inventory Management contract management Return processing IT application Orders and other Order and Inventory Management System Order and Inventory Management System aa Receiving/Receiving Order and Inventory Management System Kenji Kyo, Logistics Manager high Order processing and inventory management Dashboard Inventory Management contract management Return processing IT application Orders and other Order and Inventory Management System Order and Inventory Management System aa Receiving/Receiving Order and Inventory Management System Kenji Kyo, Logistics Manager high Order processing and inventory management Dashboard Inventory Management contract management Return processing IT application Orders and other Order and Inventory Management System Order and Inventory Management System aa Receiving/Receiving Order and Inventory Management System Kenji Kyo, Logistics Manager high Order processing and inventory management Dashboard Inventory Management contract management Return processing IT application Orders and other Order and Inventory Management System Order and Inventory Management System aa Receiving/Receiving Order and Inventory Management System Kenji Kyo, Logistics Manager high Order processing and inventory management Dashboard Inventory Management contract management Return processing IT application Orders and other Order and Inventory Management System Order and Inventory Management System aa Receiving/Receiving Order and Invento",[],"Decision/review evidence exists, but this does NOT establish that the preceding activity could not be automated."
ses_20260701-173642-NEELA9BAF::2,rt,,/resident-tax,notepad_assisted,approve,"[{""category"": ""approve"", ""terms"": [""approval"", ""approve""]}]","Financial accounting system Financial accounting system aa same finance Financial accounting system Fiscal Year 2026 - Accounting Department 2026/07/01 23:07:02 Naoki Sato, Accounting Manager Sa Financial accounting operations Dashboard/Order Management ● Dashboard Order Management 12 items Invoice Approval and Expense Settlement calculation List Expense approval (management) ● Payment Processing Employee ID full name item gold color status ● Budget variance analysis Yamato Shoji Co., Ltd. Order Management PO-2026-5775 completion ● Order Management Okinawa Logistics Center Order Management P0-2026-5776 Unconfirmed Kansai Logistics Service Order Management P0-2026-5777 Unconfirmed Okinawa Logistics Center Order Management P0-2026-5778 Unconfirmed Global Tech LLC Order Management PO-2026-5779 Unconfirmed Tokyo Electronics Industry Co., Ltd. ⚠ Order Management PO-2026-5780 Unconfirmed Okinawa Logistics Center Order Management PO-2026-5781 Unconfirmed Hokuriku Parts Industry Co., Ltd. Order Management PO-2026-5782 Unconfirmed Okinawa Logistics Center Order Management PO-2026-5783 Unconfirmed Kansai Logistics Service Order Management PO-2026-5784 Unconfirmed Fukuoka System Design Order Management PO-2026-5785 Unconfirmed Okinawa Logistics Center Order Management PO-2026-5786 Unconfirmed P10-07047510-001: Completed Financial accounting system Financial accounting system aa same rate finance Financial accounting system Fiscal Year 2026 - Accounting Department 2026/07/01 23:07:04 Naoki Sato, Accounting Manager Sa Financial accounting operations Dashboard Order Management ● Dashboard Order Management 12 items Invoice Approval and Expense Settlement calculation List Expense approval (management) ● Payment Processing Employee ID full name item Amount status ● Budget variance analysis Yamato Shoji Co., Ltd. Order Management PO-2026-5775 completion ● Order Management Okinawa Logistics Center Order Management PO-2026-5776 Unconfirmed Kansai Logistics Service Order Management PO-2",[],"Decision/review evidence exists, but this does NOT establish that the preceding activity could not be automated."
ses_20260701-173642-NEELA9BAF::21,pi,expense reimbursement | expense settlement,/payroll-items,word_assisted,approve | hold,"[{""category"": ""approve"", ""terms"": [""approval"", ""approve""]}, {""category"": ""hold"", ""terms"": [""hold""]}]","Financial accounting system Financial accounting system aa finance Financial accounting system Fiscal Year 2026 - Accounting Department Naoki Sato, Accounting Manager Sa Financial accounting operations Dashboard Invoice Approval/Expense Reimbursement ● Dashboard Invoice approval and expense reimbursement Invoice Approval and Expense Settlement 12 items · 11 items unprocessed calculation List of items awaiting processing Expense approval (management) ● Payment Processing Employee ID full name classification Amount type status Budget variance analysis Okinawa Logistics Center Invoice Approval INV-2026-7532 310,006 yen adjustment Registered ● Order Management Hokuriku Parts Industry Co., Ltd. Invoice Approval INV-2026-7533 381,332 yen Steady state Unprocessed Global Tech LLC Invoice Approval INV-2026-7534 765,766 yen adjustment Unprocessed Tokyo Electronics Industry Co., Ltd. Invoice Approval INV-2026-7535 583,781 yen Steady state Unprocessed Tokyo Electronics Industry Co., Ltd. Invoice Approval INV-2026-7536 544,435 yen Steady state Unprocessed Kansai Logistics Service Invoice Approval INV-2026-7537 2,850,234 yen Steady state Unprocessed Kansai Logistics Service Invoice Approval INV-2026-7538 3,243,130 yen Steady state Unprocessed Hokuriku Parts Industry Co., Ltd. Invoice Approval INV-2026-7539 453,807 yen Steady state Unprocessed Fukuoka System Design Invoice Approval INV-2026-7540 1,674,594 yen Steady state Unprocessed Yamato Shoji Co., Ltd. Invoice Approval INV-2026-7541 1,289,974 yen adjustment Unprocessed Kansai Logistics Service Invoice Approval INV-2026-7542 3,267,097 yen adjustment Unprocessed Steady-state activateWind theory Fukuoka System Design Invoice Approval INV-2026-7543 1,838,678 yen DC 07047510 002 Kitamikaro T Optical△sha →Three Ward Ward Ward Ward List of Monthly Subscription Clients List of Monthly Subscription Clients overview List of fixed-rate clients Verification procedure overview A list of clients for whom a fixed monthly invoice is issued. T",[],"Decision/review evidence exists, but this does NOT establish that the preceding activity could not be automated."
ses_20260701-173642-NEELA9BAF::25,pi,expense reimbursement | expense settlement,/payroll-items,word_assisted,approve | hold,"[{""category"": ""approve"", ""terms"": [""approval"", ""approve""]}, {""category"": ""hold"", ""terms"": [""hold""]}]","Financial accounting system Financial accounting system aa finance Financial accounting system Fiscal Year 2026 - Accounting Department 2026/07/01 23:12:06 Naoki Sato, Accounting Manager Sa Financial accounting operations Dashboard Invoice Approval/Expense Reimbursement ● Dashboard Invoice approval and expense reimbursement Invoice Approval and Expense Settlement 12 items, 9 items unprocessed calculation List of items awaiting processing Expense approval (management) Payment processing Employee ID full name classification Amount type status Budget variance analysis Okinawa Logistics Center Invoice Approval INV-2026-7532 310,006 yen adjustment Registered ● Order Management Hokuriku Parts Industry Co., Ltd. Invoice Approval INV-2026-7533 381,332 yen Steady state Registered Global Tech LLC Invoice Approval INV-2026-7534 765,766 yen adjustment Registered Tokyo Electronics Industry Co., Ltd. Invoice Approval INV-2026-7535 583,781 yen Steady state Unprocessed Tokyo Electronics Industry Co., Ltd. Invoice Approval INV-2026-7536 544,435 yen Steady state Unprocessed Kansai Logistics Service Invoice Approval INV-2026-7537 2,850,234 yen Steady state Unprocessed Kansai Logistics Service Invoice Approval INV-2026-7538 3,243,130 yen Steady state Unprocessed Hokuriku Parts Industry Co., Ltd. Invoice Approval INV-2026-7539 453,807 yen Steady state Unprocessed Fukuoka System Design Invoice Approval INV-2026-7540 1,674,594 yen Steady state Unprocessed Yamato Shoji Co., Ltd. Invoice Approval INV-2026-7541 1,289,974 yen adjustment Unprocessed Kansai Logistics Service Invoice Approval INV-2026-7542 3,267,097 yen adjustment Unprocessed Stivate WindL Fukuoka System Design Invoice Approval INV-2026-7543 1,838,678 yen Financial accounting system Financial accounting system aa finance Financial accounting system Fiscal Year 2026 - Accounting Department Naoki Sato, Accounting Manager Sa Financial accounting operations Dashboard Invoice Approval/Expense Reimbursement ● Dashboard Invoice approva",[],"Decision/review evidence exists, but this does NOT establish that the preceding activity could not be automated."
ses_20260701-173642-NEELA9BAF::29,pi,deduction | dependent deduction | expense reimbursement | expense settlement | payroll | payroll change | salary | transportation expense,/payroll-items,word_assisted,hold,"[{""category"": ""hold"", ""terms"": [""hold""]}]","HR (Human Resources and Payroll) System HR (Human Resources and Payroll) System aa rate human resources HR (Human Resources and Payroll) System FY2026・Human Resources Department Mari Tanaka, Human Resources Manager Field Human resources operations Takuya Aoki Transportation expense settlement 5,643 yen Steady state Unprocessed ● Dashboard Nana Shimada Training expenses 55,179 yen Steady state unresolved Expense reimbursement and payroll changes Nana Shimada Entertainment expenses 96,317 yen adjustment unresolved Attendance and leave application Kenichi Toyama Consumables cost 12,572 yen Steady state Unprocessed ● Onboarding procedures Ryosuke Kirishima Business trip expenses 57,547 yen Steady state Unprocessed ● Application for employee benefits ● Resident tax and other taxes Kenichi Toyama Abolition of position allowances 9,569 yen Steady state Registered Shohei Shimizu Overtime pay adjustment 13,528 yen Adjustment Unprocessed Shota Tsuda New position-based allowance established. 22,166 yen Steady state Unprocessed Mayu Teramoto New position-based allowance established. 22,166 yen Steady state unresolved Kenichi Toyama New position-based allowance established. 22,166 yen Steady state unresolved Shota Tsuda New position-based allowance established. 22,166 yen Steady state unresolved Shohei Shimizu Abolition of position allowances 9,569 yen Steady state Unprocessed Shota Tsuda Salary increase 11,631 yen Steady state Unprocessed Shota Tsuda Salary increase 11,631 yen Steady state Unprocessed Mayu Teramoto Salary increase 11,631 yen Steady state Unprocessed Takuya Aoki Abolition of position allowances 9,569 yen Steady state Unprocessed Ishida Mina Change in dependent deduction Steady state P4-07047510-001: Registration confirmed. HR (Human Resources and Payroll) System HR (Human Resources and Payroll) System aa human resources HR (Human Resources and Payroll) System FY2026・Human Resources Department 2026/07/01 23:13:48 Mari Tanaka, Human Resources Manager Field Hoshich",[],"Decision/review evidence exists, but this does NOT establish that the preceding activity could not be automated."
ses_20260701-173642-NEELA9BAF::39,si,childcare leave | exemption | maternity leave | social insurance,/social-insurance,word_assisted,approve,"[{""category"": ""approve"", ""terms"": [""approval"", ""approve""]}]","Financial accounting system Financial accounting system aa rate finance Financial accounting system Fiscal Year 2026 - Accounting Department Naoki Sato, Accounting Manager Sa Financial accounting operations Dashboard Invoice Approval/Expense Reimbursement ● Dashboard Invoice approval and expense reimbursement Invoice Approval and Expense Settlement 12 items, 2 items unprocessed calculation List of items awaiting processing Expense approval (management) Payment processing Employee ID full name classification Amount type status Budget variance analysis Okinawa Logistics Center Invoice Approval INV-2026-7532 310,006 yen adjustment Registered ● Order Management Hokuriku Parts Industry Co., Ltd. Invoice Approval INV-2026-7533 381,332 yen Steady state Registered Global Tech LLC Invoice Approval INV-2026-7534 765,766 yen adjustment Registered Tokyo Electronics Industry Co., Ltd. Invoice Approval INV-2026-7535 583,781 yen Steady state Registered Tokyo Electronics Industry Co., Ltd. Invoice Approval INV-2026-7536 544,435 yen Steady state Registered Kansai Logistics Service Invoice Approval INV-2026-7537 2,850,234 yen Steady state Registered Kansai Logistics Service Invoice Approval INV-2026-7538 3,243,130 yen Steady state Registered Hokuriku Parts Industry Co., Ltd. Invoice Approval INV-2026-7539 453,807 yen Steady state Registered Fukuoka System Design Invoice Approval INV-2026-7540 1,674,594 yen Steady state Registered Yamato Shoji Co., Ltd. Invoice Approval INV-2026-7541 1,289,974 yen adjustment Registered Kansai Logistics Service Invoice Approval INV-2026-7542 3,267,097 yen adjustment Unprocessed Steady-state tivateWind Fukuoka System Design Invoice Approval INV-2026-7543 1,838,678 yen ×HR Human Resources and Payroll System HR (Human Resources and Payroll) System aa same rate human resources HR (Human Resources and Payroll) System FY2026・Human Resources Department 2026/07/01 23:16:09 Mari Tanaka, Human Resources Manager Field Human resources operations Dashboard Employee",[],"Decision/review evidence exists, but this does NOT establish that the preceding activity could not be automated."
ses_20260701-175258-LAPTOP-76QMG9DE::9,pi,deduction | dependent deduction | expense reimbursement | expense settlement | payroll | payroll change | salary | transportation expense,/payroll-items,notepad_assisted,approve | hold,"[{""category"": ""approve"", ""terms"": [""approval"", ""approve""]}, {""category"": ""hold"", ""terms"": [""hold""]}]","HR (Human Resources and Payroll) System HR (Human Resources and Payroll) System aa human resources HR (Human Resources and Payroll) System FY2026・Human Resources Department 2026/07/01 23:24:36 Mari Tanaka, Human Resources Manager Field Human resources operations Ishida Mina Business trip expenses 29,289 yen Steady state Unprocessed Dashboard Rie Kikuchi Transportation expense settlement 15,570 yen Steady state Unprocessed Expense reimbursement and payroll changes Yuji Sakamoto Training expenses 11,116 yen Steady state Unprocessed Attendance and leave application Rie Kikuchi Salary increase 16,288 yen Steady state Unprocessed Onboarding procedures Employee benefits application Takuya Aoki Abolition of position allowances 17,344 yen Steady state Unprocessed ● Resident tax and other taxes Ryosuke Kirishima Abolition of position allowances 17,344 yen Steady state Unprocessed Sakura Eguchi Abolition of position allowances 17,344 yen Steady state Unprocessed Tomoya Okada Salary increase 16,288 yen Steady state Unprocessed Kenichi Toyama Change in dependent deduction Steady state Unprocessed Takuya Aoki Abolition of position allowances 17,344 yen Steady state Unprocessed Tomoya Okada New position-based allowance established. 12,922 yen Steady state Unprocessed Ishida Mina Abolition of position allowances 17,344 yen Steady state Unprocessed Nana Shimada Salary increase 16,288 yen Steady state Unprocessed Sakura Eguchi Salary increase 16,288 yen Steady state Unprocessed Daiki Ueno Abolition of position allowances 17,344 yen Steady state Unprocessed P1-07089771-002: Registration confirmed. Self Settlement confirmation memo Field A Settlement confirmation memo Expense reimbursement confirmed. Expense category: Entertainment and hospitality expenses. Amount: 129,596 yen. Confirmed to be within regulations. Self Settlement confirmation memo Field A Settlement confirmation memo Expense reimbursement confirmed. Expense category: Entertainment and hospitality expenses. Amount: 129,",[],"Decision/review evidence exists, but this does NOT establish that the preceding activity could not be automated."
ses_20260701-175258-LAPTOP-76QMG9DE::11,pi,deduction | dependent deduction | expense reimbursement | expense settlement | payroll | payroll change | salary | transportation expense,/payroll-items,word_assisted,approve | hold,"[{""category"": ""approve"", ""terms"": [""approval"", ""approve""]}, {""category"": ""hold"", ""terms"": [""hold""]}]","HR (Human Resources and Payroll) System HR (Human Resources and Payroll) System aa skewer human resources HR (Human Resources and Payroll) System FY2026・Human Resources Department Mari Tanaka, Human Resources Manager Field Human resources operations Ishida Mina Business trip expenses 29,289 yen Steady state Unprocessed Dashboard Rie Kikuchi Transportation expense settlement 15,570 yen Steady state Unprocessed Expense reimbursement and payroll changes Yuji Sakamoto Training expenses 11,116 yen Steady state Unprocessed Attendance and leave application Rie Kikuchi Salary increase 16,288 yen Steady state Unprocessed Onboarding procedures Takuya Aoki Abolition of position allowances 17,344 yen Steady state Employee benefits application Unprocessed Resident tax and other taxes Ryosuke Kirishima Abolition of position allowances 17,344 yen Steady state Unprocessed Sakura Eguchi Abolition of position allowances 17,344 yen Steady state Unprocessed Tomoya Okada Salary increase 16,288 yen Steady state Unprocessed Kenichi Toyama Change in dependent deduction Steady state Unprocessed Takuya Aoki Abolition of position allowances 17,344 yen Steady state Unprocessed Tomoya Okada New position-based allowance established. 12,922 yen Steady state Unprocessed Ishida Mina Abolition of position allowances 17,344 yen Steady state Unprocessed Nana Shimada Salary increase 16,288 yen Steady state Unprocessed Sakura Eguchi Salary increase 16,288 yen Steady state Unprocessed Daiki Ueno Abolition of position allowances 17,344 yen Steady state Unprocessed P1-07089771-005: Registration confirmed. Settlement confirmation memo Field A Settlement confirmation memo Expense reimbursement confirmed. Expense category: Entertainment and hospitality expenses. Amount: 129,596 yen. Confirmed to be within regulations. neck Settlement confirmation memo Field A Settlement confirmation memo Expense reimbursement confirmed. Expense category: Entertainment and hospitality expenses. Amount: 60,936 yen. Confirmed to",[],"Decision/review evidence exists, but this does NOT establish that the preceding activity could not be automated."
ses_20260701-175258-LAPTOP-76QMG9DE::14,ob,department,/onboarding,word_assisted,approve,"[{""category"": ""approve"", ""terms"": [""approval"", ""approve""]}]","Financial accounting system Financial accounting system aa finance Financial accounting system Fiscal Year 2026 - Accounting Department 2026/07/01 23:26:30 Naoki Sato, Accounting Manager Sa Grammar student Financial accounting operations 12 results, 8 being matched. Dashboard List of New Employees Invoice Approval and Expense Settlement calculation Employee ID full name Start date Department Number of matching items status Expense approval (management) Kansai Logistics Service Bank transfer ¥3,318,839 INV-1689 Approved 3 items completion Payment processing Okinawa Logistics Center Bank transfer ¥304,020 INV-1690 Approved 3 items completion Budget variance analysis Yamato Shoji Co., Ltd. Bank transfer: ¥1,406,071 INV-1691 Approved 3 items completion Order Management Fukuoka System Design Bank transfer ¥1,863,868 INV-1692 Approved 3 items completion Fukuoka System Design Bank transfer ¥1,616,594 INV-1693 Approved 3 items Matching Kansai Logistics Service Bank transfer ¥2,727,293 INV-1694 Approved 2 items Matching Tokyo Electronics Industry Co., Ltd. Bank transfer ¥487,127 INV-1695 Approved 3 items Matching Tokyo Electronics Industry Co., Ltd. Bank transfer ¥534,343 INV-1696 Approved 2 items Matching Tokyo Electronics Industry Co., Ltd. Bank transfer ¥485,376 INV-1697 Approved 2 items Matching Kansai Logistics Service Bank transfer ¥3,126,596 INV-1698 Approved 2 items Matching Fukuoka System Design Bank transfer ¥1,632,714 INV-1699 Approved 2 items Matching Tokyo Electronics Industry Co., Ltd. Bank transfer ¥624,090 INV-1700 Approved 4 items Matching Self Financial accounting system Financial accounting system finance Financial accounting system Fiscal Year 2026 - Accounting Department 2026/07/01 23:26:30 Naoki Sato, Accounting Manager Sa Financial accounting operations 12 results, 8 being matched. Dashboard List of New Employees Invoice Approval and Expense Settlement calculation Employee ID full name Start date Department Number of matching items status Expense appro",[],"Decision/review evidence exists, but this does NOT establish that the preceding activity could not be automated."
ses_20260701-175258-LAPTOP-76QMG9DE::22,ob,department,/onboarding,word_assisted,approve,"[{""category"": ""approve"", ""terms"": [""approval"", ""approve""]}]","Financial accounting system Financial accounting system finance Financial accounting system Fiscal Year 2026 - Accounting Department 2026/07/01 23:28:48 Naoki Sato, Accounting Manager Sa 12 results, 1 result being matched. Financial accounting operations Dashboard List of New Employees Invoice Approval and Expense Settlement calculation Employee ID full name Start date Department Number of matching items status Expense approval (management) Kansai Logistics Service Bank transfer ¥3,318,839 INV-1689 Approved 3 items completion Payment processing Okinawa Logistics Center Bank transfer ¥304,020 INV-1690 Approved 3 items completion Budget variance analysis Yamato Shoji Co., Ltd. Transfer amount: ¥1,406,071 INV-1691 Approved 3 items completion Order Management Fukuoka System Design Bank transfer ¥1,863,868 INV-1692 Approved 3 items completion Fukuoka System Design Bank transfer ¥1,616,594 INV-1693 Approved 3 items completion Kansai Logistics Service Transfer amount: ¥2,727,293 INV-1694 Approved 2 items completion Tokyo Electronics Industry Co., Ltd. Bank transfer ¥487,127 INV-1695 Approved 3 items completion Tokyo Electronics Industry Co., Ltd. Bank transfer ¥534,343 INV-1696 Approved 2 items completion Tokyo Electronics Industry Co., Ltd. Bank transfer ¥485,376 INV-1697 Approved 2 items completion Kansai Logistics Service Bank transfer: ¥3,126,596 INV-1698 Approved 2 items completion Fukuoka System Design Bank transfer ¥1,632,714 INV-1699 Approved 2 items completion Tokyo Electronics Industry Co., Ltd. Bank transfer ¥624,090 INV-1700 Approved 4 items Matching P7-07089771-011: Verification complete. Self Financial accounting system Financial accounting system aa finance Financial accounting system Fiscal Year 2026 - Accounting Department 2026/07/01 23:28:55 Naoki Sato, Accounting Manager Sa 12 results, 1 result being matched. Financial accounting operations Dashboard List of New Employees Invoice Approval and Expense Settlement calculation Employee ID full name Start dat",[],"Decision/review evidence exists, but this does NOT establish that the preceding activity could not be automated."
ses_20260701-175258-LAPTOP-76QMG9DE::26,la,attendance | leave,/leave-applications,word_assisted,approve | manual_review,"[{""category"": ""approve"", ""terms"": [""approval"", ""approve""]}, {""category"": ""manual_review"", ""terms"": [""review""]}]","HR (Human Resources and Payroll) System HR (Human Resources and Payroll) System aa human resources HR (Human Resources and Payroll) System FY2026・Human Resources Department 2026/07/01 23:29:46 Mari Tanaka, Human Resources Manager Field Human resources operations Ishida Mina Business trip expenses 29,289 yen Steady state Registered Dashboard Rie Kikuchi Transportation expense settlement 15,570 yen Steady state Registered Expense reimbursement and payroll changes Yuji Sakamoto Training expenses 11,116 yen Steady state Registered Attendance and leave application Rie Kikuchi Salary increase 16,288 yen Steady state Registered Onboarding procedures Takuya Aoki Abolition of position allowances Employee benefits application 17,344 yen Steady state Registered Resident tax and other taxes Ryosuke Kirishima Abolition of position allowances 17,344 yen Steady state Registered Sakura Eguchi Abolition of position allowances 17,344 yen Steady state Registered Tomoya Okada Salary increase 16,288 yen Steady state Unprocessed Kenichi Toyama Change in dependent deduction Steady state Unprocessed Takuya Aoki Abolition of position allowances 17,344 yen Steady state Unprocessed Tomoya Okada New position-based allowance established. 12,922 yen Steady state Unprocessed Ishida Mina Abolition of position allowances 17,344 yen Steady state Unprocessed Nana Shimada Salary increase 16,288 yen Steady state Unprocessed Sakura Eguchi Salary increase 16,288 yen Steady state Unprocessed Daiki Ueno Abolition of position allowances 17,344 yen Steady state Unprocessed Financial accounting system Financial accounting system aa finance Financial accounting system Fiscal Year 2026 - Accounting Department 2026/07/01 23:29:47 Naoki Sato, Accounting Manager Sa Financial accounting operations Dashboard / Expense Approval (for Managers) Dashboard Expense approval (management) Invoice Approval / Expense Settlement 12 items · 12 items pending calculation List of applications Expense approval (management) Payment ",[],"Decision/review evidence exists, but this does NOT establish that the preceding activity could not be automated."
ses_20260701-175258-LAPTOP-76QMG9DE::32,pi,expense reimbursement | expense settlement,/payroll-items,word_assisted,approve | hold,"[{""category"": ""approve"", ""terms"": [""approval"", ""approve""]}, {""category"": ""hold"", ""terms"": [""hold""]}]","Financial accounting system Financial accounting system skewer finance Financial accounting system Fiscal Year 2026 - Accounting Department 2026/07/01 23:32:13 Naoki Sato, Accounting Manager Sa 12 items - 10 items unprocessed Financial accounting operations Dashboard List of items awaiting processing Invoice Approval and Expense Settlement calculation Employee ID full name classification gold color type status Expense approval (management) Hokuriku Parts Industry Co., Ltd. Invoice Approval INV-2026-7008 408,812 yen adjustment Registered Payment processing Okinawa Logistics Center Invoice Approval INV-2026-7009 302,898 yen adjustment Registered Budget variance analysis Fukuoka System Design Invoice Approval INV-2026-7010 2,009,014 yen Steady state Unprocessed Order Management Kansai Logistics Service Request approval INV-2026-7011 3,088,562 yen Steady state Unprocessed Fukuoka System Design Invoice Approval INV-2026-7012 1,720,278 yen Steady state Unprocessed Yamada Manufacturing Co., Ltd. Invoice Approval INV-2026-7013 359,064 yen Steady state Unprocessed Global Tech LLC Invoice Approval INV-2026-7014 677,045 yen Steady state Unprocessed Global Tech LLC Invoice Approval INV-2026-7015 699,498 yen Steady state Unprocessed Yamato Shoji Co., Ltd. Invoice Approval INV-2026-7016 1,345,871 yen Steady state Unprocessed Yamada Manufacturing Co., Ltd. Invoice Approval INV-2026-7017 414,880 yen adjustment Unprocessed Tokyo Electronics Industry Co., Ltd. Invoice Approval INV-2026-7018 563,848 yen adjustment Unprocessed Global Tech LLC Inquiry Approval INV-2026-7019 711,772 yen adjustment Unprocessed P6-07089771-002: Registration confirmed. Self Financial accounting system Financial accounting system finance Financial accounting system Fiscal Year 2026 - Accounting Department 2026/07/01 23:32:15 Naoki Sato, Accounting Manager Sa 12 items - 10 items unprocessed Financial accounting operations Dashboard List of items awaiting processing Invoice Approval and Expense Settlement calc",[],"Decision/review evidence exists, but this does NOT establish that the preceding activity could not be automated."
ses_20260701-175747-SIDDHIGUPTAB00B::6,pi,deduction | dependent deduction | expense reimbursement | expense settlement | payroll | payroll change | salary | transportation expense,/payroll-items,word_assisted,approve | hold,"[{""category"": ""approve"", ""terms"": [""approval"", ""approve""]}, {""category"": ""hold"", ""terms"": [""hold""]}]","HR (Human Resources and Payroll) System HR (Human Resources and Payroll) System aaA human resources HR (Human Resources and Payroll) System FY2026・Human Resources Department Mari Tanaka, Human Resources Manager Field Daiki Ueno New position-based allowance established. 44,338 yen Steady state Unprocessed Human resources operations Shota Tsuda Salary increase 19,390 yen Steady state Unprocessed ● Dashboard Mayu Teramoto Change in dependent deduction Steady state Unprocessed Expense reimbursement and payroll changes Attendance and leave application Kenichi Toyama New position-based allowance established. 44,338 yen Steady state Unprocessed ● Onboarding procedures Details — P1-07106250-001 · Mayu Teramoto ● Application for employee benefits Unprocessed ● Resident tax and other taxes Management ID Employee ID classification Entertainment expenses type adjustment Amount 90,198 yen status Unprocessed Reference: Applicant category: manager Approval authority: officer Processing comments Expense reimbursement confirmed. Expense category: Entertainment and hospitality expenses Amount: 90,198 yen. Confirmed to be within the regulations. ✓ Registration confirmed &quot;on hold HR (Human Resources and Payroll) System HR (Human Resources and Payroll) System aaA human resources HR (Human Resources and Payroll) System FY2026・Human Resources Department 2026/07/01 23:29:29 Mari Tanaka, Human Resources Manager Field Daiki Ueno New position-based allowance established. 44,338 yen Steady state Unprocessed Human resources operations Shota Tsuda Salary increase 19,390 yen Steady state Unprocessed ● Dashboard Mayu Teramoto Change in dependent deduction Steady state Unprocessed Expense reimbursement and payroll changes Attendance and leave application Kenichi Toyama New position-based allowance established. 44,338 yen Steady state Unprocessed ● Onboarding procedures Details — P1-07106250-002 · Takuya Aoki ● Application for employee benefits Unprocessed ● Resident tax and other taxes Managem",[],"Decision/review evidence exists, but this does NOT establish that the preceding activity could not be automated."
ses_20260701-175747-SIDDHIGUPTAB00B::7,pi,deduction | dependent deduction | expense reimbursement | payroll | payroll change | salary,/payroll-items,word_assisted,approve | hold,"[{""category"": ""approve"", ""terms"": [""approval"", ""approve""]}, {""category"": ""hold"", ""terms"": [""hold""]}]","HR (Human Resources and Payroll) System HR (Human Resources and Payroll) System aaA human resources HR (Human Resources and Payroll) System FY2026・Human Resources Department Mari Tanaka, Human Resources Manager Field Daiki Ueno New position-based allowance established. 44,338 yen Steady state Unprocessed Human resources operations Shota Tsuda Salary increase 19,390 yen Steady state Unprocessed ● Dashboard Mayu Teramoto Change in dependent deduction Steady state Unprocessed Expense reimbursement and payroll changes Attendance and leave application Kenichi Toyama New position-based allowance established. 44,338 yen Steady state Unprocessed ● Onboarding procedures Details — P1-07106250-003 · Mayu Teramoto ● Application for employee benefits Unprocessed ● Resident tax and other taxes Management ID Employee ID classification Entertainment expenses type adjustment Amount 87,653 yen status Unprocessed Reference: Applicant category: manager Approval authority: officer Processing comments Expense reimbursement confirmed. Expense category: Entertainment and hospitality expenses Amount: 87,653 yen. Confirmed to be within the regulations. ✓ Registration confirmed &quot;on hold",[],"Decision/review evidence exists, but this does NOT establish that the preceding activity could not be automated."
ses_20260701-175747-SIDDHIGUPTAB00B::9,rt,,/resident-tax,word_assisted,approve,"[{""category"": ""approve"", ""terms"": [""approval"", ""approve""]}]","Settlement confirmation memo and others one Field Settlement confirmation memo Expense reimbursement confirmed. Expense item: Transportation expenses. Amount: 19,396 yen. Confirmed to be within regulations. three Financial accounting system Financial accounting system aa finance Financial accounting system Fiscal Year 2026 - Accounting Department Naoki Sato, Accounting Manager Sa Financial accounting operations Dashboard/Order Management ● Dashboard Order Management 12 items Invoice Approval and Expense Settlement calculation List Expense approval (management) ● Payment Processing Employee ID full name item Amount status Budget variance analysis Tokyo Electronics Industry Co., Ltd. ⚠ Order Management PO-2026-5426 Unconfirmed ● Order Management Fukuoka System Design Order Management PO-2026-5427 Unconfirmed Hokuriku Parts Industry Co., Ltd. Order Management PO-2026-5428 Unconfirmed Yamada Manufacturing Co., Ltd. ⚠ Order Management PO-2026-5429 Unconfirmed Yamada Manufacturing Co., Ltd. Order Management PO-2026-5430 Unconfirmed Okinawa Logistics Center Order Management PO-2026-5431 Unconfirmed Yamada Manufacturing Co., Ltd. Order Management PO-2026-5432 Unconfirmed Kansai Logistics Service Order Management PO-2026-5433 Unconfirmed Tokyo Electronics Industry Co., Ltd. Order Management PO-2026-5434 Unconfirmed Tokyo Electronics Industry Co., Ltd. Order Management PO-2026-5435 Unconfirmed Financial accounting system Financial accounting system aaA finance Financial accounting system Fiscal Year 2026 - Accounting Department Naoki Sato, Accounting Manager Sa Kansai Logistics Service Order Management PO-2026-5433 Unconfirmed Financial accounting operations ● Dashboard Tokyo Electronics Industry Co., Ltd. Order Management PO-2026-5434 Unconfirmed Invoice Approval and Expense Settlement Tokyo Electronics Industry Co., Ltd. Order Management PO-2026-5435 Unconfirmed calculation Yamada Manufacturing Co., Ltd. Order Management PO-2026-5436 Unconfirmed Expense approval (management",[],"Decision/review evidence exists, but this does NOT establish that the preceding activity could not be automated."
ses_20260701-175747-SIDDHIGUPTAB00B::10,rt,,/resident-tax,word_assisted,approve | manual_review,"[{""category"": ""approve"", ""terms"": [""approval"", ""approve""]}, {""category"": ""manual_review"", ""terms"": [""review""]}]","Financial accounting system Financial accounting system aaA finance Financial accounting system Fiscal Year 2026 - Accounting Department Naoki Sato, Accounting Manager Sa Financial accounting operations Dashboard/Order Management ● Dashboard Order Management 12 items Invoice Approval and Expense Settlement calculation List Expense approval (management) ● Payment Processing Employee ID full name item Amount status Budget variance analysis Tokyo Electronics Industry Co., Ltd. ⚠ Order Management PO-2026-5426 completion ● Order Management Fukuoka System Design Order Management PO-2026-5427 completion Hokuriku Parts Industry Co., Ltd. Order Management PO-2026-5428 Unconfirmed Yamada Manufacturing Co., Ltd. ▲ Order Management PO-2026-5429 Unconfirmed Yamada Manufacturing Co., Ltd. Order Management PO-2026-5430 Unconfirmed Okinawa Logistics Center Order Management PO-2026-5431 Unconfirmed Yamada Manufacturing Co., Ltd. Order Management PO-2026-5432 Unconfirmed Kansai Logistics Service Order Management PO-2026-5433 Unconfirmed Tokyo Electronics Industry Co., Ltd. Order Management PO-2026-5434 Unconfirmed Tokyo Electronics Industry Co., Ltd. Order Management PO-2026-5435 Unconfirmed three Ward Ward New Business Partner Registration Procedure 1. Overview 2. Required documents 3. Examination 4. System Registration New Business Partner Registration Procedure 5. Completion notification 1. Overview A procedure manual for registering new business partners in the company&#39;s internal system. 2. Required documents Company registration certificate (issued within the last 3 months), seal certificate, bank account information for payment, and credit application form. 3. Examination After the accounting department reviews the documents, they will set the credit limit by referring to data from a credit rating agency. 4. System Registration Enter the customer code, official name, account information, and credit limit into the ERP system. cape Financial accounting system Financial accoun",[],"Decision/review evidence exists, but this does NOT establish that the preceding activity could not be automated."
ses_20260701-175747-SIDDHIGUPTAB00B::15,pi,,/payroll-items,word_assisted,hold,"[{""category"": ""hold"", ""terms"": [""hold""]}]","Order and Inventory Management System Order and Inventory Management System aaA Receiving/Receiving Order and Inventory Management System 2026・Logistics Management Department Kenji Takahashi, Logistics Manager high Enclosure Panel D Inventory adjustment adjustment Unprocessed Order processing and inventory management Control board unit A Inventory adjustment adjustment Unprocessed ● Dashboard Optical lens E Shipping allocation Steady state Unprocessed ● Inventory Management ● Contract management Enclosure Panel D Regular replenishment 12 yen Steady state Unprocessed Return processing Details—P11-07106250-006 · Motor Unit F ● IT application Unprocessed ● Orders and other Management ID Employee ID classification Receiving stock type Steady state Amount 158 yen status Unprocessed Reference: Part number: BATCH-W6 Classification: Warehousing Processing comments Please enter the processing details and confirmation comments... ✓ Inventory Update &quot;on hold",[],"Decision/review evidence exists, but this does NOT establish that the preceding activity could not be automated."
ses_20260701-175747-SIDDHIGUPTAB00B::16,pi,,/payroll-items,word_assisted,hold,"[{""category"": ""hold"", ""terms"": [""hold""]}]","Order and Inventory Management System Order and Inventory Management System aaA Receiving/Receiving Order and Inventory Management System 2026・Logistics Management Department Kenji Takahashi, Logistics Manager high Enclosure Panel D Inventory adjustment adjustment Unprocessed Order processing and inventory management Control board unit A Inventory adjustment adjustment Unprocessed ● Dashboard Optical lens E Shipping allocation Steady state Unprocessed ● Inventory Management contract management Enclosure Panel D Regular replenishment 12 yen Steady state Unprocessed Return processing Details—P11-07106250-007 · Motor Unit F ● IT application Unprocessed ● Orders and other Management ID Employee ID classification Regular replenishment type Steady state Amount 99 yen status Unprocessed Reference: Part number: BATCH-W6 Classification: Periodic replenishment Processing comments Inventory adjustment registration. Product number: BATCH-W6 Product name: Motor unit F Number of adjustments: +99 pieces. ✓ Inventory Update &quot;on hold",[],"Decision/review evidence exists, but this does NOT establish that the preceding activity could not be automated."
ses_20260701-175747-SIDDHIGUPTAB00B::17,pi,,/payroll-items,word_assisted,hold,"[{""category"": ""hold"", ""terms"": [""hold""]}]","Order and Inventory Management System Order and Inventory Management System aaA Receiving/Receiving Order and Inventory Management System 2026・Logistics Management Department Kenji Takahashi, Logistics Manager high Control board unit A Inventory adjustment adjustment Unprocessed Order processing and inventory management Optical lens E Shipping allocation Steady state Unprocessed ● Dashboard Enclosure Panel D Regular replenishment 12 yen Steady state Unprocessed ● Inventory Management ● Contract management Details P11-07106250-008・Sensor Cable C Unprocessed Return processing ● IT application Management ID Employee ID ● Orders and other classification Returned items received type adjustment Amount 177 yen status Unprocessed Adjustment details: Return of customer-returned items to inventory. Reference: Part number: BATCH-W3 Category: Returned items Processing comments Inventory adjustment registration. Part number: BATCH-W3 Product name: Sensor cable C Number of adjustments: +177 pieces. ✓ Inventory Update &quot;on hold",[],"Decision/review evidence exists, but this does NOT establish that the preceding activity could not be automated."
ses_20260701-175747-SIDDHIGUPTAB00B::20,pi,,/payroll-items,word_assisted,hold,"[{""category"": ""hold"", ""terms"": [""hold""]}]","three three Ward Ward List of Monthly Subscription Clients overview List of Monthly Subscription Clients List of fixed-rate clients Verification procedure overview A list of clients for whom a fixed monthly invoice is issued. This list is used to verify amounts when approving invoices. List of fixed-rate clients No. 1 Yamada Manufacturing Co., Ltd.: Monthly manufacturing outsourcing fee of 385,000 yen Yamato Shoji Co., Ltd.: Monthly raw material procurement cost 1,240,000 yen No. 3 Tokyo Electronics Industry Co., Ltd. Maintenance fee: 562,800 yen per month No. 4 Global Tech LLC: SaaS usage fee 745,000 yen per month No. 5 Hokuriku Electronic Components: Parts supply, Monthly fee: 420,000 yen Verification procedure Please compare the INV number, amount, and customer name of the received invoice with this list. If there are any discrepancies, This will be put on hold for further confirmation. cape Inventory adjustment memo and others Field Inventory adjustment memo Product number: BATCH-W3 Adjustment amount: +177 Category: Returned items Self",[],"Decision/review evidence exists, but this does NOT establish that the preceding activity could not be automated."
ses_20260701-175747-SIDDHIGUPTAB00B::22,si,,/social-insurance,word_assisted,approve,"[{""category"": ""approve"", ""terms"": [""approve""]}]","Order and Inventory Management System Order and Inventory Management System aa A☆ skewer Receiving/Receiving Order and Inventory Management System 2026・Logistics Management Department 2026/07/01 23:33:51 Kenji Takahashi, Logistics Manager high Processing list Order processing and inventory management ● Dashboard Employee ID full name Application Type Target year and month detail status Inventory Management Shohei Shimizu System access request Applicant: Development Department Priority: Normal Approver: Information Security Committee Processing complete ● Contract management Mina Ishida Application for reissuance of IC card Applicant: Development Department Priority: Urgent Approver: General Affairs Department Waiting for processing Return processing ● IT application Nana Shimada System access request Applicant: Accounting Department Priority: Normal Approver: Information Security Committee Waiting for processing ● Orders and other Daiki Ueno New PC Issuance Application Applicant: Accounting Department Priority: Standard Approver: Information Systems Department Waiting for processing Mina Ishida VPN connection application Applicant: Development Department Priority: Normal Approver: Information Systems Department Waiting for processing Rie Kikuchi System access request Applicant: Sales Department Priority: Normal Approver: Information Security Committee Waiting for processing Takuya Aoki Software License Application Applicant: Sales Department Priority: Budget confirmation required Approvers: Department Head + Information Systems Department Waiting for processing Daiki Ueno VPN connection application Applicant: Accounting Department Priority: Normal Approver: Information Systems Department Waiting for processing Mayu Teramoto IC card reissuance application Applicant: Planning Department Priority: Urgent Approver: General Affairs Department Waiting for processing Shohei Shimizu Application for reissuance of IC card Applicant: Development Department Priority: Urgent App",[],"Decision/review evidence exists, but this does NOT establish that the preceding activity could not be automated."
ses_20260701-175747-SIDDHIGUPTAB00B::23,si,,/social-insurance,word_assisted,approve | manual_review,"[{""category"": ""approve"", ""terms"": [""approval"", ""approve""]}, {""category"": ""manual_review"", ""terms"": [""review""]}]","Order and Inventory Management System Order and Inventory Management System aaA Receiving/Receiving Order and Inventory Management System 2026・Logistics Management Department 2026/07/01 23:34:05 Kenji Takahashi, Logistics Manager high Order processing and inventory management Dashboard IT Application ● Dashboard IT application Inventory Management 12 items - 10 items pending processing ● Contract management Processing list Return processing Employee ID full name Application Type Target year and month detail status ● IT application Shohei Shimizu System access request Applicant: Development Department Priority: Normal Approved by: Information Security Committee Processing complete ● Orders and other Mina Ishida Application for reissuance of IC card Applicant: Development Department 3 Priority: Urgent Approver: General Affairs Department Processing complete Nana Shimada System access request Applicant: Accounting Department Priority: Normal Approved by: Information Security Committee Waiting for processing Daiki Ueno New PC Issuance Application Applicant: Accounting Department Priority: Normal Approver: Information Systems Department Waiting for processing Mina Ishida VPN connection application Applicant: Development Department Priority: Normal Approver: Information Systems Department Waiting for processing Rie Kikuchi System access request Applicant: Sales Department Priority: Normal Approved by: Information Security Committee Waiting for processing Takuya Aoki Software License Application Applicant: Sales Department Priority: Budget confirmation required Approvers: Department Head + Information Systems Department Waiting for processing Daiki Ueno VPN connection application Applicant: Accounting Department Priority: Normal Approver: Information Systems Department Waiting for processing Mayu Teramoto Application for reissuance of IC card Applicant: Planning Department Priority: Urgent Approver: General Affairs Department Waiting for processing Shohei Shimizu Applicati",[],"Decision/review evidence exists, but this does NOT establish that the preceding activity could not be automated."
ses_20260701-175747-SIDDHIGUPTAB00B::26,si,,/social-insurance,word_assisted,approve,"[{""category"": ""approve"", ""terms"": [""approve""]}]","Order and Inventory Management System Order and Inventory Management System aaA rate Receiving/Receiving Order and Inventory Management System 2026・Logistics Management Department Kenji Takahashi, Logistics Manager high Processing list Order processing and inventory management ● Dashboard Employee ID full name Application Type year and month detail status Inventory Management Shohei Shimizu System access request Applicant: Development Department Priority: Normal Approved by: Information Security Committee Processing complete ● Contract management Ishida Mina IC card reissuance application Return processing Applicant: Development Department Priority: Urgent Approver: General Affairs Department Processing complete ● IT application Nana Shimada System access request Applicant: Accounting Department Priority: Normal Approver: Information Security Committee Processing complete ● Orders and other Daiki Ueno New PC Issuance Application Applicant: Accounting Department Priority: Standard Approver: Information Systems Department Processing complete Ishida Mina VPN connection application Applicant: Development Department Priority: Normal Approver: Information Systems Department Processing complete Rie Kikuchi System access request Applicant: Sales Department Priority: Normal Approver: Information Security Committee Processing complete Takuya Aoki Software License Application Applicant: Sales Department Priority: Budget confirmation required Approvers: Department head + Information Systems Department Processing complete Daiki Ueno VPN connection application Applicant: Accounting Department Priority: Normal Approver: Information Systems Department Waiting for processing Mayu Teramoto Application for reissuance of IC card Applicant: Planning Department Priority: Urgent Approver: General Affairs Department Waiting for processing Shohei Shimizu Application for reissuance of IC card Applicant: Development Department Priority: Urgent Approver: General Affairs Department Waiting for ",[],"Decision/review evidence exists, but this does NOT establish that the preceding activity could not be automated."
ses_20260701-175747-SIDDHIGUPTAB00B::28,la,attendance | leave | paid leave,/leave-applications,word_assisted,approve,"[{""category"": ""approve"", ""terms"": [""approval"", ""approve""]}]","HR (Human Resources and Payroll) System HR (Human Resources and Payroll) System aaA rate human resources HR (Human Resources and Payroll) System FY2026・Human Resources Department Mari Tanaka, Human Resources Manager Field List of applications Human resources operations ● Dashboard Employee ID full name Application Type Duration/Details Department status Expense reimbursement and payroll changes Ryosuke Kirishima Application for half-day paid leave Development Department approval ● Attendance and leave application Kenichi Toyama Request for compensatory leave Sales Department approval ● Onboarding procedures ● Application for employee benefits Tomoya Okada Annual paid leave Logistics department approval ● Resident tax and other taxes Rie Kikuchi Special leave (for celebrations and condolences) Sales Department approval Kenichi Toyama Flexible work schedule change application Sales Department approval Kenichi Toyama Special leave (for celebrations and condolences) Sales Department Currently applying Ayako Takeuchi Application for half-day paid leave Sales Department Currently applying Mayu Teramoto Request for compensatory leave Planning Department Currently applying Sakura Eguchi Special leave (for celebrations and condolences) Human resources department Currently applying Mayu Teramoto Flexible work schedule change application Planning Department Currently applying Mayu Teramoto Flexible work schedule change application Planning Department Currently applying Mayu Teramoto Annual paid leave Astivate Windows GP2-07106250-005: Application approved. HR (Human Resources and Payroll) System HR (Human Resources and Payroll) System aaA human resources HR (Human Resources and Payroll) System FY2026・Human Resources Department Mari Tanaka, Human Resources Manager Field List of applications Human resources operations ● Dashboard Employee ID full name Application Type Period and details Department status Expense reimbursement and payroll changes Ryosuke Kirishima Application for",[],"Decision/review evidence exists, but this does NOT establish that the preceding activity could not be automated."
ses_20260701-175747-SIDDHIGUPTAB00B::30,pi,deduction | dependent deduction | expense reimbursement | payroll | payroll change | salary,/payroll-items,word_assisted,approve | hold,"[{""category"": ""approve"", ""terms"": [""approval"", ""approve""]}, {""category"": ""hold"", ""terms"": [""hold""]}]","HR (Human Resources and Payroll) System HR (Human Resources and Payroll) System aaA human resources HR (Human Resources and Payroll) System FY2026・Human Resources Department Mari Tanaka, Human Resources Manager Field Daiki Ueno New position-based allowance established. 44,338 yen Steady state Unprocessed Human resources operations Shota Tsuda Salary increase 19,390 yen Steady state Unprocessed ● Dashboard Mayu Teramoto Change in dependent deduction Steady state Unprocessed Expense reimbursement and payroll changes Attendance and leave application Kenichi Toyama New position-based allowance established. 44,338 yen Steady state Unprocessed ● Onboarding procedures Details — P1-07106250-006 · Asuka Kono ● Application for employee benefits Unprocessed ● Resident tax and other taxes Management ID Employee ID classification Business trip expenses type Steady state Amount 36,925 yen status Unprocessed Reference: Applicant classification: regular Approval authority: Department head Processing comments Please enter the processing details and confirmation comments... ✓ Registration confirmed &quot;on hold",[],"Decision/review evidence exists, but this does NOT establish that the preceding activity could not be automated."
ses_20260701-175747-SIDDHIGUPTAB00B::32,pi,,/payroll-items,word_assisted,hold,"[{""category"": ""hold"", ""terms"": [""hold""]}]","Order and Inventory Management System Order and Inventory Management System aaA Receiving/Receiving Order and Inventory Management System 2026・Logistics Management Department Kenji Takahashi, Logistics Manager high List of items awaiting processing Order processing and inventory management ● Dashboard Employee ID full name classification Amount type status ● Inventory Management Power Module B Receiving stock 93 yen Steady state Registered ● Contract management Motor Unit F Shipping allocation Steady state Registered Return processing ● IT application Control board unit A Shipping allocation Steady state Registered ● Orders and other Power Module B Shipping allocation Steady state Registered Optical lens E Returned items received 136 yen adjustment Registered Motor Unit F Receiving stock 158 yen Steady state Registered Motor Unit F Regular replenishment 99 yen Steady state Registered Sensor cable C Returned items received 177 yen adjustment Registered Enclosure Panel D Inventory adjustment adjustment Unprocessed Control board unit A Inventory adjustment adjustment Unprocessed Optical lens E Shipping allocation Steady state Unprocessed Enclosure Panel D Regular replenishment 12 yen Steady state Activate W unprocessed Dws Order and Inventory Management System Order and Inventory Management System aaA Receiving/Receiving Order and Inventory Management System 2026・Logistics Management Department Kenji Takahashi, Logistics Manager high Control board unit A Inventory adjustment adjustment Unprocessed Order processing and inventory management Optical lens E Shipping allocation Steady state Unprocessed ● Dashboard Enclosure Panel D Regular replenishment 12 yen Steady state Unprocessed ● Inventory Management contract management Details—P11-07106250-010 · Control board unit A Unprocessed Return processing ● IT application Management ID Employee ID ● Orders and other classification Inventory adjustment type adjustment Amount Not applicable status Unprocessed Adjustment details",[],"Decision/review evidence exists, but this does NOT establish that the preceding activity could not be automated."
ses_20260701-175747-SIDDHIGUPTAB00B::42,rt,,/resident-tax,word_assisted,approve,"[{""category"": ""approve"", ""terms"": [""approval"", ""approve""]}]","Financial accounting system Financial accounting system aaA finance Financial accounting system Fiscal Year 2026 - Accounting Department Naoki Sato, Accounting Manager Sa List Financial accounting operations ● Dashboard Employee ID full name item gold color status Invoice Approval and Expense Settlement calculation Tokyo Electronics Industry Co., Ltd. Order Management PO-2026-5426 completion Expense approval (management) Fukuoka System Design Order Management PO-2026-5427 completion ● Payment Processing Hokuriku Parts Industry Co., Ltd. Order Management PO-2026-5428 completion Budget variance analysis Yamada Manufacturing Co., Ltd. Order Management PO-2026-5429 completion ● Order Management Yamada Manufacturing Co., Ltd. Order Management PO-2026-5430 completion Okinawa Logistics Center Order Management PO-2026-5431 Unconfirmed Yamada Manufacturing Co., Ltd. Order Management PO-2026-5432 Unconfirmed Kansai Logistics Service Order Management PO-2026-5433 Unconfirmed Tokyo Electronics Industry Co., Ltd. Order Management PO-2026-5434 Unconfirmed Tokyo Electronics Industry Co., Ltd. Order Management PO-2026-5435 Unconfirmed Yamada Manufacturing Co., Ltd. Order Management PO-2026-5436 Unconfirmed Activate Windows (unconfirmed) /s Hokuriku Parts Industry Co., Ltd. Order Management PO-2026-5437 Go toSP10-07106250-005: Completed Financial accounting system Financial accounting system aaA finance Financial accounting system Fiscal Year 2026 - Accounting Department Naoki Sato, Accounting Manager Sa List Financial accounting operations ● Dashboard Employee ID full name item gold color status Invoice Approval and Expense Settlement calculation Tokyo Electronics Industry Co., Ltd. ⚠ Order Management PO-2026-5426 completion Expense approval (management) Fukuoka System Design Order Management PO-2026-5427 completion ● Payment Processing Hokuriku Parts Industry Co., Ltd. Order Management PO-2026-5428 completion Budget variance analysis Yamada Manufacturing Co., Ltd. Order Management",[],"Decision/review evidence exists, but this does NOT establish that the preceding activity could not be automated."
ses_20260701-180923-NEELA9BAF::1,ob,department,/leave-applications | /onboarding | /payroll-items | /social-insurance,word_assisted,approve | hold,"[{""category"": ""approve"", ""terms"": [""approval"", ""approve""]}, {""category"": ""hold"", ""terms"": [""hold""]}]","Operator: Kenji Takahashi (Logistics Management Department) Operator: Kenji Takahashi (Logistics Management Department) Operator: Kenji Takahashi (Logistics Management Department) Operator: Kenji Takahashi (Logistics Management Department) Operator: Kenji Takahashi (Logistics Management Department) 1 three Ward Ward Ward Ward Payment Regulations for Outsourced Service Fees Payment Regulations for Outsourced Service Fees Article 1 (Payment Method) Article 2 (Consumption tax) Article 3 (Withholding Tax) Article 1 (Payment Method) Article 4 (Payment method) Supplementary Provisions Payment is due on the 20th of the following month, with the billing cycle ending at the end of the month. Payment is made via bank transfer. Article 2 (Consumption tax) The payment will include consumption tax (10%). Article 3 (Withholding Tax) If the service fee is paid to an individual, 10.21% of the payment amount will be withheld as tax and paid to the tax authorities. Article 4 (Payment method) Expense reimbursement shall be handled in accordance with the separate regulations (gyomu_itaku_keihi_kitei). Supplementary Provisions These regulations shall come into effect on April 1, 2026. Payment execution confirmation Payee: Global Tech LLC Processing Date: 2026-07-01 Accounting Staff: Naoki Sato cape ten →Three Ward Ward Ward Ward Payment Regulations for Outsourced Service Fees Payment Regulations for Outsourced Service Fees Article 1 (Payment Method) Article 2 (Consumption tax) Article 3 (Withholding Tax) Article 1 (Payment Method) Article 4 (Payment method) Supplementary Provisions Payment is due on the 20th of the following month, with the billing cycle ending at the end of the month. Payment is made via bank transfer. Article 2 (Consumption tax) The payment will include consumption tax (10%). Article 3 (Withholding Tax) If the service fee is paid to an individual, 10.21% of the payment amount will be withheld as tax and paid to the tax authorities. Article 4 (Payment method) Expense r",[],"Decision/review evidence exists, but this does NOT establish that the preceding activity could not be automated."
ses_20260701-180923-NEELA9BAF::9,rt,,/resident-tax,word_assisted,approve,"[{""category"": ""approve"", ""terms"": [""approval"", ""approve""]}]","Financial accounting system Financial accounting system one aa A☆ finance Financial accounting system Fiscal Year 2026 - Accounting Department Naoki Sato, Accounting Manager Sa Financial accounting operations Dashboard Order Management ● Dashboard Order Management 12 items Invoice Approval and Expense Settlement calculation List Expense approval (management) ● Payment Processing Employee ID full name item gold color status Budget variance analysis Kansai Logistics Service Order Management PO-2026-5760 completion ● Order Management Yamada Manufacturing Co., Ltd. Order Management PO-2026-5761 completion Yamada Manufacturing Co., Ltd. Order Management PO-2026-5762 Unconfirmed Yamato Shoji Co., Ltd. Order Management PO-2026-5763 Unconfirmed Yamada Manufacturing Co., Ltd. Order Management PO-2026-5764 Unconfirmed Hokuriku Parts Industry Co., Ltd. Order Management PO-2026-5765 Unconfirmed Tokyo Electronics Industry Co., Ltd. Order Management PO-2026-5766 Unconfirmed Kansai Logistics Service Order Management P0-2026-5767 Unconfirmed Yamato Shoji Co., Ltd. Order Management PO-2026-5768 Unconfirmed Fukuoka System Design Order Management PO-2026-5769 Unconfirmed Tokyo Electronics Industry Co., Ltd. Order Management P0-2026-5770 Unconfirmed Fukuoka System Design Order Management P0-2026-5771 P10-07048822-002: Completed Operator: Kenji Takahashi (Logistics Management Department) Financial accounting system Financial accounting system aa A☆ rate finance Financial accounting system Fiscal Year 2026 - Accounting Department Naoki Sato, Accounting Manager Sa Financial accounting operations Dashboard/Order Management ● Dashboard Order Management 12 items Invoice Approval and Expense Settlement calculation List Expense approval (management) ● Payment Processing Employee ID full name item Amount status ● Budget variance analysis Kansai Logistics Service Order Management PO-2026-5760 completion ● Order Management Yamada Manufacturing Co., Ltd. Order Management PO-2026-5761 completion Ya",[],"Decision/review evidence exists, but this does NOT establish that the preceding activity could not be automated."
ses_20260701-180923-NEELA9BAF::20,pi,expense reimbursement | expense settlement | payroll | payroll change | salary | transportation expense,/leave-applications | /payroll-items,word_assisted,approve | manual_review,"[{""category"": ""approve"", ""terms"": [""approval"", ""approve""]}, {""category"": ""manual_review"", ""terms"": [""review""]}]","Financial accounting system Financial accounting system aaA rate finance Financial accounting system Fiscal Year 2026 - Accounting Department Naoki Sato, Accounting Manager Sa Financial accounting operations Dashboard expense approval (management) ● Dashboard Expense approval (management) Invoice Approval and Expense Settlement 12 items · 5 applications in progress calculation List of applications ● Expense approval (management) ● Payment Processing Employee ID full name Application Type Period and details Department status Budget variance analysis Asuka Kono Consumables cost Planning Department approval ● Order Management Mina Ishida Training expenses Development Department approval Tomoya Okada Business trip expenses (for multiple people) Logistics department approval Takuya Aoki Training expenses Sales Department approval Ayako Takeuchi Business trip expenses (for multiple people) Sales Department approval Ryosuke Kirishima Training expenses Development Department approval Tomoya Okada Consumables cost Logistics department approval Mina Ishida Consumables cost Development Department Currently applying Daiki Ueno Consumables cost Accounting Department Currently applying Ayako Takeuchi Consumables cost Sales Department Currently applying Takuya Aoki Business trip expenses (for multiple people) Sales Department Currently applying Shohei Shimizu Business trip expenses (for multiple people) Development Department Three half-knits Tayoshi (52002) Financial accounting system Financial accounting system aa A☆ skewer finance Financial accounting system Fiscal Year 2026 - Accounting Department 2026/07/01 23:46:49 Naoki Sato, Accounting Manager Sa Financial accounting operations Dashboard / Expense Approval (for Managers) ● Dashboard Expense approval (management) Invoice Approval and Expense Settlement 12 items・4 items pending calculation List of applications ● Expense approval (management) ● Payment Processing Employee ID full name Application Type Duration/Details Departm",[],"Decision/review evidence exists, but this does NOT establish that the preceding activity could not be automated."
ses_20260701-180923-NEELA9BAF::22,la,,/leave-applications | /payroll-items,word_assisted,approve | manual_review,"[{""category"": ""approve"", ""terms"": [""approval"", ""approve""]}, {""category"": ""manual_review"", ""terms"": [""review""]}]","Financial accounting system Financial accounting system aa A☆ skewer finance Financial accounting system Fiscal Year 2026 - Accounting Department 2026/07/01 23:46:51 Naoki Sato, Accounting Manager Sa Financial accounting operations Dashboard expense approval (management) ● Dashboard Expense approval (management) 12 items・4 items pending Invoice Approval and Expense Settlement calculation List of applications ● Expense approval (management) • Payment processing Employee ID full name Application Type Period and details Department status ● Budget variance analysis Asuka Kono Consumables cost Planning Department approval Order Management Mina Ishida Training expenses Development Department approval Tomoya Okada Business trip expenses (for multiple people) Logistics department approval Takuya Aoki Training expenses Sales Department approval Ayako Takeuchi Business trip expenses (for multiple people) Sales Department approval Ryosuke Kirishima Training expenses Development Department approval Tomoya Okada Consumables cost Logistics department approval Ishida Mina Consumables cost Development Department approval Daiki Ueno Consumables cost Accounting Department Currently applying Ayako Takeuchi Consumables cost Sales Department Currently applying Takuya Aoki Business trip expenses (for multiple people) Sales Department Currently applying Shohei Shimizu Business trip expenses (for multiple people) Development Department Financial accounting system Financial accounting system aaA rate finance Financial accounting system Fiscal Year 2026 - Accounting Department Naoki Sato, Accounting Manager Sa Financial accounting operations Dashboard expense approval (management) ● Dashboard Expense approval (management) Invoice Approval and Expense Settlement 12 items・4 items pending calculation List of applications ● Expense approval (management) ● Payment Processing Employee ID full name Application Type Period and details Department status Budget variance analysis Asuka Kono Consumables",[],"Decision/review evidence exists, but this does NOT establish that the preceding activity could not be automated."
ses_20260701-180923-NEELA9BAF::24,pi,expense reimbursement | payroll | payroll change | salary,/payroll-items,word_assisted,approve,"[{""category"": ""approve"", ""terms"": [""approval"", ""approve""]}]","HR (Human Resources and Payroll) System HR (Human Resources and Payroll) System aa A☆ rate human resources HR (Human Resources and Payroll) System FY2026・Human Resources Department Mari Tanaka, Human Resources Manager Field Yako Byakuren Ashiichi Human resources operations Ishida Mina Abolition of position allowances 10,214 yen Steady state Unprocessed ● Dashboard Yuji Sakamoto New position-based allowance established. 29,690 yen Steady state Unprocessed Expense reimbursement and payroll changes Sakura Eguchi Salary increase 12,914 yen Steady state Unprocessed ● Attendance and leave application ● Onboarding procedures Daiki Ueno Salary increase 12,914 yen Steady state Unprocessed ● Application for employee benefits Daiki Ueno New position-based allowance established. 29,690 yen Steady state Unprocessed ● Resident tax and other taxes Tomoya Okada Salary increase 12,914 yen Steady state Unprocessed Details — P1-07048822-005 · Sakura Eguchi Unprocessed Management ID Employee ID classification Training expenses type Steady state Amount 48,073 yen status Unprocessed Reference: Applicant category: regular Approval authority: Department head Processing comments Please enter the processing details and confirmation comments... ✓ Registration confirmed Ⅱ pending",[],"Decision/review evidence exists, but this does NOT establish that the preceding activity could not be automated."
ses_20260701-180923-NEELA9BAF::27,la,attendance | leave | paid leave,/leave-applications,word_assisted,approve,"[{""category"": ""approve"", ""terms"": [""approval"", ""approve""]}]","Settlement confirmation memo three Settlement confirmation memo Expense reimbursement confirmed. Expense item: Transportation/Guests He says HR (Human Resources and Payroll) System HR (Human Resources and Payroll) System aa A☆ human resources HR (Human Resources and Payroll) System FY2026・Human Resources Department Mari Tanaka, Human Resources Manager Field Human resources operations Dashboard Attendance and Leave Application ● Dashboard Attendance and leave application Expense reimbursement and payroll changes 12 items · 12 items pending ● Attendance and leave application List of applications ● Onboarding procedures Employee ID full name Application Type Duration/Details Department status ● Application for employee benefits Shota Tsuda Annual paid leave Logistics department Currently applying ● Resident tax and other taxes Mina Ishida Request for compensatory leave Development Department Currently applying Sakura Eguchi Special leave (for celebrations and condolences) Human resources department Currently applying Daiki Ueno Request for compensatory leave Accounting Department Currently applying Mayu Teramoto Special leave (for celebrations and condolences) Planning Department Currently applying Takuya Aoki Request for compensatory leave Sales Department Currently applying Yuji Sakamoto Application for half-day paid leave Human resources department Currently applying Daiki Ueno Annual paid leave Accounting Department Currently applying Rie Kikuchi Request for compensatory leave Sales Department Currently applying Ryosuke Kirishima Flexible work schedule change application Development Department Currently applying Tomoya Okada Flexible work schedule change application Logistics department Currently applying Daiki Ueno Request for compensatory leave Accounting Department P1-07048822-006: Registration confirmed. HR (Human Resources and Payroll) System HR (Human Resources and Payroll) System aa A☆ rate human resources HR (Human Resources and Payroll) System FY2026・Human",[],"Decision/review evidence exists, but this does NOT establish that the preceding activity could not be automated."
ses_20260701-180923-NEELA9BAF::29,la,attendance | leave | paid leave | vacation,/leave-applications,word_assisted,approve,"[{""category"": ""approve"", ""terms"": [""approval"", ""approve""]}]","×HR Human Resources and Payroll System HR (Human Resources and Payroll) System aa A☆ human resources HR (Human Resources and Payroll) System FY2026・Human Resources Department 2026/07/01 23:50:23 Mari Tanaka, Human Resources Manager Field Human resources operations Dashportono Attendance and Leave Application ● Dashboard Attendance and leave application Expense reimbursement and payroll changes 12 items・7 items pending ● Attendance and leave application List of applications ● Onboarding procedures Employee ID full name Application Type Duration/Details Department status ● Application for employee benefits ● Resident tax and other taxes Shota Tsuda Annual paid leave Logistics department approval Mina Ishida Request for compensatory leave Development Department approval Sakura Eguchi Special leave (for celebrations and condolences) Human resources department approval Daiki Ueno Request for compensatory leave Accounting Department approval Mayu Teramoto Special leave (for celebrations and condolences) Planning Department approval Takuya Aoki Request for compensatory leave Sales Department Currently applying Yuji Sakamoto Application for half-day paid leave Human resources department Currently applying Daiki Ueno Annual paid leave Accounting Department Currently applying Rie Kikuchi Request for compensatory leave Sales Department Currently applying Ryosuke Kirishima Flexible work schedule change application Development Department Currently applying Tomoya Okada Flexible work schedule change application Logistics department Currently applying Daiki Ueno Request for compensatory leave Accounting Department Currently applying P2-07048822-005: Application approved. HR (Human Resources and Payroll) System HR (Human Resources and Payroll) System aaA rate human resources HR (Human Resources and Payroll) System FY2026・Human Resources Department Mari Tanaka, Human Resources Manager Field Human resources operations Dashboard Attendance and Leave Application ● Dashboard Attendance ",[],"Decision/review evidence exists, but this does NOT establish that the preceding activity could not be automated."
ses_20260701-180923-NEELA9BAF::30,pi,expense reimbursement | payroll | payroll change | salary,/payroll-items,word_assisted,approve,"[{""category"": ""approve"", ""terms"": [""approval"", ""approve""]}]","HR (Human Resources and Payroll) System HR (Human Resources and Payroll) System aa A☆ rate human resources HR (Human Resources and Payroll) System FY2026・Human Resources Department 2026/07/01 23:50:58 Mari Tanaka, Human Resources Manager Field Yako Hakuren Ashiichi Human resources operations Ishida Mina Abolition of position allowances 10,214 yen Steady state Unprocessed ● Dashboard Yuji Sakamoto New position-based allowance established. 29,690 yen Steady state Unprocessed Expense reimbursement and payroll changes Sakura Eguchi Salary increase 12,914 yen Steady state Unprocessed ● Attendance and leave application ● Onboarding procedures Daiki Ueno Salary increase 12,914 yen Steady state Unprocessed ● Application for employee benefits Daiki Ueno New position-based allowance established. 29,690 yen Steady state Unprocessed ● Resident tax and other taxes Tomoya Okada Salary increase 12,914 yen Steady state Unprocessed Details — P1-07048822-007 · Shohei Shimizu Unprocessed Management ID Employee ID classification Training expenses type Steady state Amount 49,097 yen status Unprocessed Reference: Applicant category: regular Approval authority: Department head Processing comments Please enter the processing details and confirmation comments... ✓ Registration confirmed Ⅱ pending",[],"Decision/review evidence exists, but this does NOT establish that the preceding activity could not be automated."
ses_20260701-180923-NEELA9BAF::31,pi,expense reimbursement | payroll | payroll change | salary,/payroll-items,word_assisted,approve,"[{""category"": ""approve"", ""terms"": [""approval"", ""approve""]}]","HR (Human Resources and Payroll) System HR (Human Resources and Payroll) System aa A☆ rate human resources HR (Human Resources and Payroll) System FY2026・Human Resources Department Mari Tanaka, Human Resources Manager Field Also, Seiko Chun Ashiichi Human resources operations Ishida Mina Abolition of position allowances 10,214 yen Steady state Unprocessed ● Dashboard Yuji Sakamoto New position-based allowance established. 29,690 yen Steady state Unprocessed Expense reimbursement and payroll changes Sakura Eguchi Salary increase 12,914 yen Steady state Unprocessed Attendance and leave application ● Onboarding procedures Daiki Ueno Salary increase 12,914 yen Steady state Unprocessed ● Application for employee benefits Daiki Ueno New position-based allowance established. 29,690 yen Steady state Unprocessed ● Resident tax and other taxes Tomoya Okada Salary increase 12,914 yen Steady state Unprocessed Details — P1-07048822-008 · Ryosuke Kirishima Unprocessed Management ID Employee ID classification Training expenses type Steady state Amount 49,008 yen status Unprocessed Reference: Applicant category: regular Approval authority: Department head Processing comments Expense reimbursement confirmed. Expense item: Training expenses. Amount: 49,008 yen. Confirmed to be within regulations. ✓ Registration confirmed Ⅱ pending",[],"Decision/review evidence exists, but this does NOT establish that the preceding activity could not be automated."
ses_20260701-181413-LAPTOP-76QMG9DE::5,la,attendance | leave | paid leave | vacation,/leave-applications,notepad_assisted,approve,"[{""category"": ""approve"", ""terms"": [""approval"", ""approve""]}]","HR (Human Resources and Payroll) System aaA&quot;☆ |Car human resources HR (Human Resources and Payroll) System FY2026・Human Resources Department 2026/07/01 23:45:09 Mari Tanaka, Human Resources Manager Field 12 items・8 items pending Human resources operations Dashboard List of applications Expense reimbursement and payroll changes Employee ID full name Application Type Duration/Details Department status Attendance and leave application Sakura Eguchi Special leave (for celebrations and condolences) Human resources department approval Onboarding procedures Daiki Ueno Employee benefits application Application for half-day paid leave Accounting Department approval Resident tax and other taxes Sakura Eguchi Application for half-day paid leave Human resources department approval Ishida Mina Annual paid leave Development Department approval Shota Tsuda Special leave (for celebrations and condolences) Logistics department Currently applying Asuka Kono Special leave (for celebrations and condolences) Planning Department Currently applying Mayu Teramoto Annual paid leave Planning Department Currently applying Ayako Takeuchi Special leave (for celebrations and condolences) Sales Department Currently applying Ayako Takeuchi Annual paid leave Sales Department Currently applying Shohei Shimizu Application for half-day paid leave Development Department Currently applying Shota Tsuda Annual paid leave Logistics department Currently applying Asuka Kono Special leave (for celebrations and condolences) Planning Department Currently applying neck HR (Human Resources and Payroll) System human resources HR (Human Resources and Payroll) System FY2026・Human Resources Department 2026/07/01 23:45:20 Mari Tanaka, Human Resources Manager Field Ayako Takeuchi Special leave (for celebrations and condolences) Sales Department Currently applying Human resources operations Ayako Takeuchi Annual paid leave Sales Department Currently applying Dashboard Expense reimbursement and payroll changes Shohe",[],"Decision/review evidence exists, but this does NOT establish that the preceding activity could not be automated."
ses_20260701-181413-LAPTOP-76QMG9DE::12,ob,department,/onboarding,word_assisted,approve,"[{""category"": ""approve"", ""terms"": [""approval"", ""approve""]}]","IT Application Memo →field A IT Application Memo New PC Issuance Application Applicant: Daiki Ueno neck Financial accounting system |Car finance Financial accounting system Fiscal Year 2026 - Accounting Department Sa Financial accounting operations Dashboard/Payment Processing Dashboard Payment processing Invoice Approval and Expense Settlement 12 results, 12 results being matched. calculation List of New Employees Expense approval (management) Payment processing Employee ID full name Start date Department Number of matching items status Budget variance analysis Hokuriku Parts Industry Co., Ltd. Bank transfer ¥418,692 INV-1268 Approved 3 items Matching Order Management Hokuriku Parts Industry Co., Ltd. Bank transfer ¥380,524 INV-1269 Approved 3 items Matching Okinawa Logistics Center Bank transfer ¥284,378 INV-1270 Approved 2 items Matching Global Tech LLC Bank transfer ¥757,811 INV-1271 Approved 3 items Matching Kansai Logistics Service Bank transfer ¥3,273,168 INV-1272 Approved 4 items Matching Tokyo Electronics Industry Co., Ltd. Bank transfer: ¥625,422 INV-1273 Approved 2 items Matching Okinawa Logistics Center Bank transfer ¥322,465 INV-1274 Approved 3 items Matching Kansai Logistics Service Bank transfer: ¥3,322,276 INV-1275 Approved 3 items Matching Yamada Manufacturing Co., Ltd. Bank transfer ¥396,860 INV-1276 Approved 3 items Matching Okinawa Logistics Center Bank transfer ¥351,683 INV-1277 Approved 2 items Matching Yamato Shoji Co., Ltd. Bank transfer ¥1,227,894 INV-1278 Approved 2 items Matching Self small Financial accounting system aaA☆ finance Financial accounting system Fiscal Year 2026 - Accounting Department Sa Kansai Logistics Service Transfer ￥3,322,276 INV-1275 Approved Financial accounting operations Yamada Manufacturing Co., Ltd. Bank transfer ¥396,860 INV-1276 Approved Dashboard Okinawa Logistics Center Bank transfer ¥351,683 INV-1277 Approved 2 items Matching Invoice Approval and Expense Settlement calculation Yamato Shoji Co., Ltd. Bank tran",[],"Decision/review evidence exists, but this does NOT establish that the preceding activity could not be automated."
ses_20260701-181413-LAPTOP-76QMG9DE::16,la,,/leave-applications,word_assisted,approve | manual_review,"[{""category"": ""approve"", ""terms"": [""approval"", ""approve""]}, {""category"": ""manual_review"", ""terms"": [""review""]}]","Order and Inventory Management System aaA☆ Receiving/Receiving Order and Inventory Management System 2026・Logistics Management Department 2026/07/01 23:47:29 Kenji Takahashi, Logistics Manager high 12 items · 11 items pending Order processing and inventory management Dashboard List of applications Inventory Management Employee ID full name Application Type Duration/Details Department status contract management Hokuriku Parts Industry Co., Ltd. Outsourcing contract (termination) Cancellation approval Return processing • IT application Global Tech LLC Confidentiality Agreement (New Agreement) New agreement Waiting for processing ● Orders and other Hokuriku Parts Industry Co., Ltd. Sales contract (amendment) Change Waiting for processing Yamato Shoji Co., Ltd. Outsourcing contract (termination) Cancellation Waiting for processing Yamada Manufacturing Co., Ltd. Sales contract (amendment) Change Waiting for processing Fukuoka System Design Confidentiality Agreement (New Agreement) New agreement Waiting for processing Yamato Shoji Co., Ltd. Confidentiality Agreement (New Agreement) New agreement Waiting for processing Yamato Shoji Co., Ltd. Outsourcing contract (termination) Cancellation Waiting for processing Yamada Manufacturing Co., Ltd. Basic Transaction Agreement (New Agreement) New agreement Waiting for processing Okinawa Logistics Center Maintenance contract (renewal) update Waiting for processing Yamada Manufacturing Co., Ltd. Outsourcing contract (termination) Cancellation Waiting for processing Tokyo Electronics Industry Co., Ltd. Basic Transaction Agreement (New Agreement) New agreement Waiting for processing P12-07088456-001: Application approved. Self Contract termination procedure Article 1 (Scope of Application) Contract termination procedure Article 2 (Cancellation Notice) Article 3 (Payment) Article 1 (Scope of Application) Article 4 (Document Storage) Supplementary Provisions This document outlines the procedures necessary for terminating contracts with ",[],"Decision/review evidence exists, but this does NOT establish that the preceding activity could not be automated."
ses_20260701-181413-LAPTOP-76QMG9DE::22,pi,expense reimbursement | expense settlement,/payroll-items,word_assisted,approve | hold,"[{""category"": ""approve"", ""terms"": [""approval"", ""approve""]}, {""category"": ""hold"", ""terms"": [""hold""]}]","Financial accounting system finance Financial accounting system Fiscal Year 2026 - Accounting Department 2026/07/01 23:50:08 Naoki Sato, Accounting Manager Sa Financial accounting operations Dashboard / Invoice Approval &amp; Expense Reimbursement Dashboard Invoice approval and expense reimbursement Invoice Approval and Expense Settlement 12 items - 11 items unprocessed calculation List of items awaiting processing Expense approval (management) Payment processing Employee ID full name classification Amount type status Budget variance analysis Kansai Logistics Service Invoice Approval INV-2026-7246 3,104,090 yen Steady state Registered Order Management Kansai Logistics Service Invoice Approval INV-2026-7247 3,147,314 yen Steady state Unprocessed Yamato Shoji Co., Ltd. Invoice Approval INV-2026-7248 1,283,435 yen Steady state Unprocessed Kansai Logistics Service Invoice Approval INV-2026-7249 3,225,667 yen Steady state Unprocessed Tokyo Electronics Industry Co., Ltd. Invoice Approval INV-2026-7250 553,309 yen Steady state Unprocessed Global Tech LLC Invoice Approval INV-2026-7251 741,557 yen adjustment Unprocessed Okinawa Logistics Center Invoice Approval INV-2026-7252 287,747 yen adjustment Unprocessed Kansai Logistics Service Invoice Approval INV-2026-7253 2,996,979 yen Steady state Unprocessed Yamada Manufacturing Co., Ltd. Invoice Approval INV-2026-7254 350,020 yen Steady state Unprocessed Yamato Shoji Co., Ltd. Invoice Approval INV-2026-7255 1,125,703 yen Steady state Unprocessed Okinawa Logistics Center Invoice Approval INV-2026-7256 300,793 yen adjustment Unprocessed Self List of Monthly Subscription Clients overview List of Monthly Subscription Clients List of fixed-rate clients Verification procedure overview A list of clients for whom a fixed monthly invoice is issued. This list is used to verify amounts when approving invoices. List of fixed-rate clients No.1 Yamada Manufacturing Co., Ltd. Monthly manufacturing outsourcing fee: 385,000 yen Yamato Shoji Co.,",[],"Decision/review evidence exists, but this does NOT establish that the preceding activity could not be automated."
ses_20260701-181413-LAPTOP-76QMG9DE::24,si,,/social-insurance,word_assisted,approve | manual_review,"[{""category"": ""approve"", ""terms"": [""approval"", ""approve""]}, {""category"": ""manual_review"", ""terms"": [""review""]}]","Financial accounting system aaA&quot;☆ |Car finance Financial accounting system Fiscal Year 2026 - Accounting Department 2026/07/01 23:50:54 Naoki Sato, Accounting Manager Sa 12 items, 8 items unprocessed Financial accounting operations Dashboard List of items awaiting processing Invoice Approval and Expense Settlement calculation Employee ID full name classification Amount type status Expense approval (management) Kansai Logistics Service Invoice Approval INV-2026-7246 3,104,090 yen Steady state Registered Payment processing Kansai Logistics Service Invoice Approval INV-2026-7247 3,147,314 yen Steady state Registered Budget variance analysis Yamato Shoji Co., Ltd. Invoice Approval INV-2026-7248 1,283,435 yen Steady state Registered Order Management Kansai Logistics Service Invoice Approval INV-2026-7249 3,225,667 yen Steady state Registered Tokyo Electronics Industry Co., Ltd. Invoice Approval INV-2026-7250 553,309 yen Steady state Unprocessed Global Tech LLC Invoice Approval INV-2026-7251 741,557 yen adjustment Unprocessed Okinawa Logistics Center Invoice Approval INV-2026-7252 287,747 yen adjustment Unprocessed Kansai Logistics Service Invoice Approval INV-2026-7253 2,996,979 yen Steady state Unprocessed Yamada Manufacturing Co., Ltd. Invoice Approval INV-2026-7254 350,020 yen Steady state Unprocessed Yamato Shoji Co., Ltd. Invoice Approval INV-2026-7255 1,125,703 yen Steady state Unprocessed Okinawa Logistics Center Invoice Approval INV-2026-7256 300,793 yen adjustment Unprocessed Tokyo Electronics Industry Co., Ltd. Invoice Approval INV-2026-7257 507,672 yen Steady state Unprocessed Self Order and Inventory Management System Receiving/Receiving Order and Inventory Management System 2026・Logistics Management Department 2026/07/01 23:50:56 Kenji Takahashi, Logistics Manager high TT Komoe Order processing and inventory management 12 items - 8 items pending processing Dashboard Processing list Inventory Management contract management Employee ID full name Applicati",[],"Decision/review evidence exists, but this does NOT establish that the preceding activity could not be automated."
ses_20260701-181413-LAPTOP-76QMG9DE::29,la,attendance | holiday | leave | paid leave | vacation,/leave-applications,word_assisted,approve | manual_review,"[{""category"": ""approve"", ""terms"": [""approval"", ""approve""]}, {""category"": ""manual_review"", ""terms"": [""review""]}]","HR (Human Resources and Payroll) System aaA☆ human resources HR (Human Resources and Payroll) System FY2026・Human Resources Department 2026/07/01 23:53:09 Mari Tanaka, Human Resources Manager Field 12 cases・2 cases pending Human resources operations Dashboard Application review Expense reimbursement and payroll changes Company ID full name Chuukake type Duration and details Department status Attendance and leave application Sakura Eguchi Special holiday (congratulations and condolence) Human resources department Acceptance Onboarding procedures Employee benefits application Daiki Ueno Half day pregnant Shinharu Processing Department Ei 8 Resident tax and other taxes Sakura Eguchi Half day stay Human resources department Acceptance Ishida Mina Annual paid leave Development Department Shota Tsuda Special holiday (congratulations and condolence) Logistics department Acceptance Asuka Kono Special holiday (love book) Planning department Mayu Teramoto Annual vacation Planning department Acceptance Ayako Takeuchi Special rest light (koshiki) Kariabe Ayako Takeuchi Annual leave Kasanabu Acceptance Shohei Shimizu Half-day pregnancy report Development Department Shota Tsuda Annual vacation Logistics department Shenchu Asuka Kono Special vacation (Koshibei) Planning department Shenchu P2-07088456-010: Application approved. HR (Human Resources and Payroll) System aaA&quot;☆ human resources HR (Human Resources and Payroll) System FY2026・Human Resources Department 2026/07/01 23:53:16 Mari Tanaka, Human Resources Manager Field 12 items・2 items pending Human resources operations Dashboard List of applications Expense reimbursement and payroll changes Employee ID full name Application Type Duration/Details Department status Attendance and leave application Sakura Eguchi Special leave (for celebrations and condolences) Human resources department approval Onboarding procedures Employee benefits application Daiki Ueno Application for half-day paid leave Accounting Department approval R",[],"Decision/review evidence exists, but this does NOT establish that the preceding activity could not be automated."
ses_20260701-181913-SIDDHIGUPTAB00B::4,pi,expense settlement,/payroll-items,word_assisted,approve,"[{""category"": ""approve"", ""terms"": [""approval"", ""approve""]}]","Financial accounting system aaA finance Financial accounting system Fiscal Year 2026 - Accounting Department Sa Tokyo Electronics Industry Co., Ltd. Invoice Approval INV-2026-7075 Financial accounting operations Yamada Manufacturing Co., Ltd. Invoice Approval INV-2026-7076 ● Dashboard Okinawa Logistics Center Invoice Approval INV-2026-7077 323,651 yen adjustment Unprocessed Invoice Approval and Expense Settlement calculation Kansai Logistics Service Invoice Approval INV-2026-7078 2,919,297 yen adjustment Unprocessed Expense approval (management) Payment processing Details—P6-07101496-002 · Hokuriku Parts Industry Co., Ltd. Unprocessed Budget variance analysis Management ID Order Management Employee ID classification Invoice Approval INV-2026-7068 type Steady state Amount 412,027 yen status Unprocessed Reference: Order number verification: INV-2026-7068 Processing comments Invoice verification completed. INV-2026-7068 Amount: 412,027 yen. Approved with no discrepancies. √ Approval Ⅱ pending",[],"Decision/review evidence exists, but this does NOT establish that the preceding activity could not be automated."
ses_20260701-181913-SIDDHIGUPTAB00B::5,pi,expense reimbursement | expense settlement,/payroll-items,word_assisted,approve,"[{""category"": ""approve"", ""terms"": [""approval"", ""approve""]}]","Financial accounting system aaA finance Financial accounting system Fiscal Year 2026 - Accounting Department Sa Financial accounting operations Dashboard / Invoice Approval &amp; Expense Reimbursement ● Dashboard Invoice approval and expense reimbursement Invoice Approval and Expense Settlement 12 items - 10 items unprocessed calculation List of items awaiting processing Expense approval (management) ● Payment Processing Employee ID full name classification Amount type status Budget variance analysis Kansai Logistics Service Invoice Approval INV-2026-7067 3,164,947 yen Steady state Registered Order Management Hokuriku Parts Industry Co., Ltd. Invoice Approval INV-2026-7068 412,027 yen Steady state Registered Global Tech LLC Invoice Approval INV-2026-7069 718,263 yen Steady state Unprocessed Tokyo Electronics Industry Co., Ltd. Invoice Approval INV-2026-7070 568,642 yen Steady state Unprocessed Fukuoka System Design Invoice Approval INV-2026-7071 1,799,084 yen Steady state Unprocessed Tokyo Electronics Industry Co., Ltd. Invoice Approval INV-2026-7072 534,712 yen Steady state Unprocessed Tokyo Electronics Industry Co., Ltd. Invoice Approval INV-2026-7073 574,134 yen adjustment Unprocessed Hokuriku Parts Industry Co., Ltd. Invoice Approval INV-2026-7074 400,826 yen adjustment Unprocessed Tokyo Electronics Industry Co., Ltd. Invoice Approval INV-2026-7075 614,580 yen adjustment Unprocessed Yamada Manufacturing Co., Ltd. Invoice Approval INV-2026-7076 378,788 yen Steady state Unprocessed Financial accounting system aaA finance Financial accounting system Fiscal Year 2026 - Accounting Department Sa Tokyo Electronics Industry Co., Ltd. Invoice Approval INV-2026-7075 Financial accounting operations Yamada Manufacturing Co., Ltd. Invoice Approval INV-2026-7076 ● Dashboard Okinawa Logistics Center Invoice Approval INV-2026-7077 323,651 yen adjustment Unprocessed Invoice Approval and Expense Settlement calculation Kansai Logistics Service Invoice Approval INV-2026-7078 2,919,",[],"Decision/review evidence exists, but this does NOT establish that the preceding activity could not be automated."
ses_20260701-181913-SIDDHIGUPTAB00B::8,la,attendance | leave | paid leave,/leave-applications,word_assisted,approve,"[{""category"": ""approve"", ""terms"": [""approval"", ""approve""]}]",HR (Human Resources and Payroll) System aa rate human resources HR (Human Resources and Payroll) System FY2026・Human Resources Department Field List of applications Human resources operations ● Dashboard Employee ID full name Application Type Duration/Details Department status Expense reimbursement and payroll changes Ayako Takeuchi Application for half-day paid leave Sales Department approval ● Attendance and leave application Tomoya Okada Request for compensatory leave Logistics department Currently applying Onboarding procedures ● Application for employee benefits Shota Tsuda Annual paid leave Logistics department Currently applying ● Resident tax and other taxes Mayu Teramoto Flexible work schedule change application Planning Department Shenchu Ryosuke Kirishima Flexible work schedule change application Development Department Under request Sakura Eguchi Special leave (for celebrations and condolences) Human resources department Shenchu Mayu Teramoto Flexible work schedule change application Planning Department Currently applying Tomoya Okada Flexible work schedule change application Logistics department Crystal Ayako Takeuchi Annual paid leave Sales Department Crystal Ishida Mina Application for half-day paid leave Development Department Currently applying Daiki Ueno Special leave (for celebrations and condolences) Accounting Department Currently applying Takuya Aoki Flexible work schedule change application P2-07101496-001: Approved Request A Self HR (Human Resources and Payroll) System aaA human resources HR (Human Resources and Payroll) System FY2026・Human Resources Department Field List of applications Human resources operations ● Dashboard Employee ID full name Application Type Period and details Department status Expense reimbursement and payroll changes Ayako Takeuchi Application for half-day paid leave Sales Department approval Attendance and leave application Tomoya Okada Request for compensatory leave Logistics department Currently applying ● Onboardin,[],"Decision/review evidence exists, but this does NOT establish that the preceding activity could not be automated."
ses_20260701-181913-SIDDHIGUPTAB00B::9,la,attendance | leave | paid leave,/leave-applications,word_assisted,approve,"[{""category"": ""approve"", ""terms"": [""approval"", ""approve""]}]",HR (Human Resources and Payroll) System aaA human resources HR (Human Resources and Payroll) System FY2026・Human Resources Department Field 12 items・8 items pending Human resources operations List of applications ● Dashboard Expense reimbursement and payroll changes Employee ID full name Application Type Period and details Department status Attendance and leave application Ayako Takeuchi Application for half-day paid leave Sales Department approval ● Onboarding procedures Tomoya Okada Request for compensatory leave Logistics department approval ● Application for employee benefits ● Resident tax and other taxes Shota Tsuda Annual paid leave Logistics department approval Mayu Teramoto Flexible work schedule change application Planning Department approval Ryosuke Kirishima Flexible work schedule change application Development Department Currently applying Sakura Eguchi Special leave (for celebrations and condolences) Human resources department Currently applying Mayu Teramoto Flexible work schedule change application Planning Department Currently applying Tomoya Okada Flexible work schedule change application Logistics department Currently applying Ayako Takeuchi Annual paid leave Sales Department Currently applying Mina Ishida Application for half-day paid leave Development Department Currently applying Daiki Ueno Special leave (for celebrations and condolences) Accounting activate Windows Takuya Aoki Flexible work schedule change application Sales Department Currently applying HR (Human Resources and Payroll) System aaA human resources HR (Human Resources and Payroll) System FY2026・Human Resources Department Field 12 items・8 items pending Human resources operations ● Dashboard List of applications Expense reimbursement and payroll changes Employee ID full name Application Type Period and details Department status Attendance and leave application Ayako Takeuchi Application for half-day paid leave Sales Department approval ● Onboarding procedures Tomoya Okada Request f,[],"Decision/review evidence exists, but this does NOT establish that the preceding activity could not be automated."
ses_20260701-181913-SIDDHIGUPTAB00B::18,pi,expense settlement,/payroll-items,word_assisted,approve,"[{""category"": ""approve"", ""terms"": [""approval"", ""approve""]}]","Financial accounting system aaA finance Financial accounting system Fiscal Year 2026 - Accounting Department Sa List of items awaiting processing Financial accounting operations Dashboard Employee ID full name classification Amount type status Invoice Approval and Expense Settlement calculation Kansai Logistics Service Invoice Approval INV-2026-7067 3,164,947 yen Steady state Registered Expense approval (management) Hokuriku Parts Industry Co., Ltd. Invoice Approval INV-2026-7068 412,027 yen Steady state Registered Payment processing Global Tech LLC Invoice Approval INV-2026-7069 718,263 yen Steady state Registered Budget variance analysis Tokyo Electronics Industry Co., Ltd. Invoice Approval INV-2026-7070 568,642 yen Steady state Registered Order Management Fukuoka System Design Invoice Approval INV-2026-7071 1,799,084 yen Steady state Registered Tokyo Electronics Industry Co., Ltd. Invoice Approval INV-2026-7072 534,712 yen Steady state Registered Tokyo Electronics Industry Co., Ltd. Invoice Approval INV-2026-7073 574,134 yen adjustment Unprocessed Hokuriku Parts Industry Co., Ltd. Invoice Approval INV-2026-7074 400,826 yen adjustment Unprocessed Tokyo Electronics Industry Co., Ltd. Invoice Approval INV-2026-7075 614,580 yen adjustment Unprocessed Yamada Manufacturing Co., Ltd. Invoice Approval INV-2026-7076 378,788 yen Steady state Unprocessed Okinawa Logistics Center Invoice Approval INV-2026-7077 323,651 yen adjustment Unprocessed Kansai Logistics Service Invoice Approval INV-2026-7078 2,919,297 yen Acadjusted and unprocessed. Financial accounting system aaA finance Financial accounting system Fiscal Year 2026 - Accounting Department Sa Tokyo Electronics Industry Co., Ltd. Invoice Approval INV-2026-7075 Financial accounting operations Yamada Manufacturing Co., Ltd. Invoice Approval INV-2026-7076 ● Dashboard Okinawa Logistics Center Invoice Approval INV-2026-7077 323,651 yen adjustment Unprocessed Invoice Approval and Expense Settlement calculation Kansai Logist",[],"Decision/review evidence exists, but this does NOT establish that the preceding activity could not be automated."
ses_20260701-182634-NEELA9BAF::10,la,,/leave-applications | /payroll-items,word_assisted,approve,"[{""category"": ""approve"", ""terms"": [""approval"", ""approve""]}]","Order and Inventory Management System aaA rate Receiving/Receiving Order and Inventory Management System 2026・Logistics Management Department high Order processing and inventory management Dashboard Contract Management ● Dashboard contract management ● Inventory Management 12 items · 10 items pending ● Contract management List of applications ● Return processing Employee ID full name Application Type Duration/Details Department ● IT application status ● Orders and other Yamato Shoji Co., Ltd. Basic Transaction Agreement (New Agreement) New agreement Waiting for processing Yamato Shoji Co., Ltd. Sales contract (amendment) change Waiting for processing Okinawa Logistics Center Confidentiality Agreement (New Agreement) New agreement approval Okinawa Logistics Center Sales contract (amendment) change Global Tech LLC Basic Transaction Agreement (New Agreement) New agreement Waiting for processing Okinawa Logistics Center Sales contract (amendment) change Waiting for processing Yamato Shoji Co., Ltd. Sales contract (amendment) change Waiting for processing Tokyo Electronics Industry Co., Ltd. Basic Transaction Agreement (New Agreement) New agreement Waiting for processing Global Tech LLC Outsourcing contract (termination) Cancellation Waiting for processing Yamato Shoji Co., Ltd. Maintenance contract (renewal) update Waiting for processing Hokuriku Parts Industry Co., Ltd. Basic Transaction Agreement (New Agreement) New agreement Waiting for processing Kansai Logistics Service Confidentiality Agreement (New Agreement) New P12-07046495-004: Application approved.",[],"Decision/review evidence exists, but this does NOT establish that the preceding activity could not be automated."
ses_20260701-182634-NEELA9BAF::11,pi,expense reimbursement | expense settlement,/payroll-items,word_assisted,approve,"[{""category"": ""approve"", ""terms"": [""approval"", ""approve""]}]","Financial accounting system aa A☆ skewer finance Financial accounting system Fiscal Year 2026 - Accounting Department Sa Financial accounting operations Dashboard Invoice Approval/Expense Reimbursement ● Dashboard Invoice approval and expense reimbursement Invoice Approval and Expense Settlement 12 items - 11 items unprocessed calculation List of items awaiting processing ● Expense approval (management) ● Payment Processing Employee ID full name classification gold color type status ● Budget variance analysis Kansai Logistics Service Request letter approval INV-2026-7506 3,037,210 yen adjustment Unprocessed • Order management Tokyo Electronics Industry Co., Ltd. Request Book Approval INV-2026-7507 547,164 yen adjustment Registered Tokyo Electronics Industry Co., Ltd. Request Book Approval INV-2026-7508 547,254 yen Steady state Unprocessed Tokyo Electronics Industry Co., Ltd. Request approval INV-2026-7509 565,013 yen Steady state Unprocessed Kansai Logistics Service Invoice Approval INV-2026-7510 3,059,561 yen Steady state Unprocessed Fukuoka System Design Invoice Approval INV-2026-7511 1,891,074 yen Steady state Unprocessed Hokuriku Parts Industry Co., Ltd. Invoice Approval INV-2026-7512 387,195 yen Steady state Unprocessed Yamada Manufacturing Co., Ltd. Invoice Approval INV-2026-7513 402,063 yen adjustment Unprocessed Fukuoka System Design Request Book Approval INV-2026-7514 1,845,407 yen Steady state Unprocessed Yamato Shoji Co., Ltd. Request approval INV-2026-7515 1,304,905 yen adjustment Unprocessed Fukuoka System Design Request approval INV-2026-7516 1,880,107 yen Steady state Unprocessed Hokuriku Parts Industry Co., Ltd. Request letter approval INV-2026-7517 450,726 yen tone P6-07046495-002: Registration confirmed.",[],"Decision/review evidence exists, but this does NOT establish that the preceding activity could not be automated."
ses_20260701-182634-NEELA9BAF::12,pi,expense settlement,/payroll-items,word_assisted,approve | hold,"[{""category"": ""approve"", ""terms"": [""approval"", ""approve""]}, {""category"": ""hold"", ""terms"": [""hold""]}]","Ram Ward Ward Ward Ward Invoice verification complete. INV-2026-7506 Amount: ¥3,037,210... Invoice verification completed. INV-2026-7506 Amount: 3,037,210 yen. There may be discrepancies; confirmation is required. overview List of fixed-rate clients Approval. Monthly fixed-rate client list Verification procedure overview A list of clients for whom a fixed monthly invoice is issued. This list is used to verify amounts when approving invoices. List of fixed-rate clients No. 1 Yamada Manufacturing Co., Ltd.: Monthly manufacturing outsourcing fee of 385,000 yen No. 2 Yamato Shoji Co., Ltd. Raw material procurement: 1,240,000 yen per month No. 3 Tokyo Electronics Industry Co., Ltd. Maintenance fee: 562,800 yen per month No. 4 Global Tech LLC: SaaS usage fee 745,000 yen per month No. 5 Hokuriku Electronic Components: Parts supply, Monthly fee: 420,000 yen Verification procedure Please compare the INV number, amount, and customer name of the received invoice with this list. If there are any discrepancies, This will be put on hold for further confirmation. cape ten Financial accounting system aa A☆ rate finance Financial accounting system Fiscal Year 2026 - Accounting Department Sa Financial accounting operations Hokuriku Parts Industry Co., Ltd. Invoice Approval INV-2026-7512 ● Dashboard Yamada Manufacturing Co., Ltd. Invoice Approval INV-2026-7513 402,063 yen adjustment Unprocessed Invoice Approval and Expense Settlement calculation Fukuoka System Design Invoice Approval INV-2026-7514 1,845,407 yen Steady state Unprocessed ● Expense approval (management) Yamato Shoji Co., Ltd. Invoice Approval INV-2026-7515 1,304,905 yen adjustment Unprocessed ● Payment Processing Fukuoka System Design Invoice Approval INV-2026-7516 1,880,107 yen Steady state Unprocessed Budget variance analysis Hokuriku Parts Industry Co., Ltd. Invoice Approval INV-2026-7517 450,726 yen adjustment Unprocessed ● Order Management Details—P6-07046495-003 · Tokyo Electronics Industry Co., Ltd. Unprocessed Ma",[],"Decision/review evidence exists, but this does NOT establish that the preceding activity could not be automated."
ses_20260701-182634-NEELA9BAF::13,pi,expense settlement,/payroll-items,word_assisted,approve,"[{""category"": ""approve"", ""terms"": [""approval"", ""approve""]}]","Financial accounting system aa A☆ rate finance Financial accounting system Fiscal Year 2026 - Accounting Department Sa Financial accounting operations Hokuriku Parts Industry Co., Ltd. Invoice Approval INV-2026-7512 ● Dashboard Yamada Manufacturing Co., Ltd. Invoice Approval INV-2026-7513 402,063 yen adjustment Unprocessed Invoice Approval and Expense Settlement calculation Fukuoka System Design Invoice Approval INV-2026-7514 1,845,407 yen Steady state Unprocessed ● Expense approval (management) Yamato Shoji Co., Ltd. Invoice Approval INV-2026-7515 1,304,905 yen adjustment Unprocessed ● Payment Processing Fukuoka System Design Invoice Approval INV-2026-7516 1,880,107 yen Steady state Unprocessed Budget variance analysis Hokuriku Parts Industry Co., Ltd. Invoice Approval INV-2026-7517 450,726 yen adjustment Unprocessed ● Order Management Details—P6-07046495-004 · Tokyo Electronics Industry Co., Ltd. Unprocessed Management ID Employee ID classification Invoice Approval INV-2026-7509 type Steady state Amount 565,013 yen status Unprocessed Reference: Order number verification: INV-2026-7509 Processing comments Invoice verification completed. INV-2026-7509 Amount: 565,013 yen. Approved with no discrepancies. √ Approval Ⅱ pending",[],"Decision/review evidence exists, but this does NOT establish that the preceding activity could not be automated."
ses_20260701-182634-NEELA9BAF::15,la,attendance | leave | paid leave,/leave-applications,word_assisted,approve,"[{""category"": ""approve"", ""terms"": [""approval"", ""approve""]}]",HR (Human Resources and Payroll) System aa A☆ skewer human resources HR (Human Resources and Payroll) System FY2026・Human Resources Department Field Human resources operations Dashboard Attendance and Leave Application ● Dashboard Attendance and leave application 12 items・8 items pending ● Expense reimbursement and salary changes ● Attendance and leave application List of applications ● Onboarding procedures Employee ID full name Application Type Period and details Department status ● Application for employee benefits Shota Tsuda Flexible work schedule change application Logistics department approval ● Resident tax and other taxes Ryosuke Kirishima Special leave (for celebrations and condolences) Development Department approval Sakura Eguchi Request for compensatory leave Human resources department approval Kenichi Toyama Annual paid leave Sales Department approval Rie Kikuchi Flexible work schedule change application Sales Department Currently applying Shohei Shimizu Flexible work schedule change application Development Department Currently applying Yuji Sakamoto Request for compensatory leave Human resources department Currently applying Sakura Eguchi Request for compensatory leave Human resources department Currently applying Shohei Shimizu Request for compensatory leave Development Department Currently applying Shohei Shimizu Special leave (for celebrations and condolences) Development Department Currently applying Ayako Takeuchi Flexible work schedule change application Sales Department Currently applying Ayako Takeuchi Flexible work schedule change application Sales Department Order and Inventory Management System aa A☆ rate Receiving/Receiving Order and Inventory Management System 2026・Logistics Management Department high Order processing and inventory management Dashboard Contract Management ● Dashboard contract management Inventory Management 12 items・9 items pending ● Contract management List of applications • Return processing Employee ID full name Applic,[],"Decision/review evidence exists, but this does NOT establish that the preceding activity could not be automated."
ses_20260701-183232-LAPTOP-76QMG9DE::1,pi,deduction | dependent deduction | expense reimbursement | payroll | payroll change | salary,/payroll-items,notepad_assisted,approve | hold,"[{""category"": ""approve"", ""terms"": [""approval"", ""approve""]}, {""category"": ""hold"", ""terms"": [""hold""]}]","Order and Inventory Management System aa #car Receiving/Receiving Order and Inventory Management System 2026・Logistics Management Department ):02:47 Kenji Takahashi, Logistics Manager high Order processing and inventory management Order management system/dashboard Dashboard Order/Inventory Dashboard Inventory Management Fiscal year 2026 · Generated on July 2, 2026 contract management Inventory Management contract management IT application others Return processing 0 Unprocessed 0 under application 0 Waiting for processing 0 Matching IT application Orders and other Self HR (Human Resources and Payroll) System aaA☆ human resources HR (Human Resources and Payroll) System FY2026・Human Resources Department Field Human resources operations Tomoya Okada Change in dependent deduction Dashboard Ayako Takeuchi Change in dependent deduction Steady state Unprocessed Expense reimbursement and payroll changes Ryosuke Kirishima Salary increase 21,456 yen Steady state Unprocessed Attendance and leave application Onboarding procedures Daiki Ueno Overtime pay adjustment 5,995 yen adjustment Unprocessed Employee benefits application Details—P1-07080388-001 · Tomoya Okada Resident tax and other taxes Unprocessed Management ID Employee ID classification Business trip expenses type Steady state Amount 56,120 yen status Unprocessed Reference: Applicant category: Regular Approval authority: Department head Processing comments Please enter the processing details and confirmation comments... ✓ Registration confirmed on hold Self",[],"Decision/review evidence exists, but this does NOT establish that the preceding activity could not be automated."
ses_20260701-183232-LAPTOP-76QMG9DE::6,pi,deduction | dependent deduction | expense reimbursement | payroll | payroll change | salary,/payroll-items,notepad_assisted,approve | hold,"[{""category"": ""approve"", ""terms"": [""approval"", ""approve""]}, {""category"": ""hold"", ""terms"": [""hold""]}]","HR (Human Resources and Payroll) System a lung A☆ human resources HR (Human Resources and Payroll) System FY2026・Human Resources Department 2026/07/02 00:04:32 Mari Tanaka, Human Resources Manager Field Human resources operations Tomoya Okada Change in dependent deduction Steady state Unprocessed Dashboard Ayako Takeuchi Change in dependent deduction Steady state Unprocessed Expense reimbursement and payroll changes Ryosuke Kirishima Salary increase Attendance and leave application 21,456 yen Steady state Unprocessed Onboarding procedures Daiki Ueno Overtime pay adjustment 5,995 yen adjustment Unprocessed Employee benefits application Details—P1-07080388-003 · Shota Tsuda Resident tax and other taxes Unprocessed Management ID Employee ID classification Business trip expenses type Steady state Amount 31,411 yen status Unprocessed Reference: Applicant category: Regular Approval authority: Department head Processing comments Expense reimbursement confirmed. Expense item: Business trip expenses. Amount: 31,411 yen. Confirmed to be within regulations. ✓ Registration confirmed on hold",[],"Decision/review evidence exists, but this does NOT establish that the preceding activity could not be automated."
ses_20260701-183232-LAPTOP-76QMG9DE::7,pi,deduction | dependent deduction | expense reimbursement | expense settlement | payroll | payroll change | salary | transportation expense,/payroll-items,notepad_assisted,approve | hold,"[{""category"": ""approve"", ""terms"": [""approval"", ""approve""]}, {""category"": ""hold"", ""terms"": [""hold""]}]","Inventory adjustment memo Ab Inventory adjustment memo Product number: BATCH-W4 Adjustment amount: -178 Category: Inventory adjustment Self HR (Human Resources and Payroll) System a lung A☆ |Car human resources HR (Human Resources and Payroll) System FY2026・Human Resources Department 2026/07/02 00:05:12 Mari Tanaka, Human Resources Manager Field Human resources operations Tomoya Okada Change in dependent deduction Steady state Unprocessed Dashboard Ayako Takeuchi Change in dependent deduction Steady state Unprocessed Expense reimbursement and payroll changes Ryosuke Kirishima Salary increase Attendance and leave application 21,456 yen Steady state Unprocessed Onboarding procedures Daiki Ueno Overtime pay adjustment 5,995 yen adjustment Unprocessed Employee benefits application Details—P1-07080388-007·Ken Toyama Resident tax and other taxes Unprocessed Management ID Employee ID classification Transportation expense settlement type Steady state Amount 5,083 yen status Unprocessed Reference: Applicant Category: Regular Approval Authority: Human Resources Processing comments Expense reimbursement confirmed. Expense item: Transportation expenses. Amount reimbursed: 5,083 yen. Confirmed to be within regulations. ✓ Registration confirmed on hold HR (Human Resources and Payroll) System aaA☆ human resources HR (Human Resources and Payroll) System FY2026・Human Resources Department 2026/07/02 00:05:18 Mari Tanaka, Human Resources Manager Field Employee ID full name classification Amount type status Human resources operations Tomoya Okada Business trip expenses 56,120 yen Steady state Registered Dashboard Takuya Aoki Business trip expenses 35,241 yen Steady state Registered Expense reimbursement and payroll changes Attendance and leave application Shota Tsuda Business trip expenses 31,411 yen Steady state Registered Onboarding procedures Daiki Ueno Transportation expense settlement 7,632 yen Steady state Registered Employee benefits application Yuji Sakamoto Consumables cost 29",[],"Decision/review evidence exists, but this does NOT establish that the preceding activity could not be automated."
ses_20260701-183232-LAPTOP-76QMG9DE::9,pi,deduction | dependent deduction | expense reimbursement | expense settlement | payroll | payroll change | salary | transportation expense,/payroll-items,notepad_assisted,approve | hold,"[{""category"": ""approve"", ""terms"": [""approval"", ""approve""]}, {""category"": ""hold"", ""terms"": [""hold""]}]","HR (Human Resources and Payroll) System a lung A☆ human resources HR (Human Resources and Payroll) System FY2026・Human Resources Department 2026/07/02 00:05:50 Mari Tanaka, Human Resources Manager Field Human resources operations Tomoya Okada Change in dependent deduction Steady state Unprocessed Dashboard Ayako Takeuchi Change in dependent deduction Steady state Unprocessed Expense reimbursement and payroll changes Ryosuke Kirishima Salary increase Attendance and leave application 21,456 yen Steady state Unprocessed Onboarding procedures Daiki Ueno Overtime pay adjustment 5,995 yen adjustment Unprocessed Employee benefits application Details—P1-07080388-011 · Yuji Sakamoto Resident tax and other taxes Unprocessed Management ID Employee ID classification Transportation expense settlement type Steady state Amount 21,269 yen status Unprocessed Reference: Applicant Category: Regular Approval Authority: Human Resources Processing comments Please enter the processing details and confirmation comments... ✓ Registration confirmed on hold HR (Human Resources and Payroll) System aaA☆ human resources HR (Human Resources and Payroll) System FY2026・Human Resources Department 2026/07/02 00:05:53 Mari Tanaka, Human Resources Manager Field Human resources operations Kenichi Toyama Consumables cost 28,931 yen Steady state Registered Dashboard Yuji Sakamoto Transportation expense settlement 21,269 yen Steady state Registered Expense reimbursement and payroll changes Ryosuke Kirishima Training fee 39,442 yen Steady state Unprocessed Attendance and leave application Ayako Takeuchi Abolition of position allowances 18,168 yen Steady state Unprocessed Onboarding procedures Employee benefits application Shohei Shimizu Abolition of position allowances 18,168 yen Steady state Unprocessed ● Resident tax and other taxes Shota Tsuda Salary increase 21,456 yen Steady state Unprocessed Asuka Kono Abolition of position allowances 18,168 yen Steady state unresolved Sakura Eguchi New position-based",[],"Decision/review evidence exists, but this does NOT establish that the preceding activity could not be automated."
ses_20260701-183232-LAPTOP-76QMG9DE::10,la,,/leave-applications,notepad_assisted,approve,"[{""category"": ""approve"", ""terms"": [""approval"", ""approve""]}]","Order and Inventory Management System Receiving/Receiving Order and Inventory Management System 2026・Logistics Management Department 2026/07/02 00:06:10 Kenji Takahashi, Logistics Manager high Hokuriku Parts Industry Co., Ltd. Basic Transaction Agreement (New Agreement) New agreement Waiting for processing Order processing and inventory management Okinawa Logistics Center Sales contract (amendment) change Waiting for processing Dashboard Inventory Management Hokuriku Parts Industry Co., Ltd. Maintenance contract (renewal) update Waiting for processing contract management Yamato Shoji Co., Ltd. Sales contract (amendment) change Waiting for processing Return processing Okinawa Logistics Center Maintenance contract (renewal) update Waiting for processing IT application Orders and other Details — Yamato Shoji Co., Ltd. (V3002) Waiting for processing Management ID Employee ID Application Type Sales contract (amendment) period Department change status Waiting for processing Reference: Reference document: shinkui_keiyaku_tetsuzuki.docx Approval comment Contract management processing. Type: Sales contract (amendment). Date: 2026-07-08. Related documents confirmed. √ Approval × Return",[],"Decision/review evidence exists, but this does NOT establish that the preceding activity could not be automated."
ses_20260701-183232-LAPTOP-76QMG9DE::13,pi,,/payroll-items,word_assisted,hold,"[{""category"": ""hold"", ""terms"": [""hold""]}]","Order and Inventory Management System a lung A☆ Receiving/Receiving Order and Inventory Management System 2026・Logistics Management Department 2026/07/02 00:07:31 Kenji Takahashi, Logistics Manager high Order processing and inventory management Control board unit A Receiving stock 54 yen Steady state Unprocessed Dashboard Motor Unit F Receiving stock 10 yen Steady state Unprocessed Inventory Management Optical lens E Returned items received 20 yen adjustment Unprocessed contract management Return processing Details—P11-07080388-006 · Enclosure Panel D Unprocessed IT application Orders and other Management ID Employee ID classification Inventory adjustment type adjustment Amount Not applicable status Unprocessed Adjustment details: Bookkeeping correction due to discrepancies in physical inventory count. Reference: Part Number: BATCH-W4 Category: Inventory Adjustment Processing comments Please enter the processing details and confirmation comments... ✓ Inventory Update on hold",[],"Decision/review evidence exists, but this does NOT establish that the preceding activity could not be automated."
ses_20260701-183232-LAPTOP-76QMG9DE::14,pi,,/payroll-items,word_assisted,hold,"[{""category"": ""hold"", ""terms"": [""hold""]}]","Order and Inventory Management System a lung A☆ Receiving/Receiving Order and Inventory Management System 2026・Logistics Management Department 2026/07/02 00:07:51 Kenji Takahashi, Logistics Manager high Order processing and inventory management Sensor Cable C Shipping allocation Steady state Unprocessed Dashboard Control board unit A Receiving stock 54 yen Steady state Unprocessed Inventory Management Motorunit F Receiving stock 10 yen Steady state Unprocessed contract management Return processing Optical lens E Returned items received 20 yen adjustment Unprocessed IT application Details—P11-07080388-008 · Optical Lens E Orders and other Unprocessed Management ID Employee ID classification Receiving stock type Steady state Amount 10 yen status Unprocessed Reference: Part number: BATCH-W5 Category: Inventory Processing comments Inventory adjustment registration. Part number: BATCH-W5 Part name: Optical lens E Adjustment quantity: +10 pieces. ✓ Inventory Update on hold small",[],"Decision/review evidence exists, but this does NOT establish that the preceding activity could not be automated."
ses_20260701-184201-LAPTOP-76QMG9DE::13,la,,/leave-applications | /onboarding,word_assisted,approve,"[{""category"": ""approve"", ""terms"": [""approval"", ""approve""]}]","Financial accounting system finance Financial accounting system Fiscal Year 2026 - Accounting Department 2026/07/02 00:18:30 Naoki Sato, Accounting Manager Sa Tomoya Okada Entertainment expenses Logistics department Currently applying Financial accounting operations Mayu Teramoto Consumables cost Planning Department Currently applying Dashboard Invoice Approval and Expense Settlement Mayu Teramoto Business trip expenses Planning Department Currently applying calculation Ryosuke Kirishima Business trip expenses (for multiple people) Development Department Currently applying Expense approval (management) Ayako Takeuchi Entertainment expenses Sales Department Currently applying Payment processing Budget variance analysis Details—Takuya Aoki (E2001) Currently applying Order Management Management ID Employee ID Application Type Training expenses period Department Sales Department status Currently applying Reference: Expense item: Training expenses Amount: 44,460 yen Confirmation: Pre-approved Approval comment Please enter your approval comment or reason for rejection... ✓ Approval × Return Self",[],"Decision/review evidence exists, but this does NOT establish that the preceding activity could not be automated."
ses_20260701-184201-LAPTOP-76QMG9DE::15,la,,/leave-applications,word_assisted,approve,"[{""category"": ""approve"", ""terms"": [""approval"", ""approve""]}]","Financial accounting system finance Financial accounting system Fiscal Year 2026 - Accounting Department 2026/07/02 00:19:09 Naoki Sato, Accounting Manager Sa 12 items · 10 items pending Financial accounting operations Dashboard List of applications Invoice Approval and Expense Settlement calculation Employee ID full name Application Type Duration/Details Department status Expense approval (management) Takuya Aoki Training expenses Sales Department approval Payment processing Ayako Takeuchi Consumables cost Sales Department approval Budget variance analysis Daiki Ueno Business trip expenses (for multiple people) Accounting Department Currently applying Order Management Sakura Eguchi Business trip expenses Human resources department Currently applying Shohei Shimizu Business trip expenses Development Department Currently applying Ishida Mina Entertainment expenses Development Department Currently applying Nana Shimada Training expenses Accounting Department Currently applying Tomoya Okada Entertainment expenses Logistics department Currently applying Mayu Teramoto Consumables cost Planning Department Currently applying Mayu Teramoto Business trip expenses Planning Department Currently applying Ryosuke Kirishima Business trip expenses (for multiple people) Development Department Currently applying Ayako Takeuchi Entertainment expenses Sales Department Currently applying Self",[],"Decision/review evidence exists, but this does NOT establish that the preceding activity could not be automated."
ses_20260701-190250-NEELA9BAF::2,pi,expense reimbursement | expense settlement,/payroll-items,word_assisted,approve,"[{""category"": ""approve"", ""terms"": [""approval"", ""approve""]}]","Financial accounting system aa A☆ rate finance Financial accounting system Fiscal Year 2026 - Accounting Department Sa Financial accounting operations Dashboard / Invoice Approval &amp; Expense Reimbursement ● Dashboard Invoice approval and expense reimbursement Invoice Approval and Expense Settlement 12 items · 12 items unprocessed calculation List of items awaiting processing ● Expense approval (management) ● Payment Processing Employee ID full name classification Amount type status ● Budget variance analysis Tokyo Electronics Industry Co., Ltd. Invoice Approval INV-2026-7998 536,841 yen Steady state Unprocessed ● Order Management Kansai Logistics Service Invoice Approval INV-2026-7999 2,691,742 yen Steady state Unprocessed Hokuriku Parts Industry Co., Ltd. Invoice Approval INV-2026-8000 380,199 yen Steady state Unprocessed Global Tech LLC Invoice Approval INV-2026-8001 784,303 yen Steady state Unprocessed Yamada Manufacturing Co., Ltd. Invoice Approval INV-2026-8002 363,706 yen adjustment Unprocessed Yamada Manufacturing Co., Ltd. Invoice Approval INV-2026-8003 422,043 yen adjustment Unprocessed Tokyo Electronics Industry Co., Ltd. Invoice Approval INV-2026-8004 525,797 yen Steady state Unprocessed Okinawa Logistics Center Invoice Approval INV-2026-8005 301,223 yen adjustment Unprocessed Fukuoka System Design Invoice Approval INV-2026-8006 1,903,641 yen adjustment Unprocessed Kansai Logistics Service Invoice Approval INV-2026-8007 3,272,432 yen adjustment Unprocessed Tokyo Electronics Industry Co., Ltd. Invoice Approval INV-2026-8008 588,515 yen adjustment Unprocessed Steady tivate Wind effect Fukuoka System Design Invoice Approval INV-2026-8009 1,876,206 yen two xum R4 Surgeon",[],"Decision/review evidence exists, but this does NOT establish that the preceding activity could not be automated."
ses_20260701-190250-NEELA9BAF::3,pi,expense settlement,/payroll-items,word_assisted,approve,"[{""category"": ""approve"", ""terms"": [""approval"", ""approve""]}]","Financial accounting system aa A☆ rate finance Financial accounting system Fiscal Year 2026 - Accounting Department Sa Financial accounting operations Tokyo Electronics Industry Co., Ltd. Invoice Approval INV-2026-8004 ● Dashboard Okinawa Logistics Center Invoice Approval INV-2026-8005 301,223 yen adjustment Unprocessed Invoice Approval and Expense Settlement calculation Fukuoka System Design Invoice Approval INV-2026-8006 1,903,641 yen adjustment Unprocessed ● Expense approval (management) Kansai Logistics Service Invoice Approval INV-2026-8007 3,272,432 yen adjustment Unprocessed ● Payment Processing Tokyo Electronics Industry Co., Ltd. Invoice Approval INV-2026-8008 588,515 yen adjustment Unprocessed Budget variance analysis Fukuoka System Design Invoice Approval INV-2026-8009 1,876,206 yen Steady state Unprocessed ● Order Management Details—P6-07046967-003 · Hokuriku Parts Industry Co., Ltd. Unprocessed Management ID Employee ID classification Invoice Approval INV-2026-8000 type Steady state Amount 380,199 yen status Unprocessed Reference: Order number verification: INV-2026-8000 Processing comments Please enter the processing details and confirmation comments... √ Approval Ⅱ pending",[],"Decision/review evidence exists, but this does NOT establish that the preceding activity could not be automated."
ses_20260701-190250-NEELA9BAF::4,pi,expense settlement,/payroll-items,word_assisted,approve,"[{""category"": ""approve"", ""terms"": [""approval"", ""approve""]}]","Financial accounting system aa A☆ rate finance Financial accounting system Fiscal Year 2026 - Accounting Department Sa Financial accounting operations Tokyo Electronics Industry Co., Ltd. Invoice Approval INV-2026-8004 ● Dashboard Okinawa Logistics Center Invoice Approval INV-2026-8005 301,223 yen adjustment Unprocessed Invoice Approval and Expense Settlement calculation Fukuoka System Design Invoice Approval INV-2026-8006 1,903,641 yen adjustment Unprocessed Expense approval (management) Kansai Logistics Service Invoice Approval INV-2026-8007 3,272,432 yen adjustment Unprocessed ● Payment Processing Tokyo Electronics Industry Co., Ltd. Invoice Approval INV-2026-8008 588,515 yen adjustment Unprocessed Budget variance analysis Fukuoka System Design Invoice Approval INV-2026-8009 1,876,206 yen Steady state Unprocessed ● Order Management Details P6-07046967-004 · Global Tech LLC Unprocessed Management ID Employee ID classification Invoice Approval INV-2026-8001 type Steady state Amount 784,303 yen status Unprocessed Reference: Order number verification: INV-2026-8001 Processing comments Invoice verification completed. INV-2026-8001 Amount: 784,303 yen. Approved with no discrepancies. √ Approval Ⅱ pending",[],"Decision/review evidence exists, but this does NOT establish that the preceding activity could not be automated."
ses_20260701-190250-NEELA9BAF::5,pi,expense settlement,/payroll-items,word_assisted,approve,"[{""category"": ""approve"", ""terms"": [""approval"", ""approve""]}]","Financial accounting system aa A☆ rate finance Financial accounting system Fiscal Year 2026 - Accounting Department Sa Financial accounting operations Tokyo Electronics Industry Co., Ltd. Invoice Approval INV-2026-8004 ● Dashboard Okinawa Logistics Center Invoice Approval INV-2026-8005 301,223 yen adjustment Unprocessed Invoice Approval and Expense Settlement calculation Fukuoka System Design Invoice Approval INV-2026-8006 1,903,641 yen adjustment Unprocessed ● Expense approval (management) Kansai Logistics Service Invoice Approval INV-2026-8007 3,272,432 yen adjustment Unprocessed ● Payment Processing Tokyo Electronics Industry Co., Ltd. Invoice Approval INV-2026-8008 588,515 yen adjustment Unprocessed Budget variance analysis Fukuoka System Design Invoice Approval INV-2026-8009 1,876,206 yen Steady state Unprocessed ● Order Management Details — P6-07046967-005 · Yamada Manufacturing Co., Ltd. Unprocessed Management ID Employee ID classification Invoice Approval INV-2026-8002 type adjustment Amount 363,706 yen status Unprocessed Reference: Order number verification: INV-2026-8002 Processing comments Please enter the processing details and confirmation comments... √ Approval Ⅱ pending",[],"Decision/review evidence exists, but this does NOT establish that the preceding activity could not be automated."
ses_20260701-190250-NEELA9BAF::6,pi,,/payroll-items,word_assisted,approve | hold,"[{""category"": ""approve"", ""terms"": [""approval"", ""approve""]}, {""category"": ""hold"", ""terms"": [""hold""]}]","→Three Ward Ward Ward Ward Invoice verification complete. INV-2026-7506 Amount: ¥3,037,210... Invoice verification completed. INV-2026-7506 Amount: 3,037,210 yen. There may be discrepancies; confirmation is required. overview List of fixed-rate clients Approval. Monthly fixed-rate client list Verification procedure overview A list of clients for whom a fixed monthly invoice is issued. This list is used to verify amounts when approving invoices. List of fixed-rate clients No. 1 Yamada Manufacturing Co., Ltd.: Monthly manufacturing outsourcing fee of 385,000 yen No. 2 Yamato Shoji Co., Ltd. Raw material procurement: 1,240,000 yen per month No. 3 Tokyo Electronics Industry Co., Ltd. Monthly maintenance fee: 562,800 yen No. 4 Global Tech LLC: SaaS usage fee 745,000 yen per month No. 5 Hokuriku Electronic Components: Parts supply, Monthly fee: 420,000 yen Verification procedure Please compare the INV number, amount, and customer name of the received invoice with this list. If there are any discrepancies, This will be put on hold for further confirmation. cape ten",[],"Decision/review evidence exists, but this does NOT establish that the preceding activity could not be automated."
ses_20260701-190250-NEELA9BAF::7,pi,expense settlement,/payroll-items,word_assisted,approve,"[{""category"": ""approve"", ""terms"": [""approval"", ""approve""]}]","Financial accounting system aaA rate finance Financial accounting system Fiscal Year 2026 - Accounting Department Sa Financial accounting operations Tokyo Electronics Industry Co., Ltd. Invoice Approval INV-2026-8004 ● Dashboard Okinawa Logistics Center Invoice Approval INV-2026-8005 301,223 yen adjustment Unprocessed Invoice Approval and Expense Settlement calculation Fukuoka System Design Invoice Approval INV-2026-8006 1,903,641 yen adjustment Unprocessed Expense approval (management) Kansai Logistics Service Invoice Approval INV-2026-8007 3,272,432 yen adjustment Unprocessed ● Payment Processing Tokyo Electronics Industry Co., Ltd. Invoice Approval INV-2026-8008 588,515 yen adjustment Unprocessed Budget variance analysis Fukuoka System Design Invoice Approval INV-2026-8009 1,876,206 yen Steady state Unprocessed ● Order Management Details—P6-07046967-007 · Tokyo Electronics Industry Co., Ltd. Unprocessed Management ID Employee ID classification Invoice Approval INV-2026-8004 type Steady state Amount 525,797 yen status Unprocessed Reference: Order number verification: INV-2026-8004 Processing comments Please enter the processing details and confirmation comments... √ Approval Ⅱ pending",[],"Decision/review evidence exists, but this does NOT establish that the preceding activity could not be automated."
ses_20260701-190250-NEELA9BAF::8,pi,,/payroll-items,word_assisted,approve | hold,"[{""category"": ""approve"", ""terms"": [""approval"", ""approve""]}, {""category"": ""hold"", ""terms"": [""hold""]}]","→Three Ward Ward Ward Ward Invoice verification complete. INV-2026-7506 Amount: ¥3,037,210. Invoice verification completed. INV-2026-7506 Amount: 3,037,210 yen. There may be discrepancies; confirmation is required. overview List of fixed-rate clients Approval. Monthly fixed-rate client list Verification procedure overview A list of clients for whom a fixed monthly invoice is issued. This list is used to verify amounts when approving invoices. List of fixed-rate clients No. 1 Yamada Manufacturing Co., Ltd. Manufacturing outsourcing fee: 385,000 yen per month No. 2 Yamato Shoji Co., Ltd. Raw material procurement: 1,240,000 yen per month No. 3 Tokyo Electronics Industry Co., Ltd. Monthly maintenance fee: 562,800 yen No. 4 Global Tech LLC SaaS Monthly fee: 745,000 yen No. 5 Hokuriku Electronic Components: Parts supply, Monthly fee: 420,000 yen Verification procedure Please compare the INV number, amount, and customer name of the received invoice with this list. If there are any discrepancies, This will be put on hold for further confirmation. cape",[],"Decision/review evidence exists, but this does NOT establish that the preceding activity could not be automated."
ses_20260701-190250-NEELA9BAF::9,pi,deduction | dependent deduction | expense reimbursement | expense settlement | payroll | payroll change | salary,/payroll-items,word_assisted,approve | hold,"[{""category"": ""approve"", ""terms"": [""approval"", ""approve""]}, {""category"": ""hold"", ""terms"": [""hold""]}]","Financial accounting system aa A☆ skewer finance Financial accounting system Fiscal Year 2026 - Accounting Department Sa Financial accounting operations Dashboard Invoice Approval/Expense Reimbursement ● Dashboard Invoice approval and expense reimbursement Invoice Approval and Expense Settlement 12 items, 4 items unprocessed calculation List of items awaiting processing ● Expense approval (management) Payment processing Employee ID full name classification Amount type status Budget variance analysis Tokyo Electronics Industry Co., Ltd. Invoice Approval INV-2026-7998 536,841 yen Steady state Registered ● Order Management Kansai Logistics Service Invoice Approval INV-2026-7999 2,691,742 yen Steady state Registered Hokuriku Parts Industry Co., Ltd. Invoice Approval INV-2026-8000 380,199 yen Steady state Registered Global Tech LLC Invoice Approval INV-2026-8001 784,303 yen Steady state Registered Yamada Manufacturing Co., Ltd. Invoice Approval INV-2026-8002 363,706 yen adjustment Registered Yamada Manufacturing Co., Ltd. Invoice Approval INV-2026-8003 422,043 yen adjustment Registered Tokyo Electronics Industry Co., Ltd. Invoice Approval INV-2026-8004 525,797 yen Steady state Registered Okinawa Logistics Center Invoice Approval INV-2026-8005 301,223 yen adjustment Registered Fukuoka System Design Invoice Approval INV-2026-8006 1,903,641 yen adjustment Unprocessed Kansai Logistics Service Invoice Approval INV-2026-8007 3,272,432 yen adjustment Unprocessed Tokyo Electronics Industry Co., Ltd. Invoice Approval INV-2026-8008 588,515 yen adjustment Unprocessed Steady-state tivateWind Fukuoka System Design Invoice Approval INV-2026-8009 1,876,206 yen HR (Human Resources and Payroll) System aa A☆ skewer human resources HR (Human Resources and Payroll) System FY2026・Human Resources Department Field Human resources operations Takuya Aoki Salary increase 8,634 yen ● Dashboard Asuka Kono Change in dependent deduction Steady state Unprocessed Expense reimbursement and payroll chang",[],"Decision/review evidence exists, but this does NOT establish that the preceding activity could not be automated."
ses_20260701-190250-NEELA9BAF::11,pi,deduction | dependent deduction | expense reimbursement | expense settlement | payroll | payroll change | salary | transportation expense,/payroll-items,word_assisted,approve | hold,"[{""category"": ""approve"", ""terms"": [""approval"", ""approve""]}, {""category"": ""hold"", ""terms"": [""hold""]}]","HR (Human Resources and Payroll) System aa A☆ skewer human resources HR (Human Resources and Payroll) System FY2026・Human Resources Department Field Human resources operations Dashboard / Expense Reimbursement &amp; Payroll Changes ● Dashboard Expense reimbursement and payroll changes Expense reimbursement and payroll changes 24 items - 22 items unprocessed ● Attendance and leave application List of items awaiting processing ● Onboarding procedures Employee ID full name classification Amount type status ● Application for employee benefits Shohei Shimizu Training expenses 25,213 yen Steady state Registered ● Resident tax and other taxes Shohei Shimizu Transportation expense settlement 24,395 yen Steady state Registered Nana Shimada Consumables cost 6,543 yen Steady state Unprocessed Rie Kikuchi Consumables cost 8,691 yen Steady state Unprocessed Rie Kikuchi Entertainment expenses 98,018 yen adjustment Unprocessed Kenichi Toyama Consumables cost 17,558 yen Steady state Unprocessed Takuya Aoki Training expenses 33,374 yen Steady state Unprocessed Rie Kikuchi Business trip expenses 62,810 yen Steady state Unprocessed Rie Kikuchi Business trip expenses 51,895 yen Steady state Unprocessed Nana Shimada Entertainment expenses 118,189 yen adjustment Unprocessed Daiki Ueno Training expenses 55,571 yen Steady state Unprocessed Daiki Ueno Consumables cost 10,712 yen Steady state Yuji Sakamoto Overtime pay adjustment 11,563 yen adjustment Unprocessed HR (Human Resources and Payroll) System aa A☆ skewer human resources HR (Human Resources and Payroll) System FY2026・Human Resources Department Field Human resources operations Takuya Aoki Salary increase 8,634 yen ● Dashboard Asuka Kono Change in dependent deduction Steady state Unprocessed Expense reimbursement and payroll changes Kenichi Toyama Abolition of position allowances 16,424 yen Steady state Unprocessed ● Attendance and leave application ● Onboarding procedures Sakura Eguchi Abolition of position allowances 16,424 yen Ste",[],"Decision/review evidence exists, but this does NOT establish that the preceding activity could not be automated."
ses_20260701-190250-NEELA9BAF::12,pi,expense settlement,/payroll-items,word_assisted,approve | hold,"[{""category"": ""approve"", ""terms"": [""approval"", ""approve""]}, {""category"": ""hold"", ""terms"": [""hold""]}]","→Three Ward Ward Ward Ward Invoice verification complete. INV-2026-7506 Amount: ¥3,037,210... Invoice verification completed. INV-2026-7506 Amount: 3,037,210 yen. There may be discrepancies; confirmation is required. overview List of fixed-rate clients Approval. Monthly fixed-rate client list Verification procedure overview A list of clients for whom a fixed monthly invoice is issued. This list is used to verify amounts when approving invoices. List of fixed-rate clients No. 1 Yamada Manufacturing Co., Ltd.: Monthly manufacturing outsourcing fee of 385,000 yen No. 2 Yamato Shoji Co., Ltd. Raw material procurement: 1,240,000 yen per month No. 3 Tokyo Electronics Industry Co., Ltd. Monthly maintenance fee: 562,800 yen No. 4 Global Tech LLC: SaaS usage fee 745,000 yen per month No. 5 Hokuriku Electronic Components: Parts supply, Monthly fee: 420,000 yen Verification procedure Please compare the INV number, amount, and customer name of the received invoice with this list. If there are any discrepancies, This will be put on hold for further confirmation. cape ten Financial accounting system aaA rate finance Financial accounting system Fiscal Year 2026 - Accounting Department Sa Financial accounting operations ● Dashboard Invoice Approval and Expense Settlement calculation Expense approval (management) Payment processing Budget variance analysis Order Management",[],"Decision/review evidence exists, but this does NOT establish that the preceding activity could not be automated."
ses_20260701-190250-NEELA9BAF::14,pi,expense settlement,/payroll-items,word_assisted,approve,"[{""category"": ""approve"", ""terms"": [""approval"", ""approve""]}]","11AA Sansan Wrap Text Field Convex BIUA 三三 三三Merge &amp; Center Ward Ward Ward Ward Invoice number Business partners Expense item Amount requested (yen) Amount above (yen) Difference (yen) remarks Manufacturing outsourcing fees for Yamada Manufacturing Co., Ltd. 0 Fixed-rate contract Yamato Shoji Co., Ltd. Raw Material Procurement 0 fixed-rate contract Tokyo Electronics Industry Co., Ltd. maintenance fee 0 fixed-rate contract Global Tech SaaS Usage Fees 0 fixed-rate contract Hokuriku Electronic Components Co., Ltd. parts supply costs 0 Fixed-rate contract Expense reconciliation Concave surrounding area Field BIU A 三三 ≡ Merge &amp; Center Ward Ward Ward Ward Invoice number Business partners Expense item Blue amount (yen) Above amount (yen) Difference (yen) remarks Manufacturing outsourcing fees for Yamada Manufacturing Co., Ltd. 0 Fixed-rate contract Yamato Shoji Co., Ltd. Raw Material Procurement 0 fixed-rate contract Tokyo Electronics Industry Co., Ltd. maintenance fee 0 fixed-rate contract Global Tech SaaS Usage Fees 0 fixed-rate contract Hokuriku Electronic Components Co., Ltd. parts supply costs 0 Fixed-rate contract Expense reconciliation Encircle 巴 -+ 100% Financial accounting system aaA rate finance Financial accounting system Fiscal Year 2026 - Accounting Department Sa Financial accounting operations ● Dashboard Invoice Approval and Expense Settlement calculation Expense approval (management) Payment processing Budget variance analysis Order Management",[],"Decision/review evidence exists, but this does NOT establish that the preceding activity could not be automated."
ses_20260701-190250-NEELA9BAF::17,pi,deduction | dependent deduction | expense reimbursement | payroll | payroll change | salary,/payroll-items,word_assisted,approve | hold,"[{""category"": ""approve"", ""terms"": [""approval"", ""approve""]}, {""category"": ""hold"", ""terms"": [""hold""]}]","HR (Human Resources and Payroll) System aa A☆ skewer human resources HR (Human Resources and Payroll) System FY2026・Human Resources Department Field Human resources operations Takuya Aoki Salary increase 8,634 yen ● Dashboard Asuka Kono Change in dependent deduction Steady state Unprocessed Expense reimbursement and payroll changes Kenichi Toyama Abolition of position allowances 16,424 yen Steady state Unprocessed Attendance and leave application ● Onboarding procedures Sakura Eguchi Abolition of position allowances 16,424 yen Steady state Unprocessed ● Application for employee benefits Asuka Kono Salary increase 8,634 yen Steady state Unprocessed ● Resident tax and other taxes Ayako Takeuchi New position-based allowance established. 25,158 yen Steady state Unprocessed Details—P1-07046967-007・Takuya Aoki Unprocessed Management ID Employee ID classification Training expenses type Steady state Amount 33,374 yen status Unprocessed Reference: Applicant category: regular Approval authority: Department head Processing comments Please enter the processing details and confirmation comments... ✓ Registration confirmed &quot;on hold",[],"Decision/review evidence exists, but this does NOT establish that the preceding activity could not be automated."
ses_20260701-190250-NEELA9BAF::21,la,,/leave-applications,word_assisted,approve,"[{""category"": ""approve"", ""terms"": [""approval"", ""approve""]}]",Financial accounting system aa A☆ skewer finance Financial accounting system Fiscal Year 2026 - Accounting Department Sa Financial accounting operations Dashboard expense approval (management) ● Dashboard Expense approval (management) Invoice Approval and Expense Settlement 12 items · 12 items pending calculation List of applications ● Expense approval (management) Payment processing Employee ID full name Application Type Period and details Department status Budget variance analysis Asuka Kono Training expenses Planning Department Currently applying Order Management Shohei Shimizu Consumables cost Development Department Currently applying Mayu Teramoto Business trip expenses Planning Department Currently applying Mayu Teramoto Business trip expenses (for multiple people) Planning Department Currently applying Mina Ishida Consumables cost Development Department Currently applying Ayako Takeuchi Consumables cost Sales Department Currently applying Shohei Shimizu Training expenses Development Department Currently applying Sakura Eguchi Training expenses Human resources department Currently applying Ayako Takeuchi Business trip expenses Sales Department Currently applying Mayu Teramoto Business trip expenses Planning Department Currently applying Mayu Teramoto Entertainment expenses Planning Department Currently applying Nana Shimada Business trip expenses (for multiple people) Accounting Department Kawameiguchi He (2000),[],"Decision/review evidence exists, but this does NOT establish that the preceding activity could not be automated."
ses_20260701-190250-NEELA9BAF::25,pi,deduction | dependent deduction | expense reimbursement | expense settlement | payroll | payroll change | salary | transportation expense,/payroll-items,word_assisted,approve | hold,"[{""category"": ""approve"", ""terms"": [""approval"", ""approve""]}, {""category"": ""hold"", ""terms"": [""hold""]}]","HR (Human Resources and Payroll) System aa A☆ skewer human resources HR (Human Resources and Payroll) System FY2026・Human Resources Department Field Human resources operations Shohei Shimizu Training expenses 25,213 yen ● Dashboard Shohei Shimizu Transportation expense settlement 24,395 yen Steady state Registered Expense reimbursement and payroll changes Nana Shimada Consumables cost 6,543 yen Steady state Registered ● Attendance and leave application ● Onboarding procedures Rie Kikuchi Consumables cost 8,691 yen Steady state Registered ● Application for employee benefits Rie Kikuchi Entertainment expenses 98,018 yen adjustment Registered ● Resident tax and other taxes Kenichi Toyama Consumables cost 17,558 yen Steady state Registered Takuya Aoki Training expenses 33,374 yen Steady state Registered Rie Kikuchi Business trip expenses 62,810 yen Steady state Registered Rie Kikuchi Business trip expenses 51,895 yen Steady state Unprocessed Nana Shimada Entertainment expenses 118,189 yen adjustment Unprocessed Daiki Ueno Training expenses 55,571 yen Steady state Unprocessed Daiki Ueno Consumables cost 10,712 yen Steady state Unprocessed Yuji Sakamoto Overtime pay adjustment 11,563 yen adjustment Unprocessed Mina Ishida New position-based allowance established. 25,158 yen Steady state Unprocessed Sakura Eguchi Change in dependent deduction Steady state Unprocessed Asuka Kono Salary increase 8,634 yen Steady state Unprocessed Ryosuke Kirishima Change in dependent deduction Steady state Go to Setti and activate Windows. Kenichi Toyama Change in dependent deduction Steady state Unprocessed HR (Human Resources and Payroll) System aa A☆ skewer human resources HR (Human Resources and Payroll) System FY2026・Human Resources Department Field Human resources operations Takuya Aoki Salary increase 8,634 yen ● Dashboard Asuka Kono Change in dependent deduction Steady state Unprocessed Expense reimbursement and payroll changes Kenichi Toyama Abolition of position allowances 16,424 y",[],"Decision/review evidence exists, but this does NOT establish that the preceding activity could not be automated."
ses_20260701-190250-NEELA9BAF::33,la,,/leave-applications,word_assisted,approve,"[{""category"": ""approve"", ""terms"": [""approval"", ""approve""]}]",Financial accounting system aa A☆ skewer finance Financial accounting system Fiscal Year 2026 - Accounting Department Sa Financial accounting operations Dashboard / Expense Approval (for Managers) ● Dashboard Expense approval (management) Invoice Approval and Expense Settlement 12 items・6 items pending calculation List of applications ● Expense approval (management) ● Payment Processing Employee ID full name Application Type Duration/Details Department status ● Budget variance analysis Asuka Kono Training expenses Planning Department approval ● Order Management Shohei Shimizu Consumables cost Development Department approval Mayu Teramoto Business trip expenses Planning Department approval Mayu Teramoto Business trip expenses (for multiple people) Planning Department approval Mina Ishida Consumables cost Development Department approval Ayako Takeuchi Consumables cost Sales Department approval Shohei Shimizu Training expenses Development Department Currently applying Sakura Eguchi Training expenses Human resources department Currently applying Ayako Takeuchi Business trip expenses Sales Department Currently applying Mayu Teramoto Business trip expenses Planning Department Currently applying Mayu Teramoto Entertainment expenses Planning Department Currently applying Nana Shimada Business trip expenses (for multiple people) Accounting Department Currently applying P9-07046967-006: Application approved.,[],"Decision/review evidence exists, but this does NOT establish that the preceding activity could not be automated."
ses_20260701-191537-LAPTOP-76QMG9DE::12,pi,,/payroll-items,notepad_assisted,hold,"[{""category"": ""hold"", ""terms"": [""hold""]}]","Order and Inventory Management System Order and Inventory Management System a lung A☆ Receiving/Receiving Order and Inventory Management System 2026・Logistics Management Department 2026/07/02 00:49:31 Kenji Takahashi, Logistics Manager high Order processing and inventory management Optical lens E Shipping allocation Steady state Unprocessed Dashboard Sensor cable C Returned items received 64 yen adjustment Unprocessed Inventory Management contract management Optical lens E Inventory adjustment adjustment Unprocessed Return processing Control board unit A Inventory adjustment adjustment Unprocessed IT application Details—P11-07089737-002 · Motor Unit F Orders and other Unprocessed Management ID Employee ID classification Regular replenishment type Steady state Amount 129 yen status Unprocessed Reference: Part number: BATCH-W6 Category: Regular replenishment Processing comments Inventory adjustment registration. Part number: BATCH-W6 Part name: Motor Unit F Adjustment quantity: +129 pieces. ✓ Inventory Update on hold Self small",[],"Decision/review evidence exists, but this does NOT establish that the preceding activity could not be automated."
ses_20260701-191537-LAPTOP-76QMG9DE::13,pi,,/payroll-items,notepad_assisted,hold,"[{""category"": ""hold"", ""terms"": [""hold""]}]","Order and Inventory Management System Order and Inventory Management System aaA★* |t Receiving/Receiving Order and Inventory Management System 2026・Logistics Management Department 2026/07/02 00:49:34 Kenji Takahashi, Logistics Manager high 12 items - 10 items unprocessed Order processing and inventory management Dashboard List of items awaiting processing Inventory Management Employee ID full name classification gold color Different species status contract management Motor Unit F Receiving stock 157 yen Steady state Registered Return processing ● IT application Motor Unit F Regular replenishment 129 yen Steady state Registered ● Orders and other Motor Unit F Shipping allocation Steady state Unprocessed Control board unit A Shipping allocation Steady state Unprocessed Motor Unit F Regular replenishment 195 yen Steady state Unprocessed Power Module B Return 193 yen adjustment Unprocessed Sensor cable C Regular replenishment 162 yen Steady state Unprocessed Control board unit A Return 150 yen adjustment Unprocessed Optical lens E Shipping allocation Steady state Unprocessed Sensor cable C Returned items received 64 yen adjustment Unprocessed Optical lens E Inventory adjustment adjustment Unprocessed Control board unit A Inventory adjustment Adjustment Unprocessed P11-07089737-002: Registration confirmed. neck Order and Inventory Management System Order and Inventory Management System a lung A☆ Receiving/Receiving Order and Inventory Management System 2026・Logistics Management Department 2026/07/02 00:49:50 Kenji Takahashi, Logistics Manager high Order processing and inventory management Optical lens E Shipping allocation Steady state Unprocessed Dashboard Sensor cable C Returned items received 64 yen adjustment Unprocessed Inventory Management contract management Optical lens E Inventory adjustment adjustment Unprocessed Return processing Control board unit A Inventory adjustment adjustment Unprocessed IT application Details—P11-07089737-004 · Control board unit A Orde",[],"Decision/review evidence exists, but this does NOT establish that the preceding activity could not be automated."
ses_20260701-191537-LAPTOP-76QMG9DE::16,pi,deduction | dependent deduction | expense reimbursement | payroll | payroll change | salary,/payroll-items,word_assisted,hold,"[{""category"": ""hold"", ""terms"": [""hold""]}]","HR (Human Resources and Payroll) System HR (Human Resources and Payroll) System a lung A☆ |Car human resources HR (Human Resources and Payroll) System FY2026・Human Resources Department 2026/07/02 00:50:18 Mari Tanaka, Human Resources Manager Field Human resources operations Ayako Takeuchi Salary increase 9,193 yen Steady state Unprocessed Dashboard Rie Kikuchi Salary increase 9,193 yen Steady state Unprocessed Expense reimbursement and payroll changes Ryosuke Kirishima Change in dependent deduction Steady state Unprocessed Attendance and leave application Onboarding procedures Nana Shimada New position-based allowance established. 21,819 yen Steady state Unprocessed Employee benefits application Details—P4-07089737-006・Takuya Aoki Resident tax and other taxes Unprocessed Management ID Employee ID classification Salary increase type Steady state Amount 9,193 yen status Unprocessed Reference: Change type: Salary increase Retroactive: None Processing comments Please enter the processing details and confirmation comments... ✓ Registration confirmed on hold Self",[],"Decision/review evidence exists, but this does NOT establish that the preceding activity could not be automated."
ses_20260701-191537-LAPTOP-76QMG9DE::19,pi,deduction | dependent deduction | expense reimbursement | payroll | payroll change | salary,/payroll-items,word_assisted,hold,"[{""category"": ""hold"", ""terms"": [""hold""]}]","HR (Human Resources and Payroll) System HR (Human Resources and Payroll) System a lung A☆ |Car human resources HR (Human Resources and Payroll) System FY2026・Human Resources Department 2026/07/02 00:50:31 Mari Tanaka, Human Resources Manager Field Human resources operations Ayako Takeuchi Salary increase 9,193 yen Steady state Unprocessed Dashboard Rie Kikuchi Salary increase 9,193 yen Steady state Unprocessed Expense reimbursement and payroll changes Ryosuke Kirishima Change in dependent deduction Steady state Unprocessed Attendance and leave application Onboarding procedures Nana Shimada New position-based allowance established. 21,819 yen Steady state Unprocessed Employee benefits application Details—P4-07089737-007 · Rie Kikuchi Resident tax and other taxes Unprocessed Management ID Employee ID classification Change in dependent deduction type Steady state Amount Not applicable status Unprocessed Reference: Change type: Dependent deduction change Retroactive: None Processing comments Please enter the processing details and confirmation comments... ✓ Registration confirmed on hold Self HR (Human Resources and Payroll) System HR (Human Resources and Payroll) System aaA☆ human resources HR (Human Resources and Payroll) System FY2026・Human Resources Department 2026/07/02 00:50:38 Mari Tanaka, Human Resources Manager Field Human resources operations Rie Kikuchi Entertainment expenses 76,286 yen adjustment Unprocessed Dashboard Shota Tsuda Business trip expenses 73,384 yen Steady state Unprocessed Expense reimbursement and payroll changes Asuka Kono Entertainment expenses 81,217 yen adjustment Unprocessed Attendance and leave application Nana Shimada New position-based allowance established. 21,819 yen Steady state Registered Onboarding procedures Employee benefits application Nana Shimada Abolition of position allowances 8,012 yen Steady state Registered Resident tax and other taxes Tomoya Okada New position-based allowance established. 21,819 yen Steady state Regist",[],"Decision/review evidence exists, but this does NOT establish that the preceding activity could not be automated."
ses_20260701-191537-LAPTOP-76QMG9DE::21,pi,deduction | dependent deduction | expense reimbursement | payroll | payroll change | salary,/payroll-items,word_assisted,hold,"[{""category"": ""hold"", ""terms"": [""hold""]}]","HR (Human Resources and Payroll) System HR (Human Resources and Payroll) System aaA☆ human resources HR (Human Resources and Payroll) System FY2026・Human Resources Department 2026/07/02 00:51:00 Mari Tanaka, Human Resources Manager Field Human resources operations Ayako Takeuchi Salary increase 9,193 yen Steady state Registered Dashboard Rie Kikuchi Salary increase 9,193 yen Steady state Unprocessed Expense reimbursement and payroll changes Attendance and leave application Ryosuke Kirishima Change in dependent deduction Steady state Unprocessed Onboarding procedures Nana Shimada New position-based allowance established. 21,819 yen Steady state Unprocessed Employee benefits application Details—P4-07089737-010 · Rie Kikuchi Resident tax and other taxes Unprocessed Management ID Employee ID classification Salary increase type Steady state Amount 9,193 yen status Unprocessed Reference: Change type: Salary increase Retroactive: None Processing comments Please enter the processing details and confirmation comments... ✓ Registration confirmed on hold Self small HR (Human Resources and Payroll) System HR (Human Resources and Payroll) System aaA☆ human resources HR (Human Resources and Payroll) System FY2026・Human Resources Department 2026/07/02 00:51:10 Mari Tanaka, Human Resources Manager Field Human resources operations Ayako Takeuchi Salary increase 9,193 yen Steady state Registered Dashboard Rie Kikuchi Salary increase 9,193 yen Steady state Registered Expense reimbursement and payroll changes Attendance and leave application Ryosuke Kirishima Change in dependent deduction Steady state Unprocessed Onboarding procedures Nana Shimada New position-based allowance established. 21,819 yen Steady state Unprocessed Employee benefits application Details—P4-07089737-011 · Ryosuke Kirishima Resident tax and other taxes Unprocessed Management ID Employee ID classification Change in dependent deduction type Steady state Amount Not applicable status Unprocessed Reference: Change typ",[],"Decision/review evidence exists, but this does NOT establish that the preceding activity could not be automated."
ses_20260701-191537-LAPTOP-76QMG9DE::34,pi,,/payroll-items,word_assisted,approve | hold,"[{""category"": ""approve"", ""terms"": [""approve""]}, {""category"": ""hold"", ""terms"": [""hold""]}]","Order and Inventory Management System Order and Inventory Management System aaA☆ Receiving/Receiving Order and Inventory Management System 2026・Logistics Management Department 2026/07/02 00:54:51 Kenji Takahashi, Logistics Manager high 12 items, 4 items unprocessed Order processing and inventory management Dashboard List of items awaiting processing Inventory Management Employee ID full name classification gold color type status contract management Motor Unit F Receiving stock 157 yen Steady state Registered Return processing IT application Motor Unit F Regular replenishment 129 yen Steady state Registered Orders and other Motor Unit F Shipping allocation Steady state Registered Control board unit A Shipping allocation Steady state Registered Motor Unit F Regular replenishment 195 yen Steady state Registered Power Module B Returned items received 193 yen adjustment Registered Sensor Cable C Regular replenishment 162 yen Steady state Registered Control board unit A Returned items received 150 yen adjustment Registered Optical lens E Shipping allocation Steady state Unprocessed Sensor Cable C Returned items received 64 yen adjustment Unprocessed Optical lens E Inventory adjustment adjustment Unprocessed Control board unit A Inventory adjustment adjustment Unprocessed P12-07089737-004: Application approved. Self Order and Inventory Management System Order and Inventory Management System aaA☆ Receiving/Receiving Order and Inventory Management System 2026・Logistics Management Department 2026/07/02 00:54:53 Kenji Takahashi, Logistics Manager high Order processing and inventory management Optical lens E Shipping allocation Steady state Unprocessed Dashboard Sensor cable C Returned items received 64 yen adjustment Unprocessed Inventory Management Optical lens E Inventory adjustment adjustment Unprocessed contract management Return processing Control board unit A Inventory adjustment adjustment Unprocessed IT application Details—P11-07089737-009 · Optical lens E Orders and o",[],"Decision/review evidence exists, but this does NOT establish that the preceding activity could not be automated."
ses_20260701-191537-LAPTOP-76QMG9DE::35,pi,,/payroll-items,word_assisted,hold,"[{""category"": ""hold"", ""terms"": [""hold""]}]","Order and Inventory Management System Order and Inventory Management System aaA☆ Receiving/Receiving Order and Inventory Management System 2026・Logistics Management Department 2026/07/02 00:55:10 Kenji Takahashi, Logistics Manager high 12 items, 2 items unprocessed Order processing and inventory management Dashboard List of items awaiting processing Inventory Management Employee ID full name classification gold color type status contract management Motor Unit F Receiving stock 157 yen Steady state Registered Return processing IT application Motor Unit F Regular replenishment 129 yen Steady state Registered ● Orders and other Motor Unit F Shipping allocation Steady state Registered Control board unit A Shipping allocation Steady state Registered Motor Unit F Regular replenishment 195 yen Steady state Registered Power Module B Returned items received 193 yen adjustment Registered Sensor Cable C Regular replenishment 162 yen Steady state Registered Control board unit A Returned items received 150 yen adjustment Registered Optical lens E Shipping allocation Steady state Registered Sensor Cable C Returned items received 64 yen adjustment Registered Optical lens E Inventory adjustment adjustment Unprocessed Control board unit A Inventory adjustment adjustment Unprocessed P11-07089737-010: Registration confirmed. Self Order and Inventory Management System Order and Inventory Management System a lung A☆ Receiving/Receiving Order and Inventory Management System 2026・Logistics Management Department 2026/07/02 00:55:12 Kenji Takahashi, Logistics Manager high Order processing and inventory management Sensor cable C Returned items received 64 yen adjustment Registered Dashboard Optical lens E Inventory adjustment adjustment Unprocessed Inventory Management Control board unit A Inventory adjustment adjustment Unprocessed contract management Return processing Details—P11-07089737-011 · Optical lens E Unprocessed IT application Orders and other Management ID Employee ID classificat",[],"Decision/review evidence exists, but this does NOT establish that the preceding activity could not be automated."
ses_20260701-192455-NEELA9BAF::4,pi,deduction | dependent deduction | expense reimbursement | expense settlement | payroll | payroll change | salary | transportation expense,,notepad_assisted,hold,"[{""category"": ""hold"", ""terms"": [""hold""]}]","HR (Human Resources and Payroll) System aa A☆ human resources HR (Human Resources and Payroll) System FY2026・Human Resources Department Field Shirofuringuchi point Human resources operations Asuka Kono Consumables cost 22,045 yen ● Dashboard Rie Kikuchi Business trip expenses 26,271 yen Steady state Unprocessed Expense reimbursement and payroll changes Nana Shimada Training expenses 26,156 yen Steady state Unprocessed ● Attendance and leave application ● Onboarding procedures Sakura Eguchi Entertainment expenses 87,288 yen adjustment Unprocessed ● Application for employee benefits Nana Shimada Entertainment expenses 110,668 yen adjustment Unprocessed ● Resident tax and other taxes Mayu Teramoto Consumables cost 10,830 yen Steady state Unprocessed Asuka Kono Entertainment expenses 115,761 yen adjustment Unprocessed Sakura Eguchi Transportation expense settlement 13,691 yen Steady state Unprocessed Takuya Aoki Change in dependent deduction Steady state Unprocessed Tomoya Okada Salary increase 20,263 yen Steady state Unprocessed Nana Shimada New position-based allowance established. 47,909 yen Steady state Unprocessed Sakura Eguchi New position-based allowance established. 47,909 yen Steady state Unprocessed Tomoya Okada Abolition of position allowances 9,578 yen Steady state Unprocessed Asuka Kono New position-based allowance established. 47,909 yen Steady state Unprocessed Ishida Mina Overtime pay adjustment 9,895 yen adjustment Unprocessed Sakura Eguchi Change in dependent deduction Steady state Unprocessed Ryosuke Kirishima New position-based allowance established. 47,909 yen Steady state White M large L Residual industrial base details HR (Human Resources and Payroll) System aa A☆ human resources HR (Human Resources and Payroll) System FY2026・Human Resources Department Field Human resources operations Mina Ishida Overtime pay adjustment 9,895 yen ● Dashboard Sakura Eguchi Change in dependent deduction Steady state Unprocessed Expense reimbursement and payroll chan",[],"Decision/review evidence exists, but this does NOT establish that the preceding activity could not be automated."
ses_20260701-192455-NEELA9BAF::12,pi,expense settlement,,word_assisted,approve | hold,"[{""category"": ""approve"", ""terms"": [""approval"", ""approve""]}, {""category"": ""hold"", ""terms"": [""hold""]}]","Financial accounting system aa A☆ finance Financial accounting system Fiscal Year 2026 - Accounting Department Sa Financial accounting operations Dashboard Order Management ● Dashboard Order Management 12 items Invoice Approval and Expense Settlement calculation List ● Expense approval (management) ● Payment Processing Employee ID full name item Amount status ● Budget variance analysis Kansai Logistics Service Order Management PO-2026-5156 completion ● Order Management Tokyo Electronics Industry Co., Ltd. Order Management PO-2026-5157 completion Fukuoka System Design Order Management PO-2026-5158 completion Hokuriku Parts Industry Co., Ltd. Order Management PO-2026-5159 Unconfirmed Tokyo Electronics Industry Co., Ltd. Order Management PO-2026-5160 Unconfirmed Global Tech LLC Order Management PO-2026-5161 Unconfirmed Okinawa Logistics Center Order Management PO-2026-5162 Unconfirmed Yamato Shoji Co., Ltd. Order Management PO-2026-5163 Unconfirmed Yamada Manufacturing Co., Ltd. Order Management PO-2026-5164 Unconfirmed Kansai Logistics Service Order Management PO-2026-5165 Unconfirmed Yamada Manufacturing Co., Ltd. ⚠ Order Management PO-2026-5166 Unconfirmed Okinawa Logistics Center Order Management PO-2026-5167 two xum Financial accounting system aa A☆ finance Financial accounting system Fiscal Year 2026 - Accounting Department Sa Financial accounting operations Dashboard / Order Management ● Dashboard Order Management 12 items Invoice Approval and Expense Settlement calculation List Expense approval (management) ● Payment Processing Budget variance analysis Order Management Fortune Okinawa Logistics Center Order Management PO-2026-5167 Financial accounting system aa A☆ finance Financial accounting system Fiscal Year 2026 - Accounting Department Sa Financial accounting operations Dashboard / Order Management ● Dashboard Order Management 12 items Invoice Approval and Expense Settlement calculation List Expense approval (management) ● Payment Processing Employee ID ful",[],"Decision/review evidence exists, but this does NOT establish that the preceding activity could not be automated."
ses_20260701-192455-NEELA9BAF::14,pi,,,word_assisted,hold,"[{""category"": ""hold"", ""terms"": [""hold""]}]",Order and Inventory Management System aa A☆ Receiving/Receiving Order and Inventory Management System 2026・Logistics Management Department high Order processing and inventory management Optical lens E Returned items received 7 yen ● Dashboard Power Module B Regular replenishment 153 yen Steady state Unprocessed ● Inventory Management Optical lens E Returned items received 99 yen adjustment Unprocessed • Contract management • Return processing Sensor cable C Inventory adjustment adjustment Unprocessed ● IT application Control board unit A Regular replenishment 162 yen Steady state Unprocessed ● Orders and other Enclosure Panel D Inventory adjustment adjustment Unprocessed Details—P11-07040532-004 · Power Module B Unprocessed Management ID Employee ID classification Receiving stock type Steady state Amount 85 yen status Unprocessed Reference: Part number: BATCH-W2 Classification: Warehousing Processing comments Inventory adjustment registration. Part number: BATCH-W2 Product name: Power module B. Adjustment quantity: +85 units. ✓ Inventory Update &quot;on hold,[],"Decision/review evidence exists, but this does NOT establish that the preceding activity could not be automated."
ses_20260701-192455-NEELA9BAF::17,pi,deduction | dependent deduction | expense reimbursement | expense settlement | payroll | payroll change | transportation expense,,word_assisted,approve | hold,"[{""category"": ""approve"", ""terms"": [""approval"", ""approve""]}, {""category"": ""hold"", ""terms"": [""hold""]}]","HR (Human Resources and Payroll) System aa A☆ human resources HR (Human Resources and Payroll) System FY2026・Human Resources Department Field Human resources operations Ishida Mina Overtime pay adjustment 9,895 yen ● Dashboard Sakura Eguchi Change in dependent deduction Steady state Unprocessed Expense reimbursement and payroll changes Ryosuke Kirishima New position-based allowance established. 47,909 yen Steady state Unprocessed ● Attendance and leave application ● Onboarding procedures Nana Shimada Overtime pay adjustment 9,895 yen adjustment Unprocessed ● Application for employee benefits Ayako Takeuchi Change in dependent deduction Steady state Unprocessed ● Resident tax and other taxes Daiki Ueno Overtime pay adjustment 9,895 yen adjustment Unprocessed Details—P1-07040532-002 · Nana Shimada Unprocessed Management ID Employee ID classification Transportation expense settlement type Steady state Amount 17,019 yen status Unprocessed Reference: Applicant category: regular Approval authority: Human Resources Processing comments Expense reimbursement confirmed. Expense item: Transportation expenses. Amount: 17,019 yen. Confirmed to be within the regulations. ✓ Registration confirmed &quot;on hold",[],"Decision/review evidence exists, but this does NOT establish that the preceding activity could not be automated."
ses_20260701-192455-NEELA9BAF::38,pi,expense reimbursement | expense settlement,,word_assisted,approve,"[{""category"": ""approve"", ""terms"": [""approval"", ""approve""]}]","11AA Sanzo Wrap Text Field Convex BIUA 三三 三三Merge &amp; Center Ward Ward Ward Ward Invoice number Business partners Expense item Blue amount (yen) Above amount (yen) Difference (yen) remarks Manufacturing outsourcing fees for Yamada Manufacturing Co., Ltd. 0 Fixed-rate contract Yamato Shoji Co., Ltd. Raw Material Procurement 0 fixed-rate contract Tokyo Electronics Industry Co., Ltd. maintenance fee 0 fixed-rate contract Global Tech SaaS Usage Fees 0 fixed-rate contract Hokuriku Electronic Components Co., Ltd. parts supply costs 0 Fixed-rate contract Expense reconciliation concave- 11AA Sansan Wrap Text Field Convex BIUA 三三 三三Merge &amp; Center Ward Ward Ward Ward Invoice number Business partners Expense item Blue amount (yen) Above amount (yen) Difference (yen) remarks Manufacturing outsourcing fees for Yamada Manufacturing Co., Ltd. 0 Fixed-rate contract Yamato Shoji Co., Ltd. Raw Material Procurement 0 fixed-rate contract Tokyo Electronics Industry Co., Ltd. maintenance fee 0 fixed-rate contract Global Tech SaaS Usage Fees 0 fixed-rate contract Hokuriku Electronic Components Co., Ltd. parts supply costs 0 Fixed-rate contract Expense reconciliation Concave surrounding - 11AA Three Wrap Text BIUA 三三 三 ≡ Merge &amp; Center Ward Ward Ward Ward Invoice number Business partners Expense item Blue amount (yen) Upper amount (yen) Difference (yen) remarks Manufacturing outsourcing fees for Yamada Manufacturing Co., Ltd. 0 Fixed-rate contract Yamato Shoji Co., Ltd. Raw Material Procurement 0 fixed-rate contract Tokyo Electronics Industry Co., Ltd. maintenance fee 0 fixed-rate contract Global Tech SaaS Usage Fees 0 fixed-rate contract Hokuriku Electronic Components Co., Ltd. parts supply costs 0 Fixed-rate contract Expense reconciliation Encircle 巴 -+ 100% BIUA 三三 三 ≡ Merge &amp; Center Ward Ward Ward Ward Invoice number Business partners Expense item Blue amount (yen) Upper amount (yen) Difference (yen) remarks Manufacturing outsourcing fees for Yamada Manufacturing Co., Ltd",[],"Decision/review evidence exists, but this does NOT establish that the preceding activity could not be automated."
ses_20260701-192455-NEELA9BAF::39,pi,expense reimbursement | expense settlement,,word_assisted,approve,"[{""category"": ""approve"", ""terms"": [""approval"", ""approve""]}]","Financial accounting system aa A☆ finance Financial accounting system Fiscal Year 2026 - Accounting Department Sa Financial accounting operations Dashboard / Invoice Approval &amp; Expense Reimbursement ● Dashboard Invoice approval and expense reimbursement Invoice Approval and Expense Settlement 12 items - 10 items unprocessed calculation List of items awaiting processing ● Expense approval (management) ● Payment Processing Employee ID full name classification Amount type status ● Budget variance analysis Hokuriku Parts Industry Co., Ltd. Invoice Approval INV-2026-7968 415,472 yen Steady state Registered ● Order Management Global Tech LLC Invoice Approval INV-2026-7969 726,087 yen Steady state Registered Fukuoka System Design Invoice Approval INV-2026-7970 1,692,924 yen adjustment Unprocessed Kansai Logistics Service Invoice Approval INV-2026-7971 3,204,161 yen adjustment Unprocessed Tokyo Electronics Industry Co., Ltd. Invoice Approval INV-2026-7972 547,651 yen Steady state Unprocessed Tokyo Electronics Industry Co., Ltd. Invoice Approval INV-2026-7973 570,742 yen Steady state Unprocessed Fukuoka System Design Invoice Approval INV-2026-7974 1,738,518 yen Steady state Unprocessed Hokuriku Parts Industry Co., Ltd. Invoice Approval INV-2026-7975 454,015 yen Steady state Unprocessed Fukuoka System Design Invoice Approval INV-2026-7976 1,674,745 yen Steady state Unprocessed Global Tech LLC Invoice Approval INV-2026-7977 708,864 yen adjustment Unprocessed Hokuriku Parts Industry Co., Ltd. Invoice Approval INV-2026-7978 448,543 yen Steady state Unprocessed Adjust ctivate Win fruits Tokyo Electronics Industry Co., Ltd. Invoice Approval INV-2026-7979 567,990 yen 42 Kai",[],"Decision/review evidence exists, but this does NOT establish that the preceding activity could not be automated."
ses_20260701-192455-NEELA9BAF::41,pi,deduction | dependent deduction | expense reimbursement | expense settlement | payroll | payroll change | salary | transportation expense,,word_assisted,approve | hold,"[{""category"": ""approve"", ""terms"": [""approval"", ""approve""]}, {""category"": ""hold"", ""terms"": [""hold""]}]","HR (Human Resources and Payroll) System aa A☆ human resources HR (Human Resources and Payroll) System FY2026・Human Resources Department Field Open Human resources operations Takuya Aoki Business trip expenses 79,280 yen ● Dashboard Sakura Eguchi Consumables cost 5,638 yen Steady state Registered Expense reimbursement and payroll changes Asuka Kono Consumables cost 22,045 yen Steady state Registered ● Attendance and leave application ● Onboarding procedures Rie Kikuchi Business trip expenses 26,271 yen Steady state Registered ● Application for employee benefits Nana Shimada Training expenses 26,156 yen Steady state Registered ● Resident tax and other taxes Sakura Eguchi Entertainment expenses 87,288 yen adjustment Registered Nana Shimada Entertainment expenses 110,668 yen adjustment Registered Mayu Teramoto Consumables cost 10,830 yen Steady state Registered Asuka Kono Entertainment expenses 115,761 yen adjustment Unprocessed Sakura Eguchi Transportation expense settlement 13,691 yen Steady state Unprocessed Takuya Aoki Change in dependent deduction Steady state Registered Tomoya Okada Salary increase 20,263 yen Steady state Registered Nana Shimada New position-based allowance established. 47,909 yen Steady state Registered Sakura Eguchi New position-based allowance established. 47,909 yen Steady state Registered Tomoya Okada Abolition of position allowances 9,578 yen Steady state Unprocessed Asuka Kono New position-based allowance established. 47,909 yen Steady state Unprocessed Mina Ishida Overtime pay adjustment 9,895 yen adjustment Tノ: ++Mimakura Hara Re Ning Party Doka m HR (Human Resources and Payroll) System aa A☆ human resources HR (Human Resources and Payroll) System FY2026・Human Resources Department Field Human resources operations Ishida Mina Overtime pay adjustment 9,895 yen ● Dashboard Sakura Eguchi Change in dependent deduction Steady state Unprocessed Expense reimbursement and payroll changes Ryosuke Kirishima New position-based allowance established. ",[],"Decision/review evidence exists, but this does NOT establish that the preceding activity could not be automated."
ses_20260701-192455-NEELA9BAF::42,pi,deduction | dependent deduction | expense reimbursement | expense settlement | payroll | payroll change | transportation expense,,word_assisted,approve | hold,"[{""category"": ""approve"", ""terms"": [""approval"", ""approve""]}, {""category"": ""hold"", ""terms"": [""hold""]}]","HR (Human Resources and Payroll) System aa A☆ human resources HR (Human Resources and Payroll) System FY2026・Human Resources Department Field Human resources operations Ishida Mina Overtime pay adjustment 9,895 yen ● Dashboard Sakura Eguchi Change in dependent deduction Steady state Unprocessed Expense reimbursement and payroll changes Ryosuke Kirishima New position-based allowance established. 47,909 yen Steady state Unprocessed ● Attendance and leave application ● Onboarding procedures Nana Shimada Overtime pay adjustment 9,895 yen adjustment Unprocessed ● Application for employee benefits Ayako Takeuchi Change in dependent deduction Steady state Unprocessed ● Resident tax and other taxes Daiki Ueno Overtime pay adjustment 9,895 yen adjustment Unprocessed Details P1-07040532-012 · Sakura Eguchi Unprocessed Management ID Employee ID classification Transportation expense settlement type Steady state Amount 13,691 yen status Unprocessed Reference: Applicant category: regular Approval authority: Human Resources Processing comments Please enter the processing details and confirmation comments... ✓ Registration confirmed &quot;on hold",[],"Decision/review evidence exists, but this does NOT establish that the preceding activity could not be automated."
