session_id,segment_index,segment_key,timestamp_ms,filename,raw_reference
ses_20260701-164424-CHAITANYA0BCF,0,ses_20260701-164424-CHAITANYA0BCF::0,1782924512031,scr_smart_1782924512031_monitor_1_post.jpg,scr_smart_1782924512031_monitor_1_post.jpg
ses_20260701-164424-CHAITANYA0BCF,0,ses_20260701-164424-CHAITANYA0BCF::0,1782924513729,scr_smart_1782924513729_monitor_1_post.jpg,scr_smart_1782924513729_monitor_1_post.jpg
ses_20260701-164424-CHAITANYA0BCF,0,ses_20260701-164424-CHAITANYA0BCF::0,1782924514223,scr_smart_1782924514223_monitor_1_post.jpg,scr_smart_1782924514223_monitor_1_post.jpg
ses_20260701-164424-CHAITANYA0BCF,0,ses_20260701-164424-CHAITANYA0BCF::0,1782924516206,scr_smart_1782924516206_monitor_1_post.jpg,scr_smart_1782924516206_monitor_1_post.jpg
ses_20260701-164424-CHAITANYA0BCF,0,ses_20260701-164424-CHAITANYA0BCF::0,1782924519847,scr_smart_1782924519847_monitor_1_post.jpg,scr_smart_1782924519847_monitor_1_post.jpg
ses_20260701-164424-CHAITANYA0BCF,0,ses_20260701-164424-CHAITANYA0BCF::0,1782924520468,scr_smart_1782924520468_monitor_1_post.jpg,scr_smart_1782924520468_monitor_1_post.jpg
ses_20260701-164424-CHAITANYA0BCF,0,ses_20260701-164424-CHAITANYA0BCF::0,1782924520940,scr_smart_1782924520940_monitor_1_post.jpg,scr_smart_1782924520940_monitor_1_post.jpg
ses_20260701-164424-CHAITANYA0BCF,0,ses_20260701-164424-CHAITANYA0BCF::0,1782924523017,scr_smart_1782924523017_monitor_1_post.jpg,scr_smart_1782924523017_monitor_1_post.jpg
ses_20260701-164424-CHAITANYA0BCF,0,ses_20260701-164424-CHAITANYA0BCF::0,1782924526530,scr_smart_1782924526530_monitor_1_post.jpg,scr_smart_1782924526530_monitor_1_post.jpg
ses_20260701-164424-CHAITANYA0BCF,0,ses_20260701-164424-CHAITANYA0BCF::0,1782924527940,scr_smart_1782924527940_monitor_1_post.jpg,scr_smart_1782924527940_monitor_1_post.jpg
ses_20260701-164424-CHAITANYA0BCF,0,ses_20260701-164424-CHAITANYA0BCF::0,1782924528912,scr_smart_1782924528912_monitor_1_post.jpg,scr_smart_1782924528912_monitor_1_post.jpg
ses_20260701-164424-CHAITANYA0BCF,1,ses_20260701-164424-CHAITANYA0BCF::1,1782924530983,scr_smart_1782924530983_monitor_1_post.jpg,scr_smart_1782924530983_monitor_1_post.jpg
ses_20260701-164424-CHAITANYA0BCF,1,ses_20260701-164424-CHAITANYA0BCF::1,1782924533569,scr_smart_1782924533569_monitor_1_post.jpg,scr_smart_1782924533569_monitor_1_post.jpg
ses_20260701-164424-CHAITANYA0BCF,1,ses_20260701-164424-CHAITANYA0BCF::1,1782924539821,scr_smart_1782924539821_monitor_1_post.jpg,scr_smart_1782924539821_monitor_1_post.jpg
ses_20260701-164424-CHAITANYA0BCF,1,ses_20260701-164424-CHAITANYA0BCF::1,1782924541111,scr_smart_1782924541111_monitor_1_post.jpg,scr_smart_1782924541111_monitor_1_post.jpg
ses_20260701-164424-CHAITANYA0BCF,1,ses_20260701-164424-CHAITANYA0BCF::1,1782924542686,scr_smart_1782924542686_monitor_1_post.jpg,scr_smart_1782924542686_monitor_1_post.jpg
ses_20260701-164424-CHAITANYA0BCF,1,ses_20260701-164424-CHAITANYA0BCF::1,1782924544499,scr_smart_1782924544499_monitor_1_post.jpg,scr_smart_1782924544499_monitor_1_post.jpg
ses_20260701-164424-CHAITANYA0BCF,1,ses_20260701-164424-CHAITANYA0BCF::1,1782924547280,scr_smart_1782924547280_monitor_1_post.jpg,scr_smart_1782924547280_monitor_1_post.jpg
ses_20260701-164424-CHAITANYA0BCF,1,ses_20260701-164424-CHAITANYA0BCF::1,1782924547850,scr_smart_1782924547850_monitor_1_post.jpg,scr_smart_1782924547850_monitor_1_post.jpg
ses_20260701-164424-CHAITANYA0BCF,1,ses_20260701-164424-CHAITANYA0BCF::1,1782924549527,scr_smart_1782924549527_monitor_1_post.jpg,scr_smart_1782924549527_monitor_1_post.jpg
ses_20260701-164424-CHAITANYA0BCF,1,ses_20260701-164424-CHAITANYA0BCF::1,1782924553423,scr_smart_1782924553423_monitor_1_post.jpg,scr_smart_1782924553423_monitor_1_post.jpg
ses_20260701-164424-CHAITANYA0BCF,1,ses_20260701-164424-CHAITANYA0BCF::1,1782924554412,scr_smart_1782924554412_monitor_1_post.jpg,scr_smart_1782924554412_monitor_1_post.jpg
ses_20260701-164424-CHAITANYA0BCF,1,ses_20260701-164424-CHAITANYA0BCF::1,1782924556588,scr_smart_1782924556588_monitor_1_post.jpg,scr_smart_1782924556588_monitor_1_post.jpg
ses_20260701-164424-CHAITANYA0BCF,2,ses_20260701-164424-CHAITANYA0BCF::2,1782924559936,scr_smart_1782924559936_monitor_1_post.jpg,scr_smart_1782924559936_monitor_1_post.jpg
ses_20260701-164424-CHAITANYA0BCF,2,ses_20260701-164424-CHAITANYA0BCF::2,1782924560436,scr_smart_1782924560436_monitor_1_post.jpg,scr_smart_1782924560436_monitor_1_post.jpg
ses_20260701-164424-CHAITANYA0BCF,2,ses_20260701-164424-CHAITANYA0BCF::2,1782924561968,scr_smart_1782924561968_monitor_1_post.jpg,scr_smart_1782924561968_monitor_1_post.jpg
ses_20260701-164424-CHAITANYA0BCF,2,ses_20260701-164424-CHAITANYA0BCF::2,1782924562774,scr_smart_1782924562774_monitor_1_post.jpg,scr_smart_1782924562774_monitor_1_post.jpg
ses_20260701-164424-CHAITANYA0BCF,2,ses_20260701-164424-CHAITANYA0BCF::2,1782924565815,scr_smart_1782924565815_monitor_1_post.jpg,scr_smart_1782924565815_monitor_1_post.jpg
ses_20260701-164424-CHAITANYA0BCF,2,ses_20260701-164424-CHAITANYA0BCF::2,1782924566926,scr_smart_1782924566926_monitor_1_post.jpg,scr_smart_1782924566926_monitor_1_post.jpg
ses_20260701-164424-CHAITANYA0BCF,2,ses_20260701-164424-CHAITANYA0BCF::2,1782924569331,scr_smart_1782924569331_monitor_1_post.jpg,scr_smart_1782924569331_monitor_1_post.jpg
ses_20260701-164424-CHAITANYA0BCF,3,ses_20260701-164424-CHAITANYA0BCF::3,1782924638329,scr_smart_1782924638329_monitor_1_post.jpg,scr_smart_1782924638329_monitor_1_post.jpg
ses_20260701-164424-CHAITANYA0BCF,3,ses_20260701-164424-CHAITANYA0BCF::3,1782924639981,scr_smart_1782924639981_monitor_1_post.jpg,scr_smart_1782924639981_monitor_1_post.jpg
ses_20260701-164424-CHAITANYA0BCF,3,ses_20260701-164424-CHAITANYA0BCF::3,1782924640590,scr_smart_1782924640590_monitor_1_post.jpg,scr_smart_1782924640590_monitor_1_post.jpg
ses_20260701-164424-CHAITANYA0BCF,3,ses_20260701-164424-CHAITANYA0BCF::3,1782924642083,scr_smart_1782924642083_monitor_1_post.jpg,scr_smart_1782924642083_monitor_1_post.jpg
ses_20260701-164424-CHAITANYA0BCF,3,ses_20260701-164424-CHAITANYA0BCF::3,1782924646386,scr_smart_1782924646386_monitor_1_post.jpg,scr_smart_1782924646386_monitor_1_post.jpg
ses_20260701-164424-CHAITANYA0BCF,3,ses_20260701-164424-CHAITANYA0BCF::3,1782924646803,scr_smart_1782924646803_monitor_1_post.jpg,scr_smart_1782924646803_monitor_1_post.jpg
ses_20260701-164424-CHAITANYA0BCF,3,ses_20260701-164424-CHAITANYA0BCF::3,1782924647385,scr_smart_1782924647385_monitor_1_post.jpg,scr_smart_1782924647385_monitor_1_post.jpg
ses_20260701-164424-CHAITANYA0BCF,3,ses_20260701-164424-CHAITANYA0BCF::3,1782924649523,scr_smart_1782924649523_monitor_1_post.jpg,scr_smart_1782924649523_monitor_1_post.jpg
ses_20260701-164424-CHAITANYA0BCF,3,ses_20260701-164424-CHAITANYA0BCF::3,1782924653614,scr_smart_1782924653614_monitor_1_post.jpg,scr_smart_1782924653614_monitor_1_post.jpg
ses_20260701-164424-CHAITANYA0BCF,3,ses_20260701-164424-CHAITANYA0BCF::3,1782924654136,scr_smart_1782924654136_monitor_1_post.jpg,scr_smart_1782924654136_monitor_1_post.jpg
ses_20260701-164424-CHAITANYA0BCF,3,ses_20260701-164424-CHAITANYA0BCF::3,1782924655734,scr_smart_1782924655734_monitor_1_post.jpg,scr_smart_1782924655734_monitor_1_post.jpg
ses_20260701-164424-CHAITANYA0BCF,3,ses_20260701-164424-CHAITANYA0BCF::3,1782924659905,scr_smart_1782924659905_monitor_1_post.jpg,scr_smart_1782924659905_monitor_1_post.jpg
ses_20260701-164424-CHAITANYA0BCF,3,ses_20260701-164424-CHAITANYA0BCF::3,1782924660449,scr_smart_1782924660449_monitor_1_post.jpg,scr_smart_1782924660449_monitor_1_post.jpg
ses_20260701-164424-CHAITANYA0BCF,3,ses_20260701-164424-CHAITANYA0BCF::3,1782924661005,scr_smart_1782924661005_monitor_1_post.jpg,scr_smart_1782924661005_monitor_1_post.jpg
ses_20260701-164424-CHAITANYA0BCF,3,ses_20260701-164424-CHAITANYA0BCF::3,1782924663223,scr_smart_1782924663223_monitor_1_post.jpg,scr_smart_1782924663223_monitor_1_post.jpg
ses_20260701-164424-CHAITANYA0BCF,3,ses_20260701-164424-CHAITANYA0BCF::3,1782924665348,scr_smart_1782924665348_monitor_1_post.jpg,scr_smart_1782924665348_monitor_1_post.jpg
ses_20260701-164424-CHAITANYA0BCF,3,ses_20260701-164424-CHAITANYA0BCF::3,1782924669756,scr_smart_1782924669756_monitor_1_post.jpg,scr_smart_1782924669756_monitor_1_post.jpg
ses_20260701-164424-CHAITANYA0BCF,3,ses_20260701-164424-CHAITANYA0BCF::3,1782924670869,scr_smart_1782924670869_monitor_1_post.jpg,scr_smart_1782924670869_monitor_1_post.jpg
ses_20260701-164424-CHAITANYA0BCF,3,ses_20260701-164424-CHAITANYA0BCF::3,1782924671686,scr_smart_1782924671686_monitor_1_post.jpg,scr_smart_1782924671686_monitor_1_post.jpg
ses_20260701-164424-CHAITANYA0BCF,3,ses_20260701-164424-CHAITANYA0BCF::3,1782924673470,scr_smart_1782924673470_monitor_1_post.jpg,scr_smart_1782924673470_monitor_1_post.jpg
ses_20260701-164424-CHAITANYA0BCF,3,ses_20260701-164424-CHAITANYA0BCF::3,1782924675064,scr_smart_1782924675064_monitor_1_post.jpg,scr_smart_1782924675064_monitor_1_post.jpg
ses_20260701-164424-CHAITANYA0BCF,3,ses_20260701-164424-CHAITANYA0BCF::3,1782924680944,scr_smart_1782924680944_monitor_1_post.jpg,scr_smart_1782924680944_monitor_1_post.jpg
ses_20260701-164424-CHAITANYA0BCF,3,ses_20260701-164424-CHAITANYA0BCF::3,1782924681468,scr_smart_1782924681468_monitor_1_post.jpg,scr_smart_1782924681468_monitor_1_post.jpg
ses_20260701-164424-CHAITANYA0BCF,3,ses_20260701-164424-CHAITANYA0BCF::3,1782924683193,scr_smart_1782924683193_monitor_1_post.jpg,scr_smart_1782924683193_monitor_1_post.jpg
ses_20260701-164424-CHAITANYA0BCF,3,ses_20260701-164424-CHAITANYA0BCF::3,1782924687066,scr_smart_1782924687066_monitor_1_post.jpg,scr_smart_1782924687066_monitor_1_post.jpg
ses_20260701-164424-CHAITANYA0BCF,3,ses_20260701-164424-CHAITANYA0BCF::3,1782924687539,scr_smart_1782924687539_monitor_1_post.jpg,scr_smart_1782924687539_monitor_1_post.jpg
ses_20260701-164424-CHAITANYA0BCF,3,ses_20260701-164424-CHAITANYA0BCF::3,1782924688116,scr_smart_1782924688116_monitor_1_post.jpg,scr_smart_1782924688116_monitor_1_post.jpg
ses_20260701-164424-CHAITANYA0BCF,3,ses_20260701-164424-CHAITANYA0BCF::3,1782924689713,scr_smart_1782924689713_monitor_1_post.jpg,scr_smart_1782924689713_monitor_1_post.jpg
ses_20260701-164424-CHAITANYA0BCF,3,ses_20260701-164424-CHAITANYA0BCF::3,1782924690366,scr_smart_1782924690366_monitor_1_post.jpg,scr_smart_1782924690366_monitor_1_post.jpg
ses_20260701-164424-CHAITANYA0BCF,3,ses_20260701-164424-CHAITANYA0BCF::3,1782924693255,scr_smart_1782924693255_monitor_1_post.jpg,scr_smart_1782924693255_monitor_1_post.jpg
ses_20260701-164424-CHAITANYA0BCF,3,ses_20260701-164424-CHAITANYA0BCF::3,1782924694129,scr_smart_1782924694129_monitor_1_post.jpg,scr_smart_1782924694129_monitor_1_post.jpg
ses_20260701-164424-CHAITANYA0BCF,3,ses_20260701-164424-CHAITANYA0BCF::3,1782924698522,scr_smart_1782924698522_monitor_1_post.jpg,scr_smart_1782924698522_monitor_1_post.jpg
ses_20260701-164424-CHAITANYA0BCF,3,ses_20260701-164424-CHAITANYA0BCF::3,1782924699675,scr_smart_1782924699675_monitor_1_post.jpg,scr_smart_1782924699675_monitor_1_post.jpg
ses_20260701-164424-CHAITANYA0BCF,3,ses_20260701-164424-CHAITANYA0BCF::3,1782924701276,scr_smart_1782924701276_monitor_1_post.jpg,scr_smart_1782924701276_monitor_1_post.jpg
ses_20260701-164424-CHAITANYA0BCF,3,ses_20260701-164424-CHAITANYA0BCF::3,1782924702849,scr_smart_1782924702849_monitor_1_post.jpg,scr_smart_1782924702849_monitor_1_post.jpg
ses_20260701-164424-CHAITANYA0BCF,3,ses_20260701-164424-CHAITANYA0BCF::3,1782924709662,scr_smart_1782924709662_monitor_1_post.jpg,scr_smart_1782924709662_monitor_1_post.jpg
ses_20260701-164424-CHAITANYA0BCF,3,ses_20260701-164424-CHAITANYA0BCF::3,1782924710246,scr_smart_1782924710246_monitor_1_post.jpg,scr_smart_1782924710246_monitor_1_post.jpg
ses_20260701-164424-CHAITANYA0BCF,3,ses_20260701-164424-CHAITANYA0BCF::3,1782924711556,scr_smart_1782924711556_monitor_1_post.jpg,scr_smart_1782924711556_monitor_1_post.jpg
ses_20260701-164424-CHAITANYA0BCF,3,ses_20260701-164424-CHAITANYA0BCF::3,1782924715707,scr_smart_1782924715707_monitor_1_post.jpg,scr_smart_1782924715707_monitor_1_post.jpg
ses_20260701-164424-CHAITANYA0BCF,3,ses_20260701-164424-CHAITANYA0BCF::3,1782924716664,scr_smart_1782924716664_monitor_1_post.jpg,scr_smart_1782924716664_monitor_1_post.jpg
ses_20260701-164424-CHAITANYA0BCF,3,ses_20260701-164424-CHAITANYA0BCF::3,1782924718755,scr_smart_1782924718755_monitor_1_post.jpg,scr_smart_1782924718755_monitor_1_post.jpg
ses_20260701-164424-CHAITANYA0BCF,3,ses_20260701-164424-CHAITANYA0BCF::3,1782924720964,scr_smart_1782924720964_monitor_1_post.jpg,scr_smart_1782924720964_monitor_1_post.jpg
ses_20260701-164424-CHAITANYA0BCF,3,ses_20260701-164424-CHAITANYA0BCF::3,1782924721995,scr_smart_1782924721995_monitor_1_post.jpg,scr_smart_1782924721995_monitor_1_post.jpg
ses_20260701-164424-CHAITANYA0BCF,3,ses_20260701-164424-CHAITANYA0BCF::3,1782924726090,scr_smart_1782924726090_monitor_1_post.jpg,scr_smart_1782924726090_monitor_1_post.jpg
ses_20260701-164424-CHAITANYA0BCF,3,ses_20260701-164424-CHAITANYA0BCF::3,1782924727384,scr_smart_1782924727384_monitor_1_post.jpg,scr_smart_1782924727384_monitor_1_post.jpg
ses_20260701-164424-CHAITANYA0BCF,3,ses_20260701-164424-CHAITANYA0BCF::3,1782924729064,scr_smart_1782924729064_monitor_1_post.jpg,scr_smart_1782924729064_monitor_1_post.jpg
ses_20260701-164424-CHAITANYA0BCF,3,ses_20260701-164424-CHAITANYA0BCF::3,1782924730537,scr_smart_1782924730537_monitor_1_post.jpg,scr_smart_1782924730537_monitor_1_post.jpg
ses_20260701-164424-CHAITANYA0BCF,4,ses_20260701-164424-CHAITANYA0BCF::4,1782924837293,scr_smart_1782924837293_monitor_1_post.jpg,scr_smart_1782924837293_monitor_1_post.jpg
ses_20260701-164424-CHAITANYA0BCF,4,ses_20260701-164424-CHAITANYA0BCF::4,1782924838862,scr_smart_1782924838862_monitor_1_post.jpg,scr_smart_1782924838862_monitor_1_post.jpg
ses_20260701-164424-CHAITANYA0BCF,4,ses_20260701-164424-CHAITANYA0BCF::4,1782924843092,scr_smart_1782924843092_monitor_1_post.jpg,scr_smart_1782924843092_monitor_1_post.jpg
ses_20260701-164424-CHAITANYA0BCF,4,ses_20260701-164424-CHAITANYA0BCF::4,1782924843980,scr_smart_1782924843980_monitor_1_post.jpg,scr_smart_1782924843980_monitor_1_post.jpg
ses_20260701-164424-CHAITANYA0BCF,4,ses_20260701-164424-CHAITANYA0BCF::4,1782924846148,scr_smart_1782924846148_monitor_1_post.jpg,scr_smart_1782924846148_monitor_1_post.jpg
ses_20260701-164424-CHAITANYA0BCF,4,ses_20260701-164424-CHAITANYA0BCF::4,1782924848439,scr_smart_1782924848439_monitor_1_post.jpg,scr_smart_1782924848439_monitor_1_post.jpg
ses_20260701-164424-CHAITANYA0BCF,4,ses_20260701-164424-CHAITANYA0BCF::4,1782924849381,scr_smart_1782924849381_monitor_1_post.jpg,scr_smart_1782924849381_monitor_1_post.jpg
ses_20260701-164424-CHAITANYA0BCF,4,ses_20260701-164424-CHAITANYA0BCF::4,1782924853978,scr_smart_1782924853978_monitor_1_post.jpg,scr_smart_1782924853978_monitor_1_post.jpg
ses_20260701-164424-CHAITANYA0BCF,4,ses_20260701-164424-CHAITANYA0BCF::4,1782924855364,scr_smart_1782924855364_monitor_1_post.jpg,scr_smart_1782924855364_monitor_1_post.jpg
ses_20260701-164424-CHAITANYA0BCF,4,ses_20260701-164424-CHAITANYA0BCF::4,1782924857345,scr_smart_1782924857345_monitor_1_post.jpg,scr_smart_1782924857345_monitor_1_post.jpg
ses_20260701-164424-CHAITANYA0BCF,4,ses_20260701-164424-CHAITANYA0BCF::4,1782924859010,scr_smart_1782924859010_monitor_1_post.jpg,scr_smart_1782924859010_monitor_1_post.jpg
ses_20260701-164424-CHAITANYA0BCF,4,ses_20260701-164424-CHAITANYA0BCF::4,1782924859609,scr_smart_1782924859609_monitor_1_post.jpg,scr_smart_1782924859609_monitor_1_post.jpg
ses_20260701-164424-CHAITANYA0BCF,4,ses_20260701-164424-CHAITANYA0BCF::4,1782924862059,scr_smart_1782924862059_monitor_1_post.jpg,scr_smart_1782924862059_monitor_1_post.jpg
ses_20260701-164424-CHAITANYA0BCF,4,ses_20260701-164424-CHAITANYA0BCF::4,1782924862596,scr_smart_1782924862596_monitor_1_post.jpg,scr_smart_1782924862596_monitor_1_post.jpg
ses_20260701-164424-CHAITANYA0BCF,4,ses_20260701-164424-CHAITANYA0BCF::4,1782924864213,scr_smart_1782924864213_monitor_1_post.jpg,scr_smart_1782924864213_monitor_1_post.jpg
ses_20260701-164424-CHAITANYA0BCF,4,ses_20260701-164424-CHAITANYA0BCF::4,1782924867948,scr_smart_1782924867948_monitor_1_post.jpg,scr_smart_1782924867948_monitor_1_post.jpg
ses_20260701-164424-CHAITANYA0BCF,4,ses_20260701-164424-CHAITANYA0BCF::4,1782924868526,scr_smart_1782924868526_monitor_1_post.jpg,scr_smart_1782924868526_monitor_1_post.jpg
ses_20260701-164424-CHAITANYA0BCF,4,ses_20260701-164424-CHAITANYA0BCF::4,1782924868971,scr_smart_1782924868971_monitor_1_post.jpg,scr_smart_1782924868971_monitor_1_post.jpg
ses_20260701-164424-CHAITANYA0BCF,4,ses_20260701-164424-CHAITANYA0BCF::4,1782924871166,scr_smart_1782924871166_monitor_1_post.jpg,scr_smart_1782924871166_monitor_1_post.jpg
ses_20260701-164424-CHAITANYA0BCF,5,ses_20260701-164424-CHAITANYA0BCF::5,1782924875253,scr_smart_1782924875253_monitor_1_post.jpg,scr_smart_1782924875253_monitor_1_post.jpg
ses_20260701-164424-CHAITANYA0BCF,5,ses_20260701-164424-CHAITANYA0BCF::5,1782924876975,scr_smart_1782924876975_monitor_1_post.jpg,scr_smart_1782924876975_monitor_1_post.jpg
ses_20260701-164424-CHAITANYA0BCF,5,ses_20260701-164424-CHAITANYA0BCF::5,1782924880133,scr_smart_1782924880133_monitor_1_post.jpg,scr_smart_1782924880133_monitor_1_post.jpg
ses_20260701-164424-CHAITANYA0BCF,5,ses_20260701-164424-CHAITANYA0BCF::5,1782924880766,scr_smart_1782924880766_monitor_1_post.jpg,scr_smart_1782924880766_monitor_1_post.jpg
ses_20260701-164424-CHAITANYA0BCF,5,ses_20260701-164424-CHAITANYA0BCF::5,1782924881233,scr_smart_1782924881233_monitor_1_post.jpg,scr_smart_1782924881233_monitor_1_post.jpg
ses_20260701-164424-CHAITANYA0BCF,5,ses_20260701-164424-CHAITANYA0BCF::5,1782924883556,scr_smart_1782924883556_monitor_1_post.jpg,scr_smart_1782924883556_monitor_1_post.jpg
ses_20260701-164424-CHAITANYA0BCF,5,ses_20260701-164424-CHAITANYA0BCF::5,1782924888023,scr_smart_1782924888023_monitor_1_post.jpg,scr_smart_1782924888023_monitor_1_post.jpg
ses_20260701-164424-CHAITANYA0BCF,5,ses_20260701-164424-CHAITANYA0BCF::5,1782924889288,scr_smart_1782924889288_monitor_1_post.jpg,scr_smart_1782924889288_monitor_1_post.jpg
ses_20260701-164424-CHAITANYA0BCF,5,ses_20260701-164424-CHAITANYA0BCF::5,1782924890306,scr_smart_1782924890306_monitor_1_post.jpg,scr_smart_1782924890306_monitor_1_post.jpg
ses_20260701-164424-CHAITANYA0BCF,6,ses_20260701-164424-CHAITANYA0BCF::6,1782924892620,scr_smart_1782924892620_monitor_1_post.jpg,scr_smart_1782924892620_monitor_1_post.jpg
ses_20260701-164424-CHAITANYA0BCF,6,ses_20260701-164424-CHAITANYA0BCF::6,1782924894975,scr_smart_1782924894975_monitor_1_post.jpg,scr_smart_1782924894975_monitor_1_post.jpg
ses_20260701-164424-CHAITANYA0BCF,6,ses_20260701-164424-CHAITANYA0BCF::6,1782924896228,scr_smart_1782924896228_monitor_1_post.jpg,scr_smart_1782924896228_monitor_1_post.jpg
ses_20260701-164424-CHAITANYA0BCF,6,ses_20260701-164424-CHAITANYA0BCF::6,1782924899809,scr_smart_1782924899809_monitor_1_post.jpg,scr_smart_1782924899809_monitor_1_post.jpg
ses_20260701-164424-CHAITANYA0BCF,6,ses_20260701-164424-CHAITANYA0BCF::6,1782924900955,scr_smart_1782924900955_monitor_1_post.jpg,scr_smart_1782924900955_monitor_1_post.jpg
ses_20260701-164424-CHAITANYA0BCF,6,ses_20260701-164424-CHAITANYA0BCF::6,1782924902472,scr_smart_1782924902472_monitor_1_post.jpg,scr_smart_1782924902472_monitor_1_post.jpg
ses_20260701-164424-CHAITANYA0BCF,6,ses_20260701-164424-CHAITANYA0BCF::6,1782924904496,scr_smart_1782924904496_monitor_1_post.jpg,scr_smart_1782924904496_monitor_1_post.jpg
ses_20260701-164424-CHAITANYA0BCF,6,ses_20260701-164424-CHAITANYA0BCF::6,1782924909155,scr_smart_1782924909155_monitor_1_post.jpg,scr_smart_1782924909155_monitor_1_post.jpg
ses_20260701-164424-CHAITANYA0BCF,6,ses_20260701-164424-CHAITANYA0BCF::6,1782924909659,scr_smart_1782924909659_monitor_1_post.jpg,scr_smart_1782924909659_monitor_1_post.jpg
ses_20260701-164424-CHAITANYA0BCF,6,ses_20260701-164424-CHAITANYA0BCF::6,1782924917693,scr_smart_1782924917693_monitor_1_post.jpg,scr_smart_1782924917693_monitor_1_post.jpg
ses_20260701-164424-CHAITANYA0BCF,6,ses_20260701-164424-CHAITANYA0BCF::6,1782924934655,scr_smart_1782924934655_monitor_1_post.jpg,scr_smart_1782924934655_monitor_1_post.jpg
ses_20260701-164424-CHAITANYA0BCF,6,ses_20260701-164424-CHAITANYA0BCF::6,1782924942545,scr_smart_1782924942545_monitor_1_post.jpg,scr_smart_1782924942545_monitor_1_post.jpg
ses_20260701-164424-CHAITANYA0BCF,6,ses_20260701-164424-CHAITANYA0BCF::6,1782924943034,scr_smart_1782924943034_monitor_1_post.jpg,scr_smart_1782924943034_monitor_1_post.jpg
ses_20260701-164424-CHAITANYA0BCF,6,ses_20260701-164424-CHAITANYA0BCF::6,1782924943617,scr_smart_1782924943617_monitor_1_post.jpg,scr_smart_1782924943617_monitor_1_post.jpg
ses_20260701-164424-CHAITANYA0BCF,6,ses_20260701-164424-CHAITANYA0BCF::6,1782924944140,scr_smart_1782924944140_monitor_1_post.jpg,scr_smart_1782924944140_monitor_1_post.jpg
ses_20260701-164424-CHAITANYA0BCF,6,ses_20260701-164424-CHAITANYA0BCF::6,1782924945204,scr_smart_1782924945204_monitor_1_post.jpg,scr_smart_1782924945204_monitor_1_post.jpg
ses_20260701-164424-CHAITANYA0BCF,6,ses_20260701-164424-CHAITANYA0BCF::6,1782924945679,scr_smart_1782924945679_monitor_1_post.jpg,scr_smart_1782924945679_monitor_1_post.jpg
ses_20260701-173246-SIDDHIGUPTAB00B,0,ses_20260701-173246-SIDDHIGUPTAB00B::0,1782927258673,scr_smart_1782927258673_monitor_1_post.jpg,scr_smart_1782927258673_monitor_1_post.jpg
ses_20260701-173246-SIDDHIGUPTAB00B,0,ses_20260701-173246-SIDDHIGUPTAB00B::0,1782927264506,scr_smart_1782927264506_monitor_1_post.jpg,scr_smart_1782927264506_monitor_1_post.jpg
ses_20260701-173246-SIDDHIGUPTAB00B,0,ses_20260701-173246-SIDDHIGUPTAB00B::0,1782927265027,scr_smart_1782927265027_monitor_1_post.jpg,scr_smart_1782927265027_monitor_1_post.jpg
ses_20260701-173246-SIDDHIGUPTAB00B,0,ses_20260701-173246-SIDDHIGUPTAB00B::0,1782927267528,scr_smart_1782927267528_monitor_1_post.jpg,scr_smart_1782927267528_monitor_1_post.jpg
ses_20260701-173246-SIDDHIGUPTAB00B,0,ses_20260701-173246-SIDDHIGUPTAB00B::0,1782927270835,scr_smart_1782927270835_monitor_1_post.jpg,scr_smart_1782927270835_monitor_1_post.jpg
ses_20260701-173246-SIDDHIGUPTAB00B,0,ses_20260701-173246-SIDDHIGUPTAB00B::0,1782927271412,scr_smart_1782927271412_monitor_1_post.jpg,scr_smart_1782927271412_monitor_1_post.jpg
ses_20260701-173246-SIDDHIGUPTAB00B,0,ses_20260701-173246-SIDDHIGUPTAB00B::0,1782927271987,scr_smart_1782927271987_monitor_1_post.jpg,scr_smart_1782927271987_monitor_1_post.jpg
ses_20260701-173246-SIDDHIGUPTAB00B,0,ses_20260701-173246-SIDDHIGUPTAB00B::0,1782927274075,scr_smart_1782927274075_monitor_1_post.jpg,scr_smart_1782927274075_monitor_1_post.jpg
ses_20260701-173246-SIDDHIGUPTAB00B,0,ses_20260701-173246-SIDDHIGUPTAB00B::0,1782927275897,scr_smart_1782927275897_monitor_1_post.jpg,scr_smart_1782927275897_monitor_1_post.jpg
ses_20260701-173246-SIDDHIGUPTAB00B,0,ses_20260701-173246-SIDDHIGUPTAB00B::0,1782927276509,scr_smart_1782927276509_monitor_1_post.jpg,scr_smart_1782927276509_monitor_1_post.jpg
ses_20260701-173246-SIDDHIGUPTAB00B,0,ses_20260701-173246-SIDDHIGUPTAB00B::0,1782927280240,scr_smart_1782927280240_monitor_1_post.jpg,scr_smart_1782927280240_monitor_1_post.jpg
ses_20260701-173246-SIDDHIGUPTAB00B,0,ses_20260701-173246-SIDDHIGUPTAB00B::0,1782927282256,scr_smart_1782927282256_monitor_1_post.jpg,scr_smart_1782927282256_monitor_1_post.jpg
ses_20260701-173246-SIDDHIGUPTAB00B,0,ses_20260701-173246-SIDDHIGUPTAB00B::0,1782927282904,scr_smart_1782927282904_monitor_1_post.jpg,scr_smart_1782927282904_monitor_1_post.jpg
ses_20260701-173246-SIDDHIGUPTAB00B,0,ses_20260701-173246-SIDDHIGUPTAB00B::0,1782927284964,scr_smart_1782927284964_monitor_1_post.jpg,scr_smart_1782927284964_monitor_1_post.jpg
ses_20260701-173246-SIDDHIGUPTAB00B,0,ses_20260701-173246-SIDDHIGUPTAB00B::0,1782927288213,scr_smart_1782927288213_monitor_1_post.jpg,scr_smart_1782927288213_monitor_1_post.jpg
ses_20260701-173246-SIDDHIGUPTAB00B,0,ses_20260701-173246-SIDDHIGUPTAB00B::0,1782927288829,scr_smart_1782927288829_monitor_1_post.jpg,scr_smart_1782927288829_monitor_1_post.jpg
ses_20260701-173246-SIDDHIGUPTAB00B,0,ses_20260701-173246-SIDDHIGUPTAB00B::0,1782927289410,scr_smart_1782927289410_monitor_1_post.jpg,scr_smart_1782927289410_monitor_1_post.jpg
ses_20260701-173246-SIDDHIGUPTAB00B,0,ses_20260701-173246-SIDDHIGUPTAB00B::0,1782927291604,scr_smart_1782927291604_monitor_1_post.jpg,scr_smart_1782927291604_monitor_1_post.jpg
ses_20260701-173246-SIDDHIGUPTAB00B,0,ses_20260701-173246-SIDDHIGUPTAB00B::0,1782927295132,scr_smart_1782927295132_monitor_1_post.jpg,scr_smart_1782927295132_monitor_1_post.jpg
ses_20260701-173246-SIDDHIGUPTAB00B,0,ses_20260701-173246-SIDDHIGUPTAB00B::0,1782927296728,scr_smart_1782927296728_monitor_1_post.jpg,scr_smart_1782927296728_monitor_1_post.jpg
ses_20260701-173246-SIDDHIGUPTAB00B,0,ses_20260701-173246-SIDDHIGUPTAB00B::0,1782927297710,scr_smart_1782927297710_monitor_1_post.jpg,scr_smart_1782927297710_monitor_1_post.jpg
ses_20260701-173246-SIDDHIGUPTAB00B,1,ses_20260701-173246-SIDDHIGUPTAB00B::1,1782927470306,scr_smart_1782927470306_monitor_1_post.jpg,scr_smart_1782927470306_monitor_1_post.jpg
ses_20260701-173246-SIDDHIGUPTAB00B,1,ses_20260701-173246-SIDDHIGUPTAB00B::1,1782927473428,scr_smart_1782927473428_monitor_1_post.jpg,scr_smart_1782927473428_monitor_1_post.jpg
ses_20260701-173246-SIDDHIGUPTAB00B,1,ses_20260701-173246-SIDDHIGUPTAB00B::1,1782927477031,scr_smart_1782927477031_monitor_1_post.jpg,scr_smart_1782927477031_monitor_1_post.jpg
ses_20260701-173246-SIDDHIGUPTAB00B,1,ses_20260701-173246-SIDDHIGUPTAB00B::1,1782927477973,scr_smart_1782927477973_monitor_1_post.jpg,scr_smart_1782927477973_monitor_1_post.jpg
ses_20260701-173246-SIDDHIGUPTAB00B,1,ses_20260701-173246-SIDDHIGUPTAB00B::1,1782927480283,scr_smart_1782927480283_monitor_1_post.jpg,scr_smart_1782927480283_monitor_1_post.jpg
ses_20260701-173246-SIDDHIGUPTAB00B,1,ses_20260701-173246-SIDDHIGUPTAB00B::1,1782927483424,scr_smart_1782927483424_monitor_1_post.jpg,scr_smart_1782927483424_monitor_1_post.jpg
ses_20260701-173246-SIDDHIGUPTAB00B,1,ses_20260701-173246-SIDDHIGUPTAB00B::1,1782927484688,scr_smart_1782927484688_monitor_1_post.jpg,scr_smart_1782927484688_monitor_1_post.jpg
ses_20260701-173246-SIDDHIGUPTAB00B,1,ses_20260701-173246-SIDDHIGUPTAB00B::1,1782927488221,scr_smart_1782927488221_monitor_1_post.jpg,scr_smart_1782927488221_monitor_1_post.jpg
ses_20260701-173246-SIDDHIGUPTAB00B,1,ses_20260701-173246-SIDDHIGUPTAB00B::1,1782927489637,scr_smart_1782927489637_monitor_1_post.jpg,scr_smart_1782927489637_monitor_1_post.jpg
ses_20260701-173246-SIDDHIGUPTAB00B,1,ses_20260701-173246-SIDDHIGUPTAB00B::1,1782927491345,scr_smart_1782927491345_monitor_1_post.jpg,scr_smart_1782927491345_monitor_1_post.jpg
ses_20260701-173246-SIDDHIGUPTAB00B,1,ses_20260701-173246-SIDDHIGUPTAB00B::1,1782927493066,scr_smart_1782927493066_monitor_1_post.jpg,scr_smart_1782927493066_monitor_1_post.jpg
ses_20260701-173246-SIDDHIGUPTAB00B,1,ses_20260701-173246-SIDDHIGUPTAB00B::1,1782927496100,scr_smart_1782927496100_monitor_1_post.jpg,scr_smart_1782927496100_monitor_1_post.jpg
ses_20260701-173246-SIDDHIGUPTAB00B,1,ses_20260701-173246-SIDDHIGUPTAB00B::1,1782927496625,scr_smart_1782927496625_monitor_1_post.jpg,scr_smart_1782927496625_monitor_1_post.jpg
ses_20260701-173246-SIDDHIGUPTAB00B,1,ses_20260701-173246-SIDDHIGUPTAB00B::1,1782927497705,scr_smart_1782927497705_monitor_1_post.jpg,scr_smart_1782927497705_monitor_1_post.jpg
ses_20260701-173246-SIDDHIGUPTAB00B,1,ses_20260701-173246-SIDDHIGUPTAB00B::1,1782927498288,scr_smart_1782927498288_monitor_1_post.jpg,scr_smart_1782927498288_monitor_1_post.jpg
ses_20260701-173246-SIDDHIGUPTAB00B,1,ses_20260701-173246-SIDDHIGUPTAB00B::1,1782927498863,scr_smart_1782927498863_monitor_1_post.jpg,scr_smart_1782927498863_monitor_1_post.jpg
ses_20260701-173246-SIDDHIGUPTAB00B,1,ses_20260701-173246-SIDDHIGUPTAB00B::1,1782927501260,scr_smart_1782927501260_monitor_1_post.jpg,scr_smart_1782927501260_monitor_1_post.jpg
ses_20260701-173246-SIDDHIGUPTAB00B,2,ses_20260701-173246-SIDDHIGUPTAB00B::2,1782927504517,scr_smart_1782927504517_monitor_1_post.jpg,scr_smart_1782927504517_monitor_1_post.jpg
ses_20260701-173246-SIDDHIGUPTAB00B,2,ses_20260701-173246-SIDDHIGUPTAB00B::2,1782927506752,scr_smart_1782927506752_monitor_1_post.jpg,scr_smart_1782927506752_monitor_1_post.jpg
ses_20260701-173246-SIDDHIGUPTAB00B,2,ses_20260701-173246-SIDDHIGUPTAB00B::2,1782927509938,scr_smart_1782927509938_monitor_1_post.jpg,scr_smart_1782927509938_monitor_1_post.jpg
ses_20260701-173246-SIDDHIGUPTAB00B,2,ses_20260701-173246-SIDDHIGUPTAB00B::2,1782927510495,scr_smart_1782927510495_monitor_1_post.jpg,scr_smart_1782927510495_monitor_1_post.jpg
ses_20260701-173246-SIDDHIGUPTAB00B,2,ses_20260701-173246-SIDDHIGUPTAB00B::2,1782927510968,scr_smart_1782927510968_monitor_1_post.jpg,scr_smart_1782927510968_monitor_1_post.jpg
ses_20260701-173246-SIDDHIGUPTAB00B,2,ses_20260701-173246-SIDDHIGUPTAB00B::2,1782927513366,scr_smart_1782927513366_monitor_1_post.jpg,scr_smart_1782927513366_monitor_1_post.jpg
ses_20260701-173246-SIDDHIGUPTAB00B,3,ses_20260701-173246-SIDDHIGUPTAB00B::3,1782927516833,scr_smart_1782927516833_monitor_1_post.jpg,scr_smart_1782927516833_monitor_1_post.jpg
ses_20260701-173246-SIDDHIGUPTAB00B,3,ses_20260701-173246-SIDDHIGUPTAB00B::3,1782927519314,scr_smart_1782927519314_monitor_1_post.jpg,scr_smart_1782927519314_monitor_1_post.jpg
ses_20260701-173246-SIDDHIGUPTAB00B,3,ses_20260701-173246-SIDDHIGUPTAB00B::3,1782927522141,scr_smart_1782927522141_monitor_1_post.jpg,scr_smart_1782927522141_monitor_1_post.jpg
ses_20260701-173246-SIDDHIGUPTAB00B,3,ses_20260701-173246-SIDDHIGUPTAB00B::3,1782927522666,scr_smart_1782927522666_monitor_1_post.jpg,scr_smart_1782927522666_monitor_1_post.jpg
ses_20260701-173246-SIDDHIGUPTAB00B,3,ses_20260701-173246-SIDDHIGUPTAB00B::3,1782927523232,scr_smart_1782927523232_monitor_1_post.jpg,scr_smart_1782927523232_monitor_1_post.jpg
ses_20260701-173246-SIDDHIGUPTAB00B,3,ses_20260701-173246-SIDDHIGUPTAB00B::3,1782927525525,scr_smart_1782927525525_monitor_1_post.jpg,scr_smart_1782927525525_monitor_1_post.jpg
ses_20260701-173246-SIDDHIGUPTAB00B,4,ses_20260701-173246-SIDDHIGUPTAB00B::4,1782927611746,scr_smart_1782927611746_monitor_1_post.jpg,scr_smart_1782927611746_monitor_1_post.jpg
ses_20260701-173246-SIDDHIGUPTAB00B,4,ses_20260701-173246-SIDDHIGUPTAB00B::4,1782927613979,scr_smart_1782927613979_monitor_1_post.jpg,scr_smart_1782927613979_monitor_1_post.jpg
ses_20260701-173246-SIDDHIGUPTAB00B,4,ses_20260701-173246-SIDDHIGUPTAB00B::4,1782927619008,scr_smart_1782927619008_monitor_1_post.jpg,scr_smart_1782927619008_monitor_1_post.jpg
ses_20260701-173246-SIDDHIGUPTAB00B,4,ses_20260701-173246-SIDDHIGUPTAB00B::4,1782927620712,scr_smart_1782927620712_monitor_1_post.jpg,scr_smart_1782927620712_monitor_1_post.jpg
ses_20260701-173246-SIDDHIGUPTAB00B,4,ses_20260701-173246-SIDDHIGUPTAB00B::4,1782927621241,scr_smart_1782927621241_monitor_1_post.jpg,scr_smart_1782927621241_monitor_1_post.jpg
ses_20260701-173246-SIDDHIGUPTAB00B,4,ses_20260701-173246-SIDDHIGUPTAB00B::4,1782927623379,scr_smart_1782927623379_monitor_1_post.jpg,scr_smart_1782927623379_monitor_1_post.jpg
ses_20260701-173246-SIDDHIGUPTAB00B,4,ses_20260701-173246-SIDDHIGUPTAB00B::4,1782927627002,scr_smart_1782927627002_monitor_1_post.jpg,scr_smart_1782927627002_monitor_1_post.jpg
ses_20260701-173246-SIDDHIGUPTAB00B,4,ses_20260701-173246-SIDDHIGUPTAB00B::4,1782927627945,scr_smart_1782927627945_monitor_1_post.jpg,scr_smart_1782927627945_monitor_1_post.jpg
ses_20260701-173246-SIDDHIGUPTAB00B,4,ses_20260701-173246-SIDDHIGUPTAB00B::4,1782927630359,scr_smart_1782927630359_monitor_1_post.jpg,scr_smart_1782927630359_monitor_1_post.jpg
ses_20260701-173246-SIDDHIGUPTAB00B,4,ses_20260701-173246-SIDDHIGUPTAB00B::4,1782927634067,scr_smart_1782927634067_monitor_1_post.jpg,scr_smart_1782927634067_monitor_1_post.jpg
ses_20260701-173246-SIDDHIGUPTAB00B,4,ses_20260701-173246-SIDDHIGUPTAB00B::4,1782927635670,scr_smart_1782927635670_monitor_1_post.jpg,scr_smart_1782927635670_monitor_1_post.jpg
ses_20260701-173246-SIDDHIGUPTAB00B,4,ses_20260701-173246-SIDDHIGUPTAB00B::4,1782927636563,scr_smart_1782927636563_monitor_1_post.jpg,scr_smart_1782927636563_monitor_1_post.jpg
ses_20260701-173246-SIDDHIGUPTAB00B,5,ses_20260701-173246-SIDDHIGUPTAB00B::5,1782927638959,scr_smart_1782927638959_monitor_1_post.jpg,scr_smart_1782927638959_monitor_1_post.jpg
ses_20260701-173246-SIDDHIGUPTAB00B,5,ses_20260701-173246-SIDDHIGUPTAB00B::5,1782927641651,scr_smart_1782927641651_monitor_1_post.jpg,scr_smart_1782927641651_monitor_1_post.jpg
ses_20260701-173246-SIDDHIGUPTAB00B,5,ses_20260701-173246-SIDDHIGUPTAB00B::5,1782927643548,scr_smart_1782927643548_monitor_1_post.jpg,scr_smart_1782927643548_monitor_1_post.jpg
ses_20260701-173246-SIDDHIGUPTAB00B,5,ses_20260701-173246-SIDDHIGUPTAB00B::5,1782927647323,scr_smart_1782927647323_monitor_1_post.jpg,scr_smart_1782927647323_monitor_1_post.jpg
ses_20260701-173246-SIDDHIGUPTAB00B,5,ses_20260701-173246-SIDDHIGUPTAB00B::5,1782927648430,scr_smart_1782927648430_monitor_1_post.jpg,scr_smart_1782927648430_monitor_1_post.jpg
ses_20260701-173246-SIDDHIGUPTAB00B,5,ses_20260701-173246-SIDDHIGUPTAB00B::5,1782927650022,scr_smart_1782927650022_monitor_1_post.jpg,scr_smart_1782927650022_monitor_1_post.jpg
ses_20260701-173246-SIDDHIGUPTAB00B,5,ses_20260701-173246-SIDDHIGUPTAB00B::5,1782927651539,scr_smart_1782927651539_monitor_1_post.jpg,scr_smart_1782927651539_monitor_1_post.jpg
ses_20260701-173246-SIDDHIGUPTAB00B,5,ses_20260701-173246-SIDDHIGUPTAB00B::5,1782927653986,scr_smart_1782927653986_monitor_1_post.jpg,scr_smart_1782927653986_monitor_1_post.jpg
ses_20260701-173246-SIDDHIGUPTAB00B,5,ses_20260701-173246-SIDDHIGUPTAB00B::5,1782927654529,scr_smart_1782927654529_monitor_1_post.jpg,scr_smart_1782927654529_monitor_1_post.jpg
ses_20260701-173246-SIDDHIGUPTAB00B,5,ses_20260701-173246-SIDDHIGUPTAB00B::5,1782927656546,scr_smart_1782927656546_monitor_1_post.jpg,scr_smart_1782927656546_monitor_1_post.jpg
ses_20260701-173246-SIDDHIGUPTAB00B,5,ses_20260701-173246-SIDDHIGUPTAB00B::5,1782927658956,scr_smart_1782927658956_monitor_1_post.jpg,scr_smart_1782927658956_monitor_1_post.jpg
ses_20260701-173246-SIDDHIGUPTAB00B,5,ses_20260701-173246-SIDDHIGUPTAB00B::5,1782927659581,scr_smart_1782927659581_monitor_1_post.jpg,scr_smart_1782927659581_monitor_1_post.jpg
ses_20260701-173246-SIDDHIGUPTAB00B,5,ses_20260701-173246-SIDDHIGUPTAB00B::5,1782927660178,scr_smart_1782927660178_monitor_1_post.jpg,scr_smart_1782927660178_monitor_1_post.jpg
ses_20260701-173246-SIDDHIGUPTAB00B,5,ses_20260701-173246-SIDDHIGUPTAB00B::5,1782927660764,scr_smart_1782927660764_monitor_1_post.jpg,scr_smart_1782927660764_monitor_1_post.jpg
ses_20260701-173246-SIDDHIGUPTAB00B,5,ses_20260701-173246-SIDDHIGUPTAB00B::5,1782927662858,scr_smart_1782927662858_monitor_1_post.jpg,scr_smart_1782927662858_monitor_1_post.jpg
ses_20260701-173246-SIDDHIGUPTAB00B,6,ses_20260701-173246-SIDDHIGUPTAB00B::6,1782927668258,scr_smart_1782927668258_monitor_1_post.jpg,scr_smart_1782927668258_monitor_1_post.jpg
ses_20260701-173246-SIDDHIGUPTAB00B,6,ses_20260701-173246-SIDDHIGUPTAB00B::6,1782927671378,scr_smart_1782927671378_monitor_1_post.jpg,scr_smart_1782927671378_monitor_1_post.jpg
ses_20260701-173246-SIDDHIGUPTAB00B,6,ses_20260701-173246-SIDDHIGUPTAB00B::6,1782927672427,scr_smart_1782927672427_monitor_1_post.jpg,scr_smart_1782927672427_monitor_1_post.jpg
ses_20260701-173246-SIDDHIGUPTAB00B,6,ses_20260701-173246-SIDDHIGUPTAB00B::6,1782927674620,scr_smart_1782927674620_monitor_1_post.jpg,scr_smart_1782927674620_monitor_1_post.jpg
ses_20260701-173246-SIDDHIGUPTAB00B,6,ses_20260701-173246-SIDDHIGUPTAB00B::6,1782927676958,scr_smart_1782927676958_monitor_1_post.jpg,scr_smart_1782927676958_monitor_1_post.jpg
ses_20260701-173246-SIDDHIGUPTAB00B,6,ses_20260701-173246-SIDDHIGUPTAB00B::6,1782927682197,scr_smart_1782927682197_monitor_1_post.jpg,scr_smart_1782927682197_monitor_1_post.jpg
ses_20260701-173246-SIDDHIGUPTAB00B,6,ses_20260701-173246-SIDDHIGUPTAB00B::6,1782927683736,scr_smart_1782927683736_monitor_1_post.jpg,scr_smart_1782927683736_monitor_1_post.jpg
ses_20260701-173246-SIDDHIGUPTAB00B,6,ses_20260701-173246-SIDDHIGUPTAB00B::6,1782927685356,scr_smart_1782927685356_monitor_1_post.jpg,scr_smart_1782927685356_monitor_1_post.jpg
ses_20260701-173246-SIDDHIGUPTAB00B,6,ses_20260701-173246-SIDDHIGUPTAB00B::6,1782927687283,scr_smart_1782927687283_monitor_1_post.jpg,scr_smart_1782927687283_monitor_1_post.jpg
ses_20260701-173642-NEELA9BAF,0,ses_20260701-173642-NEELA9BAF::0,1782927850791,scr_smart_1782927850791_monitor_1_post.jpg,scr_smart_1782927850791_monitor_1_post.jpg
ses_20260701-173642-NEELA9BAF,0,ses_20260701-173642-NEELA9BAF::0,1782927854906,scr_smart_1782927854906_monitor_1_post.jpg,scr_smart_1782927854906_monitor_1_post.jpg
ses_20260701-173642-NEELA9BAF,0,ses_20260701-173642-NEELA9BAF::0,1782927856806,scr_smart_1782927856806_monitor_1_post.jpg,scr_smart_1782927856806_monitor_1_post.jpg
ses_20260701-173642-NEELA9BAF,0,ses_20260701-173642-NEELA9BAF::0,1782927857806,scr_smart_1782927857806_monitor_1_post.jpg,scr_smart_1782927857806_monitor_1_post.jpg
ses_20260701-173642-NEELA9BAF,0,ses_20260701-173642-NEELA9BAF::0,1782927858406,scr_smart_1782927858406_monitor_1_post.jpg,scr_smart_1782927858406_monitor_1_post.jpg
ses_20260701-173642-NEELA9BAF,0,ses_20260701-173642-NEELA9BAF::0,1782927858890,scr_smart_1782927858890_monitor_1_post.jpg,scr_smart_1782927858890_monitor_1_post.jpg
ses_20260701-173642-NEELA9BAF,0,ses_20260701-173642-NEELA9BAF::0,1782927860990,scr_smart_1782927860990_monitor_1_post.jpg,scr_smart_1782927860990_monitor_1_post.jpg
ses_20260701-173642-NEELA9BAF,0,ses_20260701-173642-NEELA9BAF::0,1782927865413,scr_smart_1782927865413_monitor_1_post.jpg,scr_smart_1782927865413_monitor_1_post.jpg
ses_20260701-173642-NEELA9BAF,0,ses_20260701-173642-NEELA9BAF::0,1782927866602,scr_smart_1782927866602_monitor_1_post.jpg,scr_smart_1782927866602_monitor_1_post.jpg
ses_20260701-173642-NEELA9BAF,0,ses_20260701-173642-NEELA9BAF::0,1782927867600,scr_smart_1782927867600_monitor_1_post.jpg,scr_smart_1782927867600_monitor_1_post.jpg
ses_20260701-173642-NEELA9BAF,1,ses_20260701-173642-NEELA9BAF::1,1782927869805,scr_smart_1782927869805_monitor_1_post.jpg,scr_smart_1782927869805_monitor_1_post.jpg
ses_20260701-173642-NEELA9BAF,1,ses_20260701-173642-NEELA9BAF::1,1782927871706,scr_smart_1782927871706_monitor_1_post.jpg,scr_smart_1782927871706_monitor_1_post.jpg
ses_20260701-173642-NEELA9BAF,1,ses_20260701-173642-NEELA9BAF::1,1782927875508,scr_smart_1782927875508_monitor_1_post.jpg,scr_smart_1782927875508_monitor_1_post.jpg
ses_20260701-173642-NEELA9BAF,1,ses_20260701-173642-NEELA9BAF::1,1782927876998,scr_smart_1782927876998_monitor_1_post.jpg,scr_smart_1782927876998_monitor_1_post.jpg
ses_20260701-173642-NEELA9BAF,1,ses_20260701-173642-NEELA9BAF::1,1782927877887,scr_smart_1782927877887_monitor_1_post.jpg,scr_smart_1782927877887_monitor_1_post.jpg
ses_20260701-173642-NEELA9BAF,2,ses_20260701-173642-NEELA9BAF::2,1782927880176,scr_smart_1782927880176_monitor_1_post.jpg,scr_smart_1782927880176_monitor_1_post.jpg
ses_20260701-173642-NEELA9BAF,2,ses_20260701-173642-NEELA9BAF::2,1782927886798,scr_smart_1782927886798_monitor_1_post.jpg,scr_smart_1782927886798_monitor_1_post.jpg
ses_20260701-173642-NEELA9BAF,2,ses_20260701-173642-NEELA9BAF::2,1782927888092,scr_smart_1782927888092_monitor_1_post.jpg,scr_smart_1782927888092_monitor_1_post.jpg
ses_20260701-173642-NEELA9BAF,2,ses_20260701-173642-NEELA9BAF::2,1782927889181,scr_smart_1782927889181_monitor_1_post.jpg,scr_smart_1782927889181_monitor_1_post.jpg
ses_20260701-173642-NEELA9BAF,3,ses_20260701-173642-NEELA9BAF::3,1782927891260,scr_smart_1782927891260_monitor_1_post.jpg,scr_smart_1782927891260_monitor_1_post.jpg
ses_20260701-175258-LAPTOP-76QMG9DE,0,ses_20260701-175258-LAPTOP-76QMG9DE::0,1782928786723,scr_smart_1782928786723_monitor_1_post.jpg,scr_smart_1782928786723_monitor_1_post.jpg
ses_20260701-175258-LAPTOP-76QMG9DE,0,ses_20260701-175258-LAPTOP-76QMG9DE::0,1782928788166,scr_smart_1782928788166_monitor_1_post.jpg,scr_smart_1782928788166_monitor_1_post.jpg
ses_20260701-175258-LAPTOP-76QMG9DE,0,ses_20260701-175258-LAPTOP-76QMG9DE::0,1782928790253,scr_smart_1782928790253_monitor_1_post.jpg,scr_smart_1782928790253_monitor_1_post.jpg
ses_20260701-175258-LAPTOP-76QMG9DE,0,ses_20260701-175258-LAPTOP-76QMG9DE::0,1782928794037,scr_smart_1782928794037_monitor_1_post.jpg,scr_smart_1782928794037_monitor_1_post.jpg
ses_20260701-175258-LAPTOP-76QMG9DE,0,ses_20260701-175258-LAPTOP-76QMG9DE::0,1782928794576,scr_smart_1782928794576_monitor_1_post.jpg,scr_smart_1782928794576_monitor_1_post.jpg
ses_20260701-175258-LAPTOP-76QMG9DE,0,ses_20260701-175258-LAPTOP-76QMG9DE::0,1782928795102,scr_smart_1782928795102_monitor_1_post.jpg,scr_smart_1782928795102_monitor_1_post.jpg
ses_20260701-175258-LAPTOP-76QMG9DE,0,ses_20260701-175258-LAPTOP-76QMG9DE::0,1782928797358,scr_smart_1782928797358_monitor_1_post.jpg,scr_smart_1782928797358_monitor_1_post.jpg
ses_20260701-175258-LAPTOP-76QMG9DE,0,ses_20260701-175258-LAPTOP-76QMG9DE::0,1782928800013,scr_smart_1782928800013_monitor_1_post.jpg,scr_smart_1782928800013_monitor_1_post.jpg
ses_20260701-175258-LAPTOP-76QMG9DE,0,ses_20260701-175258-LAPTOP-76QMG9DE::0,1782928800762,scr_smart_1782928800762_monitor_1_post.jpg,scr_smart_1782928800762_monitor_1_post.jpg
ses_20260701-175258-LAPTOP-76QMG9DE,0,ses_20260701-175258-LAPTOP-76QMG9DE::0,1782928805047,scr_smart_1782928805047_monitor_1_post.jpg,scr_smart_1782928805047_monitor_1_post.jpg
ses_20260701-175258-LAPTOP-76QMG9DE,0,ses_20260701-175258-LAPTOP-76QMG9DE::0,1782928806194,scr_smart_1782928806194_monitor_1_post.jpg,scr_smart_1782928806194_monitor_1_post.jpg
ses_20260701-175258-LAPTOP-76QMG9DE,0,ses_20260701-175258-LAPTOP-76QMG9DE::0,1782928807332,scr_smart_1782928807332_monitor_1_post.jpg,scr_smart_1782928807332_monitor_1_post.jpg
ses_20260701-175258-LAPTOP-76QMG9DE,0,ses_20260701-175258-LAPTOP-76QMG9DE::0,1782928809286,scr_smart_1782928809286_monitor_1_post.jpg,scr_smart_1782928809286_monitor_1_post.jpg
ses_20260701-175258-LAPTOP-76QMG9DE,0,ses_20260701-175258-LAPTOP-76QMG9DE::0,1782928809859,scr_smart_1782928809859_monitor_1_post.jpg,scr_smart_1782928809859_monitor_1_post.jpg
ses_20260701-175258-LAPTOP-76QMG9DE,0,ses_20260701-175258-LAPTOP-76QMG9DE::0,1782928812023,scr_smart_1782928812023_monitor_1_post.jpg,scr_smart_1782928812023_monitor_1_post.jpg
ses_20260701-175258-LAPTOP-76QMG9DE,0,ses_20260701-175258-LAPTOP-76QMG9DE::0,1782928813676,scr_smart_1782928813676_monitor_1_post.jpg,scr_smart_1782928813676_monitor_1_post.jpg
ses_20260701-175258-LAPTOP-76QMG9DE,0,ses_20260701-175258-LAPTOP-76QMG9DE::0,1782928814614,scr_smart_1782928814614_monitor_1_post.jpg,scr_smart_1782928814614_monitor_1_post.jpg
ses_20260701-175258-LAPTOP-76QMG9DE,0,ses_20260701-175258-LAPTOP-76QMG9DE::0,1782928816662,scr_smart_1782928816662_monitor_1_post.jpg,scr_smart_1782928816662_monitor_1_post.jpg
ses_20260701-175258-LAPTOP-76QMG9DE,0,ses_20260701-175258-LAPTOP-76QMG9DE::0,1782928819927,scr_smart_1782928819927_monitor_1_post.jpg,scr_smart_1782928819927_monitor_1_post.jpg
ses_20260701-175258-LAPTOP-76QMG9DE,0,ses_20260701-175258-LAPTOP-76QMG9DE::0,1782928821584,scr_smart_1782928821584_monitor_1_post.jpg,scr_smart_1782928821584_monitor_1_post.jpg
ses_20260701-175258-LAPTOP-76QMG9DE,0,ses_20260701-175258-LAPTOP-76QMG9DE::0,1782928822521,scr_smart_1782928822521_monitor_1_post.jpg,scr_smart_1782928822521_monitor_1_post.jpg
ses_20260701-175258-LAPTOP-76QMG9DE,0,ses_20260701-175258-LAPTOP-76QMG9DE::0,1782928824661,scr_smart_1782928824661_monitor_1_post.jpg,scr_smart_1782928824661_monitor_1_post.jpg
ses_20260701-175258-LAPTOP-76QMG9DE,0,ses_20260701-175258-LAPTOP-76QMG9DE::0,1782928828455,scr_smart_1782928828455_monitor_1_post.jpg,scr_smart_1782928828455_monitor_1_post.jpg
ses_20260701-175258-LAPTOP-76QMG9DE,0,ses_20260701-175258-LAPTOP-76QMG9DE::0,1782928830299,scr_smart_1782928830299_monitor_1_post.jpg,scr_smart_1782928830299_monitor_1_post.jpg
ses_20260701-175258-LAPTOP-76QMG9DE,0,ses_20260701-175258-LAPTOP-76QMG9DE::0,1782928831348,scr_smart_1782928831348_monitor_1_post.jpg,scr_smart_1782928831348_monitor_1_post.jpg
ses_20260701-175747-SIDDHIGUPTAB00B,0,ses_20260701-175747-SIDDHIGUPTAB00B::0,1782928843033,scr_smart_1782928843033_monitor_1_post.jpg,scr_smart_1782928843033_monitor_1_post.jpg
ses_20260701-175747-SIDDHIGUPTAB00B,0,ses_20260701-175747-SIDDHIGUPTAB00B::0,1782928844455,scr_smart_1782928844455_monitor_1_post.jpg,scr_smart_1782928844455_monitor_1_post.jpg
ses_20260701-175747-SIDDHIGUPTAB00B,0,ses_20260701-175747-SIDDHIGUPTAB00B::0,1782928844968,scr_smart_1782928844968_monitor_1_post.jpg,scr_smart_1782928844968_monitor_1_post.jpg
ses_20260701-175747-SIDDHIGUPTAB00B,0,ses_20260701-175747-SIDDHIGUPTAB00B::0,1782928846159,scr_smart_1782928846159_monitor_1_post.jpg,scr_smart_1782928846159_monitor_1_post.jpg
ses_20260701-175747-SIDDHIGUPTAB00B,0,ses_20260701-175747-SIDDHIGUPTAB00B::0,1782928847037,scr_smart_1782928847037_monitor_1_post.jpg,scr_smart_1782928847037_monitor_1_post.jpg
ses_20260701-175747-SIDDHIGUPTAB00B,0,ses_20260701-175747-SIDDHIGUPTAB00B::0,1782928849425,scr_smart_1782928849425_monitor_1_post.jpg,scr_smart_1782928849425_monitor_1_post.jpg
ses_20260701-175747-SIDDHIGUPTAB00B,0,ses_20260701-175747-SIDDHIGUPTAB00B::0,1782928852731,scr_smart_1782928852731_monitor_1_post.jpg,scr_smart_1782928852731_monitor_1_post.jpg
ses_20260701-175747-SIDDHIGUPTAB00B,0,ses_20260701-175747-SIDDHIGUPTAB00B::0,1782928854229,scr_smart_1782928854229_monitor_1_post.jpg,scr_smart_1782928854229_monitor_1_post.jpg
ses_20260701-175747-SIDDHIGUPTAB00B,0,ses_20260701-175747-SIDDHIGUPTAB00B::0,1782928854728,scr_smart_1782928854728_monitor_1_post.jpg,scr_smart_1782928854728_monitor_1_post.jpg
ses_20260701-175747-SIDDHIGUPTAB00B,0,ses_20260701-175747-SIDDHIGUPTAB00B::0,1782928855313,scr_smart_1782928855313_monitor_1_post.jpg,scr_smart_1782928855313_monitor_1_post.jpg
ses_20260701-175747-SIDDHIGUPTAB00B,0,ses_20260701-175747-SIDDHIGUPTAB00B::0,1782928857511,scr_smart_1782928857511_monitor_1_post.jpg,scr_smart_1782928857511_monitor_1_post.jpg
ses_20260701-175747-SIDDHIGUPTAB00B,1,ses_20260701-175747-SIDDHIGUPTAB00B::1,1782928864641,scr_smart_1782928864641_monitor_1_post.jpg,scr_smart_1782928864641_monitor_1_post.jpg
ses_20260701-175747-SIDDHIGUPTAB00B,1,ses_20260701-175747-SIDDHIGUPTAB00B::1,1782928866226,scr_smart_1782928866226_monitor_1_post.jpg,scr_smart_1782928866226_monitor_1_post.jpg
ses_20260701-175747-SIDDHIGUPTAB00B,1,ses_20260701-175747-SIDDHIGUPTAB00B::1,1782928867100,scr_smart_1782928867100_monitor_1_post.jpg,scr_smart_1782928867100_monitor_1_post.jpg
ses_20260701-175747-SIDDHIGUPTAB00B,2,ses_20260701-175747-SIDDHIGUPTAB00B::2,1782928869386,scr_smart_1782928869386_monitor_1_post.jpg,scr_smart_1782928869386_monitor_1_post.jpg
ses_20260701-175747-SIDDHIGUPTAB00B,2,ses_20260701-175747-SIDDHIGUPTAB00B::2,1782928875730,scr_smart_1782928875730_monitor_1_post.jpg,scr_smart_1782928875730_monitor_1_post.jpg
ses_20260701-175747-SIDDHIGUPTAB00B,2,ses_20260701-175747-SIDDHIGUPTAB00B::2,1782928877027,scr_smart_1782928877027_monitor_1_post.jpg,scr_smart_1782928877027_monitor_1_post.jpg
ses_20260701-175747-SIDDHIGUPTAB00B,2,ses_20260701-175747-SIDDHIGUPTAB00B::2,1782928877917,scr_smart_1782928877917_monitor_1_post.jpg,scr_smart_1782928877917_monitor_1_post.jpg
ses_20260701-175747-SIDDHIGUPTAB00B,2,ses_20260701-175747-SIDDHIGUPTAB00B::2,1782928880097,scr_smart_1782928880097_monitor_1_post.jpg,scr_smart_1782928880097_monitor_1_post.jpg
ses_20260701-175747-SIDDHIGUPTAB00B,3,ses_20260701-175747-SIDDHIGUPTAB00B::3,1782929121182,scr_smart_1782929121182_monitor_1_post.jpg,scr_smart_1782929121182_monitor_1_post.jpg
ses_20260701-175747-SIDDHIGUPTAB00B,3,ses_20260701-175747-SIDDHIGUPTAB00B::3,1782929121756,scr_smart_1782929121756_monitor_1_post.jpg,scr_smart_1782929121756_monitor_1_post.jpg
ses_20260701-175747-SIDDHIGUPTAB00B,3,ses_20260701-175747-SIDDHIGUPTAB00B::3,1782929123086,scr_smart_1782929123086_monitor_1_post.jpg,scr_smart_1782929123086_monitor_1_post.jpg
ses_20260701-175747-SIDDHIGUPTAB00B,3,ses_20260701-175747-SIDDHIGUPTAB00B::3,1782929124071,scr_smart_1782929124071_monitor_1_post.jpg,scr_smart_1782929124071_monitor_1_post.jpg
ses_20260701-175747-SIDDHIGUPTAB00B,4,ses_20260701-175747-SIDDHIGUPTAB00B::4,1782929126479,scr_smart_1782929126479_monitor_1_post.jpg,scr_smart_1782929126479_monitor_1_post.jpg
ses_20260701-175747-SIDDHIGUPTAB00B,4,ses_20260701-175747-SIDDHIGUPTAB00B::4,1782929133642,scr_smart_1782929133642_monitor_1_post.jpg,scr_smart_1782929133642_monitor_1_post.jpg
ses_20260701-175747-SIDDHIGUPTAB00B,4,ses_20260701-175747-SIDDHIGUPTAB00B::4,1782929135112,scr_smart_1782929135112_monitor_1_post.jpg,scr_smart_1782929135112_monitor_1_post.jpg
ses_20260701-175747-SIDDHIGUPTAB00B,4,ses_20260701-175747-SIDDHIGUPTAB00B::4,1782929136011,scr_smart_1782929136011_monitor_1_post.jpg,scr_smart_1782929136011_monitor_1_post.jpg
ses_20260701-175747-SIDDHIGUPTAB00B,4,ses_20260701-175747-SIDDHIGUPTAB00B::4,1782929138319,scr_smart_1782929138319_monitor_1_post.jpg,scr_smart_1782929138319_monitor_1_post.jpg
ses_20260701-175747-SIDDHIGUPTAB00B,4,ses_20260701-175747-SIDDHIGUPTAB00B::4,1782929142649,scr_smart_1782929142649_monitor_1_post.jpg,scr_smart_1782929142649_monitor_1_post.jpg
ses_20260701-175747-SIDDHIGUPTAB00B,4,ses_20260701-175747-SIDDHIGUPTAB00B::4,1782929143859,scr_smart_1782929143859_monitor_1_post.jpg,scr_smart_1782929143859_monitor_1_post.jpg
ses_20260701-175747-SIDDHIGUPTAB00B,4,ses_20260701-175747-SIDDHIGUPTAB00B::4,1782929144935,scr_smart_1782929144935_monitor_1_post.jpg,scr_smart_1782929144935_monitor_1_post.jpg
ses_20260701-175747-SIDDHIGUPTAB00B,4,ses_20260701-175747-SIDDHIGUPTAB00B::4,1782929147232,scr_smart_1782929147232_monitor_1_post.jpg,scr_smart_1782929147232_monitor_1_post.jpg
ses_20260701-175747-SIDDHIGUPTAB00B,4,ses_20260701-175747-SIDDHIGUPTAB00B::4,1782929150855,scr_smart_1782929150855_monitor_1_post.jpg,scr_smart_1782929150855_monitor_1_post.jpg
ses_20260701-175747-SIDDHIGUPTAB00B,4,ses_20260701-175747-SIDDHIGUPTAB00B::4,1782929152058,scr_smart_1782929152058_monitor_1_post.jpg,scr_smart_1782929152058_monitor_1_post.jpg
ses_20260701-175747-SIDDHIGUPTAB00B,4,ses_20260701-175747-SIDDHIGUPTAB00B::4,1782929152946,scr_smart_1782929152946_monitor_1_post.jpg,scr_smart_1782929152946_monitor_1_post.jpg
ses_20260701-180923-NEELA9BAF,0,ses_20260701-180923-NEELA9BAF::0,1782929511952,scr_smart_1782929511952_monitor_1_post.jpg,scr_smart_1782929511952_monitor_1_post.jpg
ses_20260701-180923-NEELA9BAF,0,ses_20260701-180923-NEELA9BAF::0,1782929514196,scr_smart_1782929514196_monitor_1_post.jpg,scr_smart_1782929514196_monitor_1_post.jpg
ses_20260701-180923-NEELA9BAF,0,ses_20260701-180923-NEELA9BAF::0,1782929515199,scr_smart_1782929515199_monitor_1_post.jpg,scr_smart_1782929515199_monitor_1_post.jpg
ses_20260701-180923-NEELA9BAF,0,ses_20260701-180923-NEELA9BAF::0,1782929515807,scr_smart_1782929515807_monitor_1_post.jpg,scr_smart_1782929515807_monitor_1_post.jpg
ses_20260701-180923-NEELA9BAF,0,ses_20260701-180923-NEELA9BAF::0,1782929516289,scr_smart_1782929516289_monitor_1_post.jpg,scr_smart_1782929516289_monitor_1_post.jpg
ses_20260701-180923-NEELA9BAF,0,ses_20260701-180923-NEELA9BAF::0,1782929518370,scr_smart_1782929518370_monitor_1_post.jpg,scr_smart_1782929518370_monitor_1_post.jpg
ses_20260701-180923-NEELA9BAF,0,ses_20260701-180923-NEELA9BAF::0,1782929520779,scr_smart_1782929520779_monitor_1_post.jpg,scr_smart_1782929520779_monitor_1_post.jpg
ses_20260701-180923-NEELA9BAF,0,ses_20260701-180923-NEELA9BAF::0,1782929526027,scr_smart_1782929526027_monitor_1_post.jpg,scr_smart_1782929526027_monitor_1_post.jpg
ses_20260701-180923-NEELA9BAF,0,ses_20260701-180923-NEELA9BAF::0,1782929527823,scr_smart_1782929527823_monitor_1_post.jpg,scr_smart_1782929527823_monitor_1_post.jpg
ses_20260701-180923-NEELA9BAF,0,ses_20260701-180923-NEELA9BAF::0,1782929528943,scr_smart_1782929528943_monitor_1_post.jpg,scr_smart_1782929528943_monitor_1_post.jpg
ses_20260701-180923-NEELA9BAF,0,ses_20260701-180923-NEELA9BAF::0,1782929530840,scr_smart_1782929530840_monitor_1_post.jpg,scr_smart_1782929530840_monitor_1_post.jpg
ses_20260701-180923-NEELA9BAF,0,ses_20260701-180923-NEELA9BAF::0,1782929533962,scr_smart_1782929533962_monitor_1_post.jpg,scr_smart_1782929533962_monitor_1_post.jpg
ses_20260701-180923-NEELA9BAF,0,ses_20260701-180923-NEELA9BAF::0,1782929535440,scr_smart_1782929535440_monitor_1_post.jpg,scr_smart_1782929535440_monitor_1_post.jpg
ses_20260701-180923-NEELA9BAF,0,ses_20260701-180923-NEELA9BAF::0,1782929536261,scr_smart_1782929536261_monitor_1_post.jpg,scr_smart_1782929536261_monitor_1_post.jpg
ses_20260701-180923-NEELA9BAF,1,ses_20260701-180923-NEELA9BAF::1,1782929538746,scr_smart_1782929538746_monitor_1_post.jpg,scr_smart_1782929538746_monitor_1_post.jpg
ses_20260701-180923-NEELA9BAF,1,ses_20260701-180923-NEELA9BAF::1,1782929541139,scr_smart_1782929541139_monitor_1_post.jpg,scr_smart_1782929541139_monitor_1_post.jpg
ses_20260701-180923-NEELA9BAF,1,ses_20260701-180923-NEELA9BAF::1,1782929546791,scr_smart_1782929546791_monitor_1_post.jpg,scr_smart_1782929546791_monitor_1_post.jpg
ses_20260701-180923-NEELA9BAF,1,ses_20260701-180923-NEELA9BAF::1,1782929548102,scr_smart_1782929548102_monitor_1_post.jpg,scr_smart_1782929548102_monitor_1_post.jpg
ses_20260701-180923-NEELA9BAF,1,ses_20260701-180923-NEELA9BAF::1,1782929549596,scr_smart_1782929549596_monitor_1_post.jpg,scr_smart_1782929549596_monitor_1_post.jpg
ses_20260701-180923-NEELA9BAF,1,ses_20260701-180923-NEELA9BAF::1,1782929550991,scr_smart_1782929550991_monitor_1_post.jpg,scr_smart_1782929550991_monitor_1_post.jpg
ses_20260701-180923-NEELA9BAF,1,ses_20260701-180923-NEELA9BAF::1,1782929551672,scr_smart_1782929551672_monitor_1_post.jpg,scr_smart_1782929551672_monitor_1_post.jpg
ses_20260701-180923-NEELA9BAF,1,ses_20260701-180923-NEELA9BAF::1,1782929557620,scr_smart_1782929557620_monitor_1_post.jpg,scr_smart_1782929557620_monitor_1_post.jpg
ses_20260701-180923-NEELA9BAF,1,ses_20260701-180923-NEELA9BAF::1,1782929559528,scr_smart_1782929559528_monitor_1_post.jpg,scr_smart_1782929559528_monitor_1_post.jpg
ses_20260701-180923-NEELA9BAF,1,ses_20260701-180923-NEELA9BAF::1,1782929560330,scr_smart_1782929560330_monitor_1_post.jpg,scr_smart_1782929560330_monitor_1_post.jpg
ses_20260701-180923-NEELA9BAF,2,ses_20260701-180923-NEELA9BAF::2,1782929759512,scr_smart_1782929759512_monitor_1_post.jpg,scr_smart_1782929759512_monitor_1_post.jpg
ses_20260701-180923-NEELA9BAF,2,ses_20260701-180923-NEELA9BAF::2,1782929761401,scr_smart_1782929761401_monitor_1_post.jpg,scr_smart_1782929761401_monitor_1_post.jpg
ses_20260701-180923-NEELA9BAF,2,ses_20260701-180923-NEELA9BAF::2,1782929762603,scr_smart_1782929762603_monitor_1_post.jpg,scr_smart_1782929762603_monitor_1_post.jpg
ses_20260701-180923-NEELA9BAF,2,ses_20260701-180923-NEELA9BAF::2,1782929763189,scr_smart_1782929763189_monitor_1_post.jpg,scr_smart_1782929763189_monitor_1_post.jpg
ses_20260701-180923-NEELA9BAF,2,ses_20260701-180923-NEELA9BAF::2,1782929763770,scr_smart_1782929763770_monitor_1_post.jpg,scr_smart_1782929763770_monitor_1_post.jpg
ses_20260701-180923-NEELA9BAF,2,ses_20260701-180923-NEELA9BAF::2,1782929766158,scr_smart_1782929766158_monitor_1_post.jpg,scr_smart_1782929766158_monitor_1_post.jpg
ses_20260701-180923-NEELA9BAF,3,ses_20260701-180923-NEELA9BAF::3,1782929773388,scr_smart_1782929773388_monitor_1_post.jpg,scr_smart_1782929773388_monitor_1_post.jpg
ses_20260701-180923-NEELA9BAF,3,ses_20260701-180923-NEELA9BAF::3,1782929774886,scr_smart_1782929774886_monitor_1_post.jpg,scr_smart_1782929774886_monitor_1_post.jpg
ses_20260701-180923-NEELA9BAF,3,ses_20260701-180923-NEELA9BAF::3,1782929775680,scr_smart_1782929775680_monitor_1_post.jpg,scr_smart_1782929775680_monitor_1_post.jpg
ses_20260701-180923-NEELA9BAF,4,ses_20260701-180923-NEELA9BAF::4,1782929777759,scr_smart_1782929777759_monitor_1_post.jpg,scr_smart_1782929777759_monitor_1_post.jpg
ses_20260701-180923-NEELA9BAF,4,ses_20260701-180923-NEELA9BAF::4,1782929780152,scr_smart_1782929780152_monitor_1_post.jpg,scr_smart_1782929780152_monitor_1_post.jpg
ses_20260701-180923-NEELA9BAF,4,ses_20260701-180923-NEELA9BAF::4,1782929781067,scr_smart_1782929781067_monitor_1_post.jpg,scr_smart_1782929781067_monitor_1_post.jpg
ses_20260701-180923-NEELA9BAF,4,ses_20260701-180923-NEELA9BAF::4,1782929781976,scr_smart_1782929781976_monitor_1_post.jpg,scr_smart_1782929781976_monitor_1_post.jpg
ses_20260701-180923-NEELA9BAF,4,ses_20260701-180923-NEELA9BAF::4,1782929785274,scr_smart_1782929785274_monitor_1_post.jpg,scr_smart_1782929785274_monitor_1_post.jpg
ses_20260701-180923-NEELA9BAF,4,ses_20260701-180923-NEELA9BAF::4,1782929786080,scr_smart_1782929786080_monitor_1_post.jpg,scr_smart_1782929786080_monitor_1_post.jpg
ses_20260701-180923-NEELA9BAF,4,ses_20260701-180923-NEELA9BAF::4,1782929787270,scr_smart_1782929787270_monitor_1_post.jpg,scr_smart_1782929787270_monitor_1_post.jpg
ses_20260701-180923-NEELA9BAF,4,ses_20260701-180923-NEELA9BAF::4,1782929788970,scr_smart_1782929788970_monitor_1_post.jpg,scr_smart_1782929788970_monitor_1_post.jpg
ses_20260701-180923-NEELA9BAF,4,ses_20260701-180923-NEELA9BAF::4,1782929791482,scr_smart_1782929791482_monitor_1_post.jpg,scr_smart_1782929791482_monitor_1_post.jpg
ses_20260701-180923-NEELA9BAF,4,ses_20260701-180923-NEELA9BAF::4,1782929793206,scr_smart_1782929793206_monitor_1_post.jpg,scr_smart_1782929793206_monitor_1_post.jpg
ses_20260701-180923-NEELA9BAF,4,ses_20260701-180923-NEELA9BAF::4,1782929794023,scr_smart_1782929794023_monitor_1_post.jpg,scr_smart_1782929794023_monitor_1_post.jpg
ses_20260701-180923-NEELA9BAF,4,ses_20260701-180923-NEELA9BAF::4,1782929796420,scr_smart_1782929796420_monitor_1_post.jpg,scr_smart_1782929796420_monitor_1_post.jpg
ses_20260701-180923-NEELA9BAF,5,ses_20260701-180923-NEELA9BAF::5,1782929847307,scr_smart_1782929847307_monitor_1_post.jpg,scr_smart_1782929847307_monitor_1_post.jpg
ses_20260701-180923-NEELA9BAF,5,ses_20260701-180923-NEELA9BAF::5,1782929847923,scr_smart_1782929847923_monitor_1_post.jpg,scr_smart_1782929847923_monitor_1_post.jpg
ses_20260701-180923-NEELA9BAF,5,ses_20260701-180923-NEELA9BAF::5,1782929849306,scr_smart_1782929849306_monitor_1_post.jpg,scr_smart_1782929849306_monitor_1_post.jpg
ses_20260701-180923-NEELA9BAF,5,ses_20260701-180923-NEELA9BAF::5,1782929853634,scr_smart_1782929853634_monitor_1_post.jpg,scr_smart_1782929853634_monitor_1_post.jpg
ses_20260701-180923-NEELA9BAF,5,ses_20260701-180923-NEELA9BAF::5,1782929854234,scr_smart_1782929854234_monitor_1_post.jpg,scr_smart_1782929854234_monitor_1_post.jpg
ses_20260701-180923-NEELA9BAF,5,ses_20260701-180923-NEELA9BAF::5,1782929854721,scr_smart_1782929854721_monitor_1_post.jpg,scr_smart_1782929854721_monitor_1_post.jpg
ses_20260701-180923-NEELA9BAF,5,ses_20260701-180923-NEELA9BAF::5,1782929857013,scr_smart_1782929857013_monitor_1_post.jpg,scr_smart_1782929857013_monitor_1_post.jpg
ses_20260701-180923-NEELA9BAF,5,ses_20260701-180923-NEELA9BAF::5,1782929859107,scr_smart_1782929859107_monitor_1_post.jpg,scr_smart_1782929859107_monitor_1_post.jpg
ses_20260701-180923-NEELA9BAF,5,ses_20260701-180923-NEELA9BAF::5,1782929865078,scr_smart_1782929865078_monitor_1_post.jpg,scr_smart_1782929865078_monitor_1_post.jpg
ses_20260701-180923-NEELA9BAF,5,ses_20260701-180923-NEELA9BAF::5,1782929866146,scr_smart_1782929866146_monitor_1_post.jpg,scr_smart_1782929866146_monitor_1_post.jpg
ses_20260701-180923-NEELA9BAF,5,ses_20260701-180923-NEELA9BAF::5,1782929867736,scr_smart_1782929867736_monitor_1_post.jpg,scr_smart_1782929867736_monitor_1_post.jpg
ses_20260701-180923-NEELA9BAF,5,ses_20260701-180923-NEELA9BAF::5,1782929869838,scr_smart_1782929869838_monitor_1_post.jpg,scr_smart_1782929869838_monitor_1_post.jpg
ses_20260701-180923-NEELA9BAF,5,ses_20260701-180923-NEELA9BAF::5,1782929872852,scr_smart_1782929872852_monitor_1_post.jpg,scr_smart_1782929872852_monitor_1_post.jpg
ses_20260701-180923-NEELA9BAF,5,ses_20260701-180923-NEELA9BAF::5,1782929874786,scr_smart_1782929874786_monitor_1_post.jpg,scr_smart_1782929874786_monitor_1_post.jpg
ses_20260701-180923-NEELA9BAF,5,ses_20260701-180923-NEELA9BAF::5,1782929875493,scr_smart_1782929875493_monitor_1_post.jpg,scr_smart_1782929875493_monitor_1_post.jpg
ses_20260701-180923-NEELA9BAF,5,ses_20260701-180923-NEELA9BAF::5,1782929877984,scr_smart_1782929877984_monitor_1_post.jpg,scr_smart_1782929877984_monitor_1_post.jpg
ses_20260701-180923-NEELA9BAF,5,ses_20260701-180923-NEELA9BAF::5,1782929882113,scr_smart_1782929882113_monitor_1_post.jpg,scr_smart_1782929882113_monitor_1_post.jpg
ses_20260701-180923-NEELA9BAF,5,ses_20260701-180923-NEELA9BAF::5,1782929883310,scr_smart_1782929883310_monitor_1_post.jpg,scr_smart_1782929883310_monitor_1_post.jpg
ses_20260701-180923-NEELA9BAF,5,ses_20260701-180923-NEELA9BAF::5,1782929884197,scr_smart_1782929884197_monitor_1_post.jpg,scr_smart_1782929884197_monitor_1_post.jpg
ses_20260701-180923-NEELA9BAF,5,ses_20260701-180923-NEELA9BAF::5,1782929886673,scr_smart_1782929886673_monitor_1_post.jpg,scr_smart_1782929886673_monitor_1_post.jpg
ses_20260701-180923-NEELA9BAF,5,ses_20260701-180923-NEELA9BAF::5,1782929890985,scr_smart_1782929890985_monitor_1_post.jpg,scr_smart_1782929890985_monitor_1_post.jpg
ses_20260701-180923-NEELA9BAF,5,ses_20260701-180923-NEELA9BAF::5,1782929892479,scr_smart_1782929892479_monitor_1_post.jpg,scr_smart_1782929892479_monitor_1_post.jpg
ses_20260701-180923-NEELA9BAF,5,ses_20260701-180923-NEELA9BAF::5,1782929892966,scr_smart_1782929892966_monitor_1_post.jpg,scr_smart_1782929892966_monitor_1_post.jpg
ses_20260701-180923-NEELA9BAF,5,ses_20260701-180923-NEELA9BAF::5,1782929893552,scr_smart_1782929893552_monitor_1_post.jpg,scr_smart_1782929893552_monitor_1_post.jpg
ses_20260701-180923-NEELA9BAF,6,ses_20260701-180923-NEELA9BAF::6,1782929981317,scr_smart_1782929981317_monitor_1_post.jpg,scr_smart_1782929981317_monitor_1_post.jpg
ses_20260701-180923-NEELA9BAF,6,ses_20260701-180923-NEELA9BAF::6,1782929983011,scr_smart_1782929983011_monitor_1_post.jpg,scr_smart_1782929983011_monitor_1_post.jpg
ses_20260701-180923-NEELA9BAF,6,ses_20260701-180923-NEELA9BAF::6,1782929983606,scr_smart_1782929983606_monitor_1_post.jpg,scr_smart_1782929983606_monitor_1_post.jpg
ses_20260701-180923-NEELA9BAF,6,ses_20260701-180923-NEELA9BAF::6,1782929984670,scr_smart_1782929984670_monitor_1_post.jpg,scr_smart_1782929984670_monitor_1_post.jpg
ses_20260701-180923-NEELA9BAF,6,ses_20260701-180923-NEELA9BAF::6,1782929985767,scr_smart_1782929985767_monitor_1_post.jpg,scr_smart_1782929985767_monitor_1_post.jpg
ses_20260701-180923-NEELA9BAF,6,ses_20260701-180923-NEELA9BAF::6,1782929988077,scr_smart_1782929988077_monitor_1_post.jpg,scr_smart_1782929988077_monitor_1_post.jpg
ses_20260701-180923-NEELA9BAF,6,ses_20260701-180923-NEELA9BAF::6,1782929991587,scr_smart_1782929991587_monitor_1_post.jpg,scr_smart_1782929991587_monitor_1_post.jpg
ses_20260701-180923-NEELA9BAF,6,ses_20260701-180923-NEELA9BAF::6,1782929993067,scr_smart_1782929993067_monitor_1_post.jpg,scr_smart_1782929993067_monitor_1_post.jpg
ses_20260701-180923-NEELA9BAF,6,ses_20260701-180923-NEELA9BAF::6,1782929993965,scr_smart_1782929993965_monitor_1_post.jpg,scr_smart_1782929993965_monitor_1_post.jpg
ses_20260701-180923-NEELA9BAF,6,ses_20260701-180923-NEELA9BAF::6,1782929996053,scr_smart_1782929996053_monitor_1_post.jpg,scr_smart_1782929996053_monitor_1_post.jpg
ses_20260701-180923-NEELA9BAF,6,ses_20260701-180923-NEELA9BAF::6,1782930000267,scr_smart_1782930000267_monitor_1_post.jpg,scr_smart_1782930000267_monitor_1_post.jpg
ses_20260701-180923-NEELA9BAF,6,ses_20260701-180923-NEELA9BAF::6,1782930001480,scr_smart_1782930001480_monitor_1_post.jpg,scr_smart_1782930001480_monitor_1_post.jpg
ses_20260701-180923-NEELA9BAF,6,ses_20260701-180923-NEELA9BAF::6,1782930002386,scr_smart_1782930002386_monitor_1_post.jpg,scr_smart_1782930002386_monitor_1_post.jpg
ses_20260701-180923-NEELA9BAF,6,ses_20260701-180923-NEELA9BAF::6,1782930004593,scr_smart_1782930004593_monitor_1_post.jpg,scr_smart_1782930004593_monitor_1_post.jpg
ses_20260701-180923-NEELA9BAF,6,ses_20260701-180923-NEELA9BAF::6,1782930008800,scr_smart_1782930008800_monitor_1_post.jpg,scr_smart_1782930008800_monitor_1_post.jpg
ses_20260701-180923-NEELA9BAF,6,ses_20260701-180923-NEELA9BAF::6,1782930010100,scr_smart_1782930010100_monitor_1_post.jpg,scr_smart_1782930010100_monitor_1_post.jpg
ses_20260701-180923-NEELA9BAF,6,ses_20260701-180923-NEELA9BAF::6,1782930010598,scr_smart_1782930010598_monitor_1_post.jpg,scr_smart_1782930010598_monitor_1_post.jpg
ses_20260701-180923-NEELA9BAF,6,ses_20260701-180923-NEELA9BAF::6,1782930011093,scr_smart_1782930011093_monitor_1_post.jpg,scr_smart_1782930011093_monitor_1_post.jpg
ses_20260701-180923-NEELA9BAF,6,ses_20260701-180923-NEELA9BAF::6,1782930013177,scr_smart_1782930013177_monitor_1_post.jpg,scr_smart_1782930013177_monitor_1_post.jpg
ses_20260701-180923-NEELA9BAF,7,ses_20260701-180923-NEELA9BAF::7,1782930019898,scr_smart_1782930019898_monitor_1_post.jpg,scr_smart_1782930019898_monitor_1_post.jpg
ses_20260701-180923-NEELA9BAF,7,ses_20260701-180923-NEELA9BAF::7,1782930020997,scr_smart_1782930020997_monitor_1_post.jpg,scr_smart_1782930020997_monitor_1_post.jpg
ses_20260701-180923-NEELA9BAF,7,ses_20260701-180923-NEELA9BAF::7,1782930021886,scr_smart_1782930021886_monitor_1_post.jpg,scr_smart_1782930021886_monitor_1_post.jpg
ses_20260701-180923-NEELA9BAF,8,ses_20260701-180923-NEELA9BAF::8,1782930024167,scr_smart_1782930024167_monitor_1_post.jpg,scr_smart_1782930024167_monitor_1_post.jpg
ses_20260701-180923-NEELA9BAF,8,ses_20260701-180923-NEELA9BAF::8,1782930030701,scr_smart_1782930030701_monitor_1_post.jpg,scr_smart_1782930030701_monitor_1_post.jpg
ses_20260701-180923-NEELA9BAF,8,ses_20260701-180923-NEELA9BAF::8,1782930031888,scr_smart_1782930031888_monitor_1_post.jpg,scr_smart_1782930031888_monitor_1_post.jpg
ses_20260701-180923-NEELA9BAF,8,ses_20260701-180923-NEELA9BAF::8,1782930032784,scr_smart_1782930032784_monitor_1_post.jpg,scr_smart_1782930032784_monitor_1_post.jpg
ses_20260701-180923-NEELA9BAF,8,ses_20260701-180923-NEELA9BAF::8,1782930034971,scr_smart_1782930034971_monitor_1_post.jpg,scr_smart_1782930034971_monitor_1_post.jpg
ses_20260701-180923-NEELA9BAF,8,ses_20260701-180923-NEELA9BAF::8,1782930039177,scr_smart_1782930039177_monitor_1_post.jpg,scr_smart_1782930039177_monitor_1_post.jpg
ses_20260701-180923-NEELA9BAF,8,ses_20260701-180923-NEELA9BAF::8,1782930040664,scr_smart_1782930040664_monitor_1_post.jpg,scr_smart_1782930040664_monitor_1_post.jpg
ses_20260701-180923-NEELA9BAF,8,ses_20260701-180923-NEELA9BAF::8,1782930041480,scr_smart_1782930041480_monitor_1_post.jpg,scr_smart_1782930041480_monitor_1_post.jpg
ses_20260701-180923-NEELA9BAF,8,ses_20260701-180923-NEELA9BAF::8,1782930043571,scr_smart_1782930043571_monitor_1_post.jpg,scr_smart_1782930043571_monitor_1_post.jpg
ses_20260701-180923-NEELA9BAF,8,ses_20260701-180923-NEELA9BAF::8,1782930047586,scr_smart_1782930047586_monitor_1_post.jpg,scr_smart_1782930047586_monitor_1_post.jpg
ses_20260701-180923-NEELA9BAF,8,ses_20260701-180923-NEELA9BAF::8,1782930048882,scr_smart_1782930048882_monitor_1_post.jpg,scr_smart_1782930048882_monitor_1_post.jpg
ses_20260701-180923-NEELA9BAF,8,ses_20260701-180923-NEELA9BAF::8,1782930049884,scr_smart_1782930049884_monitor_1_post.jpg,scr_smart_1782930049884_monitor_1_post.jpg
ses_20260701-180923-NEELA9BAF,8,ses_20260701-180923-NEELA9BAF::8,1782930052177,scr_smart_1782930052177_monitor_1_post.jpg,scr_smart_1782930052177_monitor_1_post.jpg
ses_20260701-181413-LAPTOP-76QMG9DE,0,ses_20260701-181413-LAPTOP-76QMG9DE::0,1782929658533,scr_smart_1782929658533_monitor_1_post.jpg,scr_smart_1782929658533_monitor_1_post.jpg
ses_20260701-181413-LAPTOP-76QMG9DE,0,ses_20260701-181413-LAPTOP-76QMG9DE::0,1782929661179,scr_smart_1782929661179_monitor_1_post.jpg,scr_smart_1782929661179_monitor_1_post.jpg
ses_20260701-181413-LAPTOP-76QMG9DE,0,ses_20260701-181413-LAPTOP-76QMG9DE::0,1782929661964,scr_smart_1782929661964_monitor_1_post.jpg,scr_smart_1782929661964_monitor_1_post.jpg
ses_20260701-181413-LAPTOP-76QMG9DE,0,ses_20260701-181413-LAPTOP-76QMG9DE::0,1782929664353,scr_smart_1782929664353_monitor_1_post.jpg,scr_smart_1782929664353_monitor_1_post.jpg
ses_20260701-181413-LAPTOP-76QMG9DE,0,ses_20260701-181413-LAPTOP-76QMG9DE::0,1782929666131,scr_smart_1782929666131_monitor_1_post.jpg,scr_smart_1782929666131_monitor_1_post.jpg
ses_20260701-181413-LAPTOP-76QMG9DE,0,ses_20260701-181413-LAPTOP-76QMG9DE::0,1782929668986,scr_smart_1782929668986_monitor_1_post.jpg,scr_smart_1782929668986_monitor_1_post.jpg
ses_20260701-181413-LAPTOP-76QMG9DE,0,ses_20260701-181413-LAPTOP-76QMG9DE::0,1782929670356,scr_smart_1782929670356_monitor_1_post.jpg,scr_smart_1782929670356_monitor_1_post.jpg
ses_20260701-181413-LAPTOP-76QMG9DE,0,ses_20260701-181413-LAPTOP-76QMG9DE::0,1782929670909,scr_smart_1782929670909_monitor_1_post.jpg,scr_smart_1782929670909_monitor_1_post.jpg
ses_20260701-181413-LAPTOP-76QMG9DE,0,ses_20260701-181413-LAPTOP-76QMG9DE::0,1782929672258,scr_smart_1782929672258_monitor_1_post.jpg,scr_smart_1782929672258_monitor_1_post.jpg
ses_20260701-181413-LAPTOP-76QMG9DE,0,ses_20260701-181413-LAPTOP-76QMG9DE::0,1782929674730,scr_smart_1782929674730_monitor_1_post.jpg,scr_smart_1782929674730_monitor_1_post.jpg
ses_20260701-181413-LAPTOP-76QMG9DE,0,ses_20260701-181413-LAPTOP-76QMG9DE::0,1782929676170,scr_smart_1782929676170_monitor_1_post.jpg,scr_smart_1782929676170_monitor_1_post.jpg
ses_20260701-181413-LAPTOP-76QMG9DE,1,ses_20260701-181413-LAPTOP-76QMG9DE::1,1782929682423,scr_smart_1782929682423_monitor_1_post.jpg,scr_smart_1782929682423_monitor_1_post.jpg
ses_20260701-181413-LAPTOP-76QMG9DE,1,ses_20260701-181413-LAPTOP-76QMG9DE::1,1782929683874,scr_smart_1782929683874_monitor_1_post.jpg,scr_smart_1782929683874_monitor_1_post.jpg
ses_20260701-181413-LAPTOP-76QMG9DE,1,ses_20260701-181413-LAPTOP-76QMG9DE::1,1782929684406,scr_smart_1782929684406_monitor_1_post.jpg,scr_smart_1782929684406_monitor_1_post.jpg
ses_20260701-181413-LAPTOP-76QMG9DE,1,ses_20260701-181413-LAPTOP-76QMG9DE::1,1782929684933,scr_smart_1782929684933_monitor_1_post.jpg,scr_smart_1782929684933_monitor_1_post.jpg
ses_20260701-181413-LAPTOP-76QMG9DE,1,ses_20260701-181413-LAPTOP-76QMG9DE::1,1782929687085,scr_smart_1782929687085_monitor_1_post.jpg,scr_smart_1782929687085_monitor_1_post.jpg
ses_20260701-181413-LAPTOP-76QMG9DE,2,ses_20260701-181413-LAPTOP-76QMG9DE::2,1782929693093,scr_smart_1782929693093_monitor_1_post.jpg,scr_smart_1782929693093_monitor_1_post.jpg
ses_20260701-181413-LAPTOP-76QMG9DE,2,ses_20260701-181413-LAPTOP-76QMG9DE::2,1782929693925,scr_smart_1782929693925_monitor_1_post.jpg,scr_smart_1782929693925_monitor_1_post.jpg
ses_20260701-181413-LAPTOP-76QMG9DE,2,ses_20260701-181413-LAPTOP-76QMG9DE::2,1782929695375,scr_smart_1782929695375_monitor_1_post.jpg,scr_smart_1782929695375_monitor_1_post.jpg
ses_20260701-181413-LAPTOP-76QMG9DE,2,ses_20260701-181413-LAPTOP-76QMG9DE::2,1782929695921,scr_smart_1782929695921_monitor_1_post.jpg,scr_smart_1782929695921_monitor_1_post.jpg
ses_20260701-181413-LAPTOP-76QMG9DE,2,ses_20260701-181413-LAPTOP-76QMG9DE::2,1782929696449,scr_smart_1782929696449_monitor_1_post.jpg,scr_smart_1782929696449_monitor_1_post.jpg
ses_20260701-181413-LAPTOP-76QMG9DE,2,ses_20260701-181413-LAPTOP-76QMG9DE::2,1782929698510,scr_smart_1782929698510_monitor_1_post.jpg,scr_smart_1782929698510_monitor_1_post.jpg
ses_20260701-181413-LAPTOP-76QMG9DE,2,ses_20260701-181413-LAPTOP-76QMG9DE::2,1782929701999,scr_smart_1782929701999_monitor_1_post.jpg,scr_smart_1782929701999_monitor_1_post.jpg
ses_20260701-181413-LAPTOP-76QMG9DE,2,ses_20260701-181413-LAPTOP-76QMG9DE::2,1782929702546,scr_smart_1782929702546_monitor_1_post.jpg,scr_smart_1782929702546_monitor_1_post.jpg
ses_20260701-181413-LAPTOP-76QMG9DE,2,ses_20260701-181413-LAPTOP-76QMG9DE::2,1782929703591,scr_smart_1782929703591_monitor_1_post.jpg,scr_smart_1782929703591_monitor_1_post.jpg
ses_20260701-181413-LAPTOP-76QMG9DE,2,ses_20260701-181413-LAPTOP-76QMG9DE::2,1782929704520,scr_smart_1782929704520_monitor_1_post.jpg,scr_smart_1782929704520_monitor_1_post.jpg
ses_20260701-181413-LAPTOP-76QMG9DE,3,ses_20260701-181413-LAPTOP-76QMG9DE::3,1782929706585,scr_smart_1782929706585_monitor_1_post.jpg,scr_smart_1782929706585_monitor_1_post.jpg
ses_20260701-181413-LAPTOP-76QMG9DE,3,ses_20260701-181413-LAPTOP-76QMG9DE::3,1782929710694,scr_smart_1782929710694_monitor_1_post.jpg,scr_smart_1782929710694_monitor_1_post.jpg
ses_20260701-181413-LAPTOP-76QMG9DE,4,ses_20260701-181413-LAPTOP-76QMG9DE::4,1782929720060,scr_smart_1782929720060_monitor_1_post.jpg,scr_smart_1782929720060_monitor_1_post.jpg
ses_20260701-181413-LAPTOP-76QMG9DE,4,ses_20260701-181413-LAPTOP-76QMG9DE::4,1782929721715,scr_smart_1782929721715_monitor_1_post.jpg,scr_smart_1782929721715_monitor_1_post.jpg
ses_20260701-181413-LAPTOP-76QMG9DE,4,ses_20260701-181413-LAPTOP-76QMG9DE::4,1782929722558,scr_smart_1782929722558_monitor_1_post.jpg,scr_smart_1782929722558_monitor_1_post.jpg
ses_20260701-181413-LAPTOP-76QMG9DE,4,ses_20260701-181413-LAPTOP-76QMG9DE::4,1782929724644,scr_smart_1782929724644_monitor_1_post.jpg,scr_smart_1782929724644_monitor_1_post.jpg
ses_20260701-181413-LAPTOP-76QMG9DE,4,ses_20260701-181413-LAPTOP-76QMG9DE::4,1782929728926,scr_smart_1782929728926_monitor_1_post.jpg,scr_smart_1782929728926_monitor_1_post.jpg
ses_20260701-181413-LAPTOP-76QMG9DE,4,ses_20260701-181413-LAPTOP-76QMG9DE::4,1782929730286,scr_smart_1782929730286_monitor_1_post.jpg,scr_smart_1782929730286_monitor_1_post.jpg
ses_20260701-181413-LAPTOP-76QMG9DE,4,ses_20260701-181413-LAPTOP-76QMG9DE::4,1782929730820,scr_smart_1782929730820_monitor_1_post.jpg,scr_smart_1782929730820_monitor_1_post.jpg
ses_20260701-181413-LAPTOP-76QMG9DE,4,ses_20260701-181413-LAPTOP-76QMG9DE::4,1782929731357,scr_smart_1782929731357_monitor_1_post.jpg,scr_smart_1782929731357_monitor_1_post.jpg
ses_20260701-181413-LAPTOP-76QMG9DE,4,ses_20260701-181413-LAPTOP-76QMG9DE::4,1782929733718,scr_smart_1782929733718_monitor_1_post.jpg,scr_smart_1782929733718_monitor_1_post.jpg
ses_20260701-181413-LAPTOP-76QMG9DE,4,ses_20260701-181413-LAPTOP-76QMG9DE::4,1782929737989,scr_smart_1782929737989_monitor_1_post.jpg,scr_smart_1782929737989_monitor_1_post.jpg
ses_20260701-181413-LAPTOP-76QMG9DE,4,ses_20260701-181413-LAPTOP-76QMG9DE::4,1782929739030,scr_smart_1782929739030_monitor_1_post.jpg,scr_smart_1782929739030_monitor_1_post.jpg
ses_20260701-181413-LAPTOP-76QMG9DE,4,ses_20260701-181413-LAPTOP-76QMG9DE::4,1782929739977,scr_smart_1782929739977_monitor_1_post.jpg,scr_smart_1782929739977_monitor_1_post.jpg
ses_20260701-181413-LAPTOP-76QMG9DE,4,ses_20260701-181413-LAPTOP-76QMG9DE::4,1782929742024,scr_smart_1782929742024_monitor_1_post.jpg,scr_smart_1782929742024_monitor_1_post.jpg
ses_20260701-181413-LAPTOP-76QMG9DE,4,ses_20260701-181413-LAPTOP-76QMG9DE::4,1782929745913,scr_smart_1782929745913_monitor_1_post.jpg,scr_smart_1782929745913_monitor_1_post.jpg
ses_20260701-181413-LAPTOP-76QMG9DE,4,ses_20260701-181413-LAPTOP-76QMG9DE::4,1782929747050,scr_smart_1782929747050_monitor_1_post.jpg,scr_smart_1782929747050_monitor_1_post.jpg
ses_20260701-181413-LAPTOP-76QMG9DE,4,ses_20260701-181413-LAPTOP-76QMG9DE::4,1782929748188,scr_smart_1782929748188_monitor_1_post.jpg,scr_smart_1782929748188_monitor_1_post.jpg
ses_20260701-181413-LAPTOP-76QMG9DE,4,ses_20260701-181413-LAPTOP-76QMG9DE::4,1782929750238,scr_smart_1782929750238_monitor_1_post.jpg,scr_smart_1782929750238_monitor_1_post.jpg
ses_20260701-181413-LAPTOP-76QMG9DE,5,ses_20260701-181413-LAPTOP-76QMG9DE::5,1782929834981,scr_smart_1782929834981_monitor_1_post.jpg,scr_smart_1782929834981_monitor_1_post.jpg
ses_20260701-181413-LAPTOP-76QMG9DE,5,ses_20260701-181413-LAPTOP-76QMG9DE::5,1782929842781,scr_smart_1782929842781_monitor_1_post.jpg,scr_smart_1782929842781_monitor_1_post.jpg
ses_20260701-181413-LAPTOP-76QMG9DE,5,ses_20260701-181413-LAPTOP-76QMG9DE::5,1782929845049,scr_smart_1782929845049_monitor_1_post.jpg,scr_smart_1782929845049_monitor_1_post.jpg
ses_20260701-181413-LAPTOP-76QMG9DE,5,ses_20260701-181413-LAPTOP-76QMG9DE::5,1782929846490,scr_smart_1782929846490_monitor_1_post.jpg,scr_smart_1782929846490_monitor_1_post.jpg
ses_20260701-181413-LAPTOP-76QMG9DE,5,ses_20260701-181413-LAPTOP-76QMG9DE::5,1782929847846,scr_smart_1782929847846_monitor_1_post.jpg,scr_smart_1782929847846_monitor_1_post.jpg
ses_20260701-181413-LAPTOP-76QMG9DE,6,ses_20260701-181413-LAPTOP-76QMG9DE::6,1782929850002,scr_smart_1782929850002_monitor_1_post.jpg,scr_smart_1782929850002_monitor_1_post.jpg
ses_20260701-181413-LAPTOP-76QMG9DE,6,ses_20260701-181413-LAPTOP-76QMG9DE::6,1782929852876,scr_smart_1782929852876_monitor_1_post.jpg,scr_smart_1782929852876_monitor_1_post.jpg
ses_20260701-181413-LAPTOP-76QMG9DE,6,ses_20260701-181413-LAPTOP-76QMG9DE::6,1782929858402,scr_smart_1782929858402_monitor_1_post.jpg,scr_smart_1782929858402_monitor_1_post.jpg
ses_20260701-181413-LAPTOP-76QMG9DE,6,ses_20260701-181413-LAPTOP-76QMG9DE::6,1782929859545,scr_smart_1782929859545_monitor_1_post.jpg,scr_smart_1782929859545_monitor_1_post.jpg
ses_20260701-181413-LAPTOP-76QMG9DE,6,ses_20260701-181413-LAPTOP-76QMG9DE::6,1782929861178,scr_smart_1782929861178_monitor_1_post.jpg,scr_smart_1782929861178_monitor_1_post.jpg
ses_20260701-181413-LAPTOP-76QMG9DE,6,ses_20260701-181413-LAPTOP-76QMG9DE::6,1782929862915,scr_smart_1782929862915_monitor_1_post.jpg,scr_smart_1782929862915_monitor_1_post.jpg
ses_20260701-181413-LAPTOP-76QMG9DE,6,ses_20260701-181413-LAPTOP-76QMG9DE::6,1782929865662,scr_smart_1782929865662_monitor_1_post.jpg,scr_smart_1782929865662_monitor_1_post.jpg
ses_20260701-181413-LAPTOP-76QMG9DE,6,ses_20260701-181413-LAPTOP-76QMG9DE::6,1782929869300,scr_smart_1782929869300_monitor_1_post.jpg,scr_smart_1782929869300_monitor_1_post.jpg
ses_20260701-181413-LAPTOP-76QMG9DE,6,ses_20260701-181413-LAPTOP-76QMG9DE::6,1782929871649,scr_smart_1782929871649_monitor_1_post.jpg,scr_smart_1782929871649_monitor_1_post.jpg
ses_20260701-181413-LAPTOP-76QMG9DE,6,ses_20260701-181413-LAPTOP-76QMG9DE::6,1782929872681,scr_smart_1782929872681_monitor_1_post.jpg,scr_smart_1782929872681_monitor_1_post.jpg
ses_20260701-181413-LAPTOP-76QMG9DE,6,ses_20260701-181413-LAPTOP-76QMG9DE::6,1782929875221,scr_smart_1782929875221_monitor_1_post.jpg,scr_smart_1782929875221_monitor_1_post.jpg
ses_20260701-181413-LAPTOP-76QMG9DE,6,ses_20260701-181413-LAPTOP-76QMG9DE::6,1782929877667,scr_smart_1782929877667_monitor_1_post.jpg,scr_smart_1782929877667_monitor_1_post.jpg
ses_20260701-181413-LAPTOP-76QMG9DE,6,ses_20260701-181413-LAPTOP-76QMG9DE::6,1782929878707,scr_smart_1782929878707_monitor_1_post.jpg,scr_smart_1782929878707_monitor_1_post.jpg
ses_20260701-181413-LAPTOP-76QMG9DE,6,ses_20260701-181413-LAPTOP-76QMG9DE::6,1782929884068,scr_smart_1782929884068_monitor_1_post.jpg,scr_smart_1782929884068_monitor_1_post.jpg
ses_20260701-181413-LAPTOP-76QMG9DE,6,ses_20260701-181413-LAPTOP-76QMG9DE::6,1782929885000,scr_smart_1782929885000_monitor_1_post.jpg,scr_smart_1782929885000_monitor_1_post.jpg
ses_20260701-181413-LAPTOP-76QMG9DE,6,ses_20260701-181413-LAPTOP-76QMG9DE::6,1782929886528,scr_smart_1782929886528_monitor_1_post.jpg,scr_smart_1782929886528_monitor_1_post.jpg
ses_20260701-181413-LAPTOP-76QMG9DE,6,ses_20260701-181413-LAPTOP-76QMG9DE::6,1782929888368,scr_smart_1782929888368_monitor_1_post.jpg,scr_smart_1782929888368_monitor_1_post.jpg
ses_20260701-181413-LAPTOP-76QMG9DE,6,ses_20260701-181413-LAPTOP-76QMG9DE::6,1782929891218,scr_smart_1782929891218_monitor_1_post.jpg,scr_smart_1782929891218_monitor_1_post.jpg
ses_20260701-181413-LAPTOP-76QMG9DE,6,ses_20260701-181413-LAPTOP-76QMG9DE::6,1782929894455,scr_smart_1782929894455_monitor_1_post.jpg,scr_smart_1782929894455_monitor_1_post.jpg
ses_20260701-181413-LAPTOP-76QMG9DE,6,ses_20260701-181413-LAPTOP-76QMG9DE::6,1782929898003,scr_smart_1782929898003_monitor_1_post.jpg,scr_smart_1782929898003_monitor_1_post.jpg
ses_20260701-181413-LAPTOP-76QMG9DE,6,ses_20260701-181413-LAPTOP-76QMG9DE::6,1782929898732,scr_smart_1782929898732_monitor_1_post.jpg,scr_smart_1782929898732_monitor_1_post.jpg
ses_20260701-181413-LAPTOP-76QMG9DE,6,ses_20260701-181413-LAPTOP-76QMG9DE::6,1782929901474,scr_smart_1782929901474_monitor_1_post.jpg,scr_smart_1782929901474_monitor_1_post.jpg
ses_20260701-181413-LAPTOP-76QMG9DE,7,ses_20260701-181413-LAPTOP-76QMG9DE::7,1782929905120,scr_smart_1782929905120_monitor_1_post.jpg,scr_smart_1782929905120_monitor_1_post.jpg
ses_20260701-181413-LAPTOP-76QMG9DE,7,ses_20260701-181413-LAPTOP-76QMG9DE::7,1782929905652,scr_smart_1782929905652_monitor_1_post.jpg,scr_smart_1782929905652_monitor_1_post.jpg
ses_20260701-181413-LAPTOP-76QMG9DE,7,ses_20260701-181413-LAPTOP-76QMG9DE::7,1782929907893,scr_smart_1782929907893_monitor_1_post.jpg,scr_smart_1782929907893_monitor_1_post.jpg
ses_20260701-181413-LAPTOP-76QMG9DE,7,ses_20260701-181413-LAPTOP-76QMG9DE::7,1782929909239,scr_smart_1782929909239_monitor_1_post.jpg,scr_smart_1782929909239_monitor_1_post.jpg
ses_20260701-181413-LAPTOP-76QMG9DE,7,ses_20260701-181413-LAPTOP-76QMG9DE::7,1782929911080,scr_smart_1782929911080_monitor_1_post.jpg,scr_smart_1782929911080_monitor_1_post.jpg
ses_20260701-181413-LAPTOP-76QMG9DE,7,ses_20260701-181413-LAPTOP-76QMG9DE::7,1782929911911,scr_smart_1782929911911_monitor_1_post.jpg,scr_smart_1782929911911_monitor_1_post.jpg
ses_20260701-181413-LAPTOP-76QMG9DE,7,ses_20260701-181413-LAPTOP-76QMG9DE::7,1782929914349,scr_smart_1782929914349_monitor_1_post.jpg,scr_smart_1782929914349_monitor_1_post.jpg
ses_20260701-181413-LAPTOP-76QMG9DE,7,ses_20260701-181413-LAPTOP-76QMG9DE::7,1782929921005,scr_smart_1782929921005_monitor_1_post.jpg,scr_smart_1782929921005_monitor_1_post.jpg
ses_20260701-181413-LAPTOP-76QMG9DE,7,ses_20260701-181413-LAPTOP-76QMG9DE::7,1782929921644,scr_smart_1782929921644_monitor_1_post.jpg,scr_smart_1782929921644_monitor_1_post.jpg
ses_20260701-181413-LAPTOP-76QMG9DE,7,ses_20260701-181413-LAPTOP-76QMG9DE::7,1782929922775,scr_smart_1782929922775_monitor_1_post.jpg,scr_smart_1782929922775_monitor_1_post.jpg
ses_20260701-181413-LAPTOP-76QMG9DE,7,ses_20260701-181413-LAPTOP-76QMG9DE::7,1782929923707,scr_smart_1782929923707_monitor_1_post.jpg,scr_smart_1782929923707_monitor_1_post.jpg
ses_20260701-181413-LAPTOP-76QMG9DE,8,ses_20260701-181413-LAPTOP-76QMG9DE::8,1782930169385,scr_smart_1782930169385_monitor_1_post.jpg,scr_smart_1782930169385_monitor_1_post.jpg
ses_20260701-181413-LAPTOP-76QMG9DE,8,ses_20260701-181413-LAPTOP-76QMG9DE::8,1782930171327,scr_smart_1782930171327_monitor_1_post.jpg,scr_smart_1782930171327_monitor_1_post.jpg
ses_20260701-181413-LAPTOP-76QMG9DE,8,ses_20260701-181413-LAPTOP-76QMG9DE::8,1782930178083,scr_smart_1782930178083_monitor_1_post.jpg,scr_smart_1782930178083_monitor_1_post.jpg
ses_20260701-181413-LAPTOP-76QMG9DE,8,ses_20260701-181413-LAPTOP-76QMG9DE::8,1782930179117,scr_smart_1782930179117_monitor_1_post.jpg,scr_smart_1782930179117_monitor_1_post.jpg
ses_20260701-181413-LAPTOP-76QMG9DE,8,ses_20260701-181413-LAPTOP-76QMG9DE::8,1782930180251,scr_smart_1782930180251_monitor_1_post.jpg,scr_smart_1782930180251_monitor_1_post.jpg
ses_20260701-181413-LAPTOP-76QMG9DE,8,ses_20260701-181413-LAPTOP-76QMG9DE::8,1782930182385,scr_smart_1782930182385_monitor_1_post.jpg,scr_smart_1782930182385_monitor_1_post.jpg
ses_20260701-181413-LAPTOP-76QMG9DE,8,ses_20260701-181413-LAPTOP-76QMG9DE::8,1782930186028,scr_smart_1782930186028_monitor_1_post.jpg,scr_smart_1782930186028_monitor_1_post.jpg
ses_20260701-181413-LAPTOP-76QMG9DE,8,ses_20260701-181413-LAPTOP-76QMG9DE::8,1782930187161,scr_smart_1782930187161_monitor_1_post.jpg,scr_smart_1782930187161_monitor_1_post.jpg
ses_20260701-181413-LAPTOP-76QMG9DE,8,ses_20260701-181413-LAPTOP-76QMG9DE::8,1782930188195,scr_smart_1782930188195_monitor_1_post.jpg,scr_smart_1782930188195_monitor_1_post.jpg
ses_20260701-181413-LAPTOP-76QMG9DE,9,ses_20260701-181413-LAPTOP-76QMG9DE::9,1782930190237,scr_smart_1782930190237_monitor_1_post.jpg,scr_smart_1782930190237_monitor_1_post.jpg
ses_20260701-181413-LAPTOP-76QMG9DE,9,ses_20260701-181413-LAPTOP-76QMG9DE::9,1782930197000,scr_smart_1782930197000_monitor_1_post.jpg,scr_smart_1782930197000_monitor_1_post.jpg
ses_20260701-181413-LAPTOP-76QMG9DE,9,ses_20260701-181413-LAPTOP-76QMG9DE::9,1782930198327,scr_smart_1782930198327_monitor_1_post.jpg,scr_smart_1782930198327_monitor_1_post.jpg
ses_20260701-181413-LAPTOP-76QMG9DE,9,ses_20260701-181413-LAPTOP-76QMG9DE::9,1782930198850,scr_smart_1782930198850_monitor_1_post.jpg,scr_smart_1782930198850_monitor_1_post.jpg
ses_20260701-181413-LAPTOP-76QMG9DE,9,ses_20260701-181413-LAPTOP-76QMG9DE::9,1782930199382,scr_smart_1782930199382_monitor_1_post.jpg,scr_smart_1782930199382_monitor_1_post.jpg
ses_20260701-181413-LAPTOP-76QMG9DE,9,ses_20260701-181413-LAPTOP-76QMG9DE::9,1782930201619,scr_smart_1782930201619_monitor_1_post.jpg,scr_smart_1782930201619_monitor_1_post.jpg
ses_20260701-181413-LAPTOP-76QMG9DE,9,ses_20260701-181413-LAPTOP-76QMG9DE::9,1782930205871,scr_smart_1782930205871_monitor_1_post.jpg,scr_smart_1782930205871_monitor_1_post.jpg
ses_20260701-181413-LAPTOP-76QMG9DE,9,ses_20260701-181413-LAPTOP-76QMG9DE::9,1782930207003,scr_smart_1782930207003_monitor_1_post.jpg,scr_smart_1782930207003_monitor_1_post.jpg
ses_20260701-181413-LAPTOP-76QMG9DE,9,ses_20260701-181413-LAPTOP-76QMG9DE::9,1782930207929,scr_smart_1782930207929_monitor_1_post.jpg,scr_smart_1782930207929_monitor_1_post.jpg
ses_20260701-181413-LAPTOP-76QMG9DE,9,ses_20260701-181413-LAPTOP-76QMG9DE::9,1782930209963,scr_smart_1782930209963_monitor_1_post.jpg,scr_smart_1782930209963_monitor_1_post.jpg
ses_20260701-181413-LAPTOP-76QMG9DE,10,ses_20260701-181413-LAPTOP-76QMG9DE::10,1782930214715,scr_smart_1782930214715_monitor_1_post.jpg,scr_smart_1782930214715_monitor_1_post.jpg
ses_20260701-181413-LAPTOP-76QMG9DE,10,ses_20260701-181413-LAPTOP-76QMG9DE::10,1782930216350,scr_smart_1782930216350_monitor_1_post.jpg,scr_smart_1782930216350_monitor_1_post.jpg
ses_20260701-181413-LAPTOP-76QMG9DE,10,ses_20260701-181413-LAPTOP-76QMG9DE::10,1782930216879,scr_smart_1782930216879_monitor_1_post.jpg,scr_smart_1782930216879_monitor_1_post.jpg
ses_20260701-181413-LAPTOP-76QMG9DE,10,ses_20260701-181413-LAPTOP-76QMG9DE::10,1782930218510,scr_smart_1782930218510_monitor_1_post.jpg,scr_smart_1782930218510_monitor_1_post.jpg
ses_20260701-181413-LAPTOP-76QMG9DE,10,ses_20260701-181413-LAPTOP-76QMG9DE::10,1782930222866,scr_smart_1782930222866_monitor_1_post.jpg,scr_smart_1782930222866_monitor_1_post.jpg
ses_20260701-181413-LAPTOP-76QMG9DE,10,ses_20260701-181413-LAPTOP-76QMG9DE::10,1782930223398,scr_smart_1782930223398_monitor_1_post.jpg,scr_smart_1782930223398_monitor_1_post.jpg
ses_20260701-181413-LAPTOP-76QMG9DE,10,ses_20260701-181413-LAPTOP-76QMG9DE::10,1782930223921,scr_smart_1782930223921_monitor_1_post.jpg,scr_smart_1782930223921_monitor_1_post.jpg
ses_20260701-181413-LAPTOP-76QMG9DE,10,ses_20260701-181413-LAPTOP-76QMG9DE::10,1782930226158,scr_smart_1782930226158_monitor_1_post.jpg,scr_smart_1782930226158_monitor_1_post.jpg
ses_20260701-181413-LAPTOP-76QMG9DE,10,ses_20260701-181413-LAPTOP-76QMG9DE::10,1782930229100,scr_smart_1782930229100_monitor_1_post.jpg,scr_smart_1782930229100_monitor_1_post.jpg
ses_20260701-181413-LAPTOP-76QMG9DE,10,ses_20260701-181413-LAPTOP-76QMG9DE::10,1782930233545,scr_smart_1782930233545_monitor_1_post.jpg,scr_smart_1782930233545_monitor_1_post.jpg
ses_20260701-181413-LAPTOP-76QMG9DE,10,ses_20260701-181413-LAPTOP-76QMG9DE::10,1782930234680,scr_smart_1782930234680_monitor_1_post.jpg,scr_smart_1782930234680_monitor_1_post.jpg
ses_20260701-181413-LAPTOP-76QMG9DE,10,ses_20260701-181413-LAPTOP-76QMG9DE::10,1782930236010,scr_smart_1782930236010_monitor_1_post.jpg,scr_smart_1782930236010_monitor_1_post.jpg
ses_20260701-181413-LAPTOP-76QMG9DE,10,ses_20260701-181413-LAPTOP-76QMG9DE::10,1782930237447,scr_smart_1782930237447_monitor_1_post.jpg,scr_smart_1782930237447_monitor_1_post.jpg
ses_20260701-181413-LAPTOP-76QMG9DE,10,ses_20260701-181413-LAPTOP-76QMG9DE::10,1782930239897,scr_smart_1782930239897_monitor_1_post.jpg,scr_smart_1782930239897_monitor_1_post.jpg
ses_20260701-181413-LAPTOP-76QMG9DE,10,ses_20260701-181413-LAPTOP-76QMG9DE::10,1782930242038,scr_smart_1782930242038_monitor_1_post.jpg,scr_smart_1782930242038_monitor_1_post.jpg
ses_20260701-181413-LAPTOP-76QMG9DE,10,ses_20260701-181413-LAPTOP-76QMG9DE::10,1782930246389,scr_smart_1782930246389_monitor_1_post.jpg,scr_smart_1782930246389_monitor_1_post.jpg
ses_20260701-181413-LAPTOP-76QMG9DE,10,ses_20260701-181413-LAPTOP-76QMG9DE::10,1782930247424,scr_smart_1782930247424_monitor_1_post.jpg,scr_smart_1782930247424_monitor_1_post.jpg
ses_20260701-181413-LAPTOP-76QMG9DE,10,ses_20260701-181413-LAPTOP-76QMG9DE::10,1782930249966,scr_smart_1782930249966_monitor_1_post.jpg,scr_smart_1782930249966_monitor_1_post.jpg
ses_20260701-181413-LAPTOP-76QMG9DE,11,ses_20260701-181413-LAPTOP-76QMG9DE::11,1782930253617,scr_smart_1782930253617_monitor_1_post.jpg,scr_smart_1782930253617_monitor_1_post.jpg
ses_20260701-181413-LAPTOP-76QMG9DE,11,ses_20260701-181413-LAPTOP-76QMG9DE::11,1782930255351,scr_smart_1782930255351_monitor_1_post.jpg,scr_smart_1782930255351_monitor_1_post.jpg
ses_20260701-181413-LAPTOP-76QMG9DE,11,ses_20260701-181413-LAPTOP-76QMG9DE::11,1782930260106,scr_smart_1782930260106_monitor_1_post.jpg,scr_smart_1782930260106_monitor_1_post.jpg
ses_20260701-181413-LAPTOP-76QMG9DE,11,ses_20260701-181413-LAPTOP-76QMG9DE::11,1782930260640,scr_smart_1782930260640_monitor_1_post.jpg,scr_smart_1782930260640_monitor_1_post.jpg
ses_20260701-181413-LAPTOP-76QMG9DE,11,ses_20260701-181413-LAPTOP-76QMG9DE::11,1782930261168,scr_smart_1782930261168_monitor_1_post.jpg,scr_smart_1782930261168_monitor_1_post.jpg
ses_20260701-181413-LAPTOP-76QMG9DE,11,ses_20260701-181413-LAPTOP-76QMG9DE::11,1782930263601,scr_smart_1782930263601_monitor_1_post.jpg,scr_smart_1782930263601_monitor_1_post.jpg
ses_20260701-181413-LAPTOP-76QMG9DE,12,ses_20260701-181413-LAPTOP-76QMG9DE::12,1782930267750,scr_smart_1782930267750_monitor_1_post.jpg,scr_smart_1782930267750_monitor_1_post.jpg
ses_20260701-181413-LAPTOP-76QMG9DE,12,ses_20260701-181413-LAPTOP-76QMG9DE::12,1782930270686,scr_smart_1782930270686_monitor_1_post.jpg,scr_smart_1782930270686_monitor_1_post.jpg
ses_20260701-181413-LAPTOP-76QMG9DE,12,ses_20260701-181413-LAPTOP-76QMG9DE::12,1782930273436,scr_smart_1782930273436_monitor_1_post.jpg,scr_smart_1782930273436_monitor_1_post.jpg
ses_20260701-181413-LAPTOP-76QMG9DE,12,ses_20260701-181413-LAPTOP-76QMG9DE::12,1782930274670,scr_smart_1782930274670_monitor_1_post.jpg,scr_smart_1782930274670_monitor_1_post.jpg
ses_20260701-181413-LAPTOP-76QMG9DE,12,ses_20260701-181413-LAPTOP-76QMG9DE::12,1782930276605,scr_smart_1782930276605_monitor_1_post.jpg,scr_smart_1782930276605_monitor_1_post.jpg
ses_20260701-181413-LAPTOP-76QMG9DE,12,ses_20260701-181413-LAPTOP-76QMG9DE::12,1782930284675,scr_smart_1782930284675_monitor_1_post.jpg,scr_smart_1782930284675_monitor_1_post.jpg
ses_20260701-181913-SIDDHIGUPTAB00B,0,ses_20260701-181913-SIDDHIGUPTAB00B::0,1782930087163,scr_smart_1782930087163_monitor_1_post.jpg,scr_smart_1782930087163_monitor_1_post.jpg
ses_20260701-181913-SIDDHIGUPTAB00B,0,ses_20260701-181913-SIDDHIGUPTAB00B::0,1782930092093,scr_smart_1782930092093_monitor_1_post.jpg,scr_smart_1782930092093_monitor_1_post.jpg
ses_20260701-181913-SIDDHIGUPTAB00B,0,ses_20260701-181913-SIDDHIGUPTAB00B::0,1782930094106,scr_smart_1782930094106_monitor_1_post.jpg,scr_smart_1782930094106_monitor_1_post.jpg
ses_20260701-181913-SIDDHIGUPTAB00B,0,ses_20260701-181913-SIDDHIGUPTAB00B::0,1782930098969,scr_smart_1782930098969_monitor_1_post.jpg,scr_smart_1782930098969_monitor_1_post.jpg
ses_20260701-181913-SIDDHIGUPTAB00B,0,ses_20260701-181913-SIDDHIGUPTAB00B::0,1782930103287,scr_smart_1782930103287_monitor_1_post.jpg,scr_smart_1782930103287_monitor_1_post.jpg
ses_20260701-181913-SIDDHIGUPTAB00B,0,ses_20260701-181913-SIDDHIGUPTAB00B::0,1782930104212,scr_smart_1782930104212_monitor_1_post.jpg,scr_smart_1782930104212_monitor_1_post.jpg
ses_20260701-181913-SIDDHIGUPTAB00B,0,ses_20260701-181913-SIDDHIGUPTAB00B::0,1782930108662,scr_smart_1782930108662_monitor_1_post.jpg,scr_smart_1782930108662_monitor_1_post.jpg
ses_20260701-181913-SIDDHIGUPTAB00B,0,ses_20260701-181913-SIDDHIGUPTAB00B::0,1782930109814,scr_smart_1782930109814_monitor_1_post.jpg,scr_smart_1782930109814_monitor_1_post.jpg
ses_20260701-181913-SIDDHIGUPTAB00B,0,ses_20260701-181913-SIDDHIGUPTAB00B::0,1782930111539,scr_smart_1782930111539_monitor_1_post.jpg,scr_smart_1782930111539_monitor_1_post.jpg
ses_20260701-181913-SIDDHIGUPTAB00B,0,ses_20260701-181913-SIDDHIGUPTAB00B::0,1782930112943,scr_smart_1782930112943_monitor_1_post.jpg,scr_smart_1782930112943_monitor_1_post.jpg
ses_20260701-181913-SIDDHIGUPTAB00B,0,ses_20260701-181913-SIDDHIGUPTAB00B::0,1782930113451,scr_smart_1782930113451_monitor_1_post.jpg,scr_smart_1782930113451_monitor_1_post.jpg
ses_20260701-181913-SIDDHIGUPTAB00B,0,ses_20260701-181913-SIDDHIGUPTAB00B::0,1782930116385,scr_smart_1782930116385_monitor_1_post.jpg,scr_smart_1782930116385_monitor_1_post.jpg
ses_20260701-181913-SIDDHIGUPTAB00B,0,ses_20260701-181913-SIDDHIGUPTAB00B::0,1782930118152,scr_smart_1782930118152_monitor_1_post.jpg,scr_smart_1782930118152_monitor_1_post.jpg
ses_20260701-181913-SIDDHIGUPTAB00B,0,ses_20260701-181913-SIDDHIGUPTAB00B::0,1782930118755,scr_smart_1782930118755_monitor_1_post.jpg,scr_smart_1782930118755_monitor_1_post.jpg
ses_20260701-181913-SIDDHIGUPTAB00B,0,ses_20260701-181913-SIDDHIGUPTAB00B::0,1782930119935,scr_smart_1782930119935_monitor_1_post.jpg,scr_smart_1782930119935_monitor_1_post.jpg
ses_20260701-181913-SIDDHIGUPTAB00B,0,ses_20260701-181913-SIDDHIGUPTAB00B::0,1782930120873,scr_smart_1782930120873_monitor_1_post.jpg,scr_smart_1782930120873_monitor_1_post.jpg
ses_20260701-181913-SIDDHIGUPTAB00B,1,ses_20260701-181913-SIDDHIGUPTAB00B::1,1782930122990,scr_smart_1782930122990_monitor_1_post.jpg,scr_smart_1782930122990_monitor_1_post.jpg
ses_20260701-181913-SIDDHIGUPTAB00B,1,ses_20260701-181913-SIDDHIGUPTAB00B::1,1782930124910,scr_smart_1782930124910_monitor_1_post.jpg,scr_smart_1782930124910_monitor_1_post.jpg
ses_20260701-181913-SIDDHIGUPTAB00B,1,ses_20260701-181913-SIDDHIGUPTAB00B::1,1782930128135,scr_smart_1782930128135_monitor_1_post.jpg,scr_smart_1782930128135_monitor_1_post.jpg
ses_20260701-181913-SIDDHIGUPTAB00B,1,ses_20260701-181913-SIDDHIGUPTAB00B::1,1782930129821,scr_smart_1782930129821_monitor_1_post.jpg,scr_smart_1782930129821_monitor_1_post.jpg
ses_20260701-181913-SIDDHIGUPTAB00B,1,ses_20260701-181913-SIDDHIGUPTAB00B::1,1782930130822,scr_smart_1782930130822_monitor_1_post.jpg,scr_smart_1782930130822_monitor_1_post.jpg
ses_20260701-181913-SIDDHIGUPTAB00B,1,ses_20260701-181913-SIDDHIGUPTAB00B::1,1782930133214,scr_smart_1782930133214_monitor_1_post.jpg,scr_smart_1782930133214_monitor_1_post.jpg
ses_20260701-181913-SIDDHIGUPTAB00B,1,ses_20260701-181913-SIDDHIGUPTAB00B::1,1782930136745,scr_smart_1782930136745_monitor_1_post.jpg,scr_smart_1782930136745_monitor_1_post.jpg
ses_20260701-181913-SIDDHIGUPTAB00B,1,ses_20260701-181913-SIDDHIGUPTAB00B::1,1782930138668,scr_smart_1782930138668_monitor_1_post.jpg,scr_smart_1782930138668_monitor_1_post.jpg
ses_20260701-181913-SIDDHIGUPTAB00B,1,ses_20260701-181913-SIDDHIGUPTAB00B::1,1782930139580,scr_smart_1782930139580_monitor_1_post.jpg,scr_smart_1782930139580_monitor_1_post.jpg
ses_20260701-181913-SIDDHIGUPTAB00B,1,ses_20260701-181913-SIDDHIGUPTAB00B::1,1782930141977,scr_smart_1782930141977_monitor_1_post.jpg,scr_smart_1782930141977_monitor_1_post.jpg
ses_20260701-181913-SIDDHIGUPTAB00B,1,ses_20260701-181913-SIDDHIGUPTAB00B::1,1782930145586,scr_smart_1782930145586_monitor_1_post.jpg,scr_smart_1782930145586_monitor_1_post.jpg
ses_20260701-181913-SIDDHIGUPTAB00B,1,ses_20260701-181913-SIDDHIGUPTAB00B::1,1782930146207,scr_smart_1782930146207_monitor_1_post.jpg,scr_smart_1782930146207_monitor_1_post.jpg
ses_20260701-181913-SIDDHIGUPTAB00B,1,ses_20260701-181913-SIDDHIGUPTAB00B::1,1782930147687,scr_smart_1782930147687_monitor_1_post.jpg,scr_smart_1782930147687_monitor_1_post.jpg
ses_20260701-181913-SIDDHIGUPTAB00B,1,ses_20260701-181913-SIDDHIGUPTAB00B::1,1782930148460,scr_smart_1782930148460_monitor_1_post.jpg,scr_smart_1782930148460_monitor_1_post.jpg
ses_20260701-181913-SIDDHIGUPTAB00B,1,ses_20260701-181913-SIDDHIGUPTAB00B::1,1782930150540,scr_smart_1782930150540_monitor_1_post.jpg,scr_smart_1782930150540_monitor_1_post.jpg
ses_20260701-181913-SIDDHIGUPTAB00B,2,ses_20260701-181913-SIDDHIGUPTAB00B::2,1782930160630,scr_smart_1782930160630_monitor_1_post.jpg,scr_smart_1782930160630_monitor_1_post.jpg
ses_20260701-181913-SIDDHIGUPTAB00B,2,ses_20260701-181913-SIDDHIGUPTAB00B::2,1782930161220,scr_smart_1782930161220_monitor_1_post.jpg,scr_smart_1782930161220_monitor_1_post.jpg
ses_20260701-181913-SIDDHIGUPTAB00B,2,ses_20260701-181913-SIDDHIGUPTAB00B::2,1782930162610,scr_smart_1782930162610_monitor_1_post.jpg,scr_smart_1782930162610_monitor_1_post.jpg
ses_20260701-181913-SIDDHIGUPTAB00B,2,ses_20260701-181913-SIDDHIGUPTAB00B::2,1782930163500,scr_smart_1782930163500_monitor_1_post.jpg,scr_smart_1782930163500_monitor_1_post.jpg
ses_20260701-181913-SIDDHIGUPTAB00B,2,ses_20260701-181913-SIDDHIGUPTAB00B::2,1782930165597,scr_smart_1782930165597_monitor_1_post.jpg,scr_smart_1782930165597_monitor_1_post.jpg
ses_20260701-181913-SIDDHIGUPTAB00B,2,ses_20260701-181913-SIDDHIGUPTAB00B::2,1782930169314,scr_smart_1782930169314_monitor_1_post.jpg,scr_smart_1782930169314_monitor_1_post.jpg
ses_20260701-181913-SIDDHIGUPTAB00B,2,ses_20260701-181913-SIDDHIGUPTAB00B::2,1782930170806,scr_smart_1782930170806_monitor_1_post.jpg,scr_smart_1782930170806_monitor_1_post.jpg
ses_20260701-181913-SIDDHIGUPTAB00B,2,ses_20260701-181913-SIDDHIGUPTAB00B::2,1782930171692,scr_smart_1782930171692_monitor_1_post.jpg,scr_smart_1782930171692_monitor_1_post.jpg
ses_20260701-181913-SIDDHIGUPTAB00B,2,ses_20260701-181913-SIDDHIGUPTAB00B::2,1782930173996,scr_smart_1782930173996_monitor_1_post.jpg,scr_smart_1782930173996_monitor_1_post.jpg
ses_20260701-181913-SIDDHIGUPTAB00B,2,ses_20260701-181913-SIDDHIGUPTAB00B::2,1782930177825,scr_smart_1782930177825_monitor_1_post.jpg,scr_smart_1782930177825_monitor_1_post.jpg
ses_20260701-181913-SIDDHIGUPTAB00B,2,ses_20260701-181913-SIDDHIGUPTAB00B::2,1782930179185,scr_smart_1782930179185_monitor_1_post.jpg,scr_smart_1782930179185_monitor_1_post.jpg
ses_20260701-181913-SIDDHIGUPTAB00B,2,ses_20260701-181913-SIDDHIGUPTAB00B::2,1782930180264,scr_smart_1782930180264_monitor_1_post.jpg,scr_smart_1782930180264_monitor_1_post.jpg
ses_20260701-181913-SIDDHIGUPTAB00B,2,ses_20260701-181913-SIDDHIGUPTAB00B::2,1782930182549,scr_smart_1782930182549_monitor_1_post.jpg,scr_smart_1782930182549_monitor_1_post.jpg
ses_20260701-181913-SIDDHIGUPTAB00B,2,ses_20260701-181913-SIDDHIGUPTAB00B::2,1782930186365,scr_smart_1782930186365_monitor_1_post.jpg,scr_smart_1782930186365_monitor_1_post.jpg
ses_20260701-181913-SIDDHIGUPTAB00B,2,ses_20260701-181913-SIDDHIGUPTAB00B::2,1782930187677,scr_smart_1782930187677_monitor_1_post.jpg,scr_smart_1782930187677_monitor_1_post.jpg
ses_20260701-181913-SIDDHIGUPTAB00B,2,ses_20260701-181913-SIDDHIGUPTAB00B::2,1782930188659,scr_smart_1782930188659_monitor_1_post.jpg,scr_smart_1782930188659_monitor_1_post.jpg
ses_20260701-181913-SIDDHIGUPTAB00B,3,ses_20260701-181913-SIDDHIGUPTAB00B::3,1782930190641,scr_smart_1782930190641_monitor_1_post.jpg,scr_smart_1782930190641_monitor_1_post.jpg
ses_20260701-181913-SIDDHIGUPTAB00B,3,ses_20260701-181913-SIDDHIGUPTAB00B::3,1782930192624,scr_smart_1782930192624_monitor_1_post.jpg,scr_smart_1782930192624_monitor_1_post.jpg
ses_20260701-181913-SIDDHIGUPTAB00B,3,ses_20260701-181913-SIDDHIGUPTAB00B::3,1782930198983,scr_smart_1782930198983_monitor_1_post.jpg,scr_smart_1782930198983_monitor_1_post.jpg
ses_20260701-181913-SIDDHIGUPTAB00B,3,ses_20260701-181913-SIDDHIGUPTAB00B::3,1782930199995,scr_smart_1782930199995_monitor_1_post.jpg,scr_smart_1782930199995_monitor_1_post.jpg
ses_20260701-181913-SIDDHIGUPTAB00B,3,ses_20260701-181913-SIDDHIGUPTAB00B::3,1782930201084,scr_smart_1782930201084_monitor_1_post.jpg,scr_smart_1782930201084_monitor_1_post.jpg
ses_20260701-181913-SIDDHIGUPTAB00B,4,ses_20260701-181913-SIDDHIGUPTAB00B::4,1782930203194,scr_smart_1782930203194_monitor_1_post.jpg,scr_smart_1782930203194_monitor_1_post.jpg
ses_20260701-181913-SIDDHIGUPTAB00B,4,ses_20260701-181913-SIDDHIGUPTAB00B::4,1782930204914,scr_smart_1782930204914_monitor_1_post.jpg,scr_smart_1782930204914_monitor_1_post.jpg
ses_20260701-181913-SIDDHIGUPTAB00B,4,ses_20260701-181913-SIDDHIGUPTAB00B::4,1782930208029,scr_smart_1782930208029_monitor_1_post.jpg,scr_smart_1782930208029_monitor_1_post.jpg
ses_20260701-181913-SIDDHIGUPTAB00B,4,ses_20260701-181913-SIDDHIGUPTAB00B::4,1782930208640,scr_smart_1782930208640_monitor_1_post.jpg,scr_smart_1782930208640_monitor_1_post.jpg
ses_20260701-181913-SIDDHIGUPTAB00B,4,ses_20260701-181913-SIDDHIGUPTAB00B::4,1782930210027,scr_smart_1782930210027_monitor_1_post.jpg,scr_smart_1782930210027_monitor_1_post.jpg
ses_20260701-181913-SIDDHIGUPTAB00B,4,ses_20260701-181913-SIDDHIGUPTAB00B::4,1782930210904,scr_smart_1782930210904_monitor_1_post.jpg,scr_smart_1782930210904_monitor_1_post.jpg
ses_20260701-181913-SIDDHIGUPTAB00B,4,ses_20260701-181913-SIDDHIGUPTAB00B::4,1782930213302,scr_smart_1782930213302_monitor_1_post.jpg,scr_smart_1782930213302_monitor_1_post.jpg
ses_20260701-181913-SIDDHIGUPTAB00B,4,ses_20260701-181913-SIDDHIGUPTAB00B::4,1782930217321,scr_smart_1782930217321_monitor_1_post.jpg,scr_smart_1782930217321_monitor_1_post.jpg
ses_20260701-181913-SIDDHIGUPTAB00B,4,ses_20260701-181913-SIDDHIGUPTAB00B::4,1782930218909,scr_smart_1782930218909_monitor_1_post.jpg,scr_smart_1782930218909_monitor_1_post.jpg
ses_20260701-181913-SIDDHIGUPTAB00B,4,ses_20260701-181913-SIDDHIGUPTAB00B::4,1782930219990,scr_smart_1782930219990_monitor_1_post.jpg,scr_smart_1782930219990_monitor_1_post.jpg
ses_20260701-181913-SIDDHIGUPTAB00B,5,ses_20260701-181913-SIDDHIGUPTAB00B::5,1782930222291,scr_smart_1782930222291_monitor_1_post.jpg,scr_smart_1782930222291_monitor_1_post.jpg
ses_20260701-181913-SIDDHIGUPTAB00B,6,ses_20260701-181913-SIDDHIGUPTAB00B::6,1782930229586,scr_smart_1782930229586_monitor_1_post.jpg,scr_smart_1782930229586_monitor_1_post.jpg
ses_20260701-181913-SIDDHIGUPTAB00B,6,ses_20260701-181913-SIDDHIGUPTAB00B::6,1782930230915,scr_smart_1782930230915_monitor_1_post.jpg,scr_smart_1782930230915_monitor_1_post.jpg
ses_20260701-181913-SIDDHIGUPTAB00B,6,ses_20260701-181913-SIDDHIGUPTAB00B::6,1782930231870,scr_smart_1782930231870_monitor_1_post.jpg,scr_smart_1782930231870_monitor_1_post.jpg
ses_20260701-181913-SIDDHIGUPTAB00B,7,ses_20260701-181913-SIDDHIGUPTAB00B::7,1782930234023,scr_smart_1782930234023_monitor_1_post.jpg,scr_smart_1782930234023_monitor_1_post.jpg
ses_20260701-181913-SIDDHIGUPTAB00B,7,ses_20260701-181913-SIDDHIGUPTAB00B::7,1782930235857,scr_smart_1782930235857_monitor_1_post.jpg,scr_smart_1782930235857_monitor_1_post.jpg
ses_20260701-181913-SIDDHIGUPTAB00B,7,ses_20260701-181913-SIDDHIGUPTAB00B::7,1782930241090,scr_smart_1782930241090_monitor_1_post.jpg,scr_smart_1782930241090_monitor_1_post.jpg
ses_20260701-181913-SIDDHIGUPTAB00B,7,ses_20260701-181913-SIDDHIGUPTAB00B::7,1782930241887,scr_smart_1782930241887_monitor_1_post.jpg,scr_smart_1782930241887_monitor_1_post.jpg
ses_20260701-181913-SIDDHIGUPTAB00B,7,ses_20260701-181913-SIDDHIGUPTAB00B::7,1782930245720,scr_smart_1782930245720_monitor_1_post.jpg,scr_smart_1782930245720_monitor_1_post.jpg
ses_20260701-181913-SIDDHIGUPTAB00B,7,ses_20260701-181913-SIDDHIGUPTAB00B::7,1782930250386,scr_smart_1782930250386_monitor_1_post.jpg,scr_smart_1782930250386_monitor_1_post.jpg
ses_20260701-181913-SIDDHIGUPTAB00B,7,ses_20260701-181913-SIDDHIGUPTAB00B::7,1782930250966,scr_smart_1782930250966_monitor_1_post.jpg,scr_smart_1782930250966_monitor_1_post.jpg
ses_20260701-181913-SIDDHIGUPTAB00B,7,ses_20260701-181913-SIDDHIGUPTAB00B::7,1782930251975,scr_smart_1782930251975_monitor_1_post.jpg,scr_smart_1782930251975_monitor_1_post.jpg
ses_20260701-181913-SIDDHIGUPTAB00B,7,ses_20260701-181913-SIDDHIGUPTAB00B::7,1782930252986,scr_smart_1782930252986_monitor_1_post.jpg,scr_smart_1782930252986_monitor_1_post.jpg
ses_20260701-181913-SIDDHIGUPTAB00B,7,ses_20260701-181913-SIDDHIGUPTAB00B::7,1782930255408,scr_smart_1782930255408_monitor_1_post.jpg,scr_smart_1782930255408_monitor_1_post.jpg
ses_20260701-181913-SIDDHIGUPTAB00B,8,ses_20260701-181913-SIDDHIGUPTAB00B::8,1782930258712,scr_smart_1782930258712_monitor_1_post.jpg,scr_smart_1782930258712_monitor_1_post.jpg
ses_20260701-181913-SIDDHIGUPTAB00B,8,ses_20260701-181913-SIDDHIGUPTAB00B::8,1782930259293,scr_smart_1782930259293_monitor_1_post.jpg,scr_smart_1782930259293_monitor_1_post.jpg
ses_20260701-181913-SIDDHIGUPTAB00B,8,ses_20260701-181913-SIDDHIGUPTAB00B::8,1782930261850,scr_smart_1782930261850_monitor_1_post.jpg,scr_smart_1782930261850_monitor_1_post.jpg
ses_20260701-181913-SIDDHIGUPTAB00B,8,ses_20260701-181913-SIDDHIGUPTAB00B::8,1782930264303,scr_smart_1782930264303_monitor_1_post.jpg,scr_smart_1782930264303_monitor_1_post.jpg
ses_20260701-181913-SIDDHIGUPTAB00B,8,ses_20260701-181913-SIDDHIGUPTAB00B::8,1782930264825,scr_smart_1782930264825_monitor_1_post.jpg,scr_smart_1782930264825_monitor_1_post.jpg
ses_20260701-181913-SIDDHIGUPTAB00B,8,ses_20260701-181913-SIDDHIGUPTAB00B::8,1782930265849,scr_smart_1782930265849_monitor_1_post.jpg,scr_smart_1782930265849_monitor_1_post.jpg
ses_20260701-181913-SIDDHIGUPTAB00B,8,ses_20260701-181913-SIDDHIGUPTAB00B::8,1782930268602,scr_smart_1782930268602_monitor_1_post.jpg,scr_smart_1782930268602_monitor_1_post.jpg
ses_20260701-181913-SIDDHIGUPTAB00B,9,ses_20260701-181913-SIDDHIGUPTAB00B::9,1782930272252,scr_smart_1782930272252_monitor_1_post.jpg,scr_smart_1782930272252_monitor_1_post.jpg
ses_20260701-181913-SIDDHIGUPTAB00B,9,ses_20260701-181913-SIDDHIGUPTAB00B::9,1782930272718,scr_smart_1782930272718_monitor_1_post.jpg,scr_smart_1782930272718_monitor_1_post.jpg
ses_20260701-181913-SIDDHIGUPTAB00B,9,ses_20260701-181913-SIDDHIGUPTAB00B::9,1782930274860,scr_smart_1782930274860_monitor_1_post.jpg,scr_smart_1782930274860_monitor_1_post.jpg
ses_20260701-181913-SIDDHIGUPTAB00B,9,ses_20260701-181913-SIDDHIGUPTAB00B::9,1782930277939,scr_smart_1782930277939_monitor_1_post.jpg,scr_smart_1782930277939_monitor_1_post.jpg
ses_20260701-181913-SIDDHIGUPTAB00B,9,ses_20260701-181913-SIDDHIGUPTAB00B::9,1782930278832,scr_smart_1782930278832_monitor_1_post.jpg,scr_smart_1782930278832_monitor_1_post.jpg
ses_20260701-181913-SIDDHIGUPTAB00B,9,ses_20260701-181913-SIDDHIGUPTAB00B::9,1782930281170,scr_smart_1782930281170_monitor_1_post.jpg,scr_smart_1782930281170_monitor_1_post.jpg
ses_20260701-181913-SIDDHIGUPTAB00B,10,ses_20260701-181913-SIDDHIGUPTAB00B::10,1782930284936,scr_smart_1782930284936_monitor_1_post.jpg,scr_smart_1782930284936_monitor_1_post.jpg
ses_20260701-181913-SIDDHIGUPTAB00B,10,ses_20260701-181913-SIDDHIGUPTAB00B::10,1782930286575,scr_smart_1782930286575_monitor_1_post.jpg,scr_smart_1782930286575_monitor_1_post.jpg
ses_20260701-181913-SIDDHIGUPTAB00B,10,ses_20260701-181913-SIDDHIGUPTAB00B::10,1782930290776,scr_smart_1782930290776_monitor_1_post.jpg,scr_smart_1782930290776_monitor_1_post.jpg
ses_20260701-181913-SIDDHIGUPTAB00B,10,ses_20260701-181913-SIDDHIGUPTAB00B::10,1782930291750,scr_smart_1782930291750_monitor_1_post.jpg,scr_smart_1782930291750_monitor_1_post.jpg
ses_20260701-181913-SIDDHIGUPTAB00B,10,ses_20260701-181913-SIDDHIGUPTAB00B::10,1782930293874,scr_smart_1782930293874_monitor_1_post.jpg,scr_smart_1782930293874_monitor_1_post.jpg
ses_20260701-181913-SIDDHIGUPTAB00B,10,ses_20260701-181913-SIDDHIGUPTAB00B::10,1782930296506,scr_smart_1782930296506_monitor_1_post.jpg,scr_smart_1782930296506_monitor_1_post.jpg
ses_20260701-181913-SIDDHIGUPTAB00B,10,ses_20260701-181913-SIDDHIGUPTAB00B::10,1782930301808,scr_smart_1782930301808_monitor_1_post.jpg,scr_smart_1782930301808_monitor_1_post.jpg
ses_20260701-181913-SIDDHIGUPTAB00B,10,ses_20260701-181913-SIDDHIGUPTAB00B::10,1782930303352,scr_smart_1782930303352_monitor_1_post.jpg,scr_smart_1782930303352_monitor_1_post.jpg
ses_20260701-181913-SIDDHIGUPTAB00B,10,ses_20260701-181913-SIDDHIGUPTAB00B::10,1782930304637,scr_smart_1782930304637_monitor_1_post.jpg,scr_smart_1782930304637_monitor_1_post.jpg
ses_20260701-181913-SIDDHIGUPTAB00B,10,ses_20260701-181913-SIDDHIGUPTAB00B::10,1782930306644,scr_smart_1782930306644_monitor_1_post.jpg,scr_smart_1782930306644_monitor_1_post.jpg
ses_20260701-181913-SIDDHIGUPTAB00B,10,ses_20260701-181913-SIDDHIGUPTAB00B::10,1782930312458,scr_smart_1782930312458_monitor_1_post.jpg,scr_smart_1782930312458_monitor_1_post.jpg
ses_20260701-181913-SIDDHIGUPTAB00B,10,ses_20260701-181913-SIDDHIGUPTAB00B::10,1782930313935,scr_smart_1782930313935_monitor_1_post.jpg,scr_smart_1782930313935_monitor_1_post.jpg
ses_20260701-181913-SIDDHIGUPTAB00B,10,ses_20260701-181913-SIDDHIGUPTAB00B::10,1782930314835,scr_smart_1782930314835_monitor_1_post.jpg,scr_smart_1782930314835_monitor_1_post.jpg
ses_20260701-181913-SIDDHIGUPTAB00B,10,ses_20260701-181913-SIDDHIGUPTAB00B::10,1782930317410,scr_smart_1782930317410_monitor_1_post.jpg,scr_smart_1782930317410_monitor_1_post.jpg
ses_20260701-181913-SIDDHIGUPTAB00B,10,ses_20260701-181913-SIDDHIGUPTAB00B::10,1782930318197,scr_smart_1782930318197_monitor_1_post.jpg,scr_smart_1782930318197_monitor_1_post.jpg
ses_20260701-181913-SIDDHIGUPTAB00B,10,ses_20260701-181913-SIDDHIGUPTAB00B::10,1782930321900,scr_smart_1782930321900_monitor_1_post.jpg,scr_smart_1782930321900_monitor_1_post.jpg
ses_20260701-181913-SIDDHIGUPTAB00B,10,ses_20260701-181913-SIDDHIGUPTAB00B::10,1782930324011,scr_smart_1782930324011_monitor_1_post.jpg,scr_smart_1782930324011_monitor_1_post.jpg
ses_20260701-181913-SIDDHIGUPTAB00B,10,ses_20260701-181913-SIDDHIGUPTAB00B::10,1782930325947,scr_smart_1782930325947_monitor_1_post.jpg,scr_smart_1782930325947_monitor_1_post.jpg
ses_20260701-181913-SIDDHIGUPTAB00B,10,ses_20260701-181913-SIDDHIGUPTAB00B::10,1782930327019,scr_smart_1782930327019_monitor_1_post.jpg,scr_smart_1782930327019_monitor_1_post.jpg
ses_20260701-181913-SIDDHIGUPTAB00B,10,ses_20260701-181913-SIDDHIGUPTAB00B::10,1782930327486,scr_smart_1782930327486_monitor_1_post.jpg,scr_smart_1782930327486_monitor_1_post.jpg
ses_20260701-181913-SIDDHIGUPTAB00B,10,ses_20260701-181913-SIDDHIGUPTAB00B::10,1782930328397,scr_smart_1782930328397_monitor_1_post.jpg,scr_smart_1782930328397_monitor_1_post.jpg
ses_20260701-181913-SIDDHIGUPTAB00B,10,ses_20260701-181913-SIDDHIGUPTAB00B::10,1782930330437,scr_smart_1782930330437_monitor_1_post.jpg,scr_smart_1782930330437_monitor_1_post.jpg
ses_20260701-181913-SIDDHIGUPTAB00B,10,ses_20260701-181913-SIDDHIGUPTAB00B::10,1782930331449,scr_smart_1782930331449_monitor_1_post.jpg,scr_smart_1782930331449_monitor_1_post.jpg
ses_20260701-181913-SIDDHIGUPTAB00B,10,ses_20260701-181913-SIDDHIGUPTAB00B::10,1782930335114,scr_smart_1782930335114_monitor_1_post.jpg,scr_smart_1782930335114_monitor_1_post.jpg
ses_20260701-181913-SIDDHIGUPTAB00B,10,ses_20260701-181913-SIDDHIGUPTAB00B::10,1782930337022,scr_smart_1782930337022_monitor_1_post.jpg,scr_smart_1782930337022_monitor_1_post.jpg
ses_20260701-181913-SIDDHIGUPTAB00B,10,ses_20260701-181913-SIDDHIGUPTAB00B::10,1782930340925,scr_smart_1782930340925_monitor_1_post.jpg,scr_smart_1782930340925_monitor_1_post.jpg
ses_20260701-181913-SIDDHIGUPTAB00B,10,ses_20260701-181913-SIDDHIGUPTAB00B::10,1782930341871,scr_smart_1782930341871_monitor_1_post.jpg,scr_smart_1782930341871_monitor_1_post.jpg
ses_20260701-181913-SIDDHIGUPTAB00B,10,ses_20260701-181913-SIDDHIGUPTAB00B::10,1782930344080,scr_smart_1782930344080_monitor_1_post.jpg,scr_smart_1782930344080_monitor_1_post.jpg
ses_20260701-181913-SIDDHIGUPTAB00B,10,ses_20260701-181913-SIDDHIGUPTAB00B::10,1782930347419,scr_smart_1782930347419_monitor_1_post.jpg,scr_smart_1782930347419_monitor_1_post.jpg
ses_20260701-181913-SIDDHIGUPTAB00B,10,ses_20260701-181913-SIDDHIGUPTAB00B::10,1782930349831,scr_smart_1782930349831_monitor_1_post.jpg,scr_smart_1782930349831_monitor_1_post.jpg
ses_20260701-181913-SIDDHIGUPTAB00B,10,ses_20260701-181913-SIDDHIGUPTAB00B::10,1782930350334,scr_smart_1782930350334_monitor_1_post.jpg,scr_smart_1782930350334_monitor_1_post.jpg
ses_20260701-181913-SIDDHIGUPTAB00B,10,ses_20260701-181913-SIDDHIGUPTAB00B::10,1782930351855,scr_smart_1782930351855_monitor_1_post.jpg,scr_smart_1782930351855_monitor_1_post.jpg
ses_20260701-181913-SIDDHIGUPTAB00B,10,ses_20260701-181913-SIDDHIGUPTAB00B::10,1782930352938,scr_smart_1782930352938_monitor_1_post.jpg,scr_smart_1782930352938_monitor_1_post.jpg
ses_20260701-181913-SIDDHIGUPTAB00B,10,ses_20260701-181913-SIDDHIGUPTAB00B::10,1782930354455,scr_smart_1782930354455_monitor_1_post.jpg,scr_smart_1782930354455_monitor_1_post.jpg
ses_20260701-181913-SIDDHIGUPTAB00B,10,ses_20260701-181913-SIDDHIGUPTAB00B::10,1782930356092,scr_smart_1782930356092_monitor_1_post.jpg,scr_smart_1782930356092_monitor_1_post.jpg
ses_20260701-181913-SIDDHIGUPTAB00B,10,ses_20260701-181913-SIDDHIGUPTAB00B::10,1782930358555,scr_smart_1782930358555_monitor_1_post.jpg,scr_smart_1782930358555_monitor_1_post.jpg
ses_20260701-181913-SIDDHIGUPTAB00B,10,ses_20260701-181913-SIDDHIGUPTAB00B::10,1782930359067,scr_smart_1782930359067_monitor_1_post.jpg,scr_smart_1782930359067_monitor_1_post.jpg
ses_20260701-181913-SIDDHIGUPTAB00B,10,ses_20260701-181913-SIDDHIGUPTAB00B::10,1782930360168,scr_smart_1782930360168_monitor_1_post.jpg,scr_smart_1782930360168_monitor_1_post.jpg
ses_20260701-181913-SIDDHIGUPTAB00B,10,ses_20260701-181913-SIDDHIGUPTAB00B::10,1782930361144,scr_smart_1782930361144_monitor_1_post.jpg,scr_smart_1782930361144_monitor_1_post.jpg
ses_20260701-181913-SIDDHIGUPTAB00B,10,ses_20260701-181913-SIDDHIGUPTAB00B::10,1782930363543,scr_smart_1782930363543_monitor_1_post.jpg,scr_smart_1782930363543_monitor_1_post.jpg
ses_20260701-181913-SIDDHIGUPTAB00B,10,ses_20260701-181913-SIDDHIGUPTAB00B::10,1782930366489,scr_smart_1782930366489_monitor_1_post.jpg,scr_smart_1782930366489_monitor_1_post.jpg
ses_20260701-181913-SIDDHIGUPTAB00B,10,ses_20260701-181913-SIDDHIGUPTAB00B::10,1782930368637,scr_smart_1782930368637_monitor_1_post.jpg,scr_smart_1782930368637_monitor_1_post.jpg
ses_20260701-181913-SIDDHIGUPTAB00B,10,ses_20260701-181913-SIDDHIGUPTAB00B::10,1782930369434,scr_smart_1782930369434_monitor_1_post.jpg,scr_smart_1782930369434_monitor_1_post.jpg
ses_20260701-181913-SIDDHIGUPTAB00B,10,ses_20260701-181913-SIDDHIGUPTAB00B::10,1782930370925,scr_smart_1782930370925_monitor_1_post.jpg,scr_smart_1782930370925_monitor_1_post.jpg
ses_20260701-181913-SIDDHIGUPTAB00B,10,ses_20260701-181913-SIDDHIGUPTAB00B::10,1782930371912,scr_smart_1782930371912_monitor_1_post.jpg,scr_smart_1782930371912_monitor_1_post.jpg
ses_20260701-181913-SIDDHIGUPTAB00B,10,ses_20260701-181913-SIDDHIGUPTAB00B::10,1782930373352,scr_smart_1782930373352_monitor_1_post.jpg,scr_smart_1782930373352_monitor_1_post.jpg
ses_20260701-181913-SIDDHIGUPTAB00B,10,ses_20260701-181913-SIDDHIGUPTAB00B::10,1782930375081,scr_smart_1782930375081_monitor_1_post.jpg,scr_smart_1782930375081_monitor_1_post.jpg
ses_20260701-181913-SIDDHIGUPTAB00B,10,ses_20260701-181913-SIDDHIGUPTAB00B::10,1782930380848,scr_smart_1782930380848_monitor_1_post.jpg,scr_smart_1782930380848_monitor_1_post.jpg
ses_20260701-181913-SIDDHIGUPTAB00B,10,ses_20260701-181913-SIDDHIGUPTAB00B::10,1782930383099,scr_smart_1782930383099_monitor_1_post.jpg,scr_smart_1782930383099_monitor_1_post.jpg
ses_20260701-181913-SIDDHIGUPTAB00B,10,ses_20260701-181913-SIDDHIGUPTAB00B::10,1782930385364,scr_smart_1782930385364_monitor_1_post.jpg,scr_smart_1782930385364_monitor_1_post.jpg
ses_20260701-181913-SIDDHIGUPTAB00B,10,ses_20260701-181913-SIDDHIGUPTAB00B::10,1782930386092,scr_smart_1782930386092_monitor_1_post.jpg,scr_smart_1782930386092_monitor_1_post.jpg
ses_20260701-181913-SIDDHIGUPTAB00B,10,ses_20260701-181913-SIDDHIGUPTAB00B::10,1782930386585,scr_smart_1782930386585_monitor_1_post.jpg,scr_smart_1782930386585_monitor_1_post.jpg
ses_20260701-181913-SIDDHIGUPTAB00B,10,ses_20260701-181913-SIDDHIGUPTAB00B::10,1782930387097,scr_smart_1782930387097_monitor_1_post.jpg,scr_smart_1782930387097_monitor_1_post.jpg
ses_20260701-181913-SIDDHIGUPTAB00B,10,ses_20260701-181913-SIDDHIGUPTAB00B::10,1782930389290,scr_smart_1782930389290_monitor_1_post.jpg,scr_smart_1782930389290_monitor_1_post.jpg
ses_20260701-181913-SIDDHIGUPTAB00B,10,ses_20260701-181913-SIDDHIGUPTAB00B::10,1782930391772,scr_smart_1782930391772_monitor_1_post.jpg,scr_smart_1782930391772_monitor_1_post.jpg
ses_20260701-181913-SIDDHIGUPTAB00B,10,ses_20260701-181913-SIDDHIGUPTAB00B::10,1782930396628,scr_smart_1782930396628_monitor_1_post.jpg,scr_smart_1782930396628_monitor_1_post.jpg
ses_20260701-181913-SIDDHIGUPTAB00B,10,ses_20260701-181913-SIDDHIGUPTAB00B::10,1782930398266,scr_smart_1782930398266_monitor_1_post.jpg,scr_smart_1782930398266_monitor_1_post.jpg
ses_20260701-181913-SIDDHIGUPTAB00B,10,ses_20260701-181913-SIDDHIGUPTAB00B::10,1782930399781,scr_smart_1782930399781_monitor_1_post.jpg,scr_smart_1782930399781_monitor_1_post.jpg
ses_20260701-181913-SIDDHIGUPTAB00B,10,ses_20260701-181913-SIDDHIGUPTAB00B::10,1782930401768,scr_smart_1782930401768_monitor_1_post.jpg,scr_smart_1782930401768_monitor_1_post.jpg
ses_20260701-181913-SIDDHIGUPTAB00B,10,ses_20260701-181913-SIDDHIGUPTAB00B::10,1782930407980,scr_smart_1782930407980_monitor_1_post.jpg,scr_smart_1782930407980_monitor_1_post.jpg
ses_20260701-181913-SIDDHIGUPTAB00B,10,ses_20260701-181913-SIDDHIGUPTAB00B::10,1782930409231,scr_smart_1782930409231_monitor_1_post.jpg,scr_smart_1782930409231_monitor_1_post.jpg
ses_20260701-181913-SIDDHIGUPTAB00B,10,ses_20260701-181913-SIDDHIGUPTAB00B::10,1782930411671,scr_smart_1782930411671_monitor_1_post.jpg,scr_smart_1782930411671_monitor_1_post.jpg
ses_20260701-181913-SIDDHIGUPTAB00B,10,ses_20260701-181913-SIDDHIGUPTAB00B::10,1782930412133,scr_smart_1782930412133_monitor_1_post.jpg,scr_smart_1782930412133_monitor_1_post.jpg
ses_20260701-181913-SIDDHIGUPTAB00B,10,ses_20260701-181913-SIDDHIGUPTAB00B::10,1782930412718,scr_smart_1782930412718_monitor_1_post.jpg,scr_smart_1782930412718_monitor_1_post.jpg
ses_20260701-181913-SIDDHIGUPTAB00B,10,ses_20260701-181913-SIDDHIGUPTAB00B::10,1782930413836,scr_smart_1782930413836_monitor_1_post.jpg,scr_smart_1782930413836_monitor_1_post.jpg
ses_20260701-181913-SIDDHIGUPTAB00B,10,ses_20260701-181913-SIDDHIGUPTAB00B::10,1782930415715,scr_smart_1782930415715_monitor_1_post.jpg,scr_smart_1782930415715_monitor_1_post.jpg
ses_20260701-181913-SIDDHIGUPTAB00B,10,ses_20260701-181913-SIDDHIGUPTAB00B::10,1782930417773,scr_smart_1782930417773_monitor_1_post.jpg,scr_smart_1782930417773_monitor_1_post.jpg
ses_20260701-181913-SIDDHIGUPTAB00B,10,ses_20260701-181913-SIDDHIGUPTAB00B::10,1782930418316,scr_smart_1782930418316_monitor_1_post.jpg,scr_smart_1782930418316_monitor_1_post.jpg
ses_20260701-181913-SIDDHIGUPTAB00B,10,ses_20260701-181913-SIDDHIGUPTAB00B::10,1782930420489,scr_smart_1782930420489_monitor_1_post.jpg,scr_smart_1782930420489_monitor_1_post.jpg
ses_20260701-181913-SIDDHIGUPTAB00B,10,ses_20260701-181913-SIDDHIGUPTAB00B::10,1782930424515,scr_smart_1782930424515_monitor_1_post.jpg,scr_smart_1782930424515_monitor_1_post.jpg
ses_20260701-181913-SIDDHIGUPTAB00B,10,ses_20260701-181913-SIDDHIGUPTAB00B::10,1782930425574,scr_smart_1782930425574_monitor_1_post.jpg,scr_smart_1782930425574_monitor_1_post.jpg
ses_20260701-181913-SIDDHIGUPTAB00B,10,ses_20260701-181913-SIDDHIGUPTAB00B::10,1782930428084,scr_smart_1782930428084_monitor_1_post.jpg,scr_smart_1782930428084_monitor_1_post.jpg
ses_20260701-182634-NEELA9BAF,0,ses_20260701-182634-NEELA9BAF::0,1782930498115,scr_smart_1782930498115_monitor_1_post.jpg,scr_smart_1782930498115_monitor_1_post.jpg
ses_20260701-182634-NEELA9BAF,0,ses_20260701-182634-NEELA9BAF::0,1782930499613,scr_smart_1782930499613_monitor_1_post.jpg,scr_smart_1782930499613_monitor_1_post.jpg
ses_20260701-182634-NEELA9BAF,0,ses_20260701-182634-NEELA9BAF::0,1782930500211,scr_smart_1782930500211_monitor_1_post.jpg,scr_smart_1782930500211_monitor_1_post.jpg
ses_20260701-182634-NEELA9BAF,0,ses_20260701-182634-NEELA9BAF::0,1782930502114,scr_smart_1782930502114_monitor_1_post.jpg,scr_smart_1782930502114_monitor_1_post.jpg
ses_20260701-182634-NEELA9BAF,0,ses_20260701-182634-NEELA9BAF::0,1782930506562,scr_smart_1782930506562_monitor_1_post.jpg,scr_smart_1782930506562_monitor_1_post.jpg
ses_20260701-182634-NEELA9BAF,0,ses_20260701-182634-NEELA9BAF::0,1782930510277,scr_smart_1782930510277_monitor_1_post.jpg,scr_smart_1782930510277_monitor_1_post.jpg
ses_20260701-182634-NEELA9BAF,0,ses_20260701-182634-NEELA9BAF::0,1782930516640,scr_smart_1782930516640_monitor_1_post.jpg,scr_smart_1782930516640_monitor_1_post.jpg
ses_20260701-182634-NEELA9BAF,0,ses_20260701-182634-NEELA9BAF::0,1782930517867,scr_smart_1782930517867_monitor_1_post.jpg,scr_smart_1782930517867_monitor_1_post.jpg
ses_20260701-182634-NEELA9BAF,0,ses_20260701-182634-NEELA9BAF::0,1782930518677,scr_smart_1782930518677_monitor_1_post.jpg,scr_smart_1782930518677_monitor_1_post.jpg
ses_20260701-182634-NEELA9BAF,0,ses_20260701-182634-NEELA9BAF::0,1782930519485,scr_smart_1782930519485_monitor_1_post.jpg,scr_smart_1782930519485_monitor_1_post.jpg
ses_20260701-182634-NEELA9BAF,0,ses_20260701-182634-NEELA9BAF::0,1782930521089,scr_smart_1782930521089_monitor_1_post.jpg,scr_smart_1782930521089_monitor_1_post.jpg
ses_20260701-182634-NEELA9BAF,0,ses_20260701-182634-NEELA9BAF::0,1782930524501,scr_smart_1782930524501_monitor_1_post.jpg,scr_smart_1782930524501_monitor_1_post.jpg
ses_20260701-182634-NEELA9BAF,0,ses_20260701-182634-NEELA9BAF::0,1782930526122,scr_smart_1782930526122_monitor_1_post.jpg,scr_smart_1782930526122_monitor_1_post.jpg
ses_20260701-182634-NEELA9BAF,0,ses_20260701-182634-NEELA9BAF::0,1782930528400,scr_smart_1782930528400_monitor_1_post.jpg,scr_smart_1782930528400_monitor_1_post.jpg
ses_20260701-182634-NEELA9BAF,0,ses_20260701-182634-NEELA9BAF::0,1782930530116,scr_smart_1782930530116_monitor_1_post.jpg,scr_smart_1782930530116_monitor_1_post.jpg
ses_20260701-182634-NEELA9BAF,0,ses_20260701-182634-NEELA9BAF::0,1782930535067,scr_smart_1782930535067_monitor_1_post.jpg,scr_smart_1782930535067_monitor_1_post.jpg
ses_20260701-182634-NEELA9BAF,0,ses_20260701-182634-NEELA9BAF::0,1782930538486,scr_smart_1782930538486_monitor_1_post.jpg,scr_smart_1782930538486_monitor_1_post.jpg
ses_20260701-182634-NEELA9BAF,0,ses_20260701-182634-NEELA9BAF::0,1782930539950,scr_smart_1782930539950_monitor_1_post.jpg,scr_smart_1782930539950_monitor_1_post.jpg
ses_20260701-182634-NEELA9BAF,0,ses_20260701-182634-NEELA9BAF::0,1782930541064,scr_smart_1782930541064_monitor_1_post.jpg,scr_smart_1782930541064_monitor_1_post.jpg
ses_20260701-182634-NEELA9BAF,1,ses_20260701-182634-NEELA9BAF::1,1782930543482,scr_smart_1782930543482_monitor_1_post.jpg,scr_smart_1782930543482_monitor_1_post.jpg
ses_20260701-182634-NEELA9BAF,1,ses_20260701-182634-NEELA9BAF::1,1782930545379,scr_smart_1782930545379_monitor_1_post.jpg,scr_smart_1782930545379_monitor_1_post.jpg
ses_20260701-182634-NEELA9BAF,1,ses_20260701-182634-NEELA9BAF::1,1782930549193,scr_smart_1782930549193_monitor_1_post.jpg,scr_smart_1782930549193_monitor_1_post.jpg
ses_20260701-182634-NEELA9BAF,1,ses_20260701-182634-NEELA9BAF::1,1782930550285,scr_smart_1782930550285_monitor_1_post.jpg,scr_smart_1782930550285_monitor_1_post.jpg
ses_20260701-182634-NEELA9BAF,1,ses_20260701-182634-NEELA9BAF::1,1782930550773,scr_smart_1782930550773_monitor_1_post.jpg,scr_smart_1782930550773_monitor_1_post.jpg
ses_20260701-182634-NEELA9BAF,1,ses_20260701-182634-NEELA9BAF::1,1782930551264,scr_smart_1782930551264_monitor_1_post.jpg,scr_smart_1782930551264_monitor_1_post.jpg
ses_20260701-182634-NEELA9BAF,2,ses_20260701-182634-NEELA9BAF::2,1782930553353,scr_smart_1782930553353_monitor_1_post.jpg,scr_smart_1782930553353_monitor_1_post.jpg
ses_20260701-182634-NEELA9BAF,2,ses_20260701-182634-NEELA9BAF::2,1782930560429,scr_smart_1782930560429_monitor_1_post.jpg,scr_smart_1782930560429_monitor_1_post.jpg
ses_20260701-182634-NEELA9BAF,2,ses_20260701-182634-NEELA9BAF::2,1782930563826,scr_smart_1782930563826_monitor_1_post.jpg,scr_smart_1782930563826_monitor_1_post.jpg
ses_20260701-182634-NEELA9BAF,2,ses_20260701-182634-NEELA9BAF::2,1782930564348,scr_smart_1782930564348_monitor_1_post.jpg,scr_smart_1782930564348_monitor_1_post.jpg
ses_20260701-182634-NEELA9BAF,2,ses_20260701-182634-NEELA9BAF::2,1782930564963,scr_smart_1782930564963_monitor_1_post.jpg,scr_smart_1782930564963_monitor_1_post.jpg
ses_20260701-182634-NEELA9BAF,2,ses_20260701-182634-NEELA9BAF::2,1782930565968,scr_smart_1782930565968_monitor_1_post.jpg,scr_smart_1782930565968_monitor_1_post.jpg
ses_20260701-182634-NEELA9BAF,2,ses_20260701-182634-NEELA9BAF::2,1782930568026,scr_smart_1782930568026_monitor_1_post.jpg,scr_smart_1782930568026_monitor_1_post.jpg
ses_20260701-182634-NEELA9BAF,2,ses_20260701-182634-NEELA9BAF::2,1782930570098,scr_smart_1782930570098_monitor_1_post.jpg,scr_smart_1782930570098_monitor_1_post.jpg
ses_20260701-182634-NEELA9BAF,2,ses_20260701-182634-NEELA9BAF::2,1782930571266,scr_smart_1782930571266_monitor_1_post.jpg,scr_smart_1782930571266_monitor_1_post.jpg
ses_20260701-182634-NEELA9BAF,2,ses_20260701-182634-NEELA9BAF::2,1782930571883,scr_smart_1782930571883_monitor_1_post.jpg,scr_smart_1782930571883_monitor_1_post.jpg
ses_20260701-182634-NEELA9BAF,2,ses_20260701-182634-NEELA9BAF::2,1782930573883,scr_smart_1782930573883_monitor_1_post.jpg,scr_smart_1782930573883_monitor_1_post.jpg
ses_20260701-182634-NEELA9BAF,2,ses_20260701-182634-NEELA9BAF::2,1782930578250,scr_smart_1782930578250_monitor_1_post.jpg,scr_smart_1782930578250_monitor_1_post.jpg
ses_20260701-182634-NEELA9BAF,3,ses_20260701-182634-NEELA9BAF::3,1782930700698,scr_smart_1782930700698_monitor_1_post.jpg,scr_smart_1782930700698_monitor_1_post.jpg
ses_20260701-182634-NEELA9BAF,3,ses_20260701-182634-NEELA9BAF::3,1782930702798,scr_smart_1782930702798_monitor_1_post.jpg,scr_smart_1782930702798_monitor_1_post.jpg
ses_20260701-182634-NEELA9BAF,3,ses_20260701-182634-NEELA9BAF::3,1782930716489,scr_smart_1782930716489_monitor_1_post.jpg,scr_smart_1782930716489_monitor_1_post.jpg
ses_20260701-182634-NEELA9BAF,3,ses_20260701-182634-NEELA9BAF::3,1782930724049,scr_smart_1782930724049_monitor_1_post.jpg,scr_smart_1782930724049_monitor_1_post.jpg
ses_20260701-182634-NEELA9BAF,3,ses_20260701-182634-NEELA9BAF::3,1782930726058,scr_smart_1782930726058_monitor_1_post.jpg,scr_smart_1782930726058_monitor_1_post.jpg
ses_20260701-182634-NEELA9BAF,3,ses_20260701-182634-NEELA9BAF::3,1782930726668,scr_smart_1782930726668_monitor_1_post.jpg,scr_smart_1782930726668_monitor_1_post.jpg
ses_20260701-182634-NEELA9BAF,3,ses_20260701-182634-NEELA9BAF::3,1782930727794,scr_smart_1782930727794_monitor_1_post.jpg,scr_smart_1782930727794_monitor_1_post.jpg
ses_20260701-182634-NEELA9BAF,3,ses_20260701-182634-NEELA9BAF::3,1782930728803,scr_smart_1782930728803_monitor_1_post.jpg,scr_smart_1782930728803_monitor_1_post.jpg
ses_20260701-182634-NEELA9BAF,3,ses_20260701-182634-NEELA9BAF::3,1782930731109,scr_smart_1782930731109_monitor_1_post.jpg,scr_smart_1782930731109_monitor_1_post.jpg
ses_20260701-182634-NEELA9BAF,3,ses_20260701-182634-NEELA9BAF::3,1782930735130,scr_smart_1782930735130_monitor_1_post.jpg,scr_smart_1782930735130_monitor_1_post.jpg
ses_20260701-182634-NEELA9BAF,3,ses_20260701-182634-NEELA9BAF::3,1782930736327,scr_smart_1782930736327_monitor_1_post.jpg,scr_smart_1782930736327_monitor_1_post.jpg
ses_20260701-182634-NEELA9BAF,3,ses_20260701-182634-NEELA9BAF::3,1782930737223,scr_smart_1782930737223_monitor_1_post.jpg,scr_smart_1782930737223_monitor_1_post.jpg
ses_20260701-182634-NEELA9BAF,3,ses_20260701-182634-NEELA9BAF::3,1782930739305,scr_smart_1782930739305_monitor_1_post.jpg,scr_smart_1782930739305_monitor_1_post.jpg
ses_20260701-182634-NEELA9BAF,3,ses_20260701-182634-NEELA9BAF::3,1782930743114,scr_smart_1782930743114_monitor_1_post.jpg,scr_smart_1782930743114_monitor_1_post.jpg
ses_20260701-182634-NEELA9BAF,3,ses_20260701-182634-NEELA9BAF::3,1782930744202,scr_smart_1782930744202_monitor_1_post.jpg,scr_smart_1782930744202_monitor_1_post.jpg
ses_20260701-182634-NEELA9BAF,3,ses_20260701-182634-NEELA9BAF::3,1782930745209,scr_smart_1782930745209_monitor_1_post.jpg,scr_smart_1782930745209_monitor_1_post.jpg
ses_20260701-182634-NEELA9BAF,3,ses_20260701-182634-NEELA9BAF::3,1782930747502,scr_smart_1782930747502_monitor_1_post.jpg,scr_smart_1782930747502_monitor_1_post.jpg
ses_20260701-182634-NEELA9BAF,3,ses_20260701-182634-NEELA9BAF::3,1782930751512,scr_smart_1782930751512_monitor_1_post.jpg,scr_smart_1782930751512_monitor_1_post.jpg
ses_20260701-182634-NEELA9BAF,3,ses_20260701-182634-NEELA9BAF::3,1782930752718,scr_smart_1782930752718_monitor_1_post.jpg,scr_smart_1782930752718_monitor_1_post.jpg
ses_20260701-182634-NEELA9BAF,3,ses_20260701-182634-NEELA9BAF::3,1782930753706,scr_smart_1782930753706_monitor_1_post.jpg,scr_smart_1782930753706_monitor_1_post.jpg
ses_20260701-182634-NEELA9BAF,4,ses_20260701-182634-NEELA9BAF::4,1782930756108,scr_smart_1782930756108_monitor_1_post.jpg,scr_smart_1782930756108_monitor_1_post.jpg
ses_20260701-182634-NEELA9BAF,4,ses_20260701-182634-NEELA9BAF::4,1782930762103,scr_smart_1782930762103_monitor_1_post.jpg,scr_smart_1782930762103_monitor_1_post.jpg
ses_20260701-182634-NEELA9BAF,4,ses_20260701-182634-NEELA9BAF::4,1782930762715,scr_smart_1782930762715_monitor_1_post.jpg,scr_smart_1782930762715_monitor_1_post.jpg
ses_20260701-182634-NEELA9BAF,4,ses_20260701-182634-NEELA9BAF::4,1782930766972,scr_smart_1782930766972_monitor_1_post.jpg,scr_smart_1782930766972_monitor_1_post.jpg
ses_20260701-182634-NEELA9BAF,4,ses_20260701-182634-NEELA9BAF::4,1782930769105,scr_smart_1782930769105_monitor_1_post.jpg,scr_smart_1782930769105_monitor_1_post.jpg
ses_20260701-182634-NEELA9BAF,4,ses_20260701-182634-NEELA9BAF::4,1782930769805,scr_smart_1782930769805_monitor_1_post.jpg,scr_smart_1782930769805_monitor_1_post.jpg
ses_20260701-182634-NEELA9BAF,4,ses_20260701-182634-NEELA9BAF::4,1782930771074,scr_smart_1782930771074_monitor_1_post.jpg,scr_smart_1782930771074_monitor_1_post.jpg
ses_20260701-182634-NEELA9BAF,4,ses_20260701-182634-NEELA9BAF::4,1782930775490,scr_smart_1782930775490_monitor_1_post.jpg,scr_smart_1782930775490_monitor_1_post.jpg
ses_20260701-182634-NEELA9BAF,4,ses_20260701-182634-NEELA9BAF::4,1782930776086,scr_smart_1782930776086_monitor_1_post.jpg,scr_smart_1782930776086_monitor_1_post.jpg
ses_20260701-182634-NEELA9BAF,4,ses_20260701-182634-NEELA9BAF::4,1782930776564,scr_smart_1782930776564_monitor_1_post.jpg,scr_smart_1782930776564_monitor_1_post.jpg
ses_20260701-182634-NEELA9BAF,4,ses_20260701-182634-NEELA9BAF::4,1782930779051,scr_smart_1782930779051_monitor_1_post.jpg,scr_smart_1782930779051_monitor_1_post.jpg
ses_20260701-182634-NEELA9BAF,4,ses_20260701-182634-NEELA9BAF::4,1782930783162,scr_smart_1782930783162_monitor_1_post.jpg,scr_smart_1782930783162_monitor_1_post.jpg
ses_20260701-182634-NEELA9BAF,4,ses_20260701-182634-NEELA9BAF::4,1782930784462,scr_smart_1782930784462_monitor_1_post.jpg,scr_smart_1782930784462_monitor_1_post.jpg
ses_20260701-182634-NEELA9BAF,4,ses_20260701-182634-NEELA9BAF::4,1782930785393,scr_smart_1782930785393_monitor_1_post.jpg,scr_smart_1782930785393_monitor_1_post.jpg
ses_20260701-182634-NEELA9BAF,4,ses_20260701-182634-NEELA9BAF::4,1782930787483,scr_smart_1782930787483_monitor_1_post.jpg,scr_smart_1782930787483_monitor_1_post.jpg
ses_20260701-182634-NEELA9BAF,5,ses_20260701-182634-NEELA9BAF::5,1782930791299,scr_smart_1782930791299_monitor_1_post.jpg,scr_smart_1782930791299_monitor_1_post.jpg
ses_20260701-182634-NEELA9BAF,5,ses_20260701-182634-NEELA9BAF::5,1782930792804,scr_smart_1782930792804_monitor_1_post.jpg,scr_smart_1782930792804_monitor_1_post.jpg
ses_20260701-182634-NEELA9BAF,5,ses_20260701-182634-NEELA9BAF::5,1782930796414,scr_smart_1782930796414_monitor_1_post.jpg,scr_smart_1782930796414_monitor_1_post.jpg
ses_20260701-182634-NEELA9BAF,5,ses_20260701-182634-NEELA9BAF::5,1782930797320,scr_smart_1782930797320_monitor_1_post.jpg,scr_smart_1782930797320_monitor_1_post.jpg
ses_20260701-182634-NEELA9BAF,5,ses_20260701-182634-NEELA9BAF::5,1782930799616,scr_smart_1782930799616_monitor_1_post.jpg,scr_smart_1782930799616_monitor_1_post.jpg
ses_20260701-182634-NEELA9BAF,5,ses_20260701-182634-NEELA9BAF::5,1782930802120,scr_smart_1782930802120_monitor_1_post.jpg,scr_smart_1782930802120_monitor_1_post.jpg
ses_20260701-182634-NEELA9BAF,5,ses_20260701-182634-NEELA9BAF::5,1782930807189,scr_smart_1782930807189_monitor_1_post.jpg,scr_smart_1782930807189_monitor_1_post.jpg
ses_20260701-182634-NEELA9BAF,5,ses_20260701-182634-NEELA9BAF::5,1782930808593,scr_smart_1782930808593_monitor_1_post.jpg,scr_smart_1782930808593_monitor_1_post.jpg
ses_20260701-182634-NEELA9BAF,5,ses_20260701-182634-NEELA9BAF::5,1782930810181,scr_smart_1782930810181_monitor_1_post.jpg,scr_smart_1782930810181_monitor_1_post.jpg
ses_20260701-182634-NEELA9BAF,5,ses_20260701-182634-NEELA9BAF::5,1782930812072,scr_smart_1782930812072_monitor_1_post.jpg,scr_smart_1782930812072_monitor_1_post.jpg
ses_20260701-182634-NEELA9BAF,5,ses_20260701-182634-NEELA9BAF::5,1782930814470,scr_smart_1782930814470_monitor_1_post.jpg,scr_smart_1782930814470_monitor_1_post.jpg
ses_20260701-182634-NEELA9BAF,5,ses_20260701-182634-NEELA9BAF::5,1782930814986,scr_smart_1782930814986_monitor_1_post.jpg,scr_smart_1782930814986_monitor_1_post.jpg
ses_20260701-182634-NEELA9BAF,5,ses_20260701-182634-NEELA9BAF::5,1782930816481,scr_smart_1782930816481_monitor_1_post.jpg,scr_smart_1782930816481_monitor_1_post.jpg
ses_20260701-182634-NEELA9BAF,5,ses_20260701-182634-NEELA9BAF::5,1782930820683,scr_smart_1782930820683_monitor_1_post.jpg,scr_smart_1782930820683_monitor_1_post.jpg
ses_20260701-182634-NEELA9BAF,5,ses_20260701-182634-NEELA9BAF::5,1782930821701,scr_smart_1782930821701_monitor_1_post.jpg,scr_smart_1782930821701_monitor_1_post.jpg
ses_20260701-182634-NEELA9BAF,5,ses_20260701-182634-NEELA9BAF::5,1782930823788,scr_smart_1782930823788_monitor_1_post.jpg,scr_smart_1782930823788_monitor_1_post.jpg
ses_20260701-182634-NEELA9BAF,6,ses_20260701-182634-NEELA9BAF::6,1782930835086,scr_smart_1782930835086_monitor_1_post.jpg,scr_smart_1782930835086_monitor_1_post.jpg
ses_20260701-182634-NEELA9BAF,6,ses_20260701-182634-NEELA9BAF::6,1782930836388,scr_smart_1782930836388_monitor_1_post.jpg,scr_smart_1782930836388_monitor_1_post.jpg
ses_20260701-182634-NEELA9BAF,6,ses_20260701-182634-NEELA9BAF::6,1782930837488,scr_smart_1782930837488_monitor_1_post.jpg,scr_smart_1782930837488_monitor_1_post.jpg
ses_20260701-182634-NEELA9BAF,6,ses_20260701-182634-NEELA9BAF::6,1782930839567,scr_smart_1782930839567_monitor_1_post.jpg,scr_smart_1782930839567_monitor_1_post.jpg
ses_20260701-182634-NEELA9BAF,6,ses_20260701-182634-NEELA9BAF::6,1782930843598,scr_smart_1782930843598_monitor_1_post.jpg,scr_smart_1782930843598_monitor_1_post.jpg
ses_20260701-182634-NEELA9BAF,6,ses_20260701-182634-NEELA9BAF::6,1782930844818,scr_smart_1782930844818_monitor_1_post.jpg,scr_smart_1782930844818_monitor_1_post.jpg
ses_20260701-182634-NEELA9BAF,6,ses_20260701-182634-NEELA9BAF::6,1782930845821,scr_smart_1782930845821_monitor_1_post.jpg,scr_smart_1782930845821_monitor_1_post.jpg
ses_20260701-182634-NEELA9BAF,7,ses_20260701-182634-NEELA9BAF::7,1782930847904,scr_smart_1782930847904_monitor_1_post.jpg,scr_smart_1782930847904_monitor_1_post.jpg
ses_20260701-182634-NEELA9BAF,7,ses_20260701-182634-NEELA9BAF::7,1782930849486,scr_smart_1782930849486_monitor_1_post.jpg,scr_smart_1782930849486_monitor_1_post.jpg
ses_20260701-182634-NEELA9BAF,7,ses_20260701-182634-NEELA9BAF::7,1782930853106,scr_smart_1782930853106_monitor_1_post.jpg,scr_smart_1782930853106_monitor_1_post.jpg
ses_20260701-182634-NEELA9BAF,7,ses_20260701-182634-NEELA9BAF::7,1782930854598,scr_smart_1782930854598_monitor_1_post.jpg,scr_smart_1782930854598_monitor_1_post.jpg
ses_20260701-182634-NEELA9BAF,7,ses_20260701-182634-NEELA9BAF::7,1782930855494,scr_smart_1782930855494_monitor_1_post.jpg,scr_smart_1782930855494_monitor_1_post.jpg
ses_20260701-182634-NEELA9BAF,7,ses_20260701-182634-NEELA9BAF::7,1782930856291,scr_smart_1782930856291_monitor_1_post.jpg,scr_smart_1782930856291_monitor_1_post.jpg
ses_20260701-182634-NEELA9BAF,7,ses_20260701-182634-NEELA9BAF::7,1782930857951,scr_smart_1782930857951_monitor_1_post.jpg,scr_smart_1782930857951_monitor_1_post.jpg
ses_20260701-182634-NEELA9BAF,7,ses_20260701-182634-NEELA9BAF::7,1782930862218,scr_smart_1782930862218_monitor_1_post.jpg,scr_smart_1782930862218_monitor_1_post.jpg
ses_20260701-182634-NEELA9BAF,7,ses_20260701-182634-NEELA9BAF::7,1782930863433,scr_smart_1782930863433_monitor_1_post.jpg,scr_smart_1782930863433_monitor_1_post.jpg
ses_20260701-182634-NEELA9BAF,7,ses_20260701-182634-NEELA9BAF::7,1782930864357,scr_smart_1782930864357_monitor_1_post.jpg,scr_smart_1782930864357_monitor_1_post.jpg
ses_20260701-182634-NEELA9BAF,7,ses_20260701-182634-NEELA9BAF::7,1782930866843,scr_smart_1782930866843_monitor_1_post.jpg,scr_smart_1782930866843_monitor_1_post.jpg
ses_20260701-182634-NEELA9BAF,8,ses_20260701-182634-NEELA9BAF::8,1782930923665,scr_smart_1782930923665_monitor_1_post.jpg,scr_smart_1782930923665_monitor_1_post.jpg
ses_20260701-182634-NEELA9BAF,8,ses_20260701-182634-NEELA9BAF::8,1782930925775,scr_smart_1782930925775_monitor_1_post.jpg,scr_smart_1782930925775_monitor_1_post.jpg
ses_20260701-182634-NEELA9BAF,8,ses_20260701-182634-NEELA9BAF::8,1782930927060,scr_smart_1782930927060_monitor_1_post.jpg,scr_smart_1782930927060_monitor_1_post.jpg
ses_20260701-182634-NEELA9BAF,8,ses_20260701-182634-NEELA9BAF::8,1782930928048,scr_smart_1782930928048_monitor_1_post.jpg,scr_smart_1782930928048_monitor_1_post.jpg
ses_20260701-182634-NEELA9BAF,8,ses_20260701-182634-NEELA9BAF::8,1782930930141,scr_smart_1782930930141_monitor_1_post.jpg,scr_smart_1782930930141_monitor_1_post.jpg
ses_20260701-182634-NEELA9BAF,8,ses_20260701-182634-NEELA9BAF::8,1782930933949,scr_smart_1782930933949_monitor_1_post.jpg,scr_smart_1782930933949_monitor_1_post.jpg
ses_20260701-182634-NEELA9BAF,8,ses_20260701-182634-NEELA9BAF::8,1782930935251,scr_smart_1782930935251_monitor_1_post.jpg,scr_smart_1782930935251_monitor_1_post.jpg
ses_20260701-182634-NEELA9BAF,8,ses_20260701-182634-NEELA9BAF::8,1782930936154,scr_smart_1782930936154_monitor_1_post.jpg,scr_smart_1782930936154_monitor_1_post.jpg
ses_20260701-182634-NEELA9BAF,9,ses_20260701-182634-NEELA9BAF::9,1782930938349,scr_smart_1782930938349_monitor_1_post.jpg,scr_smart_1782930938349_monitor_1_post.jpg
ses_20260701-182634-NEELA9BAF,9,ses_20260701-182634-NEELA9BAF::9,1782930942875,scr_smart_1782930942875_monitor_1_post.jpg,scr_smart_1782930942875_monitor_1_post.jpg
ses_20260701-182634-NEELA9BAF,9,ses_20260701-182634-NEELA9BAF::9,1782930944170,scr_smart_1782930944170_monitor_1_post.jpg,scr_smart_1782930944170_monitor_1_post.jpg
ses_20260701-182634-NEELA9BAF,9,ses_20260701-182634-NEELA9BAF::9,1782930945169,scr_smart_1782930945169_monitor_1_post.jpg,scr_smart_1782930945169_monitor_1_post.jpg
ses_20260701-182634-NEELA9BAF,9,ses_20260701-182634-NEELA9BAF::9,1782930947471,scr_smart_1782930947471_monitor_1_post.jpg,scr_smart_1782930947471_monitor_1_post.jpg
ses_20260701-182634-NEELA9BAF,9,ses_20260701-182634-NEELA9BAF::9,1782930951396,scr_smart_1782930951396_monitor_1_post.jpg,scr_smart_1782930951396_monitor_1_post.jpg
ses_20260701-182634-NEELA9BAF,9,ses_20260701-182634-NEELA9BAF::9,1782930952697,scr_smart_1782930952697_monitor_1_post.jpg,scr_smart_1782930952697_monitor_1_post.jpg
ses_20260701-182634-NEELA9BAF,9,ses_20260701-182634-NEELA9BAF::9,1782930953695,scr_smart_1782930953695_monitor_1_post.jpg,scr_smart_1782930953695_monitor_1_post.jpg
ses_20260701-182634-NEELA9BAF,10,ses_20260701-182634-NEELA9BAF::10,1782930955775,scr_smart_1782930955775_monitor_1_post.jpg,scr_smart_1782930955775_monitor_1_post.jpg
ses_20260701-183232-LAPTOP-76QMG9DE,0,ses_20260701-183232-LAPTOP-76QMG9DE::0,1782930966516,scr_smart_1782930966516_monitor_1_post.jpg,scr_smart_1782930966516_monitor_1_post.jpg
ses_20260701-183232-LAPTOP-76QMG9DE,0,ses_20260701-183232-LAPTOP-76QMG9DE::0,1782930968157,scr_smart_1782930968157_monitor_1_post.jpg,scr_smart_1782930968157_monitor_1_post.jpg
ses_20260701-183232-LAPTOP-76QMG9DE,0,ses_20260701-183232-LAPTOP-76QMG9DE::0,1782930968793,scr_smart_1782930968793_monitor_1_post.jpg,scr_smart_1782930968793_monitor_1_post.jpg
ses_20260701-183232-LAPTOP-76QMG9DE,0,ses_20260701-183232-LAPTOP-76QMG9DE::0,1782930969828,scr_smart_1782930969828_monitor_1_post.jpg,scr_smart_1782930969828_monitor_1_post.jpg
ses_20260701-183232-LAPTOP-76QMG9DE,0,ses_20260701-183232-LAPTOP-76QMG9DE::0,1782930970859,scr_smart_1782930970859_monitor_1_post.jpg,scr_smart_1782930970859_monitor_1_post.jpg
ses_20260701-183232-LAPTOP-76QMG9DE,0,ses_20260701-183232-LAPTOP-76QMG9DE::0,1782930973105,scr_smart_1782930973105_monitor_1_post.jpg,scr_smart_1782930973105_monitor_1_post.jpg
ses_20260701-183232-LAPTOP-76QMG9DE,0,ses_20260701-183232-LAPTOP-76QMG9DE::0,1782930979804,scr_smart_1782930979804_monitor_1_post.jpg,scr_smart_1782930979804_monitor_1_post.jpg
ses_20260701-183232-LAPTOP-76QMG9DE,0,ses_20260701-183232-LAPTOP-76QMG9DE::0,1782930981350,scr_smart_1782930981350_monitor_1_post.jpg,scr_smart_1782930981350_monitor_1_post.jpg
ses_20260701-183232-LAPTOP-76QMG9DE,0,ses_20260701-183232-LAPTOP-76QMG9DE::0,1782930982282,scr_smart_1782930982282_monitor_1_post.jpg,scr_smart_1782930982282_monitor_1_post.jpg
ses_20260701-183232-LAPTOP-76QMG9DE,1,ses_20260701-183232-LAPTOP-76QMG9DE::1,1782930984422,scr_smart_1782930984422_monitor_1_post.jpg,scr_smart_1782930984422_monitor_1_post.jpg
ses_20260701-183232-LAPTOP-76QMG9DE,1,ses_20260701-183232-LAPTOP-76QMG9DE::1,1782930987880,scr_smart_1782930987880_monitor_1_post.jpg,scr_smart_1782930987880_monitor_1_post.jpg
ses_20260701-183232-LAPTOP-76QMG9DE,1,ses_20260701-183232-LAPTOP-76QMG9DE::1,1782930988434,scr_smart_1782930988434_monitor_1_post.jpg,scr_smart_1782930988434_monitor_1_post.jpg
ses_20260701-183232-LAPTOP-76QMG9DE,1,ses_20260701-183232-LAPTOP-76QMG9DE::1,1782930991647,scr_smart_1782930991647_monitor_1_post.jpg,scr_smart_1782930991647_monitor_1_post.jpg
ses_20260701-183232-LAPTOP-76QMG9DE,1,ses_20260701-183232-LAPTOP-76QMG9DE::1,1782930992921,scr_smart_1782930992921_monitor_1_post.jpg,scr_smart_1782930992921_monitor_1_post.jpg
ses_20260701-183232-LAPTOP-76QMG9DE,1,ses_20260701-183232-LAPTOP-76QMG9DE::1,1782930993766,scr_smart_1782930993766_monitor_1_post.jpg,scr_smart_1782930993766_monitor_1_post.jpg
ses_20260701-183232-LAPTOP-76QMG9DE,1,ses_20260701-183232-LAPTOP-76QMG9DE::1,1782930995413,scr_smart_1782930995413_monitor_1_post.jpg,scr_smart_1782930995413_monitor_1_post.jpg
ses_20260701-183232-LAPTOP-76QMG9DE,1,ses_20260701-183232-LAPTOP-76QMG9DE::1,1782931001254,scr_smart_1782931001254_monitor_1_post.jpg,scr_smart_1782931001254_monitor_1_post.jpg
ses_20260701-183232-LAPTOP-76QMG9DE,1,ses_20260701-183232-LAPTOP-76QMG9DE::1,1782931004497,scr_smart_1782931004497_monitor_1_post.jpg,scr_smart_1782931004497_monitor_1_post.jpg
ses_20260701-183232-LAPTOP-76QMG9DE,1,ses_20260701-183232-LAPTOP-76QMG9DE::1,1782931005830,scr_smart_1782931005830_monitor_1_post.jpg,scr_smart_1782931005830_monitor_1_post.jpg
ses_20260701-184201-LAPTOP-76QMG9DE,0,ses_20260701-184201-LAPTOP-76QMG9DE::0,1782931686614,scr_smart_1782931686614_monitor_1_post.jpg,scr_smart_1782931686614_monitor_1_post.jpg
ses_20260701-184201-LAPTOP-76QMG9DE,0,ses_20260701-184201-LAPTOP-76QMG9DE::0,1782931689266,scr_smart_1782931689266_monitor_1_post.jpg,scr_smart_1782931689266_monitor_1_post.jpg
ses_20260701-184201-LAPTOP-76QMG9DE,0,ses_20260701-184201-LAPTOP-76QMG9DE::0,1782931692535,scr_smart_1782931692535_monitor_1_post.jpg,scr_smart_1782931692535_monitor_1_post.jpg
ses_20260701-184201-LAPTOP-76QMG9DE,0,ses_20260701-184201-LAPTOP-76QMG9DE::0,1782931694679,scr_smart_1782931694679_monitor_1_post.jpg,scr_smart_1782931694679_monitor_1_post.jpg
ses_20260701-184201-LAPTOP-76QMG9DE,0,ses_20260701-184201-LAPTOP-76QMG9DE::0,1782931695725,scr_smart_1782931695725_monitor_1_post.jpg,scr_smart_1782931695725_monitor_1_post.jpg
ses_20260701-184201-LAPTOP-76QMG9DE,0,ses_20260701-184201-LAPTOP-76QMG9DE::0,1782931697585,scr_smart_1782931697585_monitor_1_post.jpg,scr_smart_1782931697585_monitor_1_post.jpg
ses_20260701-184201-LAPTOP-76QMG9DE,0,ses_20260701-184201-LAPTOP-76QMG9DE::0,1782931702909,scr_smart_1782931702909_monitor_1_post.jpg,scr_smart_1782931702909_monitor_1_post.jpg
ses_20260701-184201-LAPTOP-76QMG9DE,0,ses_20260701-184201-LAPTOP-76QMG9DE::0,1782931707262,scr_smart_1782931707262_monitor_1_post.jpg,scr_smart_1782931707262_monitor_1_post.jpg
ses_20260701-184201-LAPTOP-76QMG9DE,0,ses_20260701-184201-LAPTOP-76QMG9DE::0,1782931709008,scr_smart_1782931709008_monitor_1_post.jpg,scr_smart_1782931709008_monitor_1_post.jpg
ses_20260701-184201-LAPTOP-76QMG9DE,0,ses_20260701-184201-LAPTOP-76QMG9DE::0,1782931710775,scr_smart_1782931710775_monitor_1_post.jpg,scr_smart_1782931710775_monitor_1_post.jpg
ses_20260701-184201-LAPTOP-76QMG9DE,0,ses_20260701-184201-LAPTOP-76QMG9DE::0,1782931711806,scr_smart_1782931711806_monitor_1_post.jpg,scr_smart_1782931711806_monitor_1_post.jpg
ses_20260701-184201-LAPTOP-76QMG9DE,1,ses_20260701-184201-LAPTOP-76QMG9DE::1,1782931713956,scr_smart_1782931713956_monitor_1_post.jpg,scr_smart_1782931713956_monitor_1_post.jpg
ses_20260701-184201-LAPTOP-76QMG9DE,1,ses_20260701-184201-LAPTOP-76QMG9DE::1,1782931717322,scr_smart_1782931717322_monitor_1_post.jpg,scr_smart_1782931717322_monitor_1_post.jpg
ses_20260701-184201-LAPTOP-76QMG9DE,1,ses_20260701-184201-LAPTOP-76QMG9DE::1,1782931720673,scr_smart_1782931720673_monitor_1_post.jpg,scr_smart_1782931720673_monitor_1_post.jpg
ses_20260701-184201-LAPTOP-76QMG9DE,1,ses_20260701-184201-LAPTOP-76QMG9DE::1,1782931722540,scr_smart_1782931722540_monitor_1_post.jpg,scr_smart_1782931722540_monitor_1_post.jpg
ses_20260701-184201-LAPTOP-76QMG9DE,1,ses_20260701-184201-LAPTOP-76QMG9DE::1,1782931723711,scr_smart_1782931723711_monitor_1_post.jpg,scr_smart_1782931723711_monitor_1_post.jpg
ses_20260701-184201-LAPTOP-76QMG9DE,1,ses_20260701-184201-LAPTOP-76QMG9DE::1,1782931725054,scr_smart_1782931725054_monitor_1_post.jpg,scr_smart_1782931725054_monitor_1_post.jpg
ses_20260701-184201-LAPTOP-76QMG9DE,1,ses_20260701-184201-LAPTOP-76QMG9DE::1,1782931727434,scr_smart_1782931727434_monitor_1_post.jpg,scr_smart_1782931727434_monitor_1_post.jpg
ses_20260701-184201-LAPTOP-76QMG9DE,1,ses_20260701-184201-LAPTOP-76QMG9DE::1,1782931729279,scr_smart_1782931729279_monitor_1_post.jpg,scr_smart_1782931729279_monitor_1_post.jpg
ses_20260701-184201-LAPTOP-76QMG9DE,1,ses_20260701-184201-LAPTOP-76QMG9DE::1,1782931730924,scr_smart_1782931730924_monitor_1_post.jpg,scr_smart_1782931730924_monitor_1_post.jpg
ses_20260701-184201-LAPTOP-76QMG9DE,1,ses_20260701-184201-LAPTOP-76QMG9DE::1,1782931732060,scr_smart_1782931732060_monitor_1_post.jpg,scr_smart_1782931732060_monitor_1_post.jpg
ses_20260701-184201-LAPTOP-76QMG9DE,2,ses_20260701-184201-LAPTOP-76QMG9DE::2,1782931734001,scr_smart_1782931734001_monitor_1_post.jpg,scr_smart_1782931734001_monitor_1_post.jpg
ses_20260701-184201-LAPTOP-76QMG9DE,2,ses_20260701-184201-LAPTOP-76QMG9DE::2,1782931737716,scr_smart_1782931737716_monitor_1_post.jpg,scr_smart_1782931737716_monitor_1_post.jpg
ses_20260701-184201-LAPTOP-76QMG9DE,2,ses_20260701-184201-LAPTOP-76QMG9DE::2,1782931739092,scr_smart_1782931739092_monitor_1_post.jpg,scr_smart_1782931739092_monitor_1_post.jpg
ses_20260701-184201-LAPTOP-76QMG9DE,2,ses_20260701-184201-LAPTOP-76QMG9DE::2,1782931743584,scr_smart_1782931743584_monitor_1_post.jpg,scr_smart_1782931743584_monitor_1_post.jpg
ses_20260701-184201-LAPTOP-76QMG9DE,2,ses_20260701-184201-LAPTOP-76QMG9DE::2,1782931744734,scr_smart_1782931744734_monitor_1_post.jpg,scr_smart_1782931744734_monitor_1_post.jpg
ses_20260701-184201-LAPTOP-76QMG9DE,2,ses_20260701-184201-LAPTOP-76QMG9DE::2,1782931745976,scr_smart_1782931745976_monitor_1_post.jpg,scr_smart_1782931745976_monitor_1_post.jpg
ses_20260701-184201-LAPTOP-76QMG9DE,2,ses_20260701-184201-LAPTOP-76QMG9DE::2,1782931748542,scr_smart_1782931748542_monitor_1_post.jpg,scr_smart_1782931748542_monitor_1_post.jpg
ses_20260701-184201-LAPTOP-76QMG9DE,2,ses_20260701-184201-LAPTOP-76QMG9DE::2,1782931749282,scr_smart_1782931749282_monitor_1_post.jpg,scr_smart_1782931749282_monitor_1_post.jpg
ses_20260701-184201-LAPTOP-76QMG9DE,2,ses_20260701-184201-LAPTOP-76QMG9DE::2,1782931752063,scr_smart_1782931752063_monitor_1_post.jpg,scr_smart_1782931752063_monitor_1_post.jpg
ses_20260701-184201-LAPTOP-76QMG9DE,2,ses_20260701-184201-LAPTOP-76QMG9DE::2,1782931755434,scr_smart_1782931755434_monitor_1_post.jpg,scr_smart_1782931755434_monitor_1_post.jpg
ses_20260701-184201-LAPTOP-76QMG9DE,2,ses_20260701-184201-LAPTOP-76QMG9DE::2,1782931757716,scr_smart_1782931757716_monitor_1_post.jpg,scr_smart_1782931757716_monitor_1_post.jpg
ses_20260701-184201-LAPTOP-76QMG9DE,2,ses_20260701-184201-LAPTOP-76QMG9DE::2,1782931758653,scr_smart_1782931758653_monitor_1_post.jpg,scr_smart_1782931758653_monitor_1_post.jpg
ses_20260701-184201-LAPTOP-76QMG9DE,2,ses_20260701-184201-LAPTOP-76QMG9DE::2,1782931760789,scr_smart_1782931760789_monitor_1_post.jpg,scr_smart_1782931760789_monitor_1_post.jpg
ses_20260701-184201-LAPTOP-76QMG9DE,3,ses_20260701-184201-LAPTOP-76QMG9DE::3,1782931764174,scr_smart_1782931764174_monitor_1_post.jpg,scr_smart_1782931764174_monitor_1_post.jpg
ses_20260701-184201-LAPTOP-76QMG9DE,3,ses_20260701-184201-LAPTOP-76QMG9DE::3,1782931765924,scr_smart_1782931765924_monitor_1_post.jpg,scr_smart_1782931765924_monitor_1_post.jpg
ses_20260701-184201-LAPTOP-76QMG9DE,3,ses_20260701-184201-LAPTOP-76QMG9DE::3,1782931769825,scr_smart_1782931769825_monitor_1_post.jpg,scr_smart_1782931769825_monitor_1_post.jpg
ses_20260701-184201-LAPTOP-76QMG9DE,3,ses_20260701-184201-LAPTOP-76QMG9DE::3,1782931770380,scr_smart_1782931770380_monitor_1_post.jpg,scr_smart_1782931770380_monitor_1_post.jpg
ses_20260701-184201-LAPTOP-76QMG9DE,3,ses_20260701-184201-LAPTOP-76QMG9DE::3,1782931770937,scr_smart_1782931770937_monitor_1_post.jpg,scr_smart_1782931770937_monitor_1_post.jpg
ses_20260701-184201-LAPTOP-76QMG9DE,3,ses_20260701-184201-LAPTOP-76QMG9DE::3,1782931773183,scr_smart_1782931773183_monitor_1_post.jpg,scr_smart_1782931773183_monitor_1_post.jpg
ses_20260701-184201-LAPTOP-76QMG9DE,4,ses_20260701-184201-LAPTOP-76QMG9DE::4,1782931779752,scr_smart_1782931779752_monitor_1_post.jpg,scr_smart_1782931779752_monitor_1_post.jpg
ses_20260701-184201-LAPTOP-76QMG9DE,4,ses_20260701-184201-LAPTOP-76QMG9DE::4,1782931781892,scr_smart_1782931781892_monitor_1_post.jpg,scr_smart_1782931781892_monitor_1_post.jpg
ses_20260701-184201-LAPTOP-76QMG9DE,4,ses_20260701-184201-LAPTOP-76QMG9DE::4,1782931783232,scr_smart_1782931783232_monitor_1_post.jpg,scr_smart_1782931783232_monitor_1_post.jpg
ses_20260701-184201-LAPTOP-76QMG9DE,4,ses_20260701-184201-LAPTOP-76QMG9DE::4,1782931784077,scr_smart_1782931784077_monitor_1_post.jpg,scr_smart_1782931784077_monitor_1_post.jpg
ses_20260701-184201-LAPTOP-76QMG9DE,5,ses_20260701-184201-LAPTOP-76QMG9DE::5,1782931786423,scr_smart_1782931786423_monitor_1_post.jpg,scr_smart_1782931786423_monitor_1_post.jpg
ses_20260701-184201-LAPTOP-76QMG9DE,5,ses_20260701-184201-LAPTOP-76QMG9DE::5,1782931789071,scr_smart_1782931789071_monitor_1_post.jpg,scr_smart_1782931789071_monitor_1_post.jpg
ses_20260701-184201-LAPTOP-76QMG9DE,5,ses_20260701-184201-LAPTOP-76QMG9DE::5,1782931790429,scr_smart_1782931790429_monitor_1_post.jpg,scr_smart_1782931790429_monitor_1_post.jpg
ses_20260701-184201-LAPTOP-76QMG9DE,5,ses_20260701-184201-LAPTOP-76QMG9DE::5,1782931795316,scr_smart_1782931795316_monitor_1_post.jpg,scr_smart_1782931795316_monitor_1_post.jpg
ses_20260701-184201-LAPTOP-76QMG9DE,5,ses_20260701-184201-LAPTOP-76QMG9DE::5,1782931796653,scr_smart_1782931796653_monitor_1_post.jpg,scr_smart_1782931796653_monitor_1_post.jpg
ses_20260701-184201-LAPTOP-76QMG9DE,5,ses_20260701-184201-LAPTOP-76QMG9DE::5,1782931798089,scr_smart_1782931798089_monitor_1_post.jpg,scr_smart_1782931798089_monitor_1_post.jpg
ses_20260701-184201-LAPTOP-76QMG9DE,5,ses_20260701-184201-LAPTOP-76QMG9DE::5,1782931799745,scr_smart_1782931799745_monitor_1_post.jpg,scr_smart_1782931799745_monitor_1_post.jpg
ses_20260701-184201-LAPTOP-76QMG9DE,5,ses_20260701-184201-LAPTOP-76QMG9DE::5,1782931805447,scr_smart_1782931805447_monitor_1_post.jpg,scr_smart_1782931805447_monitor_1_post.jpg
ses_20260701-184201-LAPTOP-76QMG9DE,5,ses_20260701-184201-LAPTOP-76QMG9DE::5,1782931807944,scr_smart_1782931807944_monitor_1_post.jpg,scr_smart_1782931807944_monitor_1_post.jpg
ses_20260701-184201-LAPTOP-76QMG9DE,5,ses_20260701-184201-LAPTOP-76QMG9DE::5,1782931811101,scr_smart_1782931811101_monitor_1_post.jpg,scr_smart_1782931811101_monitor_1_post.jpg
ses_20260701-184201-LAPTOP-76QMG9DE,5,ses_20260701-184201-LAPTOP-76QMG9DE::5,1782931812075,scr_smart_1782931812075_monitor_1_post.jpg,scr_smart_1782931812075_monitor_1_post.jpg
ses_20260701-184201-LAPTOP-76QMG9DE,5,ses_20260701-184201-LAPTOP-76QMG9DE::5,1782931814248,scr_smart_1782931814248_monitor_1_post.jpg,scr_smart_1782931814248_monitor_1_post.jpg
ses_20260701-184201-LAPTOP-76QMG9DE,5,ses_20260701-184201-LAPTOP-76QMG9DE::5,1782931816401,scr_smart_1782931816401_monitor_1_post.jpg,scr_smart_1782931816401_monitor_1_post.jpg
ses_20260701-184201-LAPTOP-76QMG9DE,5,ses_20260701-184201-LAPTOP-76QMG9DE::5,1782931817360,scr_smart_1782931817360_monitor_1_post.jpg,scr_smart_1782931817360_monitor_1_post.jpg
ses_20260701-184201-LAPTOP-76QMG9DE,5,ses_20260701-184201-LAPTOP-76QMG9DE::5,1782931820945,scr_smart_1782931820945_monitor_1_post.jpg,scr_smart_1782931820945_monitor_1_post.jpg
ses_20260701-184201-LAPTOP-76QMG9DE,5,ses_20260701-184201-LAPTOP-76QMG9DE::5,1782931821991,scr_smart_1782931821991_monitor_1_post.jpg,scr_smart_1782931821991_monitor_1_post.jpg
ses_20260701-184201-LAPTOP-76QMG9DE,5,ses_20260701-184201-LAPTOP-76QMG9DE::5,1782931823627,scr_smart_1782931823627_monitor_1_post.jpg,scr_smart_1782931823627_monitor_1_post.jpg
ses_20260701-184201-LAPTOP-76QMG9DE,5,ses_20260701-184201-LAPTOP-76QMG9DE::5,1782931825914,scr_smart_1782931825914_monitor_1_post.jpg,scr_smart_1782931825914_monitor_1_post.jpg
ses_20260701-184201-LAPTOP-76QMG9DE,5,ses_20260701-184201-LAPTOP-76QMG9DE::5,1782931828271,scr_smart_1782931828271_monitor_1_post.jpg,scr_smart_1782931828271_monitor_1_post.jpg
ses_20260701-184201-LAPTOP-76QMG9DE,5,ses_20260701-184201-LAPTOP-76QMG9DE::5,1782931829938,scr_smart_1782931829938_monitor_1_post.jpg,scr_smart_1782931829938_monitor_1_post.jpg
ses_20260701-184201-LAPTOP-76QMG9DE,5,ses_20260701-184201-LAPTOP-76QMG9DE::5,1782931830578,scr_smart_1782931830578_monitor_1_post.jpg,scr_smart_1782931830578_monitor_1_post.jpg
ses_20260701-184201-LAPTOP-76QMG9DE,5,ses_20260701-184201-LAPTOP-76QMG9DE::5,1782931831112,scr_smart_1782931831112_monitor_1_post.jpg,scr_smart_1782931831112_monitor_1_post.jpg
ses_20260701-184201-LAPTOP-76QMG9DE,5,ses_20260701-184201-LAPTOP-76QMG9DE::5,1782931833182,scr_smart_1782931833182_monitor_1_post.jpg,scr_smart_1782931833182_monitor_1_post.jpg
ses_20260701-184201-LAPTOP-76QMG9DE,5,ses_20260701-184201-LAPTOP-76QMG9DE::5,1782931836553,scr_smart_1782931836553_monitor_1_post.jpg,scr_smart_1782931836553_monitor_1_post.jpg
ses_20260701-184201-LAPTOP-76QMG9DE,5,ses_20260701-184201-LAPTOP-76QMG9DE::5,1782931838401,scr_smart_1782931838401_monitor_1_post.jpg,scr_smart_1782931838401_monitor_1_post.jpg
ses_20260701-184201-LAPTOP-76QMG9DE,5,ses_20260701-184201-LAPTOP-76QMG9DE::5,1782931839239,scr_smart_1782931839239_monitor_1_post.jpg,scr_smart_1782931839239_monitor_1_post.jpg
ses_20260701-184201-LAPTOP-76QMG9DE,6,ses_20260701-184201-LAPTOP-76QMG9DE::6,1782932074589,scr_smart_1782932074589_monitor_1_post.jpg,scr_smart_1782932074589_monitor_1_post.jpg
ses_20260701-184201-LAPTOP-76QMG9DE,6,ses_20260701-184201-LAPTOP-76QMG9DE::6,1782932077240,scr_smart_1782932077240_monitor_1_post.jpg,scr_smart_1782932077240_monitor_1_post.jpg
ses_20260701-184201-LAPTOP-76QMG9DE,6,ses_20260701-184201-LAPTOP-76QMG9DE::6,1782932078508,scr_smart_1782932078508_monitor_1_post.jpg,scr_smart_1782932078508_monitor_1_post.jpg
ses_20260701-184201-LAPTOP-76QMG9DE,6,ses_20260701-184201-LAPTOP-76QMG9DE::6,1782932082174,scr_smart_1782932082174_monitor_1_post.jpg,scr_smart_1782932082174_monitor_1_post.jpg
ses_20260701-184201-LAPTOP-76QMG9DE,6,ses_20260701-184201-LAPTOP-76QMG9DE::6,1782932083522,scr_smart_1782932083522_monitor_1_post.jpg,scr_smart_1782932083522_monitor_1_post.jpg
ses_20260701-184201-LAPTOP-76QMG9DE,6,ses_20260701-184201-LAPTOP-76QMG9DE::6,1782932085281,scr_smart_1782932085281_monitor_1_post.jpg,scr_smart_1782932085281_monitor_1_post.jpg
ses_20260701-184201-LAPTOP-76QMG9DE,6,ses_20260701-184201-LAPTOP-76QMG9DE::6,1782932087142,scr_smart_1782932087142_monitor_1_post.jpg,scr_smart_1782932087142_monitor_1_post.jpg
ses_20260701-184201-LAPTOP-76QMG9DE,6,ses_20260701-184201-LAPTOP-76QMG9DE::6,1782932090719,scr_smart_1782932090719_monitor_1_post.jpg,scr_smart_1782932090719_monitor_1_post.jpg
ses_20260701-184201-LAPTOP-76QMG9DE,6,ses_20260701-184201-LAPTOP-76QMG9DE::6,1782932092278,scr_smart_1782932092278_monitor_1_post.jpg,scr_smart_1782932092278_monitor_1_post.jpg
ses_20260701-184201-LAPTOP-76QMG9DE,6,ses_20260701-184201-LAPTOP-76QMG9DE::6,1782932092825,scr_smart_1782932092825_monitor_1_post.jpg,scr_smart_1782932092825_monitor_1_post.jpg
ses_20260701-184201-LAPTOP-76QMG9DE,6,ses_20260701-184201-LAPTOP-76QMG9DE::6,1782932094393,scr_smart_1782932094393_monitor_1_post.jpg,scr_smart_1782932094393_monitor_1_post.jpg
ses_20260701-184201-LAPTOP-76QMG9DE,6,ses_20260701-184201-LAPTOP-76QMG9DE::6,1782932095243,scr_smart_1782932095243_monitor_1_post.jpg,scr_smart_1782932095243_monitor_1_post.jpg
ses_20260701-184201-LAPTOP-76QMG9DE,6,ses_20260701-184201-LAPTOP-76QMG9DE::6,1782932098924,scr_smart_1782932098924_monitor_1_post.jpg,scr_smart_1782932098924_monitor_1_post.jpg
ses_20260701-184201-LAPTOP-76QMG9DE,6,ses_20260701-184201-LAPTOP-76QMG9DE::6,1782932099758,scr_smart_1782932099758_monitor_1_post.jpg,scr_smart_1782932099758_monitor_1_post.jpg
ses_20260701-184201-LAPTOP-76QMG9DE,6,ses_20260701-184201-LAPTOP-76QMG9DE::6,1782932102230,scr_smart_1782932102230_monitor_1_post.jpg,scr_smart_1782932102230_monitor_1_post.jpg
ses_20260701-184201-LAPTOP-76QMG9DE,7,ses_20260701-184201-LAPTOP-76QMG9DE::7,1782932104090,scr_smart_1782932104090_monitor_1_post.jpg,scr_smart_1782932104090_monitor_1_post.jpg
ses_20260701-184201-LAPTOP-76QMG9DE,7,ses_20260701-184201-LAPTOP-76QMG9DE::7,1782932107477,scr_smart_1782932107477_monitor_1_post.jpg,scr_smart_1782932107477_monitor_1_post.jpg
ses_20260701-184201-LAPTOP-76QMG9DE,7,ses_20260701-184201-LAPTOP-76QMG9DE::7,1782932109330,scr_smart_1782932109330_monitor_1_post.jpg,scr_smart_1782932109330_monitor_1_post.jpg
ses_20260701-184201-LAPTOP-76QMG9DE,7,ses_20260701-184201-LAPTOP-76QMG9DE::7,1782932110083,scr_smart_1782932110083_monitor_1_post.jpg,scr_smart_1782932110083_monitor_1_post.jpg
ses_20260701-184201-LAPTOP-76QMG9DE,8,ses_20260701-184201-LAPTOP-76QMG9DE::8,1782932112624,scr_smart_1782932112624_monitor_1_post.jpg,scr_smart_1782932112624_monitor_1_post.jpg
ses_20260701-184201-LAPTOP-76QMG9DE,8,ses_20260701-184201-LAPTOP-76QMG9DE::8,1782932114462,scr_smart_1782932114462_monitor_1_post.jpg,scr_smart_1782932114462_monitor_1_post.jpg
ses_20260701-184201-LAPTOP-76QMG9DE,8,ses_20260701-184201-LAPTOP-76QMG9DE::8,1782932120200,scr_smart_1782932120200_monitor_1_post.jpg,scr_smart_1782932120200_monitor_1_post.jpg
ses_20260701-184201-LAPTOP-76QMG9DE,8,ses_20260701-184201-LAPTOP-76QMG9DE::8,1782932122249,scr_smart_1782932122249_monitor_1_post.jpg,scr_smart_1782932122249_monitor_1_post.jpg
ses_20260701-184201-LAPTOP-76QMG9DE,8,ses_20260701-184201-LAPTOP-76QMG9DE::8,1782932123492,scr_smart_1782932123492_monitor_1_post.jpg,scr_smart_1782932123492_monitor_1_post.jpg
ses_20260701-184201-LAPTOP-76QMG9DE,8,ses_20260701-184201-LAPTOP-76QMG9DE::8,1782932125684,scr_smart_1782932125684_monitor_1_post.jpg,scr_smart_1782932125684_monitor_1_post.jpg
ses_20260701-184201-LAPTOP-76QMG9DE,8,ses_20260701-184201-LAPTOP-76QMG9DE::8,1782932128477,scr_smart_1782932128477_monitor_1_post.jpg,scr_smart_1782932128477_monitor_1_post.jpg
ses_20260701-184201-LAPTOP-76QMG9DE,8,ses_20260701-184201-LAPTOP-76QMG9DE::8,1782932129713,scr_smart_1782932129713_monitor_1_post.jpg,scr_smart_1782932129713_monitor_1_post.jpg
ses_20260701-184201-LAPTOP-76QMG9DE,8,ses_20260701-184201-LAPTOP-76QMG9DE::8,1782932130657,scr_smart_1782932130657_monitor_1_post.jpg,scr_smart_1782932130657_monitor_1_post.jpg
ses_20260701-184201-LAPTOP-76QMG9DE,8,ses_20260701-184201-LAPTOP-76QMG9DE::8,1782932133106,scr_smart_1782932133106_monitor_1_post.jpg,scr_smart_1782932133106_monitor_1_post.jpg
ses_20260701-184201-LAPTOP-76QMG9DE,8,ses_20260701-184201-LAPTOP-76QMG9DE::8,1782932135469,scr_smart_1782932135469_monitor_1_post.jpg,scr_smart_1782932135469_monitor_1_post.jpg
ses_20260701-184201-LAPTOP-76QMG9DE,8,ses_20260701-184201-LAPTOP-76QMG9DE::8,1782932137226,scr_smart_1782932137226_monitor_1_post.jpg,scr_smart_1782932137226_monitor_1_post.jpg
ses_20260701-184201-LAPTOP-76QMG9DE,8,ses_20260701-184201-LAPTOP-76QMG9DE::8,1782932141103,scr_smart_1782932141103_monitor_1_post.jpg,scr_smart_1782932141103_monitor_1_post.jpg
ses_20260701-184201-LAPTOP-76QMG9DE,8,ses_20260701-184201-LAPTOP-76QMG9DE::8,1782932142447,scr_smart_1782932142447_monitor_1_post.jpg,scr_smart_1782932142447_monitor_1_post.jpg
ses_20260701-184201-LAPTOP-76QMG9DE,8,ses_20260701-184201-LAPTOP-76QMG9DE::8,1782932144609,scr_smart_1782932144609_monitor_1_post.jpg,scr_smart_1782932144609_monitor_1_post.jpg
ses_20260701-184201-LAPTOP-76QMG9DE,8,ses_20260701-184201-LAPTOP-76QMG9DE::8,1782932145844,scr_smart_1782932145844_monitor_1_post.jpg,scr_smart_1782932145844_monitor_1_post.jpg
ses_20260701-184201-LAPTOP-76QMG9DE,8,ses_20260701-184201-LAPTOP-76QMG9DE::8,1782932146382,scr_smart_1782932146382_monitor_1_post.jpg,scr_smart_1782932146382_monitor_1_post.jpg
ses_20260701-184201-LAPTOP-76QMG9DE,8,ses_20260701-184201-LAPTOP-76QMG9DE::8,1782932148642,scr_smart_1782932148642_monitor_1_post.jpg,scr_smart_1782932148642_monitor_1_post.jpg
ses_20260701-184201-LAPTOP-76QMG9DE,8,ses_20260701-184201-LAPTOP-76QMG9DE::8,1782932150500,scr_smart_1782932150500_monitor_1_post.jpg,scr_smart_1782932150500_monitor_1_post.jpg
ses_20260701-184201-LAPTOP-76QMG9DE,8,ses_20260701-184201-LAPTOP-76QMG9DE::8,1782932153995,scr_smart_1782932153995_monitor_1_post.jpg,scr_smart_1782932153995_monitor_1_post.jpg
ses_20260701-184201-LAPTOP-76QMG9DE,8,ses_20260701-184201-LAPTOP-76QMG9DE::8,1782932155037,scr_smart_1782932155037_monitor_1_post.jpg,scr_smart_1782932155037_monitor_1_post.jpg
ses_20260701-184201-LAPTOP-76QMG9DE,8,ses_20260701-184201-LAPTOP-76QMG9DE::8,1782932157389,scr_smart_1782932157389_monitor_1_post.jpg,scr_smart_1782932157389_monitor_1_post.jpg
ses_20260701-184201-LAPTOP-76QMG9DE,8,ses_20260701-184201-LAPTOP-76QMG9DE::8,1782932159598,scr_smart_1782932159598_monitor_1_post.jpg,scr_smart_1782932159598_monitor_1_post.jpg
ses_20260701-184201-LAPTOP-76QMG9DE,8,ses_20260701-184201-LAPTOP-76QMG9DE::8,1782932160848,scr_smart_1782932160848_monitor_1_post.jpg,scr_smart_1782932160848_monitor_1_post.jpg
ses_20260701-184201-LAPTOP-76QMG9DE,8,ses_20260701-184201-LAPTOP-76QMG9DE::8,1782932165372,scr_smart_1782932165372_monitor_1_post.jpg,scr_smart_1782932165372_monitor_1_post.jpg
ses_20260701-184201-LAPTOP-76QMG9DE,8,ses_20260701-184201-LAPTOP-76QMG9DE::8,1782932166412,scr_smart_1782932166412_monitor_1_post.jpg,scr_smart_1782932166412_monitor_1_post.jpg
ses_20260701-184201-LAPTOP-76QMG9DE,8,ses_20260701-184201-LAPTOP-76QMG9DE::8,1782932167958,scr_smart_1782932167958_monitor_1_post.jpg,scr_smart_1782932167958_monitor_1_post.jpg
ses_20260701-184201-LAPTOP-76QMG9DE,8,ses_20260701-184201-LAPTOP-76QMG9DE::8,1782932169610,scr_smart_1782932169610_monitor_1_post.jpg,scr_smart_1782932169610_monitor_1_post.jpg
ses_20260701-184201-LAPTOP-76QMG9DE,8,ses_20260701-184201-LAPTOP-76QMG9DE::8,1782932170061,scr_smart_1782932170061_monitor_1_post.jpg,scr_smart_1782932170061_monitor_1_post.jpg
ses_20260701-184201-LAPTOP-76QMG9DE,9,ses_20260701-184201-LAPTOP-76QMG9DE::9,1782932216634,scr_smart_1782932216634_monitor_1_post.jpg,scr_smart_1782932216634_monitor_1_post.jpg
ses_20260701-184201-LAPTOP-76QMG9DE,9,ses_20260701-184201-LAPTOP-76QMG9DE::9,1782932221724,scr_smart_1782932221724_monitor_1_post.jpg,scr_smart_1782932221724_monitor_1_post.jpg
ses_20260701-184201-LAPTOP-76QMG9DE,9,ses_20260701-184201-LAPTOP-76QMG9DE::9,1782932223266,scr_smart_1782932223266_monitor_1_post.jpg,scr_smart_1782932223266_monitor_1_post.jpg
ses_20260701-184201-LAPTOP-76QMG9DE,9,ses_20260701-184201-LAPTOP-76QMG9DE::9,1782932223812,scr_smart_1782932223812_monitor_1_post.jpg,scr_smart_1782932223812_monitor_1_post.jpg
ses_20260701-184201-LAPTOP-76QMG9DE,9,ses_20260701-184201-LAPTOP-76QMG9DE::9,1782932224750,scr_smart_1782932224750_monitor_1_post.jpg,scr_smart_1782932224750_monitor_1_post.jpg
ses_20260701-184201-LAPTOP-76QMG9DE,9,ses_20260701-184201-LAPTOP-76QMG9DE::9,1782932225286,scr_smart_1782932225286_monitor_1_post.jpg,scr_smart_1782932225286_monitor_1_post.jpg
ses_20260701-184201-LAPTOP-76QMG9DE,9,ses_20260701-184201-LAPTOP-76QMG9DE::9,1782932225923,scr_smart_1782932225923_monitor_1_post.jpg,scr_smart_1782932225923_monitor_1_post.jpg
ses_20260701-184201-LAPTOP-76QMG9DE,9,ses_20260701-184201-LAPTOP-76QMG9DE::9,1782932228183,scr_smart_1782932228183_monitor_1_post.jpg,scr_smart_1782932228183_monitor_1_post.jpg
ses_20260701-184201-LAPTOP-76QMG9DE,9,ses_20260701-184201-LAPTOP-76QMG9DE::9,1782932230270,scr_smart_1782932230270_monitor_1_post.jpg,scr_smart_1782932230270_monitor_1_post.jpg
ses_20260701-184201-LAPTOP-76QMG9DE,9,ses_20260701-184201-LAPTOP-76QMG9DE::9,1782932231522,scr_smart_1782932231522_monitor_1_post.jpg,scr_smart_1782932231522_monitor_1_post.jpg
ses_20260701-184201-LAPTOP-76QMG9DE,9,ses_20260701-184201-LAPTOP-76QMG9DE::9,1782932232573,scr_smart_1782932232573_monitor_1_post.jpg,scr_smart_1782932232573_monitor_1_post.jpg
ses_20260701-184201-LAPTOP-76QMG9DE,9,ses_20260701-184201-LAPTOP-76QMG9DE::9,1782932234974,scr_smart_1782932234974_monitor_1_post.jpg,scr_smart_1782932234974_monitor_1_post.jpg
ses_20260701-184201-LAPTOP-76QMG9DE,9,ses_20260701-184201-LAPTOP-76QMG9DE::9,1782932236330,scr_smart_1782932236330_monitor_1_post.jpg,scr_smart_1782932236330_monitor_1_post.jpg
ses_20260701-184201-LAPTOP-76QMG9DE,9,ses_20260701-184201-LAPTOP-76QMG9DE::9,1782932237869,scr_smart_1782932237869_monitor_1_post.jpg,scr_smart_1782932237869_monitor_1_post.jpg
ses_20260701-184201-LAPTOP-76QMG9DE,9,ses_20260701-184201-LAPTOP-76QMG9DE::9,1782932239940,scr_smart_1782932239940_monitor_1_post.jpg,scr_smart_1782932239940_monitor_1_post.jpg
ses_20260701-184201-LAPTOP-76QMG9DE,9,ses_20260701-184201-LAPTOP-76QMG9DE::9,1782932240470,scr_smart_1782932240470_monitor_1_post.jpg,scr_smart_1782932240470_monitor_1_post.jpg
ses_20260701-184201-LAPTOP-76QMG9DE,9,ses_20260701-184201-LAPTOP-76QMG9DE::9,1782932246128,scr_smart_1782932246128_monitor_1_post.jpg,scr_smart_1782932246128_monitor_1_post.jpg
ses_20260701-184201-LAPTOP-76QMG9DE,9,ses_20260701-184201-LAPTOP-76QMG9DE::9,1782932248523,scr_smart_1782932248523_monitor_1_post.jpg,scr_smart_1782932248523_monitor_1_post.jpg
ses_20260701-184201-LAPTOP-76QMG9DE,9,ses_20260701-184201-LAPTOP-76QMG9DE::9,1782932250670,scr_smart_1782932250670_monitor_1_post.jpg,scr_smart_1782932250670_monitor_1_post.jpg
ses_20260701-184201-LAPTOP-76QMG9DE,9,ses_20260701-184201-LAPTOP-76QMG9DE::9,1782932252923,scr_smart_1782932252923_monitor_1_post.jpg,scr_smart_1782932252923_monitor_1_post.jpg
ses_20260701-184201-LAPTOP-76QMG9DE,9,ses_20260701-184201-LAPTOP-76QMG9DE::9,1782932253867,scr_smart_1782932253867_monitor_1_post.jpg,scr_smart_1782932253867_monitor_1_post.jpg
ses_20260701-184201-LAPTOP-76QMG9DE,9,ses_20260701-184201-LAPTOP-76QMG9DE::9,1782932256112,scr_smart_1782932256112_monitor_1_post.jpg,scr_smart_1782932256112_monitor_1_post.jpg
ses_20260701-184201-LAPTOP-76QMG9DE,10,ses_20260701-184201-LAPTOP-76QMG9DE::10,1782932263959,scr_smart_1782932263959_monitor_1_post.jpg,scr_smart_1782932263959_monitor_1_post.jpg
ses_20260701-184201-LAPTOP-76QMG9DE,10,ses_20260701-184201-LAPTOP-76QMG9DE::10,1782932265291,scr_smart_1782932265291_monitor_1_post.jpg,scr_smart_1782932265291_monitor_1_post.jpg
ses_20260701-184201-LAPTOP-76QMG9DE,10,ses_20260701-184201-LAPTOP-76QMG9DE::10,1782932266425,scr_smart_1782932266425_monitor_1_post.jpg,scr_smart_1782932266425_monitor_1_post.jpg
ses_20260701-184201-LAPTOP-76QMG9DE,10,ses_20260701-184201-LAPTOP-76QMG9DE::10,1782932268285,scr_smart_1782932268285_monitor_1_post.jpg,scr_smart_1782932268285_monitor_1_post.jpg
ses_20260701-184201-LAPTOP-76QMG9DE,11,ses_20260701-184201-LAPTOP-76QMG9DE::11,1782932272174,scr_smart_1782932272174_monitor_1_post.jpg,scr_smart_1782932272174_monitor_1_post.jpg
ses_20260701-184201-LAPTOP-76QMG9DE,11,ses_20260701-184201-LAPTOP-76QMG9DE::11,1782932273913,scr_smart_1782932273913_monitor_1_post.jpg,scr_smart_1782932273913_monitor_1_post.jpg
ses_20260701-184201-LAPTOP-76QMG9DE,11,ses_20260701-184201-LAPTOP-76QMG9DE::11,1782932278088,scr_smart_1782932278088_monitor_1_post.jpg,scr_smart_1782932278088_monitor_1_post.jpg
ses_20260701-184201-LAPTOP-76QMG9DE,11,ses_20260701-184201-LAPTOP-76QMG9DE::11,1782932279020,scr_smart_1782932279020_monitor_1_post.jpg,scr_smart_1782932279020_monitor_1_post.jpg
ses_20260701-184201-LAPTOP-76QMG9DE,11,ses_20260701-184201-LAPTOP-76QMG9DE::11,1782932281166,scr_smart_1782932281166_monitor_1_post.jpg,scr_smart_1782932281166_monitor_1_post.jpg
ses_20260701-184201-LAPTOP-76QMG9DE,11,ses_20260701-184201-LAPTOP-76QMG9DE::11,1782932287873,scr_smart_1782932287873_monitor_1_post.jpg,scr_smart_1782932287873_monitor_1_post.jpg
ses_20260701-184201-LAPTOP-76QMG9DE,11,ses_20260701-184201-LAPTOP-76QMG9DE::11,1782932288406,scr_smart_1782932288406_monitor_1_post.jpg,scr_smart_1782932288406_monitor_1_post.jpg
ses_20260701-184201-LAPTOP-76QMG9DE,11,ses_20260701-184201-LAPTOP-76QMG9DE::11,1782932288946,scr_smart_1782932288946_monitor_1_post.jpg,scr_smart_1782932288946_monitor_1_post.jpg
ses_20260701-184201-LAPTOP-76QMG9DE,11,ses_20260701-184201-LAPTOP-76QMG9DE::11,1782932292388,scr_smart_1782932292388_monitor_1_post.jpg,scr_smart_1782932292388_monitor_1_post.jpg
ses_20260701-184201-LAPTOP-76QMG9DE,11,ses_20260701-184201-LAPTOP-76QMG9DE::11,1782932305197,scr_smart_1782932305197_monitor_1_post.jpg,scr_smart_1782932305197_monitor_1_post.jpg
ses_20260701-184201-LAPTOP-76QMG9DE,11,ses_20260701-184201-LAPTOP-76QMG9DE::11,1782932306341,scr_smart_1782932306341_monitor_1_post.jpg,scr_smart_1782932306341_monitor_1_post.jpg
ses_20260701-190250-NEELA9BAF,0,ses_20260701-190250-NEELA9BAF::0,1782932947424,scr_smart_1782932947424_monitor_1_post.jpg,scr_smart_1782932947424_monitor_1_post.jpg
ses_20260701-190250-NEELA9BAF,0,ses_20260701-190250-NEELA9BAF::0,1782932948930,scr_smart_1782932948930_monitor_1_post.jpg,scr_smart_1782932948930_monitor_1_post.jpg
ses_20260701-190250-NEELA9BAF,0,ses_20260701-190250-NEELA9BAF::0,1782932949437,scr_smart_1782932949437_monitor_1_post.jpg,scr_smart_1782932949437_monitor_1_post.jpg
ses_20260701-190250-NEELA9BAF,0,ses_20260701-190250-NEELA9BAF::0,1782932950764,scr_smart_1782932950764_monitor_1_post.jpg,scr_smart_1782932950764_monitor_1_post.jpg
ses_20260701-190250-NEELA9BAF,0,ses_20260701-190250-NEELA9BAF::0,1782932951256,scr_smart_1782932951256_monitor_1_post.jpg,scr_smart_1782932951256_monitor_1_post.jpg
ses_20260701-190250-NEELA9BAF,0,ses_20260701-190250-NEELA9BAF::0,1782932951841,scr_smart_1782932951841_monitor_1_post.jpg,scr_smart_1782932951841_monitor_1_post.jpg
ses_20260701-190250-NEELA9BAF,1,ses_20260701-190250-NEELA9BAF::1,1782932954023,scr_smart_1782932954023_monitor_1_post.jpg,scr_smart_1782932954023_monitor_1_post.jpg
ses_20260701-190250-NEELA9BAF,1,ses_20260701-190250-NEELA9BAF::1,1782932956230,scr_smart_1782932956230_monitor_1_post.jpg,scr_smart_1782932956230_monitor_1_post.jpg
ses_20260701-190250-NEELA9BAF,1,ses_20260701-190250-NEELA9BAF::1,1782932956964,scr_smart_1782932956964_monitor_1_post.jpg,scr_smart_1782932956964_monitor_1_post.jpg
ses_20260701-190250-NEELA9BAF,1,ses_20260701-190250-NEELA9BAF::1,1782932959382,scr_smart_1782932959382_monitor_1_post.jpg,scr_smart_1782932959382_monitor_1_post.jpg
ses_20260701-190250-NEELA9BAF,1,ses_20260701-190250-NEELA9BAF::1,1782932962207,scr_smart_1782932962207_monitor_1_post.jpg,scr_smart_1782932962207_monitor_1_post.jpg
ses_20260701-190250-NEELA9BAF,1,ses_20260701-190250-NEELA9BAF::1,1782932962898,scr_smart_1782932962898_monitor_1_post.jpg,scr_smart_1782932962898_monitor_1_post.jpg
ses_20260701-190250-NEELA9BAF,1,ses_20260701-190250-NEELA9BAF::1,1782932964692,scr_smart_1782932964692_monitor_1_post.jpg,scr_smart_1782932964692_monitor_1_post.jpg
ses_20260701-190250-NEELA9BAF,1,ses_20260701-190250-NEELA9BAF::1,1782932965476,scr_smart_1782932965476_monitor_1_post.jpg,scr_smart_1782932965476_monitor_1_post.jpg
ses_20260701-190250-NEELA9BAF,1,ses_20260701-190250-NEELA9BAF::1,1782932965981,scr_smart_1782932965981_monitor_1_post.jpg,scr_smart_1782932965981_monitor_1_post.jpg
ses_20260701-190250-NEELA9BAF,1,ses_20260701-190250-NEELA9BAF::1,1782932968457,scr_smart_1782932968457_monitor_1_post.jpg,scr_smart_1782932968457_monitor_1_post.jpg
ses_20260701-190250-NEELA9BAF,1,ses_20260701-190250-NEELA9BAF::1,1782932970278,scr_smart_1782932970278_monitor_1_post.jpg,scr_smart_1782932970278_monitor_1_post.jpg
ses_20260701-190250-NEELA9BAF,1,ses_20260701-190250-NEELA9BAF::1,1782932974803,scr_smart_1782932974803_monitor_1_post.jpg,scr_smart_1782932974803_monitor_1_post.jpg
ses_20260701-190250-NEELA9BAF,1,ses_20260701-190250-NEELA9BAF::1,1782932975699,scr_smart_1782932975699_monitor_1_post.jpg,scr_smart_1782932975699_monitor_1_post.jpg
ses_20260701-190250-NEELA9BAF,1,ses_20260701-190250-NEELA9BAF::1,1782932978020,scr_smart_1782932978020_monitor_1_post.jpg,scr_smart_1782932978020_monitor_1_post.jpg
ses_20260701-190250-NEELA9BAF,2,ses_20260701-190250-NEELA9BAF::2,1782932979921,scr_smart_1782932979921_monitor_1_post.jpg,scr_smart_1782932979921_monitor_1_post.jpg
ses_20260701-190250-NEELA9BAF,2,ses_20260701-190250-NEELA9BAF::2,1782932983627,scr_smart_1782932983627_monitor_1_post.jpg,scr_smart_1782932983627_monitor_1_post.jpg
ses_20260701-190250-NEELA9BAF,2,ses_20260701-190250-NEELA9BAF::2,1782932984922,scr_smart_1782932984922_monitor_1_post.jpg,scr_smart_1782932984922_monitor_1_post.jpg
ses_20260701-190250-NEELA9BAF,2,ses_20260701-190250-NEELA9BAF::2,1782932985918,scr_smart_1782932985918_monitor_1_post.jpg,scr_smart_1782932985918_monitor_1_post.jpg
ses_20260701-190250-NEELA9BAF,2,ses_20260701-190250-NEELA9BAF::2,1782932988014,scr_smart_1782932988014_monitor_1_post.jpg,scr_smart_1782932988014_monitor_1_post.jpg
ses_20260701-190250-NEELA9BAF,3,ses_20260701-190250-NEELA9BAF::3,1782932991726,scr_smart_1782932991726_monitor_1_post.jpg,scr_smart_1782932991726_monitor_1_post.jpg
ses_20260701-190250-NEELA9BAF,3,ses_20260701-190250-NEELA9BAF::3,1782932993314,scr_smart_1782932993314_monitor_1_post.jpg,scr_smart_1782932993314_monitor_1_post.jpg
ses_20260701-190250-NEELA9BAF,3,ses_20260701-190250-NEELA9BAF::3,1782932997046,scr_smart_1782932997046_monitor_1_post.jpg,scr_smart_1782932997046_monitor_1_post.jpg
ses_20260701-190250-NEELA9BAF,3,ses_20260701-190250-NEELA9BAF::3,1782932998030,scr_smart_1782932998030_monitor_1_post.jpg,scr_smart_1782932998030_monitor_1_post.jpg
ses_20260701-190250-NEELA9BAF,3,ses_20260701-190250-NEELA9BAF::3,1782933000012,scr_smart_1782933000012_monitor_1_post.jpg,scr_smart_1782933000012_monitor_1_post.jpg
ses_20260701-190250-NEELA9BAF,4,ses_20260701-190250-NEELA9BAF::4,1782933095462,scr_smart_1782933095462_monitor_1_post.jpg,scr_smart_1782933095462_monitor_1_post.jpg
ses_20260701-190250-NEELA9BAF,4,ses_20260701-190250-NEELA9BAF::4,1782933097678,scr_smart_1782933097678_monitor_1_post.jpg,scr_smart_1782933097678_monitor_1_post.jpg
ses_20260701-190250-NEELA9BAF,4,ses_20260701-190250-NEELA9BAF::4,1782933101511,scr_smart_1782933101511_monitor_1_post.jpg,scr_smart_1782933101511_monitor_1_post.jpg
ses_20260701-190250-NEELA9BAF,4,ses_20260701-190250-NEELA9BAF::4,1782933102496,scr_smart_1782933102496_monitor_1_post.jpg,scr_smart_1782933102496_monitor_1_post.jpg
ses_20260701-190250-NEELA9BAF,4,ses_20260701-190250-NEELA9BAF::4,1782933104898,scr_smart_1782933104898_monitor_1_post.jpg,scr_smart_1782933104898_monitor_1_post.jpg
ses_20260701-190250-NEELA9BAF,4,ses_20260701-190250-NEELA9BAF::4,1782933109224,scr_smart_1782933109224_monitor_1_post.jpg,scr_smart_1782933109224_monitor_1_post.jpg
ses_20260701-190250-NEELA9BAF,4,ses_20260701-190250-NEELA9BAF::4,1782933110618,scr_smart_1782933110618_monitor_1_post.jpg,scr_smart_1782933110618_monitor_1_post.jpg
ses_20260701-190250-NEELA9BAF,4,ses_20260701-190250-NEELA9BAF::4,1782933111713,scr_smart_1782933111713_monitor_1_post.jpg,scr_smart_1782933111713_monitor_1_post.jpg
ses_20260701-190250-NEELA9BAF,5,ses_20260701-190250-NEELA9BAF::5,1782933113796,scr_smart_1782933113796_monitor_1_post.jpg,scr_smart_1782933113796_monitor_1_post.jpg
ses_20260701-190250-NEELA9BAF,5,ses_20260701-190250-NEELA9BAF::5,1782933116129,scr_smart_1782933116129_monitor_1_post.jpg,scr_smart_1782933116129_monitor_1_post.jpg
ses_20260701-190250-NEELA9BAF,5,ses_20260701-190250-NEELA9BAF::5,1782933117445,scr_smart_1782933117445_monitor_1_post.jpg,scr_smart_1782933117445_monitor_1_post.jpg
ses_20260701-190250-NEELA9BAF,5,ses_20260701-190250-NEELA9BAF::5,1782933119346,scr_smart_1782933119346_monitor_1_post.jpg,scr_smart_1782933119346_monitor_1_post.jpg
ses_20260701-190250-NEELA9BAF,5,ses_20260701-190250-NEELA9BAF::5,1782933123460,scr_smart_1782933123460_monitor_1_post.jpg,scr_smart_1782933123460_monitor_1_post.jpg
ses_20260701-190250-NEELA9BAF,5,ses_20260701-190250-NEELA9BAF::5,1782933124256,scr_smart_1782933124256_monitor_1_post.jpg,scr_smart_1782933124256_monitor_1_post.jpg
ses_20260701-190250-NEELA9BAF,5,ses_20260701-190250-NEELA9BAF::5,1782933125740,scr_smart_1782933125740_monitor_1_post.jpg,scr_smart_1782933125740_monitor_1_post.jpg
ses_20260701-190250-NEELA9BAF,5,ses_20260701-190250-NEELA9BAF::5,1782933127352,scr_smart_1782933127352_monitor_1_post.jpg,scr_smart_1782933127352_monitor_1_post.jpg
ses_20260701-190250-NEELA9BAF,5,ses_20260701-190250-NEELA9BAF::5,1782933132879,scr_smart_1782933132879_monitor_1_post.jpg,scr_smart_1782933132879_monitor_1_post.jpg
ses_20260701-190250-NEELA9BAF,5,ses_20260701-190250-NEELA9BAF::5,1782933134471,scr_smart_1782933134471_monitor_1_post.jpg,scr_smart_1782933134471_monitor_1_post.jpg
ses_20260701-190250-NEELA9BAF,5,ses_20260701-190250-NEELA9BAF::5,1782933135472,scr_smart_1782933135472_monitor_1_post.jpg,scr_smart_1782933135472_monitor_1_post.jpg
ses_20260701-190250-NEELA9BAF,6,ses_20260701-190250-NEELA9BAF::6,1782933137560,scr_smart_1782933137560_monitor_1_post.jpg,scr_smart_1782933137560_monitor_1_post.jpg
ses_20260701-190250-NEELA9BAF,6,ses_20260701-190250-NEELA9BAF::6,1782933139769,scr_smart_1782933139769_monitor_1_post.jpg,scr_smart_1782933139769_monitor_1_post.jpg
ses_20260701-190250-NEELA9BAF,6,ses_20260701-190250-NEELA9BAF::6,1782933141402,scr_smart_1782933141402_monitor_1_post.jpg,scr_smart_1782933141402_monitor_1_post.jpg
ses_20260701-190250-NEELA9BAF,6,ses_20260701-190250-NEELA9BAF::6,1782933147141,scr_smart_1782933147141_monitor_1_post.jpg,scr_smart_1782933147141_monitor_1_post.jpg
ses_20260701-190250-NEELA9BAF,6,ses_20260701-190250-NEELA9BAF::6,1782933147844,scr_smart_1782933147844_monitor_1_post.jpg,scr_smart_1782933147844_monitor_1_post.jpg
ses_20260701-190250-NEELA9BAF,6,ses_20260701-190250-NEELA9BAF::6,1782933150033,scr_smart_1782933150033_monitor_1_post.jpg,scr_smart_1782933150033_monitor_1_post.jpg
ses_20260701-190250-NEELA9BAF,6,ses_20260701-190250-NEELA9BAF::6,1782933151021,scr_smart_1782933151021_monitor_1_post.jpg,scr_smart_1782933151021_monitor_1_post.jpg
ses_20260701-190250-NEELA9BAF,6,ses_20260701-190250-NEELA9BAF::6,1782933153732,scr_smart_1782933153732_monitor_1_post.jpg,scr_smart_1782933153732_monitor_1_post.jpg
ses_20260701-190250-NEELA9BAF,6,ses_20260701-190250-NEELA9BAF::6,1782933154232,scr_smart_1782933154232_monitor_1_post.jpg,scr_smart_1782933154232_monitor_1_post.jpg
ses_20260701-190250-NEELA9BAF,6,ses_20260701-190250-NEELA9BAF::6,1782933155755,scr_smart_1782933155755_monitor_1_post.jpg,scr_smart_1782933155755_monitor_1_post.jpg
ses_20260701-190250-NEELA9BAF,6,ses_20260701-190250-NEELA9BAF::6,1782933159673,scr_smart_1782933159673_monitor_1_post.jpg,scr_smart_1782933159673_monitor_1_post.jpg
ses_20260701-190250-NEELA9BAF,6,ses_20260701-190250-NEELA9BAF::6,1782933160677,scr_smart_1782933160677_monitor_1_post.jpg,scr_smart_1782933160677_monitor_1_post.jpg
ses_20260701-190250-NEELA9BAF,6,ses_20260701-190250-NEELA9BAF::6,1782933162757,scr_smart_1782933162757_monitor_1_post.jpg,scr_smart_1782933162757_monitor_1_post.jpg
ses_20260701-190250-NEELA9BAF,6,ses_20260701-190250-NEELA9BAF::6,1782933167084,scr_smart_1782933167084_monitor_1_post.jpg,scr_smart_1782933167084_monitor_1_post.jpg
ses_20260701-190250-NEELA9BAF,6,ses_20260701-190250-NEELA9BAF::6,1782933167676,scr_smart_1782933167676_monitor_1_post.jpg,scr_smart_1782933167676_monitor_1_post.jpg
ses_20260701-190250-NEELA9BAF,6,ses_20260701-190250-NEELA9BAF::6,1782933168157,scr_smart_1782933168157_monitor_1_post.jpg,scr_smart_1782933168157_monitor_1_post.jpg
ses_20260701-190250-NEELA9BAF,6,ses_20260701-190250-NEELA9BAF::6,1782933169639,scr_smart_1782933169639_monitor_1_post.jpg,scr_smart_1782933169639_monitor_1_post.jpg
ses_20260701-190250-NEELA9BAF,6,ses_20260701-190250-NEELA9BAF::6,1782933172792,scr_smart_1782933172792_monitor_1_post.jpg,scr_smart_1782933172792_monitor_1_post.jpg
ses_20260701-190250-NEELA9BAF,6,ses_20260701-190250-NEELA9BAF::6,1782933173576,scr_smart_1782933173576_monitor_1_post.jpg,scr_smart_1782933173576_monitor_1_post.jpg
ses_20260701-191537-LAPTOP-76QMG9DE,0,ses_20260701-191537-LAPTOP-76QMG9DE::0,1782933797258,scr_smart_1782933797258_monitor_1_post.jpg,scr_smart_1782933797258_monitor_1_post.jpg
ses_20260701-191537-LAPTOP-76QMG9DE,0,ses_20260701-191537-LAPTOP-76QMG9DE::0,1782933799320,scr_smart_1782933799320_monitor_1_post.jpg,scr_smart_1782933799320_monitor_1_post.jpg
ses_20260701-191537-LAPTOP-76QMG9DE,0,ses_20260701-191537-LAPTOP-76QMG9DE::0,1782933800768,scr_smart_1782933800768_monitor_1_post.jpg,scr_smart_1782933800768_monitor_1_post.jpg
ses_20260701-191537-LAPTOP-76QMG9DE,0,ses_20260701-191537-LAPTOP-76QMG9DE::0,1782933801408,scr_smart_1782933801408_monitor_1_post.jpg,scr_smart_1782933801408_monitor_1_post.jpg
ses_20260701-191537-LAPTOP-76QMG9DE,0,ses_20260701-191537-LAPTOP-76QMG9DE::0,1782933801856,scr_smart_1782933801856_monitor_1_post.jpg,scr_smart_1782933801856_monitor_1_post.jpg
ses_20260701-191537-LAPTOP-76QMG9DE,0,ses_20260701-191537-LAPTOP-76QMG9DE::0,1782933804206,scr_smart_1782933804206_monitor_1_post.jpg,scr_smart_1782933804206_monitor_1_post.jpg
ses_20260701-191537-LAPTOP-76QMG9DE,1,ses_20260701-191537-LAPTOP-76QMG9DE::1,1782933808098,scr_smart_1782933808098_monitor_1_post.jpg,scr_smart_1782933808098_monitor_1_post.jpg
ses_20260701-191537-LAPTOP-76QMG9DE,1,ses_20260701-191537-LAPTOP-76QMG9DE::1,1782933810259,scr_smart_1782933810259_monitor_1_post.jpg,scr_smart_1782933810259_monitor_1_post.jpg
ses_20260701-191537-LAPTOP-76QMG9DE,1,ses_20260701-191537-LAPTOP-76QMG9DE::1,1782933813720,scr_smart_1782933813720_monitor_1_post.jpg,scr_smart_1782933813720_monitor_1_post.jpg
ses_20260701-191537-LAPTOP-76QMG9DE,1,ses_20260701-191537-LAPTOP-76QMG9DE::1,1782933814665,scr_smart_1782933814665_monitor_1_post.jpg,scr_smart_1782933814665_monitor_1_post.jpg
ses_20260701-191537-LAPTOP-76QMG9DE,1,ses_20260701-191537-LAPTOP-76QMG9DE::1,1782933816808,scr_smart_1782933816808_monitor_1_post.jpg,scr_smart_1782933816808_monitor_1_post.jpg
ses_20260701-191537-LAPTOP-76QMG9DE,1,ses_20260701-191537-LAPTOP-76QMG9DE::1,1782933819956,scr_smart_1782933819956_monitor_1_post.jpg,scr_smart_1782933819956_monitor_1_post.jpg
ses_20260701-191537-LAPTOP-76QMG9DE,1,ses_20260701-191537-LAPTOP-76QMG9DE::1,1782933822188,scr_smart_1782933822188_monitor_1_post.jpg,scr_smart_1782933822188_monitor_1_post.jpg
ses_20260701-191537-LAPTOP-76QMG9DE,1,ses_20260701-191537-LAPTOP-76QMG9DE::1,1782933825498,scr_smart_1782933825498_monitor_1_post.jpg,scr_smart_1782933825498_monitor_1_post.jpg
ses_20260701-191537-LAPTOP-76QMG9DE,1,ses_20260701-191537-LAPTOP-76QMG9DE::1,1782933826651,scr_smart_1782933826651_monitor_1_post.jpg,scr_smart_1782933826651_monitor_1_post.jpg
ses_20260701-191537-LAPTOP-76QMG9DE,1,ses_20260701-191537-LAPTOP-76QMG9DE::1,1782933828405,scr_smart_1782933828405_monitor_1_post.jpg,scr_smart_1782933828405_monitor_1_post.jpg
ses_20260701-191537-LAPTOP-76QMG9DE,1,ses_20260701-191537-LAPTOP-76QMG9DE::1,1782933830258,scr_smart_1782933830258_monitor_1_post.jpg,scr_smart_1782933830258_monitor_1_post.jpg
ses_20260701-191537-LAPTOP-76QMG9DE,1,ses_20260701-191537-LAPTOP-76QMG9DE::1,1782933830804,scr_smart_1782933830804_monitor_1_post.jpg,scr_smart_1782933830804_monitor_1_post.jpg
ses_20260701-191537-LAPTOP-76QMG9DE,1,ses_20260701-191537-LAPTOP-76QMG9DE::1,1782933832848,scr_smart_1782933832848_monitor_1_post.jpg,scr_smart_1782933832848_monitor_1_post.jpg
ses_20260701-191537-LAPTOP-76QMG9DE,1,ses_20260701-191537-LAPTOP-76QMG9DE::1,1782933833494,scr_smart_1782933833494_monitor_1_post.jpg,scr_smart_1782933833494_monitor_1_post.jpg
ses_20260701-191537-LAPTOP-76QMG9DE,1,ses_20260701-191537-LAPTOP-76QMG9DE::1,1782933834645,scr_smart_1782933834645_monitor_1_post.jpg,scr_smart_1782933834645_monitor_1_post.jpg
ses_20260701-191537-LAPTOP-76QMG9DE,1,ses_20260701-191537-LAPTOP-76QMG9DE::1,1782933835481,scr_smart_1782933835481_monitor_1_post.jpg,scr_smart_1782933835481_monitor_1_post.jpg
ses_20260701-191537-LAPTOP-76QMG9DE,1,ses_20260701-191537-LAPTOP-76QMG9DE::1,1782933837524,scr_smart_1782933837524_monitor_1_post.jpg,scr_smart_1782933837524_monitor_1_post.jpg
ses_20260701-191537-LAPTOP-76QMG9DE,1,ses_20260701-191537-LAPTOP-76QMG9DE::1,1782933840883,scr_smart_1782933840883_monitor_1_post.jpg,scr_smart_1782933840883_monitor_1_post.jpg
ses_20260701-191537-LAPTOP-76QMG9DE,1,ses_20260701-191537-LAPTOP-76QMG9DE::1,1782933841433,scr_smart_1782933841433_monitor_1_post.jpg,scr_smart_1782933841433_monitor_1_post.jpg
ses_20260701-191537-LAPTOP-76QMG9DE,1,ses_20260701-191537-LAPTOP-76QMG9DE::1,1782933842678,scr_smart_1782933842678_monitor_1_post.jpg,scr_smart_1782933842678_monitor_1_post.jpg
ses_20260701-191537-LAPTOP-76QMG9DE,1,ses_20260701-191537-LAPTOP-76QMG9DE::1,1782933843625,scr_smart_1782933843625_monitor_1_post.jpg,scr_smart_1782933843625_monitor_1_post.jpg
ses_20260701-191537-LAPTOP-76QMG9DE,2,ses_20260701-191537-LAPTOP-76QMG9DE::2,1782933845771,scr_smart_1782933845771_monitor_1_post.jpg,scr_smart_1782933845771_monitor_1_post.jpg
ses_20260701-191537-LAPTOP-76QMG9DE,2,ses_20260701-191537-LAPTOP-76QMG9DE::2,1782933847916,scr_smart_1782933847916_monitor_1_post.jpg,scr_smart_1782933847916_monitor_1_post.jpg
ses_20260701-191537-LAPTOP-76QMG9DE,2,ses_20260701-191537-LAPTOP-76QMG9DE::2,1782933849472,scr_smart_1782933849472_monitor_1_post.jpg,scr_smart_1782933849472_monitor_1_post.jpg
ses_20260701-191537-LAPTOP-76QMG9DE,2,ses_20260701-191537-LAPTOP-76QMG9DE::2,1782933854170,scr_smart_1782933854170_monitor_1_post.jpg,scr_smart_1782933854170_monitor_1_post.jpg
ses_20260701-191537-LAPTOP-76QMG9DE,2,ses_20260701-191537-LAPTOP-76QMG9DE::2,1782933855210,scr_smart_1782933855210_monitor_1_post.jpg,scr_smart_1782933855210_monitor_1_post.jpg
ses_20260701-191537-LAPTOP-76QMG9DE,2,ses_20260701-191537-LAPTOP-76QMG9DE::2,1782933856758,scr_smart_1782933856758_monitor_1_post.jpg,scr_smart_1782933856758_monitor_1_post.jpg
ses_20260701-191537-LAPTOP-76QMG9DE,2,ses_20260701-191537-LAPTOP-76QMG9DE::2,1782933858717,scr_smart_1782933858717_monitor_1_post.jpg,scr_smart_1782933858717_monitor_1_post.jpg
ses_20260701-191537-LAPTOP-76QMG9DE,2,ses_20260701-191537-LAPTOP-76QMG9DE::2,1782933859248,scr_smart_1782933859248_monitor_1_post.jpg,scr_smart_1782933859248_monitor_1_post.jpg
ses_20260701-191537-LAPTOP-76QMG9DE,2,ses_20260701-191537-LAPTOP-76QMG9DE::2,1782933862222,scr_smart_1782933862222_monitor_1_post.jpg,scr_smart_1782933862222_monitor_1_post.jpg
ses_20260701-191537-LAPTOP-76QMG9DE,2,ses_20260701-191537-LAPTOP-76QMG9DE::2,1782933882398,scr_smart_1782933882398_monitor_1_post.jpg,scr_smart_1782933882398_monitor_1_post.jpg
ses_20260701-192455-NEELA9BAF,0,ses_20260701-192455-NEELA9BAF::0,1782933899015,scr_smart_1782933899015_monitor_1_post.jpg,scr_smart_1782933899015_monitor_1_post.jpg
ses_20260701-192455-NEELA9BAF,0,ses_20260701-192455-NEELA9BAF::0,1782933903775,scr_smart_1782933903775_monitor_1_post.jpg,scr_smart_1782933903775_monitor_1_post.jpg
ses_20260701-192455-NEELA9BAF,0,ses_20260701-192455-NEELA9BAF::0,1782933904939,scr_smart_1782933904939_monitor_1_post.jpg,scr_smart_1782933904939_monitor_1_post.jpg
ses_20260701-192455-NEELA9BAF,0,ses_20260701-192455-NEELA9BAF::0,1782933905447,scr_smart_1782933905447_monitor_1_post.jpg,scr_smart_1782933905447_monitor_1_post.jpg
ses_20260701-192455-NEELA9BAF,0,ses_20260701-192455-NEELA9BAF::0,1782933911074,scr_smart_1782933911074_monitor_1_post.jpg,scr_smart_1782933911074_monitor_1_post.jpg
ses_20260701-192455-NEELA9BAF,0,ses_20260701-192455-NEELA9BAF::0,1782933912929,scr_smart_1782933912929_monitor_1_post.jpg,scr_smart_1782933912929_monitor_1_post.jpg
ses_20260701-192455-NEELA9BAF,0,ses_20260701-192455-NEELA9BAF::0,1782933915256,scr_smart_1782933915256_monitor_1_post.jpg,scr_smart_1782933915256_monitor_1_post.jpg
ses_20260701-192455-NEELA9BAF,1,ses_20260701-192455-NEELA9BAF::1,1782933921277,scr_smart_1782933921277_monitor_1_post.jpg,scr_smart_1782933921277_monitor_1_post.jpg
ses_20260701-192455-NEELA9BAF,1,ses_20260701-192455-NEELA9BAF::1,1782933922585,scr_smart_1782933922585_monitor_1_post.jpg,scr_smart_1782933922585_monitor_1_post.jpg
ses_20260701-192455-NEELA9BAF,1,ses_20260701-192455-NEELA9BAF::1,1782933923590,scr_smart_1782933923590_monitor_1_post.jpg,scr_smart_1782933923590_monitor_1_post.jpg
ses_20260701-192455-NEELA9BAF,1,ses_20260701-192455-NEELA9BAF::1,1782933929898,scr_smart_1782933929898_monitor_1_post.jpg,scr_smart_1782933929898_monitor_1_post.jpg
ses_20260701-192455-NEELA9BAF,1,ses_20260701-192455-NEELA9BAF::1,1782933930925,scr_smart_1782933930925_monitor_1_post.jpg,scr_smart_1782933930925_monitor_1_post.jpg
ses_20260701-192455-NEELA9BAF,1,ses_20260701-192455-NEELA9BAF::1,1782933931923,scr_smart_1782933931923_monitor_1_post.jpg,scr_smart_1782933931923_monitor_1_post.jpg
ses_20260701-192455-NEELA9BAF,2,ses_20260701-192455-NEELA9BAF::2,1782933935820,scr_smart_1782933935820_monitor_1_post.jpg,scr_smart_1782933935820_monitor_1_post.jpg
ses_20260701-192455-NEELA9BAF,2,ses_20260701-192455-NEELA9BAF::2,1782933939930,scr_smart_1782933939930_monitor_1_post.jpg,scr_smart_1782933939930_monitor_1_post.jpg
ses_20260701-192455-NEELA9BAF,2,ses_20260701-192455-NEELA9BAF::2,1782933941151,scr_smart_1782933941151_monitor_1_post.jpg,scr_smart_1782933941151_monitor_1_post.jpg
ses_20260701-192455-NEELA9BAF,2,ses_20260701-192455-NEELA9BAF::2,1782933942247,scr_smart_1782933942247_monitor_1_post.jpg,scr_smart_1782933942247_monitor_1_post.jpg
ses_20260701-192455-NEELA9BAF,3,ses_20260701-192455-NEELA9BAF::3,1782933988321,scr_smart_1782933988321_monitor_1_post.jpg,scr_smart_1782933988321_monitor_1_post.jpg
ses_20260701-192455-NEELA9BAF,3,ses_20260701-192455-NEELA9BAF::3,1782933997784,scr_smart_1782933997784_monitor_1_post.jpg,scr_smart_1782933997784_monitor_1_post.jpg
ses_20260701-192455-NEELA9BAF,3,ses_20260701-192455-NEELA9BAF::3,1782933998910,scr_smart_1782933998910_monitor_1_post.jpg,scr_smart_1782933998910_monitor_1_post.jpg
ses_20260701-192455-NEELA9BAF,3,ses_20260701-192455-NEELA9BAF::3,1782933999835,scr_smart_1782933999835_monitor_1_post.jpg,scr_smart_1782933999835_monitor_1_post.jpg
ses_20260701-192455-NEELA9BAF,3,ses_20260701-192455-NEELA9BAF::3,1782934006165,scr_smart_1782934006165_monitor_1_post.jpg,scr_smart_1782934006165_monitor_1_post.jpg
ses_20260701-192455-NEELA9BAF,3,ses_20260701-192455-NEELA9BAF::3,1782934007470,scr_smart_1782934007470_monitor_1_post.jpg,scr_smart_1782934007470_monitor_1_post.jpg
ses_20260701-192455-NEELA9BAF,3,ses_20260701-192455-NEELA9BAF::3,1782934008463,scr_smart_1782934008463_monitor_1_post.jpg,scr_smart_1782934008463_monitor_1_post.jpg
ses_20260701-192455-NEELA9BAF,3,ses_20260701-192455-NEELA9BAF::3,1782934014903,scr_smart_1782934014903_monitor_1_post.jpg,scr_smart_1782934014903_monitor_1_post.jpg
ses_20260701-192455-NEELA9BAF,3,ses_20260701-192455-NEELA9BAF::3,1782934016004,scr_smart_1782934016004_monitor_1_post.jpg,scr_smart_1782934016004_monitor_1_post.jpg
ses_20260701-192455-NEELA9BAF,3,ses_20260701-192455-NEELA9BAF::3,1782934016989,scr_smart_1782934016989_monitor_1_post.jpg,scr_smart_1782934016989_monitor_1_post.jpg
ses_20260701-192455-NEELA9BAF,4,ses_20260701-192455-NEELA9BAF::4,1782934026433,scr_smart_1782934026433_monitor_1_post.jpg,scr_smart_1782934026433_monitor_1_post.jpg
ses_20260701-192455-NEELA9BAF,4,ses_20260701-192455-NEELA9BAF::4,1782934027747,scr_smart_1782934027747_monitor_1_post.jpg,scr_smart_1782934027747_monitor_1_post.jpg
ses_20260701-192455-NEELA9BAF,4,ses_20260701-192455-NEELA9BAF::4,1782934028666,scr_smart_1782934028666_monitor_1_post.jpg,scr_smart_1782934028666_monitor_1_post.jpg
ses_20260701-192455-NEELA9BAF,5,ses_20260701-192455-NEELA9BAF::5,1782934403707,scr_smart_1782934403707_monitor_1_post.jpg,scr_smart_1782934403707_monitor_1_post.jpg
ses_20260701-192455-NEELA9BAF,5,ses_20260701-192455-NEELA9BAF::5,1782934404908,scr_smart_1782934404908_monitor_1_post.jpg,scr_smart_1782934404908_monitor_1_post.jpg
ses_20260701-192455-NEELA9BAF,5,ses_20260701-192455-NEELA9BAF::5,1782934406012,scr_smart_1782934406012_monitor_1_post.jpg,scr_smart_1782934406012_monitor_1_post.jpg
ses_20260701-192455-NEELA9BAF,5,ses_20260701-192455-NEELA9BAF::5,1782934413131,scr_smart_1782934413131_monitor_1_post.jpg,scr_smart_1782934413131_monitor_1_post.jpg
ses_20260701-192455-NEELA9BAF,5,ses_20260701-192455-NEELA9BAF::5,1782934414237,scr_smart_1782934414237_monitor_1_post.jpg,scr_smart_1782934414237_monitor_1_post.jpg
ses_20260701-192455-NEELA9BAF,5,ses_20260701-192455-NEELA9BAF::5,1782934415235,scr_smart_1782934415235_monitor_1_post.jpg,scr_smart_1782934415235_monitor_1_post.jpg
ses_20260701-192455-NEELA9BAF,5,ses_20260701-192455-NEELA9BAF::5,1782934421543,scr_smart_1782934421543_monitor_1_post.jpg,scr_smart_1782934421543_monitor_1_post.jpg
ses_20260701-192455-NEELA9BAF,5,ses_20260701-192455-NEELA9BAF::5,1782934422570,scr_smart_1782934422570_monitor_1_post.jpg,scr_smart_1782934422570_monitor_1_post.jpg
ses_20260701-192455-NEELA9BAF,5,ses_20260701-192455-NEELA9BAF::5,1782934423561,scr_smart_1782934423561_monitor_1_post.jpg,scr_smart_1782934423561_monitor_1_post.jpg
ses_20260701-192455-NEELA9BAF,6,ses_20260701-192455-NEELA9BAF::6,1782934430280,scr_smart_1782934430280_monitor_1_post.jpg,scr_smart_1782934430280_monitor_1_post.jpg
ses_20260701-192455-NEELA9BAF,6,ses_20260701-192455-NEELA9BAF::6,1782934431395,scr_smart_1782934431395_monitor_1_post.jpg,scr_smart_1782934431395_monitor_1_post.jpg
ses_20260701-192455-NEELA9BAF,6,ses_20260701-192455-NEELA9BAF::6,1782934432294,scr_smart_1782934432294_monitor_1_post.jpg,scr_smart_1782934432294_monitor_1_post.jpg
